datetime,open,high,low,close,volume
2006-04-24 21:00:00+00:00,5.75,5.812,5.721,5.807,1009.0
2006-04-25 21:00:00+00:00,5.798,5.814,5.75,5.77,1136.0
2006-04-26 21:00:00+00:00,5.765,5.786,5.703,5.786,1304.0
2006-04-27 21:00:00+00:00,5.774,6.003,5.767,5.886,1919.0
2006-04-30 21:00:00+00:00,5.921,6.003,5.91,5.944,1472.0
2006-05-01 21:00:00+00:00,5.935,6.005,5.887,5.912,1734.0
2006-05-02 21:00:00+00:00,5.936,5.962,5.896,5.933,1184.0
2006-05-03 21:00:00+00:00,5.909,5.973,5.906,5.925,1147.0
2006-05-04 21:00:00+00:00,5.935,6.029,5.93,5.951,1288.0
2006-05-07 21:00:00+00:00,5.94,6.004,5.857,5.889,1201.0
2006-05-08 21:00:00+00:00,5.892,6.006,5.892,5.938,1282.0
2006-05-09 21:00:00+00:00,5.96,6.012,5.94,5.959,1288.0
2006-05-10 21:00:00+00:00,5.949,6.064,5.915,6.02,1473.0
2006-05-11 21:00:00+00:00,6.017,6.095,5.977,6.036,1635.0
2006-05-14 21:00:00+00:00,6.049,6.069,5.913,5.947,1173.0
2006-05-15 21:00:00+00:00,5.94,5.954,5.855,5.929,1148.0
2006-05-16 21:00:00+00:00,5.937,6.01,5.906,5.941,1391.0
2006-05-17 21:00:00+00:00,5.946,5.949,5.854,5.883,1087.0
2006-05-18 21:00:00+00:00,5.886,5.891,5.767,5.777,1123.0
2006-05-21 21:00:00+00:00,5.82,5.824,5.726,5.742,1325.0
2006-05-22 21:00:00+00:00,5.752,5.803,5.74,5.783,1096.0
2006-05-23 21:00:00+00:00,5.771,5.808,5.72,5.75,1120.0
2006-05-24 21:00:00+00:00,5.74,5.766,5.723,5.761,879.0
2006-05-25 21:00:00+00:00,5.764,5.802,5.743,5.753,938.0
2006-05-29 21:00:00+00:00,5.748,5.804,5.716,5.767,1119.0
2006-05-30 21:00:00+00:00,5.76,5.777,5.706,5.721,978.0
2006-05-31 21:00:00+00:00,5.734,5.81,5.681,5.792,1312.0
2006-06-01 21:00:00+00:00,5.795,6.031,5.763,6.021,1688.0
2006-06-04 21:00:00+00:00,5.978,6.046,5.942,5.972,1123.0
2006-06-05 21:00:00+00:00,5.967,5.988,5.869,5.872,1337.0
2006-06-06 21:00:00+00:00,5.875,5.95,5.841,5.906,1245.0
2006-06-07 21:00:00+00:00,5.901,5.911,5.803,5.823,982.0
2006-06-08 21:00:00+00:00,5.814,5.869,5.78,5.805,1173.0
2006-06-11 21:00:00+00:00,5.915,5.998,5.888,5.953,1682.0
2006-06-12 21:00:00+00:00,5.951,5.98,5.885,5.91,1322.0
2006-06-13 21:00:00+00:00,5.926,5.957,5.843,5.853,1226.0
2006-06-14 21:00:00+00:00,5.855,5.933,5.855,5.886,663.0
2006-06-15 21:00:00+00:00,5.899,5.96,5.887,5.96,515.0
2006-06-18 21:00:00+00:00,5.911,5.914,5.786,5.806,705.0
2006-06-19 21:00:00+00:00,5.811,5.829,5.782,5.817,405.0
2006-06-20 21:00:00+00:00,5.81,5.854,5.803,5.824,380.0
2006-06-21 21:00:00+00:00,5.842,5.86,5.771,5.796,328.0
2006-06-22 21:00:00+00:00,5.794,5.807,5.768,5.773,369.0
2006-06-25 21:00:00+00:00,5.781,5.781,5.638,5.67,536.0
2006-06-26 21:00:00+00:00,5.663,5.779,5.663,5.754,457.0
2006-06-27 21:00:00+00:00,5.752,5.805,5.718,5.756,556.0
2006-06-28 21:00:00+00:00,5.748,5.827,5.746,5.797,481.0
2006-06-29 21:00:00+00:00,5.82,5.996,5.82,5.927,485.0
2006-07-02 21:00:00+00:00,6.02,6.04,5.949,6.016,526.0
2006-07-04 21:00:00+00:00,6.063,6.083,5.906,5.945,508.0
2006-07-05 21:00:00+00:00,5.936,6.103,5.933,6.066,649.0
2006-07-06 21:00:00+00:00,6.071,6.083,5.941,5.998,552.0
2006-07-09 21:00:00+00:00,6.066,6.106,5.968,6.023,645.0
2006-07-10 21:00:00+00:00,6.051,6.133,6.015,6.044,756.0
2006-07-11 21:00:00+00:00,6.035,6.085,5.954,6.016,594.0
2006-07-12 21:00:00+00:00,5.997,6.013,5.938,5.944,421.0
2006-07-13 21:00:00+00:00,5.924,6.024,5.904,5.97,466.0
2006-07-16 21:00:00+00:00,5.941,5.965,5.851,5.861,413.0
2006-07-17 21:00:00+00:00,5.864,5.886,5.817,5.843,377.0
2006-07-18 21:00:00+00:00,5.848,5.858,5.759,5.817,401.0
2006-07-19 21:00:00+00:00,5.81,5.853,5.781,5.801,336.0
2006-07-20 21:00:00+00:00,5.804,5.811,5.718,5.733,365.0
2006-07-23 21:00:00+00:00,5.746,5.817,5.717,5.8,366.0
2006-07-24 21:00:00+00:00,5.813,5.896,5.801,5.824,371.0
2006-07-25 21:00:00+00:00,5.837,5.854,5.775,5.786,333.0
2006-07-26 21:00:00+00:00,5.784,5.812,5.683,5.723,323.0
2006-07-27 21:00:00+00:00,5.718,5.759,5.718,5.739,319.0
2006-07-30 21:00:00+00:00,5.765,5.781,5.667,5.721,426.0
2006-07-31 21:00:00+00:00,5.719,5.734,5.663,5.663,423.0
2006-08-01 21:00:00+00:00,5.678,5.81,5.678,5.746,465.0
2006-08-02 21:00:00+00:00,5.737,5.737,5.68,5.695,298.0
2006-08-03 21:00:00+00:00,5.706,5.758,5.678,5.703,277.0
2006-08-06 21:00:00+00:00,5.663,5.663,5.559,5.569,343.0
2006-08-07 21:00:00+00:00,5.565,5.584,5.498,5.52,316.0
2006-08-08 21:00:00+00:00,5.524,5.575,5.524,5.563,195.0
2006-08-09 21:00:00+00:00,5.566,5.577,5.509,5.509,271.0
2006-08-10 21:00:00+00:00,5.512,5.541,5.428,5.457,417.0
2006-08-13 21:00:00+00:00,5.414,5.48,5.409,5.476,321.0
2006-08-14 21:00:00+00:00,5.479,5.498,5.456,5.486,202.0
2006-08-15 21:00:00+00:00,5.469,5.523,5.434,5.434,246.0
2006-08-16 21:00:00+00:00,5.513,5.533,5.475,5.511,1161.0
2006-08-17 21:00:00+00:00,5.504,5.521,5.461,5.464,1064.0
2006-08-20 21:00:00+00:00,5.462,5.495,5.455,5.478,894.0
2006-08-21 21:00:00+00:00,5.481,5.504,5.472,5.502,799.0
2006-08-22 21:00:00+00:00,5.5,5.562,5.493,5.54,1158.0
2006-08-23 21:00:00+00:00,5.533,5.568,5.49,5.519,1160.0
2006-08-24 21:00:00+00:00,5.515,5.526,5.433,5.445,1315.0
2006-08-27 21:00:00+00:00,5.431,5.451,5.393,5.403,1158.0
2006-08-28 21:00:00+00:00,5.399,5.434,5.39,5.397,964.0
2006-08-29 21:00:00+00:00,5.393,5.453,5.379,5.44,1433.0
2006-08-30 21:00:00+00:00,5.436,5.466,5.398,5.442,1288.0
2006-08-31 21:00:00+00:00,5.447,5.458,5.402,5.404,796.0
2006-09-04 21:00:00+00:00,5.399,5.533,5.355,5.44,2147.0
2006-09-05 21:00:00+00:00,5.435,5.48,5.358,5.363,1339.0
2006-09-06 21:00:00+00:00,5.361,5.428,5.332,5.403,1644.0
2006-09-07 21:00:00+00:00,5.396,5.456,5.375,5.383,1364.0
2006-09-10 21:00:00+00:00,5.393,5.398,5.326,5.35,1240.0
2006-09-11 21:00:00+00:00,5.343,5.401,5.283,5.29,1556.0
2006-09-12 21:00:00+00:00,5.293,5.353,5.276,5.312,1271.0
2006-09-13 21:00:00+00:00,5.314,5.384,5.314,5.362,1303.0
2006-09-14 21:00:00+00:00,5.355,5.489,5.339,5.413,2001.0
2006-09-17 21:00:00+00:00,5.468,5.494,5.425,5.444,1555.0
2006-09-18 21:00:00+00:00,5.44,5.465,5.352,5.357,1569.0
2006-09-19 21:00:00+00:00,5.355,5.435,5.343,5.41,1640.0
2006-09-20 21:00:00+00:00,5.416,5.535,5.408,5.496,1767.0
2006-09-21 21:00:00+00:00,5.489,5.502,5.406,5.416,1593.0
2006-09-24 21:00:00+00:00,5.414,5.417,5.322,5.376,1694.0
2006-09-25 21:00:00+00:00,5.371,5.432,5.369,5.392,1561.0
2006-09-26 21:00:00+00:00,5.39,5.416,5.349,5.357,1365.0
2006-09-27 21:00:00+00:00,5.36,5.469,5.351,5.455,2286.0
2006-09-28 21:00:00+00:00,5.45,5.48,5.387,5.412,2138.0
2006-10-01 21:00:00+00:00,5.407,5.483,5.384,5.389,1886.0
2006-10-02 21:00:00+00:00,5.387,5.387,5.343,5.368,1095.0
2006-10-03 21:00:00+00:00,5.364,5.565,5.35,5.498,2768.0
2006-10-04 21:00:00+00:00,5.494,5.611,5.479,5.601,3473.0
2006-10-05 21:00:00+00:00,5.587,5.642,5.565,5.588,2048.0
2006-10-08 21:00:00+00:00,5.574,5.704,5.549,5.694,2507.0
2006-10-09 21:00:00+00:00,5.687,5.69,5.547,5.547,2385.0
2006-10-10 21:00:00+00:00,5.545,5.64,5.535,5.573,1864.0
2006-10-11 21:00:00+00:00,5.561,5.847,5.54,5.738,3850.0
2006-10-12 21:00:00+00:00,5.736,5.896,5.731,5.866,2948.0
2006-10-15 21:00:00+00:00,5.843,5.886,5.808,5.851,2139.0
2006-10-16 21:00:00+00:00,5.849,5.989,5.829,5.965,2753.0
2006-10-17 21:00:00+00:00,5.962,6.013,5.904,6.006,2612.0
2006-10-18 21:00:00+00:00,6.001,6.096,5.994,6.04,2764.0
2006-10-19 21:00:00+00:00,6.038,6.096,6.004,6.027,2091.0
2006-10-22 21:00:00+00:00,6.067,6.196,6.034,6.181,1902.0
2006-10-23 21:00:00+00:00,6.174,6.269,6.153,6.249,2211.0
2006-10-24 21:00:00+00:00,6.252,6.43,6.221,6.246,3774.0
2006-10-25 21:00:00+00:00,6.234,6.348,6.146,6.304,3353.0
2006-10-26 21:00:00+00:00,6.282,6.418,6.282,6.374,2781.0
2006-10-29 22:00:00+00:00,6.36,6.456,6.35,6.428,3216.0
2006-10-30 22:00:00+00:00,6.418,6.438,6.326,6.331,2524.0
2006-10-31 22:00:00+00:00,6.327,6.485,6.308,6.468,3423.0
2006-11-01 22:00:00+00:00,6.473,6.712,6.47,6.499,4917.0
2006-11-02 22:00:00+00:00,6.501,6.591,6.447,6.525,3529.0
2006-11-05 22:00:00+00:00,6.499,6.571,6.457,6.527,2563.0
2006-11-06 22:00:00+00:00,6.525,6.61,6.481,6.573,2653.0
2006-11-07 22:00:00+00:00,6.575,6.729,6.573,6.68,3717.0
2006-11-08 22:00:00+00:00,6.668,6.718,6.586,6.595,3964.0
2006-11-09 22:00:00+00:00,6.591,6.626,6.503,6.535,2629.0
2006-11-12 22:00:00+00:00,6.517,6.62,6.464,6.481,2603.0
2006-11-13 22:00:00+00:00,6.479,6.65,6.474,6.623,3140.0
2006-11-14 22:00:00+00:00,6.621,6.686,6.531,6.548,3564.0
2006-11-15 22:00:00+00:00,6.541,6.621,6.424,6.485,3381.0
2006-11-16 22:00:00+00:00,6.488,6.524,6.437,6.522,2861.0
2006-11-19 22:00:00+00:00,6.547,6.686,6.541,6.598,3735.0
2006-11-20 22:00:00+00:00,6.596,6.664,6.584,6.654,2026.0
2006-11-21 22:00:00+00:00,6.666,6.719,6.603,6.658,1940.0
2006-11-23 22:00:00+00:00,6.65,6.794,6.625,6.765,1849.0
2006-11-26 22:00:00+00:00,6.768,6.882,6.763,6.812,3576.0
2006-11-27 22:00:00+00:00,6.809,6.824,6.746,6.793,2360.0
2006-11-28 22:00:00+00:00,6.791,6.838,6.691,6.76,2655.0
2006-11-29 22:00:00+00:00,6.768,6.821,6.71,6.794,3196.0
2006-11-30 22:00:00+00:00,6.792,6.807,6.689,6.692,2984.0
2006-12-03 22:00:00+00:00,6.668,6.688,6.525,6.53,2943.0
2006-12-04 22:00:00+00:00,6.513,6.596,6.494,6.577,2374.0
2006-12-05 22:00:00+00:00,6.579,6.589,6.471,6.489,2749.0
2006-12-06 22:00:00+00:00,6.487,6.575,6.47,6.57,2016.0
2006-12-07 22:00:00+00:00,6.575,6.601,6.499,6.512,2175.0
2006-12-10 22:00:00+00:00,6.51,6.64,6.474,6.621,2874.0
2006-12-11 22:00:00+00:00,6.623,6.651,6.565,6.58,1716.0
2006-12-12 22:00:00+00:00,6.573,6.591,6.485,6.562,2234.0
2006-12-13 22:00:00+00:00,6.565,6.64,6.545,6.578,1501.0
2006-12-14 22:00:00+00:00,6.623,6.627,6.541,6.58,1461.0
2006-12-17 22:00:00+00:00,6.583,6.591,6.435,6.489,2053.0
2006-12-18 22:00:00+00:00,6.487,6.557,6.48,6.54,1281.0
2006-12-19 22:00:00+00:00,6.547,6.573,6.475,6.514,1490.0
2006-12-20 22:00:00+00:00,6.507,6.57,6.505,6.521,1469.0
2006-12-21 22:00:00+00:00,6.516,6.616,6.516,6.608,1433.0
2006-12-25 22:00:00+00:00,6.651,6.774,6.646,6.73,2281.0
2006-12-26 22:00:00+00:00,6.728,6.768,6.695,6.722,1586.0
2006-12-27 22:00:00+00:00,6.72,6.819,6.705,6.782,2041.0
2006-12-28 22:00:00+00:00,6.78,6.86,6.742,6.833,1564.0
2007-01-01 22:00:00+00:00,6.836,6.849,6.814,6.849,184.0
2007-01-02 22:00:00+00:00,6.828,6.845,6.697,6.702,2419.0
2007-01-03 22:00:00+00:00,6.695,6.762,6.612,6.649,3337.0
2007-01-04 22:00:00+00:00,6.642,6.707,6.594,6.698,2875.0
2007-01-07 22:00:00+00:00,6.718,6.731,6.638,6.661,2311.0
2007-01-08 22:00:00+00:00,6.636,6.644,6.514,6.542,2699.0
2007-01-09 22:00:00+00:00,6.535,6.597,6.469,6.546,3068.0
2007-01-10 22:00:00+00:00,6.556,6.678,6.549,6.634,3121.0
2007-01-11 22:00:00+00:00,6.639,7.13,6.608,7.054,6085.0
2007-01-15 22:00:00+00:00,7.06,7.109,6.957,6.992,4761.0
2007-01-16 22:00:00+00:00,6.987,7.171,6.977,7.129,4459.0
2007-01-17 22:00:00+00:00,7.132,7.221,7.04,7.064,4249.0
2007-01-18 22:00:00+00:00,7.08,7.143,7.03,7.093,2955.0
2007-01-21 22:00:00+00:00,7.021,7.148,7.019,7.081,3007.0
2007-01-22 22:00:00+00:00,7.087,7.192,7.077,7.182,2638.0
2007-01-23 22:00:00+00:00,7.187,7.199,7.04,7.067,2777.0
2007-01-24 22:00:00+00:00,7.07,7.135,6.99,7.054,2946.0
2007-01-25 22:00:00+00:00,7.057,7.072,7.004,7.026,2020.0
2007-01-28 22:00:00+00:00,7.053,7.077,6.97,7.017,2765.0
2007-01-29 22:00:00+00:00,7.025,7.145,6.991,7.137,2918.0
2007-01-30 22:00:00+00:00,7.13,7.218,7.099,7.124,2582.0
2007-01-31 22:00:00+00:00,7.122,7.222,7.102,7.148,2960.0
2007-02-01 22:00:00+00:00,7.146,7.308,7.115,7.299,3696.0
2007-02-04 22:00:00+00:00,7.308,7.407,7.279,7.329,3132.0
2007-02-05 22:00:00+00:00,7.324,7.402,7.304,7.326,3085.0
2007-02-06 22:00:00+00:00,7.324,7.419,7.306,7.355,3267.0
2007-02-07 22:00:00+00:00,7.353,7.406,7.311,7.384,2665.0
2007-02-08 22:00:00+00:00,7.394,7.51,7.279,7.433,4996.0
2007-02-11 22:00:00+00:00,7.427,7.464,7.356,7.406,2207.0
2007-02-12 22:00:00+00:00,7.391,7.507,7.379,7.497,2197.0
2007-02-13 22:00:00+00:00,7.503,7.524,7.434,7.462,2852.0
2007-02-14 22:00:00+00:00,7.472,7.546,7.462,7.543,3011.0
2007-02-15 22:00:00+00:00,7.539,7.637,7.495,7.622,3192.0
2007-02-19 22:00:00+00:00,7.67,7.73,7.632,7.725,1989.0
2007-02-20 22:00:00+00:00,7.723,7.896,7.661,7.825,3640.0
2007-02-21 22:00:00+00:00,7.816,7.927,7.813,7.854,3603.0
2007-02-22 22:00:00+00:00,7.852,7.885,7.772,7.795,3021.0
2007-02-25 22:00:00+00:00,7.813,7.918,7.786,7.807,3264.0
2007-02-26 22:00:00+00:00,7.786,7.818,7.588,7.657,4764.0
2007-02-27 22:00:00+00:00,7.655,7.752,7.591,7.732,3515.0
2007-02-28 22:00:00+00:00,7.752,7.755,7.42,7.498,5607.0
2007-03-01 22:00:00+00:00,7.491,7.513,7.375,7.409,3888.0
2007-03-04 22:00:00+00:00,7.381,7.401,7.271,7.385,4171.0
2007-03-05 22:00:00+00:00,7.378,7.437,7.332,7.354,2883.0
2007-03-06 22:00:00+00:00,7.352,7.511,7.335,7.462,3726.0
2007-03-07 22:00:00+00:00,7.46,7.537,7.433,7.478,3208.0
2007-03-08 22:00:00+00:00,7.496,7.506,7.384,7.485,3228.0
2007-03-11 21:00:00+00:00,7.494,7.579,7.458,7.544,3324.0
2007-03-12 21:00:00+00:00,7.54,7.598,7.443,7.453,3652.0
2007-03-13 21:00:00+00:00,7.451,7.46,7.353,7.425,3183.0
2007-03-14 21:00:00+00:00,7.437,7.485,7.385,7.404,2337.0
2007-03-15 21:00:00+00:00,7.38,7.482,7.346,7.428,4242.0
2007-03-18 21:00:00+00:00,7.482,7.505,7.399,7.505,2812.0
2007-03-19 21:00:00+00:00,7.498,7.559,7.469,7.556,2775.0
2007-03-20 21:00:00+00:00,7.569,7.624,7.548,7.575,2471.0
2007-03-21 21:00:00+00:00,7.566,7.626,7.542,7.624,2172.0
2007-03-22 21:00:00+00:00,7.617,7.657,7.598,7.608,2193.0
2007-03-25 21:00:00+00:00,7.587,7.602,7.436,7.502,2862.0
2007-03-26 21:00:00+00:00,7.495,7.534,7.463,7.482,1971.0
2007-03-27 21:00:00+00:00,7.487,7.639,7.482,7.632,2956.0
2007-03-28 21:00:00+00:00,7.622,7.708,7.589,7.698,3384.0
2007-03-29 21:00:00+00:00,7.679,7.709,7.343,7.549,7505.0
2007-04-01 21:00:00+00:00,7.491,7.794,7.439,7.718,6688.0
2007-04-02 21:00:00+00:00,7.711,7.753,7.536,7.568,3371.0
2007-04-03 21:00:00+00:00,7.571,7.657,7.53,7.555,3723.0
2007-04-04 21:00:00+00:00,7.548,7.587,7.512,7.542,2193.0
2007-04-08 21:00:00+00:00,7.592,7.687,7.425,7.435,4009.0
2007-04-09 21:00:00+00:00,7.433,7.47,7.345,7.375,3714.0
2007-04-10 21:00:00+00:00,7.385,7.443,7.359,7.409,2784.0
2007-04-11 21:00:00+00:00,7.407,7.412,7.266,7.321,3871.0
2007-04-12 21:00:00+00:00,7.326,7.407,7.275,7.328,2948.0
2007-04-15 21:00:00+00:00,7.38,7.487,7.368,7.433,2064.0
2007-04-16 21:00:00+00:00,7.423,7.438,7.291,7.298,3624.0
2007-04-17 21:00:00+00:00,7.296,7.306,7.203,7.223,2808.0
2007-04-18 21:00:00+00:00,7.211,7.308,7.211,7.244,2664.0
2007-04-19 21:00:00+00:00,7.242,7.314,7.211,7.304,2575.0
2007-04-22 21:00:00+00:00,7.3,7.323,7.229,7.283,2274.0
2007-04-23 21:00:00+00:00,7.276,7.289,7.159,7.169,2688.0
2007-04-24 21:00:00+00:00,7.164,7.402,7.152,7.286,4469.0
2007-04-25 21:00:00+00:00,7.284,7.338,7.237,7.255,2638.0
2007-04-26 21:00:00+00:00,7.253,7.328,7.243,7.286,2070.0
2007-04-29 21:00:00+00:00,7.261,7.418,7.236,7.341,2952.0
2007-04-30 21:00:00+00:00,7.346,7.495,7.298,7.481,3739.0
2007-05-01 21:00:00+00:00,7.471,7.516,7.383,7.398,2505.0
2007-05-02 21:00:00+00:00,7.388,7.498,7.359,7.387,3089.0
2007-05-03 21:00:00+00:00,7.394,7.452,7.358,7.39,2645.0
2007-05-06 21:00:00+00:00,7.433,7.452,7.305,7.345,2888.0
2007-05-07 21:00:00+00:00,7.35,7.39,7.261,7.316,2710.0
2007-05-08 21:00:00+00:00,7.319,7.416,7.311,7.406,2184.0
2007-05-09 21:00:00+00:00,7.412,7.427,7.368,7.38,1856.0
2007-05-10 21:00:00+00:00,7.386,7.609,7.376,7.54,4333.0
2007-05-13 21:00:00+00:00,7.535,7.685,7.523,7.633,3313.0
2007-05-14 21:00:00+00:00,7.631,7.745,7.582,7.708,3216.0
2007-05-15 21:00:00+00:00,7.701,7.89,7.699,7.853,5008.0
2007-05-16 21:00:00+00:00,7.851,7.894,7.792,7.857,3242.0
2007-05-17 21:00:00+00:00,7.86,7.898,7.831,7.853,2235.0
2007-05-20 21:00:00+00:00,7.831,7.961,7.807,7.934,2994.0
2007-05-21 21:00:00+00:00,7.912,7.952,7.844,7.868,3153.0
2007-05-22 21:00:00+00:00,7.831,7.964,7.814,7.944,2719.0
2007-05-23 21:00:00+00:00,7.952,8.029,7.938,7.99,3083.0
2007-05-24 21:00:00+00:00,7.975,8.078,7.97,8.063,2633.0
2007-05-28 21:00:00+00:00,8.03,8.077,7.91,7.912,2877.0
2007-05-29 21:00:00+00:00,7.915,8.05,7.86,8.015,3573.0
2007-05-30 21:00:00+00:00,8.018,8.103,7.935,8.021,4589.0
2007-05-31 21:00:00+00:00,8.019,8.139,7.995,8.127,4407.0
2007-06-03 21:00:00+00:00,8.1,8.183,8.084,8.111,3423.0
2007-06-04 21:00:00+00:00,8.114,8.249,8.114,8.232,4257.0
2007-06-05 21:00:00+00:00,8.235,8.295,8.111,8.171,4047.0
2007-06-06 21:00:00+00:00,8.176,8.282,8.14,8.279,3095.0
2007-06-07 21:00:00+00:00,8.277,8.309,8.022,8.166,5337.0
2007-06-10 21:00:00+00:00,8.336,8.443,8.18,8.267,4911.0
2007-06-11 21:00:00+00:00,8.265,8.283,8.186,8.224,3473.0
2007-06-12 21:00:00+00:00,8.222,8.247,8.11,8.215,3780.0
2007-06-13 21:00:00+00:00,8.208,8.338,8.193,8.246,2932.0
2007-06-14 21:00:00+00:00,8.249,8.442,8.232,8.442,2964.0
2007-06-17 21:00:00+00:00,8.537,8.594,8.421,8.523,2811.0
2007-06-18 21:00:00+00:00,8.516,8.531,8.236,8.263,3723.0
2007-06-19 21:00:00+00:00,8.253,8.488,8.253,8.384,3174.0
2007-06-20 21:00:00+00:00,8.392,8.447,8.104,8.144,3047.0
2007-06-21 21:00:00+00:00,8.147,8.189,7.891,7.941,3197.0
2007-06-24 21:00:00+00:00,7.976,8.032,7.914,8.022,1648.0
2007-06-25 21:00:00+00:00,8.01,8.095,7.965,8.058,1235.0
2007-06-26 21:00:00+00:00,8.056,8.089,7.927,8.025,1427.0
2007-06-27 21:00:00+00:00,8.015,8.096,7.988,8.083,850.0
2007-06-28 21:00:00+00:00,8.081,8.765,8.059,8.486,2054.0
2007-07-01 21:00:00+00:00,8.505,8.702,8.486,8.64,958.0
2007-07-02 21:00:00+00:00,8.636,8.655,8.471,8.478,732.0
2007-07-04 21:00:00+00:00,8.53,8.61,8.489,8.526,672.0
2007-07-05 21:00:00+00:00,8.532,8.652,8.522,8.608,686.0
2007-07-08 21:00:00+00:00,8.641,8.727,8.547,8.692,1073.0
2007-07-09 21:00:00+00:00,8.683,8.893,8.626,8.878,1140.0
2007-07-10 21:00:00+00:00,8.866,8.926,8.848,8.902,921.0
2007-07-11 21:00:00+00:00,8.9,9.092,8.9,9.082,1146.0
2007-07-12 21:00:00+00:00,9.07,9.171,8.987,9.171,848.0
2007-07-15 21:00:00+00:00,9.026,9.026,8.667,8.667,924.0
2007-07-16 21:00:00+00:00,8.581,8.691,8.239,8.299,2006.0
2007-07-17 21:00:00+00:00,8.304,8.479,8.304,8.452,1022.0
2007-07-18 21:00:00+00:00,8.48,8.578,8.326,8.511,1225.0
2007-07-19 21:00:00+00:00,8.536,8.632,8.391,8.455,931.0
2007-07-22 21:00:00+00:00,8.399,8.399,8.057,8.129,1244.0
2007-07-23 21:00:00+00:00,8.145,8.245,8.101,8.166,832.0
2007-07-24 21:00:00+00:00,8.176,8.217,8.108,8.113,688.0
2007-07-25 21:00:00+00:00,8.118,8.269,8.057,8.189,774.0
2007-07-26 21:00:00+00:00,8.18,8.211,8.086,8.121,759.0
2007-07-29 21:00:00+00:00,8.155,8.225,8.131,8.211,635.0
2007-07-30 21:00:00+00:00,8.235,8.368,8.22,8.316,531.0
2007-07-31 21:00:00+00:00,8.338,8.411,8.214,8.236,612.0
2007-08-01 21:00:00+00:00,8.229,8.354,8.229,8.295,552.0
2007-08-02 21:00:00+00:00,8.293,8.413,8.293,8.359,473.0
2007-08-05 21:00:00+00:00,8.3,8.3,8.16,8.259,656.0
2007-08-06 21:00:00+00:00,8.245,8.4,8.211,8.385,535.0
2007-08-07 21:00:00+00:00,8.39,8.548,8.383,8.531,494.0
2007-08-08 21:00:00+00:00,8.509,8.563,8.468,8.538,450.0
2007-08-09 21:00:00+00:00,8.523,8.594,8.356,8.49,641.0
2007-08-12 21:00:00+00:00,8.555,8.653,8.555,8.591,500.0
2007-08-13 21:00:00+00:00,8.547,8.598,8.407,8.44,689.0
2007-08-14 21:00:00+00:00,8.423,8.485,8.295,8.337,801.0
2007-08-15 21:00:00+00:00,8.321,8.321,7.833,7.905,855.0
2007-08-16 21:00:00+00:00,7.963,8.131,7.951,8.128,5126.0
2007-08-19 21:00:00+00:00,8.046,8.126,8.024,8.114,3050.0
2007-08-20 21:00:00+00:00,8.119,8.233,8.119,8.145,3604.0
2007-08-21 21:00:00+00:00,8.151,8.338,8.151,8.312,3922.0
2007-08-22 21:00:00+00:00,8.309,8.517,8.305,8.426,4358.0
2007-08-23 21:00:00+00:00,8.417,8.502,8.379,8.499,3562.0
2007-08-26 21:00:00+00:00,8.43,8.581,8.374,8.576,4045.0
2007-08-27 21:00:00+00:00,8.547,8.624,8.49,8.566,3807.0
2007-08-28 21:00:00+00:00,8.549,8.624,8.5,8.593,4324.0
2007-08-29 21:00:00+00:00,8.591,8.784,8.559,8.695,5167.0
2007-08-30 21:00:00+00:00,8.693,8.807,8.665,8.673,3744.0
2007-09-03 21:00:00+00:00,8.711,9.008,8.711,8.924,6452.0
2007-09-04 21:00:00+00:00,8.922,9.022,8.854,8.882,6976.0
2007-09-05 21:00:00+00:00,8.878,8.888,8.741,8.795,4305.0
2007-09-06 21:00:00+00:00,8.789,8.943,8.733,8.923,4363.0
2007-09-09 21:00:00+00:00,8.908,9.055,8.908,9.055,3913.0
2007-09-10 21:00:00+00:00,9.028,9.082,9.003,9.069,2883.0
2007-09-11 21:00:00+00:00,9.067,9.461,9.057,9.244,10474.0
2007-09-12 21:00:00+00:00,9.247,9.347,9.199,9.288,5801.0
2007-09-13 21:00:00+00:00,9.281,9.452,9.249,9.416,6210.0
2007-09-16 21:00:00+00:00,9.502,9.619,9.472,9.55,5969.0
2007-09-17 21:00:00+00:00,9.529,9.65,9.478,9.563,4941.0
2007-09-18 21:00:00+00:00,9.565,9.645,9.406,9.587,5997.0
2007-09-19 21:00:00+00:00,9.568,9.843,9.553,9.767,6210.0
2007-09-20 21:00:00+00:00,9.777,9.807,9.663,9.665,4442.0
2007-09-23 21:00:00+00:00,9.66,9.754,9.598,9.68,4874.0
2007-09-24 21:00:00+00:00,9.678,9.716,9.59,9.617,3880.0
2007-09-25 21:00:00+00:00,9.62,9.815,9.596,9.798,5763.0
2007-09-26 21:00:00+00:00,9.796,10.067,9.796,9.983,7486.0
2007-09-27 21:00:00+00:00,9.974,10.011,9.75,9.81,6548.0
2007-09-30 21:00:00+00:00,9.815,9.891,9.755,9.821,3936.0
2007-10-01 21:00:00+00:00,9.814,9.842,9.323,9.351,8492.0
2007-10-02 21:00:00+00:00,9.354,9.484,9.221,9.437,7957.0
2007-10-03 21:00:00+00:00,9.435,9.496,9.372,9.462,4831.0
2007-10-04 21:00:00+00:00,9.457,9.492,9.288,9.305,5365.0
2007-10-07 21:00:00+00:00,9.29,9.312,9.15,9.175,4937.0
2007-10-08 21:00:00+00:00,9.173,9.45,9.143,9.425,5934.0
2007-10-09 21:00:00+00:00,9.428,9.623,9.428,9.606,5424.0
2007-10-10 21:00:00+00:00,9.616,9.767,9.556,9.735,4740.0
2007-10-11 21:00:00+00:00,9.71,9.858,9.66,9.7,7959.0
2007-10-14 21:00:00+00:00,9.705,9.855,9.658,9.808,4975.0
2007-10-15 21:00:00+00:00,9.799,9.874,9.679,9.711,4077.0
2007-10-16 21:00:00+00:00,9.707,9.818,9.614,9.686,4883.0
2007-10-17 21:00:00+00:00,9.679,9.907,9.669,9.86,4102.0
2007-10-18 21:00:00+00:00,9.855,9.881,9.698,9.775,4013.0
2007-10-21 21:00:00+00:00,9.738,9.794,9.56,9.717,4137.0
2007-10-22 21:00:00+00:00,9.715,9.831,9.713,9.772,3846.0
2007-10-23 21:00:00+00:00,9.762,9.822,9.694,9.704,3390.0
2007-10-24 21:00:00+00:00,9.75,9.958,9.74,9.946,4548.0
2007-10-25 21:00:00+00:00,9.931,10.06,9.917,9.938,3574.0
2007-10-28 21:00:00+00:00,9.978,10.134,9.958,10.105,5177.0
2007-10-29 21:00:00+00:00,10.108,10.108,9.901,9.911,4421.0
2007-10-30 21:00:00+00:00,9.909,10.156,9.872,10.1,5419.0
2007-10-31 21:00:00+00:00,10.088,10.185,9.637,9.898,6873.0
2007-11-01 21:00:00+00:00,9.894,10.082,9.869,9.986,4644.0
2007-11-04 22:00:00+00:00,9.974,10.084,9.917,10.04,3600.0
2007-11-05 22:00:00+00:00,10.036,10.308,10.028,10.286,5622.0
2007-11-06 22:00:00+00:00,10.272,10.374,10.143,10.234,5685.0
2007-11-07 22:00:00+00:00,10.232,10.318,10.185,10.247,4052.0
2007-11-08 22:00:00+00:00,10.242,10.412,10.177,10.402,6028.0
2007-11-11 22:00:00+00:00,10.375,10.392,10.194,10.315,4404.0
2007-11-12 22:00:00+00:00,10.309,10.47,10.291,10.419,4680.0
2007-11-13 22:00:00+00:00,10.41,10.648,10.402,10.643,5188.0
2007-11-14 22:00:00+00:00,10.641,10.681,10.556,10.643,4676.0
2007-11-15 22:00:00+00:00,10.639,10.732,10.615,10.631,4518.0
2007-11-18 22:00:00+00:00,10.649,10.758,10.557,10.567,4128.0
2007-11-19 22:00:00+00:00,10.557,10.744,10.395,10.732,5023.0
2007-11-20 22:00:00+00:00,10.738,10.757,10.645,10.715,3028.0
2007-11-22 22:00:00+00:00,10.708,10.9,10.693,10.873,3240.0
2007-11-25 22:00:00+00:00,10.879,11.013,10.796,10.905,6134.0
2007-11-26 22:00:00+00:00,10.866,10.891,10.705,10.794,4857.0
2007-11-27 22:00:00+00:00,10.792,10.859,10.687,10.854,5785.0
2007-11-28 22:00:00+00:00,10.852,10.952,10.822,10.861,5268.0
2007-11-29 22:00:00+00:00,10.857,10.862,10.643,10.715,5580.0
2007-12-02 22:00:00+00:00,10.726,10.802,10.581,10.686,4858.0
2007-12-03 22:00:00+00:00,10.694,10.842,10.68,10.817,4596.0
2007-12-04 22:00:00+00:00,10.8,10.951,10.792,10.896,5701.0
2007-12-05 22:00:00+00:00,10.872,10.936,10.789,10.896,3748.0
2007-12-06 22:00:00+00:00,10.902,11.122,10.897,11.105,5231.0
2007-12-09 22:00:00+00:00,11.083,11.184,11.058,11.169,4294.0
2007-12-10 22:00:00+00:00,11.143,11.281,11.13,11.256,4904.0
2007-12-11 22:00:00+00:00,11.22,11.445,11.158,11.418,5023.0
2007-12-12 22:00:00+00:00,11.423,11.529,11.358,11.381,6427.0
2007-12-13 22:00:00+00:00,11.376,11.562,11.363,11.488,5848.0
2007-12-16 22:00:00+00:00,11.499,11.66,11.416,11.501,5842.0
2007-12-17 22:00:00+00:00,11.496,11.544,11.391,11.439,4377.0
2007-12-18 22:00:00+00:00,11.449,11.535,11.417,11.521,3308.0
2007-12-19 22:00:00+00:00,11.527,11.615,11.479,11.544,3281.0
2007-12-20 22:00:00+00:00,11.61,11.789,11.593,11.782,3005.0
2007-12-23 22:00:00+00:00,11.754,11.856,11.712,11.815,1367.0
2007-12-25 22:00:00+00:00,11.913,12.283,11.913,12.211,5183.0
2007-12-26 22:00:00+00:00,12.217,12.267,12.107,12.152,3980.0
2007-12-27 22:00:00+00:00,12.15,12.309,11.658,11.663,4355.0
2007-12-30 22:00:00+00:00,11.944,12.026,11.812,12.003,5955.0
2008-01-01 22:00:00+00:00,12.057,12.466,12.052,12.335,8176.0
2008-01-02 22:00:00+00:00,12.328,12.532,12.3,12.518,7411.0
2008-01-03 22:00:00+00:00,12.528,12.62,12.354,12.466,6034.0
2008-01-06 22:00:00+00:00,12.446,12.489,12.316,12.354,5764.0
2008-01-07 22:00:00+00:00,12.347,12.647,12.344,12.521,7623.0
2008-01-08 22:00:00+00:00,12.524,12.626,12.462,12.482,5995.0
2008-01-09 22:00:00+00:00,12.48,12.56,12.377,12.472,5963.0
2008-01-10 22:00:00+00:00,12.46,12.956,12.457,12.845,9766.0
2008-01-13 22:00:00+00:00,12.879,13.272,12.812,12.834,12327.0
2008-01-14 22:00:00+00:00,12.793,13.005,12.676,12.876,9573.0
2008-01-15 22:00:00+00:00,12.83,12.877,12.388,12.631,9468.0
2008-01-16 22:00:00+00:00,12.659,12.987,12.497,12.572,2370.0
2008-01-17 22:00:00+00:00,12.592,12.643,12.316,12.504,9699.0
2008-01-21 22:00:00+00:00,12.284,12.439,12.027,12.281,10784.0
2008-01-22 22:00:00+00:00,12.284,12.398,11.787,11.787,10327.0
2008-01-23 22:00:00+00:00,11.862,12.28,11.862,12.211,7887.0
2008-01-24 22:00:00+00:00,12.216,12.421,12.156,12.32,8593.0
2008-01-27 22:00:00+00:00,12.337,12.491,12.18,12.435,7455.0
2008-01-28 22:00:00+00:00,12.438,12.579,12.37,12.576,6801.0
2008-01-29 22:00:00+00:00,12.579,12.685,12.489,12.67,5676.0
2008-01-30 22:00:00+00:00,12.666,12.698,12.524,12.655,6471.0
2008-01-31 22:00:00+00:00,12.658,12.888,12.658,12.777,6632.0
2008-02-03 22:00:00+00:00,12.804,13.188,12.794,13.186,7471.0
2008-02-04 22:00:00+00:00,13.191,13.209,13.007,13.151,7388.0
2008-02-05 22:00:00+00:00,13.176,13.64,13.074,13.084,15207.0
2008-02-06 22:00:00+00:00,13.069,13.26,12.925,13.255,10945.0
2008-02-07 22:00:00+00:00,13.28,13.66,13.213,13.295,13640.0
2008-02-10 22:00:00+00:00,13.375,13.467,13.06,13.205,9128.0
2008-02-11 22:00:00+00:00,13.195,13.39,12.993,13.145,8076.0
2008-02-12 22:00:00+00:00,13.118,13.269,13.05,13.215,5767.0
2008-02-13 22:00:00+00:00,13.22,13.625,13.22,13.622,6730.0
2008-02-14 22:00:00+00:00,13.64,13.801,13.505,13.68,7655.0
2008-02-18 22:00:00+00:00,13.69,14.05,13.69,13.943,7218.0
2008-02-19 22:00:00+00:00,14.002,14.012,13.856,13.994,2799.0
2008-02-20 22:00:00+00:00,14.005,14.181,13.886,14.068,6454.0
2008-02-21 22:00:00+00:00,14.086,14.218,13.979,14.204,5617.0
2008-02-24 22:00:00+00:00,14.251,14.672,14.236,14.482,9236.0
2008-02-25 22:00:00+00:00,14.497,14.756,14.251,14.677,9863.0
2008-02-26 22:00:00+00:00,14.672,14.749,14.424,14.58,10734.0
2008-02-27 22:00:00+00:00,14.546,14.978,14.524,14.934,9464.0
2008-02-28 22:00:00+00:00,14.919,15.213,14.833,15.181,7947.0
2008-03-02 22:00:00+00:00,15.166,15.684,15.166,15.437,9584.0
2008-03-03 22:00:00+00:00,15.435,15.668,14.928,14.938,14886.0
2008-03-04 22:00:00+00:00,14.948,15.378,14.629,14.893,14280.0
2008-03-05 22:00:00+00:00,14.975,15.183,14.428,14.428,12687.0
2008-03-06 22:00:00+00:00,14.451,14.453,13.938,13.938,3326.0
2008-03-09 21:00:00+00:00,13.559,13.984,13.448,13.92,11113.0
2008-03-10 21:00:00+00:00,14.032,14.259,13.76,13.893,11878.0
2008-03-11 21:00:00+00:00,13.91,14.054,13.624,13.796,12272.0
2008-03-12 21:00:00+00:00,13.791,14.169,13.734,13.907,9221.0
2008-03-13 21:00:00+00:00,13.902,14.089,13.399,13.399,8887.0
2008-03-16 21:00:00+00:00,13.396,13.617,12.909,12.91,3518.0
2008-03-17 21:00:00+00:00,12.432,13.073,12.415,12.934,14175.0
2008-03-18 21:00:00+00:00,12.969,13.039,12.46,12.46,3997.0
2008-03-19 21:00:00+00:00,12.188,12.25,11.966,11.967,6579.0
2008-03-23 21:00:00+00:00,12.01,12.47,12.01,12.47,8742.0
2008-03-24 21:00:00+00:00,12.657,12.968,12.595,12.968,2705.0
2008-03-25 21:00:00+00:00,13.465,13.466,13.148,13.387,12638.0
2008-03-26 21:00:00+00:00,13.355,13.416,13.156,13.163,9624.0
2008-03-27 21:00:00+00:00,13.134,13.276,12.488,12.567,10185.0
2008-03-30 21:00:00+00:00,12.711,12.91,11.89,11.89,2726.0
2008-03-31 21:00:00+00:00,11.59,12.218,10.99,12.004,21687.0
2008-04-01 21:00:00+00:00,12.144,12.386,11.792,12.339,12547.0
2008-04-02 21:00:00+00:00,12.404,12.554,12.239,12.47,9925.0
2008-04-03 21:00:00+00:00,12.475,12.71,12.466,12.696,7832.0
2008-04-06 21:00:00+00:00,12.683,12.875,12.378,12.473,9143.0
2008-04-07 21:00:00+00:00,12.471,12.619,12.379,12.45,7561.0
2008-04-08 21:00:00+00:00,12.48,13.143,12.478,13.089,11815.0
2008-04-09 21:00:00+00:00,13.099,13.732,13.069,13.496,15805.0
2008-04-10 21:00:00+00:00,13.501,13.539,13.207,13.262,10882.0
2008-04-13 21:00:00+00:00,13.378,13.698,13.135,13.669,9934.0
2008-04-14 21:00:00+00:00,13.682,13.917,13.627,13.755,7914.0
2008-04-15 21:00:00+00:00,13.818,13.915,13.34,13.436,8473.0
2008-04-16 21:00:00+00:00,13.456,13.667,13.268,13.507,8695.0
2008-04-17 21:00:00+00:00,13.525,13.696,13.151,13.628,9881.0
2008-04-20 21:00:00+00:00,13.612,13.642,12.921,13.139,11243.0
2008-04-21 21:00:00+00:00,13.169,13.838,13.07,13.788,12209.0
2008-04-22 21:00:00+00:00,13.794,13.938,13.585,13.726,11457.0
2008-04-23 21:00:00+00:00,13.724,13.767,13.359,13.448,10710.0
2008-04-24 21:00:00+00:00,13.431,13.569,13.165,13.223,9503.0
2008-04-27 21:00:00+00:00,13.284,13.436,12.657,12.825,13426.0
2008-04-28 21:00:00+00:00,12.904,12.951,12.668,12.812,9191.0
2008-04-29 21:00:00+00:00,12.805,13.363,12.682,13.054,12628.0
2008-04-30 21:00:00+00:00,13.047,13.131,12.315,12.555,11380.0
2008-05-01 21:00:00+00:00,12.583,12.998,12.494,12.931,10847.0
2008-05-04 21:00:00+00:00,12.927,13.0,12.689,12.721,9737.0
2008-05-05 21:00:00+00:00,12.761,13.215,12.6,12.656,11698.0
2008-05-06 21:00:00+00:00,12.681,12.994,12.634,12.96,9303.0
2008-05-07 21:00:00+00:00,12.962,13.09,12.856,12.999,7009.0
2008-05-08 21:00:00+00:00,13.006,13.55,12.962,13.454,9169.0
2008-05-11 21:00:00+00:00,13.493,13.637,13.268,13.328,8550.0
2008-05-12 21:00:00+00:00,13.448,13.709,13.235,13.694,7899.0
2008-05-13 21:00:00+00:00,13.685,13.765,13.552,13.686,7452.0
2008-05-14 21:00:00+00:00,13.677,13.687,13.004,13.363,11963.0
2008-05-15 21:00:00+00:00,13.359,13.908,13.359,13.658,10168.0
2008-05-18 21:00:00+00:00,13.667,13.667,13.115,13.246,9309.0
2008-05-19 21:00:00+00:00,13.306,13.533,13.13,13.236,8728.0
2008-05-20 21:00:00+00:00,13.234,13.481,13.162,13.419,8526.0
2008-05-21 21:00:00+00:00,13.404,13.574,13.031,13.158,11510.0
2008-05-22 21:00:00+00:00,13.146,13.623,13.133,13.576,9432.0
2008-05-26 21:00:00+00:00,13.749,13.809,13.313,13.403,10020.0
2008-05-27 21:00:00+00:00,13.363,13.762,13.279,13.658,10658.0
2008-05-28 21:00:00+00:00,13.633,13.674,12.996,13.128,12327.0
2008-05-29 21:00:00+00:00,13.094,13.567,13.0,13.552,9951.0
2008-06-01 21:00:00+00:00,13.492,13.766,13.453,13.598,9425.0
2008-06-02 21:00:00+00:00,13.593,13.763,13.391,13.567,10599.0
2008-06-03 21:00:00+00:00,13.56,13.924,13.411,13.872,10085.0
2008-06-04 21:00:00+00:00,13.845,14.483,13.828,14.386,14887.0
2008-06-05 21:00:00+00:00,14.449,14.804,14.409,14.471,12586.0
2008-06-08 21:00:00+00:00,14.622,14.824,14.397,14.434,12606.0
2008-06-09 21:00:00+00:00,14.467,14.59,14.125,14.426,14596.0
2008-06-10 21:00:00+00:00,14.469,15.098,14.456,15.098,8865.0
2008-06-11 21:00:00+00:00,15.24,15.401,14.858,15.301,15260.0
2008-06-12 21:00:00+00:00,15.304,15.652,15.139,15.528,14303.0
2008-06-15 21:00:00+00:00,15.709,15.825,15.178,15.252,12652.0
2008-06-16 21:00:00+00:00,15.27,15.611,15.184,15.534,10280.0
2008-06-17 21:00:00+00:00,15.524,15.677,15.339,15.501,7760.0
2008-06-18 21:00:00+00:00,15.496,15.606,15.099,15.393,8821.0
2008-06-19 21:00:00+00:00,15.406,15.644,15.171,15.236,9485.0
2008-06-22 21:00:00+00:00,15.176,15.206,14.855,15.11,6587.0
2008-06-23 21:00:00+00:00,15.138,15.246,14.883,14.977,5841.0
2008-06-24 21:00:00+00:00,14.96,15.356,14.872,15.321,5017.0
2008-06-25 21:00:00+00:00,15.332,15.762,15.297,15.715,4914.0
2008-06-26 21:00:00+00:00,15.705,15.894,15.684,15.809,3407.0
2008-06-29 21:00:00+00:00,15.845,16.065,15.608,16.045,4702.0
2008-06-30 21:00:00+00:00,16.032,16.317,15.972,16.264,4917.0
2008-07-01 21:00:00+00:00,16.274,16.491,16.133,16.446,3510.0
2008-07-02 21:00:00+00:00,16.483,16.593,16.16,16.523,3240.0
2008-07-06 21:00:00+00:00,16.373,16.438,15.836,15.841,2478.0
2008-07-07 21:00:00+00:00,15.815,15.86,15.092,15.526,5402.0
2008-07-08 21:00:00+00:00,15.533,15.79,15.533,15.775,3357.0
2008-07-09 21:00:00+00:00,15.783,16.073,15.662,16.067,3362.0
2008-07-10 21:00:00+00:00,16.055,16.392,15.871,16.177,5166.0
2008-07-13 21:00:00+00:00,16.139,16.139,15.742,15.84,2976.0
2008-07-14 21:00:00+00:00,15.847,16.059,15.407,15.465,4874.0
2008-07-15 21:00:00+00:00,15.445,15.877,15.198,15.769,4545.0
2008-07-16 21:00:00+00:00,15.787,15.892,15.165,15.242,4885.0
2008-07-17 21:00:00+00:00,15.212,15.357,14.732,14.768,4563.0
2008-07-20 21:00:00+00:00,14.585,14.72,14.11,14.158,4530.0
2008-07-21 21:00:00+00:00,14.133,14.333,13.872,14.169,4514.0
2008-07-22 21:00:00+00:00,14.184,14.237,13.748,13.966,3993.0
2008-07-23 21:00:00+00:00,13.955,14.1,13.707,13.922,3169.0
2008-07-24 21:00:00+00:00,13.892,14.091,13.741,13.998,2174.0
2008-07-27 21:00:00+00:00,14.059,14.316,13.86,14.018,2392.0
2008-07-28 21:00:00+00:00,14.005,14.088,13.559,13.851,2055.0
2008-07-29 21:00:00+00:00,13.881,14.016,13.658,13.92,1624.0
2008-07-30 21:00:00+00:00,13.905,14.033,13.732,13.879,1163.0
2008-07-31 21:00:00+00:00,13.872,13.947,13.475,13.527,1938.0
2008-08-03 21:00:00+00:00,13.393,13.44,12.802,12.802,1427.0
2008-08-04 21:00:00+00:00,12.688,12.918,12.362,12.547,2499.0
2008-08-05 21:00:00+00:00,12.52,12.603,11.856,12.1,3058.0
2008-08-06 21:00:00+00:00,12.093,12.452,12.093,12.303,1996.0
2008-08-07 21:00:00+00:00,12.308,12.408,11.652,11.756,2292.0
2008-08-10 21:00:00+00:00,11.804,11.924,11.597,11.857,1647.0
2008-08-11 21:00:00+00:00,11.862,12.137,11.731,12.068,2025.0
2008-08-12 21:00:00+00:00,12.066,12.734,12.028,12.734,1444.0
2008-08-13 21:00:00+00:00,12.8,12.919,12.297,12.626,2058.0
2008-08-14 21:00:00+00:00,12.665,12.707,11.97,12.119,12291.0
2008-08-17 21:00:00+00:00,12.208,12.817,12.195,12.817,11105.0
2008-08-18 21:00:00+00:00,12.793,13.335,12.512,12.691,21773.0
2008-08-19 21:00:00+00:00,12.694,13.097,12.685,12.936,16526.0
2008-08-20 21:00:00+00:00,12.933,13.625,12.894,13.407,13230.0
2008-08-21 21:00:00+00:00,13.404,13.407,13.069,13.213,11936.0
2008-08-24 21:00:00+00:00,13.429,13.673,13.315,13.415,12727.0
2008-08-25 21:00:00+00:00,13.378,13.475,13.013,13.386,13717.0
2008-08-26 21:00:00+00:00,13.399,13.64,13.208,13.404,13711.0
2008-08-27 21:00:00+00:00,13.407,13.422,13.005,13.196,13203.0
2008-08-28 21:00:00+00:00,13.179,13.324,13.102,13.19,8970.0
2008-09-01 21:00:00+00:00,12.958,12.988,12.491,12.937,13511.0
2008-09-02 21:00:00+00:00,12.939,13.079,12.233,12.452,15621.0
2008-09-03 21:00:00+00:00,12.472,12.553,12.266,12.294,12024.0
2008-09-04 21:00:00+00:00,12.291,12.291,11.615,11.762,16120.0
2008-09-07 21:00:00+00:00,11.923,11.945,11.682,11.874,12870.0
2008-09-08 21:00:00+00:00,11.842,11.997,11.521,11.964,13015.0
2008-09-09 21:00:00+00:00,11.962,12.019,11.704,11.706,10717.0
2008-09-10 21:00:00+00:00,11.711,11.831,11.602,11.709,9243.0
2008-09-11 21:00:00+00:00,11.742,12.176,11.732,11.967,13466.0
2008-09-14 21:00:00+00:00,12.033,12.053,11.513,11.834,13120.0
2008-09-15 21:00:00+00:00,11.645,11.745,11.061,11.153,16123.0
2008-09-16 21:00:00+00:00,11.168,11.398,11.029,11.283,14102.0
2008-09-17 21:00:00+00:00,11.281,11.473,10.955,11.099,13311.0
2008-09-18 21:00:00+00:00,11.107,11.536,11.107,11.399,10832.0
2008-09-21 21:00:00+00:00,11.403,12.081,11.301,11.992,13300.0
2008-09-22 21:00:00+00:00,11.997,12.069,11.644,11.831,12364.0
2008-09-23 21:00:00+00:00,11.871,12.04,11.744,11.861,11302.0
2008-09-24 21:00:00+00:00,11.841,12.006,11.645,11.795,10484.0
2008-09-25 21:00:00+00:00,11.797,11.94,11.521,11.633,9240.0
2008-09-28 21:00:00+00:00,11.56,11.57,10.908,10.908,7688.0
2008-09-29 21:00:00+00:00,10.746,10.928,10.36,10.51,15570.0
2008-09-30 21:00:00+00:00,10.517,10.63,10.363,10.505,11109.0
2008-10-01 21:00:00+00:00,10.508,10.563,9.895,10.037,14086.0
2008-10-02 21:00:00+00:00,10.04,10.21,9.883,9.903,9634.0
2008-10-05 21:00:00+00:00,9.685,9.805,9.197,9.197,10428.0
2008-10-06 21:00:00+00:00,9.202,9.492,9.145,9.305,11793.0
2008-10-07 21:00:00+00:00,9.303,9.866,9.088,9.617,14237.0
2008-10-08 21:00:00+00:00,9.607,9.877,9.448,9.75,9742.0
2008-10-09 21:00:00+00:00,9.501,9.528,9.08,9.08,2385.0
2008-10-12 21:00:00+00:00,9.009,9.368,8.797,9.279,9820.0
2008-10-13 21:00:00+00:00,9.346,9.561,8.915,8.932,11213.0
2008-10-14 21:00:00+00:00,8.922,9.092,8.449,8.579,13015.0
2008-10-15 21:00:00+00:00,8.474,8.731,8.235,8.709,13294.0
2008-10-16 21:00:00+00:00,8.704,9.074,8.704,8.864,9643.0
2008-10-19 21:00:00+00:00,8.893,9.33,8.885,9.28,10217.0
2008-10-20 21:00:00+00:00,9.325,9.43,8.906,9.089,10942.0
2008-10-21 21:00:00+00:00,9.091,9.114,8.567,8.607,9695.0
2008-10-22 21:00:00+00:00,8.603,9.055,8.488,8.855,11068.0
2008-10-23 21:00:00+00:00,8.943,9.19,8.431,8.711,13603.0
2008-10-26 21:00:00+00:00,8.785,9.03,8.503,8.91,10446.0
2008-10-27 21:00:00+00:00,9.04,9.51,8.613,8.691,14192.0
2008-10-28 21:00:00+00:00,8.7,9.221,8.669,9.127,9275.0
2008-10-29 21:00:00+00:00,9.13,9.377,8.929,9.134,10947.0
2008-10-30 21:00:00+00:00,9.084,9.141,8.842,8.91,8389.0
2008-11-02 22:00:00+00:00,8.968,9.232,8.867,9.073,10236.0
2008-11-03 22:00:00+00:00,9.071,9.478,8.911,9.249,11468.0
2008-11-04 22:00:00+00:00,9.269,9.322,8.722,8.737,12883.0
2008-11-05 22:00:00+00:00,8.74,8.831,8.528,8.722,11134.0
2008-11-06 22:00:00+00:00,8.725,8.952,8.703,8.922,9326.0
2008-11-09 22:00:00+00:00,9.053,9.237,8.872,9.158,12637.0
2008-11-10 22:00:00+00:00,9.137,9.159,8.699,8.872,10029.0
2008-11-11 22:00:00+00:00,8.877,8.939,8.607,8.67,11244.0
2008-11-12 22:00:00+00:00,8.673,8.848,8.463,8.65,12805.0
2008-11-13 22:00:00+00:00,8.816,8.826,8.518,8.676,8059.0
2008-11-16 22:00:00+00:00,8.645,8.92,8.596,8.823,9991.0
2008-11-17 22:00:00+00:00,8.819,8.876,8.676,8.774,8177.0
2008-11-18 22:00:00+00:00,8.777,8.96,8.688,8.732,7833.0
2008-11-19 22:00:00+00:00,8.728,8.728,8.316,8.325,10928.0
2008-11-20 22:00:00+00:00,8.331,8.4,8.129,8.162,9244.0
2008-11-23 22:00:00+00:00,8.305,8.773,8.202,8.627,10569.0
2008-11-24 22:00:00+00:00,8.616,8.709,8.497,8.614,7941.0
2008-11-25 22:00:00+00:00,8.64,8.772,8.599,8.67,6190.0
2008-11-27 22:00:00+00:00,8.678,8.749,8.5,8.605,2863.0
2008-11-30 22:00:00+00:00,8.6,8.634,8.229,8.29,6502.0
2008-12-01 22:00:00+00:00,8.294,8.392,8.087,8.094,7883.0
2008-12-02 22:00:00+00:00,8.097,8.266,8.024,8.12,7224.0
2008-12-03 22:00:00+00:00,8.153,8.17,7.918,7.965,7204.0
2008-12-04 22:00:00+00:00,7.939,7.946,7.611,7.733,7968.0
2008-12-07 22:00:00+00:00,7.747,8.125,7.74,8.052,7246.0
2008-12-08 22:00:00+00:00,8.065,8.127,7.948,8.004,6343.0
2008-12-09 22:00:00+00:00,7.988,8.276,7.966,8.158,8816.0
2008-12-10 22:00:00+00:00,8.162,8.514,8.128,8.433,7496.0
2008-12-11 22:00:00+00:00,8.38,8.501,8.146,8.422,9179.0
2008-12-14 22:00:00+00:00,8.431,8.644,8.312,8.363,7651.0
2008-12-15 22:00:00+00:00,8.357,8.508,8.279,8.474,6481.0
2008-12-16 22:00:00+00:00,8.558,8.652,8.391,8.535,8945.0
2008-12-17 22:00:00+00:00,8.533,8.616,8.43,8.588,4548.0
2008-12-18 22:00:00+00:00,8.537,8.585,8.485,8.578,3491.0
2008-12-21 22:00:00+00:00,8.624,8.849,8.523,8.783,4400.0
2008-12-22 22:00:00+00:00,8.732,8.916,8.681,8.909,2984.0
2008-12-23 22:00:00+00:00,9.005,9.172,8.975,9.16,2027.0
2008-12-25 22:00:00+00:00,9.24,9.634,9.205,9.534,4180.0
2008-12-28 22:00:00+00:00,9.575,9.78,9.331,9.403,6480.0
2008-12-29 22:00:00+00:00,9.391,9.546,9.356,9.484,4728.0
2008-12-30 22:00:00+00:00,9.486,9.806,9.401,9.766,5525.0
2009-01-01 22:00:00+00:00,9.682,9.904,9.672,9.714,6687.0
2009-01-04 22:00:00+00:00,9.767,9.885,9.625,9.823,7995.0
2009-01-05 22:00:00+00:00,9.828,10.179,9.74,10.102,11637.0
2009-01-06 22:00:00+00:00,10.112,10.202,9.858,9.873,8577.0
2009-01-07 22:00:00+00:00,9.826,10.023,9.736,9.894,8462.0
2009-01-08 22:00:00+00:00,9.891,10.373,9.891,10.338,11349.0
2009-01-11 22:00:00+00:00,10.331,10.576,9.636,9.636,12330.0
2009-01-12 22:00:00+00:00,9.584,9.896,9.576,9.711,11157.0
2009-01-13 22:00:00+00:00,9.709,9.876,9.592,9.674,10177.0
2009-01-14 22:00:00+00:00,9.667,10.226,9.555,9.916,15563.0
2009-01-15 22:00:00+00:00,9.912,10.204,9.912,10.159,9074.0
2009-01-19 22:00:00+00:00,10.16,10.347,9.754,9.901,12098.0
2009-01-20 22:00:00+00:00,9.904,10.188,9.844,10.178,9511.0
2009-01-21 22:00:00+00:00,10.176,10.326,9.942,10.089,10329.0
2009-01-22 22:00:00+00:00,10.092,10.321,9.995,10.06,12189.0
2009-01-25 22:00:00+00:00,10.13,10.395,9.896,10.071,12713.0
2009-01-26 22:00:00+00:00,10.053,10.153,9.712,9.774,8917.0
2009-01-27 22:00:00+00:00,9.769,9.922,9.642,9.807,8889.0
2009-01-28 22:00:00+00:00,9.817,9.83,9.635,9.728,6394.0
2009-01-29 22:00:00+00:00,9.718,9.878,9.633,9.798,6880.0
2009-02-01 22:00:00+00:00,9.709,9.746,9.417,9.587,8062.0
2009-02-02 22:00:00+00:00,9.585,9.612,9.33,9.448,7319.0
2009-02-03 22:00:00+00:00,9.438,9.668,9.428,9.493,6816.0
2009-02-04 22:00:00+00:00,9.466,9.863,9.448,9.783,7438.0
2009-02-05 22:00:00+00:00,9.776,10.063,9.753,10.006,9211.0
2009-02-08 22:00:00+00:00,9.957,10.176,9.902,10.009,6920.0
2009-02-09 22:00:00+00:00,9.987,10.087,9.807,9.917,8160.0
2009-02-10 22:00:00+00:00,9.87,9.948,9.748,9.755,6095.0
2009-02-11 22:00:00+00:00,9.753,9.841,9.663,9.683,5811.0
2009-02-12 22:00:00+00:00,9.689,9.804,9.539,9.554,5661.0
2009-02-16 22:00:00+00:00,9.54,9.59,8.981,9.039,8862.0
2009-02-17 22:00:00+00:00,9.036,9.089,8.844,8.852,6599.0
2009-02-18 22:00:00+00:00,8.847,9.012,8.805,8.807,6169.0
2009-02-19 22:00:00+00:00,8.822,8.885,8.533,8.64,6795.0
2009-02-22 22:00:00+00:00,8.638,8.938,8.601,8.736,5500.0
2009-02-23 22:00:00+00:00,8.742,8.81,8.651,8.785,4183.0
2009-02-24 22:00:00+00:00,8.805,8.905,8.624,8.771,6904.0
2009-02-25 22:00:00+00:00,8.773,8.881,8.552,8.656,8215.0
2009-02-26 22:00:00+00:00,8.644,8.741,8.462,8.694,7761.0
2009-03-01 22:00:00+00:00,8.633,8.692,8.356,8.429,7532.0
2009-03-02 22:00:00+00:00,8.399,8.536,8.386,8.509,6269.0
2009-03-03 22:00:00+00:00,8.514,8.761,8.446,8.644,6581.0
2009-03-04 22:00:00+00:00,8.656,8.733,8.405,8.502,5423.0
2009-03-05 22:00:00+00:00,8.495,8.722,8.48,8.652,5825.0
2009-03-08 21:00:00+00:00,8.675,8.815,8.601,8.606,5313.0
2009-03-09 21:00:00+00:00,8.601,8.925,8.588,8.746,6193.0
2009-03-10 21:00:00+00:00,8.756,8.866,8.542,8.591,6023.0
2009-03-11 21:00:00+00:00,8.611,8.816,8.569,8.786,5802.0
2009-03-12 21:00:00+00:00,8.789,8.874,8.649,8.754,6308.0
2009-03-15 21:00:00+00:00,8.67,9.157,8.625,9.089,8677.0
2009-03-16 21:00:00+00:00,9.065,9.195,9.005,9.115,6956.0
2009-03-17 21:00:00+00:00,9.117,9.185,9.068,9.133,4846.0
2009-03-18 21:00:00+00:00,9.272,9.505,9.26,9.363,9063.0
2009-03-19 21:00:00+00:00,9.355,9.508,9.33,9.493,4893.0
2009-03-22 21:00:00+00:00,9.501,9.791,9.494,9.521,6691.0
2009-03-23 21:00:00+00:00,9.524,9.686,9.462,9.649,6866.0
2009-03-24 21:00:00+00:00,9.629,9.689,9.46,9.482,6881.0
2009-03-25 21:00:00+00:00,9.487,9.6,9.393,9.44,5736.0
2009-03-26 21:00:00+00:00,9.435,9.468,9.141,9.154,6034.0
2009-03-29 21:00:00+00:00,9.157,9.222,8.953,9.028,5227.0
2009-03-30 21:00:00+00:00,9.03,9.522,9.028,9.512,9179.0
2009-03-31 21:00:00+00:00,9.472,9.58,9.412,9.498,5312.0
2009-04-01 21:00:00+00:00,9.493,9.857,9.493,9.728,7249.0
2009-04-02 21:00:00+00:00,9.725,9.958,9.703,9.94,5502.0
2009-04-05 21:00:00+00:00,9.936,10.074,9.847,9.914,6311.0
2009-04-06 21:00:00+00:00,9.912,10.044,9.857,9.884,6158.0
2009-04-07 21:00:00+00:00,9.85,10.097,9.8,10.047,6656.0
2009-04-08 21:00:00+00:00,10.035,10.292,10.035,10.065,6637.0
2009-04-12 21:00:00+00:00,10.056,10.217,9.969,10.184,5814.0
2009-04-13 21:00:00+00:00,10.179,10.422,10.137,10.349,7233.0
2009-04-14 21:00:00+00:00,10.337,10.452,10.272,10.332,6145.0
2009-04-15 21:00:00+00:00,10.337,10.572,10.332,10.562,6454.0
2009-04-16 21:00:00+00:00,10.565,10.718,10.468,10.498,6942.0
2009-04-19 21:00:00+00:00,10.462,10.629,10.16,10.185,5421.0
2009-04-20 21:00:00+00:00,10.195,10.449,10.124,10.426,5427.0
2009-04-21 21:00:00+00:00,10.423,10.524,10.365,10.47,5357.0
2009-04-22 21:00:00+00:00,10.473,10.648,10.342,10.361,6999.0
2009-04-23 21:00:00+00:00,10.359,10.481,10.293,10.393,6436.0
2009-04-26 21:00:00+00:00,10.348,10.348,9.817,10.036,11746.0
2009-04-27 21:00:00+00:00,10.038,10.169,9.879,9.879,8618.0
2009-04-28 21:00:00+00:00,9.904,10.331,9.851,10.306,7404.0
2009-04-29 21:00:00+00:00,10.283,10.652,10.26,10.597,10354.0
2009-04-30 21:00:00+00:00,10.579,11.023,10.506,10.991,9730.0
2009-05-03 21:00:00+00:00,10.951,11.338,10.916,11.099,10965.0
2009-05-04 21:00:00+00:00,11.106,11.234,10.984,11.077,9380.0
2009-05-05 21:00:00+00:00,11.072,11.253,11.035,11.21,8624.0
2009-05-06 21:00:00+00:00,11.207,11.375,11.013,11.068,10605.0
2009-05-07 21:00:00+00:00,11.073,11.244,11.048,11.15,7354.0
2009-05-10 21:00:00+00:00,11.108,11.22,10.924,11.198,6753.0
2009-05-11 21:00:00+00:00,11.21,11.335,11.079,11.244,8574.0
2009-05-12 21:00:00+00:00,11.247,11.47,11.186,11.309,8829.0
2009-05-13 21:00:00+00:00,11.324,11.539,11.216,11.509,7782.0
2009-05-14 21:00:00+00:00,11.516,11.622,11.304,11.322,7871.0
2009-05-17 21:00:00+00:00,11.305,11.538,11.189,11.5,7124.0
2009-05-18 21:00:00+00:00,11.517,11.75,11.464,11.675,7305.0
2009-05-19 21:00:00+00:00,11.672,11.95,11.654,11.726,8838.0
2009-05-20 21:00:00+00:00,11.714,11.828,11.553,11.786,7579.0
2009-05-21 21:00:00+00:00,11.793,11.901,11.692,11.702,6345.0
2009-05-24 21:00:00+00:00,11.709,11.709,11.423,11.423,13.0
2009-05-25 21:00:00+00:00,11.601,11.924,11.558,11.924,8273.0
2009-05-26 21:00:00+00:00,11.949,12.056,11.822,11.883,8342.0
2009-05-27 21:00:00+00:00,11.862,12.022,11.799,11.804,6842.0
2009-05-28 21:00:00+00:00,11.816,11.976,11.798,11.896,6007.0
2009-05-31 21:00:00+00:00,11.904,12.314,11.901,12.214,8353.0
2009-06-01 21:00:00+00:00,12.224,12.261,12.047,12.13,6049.0
2009-06-02 21:00:00+00:00,12.147,12.17,11.851,11.888,7739.0
2009-06-03 21:00:00+00:00,11.875,12.361,11.81,12.344,8096.0
2009-06-04 21:00:00+00:00,12.351,12.406,12.155,12.29,6792.0
2009-06-07 21:00:00+00:00,12.308,12.435,12.197,12.365,8006.0
2009-06-08 21:00:00+00:00,12.377,12.527,12.304,12.479,6268.0
2009-06-09 21:00:00+00:00,12.426,12.591,12.41,12.49,8071.0
2009-06-10 21:00:00+00:00,12.525,12.948,12.518,12.722,8938.0
2009-06-11 21:00:00+00:00,12.715,12.852,12.388,12.491,8567.0
2009-06-14 21:00:00+00:00,12.471,12.576,11.999,12.019,8488.0
2009-06-15 21:00:00+00:00,12.049,12.219,11.903,12.058,6808.0
2009-06-16 21:00:00+00:00,12.05,12.177,11.907,12.097,6227.0
2009-06-17 21:00:00+00:00,12.119,12.287,12.016,12.199,5759.0
2009-06-18 21:00:00+00:00,12.204,12.284,11.779,11.812,6668.0
2009-06-21 21:00:00+00:00,11.862,11.867,11.526,11.538,5546.0
2009-06-22 21:00:00+00:00,11.543,11.841,11.543,11.805,4605.0
2009-06-23 21:00:00+00:00,11.81,11.965,11.725,11.85,3267.0
2009-06-24 21:00:00+00:00,11.847,12.039,11.819,11.944,3532.0
2009-06-25 21:00:00+00:00,11.948,12.116,11.948,12.018,3195.0
2009-06-28 21:00:00+00:00,11.996,12.268,11.976,12.17,2971.0
2009-06-29 21:00:00+00:00,12.155,12.272,11.827,12.116,4448.0
2009-06-30 21:00:00+00:00,12.112,12.594,12.112,12.494,4549.0
2009-07-01 21:00:00+00:00,12.49,12.64,12.201,12.402,3385.0
2009-07-05 21:00:00+00:00,12.263,12.301,11.959,11.959,2922.0
2009-07-06 21:00:00+00:00,11.968,12.068,11.204,11.259,5712.0
2009-07-07 21:00:00+00:00,11.237,11.44,10.768,10.834,5102.0
2009-07-08 21:00:00+00:00,10.838,11.18,10.652,11.177,4401.0
2009-07-09 21:00:00+00:00,11.173,11.252,10.791,11.096,4402.0
2009-07-12 21:00:00+00:00,11.064,11.167,10.594,10.76,4122.0
2009-07-13 21:00:00+00:00,10.78,10.944,10.614,10.902,3306.0
2009-07-14 21:00:00+00:00,10.893,11.209,10.725,10.725,3828.0
2009-07-15 21:00:00+00:00,10.724,10.837,10.204,10.277,4797.0
2009-07-16 21:00:00+00:00,10.274,10.613,10.274,10.587,2903.0
2009-07-19 21:00:00+00:00,10.596,10.8,10.525,10.777,2400.0
2009-07-20 21:00:00+00:00,10.77,10.844,10.479,10.578,3023.0
2009-07-21 21:00:00+00:00,10.569,10.686,10.505,10.598,1878.0
2009-07-22 21:00:00+00:00,10.62,10.774,10.577,10.639,2281.0
2009-07-23 21:00:00+00:00,10.628,10.692,10.571,10.576,1498.0
2009-07-26 21:00:00+00:00,10.527,10.588,10.445,10.533,1249.0
2009-07-27 21:00:00+00:00,10.545,10.912,10.519,10.839,1777.0
2009-07-28 21:00:00+00:00,10.838,10.965,10.648,10.876,1689.0
2009-07-29 21:00:00+00:00,10.582,11.334,10.58,11.281,2219.0
2009-07-30 21:00:00+00:00,11.254,11.44,11.234,11.433,1652.0
2009-08-02 21:00:00+00:00,11.532,12.003,11.524,11.837,2504.0
2009-08-03 21:00:00+00:00,11.813,11.872,11.648,11.753,1525.0
2009-08-04 21:00:00+00:00,11.746,11.926,11.552,11.803,1769.0
2009-08-05 21:00:00+00:00,11.776,11.817,11.51,11.676,1335.0
2009-08-06 21:00:00+00:00,11.656,11.837,11.549,11.766,1256.0
2009-08-09 21:00:00+00:00,11.532,11.794,11.417,11.422,1454.0
2009-08-10 21:00:00+00:00,11.444,11.757,11.39,11.717,1562.0
2009-08-11 21:00:00+00:00,11.71,11.902,11.476,11.656,1839.0
2009-08-12 21:00:00+00:00,11.678,11.869,11.319,11.353,1879.0
2009-08-13 21:00:00+00:00,11.357,11.418,10.83,10.876,1959.0
2009-08-16 21:00:00+00:00,10.228,10.319,9.896,9.964,9846.0
2009-08-17 21:00:00+00:00,9.994,10.139,9.871,10.021,7107.0
2009-08-18 21:00:00+00:00,10.078,10.134,9.85,10.039,7142.0
2009-08-19 21:00:00+00:00,10.041,10.138,9.964,10.026,5281.0
2009-08-20 21:00:00+00:00,10.02,10.335,9.959,10.212,8132.0
2009-08-23 21:00:00+00:00,10.27,10.535,10.27,10.514,7140.0
2009-08-24 21:00:00+00:00,10.447,10.605,10.312,10.404,7829.0
2009-08-25 21:00:00+00:00,10.421,10.513,10.312,10.401,5942.0
2009-08-26 21:00:00+00:00,10.41,10.464,10.315,10.332,4990.0
2009-08-27 21:00:00+00:00,10.376,10.604,10.331,10.52,7138.0
2009-08-30 21:00:00+00:00,10.544,10.603,10.064,10.141,8642.0
2009-08-31 21:00:00+00:00,10.163,10.288,9.886,9.943,8481.0
2009-09-01 21:00:00+00:00,9.929,9.967,9.797,9.922,6117.0
2009-09-02 21:00:00+00:00,9.906,10.003,9.655,9.779,7582.0
2009-09-03 21:00:00+00:00,9.773,9.803,9.556,9.569,5918.0
2009-09-07 21:00:00+00:00,9.514,9.769,9.436,9.686,6491.0
2009-09-08 21:00:00+00:00,9.695,9.713,9.553,9.59,4928.0
2009-09-09 21:00:00+00:00,9.592,9.676,9.572,9.572,4070.0
2009-09-10 21:00:00+00:00,9.579,9.64,9.283,9.298,7469.0
2009-09-13 21:00:00+00:00,9.328,9.396,9.212,9.355,5703.0
2009-09-14 21:00:00+00:00,9.359,10.091,9.306,9.931,12323.0
2009-09-15 21:00:00+00:00,9.896,9.914,9.575,9.812,8667.0
2009-09-16 21:00:00+00:00,9.798,9.927,9.663,9.809,7039.0
2009-09-17 21:00:00+00:00,9.798,9.871,9.644,9.665,5266.0
2009-09-20 21:00:00+00:00,9.658,9.67,9.353,9.361,6541.0
2009-09-21 21:00:00+00:00,9.386,9.535,9.287,9.485,6146.0
2009-09-22 21:00:00+00:00,9.473,9.519,9.27,9.492,5471.0
2009-09-23 21:00:00+00:00,9.406,9.549,9.29,9.433,5851.0
2009-09-24 21:00:00+00:00,9.437,9.565,9.404,9.521,5382.0
2009-09-27 21:00:00+00:00,9.522,9.609,9.356,9.431,5065.0
2009-09-28 21:00:00+00:00,9.412,9.514,9.326,9.418,5273.0
2009-09-29 21:00:00+00:00,9.389,9.533,9.281,9.477,6248.0
2009-09-30 21:00:00+00:00,9.466,9.544,9.36,9.382,5284.0
2009-10-01 21:00:00+00:00,9.379,9.391,9.05,9.068,6866.0
2009-10-04 21:00:00+00:00,9.022,9.166,8.975,9.051,5628.0
2009-10-05 21:00:00+00:00,9.029,9.399,9.027,9.278,7532.0
2009-10-06 21:00:00+00:00,9.267,9.343,9.225,9.299,4400.0
2009-10-07 21:00:00+00:00,9.29,9.602,9.287,9.536,7746.0
2009-10-08 21:00:00+00:00,9.512,9.867,9.48,9.841,10060.0
2009-10-11 21:00:00+00:00,9.855,10.179,9.819,10.164,7882.0
2009-10-12 21:00:00+00:00,10.135,10.292,10.036,10.084,8263.0
2009-10-13 21:00:00+00:00,10.096,10.25,10.041,10.102,6825.0
2009-10-14 21:00:00+00:00,10.098,10.148,9.862,9.977,7824.0
2009-10-15 21:00:00+00:00,9.951,10.116,9.89,9.934,5423.0
2009-10-18 21:00:00+00:00,9.909,10.108,9.858,10.108,6487.0
2009-10-19 21:00:00+00:00,10.094,10.18,9.923,9.953,6331.0
2009-10-20 21:00:00+00:00,9.944,10.274,9.893,10.183,7956.0
2009-10-21 21:00:00+00:00,10.151,10.213,10.058,10.198,5848.0
2009-10-22 21:00:00+00:00,10.166,10.395,10.122,10.207,9046.0
2009-10-25 21:00:00+00:00,10.198,10.297,9.904,9.969,6765.0
2009-10-26 21:00:00+00:00,9.958,10.027,9.779,9.797,5855.0
2009-10-27 21:00:00+00:00,9.816,9.871,9.674,9.784,4468.0
2009-10-28 21:00:00+00:00,9.703,9.928,9.665,9.88,3988.0
2009-10-29 21:00:00+00:00,9.883,9.91,9.692,9.77,5419.0
2009-11-01 22:00:00+00:00,9.682,10.077,9.639,9.962,8035.0
2009-11-02 22:00:00+00:00,9.972,10.222,9.884,10.132,9495.0
2009-11-03 22:00:00+00:00,10.112,10.237,9.964,9.994,8012.0
2009-11-04 22:00:00+00:00,9.962,10.002,9.721,9.734,7089.0
2009-11-05 22:00:00+00:00,9.714,9.861,9.561,9.581,6313.0
2009-11-08 22:00:00+00:00,9.538,9.758,9.523,9.721,6700.0
2009-11-09 22:00:00+00:00,9.731,9.761,9.535,9.67,7789.0
2009-11-10 22:00:00+00:00,9.663,9.875,9.65,9.743,6387.0
2009-11-11 22:00:00+00:00,9.725,9.975,9.625,9.918,8211.0
2009-11-12 22:00:00+00:00,9.9,10.1,9.845,9.86,6853.0
2009-11-15 22:00:00+00:00,10.022,10.127,9.925,10.087,6619.0
2009-11-16 22:00:00+00:00,10.08,10.327,10.04,10.32,7261.0
2009-11-17 22:00:00+00:00,10.28,10.5,10.245,10.3,8631.0
2009-11-18 22:00:00+00:00,10.28,10.5,10.169,10.47,8419.0
2009-11-19 22:00:00+00:00,10.415,10.51,10.324,10.454,6554.0
2009-11-22 22:00:00+00:00,10.489,10.677,10.389,10.396,8962.0
2009-11-23 22:00:00+00:00,10.414,10.501,10.329,10.471,6663.0
2009-11-24 22:00:00+00:00,10.469,10.564,10.349,10.491,6320.0
2009-11-26 22:00:00+00:00,10.401,10.576,10.218,10.531,5588.0
2009-11-29 22:00:00+00:00,10.55,10.7,10.513,10.598,7742.0
2009-11-30 22:00:00+00:00,10.593,10.793,10.533,10.585,7162.0
2009-12-01 22:00:00+00:00,10.583,10.653,10.33,10.347,7255.0
2009-12-02 22:00:00+00:00,10.36,10.515,10.34,10.492,5985.0
2009-12-03 22:00:00+00:00,10.45,10.545,10.317,10.46,6849.0
2009-12-06 22:00:00+00:00,10.462,10.622,10.392,10.554,6604.0
2009-12-07 22:00:00+00:00,10.539,10.644,10.431,10.441,5659.0
2009-12-08 22:00:00+00:00,10.444,10.521,10.221,10.284,7118.0
2009-12-09 22:00:00+00:00,10.291,10.341,10.196,10.301,6123.0
2009-12-10 22:00:00+00:00,10.288,10.418,10.206,10.348,5433.0
2009-12-13 22:00:00+00:00,10.333,10.595,10.24,10.58,6763.0
2009-12-14 22:00:00+00:00,10.553,10.69,10.5,10.553,5680.0
2009-12-15 22:00:00+00:00,10.55,10.703,10.52,10.608,5129.0
2009-12-16 22:00:00+00:00,10.592,10.638,10.16,10.215,6523.0
2009-12-17 22:00:00+00:00,10.245,10.33,10.087,10.122,5896.0
2009-12-20 22:00:00+00:00,10.129,10.204,10.001,10.011,3673.0
2009-12-21 22:00:00+00:00,10.014,10.104,9.849,9.901,4786.0
2009-12-22 22:00:00+00:00,9.898,10.007,9.888,9.983,1919.0
2009-12-23 22:00:00+00:00,9.998,10.082,9.966,10.008,1568.0
2009-12-27 22:00:00+00:00,9.997,10.335,9.977,10.32,3389.0
2009-12-28 22:00:00+00:00,10.296,10.408,10.205,10.366,3960.0
2009-12-29 22:00:00+00:00,10.337,10.439,10.271,10.357,4156.0
2009-12-30 22:00:00+00:00,10.353,10.532,10.33,10.403,4525.0
2010-01-03 22:00:00+00:00,10.427,10.668,10.423,10.5,7487.0
2010-01-04 22:00:00+00:00,10.493,10.568,10.429,10.523,4670.0
2010-01-05 22:00:00+00:00,10.518,10.606,10.435,10.502,4488.0
2010-01-06 22:00:00+00:00,10.505,10.554,10.173,10.183,7724.0
2010-01-07 22:00:00+00:00,10.196,10.218,10.062,10.125,5716.0
2010-01-10 22:00:00+00:00,10.177,10.259,9.991,10.026,5369.0
2010-01-11 22:00:00+00:00,10.021,10.069,9.627,9.714,8287.0
2010-01-12 22:00:00+00:00,9.717,9.874,9.653,9.869,6177.0
2010-01-13 22:00:00+00:00,9.872,9.875,9.691,9.761,5171.0
2010-01-14 22:00:00+00:00,9.774,9.827,9.658,9.678,5437.0
2010-01-18 22:00:00+00:00,9.684,9.783,9.573,9.588,5094.0
2010-01-19 22:00:00+00:00,9.583,9.655,9.355,9.417,5940.0
2010-01-20 22:00:00+00:00,9.447,9.542,9.432,9.48,4458.0
2010-01-21 22:00:00+00:00,9.508,9.518,9.404,9.447,3784.0
2010-01-24 22:00:00+00:00,9.501,9.511,9.305,9.363,4307.0
2010-01-25 22:00:00+00:00,9.368,9.448,9.279,9.431,5369.0
2010-01-26 22:00:00+00:00,9.411,9.419,9.24,9.275,4373.0
2010-01-27 22:00:00+00:00,9.268,9.33,9.167,9.284,4374.0
2010-01-28 22:00:00+00:00,9.271,9.324,9.096,9.113,4898.0
2010-01-31 22:00:00+00:00,9.115,9.208,9.043,9.074,4700.0
2010-02-01 22:00:00+00:00,9.076,9.261,9.014,9.222,5072.0
2010-02-02 22:00:00+00:00,9.227,9.302,9.043,9.068,4994.0
2010-02-03 22:00:00+00:00,9.076,9.124,8.964,9.117,5540.0
2010-02-04 22:00:00+00:00,9.104,9.18,9.055,9.125,5611.0
2010-02-07 22:00:00+00:00,9.165,9.365,9.155,9.265,5116.0
2010-02-08 22:00:00+00:00,9.263,9.408,9.169,9.219,7361.0
2010-02-09 22:00:00+00:00,9.209,9.367,9.157,9.349,5228.0
2010-02-10 22:00:00+00:00,9.352,9.474,9.33,9.393,5161.0
2010-02-11 22:00:00+00:00,9.39,9.436,9.232,9.431,4849.0
2010-02-15 22:00:00+00:00,9.454,9.635,9.427,9.605,4928.0
2010-02-16 22:00:00+00:00,9.61,9.615,9.456,9.509,3901.0
2010-02-17 22:00:00+00:00,9.496,9.555,9.397,9.42,3673.0
2010-02-18 22:00:00+00:00,9.373,9.463,9.296,9.429,3590.0
2010-02-21 22:00:00+00:00,9.45,9.604,9.441,9.59,3747.0
2010-02-22 22:00:00+00:00,9.575,9.754,9.497,9.509,6627.0
2010-02-23 22:00:00+00:00,9.499,9.602,9.428,9.532,5027.0
2010-02-24 22:00:00+00:00,9.528,9.553,9.335,9.38,4830.0
2010-02-25 22:00:00+00:00,9.395,9.55,9.378,9.535,4574.0
2010-02-28 22:00:00+00:00,9.567,9.592,9.449,9.553,4856.0
2010-03-01 22:00:00+00:00,9.534,9.604,9.492,9.549,4099.0
2010-03-02 22:00:00+00:00,9.545,9.63,9.535,9.565,3606.0
2010-03-03 22:00:00+00:00,9.541,9.546,9.292,9.334,5003.0
2010-03-04 22:00:00+00:00,9.359,9.414,9.303,9.36,4014.0
2010-03-07 22:00:00+00:00,9.367,9.45,9.31,9.42,3907.0
2010-03-08 22:00:00+00:00,9.393,9.408,9.275,9.404,4115.0
2010-03-09 22:00:00+00:00,9.384,9.566,9.343,9.509,6295.0
2010-03-10 22:00:00+00:00,9.505,9.552,9.218,9.23,5514.0
2010-03-11 22:00:00+00:00,9.26,9.308,9.159,9.177,4129.0
2010-03-14 21:00:00+00:00,9.194,9.264,9.149,9.24,3706.0
2010-03-15 21:00:00+00:00,9.237,9.412,9.237,9.372,3959.0
2010-03-16 21:00:00+00:00,9.377,9.555,9.353,9.532,4716.0
2010-03-17 21:00:00+00:00,9.508,9.558,9.406,9.536,4476.0
2010-03-18 21:00:00+00:00,9.529,9.574,9.458,9.547,3425.0
2010-03-21 21:00:00+00:00,9.535,9.687,9.503,9.628,4031.0
2010-03-22 21:00:00+00:00,9.605,9.703,9.587,9.599,4187.0
2010-03-23 21:00:00+00:00,9.617,9.617,9.473,9.528,3677.0
2010-03-24 21:00:00+00:00,9.521,9.606,9.363,9.363,4514.0
2010-03-25 21:00:00+00:00,9.37,9.493,9.361,9.478,3439.0
2010-03-28 21:00:00+00:00,9.471,9.72,9.461,9.646,4782.0
2010-03-29 21:00:00+00:00,9.626,9.689,9.55,9.679,4250.0
2010-03-30 21:00:00+00:00,9.667,9.718,9.255,9.35,7100.0
2010-03-31 21:00:00+00:00,9.343,9.42,9.276,9.371,3499.0
2010-04-04 21:00:00+00:00,9.375,9.415,9.283,9.296,2424.0
2010-04-05 21:00:00+00:00,9.316,9.404,9.284,9.399,2874.0
2010-04-06 21:00:00+00:00,9.382,9.527,9.345,9.472,3985.0
2010-04-07 21:00:00+00:00,9.46,9.495,9.411,9.439,2847.0
2010-04-08 21:00:00+00:00,9.419,9.596,9.392,9.492,4728.0
2010-04-11 21:00:00+00:00,9.507,9.618,9.49,9.57,3758.0
2010-04-12 21:00:00+00:00,9.546,9.686,9.506,9.654,3954.0
2010-04-13 21:00:00+00:00,9.644,9.724,9.615,9.642,3774.0
2010-04-14 21:00:00+00:00,9.65,9.82,9.609,9.808,4283.0
2010-04-15 21:00:00+00:00,9.796,9.864,9.749,9.782,3313.0
2010-04-18 21:00:00+00:00,9.815,9.855,9.727,9.774,3747.0
2010-04-19 21:00:00+00:00,9.779,9.884,9.779,9.852,3029.0
2010-04-20 21:00:00+00:00,9.864,10.061,9.838,9.959,5181.0
2010-04-21 21:00:00+00:00,9.964,10.064,9.926,10.059,4478.0
2010-04-22 21:00:00+00:00,10.035,10.08,9.976,9.991,3367.0
2010-04-25 21:00:00+00:00,9.961,10.11,9.954,10.004,4157.0
2010-04-26 21:00:00+00:00,9.985,10.027,9.825,9.84,4711.0
2010-04-27 21:00:00+00:00,9.842,9.935,9.796,9.853,4298.0
2010-04-28 21:00:00+00:00,9.851,9.978,9.846,9.871,3917.0
2010-04-29 21:00:00+00:00,9.874,9.939,9.837,9.915,3314.0
2010-05-02 21:00:00+00:00,9.91,9.947,9.762,9.774,4068.0
2010-05-03 21:00:00+00:00,9.782,9.827,9.663,9.798,4796.0
2010-05-04 21:00:00+00:00,9.788,9.85,9.684,9.719,3970.0
2010-05-05 21:00:00+00:00,9.705,9.747,9.425,9.485,6073.0
2010-05-06 21:00:00+00:00,9.468,9.573,9.413,9.54,4888.0
2010-05-09 21:00:00+00:00,9.58,9.62,9.523,9.544,2942.0
2010-05-10 21:00:00+00:00,9.541,9.622,9.465,9.597,3522.0
2010-05-11 21:00:00+00:00,9.585,9.692,9.528,9.563,3933.0
2010-05-12 21:00:00+00:00,9.568,9.629,9.529,9.577,2708.0
2010-05-13 21:00:00+00:00,9.567,9.594,9.448,9.476,3465.0
2010-05-16 21:00:00+00:00,9.478,9.488,9.315,9.35,3400.0
2010-05-17 21:00:00+00:00,9.37,9.435,9.301,9.336,2930.0
2010-05-18 21:00:00+00:00,9.326,9.426,9.3,9.332,4407.0
2010-05-19 21:00:00+00:00,9.357,9.419,9.253,9.405,4395.0
2010-05-20 21:00:00+00:00,9.39,9.448,9.334,9.347,3457.0
2010-05-23 21:00:00+00:00,9.356,9.471,9.347,9.35,2998.0
2010-05-24 21:00:00+00:00,9.335,9.357,9.224,9.244,3321.0
2010-05-25 21:00:00+00:00,9.291,9.347,9.279,9.324,2728.0
2010-05-26 21:00:00+00:00,9.317,9.487,9.31,9.455,2941.0
2010-05-27 21:00:00+00:00,9.47,9.51,9.317,9.371,3397.0
2010-05-31 21:00:00+00:00,9.347,9.392,9.261,9.271,2711.0
2010-06-01 21:00:00+00:00,9.274,9.324,9.261,9.287,1990.0
2010-06-02 21:00:00+00:00,9.297,9.532,9.297,9.519,4190.0
2010-06-03 21:00:00+00:00,9.507,9.54,9.274,9.316,4251.0
2010-06-06 21:00:00+00:00,9.301,9.352,9.244,9.307,3152.0
2010-06-07 21:00:00+00:00,9.302,9.338,9.223,9.238,2891.0
2010-06-08 21:00:00+00:00,9.261,9.481,9.226,9.396,4408.0
2010-06-09 21:00:00+00:00,9.391,9.484,9.27,9.31,4006.0
2010-06-10 21:00:00+00:00,9.315,9.436,9.271,9.416,2495.0
2010-06-13 21:00:00+00:00,9.418,9.556,9.416,9.461,3085.0
2010-06-14 21:00:00+00:00,9.466,9.587,9.442,9.487,2782.0
2010-06-15 21:00:00+00:00,9.465,9.588,9.46,9.538,2232.0
2010-06-16 21:00:00+00:00,9.541,9.611,9.482,9.502,2583.0
2010-06-17 21:00:00+00:00,9.507,9.585,9.498,9.575,2119.0
2010-06-20 21:00:00+00:00,9.627,9.69,9.563,9.606,2326.0
2010-06-21 21:00:00+00:00,9.609,9.677,9.594,9.622,1634.0
2010-06-22 21:00:00+00:00,9.62,9.64,9.548,9.553,1595.0
2010-06-23 21:00:00+00:00,9.558,9.629,9.532,9.539,1474.0
2010-06-24 21:00:00+00:00,9.542,9.588,9.529,9.568,1241.0
2010-06-27 21:00:00+00:00,9.565,9.593,9.516,9.593,1190.0
2010-06-28 21:00:00+00:00,9.61,9.651,9.49,9.53,1393.0
2010-06-29 21:00:00+00:00,9.496,9.718,9.452,9.516,2243.0
2010-06-30 21:00:00+00:00,9.497,9.56,9.436,9.53,1465.0
2010-07-01 21:00:00+00:00,9.534,9.655,9.521,9.622,1284.0
2010-07-05 21:00:00+00:00,9.578,9.738,9.543,9.56,1614.0
2010-07-06 21:00:00+00:00,9.564,9.876,9.564,9.858,1874.0
2010-07-07 21:00:00+00:00,9.814,10.085,9.774,9.947,2619.0
2010-07-08 21:00:00+00:00,9.957,10.129,9.933,10.1,2207.0
2010-07-11 21:00:00+00:00,10.05,10.229,10.0,10.125,2498.0
2010-07-12 21:00:00+00:00,10.094,10.182,10.065,10.09,1833.0
2010-07-13 21:00:00+00:00,10.072,10.173,10.061,10.099,1489.0
2010-07-14 21:00:00+00:00,10.085,10.345,10.026,10.32,2497.0
2010-07-15 21:00:00+00:00,10.306,10.394,10.252,10.333,1613.0
2010-07-18 21:00:00+00:00,10.184,10.335,10.143,10.213,1524.0
2010-07-19 21:00:00+00:00,10.174,10.247,10.088,10.234,1181.0
2010-07-20 21:00:00+00:00,10.223,10.301,10.175,10.252,1172.0
2010-07-21 21:00:00+00:00,10.234,10.357,10.182,10.23,1252.0
2010-07-22 21:00:00+00:00,10.247,10.312,10.211,10.271,1067.0
2010-07-25 21:00:00+00:00,10.221,10.235,10.019,10.049,1048.0
2010-07-26 21:00:00+00:00,10.05,10.123,10.019,10.052,770.0
2010-07-27 21:00:00+00:00,9.98,10.127,9.975,10.099,845.0
2010-07-28 21:00:00+00:00,10.095,10.204,10.095,10.196,858.0
2010-07-29 21:00:00+00:00,10.169,10.395,10.169,10.388,1022.0
2010-08-01 21:00:00+00:00,10.348,10.605,10.317,10.41,1325.0
2010-08-02 21:00:00+00:00,10.401,10.463,10.282,10.427,1218.0
2010-08-03 21:00:00+00:00,10.434,10.571,10.409,10.524,1097.0
2010-08-04 21:00:00+00:00,10.497,10.767,10.386,10.516,1467.0
2010-08-05 21:00:00+00:00,10.507,10.628,10.466,10.612,1080.0
2010-08-08 21:00:00+00:00,10.577,10.696,10.522,10.527,813.0
2010-08-09 21:00:00+00:00,10.528,10.536,10.381,10.384,830.0
2010-08-10 21:00:00+00:00,10.385,10.465,10.311,10.361,869.0
2010-08-11 21:00:00+00:00,10.339,10.554,10.295,10.447,1145.0
2010-08-12 21:00:00+00:00,10.446,10.614,10.446,10.614,755.0
2010-08-15 21:00:00+00:00,10.574,10.661,10.468,10.486,657.0
2010-08-16 21:00:00+00:00,10.33,10.498,10.33,10.468,3849.0
2010-08-17 21:00:00+00:00,10.465,10.523,10.289,10.357,5592.0
2010-08-18 21:00:00+00:00,10.364,10.446,10.12,10.188,5818.0
2010-08-19 21:00:00+00:00,10.182,10.202,10.056,10.084,4474.0
2010-08-22 21:00:00+00:00,10.09,10.158,10.034,10.112,3329.0
2010-08-23 21:00:00+00:00,10.104,10.132,9.986,10.036,4171.0
2010-08-24 21:00:00+00:00,10.044,10.106,9.983,10.048,3803.0
2010-08-25 21:00:00+00:00,10.056,10.208,10.051,10.198,3453.0
2010-08-26 21:00:00+00:00,10.203,10.343,10.188,10.323,3808.0
2010-08-29 21:00:00+00:00,10.347,10.387,10.251,10.266,4188.0
2010-08-30 21:00:00+00:00,10.236,10.316,10.112,10.127,5048.0
2010-08-31 21:00:00+00:00,10.137,10.22,10.084,10.107,4151.0
2010-09-01 21:00:00+00:00,10.117,10.146,10.051,10.134,2959.0
2010-09-02 21:00:00+00:00,10.144,10.457,10.133,10.404,6460.0
2010-09-06 21:00:00+00:00,10.392,10.577,10.329,10.552,5116.0
2010-09-07 21:00:00+00:00,10.547,10.612,10.492,10.536,4244.0
2010-09-08 21:00:00+00:00,10.541,10.571,10.378,10.501,4263.0
2010-09-09 21:00:00+00:00,10.491,10.515,10.349,10.367,4972.0
2010-09-12 21:00:00+00:00,10.346,10.448,10.265,10.385,3980.0
2010-09-13 21:00:00+00:00,10.383,10.46,10.287,10.405,4527.0
2010-09-14 21:00:00+00:00,10.387,10.487,10.379,10.474,3516.0
2010-09-15 21:00:00+00:00,10.467,10.502,10.366,10.418,3626.0
2010-09-16 21:00:00+00:00,10.403,10.756,10.403,10.731,8615.0
2010-09-19 21:00:00+00:00,10.725,11.031,10.717,10.895,8333.0
2010-09-20 21:00:00+00:00,10.872,10.972,10.827,10.857,5244.0
2010-09-21 21:00:00+00:00,10.834,10.961,10.829,10.939,4480.0
2010-09-22 21:00:00+00:00,10.944,11.016,10.828,10.971,6215.0
2010-09-23 21:00:00+00:00,10.963,11.316,10.933,11.276,8073.0
2010-09-26 21:00:00+00:00,11.292,11.472,11.251,11.337,8290.0
2010-09-27 21:00:00+00:00,11.301,11.386,11.085,11.095,5782.0
2010-09-28 21:00:00+00:00,11.11,11.133,10.864,11.012,7401.0
2010-09-29 21:00:00+00:00,11.017,11.127,10.851,11.059,7574.0
2010-09-30 21:00:00+00:00,11.084,11.094,10.577,10.587,9859.0
2010-10-03 21:00:00+00:00,10.575,10.64,10.445,10.555,6945.0
2010-10-04 21:00:00+00:00,10.562,10.802,10.522,10.725,6201.0
2010-10-05 21:00:00+00:00,10.727,10.777,10.639,10.646,4272.0
2010-10-06 21:00:00+00:00,10.636,10.768,10.634,10.698,4890.0
2010-10-07 21:00:00+00:00,10.663,11.374,10.643,11.374,1391.0
2010-10-10 21:00:00+00:00,11.788,11.843,11.53,11.542,9887.0
2010-10-11 21:00:00+00:00,11.562,11.88,11.562,11.794,10098.0
2010-10-12 21:00:00+00:00,11.797,11.967,11.742,11.794,9542.0
2010-10-13 21:00:00+00:00,11.786,11.966,11.781,11.923,7479.0
2010-10-14 21:00:00+00:00,11.911,12.063,11.855,11.867,7003.0
2010-10-17 21:00:00+00:00,11.838,11.898,11.768,11.883,7055.0
2010-10-18 21:00:00+00:00,11.86,11.968,11.672,11.814,8164.0
2010-10-19 21:00:00+00:00,11.797,12.157,11.754,12.147,8131.0
2010-10-20 21:00:00+00:00,12.137,12.252,12.031,12.038,7231.0
2010-10-21 21:00:00+00:00,12.046,12.14,12.003,12.005,5413.0
2010-10-24 21:00:00+00:00,12.038,12.248,12.003,12.188,5137.0
2010-10-25 21:00:00+00:00,12.183,12.252,12.098,12.222,4503.0
2010-10-26 21:00:00+00:00,12.21,12.282,11.991,12.224,6653.0
2010-10-27 21:00:00+00:00,12.226,12.366,12.177,12.215,5885.0
2010-10-28 21:00:00+00:00,12.23,12.26,12.132,12.209,5111.0
2010-10-31 21:00:00+00:00,12.285,12.347,12.172,12.259,5370.0
2010-11-01 21:00:00+00:00,12.246,12.312,12.193,12.248,3956.0
2010-11-02 21:00:00+00:00,12.241,12.298,12.113,12.274,5355.0
2010-11-03 21:00:00+00:00,12.284,12.677,12.274,12.635,8863.0
2010-11-04 21:00:00+00:00,12.638,12.787,12.601,12.708,6506.0
2010-11-07 22:00:00+00:00,12.732,12.787,12.634,12.634,5757.0
2010-11-08 22:00:00+00:00,12.644,13.327,12.59,13.164,16945.0
2010-11-09 22:00:00+00:00,13.161,13.2,13.039,13.078,8924.0
2010-11-10 22:00:00+00:00,13.094,13.313,13.069,13.288,8511.0
2010-11-11 22:00:00+00:00,13.316,13.378,12.591,12.591,12842.0
2010-11-14 22:00:00+00:00,12.564,12.977,12.428,12.786,11783.0
2010-11-15 22:00:00+00:00,12.767,12.802,12.076,12.111,15043.0
2010-11-16 22:00:00+00:00,12.123,12.236,11.667,11.958,15245.0
2010-11-17 22:00:00+00:00,12.001,12.367,11.852,12.339,9640.0
2010-11-18 22:00:00+00:00,12.352,12.472,11.921,11.929,10912.0
2010-11-21 22:00:00+00:00,11.88,12.149,11.82,12.132,9670.0
2010-11-22 22:00:00+00:00,12.17,12.383,11.937,12.317,10635.0
2010-11-23 22:00:00+00:00,12.333,12.503,12.29,12.443,6179.0
2010-11-25 22:00:00+00:00,12.495,12.544,12.282,12.315,3474.0
2010-11-28 22:00:00+00:00,12.328,12.413,12.194,12.28,6629.0
2010-11-29 22:00:00+00:00,12.31,12.403,12.208,12.393,6141.0
2010-11-30 22:00:00+00:00,12.361,12.77,12.334,12.753,8358.0
2010-12-01 22:00:00+00:00,12.75,12.801,12.668,12.712,5867.0
2010-12-02 22:00:00+00:00,12.715,12.947,12.675,12.932,7337.0
2010-12-05 22:00:00+00:00,12.976,13.003,12.74,12.805,6739.0
2010-12-06 22:00:00+00:00,12.823,12.971,12.762,12.797,6670.0
2010-12-07 22:00:00+00:00,12.77,12.905,12.606,12.888,7016.0
2010-12-08 22:00:00+00:00,12.901,12.931,12.726,12.735,5991.0
2010-12-09 22:00:00+00:00,12.776,12.829,12.622,12.667,6382.0
2010-12-12 22:00:00+00:00,12.644,12.996,12.519,12.956,6928.0
2010-12-13 22:00:00+00:00,12.949,13.062,12.875,12.89,5126.0
2010-12-14 22:00:00+00:00,12.881,13.099,12.859,12.909,6941.0
2010-12-15 22:00:00+00:00,12.907,12.99,12.804,12.844,5398.0
2010-12-16 22:00:00+00:00,12.842,12.955,12.79,12.94,4255.0
2010-12-19 22:00:00+00:00,12.986,13.139,12.914,13.105,5091.0
2010-12-20 22:00:00+00:00,13.112,13.241,13.075,13.206,3766.0
2010-12-21 22:00:00+00:00,13.211,13.292,13.137,13.257,3414.0
2010-12-22 22:00:00+00:00,13.295,13.549,13.283,13.504,4573.0
2010-12-26 22:00:00+00:00,13.437,13.793,13.397,13.74,6291.0
2010-12-27 22:00:00+00:00,13.746,13.863,13.729,13.749,4862.0
2010-12-28 22:00:00+00:00,13.759,13.787,13.646,13.654,4497.0
2010-12-29 22:00:00+00:00,13.659,13.746,13.6,13.695,5482.0
2010-12-30 22:00:00+00:00,13.673,13.939,13.661,13.93,4348.0
2011-01-02 22:00:00+00:00,13.863,13.993,13.656,13.713,7389.0
2011-01-03 22:00:00+00:00,13.688,13.81,13.483,13.615,8280.0
2011-01-04 22:00:00+00:00,13.627,13.857,13.528,13.812,8441.0
2011-01-05 22:00:00+00:00,13.832,13.895,13.67,13.687,7274.0
2011-01-06 22:00:00+00:00,13.677,13.735,13.514,13.547,7743.0
2011-01-09 22:00:00+00:00,13.595,13.859,13.575,13.737,6863.0
2011-01-10 22:00:00+00:00,13.735,13.8,13.47,13.503,6943.0
2011-01-11 22:00:00+00:00,13.513,14.185,13.508,14.098,11850.0
2011-01-12 22:00:00+00:00,14.103,14.241,14.046,14.131,8925.0
2011-01-13 22:00:00+00:00,14.102,14.158,13.969,14.148,7128.0
2011-01-17 22:00:00+00:00,14.045,14.223,14.006,14.074,8323.0
2011-01-18 22:00:00+00:00,14.089,14.241,13.948,14.08,8669.0
2011-01-19 22:00:00+00:00,14.056,14.135,13.763,14.077,8274.0
2011-01-20 22:00:00+00:00,14.084,14.197,13.978,14.053,9493.0
2011-01-23 22:00:00+00:00,14.056,14.196,13.901,13.97,6622.0
2011-01-24 22:00:00+00:00,13.975,14.013,13.638,13.661,7838.0
2011-01-25 22:00:00+00:00,13.691,13.846,13.579,13.786,6587.0
2011-01-26 22:00:00+00:00,13.829,13.937,13.717,13.935,6678.0
2011-01-27 22:00:00+00:00,13.952,14.17,13.863,13.948,9002.0
2011-01-30 22:00:00+00:00,13.894,14.074,13.887,14.06,5772.0
2011-01-31 22:00:00+00:00,14.077,14.347,14.025,14.342,7868.0
2011-02-01 22:00:00+00:00,14.338,14.463,14.279,14.404,6300.0
2011-02-02 22:00:00+00:00,14.396,14.47,14.285,14.298,6451.0
2011-02-03 22:00:00+00:00,14.331,14.373,14.17,14.287,5162.0
2011-02-06 22:00:00+00:00,14.33,14.388,14.164,14.189,4503.0
2011-02-07 22:00:00+00:00,14.202,14.307,14.093,14.298,5262.0
2011-02-08 22:00:00+00:00,14.323,14.511,14.303,14.473,7953.0
2011-02-09 22:00:00+00:00,14.466,14.504,14.255,14.265,5298.0
2011-02-10 22:00:00+00:00,14.286,14.378,14.06,14.12,7108.0
2011-02-13 22:00:00+00:00,14.15,14.208,13.962,14.014,5304.0
2011-02-14 22:00:00+00:00,13.992,14.055,13.612,13.642,8719.0
2011-02-15 22:00:00+00:00,13.654,13.725,13.535,13.623,7138.0
2011-02-16 22:00:00+00:00,13.626,14.033,13.626,13.999,7180.0
2011-02-17 22:00:00+00:00,14.031,14.066,13.586,13.606,7979.0
2011-02-21 22:00:00+00:00,13.638,13.701,12.855,12.856,9179.0
2011-02-22 22:00:00+00:00,12.847,13.077,12.713,13.075,8707.0
2011-02-23 22:00:00+00:00,13.068,13.112,12.854,13.034,7526.0
2011-02-24 22:00:00+00:00,13.037,13.731,12.972,13.461,12862.0
2011-02-27 22:00:00+00:00,13.53,13.552,13.333,13.412,7422.0
2011-02-28 22:00:00+00:00,13.435,13.521,13.298,13.484,8916.0
2011-03-01 22:00:00+00:00,13.502,13.745,13.478,13.684,10153.0
2011-03-02 22:00:00+00:00,13.663,13.901,13.605,13.847,7614.0
2011-03-03 22:00:00+00:00,13.86,14.003,13.72,13.895,8293.0
2011-03-06 22:00:00+00:00,13.888,13.958,13.62,13.718,7554.0
2011-03-07 22:00:00+00:00,13.731,13.734,13.52,13.596,7951.0
2011-03-08 22:00:00+00:00,13.599,13.619,13.26,13.287,9207.0
2011-03-09 22:00:00+00:00,13.293,13.477,13.012,13.33,10491.0
2011-03-10 22:00:00+00:00,13.326,13.385,12.85,13.141,10125.0
2011-03-13 21:00:00+00:00,13.163,13.229,12.982,13.205,8646.0
2011-03-14 21:00:00+00:00,13.225,13.265,12.518,12.518,14468.0
2011-03-15 21:00:00+00:00,12.553,12.895,12.553,12.711,11999.0
2011-03-16 21:00:00+00:00,12.687,13.281,12.672,13.136,9822.0
2011-03-17 21:00:00+00:00,13.178,13.669,13.045,13.432,13415.0
2011-03-20 21:00:00+00:00,13.514,13.588,13.341,13.465,8249.0
2011-03-21 21:00:00+00:00,13.463,13.485,13.27,13.448,5647.0
2011-03-22 21:00:00+00:00,13.498,13.549,13.343,13.353,5356.0
2011-03-23 21:00:00+00:00,13.334,13.413,13.217,13.4,6755.0
2011-03-24 21:00:00+00:00,13.399,13.515,13.369,13.431,6433.0
2011-03-27 21:00:00+00:00,13.446,13.536,13.32,13.347,6335.0
2011-03-28 21:00:00+00:00,13.303,13.54,13.261,13.481,6521.0
2011-03-29 21:00:00+00:00,13.472,13.593,13.412,13.569,5992.0
2011-03-30 21:00:00+00:00,13.584,14.17,13.541,13.918,9313.0
2011-03-31 21:00:00+00:00,13.969,14.018,13.724,13.81,9543.0
2011-04-03 21:00:00+00:00,13.801,13.894,13.659,13.697,7057.0
2011-04-04 21:00:00+00:00,13.715,13.767,13.539,13.596,6025.0
2011-04-05 21:00:00+00:00,13.614,13.758,13.602,13.634,5201.0
2011-04-06 21:00:00+00:00,13.637,13.71,13.486,13.536,6420.0
2011-04-07 21:00:00+00:00,13.517,13.822,13.512,13.8,7600.0
2011-04-10 21:00:00+00:00,13.844,13.954,13.534,13.569,7181.0
2011-04-11 21:00:00+00:00,13.585,13.598,13.083,13.19,8858.0
2011-04-12 21:00:00+00:00,13.226,13.392,13.184,13.266,5628.0
2011-04-13 21:00:00+00:00,13.256,13.282,13.072,13.209,5135.0
2011-04-14 21:00:00+00:00,13.235,13.295,13.133,13.225,4429.0
2011-04-17 21:00:00+00:00,13.235,13.424,13.127,13.354,4755.0
2011-04-18 21:00:00+00:00,13.435,13.483,13.359,13.414,3581.0
2011-04-19 21:00:00+00:00,13.409,13.727,13.402,13.574,6401.0
2011-04-20 21:00:00+00:00,13.567,13.801,13.51,13.778,5396.0
2011-04-24 21:00:00+00:00,13.783,13.869,13.692,13.849,6539.0
2011-04-25 21:00:00+00:00,13.842,13.856,13.666,13.786,5986.0
2011-04-26 21:00:00+00:00,13.776,13.857,13.569,13.7,7083.0
2011-04-27 21:00:00+00:00,13.748,13.892,13.275,13.409,9963.0
2011-04-28 21:00:00+00:00,13.412,13.84,13.347,13.837,7005.0
2011-05-01 21:00:00+00:00,13.803,13.918,13.707,13.829,7021.0
2011-05-02 21:00:00+00:00,13.827,13.869,13.451,13.523,6443.0
2011-05-03 21:00:00+00:00,13.536,13.573,13.373,13.428,5702.0
2011-05-04 21:00:00+00:00,13.423,13.515,13.004,13.154,8955.0
2011-05-05 21:00:00+00:00,13.126,13.314,12.971,13.2,10419.0
2011-05-08 21:00:00+00:00,13.185,13.328,13.141,13.261,5193.0
2011-05-09 21:00:00+00:00,13.259,13.438,13.229,13.304,5665.0
2011-05-10 21:00:00+00:00,13.29,13.345,13.05,13.236,7399.0
2011-05-11 21:00:00+00:00,13.202,13.508,13.049,13.347,8668.0
2011-05-12 21:00:00+00:00,13.355,13.442,13.132,13.222,8113.0
2011-05-15 21:00:00+00:00,13.217,13.357,13.144,13.174,5974.0
2011-05-16 21:00:00+00:00,13.167,13.347,13.043,13.324,8263.0
2011-05-17 21:00:00+00:00,13.327,13.798,13.327,13.691,9691.0
2011-05-18 21:00:00+00:00,13.689,13.809,13.613,13.735,7489.0
2011-05-19 21:00:00+00:00,13.693,13.88,13.572,13.709,7769.0
2011-05-22 21:00:00+00:00,13.784,13.854,13.586,13.638,6637.0
2011-05-23 21:00:00+00:00,13.664,13.816,13.585,13.647,6750.0
2011-05-24 21:00:00+00:00,13.658,13.798,13.653,13.706,5015.0
2011-05-25 21:00:00+00:00,13.709,13.911,13.699,13.817,5590.0
2011-05-26 21:00:00+00:00,13.807,13.872,13.691,13.736,4709.0
2011-05-30 21:00:00+00:00,13.651,13.849,13.601,13.71,6396.0
2011-05-31 21:00:00+00:00,13.712,13.838,13.638,13.838,6215.0
2011-06-01 21:00:00+00:00,13.798,14.053,13.776,13.996,6740.0
2011-06-02 21:00:00+00:00,14.007,14.135,13.984,14.06,5699.0
2011-06-05 21:00:00+00:00,14.101,14.126,13.768,13.795,6100.0
2011-06-06 21:00:00+00:00,13.773,13.894,13.748,13.872,5060.0
2011-06-07 21:00:00+00:00,13.869,14.117,13.798,13.938,7289.0
2011-06-08 21:00:00+00:00,13.948,14.081,13.812,13.872,6949.0
2011-06-09 21:00:00+00:00,13.912,13.925,13.724,13.779,5157.0
2011-06-12 21:00:00+00:00,13.807,13.86,13.741,13.766,4221.0
2011-06-13 21:00:00+00:00,13.779,13.826,13.493,13.645,6489.0
2011-06-14 21:00:00+00:00,13.638,13.713,13.504,13.664,6025.0
2011-06-15 21:00:00+00:00,13.662,13.689,13.446,13.461,5219.0
2011-06-16 21:00:00+00:00,13.466,13.534,13.268,13.275,5197.0
2011-06-19 21:00:00+00:00,13.313,13.427,13.284,13.342,3721.0
2011-06-20 21:00:00+00:00,13.35,13.515,13.345,13.446,2802.0
2011-06-21 21:00:00+00:00,13.456,13.486,13.175,13.272,4696.0
2011-06-22 21:00:00+00:00,13.283,13.303,12.899,13.137,4737.0
2011-06-23 21:00:00+00:00,13.157,13.26,13.088,13.165,2475.0
2011-06-26 21:00:00+00:00,13.159,13.284,13.077,13.267,2334.0
2011-06-27 21:00:00+00:00,13.317,13.44,13.258,13.266,1513.0
2011-06-28 21:00:00+00:00,13.287,13.48,13.239,13.277,1879.0
2011-06-29 21:00:00+00:00,13.314,13.384,12.905,13.038,2042.0
2011-06-30 21:00:00+00:00,13.05,13.25,13.027,13.175,2128.0
2011-07-04 21:00:00+00:00,13.218,13.327,13.149,13.245,1559.0
2011-07-05 21:00:00+00:00,13.224,13.299,13.134,13.251,1192.0
2011-07-06 21:00:00+00:00,13.239,13.476,13.239,13.443,1400.0
2011-07-07 21:00:00+00:00,13.428,13.533,13.383,13.483,1390.0
2011-07-10 21:00:00+00:00,13.526,13.594,13.405,13.478,1381.0
2011-07-11 21:00:00+00:00,13.498,13.665,13.367,13.577,1906.0
2011-07-12 21:00:00+00:00,13.559,13.849,13.554,13.769,1864.0
2011-07-13 21:00:00+00:00,13.772,13.896,13.764,13.843,1598.0
2011-07-14 21:00:00+00:00,13.853,13.993,13.788,13.893,1623.0
2011-07-17 21:00:00+00:00,13.878,13.938,13.72,13.85,1309.0
2011-07-18 21:00:00+00:00,13.91,14.1,13.774,13.829,1692.0
2011-07-19 21:00:00+00:00,13.817,13.926,13.748,13.811,1584.0
2011-07-20 21:00:00+00:00,13.796,13.881,13.715,13.825,1321.0
2011-07-21 21:00:00+00:00,13.815,13.902,13.764,13.809,1182.0
2011-07-24 21:00:00+00:00,13.707,13.73,13.529,13.652,1139.0
2011-07-25 21:00:00+00:00,13.677,13.851,13.644,13.844,1021.0
2011-07-26 21:00:00+00:00,13.83,13.888,13.687,13.729,1184.0
2011-07-27 21:00:00+00:00,13.722,13.789,13.646,13.654,1233.0
2011-07-28 21:00:00+00:00,13.659,13.711,13.46,13.49,1494.0
2011-07-31 21:00:00+00:00,13.517,13.682,13.492,13.564,1225.0
2011-08-01 21:00:00+00:00,13.571,13.771,13.443,13.744,1637.0
2011-08-02 21:00:00+00:00,13.711,13.743,13.568,13.613,1100.0
2011-08-03 21:00:00+00:00,13.643,13.653,13.329,13.382,1864.0
2011-08-04 21:00:00+00:00,13.322,13.386,13.156,13.291,2426.0
2011-08-07 21:00:00+00:00,13.147,13.237,13.029,13.059,1730.0
2011-08-08 21:00:00+00:00,13.022,13.171,12.784,12.954,2018.0
2011-08-09 21:00:00+00:00,12.991,13.131,12.903,12.991,1588.0
2011-08-10 21:00:00+00:00,12.928,13.511,12.92,13.27,1985.0
2011-08-11 21:00:00+00:00,13.298,13.388,13.215,13.282,1005.0
2011-08-14 21:00:00+00:00,13.326,13.464,13.326,13.433,789.0
2011-08-15 21:00:00+00:00,13.446,13.466,13.351,13.415,752.0
2011-08-16 21:00:00+00:00,13.4,13.609,13.368,13.572,5565.0
2011-08-17 21:00:00+00:00,13.567,13.59,13.352,13.509,5245.0
2011-08-18 21:00:00+00:00,13.492,13.651,13.387,13.587,5675.0
2011-08-21 21:00:00+00:00,13.659,13.789,13.614,13.757,4800.0
2011-08-22 21:00:00+00:00,13.789,13.904,13.757,13.889,5992.0
2011-08-23 21:00:00+00:00,13.885,13.937,13.786,13.846,5283.0
2011-08-24 21:00:00+00:00,13.826,13.884,13.747,13.822,4795.0
2011-08-25 21:00:00+00:00,13.817,14.166,13.77,14.158,8729.0
2011-08-28 21:00:00+00:00,14.124,14.386,14.111,14.381,7788.0
2011-08-29 21:00:00+00:00,14.408,14.493,14.279,14.459,7493.0
2011-08-30 21:00:00+00:00,14.464,14.559,14.385,14.47,6409.0
2011-08-31 21:00:00+00:00,14.46,14.48,14.233,14.272,7095.0
2011-09-01 21:00:00+00:00,14.312,14.433,14.263,14.361,6373.0
2011-09-05 21:00:00+00:00,14.253,14.263,14.002,14.114,8453.0
2011-09-06 21:00:00+00:00,14.149,14.267,14.046,14.11,6022.0
2011-09-07 21:00:00+00:00,14.128,14.176,14.022,14.097,5403.0
2011-09-08 21:00:00+00:00,14.092,14.212,14.05,14.19,5391.0
2011-09-11 21:00:00+00:00,14.245,14.247,13.813,13.88,8801.0
2011-09-12 21:00:00+00:00,13.903,13.947,13.749,13.844,7361.0
2011-09-13 21:00:00+00:00,13.864,13.895,13.703,13.76,5992.0
2011-09-14 21:00:00+00:00,13.778,13.801,13.498,13.525,7103.0
2011-09-15 21:00:00+00:00,13.521,13.62,13.437,13.519,5891.0
2011-09-18 21:00:00+00:00,13.499,13.511,13.199,13.301,7373.0
2011-09-19 21:00:00+00:00,13.348,13.441,13.292,13.314,5079.0
2011-09-20 21:00:00+00:00,13.31,13.392,13.141,13.169,6064.0
2011-09-21 21:00:00+00:00,13.132,13.137,12.754,12.772,9630.0
2011-09-22 21:00:00+00:00,12.804,12.836,12.446,12.536,10272.0
2011-09-25 21:00:00+00:00,12.601,12.621,12.21,12.527,10316.0
2011-09-26 21:00:00+00:00,12.572,12.737,12.54,12.57,6064.0
2011-09-27 21:00:00+00:00,12.555,12.563,12.165,12.175,8544.0
2011-09-28 21:00:00+00:00,12.18,12.333,12.046,12.258,7605.0
2011-09-29 21:00:00+00:00,12.264,12.341,11.707,11.724,9582.0
2011-10-02 21:00:00+00:00,11.721,11.856,11.58,11.714,8565.0
2011-10-03 21:00:00+00:00,11.705,11.75,11.481,11.534,8957.0
2011-10-04 21:00:00+00:00,11.606,11.701,11.572,11.614,6661.0
2011-10-05 21:00:00+00:00,11.612,11.789,11.547,11.588,6471.0
2011-10-06 21:00:00+00:00,11.595,11.663,11.486,11.574,5575.0
2011-10-09 21:00:00+00:00,11.548,11.896,11.548,11.764,7121.0
2011-10-10 21:00:00+00:00,11.766,12.42,11.712,12.311,13740.0
2011-10-11 21:00:00+00:00,12.306,12.434,12.082,12.359,10873.0
2011-10-12 21:00:00+00:00,12.344,12.547,12.27,12.505,7789.0
2011-10-13 21:00:00+00:00,12.547,12.725,12.458,12.668,7771.0
2011-10-16 21:00:00+00:00,12.66,12.69,12.471,12.474,6389.0
2011-10-17 21:00:00+00:00,12.502,12.502,12.238,12.457,7192.0
2011-10-18 21:00:00+00:00,12.48,12.563,12.209,12.224,7379.0
2011-10-19 21:00:00+00:00,12.227,12.237,11.99,12.188,8699.0
2011-10-20 21:00:00+00:00,12.225,12.433,12.096,12.101,6856.0
2011-10-23 21:00:00+00:00,12.098,12.376,12.074,12.254,6116.0
2011-10-24 21:00:00+00:00,12.239,12.339,12.155,12.22,5256.0
2011-10-25 21:00:00+00:00,12.24,12.335,12.102,12.114,4347.0
2011-10-26 21:00:00+00:00,12.112,12.441,12.112,12.383,6781.0
2011-10-27 21:00:00+00:00,12.356,12.426,12.159,12.181,5809.0
2011-10-30 21:00:00+00:00,12.191,12.211,11.958,12.117,5865.0
2011-10-31 21:00:00+00:00,12.08,12.152,11.825,11.959,7531.0
2011-11-01 21:00:00+00:00,11.942,12.109,11.89,11.948,4904.0
2011-11-02 21:00:00+00:00,11.933,12.239,11.933,12.197,7009.0
2011-11-03 21:00:00+00:00,12.192,12.235,12.114,12.129,3896.0
2011-11-06 22:00:00+00:00,12.136,12.158,11.911,11.946,5351.0
2011-11-07 22:00:00+00:00,11.963,12.103,11.928,11.989,4620.0
2011-11-08 22:00:00+00:00,11.987,12.051,11.768,11.786,6174.0
2011-11-09 22:00:00+00:00,11.779,11.846,11.605,11.63,6311.0
2011-11-10 22:00:00+00:00,11.616,11.745,11.616,11.701,4675.0
2011-11-13 22:00:00+00:00,11.718,11.868,11.709,11.749,4608.0
2011-11-14 22:00:00+00:00,11.722,12.001,11.722,11.939,6716.0
2011-11-15 22:00:00+00:00,11.937,11.969,11.768,11.821,5147.0
2011-11-16 22:00:00+00:00,11.808,11.861,11.563,11.64,6094.0
2011-11-17 22:00:00+00:00,11.643,11.718,11.472,11.666,5999.0
2011-11-20 22:00:00+00:00,11.656,11.688,11.398,11.408,5931.0
2011-11-21 22:00:00+00:00,11.423,11.506,11.358,11.466,5090.0
2011-11-22 22:00:00+00:00,11.498,11.533,11.161,11.181,6048.0
2011-11-24 22:00:00+00:00,11.157,11.21,10.981,11.046,6033.0
2011-11-27 22:00:00+00:00,11.1,11.227,11.095,11.191,5301.0
2011-11-28 22:00:00+00:00,11.198,11.341,11.106,11.201,5247.0
2011-11-29 22:00:00+00:00,11.184,11.416,11.072,11.297,6475.0
2011-11-30 22:00:00+00:00,11.29,11.394,11.121,11.256,5692.0
2011-12-01 22:00:00+00:00,11.261,11.404,11.242,11.319,5076.0
2011-12-04 22:00:00+00:00,11.361,11.446,11.182,11.227,4662.0
2011-12-05 22:00:00+00:00,11.222,11.28,11.163,11.261,4839.0
2011-12-06 22:00:00+00:00,11.268,11.333,11.202,11.289,4010.0
2011-12-07 22:00:00+00:00,11.279,11.33,11.175,11.29,4961.0
2011-12-08 22:00:00+00:00,11.275,11.3,10.969,11.027,6919.0
2011-12-11 22:00:00+00:00,11.049,11.119,10.92,11.094,4993.0
2011-12-12 22:00:00+00:00,11.09,11.24,11.033,11.155,4528.0
2011-12-13 22:00:00+00:00,11.123,11.163,10.914,11.007,6061.0
2011-12-14 22:00:00+00:00,10.979,11.112,10.974,11.107,4089.0
2011-12-15 22:00:00+00:00,11.095,11.278,11.088,11.275,5316.0
2011-12-18 22:00:00+00:00,11.347,11.463,11.293,11.373,5125.0
2011-12-19 22:00:00+00:00,11.346,11.474,11.331,11.427,4206.0
2011-12-20 22:00:00+00:00,11.422,11.567,11.3,11.507,4619.0
2011-12-21 22:00:00+00:00,11.53,11.685,11.446,11.613,4712.0
2011-12-22 22:00:00+00:00,11.615,11.673,11.568,11.636,2551.0
2011-12-26 22:00:00+00:00,11.745,12.062,11.735,11.978,6997.0
2011-12-27 22:00:00+00:00,11.961,12.101,11.844,11.992,6560.0
2011-12-28 22:00:00+00:00,11.974,12.03,11.846,11.878,5864.0
2011-12-29 22:00:00+00:00,11.874,12.073,11.859,12.038,4871.0
2012-01-02 22:00:00+00:00,12.249,12.366,12.152,12.194,6222.0
2012-01-03 22:00:00+00:00,12.192,12.278,12.125,12.225,6137.0
2012-01-04 22:00:00+00:00,12.221,12.258,11.99,12.008,6194.0
2012-01-05 22:00:00+00:00,11.996,12.12,11.86,11.865,5396.0
2012-01-08 22:00:00+00:00,11.877,12.276,11.872,12.251,7563.0
2012-01-09 22:00:00+00:00,12.234,12.296,12.132,12.247,6340.0
2012-01-10 22:00:00+00:00,12.208,12.248,11.935,11.948,6826.0
2012-01-11 22:00:00+00:00,11.955,12.065,11.434,11.777,9948.0
2012-01-12 22:00:00+00:00,11.753,11.877,11.51,11.517,7258.0
2012-01-16 22:00:00+00:00,11.568,11.807,11.565,11.765,5645.0
2012-01-17 22:00:00+00:00,11.763,11.811,11.662,11.764,5683.0
2012-01-18 22:00:00+00:00,11.779,11.914,11.754,11.904,4996.0
2012-01-19 22:00:00+00:00,11.914,11.979,11.771,11.796,4837.0
2012-01-22 22:00:00+00:00,11.883,12.133,11.863,12.088,6066.0
2012-01-23 22:00:00+00:00,12.081,12.238,11.982,12.144,5985.0
2012-01-24 22:00:00+00:00,12.137,12.207,12.03,12.08,5081.0
2012-01-25 22:00:00+00:00,12.083,12.255,12.078,12.171,5573.0
2012-01-26 22:00:00+00:00,12.164,12.204,12.097,12.125,3656.0
2012-01-29 22:00:00+00:00,12.092,12.135,11.8,11.807,5756.0
2012-01-30 22:00:00+00:00,11.82,11.965,11.795,11.957,4803.0
2012-01-31 22:00:00+00:00,11.973,12.143,11.973,12.123,4961.0
2012-02-01 22:00:00+00:00,12.088,12.201,12.017,12.124,5363.0
2012-02-02 22:00:00+00:00,12.122,12.319,12.095,12.285,5948.0
2012-02-05 22:00:00+00:00,12.265,12.398,12.265,12.301,5276.0
2012-02-06 22:00:00+00:00,12.278,12.353,12.229,12.279,4085.0
2012-02-07 22:00:00+00:00,12.262,12.407,12.188,12.268,5022.0
2012-02-08 22:00:00+00:00,12.256,12.436,12.189,12.242,6929.0
2012-02-09 22:00:00+00:00,12.254,12.27,12.113,12.248,4693.0
2012-02-12 22:00:00+00:00,12.345,12.506,12.285,12.501,6387.0
2012-02-13 22:00:00+00:00,12.486,12.584,12.421,12.512,5789.0
2012-02-14 22:00:00+00:00,12.514,12.657,12.457,12.593,6014.0
2012-02-15 22:00:00+00:00,12.573,12.614,12.431,12.559,5096.0
2012-02-16 22:00:00+00:00,12.549,12.702,12.532,12.637,4055.0
2012-02-20 22:00:00+00:00,12.684,12.734,12.575,12.667,4780.0
2012-02-21 22:00:00+00:00,12.652,12.698,12.591,12.683,3067.0
2012-02-22 22:00:00+00:00,12.707,12.798,12.658,12.768,4506.0
2012-02-23 22:00:00+00:00,12.763,12.853,12.726,12.813,4068.0
2012-02-26 22:00:00+00:00,12.798,12.975,12.778,12.955,5804.0
2012-02-27 22:00:00+00:00,12.938,13.085,12.938,13.065,5538.0
2012-02-28 22:00:00+00:00,13.048,13.181,13.018,13.131,6086.0
2012-02-29 22:00:00+00:00,13.094,13.177,13.002,13.159,5475.0
2012-03-01 22:00:00+00:00,13.154,13.269,13.102,13.26,4708.0
2012-03-04 22:00:00+00:00,13.241,13.307,13.172,13.185,4765.0
2012-03-05 22:00:00+00:00,13.183,13.305,13.096,13.298,6368.0
2012-03-06 22:00:00+00:00,13.283,13.333,13.184,13.206,4779.0
2012-03-07 22:00:00+00:00,13.214,13.334,13.184,13.317,4942.0
2012-03-08 22:00:00+00:00,13.314,13.499,13.248,13.323,8213.0
2012-03-11 21:00:00+00:00,13.327,13.365,13.27,13.29,4395.0
2012-03-12 21:00:00+00:00,13.278,13.495,13.261,13.436,5217.0
2012-03-13 21:00:00+00:00,13.438,13.556,13.414,13.484,4918.0
2012-03-14 21:00:00+00:00,13.471,13.649,13.469,13.629,5304.0
2012-03-15 21:00:00+00:00,13.634,13.724,13.585,13.702,4715.0
2012-03-18 21:00:00+00:00,13.694,13.731,13.577,13.632,3846.0
2012-03-19 21:00:00+00:00,13.623,13.633,13.372,13.417,5291.0
2012-03-20 21:00:00+00:00,13.404,13.534,13.402,13.527,4469.0
2012-03-21 21:00:00+00:00,13.505,13.555,13.341,13.463,4891.0
2012-03-22 21:00:00+00:00,13.458,13.651,13.451,13.621,4447.0
2012-03-25 21:00:00+00:00,13.615,13.843,13.598,13.751,4712.0
2012-03-26 21:00:00+00:00,13.756,13.831,13.647,13.677,4353.0
2012-03-27 21:00:00+00:00,13.667,13.749,13.6,13.65,4226.0
2012-03-28 21:00:00+00:00,13.653,13.725,13.471,13.504,6141.0
2012-03-29 21:00:00+00:00,13.516,14.12,13.497,13.981,9786.0
2012-04-01 21:00:00+00:00,14.033,14.3,14.028,14.176,7023.0
2012-04-02 21:00:00+00:00,14.173,14.306,14.104,14.119,4337.0
2012-04-03 21:00:00+00:00,14.109,14.262,14.047,14.185,6059.0
2012-04-04 21:00:00+00:00,14.165,14.308,14.113,14.288,4686.0
2012-04-08 21:00:00+00:00,14.278,14.436,14.204,14.269,4873.0
2012-04-09 21:00:00+00:00,14.279,14.492,14.188,14.265,7747.0
2012-04-10 21:00:00+00:00,14.25,14.283,14.121,14.166,4671.0
2012-04-11 21:00:00+00:00,14.204,14.416,14.171,14.394,4775.0
2012-04-12 21:00:00+00:00,14.397,14.449,14.285,14.34,4685.0
2012-04-15 21:00:00+00:00,14.32,14.332,14.131,14.188,4105.0
2012-04-16 21:00:00+00:00,14.213,14.36,14.195,14.288,2580.0
2012-04-17 21:00:00+00:00,14.273,14.368,14.063,14.116,4111.0
2012-04-18 21:00:00+00:00,14.118,14.326,14.091,14.171,4372.0
2012-04-19 21:00:00+00:00,14.174,14.556,14.149,14.553,6217.0
2012-04-22 21:00:00+00:00,14.472,14.542,14.367,14.372,5908.0
2012-04-23 21:00:00+00:00,14.375,14.682,14.347,14.647,6893.0
2012-04-24 21:00:00+00:00,14.62,14.937,14.62,14.732,8789.0
2012-04-25 21:00:00+00:00,14.717,14.8,14.605,14.768,6504.0
2012-04-26 21:00:00+00:00,14.798,15.037,14.785,14.905,8402.0
2012-04-29 21:00:00+00:00,14.874,15.041,14.791,15.016,5368.0
2012-04-30 21:00:00+00:00,15.011,15.019,14.892,15.002,5148.0
2012-05-01 21:00:00+00:00,14.982,15.097,14.782,14.785,8176.0
2012-05-02 21:00:00+00:00,14.797,14.86,14.628,14.705,6123.0
2012-05-03 21:00:00+00:00,14.693,14.785,14.553,14.753,7309.0
2012-05-06 21:00:00+00:00,14.677,14.762,14.577,14.649,5728.0
2012-05-07 21:00:00+00:00,14.647,14.687,14.318,14.333,8420.0
2012-05-08 21:00:00+00:00,14.358,14.393,14.109,14.258,7768.0
2012-05-09 21:00:00+00:00,14.276,14.563,14.271,14.551,7577.0
2012-05-10 21:00:00+00:00,14.546,14.593,14.002,14.015,8344.0
2012-05-13 21:00:00+00:00,14.038,14.045,13.738,13.818,9807.0
2012-05-14 21:00:00+00:00,13.834,14.136,13.779,14.113,7871.0
2012-05-15 21:00:00+00:00,14.111,14.209,13.841,14.191,9105.0
2012-05-16 21:00:00+00:00,14.216,14.476,14.181,14.349,7423.0
2012-05-17 21:00:00+00:00,14.329,14.367,14.03,14.062,7296.0
2012-05-20 21:00:00+00:00,14.118,14.21,14.066,14.078,6111.0
2012-05-21 21:00:00+00:00,14.088,14.158,13.731,13.791,9273.0
2012-05-22 21:00:00+00:00,13.806,13.809,13.492,13.637,10367.0
2012-05-23 21:00:00+00:00,13.657,13.859,13.657,13.795,7612.0
2012-05-24 21:00:00+00:00,13.782,13.847,13.697,13.817,5172.0
2012-05-28 21:00:00+00:00,13.814,14.004,13.776,13.839,6371.0
2012-05-29 21:00:00+00:00,13.864,13.929,13.627,13.767,6787.0
2012-05-30 21:00:00+00:00,13.757,13.76,13.38,13.4,7751.0
2012-05-31 21:00:00+00:00,13.393,13.565,13.161,13.415,10273.0
2012-06-03 21:00:00+00:00,13.486,13.544,13.301,13.382,6545.0
2012-06-04 21:00:00+00:00,13.392,13.589,13.392,13.512,5949.0
2012-06-05 21:00:00+00:00,13.522,13.907,13.514,13.827,7075.0
2012-06-06 21:00:00+00:00,13.847,14.287,13.819,14.247,7635.0
2012-06-07 21:00:00+00:00,14.239,14.377,14.07,14.237,8117.0
2012-06-10 21:00:00+00:00,14.248,14.443,14.168,14.213,6294.0
2012-06-11 21:00:00+00:00,14.243,14.481,14.151,14.306,9283.0
2012-06-12 21:00:00+00:00,14.324,14.364,14.037,14.054,6348.0
2012-06-13 21:00:00+00:00,14.072,14.147,13.83,13.862,6433.0
2012-06-14 21:00:00+00:00,13.887,14.005,13.695,13.788,5665.0
2012-06-17 21:00:00+00:00,13.821,13.953,13.743,13.881,5073.0
2012-06-18 21:00:00+00:00,13.891,14.506,13.881,14.316,7787.0
2012-06-19 21:00:00+00:00,14.331,14.464,14.254,14.424,5566.0
2012-06-20 21:00:00+00:00,14.422,14.557,14.302,14.382,5612.0
2012-06-21 21:00:00+00:00,14.362,14.635,14.342,14.407,4318.0
2012-06-24 21:00:00+00:00,14.608,14.906,14.578,14.826,4064.0
2012-06-25 21:00:00+00:00,14.833,14.904,14.607,14.669,3402.0
2012-06-26 21:00:00+00:00,14.662,14.922,14.624,14.687,3379.0
2012-06-27 21:00:00+00:00,14.695,14.755,14.489,14.574,3462.0
2012-06-28 21:00:00+00:00,14.582,14.967,14.51,14.917,4312.0
2012-07-01 21:00:00+00:00,15.025,15.196,14.946,15.031,3318.0
2012-07-02 21:00:00+00:00,15.157,15.426,15.071,15.356,2877.0
2012-07-04 21:00:00+00:00,15.548,15.95,15.538,15.925,4494.0
2012-07-05 21:00:00+00:00,15.894,15.924,15.709,15.789,3309.0
2012-07-08 21:00:00+00:00,15.967,16.343,15.922,16.151,4455.0
2012-07-09 21:00:00+00:00,16.148,16.199,15.945,16.023,3411.0
2012-07-10 21:00:00+00:00,16.0,16.333,15.609,15.825,6147.0
2012-07-11 21:00:00+00:00,15.837,15.968,15.671,15.8,3338.0
2012-07-12 21:00:00+00:00,15.797,16.077,15.792,16.036,2928.0
2012-07-15 21:00:00+00:00,16.202,16.431,16.171,16.403,3131.0
2012-07-16 21:00:00+00:00,16.503,16.548,16.236,16.456,3474.0
2012-07-17 21:00:00+00:00,16.458,16.922,16.326,16.89,3939.0
2012-07-18 21:00:00+00:00,16.887,17.558,16.841,17.359,6018.0
2012-07-19 21:00:00+00:00,17.381,17.844,17.356,17.653,4709.0
2012-07-22 21:00:00+00:00,17.669,17.687,16.932,17.023,4696.0
2012-07-23 21:00:00+00:00,17.077,17.118,16.336,16.513,4808.0
2012-07-24 21:00:00+00:00,16.506,17.068,16.229,16.99,5613.0
2012-07-25 21:00:00+00:00,16.922,17.018,16.534,16.606,4411.0
2012-07-26 21:00:00+00:00,16.586,16.993,16.455,16.882,3553.0
2012-07-29 21:00:00+00:00,17.027,17.31,17.027,17.288,2224.0
2012-07-30 21:00:00+00:00,17.25,17.502,17.19,17.213,2689.0
2012-07-31 21:00:00+00:00,17.23,17.419,16.649,17.048,5063.0
2012-08-01 21:00:00+00:00,17.092,17.204,16.625,16.846,3779.0
2012-08-02 21:00:00+00:00,16.862,17.066,16.699,16.973,3028.0
2012-08-05 21:00:00+00:00,16.654,16.696,16.427,16.499,3370.0
2012-08-06 21:00:00+00:00,16.472,16.673,16.268,16.296,2323.0
2012-08-07 21:00:00+00:00,16.294,16.54,16.22,16.522,2070.0
2012-08-08 21:00:00+00:00,16.515,17.096,16.469,17.072,2419.0
2012-08-09 21:00:00+00:00,17.034,17.524,16.986,17.24,3246.0
2012-08-12 21:00:00+00:00,17.1,17.28,16.655,16.665,2529.0
2012-08-13 21:00:00+00:00,16.651,16.8,16.542,16.681,1846.0
2012-08-14 21:00:00+00:00,16.669,17.052,16.669,17.039,1628.0
2012-08-15 21:00:00+00:00,17.029,17.156,16.888,16.97,1258.0
2012-08-16 21:00:00+00:00,16.55,16.784,16.511,16.766,6823.0
2012-08-19 21:00:00+00:00,16.761,17.155,16.71,17.153,9703.0
2012-08-20 21:00:00+00:00,17.155,17.65,17.114,17.612,13412.0
2012-08-21 21:00:00+00:00,17.609,17.651,17.458,17.588,10012.0
2012-08-22 21:00:00+00:00,17.598,17.755,17.34,17.444,13697.0
2012-08-23 21:00:00+00:00,17.454,17.674,17.406,17.619,9551.0
2012-08-26 21:00:00+00:00,17.7,17.9,17.425,17.493,13443.0
2012-08-27 21:00:00+00:00,17.518,17.596,17.29,17.523,11216.0
2012-08-28 21:00:00+00:00,17.515,17.824,17.445,17.804,9681.0
2012-08-29 21:00:00+00:00,17.813,17.996,17.632,17.894,11135.0
2012-08-30 21:00:00+00:00,17.891,17.913,17.732,17.816,9557.0
2012-09-03 21:00:00+00:00,17.982,18.159,17.817,17.928,11596.0
2012-09-04 21:00:00+00:00,17.93,17.96,17.681,17.749,8837.0
2012-09-05 21:00:00+00:00,17.736,17.792,17.508,17.715,10792.0
2012-09-06 21:00:00+00:00,17.712,17.77,17.509,17.58,9962.0
2012-09-09 21:00:00+00:00,17.519,17.682,17.397,17.419,9387.0
2012-09-10 21:00:00+00:00,17.414,17.525,17.215,17.228,10041.0
2012-09-11 21:00:00+00:00,17.23,17.731,17.16,17.701,19050.0
2012-09-12 21:00:00+00:00,17.69,17.728,17.553,17.702,9750.0
2012-09-13 21:00:00+00:00,17.691,17.884,17.597,17.602,9724.0
2012-09-16 21:00:00+00:00,17.546,17.576,16.893,16.893,13689.0
2012-09-17 21:00:00+00:00,16.801,16.892,16.5,16.591,17372.0
2012-09-18 21:00:00+00:00,16.626,16.955,16.625,16.865,11200.0
2012-09-19 21:00:00+00:00,16.875,17.057,16.346,16.371,17494.0
2012-09-20 21:00:00+00:00,16.388,16.578,16.257,16.431,12680.0
2012-09-23 21:00:00+00:00,16.393,16.436,16.074,16.264,13306.0
2012-09-24 21:00:00+00:00,16.253,16.426,16.21,16.291,8578.0
2012-09-25 21:00:00+00:00,16.278,16.301,15.81,15.896,12176.0
2012-09-26 21:00:00+00:00,15.901,16.0,15.732,15.86,12445.0
2012-09-27 21:00:00+00:00,15.857,16.296,15.749,16.142,21775.0
2012-09-30 21:00:00+00:00,16.114,16.15,15.723,15.756,12531.0
2012-10-01 21:00:00+00:00,15.74,15.755,15.403,15.435,12514.0
2012-10-02 21:00:00+00:00,15.452,15.573,15.173,15.449,13460.0
2012-10-03 21:00:00+00:00,15.454,15.822,15.444,15.637,10703.0
2012-10-04 21:00:00+00:00,15.652,15.826,15.576,15.654,9732.0
2012-10-07 21:00:00+00:00,15.657,15.733,15.495,15.617,8034.0
2012-10-08 21:00:00+00:00,15.624,15.859,15.588,15.601,8568.0
2012-10-09 21:00:00+00:00,15.593,15.614,15.291,15.348,9643.0
2012-10-10 21:00:00+00:00,15.34,15.792,15.322,15.602,17922.0
2012-10-11 21:00:00+00:00,15.589,15.644,15.204,15.327,10863.0
2012-10-14 21:00:00+00:00,15.287,15.297,14.95,15.033,10541.0
2012-10-15 21:00:00+00:00,15.035,15.239,15.02,15.025,7877.0
2012-10-16 21:00:00+00:00,15.027,15.2,14.961,15.195,5912.0
2012-10-17 21:00:00+00:00,15.177,15.564,15.162,15.529,8984.0
2012-10-18 21:00:00+00:00,15.533,15.642,15.405,15.412,8335.0
2012-10-21 21:00:00+00:00,15.383,15.66,15.34,15.538,7652.0
2012-10-22 21:00:00+00:00,15.54,15.62,15.36,15.61,6256.0
2012-10-23 21:00:00+00:00,15.617,15.816,15.562,15.768,6749.0
2012-10-24 21:00:00+00:00,15.76,15.811,15.637,15.712,5933.0
2012-10-25 21:00:00+00:00,15.689,15.729,15.586,15.666,4991.0
2012-10-28 21:00:00+00:00,15.605,15.627,15.255,15.278,5615.0
2012-10-29 21:00:00+00:00,15.303,15.503,15.275,15.345,6227.0
2012-10-30 21:00:00+00:00,15.343,15.58,15.343,15.49,6498.0
2012-10-31 21:00:00+00:00,15.483,15.708,15.473,15.595,7214.0
2012-11-01 21:00:00+00:00,15.578,15.593,15.236,15.251,8193.0
2012-11-04 22:00:00+00:00,15.201,15.236,15.014,15.016,7863.0
2012-11-05 22:00:00+00:00,15.024,15.224,15.019,15.134,5859.0
2012-11-06 22:00:00+00:00,15.154,15.211,14.966,15.074,8021.0
2012-11-07 22:00:00+00:00,15.064,15.129,14.944,14.961,7101.0
2012-11-08 22:00:00+00:00,14.939,14.984,14.494,14.509,13824.0
2012-11-11 22:00:00+00:00,14.477,14.482,14.015,14.047,12434.0
2012-11-12 22:00:00+00:00,14.065,14.172,13.907,14.087,9184.0
2012-11-13 22:00:00+00:00,14.07,14.28,14.067,14.192,8006.0
2012-11-14 22:00:00+00:00,14.195,14.272,14.005,14.032,6652.0
2012-11-15 22:00:00+00:00,14.027,14.087,13.718,13.832,9345.0
2012-11-18 22:00:00+00:00,13.863,14.023,13.85,13.955,6538.0
2012-11-19 22:00:00+00:00,13.948,14.155,13.803,14.128,7553.0
2012-11-20 22:00:00+00:00,14.115,14.235,13.988,14.068,6042.0
2012-11-22 22:00:00+00:00,14.215,14.265,14.14,14.16,2956.0
2012-11-25 22:00:00+00:00,14.193,14.351,14.163,14.246,5773.0
2012-11-26 22:00:00+00:00,14.243,14.506,14.226,14.501,6507.0
2012-11-27 22:00:00+00:00,14.498,14.563,14.396,14.461,6309.0
2012-11-28 22:00:00+00:00,14.466,14.596,14.408,14.486,6011.0
2012-11-29 22:00:00+00:00,14.483,14.512,14.287,14.377,2073.0
2012-12-02 22:00:00+00:00,14.377,14.622,14.377,14.515,2099.0
2012-12-03 22:00:00+00:00,14.524,14.605,14.358,14.553,1987.0
2012-12-04 22:00:00+00:00,14.539,14.791,14.539,14.789,2079.0
2012-12-05 22:00:00+00:00,14.779,14.909,14.73,14.896,2394.0
2012-12-06 22:00:00+00:00,14.904,14.978,14.7,14.71,2441.0
2012-12-07 22:00:00+00:00,14.71,14.71,14.71,14.71,1.0
2012-12-09 22:00:00+00:00,14.694,14.766,14.529,14.73,2261.0
2012-12-10 22:00:00+00:00,14.749,14.87,14.642,14.706,3600.0
2012-12-11 22:00:00+00:00,14.726,14.781,14.578,14.728,2641.0
2012-12-12 22:00:00+00:00,14.711,14.894,14.65,14.765,2167.0
2012-12-13 22:00:00+00:00,14.753,14.966,14.746,14.944,1624.0
2012-12-16 22:00:00+00:00,14.956,15.084,14.924,14.945,2011.0
2012-12-17 22:00:00+00:00,14.957,15.015,14.626,14.66,2009.0
2012-12-18 22:00:00+00:00,14.671,14.717,14.328,14.357,2687.0
2012-12-19 22:00:00+00:00,14.386,14.406,14.029,14.077,3166.0
2012-12-20 22:00:00+00:00,14.087,14.37,14.087,14.34,1716.0
2012-12-23 22:00:00+00:00,14.336,14.438,14.28,14.385,1115.0
2012-12-25 22:00:00+00:00,14.385,14.468,14.174,14.196,797.0
2012-12-26 22:00:00+00:00,14.193,14.313,14.136,14.163,1626.0
2012-12-27 22:00:00+00:00,14.174,14.294,14.151,14.195,1500.0
2012-12-30 22:00:00+00:00,14.184,14.273,14.03,14.192,1375.0
2013-01-01 22:00:00+00:00,14.192,14.381,13.885,13.941,2016.0
2013-01-02 22:00:00+00:00,13.969,13.978,13.746,13.884,2410.0
2013-01-03 22:00:00+00:00,13.892,13.989,13.58,13.728,3261.0
2013-01-04 22:00:00+00:00,13.728,13.728,13.728,13.728,1.0
2013-01-06 22:00:00+00:00,13.688,13.907,13.594,13.901,2838.0
2013-01-07 22:00:00+00:00,13.894,13.955,13.787,13.907,2591.0
2013-01-08 22:00:00+00:00,13.876,13.947,13.82,13.874,1902.0
2013-01-09 22:00:00+00:00,13.874,13.964,13.805,13.854,1673.0
2013-01-10 22:00:00+00:00,13.794,13.833,13.534,13.716,5134.0
2013-01-11 22:00:00+00:00,13.716,13.716,13.716,13.716,1.0
2013-01-13 22:00:00+00:00,13.792,14.246,13.783,14.187,3074.0
2013-01-14 22:00:00+00:00,14.183,14.376,14.1,14.164,2943.0
2013-01-15 22:00:00+00:00,14.154,14.386,14.14,14.362,2051.0
2013-01-16 22:00:00+00:00,14.375,14.495,14.241,14.299,2747.0
2013-01-17 22:00:00+00:00,14.33,14.398,14.228,14.305,2177.0
2013-01-18 22:00:00+00:00,14.305,14.305,14.305,14.305,3.0
2013-01-21 22:00:00+00:00,14.416,14.621,14.378,14.532,1995.0
2013-01-22 22:00:00+00:00,14.507,14.595,14.336,14.371,2215.0
2013-01-23 22:00:00+00:00,14.383,14.401,14.167,14.354,1953.0
2013-01-24 22:00:00+00:00,14.382,14.463,14.275,14.416,2267.0
2013-01-27 22:00:00+00:00,14.475,14.535,14.361,14.484,2500.0
2013-01-28 22:00:00+00:00,14.468,14.592,14.425,14.509,1529.0
2013-01-29 22:00:00+00:00,14.517,14.827,14.484,14.793,2273.0
2013-01-30 22:00:00+00:00,14.788,14.852,14.566,14.667,1990.0
2013-01-31 22:00:00+00:00,14.717,14.874,14.651,14.74,2086.0
2013-02-01 22:00:00+00:00,14.74,14.74,14.74,14.74,1.0
2013-02-03 22:00:00+00:00,14.846,14.99,14.768,14.888,1731.0
2013-02-04 22:00:00+00:00,14.885,14.965,14.794,14.959,1825.0
2013-02-05 22:00:00+00:00,14.949,14.958,14.782,14.875,1773.0
2013-02-06 22:00:00+00:00,14.893,14.978,14.793,14.884,2026.0
2013-02-07 22:00:00+00:00,14.876,14.957,14.526,14.536,3257.0
2013-02-08 22:00:00+00:00,14.536,14.536,14.536,14.536,1.0
2013-02-10 22:00:00+00:00,14.503,14.503,14.304,14.328,2072.0
2013-02-11 22:00:00+00:00,14.333,14.393,14.177,14.214,1703.0
2013-02-12 22:00:00+00:00,14.235,14.293,14.057,14.237,1658.0
2013-02-13 22:00:00+00:00,14.256,14.296,14.071,14.177,1522.0
2013-02-14 22:00:00+00:00,14.196,14.285,14.161,14.246,1480.0
2013-02-15 22:00:00+00:00,14.246,14.246,14.246,14.246,2.0
2013-02-18 22:00:00+00:00,14.257,14.747,14.257,14.708,2092.0
2013-02-19 22:00:00+00:00,14.708,14.924,14.673,14.843,2135.0
2013-02-20 22:00:00+00:00,14.815,14.948,14.715,14.873,1879.0
2013-02-21 22:00:00+00:00,14.882,15.169,14.604,14.636,3485.0
2013-02-24 22:00:00+00:00,14.599,14.705,14.392,14.536,3080.0
2013-02-25 22:00:00+00:00,14.517,14.603,14.381,14.504,3028.0
2013-02-27 22:00:00+00:00,14.564,14.849,14.514,14.696,2649.0
2013-02-28 22:00:00+00:00,14.701,14.746,14.5,14.603,2500.0
2013-03-01 22:00:00+00:00,14.603,14.603,14.603,14.603,1.0
2013-03-03 22:00:00+00:00,14.584,14.804,14.507,14.76,2612.0
2013-03-04 22:00:00+00:00,14.785,14.978,14.754,14.817,2839.0
2013-03-05 22:00:00+00:00,14.827,14.914,14.718,14.806,2780.0
2013-03-06 22:00:00+00:00,14.814,14.902,14.768,14.871,2200.0
2013-03-07 22:00:00+00:00,14.895,15.002,14.658,14.863,3526.0
2013-03-08 22:00:00+00:00,14.863,14.863,14.863,14.863,1.0
2013-03-10 21:00:00+00:00,14.903,14.989,14.824,14.933,2549.0
2013-03-11 21:00:00+00:00,14.938,14.957,14.799,14.835,1808.0
2013-03-12 21:00:00+00:00,14.824,14.832,14.546,14.617,2449.0
2013-03-13 21:00:00+00:00,14.605,14.64,14.429,14.477,2490.0
2013-03-14 21:00:00+00:00,14.558,14.59,14.361,14.378,2338.0
2013-03-15 21:00:00+00:00,14.378,14.378,14.378,14.378,1.0
2013-03-17 21:00:00+00:00,14.378,14.378,14.171,14.213,2109.0
2013-03-18 21:00:00+00:00,14.224,14.311,14.159,14.195,1909.0
2013-03-19 21:00:00+00:00,14.197,14.321,14.197,14.292,1598.0
2013-03-20 21:00:00+00:00,14.333,14.612,14.318,14.591,1842.0
2013-03-21 21:00:00+00:00,14.595,14.608,14.452,14.524,1798.0
2013-03-24 21:00:00+00:00,14.524,14.567,14.423,14.478,1671.0
2013-03-25 21:00:00+00:00,14.492,14.605,14.456,14.596,1380.0
2013-03-26 21:00:00+00:00,14.588,14.687,14.548,14.629,1225.0
2013-03-27 21:00:00+00:00,14.653,14.707,14.075,14.159,4324.0
2013-03-31 21:00:00+00:00,14.117,14.177,13.96,13.994,2597.0
2013-04-01 21:00:00+00:00,14.028,14.152,13.952,14.029,2218.0
2013-04-02 21:00:00+00:00,14.045,14.064,13.847,13.88,2396.0
2013-04-03 21:00:00+00:00,13.906,13.927,13.698,13.802,1555.0
2013-04-04 21:00:00+00:00,13.81,13.819,13.629,13.69,1616.0
2013-04-07 21:00:00+00:00,13.68,13.877,13.642,13.86,1777.0
2013-04-08 21:00:00+00:00,13.868,14.047,13.834,14.022,1828.0
2013-04-09 21:00:00+00:00,14.015,14.17,13.93,14.009,2956.0
2013-04-10 21:00:00+00:00,13.998,14.134,13.899,14.108,1890.0
2013-04-11 21:00:00+00:00,14.09,14.26,14.068,14.193,1466.0
2013-04-12 21:00:00+00:00,14.193,14.193,14.193,14.193,2.0
2013-04-14 21:00:00+00:00,14.19,14.26,14.022,14.022,2614.0
2013-04-15 21:00:00+00:00,14.007,14.231,13.955,14.16,1938.0
2013-04-16 21:00:00+00:00,14.172,14.357,14.123,14.279,2089.0
2013-04-17 21:00:00+00:00,14.263,14.474,14.255,14.355,1824.0
2013-04-18 21:00:00+00:00,14.373,14.466,14.28,14.346,1671.0
2013-04-21 21:00:00+00:00,14.302,14.318,14.127,14.206,1640.0
2013-04-22 21:00:00+00:00,14.224,14.345,14.222,14.258,1998.0
2013-04-23 21:00:00+00:00,14.243,14.304,14.118,14.168,2028.0
2013-04-24 21:00:00+00:00,14.158,14.429,14.147,14.406,1956.0
2013-04-25 21:00:00+00:00,14.428,14.565,14.366,14.503,1842.0
2013-04-28 21:00:00+00:00,14.489,14.793,14.467,14.747,2704.0
2013-04-29 21:00:00+00:00,14.768,14.931,14.654,14.666,2292.0
2013-04-30 21:00:00+00:00,14.64,14.657,14.312,14.401,2104.0
2013-05-01 21:00:00+00:00,14.389,14.487,14.328,14.372,2086.0
2013-05-02 21:00:00+00:00,14.372,14.648,14.369,14.522,1726.0
2013-05-05 21:00:00+00:00,14.44,14.571,14.272,14.292,1793.0
2013-05-06 21:00:00+00:00,14.297,14.445,14.28,14.424,1613.0
2013-05-07 21:00:00+00:00,14.433,14.635,14.395,14.496,1829.0
2013-05-08 21:00:00+00:00,14.496,14.692,14.468,14.679,1698.0
2013-05-09 21:00:00+00:00,14.672,14.788,14.482,14.581,3516.0
2013-05-12 21:00:00+00:00,14.503,14.794,14.497,14.733,1820.0
2013-05-13 21:00:00+00:00,14.749,14.82,14.603,14.698,1955.0
2013-05-14 21:00:00+00:00,14.706,14.781,14.562,14.642,2527.0
2013-05-15 21:00:00+00:00,14.673,14.845,14.619,14.779,2138.0
2013-05-16 21:00:00+00:00,14.808,15.013,14.769,15.012,2427.0
2013-05-19 21:00:00+00:00,14.97,15.145,14.939,15.138,2259.0
2013-05-20 21:00:00+00:00,15.118,15.296,15.064,15.29,2926.0
2013-05-21 21:00:00+00:00,15.272,15.436,15.202,15.429,2508.0
2013-05-22 21:00:00+00:00,15.425,15.975,15.369,15.569,5828.0
2013-05-23 21:00:00+00:00,15.413,15.55,15.19,15.264,3819.0
2013-05-27 21:00:00+00:00,15.214,15.736,15.195,15.532,3769.0
2013-05-28 21:00:00+00:00,15.502,15.634,15.333,15.454,3973.0
2013-05-29 21:00:00+00:00,15.451,15.509,15.292,15.393,2566.0
2013-05-30 21:00:00+00:00,15.388,15.647,15.383,15.525,2752.0
2013-06-02 21:00:00+00:00,15.491,15.801,15.488,15.717,3136.0
2013-06-03 21:00:00+00:00,15.703,15.717,15.562,15.663,2034.0
2013-06-04 21:00:00+00:00,15.669,15.864,15.61,15.717,2862.0
2013-06-05 21:00:00+00:00,15.696,15.706,15.56,15.612,2235.0
2013-06-06 21:00:00+00:00,15.645,15.773,15.564,15.643,2416.0
2013-06-09 21:00:00+00:00,15.55,15.585,15.344,15.423,2510.0
2013-06-10 21:00:00+00:00,15.471,15.75,15.465,15.736,2613.0
2013-06-11 21:00:00+00:00,15.711,15.891,15.608,15.72,4137.0
2013-06-12 21:00:00+00:00,15.701,15.733,15.351,15.411,2348.0
2013-06-13 21:00:00+00:00,15.374,15.499,15.337,15.439,1606.0
2013-06-16 21:00:00+00:00,15.338,15.436,15.158,15.43,2152.0
2013-06-17 21:00:00+00:00,15.402,15.571,15.392,15.4,2144.0
2013-06-18 21:00:00+00:00,15.408,15.545,15.316,15.5,2002.0
2013-06-19 21:00:00+00:00,15.47,15.476,15.218,15.238,1727.0
2013-06-20 21:00:00+00:00,15.201,15.275,15.108,15.133,1988.0
2013-06-23 21:00:00+00:00,15.01,15.137,14.926,15.116,1878.0
2013-06-24 21:00:00+00:00,15.137,15.246,15.087,15.209,1349.0
2013-06-25 21:00:00+00:00,15.18,15.216,15.09,15.135,1227.0
2013-06-26 21:00:00+00:00,15.124,15.245,15.094,15.192,1581.0
2013-06-27 21:00:00+00:00,15.164,15.33,14.965,15.183,3998.0
2013-06-30 21:00:00+00:00,15.085,15.35,15.014,15.153,2060.0
2013-07-01 21:00:00+00:00,15.145,15.236,15.094,15.123,1746.0
2013-07-02 21:00:00+00:00,15.119,15.271,15.107,15.185,1323.0
2013-07-04 21:00:00+00:00,15.185,15.185,15.039,15.044,629.0
2013-07-07 21:00:00+00:00,14.982,15.272,14.939,15.228,2010.0
2013-07-08 21:00:00+00:00,15.234,15.464,15.195,15.355,2486.0
2013-07-09 21:00:00+00:00,15.326,15.439,15.276,15.282,2299.0
2013-07-10 21:00:00+00:00,15.278,15.397,15.23,15.352,3195.0
2013-07-11 21:00:00+00:00,15.36,15.399,14.911,14.911,2900.0
2013-07-14 21:00:00+00:00,14.775,15.127,14.744,15.054,2338.0
2013-07-15 21:00:00+00:00,15.109,15.419,15.071,15.257,2897.0
2013-07-16 21:00:00+00:00,15.282,15.332,15.159,15.292,2627.0
2013-07-17 21:00:00+00:00,15.253,15.281,15.054,15.134,2272.0
2013-07-18 21:00:00+00:00,15.138,15.264,15.109,15.202,2486.0
2013-07-21 21:00:00+00:00,15.2,15.394,15.055,15.35,3011.0
2013-07-22 21:00:00+00:00,15.286,15.424,15.043,15.054,4565.0
2013-07-23 21:00:00+00:00,15.019,15.118,14.704,14.746,3880.0
2013-07-24 21:00:00+00:00,14.704,14.796,14.279,14.325,4120.0
2013-07-25 21:00:00+00:00,14.279,14.384,14.112,14.372,4347.0
2013-07-28 21:00:00+00:00,14.238,14.29,14.09,14.244,3123.0
2013-07-29 21:00:00+00:00,14.222,14.296,13.93,13.956,2985.0
2013-07-30 21:00:00+00:00,13.916,13.962,13.803,13.926,2087.0
2013-07-31 21:00:00+00:00,13.886,13.924,13.666,13.705,2328.0
2013-08-01 21:00:00+00:00,13.703,13.83,13.385,13.45,2708.0
2013-08-04 21:00:00+00:00,13.345,13.383,13.058,13.258,2737.0
2013-08-05 21:00:00+00:00,13.263,13.285,13.084,13.094,1913.0
2013-08-06 21:00:00+00:00,13.077,13.23,13.065,13.125,2251.0
2013-08-07 21:00:00+00:00,13.113,13.46,13.113,13.412,2067.0
2013-08-08 21:00:00+00:00,13.398,13.518,13.244,13.279,1775.0
2013-08-11 21:00:00+00:00,13.251,13.605,13.176,13.568,4473.0
2013-08-12 21:00:00+00:00,13.548,13.693,13.53,13.54,2444.0
2013-08-13 21:00:00+00:00,13.543,13.668,13.385,13.652,2454.0
2013-08-14 21:00:00+00:00,13.679,13.881,13.661,13.815,3113.0
2013-08-15 21:00:00+00:00,13.809,13.894,13.767,13.769,2439.0
2013-08-18 21:00:00+00:00,13.912,14.201,13.912,14.184,3381.0
2013-08-19 21:00:00+00:00,14.21,14.273,13.981,14.061,3358.0
2013-08-20 21:00:00+00:00,14.042,14.353,13.998,14.191,3720.0
2013-08-21 21:00:00+00:00,14.114,14.19,13.953,13.989,3843.0
2013-08-22 21:00:00+00:00,14.032,14.459,13.996,14.436,3539.0
2013-08-25 21:00:00+00:00,14.616,15.138,14.613,15.058,7860.0
2013-08-26 21:00:00+00:00,15.017,15.246,14.804,14.834,5668.0
2013-08-27 21:00:00+00:00,14.854,15.006,14.725,14.811,4389.0
2013-08-28 21:00:00+00:00,14.87,14.931,14.698,14.781,3508.0
2013-08-29 21:00:00+00:00,14.781,14.781,14.52,14.65,3815.0
2013-09-02 21:00:00+00:00,15.006,15.132,14.815,14.902,5805.0
2013-09-03 21:00:00+00:00,14.892,14.896,14.398,14.518,4725.0
2013-09-04 21:00:00+00:00,14.529,14.663,14.316,14.651,4481.0
2013-09-05 21:00:00+00:00,14.666,14.752,14.522,14.623,3800.0
2013-09-08 21:00:00+00:00,14.749,14.785,14.429,14.465,3764.0
2013-09-09 21:00:00+00:00,14.382,14.542,14.312,14.452,3754.0
2013-09-10 21:00:00+00:00,14.466,14.516,14.382,14.474,2464.0
2013-09-11 21:00:00+00:00,14.474,14.875,14.28,14.84,8547.0
2013-09-12 21:00:00+00:00,14.875,14.898,14.693,14.699,3007.0
2013-09-15 21:00:00+00:00,14.566,14.59,14.241,14.31,3256.0
2013-09-16 21:00:00+00:00,14.303,14.475,14.113,14.247,4176.0
2013-09-17 21:00:00+00:00,14.208,14.281,14.132,14.272,2088.0
2013-09-18 21:00:00+00:00,14.319,14.393,14.076,14.174,2619.0
2013-09-19 21:00:00+00:00,14.158,14.161,13.857,13.88,2664.0
2013-09-22 21:00:00+00:00,13.788,13.881,13.748,13.767,2062.0
2013-09-23 21:00:00+00:00,13.75,13.916,13.74,13.804,1643.0
2013-09-24 21:00:00+00:00,13.796,13.953,13.732,13.902,2149.0
2013-09-25 21:00:00+00:00,13.871,13.887,13.775,13.81,1611.0
2013-09-26 21:00:00+00:00,13.814,13.923,13.765,13.839,1806.0
2013-09-29 21:00:00+00:00,13.718,13.772,13.416,13.416,3098.0
2013-09-30 21:00:00+00:00,13.352,13.361,13.2,13.247,2095.0
2013-10-01 21:00:00+00:00,13.244,13.378,13.197,13.283,1643.0
2013-10-02 21:00:00+00:00,13.287,13.443,13.261,13.43,1570.0
2013-10-03 21:00:00+00:00,13.405,13.515,13.333,13.486,1212.0
2013-10-06 21:00:00+00:00,13.442,13.558,13.383,13.462,1622.0
2013-10-07 21:00:00+00:00,13.465,13.547,13.319,13.379,1927.0
2013-10-08 21:00:00+00:00,13.349,13.4,13.284,13.351,1497.0
2013-10-09 21:00:00+00:00,13.326,13.477,13.315,13.343,1914.0
2013-10-10 21:00:00+00:00,13.305,13.326,13.098,13.098,1638.0
2013-10-13 21:00:00+00:00,13.031,13.195,13.02,13.129,1520.0
2013-10-14 21:00:00+00:00,13.105,13.157,13.026,13.058,1228.0
2013-10-15 21:00:00+00:00,13.042,13.163,13.037,13.138,1368.0
2013-10-16 21:00:00+00:00,13.132,13.32,13.112,13.289,1693.0
2013-10-17 21:00:00+00:00,13.273,13.367,13.226,13.248,1252.0
2013-10-20 21:00:00+00:00,13.211,13.349,13.203,13.343,1320.0
2013-10-21 21:00:00+00:00,13.318,13.349,13.219,13.331,1098.0
2013-10-22 21:00:00+00:00,13.286,13.474,13.263,13.402,1305.0
2013-10-23 21:00:00+00:00,13.376,13.452,13.336,13.385,1500.0
2013-10-24 21:00:00+00:00,13.363,13.397,13.276,13.276,1098.0
2013-10-27 21:00:00+00:00,13.253,13.264,12.998,12.998,1472.0
2013-10-28 21:00:00+00:00,12.979,13.055,12.957,13.013,1272.0
2013-10-29 21:00:00+00:00,13.016,13.113,13.016,13.077,1046.0
2013-10-30 21:00:00+00:00,13.054,13.178,12.959,12.972,1380.0
2013-10-31 21:00:00+00:00,12.958,13.013,12.799,12.802,1640.0
2013-11-03 22:00:00+00:00,12.806,12.913,12.789,12.87,1205.0
2013-11-04 22:00:00+00:00,12.839,12.898,12.748,12.779,906.0
2013-11-05 22:00:00+00:00,12.772,12.883,12.769,12.814,867.0
2013-11-06 22:00:00+00:00,12.82,13.018,12.785,12.927,1610.0
2013-11-07 22:00:00+00:00,12.924,13.247,12.887,13.223,4019.0
2013-11-10 22:00:00+00:00,13.205,13.308,13.145,13.284,1355.0
2013-11-11 22:00:00+00:00,13.265,13.459,13.218,13.409,1628.0
2013-11-12 22:00:00+00:00,13.396,13.433,13.335,13.412,1142.0
2013-11-13 22:00:00+00:00,13.393,13.466,13.305,13.4,1244.0
2013-11-14 22:00:00+00:00,13.383,13.407,13.065,13.069,1763.0
2013-11-17 22:00:00+00:00,13.041,13.129,12.998,13.107,1256.0
2013-11-18 22:00:00+00:00,13.09,13.165,12.91,12.983,1828.0
2013-11-19 22:00:00+00:00,13.003,13.059,12.925,12.962,1154.0
2013-11-20 22:00:00+00:00,12.979,13.121,12.977,13.121,1010.0
2013-11-21 22:00:00+00:00,13.13,13.438,13.125,13.411,1633.0
2013-11-24 22:00:00+00:00,13.395,13.551,13.297,13.522,1529.0
2013-11-25 22:00:00+00:00,13.488,13.514,13.373,13.514,1553.0
2013-11-26 22:00:00+00:00,13.478,13.61,13.382,13.404,1771.0
2013-11-27 22:00:00+00:00,13.404,13.404,13.321,13.321,11.0
2013-11-28 22:00:00+00:00,13.388,13.588,13.378,13.564,1061.0
2013-12-01 22:00:00+00:00,13.556,13.641,13.372,13.415,1771.0
2013-12-02 22:00:00+00:00,13.388,13.467,13.287,13.382,1530.0
2013-12-03 22:00:00+00:00,13.375,13.499,13.302,13.452,1933.0
2013-12-04 22:00:00+00:00,13.433,13.474,13.328,13.424,1472.0
2013-12-05 22:00:00+00:00,13.432,13.435,13.33,13.414,1200.0
2013-12-08 22:00:00+00:00,13.402,13.609,13.402,13.577,1365.0
2013-12-09 22:00:00+00:00,13.568,13.657,13.444,13.529,2204.0
2013-12-10 22:00:00+00:00,13.533,13.599,13.485,13.599,982.0
2013-12-11 22:00:00+00:00,13.579,13.608,13.358,13.411,1412.0
2013-12-12 22:00:00+00:00,13.405,13.434,13.287,13.434,1180.0
2013-12-15 22:00:00+00:00,13.43,13.589,13.34,13.539,1614.0
2013-12-16 22:00:00+00:00,13.516,13.669,13.445,13.632,1394.0
2013-12-17 22:00:00+00:00,13.604,13.672,13.42,13.42,1394.0
2013-12-18 22:00:00+00:00,13.429,13.47,13.337,13.455,1440.0
2013-12-19 22:00:00+00:00,13.447,13.637,13.405,13.58,1169.0
2013-12-22 22:00:00+00:00,13.634,13.654,13.456,13.465,1051.0
2013-12-23 22:00:00+00:00,13.465,13.477,13.415,13.419,243.0
2013-12-25 22:00:00+00:00,13.419,13.419,13.273,13.302,454.0
2013-12-26 22:00:00+00:00,13.302,13.39,13.294,13.381,894.0
2013-12-29 22:00:00+00:00,13.301,13.396,13.232,13.328,1151.0
2013-12-30 22:00:00+00:00,13.311,13.342,13.248,13.258,255.0
2014-01-01 22:00:00+00:00,13.139,13.139,12.847,12.924,1072.0
2014-01-02 22:00:00+00:00,12.92,13.002,12.869,12.933,1410.0
2014-01-05 22:00:00+00:00,12.948,13.032,12.904,12.982,1134.0
2014-01-06 22:00:00+00:00,12.987,13.035,12.868,12.956,1241.0
2014-01-07 22:00:00+00:00,12.951,12.961,12.869,12.89,1115.0
2014-01-08 22:00:00+00:00,12.883,12.977,12.876,12.937,1131.0
2014-01-09 22:00:00+00:00,12.933,13.166,12.915,12.989,3174.0
2014-01-12 22:00:00+00:00,12.961,13.156,12.854,13.128,1626.0
2014-01-13 22:00:00+00:00,13.115,13.355,13.073,13.244,1871.0
2014-01-14 22:00:00+00:00,13.241,13.393,13.218,13.369,1497.0
2014-01-15 22:00:00+00:00,13.353,13.489,13.293,13.328,1536.0
2014-01-16 22:00:00+00:00,13.313,13.362,13.236,13.343,1133.0
2014-01-19 22:00:00+00:00,13.322,13.327,13.319,13.325,9.0
2014-01-20 22:00:00+00:00,13.291,13.306,12.964,12.965,1701.0
2014-01-21 22:00:00+00:00,12.966,13.017,12.879,12.955,1337.0
2014-01-22 22:00:00+00:00,12.958,13.124,12.926,12.926,1444.0
2014-01-23 22:00:00+00:00,12.914,13.022,12.787,12.994,1761.0
2014-01-26 22:00:00+00:00,12.997,13.071,12.937,13.017,1612.0
2014-01-27 22:00:00+00:00,13.012,13.041,12.916,12.991,934.0
2014-01-28 22:00:00+00:00,12.986,12.995,12.796,12.84,4977.0
2014-01-29 22:00:00+00:00,12.834,12.998,12.732,12.88,10605.0
2014-01-30 22:00:00+00:00,12.886,12.966,12.846,12.936,6888.0
2014-02-02 22:00:00+00:00,12.938,13.12,12.906,13.068,7287.0
2014-02-03 22:00:00+00:00,13.052,13.278,13.032,13.266,9471.0
2014-02-04 22:00:00+00:00,13.24,13.332,13.168,13.278,9491.0
2014-02-05 22:00:00+00:00,13.272,13.462,13.262,13.382,8704.0
2014-02-06 22:00:00+00:00,13.375,13.456,13.332,13.45,7893.0
2014-02-09 22:00:00+00:00,13.41,13.526,13.316,13.383,14230.0
2014-02-10 22:00:00+00:00,13.372,13.488,13.262,13.435,8996.0
2014-02-11 22:00:00+00:00,13.445,13.512,13.332,13.356,8522.0
2014-02-12 22:00:00+00:00,13.358,13.589,13.35,13.548,11931.0
2014-02-13 22:00:00+00:00,13.541,13.668,13.508,13.508,10864.0
2014-02-17 22:00:00+00:00,13.504,13.728,13.478,13.722,12008.0
2014-02-18 22:00:00+00:00,13.72,13.832,13.626,13.65,9855.0
2014-02-19 22:00:00+00:00,13.658,13.74,13.562,13.702,9970.0
2014-02-20 22:00:00+00:00,13.718,13.838,13.65,13.838,8761.0
2014-02-23 22:00:00+00:00,13.831,14.014,13.822,13.984,11316.0
2014-02-24 22:00:00+00:00,13.96,14.118,13.89,14.108,11446.0
2014-02-25 22:00:00+00:00,14.084,14.206,14.044,14.204,12399.0
2014-02-26 22:00:00+00:00,14.184,14.484,14.12,14.142,10053.0
2014-02-27 22:00:00+00:00,14.118,14.368,14.0,14.364,15796.0
2014-03-02 22:00:00+00:00,14.398,14.597,14.24,14.306,17961.0
2014-03-03 22:00:00+00:00,14.284,14.476,14.26,14.46,14970.0
2014-03-04 22:00:00+00:00,14.453,14.482,14.31,14.43,13281.0
2014-03-05 22:00:00+00:00,14.438,14.614,14.38,14.588,13112.0
2014-03-06 22:00:00+00:00,14.578,14.812,14.57,14.782,18668.0
2014-03-09 21:00:00+00:00,14.764,14.768,14.341,14.399,21428.0
2014-03-10 21:00:00+00:00,14.364,14.484,14.306,14.338,13977.0
2014-03-11 21:00:00+00:00,14.252,14.266,13.842,14.052,15060.0
2014-03-12 21:00:00+00:00,14.064,14.312,13.994,14.184,14857.0
2014-03-13 21:00:00+00:00,14.115,14.198,13.978,14.054,11019.0
2014-03-16 21:00:00+00:00,14.071,14.13,13.93,14.096,9719.0
2014-03-17 21:00:00+00:00,14.07,14.368,14.018,14.338,10490.0
2014-03-18 21:00:00+00:00,14.357,14.592,14.351,14.486,10787.0
2014-03-19 21:00:00+00:00,14.473,14.736,14.392,14.49,14830.0
2014-03-20 21:00:00+00:00,14.502,14.528,14.218,14.252,11135.0
2014-03-23 21:00:00+00:00,14.188,14.483,14.09,14.418,13866.0
2014-03-24 21:00:00+00:00,14.394,14.514,14.316,14.436,11069.0
2014-03-25 21:00:00+00:00,14.414,14.56,14.36,14.528,8941.0
2014-03-26 21:00:00+00:00,14.544,14.654,14.454,14.502,12344.0
2014-03-27 21:00:00+00:00,14.502,14.58,14.428,14.522,8481.0
2014-03-30 21:00:00+00:00,14.476,14.802,14.366,14.796,23289.0
2014-03-31 21:00:00+00:00,14.77,15.052,14.746,14.996,13997.0
2014-04-01 21:00:00+00:00,14.968,15.096,14.692,14.76,15273.0
2014-04-02 21:00:00+00:00,14.75,14.938,14.712,14.876,11794.0
2014-04-03 21:00:00+00:00,14.873,14.998,14.758,14.864,10023.0
2014-04-06 21:00:00+00:00,14.844,14.912,14.712,14.768,9259.0
2014-04-07 21:00:00+00:00,14.762,14.948,14.736,14.938,9515.0
2014-04-08 21:00:00+00:00,14.933,15.232,14.93,15.068,20691.0
2014-04-09 21:00:00+00:00,15.055,15.06,14.872,14.926,11301.0
2014-04-10 21:00:00+00:00,14.925,14.928,14.712,14.746,10750.0
2014-04-13 21:00:00+00:00,14.718,14.874,14.714,14.848,8601.0
2014-04-14 21:00:00+00:00,14.854,15.184,14.83,15.114,13403.0
2014-04-15 21:00:00+00:00,15.095,15.318,15.094,15.271,10158.0
2014-04-16 21:00:00+00:00,15.27,15.406,15.128,15.23,9684.0
2014-04-20 21:00:00+00:00,15.239,15.326,14.932,15.056,9723.0
2014-04-21 21:00:00+00:00,15.087,15.158,14.84,14.86,11014.0
2014-04-22 21:00:00+00:00,14.871,14.944,14.756,14.792,11617.0
2014-04-23 21:00:00+00:00,14.796,14.87,14.76,14.84,10398.0
2014-04-24 21:00:00+00:00,14.857,15.09,14.854,15.074,14190.0
2014-04-27 21:00:00+00:00,15.115,15.278,15.056,15.156,17483.0
2014-04-28 21:00:00+00:00,15.144,15.352,15.088,15.324,13771.0
2014-04-29 21:00:00+00:00,15.324,15.324,15.169,15.275,12345.0
2014-04-30 21:00:00+00:00,15.247,15.264,14.74,14.74,17115.0
2014-05-01 21:00:00+00:00,14.772,14.837,14.649,14.837,13208.0
2014-05-04 21:00:00+00:00,14.882,14.958,14.742,14.761,11903.0
2014-05-05 21:00:00+00:00,14.77,14.774,14.562,14.72,12868.0
2014-05-06 21:00:00+00:00,14.686,14.701,14.546,14.592,12265.0
2014-05-07 21:00:00+00:00,14.596,14.828,14.589,14.811,9765.0
2014-05-08 21:00:00+00:00,14.812,15.04,14.654,15.015,20663.0
2014-05-11 21:00:00+00:00,14.978,15.081,14.744,14.788,12896.0
2014-05-12 21:00:00+00:00,14.746,14.966,14.726,14.942,10668.0
2014-05-13 21:00:00+00:00,14.951,15.01,14.786,14.987,13874.0
2014-05-14 21:00:00+00:00,14.968,15.052,14.739,14.838,14910.0
2014-05-15 21:00:00+00:00,14.798,14.896,14.727,14.765,10653.0
2014-05-18 21:00:00+00:00,14.744,15.033,14.668,14.958,14580.0
2014-05-19 21:00:00+00:00,14.948,15.115,14.805,14.805,12568.0
2014-05-20 21:00:00+00:00,14.79,15.16,14.779,15.146,12152.0
2014-05-21 21:00:00+00:00,15.15,15.472,15.135,15.302,19075.0
2014-05-22 21:00:00+00:00,15.296,15.392,15.224,15.242,10860.0
2014-05-26 21:00:00+00:00,15.179,15.248,14.958,14.99,12530.0
2014-05-27 21:00:00+00:00,14.972,15.11,14.918,15.062,10896.0
2014-05-28 21:00:00+00:00,15.073,15.176,15.022,15.07,8509.0
2014-05-29 21:00:00+00:00,15.096,15.152,15.016,15.02,10225.0
2014-06-01 21:00:00+00:00,14.948,15.196,14.866,15.102,11621.0
2014-06-02 21:00:00+00:00,15.06,15.098,14.828,14.894,9983.0
2014-06-03 21:00:00+00:00,14.886,15.036,14.836,14.89,9303.0
2014-06-04 21:00:00+00:00,14.896,14.948,14.676,14.686,10590.0
2014-06-05 21:00:00+00:00,14.684,14.736,14.632,14.66,7454.0
2014-06-08 21:00:00+00:00,14.661,14.764,14.586,14.64,10450.0
2014-06-09 21:00:00+00:00,14.64,14.816,14.608,14.684,9739.0
2014-06-10 21:00:00+00:00,14.682,14.726,14.512,14.52,12747.0
2014-06-11 21:00:00+00:00,14.504,14.586,14.158,14.202,14546.0
2014-06-12 21:00:00+00:00,14.208,14.346,14.168,14.308,8477.0
2014-06-15 21:00:00+00:00,14.328,14.408,14.226,14.276,9072.0
2014-06-16 21:00:00+00:00,14.262,14.302,14.046,14.092,8740.0
2014-06-17 21:00:00+00:00,14.086,14.266,14.018,14.162,10279.0
2014-06-18 21:00:00+00:00,14.167,14.296,14.144,14.296,7960.0
2014-06-19 21:00:00+00:00,14.274,14.279,14.058,14.15,8133.0
2014-06-22 21:00:00+00:00,14.211,14.338,14.042,14.192,10888.0
2014-06-23 21:00:00+00:00,14.168,14.198,14.046,14.116,8820.0
2014-06-24 21:00:00+00:00,14.114,14.21,14.102,14.142,7679.0
2014-06-25 21:00:00+00:00,14.138,14.352,14.126,14.334,8602.0
2014-06-26 21:00:00+00:00,14.308,14.442,14.264,14.29,11516.0
2014-06-29 21:00:00+00:00,14.262,14.382,13.604,13.744,22549.0
2014-06-30 21:00:00+00:00,13.738,13.81,13.496,13.72,13437.0
2014-07-01 21:00:00+00:00,13.741,13.796,13.55,13.576,8399.0
2014-07-02 21:00:00+00:00,13.588,13.648,13.396,13.414,6306.0
2014-07-06 21:00:00+00:00,13.357,13.365,13.07,13.112,7391.0
2014-07-07 21:00:00+00:00,13.088,13.118,12.796,12.838,8201.0
2014-07-08 21:00:00+00:00,12.83,12.882,12.658,12.822,10229.0
2014-07-09 21:00:00+00:00,12.794,12.948,12.678,12.684,10234.0
2014-07-10 21:00:00+00:00,12.656,12.708,11.894,12.268,20251.0
2014-07-13 21:00:00+00:00,12.208,12.406,12.18,12.256,11461.0
2014-07-14 21:00:00+00:00,12.216,12.218,11.802,12.072,13101.0
2014-07-15 21:00:00+00:00,12.096,12.302,12.092,12.148,12158.0
2014-07-16 21:00:00+00:00,12.151,12.256,11.974,12.026,13636.0
2014-07-17 21:00:00+00:00,11.984,12.062,11.88,11.908,10329.0
2014-07-20 21:00:00+00:00,11.83,11.832,11.696,11.75,10071.0
2014-07-21 21:00:00+00:00,11.71,11.872,11.656,11.658,10551.0
2014-07-22 21:00:00+00:00,11.648,11.83,11.638,11.804,12588.0
2014-07-23 21:00:00+00:00,11.81,12.152,11.81,11.91,15367.0
2014-07-24 21:00:00+00:00,11.909,11.934,11.752,11.902,13007.0
2014-07-27 21:00:00+00:00,11.959,12.128,11.942,12.108,11797.0
2014-07-28 21:00:00+00:00,12.14,12.176,11.898,11.906,12466.0
2014-07-29 21:00:00+00:00,11.914,11.943,11.686,11.714,10343.0
2014-07-30 21:00:00+00:00,11.692,11.732,11.608,11.686,10254.0
2014-07-31 21:00:00+00:00,11.608,11.644,11.334,11.376,10124.0
2014-08-03 21:00:00+00:00,11.295,11.552,11.288,11.532,10255.0
2014-08-04 21:00:00+00:00,11.48,11.492,11.322,11.388,8674.0
2014-08-05 21:00:00+00:00,11.394,11.536,11.34,11.52,9504.0
2014-08-06 21:00:00+00:00,11.534,11.576,11.468,11.538,8680.0
2014-08-07 21:00:00+00:00,11.53,11.68,11.524,11.668,6822.0
2014-08-10 21:00:00+00:00,11.628,11.792,11.554,11.576,9119.0
2014-08-11 21:00:00+00:00,11.58,11.636,11.258,11.426,19102.0
2014-08-12 21:00:00+00:00,11.404,11.498,11.25,11.26,9757.0
2014-08-13 21:00:00+00:00,11.241,11.418,11.154,11.418,11779.0
2014-08-14 21:00:00+00:00,11.408,11.578,11.338,11.48,12812.0
2014-08-17 21:00:00+00:00,11.404,11.588,11.378,11.556,9780.0
2014-08-18 21:00:00+00:00,11.51,11.554,11.4,11.498,8727.0
2014-08-19 21:00:00+00:00,11.489,11.518,11.31,11.332,9800.0
2014-08-20 21:00:00+00:00,11.318,11.416,11.284,11.314,8779.0
2014-08-21 21:00:00+00:00,11.314,11.408,11.307,11.328,10134.0
2014-08-24 21:00:00+00:00,11.319,11.319,11.139,11.179,7452.0
2014-08-25 21:00:00+00:00,11.152,11.176,11.06,11.149,8464.0
2014-08-26 21:00:00+00:00,11.128,11.216,11.071,11.094,6143.0
2014-08-27 21:00:00+00:00,11.081,11.182,11.055,11.137,7549.0
2014-08-28 21:00:00+00:00,11.132,11.185,11.041,11.058,6866.0
2014-09-01 21:00:00+00:00,11.001,11.175,11.001,11.107,9585.0
2014-09-02 21:00:00+00:00,11.062,11.072,10.893,10.972,8812.0
2014-09-03 21:00:00+00:00,10.963,10.98,10.76,10.781,8305.0
2014-09-04 21:00:00+00:00,10.779,10.958,10.779,10.958,9830.0
2014-09-07 21:00:00+00:00,10.921,11.005,10.771,10.8,6959.0
2014-09-08 21:00:00+00:00,10.774,10.789,10.608,10.622,8825.0
2014-09-09 21:00:00+00:00,10.62,10.668,10.579,10.621,5962.0
2014-09-10 21:00:00+00:00,10.597,10.616,10.345,10.457,14957.0
2014-09-11 21:00:00+00:00,10.456,10.558,10.444,10.522,7921.0
2014-09-14 21:00:00+00:00,10.386,10.566,10.365,10.526,8316.0
2014-09-15 21:00:00+00:00,10.504,10.614,10.369,10.409,10538.0
2014-09-16 21:00:00+00:00,10.404,10.48,10.368,10.411,5531.0
2014-09-17 21:00:00+00:00,10.414,10.456,10.284,10.29,5357.0
2014-09-18 21:00:00+00:00,10.287,10.292,10.119,10.123,6966.0
2014-09-21 21:00:00+00:00,10.068,10.079,9.858,9.913,8889.0
2014-09-22 21:00:00+00:00,9.873,9.959,9.819,9.868,7995.0
2014-09-23 21:00:00+00:00,9.849,9.917,9.846,9.867,6144.0
2014-09-24 21:00:00+00:00,9.851,9.91,9.705,9.709,7623.0
2014-09-25 21:00:00+00:00,9.701,9.722,9.57,9.57,7806.0
2014-09-28 21:00:00+00:00,9.513,9.672,9.493,9.67,4471.0
2014-09-29 21:00:00+00:00,9.657,9.73,9.523,9.59,7313.0
2014-09-30 21:00:00+00:00,9.53,9.614,9.452,9.576,4283.0
2014-10-01 21:00:00+00:00,9.574,9.666,9.534,9.638,3693.0
2014-10-02 21:00:00+00:00,9.646,9.684,9.5,9.536,4455.0
2014-10-05 21:00:00+00:00,9.502,9.806,9.496,9.794,10764.0
2014-10-06 21:00:00+00:00,9.78,9.922,9.7,9.77,12063.0
2014-10-07 21:00:00+00:00,9.75,9.86,9.618,9.706,9721.0
2014-10-08 21:00:00+00:00,9.69,9.798,9.678,9.774,8096.0
2014-10-09 21:00:00+00:00,9.74,9.852,9.562,9.576,19403.0
2014-10-12 21:00:00+00:00,9.506,9.82,9.464,9.764,7102.0
2014-10-13 21:00:00+00:00,9.74,10.012,9.74,9.954,9600.0
2014-10-14 21:00:00+00:00,9.93,10.084,9.832,9.848,9635.0
2014-10-15 21:00:00+00:00,9.786,9.944,9.784,9.942,7039.0
2014-10-16 21:00:00+00:00,9.944,10.01,9.79,9.804,7788.0
2014-10-19 21:00:00+00:00,9.75,9.754,9.6,9.672,8074.0
2014-10-20 21:00:00+00:00,9.674,9.898,9.666,9.844,13585.0
2014-10-21 21:00:00+00:00,9.842,10.056,9.826,9.88,14019.0
2014-10-22 21:00:00+00:00,9.822,10.156,9.782,10.144,14151.0
2014-10-23 21:00:00+00:00,10.134,10.242,9.984,9.984,14982.0
2014-10-26 21:00:00+00:00,9.93,10.3,9.88,10.296,9216.0
2014-10-27 21:00:00+00:00,10.266,10.564,10.216,10.306,13872.0
2014-10-28 21:00:00+00:00,10.278,10.662,10.266,10.642,12923.0
2014-10-29 21:00:00+00:00,10.64,10.744,10.45,10.45,10989.0
2014-10-30 21:00:00+00:00,10.434,10.688,10.31,10.684,11330.0
2014-11-02 22:00:00+00:00,10.592,10.62,10.404,10.456,8845.0
2014-11-03 22:00:00+00:00,10.412,10.436,10.182,10.24,7481.0
2014-11-04 22:00:00+00:00,10.229,10.348,10.088,10.324,6755.0
2014-11-05 22:00:00+00:00,10.324,10.54,10.25,10.406,9915.0
2014-11-06 22:00:00+00:00,10.4,10.51,10.324,10.48,7710.0
2014-11-09 22:00:00+00:00,10.48,10.708,10.346,10.402,12182.0
2014-11-10 22:00:00+00:00,10.34,10.864,10.33,10.758,11229.0
2014-11-11 22:00:00+00:00,10.762,10.992,10.568,10.606,15533.0
2014-11-12 22:00:00+00:00,10.608,10.845,10.572,10.658,11560.0
2014-11-13 22:00:00+00:00,10.638,10.654,10.358,10.362,8187.0
2014-11-16 22:00:00+00:00,10.332,10.497,10.258,10.478,8598.0
2014-11-17 22:00:00+00:00,10.476,10.531,10.321,10.344,8063.0
2014-11-18 22:00:00+00:00,10.348,10.358,10.145,10.157,6106.0
2014-11-19 22:00:00+00:00,10.163,10.325,10.156,10.299,6840.0
2014-11-20 22:00:00+00:00,10.312,10.505,10.242,10.499,9646.0
2014-11-23 22:00:00+00:00,10.463,10.486,10.368,10.423,6666.0
2014-11-24 22:00:00+00:00,10.439,10.638,10.43,10.585,5892.0
2014-11-25 22:00:00+00:00,10.589,10.644,10.482,10.583,5625.0
2014-11-27 22:00:00+00:00,10.507,10.607,10.223,10.233,5680.0
2014-11-30 22:00:00+00:00,10.2,10.308,10.151,10.253,7432.0
2014-12-01 22:00:00+00:00,10.27,10.303,10.037,10.047,8903.0
2014-12-02 22:00:00+00:00,10.033,10.072,9.917,10.037,7292.0
2014-12-03 22:00:00+00:00,10.062,10.244,9.994,10.178,8622.0
2014-12-04 22:00:00+00:00,10.174,10.484,10.112,10.416,8602.0
2014-12-07 22:00:00+00:00,10.424,10.576,10.372,10.516,8669.0
2014-12-08 22:00:00+00:00,10.502,10.57,10.458,10.56,6792.0
2014-12-09 22:00:00+00:00,10.556,10.67,10.344,10.382,17784.0
2014-12-10 22:00:00+00:00,10.396,10.548,10.322,10.498,7248.0
2014-12-11 22:00:00+00:00,10.464,10.604,10.38,10.536,8608.0
2014-12-14 22:00:00+00:00,10.566,10.608,10.414,10.494,8126.0
2014-12-15 22:00:00+00:00,10.402,10.446,10.279,10.322,8219.0
2014-12-16 22:00:00+00:00,10.31,10.408,10.222,10.354,8102.0
2014-12-17 22:00:00+00:00,10.34,10.474,10.312,10.412,7197.0
2014-12-18 22:00:00+00:00,10.408,10.429,10.293,10.369,6366.0
2014-12-21 22:00:00+00:00,10.365,10.487,10.318,10.442,6230.0
2014-12-22 22:00:00+00:00,10.428,10.545,10.397,10.448,5292.0
2014-12-23 22:00:00+00:00,10.428,10.477,10.303,10.338,3541.0
2014-12-25 22:00:00+00:00,10.366,10.533,10.358,10.525,2401.0
2014-12-28 22:00:00+00:00,10.527,10.67,10.451,10.474,11270.0
2014-12-29 22:00:00+00:00,10.47,10.548,10.436,10.456,8515.0
2014-12-30 22:00:00+00:00,10.406,10.465,10.216,10.232,6575.0
2015-01-01 22:00:00+00:00,10.175,10.178,10.064,10.072,4361.0
2015-01-04 22:00:00+00:00,10.058,10.466,10.054,10.445,11499.0
2015-01-05 22:00:00+00:00,10.418,10.549,10.382,10.525,11583.0
2015-01-06 22:00:00+00:00,10.538,10.599,10.474,10.539,9360.0
2015-01-07 22:00:00+00:00,10.539,10.608,10.46,10.49,8495.0
2015-01-08 22:00:00+00:00,10.476,10.536,10.432,10.513,8268.0
2015-01-11 22:00:00+00:00,10.49,10.602,10.155,10.163,11841.0
2015-01-12 22:00:00+00:00,10.156,10.242,10.013,10.026,7304.0
2015-01-13 22:00:00+00:00,10.04,10.086,9.923,10.053,8326.0
2015-01-14 22:00:00+00:00,10.128,10.188,9.846,9.894,10467.0
2015-01-15 22:00:00+00:00,9.91,9.951,9.824,9.904,6859.0
2015-01-19 22:00:00+00:00,9.832,9.858,9.717,9.825,11455.0
2015-01-20 22:00:00+00:00,9.83,9.902,9.769,9.834,9602.0
2015-01-21 22:00:00+00:00,9.85,9.917,9.745,9.756,7402.0
2015-01-22 22:00:00+00:00,9.766,9.797,9.667,9.724,5101.0
2015-01-25 22:00:00+00:00,9.717,9.835,9.665,9.828,7462.0
2015-01-26 22:00:00+00:00,9.811,9.848,9.718,9.734,8393.0
2015-01-27 22:00:00+00:00,9.734,9.77,9.658,9.701,7539.0
2015-01-28 22:00:00+00:00,9.684,9.771,9.666,9.679,8739.0
2015-01-29 22:00:00+00:00,9.67,9.721,9.546,9.586,9677.0
2015-02-01 22:00:00+00:00,9.606,9.699,9.562,9.59,5536.0
2015-02-02 22:00:00+00:00,9.594,9.984,9.592,9.882,8551.0
2015-02-03 22:00:00+00:00,9.854,9.896,9.671,9.709,6497.0
2015-02-04 22:00:00+00:00,9.708,9.821,9.69,9.801,6292.0
2015-02-05 22:00:00+00:00,9.834,9.868,9.709,9.736,5620.0
2015-02-08 22:00:00+00:00,9.739,9.827,9.717,9.78,8491.0
2015-02-09 22:00:00+00:00,9.778,9.855,9.667,9.688,14773.0
2015-02-10 22:00:00+00:00,9.709,9.805,9.657,9.768,10200.0
2015-02-11 22:00:00+00:00,9.762,9.845,9.732,9.831,11519.0
2015-02-12 22:00:00+00:00,9.827,9.972,9.826,9.896,13285.0
2015-02-16 22:00:00+00:00,9.93,10.083,9.928,10.063,11903.0
2015-02-17 22:00:00+00:00,10.067,10.12,9.906,9.953,9342.0
2015-02-18 22:00:00+00:00,9.949,10.166,9.935,10.064,15295.0
2015-02-19 22:00:00+00:00,10.06,10.093,9.989,9.997,6136.0
2015-02-22 22:00:00+00:00,10.004,10.06,9.919,9.971,4326.0
2015-02-23 22:00:00+00:00,9.99,10.298,9.989,10.176,9492.0
2015-02-24 22:00:00+00:00,10.153,10.224,10.029,10.078,6536.0
2015-02-25 22:00:00+00:00,10.088,10.246,10.069,10.238,6605.0
2015-02-26 22:00:00+00:00,10.238,10.358,10.201,10.302,7761.0
2015-03-01 22:00:00+00:00,10.281,10.372,10.095,10.125,6838.0
2015-03-02 22:00:00+00:00,10.127,10.16,10.003,10.087,5552.0
2015-03-03 22:00:00+00:00,10.108,10.125,9.933,9.933,4308.0
2015-03-04 22:00:00+00:00,9.933,9.961,9.833,9.836,5763.0
2015-03-05 22:00:00+00:00,9.841,9.863,9.752,9.824,3653.0
2015-03-08 21:00:00+00:00,9.837,9.972,9.837,9.917,4859.0
2015-03-09 21:00:00+00:00,9.908,9.922,9.804,9.832,5547.0
2015-03-10 21:00:00+00:00,9.812,9.956,9.81,9.897,5494.0
2015-03-11 21:00:00+00:00,9.897,9.958,9.835,9.877,4510.0
2015-03-12 21:00:00+00:00,9.886,9.923,9.711,9.723,4656.0
2015-03-15 21:00:00+00:00,9.701,9.764,9.66,9.674,4210.0
2015-03-16 21:00:00+00:00,9.663,9.717,9.524,9.527,4022.0
2015-03-17 21:00:00+00:00,9.53,9.655,9.522,9.637,5484.0
2015-03-18 21:00:00+00:00,9.702,9.787,9.552,9.595,5342.0
2015-03-19 21:00:00+00:00,9.595,9.785,9.587,9.712,5425.0
2015-03-22 21:00:00+00:00,9.733,9.884,9.721,9.831,4010.0
2015-03-23 21:00:00+00:00,9.824,9.835,9.746,9.794,3699.0
2015-03-24 21:00:00+00:00,9.82,9.863,9.769,9.774,4674.0
2015-03-25 21:00:00+00:00,9.759,9.802,9.709,9.742,4477.0
2015-03-26 21:00:00+00:00,9.722,9.752,9.639,9.659,3378.0
2015-03-29 21:00:00+00:00,9.662,9.755,9.64,9.659,7424.0
2015-03-30 21:00:00+00:00,9.655,9.796,9.503,9.736,18996.0
2015-03-31 21:00:00+00:00,9.723,9.907,9.723,9.888,12460.0
2015-04-01 21:00:00+00:00,9.869,9.916,9.798,9.849,7450.0
2015-04-05 21:00:00+00:00,9.842,9.891,9.777,9.779,4637.0
2015-04-06 21:00:00+00:00,9.774,9.828,9.692,9.705,3255.0
2015-04-07 21:00:00+00:00,9.704,9.738,9.67,9.697,3457.0
2015-04-08 21:00:00+00:00,9.705,9.71,9.499,9.521,6457.0
2015-04-09 21:00:00+00:00,9.539,9.579,9.442,9.495,5507.0
2015-04-12 21:00:00+00:00,9.478,9.566,9.452,9.479,5120.0
2015-04-13 21:00:00+00:00,9.482,9.6,9.476,9.589,4581.0
2015-04-14 21:00:00+00:00,9.579,9.738,9.576,9.624,5534.0
2015-04-15 21:00:00+00:00,9.619,9.679,9.538,9.642,5132.0
2015-04-16 21:00:00+00:00,9.634,9.707,9.615,9.68,4427.0
2015-04-19 21:00:00+00:00,9.668,9.78,9.668,9.752,4157.0
2015-04-20 21:00:00+00:00,9.729,9.747,9.657,9.712,4079.0
2015-04-21 21:00:00+00:00,9.705,9.73,9.618,9.663,4782.0
2015-04-22 21:00:00+00:00,9.692,9.803,9.69,9.748,3368.0
2015-04-23 21:00:00+00:00,9.763,9.783,9.641,9.674,4466.0
2015-04-26 21:00:00+00:00,9.626,9.753,9.614,9.685,5004.0
2015-04-27 21:00:00+00:00,9.684,9.835,9.681,9.726,7517.0
2015-04-28 21:00:00+00:00,9.74,9.831,9.687,9.83,5777.0
2015-04-29 21:00:00+00:00,9.831,9.906,9.685,9.72,9827.0
2015-04-30 21:00:00+00:00,9.733,9.747,9.571,9.601,7985.0
2015-05-03 21:00:00+00:00,9.598,9.747,9.589,9.702,4408.0
2015-05-04 21:00:00+00:00,9.719,9.828,9.705,9.8,5823.0
2015-05-05 21:00:00+00:00,9.804,9.865,9.743,9.768,5315.0
2015-05-06 21:00:00+00:00,9.798,9.808,9.688,9.706,3715.0
2015-05-07 21:00:00+00:00,9.709,9.749,9.657,9.717,4002.0
2015-05-10 21:00:00+00:00,9.723,9.783,9.688,9.708,4671.0
2015-05-11 21:00:00+00:00,9.696,9.778,9.522,9.522,7701.0
2015-05-12 21:00:00+00:00,9.535,9.592,9.51,9.545,4486.0
2015-05-13 21:00:00+00:00,9.548,9.588,9.498,9.521,8310.0
2015-05-14 21:00:00+00:00,9.551,9.578,9.471,9.504,7766.0
2015-05-17 21:00:00+00:00,9.51,9.61,9.47,9.495,3624.0
2015-05-18 21:00:00+00:00,9.504,9.528,9.391,9.441,4007.0
2015-05-19 21:00:00+00:00,9.437,9.444,9.334,9.377,3862.0
2015-05-20 21:00:00+00:00,9.382,9.435,9.345,9.357,3847.0
2015-05-21 21:00:00+00:00,9.348,9.395,9.226,9.226,3744.0
2015-05-25 21:00:00+00:00,9.213,9.278,9.181,9.195,4095.0
2015-05-26 21:00:00+00:00,9.201,9.291,9.196,9.229,3231.0
2015-05-27 21:00:00+00:00,9.239,9.316,9.197,9.229,5231.0
2015-05-28 21:00:00+00:00,9.234,9.349,9.226,9.319,4666.0
2015-05-31 21:00:00+00:00,9.294,9.326,9.194,9.241,4824.0
2015-06-01 21:00:00+00:00,9.239,9.421,9.231,9.39,4951.0
2015-06-02 21:00:00+00:00,9.39,9.434,9.295,9.334,5499.0
2015-06-03 21:00:00+00:00,9.318,9.465,9.3,9.435,5220.0
2015-06-04 21:00:00+00:00,9.426,9.498,9.333,9.36,4418.0
2015-06-07 21:00:00+00:00,9.364,9.489,9.334,9.415,6422.0
2015-06-08 21:00:00+00:00,9.454,9.53,9.416,9.497,7807.0
2015-06-09 21:00:00+00:00,9.488,9.558,9.428,9.478,10309.0
2015-06-10 21:00:00+00:00,9.468,9.511,9.364,9.391,5606.0
2015-06-11 21:00:00+00:00,9.384,9.452,9.316,9.379,7479.0
2015-06-14 21:00:00+00:00,9.384,9.42,9.288,9.354,5458.0
2015-06-15 21:00:00+00:00,9.378,9.574,9.378,9.57,5986.0
2015-06-16 21:00:00+00:00,9.582,9.724,9.58,9.682,6820.0
2015-06-17 21:00:00+00:00,9.68,9.8,9.63,9.754,7001.0
2015-06-18 21:00:00+00:00,9.744,9.78,9.664,9.704,5617.0
2015-06-21 21:00:00+00:00,9.708,9.88,9.688,9.878,5585.0
2015-06-22 21:00:00+00:00,9.898,9.968,9.778,9.86,7753.0
2015-06-23 21:00:00+00:00,9.877,9.904,9.798,9.822,6595.0
2015-06-24 21:00:00+00:00,9.809,10.036,9.792,10.006,9056.0
2015-06-25 21:00:00+00:00,10.014,10.254,9.99,10.158,10195.0
2015-06-28 21:00:00+00:00,10.042,10.214,10.034,10.07,8209.0
2015-06-29 21:00:00+00:00,10.075,10.634,9.984,10.634,16075.0
2015-06-30 21:00:00+00:00,10.56,10.682,10.456,10.53,9715.0
2015-07-01 21:00:00+00:00,10.529,10.6,10.416,10.498,7499.0
2015-07-05 21:00:00+00:00,10.419,10.434,10.282,10.328,8823.0
2015-07-06 21:00:00+00:00,10.322,10.37,9.998,10.036,9848.0
2015-07-07 21:00:00+00:00,10.062,10.188,9.978,10.058,6961.0
2015-07-08 21:00:00+00:00,10.062,10.442,10.062,10.364,8216.0
2015-07-09 21:00:00+00:00,10.364,10.586,10.324,10.422,9412.0
2015-07-12 21:00:00+00:00,10.4,10.498,10.304,10.472,6816.0
2015-07-13 21:00:00+00:00,10.484,10.632,10.402,10.422,8971.0
2015-07-14 21:00:00+00:00,10.394,10.44,10.218,10.339,9581.0
2015-07-15 21:00:00+00:00,10.351,10.464,10.222,10.244,8227.0
2015-07-16 21:00:00+00:00,10.238,10.282,10.142,10.21,7766.0
2015-07-19 21:00:00+00:00,10.158,10.186,10.044,10.143,6949.0
2015-07-20 21:00:00+00:00,10.164,10.226,10.136,10.211,6404.0
2015-07-21 21:00:00+00:00,10.216,10.248,10.108,10.148,6293.0
2015-07-22 21:00:00+00:00,10.152,10.222,9.965,10.006,7405.0
2015-07-23 21:00:00+00:00,10.006,10.022,9.79,9.81,6209.0
2015-07-26 21:00:00+00:00,9.754,9.754,9.5,9.518,8785.0
2015-07-27 21:00:00+00:00,9.546,9.684,9.538,9.67,6155.0
2015-07-28 21:00:00+00:00,9.68,9.778,9.618,9.69,5173.0
2015-07-29 21:00:00+00:00,9.692,9.824,9.684,9.77,5666.0
2015-07-30 21:00:00+00:00,9.772,9.784,9.632,9.636,5766.0
2015-08-02 21:00:00+00:00,9.61,9.646,9.502,9.562,5705.0
2015-08-03 21:00:00+00:00,9.546,9.676,9.532,9.596,6660.0
2015-08-04 21:00:00+00:00,9.598,9.743,9.587,9.724,6067.0
2015-08-05 21:00:00+00:00,9.726,9.752,9.63,9.66,6527.0
2015-08-06 21:00:00+00:00,9.654,9.87,9.62,9.859,6280.0
2015-08-09 21:00:00+00:00,9.889,10.185,9.872,10.175,1511.0
2015-08-10 21:00:00+00:00,10.136,10.136,9.874,9.908,2105.0
2015-08-11 21:00:00+00:00,9.908,9.938,9.182,9.3,14493.0
2015-08-12 21:00:00+00:00,9.296,9.452,9.28,9.448,8514.0
2015-08-13 21:00:00+00:00,9.448,9.448,9.296,9.324,7852.0
2015-08-16 21:00:00+00:00,9.258,9.398,9.258,9.326,9179.0
2015-08-17 21:00:00+00:00,9.304,9.354,9.182,9.19,10543.0
2015-08-18 21:00:00+00:00,9.192,9.244,9.062,9.102,11279.0
2015-08-19 21:00:00+00:00,9.096,9.242,9.034,9.226,12281.0
2015-08-20 21:00:00+00:00,9.224,9.23,9.038,9.05,11952.0
2015-08-23 21:00:00+00:00,9.0,9.018,8.69,8.916,24114.0
2015-08-24 21:00:00+00:00,8.894,9.036,8.812,8.908,14338.0
2015-08-25 21:00:00+00:00,8.888,8.96,8.778,8.79,13009.0
2015-08-26 21:00:00+00:00,8.802,8.976,8.8,8.912,12802.0
2015-08-27 21:00:00+00:00,8.934,9.022,8.898,8.996,14012.0
2015-08-30 21:00:00+00:00,8.976,9.014,8.84,8.99,12580.0
2015-08-31 21:00:00+00:00,8.974,8.996,8.812,8.876,12118.0
2015-09-01 21:00:00+00:00,8.876,8.928,8.776,8.854,12679.0
2015-09-02 21:00:00+00:00,8.884,8.948,8.806,8.812,12269.0
2015-09-03 21:00:00+00:00,8.816,8.882,8.774,8.782,7708.0
2015-09-07 21:00:00+00:00,8.818,8.962,8.818,8.89,7913.0
2015-09-08 21:00:00+00:00,8.874,8.97,8.822,8.834,10856.0
2015-09-09 21:00:00+00:00,8.83,8.904,8.8,8.852,10420.0
2015-09-10 21:00:00+00:00,8.86,8.888,8.65,8.856,10473.0
2015-09-13 21:00:00+00:00,8.87,8.992,8.87,8.944,14022.0
2015-09-14 21:00:00+00:00,8.979,9.048,8.938,8.996,5884.0
2015-09-15 21:00:00+00:00,8.988,9.046,8.936,8.968,9889.0
2015-09-16 21:00:00+00:00,8.968,9.006,8.906,8.944,7022.0
2015-09-17 21:00:00+00:00,8.936,8.964,8.762,8.772,5495.0
2015-09-20 21:00:00+00:00,8.768,8.864,8.744,8.828,6817.0
2015-09-21 21:00:00+00:00,8.808,8.824,8.7,8.71,4269.0
2015-09-22 21:00:00+00:00,8.702,8.782,8.702,8.718,6743.0
2015-09-23 21:00:00+00:00,8.72,8.778,8.666,8.772,9531.0
2015-09-24 21:00:00+00:00,8.78,8.986,8.78,8.974,5700.0
2015-09-27 21:00:00+00:00,8.968,9.002,8.836,8.854,6735.0
2015-09-28 21:00:00+00:00,8.848,8.928,8.814,8.918,8099.0
2015-09-29 21:00:00+00:00,8.914,9.102,8.89,8.996,15983.0
2015-09-30 21:00:00+00:00,8.99,9.068,8.844,8.854,8769.0
2015-10-01 21:00:00+00:00,8.838,8.892,8.756,8.816,9389.0
2015-10-04 21:00:00+00:00,8.804,8.926,8.79,8.902,7310.0
2015-10-05 21:00:00+00:00,8.87,9.024,8.86,8.94,8853.0
2015-10-06 21:00:00+00:00,8.934,9.024,8.92,8.972,8726.0
2015-10-07 21:00:00+00:00,8.966,8.98,8.864,8.88,7498.0
2015-10-08 21:00:00+00:00,8.864,9.03,8.778,8.916,19363.0
2015-10-11 21:00:00+00:00,8.916,9.0,8.916,8.928,7992.0
2015-10-12 21:00:00+00:00,8.92,9.204,8.918,9.176,11134.0
2015-10-13 21:00:00+00:00,9.18,9.254,9.148,9.152,8503.0
2015-10-14 21:00:00+00:00,9.144,9.208,9.092,9.104,7834.0
2015-10-15 21:00:00+00:00,9.098,9.156,9.022,9.04,7950.0
2015-10-18 21:00:00+00:00,9.014,9.048,8.95,8.956,5911.0
2015-10-19 21:00:00+00:00,8.944,9.058,8.94,9.004,7746.0
2015-10-20 21:00:00+00:00,9.0,9.104,8.986,9.089,10708.0
2015-10-21 21:00:00+00:00,9.086,9.151,8.994,9.007,8865.0
2015-10-22 21:00:00+00:00,9.006,9.027,8.922,8.934,8400.0
2015-10-25 21:00:00+00:00,8.948,8.992,8.82,8.842,7993.0
2015-10-26 21:00:00+00:00,8.844,8.936,8.797,8.899,7504.0
2015-10-27 21:00:00+00:00,8.89,8.907,8.815,8.82,7294.0
2015-10-28 21:00:00+00:00,8.812,8.857,8.75,8.786,9098.0
2015-10-29 21:00:00+00:00,8.784,8.867,8.782,8.845,6224.0
2015-11-01 22:00:00+00:00,8.875,8.903,8.778,8.792,5487.0
2015-11-02 22:00:00+00:00,8.792,8.86,8.75,8.793,5218.0
2015-11-03 22:00:00+00:00,8.788,8.862,8.785,8.846,4663.0
2015-11-04 22:00:00+00:00,8.83,8.848,8.628,8.645,2780.0
2015-11-05 22:00:00+00:00,8.656,8.676,8.577,8.666,3946.0
2015-11-08 22:00:00+00:00,8.663,8.716,8.653,8.658,3585.0
2015-11-09 22:00:00+00:00,8.651,8.678,8.496,8.576,5650.0
2015-11-10 22:00:00+00:00,8.566,8.609,8.536,8.599,2733.0
2015-11-11 22:00:00+00:00,8.59,8.646,8.546,8.624,3915.0
2015-11-12 22:00:00+00:00,8.614,8.619,8.541,8.552,2271.0
2015-11-15 22:00:00+00:00,8.54,8.599,8.509,8.584,2706.0
2015-11-16 22:00:00+00:00,8.576,8.644,8.574,8.634,2467.0
2015-11-17 22:00:00+00:00,8.634,8.672,8.522,8.579,3223.0
2015-11-18 22:00:00+00:00,8.58,8.624,8.522,8.597,4305.0
2015-11-19 22:00:00+00:00,8.589,8.607,8.517,8.574,3794.0
2015-11-22 22:00:00+00:00,8.532,8.649,8.44,8.637,5095.0
2015-11-23 22:00:00+00:00,8.62,8.687,8.61,8.632,3841.0
2015-11-24 22:00:00+00:00,8.63,8.765,8.612,8.745,4460.0
2015-11-26 22:00:00+00:00,8.732,8.773,8.707,8.725,2261.0
2015-11-29 22:00:00+00:00,8.732,8.827,8.7,8.812,4436.0
2015-11-30 22:00:00+00:00,8.815,8.913,8.798,8.9,4457.0
2015-12-01 22:00:00+00:00,8.886,8.943,8.845,8.908,5207.0
2015-12-02 22:00:00+00:00,8.9,8.975,8.848,8.965,5426.0
2015-12-03 22:00:00+00:00,8.964,9.065,8.925,9.06,5416.0
2015-12-06 22:00:00+00:00,9.055,9.093,8.813,8.846,5615.0
2015-12-07 22:00:00+00:00,8.854,8.866,8.723,8.766,5769.0
2015-12-08 22:00:00+00:00,8.773,8.833,8.696,8.763,6113.0
2015-12-09 22:00:00+00:00,8.768,8.863,8.729,8.784,5513.0
2015-12-10 22:00:00+00:00,8.786,8.846,8.702,8.714,7824.0
2015-12-13 22:00:00+00:00,8.712,8.768,8.68,8.745,7753.0
2015-12-14 22:00:00+00:00,8.728,8.764,8.643,8.652,6376.0
2015-12-15 22:00:00+00:00,8.644,8.686,8.543,8.614,6727.0
2015-12-16 22:00:00+00:00,8.566,8.761,8.517,8.741,8661.0
2015-12-17 22:00:00+00:00,8.736,8.916,8.706,8.906,8066.0
2015-12-20 22:00:00+00:00,8.892,8.942,8.849,8.884,4109.0
2015-12-21 22:00:00+00:00,8.882,8.927,8.827,8.84,4802.0
2015-12-22 22:00:00+00:00,8.833,8.862,8.779,8.783,3291.0
2015-12-23 22:00:00+00:00,8.79,8.818,8.701,8.713,2989.0
2015-12-27 22:00:00+00:00,8.672,8.689,8.583,8.6,2737.0
2015-12-28 22:00:00+00:00,8.6,8.695,8.588,8.628,3493.0
2015-12-29 22:00:00+00:00,8.627,8.71,8.615,8.663,3727.0
2015-12-30 22:00:00+00:00,8.663,8.704,8.608,8.623,2448.0
2016-01-03 22:00:00+00:00,8.615,8.65,8.512,8.555,3412.0
2016-01-04 22:00:00+00:00,8.567,8.623,8.535,8.55,3534.0
2016-01-05 22:00:00+00:00,8.548,8.658,8.503,8.623,4206.0
2016-01-06 22:00:00+00:00,8.62,8.665,8.563,8.626,5764.0
2016-01-07 22:00:00+00:00,8.633,8.686,8.616,8.631,4025.0
2016-01-10 22:00:00+00:00,8.635,8.677,8.577,8.597,4434.0
2016-01-11 22:00:00+00:00,8.597,8.792,8.555,8.724,9594.0
2016-01-12 22:00:00+00:00,8.724,8.787,8.692,8.777,4819.0
2016-01-13 22:00:00+00:00,8.764,8.825,8.73,8.815,4625.0
2016-01-14 22:00:00+00:00,8.805,8.81,8.693,8.763,4924.0
2016-01-18 22:00:00+00:00,8.806,8.861,8.789,8.809,3905.0
2016-01-19 22:00:00+00:00,8.802,8.822,8.689,8.722,4724.0
2016-01-20 22:00:00+00:00,8.732,8.839,8.707,8.775,4952.0
2016-01-21 22:00:00+00:00,8.775,8.847,8.73,8.745,4250.0
2016-01-24 22:00:00+00:00,8.756,8.803,8.693,8.788,3954.0
2016-01-25 22:00:00+00:00,8.781,8.808,8.741,8.746,3859.0
2016-01-26 22:00:00+00:00,8.742,8.834,8.741,8.818,4349.0
2016-01-27 22:00:00+00:00,8.807,8.827,8.66,8.667,4789.0
2016-01-28 22:00:00+00:00,8.676,8.815,8.657,8.8,3931.0
2016-01-31 22:00:00+00:00,8.807,8.813,8.748,8.796,3429.0
2016-02-01 22:00:00+00:00,8.789,8.881,8.771,8.852,4412.0
2016-02-02 22:00:00+00:00,8.84,8.846,8.731,8.756,3876.0
2016-02-03 22:00:00+00:00,8.766,8.831,8.717,8.745,5281.0
2016-02-04 22:00:00+00:00,8.75,8.777,8.662,8.674,4094.0
2016-02-07 22:00:00+00:00,8.662,8.676,8.606,8.62,3355.0
2016-02-08 22:00:00+00:00,8.621,8.653,8.586,8.628,3988.0
2016-02-09 22:00:00+00:00,8.62,8.651,8.606,8.612,3208.0
2016-02-10 22:00:00+00:00,8.614,8.734,8.614,8.724,4406.0
2016-02-11 22:00:00+00:00,8.716,8.744,8.677,8.714,3256.0
2016-02-15 22:00:00+00:00,8.754,8.818,8.725,8.786,4931.0
2016-02-16 22:00:00+00:00,8.778,8.837,8.761,8.814,3064.0
2016-02-17 22:00:00+00:00,8.814,8.822,8.777,8.8,2897.0
2016-02-18 22:00:00+00:00,8.792,8.814,8.774,8.785,3110.0
2016-02-21 22:00:00+00:00,8.808,8.868,8.796,8.81,2414.0
2016-02-22 22:00:00+00:00,8.798,8.801,8.684,8.704,2505.0
2016-02-23 22:00:00+00:00,8.706,8.72,8.665,8.692,4026.0
2016-02-24 22:00:00+00:00,8.692,8.735,8.623,8.628,3748.0
2016-02-25 22:00:00+00:00,8.64,8.662,8.591,8.608,3501.0
2016-02-28 22:00:00+00:00,8.604,8.622,8.574,8.594,2272.0
2016-02-29 22:00:00+00:00,8.585,8.635,8.545,8.557,2421.0
2016-03-01 22:00:00+00:00,8.556,8.623,8.535,8.588,3290.0
2016-03-02 22:00:00+00:00,8.585,8.626,8.553,8.61,2429.0
2016-03-03 22:00:00+00:00,8.614,8.765,8.613,8.753,4482.0
2016-03-06 22:00:00+00:00,8.797,8.851,8.779,8.781,3131.0
2016-03-07 22:00:00+00:00,8.777,8.827,8.729,8.819,3024.0
2016-03-08 22:00:00+00:00,8.804,8.854,8.78,8.835,3818.0
2016-03-09 22:00:00+00:00,8.84,8.875,8.79,8.852,3111.0
2016-03-10 22:00:00+00:00,8.855,8.943,8.85,8.92,2956.0
2016-03-13 21:00:00+00:00,8.907,8.946,8.881,8.937,2447.0
2016-03-14 21:00:00+00:00,8.924,8.93,8.864,8.899,2594.0
2016-03-15 21:00:00+00:00,8.894,8.924,8.84,8.922,2060.0
2016-03-16 21:00:00+00:00,8.93,9.02,8.915,8.945,3817.0
2016-03-17 21:00:00+00:00,8.947,9.025,8.938,8.95,2403.0
2016-03-20 21:00:00+00:00,8.931,9.029,8.904,8.999,2794.0
2016-03-21 21:00:00+00:00,8.991,9.117,8.981,9.081,4025.0
2016-03-22 21:00:00+00:00,9.074,9.104,8.994,9.044,2947.0
2016-03-23 21:00:00+00:00,9.032,9.097,9.002,9.085,3636.0
2016-03-27 21:00:00+00:00,9.093,9.128,9.046,9.081,2869.0
2016-03-28 21:00:00+00:00,9.066,9.146,9.054,9.144,2849.0
2016-03-29 21:00:00+00:00,9.135,9.152,9.069,9.069,3613.0
2016-03-30 21:00:00+00:00,9.069,9.12,8.944,9.082,8093.0
2016-03-31 21:00:00+00:00,9.082,9.183,9.067,9.168,4869.0
2016-04-03 21:00:00+00:00,9.166,9.206,9.114,9.121,2409.0
2016-04-04 21:00:00+00:00,9.104,9.149,9.029,9.037,1983.0
2016-04-05 21:00:00+00:00,9.027,9.082,8.997,9.07,2804.0
2016-04-06 21:00:00+00:00,9.07,9.08,9.023,9.028,2362.0
2016-04-07 21:00:00+00:00,9.038,9.155,9.018,9.148,3242.0
2016-04-10 21:00:00+00:00,9.152,9.281,9.144,9.27,4723.0
2016-04-11 21:00:00+00:00,9.259,9.372,9.236,9.369,6954.0
2016-04-12 21:00:00+00:00,9.364,9.563,9.362,9.559,7808.0
2016-04-13 21:00:00+00:00,9.541,9.582,9.447,9.45,6521.0
2016-04-14 21:00:00+00:00,9.462,9.57,9.453,9.54,5537.0
2016-04-17 21:00:00+00:00,9.531,9.631,9.489,9.531,7938.0
2016-04-18 21:00:00+00:00,9.528,9.859,9.52,9.823,9303.0
2016-04-19 21:00:00+00:00,9.8,10.108,9.754,10.073,14907.0
2016-04-20 21:00:00+00:00,10.064,10.334,10.015,10.168,23303.0
2016-04-21 21:00:00+00:00,10.154,10.159,9.788,9.838,18669.0
2016-04-24 21:00:00+00:00,9.855,10.2,9.772,10.002,14169.0
2016-04-25 21:00:00+00:00,9.995,10.187,9.924,10.172,15368.0
2016-04-26 21:00:00+00:00,10.172,10.2,10.018,10.161,11331.0
2016-04-27 21:00:00+00:00,10.149,10.367,10.089,10.192,11998.0
2016-04-28 21:00:00+00:00,10.147,10.289,10.093,10.203,10837.0
2016-05-01 21:00:00+00:00,10.193,10.36,10.12,10.355,9478.0
2016-05-02 21:00:00+00:00,10.343,10.482,10.145,10.2,15907.0
2016-05-03 21:00:00+00:00,10.176,10.37,10.136,10.266,12355.0
2016-05-04 21:00:00+00:00,10.266,10.387,10.031,10.051,11107.0
2016-05-05 21:00:00+00:00,10.036,10.3,10.004,10.295,7789.0
2016-05-08 21:00:00+00:00,10.296,10.358,10.113,10.187,11317.0
2016-05-09 21:00:00+00:00,10.173,10.834,10.16,10.722,17274.0
2016-05-10 21:00:00+00:00,10.73,10.825,10.65,10.704,11189.0
2016-05-11 21:00:00+00:00,10.708,10.816,10.551,10.642,13569.0
2016-05-12 21:00:00+00:00,10.636,10.675,10.5,10.562,9972.0
2016-05-15 21:00:00+00:00,10.54,10.642,10.48,10.556,9037.0
2016-05-16 21:00:00+00:00,10.559,10.793,10.556,10.738,9856.0
2016-05-17 21:00:00+00:00,10.724,10.806,10.568,10.658,11695.0
2016-05-18 21:00:00+00:00,10.66,10.675,10.444,10.632,13727.0
2016-05-19 21:00:00+00:00,10.657,10.804,10.566,10.69,15644.0
2016-05-22 21:00:00+00:00,10.679,10.724,10.459,10.507,6999.0
2016-05-23 21:00:00+00:00,10.511,10.633,10.374,10.484,11740.0
2016-05-24 21:00:00+00:00,10.506,10.813,10.487,10.802,12428.0
2016-05-25 21:00:00+00:00,10.786,10.916,10.672,10.735,13173.0
2016-05-26 21:00:00+00:00,10.716,10.847,10.659,10.811,12586.0
2016-05-29 21:00:00+00:00,10.811,10.811,10.793,10.793,6.0
2016-05-30 21:00:00+00:00,10.8,10.905,10.718,10.731,12090.0
2016-05-31 21:00:00+00:00,10.731,10.969,10.628,10.938,11339.0
2016-06-01 21:00:00+00:00,10.96,11.403,10.954,11.396,16425.0
2016-06-02 21:00:00+00:00,11.355,11.633,11.22,11.287,16993.0
2016-06-05 21:00:00+00:00,11.366,11.567,11.311,11.334,13285.0
2016-06-06 21:00:00+00:00,11.306,11.437,11.243,11.375,12237.0
2016-06-07 21:00:00+00:00,11.354,11.842,11.333,11.742,14659.0
2016-06-08 21:00:00+00:00,11.716,11.8,11.616,11.714,12874.0
2016-06-09 21:00:00+00:00,11.688,12.032,11.644,11.724,19087.0
2016-06-12 21:00:00+00:00,11.874,11.94,11.632,11.669,17225.0
2016-06-13 21:00:00+00:00,11.635,11.723,11.485,11.658,16674.0
2016-06-14 21:00:00+00:00,11.661,11.738,11.508,11.518,12330.0
2016-06-15 21:00:00+00:00,11.5,11.56,11.25,11.312,13889.0
2016-06-16 21:00:00+00:00,11.292,11.563,11.292,11.54,10862.0
2016-06-19 21:00:00+00:00,11.485,11.536,11.37,11.425,9208.0
2016-06-20 21:00:00+00:00,11.425,11.486,11.259,11.311,10593.0
2016-06-21 21:00:00+00:00,11.29,11.44,11.232,11.352,8589.0
2016-06-22 21:00:00+00:00,11.372,11.399,11.204,11.234,11071.0
2016-06-23 21:00:00+00:00,11.222,11.29,10.968,11.07,12758.0
2016-06-26 21:00:00+00:00,11.018,11.362,11.01,11.337,10324.0
2016-06-27 21:00:00+00:00,11.284,11.63,11.262,11.48,12446.0
2016-06-28 21:00:00+00:00,11.476,11.539,11.38,11.43,11456.0
2016-06-29 21:00:00+00:00,11.414,11.838,11.228,11.774,21705.0
2016-06-30 21:00:00+00:00,11.76,11.806,11.652,11.662,12227.0
2016-07-04 21:00:00+00:00,11.458,11.476,11.07,11.092,9614.0
2016-07-05 21:00:00+00:00,11.088,11.164,10.648,11.046,14050.0
2016-07-06 21:00:00+00:00,11.051,11.19,10.51,10.51,18210.0
2016-07-07 21:00:00+00:00,10.5,10.86,10.47,10.84,14035.0
2016-07-10 21:00:00+00:00,10.982,11.024,10.754,10.8,14586.0
2016-07-11 21:00:00+00:00,10.798,11.044,10.744,11.044,16532.0
2016-07-12 21:00:00+00:00,11.108,11.362,10.982,11.238,16948.0
2016-07-13 21:00:00+00:00,11.254,11.422,10.812,10.863,18903.0
2016-07-14 21:00:00+00:00,10.846,10.986,10.579,10.736,22058.0
2016-07-17 21:00:00+00:00,10.643,10.834,10.516,10.78,16711.0
2016-07-18 21:00:00+00:00,10.768,10.8,10.422,10.48,13516.0
2016-07-19 21:00:00+00:00,10.476,10.572,10.26,10.274,15381.0
2016-07-20 21:00:00+00:00,10.276,10.434,10.248,10.348,13446.0
2016-07-21 21:00:00+00:00,10.355,10.38,9.86,10.076,13566.0
2016-07-24 21:00:00+00:00,9.989,10.11,9.826,9.838,16234.0
2016-07-25 21:00:00+00:00,9.827,10.034,9.814,9.948,10490.0
2016-07-26 21:00:00+00:00,9.947,10.16,9.92,10.108,11023.0
2016-07-27 21:00:00+00:00,10.14,10.222,9.988,10.05,11716.0
2016-07-28 21:00:00+00:00,10.066,10.336,9.958,10.288,10235.0
2016-07-31 21:00:00+00:00,10.18,10.268,9.842,9.89,10682.0
2016-08-01 21:00:00+00:00,9.846,9.936,9.682,9.78,10967.0
2016-08-02 21:00:00+00:00,9.784,9.922,9.752,9.792,9767.0
2016-08-03 21:00:00+00:00,9.798,9.928,9.756,9.806,7906.0
2016-08-04 21:00:00+00:00,9.824,10.05,9.824,9.996,9513.0
2016-08-07 21:00:00+00:00,10.062,10.138,9.95,10.096,7582.0
2016-08-08 21:00:00+00:00,10.076,10.238,10.018,10.124,6709.0
2016-08-09 21:00:00+00:00,10.13,10.222,9.968,10.056,7679.0
2016-08-10 21:00:00+00:00,10.068,10.138,10.022,10.082,5834.0
2016-08-11 21:00:00+00:00,10.066,10.162,9.858,10.07,12477.0
2016-08-14 21:00:00+00:00,10.048,10.344,10.028,10.328,8338.0
2016-08-15 21:00:00+00:00,10.32,10.39,10.242,10.312,7873.0
2016-08-16 21:00:00+00:00,10.32,10.402,10.26,10.386,6712.0
2016-08-17 21:00:00+00:00,10.396,10.404,10.188,10.372,7399.0
2016-08-18 21:00:00+00:00,10.37,10.396,10.2,10.256,7351.0
2016-08-21 21:00:00+00:00,10.222,10.416,10.206,10.368,7417.0
2016-08-22 21:00:00+00:00,10.356,10.382,10.278,10.342,8241.0
2016-08-23 21:00:00+00:00,10.34,10.352,10.174,10.254,7364.0
2016-08-24 21:00:00+00:00,10.246,10.258,9.952,9.952,8403.0
2016-08-25 21:00:00+00:00,9.946,10.002,9.802,9.868,6700.0
2016-08-28 21:00:00+00:00,9.864,9.932,9.806,9.834,6277.0
2016-08-29 21:00:00+00:00,9.834,9.874,9.65,9.716,5025.0
2016-08-30 21:00:00+00:00,9.704,9.744,9.56,9.6,6718.0
2016-08-31 21:00:00+00:00,9.6,9.664,9.548,9.612,6442.0
2016-09-01 21:00:00+00:00,9.631,9.732,9.631,9.704,6281.0
2016-09-05 21:00:00+00:00,9.704,9.808,9.632,9.75,6049.0
2016-09-06 21:00:00+00:00,9.756,9.95,9.75,9.93,5264.0
2016-09-07 21:00:00+00:00,9.938,10.004,9.87,9.924,5648.0
2016-09-08 21:00:00+00:00,9.94,9.996,9.882,9.948,5014.0
2016-09-11 21:00:00+00:00,9.93,10.054,9.744,9.81,9866.0
2016-09-12 21:00:00+00:00,9.798,9.864,9.572,9.6,7059.0
2016-09-13 21:00:00+00:00,9.584,9.626,9.552,9.576,4809.0
2016-09-14 21:00:00+00:00,9.582,9.674,9.558,9.64,3969.0
2016-09-15 21:00:00+00:00,9.63,9.834,9.6,9.798,4430.0
2016-09-18 21:00:00+00:00,9.851,9.952,9.8,9.872,8127.0
2016-09-19 21:00:00+00:00,9.878,10.078,9.846,10.032,6547.0
2016-09-20 21:00:00+00:00,10.024,10.04,9.848,9.892,5208.0
2016-09-21 21:00:00+00:00,9.878,9.964,9.834,9.882,6630.0
2016-09-22 21:00:00+00:00,9.88,9.89,9.652,9.664,6391.0
2016-09-25 21:00:00+00:00,9.634,9.722,9.556,9.586,5972.0
2016-09-26 21:00:00+00:00,9.586,9.65,9.454,9.642,6155.0
2016-09-27 21:00:00+00:00,9.634,9.67,9.558,9.57,6699.0
2016-09-28 21:00:00+00:00,9.576,9.682,9.572,9.606,6728.0
2016-09-29 21:00:00+00:00,9.602,9.692,9.54,9.634,9812.0
2016-10-02 21:00:00+00:00,9.626,9.852,9.568,9.842,6188.0
2016-10-03 21:00:00+00:00,9.81,9.82,9.7,9.73,6102.0
2016-10-04 21:00:00+00:00,9.732,9.772,9.602,9.654,5868.0
2016-10-05 21:00:00+00:00,9.66,9.69,9.564,9.682,5989.0
2016-10-06 21:00:00+00:00,9.678,9.824,9.646,9.656,8074.0
2016-10-09 21:00:00+00:00,9.646,9.724,9.586,9.626,7173.0
2016-10-10 21:00:00+00:00,9.622,9.688,9.6,9.616,5711.0
2016-10-11 21:00:00+00:00,9.612,9.792,9.512,9.538,9699.0
2016-10-12 21:00:00+00:00,9.534,9.67,9.45,9.622,9595.0
2016-10-13 21:00:00+00:00,9.626,9.818,9.596,9.704,11361.0
2016-10-16 21:00:00+00:00,9.686,9.857,9.68,9.849,10295.0
2016-10-17 21:00:00+00:00,9.844,9.938,9.794,9.797,13593.0
2016-10-18 21:00:00+00:00,9.796,9.908,9.787,9.904,11895.0
2016-10-19 21:00:00+00:00,9.886,9.977,9.816,9.84,11381.0
2016-10-20 21:00:00+00:00,9.844,9.925,9.826,9.922,9341.0
2016-10-23 21:00:00+00:00,9.905,10.08,9.884,10.007,11139.0
2016-10-24 21:00:00+00:00,9.986,10.07,9.915,10.01,11195.0
2016-10-25 21:00:00+00:00,10.0,10.21,9.998,10.208,9395.0
2016-10-26 21:00:00+00:00,10.18,10.3,10.128,10.238,10768.0
2016-10-27 21:00:00+00:00,10.226,10.27,10.093,10.11,9534.0
2016-10-30 21:00:00+00:00,10.11,10.172,10.061,10.113,8336.0
2016-10-31 21:00:00+00:00,10.098,10.151,9.908,9.915,8229.0
2016-11-01 21:00:00+00:00,9.91,9.951,9.824,9.854,8232.0
2016-11-02 21:00:00+00:00,9.854,9.931,9.849,9.894,5993.0
2016-11-03 21:00:00+00:00,9.891,9.939,9.834,9.894,6135.0
2016-11-06 22:00:00+00:00,9.9,10.009,9.894,9.979,4948.0
2016-11-07 22:00:00+00:00,9.982,10.199,9.964,10.102,7367.0
2016-11-08 22:00:00+00:00,10.088,10.167,9.837,9.907,13220.0
2016-11-09 22:00:00+00:00,9.908,10.182,9.884,10.012,11092.0
2016-11-10 22:00:00+00:00,10.019,10.172,9.765,9.867,13695.0
2016-11-13 22:00:00+00:00,9.88,9.89,9.747,9.84,8645.0
2016-11-14 22:00:00+00:00,9.85,9.91,9.78,9.91,6259.0
2016-11-15 22:00:00+00:00,9.928,9.97,9.823,9.848,5943.0
2016-11-16 22:00:00+00:00,9.846,9.93,9.803,9.893,5036.0
2016-11-17 22:00:00+00:00,9.878,9.958,9.818,9.942,4850.0
2016-11-20 22:00:00+00:00,9.958,10.205,9.953,10.205,6185.0
2016-11-21 22:00:00+00:00,10.19,10.326,10.149,10.3,8733.0
2016-11-22 22:00:00+00:00,10.303,10.351,10.168,10.336,9235.0
2016-11-23 22:00:00+00:00,10.332,10.332,10.322,10.322,5.0
2016-11-24 22:00:00+00:00,10.323,10.46,10.291,10.45,3357.0
2016-11-27 22:00:00+00:00,10.423,10.641,10.423,10.54,10936.0
2016-11-28 22:00:00+00:00,10.539,10.584,10.389,10.429,7676.0
2016-11-29 22:00:00+00:00,10.434,10.521,10.309,10.31,10319.0
2016-11-30 22:00:00+00:00,10.333,10.394,10.219,10.309,8414.0
2016-12-01 22:00:00+00:00,10.336,10.372,10.262,10.289,7517.0
2016-12-04 22:00:00+00:00,10.3,10.492,10.274,10.43,6893.0
2016-12-05 22:00:00+00:00,10.416,10.612,10.384,10.464,6895.0
2016-12-06 22:00:00+00:00,10.464,10.525,10.396,10.5,6528.0
2016-12-07 22:00:00+00:00,10.47,10.478,10.232,10.255,6057.0
2016-12-08 22:00:00+00:00,10.262,10.382,10.212,10.382,9182.0
2016-12-11 22:00:00+00:00,10.418,10.469,10.263,10.308,7495.0
2016-12-12 22:00:00+00:00,10.313,10.383,10.25,10.275,6655.0
2016-12-13 22:00:00+00:00,10.268,10.288,10.205,10.239,4368.0
2016-12-14 22:00:00+00:00,10.225,10.38,10.182,10.296,7691.0
2016-12-15 22:00:00+00:00,10.293,10.376,10.228,10.366,5624.0
2016-12-18 22:00:00+00:00,10.328,10.386,10.203,10.217,6024.0
2016-12-19 22:00:00+00:00,10.221,10.235,10.039,10.044,5979.0
2016-12-20 22:00:00+00:00,10.061,10.119,10.049,10.074,4693.0
2016-12-21 22:00:00+00:00,10.08,10.084,9.934,9.942,4929.0
2016-12-22 22:00:00+00:00,9.946,9.966,9.876,9.899,4742.0
2016-12-26 22:00:00+00:00,9.894,10.152,9.89,10.136,5899.0
2016-12-27 22:00:00+00:00,10.14,10.187,10.016,10.068,6922.0
2016-12-28 22:00:00+00:00,10.062,10.146,10.02,10.027,6416.0
2016-12-29 22:00:00+00:00,10.026,10.088,9.932,9.957,5465.0
2017-01-02 22:00:00+00:00,9.963,10.025,9.858,9.869,5546.0
2017-01-03 22:00:00+00:00,9.873,10.067,9.84,10.052,5343.0
2017-01-04 22:00:00+00:00,10.045,10.068,9.989,10.039,4897.0
2017-01-05 22:00:00+00:00,10.039,10.059,9.852,9.867,5695.0
2017-01-08 22:00:00+00:00,9.872,9.977,9.855,9.962,5287.0
2017-01-09 22:00:00+00:00,9.955,10.067,9.891,10.051,6272.0
2017-01-10 22:00:00+00:00,10.043,10.083,9.932,10.022,5660.0
2017-01-11 22:00:00+00:00,10.02,10.331,9.983,10.32,9700.0
2017-01-12 22:00:00+00:00,10.289,10.446,10.25,10.362,7550.0
2017-01-16 22:00:00+00:00,10.466,10.68,10.446,10.61,10285.0
2017-01-17 22:00:00+00:00,10.603,10.723,10.551,10.661,8270.0
2017-01-18 22:00:00+00:00,10.648,10.697,10.595,10.628,7424.0
2017-01-19 22:00:00+00:00,10.625,10.639,10.53,10.602,6393.0
2017-01-22 22:00:00+00:00,10.598,10.626,10.487,10.527,5868.0
2017-01-23 22:00:00+00:00,10.534,10.613,10.448,10.525,6076.0
2017-01-24 22:00:00+00:00,10.508,10.534,10.437,10.504,5745.0
2017-01-25 22:00:00+00:00,10.503,10.52,10.394,10.424,5768.0
2017-01-26 22:00:00+00:00,10.41,10.457,10.372,10.435,4431.0
2017-01-29 22:00:00+00:00,10.383,10.383,10.138,10.171,4667.0
2017-01-30 22:00:00+00:00,10.177,10.211,10.142,10.189,3506.0
2017-01-31 22:00:00+00:00,10.192,10.317,10.118,10.315,4993.0
2017-02-01 22:00:00+00:00,10.318,10.362,10.261,10.314,5709.0
2017-02-02 22:00:00+00:00,10.313,10.389,10.215,10.218,6727.0
2017-02-05 22:00:00+00:00,10.23,10.376,10.214,10.322,6549.0
2017-02-06 22:00:00+00:00,10.339,10.385,10.275,10.367,5670.0
2017-02-07 22:00:00+00:00,10.373,10.551,10.353,10.538,6131.0
2017-02-08 22:00:00+00:00,10.514,10.569,10.408,10.455,7110.0
2017-02-09 22:00:00+00:00,10.458,10.591,10.434,10.539,6231.0
2017-02-12 22:00:00+00:00,10.544,10.576,10.467,10.518,1620.0
2017-02-13 22:00:00+00:00,10.512,10.52,10.39,10.416,1447.0
2017-02-14 22:00:00+00:00,10.416,10.578,10.37,10.572,1404.0
2017-02-15 22:00:00+00:00,10.56,10.588,10.39,10.402,1948.0
2017-02-16 22:00:00+00:00,10.402,10.428,10.278,10.308,2071.0
2017-02-20 22:00:00+00:00,10.316,10.416,10.234,10.242,4272.0
2017-02-21 22:00:00+00:00,10.252,10.291,10.198,10.2,3525.0
2017-02-22 22:00:00+00:00,10.202,10.242,10.078,10.112,2816.0
2017-02-23 22:00:00+00:00,10.092,10.146,10.072,10.116,4011.0
2017-02-26 22:00:00+00:00,10.146,10.168,10.05,10.116,4108.0
2017-02-27 22:00:00+00:00,10.122,10.436,10.113,10.244,12052.0
2017-02-28 22:00:00+00:00,10.256,10.398,10.23,10.396,7466.0
2017-03-01 22:00:00+00:00,10.364,10.386,10.202,10.246,7207.0
2017-03-02 22:00:00+00:00,10.258,10.29,10.172,10.256,6751.0
2017-03-05 22:00:00+00:00,10.278,10.37,10.246,10.264,6750.0
2017-03-06 22:00:00+00:00,10.282,10.304,10.114,10.146,5670.0
2017-03-07 22:00:00+00:00,10.144,10.166,10.078,10.104,5076.0
2017-03-08 22:00:00+00:00,10.103,10.118,9.96,10.006,6903.0
2017-03-09 22:00:00+00:00,10.014,10.023,9.928,9.972,3770.0
2017-03-12 21:00:00+00:00,9.968,10.001,9.938,9.97,3989.0
2017-03-13 21:00:00+00:00,9.968,9.982,9.826,9.894,5501.0
2017-03-14 21:00:00+00:00,9.892,9.98,9.858,9.879,3809.0
2017-03-15 21:00:00+00:00,9.9,9.972,9.866,9.92,3813.0
2017-03-16 21:00:00+00:00,9.924,9.95,9.854,9.912,2855.0
2017-03-19 21:00:00+00:00,9.948,9.998,9.9,9.908,3531.0
2017-03-20 21:00:00+00:00,9.92,9.994,9.868,9.924,4429.0
2017-03-21 21:00:00+00:00,9.922,9.948,9.858,9.907,5696.0
2017-03-22 21:00:00+00:00,9.91,9.936,9.826,9.828,4512.0
2017-03-23 21:00:00+00:00,9.828,9.828,9.646,9.682,3805.0
2017-03-26 21:00:00+00:00,9.694,9.712,9.612,9.636,3437.0
2017-03-27 21:00:00+00:00,9.642,9.694,9.638,9.639,2675.0
2017-03-28 21:00:00+00:00,9.636,9.688,9.604,9.626,2996.0
2017-03-29 21:00:00+00:00,9.628,9.63,9.546,9.56,3244.0
2017-03-30 21:00:00+00:00,9.55,9.596,9.38,9.384,6128.0
2017-04-02 21:00:00+00:00,9.402,9.432,9.316,9.338,2235.0
2017-04-03 21:00:00+00:00,9.338,9.368,9.308,9.322,2385.0
2017-04-04 21:00:00+00:00,9.32,9.426,9.32,9.384,2564.0
2017-04-05 21:00:00+00:00,9.388,9.408,9.332,9.336,1939.0
2017-04-06 21:00:00+00:00,9.332,9.398,9.32,9.36,2562.0
2017-04-09 21:00:00+00:00,9.39,9.438,9.348,9.369,2479.0
2017-04-10 21:00:00+00:00,9.368,9.4,9.253,9.376,3174.0
2017-04-11 21:00:00+00:00,9.382,9.466,9.364,9.44,2645.0
2017-04-12 21:00:00+00:00,9.424,9.548,9.424,9.526,2847.0
2017-04-16 21:00:00+00:00,9.548,9.58,9.478,9.484,2882.0
2017-04-17 21:00:00+00:00,9.486,9.51,9.362,9.424,2727.0
2017-04-18 21:00:00+00:00,9.428,9.508,9.39,9.468,2810.0
2017-04-19 21:00:00+00:00,9.466,9.522,9.426,9.432,3419.0
2017-04-20 21:00:00+00:00,9.424,9.494,9.416,9.484,2981.0
2017-04-23 21:00:00+00:00,9.501,9.594,9.492,9.579,3000.0
2017-04-24 21:00:00+00:00,9.568,9.582,9.518,9.532,3624.0
2017-04-25 21:00:00+00:00,9.526,9.556,9.426,9.444,4021.0
2017-04-26 21:00:00+00:00,9.439,9.489,9.42,9.444,3006.0
2017-04-27 21:00:00+00:00,9.444,9.464,9.402,9.434,3166.0
2017-04-30 21:00:00+00:00,9.482,9.628,9.469,9.585,2778.0
2017-05-01 21:00:00+00:00,9.576,9.666,9.538,9.574,5099.0
2017-05-02 21:00:00+00:00,9.584,9.648,9.552,9.63,3415.0
2017-05-03 21:00:00+00:00,9.648,9.682,9.582,9.636,4581.0
2017-05-04 21:00:00+00:00,9.624,9.716,9.566,9.632,3939.0
2017-05-07 21:00:00+00:00,9.596,9.636,9.528,9.53,2678.0
2017-05-08 21:00:00+00:00,9.546,9.663,9.532,9.638,2601.0
2017-05-09 21:00:00+00:00,9.636,9.782,9.566,9.6,6176.0
2017-05-10 21:00:00+00:00,9.612,9.652,9.529,9.554,3448.0
2017-05-11 21:00:00+00:00,9.548,9.574,9.506,9.532,2215.0
2017-05-14 21:00:00+00:00,9.534,9.632,9.529,9.566,2328.0
2017-05-15 21:00:00+00:00,9.56,9.676,9.544,9.674,2562.0
2017-05-16 21:00:00+00:00,9.662,9.71,9.644,9.66,2608.0
2017-05-17 21:00:00+00:00,9.614,9.62,9.338,9.356,6184.0
2017-05-18 21:00:00+00:00,9.36,9.472,9.358,9.44,3128.0
2017-05-21 21:00:00+00:00,9.456,9.524,9.454,9.498,2232.0
2017-05-22 21:00:00+00:00,9.478,9.508,9.39,9.41,2282.0
2017-05-23 21:00:00+00:00,9.41,9.438,9.354,9.394,3103.0
2017-05-24 21:00:00+00:00,9.398,9.442,9.306,9.313,1997.0
2017-05-25 21:00:00+00:00,9.322,9.332,9.18,9.18,2509.0
2017-05-29 21:00:00+00:00,9.202,9.216,9.038,9.052,3244.0
2017-05-30 21:00:00+00:00,9.088,9.136,9.03,9.09,3797.0
2017-05-31 21:00:00+00:00,9.092,9.138,9.052,9.07,3009.0
2017-06-01 21:00:00+00:00,9.062,9.174,9.044,9.166,3107.0
2017-06-04 21:00:00+00:00,9.19,9.204,9.12,9.16,4243.0
2017-06-05 21:00:00+00:00,9.148,9.286,9.142,9.187,4090.0
2017-06-06 21:00:00+00:00,9.19,9.286,9.19,9.248,4554.0
2017-06-07 21:00:00+00:00,9.256,9.39,9.252,9.324,4071.0
2017-06-08 21:00:00+00:00,9.312,9.384,9.276,9.364,6140.0
2017-06-11 21:00:00+00:00,9.372,9.38,9.254,9.268,3610.0
2017-06-12 21:00:00+00:00,9.288,9.366,9.272,9.278,3224.0
2017-06-13 21:00:00+00:00,9.274,9.34,9.266,9.27,3432.0
2017-06-14 21:00:00+00:00,9.268,9.34,9.212,9.308,4511.0
2017-06-15 21:00:00+00:00,9.312,9.378,9.277,9.358,4342.0
2017-06-18 21:00:00+00:00,9.322,9.434,9.3,9.346,4392.0
2017-06-19 21:00:00+00:00,9.338,9.368,9.224,9.252,3068.0
2017-06-20 21:00:00+00:00,9.252,9.29,9.136,9.164,3855.0
2017-06-21 21:00:00+00:00,9.164,9.172,8.998,9.02,3443.0
2017-06-22 21:00:00+00:00,9.032,9.058,8.972,9.02,3482.0
2017-06-25 21:00:00+00:00,9.02,9.084,9.0,9.03,5064.0
2017-06-26 21:00:00+00:00,9.062,9.148,9.062,9.074,4239.0
2017-06-27 21:00:00+00:00,9.082,9.136,9.07,9.112,4685.0
2017-06-28 21:00:00+00:00,9.12,9.258,9.12,9.148,4695.0
2017-06-29 21:00:00+00:00,9.142,9.478,9.118,9.434,9334.0
2017-07-02 21:00:00+00:00,9.546,9.81,9.544,9.706,7510.0
2017-07-04 21:00:00+00:00,9.821,9.87,9.708,9.846,6995.0
2017-07-05 21:00:00+00:00,9.858,9.9,9.75,9.878,6715.0
2017-07-06 21:00:00+00:00,9.88,10.075,9.86,10.024,6606.0
2017-07-09 21:00:00+00:00,10.164,10.332,10.164,10.29,7786.0
2017-07-10 21:00:00+00:00,10.316,10.366,10.124,10.318,9211.0
2017-07-11 21:00:00+00:00,10.311,10.346,10.14,10.242,11500.0
2017-07-12 21:00:00+00:00,10.184,10.186,9.77,9.784,9005.0
2017-07-13 21:00:00+00:00,9.753,9.948,9.748,9.934,6644.0
2017-07-16 21:00:00+00:00,9.924,9.98,9.846,9.884,7888.0
2017-07-17 21:00:00+00:00,10.012,10.07,9.892,9.923,9609.0
2017-07-18 21:00:00+00:00,9.946,10.078,9.874,10.028,7749.0
2017-07-19 21:00:00+00:00,10.034,10.218,9.992,10.18,7311.0
2017-07-20 21:00:00+00:00,10.156,10.18,10.062,10.12,5863.0
2017-07-23 21:00:00+00:00,10.036,10.036,9.896,10.008,6635.0
2017-07-24 21:00:00+00:00,10.164,10.262,9.836,9.838,9388.0
2017-07-25 21:00:00+00:00,9.827,9.938,9.76,9.92,6923.0
2017-07-26 21:00:00+00:00,9.93,10.038,9.9,9.986,5511.0
2017-07-27 21:00:00+00:00,9.975,10.11,9.938,10.037,7453.0
2017-07-30 21:00:00+00:00,9.938,10.01,9.864,9.978,6128.0
2017-07-31 21:00:00+00:00,9.87,9.92,9.62,9.626,8224.0
2017-08-01 21:00:00+00:00,9.64,9.73,9.626,9.678,6018.0
2017-08-02 21:00:00+00:00,9.68,9.684,9.478,9.54,7250.0
2017-08-03 21:00:00+00:00,9.522,9.568,9.482,9.496,5555.0
2017-08-06 21:00:00+00:00,9.556,9.652,9.522,9.61,4911.0
2017-08-07 21:00:00+00:00,9.646,9.722,9.62,9.656,4832.0
2017-08-08 21:00:00+00:00,9.66,9.706,9.598,9.656,4344.0
2017-08-09 21:00:00+00:00,9.66,9.802,9.316,9.362,8376.0
2017-08-10 21:00:00+00:00,9.342,9.394,9.303,9.39,5617.0
2017-08-13 21:00:00+00:00,9.29,9.342,9.24,9.308,4604.0
2017-08-14 21:00:00+00:00,9.31,9.324,9.164,9.176,4163.0
2017-08-15 21:00:00+00:00,9.172,9.212,9.148,9.196,5193.0
2017-08-16 21:00:00+00:00,9.222,9.284,9.194,9.272,3927.0
2017-08-17 21:00:00+00:00,9.268,9.324,9.232,9.318,3817.0
2017-08-20 21:00:00+00:00,9.278,9.322,9.25,9.292,3397.0
2017-08-21 21:00:00+00:00,9.292,9.364,9.252,9.314,3356.0
2017-08-22 21:00:00+00:00,9.388,9.408,9.268,9.317,3856.0
2017-08-23 21:00:00+00:00,9.317,9.416,9.298,9.404,3957.0
2017-08-24 21:00:00+00:00,9.398,9.41,9.362,9.388,3111.0
2017-08-27 21:00:00+00:00,9.368,9.446,9.324,9.358,3103.0
2017-08-28 21:00:00+00:00,9.35,9.38,9.29,9.316,3782.0
2017-08-29 21:00:00+00:00,9.31,9.352,9.262,9.274,2697.0
2017-08-30 21:00:00+00:00,9.27,9.432,9.27,9.408,4205.0
2017-08-31 21:00:00+00:00,9.4,9.464,9.378,9.436,3359.0
2017-09-04 21:00:00+00:00,9.486,9.682,9.472,9.634,5737.0
2017-09-05 21:00:00+00:00,9.624,9.714,9.598,9.66,4472.0
2017-09-06 21:00:00+00:00,9.658,9.722,9.608,9.636,4681.0
2017-09-07 21:00:00+00:00,9.627,9.716,9.568,9.568,3472.0
2017-09-10 21:00:00+00:00,9.59,9.636,9.522,9.562,3483.0
2017-09-11 21:00:00+00:00,9.558,9.61,9.333,9.458,7791.0
2017-09-12 21:00:00+00:00,9.449,9.586,9.422,9.568,4282.0
2017-09-13 21:00:00+00:00,9.564,9.736,9.558,9.712,3902.0
2017-09-14 21:00:00+00:00,9.708,9.73,9.628,9.638,3902.0
2017-09-17 21:00:00+00:00,9.624,9.724,9.624,9.64,3706.0
2017-09-18 21:00:00+00:00,9.638,9.674,9.544,9.62,4294.0
2017-09-19 21:00:00+00:00,9.621,9.698,9.609,9.66,3368.0
2017-09-20 21:00:00+00:00,9.66,9.688,9.59,9.658,3502.0
2017-09-21 21:00:00+00:00,9.656,9.83,9.652,9.81,4634.0
2017-09-24 21:00:00+00:00,9.796,9.819,9.674,9.678,3790.0
2017-09-25 21:00:00+00:00,9.68,9.706,9.59,9.594,3838.0
2017-09-26 21:00:00+00:00,9.594,9.648,9.546,9.618,4041.0
2017-09-27 21:00:00+00:00,9.61,9.624,9.542,9.572,3313.0
2017-09-28 21:00:00+00:00,9.556,9.724,9.52,9.642,6111.0
2017-10-01 21:00:00+00:00,9.634,9.646,9.532,9.534,2995.0
2017-10-02 21:00:00+00:00,9.532,9.58,9.494,9.526,2903.0
2017-10-03 21:00:00+00:00,9.526,9.586,9.498,9.55,2929.0
2017-10-04 21:00:00+00:00,9.558,9.678,9.548,9.658,3280.0
2017-10-05 21:00:00+00:00,9.65,9.708,9.61,9.702,2446.0
2017-10-06 21:00:00+00:00,9.702,9.702,9.702,9.702,1.0
2017-10-08 21:00:00+00:00,9.722,9.742,9.628,9.64,3367.0
2017-10-09 21:00:00+00:00,9.636,9.73,9.618,9.64,2753.0
2017-10-10 21:00:00+00:00,9.63,9.648,9.609,9.632,2666.0
2017-10-11 21:00:00+00:00,9.624,9.95,9.566,9.9,9075.0
2017-10-12 21:00:00+00:00,9.884,10.01,9.878,9.972,5383.0
2017-10-15 21:00:00+00:00,9.95,9.966,9.882,9.89,4107.0
2017-10-16 21:00:00+00:00,9.874,9.882,9.806,9.83,3350.0
2017-10-17 21:00:00+00:00,9.826,9.864,9.798,9.818,3312.0
2017-10-18 21:00:00+00:00,9.815,9.868,9.814,9.846,3651.0
2017-10-19 21:00:00+00:00,9.834,9.922,9.762,9.762,5430.0
2017-10-20 21:00:00+00:00,9.764,9.764,9.764,9.764,1.0
2017-10-22 21:00:00+00:00,9.754,9.812,9.734,9.784,5062.0
2017-10-23 21:00:00+00:00,9.78,9.816,9.714,9.748,2802.0
2017-10-24 21:00:00+00:00,9.742,9.816,9.738,9.742,4139.0
2017-10-25 21:00:00+00:00,9.742,9.772,9.69,9.698,2011.0
2017-10-26 21:00:00+00:00,9.692,9.742,9.672,9.732,3595.0
2017-10-29 21:00:00+00:00,9.732,9.796,9.698,9.71,3082.0
2017-10-30 21:00:00+00:00,9.708,9.75,9.69,9.72,3297.0
2017-10-31 21:00:00+00:00,9.72,9.816,9.708,9.786,3851.0
2017-11-01 21:00:00+00:00,9.77,9.872,9.77,9.862,3378.0
2017-11-02 21:00:00+00:00,9.855,9.858,9.732,9.74,4271.0
2017-11-05 22:00:00+00:00,9.75,9.834,9.73,9.816,3254.0
2017-11-06 22:00:00+00:00,9.823,9.864,9.792,9.838,3150.0
2017-11-07 22:00:00+00:00,9.838,9.876,9.828,9.861,2873.0
2017-11-08 22:00:00+00:00,9.862,9.962,9.72,9.747,7029.0
2017-11-09 22:00:00+00:00,9.744,9.794,9.724,9.754,3740.0
2017-11-12 22:00:00+00:00,9.762,9.79,9.632,9.642,2860.0
2017-11-13 22:00:00+00:00,9.648,9.666,9.566,9.58,2173.0
2017-11-14 22:00:00+00:00,9.586,9.672,9.576,9.66,2370.0
2017-11-15 22:00:00+00:00,9.66,9.678,9.602,9.622,2347.0
2017-11-16 22:00:00+00:00,9.626,9.816,9.616,9.808,2695.0
2017-11-19 22:00:00+00:00,9.808,9.82,9.734,9.802,3120.0
2017-11-20 22:00:00+00:00,9.798,9.82,9.766,9.794,3275.0
2017-11-21 22:00:00+00:00,9.788,9.9,9.782,9.877,3449.0
2017-11-23 22:00:00+00:00,9.889,9.906,9.822,9.836,2030.0
2017-11-26 22:00:00+00:00,9.854,9.93,9.822,9.88,4254.0
2017-11-27 22:00:00+00:00,9.872,9.876,9.794,9.852,3653.0
2017-11-28 22:00:00+00:00,9.849,9.884,9.814,9.848,4659.0
2017-11-29 22:00:00+00:00,9.848,9.85,9.774,9.784,2292.0
2017-11-30 22:00:00+00:00,9.782,9.882,9.78,9.864,3464.0
2017-12-03 22:00:00+00:00,9.908,10.012,9.896,9.91,5025.0
2017-12-04 22:00:00+00:00,9.918,10.078,9.906,10.022,6261.0
2017-12-05 22:00:00+00:00,10.008,10.072,9.884,9.966,5609.0
2017-12-06 22:00:00+00:00,9.972,9.996,9.818,9.856,4488.0
2017-12-07 22:00:00+00:00,9.852,9.9,9.798,9.842,3628.0
2017-12-10 22:00:00+00:00,9.828,9.828,9.758,9.77,3041.0
2017-12-11 22:00:00+00:00,9.768,9.806,9.696,9.704,3810.0
2017-12-12 22:00:00+00:00,9.714,9.76,9.708,9.742,1980.0
2017-12-13 22:00:00+00:00,9.744,9.756,9.616,9.628,2628.0
2017-12-14 22:00:00+00:00,9.629,9.672,9.592,9.626,2827.0
2017-12-17 22:00:00+00:00,9.654,9.66,9.53,9.574,2184.0
2017-12-18 22:00:00+00:00,9.578,9.598,9.51,9.512,1613.0
2017-12-19 22:00:00+00:00,9.52,9.56,9.49,9.496,2071.0
2017-12-20 22:00:00+00:00,9.5,9.526,9.44,9.44,1700.0
2017-12-21 22:00:00+00:00,9.443,9.484,9.428,9.46,1559.0
2017-12-25 22:00:00+00:00,9.514,9.598,9.514,9.556,2148.0
2017-12-26 22:00:00+00:00,9.562,9.618,9.516,9.526,1970.0
2017-12-27 22:00:00+00:00,9.504,9.536,9.414,9.426,1478.0
2017-12-28 22:00:00+00:00,9.422,9.498,9.412,9.484,1823.0
2018-01-01 22:00:00+00:00,9.546,9.568,9.46,9.524,1616.0
2018-01-02 22:00:00+00:00,9.536,9.57,9.508,9.558,1290.0
2018-01-03 22:00:00+00:00,9.554,9.562,9.468,9.552,1920.0
2018-01-04 22:00:00+00:00,9.552,9.642,9.55,9.572,1770.0
2018-01-07 22:00:00+00:00,9.578,9.592,9.486,9.554,1865.0
2018-01-08 22:00:00+00:00,9.548,9.566,9.494,9.52,965.0
2018-01-09 22:00:00+00:00,9.512,9.517,9.406,9.436,1731.0
2018-01-10 22:00:00+00:00,9.426,9.462,9.38,9.38,1788.0
2018-01-11 22:00:00+00:00,9.376,9.506,9.338,9.504,3428.0
2018-01-15 22:00:00+00:00,9.554,9.594,9.53,9.57,1975.0
2018-01-16 22:00:00+00:00,9.558,9.588,9.512,9.588,1731.0
2018-01-17 22:00:00+00:00,9.582,9.644,9.564,9.622,1509.0
2018-01-18 22:00:00+00:00,9.62,9.726,9.62,9.662,1763.0
2018-01-21 22:00:00+00:00,9.718,9.776,9.718,9.738,1804.0
2018-01-22 22:00:00+00:00,9.738,9.792,9.704,9.764,2250.0
2018-01-23 22:00:00+00:00,9.762,9.852,9.714,9.816,3201.0
2018-01-24 22:00:00+00:00,9.828,9.927,9.782,9.82,3100.0
2018-01-25 22:00:00+00:00,9.82,9.863,9.752,9.77,2911.0
2018-01-28 22:00:00+00:00,9.834,9.902,9.782,9.83,7167.0
2018-01-29 22:00:00+00:00,9.858,9.964,9.802,9.918,7154.0
2018-01-30 22:00:00+00:00,9.92,9.938,9.814,9.882,7048.0
2018-01-31 22:00:00+00:00,9.872,9.872,9.7,9.772,7341.0
2018-02-01 22:00:00+00:00,9.782,9.784,9.698,9.712,4905.0
2018-02-04 22:00:00+00:00,9.684,9.706,9.628,9.636,5059.0
2018-02-05 22:00:00+00:00,9.632,9.804,9.612,9.802,6561.0
2018-02-06 22:00:00+00:00,9.818,9.87,9.756,9.766,7213.0
2018-02-07 22:00:00+00:00,9.772,9.894,9.716,9.814,11915.0
2018-02-08 22:00:00+00:00,9.81,9.834,9.738,9.79,7159.0
2018-02-11 22:00:00+00:00,9.885,9.984,9.836,9.954,12774.0
2018-02-12 22:00:00+00:00,9.95,10.082,9.934,10.052,12368.0
2018-02-13 22:00:00+00:00,10.048,10.14,10.008,10.118,10253.0
2018-02-14 22:00:00+00:00,10.114,10.194,10.104,10.186,9662.0
2018-02-15 22:00:00+00:00,10.18,10.23,10.072,10.154,10318.0
2018-02-19 22:00:00+00:00,10.259,10.345,10.204,10.22,11225.0
2018-02-20 22:00:00+00:00,10.226,10.338,10.152,10.302,12230.0
2018-02-21 22:00:00+00:00,10.282,10.332,10.234,10.282,6617.0
2018-02-22 22:00:00+00:00,10.282,10.358,10.248,10.33,7379.0
2018-02-25 22:00:00+00:00,10.376,10.45,10.314,10.318,6553.0
2018-02-26 22:00:00+00:00,10.33,10.418,10.298,10.35,7763.0
2018-02-27 22:00:00+00:00,10.344,10.452,10.322,10.414,9783.0
2018-02-28 22:00:00+00:00,10.388,10.548,10.37,10.53,12431.0
2018-03-01 22:00:00+00:00,10.532,10.684,10.5,10.57,14659.0
2018-03-04 22:00:00+00:00,10.604,10.658,10.534,10.636,12119.0
2018-03-05 22:00:00+00:00,10.632,10.646,10.574,10.618,8600.0
2018-03-06 22:00:00+00:00,10.598,10.644,10.504,10.506,8537.0
2018-03-07 22:00:00+00:00,10.5,10.566,10.442,10.5,10997.0
2018-03-08 22:00:00+00:00,10.504,10.524,10.254,10.256,10606.0
2018-03-11 21:00:00+00:00,10.244,10.331,10.204,10.302,8359.0
2018-03-12 21:00:00+00:00,10.303,10.404,10.303,10.372,7110.0
2018-03-13 21:00:00+00:00,10.368,10.428,10.2,10.202,13006.0
2018-03-14 21:00:00+00:00,10.184,10.354,10.162,10.292,10501.0
2018-03-15 21:00:00+00:00,10.304,10.39,10.3,10.37,7623.0
2018-03-18 21:00:00+00:00,10.346,10.348,10.118,10.125,10813.0
2018-03-19 21:00:00+00:00,10.126,10.196,10.126,10.18,6577.0
2018-03-20 21:00:00+00:00,10.203,10.272,10.152,10.202,9280.0
2018-03-21 21:00:00+00:00,10.222,10.256,10.126,10.192,8224.0
2018-03-22 21:00:00+00:00,10.176,10.246,10.002,10.186,18730.0
2018-03-25 21:00:00+00:00,10.186,10.31,10.164,10.18,12223.0
2018-03-26 21:00:00+00:00,10.178,10.225,10.086,10.111,9076.0
2018-03-27 21:00:00+00:00,10.104,10.15,10.068,10.094,9855.0
2018-03-28 21:00:00+00:00,10.116,10.422,10.044,10.356,19010.0
2018-04-01 21:00:00+00:00,10.404,10.526,10.278,10.29,14026.0
2018-04-02 21:00:00+00:00,10.288,10.414,10.284,10.304,10773.0
2018-04-03 21:00:00+00:00,10.318,10.342,9.766,10.09,39365.0
2018-04-04 21:00:00+00:00,10.084,10.268,10.048,10.227,15007.0
2018-04-05 21:00:00+00:00,10.02,10.302,9.985,10.27,16516.0
2018-04-08 21:00:00+00:00,10.323,10.504,10.322,10.406,17680.0
2018-04-09 21:00:00+00:00,10.402,10.574,10.388,10.434,20988.0
2018-04-10 21:00:00+00:00,10.444,10.524,10.414,10.418,11202.0
2018-04-11 21:00:00+00:00,10.418,10.556,10.415,10.554,10567.0
2018-04-12 21:00:00+00:00,10.548,10.614,10.46,10.482,7496.0
2018-04-15 21:00:00+00:00,10.472,10.534,10.366,10.376,9016.0
2018-04-16 21:00:00+00:00,10.381,10.442,10.352,10.414,10582.0
2018-04-17 21:00:00+00:00,10.414,10.476,10.344,10.368,11829.0
2018-04-18 21:00:00+00:00,10.368,10.4,10.284,10.318,8805.0
2018-04-19 21:00:00+00:00,10.324,10.342,10.236,10.24,13069.0
2018-04-22 21:00:00+00:00,10.234,10.292,10.136,10.172,10727.0
2018-04-23 21:00:00+00:00,10.18,10.227,10.128,10.178,13403.0
2018-04-24 21:00:00+00:00,10.196,10.296,10.168,10.238,17182.0
2018-04-25 21:00:00+00:00,10.252,10.312,10.208,10.242,11010.0
2018-04-26 21:00:00+00:00,10.259,10.428,10.16,10.413,16872.0
2018-04-29 21:00:00+00:00,10.447,10.528,10.327,10.346,17218.0
2018-04-30 21:00:00+00:00,10.348,10.412,10.27,10.372,13957.0
2018-05-01 21:00:00+00:00,10.402,10.408,10.258,10.294,16675.0
2018-05-02 21:00:00+00:00,10.285,10.416,10.204,10.39,13326.0
2018-05-03 21:00:00+00:00,10.359,10.389,10.23,10.242,17189.0
2018-05-06 21:00:00+00:00,10.204,10.27,9.984,10.01,15648.0
2018-05-07 21:00:00+00:00,10.011,10.111,9.99,10.07,13804.0
2018-05-08 21:00:00+00:00,10.098,10.118,9.992,10.036,9529.0
2018-05-09 21:00:00+00:00,10.059,10.214,10.022,10.074,18217.0
2018-05-10 21:00:00+00:00,10.093,10.104,9.906,9.908,13060.0
2018-05-13 21:00:00+00:00,9.918,10.146,9.91,10.066,14395.0
2018-05-14 21:00:00+00:00,10.058,10.14,9.944,10.062,14916.0
2018-05-15 21:00:00+00:00,10.07,10.074,9.882,9.886,12128.0
2018-05-16 21:00:00+00:00,9.902,9.968,9.824,9.83,10953.0
2018-05-17 21:00:00+00:00,9.868,9.972,9.826,9.874,12798.0
2018-05-20 21:00:00+00:00,10.086,10.167,10.018,10.13,13233.0
2018-05-21 21:00:00+00:00,10.134,10.26,10.106,10.196,10506.0
2018-05-22 21:00:00+00:00,10.212,10.298,10.182,10.294,12243.0
2018-05-23 21:00:00+00:00,10.296,10.41,10.262,10.275,14597.0
2018-05-24 21:00:00+00:00,10.262,10.344,10.262,10.322,10223.0
2018-05-28 21:00:00+00:00,10.375,10.407,10.196,10.241,2423.0
2018-05-29 21:00:00+00:00,10.204,10.233,10.065,10.129,2200.0
2018-05-30 21:00:00+00:00,10.165,10.224,10.058,10.107,13812.0
2018-05-31 21:00:00+00:00,10.134,10.186,10.074,10.154,10807.0
2018-06-03 21:00:00+00:00,10.062,10.072,9.943,9.958,11362.0
2018-06-04 21:00:00+00:00,9.954,9.996,9.904,9.948,13728.0
2018-06-05 21:00:00+00:00,9.98,10.014,9.872,9.878,10358.0
2018-06-06 21:00:00+00:00,9.888,9.916,9.668,9.678,14284.0
2018-06-07 21:00:00+00:00,9.688,9.698,9.565,9.625,14472.0
2018-06-10 21:00:00+00:00,9.61,9.664,9.478,9.484,11339.0
2018-06-11 21:00:00+00:00,9.5,9.576,9.468,9.492,15219.0
2018-06-12 21:00:00+00:00,9.502,9.53,9.292,9.31,16374.0
2018-06-13 21:00:00+00:00,9.292,9.326,9.192,9.222,16199.0
2018-06-14 21:00:00+00:00,9.202,9.248,8.984,8.996,22279.0
2018-06-17 21:00:00+00:00,9.036,9.096,8.932,9.028,16198.0
2018-06-18 21:00:00+00:00,9.005,9.016,8.38,8.852,49023.0
2018-06-19 21:00:00+00:00,8.885,8.914,8.732,8.86,23150.0
2018-06-20 21:00:00+00:00,8.867,8.876,8.746,8.764,14957.0
2018-06-21 21:00:00+00:00,8.784,8.938,8.766,8.938,11159.0
2018-06-24 21:00:00+00:00,8.947,8.961,8.688,8.708,16920.0
2018-06-25 21:00:00+00:00,8.722,8.784,8.604,8.652,14508.0
2018-06-26 21:00:00+00:00,8.646,8.752,8.644,8.66,14314.0
2018-06-27 21:00:00+00:00,8.654,8.698,8.596,8.612,10674.0
2018-06-28 21:00:00+00:00,8.638,8.766,8.574,8.586,15959.0
2018-07-01 21:00:00+00:00,8.6,8.636,8.456,8.486,13688.0
2018-07-02 21:00:00+00:00,8.504,8.524,8.426,8.436,4911.0
2018-07-04 21:00:00+00:00,8.428,8.464,8.344,8.344,6850.0
2018-07-05 21:00:00+00:00,8.366,8.77,8.334,8.727,21302.0
2018-07-08 21:00:00+00:00,8.742,8.764,8.469,8.52,14032.0
2018-07-09 21:00:00+00:00,8.512,8.61,8.43,8.522,15267.0
2018-07-10 21:00:00+00:00,8.453,8.469,8.284,8.296,14259.0
2018-07-11 21:00:00+00:00,8.328,8.374,8.194,8.3,16032.0
2018-07-12 21:00:00+00:00,8.342,8.343,8.086,8.164,15204.0
2018-07-15 21:00:00+00:00,8.156,8.36,8.082,8.28,14310.0
2018-07-16 21:00:00+00:00,8.338,8.412,8.28,8.372,12204.0
2018-07-17 21:00:00+00:00,8.376,8.448,8.324,8.388,9044.0
2018-07-18 21:00:00+00:00,8.399,8.442,8.34,8.43,10291.0
2018-07-19 21:00:00+00:00,8.46,8.504,8.384,8.48,10341.0
2018-07-22 21:00:00+00:00,8.514,8.516,8.448,8.454,7856.0
2018-07-23 21:00:00+00:00,8.431,8.604,8.4,8.566,15942.0
2018-07-24 21:00:00+00:00,8.567,8.604,8.494,8.586,12132.0
2018-07-25 21:00:00+00:00,8.705,8.782,8.578,8.58,19559.0
2018-07-26 21:00:00+00:00,8.568,8.714,8.563,8.68,12652.0
2018-07-29 21:00:00+00:00,8.761,8.792,8.692,8.742,12817.0
2018-07-30 21:00:00+00:00,8.736,9.05,8.718,9.008,20640.0
2018-07-31 21:00:00+00:00,8.948,8.976,8.822,8.85,16094.0
2018-08-01 21:00:00+00:00,8.814,8.866,8.692,8.816,16953.0
2018-08-02 21:00:00+00:00,8.812,8.876,8.672,8.87,17473.0
2018-08-05 21:00:00+00:00,8.869,8.874,8.718,8.78,11586.0
2018-08-06 21:00:00+00:00,8.812,8.926,8.802,8.885,12213.0
2018-08-07 21:00:00+00:00,8.882,8.978,8.829,8.944,12213.0
2018-08-08 21:00:00+00:00,8.944,8.988,8.868,8.88,9595.0
2018-08-09 21:00:00+00:00,8.878,8.881,8.458,8.458,20914.0
2018-08-12 21:00:00+00:00,8.438,8.562,8.372,8.547,15491.0
2018-08-13 21:00:00+00:00,8.522,8.662,8.5,8.654,17871.0
2018-08-14 21:00:00+00:00,8.658,8.694,8.536,8.552,16256.0
2018-08-15 21:00:00+00:00,8.559,8.85,8.522,8.818,20733.0
2018-08-16 21:00:00+00:00,8.832,8.842,8.682,8.816,16301.0
2018-08-19 21:00:00+00:00,8.89,8.924,8.784,8.794,3750.0
2018-08-20 21:00:00+00:00,8.752,8.81,8.714,8.72,3021.0
2018-08-21 21:00:00+00:00,8.716,8.719,8.562,8.565,3488.0
2018-08-22 21:00:00+00:00,8.545,8.606,8.412,8.417,3317.0
2018-08-23 21:00:00+00:00,8.418,8.48,8.41,8.418,2562.0
2018-08-26 21:00:00+00:00,8.389,8.414,8.265,8.364,3196.0
2018-08-27 21:00:00+00:00,8.358,8.384,8.216,8.224,3073.0
2018-08-28 21:00:00+00:00,8.221,8.32,8.206,8.262,2761.0
2018-08-29 21:00:00+00:00,8.246,8.33,8.178,8.192,2562.0
2018-08-30 21:00:00+00:00,8.18,8.328,8.178,8.324,2865.0
2018-09-03 21:00:00+00:00,8.356,8.404,8.26,8.326,4006.0
2018-09-04 21:00:00+00:00,8.344,8.384,8.268,8.284,2479.0
2018-09-05 21:00:00+00:00,8.284,8.324,8.246,8.28,10274.0
2018-09-06 21:00:00+00:00,8.282,8.366,8.251,8.346,11383.0
2018-09-09 21:00:00+00:00,8.32,8.414,8.308,8.338,12470.0
2018-09-10 21:00:00+00:00,8.362,8.398,8.214,8.218,11199.0
2018-09-11 21:00:00+00:00,8.22,8.352,8.122,8.3,24174.0
2018-09-12 21:00:00+00:00,8.296,8.368,8.23,8.262,14165.0
2018-09-13 21:00:00+00:00,8.258,8.286,8.206,8.216,10227.0
2018-09-16 21:00:00+00:00,8.194,8.212,8.13,8.166,9357.0
2018-09-17 21:00:00+00:00,8.128,8.17,8.042,8.058,11571.0
2018-09-18 21:00:00+00:00,8.06,8.236,8.052,8.226,7865.0
2018-09-19 21:00:00+00:00,8.214,8.464,8.172,8.386,16453.0
2018-09-20 21:00:00+00:00,8.38,8.414,8.332,8.412,12480.0
2018-09-23 21:00:00+00:00,8.362,8.375,8.308,8.33,7130.0
2018-09-24 21:00:00+00:00,8.336,8.504,8.298,8.384,15742.0
2018-09-25 21:00:00+00:00,8.39,8.464,8.386,8.416,9293.0
2018-09-26 21:00:00+00:00,8.402,8.516,8.392,8.479,8807.0
2018-09-27 21:00:00+00:00,8.464,8.522,8.348,8.378,14915.0
2018-09-30 21:00:00+00:00,8.386,8.57,8.365,8.49,12661.0
2018-10-01 21:00:00+00:00,8.491,8.604,8.466,8.604,9702.0
2018-10-02 21:00:00+00:00,8.601,8.636,8.542,8.556,9293.0
2018-10-03 21:00:00+00:00,8.542,8.62,8.524,8.536,8259.0
2018-10-04 21:00:00+00:00,8.534,8.636,8.456,8.636,11777.0
2018-10-07 21:00:00+00:00,8.658,8.688,8.568,8.642,9944.0
2018-10-08 21:00:00+00:00,8.638,8.665,8.538,8.558,8870.0
2018-10-09 21:00:00+00:00,8.568,8.592,8.42,8.476,7973.0
2018-10-10 21:00:00+00:00,8.46,8.586,8.42,8.532,14536.0
2018-10-11 21:00:00+00:00,8.548,8.63,8.532,8.622,9564.0
2018-10-14 21:00:00+00:00,8.626,8.872,8.59,8.862,12281.0
2018-10-15 21:00:00+00:00,8.858,8.864,8.747,8.788,9329.0
2018-10-16 21:00:00+00:00,8.784,8.852,8.776,8.81,8155.0
2018-10-17 21:00:00+00:00,8.782,8.792,8.589,8.601,8647.0
2018-10-18 21:00:00+00:00,8.612,8.62,8.524,8.526,8850.0
2018-10-21 21:00:00+00:00,8.522,8.594,8.522,8.544,8631.0
2018-10-22 21:00:00+00:00,8.536,8.592,8.48,8.542,8216.0
2018-10-23 21:00:00+00:00,8.525,8.535,8.47,8.478,5743.0
2018-10-24 21:00:00+00:00,8.471,8.478,8.372,8.404,6458.0
2018-10-25 21:00:00+00:00,8.387,8.462,8.38,8.422,7509.0
2018-10-28 21:00:00+00:00,8.443,8.498,8.352,8.378,7314.0
2018-10-29 21:00:00+00:00,8.37,8.398,8.308,8.322,6813.0
2018-10-30 21:00:00+00:00,8.314,8.398,8.298,8.364,9638.0
2018-10-31 21:00:00+00:00,8.35,8.732,8.308,8.654,17741.0
2018-11-01 21:00:00+00:00,8.653,8.854,8.636,8.712,19165.0
2018-11-04 22:00:00+00:00,8.742,8.782,8.674,8.71,9889.0
2018-11-05 22:00:00+00:00,8.708,8.746,8.642,8.704,9094.0
2018-11-06 22:00:00+00:00,8.694,8.742,8.628,8.648,9448.0
2018-11-07 22:00:00+00:00,8.658,8.7,8.506,8.65,16700.0
2018-11-08 22:00:00+00:00,8.638,8.748,8.606,8.734,8982.0
2018-11-11 22:00:00+00:00,8.727,8.742,8.666,8.69,5332.0
2018-11-12 22:00:00+00:00,8.688,8.776,8.644,8.658,9213.0
2018-11-13 22:00:00+00:00,8.664,8.744,8.664,8.704,6673.0
2018-11-14 22:00:00+00:00,8.718,8.845,8.71,8.764,9502.0
2018-11-15 22:00:00+00:00,8.764,8.824,8.695,8.8,9670.0
2018-11-18 22:00:00+00:00,8.798,8.798,8.6,8.624,8992.0
2018-11-19 22:00:00+00:00,8.626,8.744,8.594,8.7,7595.0
2018-11-20 22:00:00+00:00,8.698,8.776,8.648,8.734,7968.0
2018-11-22 22:00:00+00:00,8.732,8.736,8.692,8.698,3590.0
2018-11-25 22:00:00+00:00,8.698,8.698,8.472,8.522,6277.0
2018-11-26 22:00:00+00:00,8.512,8.698,8.484,8.666,9877.0
2018-11-27 22:00:00+00:00,8.666,8.85,8.644,8.804,10283.0
2018-11-28 22:00:00+00:00,8.808,8.848,8.73,8.788,10589.0
2018-11-29 22:00:00+00:00,8.775,8.87,8.772,8.853,9377.0
2018-12-02 22:00:00+00:00,9.092,9.144,8.958,8.958,18527.0
2018-12-03 22:00:00+00:00,8.95,9.04,8.909,9.024,10594.0
2018-12-04 22:00:00+00:00,9.011,9.08,8.998,9.044,7190.0
2018-12-05 22:00:00+00:00,9.02,9.036,8.888,9.014,10955.0
2018-12-06 22:00:00+00:00,9.016,9.096,8.994,9.078,11669.0
2018-12-09 22:00:00+00:00,9.039,9.088,9.012,9.02,7562.0
2018-12-10 22:00:00+00:00,9.004,9.098,8.988,9.078,10122.0
2018-12-11 22:00:00+00:00,9.096,9.206,9.082,9.112,11957.0
2018-12-12 22:00:00+00:00,9.112,9.13,8.985,9.0,8691.0
2018-12-13 22:00:00+00:00,9.0,9.034,8.936,8.938,8627.0
2018-12-16 22:00:00+00:00,8.951,9.033,8.951,8.99,981.0
2018-12-17 22:00:00+00:00,8.977,9.063,8.968,9.016,6415.0
2018-12-18 22:00:00+00:00,9.012,9.044,8.936,8.954,7059.0
2018-12-19 22:00:00+00:00,8.954,9.0,8.876,8.902,7158.0
2018-12-20 22:00:00+00:00,8.874,8.898,8.786,8.786,6591.0
2018-12-23 22:00:00+00:00,8.79,8.82,8.752,8.797,6346.0
2018-12-25 22:00:00+00:00,8.824,8.846,8.658,8.662,5266.0
2018-12-26 22:00:00+00:00,8.676,8.72,8.636,8.66,8750.0
2018-12-27 22:00:00+00:00,8.666,8.826,8.662,8.786,9494.0
2018-12-30 22:00:00+00:00,8.822,8.854,8.76,8.778,5392.0
2019-01-01 22:00:00+00:00,8.778,8.944,8.778,8.908,5886.0
2019-01-02 22:00:00+00:00,8.898,8.974,8.886,8.956,5338.0
2019-01-03 22:00:00+00:00,8.948,9.066,8.946,9.062,6808.0
2019-01-06 22:00:00+00:00,9.062,9.126,9.058,9.088,10176.0
2019-01-07 22:00:00+00:00,9.084,9.106,8.998,9.036,8866.0
2019-01-08 22:00:00+00:00,9.033,9.116,9.03,9.098,11306.0
2019-01-09 22:00:00+00:00,9.08,9.098,8.914,8.924,8477.0
2019-01-10 22:00:00+00:00,8.936,8.98,8.932,8.962,7259.0
2019-01-13 22:00:00+00:00,8.962,8.976,8.884,8.91,6259.0
2019-01-14 22:00:00+00:00,8.91,8.948,8.798,8.816,9260.0
2019-01-15 22:00:00+00:00,8.838,8.872,8.787,8.824,7101.0
2019-01-16 22:00:00+00:00,8.822,8.992,8.818,8.95,9974.0
2019-01-17 22:00:00+00:00,8.954,9.078,8.934,9.032,11786.0
2019-01-20 22:00:00+00:00,9.032,9.044,9.03,9.03,7.0
2019-01-21 22:00:00+00:00,9.044,9.078,8.882,8.986,12075.0
2019-01-22 22:00:00+00:00,9.002,9.07,8.99,9.04,8070.0
2019-01-23 22:00:00+00:00,9.04,9.082,8.982,9.051,10035.0
2019-01-24 22:00:00+00:00,9.047,9.152,9.022,9.136,9611.0
2019-01-27 22:00:00+00:00,9.122,9.144,9.056,9.128,7903.0
2019-01-28 22:00:00+00:00,9.116,9.122,9.067,9.092,7802.0
2019-01-29 22:00:00+00:00,9.088,9.14,9.074,9.104,6971.0
2019-01-30 22:00:00+00:00,9.102,9.172,9.038,9.062,8415.0
2019-01-31 22:00:00+00:00,9.117,9.216,9.08,9.084,11832.0
2019-02-03 22:00:00+00:00,9.08,9.15,9.068,9.102,7661.0
2019-02-04 22:00:00+00:00,9.098,9.124,9.052,9.114,5599.0
2019-02-05 22:00:00+00:00,9.114,9.142,9.092,9.13,5319.0
2019-02-06 22:00:00+00:00,9.12,9.134,9.028,9.06,7547.0
2019-02-07 22:00:00+00:00,9.049,9.102,9.004,9.08,10155.0
2019-02-10 22:00:00+00:00,9.074,9.118,8.966,8.982,6972.0
2019-02-11 22:00:00+00:00,8.99,9.128,8.989,9.11,7286.0
2019-02-12 22:00:00+00:00,9.096,9.132,9.072,9.102,6152.0
2019-02-13 22:00:00+00:00,9.088,9.116,8.968,8.986,8680.0
2019-02-14 22:00:00+00:00,8.986,9.028,8.954,9.016,6712.0
2019-02-18 22:00:00+00:00,9.026,9.058,8.898,8.962,8031.0
2019-02-19 22:00:00+00:00,8.977,9.0,8.882,8.974,7255.0
2019-02-20 22:00:00+00:00,8.974,9.118,8.954,9.062,7898.0
2019-02-21 22:00:00+00:00,9.059,9.104,9.03,9.056,6624.0
2019-02-24 22:00:00+00:00,9.143,9.17,9.066,9.076,7530.0
2019-02-25 22:00:00+00:00,9.063,9.07,8.956,9.004,9801.0
2019-02-26 22:00:00+00:00,9.002,9.062,8.97,9.0,7622.0
2019-02-27 22:00:00+00:00,8.992,9.018,8.934,8.938,7245.0
2019-02-28 22:00:00+00:00,8.934,9.016,8.846,8.948,7623.0
2019-03-03 22:00:00+00:00,8.996,9.088,8.974,9.006,8084.0
2019-03-04 22:00:00+00:00,9.014,9.028,8.938,8.98,5869.0
2019-03-05 22:00:00+00:00,8.977,9.008,8.862,8.874,7350.0
2019-03-06 22:00:00+00:00,8.874,8.926,8.835,8.872,10037.0
2019-03-07 22:00:00+00:00,8.868,8.9,8.78,8.81,9734.0
2019-03-10 21:00:00+00:00,8.84,8.85,8.756,8.762,5752.0
2019-03-11 21:00:00+00:00,8.77,8.861,8.742,8.834,10067.0
2019-03-12 21:00:00+00:00,8.825,8.896,8.79,8.88,8783.0
2019-03-13 21:00:00+00:00,8.88,8.93,8.824,8.86,9611.0
2019-03-14 21:00:00+00:00,8.862,8.978,8.852,8.962,9098.0
2019-03-17 21:00:00+00:00,8.97,8.988,8.896,8.932,6680.0
2019-03-18 21:00:00+00:00,8.936,8.972,8.88,8.912,7723.0
2019-03-19 21:00:00+00:00,8.906,8.944,8.874,8.934,6554.0
2019-03-20 21:00:00+00:00,8.934,9.0,8.918,8.99,7647.0
2019-03-21 21:00:00+00:00,8.978,9.002,8.916,8.922,8352.0
2019-03-24 21:00:00+00:00,8.928,8.972,8.908,8.952,5735.0
2019-03-25 21:00:00+00:00,8.952,8.966,8.888,8.902,6180.0
2019-03-26 21:00:00+00:00,8.898,8.9,8.76,8.778,7139.0
2019-03-27 21:00:00+00:00,8.778,8.818,8.764,8.792,6334.0
2019-03-28 21:00:00+00:00,8.79,8.828,8.734,8.742,9534.0
2019-03-31 21:00:00+00:00,8.746,8.896,8.746,8.872,7131.0
2019-04-01 21:00:00+00:00,8.87,8.922,8.836,8.906,5910.0
2019-04-02 21:00:00+00:00,8.906,8.94,8.86,8.899,5674.0
2019-04-03 21:00:00+00:00,8.894,8.984,8.886,8.972,6690.0
2019-04-04 21:00:00+00:00,8.956,8.96,8.88,8.902,3821.0
2019-04-07 21:00:00+00:00,8.91,8.958,8.9,8.914,5389.0
2019-04-08 21:00:00+00:00,8.908,8.946,8.872,8.912,7652.0
2019-04-09 21:00:00+00:00,8.912,8.966,8.9,8.942,5376.0
2019-04-10 21:00:00+00:00,8.942,8.966,8.864,8.884,4601.0
2019-04-11 21:00:00+00:00,8.88,8.918,8.868,8.882,5361.0
2019-04-14 21:00:00+00:00,8.888,8.956,8.886,8.922,6873.0
2019-04-15 21:00:00+00:00,8.922,8.93,8.804,8.816,5326.0
2019-04-16 21:00:00+00:00,8.818,8.846,8.73,8.73,6933.0
2019-04-17 21:00:00+00:00,8.736,8.764,8.712,8.754,6021.0
2019-04-21 21:00:00+00:00,8.75,8.784,8.718,8.728,5398.0
2019-04-22 21:00:00+00:00,8.728,8.742,8.566,8.582,5186.0
2019-04-23 21:00:00+00:00,8.586,8.612,8.508,8.508,5059.0
2019-04-24 21:00:00+00:00,8.512,8.588,8.498,8.542,7008.0
2019-04-25 21:00:00+00:00,8.547,8.562,8.49,8.498,6400.0
2019-04-28 21:00:00+00:00,8.522,8.562,8.444,8.45,7031.0
2019-04-29 21:00:00+00:00,8.452,8.484,8.354,8.384,8672.0
2019-04-30 21:00:00+00:00,8.378,8.416,8.288,8.362,9669.0
2019-05-01 21:00:00+00:00,8.373,8.378,8.268,8.274,7265.0
2019-05-02 21:00:00+00:00,8.288,8.328,8.264,8.266,7262.0
2019-05-05 21:00:00+00:00,8.146,8.194,8.03,8.166,5234.0
2019-05-06 21:00:00+00:00,8.153,8.222,8.131,8.172,3049.0
2019-05-07 21:00:00+00:00,8.168,8.21,8.108,8.12,2566.0
2019-05-08 21:00:00+00:00,8.126,8.126,7.934,7.984,3596.0
2019-05-09 21:00:00+00:00,7.998,8.052,7.935,7.956,4386.0
2019-05-12 21:00:00+00:00,7.93,7.945,7.79,7.898,3760.0
2019-05-13 21:00:00+00:00,7.935,8.25,7.934,8.173,4396.0
2019-05-14 21:00:00+00:00,8.192,8.354,8.146,8.232,4213.0
2019-05-15 21:00:00+00:00,8.222,8.326,8.218,8.279,3311.0
2019-05-16 21:00:00+00:00,8.285,8.296,8.09,8.096,3825.0
2019-05-19 21:00:00+00:00,8.172,8.275,8.132,8.198,3491.0
2019-05-20 21:00:00+00:00,8.29,8.348,8.08,8.11,5848.0
2019-05-21 21:00:00+00:00,8.086,8.24,8.086,8.184,4397.0
2019-05-22 21:00:00+00:00,8.178,8.228,8.066,8.108,4907.0
2019-05-23 21:00:00+00:00,8.104,8.21,8.096,8.19,3351.0
2019-05-27 21:00:00+00:00,8.29,8.482,8.278,8.462,21540.0
2019-05-28 21:00:00+00:00,8.584,8.826,8.536,8.608,38055.0
2019-05-29 21:00:00+00:00,8.617,8.796,8.54,8.778,23522.0
2019-05-30 21:00:00+00:00,8.794,8.81,8.672,8.686,21587.0
2019-06-02 21:00:00+00:00,8.662,8.776,8.648,8.688,18939.0
2019-06-03 21:00:00+00:00,8.836,8.856,8.702,8.716,19860.0
2019-06-04 21:00:00+00:00,8.728,8.742,8.602,8.614,9579.0
2019-06-05 21:00:00+00:00,8.608,8.642,8.498,8.606,3774.0
2019-06-06 21:00:00+00:00,8.614,8.634,8.474,8.48,2348.0
2019-06-09 21:00:00+00:00,8.462,8.588,8.412,8.518,2847.0
2019-06-10 21:00:00+00:00,8.486,8.566,8.438,8.512,4039.0
2019-06-11 21:00:00+00:00,8.509,8.764,8.466,8.72,3344.0
2019-06-12 21:00:00+00:00,8.72,8.823,8.716,8.806,3257.0
2019-06-13 21:00:00+00:00,8.81,8.918,8.787,8.91,3190.0
2019-06-16 21:00:00+00:00,8.964,9.079,8.958,9.056,3917.0
2019-06-17 21:00:00+00:00,9.134,9.154,8.97,9.064,4260.0
2019-06-18 21:00:00+00:00,9.076,9.077,8.964,8.972,3135.0
2019-06-19 21:00:00+00:00,8.972,9.122,8.914,9.096,2813.0
2019-06-20 21:00:00+00:00,9.104,9.122,8.979,9.0,1937.0
2019-06-23 21:00:00+00:00,8.97,9.071,8.952,9.05,1919.0
2019-06-24 21:00:00+00:00,9.126,9.135,8.965,8.99,1938.0
2019-06-25 21:00:00+00:00,8.979,8.986,8.904,8.908,1249.0
2019-06-26 21:00:00+00:00,8.908,8.954,8.817,8.856,1214.0
2019-06-27 21:00:00+00:00,8.853,9.035,8.853,8.956,3753.0
2019-06-30 21:00:00+00:00,9.061,9.064,8.818,8.818,2429.0
2019-07-01 21:00:00+00:00,8.818,8.871,8.724,8.726,2443.0
2019-07-02 21:00:00+00:00,8.735,8.833,8.706,8.824,1874.0
2019-07-04 21:00:00+00:00,8.801,8.801,8.684,8.694,1934.0
2019-07-07 21:00:00+00:00,8.765,8.778,8.672,8.719,2315.0
2019-07-08 21:00:00+00:00,8.739,8.8,8.66,8.789,2072.0
2019-07-09 21:00:00+00:00,8.791,8.888,8.75,8.876,2181.0
2019-07-10 21:00:00+00:00,8.876,8.934,8.822,8.923,3043.0
2019-07-11 21:00:00+00:00,8.923,9.077,8.894,9.074,2465.0
2019-07-14 21:00:00+00:00,9.1,9.122,8.952,8.963,3697.0
2019-07-15 21:00:00+00:00,8.934,8.938,8.8,8.819,2897.0
2019-07-16 21:00:00+00:00,8.827,8.892,8.77,8.773,2911.0
2019-07-17 21:00:00+00:00,8.751,8.811,8.71,8.776,3119.0
2019-07-18 21:00:00+00:00,8.764,9.012,8.748,8.968,3503.0
2019-07-21 21:00:00+00:00,8.984,9.0,8.834,8.843,2650.0
2019-07-22 21:00:00+00:00,8.867,8.888,8.774,8.82,3034.0
2019-07-23 21:00:00+00:00,8.82,8.91,8.802,8.856,2925.0
2019-07-24 21:00:00+00:00,8.873,8.921,8.772,8.786,2576.0
2019-07-25 21:00:00+00:00,8.799,8.859,8.78,8.79,2116.0
2019-07-28 21:00:00+00:00,8.793,8.88,8.788,8.838,2733.0
2019-07-29 21:00:00+00:00,8.822,8.844,8.69,8.74,11874.0
2019-07-30 21:00:00+00:00,8.748,8.792,8.598,8.6,4778.0
2019-07-31 21:00:00+00:00,8.61,8.616,8.4,8.469,2860.0
2019-08-01 21:00:00+00:00,8.472,8.522,8.426,8.488,2220.0
2019-08-04 21:00:00+00:00,8.513,8.54,8.35,8.483,3865.0
2019-08-05 21:00:00+00:00,8.466,8.529,8.452,8.466,2598.0
2019-08-06 21:00:00+00:00,8.466,8.498,8.426,8.48,1895.0
2019-08-07 21:00:00+00:00,8.48,8.654,8.459,8.644,2382.0
2019-08-08 21:00:00+00:00,8.644,8.754,8.628,8.736,2462.0
2019-08-11 21:00:00+00:00,8.722,8.74,8.577,8.61,4259.0
2019-08-12 21:00:00+00:00,8.601,8.783,8.577,8.722,4005.0
2019-08-13 21:00:00+00:00,8.714,8.752,8.594,8.608,2589.0
2019-08-14 21:00:00+00:00,8.614,8.668,8.528,8.532,2597.0
2019-08-15 21:00:00+00:00,8.544,8.628,8.532,8.616,2359.0
2019-08-18 21:00:00+00:00,8.584,8.604,8.478,8.498,1254.0
2019-08-19 21:00:00+00:00,8.528,8.578,8.489,8.518,1604.0
2019-08-20 21:00:00+00:00,8.526,8.599,8.5,8.557,1599.0
2019-08-21 21:00:00+00:00,8.566,8.654,8.516,8.519,2041.0
2019-08-22 21:00:00+00:00,8.525,8.555,8.385,8.39,1599.0
2019-08-25 21:00:00+00:00,8.4,8.542,8.4,8.495,2309.0
2019-08-26 21:00:00+00:00,8.488,8.488,8.402,8.432,1492.0
2019-08-27 21:00:00+00:00,8.432,8.516,8.37,8.492,1930.0
2019-08-28 21:00:00+00:00,8.498,8.57,8.496,8.526,1931.0
2019-08-29 21:00:00+00:00,8.526,8.62,8.516,8.536,1838.0
2019-09-02 21:00:00+00:00,8.516,8.544,8.449,8.532,2643.0
2019-09-03 21:00:00+00:00,8.528,8.648,8.5,8.594,2255.0
2019-09-04 21:00:00+00:00,8.602,8.642,8.442,8.474,2601.0
2019-09-05 21:00:00+00:00,8.474,8.522,8.424,8.434,2117.0
2019-09-08 21:00:00+00:00,8.456,8.478,8.38,8.442,1786.0
2019-09-09 21:00:00+00:00,8.464,8.612,8.442,8.59,2165.0
2019-09-10 21:00:00+00:00,8.594,8.598,8.508,8.546,1667.0
2019-09-11 21:00:00+00:00,8.58,8.826,8.564,8.82,3682.0
2019-09-12 21:00:00+00:00,8.811,8.902,8.8,8.852,1501.0
2019-09-15 21:00:00+00:00,8.914,8.914,8.818,8.87,2053.0
2019-09-16 21:00:00+00:00,8.87,8.876,8.764,8.824,1770.0
2019-09-17 21:00:00+00:00,8.832,8.848,8.75,8.77,1373.0
2019-09-18 21:00:00+00:00,8.772,8.83,8.746,8.82,2014.0
2019-09-19 21:00:00+00:00,8.813,8.817,8.694,8.709,1686.0
2019-09-22 21:00:00+00:00,8.709,8.882,8.709,8.804,1837.0
2019-09-23 21:00:00+00:00,8.802,8.88,8.798,8.826,1801.0
2019-09-24 21:00:00+00:00,8.828,8.868,8.75,8.783,1963.0
2019-09-25 21:00:00+00:00,8.783,8.848,8.768,8.78,1517.0
2019-09-26 21:00:00+00:00,8.776,8.788,8.716,8.726,1593.0
2019-09-29 21:00:00+00:00,8.748,8.97,8.744,8.953,3041.0
2019-09-30 21:00:00+00:00,8.944,9.104,8.938,9.087,2375.0
2019-10-01 21:00:00+00:00,9.072,9.094,9.026,9.04,2290.0
2019-10-02 21:00:00+00:00,9.034,9.094,8.996,9.028,2605.0
2019-10-03 21:00:00+00:00,9.028,9.126,9.01,9.068,2106.0
2019-10-06 21:00:00+00:00,9.084,9.112,9.034,9.071,2163.0
2019-10-07 21:00:00+00:00,9.078,9.156,9.026,9.114,3186.0
2019-10-08 21:00:00+00:00,9.11,9.235,9.106,9.146,2529.0
2019-10-09 21:00:00+00:00,9.112,9.262,9.112,9.151,3770.0
2019-10-10 21:00:00+00:00,9.166,9.318,9.161,9.27,3171.0
2019-10-13 21:00:00+00:00,9.358,9.382,9.242,9.33,3043.0
2019-10-14 21:00:00+00:00,9.314,9.374,9.268,9.27,3208.0
2019-10-15 21:00:00+00:00,9.258,9.322,9.214,9.224,2929.0
2019-10-16 21:00:00+00:00,9.216,9.344,9.213,9.248,3205.0
2019-10-17 21:00:00+00:00,9.25,9.326,9.248,9.282,2749.0
2019-10-20 21:00:00+00:00,9.282,9.344,9.248,9.28,3339.0
2019-10-21 21:00:00+00:00,9.278,9.4,9.26,9.292,3599.0
2019-10-22 21:00:00+00:00,9.29,9.34,9.232,9.296,2224.0
2019-10-23 21:00:00+00:00,9.288,9.342,9.284,9.296,1627.0
2019-10-24 21:00:00+00:00,9.292,9.33,9.154,9.185,2070.0
2019-10-27 21:00:00+00:00,9.177,9.22,9.166,9.179,1266.0
2019-10-28 21:00:00+00:00,9.173,9.214,9.128,9.142,1204.0
2019-10-29 21:00:00+00:00,9.142,9.184,9.122,9.14,1107.0
2019-10-30 21:00:00+00:00,9.128,9.177,9.074,9.132,1489.0
2019-10-31 21:00:00+00:00,9.125,9.238,9.121,9.217,1471.0
2019-11-03 22:00:00+00:00,9.191,9.274,9.184,9.232,1971.0
2019-11-04 22:00:00+00:00,9.233,9.264,9.182,9.198,2008.0
2019-11-05 22:00:00+00:00,9.198,9.212,9.126,9.134,1434.0
2019-11-06 22:00:00+00:00,9.138,9.256,9.132,9.237,2305.0
2019-11-07 22:00:00+00:00,9.237,9.274,9.156,9.192,3605.0
2019-11-10 22:00:00+00:00,9.17,9.181,9.056,9.062,2735.0
2019-11-11 22:00:00+00:00,9.07,9.096,9.048,9.066,3082.0
2019-11-12 22:00:00+00:00,9.064,9.112,9.034,9.052,4522.0
2019-11-13 22:00:00+00:00,9.052,9.074,9.01,9.07,4458.0
2019-11-14 22:00:00+00:00,9.082,9.134,9.056,9.084,4958.0
2019-11-17 22:00:00+00:00,9.096,9.122,9.008,9.014,5183.0
2019-11-18 22:00:00+00:00,9.014,9.08,9.01,9.022,6052.0
2019-11-19 22:00:00+00:00,9.014,9.068,8.956,8.962,6050.0
2019-11-20 22:00:00+00:00,8.966,9.006,8.92,8.92,6340.0
2019-11-21 22:00:00+00:00,8.92,8.948,8.872,8.874,5356.0
2019-11-24 22:00:00+00:00,8.899,8.946,8.842,8.844,5594.0
2019-11-25 22:00:00+00:00,8.848,8.87,8.75,8.77,6708.0
2019-11-26 22:00:00+00:00,8.77,8.798,8.738,8.748,6260.0
2019-11-28 22:00:00+00:00,8.752,8.756,8.686,8.694,4871.0
2019-12-01 22:00:00+00:00,8.712,8.76,8.61,8.664,6689.0
2019-12-02 22:00:00+00:00,8.674,8.69,8.618,8.664,6716.0
2019-12-03 22:00:00+00:00,8.658,8.734,8.65,8.718,6329.0
2019-12-04 22:00:00+00:00,8.718,8.822,8.712,8.786,5667.0
2019-12-05 22:00:00+00:00,8.786,8.878,8.784,8.834,6448.0
2019-12-08 22:00:00+00:00,8.85,8.976,8.84,8.914,6468.0
2019-12-09 22:00:00+00:00,8.922,8.964,8.908,8.95,5308.0
2019-12-10 22:00:00+00:00,8.936,8.962,8.864,8.87,5303.0
2019-12-11 22:00:00+00:00,8.878,8.964,8.832,8.932,6398.0
2019-12-12 22:00:00+00:00,9.008,9.116,8.964,9.024,12090.0
2019-12-15 22:00:00+00:00,9.09,9.178,9.086,9.166,6728.0
2019-12-16 22:00:00+00:00,9.162,9.262,9.16,9.23,6784.0
2019-12-17 22:00:00+00:00,9.23,9.254,9.19,9.226,5529.0
2019-12-18 22:00:00+00:00,9.216,9.248,9.17,9.206,6121.0
2019-12-19 22:00:00+00:00,9.206,9.258,9.2,9.238,4601.0
2019-12-22 22:00:00+00:00,9.256,9.334,9.24,9.282,5664.0
2019-12-23 22:00:00+00:00,9.292,9.342,9.256,9.334,2179.0
2019-12-25 22:00:00+00:00,9.348,9.368,9.338,9.342,1298.0
2019-12-26 22:00:00+00:00,9.336,9.384,9.26,9.272,4483.0
2019-12-29 22:00:00+00:00,9.264,9.384,9.252,9.37,5400.0
2019-12-30 22:00:00+00:00,9.361,9.412,9.316,9.412,6083.0
2020-01-02 22:00:00+00:00,9.417,9.435,9.244,9.28,5670.0
2020-01-05 22:00:00+00:00,9.28,9.358,9.266,9.307,6353.0
2020-01-06 22:00:00+00:00,9.327,9.359,9.26,9.318,3619.0
2020-01-07 22:00:00+00:00,9.302,9.388,9.264,9.35,6627.0
2020-01-08 22:00:00+00:00,9.346,9.427,9.276,9.318,5907.0
2020-01-09 22:00:00+00:00,9.315,9.354,9.244,9.348,8553.0
2020-01-12 22:00:00+00:00,9.348,9.362,9.276,9.308,7764.0
2020-01-13 22:00:00+00:00,9.307,9.376,9.28,9.314,8693.0
2020-01-14 22:00:00+00:00,9.318,9.328,9.18,9.184,11931.0
2020-01-15 22:00:00+00:00,9.196,9.196,9.118,9.14,9878.0
2020-01-16 22:00:00+00:00,9.146,9.236,9.102,9.194,10341.0
2020-01-19 22:00:00+00:00,9.189,9.208,9.178,9.195,25.0
2020-01-20 22:00:00+00:00,9.212,9.222,9.062,9.066,10093.0
2020-01-21 22:00:00+00:00,9.079,9.128,9.044,9.05,9335.0
2020-01-22 22:00:00+00:00,9.052,9.057,8.952,8.996,9447.0
2020-01-23 22:00:00+00:00,9.001,9.004,8.922,8.936,8232.0
2020-01-26 22:00:00+00:00,8.914,8.918,8.806,8.894,10983.0
2020-01-27 22:00:00+00:00,8.888,8.892,8.812,8.878,8955.0
2020-01-28 22:00:00+00:00,8.882,8.952,8.834,8.852,7884.0
2020-01-29 22:00:00+00:00,8.856,8.864,8.684,8.688,8723.0
2020-01-30 22:00:00+00:00,8.732,8.756,8.654,8.656,8395.0
2020-02-02 22:00:00+00:00,8.648,8.72,8.624,8.686,9603.0
2020-02-03 22:00:00+00:00,8.697,8.804,8.672,8.734,9199.0
2020-02-04 22:00:00+00:00,8.732,8.816,8.72,8.74,8522.0
2020-02-05 22:00:00+00:00,8.748,8.802,8.708,8.758,8235.0
2020-02-06 22:00:00+00:00,8.77,8.789,8.702,8.764,7369.0
2020-02-09 22:00:00+00:00,8.77,8.844,8.742,8.798,8343.0
2020-02-10 22:00:00+00:00,8.804,8.836,8.73,8.8,10133.0
2020-02-11 22:00:00+00:00,8.802,8.878,8.766,8.868,9540.0
2020-02-12 22:00:00+00:00,8.862,8.946,8.836,8.908,10242.0
2020-02-13 22:00:00+00:00,8.908,8.944,8.852,8.886,7924.0
2020-02-17 22:00:00+00:00,8.91,8.942,8.852,8.876,9723.0
2020-02-18 22:00:00+00:00,8.885,8.944,8.812,8.932,9834.0
2020-02-19 22:00:00+00:00,8.928,8.94,8.876,8.89,7199.0
2020-02-20 22:00:00+00:00,8.888,8.982,8.844,8.846,9808.0
2020-02-23 22:00:00+00:00,8.834,8.844,8.68,8.724,8039.0
2020-02-24 22:00:00+00:00,8.723,8.774,8.698,8.762,8739.0
2020-02-25 22:00:00+00:00,8.767,8.874,8.738,8.802,10995.0
2020-02-26 22:00:00+00:00,8.795,8.856,8.674,8.84,13304.0
2020-02-27 22:00:00+00:00,8.828,8.844,8.688,8.822,19719.0
2020-03-01 22:00:00+00:00,8.811,8.936,8.8,8.908,15210.0
2020-03-02 22:00:00+00:00,8.924,8.972,8.89,8.928,12475.0
2020-03-03 22:00:00+00:00,8.938,9.004,8.93,8.968,9354.0
2020-03-04 22:00:00+00:00,8.972,9.02,8.848,8.862,11894.0
2020-03-05 22:00:00+00:00,8.88,8.898,8.786,8.804,13746.0
2020-03-08 21:00:00+00:00,8.728,8.738,8.578,8.626,20874.0
2020-03-09 21:00:00+00:00,8.664,8.756,8.654,8.676,17558.0
2020-03-10 21:00:00+00:00,8.672,8.745,8.63,8.644,14478.0
2020-03-11 21:00:00+00:00,8.632,8.632,8.436,8.498,26772.0
2020-03-12 21:00:00+00:00,8.482,8.63,8.368,8.388,29843.0
2020-03-15 21:00:00+00:00,8.35,8.463,8.132,8.176,24470.0
2020-03-16 21:00:00+00:00,8.158,8.244,8.142,8.172,23281.0
2020-03-17 21:00:00+00:00,8.178,8.306,8.148,8.178,24688.0
2020-03-18 21:00:00+00:00,8.224,8.478,8.176,8.362,30885.0
2020-03-19 21:00:00+00:00,8.401,8.566,8.392,8.556,28686.0
2020-03-22 21:00:00+00:00,8.526,8.78,8.512,8.756,27712.0
2020-03-23 21:00:00+00:00,8.758,8.806,8.652,8.786,18968.0
2020-03-24 21:00:00+00:00,8.762,8.893,8.734,8.748,17927.0
2020-03-25 21:00:00+00:00,8.75,8.774,8.642,8.717,18186.0
2020-03-26 21:00:00+00:00,8.715,8.816,8.684,8.766,14457.0
2020-03-29 21:00:00+00:00,8.744,8.858,8.702,8.758,14203.0
2020-03-30 21:00:00+00:00,8.762,8.81,8.695,8.792,20913.0
2020-03-31 21:00:00+00:00,8.794,8.808,8.548,8.566,18341.0
2020-04-01 21:00:00+00:00,8.58,8.64,8.512,8.53,24978.0
2020-04-02 21:00:00+00:00,8.536,8.588,8.448,8.48,16235.0
2020-04-05 21:00:00+00:00,8.461,8.536,8.432,8.496,13581.0
2020-04-06 21:00:00+00:00,8.506,8.572,8.49,8.506,13737.0
2020-04-07 21:00:00+00:00,8.504,8.554,8.468,8.494,14340.0
2020-04-08 21:00:00+00:00,8.506,8.621,8.49,8.588,16885.0
2020-04-12 21:00:00+00:00,8.61,8.654,8.464,8.494,13169.0
2020-04-13 21:00:00+00:00,8.505,8.524,8.418,8.434,10662.0
2020-04-14 21:00:00+00:00,8.441,8.504,8.366,8.386,14356.0
2020-04-15 21:00:00+00:00,8.39,8.447,8.334,8.338,11392.0
2020-04-16 21:00:00+00:00,8.37,8.4,8.3,8.304,12092.0
2020-04-19 21:00:00+00:00,8.318,8.341,8.233,8.236,9046.0
2020-04-20 21:00:00+00:00,8.244,8.322,8.078,8.302,19761.0
2020-04-21 21:00:00+00:00,8.288,8.376,8.254,8.32,18906.0
2020-04-22 21:00:00+00:00,8.32,8.456,8.308,8.366,18931.0
2020-04-23 21:00:00+00:00,8.368,8.4,8.236,8.276,21575.0
2020-04-26 21:00:00+00:00,8.286,8.36,8.252,8.258,15154.0
2020-04-27 21:00:00+00:00,8.27,8.322,8.196,8.208,15900.0
2020-04-28 21:00:00+00:00,8.212,8.306,8.202,8.274,12137.0
2020-04-29 21:00:00+00:00,8.286,8.458,8.285,8.448,17529.0
2020-04-30 21:00:00+00:00,8.452,8.452,8.37,8.394,11388.0
2020-05-03 21:00:00+00:00,8.378,8.38,8.23,8.266,10579.0
2020-05-04 21:00:00+00:00,8.28,8.314,8.244,8.295,8534.0
2020-05-05 21:00:00+00:00,8.302,8.327,8.226,8.234,11324.0
2020-05-06 21:00:00+00:00,8.242,8.394,8.236,8.348,9697.0
2020-05-07 21:00:00+00:00,8.356,8.476,8.347,8.416,9356.0
2020-05-10 21:00:00+00:00,8.45,8.524,8.4,8.456,9967.0
2020-05-11 21:00:00+00:00,8.455,8.494,8.412,8.44,11688.0
2020-05-12 21:00:00+00:00,8.423,8.457,8.284,8.307,9318.0
2020-05-13 21:00:00+00:00,8.314,8.365,8.27,8.288,8722.0
2020-05-14 21:00:00+00:00,8.3,8.352,8.288,8.298,8672.0
2020-05-17 21:00:00+00:00,8.329,8.4,8.312,8.366,7644.0
2020-05-18 21:00:00+00:00,8.386,8.408,8.32,8.362,8678.0
2020-05-19 21:00:00+00:00,8.354,8.42,8.35,8.396,8216.0
2020-05-20 21:00:00+00:00,8.396,8.41,8.268,8.282,8402.0
2020-05-21 21:00:00+00:00,8.286,8.324,8.216,8.263,10125.0
2020-05-25 21:00:00+00:00,8.263,8.426,8.262,8.406,12100.0
2020-05-26 21:00:00+00:00,8.422,8.446,8.372,8.426,9900.0
2020-05-27 21:00:00+00:00,8.426,8.458,8.324,8.404,11613.0
2020-05-28 21:00:00+00:00,8.391,8.396,8.308,8.342,11719.0
2020-05-31 21:00:00+00:00,8.379,8.432,8.284,8.346,15140.0
2020-06-01 21:00:00+00:00,8.351,8.502,8.328,8.46,13006.0
2020-06-02 21:00:00+00:00,8.469,8.524,8.458,8.522,10818.0
2020-06-03 21:00:00+00:00,8.515,8.676,8.5,8.626,14232.0
2020-06-04 21:00:00+00:00,8.628,8.676,8.6,8.636,13843.0
2020-06-07 21:00:00+00:00,8.642,8.666,8.568,8.592,11991.0
2020-06-08 21:00:00+00:00,8.59,8.618,8.52,8.59,10459.0
2020-06-09 21:00:00+00:00,8.587,8.644,8.584,8.62,10277.0
2020-06-10 21:00:00+00:00,8.608,8.651,8.566,8.618,10890.0
2020-06-11 21:00:00+00:00,8.632,8.684,8.592,8.67,12948.0
2020-06-14 21:00:00+00:00,8.668,8.678,8.604,8.66,12711.0
2020-06-15 21:00:00+00:00,8.664,8.69,8.61,8.63,12898.0
2020-06-16 21:00:00+00:00,8.632,8.722,8.564,8.676,13574.0
2020-06-17 21:00:00+00:00,8.674,8.728,8.666,8.692,10811.0
2020-06-18 21:00:00+00:00,8.698,8.77,8.678,8.726,10656.0
2020-06-21 21:00:00+00:00,8.72,8.768,8.694,8.732,8302.0
2020-06-22 21:00:00+00:00,8.736,8.76,8.622,8.716,10173.0
2020-06-23 21:00:00+00:00,8.726,8.748,8.68,8.682,7513.0
2020-06-24 21:00:00+00:00,8.678,8.688,8.592,8.658,7239.0
2020-06-25 21:00:00+00:00,8.657,8.692,8.602,8.633,7358.0
2020-06-28 21:00:00+00:00,8.62,8.676,8.58,8.642,8638.0
2020-06-29 21:00:00+00:00,8.64,8.892,8.64,8.815,16083.0
2020-06-30 21:00:00+00:00,8.818,8.968,8.81,8.929,13080.0
2020-07-01 21:00:00+00:00,8.914,8.967,8.903,8.924,7527.0
2020-07-05 21:00:00+00:00,8.973,9.051,8.97,8.996,8587.0
2020-07-06 21:00:00+00:00,9.005,9.024,8.946,8.971,7217.0
2020-07-07 21:00:00+00:00,8.966,8.979,8.911,8.933,7079.0
2020-07-08 21:00:00+00:00,8.952,9.053,8.937,8.978,9009.0
2020-07-09 21:00:00+00:00,8.971,9.013,8.848,8.876,11279.0
2020-07-12 21:00:00+00:00,8.825,8.855,8.715,8.738,8746.0
2020-07-13 21:00:00+00:00,8.753,8.834,8.734,8.801,8203.0
2020-07-14 21:00:00+00:00,8.799,8.882,8.786,8.88,6219.0
2020-07-15 21:00:00+00:00,8.883,8.969,8.881,8.94,7182.0
2020-07-16 21:00:00+00:00,8.946,8.996,8.934,8.991,6032.0
2020-07-19 21:00:00+00:00,8.992,9.063,8.978,9.036,6278.0
2020-07-20 21:00:00+00:00,9.022,9.027,8.955,8.969,6240.0
2020-07-21 21:00:00+00:00,8.967,9.018,8.927,9.002,7595.0
2020-07-22 21:00:00+00:00,8.995,9.075,8.98,9.073,7002.0
2020-07-23 21:00:00+00:00,9.065,9.104,9.022,9.058,7952.0
2020-07-26 21:00:00+00:00,9.049,9.099,9.022,9.068,6987.0
2020-07-27 21:00:00+00:00,9.005,9.02,8.936,8.977,12181.0
2020-07-28 21:00:00+00:00,8.976,8.982,8.926,8.946,7152.0
2020-07-29 21:00:00+00:00,8.93,8.976,8.886,8.964,14971.0
2020-07-30 21:00:00+00:00,8.971,9.02,8.968,8.989,5686.0
2020-08-02 21:00:00+00:00,8.984,9.045,8.972,9.006,10422.0
2020-08-03 21:00:00+00:00,8.978,9.0,8.854,8.877,13328.0
2020-08-04 21:00:00+00:00,8.895,8.903,8.822,8.835,6552.0
2020-08-05 21:00:00+00:00,8.828,8.882,8.802,8.822,8520.0
2020-08-06 21:00:00+00:00,8.826,8.833,8.716,8.744,5681.0
2020-08-09 21:00:00+00:00,8.723,8.793,8.699,8.77,6919.0
2020-08-10 21:00:00+00:00,8.763,8.807,8.744,8.773,6237.0
2020-08-11 21:00:00+00:00,8.771,8.875,8.716,8.873,11374.0
2020-08-12 21:00:00+00:00,8.88,9.052,8.88,9.02,8362.0
2020-08-13 21:00:00+00:00,8.998,9.035,8.98,9.023,6955.0
2020-08-16 21:00:00+00:00,9.054,9.205,9.053,9.179,8071.0
2020-08-17 21:00:00+00:00,9.165,9.201,9.133,9.17,9547.0
2020-08-18 21:00:00+00:00,9.158,9.231,9.136,9.168,10295.0
2020-08-19 21:00:00+00:00,9.16,9.19,9.06,9.087,9791.0
2020-08-20 21:00:00+00:00,9.097,9.14,9.067,9.072,8165.0
2020-08-23 21:00:00+00:00,9.082,9.154,9.043,9.098,8996.0
2020-08-24 21:00:00+00:00,9.163,9.241,9.143,9.234,11109.0
2020-08-25 21:00:00+00:00,9.231,9.288,9.231,9.274,10728.0
2020-08-26 21:00:00+00:00,9.278,9.519,9.27,9.44,17393.0
2020-08-27 21:00:00+00:00,9.439,9.551,9.438,9.549,12790.0
2020-08-30 21:00:00+00:00,9.596,9.7,9.555,9.56,15841.0
2020-08-31 21:00:00+00:00,9.541,9.624,9.459,9.561,16618.0
2020-09-01 21:00:00+00:00,9.549,9.659,9.491,9.657,12882.0
2020-09-02 21:00:00+00:00,9.656,9.714,9.609,9.695,14974.0
2020-09-03 21:00:00+00:00,9.686,9.725,9.636,9.718,12747.0
2020-09-07 21:00:00+00:00,9.739,9.797,9.648,9.767,14661.0
2020-09-08 21:00:00+00:00,9.747,9.844,9.714,9.817,12243.0
2020-09-09 21:00:00+00:00,9.821,9.846,9.77,9.804,11507.0
2020-09-10 21:00:00+00:00,9.798,10.006,9.778,9.998,23593.0
2020-09-13 21:00:00+00:00,9.993,10.113,9.988,10.012,16939.0
2020-09-14 21:00:00+00:00,10.047,10.085,9.929,9.942,14017.0
2020-09-15 21:00:00+00:00,9.907,10.162,9.876,10.137,21906.0
2020-09-16 21:00:00+00:00,10.144,10.347,10.076,10.298,32749.0
2020-09-17 21:00:00+00:00,10.305,10.492,10.305,10.457,26469.0
2020-09-20 21:00:00+00:00,10.426,10.476,10.232,10.232,25722.0
2020-09-21 21:00:00+00:00,10.202,10.392,10.157,10.22,27245.0
2020-09-22 21:00:00+00:00,10.224,10.279,10.134,10.147,21875.0
2020-09-23 21:00:00+00:00,10.141,10.169,9.996,10.013,20109.0
2020-09-24 21:00:00+00:00,10.007,10.1,9.975,10.039,17302.0
2020-09-27 21:00:00+00:00,10.035,10.097,9.936,9.972,17726.0
2020-09-28 21:00:00+00:00,9.961,9.996,9.878,9.938,13866.0
2020-09-29 21:00:00+00:00,9.928,10.365,9.893,10.24,38493.0
2020-09-30 21:00:00+00:00,10.257,10.368,10.238,10.26,20796.0
2020-10-01 21:00:00+00:00,10.268,10.298,10.15,10.217,20952.0
2020-10-04 21:00:00+00:00,10.199,10.271,10.176,10.228,16355.0
2020-10-05 21:00:00+00:00,10.24,10.554,10.238,10.451,29384.0
2020-10-06 21:00:00+00:00,10.413,10.613,10.391,10.512,27234.0
2020-10-07 21:00:00+00:00,10.528,10.705,10.503,10.523,32391.0
2020-10-08 21:00:00+00:00,10.515,10.801,10.486,10.674,48418.0
2020-10-11 21:00:00+00:00,10.669,10.749,10.328,10.357,34723.0
2020-10-12 21:00:00+00:00,10.345,10.475,10.34,10.455,21596.0
2020-10-13 21:00:00+00:00,10.454,10.612,10.412,10.584,25775.0
2020-10-14 21:00:00+00:00,10.595,10.652,10.387,10.619,31068.0
2020-10-15 21:00:00+00:00,10.62,10.711,10.504,10.516,29125.0
2020-10-18 21:00:00+00:00,10.525,10.597,10.492,10.552,25695.0
2020-10-19 21:00:00+00:00,10.558,10.664,10.521,10.656,24020.0
2020-10-20 21:00:00+00:00,10.659,10.776,10.649,10.727,24055.0
2020-10-21 21:00:00+00:00,10.719,10.846,10.641,10.709,31084.0
2020-10-22 21:00:00+00:00,10.711,10.867,10.658,10.855,27665.0
2020-10-25 21:00:00+00:00,10.828,10.886,10.763,10.84,27983.0
2020-10-26 21:00:00+00:00,10.831,10.896,10.773,10.775,27256.0
2020-10-27 21:00:00+00:00,10.761,10.766,10.55,10.567,32496.0
2020-10-28 21:00:00+00:00,10.575,10.598,10.493,10.523,30573.0
2020-10-29 21:00:00+00:00,10.5,10.636,10.478,10.575,34309.0
2020-11-01 22:00:00+00:00,10.549,10.577,10.46,10.528,27666.0
2020-11-02 22:00:00+00:00,10.537,10.717,10.525,10.636,28442.0
2020-11-03 22:00:00+00:00,10.625,10.887,10.565,10.86,39322.0
2020-11-04 22:00:00+00:00,10.868,11.135,10.845,11.04,43974.0
2020-11-05 22:00:00+00:00,11.035,11.107,10.992,11.041,37486.0
2020-11-08 22:00:00+00:00,11.032,11.187,11.007,11.111,33779.0
2020-11-09 22:00:00+00:00,11.118,11.542,11.087,11.469,52584.0
2020-11-10 22:00:00+00:00,11.474,11.629,11.459,11.536,39111.0
2020-11-11 22:00:00+00:00,11.532,11.547,11.407,11.469,30734.0
2020-11-12 22:00:00+00:00,11.464,11.577,11.389,11.495,26474.0
2020-11-15 22:00:00+00:00,11.51,11.559,11.449,11.552,22611.0
2020-11-16 22:00:00+00:00,11.589,11.791,11.581,11.706,28314.0
2020-11-17 22:00:00+00:00,11.706,11.904,11.686,11.75,30171.0
2020-11-18 22:00:00+00:00,11.745,11.821,11.625,11.788,30616.0
2020-11-19 22:00:00+00:00,11.806,11.973,11.775,11.822,28976.0
2020-11-22 22:00:00+00:00,11.982,12.006,11.868,11.929,24546.0
2020-11-23 22:00:00+00:00,11.915,11.941,11.748,11.94,22737.0
2020-11-24 22:00:00+00:00,11.98,11.992,11.84,11.85,20430.0
2020-11-26 22:00:00+00:00,11.848,11.942,11.801,11.936,10280.0
2020-11-29 22:00:00+00:00,11.982,11.992,11.687,11.693,29692.0
2020-11-30 22:00:00+00:00,11.706,11.766,11.619,11.637,27713.0
2020-12-01 22:00:00+00:00,11.642,11.642,11.432,11.539,31066.0
2020-12-02 22:00:00+00:00,11.537,11.712,11.527,11.672,21097.0
2020-12-03 22:00:00+00:00,11.682,11.729,11.584,11.622,20162.0
2020-12-06 22:00:00+00:00,11.556,11.694,11.494,11.574,25892.0
2020-12-07 22:00:00+00:00,11.566,11.609,11.433,11.458,25286.0
2020-12-08 22:00:00+00:00,11.456,11.6,11.452,11.586,19866.0
2020-12-09 22:00:00+00:00,11.616,11.766,11.502,11.549,35206.0
2020-12-10 22:00:00+00:00,11.566,11.626,11.514,11.611,23397.0
2020-12-13 22:00:00+00:00,11.631,11.73,11.616,11.702,20873.0
2020-12-14 22:00:00+00:00,11.704,11.85,11.618,11.85,24506.0
2020-12-15 22:00:00+00:00,11.844,11.938,11.806,11.808,26433.0
2020-12-16 22:00:00+00:00,11.835,12.026,11.792,12.008,24268.0
2020-12-17 22:00:00+00:00,12.01,12.236,12.008,12.168,30682.0
2020-12-20 22:00:00+00:00,12.258,12.436,12.124,12.42,44589.0
2020-12-21 22:00:00+00:00,12.426,12.513,12.36,12.462,33640.0
2020-12-22 22:00:00+00:00,12.464,12.626,12.374,12.56,31845.0
2020-12-23 22:00:00+00:00,12.556,12.699,12.552,12.603,20920.0
2020-12-27 22:00:00+00:00,12.722,12.756,12.422,12.496,40271.0
2020-12-28 22:00:00+00:00,12.51,12.946,12.418,12.946,33261.0
2020-12-29 22:00:00+00:00,12.91,13.012,12.756,12.926,38091.0
2020-12-30 22:00:00+00:00,12.928,13.162,12.906,13.06,33063.0
2021-01-03 22:00:00+00:00,13.15,13.448,12.966,13.086,57747.0
2021-01-04 22:00:00+00:00,13.124,13.685,13.11,13.454,51601.0
2021-01-05 22:00:00+00:00,13.552,13.738,13.506,13.598,38566.0
2021-01-06 22:00:00+00:00,13.592,13.644,13.378,13.534,37043.0
2021-01-07 22:00:00+00:00,13.535,13.816,13.444,13.732,36397.0
2021-01-10 22:00:00+00:00,13.762,13.844,13.5,13.678,36550.0
2021-01-11 22:00:00+00:00,13.663,14.234,13.536,14.186,45523.0
2021-01-12 22:00:00+00:00,14.195,14.321,13.994,14.026,32849.0
2021-01-13 22:00:00+00:00,14.024,14.316,13.992,14.267,28718.0
2021-01-14 22:00:00+00:00,14.273,14.306,14.096,14.11,28456.0
2021-01-18 22:00:00+00:00,14.147,14.175,13.798,13.804,40378.0
2021-01-19 22:00:00+00:00,13.767,13.776,13.486,13.65,42359.0
2021-01-20 22:00:00+00:00,13.63,13.834,13.624,13.64,31680.0
2021-01-21 22:00:00+00:00,13.601,13.622,13.02,13.066,49906.0
2021-01-24 22:00:00+00:00,13.025,13.49,12.952,13.428,48106.0
2021-01-25 22:00:00+00:00,13.452,13.732,13.304,13.684,40476.0
2021-01-26 22:00:00+00:00,13.734,13.912,13.616,13.706,49097.0
2021-01-27 22:00:00+00:00,13.71,13.884,13.428,13.484,54861.0
2021-01-28 22:00:00+00:00,13.495,13.736,13.33,13.65,53056.0
2021-01-31 22:00:00+00:00,13.734,13.796,13.468,13.637,46097.0
2021-02-01 22:00:00+00:00,13.645,13.692,13.39,13.508,35433.0
2021-02-02 22:00:00+00:00,13.504,13.698,13.402,13.682,38183.0
2021-02-03 22:00:00+00:00,13.694,13.791,13.62,13.685,36376.0
2021-02-04 22:00:00+00:00,13.673,13.802,13.632,13.65,24781.0
2021-02-07 22:00:00+00:00,13.684,13.902,13.626,13.868,31727.0
2021-02-08 22:00:00+00:00,13.88,14.064,13.754,14.026,57162.0
2021-02-09 22:00:00+00:00,14.018,14.022,13.5,13.509,43688.0
2021-02-10 22:00:00+00:00,13.52,13.776,13.355,13.649,34251.0
2021-02-11 22:00:00+00:00,13.671,13.758,13.606,13.704,20279.0
2021-02-15 22:00:00+00:00,13.856,13.923,13.738,13.856,25111.0
2021-02-16 22:00:00+00:00,13.861,13.902,13.764,13.828,24045.0
2021-02-17 22:00:00+00:00,13.86,13.911,13.708,13.754,25572.0
2021-02-18 22:00:00+00:00,13.754,13.902,13.676,13.806,27073.0
2021-02-21 22:00:00+00:00,13.886,13.902,13.74,13.855,29285.0
2021-02-22 22:00:00+00:00,13.855,14.276,13.83,14.076,45460.0
2021-02-23 22:00:00+00:00,14.094,14.276,14.087,14.25,39442.0
2021-02-24 22:00:00+00:00,14.252,14.45,13.928,14.076,63827.0
2021-02-25 22:00:00+00:00,14.044,14.072,13.78,14.062,52210.0
2021-02-28 22:00:00+00:00,14.14,14.218,13.888,13.916,39563.0
2021-03-01 22:00:00+00:00,13.934,14.16,13.804,14.124,42201.0
2021-03-02 22:00:00+00:00,14.118,14.169,13.946,14.068,33744.0
2021-03-03 22:00:00+00:00,14.075,14.374,14.028,14.094,53090.0
2021-03-04 22:00:00+00:00,14.114,14.328,14.026,14.324,45509.0
2021-03-07 22:00:00+00:00,14.424,14.594,14.312,14.35,55199.0
2021-03-08 22:00:00+00:00,14.342,14.412,14.224,14.396,54042.0
2021-03-09 22:00:00+00:00,14.426,14.438,14.078,14.086,49700.0
2021-03-10 22:00:00+00:00,14.085,14.208,14.004,14.126,41591.0
2021-03-11 22:00:00+00:00,14.145,14.172,13.917,14.124,37821.0
2021-03-14 21:00:00+00:00,14.06,14.231,14.017,14.176,35094.0
2021-03-15 21:00:00+00:00,14.209,14.244,14.122,14.216,27559.0
2021-03-16 21:00:00+00:00,14.226,14.246,14.076,14.162,23940.0
2021-03-17 21:00:00+00:00,14.161,14.184,13.902,13.912,32678.0
2021-03-18 21:00:00+00:00,13.9,14.176,13.896,14.168,32770.0
2021-03-21 21:00:00+00:00,14.173,14.234,14.048,14.17,33314.0
2021-03-22 21:00:00+00:00,14.198,14.344,14.14,14.214,30161.0
2021-03-23 21:00:00+00:00,14.212,14.33,14.178,14.308,25676.0
2021-03-24 21:00:00+00:00,14.304,14.314,14.1,14.144,22058.0
2021-03-25 21:00:00+00:00,14.144,14.184,13.988,14.004,30837.0
2021-03-28 21:00:00+00:00,14.01,14.022,13.828,13.904,26079.0
2021-03-29 21:00:00+00:00,13.926,13.945,13.64,13.676,23519.0
2021-03-30 21:00:00+00:00,13.681,14.366,13.642,14.364,29346.0
2021-03-31 21:00:00+00:00,14.456,14.56,13.981,14.016,57333.0
2021-04-04 21:00:00+00:00,14.094,14.206,14.048,14.116,23777.0
2021-04-05 21:00:00+00:00,14.14,14.308,14.131,14.196,23018.0
2021-04-06 21:00:00+00:00,14.214,14.27,14.036,14.076,22974.0
2021-04-07 21:00:00+00:00,14.088,14.224,14.044,14.138,25433.0
2021-04-08 21:00:00+00:00,14.156,14.188,14.004,14.026,30517.0
2021-04-11 21:00:00+00:00,14.043,14.072,13.792,13.826,27135.0
2021-04-12 21:00:00+00:00,13.848,13.986,13.78,13.89,30536.0
2021-04-13 21:00:00+00:00,13.918,14.158,13.892,14.092,32985.0
2021-04-14 21:00:00+00:00,14.098,14.21,14.074,14.164,29880.0
2021-04-15 21:00:00+00:00,14.174,14.367,14.169,14.284,24787.0
2021-04-18 21:00:00+00:00,14.362,14.481,14.298,14.416,24982.0
2021-04-19 21:00:00+00:00,14.429,14.779,14.427,14.647,33474.0
2021-04-20 21:00:00+00:00,14.668,14.881,14.592,14.863,32742.0
2021-04-21 21:00:00+00:00,14.872,15.305,14.866,15.213,42379.0
2021-04-22 21:00:00+00:00,15.215,15.321,15.053,15.236,41257.0
2021-04-25 21:00:00+00:00,15.337,15.51,15.214,15.479,57934.0
2021-04-26 21:00:00+00:00,15.474,15.813,15.241,15.248,93066.0
2021-04-27 21:00:00+00:00,15.17,15.505,14.966,15.153,79120.0
2021-04-28 21:00:00+00:00,15.114,15.322,15.06,15.062,53293.0
2021-04-29 21:00:00+00:00,15.074,15.427,14.972,15.414,51131.0
2021-05-02 21:00:00+00:00,15.538,15.693,15.213,15.319,62434.0
2021-05-03 21:00:00+00:00,15.292,15.586,15.25,15.455,48656.0
2021-05-04 21:00:00+00:00,15.48,15.595,15.379,15.472,38791.0
2021-05-05 21:00:00+00:00,15.518,15.765,15.488,15.748,48472.0
2021-05-06 21:00:00+00:00,15.716,16.05,15.679,15.947,58258.0
2021-05-09 21:00:00+00:00,15.819,15.99,15.807,15.926,47153.0
2021-05-10 21:00:00+00:00,15.913,16.31,15.785,16.213,44109.0
2021-05-11 21:00:00+00:00,16.236,16.727,16.205,16.482,65351.0
2021-05-12 21:00:00+00:00,16.478,16.505,15.802,15.887,70842.0
2021-05-13 21:00:00+00:00,15.863,16.177,15.823,15.958,44658.0
2021-05-16 21:00:00+00:00,15.882,16.082,15.801,15.914,45691.0
2021-05-17 21:00:00+00:00,15.959,16.096,15.737,15.787,38183.0
2021-05-18 21:00:00+00:00,15.794,15.796,15.265,15.459,48471.0
2021-05-19 21:00:00+00:00,15.527,15.579,15.275,15.362,36704.0
2021-05-20 21:00:00+00:00,15.381,15.449,15.166,15.287,42080.0
2021-05-23 21:00:00+00:00,15.232,15.298,15.104,15.259,37441.0
2021-05-24 21:00:00+00:00,15.289,15.421,15.031,15.171,40803.0
2021-05-25 21:00:00+00:00,15.166,15.292,14.932,15.075,50291.0
2021-05-26 21:00:00+00:00,15.1,15.429,14.957,15.416,42973.0
2021-05-27 21:00:00+00:00,15.405,15.595,15.266,15.326,41433.0
2021-05-30 21:00:00+00:00,15.335,15.335,15.335,15.335,1.0
2021-05-31 21:00:00+00:00,15.479,15.817,15.408,15.512,49700.0
2021-06-01 21:00:00+00:00,15.484,15.713,15.45,15.682,45608.0
2021-06-02 21:00:00+00:00,15.706,15.922,15.469,15.521,46721.0
2021-06-03 21:00:00+00:00,15.54,15.901,15.487,15.852,41178.0
2021-06-06 21:00:00+00:00,16.094,16.264,15.615,15.66,56656.0
2021-06-07 21:00:00+00:00,15.743,16.006,15.647,15.866,58534.0
2021-06-08 21:00:00+00:00,15.862,15.895,15.529,15.639,44515.0
2021-06-09 21:00:00+00:00,15.674,15.793,15.4,15.461,53827.0
2021-06-10 21:00:00+00:00,15.476,15.539,14.992,15.1,50827.0
2021-06-13 21:00:00+00:00,15.046,15.051,14.574,14.738,53727.0
2021-06-14 21:00:00+00:00,14.878,14.904,14.623,14.662,45056.0
2021-06-15 21:00:00+00:00,14.705,14.77,14.462,14.462,43092.0
2021-06-16 21:00:00+00:00,14.464,14.519,13.254,13.282,64010.0
2021-06-17 21:00:00+00:00,13.37,14.101,13.33,13.976,69655.0
2021-06-20 21:00:00+00:00,13.762,14.24,13.72,14.18,47542.0
2021-06-21 21:00:00+00:00,14.209,14.29,13.947,13.977,37376.0
2021-06-22 21:00:00+00:00,13.955,14.082,13.826,13.833,28056.0
2021-06-23 21:00:00+00:00,13.84,13.853,13.47,13.717,39076.0
2021-06-24 21:00:00+00:00,13.718,13.861,13.273,13.311,41692.0
2021-06-27 21:00:00+00:00,13.314,13.68,13.309,13.589,42457.0
2021-06-28 21:00:00+00:00,13.675,13.773,13.508,13.599,41547.0
2021-06-29 21:00:00+00:00,13.63,14.632,13.381,14.472,68389.0
2021-06-30 21:00:00+00:00,14.578,14.845,14.33,14.537,72645.0
2021-07-01 21:00:00+00:00,14.483,14.736,14.405,14.571,44571.0
2021-07-05 21:00:00+00:00,14.017,14.098,13.538,13.643,34876.0
2021-07-06 21:00:00+00:00,13.643,14.082,13.643,13.903,51697.0
2021-07-07 21:00:00+00:00,13.971,14.022,13.723,13.857,47401.0
2021-07-08 21:00:00+00:00,13.847,14.014,13.751,13.976,41091.0
2021-07-11 21:00:00+00:00,13.988,14.27,13.974,14.211,49312.0
2021-07-12 21:00:00+00:00,14.207,14.425,14.177,14.3,44314.0
2021-07-13 21:00:00+00:00,14.302,14.755,14.237,14.706,50575.0
2021-07-14 21:00:00+00:00,14.772,14.772,14.569,14.623,43679.0
2021-07-15 21:00:00+00:00,14.648,14.898,14.603,14.678,42115.0
2021-07-18 21:00:00+00:00,14.931,14.944,14.401,14.436,52349.0
2021-07-19 21:00:00+00:00,14.486,14.663,14.42,14.57,48185.0
2021-07-20 21:00:00+00:00,14.618,14.648,14.415,14.521,39332.0
2021-07-21 21:00:00+00:00,14.525,14.531,14.034,14.275,50006.0
2021-07-22 21:00:00+00:00,14.308,14.314,14.07,14.11,39752.0
2021-07-25 21:00:00+00:00,14.141,14.252,13.9,14.218,37201.0
2021-07-26 21:00:00+00:00,14.31,14.526,14.216,14.284,39604.0
2021-07-27 21:00:00+00:00,14.313,14.404,14.193,14.32,33218.0
2021-07-28 21:00:00+00:00,14.316,14.504,14.274,14.475,20360.0
2021-07-29 21:00:00+00:00,14.471,14.49,14.094,14.135,25882.0
2021-08-01 21:00:00+00:00,14.139,14.174,13.968,14.107,31838.0
2021-08-02 21:00:00+00:00,14.015,14.044,13.649,13.766,30998.0
2021-08-03 21:00:00+00:00,13.803,13.872,13.713,13.858,25644.0
2021-08-04 21:00:00+00:00,13.856,13.988,13.724,13.855,28782.0
2021-08-05 21:00:00+00:00,13.856,13.996,13.809,13.962,23080.0
2021-08-08 21:00:00+00:00,13.938,14.008,13.814,13.881,25282.0
2021-08-09 21:00:00+00:00,13.838,13.996,13.823,13.937,24999.0
2021-08-10 21:00:00+00:00,13.93,14.094,13.874,13.891,27780.0
2021-08-11 21:00:00+00:00,13.87,14.169,13.708,13.893,53157.0
2021-08-12 21:00:00+00:00,13.851,14.146,13.767,14.138,36309.0
2021-08-15 21:00:00+00:00,14.124,14.236,14.056,14.131,30840.0
2021-08-16 21:00:00+00:00,14.194,14.235,14.002,14.058,30807.0
2021-08-17 21:00:00+00:00,14.064,14.069,13.877,13.919,27543.0
2021-08-18 21:00:00+00:00,13.912,13.913,13.533,13.599,31708.0
2021-08-19 21:00:00+00:00,13.602,13.727,13.147,13.299,41326.0
2021-08-22 21:00:00+00:00,13.237,13.459,13.234,13.312,29500.0
2021-08-23 21:00:00+00:00,13.344,13.748,13.285,13.692,29161.0
2021-08-24 21:00:00+00:00,13.682,13.762,13.587,13.679,28272.0
2021-08-25 21:00:00+00:00,13.665,13.673,13.539,13.621,29371.0
2021-08-26 21:00:00+00:00,13.593,13.603,13.427,13.553,27990.0
2021-08-29 21:00:00+00:00,13.594,13.707,13.305,13.36,28081.0
2021-08-30 21:00:00+00:00,13.38,13.454,13.157,13.261,32048.0
2021-08-31 21:00:00+00:00,13.262,13.281,13.019,13.095,26478.0
2021-09-01 21:00:00+00:00,13.08,13.194,13.026,13.138,25471.0
2021-09-02 21:00:00+00:00,13.135,13.284,13.082,13.214,21123.0
2021-09-06 21:00:00+00:00,13.225,13.356,13.058,13.059,23192.0
2021-09-07 21:00:00+00:00,13.08,13.172,13.009,13.093,24734.0
2021-09-08 21:00:00+00:00,13.081,13.106,12.933,13.005,27564.0
2021-09-09 21:00:00+00:00,12.992,13.282,12.905,13.16,47775.0
2021-09-12 21:00:00+00:00,13.16,13.216,13.037,13.114,20124.0
2021-09-13 21:00:00+00:00,13.114,13.238,13.073,13.082,20000.0
2021-09-14 21:00:00+00:00,13.084,13.218,13.015,13.217,29374.0
2021-09-15 21:00:00+00:00,13.235,13.337,13.169,13.213,27686.0
2021-09-16 21:00:00+00:00,13.203,13.241,13.032,13.09,26900.0
2021-09-19 21:00:00+00:00,13.072,13.072,12.853,12.866,23564.0
2021-09-20 21:00:00+00:00,12.874,12.983,12.803,12.968,25689.0
2021-09-21 21:00:00+00:00,12.979,13.075,12.926,13.049,30906.0
2021-09-22 21:00:00+00:00,13.052,13.128,12.977,13.063,23442.0
2021-09-23 21:00:00+00:00,13.055,13.119,13.0,13.061,25485.0
2021-09-26 21:00:00+00:00,13.047,13.175,13.028,13.085,28985.0
2021-09-27 21:00:00+00:00,13.05,13.07,12.949,12.954,23346.0
2021-09-28 21:00:00+00:00,12.949,13.079,12.923,13.026,25386.0
2021-09-29 21:00:00+00:00,13.009,13.141,12.676,12.755,45132.0
2021-09-30 21:00:00+00:00,12.725,12.806,12.601,12.643,31009.0
2021-10-03 21:00:00+00:00,12.608,12.644,12.517,12.518,19995.0
2021-10-04 21:00:00+00:00,12.503,12.726,12.475,12.677,19550.0
2021-10-05 21:00:00+00:00,12.659,12.714,12.552,12.585,19784.0
2021-10-06 21:00:00+00:00,12.582,12.648,12.489,12.622,20139.0
2021-10-07 21:00:00+00:00,12.608,12.78,12.571,12.572,20612.0
2021-10-10 21:00:00+00:00,12.532,12.653,12.406,12.412,17400.0
2021-10-11 21:00:00+00:00,12.393,12.429,12.075,12.114,27333.0
2021-10-12 21:00:00+00:00,12.113,12.237,11.966,12.091,26623.0
2021-10-13 21:00:00+00:00,12.083,12.198,12.055,12.177,22138.0
2021-10-14 21:00:00+00:00,12.169,12.326,12.141,12.304,17794.0
2021-10-17 21:00:00+00:00,12.294,12.356,12.205,12.319,22488.0
2021-10-18 21:00:00+00:00,12.296,12.495,12.267,12.387,18405.0
2021-10-19 21:00:00+00:00,12.353,12.591,12.349,12.56,22573.0
2021-10-20 21:00:00+00:00,12.525,12.589,12.313,12.322,20206.0
2021-10-21 21:00:00+00:00,12.328,12.397,12.256,12.292,21191.0
2021-10-24 21:00:00+00:00,12.264,12.472,12.256,12.45,24977.0
2021-10-25 21:00:00+00:00,12.448,12.546,12.386,12.456,21861.0
2021-10-26 21:00:00+00:00,12.45,12.65,12.35,12.486,28673.0
2021-10-27 21:00:00+00:00,12.479,12.588,12.4,12.452,25698.0
2021-10-28 21:00:00+00:00,12.417,12.546,12.404,12.489,21966.0
2021-10-31 21:00:00+00:00,12.477,12.584,12.361,12.476,22250.0
2021-11-01 21:00:00+00:00,12.462,12.602,12.422,12.536,22714.0
2021-11-02 21:00:00+00:00,12.522,12.558,12.384,12.43,14795.0
2021-11-03 21:00:00+00:00,12.423,12.466,12.152,12.228,18872.0
2021-11-04 21:00:00+00:00,12.212,12.259,12.028,12.028,19712.0
2021-11-07 22:00:00+00:00,12.02,12.074,11.863,11.867,17847.0
2021-11-08 22:00:00+00:00,11.862,12.398,11.806,12.116,23274.0
2021-11-09 22:00:00+00:00,12.124,12.216,12.078,12.168,16341.0
2021-11-10 22:00:00+00:00,12.161,12.272,12.112,12.21,14075.0
2021-11-11 22:00:00+00:00,12.217,12.488,12.196,12.426,16191.0
2021-11-14 22:00:00+00:00,12.404,12.588,12.374,12.568,18165.0
2021-11-15 22:00:00+00:00,12.546,12.608,12.478,12.51,12676.0
2021-11-16 22:00:00+00:00,12.505,12.884,12.498,12.76,19669.0
2021-11-17 22:00:00+00:00,12.75,12.866,12.62,12.646,16866.0
2021-11-18 22:00:00+00:00,12.666,12.764,12.564,12.638,15074.0
2021-11-21 22:00:00+00:00,12.643,12.786,12.594,12.744,14629.0
2021-11-22 22:00:00+00:00,12.736,12.786,12.624,12.734,14470.0
2021-11-23 22:00:00+00:00,12.734,12.802,12.624,12.65,14969.0
2021-11-24 22:00:00+00:00,12.65,12.65,12.644,12.648,5.0
2021-11-25 22:00:00+00:00,12.466,12.534,12.398,12.526,10137.0
2021-11-28 22:00:00+00:00,12.592,12.678,12.402,12.416,14412.0
2021-11-29 22:00:00+00:00,12.416,12.441,12.138,12.196,21122.0
2021-11-30 22:00:00+00:00,12.222,12.362,12.158,12.278,17908.0
2021-12-01 22:00:00+00:00,12.289,12.486,12.206,12.442,17745.0
2021-12-02 22:00:00+00:00,12.446,12.692,12.446,12.686,15355.0
2021-12-05 22:00:00+00:00,12.73,12.732,12.54,12.614,11605.0
2021-12-06 22:00:00+00:00,12.617,12.677,12.426,12.516,16377.0
2021-12-07 22:00:00+00:00,12.508,12.634,12.378,12.6,17304.0
2021-12-08 22:00:00+00:00,12.578,12.666,12.466,12.646,18650.0
2021-12-09 22:00:00+00:00,12.635,12.758,12.588,12.678,16860.0
2021-12-12 22:00:00+00:00,12.694,12.704,12.43,12.44,16371.0
2021-12-13 22:00:00+00:00,12.454,12.664,12.372,12.604,17876.0
2021-12-14 22:00:00+00:00,12.598,12.658,12.506,12.603,18527.0
2021-12-15 22:00:00+00:00,12.612,12.802,12.606,12.768,15944.0
2021-12-16 22:00:00+00:00,12.75,12.97,12.746,12.844,21119.0
2021-12-19 22:00:00+00:00,12.901,12.958,12.782,12.926,20116.0
2021-12-20 22:00:00+00:00,12.924,13.132,12.862,13.062,20017.0
2021-12-21 22:00:00+00:00,13.049,13.328,13.047,13.286,19652.0
2021-12-22 22:00:00+00:00,13.26,13.362,13.22,13.36,16005.0
2021-12-26 22:00:00+00:00,13.41,13.666,13.366,13.652,18589.0
2021-12-27 22:00:00+00:00,13.63,13.784,13.584,13.614,18467.0
2021-12-28 22:00:00+00:00,13.609,13.664,13.494,13.628,18780.0
2021-12-29 22:00:00+00:00,13.604,13.64,13.29,13.324,17708.0
2021-12-30 22:00:00+00:00,13.34,13.43,13.311,13.338,13925.0
2022-01-02 22:00:00+00:00,13.446,13.63,13.368,13.508,18337.0
2022-01-03 22:00:00+00:00,13.514,13.866,13.511,13.852,19633.0
2022-01-04 22:00:00+00:00,13.818,13.934,13.76,13.88,17443.0
2022-01-05 22:00:00+00:00,13.851,13.882,13.648,13.82,19923.0
2022-01-06 22:00:00+00:00,13.836,14.098,13.71,14.032,23859.0
2022-01-09 22:00:00+00:00,13.976,14.046,13.743,13.782,21635.0
2022-01-10 22:00:00+00:00,13.818,13.9,13.678,13.808,18635.0
2022-01-11 22:00:00+00:00,13.799,13.959,13.62,13.942,23809.0
2022-01-12 22:00:00+00:00,13.923,13.928,13.662,13.722,18318.0
2022-01-13 22:00:00+00:00,13.716,13.75,13.592,13.656,16375.0
2022-01-17 22:00:00+00:00,13.566,13.646,13.454,13.575,17688.0
2022-01-18 22:00:00+00:00,13.594,13.882,13.594,13.874,18390.0
2022-01-19 22:00:00+00:00,13.835,14.25,13.834,14.2,25853.0
2022-01-20 22:00:00+00:00,14.138,14.218,14.01,14.118,21709.0
2022-01-23 22:00:00+00:00,14.136,14.196,13.786,13.986,23377.0
2022-01-24 22:00:00+00:00,13.99,14.1,13.897,14.026,21239.0
2022-01-25 22:00:00+00:00,13.998,14.396,13.9,14.339,25801.0
2022-01-26 22:00:00+00:00,14.29,14.526,14.248,14.418,24521.0
2022-01-27 22:00:00+00:00,14.41,14.75,14.378,14.676,27379.0
2022-01-30 22:00:00+00:00,14.709,14.931,14.706,14.872,23520.0
2022-01-31 22:00:00+00:00,14.864,15.354,14.816,15.264,30399.0
2022-02-01 22:00:00+00:00,15.23,15.6,15.228,15.426,37549.0
2022-02-02 22:00:00+00:00,15.403,15.564,15.268,15.373,23367.0
2022-02-03 22:00:00+00:00,15.402,15.568,15.288,15.519,19793.0
2022-02-06 22:00:00+00:00,15.69,15.862,15.62,15.814,21127.0
2022-02-07 22:00:00+00:00,15.82,15.83,15.564,15.657,21542.0
2022-02-08 22:00:00+00:00,15.666,15.964,15.635,15.91,28594.0
2022-02-09 22:00:00+00:00,15.898,16.302,15.63,15.706,41752.0
2022-02-10 22:00:00+00:00,15.706,15.92,15.608,15.825,32881.0
2022-02-13 22:00:00+00:00,15.86,15.968,15.492,15.688,27014.0
2022-02-14 22:00:00+00:00,15.678,15.743,15.4,15.488,24173.0
2022-02-15 22:00:00+00:00,15.505,15.874,15.454,15.843,20405.0
2022-02-16 22:00:00+00:00,15.818,16.035,15.739,15.89,22087.0
2022-02-17 22:00:00+00:00,15.876,16.05,15.842,15.966,19240.0
2022-02-21 22:00:00+00:00,16.085,16.352,15.98,16.35,28295.0
2022-02-22 22:00:00+00:00,16.306,16.692,16.304,16.642,34510.0
2022-02-23 22:00:00+00:00,16.646,17.533,16.428,16.486,71080.0
2022-02-24 22:00:00+00:00,16.497,16.642,15.738,15.768,51346.0
2022-02-27 22:00:00+00:00,16.292,16.496,16.081,16.336,43762.0
2022-02-28 22:00:00+00:00,16.404,16.922,16.396,16.829,34987.0
2022-03-01 22:00:00+00:00,16.892,16.916,16.453,16.603,53845.0
2022-03-02 22:00:00+00:00,16.684,16.936,16.604,16.656,37754.0
2022-03-03 22:00:00+00:00,16.706,16.832,16.298,16.522,41247.0
2022-03-06 22:00:00+00:00,16.843,16.918,16.498,16.566,32230.0
2022-03-07 22:00:00+00:00,16.574,17.014,16.45,16.847,46780.0
2022-03-08 22:00:00+00:00,16.864,17.29,16.65,16.692,41625.0
2022-03-09 22:00:00+00:00,16.7,16.972,16.57,16.806,32448.0
2022-03-10 22:00:00+00:00,16.825,16.911,16.608,16.744,30033.0
2022-03-13 21:00:00+00:00,16.888,16.934,16.63,16.69,29327.0
2022-03-14 21:00:00+00:00,16.674,16.69,16.34,16.528,24629.0
2022-03-15 21:00:00+00:00,16.551,16.772,16.41,16.452,19717.0
2022-03-16 21:00:00+00:00,16.474,16.732,16.431,16.65,24025.0
2022-03-17 21:00:00+00:00,16.649,16.848,16.475,16.62,22217.0
2022-03-20 21:00:00+00:00,16.701,17.06,16.628,16.884,26285.0
2022-03-21 21:00:00+00:00,16.906,17.168,16.822,16.934,29765.0
2022-03-22 21:00:00+00:00,16.904,17.326,16.878,17.172,26311.0
2022-03-23 21:00:00+00:00,17.172,17.26,16.94,16.972,27941.0
2022-03-24 21:00:00+00:00,16.99,17.108,16.812,17.06,26783.0
2022-03-27 21:00:00+00:00,17.014,17.066,16.578,16.578,26009.0
2022-03-28 21:00:00+00:00,16.585,16.696,16.191,16.398,34878.0
2022-03-29 21:00:00+00:00,16.426,16.804,16.354,16.62,30475.0
2022-03-30 21:00:00+00:00,16.651,16.768,16.106,16.144,41904.0
2022-03-31 21:00:00+00:00,16.186,16.24,15.788,15.788,27985.0
2022-04-03 21:00:00+00:00,15.809,16.032,15.742,16.0,17831.0
2022-04-04 21:00:00+00:00,16.032,16.326,16.019,16.274,19787.0
2022-04-05 21:00:00+00:00,16.268,16.402,16.122,16.158,20106.0
2022-04-06 21:00:00+00:00,16.163,16.5,16.128,16.45,19908.0
2022-04-07 21:00:00+00:00,16.45,16.874,16.436,16.86,24856.0
2022-04-10 21:00:00+00:00,16.882,16.951,16.492,16.552,22690.0
2022-04-11 21:00:00+00:00,16.584,16.804,16.546,16.708,19562.0
2022-04-12 21:00:00+00:00,16.705,16.771,16.527,16.745,30056.0
2022-04-13 21:00:00+00:00,16.739,16.885,16.652,16.735,26016.0
2022-04-17 21:00:00+00:00,16.819,17.088,16.777,17.027,26237.0
2022-04-18 21:00:00+00:00,16.996,17.147,16.908,17.004,26328.0
2022-04-19 21:00:00+00:00,17.003,17.307,16.97,17.255,25289.0
2022-04-20 21:00:00+00:00,17.247,17.348,17.135,17.28,24015.0
2022-04-21 21:00:00+00:00,17.284,17.398,16.845,16.96,33567.0
2022-04-24 21:00:00+00:00,16.97,17.038,16.645,16.82,29536.0
2022-04-25 21:00:00+00:00,16.836,17.047,16.698,16.789,27194.0
2022-04-26 21:00:00+00:00,16.8,17.058,16.735,17.019,25207.0
2022-04-27 21:00:00+00:00,17.009,17.078,16.889,16.924,22325.0
2022-04-28 21:00:00+00:00,16.943,17.124,16.87,16.93,23175.0
2022-05-01 21:00:00+00:00,16.908,16.963,16.423,16.535,24074.0
2022-05-02 21:00:00+00:00,16.577,16.698,16.362,16.375,20187.0
2022-05-03 21:00:00+00:00,16.405,16.514,16.29,16.474,19936.0
2022-05-04 21:00:00+00:00,16.516,16.742,16.47,16.54,20280.0
2022-05-05 21:00:00+00:00,16.55,16.551,16.248,16.314,18054.0
2022-05-08 21:00:00+00:00,16.286,16.324,15.844,15.929,23053.0
2022-05-09 21:00:00+00:00,15.922,16.114,15.87,15.996,20959.0
2022-05-10 21:00:00+00:00,15.998,16.211,15.938,16.122,19756.0
2022-05-11 21:00:00+00:00,16.143,16.335,15.964,16.198,30663.0
2022-05-12 21:00:00+00:00,16.232,16.578,16.216,16.535,23946.0
2022-05-15 21:00:00+00:00,16.656,16.738,16.561,16.621,22632.0
2022-05-16 21:00:00+00:00,16.594,16.9,16.511,16.839,23942.0
2022-05-17 21:00:00+00:00,16.833,16.923,16.625,16.702,27108.0
2022-05-18 21:00:00+00:00,16.72,17.026,16.665,16.965,25594.0
2022-05-19 21:00:00+00:00,16.962,17.163,16.887,17.115,23607.0
2022-05-22 21:00:00+00:00,17.141,17.253,16.904,16.921,24775.0
2022-05-23 21:00:00+00:00,16.926,17.018,16.787,16.975,25469.0
2022-05-24 21:00:00+00:00,16.993,17.028,16.706,16.85,26295.0
2022-05-25 21:00:00+00:00,16.819,17.417,16.724,17.309,29107.0
2022-05-26 21:00:00+00:00,17.286,17.494,17.241,17.376,23286.0
2022-05-30 21:00:00+00:00,17.406,17.54,16.783,16.905,32309.0
2022-05-31 21:00:00+00:00,16.924,17.108,16.797,16.941,33846.0
2022-06-01 21:00:00+00:00,16.941,17.452,16.857,17.342,27797.0
2022-06-02 21:00:00+00:00,17.317,17.348,16.983,17.033,22976.0
2022-06-05 21:00:00+00:00,17.136,17.214,16.941,17.042,21489.0
2022-06-06 21:00:00+00:00,17.006,17.366,16.959,17.346,26891.0
2022-06-07 21:00:00+00:00,17.338,17.615,17.306,17.444,29475.0
2022-06-08 21:00:00+00:00,17.456,17.875,17.321,17.733,38312.0
2022-06-09 21:00:00+00:00,17.727,17.79,17.462,17.51,34697.0
2022-06-12 21:00:00+00:00,17.558,17.602,17.053,17.116,36142.0
2022-06-13 21:00:00+00:00,17.102,17.315,17.001,17.018,29947.0
2022-06-14 21:00:00+00:00,17.005,17.076,16.853,16.967,15999.0
2022-06-15 21:00:00+00:00,17.01,17.182,16.935,17.132,13814.0
2022-06-16 21:00:00+00:00,17.193,17.272,17.032,17.054,14570.0
2022-06-20 21:00:00+00:00,16.945,17.042,16.782,16.846,15733.0
2022-06-21 21:00:00+00:00,16.862,16.866,16.498,16.566,17065.0
2022-06-22 21:00:00+00:00,16.552,16.556,15.922,15.951,20407.0
2022-06-23 21:00:00+00:00,15.888,16.223,15.854,16.105,16297.0
2022-06-26 21:00:00+00:00,16.01,16.378,15.944,16.337,18363.0
2022-06-27 21:00:00+00:00,16.368,16.7,16.35,16.691,15136.0
2022-06-28 21:00:00+00:00,16.65,16.883,16.546,16.869,14413.0
2022-06-29 21:00:00+00:00,16.857,17.147,16.633,16.732,18580.0
2022-06-30 21:00:00+00:00,16.754,16.836,16.097,16.14,17890.0
2022-07-04 21:00:00+00:00,15.871,15.872,15.219,15.335,16535.0
2022-07-05 21:00:00+00:00,15.363,15.507,15.112,15.37,21567.0
2022-07-06 21:00:00+00:00,15.373,15.856,15.359,15.709,19350.0
2022-07-07 21:00:00+00:00,15.788,16.025,15.59,16.018,18510.0
2022-07-10 21:00:00+00:00,16.209,16.357,15.956,15.974,18774.0
2022-07-11 21:00:00+00:00,16.008,16.127,15.331,15.395,22818.0
2022-07-12 21:00:00+00:00,15.388,15.706,15.155,15.539,24287.0
2022-07-13 21:00:00+00:00,15.603,15.752,15.269,15.421,23427.0
2022-07-14 21:00:00+00:00,15.488,15.586,15.229,15.374,17110.0
2022-07-17 21:00:00+00:00,15.38,15.747,15.264,15.571,15625.0
2022-07-18 21:00:00+00:00,15.578,15.592,15.129,15.36,17315.0
2022-07-19 21:00:00+00:00,15.326,15.335,14.994,15.068,14581.0
2022-07-20 21:00:00+00:00,15.042,15.109,14.63,14.709,16535.0
2022-07-21 21:00:00+00:00,14.706,14.937,14.566,14.81,18417.0
2022-07-24 21:00:00+00:00,14.914,15.163,14.76,15.128,16397.0
2022-07-25 21:00:00+00:00,15.26,15.777,15.243,15.714,17936.0
2022-07-26 21:00:00+00:00,15.754,16.223,15.721,16.196,20964.0
2022-07-27 21:00:00+00:00,16.206,16.496,16.17,16.434,16431.0
2022-07-28 21:00:00+00:00,16.439,17.06,16.396,16.788,20398.0
2022-07-31 21:00:00+00:00,16.757,16.822,15.868,16.016,22257.0
2022-08-01 21:00:00+00:00,15.902,16.024,15.675,15.694,20786.0
2022-08-02 21:00:00+00:00,15.666,15.918,15.445,15.618,18802.0
2022-08-03 21:00:00+00:00,15.616,16.252,15.482,16.216,18604.0
2022-08-04 21:00:00+00:00,16.198,16.366,15.96,16.176,20367.0
2022-08-07 21:00:00+00:00,16.058,16.237,15.945,16.11,18659.0
2022-08-08 21:00:00+00:00,16.206,16.628,16.19,16.578,16584.0
2022-08-09 21:00:00+00:00,16.595,16.997,16.38,16.409,19800.0
2022-08-10 21:00:00+00:00,16.392,16.739,16.246,16.566,17738.0
2022-08-11 21:00:00+00:00,16.534,16.692,16.11,16.64,22650.0
2022-08-14 21:00:00+00:00,16.424,16.524,15.782,16.092,18665.0
2022-08-15 21:00:00+00:00,16.042,16.096,15.523,15.643,17299.0
2022-08-16 21:00:00+00:00,15.623,15.855,15.623,15.822,18008.0
2022-08-17 21:00:00+00:00,15.814,16.042,15.704,15.992,18183.0
2022-08-18 21:00:00+00:00,15.981,16.021,15.748,15.905,15531.0
2022-08-21 21:00:00+00:00,15.702,16.245,15.682,16.151,19430.0
2022-08-22 21:00:00+00:00,16.189,16.698,16.168,16.582,20265.0
2022-08-23 21:00:00+00:00,16.54,16.821,16.366,16.485,19545.0
2022-08-24 21:00:00+00:00,16.49,16.578,16.136,16.15,17240.0
2022-08-25 21:00:00+00:00,16.132,16.509,16.13,16.509,17362.0
2022-08-28 21:00:00+00:00,16.385,16.401,16.079,16.164,17986.0
2022-08-29 21:00:00+00:00,16.15,16.158,15.791,16.084,17358.0
2022-08-30 21:00:00+00:00,16.028,16.142,15.856,15.931,19636.0
2022-08-31 21:00:00+00:00,15.906,16.027,15.538,15.586,19318.0
2022-09-01 21:00:00+00:00,15.558,15.87,15.55,15.844,15255.0
2022-09-05 21:00:00+00:00,15.733,15.799,15.446,15.543,15565.0
2022-09-06 21:00:00+00:00,15.477,15.86,15.293,15.295,17915.0
2022-09-07 21:00:00+00:00,15.292,15.469,15.186,15.358,15386.0
2022-09-08 21:00:00+00:00,15.357,15.632,15.333,15.605,12391.0
2022-09-11 21:00:00+00:00,15.53,16.378,15.43,16.334,15979.0
2022-09-12 21:00:00+00:00,16.338,16.561,16.197,16.212,16877.0
2022-09-13 21:00:00+00:00,16.207,16.33,15.929,15.978,16088.0
2022-09-14 21:00:00+00:00,15.963,16.073,15.804,15.882,17558.0
2022-09-15 21:00:00+00:00,15.846,15.912,15.67,15.804,17356.0
2022-09-18 21:00:00+00:00,15.75,15.954,15.647,15.893,15205.0
2022-09-19 21:00:00+00:00,15.9,16.133,15.764,16.042,17038.0
2022-09-20 21:00:00+00:00,16.043,16.153,15.827,15.844,20837.0
2022-09-21 21:00:00+00:00,15.772,15.988,15.704,15.755,19496.0
2022-09-22 21:00:00+00:00,15.721,15.755,15.361,15.412,16808.0
2022-09-25 21:00:00+00:00,15.344,15.435,15.157,15.193,21856.0
2022-09-26 21:00:00+00:00,15.18,15.446,15.119,15.131,17283.0
2022-09-27 21:00:00+00:00,15.127,15.172,14.926,15.136,20147.0
2022-09-28 21:00:00+00:00,15.123,15.254,15.051,15.112,19961.0
2022-09-29 21:00:00+00:00,15.102,15.251,14.583,14.606,22035.0
2022-10-02 21:00:00+00:00,14.543,14.664,14.5,14.648,14451.0
2022-10-03 21:00:00+00:00,14.616,14.834,14.599,14.705,11136.0
2022-10-04 21:00:00+00:00,14.688,14.716,14.469,14.561,11091.0
2022-10-05 21:00:00+00:00,14.546,14.609,14.316,14.412,10139.0
2022-10-06 21:00:00+00:00,14.4,14.539,14.301,14.455,10310.0
2022-10-09 21:00:00+00:00,14.423,14.74,14.42,14.475,14835.0
2022-10-10 21:00:00+00:00,14.455,14.573,14.368,14.461,15523.0
2022-10-11 21:00:00+00:00,14.423,14.825,14.381,14.657,18584.0
2022-10-12 21:00:00+00:00,14.63,14.75,14.466,14.624,16883.0
2022-10-13 21:00:00+00:00,14.609,14.775,14.482,14.492,15485.0
2022-10-16 21:00:00+00:00,14.412,14.544,14.365,14.429,13639.0
2022-10-17 21:00:00+00:00,14.409,14.474,14.202,14.272,14239.0
2022-10-18 21:00:00+00:00,14.279,14.342,14.111,14.272,14237.0
2022-10-19 21:00:00+00:00,14.248,14.495,14.235,14.442,15302.0
2022-10-20 21:00:00+00:00,14.426,14.493,14.26,14.437,16868.0
2022-10-23 21:00:00+00:00,14.365,14.382,14.118,14.164,16786.0
2022-10-24 21:00:00+00:00,14.152,14.282,14.086,14.242,13813.0
2022-10-25 21:00:00+00:00,14.225,14.38,14.192,14.224,14538.0
2022-10-26 21:00:00+00:00,14.226,14.337,14.178,14.236,13443.0
2022-10-27 21:00:00+00:00,14.215,14.305,14.089,14.281,12971.0
2022-10-30 21:00:00+00:00,14.455,14.52,14.252,14.464,15094.0
2022-10-31 21:00:00+00:00,14.448,14.768,14.421,14.742,15312.0
2022-11-01 21:00:00+00:00,14.728,14.858,14.584,14.822,14726.0
2022-11-02 21:00:00+00:00,14.807,14.809,14.549,14.639,13907.0
2022-11-03 21:00:00+00:00,14.653,14.925,14.583,14.896,15781.0
2022-11-06 22:00:00+00:00,14.784,14.949,14.726,14.749,13073.0
2022-11-07 22:00:00+00:00,14.774,14.792,14.658,14.717,11212.0
2022-11-08 22:00:00+00:00,14.696,14.826,14.58,14.764,15290.0
2022-11-09 22:00:00+00:00,14.781,14.836,14.447,14.461,14927.0
2022-11-10 22:00:00+00:00,14.495,14.83,14.495,14.752,15107.0
2022-11-13 22:00:00+00:00,14.744,14.786,14.57,14.654,12142.0
2022-11-14 22:00:00+00:00,14.639,14.87,14.549,14.797,14476.0
2022-11-15 22:00:00+00:00,14.725,14.764,14.452,14.524,11673.0
2022-11-16 22:00:00+00:00,14.53,14.535,14.279,14.398,12261.0
2022-11-17 22:00:00+00:00,14.428,14.517,14.331,14.483,12020.0
2022-11-20 22:00:00+00:00,14.462,14.577,14.375,14.565,12564.0
2022-11-21 22:00:00+00:00,14.556,14.631,14.476,14.518,10686.0
2022-11-22 22:00:00+00:00,14.532,14.601,14.414,14.56,12351.0
2022-11-24 22:00:00+00:00,14.538,14.665,14.506,14.524,4445.0
2022-11-27 22:00:00+00:00,14.466,14.792,14.414,14.736,12596.0
2022-11-28 22:00:00+00:00,14.676,14.856,14.665,14.755,12244.0
2022-11-29 22:00:00+00:00,14.754,14.955,14.743,14.868,12948.0
2022-11-30 22:00:00+00:00,14.821,14.865,14.414,14.478,11952.0
2022-12-01 22:00:00+00:00,14.496,14.59,14.414,14.56,12232.0
2022-12-04 22:00:00+00:00,14.586,14.659,14.5,14.543,11678.0
2022-12-05 22:00:00+00:00,14.537,14.871,14.527,14.706,13887.0
2022-12-06 22:00:00+00:00,14.718,14.921,14.701,14.878,14967.0
2022-12-07 22:00:00+00:00,14.847,15.064,14.822,15.008,12827.0
2022-12-08 22:00:00+00:00,14.984,15.064,14.911,14.954,13744.0
2022-12-11 22:00:00+00:00,14.935,14.935,14.703,14.73,12762.0
2022-12-12 22:00:00+00:00,14.746,14.998,14.732,14.926,17877.0
2022-12-13 22:00:00+00:00,14.905,14.982,14.8,14.934,14653.0
2022-12-14 22:00:00+00:00,14.91,14.967,14.789,14.829,14296.0
2022-12-15 22:00:00+00:00,14.849,14.969,14.767,14.904,13798.0
2022-12-18 22:00:00+00:00,14.775,14.858,14.7,14.714,13355.0
2022-12-19 22:00:00+00:00,14.729,14.948,14.693,14.864,13282.0
2022-12-20 22:00:00+00:00,14.857,14.974,14.857,14.912,12037.0
2022-12-21 22:00:00+00:00,14.908,14.948,14.748,14.793,9960.0
2022-12-22 22:00:00+00:00,14.793,14.958,14.775,14.924,9558.0
2022-12-26 22:00:00+00:00,15.066,15.292,14.917,14.942,7554.0
2022-12-27 22:00:00+00:00,14.978,15.24,14.973,15.232,10059.0
2022-12-28 22:00:00+00:00,15.174,15.309,15.156,15.226,9011.0
2022-12-29 22:00:00+00:00,15.217,15.439,15.211,15.306,10504.0
2023-01-02 22:00:00+00:00,15.286,15.35,14.961,15.006,7252.0
2023-01-03 22:00:00+00:00,15.037,15.122,14.867,14.907,11771.0
2023-01-04 22:00:00+00:00,14.926,14.957,14.708,14.802,9749.0
2023-01-05 22:00:00+00:00,14.8,15.037,14.773,14.978,10582.0
2023-01-08 22:00:00+00:00,15.03,15.072,14.923,14.951,9659.0
2023-01-09 22:00:00+00:00,14.927,15.058,14.795,14.912,10527.0
2023-01-10 22:00:00+00:00,14.907,15.051,14.874,14.99,9862.0
2023-01-11 22:00:00+00:00,15.0,15.322,14.995,15.247,13446.0
2023-01-12 22:00:00+00:00,15.23,15.384,15.187,15.348,10743.0
2023-01-16 22:00:00+00:00,15.244,15.458,15.176,15.452,10094.0
2023-01-17 22:00:00+00:00,15.413,15.533,15.161,15.293,11706.0
2023-01-18 22:00:00+00:00,15.263,15.333,15.138,15.199,10960.0
2023-01-19 22:00:00+00:00,15.191,15.264,15.087,15.129,9607.0
2023-01-22 22:00:00+00:00,15.025,15.071,14.84,14.957,7306.0
2023-01-23 22:00:00+00:00,14.957,15.106,14.913,14.934,8087.0
2023-01-24 22:00:00+00:00,14.933,15.086,14.823,15.075,8222.0
2023-01-25 22:00:00+00:00,15.098,15.302,15.042,15.277,9654.0
2023-01-26 22:00:00+00:00,15.263,15.309,15.103,15.151,8001.0
2023-01-29 22:00:00+00:00,15.228,15.416,15.219,15.384,9791.0
2023-01-30 22:00:00+00:00,15.341,15.472,15.283,15.413,11346.0
2023-01-31 22:00:00+00:00,15.412,15.462,15.144,15.237,9192.0
2023-02-01 22:00:00+00:00,15.282,15.411,15.272,15.377,10245.0
2023-02-02 22:00:00+00:00,15.358,15.433,15.284,15.36,12151.0
2023-02-05 22:00:00+00:00,15.342,15.386,15.2,15.24,11516.0
2023-02-06 22:00:00+00:00,15.233,15.334,15.141,15.189,10196.0
2023-02-07 22:00:00+00:00,15.195,15.306,15.089,15.22,11789.0
2023-02-08 22:00:00+00:00,15.214,15.365,15.15,15.216,11572.0
2023-02-09 22:00:00+00:00,15.198,15.459,15.184,15.457,12355.0
2023-02-12 22:00:00+00:00,15.44,15.579,15.396,15.454,10891.0
2023-02-13 22:00:00+00:00,15.449,15.472,15.353,15.386,11439.0
2023-02-14 22:00:00+00:00,15.384,15.389,15.197,15.281,10540.0
2023-02-15 22:00:00+00:00,15.278,15.353,15.234,15.304,9272.0
2023-02-16 22:00:00+00:00,15.306,15.364,15.283,15.308,8815.0
2023-02-20 22:00:00+00:00,15.405,15.535,15.393,15.525,8567.0
2023-02-21 22:00:00+00:00,15.511,15.587,15.42,15.452,8336.0
2023-02-22 22:00:00+00:00,15.434,15.486,15.35,15.364,8501.0
2023-02-23 22:00:00+00:00,15.374,15.449,15.259,15.28,8998.0
2023-02-26 22:00:00+00:00,15.277,15.33,15.166,15.212,6724.0
2023-02-27 22:00:00+00:00,15.207,15.213,14.858,14.872,7574.0
2023-02-28 22:00:00+00:00,14.889,15.061,14.88,15.015,8665.0
2023-03-01 22:00:00+00:00,15.006,15.225,14.974,15.163,8983.0
2023-03-02 22:00:00+00:00,15.174,15.326,15.152,15.269,6565.0
2023-03-05 22:00:00+00:00,15.276,15.46,15.184,15.36,7510.0
2023-03-06 22:00:00+00:00,15.354,15.384,15.207,15.237,7053.0
2023-03-07 22:00:00+00:00,15.208,15.411,15.184,15.251,8751.0
2023-03-08 22:00:00+00:00,15.251,15.361,15.126,15.204,8038.0
2023-03-09 22:00:00+00:00,15.207,15.227,15.051,15.137,7630.0
2023-03-12 21:00:00+00:00,15.23,15.23,14.977,14.979,10378.0
2023-03-13 21:00:00+00:00,14.979,15.032,14.906,15.011,8103.0
2023-03-14 21:00:00+00:00,15.016,15.063,14.864,14.942,8490.0
2023-03-15 21:00:00+00:00,14.966,15.042,14.843,14.971,9346.0
2023-03-16 21:00:00+00:00,15.006,15.041,14.762,14.819,6762.0
2023-03-19 21:00:00+00:00,14.799,14.934,14.679,14.901,9114.0
2023-03-20 21:00:00+00:00,14.899,15.026,14.708,14.73,7571.0
2023-03-21 21:00:00+00:00,14.747,14.777,14.488,14.537,9438.0
2023-03-22 21:00:00+00:00,14.552,14.595,14.206,14.233,10537.0
2023-03-23 21:00:00+00:00,14.23,14.371,14.104,14.348,12976.0
2023-03-26 21:00:00+00:00,14.354,14.505,14.283,14.46,9497.0
2023-03-27 21:00:00+00:00,14.46,14.745,14.444,14.716,8641.0
2023-03-28 21:00:00+00:00,14.704,14.845,14.671,14.804,7946.0
2023-03-29 21:00:00+00:00,14.816,14.879,14.756,14.791,7866.0
2023-03-30 21:00:00+00:00,14.762,15.174,14.734,15.096,12348.0
2023-04-02 21:00:00+00:00,15.17,15.32,15.155,15.247,9619.0
2023-04-03 21:00:00+00:00,15.248,15.282,15.098,15.231,7853.0
2023-04-04 21:00:00+00:00,15.228,15.31,15.107,15.133,8177.0
2023-04-05 21:00:00+00:00,15.137,15.144,14.87,14.974,7975.0
2023-04-09 21:00:00+00:00,14.943,15.034,14.861,14.921,7041.0
2023-04-10 21:00:00+00:00,14.912,15.108,14.897,15.01,9085.0
2023-04-11 21:00:00+00:00,15.0,15.139,14.944,15.084,8877.0
2023-04-12 21:00:00+00:00,15.075,15.254,15.035,15.06,7474.0
2023-04-13 21:00:00+00:00,15.043,15.068,14.929,15.018,8705.0
2023-04-16 21:00:00+00:00,15.021,15.2,14.992,15.171,7323.0
2023-04-17 21:00:00+00:00,15.162,15.34,15.14,15.222,7055.0
2023-04-18 21:00:00+00:00,15.21,15.254,15.094,15.107,6285.0
2023-04-19 21:00:00+00:00,15.071,15.084,14.919,14.996,6811.0
2023-04-20 21:00:00+00:00,14.995,15.005,14.745,14.79,7601.0
2023-04-23 21:00:00+00:00,14.803,14.921,14.634,14.634,8750.0
2023-04-24 21:00:00+00:00,14.627,14.687,14.396,14.47,8121.0
2023-04-25 21:00:00+00:00,14.458,14.567,14.4,14.441,7530.0
2023-04-26 21:00:00+00:00,14.415,14.448,14.292,14.33,7162.0
2023-04-27 21:00:00+00:00,14.342,14.508,14.235,14.471,8808.0
2023-04-30 21:00:00+00:00,14.461,14.557,14.393,14.535,5629.0
2023-05-01 21:00:00+00:00,14.54,14.662,14.338,14.348,8011.0
2023-05-02 21:00:00+00:00,14.369,14.443,14.175,14.423,8352.0
2023-05-03 21:00:00+00:00,14.405,14.486,14.302,14.417,10032.0
2023-05-04 21:00:00+00:00,14.418,14.636,14.411,14.622,7321.0
2023-05-07 21:00:00+00:00,14.615,14.709,14.543,14.587,7544.0
2023-05-08 21:00:00+00:00,14.555,14.566,14.339,14.382,7883.0
2023-05-09 21:00:00+00:00,14.372,14.416,14.254,14.266,8069.0
2023-05-10 21:00:00+00:00,14.254,14.362,14.075,14.291,8489.0
2023-05-11 21:00:00+00:00,14.269,14.39,14.107,14.107,11325.0
2023-05-14 21:00:00+00:00,14.098,14.326,14.074,14.213,9215.0
2023-05-15 21:00:00+00:00,14.207,14.224,13.788,13.842,9152.0
2023-05-16 21:00:00+00:00,13.855,13.855,13.524,13.529,11521.0
2023-05-17 21:00:00+00:00,13.53,13.669,13.422,13.52,11205.0
2023-05-18 21:00:00+00:00,13.523,13.637,13.233,13.233,12108.0
2023-05-21 21:00:00+00:00,13.247,13.618,13.222,13.587,12264.0
2023-05-22 21:00:00+00:00,13.573,13.585,13.328,13.392,9938.0
2023-05-23 21:00:00+00:00,13.401,13.546,13.329,13.408,8763.0
2023-05-24 21:00:00+00:00,13.413,13.5,13.213,13.43,10710.0
2023-05-25 21:00:00+00:00,13.402,13.594,13.384,13.531,9988.0
2023-05-29 21:00:00+00:00,13.515,13.518,13.088,13.097,10501.0
2023-05-30 21:00:00+00:00,13.129,13.168,12.847,13.139,12811.0
2023-05-31 21:00:00+00:00,13.142,13.494,13.137,13.41,10482.0
2023-06-01 21:00:00+00:00,13.418,13.695,13.361,13.655,10087.0
2023-06-04 21:00:00+00:00,13.698,13.746,13.567,13.618,11077.0
2023-06-05 21:00:00+00:00,13.65,13.767,13.532,13.656,12164.0
2023-06-06 21:00:00+00:00,13.665,13.831,13.624,13.722,11168.0
2023-06-07 21:00:00+00:00,13.699,13.839,13.64,13.742,11723.0
2023-06-08 21:00:00+00:00,13.714,14.0,13.682,13.991,12081.0
2023-06-11 21:00:00+00:00,14.025,14.033,13.794,13.846,12702.0
2023-06-12 21:00:00+00:00,13.84,14.262,13.823,14.099,12132.0
2023-06-13 21:00:00+00:00,14.081,14.091,13.902,13.999,11469.0
2023-06-14 21:00:00+00:00,14.011,14.421,13.978,14.378,13981.0
2023-06-15 21:00:00+00:00,14.37,14.782,14.368,14.76,17630.0
2023-06-19 21:00:00+00:00,14.839,14.982,14.684,14.873,17118.0
2023-06-20 21:00:00+00:00,14.98,15.297,14.875,15.275,14789.0
2023-06-21 21:00:00+00:00,15.215,15.278,14.766,15.094,15788.0
2023-06-22 21:00:00+00:00,15.012,15.094,14.778,14.925,14492.0
2023-06-25 21:00:00+00:00,14.921,15.316,14.846,15.266,12027.0
2023-06-26 21:00:00+00:00,15.3,15.303,15.023,15.039,13711.0
2023-06-27 21:00:00+00:00,15.0,15.115,14.562,14.694,14404.0
2023-06-28 21:00:00+00:00,14.646,14.752,14.593,14.688,12107.0
2023-06-29 21:00:00+00:00,14.697,15.61,14.686,15.484,17996.0
2023-07-02 21:00:00+00:00,15.452,16.094,15.439,15.708,15321.0
2023-07-04 21:00:00+00:00,15.712,15.92,15.502,15.597,10695.0
2023-07-05 21:00:00+00:00,15.597,15.744,15.342,15.428,13184.0
2023-07-06 21:00:00+00:00,15.385,15.431,15.137,15.172,11470.0
2023-07-09 21:00:00+00:00,15.189,15.49,15.105,15.364,12082.0
2023-07-10 21:00:00+00:00,15.408,15.646,15.38,15.528,11556.0
2023-07-11 21:00:00+00:00,15.545,15.702,15.168,15.214,14780.0
2023-07-12 21:00:00+00:00,15.196,15.622,15.179,15.617,13829.0
2023-07-13 21:00:00+00:00,15.595,15.746,15.451,15.572,17555.0
2023-07-16 21:00:00+00:00,15.624,15.664,15.45,15.488,14070.0
2023-07-17 21:00:00+00:00,15.43,15.667,15.404,15.572,12824.0
2023-07-18 21:00:00+00:00,15.542,15.821,15.472,15.515,18458.0
2023-07-19 21:00:00+00:00,15.514,15.629,15.407,15.543,17713.0
2023-07-20 21:00:00+00:00,15.541,15.619,15.436,15.576,15193.0
2023-07-23 21:00:00+00:00,15.606,15.903,15.516,15.744,16805.0
2023-07-24 21:00:00+00:00,15.719,15.794,15.532,15.689,15287.0
2023-07-25 21:00:00+00:00,15.659,15.904,15.571,15.899,12956.0
2023-07-26 21:00:00+00:00,15.866,16.076,15.65,15.669,15855.0
2023-07-27 21:00:00+00:00,15.655,15.66,15.349,15.431,13427.0
2023-07-30 21:00:00+00:00,15.274,15.282,14.6,14.681,14429.0
2023-07-31 21:00:00+00:00,14.702,14.857,14.632,14.857,13110.0
2023-08-01 21:00:00+00:00,14.872,14.989,14.559,14.702,14755.0
2023-08-02 21:00:00+00:00,14.716,14.908,14.693,14.739,11605.0
2023-08-03 21:00:00+00:00,14.728,14.892,14.678,14.749,11151.0
2023-08-06 21:00:00+00:00,14.636,14.65,14.179,14.299,11216.0
2023-08-07 21:00:00+00:00,14.274,14.359,14.069,14.327,11164.0
2023-08-08 21:00:00+00:00,14.352,14.475,14.299,14.335,10017.0
2023-08-09 21:00:00+00:00,14.31,14.46,14.221,14.254,10128.0
2023-08-10 21:00:00+00:00,14.245,14.426,13.974,14.072,12976.0
2023-08-13 21:00:00+00:00,14.124,14.232,14.032,14.17,11013.0
2023-08-14 21:00:00+00:00,14.088,14.142,13.813,13.846,12351.0
2023-08-15 21:00:00+00:00,13.836,14.057,13.826,13.978,11890.0
2023-08-16 21:00:00+00:00,13.969,14.075,13.917,13.959,11048.0
2023-08-17 21:00:00+00:00,13.973,14.205,13.97,14.191,9434.0
2023-08-20 21:00:00+00:00,14.296,14.455,14.187,14.24,10592.0
2023-08-21 21:00:00+00:00,14.256,14.369,14.006,14.055,10378.0
2023-08-22 21:00:00+00:00,14.081,14.259,13.932,14.228,9836.0
2023-08-23 21:00:00+00:00,14.228,14.343,14.173,14.338,10361.0
2023-08-24 21:00:00+00:00,14.324,14.522,14.293,14.479,9347.0
2023-08-27 21:00:00+00:00,14.607,14.698,14.543,14.656,9524.0
2023-08-28 21:00:00+00:00,14.53,14.639,14.505,14.51,8707.0
2023-08-29 21:00:00+00:00,14.48,14.59,14.378,14.436,9184.0
2023-08-30 21:00:00+00:00,14.441,14.492,14.232,14.237,9240.0
2023-08-31 21:00:00+00:00,14.246,14.408,14.212,14.237,8639.0
2023-09-04 21:00:00+00:00,14.212,14.295,14.097,14.194,8772.0
2023-09-05 21:00:00+00:00,14.305,14.366,14.218,14.266,7925.0
2023-09-06 21:00:00+00:00,14.28,14.292,14.072,14.106,6621.0
2023-09-07 21:00:00+00:00,14.108,14.145,14.019,14.135,7186.0
2023-09-10 21:00:00+00:00,14.111,14.208,14.111,14.179,6999.0
2023-09-11 21:00:00+00:00,14.162,14.198,13.867,13.905,9855.0
2023-09-12 21:00:00+00:00,13.897,13.965,13.788,13.964,7330.0
2023-09-13 21:00:00+00:00,13.994,14.095,13.908,14.063,6654.0
2023-09-14 21:00:00+00:00,14.072,14.125,13.821,13.823,6701.0
2023-09-17 21:00:00+00:00,13.832,13.866,13.562,13.562,7507.0
2023-09-18 21:00:00+00:00,13.547,13.598,13.48,13.552,6865.0
2023-09-19 21:00:00+00:00,13.558,13.621,13.492,13.591,6484.0
2023-09-20 21:00:00+00:00,13.586,13.61,13.308,13.316,6224.0
2023-09-21 21:00:00+00:00,13.308,13.403,13.3,13.324,6130.0
2023-09-24 21:00:00+00:00,13.304,13.349,13.194,13.343,5410.0
2023-09-25 21:00:00+00:00,13.361,13.426,13.234,13.383,6652.0
2023-09-26 21:00:00+00:00,13.38,13.511,13.317,13.371,5924.0
2023-09-27 21:00:00+00:00,13.36,13.406,13.198,13.353,6495.0
2023-09-28 21:00:00+00:00,13.335,13.38,13.047,13.073,8094.0
2023-10-01 21:00:00+00:00,13.024,13.089,12.953,13.064,6961.0
2023-10-02 21:00:00+00:00,13.072,13.079,12.85,13.031,6792.0
2023-10-03 21:00:00+00:00,13.013,13.133,12.968,13.001,6533.0
2023-10-04 21:00:00+00:00,12.983,13.11,12.894,13.068,6776.0
2023-10-05 21:00:00+00:00,13.066,13.145,12.898,12.9,6765.0
2023-10-08 21:00:00+00:00,12.928,13.027,12.827,12.882,7879.0
2023-10-09 21:00:00+00:00,12.86,12.969,12.782,12.962,7245.0
2023-10-10 21:00:00+00:00,12.947,12.978,12.739,12.759,6377.0
2023-10-11 21:00:00+00:00,12.742,13.227,12.736,13.108,10804.0
2023-10-12 21:00:00+00:00,13.094,13.207,12.955,13.035,7413.0
2023-10-15 21:00:00+00:00,13.018,13.093,12.992,13.067,6997.0
2023-10-16 21:00:00+00:00,13.071,13.227,13.058,13.169,6321.0
2023-10-17 21:00:00+00:00,13.177,13.317,13.12,13.316,8332.0
2023-10-18 21:00:00+00:00,13.294,13.361,13.183,13.353,9263.0
2023-10-19 21:00:00+00:00,13.344,13.364,13.184,13.199,9744.0
2023-10-22 21:00:00+00:00,13.173,13.196,13.008,13.017,7912.0
2023-10-23 21:00:00+00:00,13.01,13.132,12.955,13.085,9800.0
2023-10-24 21:00:00+00:00,13.084,13.164,12.938,13.034,8141.0
2023-10-25 21:00:00+00:00,13.026,13.146,12.942,12.958,8255.0
2023-10-26 21:00:00+00:00,12.95,13.212,12.948,13.141,7287.0
2023-10-29 21:00:00+00:00,13.168,13.275,13.02,13.04,6527.0
2023-10-30 21:00:00+00:00,13.043,13.178,12.964,13.074,6628.0
2023-10-31 21:00:00+00:00,13.099,13.156,13.011,13.136,6559.0
2023-11-01 21:00:00+00:00,13.134,13.262,13.132,13.252,5296.0
2023-11-02 21:00:00+00:00,13.244,13.511,13.228,13.51,6821.0
2023-11-05 22:00:00+00:00,13.524,13.66,13.494,13.592,7631.0
2023-11-06 22:00:00+00:00,13.592,13.764,13.534,13.596,7246.0
2023-11-07 22:00:00+00:00,13.578,13.81,13.578,13.636,8100.0
2023-11-08 22:00:00+00:00,13.636,13.696,13.328,13.424,9109.0
2023-11-09 22:00:00+00:00,13.424,13.464,13.336,13.453,6251.0
2023-11-12 22:00:00+00:00,13.506,13.828,13.472,13.823,6898.0
2023-11-13 22:00:00+00:00,13.798,13.882,13.658,13.88,8085.0
2023-11-14 22:00:00+00:00,13.852,13.952,13.77,13.827,7337.0
2023-11-15 22:00:00+00:00,13.828,13.846,13.511,13.566,7360.0
2023-11-16 22:00:00+00:00,13.577,13.584,13.338,13.406,6977.0
2023-11-19 22:00:00+00:00,13.346,13.652,13.245,13.638,8063.0
2023-11-20 22:00:00+00:00,13.62,13.864,13.618,13.73,8257.0
2023-11-21 22:00:00+00:00,13.736,13.757,13.518,13.56,7150.0
2023-11-23 22:00:00+00:00,13.498,13.524,13.272,13.275,3253.0
2023-11-26 22:00:00+00:00,13.264,13.366,13.216,13.27,7663.0
2023-11-27 22:00:00+00:00,13.292,13.476,13.274,13.447,6194.0
2023-11-28 22:00:00+00:00,13.457,13.496,13.348,13.448,7769.0
2023-11-29 22:00:00+00:00,13.448,13.492,13.372,13.412,6498.0
2023-11-30 22:00:00+00:00,13.401,13.411,13.216,13.22,7355.0
2023-12-03 22:00:00+00:00,13.175,13.272,13.018,13.054,8267.0
2023-12-04 22:00:00+00:00,13.061,13.133,12.922,13.066,8488.0
2023-12-05 22:00:00+00:00,13.086,13.116,12.92,12.944,7757.0
2023-12-06 22:00:00+00:00,12.93,13.164,12.9,13.09,8732.0
2023-12-07 22:00:00+00:00,13.125,13.288,12.974,13.054,8335.0
2023-12-10 22:00:00+00:00,13.106,13.346,13.056,13.342,7849.0
2023-12-11 22:00:00+00:00,13.356,13.396,13.186,13.222,8986.0
2023-12-12 22:00:00+00:00,13.202,13.21,13.022,13.084,8474.0
2023-12-13 22:00:00+00:00,13.115,13.182,13.037,13.152,8805.0
2023-12-14 22:00:00+00:00,13.156,13.184,13.018,13.136,7735.0
2023-12-17 22:00:00+00:00,13.147,13.22,13.043,13.22,8543.0
2023-12-18 22:00:00+00:00,13.202,13.218,13.022,13.044,6168.0
2023-12-19 22:00:00+00:00,13.046,13.104,12.936,12.99,6264.0
2023-12-20 22:00:00+00:00,12.98,12.984,12.82,12.833,5808.0
2023-12-21 22:00:00+00:00,12.812,12.93,12.808,12.886,5515.0
2023-12-25 22:00:00+00:00,12.894,13.031,12.862,13.012,3527.0
2023-12-26 22:00:00+00:00,13.0,13.061,12.928,13.041,4963.0
2023-12-27 22:00:00+00:00,13.034,13.11,12.93,12.956,4266.0
2023-12-28 22:00:00+00:00,12.957,13.004,12.81,12.814,4260.0
2024-01-01 22:00:00+00:00,12.82,12.82,12.528,12.59,3896.0
2024-01-02 22:00:00+00:00,12.589,12.654,12.516,12.628,5398.0
2024-01-03 22:00:00+00:00,12.619,12.66,12.51,12.529,4875.0
2024-01-04 22:00:00+00:00,12.519,12.572,12.414,12.434,4713.0
2024-01-07 22:00:00+00:00,12.446,12.473,12.23,12.322,5426.0
2024-01-08 22:00:00+00:00,12.327,12.385,12.214,12.344,5110.0
2024-01-09 22:00:00+00:00,12.366,12.368,12.228,12.23,5696.0
2024-01-10 22:00:00+00:00,12.239,12.368,12.221,12.241,5599.0
2024-01-11 22:00:00+00:00,12.252,12.344,11.912,12.149,9900.0
2024-01-15 22:00:00+00:00,12.142,12.264,12.096,12.164,9280.0
2024-01-16 22:00:00+00:00,12.17,12.194,11.942,11.946,8627.0
2024-01-17 22:00:00+00:00,11.948,12.05,11.906,12.022,10288.0
2024-01-18 22:00:00+00:00,12.038,12.16,12.002,12.028,7972.0
2024-01-21 22:00:00+00:00,12.066,12.154,11.997,12.136,6737.0
2024-01-22 22:00:00+00:00,12.128,12.304,12.116,12.294,5854.0
2024-01-23 22:00:00+00:00,12.292,12.358,12.256,12.296,6361.0
2024-01-24 22:00:00+00:00,12.308,12.376,12.062,12.13,7553.0
2024-01-25 22:00:00+00:00,12.128,12.212,11.994,11.994,5959.0
2024-01-28 22:00:00+00:00,12.014,12.038,11.83,11.85,7349.0
2024-01-29 22:00:00+00:00,11.852,12.122,11.793,12.12,6151.0
2024-01-30 22:00:00+00:00,12.092,12.146,11.984,12.139,6853.0
2024-01-31 22:00:00+00:00,12.12,12.13,11.917,11.954,8642.0
2024-02-01 22:00:00+00:00,11.954,12.002,11.788,11.802,8255.0
2024-02-04 22:00:00+00:00,11.806,11.91,11.724,11.904,11508.0
2024-02-05 22:00:00+00:00,11.888,11.982,11.868,11.93,10110.0
2024-02-06 22:00:00+00:00,11.926,11.946,11.726,11.83,8729.0
2024-02-07 22:00:00+00:00,11.828,11.98,11.74,11.884,9695.0
2024-02-08 22:00:00+00:00,11.9,11.911,11.752,11.78,6118.0
2024-02-11 22:00:00+00:00,11.774,11.908,11.766,11.866,5784.0
2024-02-12 22:00:00+00:00,11.85,11.918,11.776,11.812,6586.0
2024-02-13 22:00:00+00:00,11.796,11.842,11.63,11.638,6789.0
2024-02-14 22:00:00+00:00,11.628,11.692,11.55,11.568,7138.0
2024-02-15 22:00:00+00:00,11.594,11.682,11.566,11.678,7519.0
2024-02-19 22:00:00+00:00,11.766,11.83,11.682,11.744,9397.0
2024-02-20 22:00:00+00:00,11.736,11.74,11.534,11.558,7636.0
2024-02-21 22:00:00+00:00,11.58,11.63,11.434,11.446,7112.0
2024-02-22 22:00:00+00:00,11.452,11.5,11.302,11.344,6885.0
2024-02-25 22:00:00+00:00,11.378,11.428,11.258,11.356,7631.0
2024-02-26 22:00:00+00:00,11.384,11.534,11.308,11.354,6153.0
2024-02-27 22:00:00+00:00,11.396,11.436,11.264,11.388,6862.0
2024-02-28 22:00:00+00:00,11.362,11.41,11.208,11.32,6255.0
2024-02-29 22:00:00+00:00,11.306,11.446,11.299,11.43,5522.0
2024-03-03 22:00:00+00:00,11.468,11.584,11.438,11.472,6120.0
2024-03-04 22:00:00+00:00,11.478,11.514,11.396,11.414,6877.0
2024-03-05 22:00:00+00:00,11.423,11.461,11.334,11.42,5282.0
2024-03-06 22:00:00+00:00,11.424,11.598,11.4,11.592,4931.0
2024-03-07 22:00:00+00:00,11.568,11.776,11.471,11.772,8616.0
2024-03-10 21:00:00+00:00,11.81,11.822,11.684,11.732,6840.0
2024-03-11 21:00:00+00:00,11.73,11.896,11.692,11.872,6918.0
2024-03-12 21:00:00+00:00,11.856,11.928,11.764,11.894,7305.0
2024-03-13 21:00:00+00:00,11.89,12.11,11.852,11.887,7896.0
2024-03-14 21:00:00+00:00,11.882,11.933,11.772,11.924,7456.0
2024-03-17 21:00:00+00:00,11.964,12.0,11.808,11.824,7617.0
2024-03-18 21:00:00+00:00,11.815,11.862,11.754,11.798,6641.0
2024-03-19 21:00:00+00:00,11.804,12.054,11.778,12.046,6884.0
2024-03-20 21:00:00+00:00,12.04,12.205,11.984,12.062,8964.0
2024-03-21 21:00:00+00:00,12.039,12.046,11.838,11.864,6201.0
2024-03-24 21:00:00+00:00,11.89,12.044,11.832,12.024,6121.0
2024-03-25 21:00:00+00:00,12.018,12.028,11.928,11.932,5635.0
2024-03-26 21:00:00+00:00,11.906,11.928,11.846,11.872,4802.0
2024-03-27 21:00:00+00:00,11.868,11.938,11.722,11.872,10136.0
2024-03-31 21:00:00+00:00,11.904,11.97,11.77,11.814,7187.0
2024-04-01 21:00:00+00:00,11.808,11.952,11.668,11.714,6037.0
2024-04-02 21:00:00+00:00,11.701,11.826,11.646,11.784,6804.0
2024-04-03 21:00:00+00:00,11.804,11.822,11.662,11.765,5596.0
2024-04-04 21:00:00+00:00,11.756,11.864,11.69,11.816,5062.0
2024-04-07 21:00:00+00:00,11.84,11.896,11.768,11.776,6563.0
2024-04-08 21:00:00+00:00,11.753,11.806,11.684,11.716,6525.0
2024-04-09 21:00:00+00:00,11.72,11.77,11.596,11.604,5784.0
2024-04-10 21:00:00+00:00,11.612,11.626,11.478,11.564,7009.0
2024-04-11 21:00:00+00:00,11.547,11.762,11.51,11.696,9734.0
2024-04-14 21:00:00+00:00,11.72,11.722,11.536,11.566,8638.0
2024-04-15 21:00:00+00:00,11.556,11.614,11.428,11.447,8031.0
2024-04-16 21:00:00+00:00,11.455,11.542,11.418,11.488,5962.0
2024-04-17 21:00:00+00:00,11.472,11.496,11.33,11.332,6331.0
2024-04-18 21:00:00+00:00,11.335,11.53,11.312,11.512,7726.0
2024-04-21 21:00:00+00:00,11.526,11.676,11.454,11.622,5637.0
2024-04-22 21:00:00+00:00,11.619,11.7,11.588,11.668,6435.0
2024-04-23 21:00:00+00:00,11.672,11.774,11.652,11.672,5853.0
2024-04-24 21:00:00+00:00,11.652,11.694,11.53,11.654,6693.0
2024-04-25 21:00:00+00:00,11.659,11.668,11.586,11.632,5096.0
2024-04-28 21:00:00+00:00,11.636,11.77,11.616,11.688,5647.0
2024-04-29 21:00:00+00:00,11.658,11.701,11.46,11.502,7866.0
2024-04-30 21:00:00+00:00,11.462,11.586,11.436,11.57,4904.0
2024-05-01 21:00:00+00:00,11.604,11.89,11.602,11.872,6882.0
2024-05-02 21:00:00+00:00,11.862,12.034,11.857,12.03,9610.0
2024-05-05 21:00:00+00:00,12.046,12.384,11.946,12.342,7656.0
2024-05-06 21:00:00+00:00,12.366,12.44,12.28,12.33,9458.0
2024-05-07 21:00:00+00:00,12.3,12.356,12.136,12.166,6481.0
2024-05-08 21:00:00+00:00,12.15,12.246,11.946,11.982,6305.0
2024-05-09 21:00:00+00:00,12.0,12.108,11.932,12.074,8560.0
2024-05-12 21:00:00+00:00,12.022,12.17,12.002,12.078,7233.0
2024-05-13 21:00:00+00:00,12.1,12.114,11.93,12.038,8542.0
2024-05-14 21:00:00+00:00,12.046,12.212,11.99,12.034,8461.0
2024-05-15 21:00:00+00:00,12.036,12.094,11.996,12.058,6015.0
2024-05-16 21:00:00+00:00,12.074,12.21,12.051,12.168,6283.0
2024-05-19 21:00:00+00:00,12.176,12.408,12.14,12.372,4656.0
2024-05-20 21:00:00+00:00,12.374,12.384,12.206,12.262,6782.0
2024-05-21 21:00:00+00:00,12.262,12.4,12.244,12.378,6530.0
2024-05-22 21:00:00+00:00,12.367,12.486,12.268,12.3,6258.0
2024-05-23 21:00:00+00:00,12.296,12.416,12.268,12.396,6296.0
2024-05-27 21:00:00+00:00,12.45,12.458,12.18,12.218,7791.0
2024-05-28 21:00:00+00:00,12.214,12.214,12.046,12.048,6029.0
2024-05-29 21:00:00+00:00,12.024,12.12,11.998,12.021,6540.0
2024-05-30 21:00:00+00:00,12.042,12.159,11.95,11.972,6872.0
2024-06-02 21:00:00+00:00,11.946,11.983,11.756,11.774,5584.0
2024-06-03 21:00:00+00:00,11.766,11.826,11.696,11.728,5850.0
2024-06-04 21:00:00+00:00,11.75,11.85,11.689,11.694,7243.0
2024-06-05 21:00:00+00:00,11.726,11.978,11.718,11.936,5889.0
2024-06-06 21:00:00+00:00,11.948,11.96,11.682,11.722,5795.0
2024-06-09 21:00:00+00:00,11.726,11.848,11.703,11.824,5890.0
2024-06-10 21:00:00+00:00,11.826,11.872,11.716,11.716,8651.0
2024-06-11 21:00:00+00:00,11.722,11.811,11.658,11.724,8461.0
2024-06-12 21:00:00+00:00,11.736,11.86,11.66,11.832,8374.0
2024-06-13 21:00:00+00:00,11.824,11.836,11.732,11.74,5382.0
2024-06-16 21:00:00+00:00,11.71,11.744,11.532,11.542,5454.0
2024-06-17 21:00:00+00:00,11.564,11.714,11.523,11.684,5487.0
2024-06-19 21:00:00+00:00,11.674,11.715,11.51,11.524,3449.0
2024-06-20 21:00:00+00:00,11.542,11.65,11.528,11.57,5108.0
2024-06-23 21:00:00+00:00,11.568,11.763,11.534,11.714,6516.0
2024-06-24 21:00:00+00:00,11.711,11.767,11.546,11.592,8243.0
2024-06-25 21:00:00+00:00,11.608,11.746,11.586,11.587,7219.0
2024-06-26 21:00:00+00:00,11.584,11.67,11.486,11.496,6199.0
2024-06-27 21:00:00+00:00,11.508,11.676,11.423,11.471,10245.0
2024-06-30 21:00:00+00:00,11.43,11.58,11.419,11.566,9125.0
2024-07-01 21:00:00+00:00,11.57,11.727,11.568,11.605,7076.0
2024-07-02 21:00:00+00:00,11.632,11.734,11.569,11.69,6771.0
2024-07-04 21:00:00+00:00,11.65,11.798,11.605,11.77,5258.0
2024-07-07 21:00:00+00:00,11.691,11.7,11.514,11.583,6032.0
2024-07-08 21:00:00+00:00,11.59,11.622,11.373,11.393,7281.0
2024-07-09 21:00:00+00:00,11.391,11.462,11.209,11.212,7504.0
2024-07-10 21:00:00+00:00,11.217,11.331,11.164,11.266,8377.0
2024-07-11 21:00:00+00:00,11.211,11.274,11.104,11.116,9504.0
2024-07-14 21:00:00+00:00,11.021,11.079,10.834,10.834,7910.0
2024-07-15 21:00:00+00:00,10.854,11.034,10.836,10.983,7753.0
2024-07-16 21:00:00+00:00,11.004,11.092,10.997,11.053,6543.0
2024-07-17 21:00:00+00:00,11.042,11.074,10.955,11.056,7151.0
2024-07-18 21:00:00+00:00,11.04,11.142,11.013,11.023,6453.0
2024-07-21 21:00:00+00:00,11.118,11.252,11.107,11.248,6704.0
2024-07-22 21:00:00+00:00,11.25,11.343,11.164,11.218,8503.0
2024-07-23 21:00:00+00:00,11.198,11.285,11.099,11.157,7843.0
2024-07-24 21:00:00+00:00,11.156,11.252,11.084,11.202,7813.0
2024-07-25 21:00:00+00:00,11.198,11.223,10.841,10.847,7308.0
2024-07-28 21:00:00+00:00,10.755,10.777,10.499,10.735,12421.0
2024-07-29 21:00:00+00:00,10.734,10.734,10.494,10.506,9009.0
2024-07-30 21:00:00+00:00,10.528,10.612,10.449,10.529,5284.0
2024-07-31 21:00:00+00:00,10.556,10.559,10.423,10.449,5945.0
2024-08-01 21:00:00+00:00,10.453,10.616,10.445,10.577,5311.0
2024-08-04 21:00:00+00:00,10.609,10.71,10.438,10.71,8952.0
2024-08-05 21:00:00+00:00,10.696,10.696,10.494,10.555,7610.0
2024-08-06 21:00:00+00:00,10.557,10.571,10.419,10.474,4296.0
2024-08-07 21:00:00+00:00,10.464,10.536,10.345,10.346,5884.0
2024-08-08 21:00:00+00:00,10.374,10.427,10.282,10.285,4570.0
2024-08-11 21:00:00+00:00,10.278,10.286,10.01,10.132,7318.0
2024-08-12 21:00:00+00:00,10.122,10.139,9.853,9.857,6081.0
2024-08-13 21:00:00+00:00,9.87,9.985,9.798,9.937,5082.0
2024-08-14 21:00:00+00:00,9.963,10.03,9.919,9.924,4859.0
2024-08-15 21:00:00+00:00,9.944,9.944,9.789,9.799,4705.0
2024-08-18 21:00:00+00:00,9.857,10.006,9.823,9.995,4170.0
2024-08-19 21:00:00+00:00,10.007,10.083,9.93,10.0,5146.0
2024-08-20 21:00:00+00:00,10.005,10.075,9.971,10.051,3677.0
2024-08-21 21:00:00+00:00,10.034,10.048,9.826,9.836,4947.0
2024-08-22 21:00:00+00:00,9.843,9.967,9.843,9.956,4253.0
2024-08-25 21:00:00+00:00,9.847,10.035,9.822,10.027,5732.0
2024-08-26 21:00:00+00:00,10.019,10.13,9.984,10.088,5413.0
2024-08-27 21:00:00+00:00,10.075,10.08,9.939,9.978,4624.0
2024-08-28 21:00:00+00:00,9.973,10.134,9.962,10.126,5353.0
2024-08-29 21:00:00+00:00,10.128,10.287,10.103,10.2,6579.0
2024-09-02 21:00:00+00:00,10.194,10.447,10.15,10.332,9489.0
2024-09-03 21:00:00+00:00,10.313,10.428,10.205,10.413,6646.0
2024-09-04 21:00:00+00:00,10.405,10.441,10.296,10.441,5783.0
2024-09-05 21:00:00+00:00,10.422,10.507,10.226,10.234,7345.0
2024-09-08 21:00:00+00:00,10.23,10.387,10.209,10.371,6832.0
2024-09-09 21:00:00+00:00,10.352,10.37,10.136,10.144,5254.0
2024-09-10 21:00:00+00:00,10.159,10.257,10.131,10.184,5003.0
2024-09-11 21:00:00+00:00,10.179,10.345,10.146,10.296,7263.0
2024-09-12 21:00:00+00:00,10.295,10.383,10.194,10.237,6336.0
2024-09-15 21:00:00+00:00,10.236,10.283,10.155,10.203,4399.0
2024-09-16 21:00:00+00:00,10.2,10.27,10.181,10.234,3619.0
2024-09-17 21:00:00+00:00,10.241,10.381,10.218,10.306,5206.0
2024-09-18 21:00:00+00:00,10.334,10.338,10.225,10.289,6269.0
2024-09-19 21:00:00+00:00,10.283,10.343,10.165,10.289,4497.0
2024-09-22 21:00:00+00:00,10.284,10.565,10.282,10.541,5666.0
2024-09-23 21:00:00+00:00,10.51,10.732,10.476,10.577,5316.0
2024-09-24 21:00:00+00:00,10.54,10.688,10.455,10.678,6129.0
2024-09-25 21:00:00+00:00,10.654,10.789,10.539,10.54,7398.0
2024-09-26 21:00:00+00:00,10.507,10.834,10.479,10.796,7481.0
2024-09-29 21:00:00+00:00,10.693,10.828,10.652,10.698,9069.0
2024-09-30 21:00:00+00:00,10.657,10.784,10.578,10.688,7309.0
2024-10-01 21:00:00+00:00,10.672,10.764,10.547,10.677,6935.0
2024-10-02 21:00:00+00:00,10.654,10.68,10.536,10.586,5345.0
2024-10-03 21:00:00+00:00,10.565,10.671,10.481,10.487,5554.0
2024-10-06 21:00:00+00:00,10.417,10.495,10.374,10.453,4902.0
2024-10-07 21:00:00+00:00,10.427,10.5,10.218,10.266,7791.0
2024-10-08 21:00:00+00:00,10.248,10.376,10.213,10.309,7336.0
2024-10-09 21:00:00+00:00,10.314,10.356,10.215,10.238,6537.0
2024-10-10 21:00:00+00:00,10.257,10.331,10.134,10.144,8347.0
2024-10-13 21:00:00+00:00,10.1,10.169,10.041,10.045,6912.0
2024-10-14 21:00:00+00:00,10.032,10.032,9.891,10.007,6283.0
2024-10-15 21:00:00+00:00,10.024,10.093,9.86,9.866,6875.0
2024-10-16 21:00:00+00:00,9.875,9.986,9.757,9.976,6375.0
2024-10-17 21:00:00+00:00,9.994,10.028,9.764,9.769,7869.0
2024-10-20 21:00:00+00:00,9.782,9.9,9.766,9.865,6514.0
2024-10-21 21:00:00+00:00,9.872,10.031,9.83,9.985,5526.0
2024-10-22 21:00:00+00:00,9.995,10.056,9.91,10.03,5680.0
2024-10-23 21:00:00+00:00,10.043,10.179,10.042,10.067,5798.0
2024-10-24 21:00:00+00:00,10.055,10.072,9.954,9.989,5804.0
2024-10-27 21:00:00+00:00,9.916,9.964,9.869,9.881,5698.0
2024-10-28 21:00:00+00:00,9.884,9.924,9.799,9.806,5358.0
2024-10-29 21:00:00+00:00,9.802,9.939,9.786,9.936,5062.0
2024-10-30 21:00:00+00:00,9.927,10.004,9.896,9.976,4473.0
2024-10-31 21:00:00+00:00,9.976,10.097,9.901,9.968,5391.0
2024-11-03 22:00:00+00:00,9.993,10.093,9.954,9.985,5097.0
2024-11-04 22:00:00+00:00,9.978,10.073,9.975,10.04,5221.0
2024-11-05 22:00:00+00:00,10.011,10.088,9.832,10.059,8341.0
2024-11-06 22:00:00+00:00,10.085,10.288,10.017,10.275,6293.0
2024-11-07 22:00:00+00:00,10.265,10.45,10.187,10.323,9207.0
2024-11-10 22:00:00+00:00,10.342,10.432,10.209,10.234,5754.0
2024-11-11 22:00:00+00:00,10.264,10.287,10.049,10.134,4938.0
2024-11-12 22:00:00+00:00,10.118,10.137,10.029,10.084,5350.0
2024-11-13 22:00:00+00:00,10.09,10.144,9.876,9.892,4793.0
2024-11-14 22:00:00+00:00,9.919,10.064,9.881,9.994,6154.0
2024-11-17 22:00:00+00:00,10.033,10.123,9.905,10.114,5498.0
2024-11-18 22:00:00+00:00,10.123,10.126,9.96,9.995,6200.0
2024-11-19 22:00:00+00:00,10.013,10.023,9.86,9.918,5114.0
2024-11-20 22:00:00+00:00,9.928,9.998,9.772,9.817,5902.0
2024-11-21 22:00:00+00:00,9.835,9.86,9.762,9.847,6334.0
2024-11-24 22:00:00+00:00,9.882,9.939,9.839,9.869,6768.0
2024-11-25 22:00:00+00:00,9.847,9.919,9.774,9.845,6960.0
2024-11-26 22:00:00+00:00,9.849,9.952,9.843,9.899,7336.0
2024-11-28 22:00:00+00:00,9.936,9.965,9.836,9.914,3932.0
2024-12-01 22:00:00+00:00,9.911,9.911,9.783,9.861,6457.0
2024-12-02 22:00:00+00:00,9.876,9.996,9.843,9.926,6154.0
2024-12-03 22:00:00+00:00,9.91,9.91,9.813,9.845,4735.0
2024-12-04 22:00:00+00:00,9.845,9.953,9.83,9.945,5177.0
2024-12-05 22:00:00+00:00,9.925,9.98,9.885,9.95,5731.0
2024-12-08 22:00:00+00:00,9.927,10.041,9.865,9.905,6184.0
2024-12-09 22:00:00+00:00,9.904,10.003,9.894,9.954,6154.0
2024-12-10 22:00:00+00:00,9.964,10.016,9.884,9.978,5932.0
2024-12-11 22:00:00+00:00,9.96,10.0,9.914,9.976,7777.0
2024-12-12 22:00:00+00:00,9.962,9.962,9.88,9.908,5655.0
2024-12-15 22:00:00+00:00,9.905,9.946,9.804,9.815,6062.0
2024-12-16 22:00:00+00:00,9.834,9.854,9.672,9.742,6409.0
2024-12-17 22:00:00+00:00,9.732,9.742,9.476,9.484,7702.0
2024-12-18 22:00:00+00:00,9.5,9.64,9.428,9.614,8142.0
2024-12-19 22:00:00+00:00,9.601,9.776,9.59,9.75,5622.0
2024-12-22 22:00:00+00:00,9.778,9.796,9.684,9.71,6166.0
2024-12-23 22:00:00+00:00,9.712,9.772,9.674,9.757,3958.0
2024-12-25 22:00:00+00:00,9.806,9.936,9.77,9.932,3784.0
2024-12-26 22:00:00+00:00,9.92,9.936,9.844,9.868,4268.0
2024-12-29 22:00:00+00:00,9.904,9.996,9.83,9.886,4856.0
2024-12-30 22:00:00+00:00,9.872,10.076,9.866,10.066,4430.0
2025-01-01 22:00:00+00:00,10.05,10.118,9.998,10.082,3540.0
2025-01-02 22:00:00+00:00,10.068,10.114,9.844,9.876,5008.0
2025-01-05 22:00:00+00:00,9.946,10.06,9.918,9.93,4389.0
2025-01-06 22:00:00+00:00,9.91,9.948,9.819,9.936,5071.0
2025-01-07 22:00:00+00:00,9.934,9.974,9.884,9.904,4922.0
2025-01-08 22:00:00+00:00,9.888,9.964,9.822,9.934,3573.0
2025-01-09 22:00:00+00:00,9.984,10.3,9.956,10.232,10240.0
2025-01-12 22:00:00+00:00,10.224,10.498,10.224,10.484,7657.0
2025-01-13 22:00:00+00:00,10.444,10.604,10.398,10.426,6717.0
2025-01-14 22:00:00+00:00,10.42,10.506,10.364,10.392,5725.0
2025-01-15 22:00:00+00:00,10.354,10.375,10.154,10.174,5980.0
2025-01-16 22:00:00+00:00,10.172,10.358,10.161,10.32,6777.0
2025-01-20 22:00:00+00:00,10.412,10.647,10.362,10.646,7983.0
2025-01-21 22:00:00+00:00,10.576,10.704,10.49,10.543,8106.0
2025-01-22 22:00:00+00:00,10.522,10.732,10.45,10.61,6987.0
2025-01-23 22:00:00+00:00,10.468,10.6,10.446,10.514,7626.0
2025-01-26 22:00:00+00:00,10.424,10.482,10.374,10.432,5719.0
2025-01-27 22:00:00+00:00,10.416,10.479,10.386,10.434,5355.0
2025-01-28 22:00:00+00:00,10.446,10.592,10.436,10.574,5343.0
2025-01-29 22:00:00+00:00,10.566,10.566,10.394,10.422,4452.0
2025-01-30 22:00:00+00:00,10.402,10.494,10.318,10.424,8004.0
2025-02-02 22:00:00+00:00,10.348,10.578,10.296,10.542,11178.0
2025-02-03 22:00:00+00:00,10.52,10.75,10.462,10.732,8066.0
2025-02-04 22:00:00+00:00,10.724,10.774,10.51,10.558,7087.0
2025-02-05 22:00:00+00:00,10.55,10.642,10.476,10.596,7060.0
2025-02-06 22:00:00+00:00,10.574,10.616,10.456,10.464,6755.0
2025-02-09 22:00:00+00:00,10.429,10.504,10.418,10.47,5531.0
2025-02-10 22:00:00+00:00,10.46,10.552,10.406,10.432,7458.0
2025-02-11 22:00:00+00:00,10.427,10.461,10.25,10.286,7391.0
2025-02-12 22:00:00+00:00,10.301,10.328,10.244,10.297,6666.0
2025-02-13 22:00:00+00:00,10.298,10.454,10.294,10.364,6026.0
2025-02-17 22:00:00+00:00,10.308,10.418,10.264,10.384,6725.0
2025-02-18 22:00:00+00:00,10.382,10.476,10.3,10.328,6189.0
2025-02-19 22:00:00+00:00,10.334,10.474,10.322,10.456,5669.0
2025-02-20 22:00:00+00:00,10.454,10.51,10.392,10.416,5432.0
2025-02-23 22:00:00+00:00,10.41,10.46,10.306,10.33,4788.0
2025-02-24 22:00:00+00:00,10.336,10.384,10.226,10.338,5428.0
2025-02-25 22:00:00+00:00,10.332,10.352,10.234,10.274,5151.0
2025-02-26 22:00:00+00:00,10.27,10.366,10.21,10.242,5390.0
2025-02-27 22:00:00+00:00,10.254,10.314,10.112,10.118,5922.0
2025-03-02 22:00:00+00:00,10.157,10.174,9.95,9.972,6903.0
2025-03-03 22:00:00+00:00,9.984,9.992,9.784,9.886,12281.0
2025-03-04 22:00:00+00:00,9.964,10.008,9.834,9.99,9685.0
2025-03-05 22:00:00+00:00,10.029,10.234,10.01,10.152,8784.0
2025-03-06 22:00:00+00:00,10.146,10.19,10.082,10.126,6566.0
2025-03-09 21:00:00+00:00,10.174,10.2,10.004,10.018,5970.0
2025-03-10 21:00:00+00:00,9.986,10.096,9.978,9.99,6110.0
2025-03-11 21:00:00+00:00,10.016,10.02,9.828,9.904,5847.0
2025-03-12 21:00:00+00:00,9.92,10.064,9.882,9.978,5374.0
2025-03-13 21:00:00+00:00,9.964,10.066,9.942,10.058,4485.0
2025-03-16 21:00:00+00:00,10.082,10.11,9.996,10.042,5538.0
2025-03-17 21:00:00+00:00,10.051,10.11,10.01,10.022,4619.0
2025-03-18 21:00:00+00:00,10.022,10.058,9.964,9.984,5389.0
2025-03-19 21:00:00+00:00,10.02,10.042,9.94,10.032,4634.0
2025-03-20 21:00:00+00:00,10.048,10.068,9.946,9.998,3977.0
2025-03-23 21:00:00+00:00,10.012,10.02,9.94,9.976,4059.0
2025-03-24 21:00:00+00:00,9.976,9.984,9.894,9.936,4046.0
2025-03-25 21:00:00+00:00,9.948,9.996,9.886,9.924,3881.0
2025-03-26 21:00:00+00:00,9.934,10.088,9.91,10.07,4765.0
2025-03-27 21:00:00+00:00,10.066,10.146,10.008,10.136,3963.0
2025-03-30 21:00:00+00:00,10.128,10.232,10.05,10.062,7341.0
2025-03-31 21:00:00+00:00,10.058,10.264,10.026,10.252,5355.0
2025-04-01 21:00:00+00:00,10.225,10.25,10.168,10.22,5232.0
2025-04-02 21:00:00+00:00,10.058,10.126,9.978,10.046,8811.0
2025-04-03 21:00:00+00:00,10.042,10.052,9.63,9.7,12794.0
2025-04-06 21:00:00+00:00,9.67,9.868,9.631,9.776,17022.0
2025-04-07 21:00:00+00:00,9.796,9.958,9.794,9.858,10286.0
2025-04-08 21:00:00+00:00,9.844,10.092,9.812,10.068,15108.0
2025-04-09 21:00:00+00:00,10.129,10.232,10.044,10.216,10544.0
2025-04-10 21:00:00+00:00,10.196,10.382,10.154,10.37,10280.0
2025-04-13 21:00:00+00:00,10.362,10.436,10.312,10.348,6683.0
2025-04-14 21:00:00+00:00,10.336,10.346,10.246,10.308,4672.0
2025-04-15 21:00:00+00:00,10.293,10.42,10.226,10.35,5215.0
2025-04-16 21:00:00+00:00,10.346,10.416,10.284,10.33,4755.0
2025-04-20 21:00:00+00:00,10.384,10.404,10.27,10.272,4311.0
2025-04-21 21:00:00+00:00,10.286,10.376,10.27,10.32,4537.0
2025-04-22 21:00:00+00:00,10.39,10.436,10.316,10.378,6751.0
2025-04-23 21:00:00+00:00,10.352,10.496,10.346,10.488,4657.0
2025-04-24 21:00:00+00:00,10.483,10.538,10.432,10.456,4957.0
2025-04-27 21:00:00+00:00,10.42,10.508,10.386,10.484,4687.0
2025-04-28 21:00:00+00:00,10.476,10.502,10.332,10.398,6264.0
2025-04-29 21:00:00+00:00,10.406,10.416,10.262,10.312,5241.0
2025-04-30 21:00:00+00:00,10.32,10.42,10.246,10.384,4710.0
2025-05-01 21:00:00+00:00,10.402,10.496,10.384,10.456,4623.0
2025-05-04 21:00:00+00:00,10.42,10.449,10.328,10.352,4501.0
2025-05-05 21:00:00+00:00,10.344,10.352,10.252,10.292,4713.0
2025-05-06 21:00:00+00:00,10.354,10.444,10.272,10.278,5508.0
2025-05-07 21:00:00+00:00,10.285,10.366,10.254,10.338,4745.0
2025-05-08 21:00:00+00:00,10.336,10.468,10.296,10.408,4035.0
2025-05-11 21:00:00+00:00,10.514,10.634,10.42,10.604,8976.0
2025-05-12 21:00:00+00:00,10.58,10.654,10.43,10.641,5765.0
2025-05-13 21:00:00+00:00,10.644,10.712,10.615,10.662,5225.0
2025-05-14 21:00:00+00:00,10.567,10.601,10.364,10.436,6492.0
2025-05-15 21:00:00+00:00,10.402,10.496,10.376,10.404,8299.0
2025-05-18 21:00:00+00:00,10.414,10.464,10.366,10.42,6204.0
2025-05-19 21:00:00+00:00,10.408,10.474,10.37,10.448,6088.0
2025-05-20 21:00:00+00:00,10.464,10.582,10.452,10.528,5950.0
2025-05-21 21:00:00+00:00,10.448,10.616,10.432,10.584,7093.0
2025-05-22 21:00:00+00:00,10.618,10.632,10.468,10.516,5314.0
2025-05-26 21:00:00+00:00,10.528,10.594,10.51,10.54,6060.0
2025-05-27 21:00:00+00:00,10.542,10.562,10.398,10.406,3989.0
2025-05-28 21:00:00+00:00,10.446,10.458,10.324,10.432,4481.0
2025-05-29 21:00:00+00:00,10.384,10.43,10.33,10.352,5643.0
2025-06-01 21:00:00+00:00,10.334,10.356,10.254,10.278,4002.0
2025-06-02 21:00:00+00:00,10.289,10.37,10.258,10.338,5188.0
2025-06-03 21:00:00+00:00,10.338,10.46,10.312,10.381,3962.0
2025-06-04 21:00:00+00:00,10.386,10.5,10.334,10.442,5326.0
2025-06-05 21:00:00+00:00,10.468,10.54,10.408,10.512,4758.0
2025-06-08 21:00:00+00:00,10.496,10.556,10.478,10.5,4008.0
2025-06-09 21:00:00+00:00,10.52,10.582,10.506,10.522,4036.0
2025-06-10 21:00:00+00:00,10.528,10.57,10.436,10.442,4800.0
2025-06-11 21:00:00+00:00,10.404,10.5,10.335,10.374,6564.0
2025-06-12 21:00:00+00:00,10.372,10.656,10.354,10.636,8673.0
2025-06-15 21:00:00+00:00,10.728,10.744,10.596,10.652,8704.0
2025-06-16 21:00:00+00:00,10.62,10.708,10.59,10.7,6437.0
2025-06-17 21:00:00+00:00,10.67,10.754,10.65,10.69,6140.0
2025-06-19 21:00:00+00:00,10.692,10.758,10.63,10.634,6361.0
2025-06-22 21:00:00+00:00,10.67,10.674,10.526,10.55,7369.0
2025-06-23 21:00:00+00:00,10.508,10.586,10.43,10.436,6475.0
2025-06-24 21:00:00+00:00,10.455,10.514,10.2,10.214,6529.0
2025-06-25 21:00:00+00:00,10.259,10.262,10.152,10.198,7006.0
2025-06-26 21:00:00+00:00,10.215,10.328,10.174,10.262,7718.0
2025-06-29 21:00:00+00:00,10.295,10.372,10.166,10.23,10420.0
2025-06-30 21:00:00+00:00,10.207,10.246,10.1,10.23,6585.0
2025-07-01 21:00:00+00:00,10.236,10.474,10.23,10.46,6146.0
2025-07-02 21:00:00+00:00,10.461,10.578,10.441,10.479,7101.0
2025-07-06 21:00:00+00:00,10.352,10.365,10.23,10.247,6125.0
2025-07-07 21:00:00+00:00,10.225,10.264,10.148,10.152,5640.0
2025-07-08 21:00:00+00:00,10.156,10.192,10.026,10.032,5128.0
2025-07-09 21:00:00+00:00,10.008,10.085,9.964,10.074,5426.0
2025-07-10 21:00:00+00:00,10.074,10.112,9.946,9.996,7589.0
2025-07-13 21:00:00+00:00,9.936,10.051,9.898,9.959,5532.0
2025-07-14 21:00:00+00:00,9.95,9.98,9.888,9.908,5563.0
2025-07-15 21:00:00+00:00,9.934,10.102,9.924,10.084,5318.0
2025-07-16 21:00:00+00:00,10.086,10.183,10.052,10.176,5503.0
2025-07-17 21:00:00+00:00,10.191,10.331,10.16,10.236,6191.0
2025-07-20 21:00:00+00:00,10.194,10.212,10.079,10.116,4694.0
2025-07-21 21:00:00+00:00,10.124,10.139,10.016,10.08,5739.0
2025-07-22 21:00:00+00:00,10.096,10.16,10.014,10.025,6352.0
2025-07-23 21:00:00+00:00,10.042,10.078,9.958,10.022,4759.0
2025-07-24 21:00:00+00:00,10.032,10.05,9.936,9.961,3686.0
2025-07-27 21:00:00+00:00,9.91,9.936,9.842,9.86,5503.0
2025-07-28 21:00:00+00:00,9.858,9.882,9.751,9.786,4505.0
2025-07-29 21:00:00+00:00,9.774,9.827,9.664,9.668,3406.0
2025-07-30 21:00:00+00:00,9.68,9.714,9.592,9.614,3132.0
2025-07-31 21:00:00+00:00,9.63,9.66,9.58,9.6,3511.0
2025-08-03 21:00:00+00:00,9.64,9.689,9.588,9.67,3233.0
2025-08-04 21:00:00+00:00,9.662,9.746,9.622,9.632,3504.0
2025-08-05 21:00:00+00:00,9.628,9.68,9.548,9.586,2846.0
2025-08-06 21:00:00+00:00,9.591,9.678,9.566,9.676,3045.0
2025-08-07 21:00:00+00:00,9.694,9.712,9.598,9.606,2691.0
2025-08-10 21:00:00+00:00,9.616,9.886,9.59,9.844,5092.0
2025-08-11 21:00:00+00:00,9.824,10.084,9.688,10.058,7513.0
2025-08-12 21:00:00+00:00,10.045,10.204,10.044,10.16,4012.0
2025-08-13 21:00:00+00:00,10.168,10.228,10.022,10.046,3350.0
2025-08-14 21:00:00+00:00,10.074,10.178,10.012,10.174,3270.0
2025-08-17 21:00:00+00:00,10.144,10.226,10.098,10.158,2868.0
2025-08-18 21:00:00+00:00,10.172,10.209,10.06,10.09,3122.0
2025-08-19 21:00:00+00:00,10.104,10.16,10.072,10.112,3915.0
2025-08-20 21:00:00+00:00,10.124,10.322,10.082,10.3,4146.0
2025-08-21 21:00:00+00:00,10.3,10.384,10.278,10.338,5179.0
2025-08-24 21:00:00+00:00,10.352,10.382,10.23,10.25,3008.0
2025-08-25 21:00:00+00:00,10.23,10.326,10.188,10.264,3953.0
2025-08-26 21:00:00+00:00,10.272,10.308,10.218,10.256,3161.0
2025-08-27 21:00:00+00:00,10.26,10.267,10.178,10.258,2830.0
2025-08-28 21:00:00+00:00,10.274,10.328,10.201,10.308,2898.0
2025-09-01 21:00:00+00:00,10.265,10.318,10.159,10.2,3152.0
2025-09-02 21:00:00+00:00,10.26,10.266,10.106,10.112,2387.0
2025-09-03 21:00:00+00:00,10.106,10.142,10.018,10.136,2357.0
2025-09-04 21:00:00+00:00,10.143,10.174,10.066,10.07,2601.0
2025-09-07 21:00:00+00:00,10.088,10.16,10.05,10.15,2528.0
2025-09-08 21:00:00+00:00,10.167,10.172,10.108,10.124,3203.0
2025-09-09 21:00:00+00:00,10.13,10.135,10.06,10.066,2639.0
2025-09-10 21:00:00+00:00,10.06,10.176,10.048,10.154,2449.0
2025-09-11 21:00:00+00:00,10.16,10.308,10.103,10.272,4560.0
2025-09-14 21:00:00+00:00,10.264,10.34,10.228,10.258,3095.0
2025-09-15 21:00:00+00:00,10.256,10.354,10.251,10.326,2769.0
2025-09-16 21:00:00+00:00,10.33,10.358,10.256,10.274,2956.0
2025-09-17 21:00:00+00:00,10.268,10.268,10.19,10.226,2612.0
2025-09-18 21:00:00+00:00,10.238,10.316,10.086,10.102,3847.0
2025-09-21 21:00:00+00:00,10.06,10.096,9.918,9.972,2858.0
2025-09-22 21:00:00+00:00,9.944,10.012,9.908,9.978,2914.0
2025-09-23 21:00:00+00:00,9.936,10.06,9.92,9.946,2558.0
2025-09-24 21:00:00+00:00,9.938,10.028,9.928,9.984,2528.0
2025-09-25 21:00:00+00:00,9.98,10.018,9.952,10.006,2120.0
2025-09-28 21:00:00+00:00,9.97,10.008,9.934,9.966,2327.0
2025-09-29 21:00:00+00:00,9.957,9.968,9.884,9.886,2552.0
2025-09-30 21:00:00+00:00,9.872,10.074,9.818,10.028,3289.0
2025-10-01 21:00:00+00:00,10.004,10.134,9.966,10.104,2875.0
2025-10-02 21:00:00+00:00,10.09,10.168,10.052,10.052,2980.0
2025-10-05 21:00:00+00:00,10.038,10.122,10.038,10.068,2625.0
2025-10-06 21:00:00+00:00,10.062,10.148,10.056,10.11,3307.0
2025-10-07 21:00:00+00:00,10.112,10.196,10.096,10.192,2889.0
2025-10-08 21:00:00+00:00,10.182,10.196,10.11,10.116,3168.0
2025-10-09 21:00:00+00:00,10.11,10.146,9.93,9.97,4195.0
2025-10-12 21:00:00+00:00,9.976,10.042,9.964,9.996,3598.0
2025-10-13 21:00:00+00:00,9.984,10.01,9.926,9.976,3730.0
2025-10-14 21:00:00+00:00,9.98,10.036,9.938,9.986,3329.0
2025-10-15 21:00:00+00:00,9.986,10.114,9.986,10.034,3312.0
2025-10-16 21:00:00+00:00,10.034,10.136,10.03,10.134,3256.0
2025-10-19 21:00:00+00:00,10.132,10.26,10.131,10.25,3289.0
2025-10-20 21:00:00+00:00,10.238,10.31,10.21,10.23,4470.0
2025-10-21 21:00:00+00:00,10.217,10.294,10.199,10.252,5106.0
2025-10-22 21:00:00+00:00,10.256,10.372,10.248,10.362,3645.0
2025-10-23 21:00:00+00:00,10.364,10.383,10.342,10.356,2825.0
2025-10-26 21:00:00+00:00,10.49,10.656,10.462,10.603,4790.0
2025-10-27 21:00:00+00:00,10.6,10.834,10.6,10.7,6064.0
2025-10-28 21:00:00+00:00,10.666,10.74,10.616,10.694,4512.0
2025-10-29 21:00:00+00:00,10.68,10.904,10.478,10.824,18957.0
2025-10-30 21:00:00+00:00,10.82,10.922,10.778,10.91,5847.0
2025-11-02 22:00:00+00:00,10.954,11.126,10.92,11.11,5840.0
2025-11-03 22:00:00+00:00,11.108,11.118,10.902,10.984,5117.0
2025-11-04 22:00:00+00:00,10.962,11.146,10.944,11.122,5258.0
2025-11-05 22:00:00+00:00,11.088,11.1,10.82,10.862,6666.0
2025-11-06 22:00:00+00:00,10.878,10.966,10.866,10.954,6670.0
2025-11-09 22:00:00+00:00,11.007,11.11,10.99,11.072,4322.0
2025-11-10 22:00:00+00:00,11.071,11.1,10.99,11.06,3925.0
2025-11-11 22:00:00+00:00,11.06,11.142,11.02,11.136,4191.0
2025-11-12 22:00:00+00:00,11.124,11.302,11.098,11.256,6351.0
2025-11-13 22:00:00+00:00,11.243,11.321,11.03,11.036,8578.0
2025-11-16 22:00:00+00:00,10.98,11.412,10.962,11.384,5682.0
2025-11-17 22:00:00+00:00,11.388,11.504,11.296,11.326,7490.0
2025-11-18 22:00:00+00:00,11.323,11.33,11.174,11.176,5322.0
2025-11-19 22:00:00+00:00,11.168,11.248,11.042,11.054,4709.0
2025-11-20 22:00:00+00:00,11.068,11.102,10.964,11.082,4655.0
2025-11-23 22:00:00+00:00,11.094,11.146,11.0,11.06,4400.0
2025-11-24 22:00:00+00:00,11.072,11.127,11.016,11.086,3369.0
2025-11-25 22:00:00+00:00,11.09,11.194,11.072,11.168,2882.0
2025-11-27 22:00:00+00:00,11.17,11.236,11.164,11.217,1484.0
2025-11-30 22:00:00+00:00,11.273,11.273,11.132,11.134,3097.0
2025-12-01 22:00:00+00:00,11.134,11.218,11.1,11.108,3375.0
2025-12-02 22:00:00+00:00,11.116,11.17,11.024,11.026,2511.0
2025-12-03 22:00:00+00:00,11.034,11.114,11.012,11.066,2927.0
2025-12-04 22:00:00+00:00,11.071,11.076,10.922,10.932,2524.0
2025-12-07 22:00:00+00:00,10.919,10.956,10.81,10.824,3789.0
2025-12-08 22:00:00+00:00,10.826,10.828,10.736,10.774,4424.0
2025-12-09 22:00:00+00:00,10.754,10.824,10.709,10.809,3271.0
2025-12-10 22:00:00+00:00,10.826,10.852,10.76,10.832,3253.0
2025-12-11 22:00:00+00:00,10.823,10.843,10.662,10.662,2819.0
2025-12-14 22:00:00+00:00,10.652,10.708,10.581,10.634,2700.0
2025-12-15 22:00:00+00:00,10.624,10.672,10.51,10.542,3434.0
2025-12-16 22:00:00+00:00,10.56,10.588,10.453,10.499,3410.0
2025-12-17 22:00:00+00:00,10.516,10.523,10.421,10.422,3494.0
2025-12-18 22:00:00+00:00,10.422,10.454,10.386,10.414,2992.0
2025-12-21 22:00:00+00:00,10.419,10.486,10.418,10.458,2955.0
2025-12-22 22:00:00+00:00,10.461,10.516,10.448,10.453,2299.0
2025-12-23 22:00:00+00:00,10.46,10.597,10.46,10.586,1563.0
2025-12-25 22:00:00+00:00,10.638,10.645,10.533,10.544,1312.0
2025-12-28 22:00:00+00:00,10.566,10.604,10.466,10.471,1910.0
2025-12-29 22:00:00+00:00,10.474,10.512,10.448,10.449,1777.0
2025-12-30 22:00:00+00:00,10.454,10.476,10.313,10.318,1491.0
2026-01-01 22:00:00+00:00,10.28,10.31,10.228,10.307,1456.0
2026-01-04 22:00:00+00:00,10.307,10.482,10.307,10.47,2491.0
2026-01-05 22:00:00+00:00,10.477,10.538,10.41,10.425,1871.0
2026-01-06 22:00:00+00:00,10.44,10.558,10.43,10.516,2754.0
2026-01-07 22:00:00+00:00,10.514,10.532,10.464,10.469,2356.0
2026-01-08 22:00:00+00:00,10.48,10.546,10.476,10.494,1890.0
2026-01-11 22:00:00+00:00,10.508,10.576,10.302,10.369,4458.0
2026-01-12 22:00:00+00:00,10.355,10.386,10.25,10.263,3277.0
2026-01-13 22:00:00+00:00,10.278,10.363,10.27,10.296,2867.0
2026-01-14 22:00:00+00:00,10.308,10.454,10.288,10.402,3423.0
2026-01-15 22:00:00+00:00,10.4,10.464,10.357,10.44,2401.0
2026-01-19 22:00:00+00:00,10.439,10.5,10.407,10.416,3201.0
2026-01-20 22:00:00+00:00,10.432,10.577,10.43,10.534,2978.0
2026-01-21 22:00:00+00:00,10.539,10.61,10.495,10.525,2815.0
2026-01-22 22:00:00+00:00,10.53,10.606,10.506,10.57,2763.0
2026-01-25 22:00:00+00:00,10.591,10.656,10.496,10.499,2844.0
2026-01-26 22:00:00+00:00,10.508,10.595,10.485,10.564,2502.0
2026-01-27 22:00:00+00:00,10.574,10.746,10.574,10.65,3598.0
2026-01-28 22:00:00+00:00,10.669,10.757,10.595,10.62,3937.0
2026-01-29 22:00:00+00:00,10.635,10.635,10.519,10.546,3453.0
2026-02-01 22:00:00+00:00,10.513,10.536,10.432,10.515,3803.0
2026-02-02 22:00:00+00:00,10.545,10.624,10.52,10.578,3782.0
2026-02-03 22:00:00+00:00,10.592,11.068,10.514,10.837,13886.0
2026-02-04 22:00:00+00:00,10.85,11.048,10.787,11.023,7699.0
2026-02-05 22:00:00+00:00,10.955,11.293,10.942,11.07,8972.0
2026-02-08 22:00:00+00:00,11.024,11.085,10.987,11.024,4802.0
2026-02-09 22:00:00+00:00,11.038,11.166,10.992,11.159,5315.0
2026-02-10 22:00:00+00:00,11.162,11.211,11.061,11.166,4620.0
2026-02-11 22:00:00+00:00,11.231,11.344,11.227,11.303,6502.0
2026-02-12 22:00:00+00:00,11.29,11.328,11.154,11.271,5773.0
2026-02-16 22:00:00+00:00,11.228,11.333,11.198,11.296,5188.0
2026-02-17 22:00:00+00:00,11.329,11.386,11.232,11.281,4592.0
2026-02-18 22:00:00+00:00,11.263,11.37,11.257,11.36,4486.0
2026-02-19 22:00:00+00:00,11.37,11.43,11.174,11.34,9386.0
2026-02-22 22:00:00+00:00,11.276,11.458,11.24,11.308,4786.0
2026-02-23 22:00:00+00:00,11.328,11.389,11.25,11.362,4592.0
2026-02-24 22:00:00+00:00,11.39,11.472,11.3,11.462,4983.0
2026-02-25 22:00:00+00:00,11.468,11.54,11.275,11.446,7831.0
2026-02-26 22:00:00+00:00,11.434,11.564,11.425,11.522,4669.0
2026-03-01 22:00:00+00:00,11.619,11.624,11.402,11.448,9421.0
2026-03-02 22:00:00+00:00,11.473,11.655,11.435,11.539,9717.0
2026-03-03 22:00:00+00:00,11.529,11.584,11.483,11.5,8832.0
2026-03-04 22:00:00+00:00,11.513,11.64,11.5,11.623,7678.0
2026-03-05 22:00:00+00:00,11.637,11.857,11.603,11.854,11191.0
2026-03-08 21:00:00+00:00,12.073,12.166,11.77,11.795,27874.0
2026-03-09 21:00:00+00:00,11.696,11.91,11.688,11.87,17676.0
2026-03-10 21:00:00+00:00,11.955,12.115,11.874,11.977,13014.0
2026-03-11 21:00:00+00:00,12.017,12.226,12.003,12.098,12764.0
2026-03-12 21:00:00+00:00,12.098,12.13,11.941,12.094,8784.0
2026-03-15 21:00:00+00:00,11.9,11.946,11.414,11.414,10303.0
2026-03-16 21:00:00+00:00,11.364,11.566,11.338,11.432,12115.0
2026-03-17 21:00:00+00:00,11.449,11.515,11.347,11.496,7101.0
2026-03-18 21:00:00+00:00,11.517,11.6,11.434,11.55,10869.0
2026-03-19 21:00:00+00:00,11.54,11.628,11.466,11.478,7959.0
2026-03-22 21:00:00+00:00,11.432,11.588,11.402,11.522,16864.0
2026-03-23 21:00:00+00:00,11.537,11.546,11.418,11.42,8445.0
2026-03-24 21:00:00+00:00,11.41,11.646,11.401,11.604,9339.0
2026-03-25 21:00:00+00:00,11.624,11.676,11.554,11.599,7290.0
2026-03-26 21:00:00+00:00,11.602,11.67,11.444,11.48,10705.0
2026-03-29 21:00:00+00:00,11.502,11.59,11.48,11.482,8831.0
2026-03-30 21:00:00+00:00,11.505,11.67,11.457,11.616,12336.0
2026-03-31 21:00:00+00:00,11.631,11.642,11.43,11.574,7518.0
2026-04-01 21:00:00+00:00,11.556,11.64,11.522,11.524,6886.0
2026-04-05 21:00:00+00:00,11.538,11.605,11.499,11.561,6148.0
2026-04-06 21:00:00+00:00,11.575,11.616,11.466,11.489,7389.0
2026-04-07 21:00:00+00:00,11.389,11.544,11.35,11.534,9164.0
2026-04-08 21:00:00+00:00,11.533,11.622,11.522,11.56,6923.0
2026-04-09 21:00:00+00:00,11.576,11.71,11.566,11.665,6435.0
2026-04-12 21:00:00+00:00,11.706,11.76,11.53,11.53,7641.0
2026-04-13 21:00:00+00:00,11.526,11.612,11.491,11.504,6941.0
2026-04-14 21:00:00+00:00,11.508,11.641,11.506,11.59,5794.0
2026-04-15 21:00:00+00:00,11.578,11.632,11.558,11.562,6234.0
2026-04-16 21:00:00+00:00,11.558,11.61,11.453,11.607,6481.0
2026-04-19 21:00:00+00:00,11.64,11.658,11.554,11.595,7012.0
2026-04-20 21:00:00+00:00,11.606,11.728,11.6,11.684,4847.0
2026-04-21 21:00:00+00:00,11.695,11.795,11.571,11.578,6599.0
2026-04-22 21:00:00+00:00,11.6,11.625,11.519,11.539,7245.0
2026-04-23 21:00:00+00:00,11.549,11.585,11.508,11.568,6302.0
2026-04-26 21:00:00+00:00,11.597,11.742,11.594,11.716,4587.0
2026-04-27 21:00:00+00:00,11.712,11.726,11.628,11.703,6069.0
2026-04-28 21:00:00+00:00,11.719,11.782,11.702,11.782,5717.0
2026-04-29 21:00:00+00:00,11.766,11.865,11.703,11.76,7035.0
2026-04-30 21:00:00+00:00,11.778,11.856,11.762,11.828,5701.0
2026-05-03 21:00:00+00:00,11.852,12.073,11.838,12.039,8041.0
2026-05-04 21:00:00+00:00,12.028,12.072,11.92,11.924,6086.0
2026-05-05 21:00:00+00:00,11.926,11.964,11.724,11.764,11890.0
2026-05-06 21:00:00+00:00,11.748,11.792,11.653,11.74,9857.0
2026-05-07 21:00:00+00:00,11.773,11.924,11.72,11.894,7836.0
2026-05-10 21:00:00+00:00,11.937,12.057,11.93,11.952,6757.0
2026-05-11 21:00:00+00:00,11.955,12.156,11.95,12.085,9758.0
2026-05-12 21:00:00+00:00,12.105,12.184,12.057,12.11,6984.0
2026-05-13 21:00:00+00:00,12.096,12.11,11.665,11.782,14261.0
2026-05-14 21:00:00+00:00,11.785,11.862,11.572,11.616,10201.0
2026-05-17 21:00:00+00:00,11.794,12.036,11.763,11.972,10447.0
2026-05-18 21:00:00+00:00,11.99,12.058,11.935,11.952,6540.0
2026-05-19 21:00:00+00:00,11.948,11.971,11.82,11.854,9182.0
2026-05-20 21:00:00+00:00,11.855,11.898,11.772,11.796,7491.0
2026-05-21 21:00:00+00:00,11.798,11.879,11.767,11.83,5745.0
2026-05-25 21:00:00+00:00,11.77,11.808,11.721,11.734,7039.0
2026-05-26 21:00:00+00:00,11.744,11.788,11.675,11.726,5706.0
2026-05-27 21:00:00+00:00,11.752,11.838,11.749,11.83,6266.0
2026-05-28 21:00:00+00:00,11.836,11.888,11.714,11.753,6323.0
2026-05-31 21:00:00+00:00,11.755,11.83,11.668,11.702,5750.0
2026-06-01 21:00:00+00:00,11.696,11.696,11.527,11.541,5698.0
2026-06-02 21:00:00+00:00,11.563,11.622,11.426,11.435,5589.0
2026-06-03 21:00:00+00:00,11.438,11.45,11.11,11.186,6641.0
2026-06-04 21:00:00+00:00,11.202,11.225,11.083,11.12,9357.0
2026-06-07 21:00:00+00:00,11.146,11.147,11.029,11.08,9853.0
2026-06-08 21:00:00+00:00,11.066,11.102,11.02,11.053,9113.0
2026-06-09 21:00:00+00:00,11.068,11.214,11.056,11.156,6485.0
2026-06-10 21:00:00+00:00,11.151,11.168,11.004,11.074,8566.0
2026-06-11 21:00:00+00:00,11.068,11.119,11.014,11.06,8232.0
2026-06-14 21:00:00+00:00,11.011,11.127,10.962,11.124,10314.0
2026-06-15 21:00:00+00:00,11.127,11.316,11.009,11.205,11377.0
2026-06-16 21:00:00+00:00,11.2,11.328,11.2,11.25,6547.0
2026-06-17 21:00:00+00:00,11.24,11.272,11.131,11.166,6445.0
2026-06-21 21:00:00+00:00,11.21,11.249,11.16,11.167,7036.0
2026-06-22 21:00:00+00:00,11.193,11.252,11.154,11.174,5338.0
2026-06-23 21:00:00+00:00,11.178,11.215,11.094,11.096,5552.0
2026-06-24 21:00:00+00:00,11.113,11.36,11.064,11.332,6425.0
2026-06-25 21:00:00+00:00,11.315,11.348,11.24,11.307,5147.0
2026-06-28 21:00:00+00:00,11.278,11.295,11.14,11.145,4873.0
2026-06-29 21:00:00+00:00,11.148,11.333,11.022,11.198,9637.0
2026-06-30 21:00:00+00:00,11.208,11.378,11.164,11.264,6615.0
2026-07-01 21:00:00+00:00,11.258,11.348,11.243,11.243,4507.0
2026-07-05 21:00:00+00:00,11.352,11.738,11.347,11.686,6535.0
2026-07-06 21:00:00+00:00,11.692,11.757,11.643,11.737,6530.0
2026-07-07 21:00:00+00:00,11.73,11.808,11.66,11.66,7300.0
2026-07-08 21:00:00+00:00,11.678,11.718,11.56,11.579,7023.0
2026-07-09 21:00:00+00:00,11.599,11.763,11.508,11.679,8145.0
2026-07-12 21:00:00+00:00,11.845,11.849,11.693,11.716,6627.0
2026-07-13 21:00:00+00:00,11.693,11.722,11.641,11.691,6463.0
2026-07-14 21:00:00+00:00,11.706,11.815,11.643,11.798,6831.0
