datetime,open,high,low,close,volume
2006-04-24 21:00:00+00:00,1710.3,1714.2,1694.8,1704.0,5747.0
2006-04-25 21:00:00+00:00,1703.8,1711.2,1696.3,1701.8,5091.0
2006-04-26 21:00:00+00:00,1701.8,1728.8,1688.0,1711.9,8652.0
2006-04-27 21:00:00+00:00,1712.2,1717.5,1699.4,1705.4,5607.0
2006-04-30 21:00:00+00:00,1705.3,1710.7,1680.6,1685.8,5282.0
2006-05-01 21:00:00+00:00,1685.8,1697.7,1684.6,1689.5,5006.0
2006-05-02 21:00:00+00:00,1689.5,1693.9,1679.3,1684.3,5392.0
2006-05-03 21:00:00+00:00,1684.5,1708.3,1684.1,1700.9,5219.0
2006-05-04 21:00:00+00:00,1701.1,1717.2,1701.1,1712.0,5250.0
2006-05-07 21:00:00+00:00,1712.7,1720.3,1712.0,1713.6,3625.0
2006-05-08 21:00:00+00:00,1713.4,1716.8,1708.3,1713.6,3358.0
2006-05-09 21:00:00+00:00,1713.8,1714.1,1690.8,1694.1,5245.0
2006-05-10 21:00:00+00:00,1693.8,1699.2,1653.2,1658.2,7983.0
2006-05-11 21:00:00+00:00,1658.2,1660.3,1634.5,1635.0,8263.0
2006-05-14 21:00:00+00:00,1632.9,1641.7,1614.7,1630.6,8398.0
2006-05-15 21:00:00+00:00,1630.3,1638.2,1618.3,1622.3,7598.0
2006-05-16 21:00:00+00:00,1622.5,1629.1,1595.5,1599.6,10067.0
2006-05-17 21:00:00+00:00,1599.8,1612.9,1586.8,1590.3,7657.0
2006-05-18 21:00:00+00:00,1590.5,1605.6,1576.2,1600.7,9695.0
2006-05-21 21:00:00+00:00,1601.6,1605.8,1571.6,1584.0,9623.0
2006-05-22 21:00:00+00:00,1583.8,1602.6,1553.1,1555.1,7166.0
2006-05-23 21:00:00+00:00,1555.6,1587.6,1554.3,1582.2,12240.0
2006-05-24 21:00:00+00:00,1582.4,1603.0,1575.5,1601.3,7419.0
2006-05-25 21:00:00+00:00,1601.6,1608.4,1594.7,1606.0,5149.0
2006-05-28 21:00:00+00:00,1605.6,1607.9,1602.8,1603.0,165.0
2006-05-29 21:00:00+00:00,1603.1,1604.9,1566.8,1567.6,6199.0
2006-05-30 21:00:00+00:00,1567.8,1588.7,1562.4,1580.5,7323.0
2006-05-31 21:00:00+00:00,1580.2,1617.1,1572.3,1615.8,6134.0
2006-06-01 21:00:00+00:00,1616.3,1632.2,1598.5,1611.3,7514.0
2006-06-04 21:00:00+00:00,1610.9,1611.4,1577.4,1581.4,6652.0
2006-06-05 21:00:00+00:00,1582.4,1588.0,1560.1,1576.8,9054.0
2006-06-06 21:00:00+00:00,1577.1,1593.0,1557.5,1560.3,7631.0
2006-06-07 21:00:00+00:00,1560.0,1567.7,1524.7,1561.7,8206.0
2006-06-08 21:00:00+00:00,1562.2,1575.3,1546.7,1549.7,3161.0
2006-06-11 21:00:00+00:00,1549.3,1559.3,1520.0,1523.5,2752.0
2006-06-12 21:00:00+00:00,1523.0,1536.8,1511.8,1515.6,3121.0
2006-06-13 21:00:00+00:00,1514.9,1532.0,1510.3,1529.8,2129.0
2006-06-14 21:00:00+00:00,1530.1,1578.3,1529.8,1578.3,1686.0
2006-06-15 21:00:00+00:00,1575.8,1576.8,1552.0,1554.5,7418.0
2006-06-18 21:00:00+00:00,1556.5,1567.0,1541.3,1546.3,7940.0
2006-06-19 21:00:00+00:00,1546.5,1564.0,1541.8,1550.7,7345.0
2006-06-20 21:00:00+00:00,1550.7,1584.8,1547.2,1572.4,7635.0
2006-06-21 21:00:00+00:00,1572.9,1578.5,1543.7,1553.4,7267.0
2006-06-22 21:00:00+00:00,1553.7,1565.7,1542.2,1548.2,6176.0
2006-06-25 21:00:00+00:00,1548.9,1560.7,1547.3,1553.6,4863.0
2006-06-26 21:00:00+00:00,1553.8,1558.2,1524.1,1526.8,5972.0
2006-06-27 21:00:00+00:00,1526.6,1540.4,1519.4,1539.7,5463.0
2006-06-28 21:00:00+00:00,1539.4,1587.8,1539.4,1586.4,7686.0
2006-06-29 21:00:00+00:00,1586.6,1593.5,1572.7,1575.7,5766.0
2006-07-02 21:00:00+00:00,1576.4,1586.5,1575.8,1584.3,1821.0
2006-07-03 21:00:00+00:00,1583.3,1585.8,1580.7,1585.0,132.0
2006-07-04 21:00:00+00:00,1584.3,1584.3,1548.1,1550.4,5292.0
2006-07-05 21:00:00+00:00,1550.9,1564.2,1544.9,1549.4,4968.0
2006-07-06 21:00:00+00:00,1549.6,1562.7,1527.1,1534.8,6898.0
2006-07-09 21:00:00+00:00,1534.0,1542.5,1511.7,1521.6,6230.0
2006-07-10 21:00:00+00:00,1521.8,1534.4,1507.9,1531.9,7026.0
2006-07-11 21:00:00+00:00,1531.9,1533.0,1497.5,1501.7,7629.0
2006-07-12 21:00:00+00:00,1501.5,1505.6,1473.7,1475.2,9900.0
2006-07-13 21:00:00+00:00,1474.9,1480.0,1455.0,1462.0,9054.0
2006-07-16 21:00:00+00:00,1463.4,1474.0,1452.1,1468.1,7718.0
2006-07-17 21:00:00+00:00,1467.8,1476.7,1445.5,1470.0,9850.0
2006-07-18 21:00:00+00:00,1469.8,1497.8,1464.2,1484.1,9666.0
2006-07-19 21:00:00+00:00,1483.9,1495.5,1458.8,1472.7,9162.0
2006-07-20 21:00:00+00:00,1473.0,1473.5,1448.1,1448.8,7973.0
2006-07-23 21:00:00+00:00,1449.5,1488.2,1448.5,1486.7,6527.0
2006-07-24 21:00:00+00:00,1487.0,1493.6,1473.3,1481.0,7042.0
2006-07-25 21:00:00+00:00,1481.2,1498.5,1472.4,1485.4,6809.0
2006-07-26 21:00:00+00:00,1485.2,1505.4,1473.4,1482.2,7182.0
2006-07-27 21:00:00+00:00,1482.4,1511.4,1480.8,1511.4,6628.0
2006-07-30 21:00:00+00:00,1509.9,1517.0,1499.8,1505.9,4923.0
2006-07-31 21:00:00+00:00,1505.6,1507.4,1474.3,1484.2,6117.0
2006-08-01 21:00:00+00:00,1484.0,1509.7,1483.2,1500.1,5859.0
2006-08-02 21:00:00+00:00,1500.1,1518.2,1483.3,1511.7,6474.0
2006-08-03 21:00:00+00:00,1511.5,1529.8,1488.1,1506.2,8530.0
2006-08-06 21:00:00+00:00,1506.4,1506.7,1485.5,1493.7,4999.0
2006-08-07 21:00:00+00:00,1494.2,1500.6,1474.3,1491.9,6942.0
2006-08-08 21:00:00+00:00,1491.7,1517.0,1481.0,1486.4,8014.0
2006-08-09 21:00:00+00:00,1486.2,1499.3,1476.1,1491.9,7254.0
2006-08-10 21:00:00+00:00,1492.1,1494.0,1478.1,1488.4,5055.0
2006-08-13 21:00:00+00:00,1492.0,1515.8,1491.6,1495.0,5985.0
2006-08-14 21:00:00+00:00,1494.7,1535.5,1493.8,1534.0,6857.0
2006-08-15 21:00:00+00:00,1533.8,1570.8,1532.2,1570.4,7475.0
2006-08-16 21:00:00+00:00,1570.1,1585.0,1562.5,1570.8,6900.0
2006-08-17 21:00:00+00:00,1571.1,1579.5,1556.6,1578.5,5509.0
2006-08-20 21:00:00+00:00,1577.8,1578.0,1556.0,1565.0,4619.0
2006-08-21 21:00:00+00:00,1564.8,1578.2,1555.5,1559.8,5600.0
2006-08-22 21:00:00+00:00,1559.8,1572.1,1543.0,1552.8,5926.0
2006-08-23 21:00:00+00:00,1552.5,1559.2,1542.0,1554.2,5349.0
2006-08-24 21:00:00+00:00,1554.2,1571.3,1547.2,1556.5,4659.0
2006-08-27 21:00:00+00:00,1556.9,1575.6,1552.3,1568.1,4653.0
2006-08-28 21:00:00+00:00,1567.6,1576.6,1552.3,1572.8,5901.0
2006-08-29 21:00:00+00:00,1572.6,1584.0,1569.3,1582.5,4886.0
2006-08-30 21:00:00+00:00,1582.3,1587.2,1576.0,1580.5,4108.0
2006-08-31 21:00:00+00:00,1582.1,1594.2,1580.4,1587.7,4190.0
2006-09-03 21:00:00+00:00,1587.5,1594.1,1587.5,1592.9,199.0
2006-09-04 21:00:00+00:00,1593.7,1606.1,1580.1,1601.9,5868.0
2006-09-05 21:00:00+00:00,1601.7,1602.4,1569.9,1573.7,5865.0
2006-09-06 21:00:00+00:00,1573.4,1582.1,1559.8,1565.9,3988.0
2006-09-07 21:00:00+00:00,1565.7,1578.8,1564.1,1569.9,1938.0
2006-09-10 21:00:00+00:00,1570.8,1592.5,1558.3,1583.3,2390.0
2006-09-11 21:00:00+00:00,1583.8,1618.5,1576.2,1613.0,1727.0
2006-09-12 21:00:00+00:00,1614.5,1626.3,1612.2,1623.3,1366.0
2006-09-13 21:00:00+00:00,1623.8,1630.0,1617.7,1626.5,833.0
2006-09-14 21:00:00+00:00,1626.3,1647.2,1625.6,1635.3,6700.0
2006-09-17 21:00:00+00:00,1634.8,1645.1,1626.8,1635.7,5432.0
2006-09-18 21:00:00+00:00,1636.0,1640.1,1609.7,1628.8,8044.0
2006-09-19 21:00:00+00:00,1629.0,1650.2,1627.0,1646.5,6716.0
2006-09-20 21:00:00+00:00,1646.8,1655.3,1631.4,1637.3,7331.0
2006-09-21 21:00:00+00:00,1637.6,1640.1,1615.7,1625.2,5832.0
2006-09-24 21:00:00+00:00,1624.3,1655.5,1615.3,1649.0,7675.0
2006-09-25 21:00:00+00:00,1649.0,1661.1,1644.7,1656.9,6336.0
2006-09-26 21:00:00+00:00,1657.2,1666.5,1648.2,1660.6,7259.0
2006-09-27 21:00:00+00:00,1660.8,1664.4,1645.4,1657.8,6006.0
2006-09-28 21:00:00+00:00,1657.6,1666.2,1653.5,1654.3,5154.0
2006-10-01 21:00:00+00:00,1655.0,1659.5,1628.9,1629.2,6101.0
2006-10-02 21:00:00+00:00,1628.9,1648.2,1623.3,1640.3,6919.0
2006-10-03 21:00:00+00:00,1640.5,1681.3,1633.7,1678.6,7959.0
2006-10-04 21:00:00+00:00,1678.9,1691.5,1676.0,1688.0,6062.0
2006-10-05 21:00:00+00:00,1688.3,1691.7,1677.2,1685.2,6133.0
2006-10-08 21:00:00+00:00,1684.2,1699.5,1679.0,1690.3,4151.0
2006-10-09 21:00:00+00:00,1690.6,1699.4,1681.6,1691.0,5914.0
2006-10-10 21:00:00+00:00,1691.3,1702.4,1675.8,1693.2,6994.0
2006-10-11 21:00:00+00:00,1693.0,1720.5,1690.6,1719.5,5657.0
2006-10-12 21:00:00+00:00,1719.7,1730.3,1715.2,1726.4,5073.0
2006-10-15 21:00:00+00:00,1726.3,1735.0,1722.9,1727.0,4066.0
2006-10-16 21:00:00+00:00,1726.8,1726.8,1700.2,1709.1,6564.0
2006-10-17 21:00:00+00:00,1709.4,1722.0,1695.2,1704.1,7637.0
2006-10-18 21:00:00+00:00,1704.4,1714.2,1692.6,1710.1,6928.0
2006-10-19 21:00:00+00:00,1710.3,1714.4,1694.8,1708.0,4750.0
2006-10-22 21:00:00+00:00,1707.5,1736.3,1702.4,1723.1,6385.0
2006-10-23 21:00:00+00:00,1722.8,1727.7,1706.4,1712.6,5327.0
2006-10-24 21:00:00+00:00,1712.4,1732.0,1711.1,1730.0,6268.0
2006-10-25 21:00:00+00:00,1730.2,1746.3,1718.0,1741.9,6243.0
2006-10-26 21:00:00+00:00,1742.1,1746.1,1712.0,1721.2,6945.0
2006-10-29 22:00:00+00:00,1720.9,1736.0,1711.8,1725.1,6171.0
2006-10-30 22:00:00+00:00,1725.6,1740.2,1721.8,1733.5,6731.0
2006-10-31 22:00:00+00:00,1734.8,1741.1,1701.1,1709.1,7782.0
2006-11-01 22:00:00+00:00,1708.8,1714.5,1698.3,1708.3,6044.0
2006-11-02 22:00:00+00:00,1708.6,1716.2,1692.6,1705.5,6740.0
2006-11-05 22:00:00+00:00,1704.7,1737.5,1704.7,1729.1,5384.0
2006-11-06 22:00:00+00:00,1729.3,1753.9,1727.4,1741.2,6283.0
2006-11-07 22:00:00+00:00,1741.0,1757.4,1727.7,1756.9,8146.0
2006-11-08 22:00:00+00:00,1756.6,1763.0,1735.9,1742.7,7160.0
2006-11-09 22:00:00+00:00,1742.4,1752.1,1735.8,1751.6,5397.0
2006-11-12 22:00:00+00:00,1751.5,1771.4,1749.2,1765.4,5343.0
2006-11-13 22:00:00+00:00,1765.7,1792.8,1759.4,1789.3,7204.0
2006-11-14 22:00:00+00:00,1789.1,1806.0,1786.7,1793.5,6621.0
2006-11-15 22:00:00+00:00,1793.3,1806.7,1790.7,1801.5,6690.0
2006-11-16 22:00:00+00:00,1801.2,1802.6,1788.2,1800.2,4692.0
2006-11-19 22:00:00+00:00,1800.7,1809.3,1789.8,1805.1,5844.0
2006-11-20 22:00:00+00:00,1805.6,1812.3,1799.8,1811.1,4791.0
2006-11-21 22:00:00+00:00,1811.3,1821.0,1800.0,1817.8,4465.0
2006-11-22 22:00:00+00:00,1818.0,1819.7,1816.2,1818.7,228.0
2006-11-23 22:00:00+00:00,1818.5,1824.7,1800.7,1815.7,3353.0
2006-11-26 22:00:00+00:00,1815.0,1818.3,1774.0,1775.3,7605.0
2006-11-27 22:00:00+00:00,1775.0,1783.2,1762.9,1780.7,7485.0
2006-11-28 22:00:00+00:00,1780.7,1796.6,1775.4,1792.9,7099.0
2006-11-29 22:00:00+00:00,1793.2,1800.8,1780.6,1791.4,7211.0
2006-11-30 22:00:00+00:00,1790.9,1795.5,1759.6,1779.6,7868.0
2006-12-03 22:00:00+00:00,1778.8,1809.2,1776.0,1801.5,6520.0
2006-12-04 22:00:00+00:00,1801.8,1812.2,1797.7,1804.7,5715.0
2006-12-05 22:00:00+00:00,1804.7,1806.8,1791.7,1799.0,4999.0
2006-12-06 22:00:00+00:00,1799.2,1808.4,1774.0,1774.7,4249.0
2006-12-07 22:00:00+00:00,1774.5,1799.4,1767.1,1784.9,3201.0
2006-12-10 22:00:00+00:00,1783.4,1804.0,1779.3,1793.8,1659.0
2006-12-11 22:00:00+00:00,1793.6,1795.1,1771.0,1781.1,1863.0
2006-12-12 22:00:00+00:00,1781.6,1794.0,1773.5,1784.8,1398.0
2006-12-13 22:00:00+00:00,1785.0,1812.0,1782.9,1805.7,1329.0
2006-12-14 22:00:00+00:00,1805.5,1825.7,1805.0,1808.2,5769.0
2006-12-17 22:00:00+00:00,1808.2,1822.7,1784.2,1791.8,6040.0
2006-12-18 22:00:00+00:00,1791.3,1794.3,1766.5,1784.4,7564.0
2006-12-19 22:00:00+00:00,1784.7,1796.0,1776.5,1779.0,4920.0
2006-12-20 22:00:00+00:00,1779.0,1784.3,1758.9,1769.0,5813.0
2006-12-21 22:00:00+00:00,1769.3,1770.9,1744.3,1745.0,5294.0
2006-12-25 22:00:00+00:00,1746.8,1757.1,1745.6,1755.1,2845.0
2006-12-26 22:00:00+00:00,1754.9,1767.4,1754.8,1761.8,3949.0
2006-12-27 22:00:00+00:00,1762.0,1765.7,1752.3,1757.5,3898.0
2006-12-28 22:00:00+00:00,1757.8,1775.5,1755.3,1758.0,4034.0
2007-01-01 22:00:00+00:00,1763.5,1774.5,1763.5,1774.0,233.0
2007-01-02 22:00:00+00:00,1774.3,1794.3,1731.2,1762.6,8999.0
2007-01-03 22:00:00+00:00,1762.4,1800.0,1754.3,1798.3,8126.0
2007-01-04 22:00:00+00:00,1798.0,1799.3,1769.7,1781.2,8405.0
2007-01-07 22:00:00+00:00,1782.4,1796.7,1777.1,1788.6,7640.0
2007-01-08 22:00:00+00:00,1788.8,1803.4,1776.9,1795.8,8260.0
2007-01-09 22:00:00+00:00,1795.5,1823.5,1783.0,1823.5,8079.0
2007-01-10 22:00:00+00:00,1823.3,1841.3,1815.5,1834.9,8123.0
2007-01-11 22:00:00+00:00,1834.7,1848.0,1830.6,1847.8,6785.0
2007-01-14 22:00:00+00:00,1848.8,1853.4,1847.0,1851.7,389.0
2007-01-15 22:00:00+00:00,1851.7,1852.6,1837.5,1839.6,5823.0
2007-01-16 22:00:00+00:00,1839.6,1844.0,1824.9,1829.9,7746.0
2007-01-17 22:00:00+00:00,1830.1,1830.6,1788.9,1792.1,9256.0
2007-01-18 22:00:00+00:00,1792.4,1802.5,1787.8,1793.9,6986.0
2007-01-21 22:00:00+00:00,1794.3,1801.9,1771.2,1780.9,7066.0
2007-01-22 22:00:00+00:00,1781.2,1791.3,1771.4,1775.9,7299.0
2007-01-23 22:00:00+00:00,1776.2,1809.9,1775.4,1809.7,6789.0
2007-01-24 22:00:00+00:00,1809.4,1811.7,1773.4,1778.9,8366.0
2007-01-25 22:00:00+00:00,1779.1,1784.5,1762.1,1770.2,7874.0
2007-01-28 22:00:00+00:00,1770.4,1787.7,1764.8,1777.1,6673.0
2007-01-29 22:00:00+00:00,1777.3,1784.2,1771.8,1780.0,5338.0
2007-01-30 22:00:00+00:00,1780.0,1798.4,1763.5,1792.0,7838.0
2007-01-31 22:00:00+00:00,1792.2,1807.0,1784.4,1793.2,7154.0
2007-02-01 22:00:00+00:00,1792.9,1800.6,1787.9,1797.6,5807.0
2007-02-04 22:00:00+00:00,1797.9,1805.5,1789.3,1796.1,5133.0
2007-02-05 22:00:00+00:00,1796.3,1802.5,1776.1,1801.8,7230.0
2007-02-06 22:00:00+00:00,1801.6,1817.2,1795.5,1814.2,6885.0
2007-02-07 22:00:00+00:00,1814.0,1815.0,1800.5,1812.2,5828.0
2007-02-08 22:00:00+00:00,1812.5,1819.9,1779.3,1784.3,7511.0
2007-02-11 22:00:00+00:00,1785.3,1787.4,1774.3,1778.3,5975.0
2007-02-12 22:00:00+00:00,1778.6,1791.2,1778.1,1790.0,5618.0
2007-02-13 22:00:00+00:00,1789.8,1819.3,1788.6,1815.4,6166.0
2007-02-14 22:00:00+00:00,1815.6,1825.3,1811.6,1821.6,5446.0
2007-02-15 22:00:00+00:00,1821.8,1824.3,1813.5,1820.8,4296.0
2007-02-18 22:00:00+00:00,1821.1,1826.2,1819.6,1823.3,314.0
2007-02-19 22:00:00+00:00,1823.1,1836.5,1808.5,1834.3,6193.0
2007-02-20 22:00:00+00:00,1834.0,1841.5,1823.4,1840.2,6136.0
2007-02-21 22:00:00+00:00,1840.0,1852.1,1832.4,1848.7,6452.0
2007-02-22 22:00:00+00:00,1848.5,1850.3,1832.4,1841.0,6007.0
2007-02-25 22:00:00+00:00,1841.5,1851.3,1819.9,1833.4,6705.0
2007-02-26 22:00:00+00:00,1833.5,1834.2,1740.6,1743.1,13925.0
2007-02-27 22:00:00+00:00,1743.4,1779.5,1740.1,1761.1,12329.0
2007-02-28 22:00:00+00:00,1760.8,1772.7,1717.3,1751.6,14300.0
2007-03-01 22:00:00+00:00,1751.8,1759.9,1721.3,1723.3,11452.0
2007-03-04 22:00:00+00:00,1723.5,1739.9,1702.4,1713.3,12428.0
2007-03-05 22:00:00+00:00,1713.5,1747.9,1708.8,1743.5,8913.0
2007-03-06 22:00:00+00:00,1743.7,1747.4,1733.7,1735.0,7335.0
2007-03-07 22:00:00+00:00,1734.7,1758.1,1731.5,1752.9,5056.0
2007-03-08 22:00:00+00:00,1752.7,1765.5,1733.9,1747.6,3384.0
2007-03-11 21:00:00+00:00,1748.3,1759.8,1738.7,1757.1,1872.0
2007-03-12 21:00:00+00:00,1757.1,1758.8,1718.3,1722.5,2703.0
2007-03-13 21:00:00+00:00,1723.0,1748.5,1711.0,1746.8,2598.0
2007-03-14 21:00:00+00:00,1749.3,1755.1,1737.2,1744.7,1134.0
2007-03-15 21:00:00+00:00,1744.8,1752.0,1734.5,1745.4,7122.0
2007-03-18 21:00:00+00:00,1742.6,1767.0,1739.2,1763.9,5880.0
2007-03-19 21:00:00+00:00,1763.4,1775.2,1759.5,1773.7,5502.0
2007-03-20 21:00:00+00:00,1773.5,1808.8,1764.2,1805.4,7393.0
2007-03-21 21:00:00+00:00,1805.1,1812.7,1794.6,1800.6,6509.0
2007-03-22 21:00:00+00:00,1800.9,1806.2,1792.9,1793.9,5066.0
2007-03-25 21:00:00+00:00,1793.1,1804.9,1776.4,1801.7,6933.0
2007-03-26 21:00:00+00:00,1802.0,1802.2,1779.4,1788.1,5376.0
2007-03-27 21:00:00+00:00,1787.8,1792.0,1770.7,1772.7,8301.0
2007-03-28 21:00:00+00:00,1772.9,1785.5,1754.0,1774.4,7919.0
2007-03-29 21:00:00+00:00,1774.1,1784.9,1759.2,1775.1,7011.0
2007-04-01 21:00:00+00:00,1776.0,1781.6,1762.8,1775.5,5691.0
2007-04-02 21:00:00+00:00,1775.2,1803.4,1774.5,1798.3,5395.0
2007-04-03 21:00:00+00:00,1798.3,1805.9,1795.7,1804.2,4506.0
2007-04-04 21:00:00+00:00,1804.7,1816.3,1799.3,1813.8,3559.0
2007-04-05 21:00:00+00:00,1813.5,1824.4,1812.6,1823.4,339.0
2007-04-08 21:00:00+00:00,1822.4,1824.6,1806.2,1811.4,3994.0
2007-04-09 21:00:00+00:00,1811.2,1819.1,1807.9,1817.4,4172.0
2007-04-10 21:00:00+00:00,1817.1,1819.7,1793.5,1798.7,5968.0
2007-04-11 21:00:00+00:00,1799.0,1816.3,1788.7,1812.3,6265.0
2007-04-12 21:00:00+00:00,1812.1,1819.7,1802.1,1818.5,5486.0
2007-04-15 21:00:00+00:00,1819.2,1837.5,1817.0,1834.8,4673.0
2007-04-16 21:00:00+00:00,1834.8,1841.9,1830.0,1834.3,5540.0
2007-04-17 21:00:00+00:00,1834.5,1840.4,1824.0,1833.7,5345.0
2007-04-18 21:00:00+00:00,1834.0,1841.1,1819.2,1837.4,6494.0
2007-04-19 21:00:00+00:00,1837.7,1858.0,1837.2,1850.3,5735.0
2007-04-22 21:00:00+00:00,1850.8,1859.4,1845.3,1858.9,4581.0
2007-04-23 21:00:00+00:00,1858.7,1865.3,1844.4,1859.2,7056.0
2007-04-24 21:00:00+00:00,1859.4,1890.5,1858.0,1890.2,6386.0
2007-04-25 21:00:00+00:00,1890.5,1897.9,1884.7,1892.7,5557.0
2007-04-26 21:00:00+00:00,1892.4,1896.3,1883.6,1895.9,5579.0
2007-04-29 21:00:00+00:00,1895.1,1897.5,1867.7,1868.2,5722.0
2007-04-30 21:00:00+00:00,1868.0,1877.9,1858.2,1875.9,6348.0
2007-05-01 21:00:00+00:00,1875.9,1895.2,1873.8,1889.5,4982.0
2007-05-02 21:00:00+00:00,1889.3,1900.4,1887.4,1894.7,5000.0
2007-05-03 21:00:00+00:00,1895.0,1912.3,1888.5,1899.4,5826.0
2007-05-06 21:00:00+00:00,1898.4,1903.6,1894.9,1897.6,3702.0
2007-05-07 21:00:00+00:00,1897.6,1903.3,1883.6,1893.4,5711.0
2007-05-08 21:00:00+00:00,1893.1,1910.5,1888.8,1901.8,5751.0
2007-05-09 21:00:00+00:00,1902.1,1903.2,1874.4,1878.6,7759.0
2007-05-10 21:00:00+00:00,1878.9,1904.0,1874.5,1904.0,6640.0
2007-05-13 21:00:00+00:00,1903.0,1918.4,1879.3,1887.5,5985.0
2007-05-14 21:00:00+00:00,1887.8,1900.4,1871.0,1874.8,8905.0
2007-05-15 21:00:00+00:00,1874.3,1894.9,1867.2,1893.4,7575.0
2007-05-16 21:00:00+00:00,1893.2,1894.3,1882.7,1885.7,6167.0
2007-05-17 21:00:00+00:00,1885.9,1899.9,1882.5,1899.6,5945.0
2007-05-20 21:00:00+00:00,1899.6,1921.7,1897.3,1910.0,6362.0
2007-05-21 21:00:00+00:00,1909.8,1923.4,1907.0,1914.5,5405.0
2007-05-22 21:00:00+00:00,1914.0,1926.1,1902.8,1902.8,6473.0
2007-05-23 21:00:00+00:00,1903.0,1912.4,1869.3,1876.5,9693.0
2007-05-24 21:00:00+00:00,1876.5,1893.5,1876.3,1888.2,5404.0
2007-05-27 21:00:00+00:00,1888.0,1891.7,1888.0,1890.4,111.0
2007-05-28 21:00:00+00:00,1890.2,1907.5,1887.6,1901.6,6288.0
2007-05-29 21:00:00+00:00,1901.9,1921.3,1884.1,1919.8,7640.0
2007-05-30 21:00:00+00:00,1919.6,1932.5,1919.1,1930.8,6779.0
2007-05-31 21:00:00+00:00,1930.5,1941.9,1926.0,1928.8,6546.0
2007-06-03 21:00:00+00:00,1930.0,1937.4,1919.6,1933.4,5173.0
2007-06-04 21:00:00+00:00,1933.2,1935.3,1916.7,1933.7,7099.0
2007-06-05 21:00:00+00:00,1933.9,1936.5,1909.1,1912.9,7792.0
2007-06-06 21:00:00+00:00,1912.7,1922.0,1880.2,1883.2,7359.0
2007-06-07 21:00:00+00:00,1883.4,1908.1,1872.8,1907.6,3861.0
2007-06-10 21:00:00+00:00,1907.6,1918.5,1901.6,1904.3,2032.0
2007-06-11 21:00:00+00:00,1904.8,1912.5,1888.3,1888.3,2177.0
2007-06-12 21:00:00+00:00,1889.3,1914.3,1887.7,1911.8,1640.0
2007-06-13 21:00:00+00:00,1911.5,1930.2,1911.0,1926.0,1010.0
2007-06-14 21:00:00+00:00,1925.3,1947.4,1924.3,1944.2,5847.0
2007-06-17 21:00:00+00:00,1944.0,1949.6,1937.1,1938.9,4842.0
2007-06-18 21:00:00+00:00,1938.6,1947.5,1932.9,1943.1,5606.0
2007-06-19 21:00:00+00:00,1942.8,1950.4,1921.3,1924.1,7102.0
2007-06-20 21:00:00+00:00,1923.8,1943.8,1914.9,1940.9,9028.0
2007-06-21 21:00:00+00:00,1940.9,1942.7,1916.9,1924.8,8078.0
2007-06-24 21:00:00+00:00,1924.6,1935.5,1904.6,1918.9,9053.0
2007-06-25 21:00:00+00:00,1919.2,1926.0,1901.4,1903.4,8502.0
2007-06-26 21:00:00+00:00,1903.1,1934.5,1896.4,1932.6,8671.0
2007-06-27 21:00:00+00:00,1932.8,1945.6,1929.6,1937.0,7740.0
2007-06-28 21:00:00+00:00,1936.5,1946.8,1920.2,1937.3,7717.0
2007-07-01 21:00:00+00:00,1934.1,1954.1,1933.6,1953.6,5298.0
2007-07-02 21:00:00+00:00,1953.9,1964.8,1952.4,1962.6,3186.0
2007-07-03 21:00:00+00:00,1962.3,1970.2,1958.2,1967.0,704.0
2007-07-04 21:00:00+00:00,1966.8,1983.1,1963.5,1977.2,5858.0
2007-07-05 21:00:00+00:00,1977.4,1989.3,1972.2,1989.1,5143.0
2007-07-08 21:00:00+00:00,1988.2,1994.5,1981.7,1990.6,4431.0
2007-07-09 21:00:00+00:00,1990.9,1991.1,1970.1,1973.1,7835.0
2007-07-10 21:00:00+00:00,1973.3,1991.2,1964.1,1991.2,7585.0
2007-07-11 21:00:00+00:00,1991.4,2019.9,1987.3,2016.0,7123.0
2007-07-12 21:00:00+00:00,2016.0,2032.3,2014.6,2028.1,5515.0
2007-07-15 21:00:00+00:00,2029.2,2037.5,2023.3,2030.4,5701.0
2007-07-16 21:00:00+00:00,2030.2,2046.3,2024.4,2033.7,6615.0
2007-07-17 21:00:00+00:00,2034.2,2043.6,2018.5,2042.1,9265.0
2007-07-18 21:00:00+00:00,2042.4,2060.2,2036.7,2043.1,7985.0
2007-07-19 21:00:00+00:00,2043.4,2048.0,2023.0,2037.5,9281.0
2007-07-22 21:00:00+00:00,2037.0,2046.7,2028.6,2032.6,6280.0
2007-07-23 21:00:00+00:00,2033.1,2038.3,1995.4,2010.0,9695.0
2007-07-24 21:00:00+00:00,2010.3,2019.9,1995.6,2007.1,11427.0
2007-07-25 21:00:00+00:00,2006.8,2023.7,1954.5,1986.5,16665.0
2007-07-26 21:00:00+00:00,1986.0,1997.4,1946.6,1947.8,15701.0
2007-07-29 21:00:00+00:00,1950.6,1982.3,1943.4,1978.9,11595.0
2007-07-30 21:00:00+00:00,1979.4,1997.7,1929.2,1937.7,12297.0
2007-07-31 21:00:00+00:00,1937.4,1951.8,1910.9,1950.1,16802.0
2007-08-01 21:00:00+00:00,1950.4,1968.7,1938.5,1966.3,11412.0
2007-08-02 21:00:00+00:00,1966.8,1968.7,1916.6,1928.5,12536.0
2007-08-05 21:00:00+00:00,1923.3,1952.9,1912.8,1951.7,13256.0
2007-08-06 21:00:00+00:00,1951.9,1977.3,1931.0,1973.8,11578.0
2007-08-07 21:00:00+00:00,1972.8,1994.7,1965.7,1987.0,11327.0
2007-08-08 21:00:00+00:00,1987.2,1990.9,1931.6,1937.8,16500.0
2007-08-09 21:00:00+00:00,1937.5,1944.7,1896.5,1918.4,18452.0
2007-08-12 21:00:00+00:00,1923.4,1947.2,1921.9,1932.4,10216.0
2007-08-13 21:00:00+00:00,1932.6,1941.7,1900.8,1903.3,12001.0
2007-08-14 21:00:00+00:00,1903.0,1914.4,1864.2,1865.7,13876.0
2007-08-15 21:00:00+00:00,1866.0,1867.0,1805.2,1855.3,20778.0
2007-08-16 21:00:00+00:00,1854.8,1897.2,1821.0,1881.1,16944.0
2007-08-19 21:00:00+00:00,1886.1,1899.6,1873.6,1888.9,10808.0
2007-08-20 21:00:00+00:00,1888.4,1916.0,1881.0,1911.0,10727.0
2007-08-21 21:00:00+00:00,1910.8,1939.2,1910.0,1938.7,8625.0
2007-08-22 21:00:00+00:00,1938.9,1952.4,1920.2,1931.5,9984.0
2007-08-23 21:00:00+00:00,1931.7,1962.9,1922.8,1962.4,7361.0
2007-08-26 21:00:00+00:00,1962.2,1962.4,1942.2,1944.5,6208.0
2007-08-27 21:00:00+00:00,1944.7,1946.5,1899.6,1903.6,9042.0
2007-08-28 21:00:00+00:00,1903.9,1956.2,1900.2,1955.0,8845.0
2007-08-29 21:00:00+00:00,1955.2,1981.3,1941.2,1970.9,10638.0
2007-08-30 21:00:00+00:00,1971.2,1994.6,1969.7,1986.9,9206.0
2007-09-02 21:00:00+00:00,1987.5,1993.1,1986.1,1991.4,299.0
2007-09-03 21:00:00+00:00,1991.7,2034.1,1982.3,2019.2,8102.0
2007-09-04 21:00:00+00:00,2018.9,2020.9,1987.5,1996.2,10117.0
2007-09-05 21:00:00+00:00,1996.5,2007.1,1984.9,1998.5,8964.0
2007-09-06 21:00:00+00:00,1999.2,1999.2,1949.6,1966.3,11357.0
2007-09-09 21:00:00+00:00,1965.8,1983.7,1944.6,1965.1,10433.0
2007-09-10 21:00:00+00:00,1964.9,1993.6,1963.9,1987.6,8670.0
2007-09-11 21:00:00+00:00,1987.3,2007.0,1981.8,1994.3,8304.0
2007-09-12 21:00:00+00:00,1994.6,2006.5,1989.2,1998.6,5384.0
2007-09-13 21:00:00+00:00,1997.4,2004.8,1980.0,2000.4,2946.0
2007-09-16 21:00:00+00:00,1999.2,1999.2,1975.9,1980.5,2346.0
2007-09-17 21:00:00+00:00,1982.2,2036.9,1977.3,2035.7,2495.0
2007-09-18 21:00:00+00:00,2035.2,2056.9,2032.4,2037.2,1782.0
2007-09-19 21:00:00+00:00,2036.0,2043.7,2029.4,2035.5,1505.0
2007-09-20 21:00:00+00:00,2035.3,2055.3,2031.6,2045.4,6754.0
2007-09-23 21:00:00+00:00,2044.4,2073.5,2044.4,2056.8,7781.0
2007-09-24 21:00:00+00:00,2057.0,2080.8,2049.5,2079.6,7380.0
2007-09-25 21:00:00+00:00,2079.3,2095.8,2079.3,2089.9,7818.0
2007-09-26 21:00:00+00:00,2089.7,2101.3,2089.0,2097.6,6596.0
2007-09-27 21:00:00+00:00,2097.9,2102.5,2082.0,2093.2,6689.0
2007-09-30 21:00:00+00:00,2095.4,2122.6,2088.8,2113.8,7943.0
2007-10-01 21:00:00+00:00,2113.3,2119.8,2104.8,2113.5,7203.0
2007-10-02 21:00:00+00:00,2113.5,2118.4,2095.4,2101.4,7656.0
2007-10-03 21:00:00+00:00,2101.6,2108.6,2089.2,2102.2,6254.0
2007-10-04 21:00:00+00:00,2102.4,2152.9,2102.2,2150.9,8131.0
2007-10-07 21:00:00+00:00,2150.7,2163.6,2145.2,2162.1,5499.0
2007-10-08 21:00:00+00:00,2161.9,2175.8,2157.1,2173.8,7619.0
2007-10-09 21:00:00+00:00,2174.1,2180.0,2165.4,2175.3,6612.0
2007-10-10 21:00:00+00:00,2175.8,2195.1,2127.5,2145.8,9512.0
2007-10-11 21:00:00+00:00,2146.1,2181.0,2138.5,2181.0,10464.0
2007-10-14 21:00:00+00:00,2181.8,2186.2,2144.9,2165.0,10618.0
2007-10-15 21:00:00+00:00,2165.2,2174.7,2144.6,2172.2,11004.0
2007-10-16 21:00:00+00:00,2171.9,2186.6,2143.7,2183.9,12490.0
2007-10-17 21:00:00+00:00,2184.4,2193.1,2161.5,2182.7,11135.0
2007-10-18 21:00:00+00:00,2182.4,2201.4,2130.3,2131.1,14713.0
2007-10-21 21:00:00+00:00,2131.8,2170.1,2112.5,2168.6,14513.0
2007-10-22 21:00:00+00:00,2168.8,2205.3,2167.1,2187.0,11881.0
2007-10-23 21:00:00+00:00,2186.7,2194.4,2139.3,2193.2,15839.0
2007-10-24 21:00:00+00:00,2192.9,2204.8,2144.8,2189.0,15439.0
2007-10-25 21:00:00+00:00,2189.5,2204.6,2173.3,2193.2,12004.0
2007-10-28 21:00:00+00:00,2192.3,2215.4,2190.5,2199.5,8314.0
2007-10-29 21:00:00+00:00,2199.2,2218.9,2191.0,2203.0,8661.0
2007-10-30 21:00:00+00:00,2203.2,2239.3,2197.0,2238.0,10610.0
2007-10-31 21:00:00+00:00,2238.3,2242.1,2194.6,2199.8,13551.0
2007-11-01 21:00:00+00:00,2199.6,2221.1,2179.4,2210.3,16019.0
2007-11-04 22:00:00+00:00,2210.1,2212.3,2179.5,2203.1,13112.0
2007-11-05 22:00:00+00:00,2202.9,2224.0,2187.2,2220.1,11421.0
2007-11-06 22:00:00+00:00,2219.8,2221.6,2149.4,2149.7,15762.0
2007-11-07 22:00:00+00:00,2150.2,2168.8,2070.3,2091.3,20747.0
2007-11-08 22:00:00+00:00,2091.0,2104.6,2027.3,2032.5,18918.0
2007-11-11 22:00:00+00:00,2031.3,2042.2,1976.3,1977.1,17699.0
2007-11-12 22:00:00+00:00,1977.8,2065.2,1973.6,2058.9,15168.0
2007-11-13 22:00:00+00:00,2058.7,2092.5,2028.3,2045.0,15615.0
2007-11-14 22:00:00+00:00,2044.8,2054.2,2006.9,2025.3,16933.0
2007-11-15 22:00:00+00:00,2025.6,2052.2,2005.6,2048.0,15793.0
2007-11-18 22:00:00+00:00,2047.8,2056.2,2008.6,2026.1,14574.0
2007-11-19 22:00:00+00:00,2026.3,2063.9,1987.9,2029.6,17694.0
2007-11-20 22:00:00+00:00,2029.1,2038.5,1985.2,2000.2,16111.0
2007-11-21 22:00:00+00:00,2000.4,2010.3,1997.5,2009.3,899.0
2007-11-22 22:00:00+00:00,2009.1,2030.5,2003.5,2026.8,5974.0
2007-11-25 22:00:00+00:00,2026.1,2047.4,1986.9,1994.9,14265.0
2007-11-26 22:00:00+00:00,1994.7,2034.2,1989.4,2026.3,16787.0
2007-11-27 22:00:00+00:00,2026.6,2101.3,2018.5,2086.7,14608.0
2007-11-28 22:00:00+00:00,2086.4,2108.6,2080.3,2091.4,13686.0
2007-11-29 22:00:00+00:00,2092.1,2123.7,2070.9,2089.9,14017.0
2007-12-02 22:00:00+00:00,2087.9,2098.8,2065.5,2070.7,11371.0
2007-12-03 22:00:00+00:00,2070.5,2072.7,2048.2,2059.0,10672.0
2007-12-04 22:00:00+00:00,2059.7,2104.4,2059.0,2103.2,10973.0
2007-12-05 22:00:00+00:00,2103.9,2128.6,2094.3,2120.9,10819.0
2007-12-06 22:00:00+00:00,2120.4,2135.8,2114.5,2128.9,9326.0
2007-12-09 22:00:00+00:00,2127.7,2144.4,2123.0,2144.4,7177.0
2007-12-10 22:00:00+00:00,2144.6,2148.6,2082.0,2083.2,9903.0
2007-12-11 22:00:00+00:00,2083.5,2130.8,2069.2,2103.9,14078.0
2007-12-12 22:00:00+00:00,2104.2,2105.4,2072.4,2089.0,8300.0
2007-12-13 22:00:00+00:00,2088.2,2097.9,2069.2,2071.2,3992.0
2007-12-16 22:00:00+00:00,2063.0,2080.8,2021.3,2027.5,3377.0
2007-12-17 22:00:00+00:00,2027.3,2048.2,1999.5,2031.3,3290.0
2007-12-18 22:00:00+00:00,2032.3,2039.9,2016.5,2036.3,1963.0
2007-12-19 22:00:00+00:00,2036.8,2081.2,2034.1,2078.2,1810.0
2007-12-20 22:00:00+00:00,2078.0,2114.6,2077.3,2113.8,8286.0
2007-12-23 22:00:00+00:00,2111.4,2134.1,2109.9,2126.9,3027.0
2007-12-25 22:00:00+00:00,2128.8,2143.3,2117.5,2138.3,5116.0
2007-12-26 22:00:00+00:00,2138.1,2144.2,2104.4,2110.4,7814.0
2007-12-27 22:00:00+00:00,2110.6,2125.9,2092.5,2104.2,7059.0
2007-12-30 22:00:00+00:00,2104.4,2108.0,2081.8,2086.3,5748.0
2008-01-01 22:00:00+00:00,2092.1,2098.1,2038.2,2052.6,11808.0
2008-01-02 22:00:00+00:00,2053.3,2063.7,2038.7,2055.3,10705.0
2008-01-03 22:00:00+00:00,2055.3,2064.5,1959.6,1966.8,15157.0
2008-01-06 22:00:00+00:00,1967.3,1978.6,1928.3,1959.3,16140.0
2008-01-07 22:00:00+00:00,1958.8,1981.8,1906.0,1913.4,15316.0
2008-01-08 22:00:00+00:00,1913.9,1948.8,1887.6,1945.1,17786.0
2008-01-09 22:00:00+00:00,1944.9,1965.9,1921.5,1941.4,17717.0
2008-01-10 22:00:00+00:00,1941.6,1946.8,1897.2,1910.1,16308.0
2008-01-13 22:00:00+00:00,1915.0,1950.0,1884.8,1942.0,12147.0
2008-01-14 22:00:00+00:00,1942.5,1944.8,1854.7,1854.7,16677.0
2008-01-15 22:00:00+00:00,1854.2,1905.0,1845.6,1871.0,20099.0
2008-01-16 22:00:00+00:00,1871.7,1891.3,1835.5,1852.3,18966.0
2008-01-17 22:00:00+00:00,1852.6,1873.6,1826.0,1835.7,18451.0
2008-01-20 22:00:00+00:00,1839.3,1845.5,1743.3,1762.0,4549.0
2008-01-21 22:00:00+00:00,1762.1,1816.1,1732.8,1762.8,25333.0
2008-01-22 22:00:00+00:00,1763.3,1801.2,1687.4,1794.8,24940.0
2008-01-23 22:00:00+00:00,1794.3,1844.9,1787.2,1844.9,18057.0
2008-01-24 22:00:00+00:00,1845.1,1861.2,1779.8,1779.8,17048.0
2008-01-27 22:00:00+00:00,1785.7,1804.0,1750.9,1792.5,14532.0
2008-01-28 22:00:00+00:00,1793.3,1814.3,1787.0,1798.0,11884.0
2008-01-29 22:00:00+00:00,1797.7,1839.4,1786.1,1791.7,12922.0
2008-01-30 22:00:00+00:00,1791.5,1850.1,1773.8,1822.3,17280.0
2008-01-31 22:00:00+00:00,1823.3,1866.6,1820.9,1855.0,15569.0
2008-02-03 22:00:00+00:00,1855.0,1859.6,1814.6,1815.6,10489.0
2008-02-04 22:00:00+00:00,1815.9,1821.5,1769.8,1779.5,14477.0
2008-02-05 22:00:00+00:00,1779.3,1792.4,1719.5,1720.5,14529.0
2008-02-06 22:00:00+00:00,1720.3,1776.4,1704.7,1756.5,18124.0
2008-02-07 22:00:00+00:00,1756.8,1775.1,1741.8,1769.4,13229.0
2008-02-10 22:00:00+00:00,1766.9,1794.7,1755.9,1786.0,12262.0
2008-02-11 22:00:00+00:00,1786.2,1809.0,1765.5,1783.7,12803.0
2008-02-12 22:00:00+00:00,1783.4,1821.2,1777.0,1817.8,11964.0
2008-02-13 22:00:00+00:00,1817.5,1823.4,1780.8,1782.8,12190.0
2008-02-14 22:00:00+00:00,1783.8,1792.9,1763.1,1779.3,9840.0
2008-02-17 22:00:00+00:00,1777.2,1814.5,1773.3,1813.3,1272.0
2008-02-18 22:00:00+00:00,1813.3,1813.3,1756.5,1773.4,12225.0
2008-02-19 22:00:00+00:00,1773.9,1789.5,1746.9,1783.8,13680.0
2008-02-20 22:00:00+00:00,1784.1,1804.7,1759.1,1767.3,12236.0
2008-02-21 22:00:00+00:00,1767.1,1778.2,1736.6,1776.3,11848.0
2008-02-24 22:00:00+00:00,1770.9,1789.6,1759.6,1782.1,11074.0
2008-02-25 22:00:00+00:00,1781.6,1806.7,1761.3,1792.0,12990.0
2008-02-26 22:00:00+00:00,1791.8,1805.2,1773.0,1801.5,12249.0
2008-02-27 22:00:00+00:00,1801.2,1807.6,1778.7,1780.7,11835.0
2008-02-28 22:00:00+00:00,1780.5,1785.0,1738.8,1751.2,13142.0
2008-03-02 22:00:00+00:00,1744.4,1745.4,1714.9,1734.9,11713.0
2008-03-03 22:00:00+00:00,1734.6,1747.5,1705.8,1745.6,14549.0
2008-03-04 22:00:00+00:00,1745.3,1767.4,1735.8,1754.0,14250.0
2008-03-05 22:00:00+00:00,1754.2,1770.0,1708.5,1715.8,13098.0
2008-03-06 22:00:00+00:00,1716.0,1731.4,1679.7,1707.2,16190.0
2008-03-09 21:00:00+00:00,1704.1,1715.7,1666.8,1668.6,12877.0
2008-03-10 21:00:00+00:00,1668.1,1750.2,1667.1,1749.9,15491.0
2008-03-11 21:00:00+00:00,1749.4,1764.6,1730.2,1734.7,11820.0
2008-03-12 21:00:00+00:00,1734.2,1760.1,1698.1,1746.8,12292.0
2008-03-13 21:00:00+00:00,1746.6,1774.7,1695.6,1714.3,9361.0
2008-03-16 21:00:00+00:00,1709.2,1747.5,1668.2,1692.2,5596.0
2008-03-17 21:00:00+00:00,1692.2,1765.8,1690.2,1764.8,3657.0
2008-03-18 21:00:00+00:00,1764.8,1775.2,1716.0,1718.5,3299.0
2008-03-19 21:00:00+00:00,1716.0,1752.4,1703.6,1744.2,10928.0
2008-03-23 21:00:00+00:00,1747.2,1819.7,1742.2,1813.0,10633.0
2008-03-24 21:00:00+00:00,1812.7,1832.7,1800.3,1819.8,11599.0
2008-03-25 21:00:00+00:00,1820.0,1822.8,1799.2,1801.4,10681.0
2008-03-26 21:00:00+00:00,1801.2,1816.4,1776.6,1786.8,12327.0
2008-03-27 21:00:00+00:00,1787.5,1803.0,1761.7,1773.4,10408.0
2008-03-30 21:00:00+00:00,1774.1,1790.3,1761.4,1780.1,9823.0
2008-03-31 21:00:00+00:00,1779.1,1856.0,1771.2,1852.5,11578.0
2008-04-01 21:00:00+00:00,1852.0,1872.0,1837.3,1853.5,11160.0
2008-04-02 21:00:00+00:00,1853.3,1867.6,1836.4,1861.8,10439.0
2008-04-03 21:00:00+00:00,1862.6,1885.1,1846.7,1863.4,11265.0
2008-04-06 21:00:00+00:00,1863.1,1887.8,1853.9,1857.2,9709.0
2008-04-07 21:00:00+00:00,1856.7,1860.2,1838.1,1849.8,8907.0
2008-04-08 21:00:00+00:00,1849.5,1860.5,1815.0,1830.2,10643.0
2008-04-09 21:00:00+00:00,1830.4,1864.6,1818.5,1854.9,9986.0
2008-04-10 21:00:00+00:00,1855.2,1864.2,1793.9,1801.9,10989.0
2008-04-13 21:00:00+00:00,1802.1,1808.6,1786.4,1792.2,9192.0
2008-04-14 21:00:00+00:00,1792.9,1816.2,1776.5,1813.9,9807.0
2008-04-15 21:00:00+00:00,1813.7,1864.4,1809.5,1857.9,11452.0
2008-04-16 21:00:00+00:00,1857.7,1872.4,1829.5,1870.4,10184.0
2008-04-17 21:00:00+00:00,1869.9,1909.7,1865.7,1897.0,10665.0
2008-04-20 21:00:00+00:00,1898.1,1915.7,1888.9,1905.7,7629.0
2008-04-21 21:00:00+00:00,1905.9,1908.0,1868.1,1890.8,9645.0
2008-04-22 21:00:00+00:00,1891.0,1914.5,1884.6,1887.6,10421.0
2008-04-23 21:00:00+00:00,1887.9,1944.8,1882.4,1909.4,13655.0
2008-04-24 21:00:00+00:00,1910.4,1929.2,1894.3,1916.2,11030.0
2008-04-27 21:00:00+00:00,1918.1,1937.4,1914.4,1923.5,7451.0
2008-04-28 21:00:00+00:00,1923.2,1943.5,1914.8,1934.5,8756.0
2008-04-29 21:00:00+00:00,1934.3,1955.5,1912.6,1920.4,10936.0
2008-04-30 21:00:00+00:00,1919.9,1981.6,1917.4,1979.8,11157.0
2008-05-01 21:00:00+00:00,1979.6,2003.6,1965.9,1986.7,12060.0
2008-05-04 21:00:00+00:00,1982.1,1993.9,1966.1,1977.7,7551.0
2008-05-05 21:00:00+00:00,1977.9,2001.0,1958.3,1999.0,10959.0
2008-05-06 21:00:00+00:00,1998.5,2001.8,1946.4,1957.4,11365.0
2008-05-07 21:00:00+00:00,1957.6,1980.4,1954.7,1959.0,10969.0
2008-05-08 21:00:00+00:00,1958.5,1970.0,1947.8,1960.8,9122.0
2008-05-11 21:00:00+00:00,1960.5,2000.2,1958.2,1995.8,8488.0
2008-05-12 21:00:00+00:00,1996.0,2005.8,1982.3,2001.3,8790.0
2008-05-13 21:00:00+00:00,2000.3,2029.6,1992.4,1994.4,10180.0
2008-05-14 21:00:00+00:00,1994.7,2033.9,1991.2,2032.0,10794.0
2008-05-15 21:00:00+00:00,2031.7,2038.5,2009.8,2032.8,9410.0
2008-05-18 21:00:00+00:00,2032.7,2051.5,2005.6,2021.8,9362.0
2008-05-19 21:00:00+00:00,2021.3,2023.1,1987.7,2004.9,10226.0
2008-05-20 21:00:00+00:00,2005.2,2016.2,1951.8,1961.8,12818.0
2008-05-21 21:00:00+00:00,1961.6,1979.1,1955.4,1963.4,11784.0
2008-05-22 21:00:00+00:00,1963.1,1967.2,1943.7,1957.5,10034.0
2008-05-25 21:00:00+00:00,1958.2,1966.0,1951.9,1961.5,438.0
2008-05-26 21:00:00+00:00,1961.7,1996.5,1954.8,1991.8,10033.0
2008-05-27 21:00:00+00:00,1992.0,2006.8,1981.4,2000.6,10237.0
2008-05-28 21:00:00+00:00,2000.4,2031.2,1997.9,2024.4,10680.0
2008-05-29 21:00:00+00:00,2024.7,2042.0,2021.7,2033.0,8383.0
2008-06-01 21:00:00+00:00,2033.7,2036.7,1989.5,2010.5,9952.0
2008-06-02 21:00:00+00:00,2010.3,2027.8,1977.6,1996.1,12338.0
2008-06-03 21:00:00+00:00,1996.4,2036.7,1984.9,2018.5,12513.0
2008-06-04 21:00:00+00:00,2018.2,2059.0,2016.2,2055.8,10958.0
2008-06-05 21:00:00+00:00,2056.0,2061.1,1986.6,1987.6,14090.0
2008-06-08 21:00:00+00:00,1986.6,1999.6,1948.2,1985.4,14444.0
2008-06-09 21:00:00+00:00,1985.2,1988.7,1955.7,1972.0,13141.0
2008-06-10 21:00:00+00:00,1971.5,1983.0,1922.6,1924.8,12500.0
2008-06-11 21:00:00+00:00,1924.3,1954.1,1909.7,1930.9,9392.0
2008-06-12 21:00:00+00:00,1929.9,1969.7,1919.0,1963.2,6267.0
2008-06-15 21:00:00+00:00,1964.4,1992.2,1952.2,1977.0,4222.0
2008-06-16 21:00:00+00:00,1977.7,1995.5,1969.8,1975.6,3540.0
2008-06-17 21:00:00+00:00,1974.8,1979.4,1943.4,1948.9,3451.0
2008-06-18 21:00:00+00:00,1947.4,1992.0,1934.7,1983.0,3006.0
2008-06-19 21:00:00+00:00,1982.5,1984.0,1917.9,1931.1,13381.0
2008-06-22 21:00:00+00:00,1933.6,1942.6,1902.1,1906.8,11295.0
2008-06-23 21:00:00+00:00,1906.6,1925.6,1886.2,1905.4,13398.0
2008-06-24 21:00:00+00:00,1904.9,1951.3,1903.2,1918.0,12225.0
2008-06-25 21:00:00+00:00,1918.2,1919.3,1854.1,1859.3,14664.0
2008-06-26 21:00:00+00:00,1859.6,1869.1,1827.6,1856.5,14878.0
2008-06-29 21:00:00+00:00,1859.2,1864.7,1834.6,1841.6,12331.0
2008-06-30 21:00:00+00:00,1841.3,1863.8,1807.8,1862.6,16256.0
2008-07-01 21:00:00+00:00,1862.3,1879.1,1812.9,1814.7,14939.0
2008-07-02 21:00:00+00:00,1814.4,1830.9,1798.5,1815.8,10624.0
2008-07-03 21:00:00+00:00,1815.3,1820.8,1806.1,1807.4,656.0
2008-07-06 21:00:00+00:00,1808.3,1847.0,1796.7,1826.9,14258.0
2008-07-07 21:00:00+00:00,1826.6,1869.0,1803.5,1859.1,16061.0
2008-07-08 21:00:00+00:00,1858.8,1869.9,1816.6,1820.1,14243.0
2008-07-09 21:00:00+00:00,1819.8,1845.1,1803.0,1841.6,17034.0
2008-07-10 21:00:00+00:00,1841.9,1852.8,1781.2,1812.1,18476.0
2008-07-13 21:00:00+00:00,1812.3,1843.7,1790.4,1795.9,15609.0
2008-07-14 21:00:00+00:00,1795.7,1826.4,1758.9,1800.5,18778.0
2008-07-15 21:00:00+00:00,1800.0,1843.5,1779.4,1833.8,17095.0
2008-07-16 21:00:00+00:00,1834.0,1862.0,1819.9,1822.9,16132.0
2008-07-17 21:00:00+00:00,1823.1,1841.9,1814.2,1822.2,12994.0
2008-07-20 21:00:00+00:00,1821.7,1839.0,1794.4,1796.1,11849.0
2008-07-21 21:00:00+00:00,1795.9,1822.6,1782.2,1819.7,13124.0
2008-07-22 21:00:00+00:00,1819.4,1864.1,1816.5,1845.2,14028.0
2008-07-23 21:00:00+00:00,1845.7,1856.7,1806.9,1813.1,13272.0
2008-07-24 21:00:00+00:00,1813.4,1847.9,1809.7,1834.9,11335.0
2008-07-27 21:00:00+00:00,1839.1,1848.9,1795.3,1806.8,11364.0
2008-07-28 21:00:00+00:00,1807.0,1850.0,1801.6,1837.1,12162.0
2008-07-29 21:00:00+00:00,1836.8,1861.3,1823.2,1852.4,13199.0
2008-07-30 21:00:00+00:00,1851.9,1873.6,1827.5,1850.5,13860.0
2008-07-31 21:00:00+00:00,1850.2,1858.3,1803.2,1827.6,13372.0
2008-08-03 21:00:00+00:00,1828.3,1832.3,1799.5,1808.0,10553.0
2008-08-04 21:00:00+00:00,1808.5,1870.9,1805.5,1869.7,11890.0
2008-08-05 21:00:00+00:00,1870.2,1902.2,1851.6,1892.2,12962.0
2008-08-06 21:00:00+00:00,1892.0,1903.1,1872.6,1884.6,12079.0
2008-08-07 21:00:00+00:00,1884.4,1927.6,1875.0,1919.4,11695.0
2008-08-10 21:00:00+00:00,1916.1,1961.6,1914.6,1937.9,11813.0
2008-08-11 21:00:00+00:00,1937.7,1956.5,1927.8,1943.3,11946.0
2008-08-12 21:00:00+00:00,1942.8,1955.3,1919.9,1938.6,12599.0
2008-08-13 21:00:00+00:00,1938.4,1969.2,1929.7,1964.2,11729.0
2008-08-14 21:00:00+00:00,1963.9,1973.0,1948.8,1961.1,10974.0
2008-08-17 21:00:00+00:00,1958.6,1972.6,1920.5,1939.7,10939.0
2008-08-18 21:00:00+00:00,1939.9,1943.2,1899.8,1915.3,11935.0
2008-08-19 21:00:00+00:00,1914.8,1932.9,1899.4,1911.2,12051.0
2008-08-20 21:00:00+00:00,1910.9,1913.5,1885.5,1905.3,11628.0
2008-08-21 21:00:00+00:00,1905.0,1938.3,1898.3,1927.6,9626.0
2008-08-24 21:00:00+00:00,1927.3,1928.2,1884.5,1893.5,10493.0
2008-08-25 21:00:00+00:00,1893.7,1901.3,1874.3,1888.8,9583.0
2008-08-26 21:00:00+00:00,1888.6,1914.2,1879.7,1897.2,10376.0
2008-08-27 21:00:00+00:00,1897.4,1921.7,1888.8,1905.3,9613.0
2008-08-28 21:00:00+00:00,1905.0,1905.8,1865.4,1873.7,10062.0
2008-08-31 21:00:00+00:00,1872.4,1877.2,1865.9,1875.2,733.0
2008-09-01 21:00:00+00:00,1875.0,1913.5,1842.4,1851.4,13320.0
2008-09-02 21:00:00+00:00,1851.1,1857.7,1820.2,1832.5,12785.0
2008-09-03 21:00:00+00:00,1832.7,1834.5,1772.4,1774.4,13063.0
2008-09-04 21:00:00+00:00,1774.6,1779.2,1740.0,1767.7,15280.0
2008-09-07 21:00:00+00:00,1793.7,1814.2,1734.3,1758.3,17379.0
2008-09-08 21:00:00+00:00,1758.5,1779.3,1719.9,1728.9,14936.0
2008-09-09 21:00:00+00:00,1729.9,1755.0,1725.2,1736.7,14715.0
2008-09-10 21:00:00+00:00,1737.0,1779.3,1706.6,1779.3,12637.0
2008-09-11 21:00:00+00:00,1777.6,1777.8,1743.4,1773.7,7330.0
2008-09-14 21:00:00+00:00,1762.6,1762.6,1705.7,1715.0,5878.0
2008-09-15 21:00:00+00:00,1714.7,1740.5,1683.8,1709.1,6079.0
2008-09-16 21:00:00+00:00,1710.8,1739.1,1634.2,1642.9,4972.0
2008-09-17 21:00:00+00:00,1644.4,1706.2,1605.7,1698.0,4598.0
2008-09-18 21:00:00+00:00,1697.8,1791.8,1695.0,1729.7,20578.0
2008-09-21 21:00:00+00:00,1726.2,1742.9,1656.1,1663.3,13750.0
2008-09-22 21:00:00+00:00,1664.1,1693.3,1639.8,1642.5,16472.0
2008-09-23 21:00:00+00:00,1644.0,1673.7,1642.3,1664.3,15561.0
2008-09-24 21:00:00+00:00,1665.0,1705.7,1656.6,1664.9,15947.0
2008-09-25 21:00:00+00:00,1664.6,1675.9,1622.4,1668.9,15735.0
2008-09-28 21:00:00+00:00,1673.1,1679.3,1487.8,1503.3,20482.0
2008-09-29 21:00:00+00:00,1503.0,1598.4,1500.8,1588.2,16925.0
2008-09-30 21:00:00+00:00,1588.0,1592.7,1545.2,1572.4,15676.0
2008-10-01 21:00:00+00:00,1572.9,1583.4,1489.3,1503.0,16339.0
2008-10-02 21:00:00+00:00,1503.3,1554.1,1468.3,1470.7,18595.0
2008-10-05 21:00:00+00:00,1471.7,1473.4,1338.1,1401.5,23101.0
2008-10-06 21:00:00+00:00,1401.3,1433.7,1326.9,1330.2,23122.0
2008-10-07 21:00:00+00:00,1330.4,1387.5,1275.7,1306.3,28499.0
2008-10-08 21:00:00+00:00,1305.6,1367.4,1257.9,1264.6,22807.0
2008-10-09 21:00:00+00:00,1264.8,1320.9,1193.5,1270.9,29036.0
2008-10-12 21:00:00+00:00,1293.0,1453.9,1293.0,1447.9,19939.0
2008-10-13 21:00:00+00:00,1448.2,1493.1,1348.1,1384.3,24549.0
2008-10-14 21:00:00+00:00,1384.5,1386.0,1220.5,1225.2,22592.0
2008-10-15 21:00:00+00:00,1224.4,1325.4,1186.9,1312.9,27453.0
2008-10-16 21:00:00+00:00,1312.4,1366.8,1264.4,1307.8,23328.0
2008-10-19 21:00:00+00:00,1310.7,1357.8,1286.6,1346.6,19545.0
2008-10-20 21:00:00+00:00,1346.9,1351.4,1266.5,1268.5,19712.0
2008-10-21 21:00:00+00:00,1268.7,1319.6,1204.3,1242.9,21663.0
2008-10-22 21:00:00+00:00,1242.1,1261.1,1172.2,1247.7,25091.0
2008-10-23 21:00:00+00:00,1249.4,1249.7,1151.0,1188.9,22091.0
2008-10-26 21:00:00+00:00,1186.3,1224.8,1133.3,1156.3,21187.0
2008-10-27 21:00:00+00:00,1156.5,1304.9,1147.8,1294.2,21398.0
2008-10-28 21:00:00+00:00,1294.7,1342.3,1267.5,1296.7,21160.0
2008-10-29 21:00:00+00:00,1295.2,1350.8,1293.2,1336.4,20235.0
2008-10-30 21:00:00+00:00,1335.7,1357.0,1301.8,1332.8,18210.0
2008-11-02 22:00:00+00:00,1331.9,1352.9,1319.0,1338.3,13673.0
2008-11-03 22:00:00+00:00,1337.5,1380.2,1330.3,1374.5,15561.0
2008-11-04 22:00:00+00:00,1375.0,1385.5,1274.3,1275.8,17516.0
2008-11-05 22:00:00+00:00,1276.3,1291.8,1232.0,1245.2,20502.0
2008-11-06 22:00:00+00:00,1244.2,1286.9,1240.5,1286.7,17796.0
2008-11-09 22:00:00+00:00,1290.3,1318.3,1232.8,1252.7,15740.0
2008-11-10 22:00:00+00:00,1253.5,1259.2,1205.7,1219.1,16244.0
2008-11-11 22:00:00+00:00,1219.4,1242.1,1157.6,1158.8,17464.0
2008-11-12 22:00:00+00:00,1158.6,1241.0,1106.2,1232.5,22834.0
2008-11-13 22:00:00+00:00,1233.5,1234.5,1153.0,1153.5,20227.0
2008-11-16 22:00:00+00:00,1155.8,1186.6,1137.9,1151.9,18450.0
2008-11-17 22:00:00+00:00,1152.7,1173.5,1111.1,1166.2,20230.0
2008-11-18 22:00:00+00:00,1166.0,1170.0,1081.2,1086.4,19854.0
2008-11-19 22:00:00+00:00,1086.9,1112.7,1029.8,1045.5,23418.0
2008-11-20 22:00:00+00:00,1045.3,1090.8,1016.1,1085.3,22199.0
2008-11-23 22:00:00+00:00,1097.2,1162.4,1070.7,1141.2,19731.0
2008-11-24 22:00:00+00:00,1141.4,1170.2,1116.3,1135.7,19556.0
2008-11-25 22:00:00+00:00,1135.0,1193.5,1121.0,1190.0,17050.0
2008-11-26 22:00:00+00:00,1190.5,1194.5,1178.5,1192.8,892.0
2008-11-27 22:00:00+00:00,1193.0,1198.1,1169.9,1180.1,6359.0
2008-11-30 22:00:00+00:00,1184.0,1187.0,1088.4,1089.2,15115.0
2008-12-01 22:00:00+00:00,1089.4,1135.2,1088.4,1131.7,18097.0
2008-12-02 22:00:00+00:00,1131.2,1165.5,1095.3,1156.7,18963.0
2008-12-03 22:00:00+00:00,1156.0,1168.0,1108.1,1130.1,17950.0
2008-12-04 22:00:00+00:00,1130.6,1179.9,1094.2,1174.1,18737.0
2008-12-07 22:00:00+00:00,1176.3,1237.0,1170.0,1204.8,16835.0
2008-12-08 22:00:00+00:00,1204.5,1251.8,1199.8,1217.9,17924.0
2008-12-09 22:00:00+00:00,1217.6,1238.9,1202.7,1214.9,15656.0
2008-12-10 22:00:00+00:00,1214.4,1229.0,1170.5,1174.8,10507.0
2008-12-11 22:00:00+00:00,1175.0,1214.6,1133.6,1211.6,10457.0
2008-12-14 22:00:00+00:00,1213.2,1222.2,1166.5,1192.3,5804.0
2008-12-15 22:00:00+00:00,1191.5,1245.6,1187.8,1235.4,5632.0
2008-12-16 22:00:00+00:00,1235.9,1242.2,1204.4,1226.2,3198.0
2008-12-17 22:00:00+00:00,1228.9,1234.0,1193.0,1215.5,2146.0
2008-12-18 22:00:00+00:00,1214.8,1237.3,1208.8,1210.5,11934.0
2008-12-21 22:00:00+00:00,1211.0,1223.0,1169.3,1196.3,9759.0
2008-12-22 22:00:00+00:00,1195.8,1205.8,1175.8,1186.0,8881.0
2008-12-23 22:00:00+00:00,1185.3,1188.8,1178.3,1180.5,2791.0
2008-12-25 22:00:00+00:00,1184.3,1190.6,1178.3,1185.6,2459.0
2008-12-28 22:00:00+00:00,1187.6,1197.6,1155.8,1176.6,6344.0
2008-12-29 22:00:00+00:00,1176.1,1207.6,1175.1,1205.6,7701.0
2008-12-30 22:00:00+00:00,1206.3,1224.3,1196.3,1199.6,6597.0
2009-01-01 22:00:00+00:00,1209.3,1267.6,1203.6,1253.3,9026.0
2009-01-04 22:00:00+00:00,1251.3,1274.6,1243.8,1261.3,11010.0
2009-01-05 22:00:00+00:00,1261.1,1286.6,1259.1,1268.1,12035.0
2009-01-06 22:00:00+00:00,1267.8,1272.6,1227.4,1240.6,12074.0
2009-01-07 22:00:00+00:00,1240.8,1252.1,1222.9,1248.9,10919.0
2009-01-08 22:00:00+00:00,1248.4,1255.9,1215.6,1220.9,11624.0
2009-01-11 22:00:00+00:00,1220.6,1225.6,1186.2,1208.1,9887.0
2009-01-12 22:00:00+00:00,1207.1,1218.1,1184.7,1202.2,12978.0
2009-01-13 22:00:00+00:00,1201.9,1210.4,1143.2,1144.4,13676.0
2009-01-14 22:00:00+00:00,1144.2,1190.7,1138.2,1179.2,16751.0
2009-01-15 22:00:00+00:00,1179.7,1200.7,1164.2,1196.9,14950.0
2009-01-18 22:00:00+00:00,1198.7,1221.9,1182.2,1189.2,2220.0
2009-01-19 22:00:00+00:00,1189.7,1194.7,1131.7,1142.0,15004.0
2009-01-20 22:00:00+00:00,1141.7,1201.7,1139.7,1194.7,15441.0
2009-01-21 22:00:00+00:00,1194.9,1201.4,1146.2,1170.0,16614.0
2009-01-22 22:00:00+00:00,1170.2,1190.7,1141.2,1164.0,16652.0
2009-01-25 22:00:00+00:00,1164.7,1201.0,1146.5,1184.0,13730.0
2009-01-26 22:00:00+00:00,1183.7,1200.0,1176.0,1191.5,12830.0
2009-01-27 22:00:00+00:00,1192.0,1244.2,1191.2,1228.2,13112.0
2009-01-28 22:00:00+00:00,1228.5,1230.0,1195.7,1205.2,12851.0
2009-01-29 22:00:00+00:00,1205.0,1214.0,1173.8,1181.5,13675.0
2009-02-01 22:00:00+00:00,1180.8,1201.8,1153.3,1189.0,12959.0
2009-02-02 22:00:00+00:00,1189.3,1217.5,1177.3,1207.0,12792.0
2009-02-03 22:00:00+00:00,1207.8,1242.5,1203.5,1207.3,12336.0
2009-02-04 22:00:00+00:00,1209.8,1248.8,1184.8,1234.8,16255.0
2009-02-05 22:00:00+00:00,1234.5,1279.3,1230.0,1275.5,13082.0
2009-02-08 22:00:00+00:00,1272.8,1285.3,1257.8,1274.3,9346.0
2009-02-09 22:00:00+00:00,1273.8,1285.8,1221.3,1231.0,15135.0
2009-02-10 22:00:00+00:00,1230.5,1239.3,1206.3,1225.3,13168.0
2009-02-11 22:00:00+00:00,1225.0,1246.8,1202.6,1244.8,16297.0
2009-02-12 22:00:00+00:00,1243.8,1254.8,1226.1,1229.6,13329.0
2009-02-15 22:00:00+00:00,1224.1,1226.8,1206.3,1207.6,1539.0
2009-02-16 22:00:00+00:00,1208.1,1213.1,1179.1,1185.8,14533.0
2009-02-17 22:00:00+00:00,1185.6,1203.8,1171.3,1176.3,14946.0
2009-02-18 22:00:00+00:00,1176.1,1201.3,1165.1,1168.3,13709.0
2009-02-19 22:00:00+00:00,1167.8,1182.9,1149.9,1172.6,15862.0
2009-02-22 22:00:00+00:00,1174.4,1195.9,1125.4,1134.6,14945.0
2009-02-23 22:00:00+00:00,1135.4,1176.6,1133.6,1164.9,14645.0
2009-02-24 22:00:00+00:00,1164.4,1184.1,1141.9,1154.9,15388.0
2009-02-25 22:00:00+00:00,1154.6,1174.6,1126.6,1131.1,14455.0
2009-02-26 22:00:00+00:00,1130.9,1138.6,1107.2,1112.2,15722.0
2009-03-01 22:00:00+00:00,1114.2,1115.7,1074.2,1086.2,15091.0
2009-03-02 22:00:00+00:00,1086.9,1102.2,1061.9,1067.4,15296.0
2009-03-03 22:00:00+00:00,1067.2,1124.9,1065.4,1105.4,14758.0
2009-03-04 22:00:00+00:00,1105.7,1108.9,1071.9,1082.4,14941.0
2009-03-05 22:00:00+00:00,1081.9,1089.2,1042.9,1075.7,15603.0
2009-03-08 21:00:00+00:00,1076.7,1087.7,1040.2,1045.2,14849.0
2009-03-09 21:00:00+00:00,1044.7,1112.5,1044.0,1110.0,13436.0
2009-03-10 21:00:00+00:00,1109.5,1135.7,1105.0,1124.5,14875.0
2009-03-11 21:00:00+00:00,1125.0,1167.7,1111.7,1163.7,9988.0
2009-03-12 21:00:00+00:00,1164.5,1176.0,1149.2,1171.0,6116.0
2009-03-15 21:00:00+00:00,1169.0,1181.7,1144.0,1151.5,5003.0
2009-03-16 21:00:00+00:00,1152.2,1192.5,1148.5,1190.2,3995.0
2009-03-17 21:00:00+00:00,1191.2,1225.2,1180.0,1214.0,4188.0
2009-03-18 21:00:00+00:00,1213.5,1223.5,1196.0,1204.5,2141.0
2009-03-19 21:00:00+00:00,1204.0,1222.0,1179.4,1189.2,12317.0
2009-03-22 21:00:00+00:00,1188.7,1260.3,1188.7,1255.5,12645.0
2009-03-23 21:00:00+00:00,1256.3,1257.3,1233.9,1234.9,11605.0
2009-03-24 21:00:00+00:00,1235.2,1263.7,1207.4,1239.7,14420.0
2009-03-25 21:00:00+00:00,1239.4,1284.0,1239.4,1277.0,14180.0
2009-03-26 21:00:00+00:00,1276.7,1279.2,1250.1,1256.4,11962.0
2009-03-29 21:00:00+00:00,1252.1,1256.6,1205.5,1226.3,12690.0
2009-03-30 21:00:00+00:00,1226.0,1259.8,1224.0,1229.0,11874.0
2009-03-31 21:00:00+00:00,1229.3,1256.3,1212.0,1252.5,13254.0
2009-04-01 21:00:00+00:00,1251.8,1312.8,1251.0,1305.1,15326.0
2009-04-02 21:00:00+00:00,1305.3,1319.8,1295.3,1319.3,12014.0
2009-04-05 21:00:00+00:00,1317.5,1329.5,1287.7,1316.5,11383.0
2009-04-06 21:00:00+00:00,1316.7,1319.2,1269.1,1283.4,11400.0
2009-04-07 21:00:00+00:00,1283.2,1307.7,1268.9,1303.2,11090.0
2009-04-08 21:00:00+00:00,1303.7,1343.2,1301.2,1339.4,10555.0
2009-04-12 21:00:00+00:00,1333.8,1345.1,1323.3,1336.8,8254.0
2009-04-13 21:00:00+00:00,1336.6,1342.8,1307.0,1307.8,11907.0
2009-04-14 21:00:00+00:00,1308.0,1321.8,1295.5,1319.0,11641.0
2009-04-15 21:00:00+00:00,1319.7,1360.0,1309.0,1344.5,12772.0
2009-04-16 21:00:00+00:00,1344.0,1362.5,1338.5,1354.5,9728.0
2009-04-19 21:00:00+00:00,1351.2,1351.2,1303.1,1315.8,10662.0
2009-04-20 21:00:00+00:00,1315.3,1331.6,1301.3,1329.3,12027.0
2009-04-21 21:00:00+00:00,1329.1,1363.3,1316.3,1334.1,13527.0
2009-04-22 21:00:00+00:00,1334.3,1355.1,1320.5,1348.0,13896.0
2009-04-23 21:00:00+00:00,1348.3,1379.8,1337.0,1376.1,12778.0
2009-04-26 21:00:00+00:00,1369.5,1384.7,1351.7,1370.5,12430.0
2009-04-27 21:00:00+00:00,1370.2,1379.0,1352.9,1357.7,11008.0
2009-04-28 21:00:00+00:00,1357.9,1398.7,1356.7,1380.4,11078.0
2009-04-29 21:00:00+00:00,1380.7,1418.7,1377.9,1391.2,12937.0
2009-04-30 21:00:00+00:00,1391.4,1404.1,1382.4,1400.1,9030.0
2009-05-03 21:00:00+00:00,1398.8,1427.1,1398.8,1426.3,10620.0
2009-05-04 21:00:00+00:00,1426.6,1429.1,1407.5,1427.5,10569.0
2009-05-05 21:00:00+00:00,1427.0,1436.8,1400.3,1421.8,14250.0
2009-05-06 21:00:00+00:00,1421.3,1438.0,1376.7,1392.0,13126.0
2009-05-07 21:00:00+00:00,1392.2,1411.5,1376.9,1389.2,13506.0
2009-05-10 21:00:00+00:00,1388.1,1410.9,1367.1,1395.1,12249.0
2009-05-11 21:00:00+00:00,1395.6,1407.6,1361.8,1386.1,12357.0
2009-05-12 21:00:00+00:00,1386.3,1390.5,1339.2,1344.8,12215.0
2009-05-13 21:00:00+00:00,1344.5,1369.7,1337.7,1356.5,11768.0
2009-05-14 21:00:00+00:00,1356.0,1374.0,1342.5,1354.7,11254.0
2009-05-17 21:00:00+00:00,1353.1,1393.4,1343.4,1390.1,10363.0
2009-05-18 21:00:00+00:00,1389.9,1411.4,1379.9,1391.1,10812.0
2009-05-19 21:00:00+00:00,1391.9,1423.9,1387.3,1393.8,11889.0
2009-05-20 21:00:00+00:00,1394.1,1394.1,1352.8,1370.8,12474.0
2009-05-21 21:00:00+00:00,1370.5,1380.0,1353.3,1361.5,9477.0
2009-05-24 21:00:00+00:00,1360.5,1368.2,1349.9,1363.9,1100.0
2009-05-25 21:00:00+00:00,1363.2,1415.2,1343.4,1412.4,10992.0
2009-05-26 21:00:00+00:00,1412.2,1429.4,1398.4,1401.9,11788.0
2009-05-27 21:00:00+00:00,1401.6,1424.9,1389.9,1419.1,11724.0
2009-05-28 21:00:00+00:00,1419.4,1441.3,1411.8,1437.8,9876.0
2009-05-31 21:00:00+00:00,1434.5,1482.8,1430.5,1470.8,10780.0
2009-06-01 21:00:00+00:00,1471.3,1495.0,1465.0,1478.5,9540.0
2009-06-02 21:00:00+00:00,1478.7,1485.0,1459.5,1476.7,9481.0
2009-06-03 21:00:00+00:00,1476.0,1493.9,1474.2,1493.4,8929.0
2009-06-04 21:00:00+00:00,1493.2,1512.4,1478.9,1495.2,11368.0
2009-06-07 21:00:00+00:00,1492.1,1500.3,1467.1,1492.6,10149.0
2009-06-08 21:00:00+00:00,1493.8,1509.8,1486.8,1500.0,9601.0
2009-06-09 21:00:00+00:00,1499.8,1518.0,1473.8,1496.5,11089.0
2009-06-10 21:00:00+00:00,1496.8,1512.2,1488.5,1490.2,7582.0
2009-06-11 21:00:00+00:00,1490.5,1497.5,1469.9,1486.7,4412.0
2009-06-14 21:00:00+00:00,1482.9,1482.9,1444.8,1458.8,4060.0
2009-06-15 21:00:00+00:00,1458.1,1469.6,1442.8,1445.1,3523.0
2009-06-16 21:00:00+00:00,1444.6,1470.8,1439.5,1454.3,2727.0
2009-06-17 21:00:00+00:00,1454.5,1464.3,1444.8,1452.0,1418.0
2009-06-18 21:00:00+00:00,1450.8,1477.8,1450.3,1467.0,9372.0
2009-06-21 21:00:00+00:00,1464.7,1471.5,1422.4,1429.4,10022.0
2009-06-22 21:00:00+00:00,1429.7,1435.2,1412.9,1424.4,9689.0
2009-06-23 21:00:00+00:00,1423.9,1457.9,1420.9,1446.7,9422.0
2009-06-24 21:00:00+00:00,1446.9,1477.7,1433.9,1473.7,10625.0
2009-06-25 21:00:00+00:00,1473.4,1482.9,1464.9,1477.7,7753.0
2009-06-28 21:00:00+00:00,1476.9,1493.4,1467.6,1482.4,7904.0
2009-06-29 21:00:00+00:00,1482.9,1492.7,1466.6,1476.4,8793.0
2009-06-30 21:00:00+00:00,1477.1,1497.1,1475.1,1479.4,8802.0
2009-07-01 21:00:00+00:00,1479.6,1479.9,1442.1,1445.8,8001.0
2009-07-02 21:00:00+00:00,1448.1,1448.3,1443.1,1444.1,114.0
2009-07-05 21:00:00+00:00,1443.6,1444.8,1423.3,1441.0,8134.0
2009-07-06 21:00:00+00:00,1441.5,1447.5,1402.0,1407.0,8830.0
2009-07-07 21:00:00+00:00,1407.3,1416.0,1393.5,1410.8,10406.0
2009-07-08 21:00:00+00:00,1410.3,1422.0,1407.3,1414.3,8233.0
2009-07-09 21:00:00+00:00,1414.5,1427.0,1403.7,1416.5,8564.0
2009-07-12 21:00:00+00:00,1419.2,1447.5,1400.2,1442.7,10723.0
2009-07-13 21:00:00+00:00,1443.0,1475.0,1438.0,1473.5,9664.0
2009-07-14 21:00:00+00:00,1473.2,1500.2,1467.0,1496.5,10104.0
2009-07-15 21:00:00+00:00,1496.7,1521.0,1489.7,1511.2,10179.0
2009-07-16 21:00:00+00:00,1511.5,1529.7,1505.5,1529.2,8717.0
2009-07-19 21:00:00+00:00,1528.4,1544.4,1524.2,1538.7,8943.0
2009-07-20 21:00:00+00:00,1538.4,1560.2,1529.2,1559.9,10718.0
2009-07-21 21:00:00+00:00,1560.2,1571.9,1545.9,1559.2,10042.0
2009-07-22 21:00:00+00:00,1559.4,1604.4,1555.7,1573.9,11234.0
2009-07-23 21:00:00+00:00,1573.7,1600.9,1572.7,1599.4,9554.0
2009-07-26 21:00:00+00:00,1597.9,1609.6,1579.1,1598.1,9068.0
2009-07-27 21:00:00+00:00,1598.6,1608.6,1582.1,1601.4,10432.0
2009-07-28 21:00:00+00:00,1601.1,1604.1,1584.3,1601.4,10370.0
2009-07-29 21:00:00+00:00,1601.6,1632.6,1599.6,1607.8,10741.0
2009-07-30 21:00:00+00:00,1607.6,1619.3,1599.1,1601.6,9280.0
2009-08-02 21:00:00+00:00,1601.8,1628.8,1601.1,1627.3,9551.0
2009-08-03 21:00:00+00:00,1627.6,1632.8,1613.3,1631.5,8577.0
2009-08-04 21:00:00+00:00,1630.8,1632.0,1603.0,1607.0,9517.0
2009-08-05 21:00:00+00:00,1607.3,1623.3,1594.3,1601.3,10343.0
2009-08-06 21:00:00+00:00,1601.0,1628.3,1595.8,1619.8,9726.0
2009-08-09 21:00:00+00:00,1619.5,1620.0,1598.2,1612.0,7985.0
2009-08-10 21:00:00+00:00,1612.7,1618.2,1586.5,1597.7,9244.0
2009-08-11 21:00:00+00:00,1598.0,1634.2,1587.7,1621.7,10197.0
2009-08-12 21:00:00+00:00,1620.9,1638.9,1610.4,1632.9,8873.0
2009-08-13 21:00:00+00:00,1632.7,1634.4,1595.4,1616.4,8788.0
2009-08-16 21:00:00+00:00,1612.6,1612.9,1561.6,1567.1,11392.0
2009-08-17 21:00:00+00:00,1566.9,1588.6,1564.4,1584.9,9613.0
2009-08-18 21:00:00+00:00,1584.6,1600.6,1564.8,1597.6,9555.0
2009-08-19 21:00:00+00:00,1597.8,1618.6,1591.3,1613.8,7945.0
2009-08-20 21:00:00+00:00,1614.1,1639.8,1601.1,1635.8,8817.0
2009-08-23 21:00:00+00:00,1635.3,1648.3,1629.3,1633.3,9027.0
2009-08-24 21:00:00+00:00,1633.5,1655.8,1625.5,1637.0,8795.0
2009-08-25 21:00:00+00:00,1637.5,1649.5,1627.8,1636.8,8864.0
2009-08-26 21:00:00+00:00,1637.0,1643.8,1610.8,1639.8,9959.0
2009-08-27 21:00:00+00:00,1639.5,1668.8,1631.0,1643.0,9950.0
2009-08-30 21:00:00+00:00,1641.5,1645.2,1616.0,1624.2,8114.0
2009-08-31 21:00:00+00:00,1624.5,1649.2,1590.4,1595.7,12431.0
2009-09-01 21:00:00+00:00,1596.2,1603.2,1585.4,1592.7,10393.0
2009-09-02 21:00:00+00:00,1592.4,1608.4,1584.7,1605.7,7988.0
2009-09-03 21:00:00+00:00,1605.9,1640.7,1602.4,1636.4,8972.0
2009-09-06 21:00:00+00:00,1635.6,1647.6,1634.1,1646.4,1253.0
2009-09-07 21:00:00+00:00,1645.9,1656.6,1640.9,1652.4,7372.0
2009-09-08 21:00:00+00:00,1652.6,1677.1,1645.1,1667.3,9476.0
2009-09-09 21:00:00+00:00,1667.1,1686.3,1662.1,1684.8,6446.0
2009-09-10 21:00:00+00:00,1684.6,1691.1,1674.1,1685.8,4242.0
2009-09-13 21:00:00+00:00,1685.0,1693.5,1667.5,1688.0,3138.0
2009-09-14 21:00:00+00:00,1687.8,1703.5,1681.5,1695.0,2940.0
2009-09-15 21:00:00+00:00,1695.3,1725.0,1695.3,1718.5,2161.0
2009-09-16 21:00:00+00:00,1719.5,1737.0,1714.0,1722.5,1991.0
2009-09-17 21:00:00+00:00,1722.0,1732.2,1714.7,1722.5,7461.0
2009-09-20 21:00:00+00:00,1719.2,1735.7,1708.7,1728.4,8410.0
2009-09-21 21:00:00+00:00,1728.7,1743.2,1727.4,1735.9,7419.0
2009-09-22 21:00:00+00:00,1736.2,1755.2,1722.6,1725.6,9009.0
2009-09-23 21:00:00+00:00,1726.1,1738.6,1697.8,1700.1,11050.0
2009-09-24 21:00:00+00:00,1699.8,1710.6,1690.8,1698.8,10539.0
2009-09-27 21:00:00+00:00,1698.8,1734.3,1689.7,1724.5,8864.0
2009-09-28 21:00:00+00:00,1724.3,1732.5,1708.5,1715.7,8349.0
2009-09-29 21:00:00+00:00,1716.0,1731.7,1691.2,1715.5,11120.0
2009-09-30 21:00:00+00:00,1715.7,1723.5,1665.6,1671.1,11400.0
2009-10-01 21:00:00+00:00,1671.4,1676.4,1651.4,1663.4,10796.0
2009-10-04 21:00:00+00:00,1664.1,1682.8,1659.5,1676.8,8655.0
2009-10-05 21:00:00+00:00,1676.6,1712.8,1675.8,1703.6,10148.0
2009-10-06 21:00:00+00:00,1703.8,1715.8,1697.8,1713.0,8170.0
2009-10-07 21:00:00+00:00,1712.5,1732.0,1711.5,1715.0,9979.0
2009-10-08 21:00:00+00:00,1715.3,1729.3,1708.0,1728.0,8082.0
2009-10-11 21:00:00+00:00,1726.5,1742.0,1718.2,1728.5,6763.0
2009-10-12 21:00:00+00:00,1728.2,1746.5,1721.9,1742.5,7890.0
2009-10-13 21:00:00+00:00,1742.0,1755.9,1741.2,1750.7,8773.0
2009-10-14 21:00:00+00:00,1750.4,1755.7,1738.4,1750.4,7947.0
2009-10-15 21:00:00+00:00,1749.9,1758.2,1726.4,1734.1,9655.0
2009-10-18 21:00:00+00:00,1731.3,1774.6,1724.6,1773.1,9275.0
2009-10-19 21:00:00+00:00,1772.8,1773.8,1744.8,1757.8,9544.0
2009-10-20 21:00:00+00:00,1757.5,1780.5,1747.3,1751.8,10322.0
2009-10-21 21:00:00+00:00,1751.5,1767.5,1738.8,1764.8,10639.0
2009-10-22 21:00:00+00:00,1764.3,1779.5,1748.0,1753.7,11037.0
2009-10-25 21:00:00+00:00,1752.2,1778.2,1738.7,1747.9,11339.0
2009-10-26 21:00:00+00:00,1748.2,1752.9,1714.1,1721.9,12330.0
2009-10-27 21:00:00+00:00,1722.1,1724.1,1678.3,1681.1,13243.0
2009-10-28 21:00:00+00:00,1680.8,1714.1,1678.3,1706.8,10378.0
2009-10-29 21:00:00+00:00,1706.6,1712.6,1661.0,1663.5,13475.0
2009-11-01 22:00:00+00:00,1662.0,1688.7,1651.2,1672.7,13813.0
2009-11-02 22:00:00+00:00,1672.5,1678.4,1652.4,1675.7,11750.0
2009-11-03 22:00:00+00:00,1675.2,1700.7,1674.7,1686.2,10803.0
2009-11-04 22:00:00+00:00,1685.9,1722.9,1672.4,1721.2,9892.0
2009-11-05 22:00:00+00:00,1720.7,1737.4,1705.9,1730.9,9556.0
2009-11-08 22:00:00+00:00,1728.9,1768.4,1728.6,1767.4,8166.0
2009-11-09 22:00:00+00:00,1767.1,1777.3,1759.8,1774.8,8190.0
2009-11-10 22:00:00+00:00,1775.1,1793.1,1771.8,1784.1,8736.0
2009-11-11 22:00:00+00:00,1783.8,1794.3,1769.3,1773.3,9280.0
2009-11-12 22:00:00+00:00,1773.0,1793.3,1771.0,1788.0,7918.0
2009-11-15 22:00:00+00:00,1790.2,1814.5,1788.0,1803.7,8470.0
2009-11-16 22:00:00+00:00,1804.2,1812.4,1796.0,1809.7,7239.0
2009-11-17 22:00:00+00:00,1809.4,1813.9,1789.7,1801.7,7871.0
2009-11-18 22:00:00+00:00,1801.4,1802.7,1760.6,1769.9,8671.0
2009-11-19 22:00:00+00:00,1769.6,1774.6,1755.6,1764.1,7179.0
2009-11-22 22:00:00+00:00,1763.6,1802.1,1762.8,1790.5,7133.0
2009-11-23 22:00:00+00:00,1790.3,1794.0,1776.3,1787.3,6715.0
2009-11-24 22:00:00+00:00,1787.0,1800.0,1786.0,1794.8,5531.0
2009-11-25 22:00:00+00:00,1795.0,1797.5,1747.0,1750.2,2238.0
2009-11-26 22:00:00+00:00,1750.2,1780.2,1724.0,1759.5,8534.0
2009-11-29 22:00:00+00:00,1763.4,1775.2,1750.6,1768.1,10174.0
2009-11-30 22:00:00+00:00,1767.9,1799.4,1765.9,1790.4,7437.0
2009-12-01 22:00:00+00:00,1790.6,1806.8,1786.6,1792.1,7559.0
2009-12-02 22:00:00+00:00,1792.3,1807.1,1777.3,1777.3,7851.0
2009-12-03 22:00:00+00:00,1777.1,1816.6,1773.0,1795.0,10581.0
2009-12-06 22:00:00+00:00,1795.3,1799.0,1779.2,1788.0,7292.0
2009-12-07 22:00:00+00:00,1787.7,1790.0,1760.5,1769.0,9862.0
2009-12-08 22:00:00+00:00,1769.2,1793.4,1758.9,1793.4,8988.0
2009-12-09 22:00:00+00:00,1793.7,1808.7,1786.4,1800.7,6411.0
2009-12-10 22:00:00+00:00,1801.2,1812.7,1784.6,1794.1,4114.0
2009-12-13 22:00:00+00:00,1794.3,1811.1,1788.3,1807.1,2543.0
2009-12-14 22:00:00+00:00,1807.3,1813.8,1793.3,1798.3,2328.0
2009-12-15 22:00:00+00:00,1798.5,1815.0,1796.5,1800.8,2110.0
2009-12-16 22:00:00+00:00,1800.3,1804.0,1776.8,1786.8,1751.0
2009-12-17 22:00:00+00:00,1787.0,1809.3,1785.8,1807.8,8272.0
2009-12-20 22:00:00+00:00,1807.7,1835.5,1805.0,1827.0,7198.0
2009-12-21 22:00:00+00:00,1827.5,1842.7,1827.5,1842.2,5701.0
2009-12-22 22:00:00+00:00,1842.0,1854.7,1838.7,1854.7,5327.0
2009-12-23 22:00:00+00:00,1854.5,1871.2,1853.4,1870.2,3170.0
2009-12-27 22:00:00+00:00,1869.1,1883.1,1864.4,1876.1,4993.0
2009-12-28 22:00:00+00:00,1875.9,1882.9,1870.8,1873.6,3985.0
2009-12-29 22:00:00+00:00,1873.3,1881.8,1863.8,1879.1,4602.0
2009-12-30 22:00:00+00:00,1878.8,1883.3,1860.8,1868.5,3469.0
2010-01-03 22:00:00+00:00,1867.0,1890.5,1867.0,1888.5,6944.0
2010-01-04 22:00:00+00:00,1888.7,1891.0,1877.5,1886.0,6576.0
2010-01-05 22:00:00+00:00,1886.2,1893.0,1873.7,1879.2,7324.0
2010-01-06 22:00:00+00:00,1879.4,1881.9,1867.2,1878.9,7682.0
2010-01-07 22:00:00+00:00,1879.2,1893.9,1866.4,1891.2,7921.0
2010-01-10 22:00:00+00:00,1893.6,1901.4,1875.6,1879.8,7424.0
2010-01-11 22:00:00+00:00,1880.1,1885.1,1851.3,1866.8,9035.0
2010-01-12 22:00:00+00:00,1866.6,1890.8,1854.5,1883.3,8818.0
2010-01-13 22:00:00+00:00,1883.5,1895.3,1877.3,1893.0,6822.0
2010-01-14 22:00:00+00:00,1892.8,1894.3,1856.0,1864.2,9532.0
2010-01-17 22:00:00+00:00,1863.0,1876.2,1859.7,1875.4,1611.0
2010-01-18 22:00:00+00:00,1874.7,1896.4,1858.7,1888.7,8330.0
2010-01-19 22:00:00+00:00,1888.4,1893.4,1846.6,1870.2,10183.0
2010-01-20 22:00:00+00:00,1869.9,1884.6,1837.9,1839.9,13352.0
2010-01-21 22:00:00+00:00,1839.6,1850.4,1790.6,1798.1,14146.0
2010-01-24 22:00:00+00:00,1795.8,1814.0,1785.3,1804.8,11160.0
2010-01-25 22:00:00+00:00,1804.0,1824.8,1786.5,1802.7,12353.0
2010-01-26 22:00:00+00:00,1803.0,1822.5,1788.7,1810.5,13552.0
2010-01-27 22:00:00+00:00,1810.2,1821.0,1760.2,1779.2,15072.0
2010-01-28 22:00:00+00:00,1780.2,1790.2,1732.7,1739.7,15192.0
2010-01-31 22:00:00+00:00,1740.9,1759.1,1737.9,1758.3,10142.0
2010-02-01 22:00:00+00:00,1757.8,1778.8,1748.6,1772.1,9959.0
2010-02-02 22:00:00+00:00,1771.8,1791.8,1764.3,1790.1,9408.0
2010-02-03 22:00:00+00:00,1790.3,1792.8,1732.3,1733.8,12152.0
2010-02-04 22:00:00+00:00,1733.5,1748.5,1711.5,1745.8,15764.0
2010-02-07 22:00:00+00:00,1748.0,1754.5,1731.2,1733.2,10041.0
2010-02-08 22:00:00+00:00,1733.5,1768.0,1733.0,1754.7,12112.0
2010-02-09 22:00:00+00:00,1755.0,1763.4,1736.9,1746.9,10684.0
2010-02-10 22:00:00+00:00,1746.7,1779.4,1737.4,1777.9,11931.0
2010-02-11 22:00:00+00:00,1778.4,1784.2,1754.7,1783.9,11454.0
2010-02-14 22:00:00+00:00,1782.1,1785.1,1775.8,1778.1,1273.0
2010-02-15 22:00:00+00:00,1779.6,1802.1,1778.6,1800.1,8270.0
2010-02-16 22:00:00+00:00,1800.6,1813.3,1798.1,1811.6,8013.0
2010-02-17 22:00:00+00:00,1811.8,1825.3,1805.3,1809.3,8692.0
2010-02-18 22:00:00+00:00,1809.5,1830.5,1801.5,1819.5,8801.0
2010-02-21 22:00:00+00:00,1819.2,1833.2,1810.7,1820.0,7671.0
2010-02-22 22:00:00+00:00,1819.7,1829.5,1785.7,1800.4,9829.0
2010-02-23 22:00:00+00:00,1800.2,1820.2,1796.9,1813.2,8972.0
2010-02-24 22:00:00+00:00,1813.4,1816.4,1781.2,1812.4,11308.0
2010-02-25 22:00:00+00:00,1812.2,1822.6,1804.1,1822.6,7934.0
2010-02-28 22:00:00+00:00,1821.6,1848.6,1821.6,1845.3,7702.0
2010-03-01 22:00:00+00:00,1845.1,1862.6,1842.8,1853.1,7666.0
2010-03-02 22:00:00+00:00,1852.8,1861.6,1846.0,1850.8,6770.0
2010-03-03 22:00:00+00:00,1850.5,1861.0,1844.5,1858.3,6393.0
2010-03-04 22:00:00+00:00,1858.8,1889.8,1857.5,1885.0,7096.0
2010-03-07 22:00:00+00:00,1884.2,1895.0,1883.5,1888.7,5909.0
2010-03-08 22:00:00+00:00,1889.0,1912.2,1881.4,1902.2,8824.0
2010-03-09 22:00:00+00:00,1901.9,1921.2,1900.2,1917.7,8554.0
2010-03-10 22:00:00+00:00,1917.2,1926.9,1909.4,1925.9,6588.0
2010-03-11 22:00:00+00:00,1925.7,1932.4,1916.6,1926.1,3402.0
2010-03-14 21:00:00+00:00,1927.8,1927.8,1906.6,1919.8,2508.0
2010-03-15 21:00:00+00:00,1920.6,1934.5,1919.1,1930.3,2221.0
2010-03-16 21:00:00+00:00,1931.0,1946.3,1930.0,1936.5,1695.0
2010-03-17 21:00:00+00:00,1936.8,1945.5,1931.8,1944.5,1481.0
2010-03-18 21:00:00+00:00,1943.8,1951.0,1924.9,1933.7,7546.0
2010-03-21 21:00:00+00:00,1924.6,1956.9,1921.9,1951.1,7293.0
2010-03-22 21:00:00+00:00,1951.4,1964.6,1943.1,1964.4,6920.0
2010-03-23 21:00:00+00:00,1964.1,1964.6,1948.6,1953.6,7203.0
2010-03-24 21:00:00+00:00,1954.1,1976.3,1947.8,1948.3,8076.0
2010-03-25 21:00:00+00:00,1948.0,1965.5,1941.8,1952.8,8406.0
2010-03-28 21:00:00+00:00,1954.5,1968.7,1954.2,1962.2,6257.0
2010-03-29 21:00:00+00:00,1962.4,1974.4,1954.9,1965.2,6602.0
2010-03-30 21:00:00+00:00,1965.4,1969.9,1954.9,1960.4,6984.0
2010-03-31 21:00:00+00:00,1960.1,1979.6,1943.3,1956.1,8794.0
2010-04-01 21:00:00+00:00,1956.3,1964.3,1951.1,1963.8,673.0
2010-04-04 21:00:00+00:00,1966.3,1981.0,1957.5,1976.5,6092.0
2010-04-05 21:00:00+00:00,1976.2,1988.0,1967.5,1980.2,5935.0
2010-04-06 21:00:00+00:00,1980.0,1986.7,1966.7,1976.9,7197.0
2010-04-07 21:00:00+00:00,1977.2,1984.7,1961.4,1981.4,7714.0
2010-04-08 21:00:00+00:00,1981.2,1994.9,1977.1,1994.9,5805.0
2010-04-11 21:00:00+00:00,1997.1,2003.8,1990.0,1993.3,5671.0
2010-04-12 21:00:00+00:00,1993.0,2012.5,1986.3,2009.5,6442.0
2010-04-13 21:00:00+00:00,2009.8,2029.8,2009.8,2029.0,6596.0
2010-04-14 21:00:00+00:00,2028.8,2039.8,2020.0,2030.7,6506.0
2010-04-15 21:00:00+00:00,2031.0,2037.2,1999.7,2010.9,12049.0
2010-04-18 21:00:00+00:00,2006.4,2018.4,1987.6,2012.8,10212.0
2010-04-19 21:00:00+00:00,2012.6,2042.1,2009.1,2041.1,8293.0
2010-04-20 21:00:00+00:00,2040.8,2041.3,2019.5,2021.5,8857.0
2010-04-21 21:00:00+00:00,2021.3,2046.8,2002.3,2035.8,11414.0
2010-04-22 21:00:00+00:00,2035.5,2055.3,2031.3,2053.8,8672.0
2010-04-25 21:00:00+00:00,2051.7,2060.4,2044.7,2049.2,7126.0
2010-04-26 21:00:00+00:00,2048.7,2052.2,2000.3,2010.8,12052.0
2010-04-27 21:00:00+00:00,2010.6,2024.1,1991.1,2008.6,12256.0
2010-04-28 21:00:00+00:00,2008.8,2045.6,2006.3,2041.8,9919.0
2010-04-29 21:00:00+00:00,2041.6,2048.6,1999.5,2005.5,11351.0
2010-05-02 21:00:00+00:00,2003.7,2039.4,2000.7,2026.4,8894.0
2010-05-03 21:00:00+00:00,2026.2,2029.9,1953.6,1971.1,13127.0
2010-05-04 21:00:00+00:00,1970.3,1973.3,1936.0,1959.3,13874.0
2010-05-05 21:00:00+00:00,1959.1,1964.3,1733.9,1879.2,19122.0
2010-05-06 21:00:00+00:00,1879.5,1909.0,1807.2,1850.4,25669.0
2010-05-09 21:00:00+00:00,1874.9,1944.4,1873.4,1943.7,19164.0
2010-05-10 21:00:00+00:00,1943.2,1965.9,1916.1,1932.1,14975.0
2010-05-11 21:00:00+00:00,1932.4,1977.1,1918.1,1968.3,12973.0
2010-05-12 21:00:00+00:00,1968.6,1982.6,1939.6,1945.6,12716.0
2010-05-13 21:00:00+00:00,1944.8,1951.5,1884.3,1910.8,15727.0
2010-05-16 21:00:00+00:00,1908.7,1920.4,1871.4,1915.4,16053.0
2010-05-17 21:00:00+00:00,1914.9,1932.7,1877.6,1883.6,16202.0
2010-05-18 21:00:00+00:00,1883.4,1894.6,1850.3,1873.6,19547.0
2010-05-19 21:00:00+00:00,1873.8,1875.8,1791.5,1794.8,21791.0
2010-05-20 21:00:00+00:00,1794.5,1834.5,1766.8,1818.5,22107.0
2010-05-23 21:00:00+00:00,1822.0,1840.4,1796.7,1808.2,15727.0
2010-05-24 21:00:00+00:00,1808.4,1822.9,1755.9,1822.4,19898.0
2010-05-25 21:00:00+00:00,1822.7,1850.4,1787.1,1792.9,16921.0
2010-05-26 21:00:00+00:00,1792.6,1864.9,1783.1,1864.4,15297.0
2010-05-27 21:00:00+00:00,1863.6,1874.8,1836.1,1851.8,14460.0
2010-05-30 21:00:00+00:00,1852.5,1866.5,1850.8,1861.0,1733.0
2010-05-31 21:00:00+00:00,1861.0,1878.5,1825.0,1835.0,15797.0
2010-06-01 21:00:00+00:00,1835.2,1879.7,1832.0,1878.4,13382.0
2010-06-02 21:00:00+00:00,1878.7,1899.7,1871.4,1893.2,13399.0
2010-06-03 21:00:00+00:00,1893.4,1904.7,1824.6,1835.4,17164.0
2010-06-06 21:00:00+00:00,1832.1,1845.8,1794.3,1796.3,16505.0
2010-06-07 21:00:00+00:00,1796.8,1818.0,1770.3,1794.3,17665.0
2010-06-08 21:00:00+00:00,1794.5,1823.7,1774.0,1780.2,14851.0
2010-06-09 21:00:00+00:00,1780.0,1832.0,1775.7,1823.7,12111.0
2010-06-10 21:00:00+00:00,1823.5,1848.9,1808.2,1844.2,8424.0
2010-06-13 21:00:00+00:00,1848.1,1877.3,1844.1,1846.8,5032.0
2010-06-14 21:00:00+00:00,1848.1,1899.1,1846.3,1892.6,3829.0
2010-06-15 21:00:00+00:00,1893.1,1913.5,1880.0,1904.5,2891.0
2010-06-16 21:00:00+00:00,1903.0,1918.0,1894.0,1911.0,2211.0
2010-06-17 21:00:00+00:00,1909.8,1925.0,1905.5,1909.2,9803.0
2010-06-20 21:00:00+00:00,1923.5,1941.5,1884.2,1901.0,12899.0
2010-06-21 21:00:00+00:00,1900.7,1917.2,1877.0,1881.2,13287.0
2010-06-22 21:00:00+00:00,1881.7,1890.5,1858.2,1869.2,12527.0
2010-06-23 21:00:00+00:00,1869.0,1875.5,1837.9,1850.0,14254.0
2010-06-24 21:00:00+00:00,1849.5,1856.9,1827.9,1839.4,13869.0
2010-06-27 21:00:00+00:00,1839.4,1851.9,1821.7,1833.2,11489.0
2010-06-28 21:00:00+00:00,1832.9,1839.9,1750.7,1763.2,15298.0
2010-06-29 21:00:00+00:00,1762.9,1777.9,1733.4,1736.4,13681.0
2010-06-30 21:00:00+00:00,1736.6,1746.1,1698.6,1728.4,17135.0
2010-07-01 21:00:00+00:00,1729.1,1745.9,1710.6,1720.9,12991.0
2010-07-04 21:00:00+00:00,1722.4,1728.9,1717.9,1720.4,2366.0
2010-07-05 21:00:00+00:00,1720.1,1762.6,1706.1,1734.9,14019.0
2010-07-06 21:00:00+00:00,1734.1,1789.9,1722.6,1789.4,12112.0
2010-07-07 21:00:00+00:00,1789.1,1803.6,1774.9,1796.4,12382.0
2010-07-08 21:00:00+00:00,1796.6,1815.6,1789.6,1811.9,9273.0
2010-07-11 21:00:00+00:00,1810.3,1829.8,1801.6,1825.1,9394.0
2010-07-12 21:00:00+00:00,1825.3,1862.3,1818.3,1857.6,11958.0
2010-07-13 21:00:00+00:00,1857.3,1866.3,1838.6,1851.8,11803.0
2010-07-14 21:00:00+00:00,1852.3,1864.6,1829.1,1852.6,12926.0
2010-07-15 21:00:00+00:00,1852.3,1856.3,1800.3,1802.3,13269.0
2010-07-18 21:00:00+00:00,1800.8,1821.6,1784.3,1797.8,11645.0
2010-07-19 21:00:00+00:00,1798.1,1857.8,1782.8,1852.3,13937.0
2010-07-20 21:00:00+00:00,1852.6,1860.3,1811.5,1814.5,13772.0
2010-07-21 21:00:00+00:00,1814.8,1869.3,1812.8,1849.0,12129.0
2010-07-22 21:00:00+00:00,1849.5,1876.5,1844.8,1874.5,12584.0
2010-07-25 21:00:00+00:00,1874.5,1888.5,1866.3,1886.8,9991.0
2010-07-26 21:00:00+00:00,1887.8,1901.0,1878.5,1887.0,10056.0
2010-07-27 21:00:00+00:00,1886.8,1895.0,1865.0,1868.3,10514.0
2010-07-28 21:00:00+00:00,1868.0,1886.5,1839.3,1857.8,12618.0
2010-07-29 21:00:00+00:00,1856.5,1873.5,1832.0,1864.0,12459.0
2010-08-01 21:00:00+00:00,1869.0,1901.8,1867.3,1894.2,9348.0
2010-08-02 21:00:00+00:00,1894.5,1898.2,1880.2,1895.0,8518.0
2010-08-03 21:00:00+00:00,1895.2,1910.2,1883.5,1906.7,9654.0
2010-08-04 21:00:00+00:00,1906.5,1913.0,1891.2,1903.5,8032.0
2010-08-05 21:00:00+00:00,1903.7,1908.0,1872.2,1905.7,11737.0
2010-08-08 21:00:00+00:00,1903.2,1918.2,1898.7,1913.0,6691.0
2010-08-09 21:00:00+00:00,1913.5,1914.2,1881.0,1897.0,10452.0
2010-08-10 21:00:00+00:00,1897.2,1898.0,1824.2,1825.7,11823.0
2010-08-11 21:00:00+00:00,1825.4,1838.4,1806.9,1829.7,12548.0
2010-08-12 21:00:00+00:00,1829.9,1842.9,1815.4,1816.7,9446.0
2010-08-15 21:00:00+00:00,1817.9,1833.4,1800.4,1821.2,10066.0
2010-08-16 21:00:00+00:00,1820.9,1860.7,1817.2,1841.9,9727.0
2010-08-17 21:00:00+00:00,1842.2,1862.2,1831.2,1840.2,9983.0
2010-08-18 21:00:00+00:00,1840.4,1850.2,1810.7,1822.2,11420.0
2010-08-19 21:00:00+00:00,1822.4,1829.6,1808.6,1826.9,9783.0
2010-08-22 21:00:00+00:00,1824.9,1842.6,1804.9,1809.4,10161.0
2010-08-23 21:00:00+00:00,1809.6,1810.1,1766.4,1771.6,11493.0
2010-08-24 21:00:00+00:00,1771.1,1798.6,1756.9,1790.9,12244.0
2010-08-25 21:00:00+00:00,1791.1,1802.9,1763.6,1765.6,11605.0
2010-08-26 21:00:00+00:00,1765.9,1794.3,1746.1,1790.6,12543.0
2010-08-29 21:00:00+00:00,1790.8,1805.1,1768.3,1770.8,9561.0
2010-08-30 21:00:00+00:00,1771.1,1781.6,1754.8,1774.6,12139.0
2010-08-31 21:00:00+00:00,1774.3,1825.1,1771.8,1820.1,10715.0
2010-09-01 21:00:00+00:00,1820.3,1841.3,1813.1,1838.1,8889.0
2010-09-02 21:00:00+00:00,1837.8,1871.3,1834.6,1867.6,9958.0
2010-09-05 21:00:00+00:00,1867.6,1877.6,1865.8,1869.6,1282.0
2010-09-06 21:00:00+00:00,1869.3,1873.8,1854.0,1858.3,8961.0
2010-09-07 21:00:00+00:00,1858.5,1888.0,1852.3,1879.0,9955.0
2010-09-08 21:00:00+00:00,1879.3,1897.8,1874.8,1885.8,7182.0
2010-09-09 21:00:00+00:00,1885.5,1896.8,1880.0,1891.8,4738.0
2010-09-12 21:00:00+00:00,1896.5,1925.0,1896.5,1919.3,3513.0
2010-09-13 21:00:00+00:00,1920.5,1938.8,1912.5,1923.8,3180.0
2010-09-14 21:00:00+00:00,1924.0,1943.5,1917.0,1942.5,2297.0
2010-09-15 21:00:00+00:00,1942.3,1957.8,1932.3,1956.8,2371.0
2010-09-16 21:00:00+00:00,1957.3,1973.0,1945.7,1955.2,9854.0
2010-09-19 21:00:00+00:00,1953.4,1993.7,1951.6,1984.9,9242.0
2010-09-20 21:00:00+00:00,1984.7,2003.2,1979.9,1986.1,9711.0
2010-09-21 21:00:00+00:00,1986.4,1997.4,1973.3,1986.1,10833.0
2010-09-22 21:00:00+00:00,1985.8,2003.1,1965.5,1985.3,10778.0
2010-09-23 21:00:00+00:00,1984.8,2024.8,1981.5,2022.1,9817.0
2010-09-26 21:00:00+00:00,2021.5,2033.5,2009.7,2011.2,8498.0
2010-09-27 21:00:00+00:00,2011.5,2023.0,1980.2,2013.4,12296.0
2010-09-28 21:00:00+00:00,2013.7,2020.9,2001.1,2010.6,9986.0
2010-09-29 21:00:00+00:00,2011.1,2030.9,1986.1,1998.6,13778.0
2010-09-30 21:00:00+00:00,1998.3,2018.1,1987.8,1996.6,11222.0
2010-10-03 21:00:00+00:00,2000.2,2000.2,1963.4,1980.7,10616.0
2010-10-04 21:00:00+00:00,1981.2,2027.2,1978.2,2021.7,10571.0
2010-10-05 21:00:00+00:00,2021.5,2027.0,1992.6,2008.7,11252.0
2010-10-06 21:00:00+00:00,2008.4,2021.4,1996.1,2016.4,10488.0
2010-10-07 21:00:00+00:00,2016.1,2031.6,1984.3,2024.3,11431.0
2010-10-10 21:00:00+00:00,2025.3,2037.3,2021.0,2027.3,6322.0
2010-10-11 21:00:00+00:00,2027.5,2045.7,2006.5,2043.7,10499.0
2010-10-12 21:00:00+00:00,2043.5,2067.5,2038.0,2058.2,9445.0
2010-10-13 21:00:00+00:00,2058.5,2073.2,2043.7,2073.2,10985.0
2010-10-14 21:00:00+00:00,2072.9,2099.9,2062.4,2098.4,12165.0
2010-10-17 21:00:00+00:00,2097.1,2106.3,2059.6,2063.1,10111.0
2010-10-18 21:00:00+00:00,2062.8,2086.8,2053.5,2068.5,14732.0
2010-10-19 21:00:00+00:00,2068.3,2100.5,2064.5,2091.0,10253.0
2010-10-20 21:00:00+00:00,2090.8,2106.5,2068.7,2083.5,11410.0
2010-10-21 21:00:00+00:00,2083.7,2106.4,2079.2,2106.4,7937.0
2010-10-24 21:00:00+00:00,2105.9,2127.1,2103.9,2110.6,8339.0
2010-10-25 21:00:00+00:00,2110.8,2123.8,2094.3,2119.6,8808.0
2010-10-26 21:00:00+00:00,2120.1,2126.8,2104.0,2122.3,9900.0
2010-10-27 21:00:00+00:00,2122.5,2138.0,2111.0,2131.8,10169.0
2010-10-28 21:00:00+00:00,2131.5,2137.2,2118.5,2125.2,8509.0
2010-10-31 21:00:00+00:00,2126.7,2148.1,2116.9,2129.9,9665.0
2010-11-01 21:00:00+00:00,2129.4,2155.3,2127.9,2152.6,7648.0
2010-11-02 21:00:00+00:00,2152.8,2167.6,2131.6,2167.1,10941.0
2010-11-03 21:00:00+00:00,2167.3,2192.3,2164.3,2184.1,9391.0
2010-11-04 21:00:00+00:00,2184.3,2192.0,2178.3,2186.0,8719.0
2010-11-07 22:00:00+00:00,2181.9,2190.7,2175.2,2183.7,7039.0
2010-11-08 22:00:00+00:00,2183.2,2199.4,2165.6,2175.9,9171.0
2010-11-09 22:00:00+00:00,2176.1,2188.6,2161.3,2169.3,10557.0
2010-11-10 22:00:00+00:00,2168.8,2176.8,2143.5,2173.3,11098.0
2010-11-11 22:00:00+00:00,2173.5,2175.5,2120.5,2135.2,13684.0
2010-11-14 22:00:00+00:00,2135.2,2151.9,2123.9,2125.9,9599.0
2010-11-15 22:00:00+00:00,2126.1,2126.6,2084.6,2095.6,12618.0
2010-11-16 22:00:00+00:00,2095.3,2110.3,2089.0,2097.3,9753.0
2010-11-17 22:00:00+00:00,2097.0,2147.8,2096.8,2135.0,9622.0
2010-11-18 22:00:00+00:00,2134.5,2139.5,2120.7,2134.7,8197.0
2010-11-21 22:00:00+00:00,2139.9,2156.1,2121.9,2153.6,11318.0
2010-11-22 22:00:00+00:00,2153.9,2155.1,2105.6,2115.6,12532.0
2010-11-23 22:00:00+00:00,2116.3,2166.3,2114.1,2158.6,9821.0
2010-11-24 22:00:00+00:00,2159.1,2164.0,2153.8,2162.3,1517.0
2010-11-25 22:00:00+00:00,2162.5,2163.0,2135.5,2146.0,6056.0
2010-11-28 22:00:00+00:00,2150.7,2160.9,2118.6,2145.1,12155.0
2010-11-29 22:00:00+00:00,2145.4,2148.1,2110.1,2115.3,12390.0
2010-11-30 22:00:00+00:00,2116.6,2174.6,2111.6,2159.8,10631.0
2010-12-01 22:00:00+00:00,2159.5,2189.3,2157.5,2187.8,10035.0
2010-12-02 22:00:00+00:00,2188.0,2195.5,2168.5,2188.7,8331.0
2010-12-05 22:00:00+00:00,2188.4,2194.2,2177.4,2188.9,6997.0
2010-12-06 22:00:00+00:00,2188.6,2217.3,2185.9,2188.6,8712.0
2010-12-07 22:00:00+00:00,2188.3,2203.3,2180.6,2203.3,8245.0
2010-12-08 22:00:00+00:00,2203.6,2215.0,2194.0,2198.8,6804.0
2010-12-09 22:00:00+00:00,2198.5,2218.5,2198.0,2217.7,3996.0
2010-12-12 22:00:00+00:00,2217.9,2229.9,2206.9,2211.6,3097.0
2010-12-13 22:00:00+00:00,2211.1,2221.1,2205.8,2215.3,2285.0
2010-12-14 22:00:00+00:00,2216.1,2224.3,2197.0,2204.3,2707.0
2010-12-15 22:00:00+00:00,2203.5,2225.8,2197.8,2222.0,1850.0
2010-12-16 22:00:00+00:00,2221.5,2227.0,2212.7,2213.7,6126.0
2010-12-19 22:00:00+00:00,2216.5,2230.5,2206.0,2220.7,7414.0
2010-12-20 22:00:00+00:00,2220.5,2237.5,2219.7,2232.2,5040.0
2010-12-21 22:00:00+00:00,2232.5,2238.7,2231.2,2236.7,4019.0
2010-12-22 22:00:00+00:00,2236.5,2239.2,2224.2,2231.7,4103.0
2010-12-26 22:00:00+00:00,2227.7,2234.2,2207.7,2230.7,5807.0
2010-12-27 22:00:00+00:00,2230.4,2236.9,2221.7,2226.4,3833.0
2010-12-28 22:00:00+00:00,2226.2,2235.9,2224.7,2229.9,3435.0
2010-12-29 22:00:00+00:00,2229.7,2233.2,2221.9,2225.2,3748.0
2010-12-30 22:00:00+00:00,2224.9,2229.4,2208.2,2224.4,3763.0
2011-01-02 22:00:00+00:00,2220.4,2268.2,2219.7,2251.2,8705.0
2011-01-03 22:00:00+00:00,2251.7,2262.9,2237.2,2247.7,7885.0
2011-01-04 22:00:00+00:00,2246.9,2272.2,2229.9,2269.9,8652.0
2011-01-05 22:00:00+00:00,2270.2,2279.7,2267.6,2277.1,7201.0
2011-01-06 22:00:00+00:00,2276.9,2282.6,2252.9,2273.4,10375.0
2011-01-09 22:00:00+00:00,2272.6,2287.4,2261.4,2282.4,8237.0
2011-01-10 22:00:00+00:00,2282.1,2295.4,2278.6,2284.9,7772.0
2011-01-11 22:00:00+00:00,2284.6,2307.1,2284.4,2303.9,7081.0
2011-01-12 22:00:00+00:00,2303.6,2309.9,2297.1,2308.4,6923.0
2011-01-13 22:00:00+00:00,2308.1,2323.4,2297.8,2322.1,7283.0
2011-01-16 22:00:00+00:00,2321.6,2325.3,2287.3,2292.1,2791.0
2011-01-17 22:00:00+00:00,2292.6,2346.6,2292.6,2336.1,9734.0
2011-01-18 22:00:00+00:00,2335.8,2338.8,2293.3,2294.6,10341.0
2011-01-19 22:00:00+00:00,2294.8,2299.3,2267.6,2286.6,11623.0
2011-01-20 22:00:00+00:00,2286.3,2300.6,2266.1,2268.6,9083.0
2011-01-23 22:00:00+00:00,2269.1,2301.1,2265.1,2296.0,9235.0
2011-01-24 22:00:00+00:00,2296.3,2302.5,2282.5,2299.5,9344.0
2011-01-25 22:00:00+00:00,2299.3,2320.3,2298.5,2318.0,8500.0
2011-01-26 22:00:00+00:00,2317.8,2334.8,2313.5,2321.8,8670.0
2011-01-27 22:00:00+00:00,2322.3,2331.3,2258.3,2267.0,13148.0
2011-01-30 22:00:00+00:00,2265.8,2286.3,2250.8,2282.3,11654.0
2011-01-31 22:00:00+00:00,2282.0,2328.5,2281.5,2321.0,9608.0
2011-02-01 22:00:00+00:00,2321.3,2328.0,2312.8,2320.0,7264.0
2011-02-02 22:00:00+00:00,2319.8,2326.5,2296.2,2323.2,8548.0
2011-02-03 22:00:00+00:00,2323.0,2338.5,2316.7,2336.7,7845.0
2011-02-06 22:00:00+00:00,2338.0,2359.7,2334.7,2342.2,7702.0
2011-02-07 22:00:00+00:00,2342.0,2364.0,2341.7,2362.7,7130.0
2011-02-08 22:00:00+00:00,2363.0,2365.7,2350.7,2356.0,8104.0
2011-02-09 22:00:00+00:00,2356.2,2365.2,2338.5,2355.2,10322.0
2011-02-10 22:00:00+00:00,2355.4,2380.7,2347.9,2377.9,8040.0
2011-02-13 22:00:00+00:00,2376.4,2387.7,2375.7,2378.9,6360.0
2011-02-14 22:00:00+00:00,2378.7,2385.7,2370.9,2380.7,6840.0
2011-02-15 22:00:00+00:00,2380.9,2403.2,2380.4,2391.7,7888.0
2011-02-16 22:00:00+00:00,2392.4,2400.9,2383.7,2394.4,7154.0
2011-02-17 22:00:00+00:00,2394.7,2400.7,2382.2,2395.4,7084.0
2011-02-20 22:00:00+00:00,2393.7,2393.9,2366.1,2368.6,2115.0
2011-02-21 22:00:00+00:00,2368.4,2369.4,2315.9,2322.6,13668.0
2011-02-22 22:00:00+00:00,2322.9,2334.6,2285.1,2305.1,13453.0
2011-02-23 22:00:00+00:00,2304.9,2321.1,2280.9,2307.1,14282.0
2011-02-24 22:00:00+00:00,2306.9,2350.1,2306.6,2345.4,9322.0
2011-02-27 22:00:00+00:00,2345.3,2363.1,2336.8,2352.1,9884.0
2011-02-28 22:00:00+00:00,2353.1,2371.8,2305.8,2306.8,13224.0
2011-03-01 22:00:00+00:00,2306.6,2341.1,2302.3,2322.6,13042.0
2011-03-02 22:00:00+00:00,2322.8,2376.1,2321.3,2372.3,10613.0
2011-03-03 22:00:00+00:00,2372.8,2378.8,2344.3,2361.1,11808.0
2011-03-06 22:00:00+00:00,2360.3,2373.8,2306.6,2325.3,13913.0
2011-03-07 22:00:00+00:00,2325.6,2347.8,2310.6,2332.8,11641.0
2011-03-08 22:00:00+00:00,2332.6,2340.3,2308.6,2312.8,12921.0
2011-03-09 22:00:00+00:00,2313.1,2315.5,2275.5,2284.5,12204.0
2011-03-10 22:00:00+00:00,2284.8,2306.3,2265.0,2305.0,8515.0
2011-03-13 21:00:00+00:00,2296.5,2303.3,2274.3,2292.8,6435.0
2011-03-14 21:00:00+00:00,2293.0,2295.5,2216.8,2249.8,6209.0
2011-03-15 21:00:00+00:00,2249.5,2263.5,2188.5,2212.8,6129.0
2011-03-16 21:00:00+00:00,2206.0,2248.0,2188.8,2225.0,2959.0
2011-03-17 21:00:00+00:00,2226.3,2255.8,2217.0,2222.0,13807.0
2011-03-20 21:00:00+00:00,2224.9,2273.5,2220.9,2257.2,10397.0
2011-03-21 21:00:00+00:00,2257.7,2266.2,2251.4,2258.7,9021.0
2011-03-22 21:00:00+00:00,2258.9,2276.4,2233.9,2266.7,11079.0
2011-03-23 21:00:00+00:00,2266.9,2315.4,2264.4,2308.9,10731.0
2011-03-24 21:00:00+00:00,2308.7,2331.9,2308.7,2318.9,9705.0
2011-03-27 21:00:00+00:00,2318.1,2330.1,2296.8,2299.8,8516.0
2011-03-28 21:00:00+00:00,2300.1,2329.1,2291.3,2325.8,9068.0
2011-03-29 21:00:00+00:00,2326.1,2344.6,2322.1,2336.3,8159.0
2011-03-30 21:00:00+00:00,2336.6,2343.3,2329.3,2339.8,7537.0
2011-03-31 21:00:00+00:00,2339.0,2359.5,2335.0,2339.5,8932.0
2011-04-03 21:00:00+00:00,2339.0,2351.5,2323.7,2343.2,8105.0
2011-04-04 21:00:00+00:00,2342.9,2344.7,2319.9,2325.4,9436.0
2011-04-05 21:00:00+00:00,2325.7,2351.7,2318.9,2326.4,9474.0
2011-04-06 21:00:00+00:00,2326.1,2345.9,2313.6,2331.9,10599.0
2011-04-07 21:00:00+00:00,2332.1,2344.4,2306.6,2321.3,8684.0
2011-04-10 21:00:00+00:00,2324.3,2334.8,2303.5,2307.0,9626.0
2011-04-11 21:00:00+00:00,2307.5,2307.8,2286.5,2295.7,10814.0
2011-04-12 21:00:00+00:00,2295.5,2321.0,2294.7,2309.7,10509.0
2011-04-13 21:00:00+00:00,2309.5,2313.4,2289.2,2302.7,10574.0
2011-04-14 21:00:00+00:00,2303.2,2315.2,2290.9,2311.4,8780.0
2011-04-17 21:00:00+00:00,2309.4,2311.4,2251.8,2289.1,12645.0
2011-04-18 21:00:00+00:00,2288.8,2321.1,2279.1,2318.3,9304.0
2011-04-19 21:00:00+00:00,2318.6,2374.3,2317.1,2373.6,10688.0
2011-04-20 21:00:00+00:00,2373.1,2383.8,2368.1,2374.8,8295.0
2011-04-24 21:00:00+00:00,2374.2,2383.5,2373.0,2380.0,4899.0
2011-04-25 21:00:00+00:00,2379.7,2403.2,2374.0,2392.5,8010.0
2011-04-26 21:00:00+00:00,2392.2,2413.9,2388.4,2409.4,7726.0
2011-04-27 21:00:00+00:00,2409.7,2416.9,2397.4,2401.7,7673.0
2011-04-28 21:00:00+00:00,2401.9,2413.7,2398.7,2408.4,6008.0
2011-05-01 21:00:00+00:00,2409.1,2428.3,2394.8,2402.6,8943.0
2011-05-02 21:00:00+00:00,2402.3,2404.1,2375.0,2388.0,9150.0
2011-05-03 21:00:00+00:00,2388.3,2397.0,2365.8,2386.8,10930.0
2011-05-04 21:00:00+00:00,2387.0,2400.8,2364.5,2379.0,12429.0
2011-05-05 21:00:00+00:00,2378.7,2410.5,2373.7,2374.2,12713.0
2011-05-08 21:00:00+00:00,2378.9,2398.7,2374.9,2389.4,9352.0
2011-05-09 21:00:00+00:00,2389.7,2412.9,2383.6,2409.9,8572.0
2011-05-10 21:00:00+00:00,2409.6,2416.1,2375.1,2383.3,10909.0
2011-05-11 21:00:00+00:00,2383.8,2409.8,2370.3,2407.8,11191.0
2011-05-12 21:00:00+00:00,2407.3,2415.1,2369.8,2371.8,11026.0
2011-05-15 21:00:00+00:00,2366.8,2373.5,2327.0,2328.7,12297.0
2011-05-16 21:00:00+00:00,2329.2,2346.5,2318.9,2343.4,12408.0
2011-05-17 21:00:00+00:00,2343.9,2365.7,2334.2,2365.2,8925.0
2011-05-18 21:00:00+00:00,2365.4,2373.9,2354.2,2368.4,9134.0
2011-05-19 21:00:00+00:00,2368.7,2373.4,2343.4,2345.1,9181.0
2011-05-22 21:00:00+00:00,2342.1,2343.3,2305.1,2315.8,10561.0
2011-05-23 21:00:00+00:00,2315.3,2324.5,2297.0,2300.0,9281.0
2011-05-24 21:00:00+00:00,2299.8,2321.3,2281.5,2309.3,9778.0
2011-05-25 21:00:00+00:00,2309.5,2331.5,2303.2,2327.7,9265.0
2011-05-26 21:00:00+00:00,2328.0,2339.0,2322.7,2332.7,6546.0
2011-05-29 21:00:00+00:00,2331.7,2337.9,2331.2,2333.4,897.0
2011-05-30 21:00:00+00:00,2334.6,2378.1,2334.6,2375.1,8451.0
2011-05-31 21:00:00+00:00,2375.4,2381.1,2318.3,2320.3,11489.0
2011-06-01 21:00:00+00:00,2320.1,2335.8,2314.3,2327.8,11505.0
2011-06-02 21:00:00+00:00,2328.1,2328.1,2286.8,2287.3,10903.0
2011-06-05 21:00:00+00:00,2288.8,2299.2,2271.5,2273.2,10329.0
2011-06-06 21:00:00+00:00,2272.7,2288.5,2268.2,2275.2,9163.0
2011-06-07 21:00:00+00:00,2275.4,2278.2,2245.7,2246.2,10702.0
2011-06-08 21:00:00+00:00,2246.4,2267.7,2246.2,2252.7,7850.0
2011-06-09 21:00:00+00:00,2252.4,2255.7,2218.6,2222.6,7587.0
2011-06-12 21:00:00+00:00,2217.1,2234.1,2214.6,2223.6,3780.0
2011-06-13 21:00:00+00:00,2223.8,2256.3,2220.3,2248.8,2671.0
2011-06-14 21:00:00+00:00,2250.0,2250.0,2204.3,2209.0,3111.0
2011-06-15 21:00:00+00:00,2210.8,2217.5,2181.0,2201.8,2007.0
2011-06-16 21:00:00+00:00,2200.5,2222.3,2185.9,2194.2,11141.0
2011-06-19 21:00:00+00:00,2192.9,2210.4,2177.3,2204.8,8765.0
2011-06-20 21:00:00+00:00,2204.6,2253.1,2201.3,2246.6,9555.0
2011-06-21 21:00:00+00:00,2247.1,2254.1,2230.6,2231.1,8468.0
2011-06-22 21:00:00+00:00,2231.3,2256.3,2203.0,2244.3,13862.0
2011-06-23 21:00:00+00:00,2244.8,2259.8,2210.0,2212.0,11535.0
2011-06-26 21:00:00+00:00,2211.9,2262.9,2198.4,2255.9,10341.0
2011-06-27 21:00:00+00:00,2256.4,2288.2,2244.6,2287.9,9311.0
2011-06-28 21:00:00+00:00,2287.7,2303.7,2278.1,2295.6,10545.0
2011-06-29 21:00:00+00:00,2295.4,2326.6,2291.4,2321.9,8246.0
2011-06-30 21:00:00+00:00,2322.1,2363.9,2319.8,2357.1,12520.0
2011-07-03 21:00:00+00:00,2358.1,2371.3,2354.5,2368.3,2187.0
2011-07-04 21:00:00+00:00,2369.0,2375.0,2357.0,2372.7,11935.0
2011-07-05 21:00:00+00:00,2373.2,2383.7,2361.4,2382.0,13236.0
2011-07-06 21:00:00+00:00,2382.5,2419.2,2380.7,2418.0,12326.0
2011-07-07 21:00:00+00:00,2418.2,2424.7,2378.6,2411.4,16968.0
2011-07-10 21:00:00+00:00,2407.1,2407.1,2354.0,2366.5,16253.0
2011-07-11 21:00:00+00:00,2366.2,2369.2,2333.2,2345.7,21528.0
2011-07-12 21:00:00+00:00,2345.4,2377.7,2340.7,2348.6,16694.0
2011-07-13 21:00:00+00:00,2348.4,2370.9,2317.1,2339.6,22996.0
2011-07-14 21:00:00+00:00,2339.3,2361.1,2334.1,2358.1,17809.0
2011-07-17 21:00:00+00:00,2357.0,2357.0,2321.2,2345.4,16910.0
2011-07-18 21:00:00+00:00,2345.2,2413.4,2341.4,2406.4,17171.0
2011-07-19 21:00:00+00:00,2406.7,2415.9,2372.4,2373.1,15158.0
2011-07-20 21:00:00+00:00,2373.4,2416.9,2367.4,2410.4,20709.0
2011-07-21 21:00:00+00:00,2409.9,2432.1,2398.6,2430.3,12970.0
2011-07-24 21:00:00+00:00,2420.0,2436.7,2382.2,2428.0,15261.0
2011-07-25 21:00:00+00:00,2428.2,2437.7,2414.9,2425.2,13489.0
2011-07-26 21:00:00+00:00,2424.9,2427.9,2360.3,2363.3,20005.0
2011-07-27 21:00:00+00:00,2363.1,2400.8,2357.8,2375.0,19702.0
2011-07-28 21:00:00+00:00,2374.8,2387.3,2340.0,2365.7,26847.0
2011-07-31 21:00:00+00:00,2387.9,2396.9,2322.8,2348.3,28470.0
2011-08-01 21:00:00+00:00,2348.1,2357.1,2285.3,2286.5,26158.0
2011-08-02 21:00:00+00:00,2286.8,2316.3,2254.7,2306.7,33224.0
2011-08-03 21:00:00+00:00,2306.2,2321.2,2196.6,2208.6,46141.0
2011-08-04 21:00:00+00:00,2207.9,2240.9,2130.3,2191.8,80686.0
2011-08-07 21:00:00+00:00,2146.5,2172.2,2033.1,2041.1,82582.0
2011-08-08 21:00:00+00:00,2041.9,2162.7,1973.5,2159.9,91205.0
2011-08-09 21:00:00+00:00,2159.4,2169.4,2067.3,2091.8,76480.0
2011-08-10 21:00:00+00:00,2091.3,2185.8,2058.8,2162.8,60200.0
2011-08-11 21:00:00+00:00,2162.1,2193.8,2115.3,2179.1,40928.0
2011-08-14 21:00:00+00:00,2185.0,2212.7,2177.7,2207.9,22541.0
2011-08-15 21:00:00+00:00,2208.2,2212.4,2164.6,2194.2,31574.0
2011-08-16 21:00:00+00:00,2194.4,2215.1,2158.6,2168.6,25491.0
2011-08-17 21:00:00+00:00,2169.1,2171.8,2054.3,2084.0,44052.0
2011-08-18 21:00:00+00:00,2083.3,2103.0,2034.7,2043.7,39463.0
2011-08-21 21:00:00+00:00,2041.9,2086.4,2023.1,2045.4,31384.0
2011-08-22 21:00:00+00:00,2045.1,2130.1,2037.8,2126.9,31903.0
2011-08-23 21:00:00+00:00,2127.1,2148.3,2097.1,2138.6,29318.0
2011-08-24 21:00:00+00:00,2138.3,2152.8,2101.8,2109.8,36241.0
2011-08-25 21:00:00+00:00,2110.0,2169.8,2081.5,2166.3,40962.0
2011-08-28 21:00:00+00:00,2164.7,2225.7,2158.7,2220.7,19094.0
2011-08-29 21:00:00+00:00,2220.2,2250.1,2201.9,2225.6,26925.0
2011-08-30 21:00:00+00:00,2225.1,2269.1,2221.9,2244.8,26770.0
2011-08-31 21:00:00+00:00,2245.3,2264.3,2215.3,2217.3,27912.0
2011-09-01 21:00:00+00:00,2217.5,2222.3,2156.2,2165.5,26733.0
2011-09-04 21:00:00+00:00,2159.9,2159.9,2108.6,2129.4,6695.0
2011-09-05 21:00:00+00:00,2125.4,2171.6,2111.6,2167.8,34208.0
2011-09-06 21:00:00+00:00,2167.3,2226.3,2166.8,2224.3,22728.0
2011-09-07 21:00:00+00:00,2224.6,2244.3,2205.5,2213.8,23929.0
2011-09-08 21:00:00+00:00,2214.3,2228.0,2150.0,2169.5,16427.0
2011-09-11 21:00:00+00:00,2159.9,2200.6,2122.1,2197.1,11280.0
2011-09-12 21:00:00+00:00,2197.6,2225.8,2166.8,2217.1,8579.0
2011-09-13 21:00:00+00:00,2218.1,2278.3,2191.8,2250.8,6715.0
2011-09-14 21:00:00+00:00,2250.5,2292.5,2245.0,2287.0,4987.0
2011-09-15 21:00:00+00:00,2287.3,2315.0,2275.9,2313.8,26276.0
2011-09-18 21:00:00+00:00,2294.5,2321.1,2260.7,2309.3,28077.0
2011-09-19 21:00:00+00:00,2308.3,2339.0,2290.2,2306.2,30240.0
2011-09-20 21:00:00+00:00,2306.7,2324.4,2250.7,2252.5,39468.0
2011-09-21 21:00:00+00:00,2252.7,2255.4,2150.4,2189.5,55603.0
2011-09-22 21:00:00+00:00,2189.7,2216.2,2139.8,2209.4,46691.0
2011-09-25 21:00:00+00:00,2196.3,2238.1,2167.9,2232.5,45409.0
2011-09-26 21:00:00+00:00,2232.3,2290.9,2227.0,2258.0,34216.0
2011-09-27 21:00:00+00:00,2258.3,2281.5,2217.6,2222.4,36369.0
2011-09-28 21:00:00+00:00,2222.6,2265.4,2158.2,2199.7,46233.0
2011-09-29 21:00:00+00:00,2199.5,2204.0,2127.5,2128.8,40032.0
2011-10-02 21:00:00+00:00,2131.6,2153.1,2067.7,2070.9,48653.0
2011-10-03 21:00:00+00:00,2071.2,2131.7,2040.8,2118.4,59188.0
2011-10-04 21:00:00+00:00,2117.9,2186.8,2104.1,2176.0,44894.0
2011-10-05 21:00:00+00:00,2176.5,2218.8,2153.4,2212.0,40755.0
2011-10-06 21:00:00+00:00,2212.3,2232.0,2188.7,2209.4,39332.0
2011-10-09 21:00:00+00:00,2210.8,2283.1,2209.6,2279.9,22896.0
2011-10-10 21:00:00+00:00,2279.6,2301.1,2267.1,2288.3,27374.0
2011-10-11 21:00:00+00:00,2288.1,2333.8,2279.3,2303.8,30243.0
2011-10-12 21:00:00+00:00,2303.5,2341.0,2293.7,2332.8,29233.0
2011-10-13 21:00:00+00:00,2333.0,2373.8,2325.0,2372.0,24043.0
2011-10-16 21:00:00+00:00,2371.9,2393.1,2321.2,2323.4,27184.0
2011-10-17 21:00:00+00:00,2323.7,2376.0,2309.4,2345.9,35277.0
2011-10-18 21:00:00+00:00,2346.4,2360.7,2310.0,2322.3,30114.0
2011-10-19 21:00:00+00:00,2322.5,2336.8,2272.6,2302.4,36317.0
2011-10-20 21:00:00+00:00,2302.2,2349.7,2301.7,2338.7,23299.0
2011-10-23 21:00:00+00:00,2330.8,2389.8,2324.2,2376.5,21789.0
2011-10-24 21:00:00+00:00,2376.3,2390.7,2319.8,2324.8,30948.0
2011-10-25 21:00:00+00:00,2325.6,2354.1,2290.7,2340.3,32467.0
2011-10-26 21:00:00+00:00,2340.6,2412.6,2333.8,2400.6,29421.0
2011-10-27 21:00:00+00:00,2400.3,2405.5,2382.2,2403.5,21053.0
2011-10-30 21:00:00+00:00,2401.3,2401.6,2350.2,2351.2,23642.0
2011-10-31 21:00:00+00:00,2350.7,2359.2,2286.0,2309.1,44693.0
2011-11-01 21:00:00+00:00,2309.6,2333.0,2296.5,2323.0,28549.0
2011-11-02 21:00:00+00:00,2322.7,2369.7,2282.2,2364.2,35648.0
2011-11-03 21:00:00+00:00,2365.0,2367.7,2330.1,2356.1,24644.0
2011-11-06 22:00:00+00:00,2359.5,2376.4,2322.4,2376.2,25217.0
2011-11-07 22:00:00+00:00,2375.9,2402.1,2358.1,2398.6,23811.0
2011-11-08 22:00:00+00:00,2399.4,2400.4,2305.2,2319.0,33903.0
2011-11-09 22:00:00+00:00,2319.2,2346.4,2289.1,2312.1,30681.0
2011-11-10 22:00:00+00:00,2312.4,2362.9,2304.1,2355.3,18441.0
2011-11-13 22:00:00+00:00,2357.4,2368.9,2332.1,2346.4,18344.0
2011-11-14 22:00:00+00:00,2346.6,2376.3,2312.3,2365.1,23395.0
2011-11-15 22:00:00+00:00,2364.6,2373.8,2307.2,2313.9,27325.0
2011-11-16 22:00:00+00:00,2313.7,2334.9,2258.1,2272.8,36180.0
2011-11-17 22:00:00+00:00,2272.6,2292.0,2251.0,2253.0,24403.0
2011-11-20 22:00:00+00:00,2245.8,2245.8,2188.7,2212.7,26655.0
2011-11-21 22:00:00+00:00,2212.5,2228.5,2192.4,2215.9,24507.0
2011-11-22 22:00:00+00:00,2215.7,2218.4,2163.3,2167.3,24902.0
2011-11-23 22:00:00+00:00,2167.5,2186.0,2152.5,2158.7,5853.0
2011-11-24 22:00:00+00:00,2158.7,2183.9,2137.2,2150.9,15783.0
2011-11-27 22:00:00+00:00,2184.3,2229.2,2179.5,2222.7,21222.0
2011-11-28 22:00:00+00:00,2223.0,2246.2,2202.6,2205.6,25117.0
2011-11-29 22:00:00+00:00,2205.4,2297.6,2197.4,2296.9,27968.0
2011-11-30 22:00:00+00:00,2296.4,2316.6,2285.1,2310.1,19582.0
2011-12-01 22:00:00+00:00,2309.8,2345.8,2301.7,2305.7,20392.0
2011-12-04 22:00:00+00:00,2309.8,2344.5,2309.8,2323.8,19564.0
2011-12-05 22:00:00+00:00,2323.5,2342.2,2313.5,2324.9,18154.0
2011-12-06 22:00:00+00:00,2324.7,2344.4,2292.1,2323.6,21627.0
2011-12-07 22:00:00+00:00,2323.8,2341.6,2275.8,2276.3,21598.0
2011-12-08 22:00:00+00:00,2276.0,2327.0,2269.5,2324.2,13453.0
2011-12-11 22:00:00+00:00,2321.8,2325.8,2273.5,2294.7,5684.0
2011-12-12 22:00:00+00:00,2294.2,2318.2,2258.4,2271.9,4794.0
2011-12-13 22:00:00+00:00,2271.4,2279.9,2220.1,2232.1,3370.0
2011-12-14 22:00:00+00:00,2232.3,2255.8,2219.6,2226.8,1741.0
2011-12-15 22:00:00+00:00,2226.5,2268.3,2226.5,2236.7,19144.0
2011-12-18 22:00:00+00:00,2238.9,2254.9,2208.0,2218.3,17554.0
2011-12-19 22:00:00+00:00,2218.1,2287.1,2217.6,2275.1,17540.0
2011-12-20 22:00:00+00:00,2275.4,2295.1,2221.5,2243.8,20872.0
2011-12-21 22:00:00+00:00,2244.0,2268.0,2238.2,2267.8,12172.0
2011-12-22 22:00:00+00:00,2268.0,2286.8,2265.7,2283.2,7302.0
2011-12-26 22:00:00+00:00,2283.6,2300.1,2278.6,2287.1,6527.0
2011-12-27 22:00:00+00:00,2287.3,2295.8,2257.2,2267.5,11041.0
2011-12-28 22:00:00+00:00,2267.0,2285.5,2262.0,2283.0,8810.0
2011-12-29 22:00:00+00:00,2282.5,2288.0,2273.7,2278.2,7101.0
2012-01-02 22:00:00+00:00,2315.8,2331.6,2311.3,2320.6,12300.0
2012-01-03 22:00:00+00:00,2320.3,2332.8,2305.7,2331.8,11749.0
2012-01-04 22:00:00+00:00,2331.5,2350.8,2312.5,2344.2,14977.0
2012-01-05 22:00:00+00:00,2344.0,2362.0,2335.7,2357.2,13525.0
2012-01-08 22:00:00+00:00,2356.4,2366.6,2341.6,2350.8,12295.0
2012-01-09 22:00:00+00:00,2350.6,2381.3,2349.8,2363.0,11994.0
2012-01-10 22:00:00+00:00,2363.3,2376.3,2355.5,2370.0,13002.0
2012-01-11 22:00:00+00:00,2369.7,2386.0,2358.7,2382.5,11786.0
2012-01-12 22:00:00+00:00,2382.7,2389.4,2351.4,2377.7,14552.0
2012-01-15 22:00:00+00:00,2370.1,2388.3,2364.3,2387.0,2877.0
2012-01-16 22:00:00+00:00,2385.0,2403.8,2382.8,2394.7,12026.0
2012-01-17 22:00:00+00:00,2395.0,2425.7,2390.5,2423.5,14416.0
2012-01-18 22:00:00+00:00,2423.2,2445.2,2421.2,2433.7,12942.0
2012-01-19 22:00:00+00:00,2433.4,2439.7,2425.4,2438.4,11075.0
2012-01-22 22:00:00+00:00,2432.5,2454.8,2423.3,2435.8,11575.0
2012-01-23 22:00:00+00:00,2436.0,2471.5,2421.9,2464.5,12504.0
2012-01-24 22:00:00+00:00,2464.2,2469.7,2439.2,2461.7,17280.0
2012-01-25 22:00:00+00:00,2461.9,2478.4,2443.4,2454.9,13872.0
2012-01-26 22:00:00+00:00,2455.1,2466.8,2447.1,2457.8,12797.0
2012-01-29 22:00:00+00:00,2462.2,2467.7,2431.4,2464.9,14275.0
2012-01-30 22:00:00+00:00,2464.7,2480.7,2450.9,2457.9,16264.0
2012-01-31 22:00:00+00:00,2457.4,2496.4,2455.6,2491.4,14096.0
2012-02-01 22:00:00+00:00,2491.1,2502.8,2481.6,2494.8,12986.0
2012-02-02 22:00:00+00:00,2495.1,2532.1,2491.8,2525.5,11272.0
2012-02-05 22:00:00+00:00,2521.7,2529.2,2512.4,2528.9,10197.0
2012-02-06 22:00:00+00:00,2528.7,2536.6,2513.6,2531.1,12036.0
2012-02-07 22:00:00+00:00,2531.3,2549.3,2522.8,2543.6,11039.0
2012-02-08 22:00:00+00:00,2543.8,2566.8,2537.1,2562.0,15910.0
2012-02-09 22:00:00+00:00,2561.8,2562.5,2537.0,2551.0,14011.0
2012-02-12 22:00:00+00:00,2558.4,2572.8,2553.3,2570.3,11748.0
2012-02-13 22:00:00+00:00,2570.1,2579.0,2554.8,2578.3,12562.0
2012-02-14 22:00:00+00:00,2578.5,2602.0,2552.0,2552.2,23401.0
2012-02-15 22:00:00+00:00,2552.5,2595.7,2544.2,2594.4,19097.0
2012-02-16 22:00:00+00:00,2594.7,2598.7,2573.4,2583.6,11797.0
2012-02-19 22:00:00+00:00,2595.0,2601.0,2585.5,2593.7,2573.0
2012-02-20 22:00:00+00:00,2593.2,2602.9,2575.4,2592.4,12651.0
2012-02-21 22:00:00+00:00,2592.2,2601.7,2576.4,2582.1,12785.0
2012-02-22 22:00:00+00:00,2581.9,2603.1,2570.3,2602.1,14512.0
2012-02-23 22:00:00+00:00,2602.3,2610.5,2599.0,2602.5,8717.0
2012-02-26 22:00:00+00:00,2603.4,2617.6,2579.6,2609.9,13941.0
2012-02-27 22:00:00+00:00,2610.1,2635.8,2608.3,2633.8,13502.0
2012-02-28 22:00:00+00:00,2632.7,2645.9,2615.2,2620.6,17736.0
2012-02-29 22:00:00+00:00,2620.9,2649.9,2617.1,2647.4,16119.0
2012-03-01 22:00:00+00:00,2647.1,2650.6,2633.6,2644.6,11661.0
2012-03-02 22:00:00+00:00,2644.6,2644.6,2644.6,2644.6,2.0
2012-03-04 22:00:00+00:00,2644.6,2644.6,2606.2,2615.8,12905.0
2012-03-05 22:00:00+00:00,2615.6,2617.9,2575.6,2590.6,18137.0
2012-03-06 22:00:00+00:00,2590.3,2615.1,2588.8,2607.2,12527.0
2012-03-07 22:00:00+00:00,2607.5,2644.5,2605.2,2636.2,9830.0
2012-03-08 22:00:00+00:00,2635.7,2652.4,2631.7,2648.4,7537.0
2012-03-11 21:00:00+00:00,2648.1,2651.8,2635.5,2650.9,5479.0
2012-03-12 21:00:00+00:00,2651.2,2702.6,2649.9,2700.8,9881.0
2012-03-13 21:00:00+00:00,2700.3,2718.3,2691.3,2704.8,11213.0
2012-03-14 21:00:00+00:00,2704.5,2721.8,2702.0,2714.8,12506.0
2012-03-15 21:00:00+00:00,2714.5,2724.4,2707.7,2713.6,3699.0
2012-03-16 21:00:00+00:00,2713.6,2713.6,2713.6,2713.6,1.0
2012-03-18 21:00:00+00:00,2712.5,2739.4,2704.8,2735.2,4131.0
2012-03-19 21:00:00+00:00,2735.0,2743.0,2712.4,2742.2,4021.0
2012-03-20 21:00:00+00:00,2742.0,2753.0,2734.4,2739.2,6691.0
2012-03-21 21:00:00+00:00,2739.0,2744.9,2719.9,2737.7,13999.0
2012-03-22 21:00:00+00:00,2737.9,2750.9,2714.9,2732.1,10292.0
2012-03-23 21:00:00+00:00,2732.1,2732.1,2732.1,2732.1,1.0
2012-03-25 21:00:00+00:00,2733.4,2781.6,2733.4,2780.9,3980.0
2012-03-26 21:00:00+00:00,2780.7,2793.3,2776.6,2780.6,3696.0
2012-03-27 21:00:00+00:00,2780.3,2793.9,2754.4,2770.8,8562.0
2012-03-28 21:00:00+00:00,2771.1,2777.4,2740.8,2763.4,11657.0
2012-03-29 21:00:00+00:00,2763.7,2777.1,2744.1,2759.1,12470.0
2012-03-30 21:00:00+00:00,2759.1,2759.1,2759.1,2759.1,1.0
2012-04-01 21:00:00+00:00,2762.9,2787.5,2747.4,2779.7,10109.0
2012-04-02 21:00:00+00:00,2779.9,2795.2,2766.6,2781.3,12404.0
2012-04-03 21:00:00+00:00,2781.6,2781.6,2728.5,2740.8,11840.0
2012-04-04 21:00:00+00:00,2740.5,2764.3,2726.2,2760.0,11532.0
2012-04-05 21:00:00+00:00,2760.6,2765.0,2722.6,2726.8,2592.0
2012-04-08 21:00:00+00:00,2726.3,2751.0,2722.2,2733.8,8572.0
2012-04-09 21:00:00+00:00,2734.0,2749.0,2687.7,2704.7,16950.0
2012-04-10 21:00:00+00:00,2704.9,2727.2,2701.7,2711.6,15224.0
2012-04-11 21:00:00+00:00,2711.8,2743.3,2708.1,2741.2,15013.0
2012-04-12 21:00:00+00:00,2740.9,2745.9,2696.8,2698.0,14495.0
2012-04-13 21:00:00+00:00,2698.0,2698.0,2698.0,2698.0,1.0
2012-04-15 21:00:00+00:00,2696.3,2712.9,2659.3,2668.3,21057.0
2012-04-16 21:00:00+00:00,2668.1,2730.9,2657.1,2716.8,13618.0
2012-04-17 21:00:00+00:00,2717.1,2731.1,2699.1,2707.9,13366.0
2012-04-18 21:00:00+00:00,2707.7,2737.8,2674.5,2691.2,22254.0
2012-04-19 21:00:00+00:00,2691.5,2710.7,2672.6,2677.7,20091.0
2012-04-22 21:00:00+00:00,2671.7,2677.8,2627.8,2657.5,17840.0
2012-04-23 21:00:00+00:00,2657.9,2677.5,2627.4,2675.7,17039.0
2012-04-24 21:00:00+00:00,2674.9,2709.4,2667.9,2708.9,17135.0
2012-04-25 21:00:00+00:00,2708.7,2732.2,2697.6,2726.1,12632.0
2012-04-26 21:00:00+00:00,2725.8,2748.4,2711.6,2740.2,14267.0
2012-04-27 21:00:00+00:00,2740.2,2740.2,2740.2,2740.2,1.0
2012-04-29 21:00:00+00:00,2743.3,2746.3,2717.9,2722.7,8694.0
2012-04-30 21:00:00+00:00,2722.4,2755.4,2713.1,2721.6,8777.0
2012-05-01 21:00:00+00:00,2721.1,2733.9,2704.6,2731.3,13621.0
2012-05-02 21:00:00+00:00,2731.6,2740.3,2695.6,2698.6,10320.0
2012-05-03 21:00:00+00:00,2698.8,2702.7,2630.2,2630.4,15241.0
2012-05-06 21:00:00+00:00,2612.1,2650.0,2589.0,2641.5,8920.0
2012-05-07 21:00:00+00:00,2641.8,2643.5,2585.2,2627.5,13759.0
2012-05-08 21:00:00+00:00,2627.2,2633.9,2586.2,2610.9,23869.0
2012-05-09 21:00:00+00:00,2610.7,2638.1,2602.7,2611.7,17745.0
2012-05-10 21:00:00+00:00,2611.4,2642.1,2599.6,2614.6,18379.0
2012-05-11 21:00:00+00:00,2614.6,2614.6,2614.6,2614.6,1.0
2012-05-13 21:00:00+00:00,2607.3,2614.3,2583.6,2586.4,17669.0
2012-05-14 21:00:00+00:00,2586.9,2617.9,2576.1,2581.8,21726.0
2012-05-15 21:00:00+00:00,2581.6,2597.6,2558.0,2561.8,19698.0
2012-05-16 21:00:00+00:00,2561.4,2572.6,2506.7,2510.5,22102.0
2012-05-17 21:00:00+00:00,2511.0,2522.7,2469.6,2473.2,26884.0
2012-05-18 21:00:00+00:00,2473.2,2473.2,2473.2,2473.2,1.0
2012-05-20 21:00:00+00:00,2473.4,2547.3,2466.3,2545.3,11666.0
2012-05-21 21:00:00+00:00,2545.0,2562.3,2523.4,2537.5,18946.0
2012-05-22 21:00:00+00:00,2537.9,2553.0,2498.7,2539.9,22201.0
2012-05-23 21:00:00+00:00,2539.7,2557.2,2511.6,2540.4,26643.0
2012-05-24 21:00:00+00:00,2540.7,2552.4,2519.3,2527.0,17850.0
2012-05-25 21:00:00+00:00,2527.0,2527.0,2527.0,2527.0,1.0
2012-05-27 21:00:00+00:00,2527.0,2550.4,2527.0,2539.8,7344.0
2012-05-28 21:00:00+00:00,2539.3,2570.7,2532.7,2559.9,20874.0
2012-05-29 21:00:00+00:00,2559.7,2559.7,2521.1,2530.9,22350.0
2012-05-30 21:00:00+00:00,2531.2,2543.1,2506.8,2522.1,25491.0
2012-05-31 21:00:00+00:00,2521.8,2522.6,2456.2,2459.6,23724.0
2012-06-02 21:00:00+00:00,2459.6,2459.6,2459.6,2459.6,1.0
2012-06-03 21:00:00+00:00,2457.8,2480.6,2434.4,2472.9,23996.0
2012-06-04 21:00:00+00:00,2473.4,2492.1,2460.3,2489.8,23121.0
2012-06-05 21:00:00+00:00,2490.1,2552.9,2487.6,2550.4,15052.0
2012-06-06 21:00:00+00:00,2550.8,2570.8,2532.7,2539.0,21294.0
2012-06-07 21:00:00+00:00,2538.7,2563.2,2518.2,2561.9,12510.0
2012-06-10 21:00:00+00:00,2596.7,2603.3,2513.6,2516.0,18900.0
2012-06-11 21:00:00+00:00,2516.3,2551.4,2510.0,2548.1,24900.0
2012-06-12 21:00:00+00:00,2547.6,2557.8,2519.2,2526.1,18785.0
2012-06-13 21:00:00+00:00,2526.3,2547.6,2514.3,2543.7,19484.0
2012-06-14 21:00:00+00:00,2544.2,2573.0,2538.5,2569.5,12880.0
2012-06-16 21:00:00+00:00,2569.5,2569.5,2569.5,2569.5,4.0
2012-06-17 21:00:00+00:00,2584.8,2599.4,2554.3,2595.6,21587.0
2012-06-18 21:00:00+00:00,2595.8,2630.9,2590.0,2617.9,17012.0
2012-06-19 21:00:00+00:00,2617.7,2632.9,2602.5,2624.6,25349.0
2012-06-20 21:00:00+00:00,2624.3,2625.3,2553.6,2557.4,16859.0
2012-06-21 21:00:00+00:00,2557.0,2586.4,2553.4,2580.6,14605.0
2012-06-22 21:00:00+00:00,2580.6,2580.6,2580.6,2580.6,1.0
2012-06-24 21:00:00+00:00,2579.8,2581.0,2525.6,2533.6,17912.0
2012-06-25 21:00:00+00:00,2534.0,2555.9,2529.9,2551.8,14667.0
2012-06-26 21:00:00+00:00,2552.2,2575.9,2547.2,2563.4,13114.0
2012-06-27 21:00:00+00:00,2563.0,2569.4,2507.8,2530.0,14694.0
2012-06-28 21:00:00+00:00,2530.2,2620.6,2523.4,2617.1,21214.0
2012-06-30 21:00:00+00:00,2617.1,2617.1,2617.1,2617.1,1.0
2012-07-01 21:00:00+00:00,2617.7,2624.4,2603.9,2618.0,17767.0
2012-07-02 21:00:00+00:00,2617.6,2646.4,2617.6,2641.7,10106.0
2012-07-03 21:00:00+00:00,2645.9,2648.7,2636.9,2645.7,3925.0
2012-07-04 21:00:00+00:00,2642.9,2659.8,2628.5,2647.3,19561.0
2012-07-05 21:00:00+00:00,2647.6,2648.1,2594.7,2612.7,16182.0
2012-07-06 21:00:00+00:00,2612.7,2612.7,2612.7,2612.7,1.0
2012-07-08 21:00:00+00:00,2607.6,2619.3,2595.5,2607.0,10004.0
2012-07-09 21:00:00+00:00,2607.3,2629.0,2572.4,2581.9,16044.0
2012-07-10 21:00:00+00:00,2581.7,2592.9,2546.6,2569.6,16146.0
2012-07-11 21:00:00+00:00,2569.9,2572.9,2520.0,2544.2,14148.0
2012-07-12 21:00:00+00:00,2544.4,2588.3,2543.0,2581.8,11062.0
2012-07-13 21:00:00+00:00,2581.8,2581.8,2581.8,2581.8,1.0
2012-07-15 21:00:00+00:00,2580.2,2587.9,2564.9,2575.4,10035.0
2012-07-16 21:00:00+00:00,2575.7,2597.3,2551.5,2590.3,19804.0
2012-07-17 21:00:00+00:00,2590.6,2633.3,2580.0,2633.1,15832.0
2012-07-18 21:00:00+00:00,2633.3,2661.3,2631.6,2658.3,19691.0
2012-07-19 21:00:00+00:00,2658.1,2661.0,2616.2,2618.3,13718.0
2012-07-22 21:00:00+00:00,2610.6,2616.0,2546.2,2577.9,17851.0
2012-07-23 21:00:00+00:00,2578.4,2592.9,2520.0,2521.1,24256.0
2012-07-24 21:00:00+00:00,2521.4,2563.5,2520.9,2547.9,21048.0
2012-07-25 21:00:00+00:00,2547.7,2596.4,2532.8,2578.0,27650.0
2012-07-26 21:00:00+00:00,2578.4,2648.9,2575.6,2647.9,20746.0
2012-07-29 21:00:00+00:00,2647.9,2660.5,2631.3,2641.0,13138.0
2012-07-30 21:00:00+00:00,2640.6,2655.2,2634.1,2638.6,18401.0
2012-07-31 21:00:00+00:00,2638.4,2658.9,2621.1,2628.0,19528.0
2012-08-01 21:00:00+00:00,2627.8,2651.1,2603.0,2621.3,23718.0
2012-08-02 21:00:00+00:00,2621.1,2684.0,2618.8,2674.6,17297.0
2012-08-03 21:00:00+00:00,2674.6,2674.6,2674.6,2674.6,1.0
2012-08-05 21:00:00+00:00,2678.8,2703.9,2674.4,2690.6,12157.0
2012-08-06 21:00:00+00:00,2690.9,2725.3,2688.8,2712.6,13714.0
2012-08-07 21:00:00+00:00,2712.8,2719.2,2703.5,2709.8,7332.0
2012-08-08 21:00:00+00:00,2709.4,2725.8,2706.2,2720.4,7563.0
2012-08-09 21:00:00+00:00,2720.0,2725.2,2704.4,2723.4,11092.0
2012-08-12 21:00:00+00:00,2721.3,2731.6,2707.8,2730.6,7966.0
2012-08-13 21:00:00+00:00,2730.2,2745.0,2722.9,2727.0,9106.0
2012-08-14 21:00:00+00:00,2727.2,2744.2,2720.6,2743.4,10078.0
2012-08-15 21:00:00+00:00,2743.2,2775.9,2740.4,2768.7,9529.0
2012-08-16 21:00:00+00:00,2768.4,2782.3,2765.4,2778.6,10481.0
2012-08-17 21:00:00+00:00,2778.6,2778.6,2778.6,2778.6,1.0
2012-08-19 21:00:00+00:00,2777.6,2785.9,2768.9,2782.1,10300.0
2012-08-20 21:00:00+00:00,2782.3,2803.9,2763.6,2776.1,12508.0
2012-08-21 21:00:00+00:00,2775.6,2791.3,2761.0,2784.2,8819.0
2012-08-22 21:00:00+00:00,2784.4,2793.8,2756.0,2761.8,12045.0
2012-08-23 21:00:00+00:00,2762.0,2786.9,2752.2,2778.2,13798.0
2012-08-26 21:00:00+00:00,2784.7,2797.3,2778.0,2784.2,7735.0
2012-08-27 21:00:00+00:00,2784.6,2792.0,2772.5,2782.6,8198.0
2012-08-28 21:00:00+00:00,2782.4,2791.4,2772.6,2782.4,8995.0
2012-08-29 21:00:00+00:00,2782.6,2783.6,2751.6,2754.8,12311.0
2012-08-30 21:00:00+00:00,2755.1,2786.3,2746.5,2774.3,11032.0
2012-09-02 21:00:00+00:00,2773.0,2782.5,2760.6,2780.7,5002.0
2012-09-03 21:00:00+00:00,2781.5,2783.6,2744.0,2773.9,9967.0
2012-09-04 21:00:00+00:00,2774.2,2781.5,2758.0,2770.4,11802.0
2012-09-05 21:00:00+00:00,2770.7,2830.2,2768.0,2829.9,14532.0
2012-09-06 21:00:00+00:00,2829.7,2836.9,2818.1,2824.6,11585.0
2012-09-08 21:00:00+00:00,2824.6,2824.6,2824.6,2824.6,1.0
2012-09-09 21:00:00+00:00,2822.1,2824.2,2782.4,2784.2,6244.0
2012-09-10 21:00:00+00:00,2784.0,2800.2,2778.4,2780.8,10845.0
2012-09-11 21:00:00+00:00,2780.4,2800.6,2775.8,2795.6,18219.0
2012-09-12 21:00:00+00:00,2795.8,2842.3,2785.8,2828.2,11049.0
2012-09-13 21:00:00+00:00,2828.5,2865.5,2828.5,2857.5,10583.0
2012-09-15 21:00:00+00:00,2857.4,2857.4,2857.4,2857.4,1.0
2012-09-16 21:00:00+00:00,2856.2,2858.6,2846.2,2852.8,7442.0
2012-09-17 21:00:00+00:00,2852.8,2860.2,2844.2,2859.7,8503.0
2012-09-18 21:00:00+00:00,2859.4,2872.2,2850.6,2859.6,9561.0
2012-09-19 21:00:00+00:00,2859.8,2863.6,2843.1,2861.4,9898.0
2012-09-20 21:00:00+00:00,2861.6,2877.4,2858.1,2858.5,9746.0
2012-09-21 21:00:00+00:00,2858.5,2858.5,2858.5,2858.5,3.0
2012-09-23 21:00:00+00:00,2858.4,2862.8,2832.1,2845.9,11753.0
2012-09-24 21:00:00+00:00,2845.6,2858.3,2804.0,2811.6,11253.0
2012-09-25 21:00:00+00:00,2812.0,2812.4,2767.5,2783.8,13230.0
2012-09-26 21:00:00+00:00,2784.0,2826.3,2783.3,2819.8,10672.0
2012-09-27 21:00:00+00:00,2819.6,2824.4,2793.7,2797.2,11178.0
2012-09-30 21:00:00+00:00,2793.6,2827.3,2782.6,2792.6,14397.0
2012-10-01 21:00:00+00:00,2792.9,2812.3,2777.4,2799.5,10806.0
2012-10-02 21:00:00+00:00,2799.8,2822.0,2792.9,2815.0,13715.0
2012-10-03 21:00:00+00:00,2815.2,2834.8,2812.8,2827.2,10246.0
2012-10-04 21:00:00+00:00,2827.4,2845.4,2804.7,2811.3,10288.0
2012-10-07 21:00:00+00:00,2811.0,2812.8,2779.3,2781.1,10986.0
2012-10-08 21:00:00+00:00,2781.3,2791.2,2734.4,2740.8,12105.0
2012-10-09 21:00:00+00:00,2740.4,2748.0,2718.9,2723.4,12866.0
2012-10-10 21:00:00+00:00,2723.7,2749.3,2716.4,2720.0,9228.0
2012-10-11 21:00:00+00:00,2720.3,2732.6,2711.4,2717.2,7446.0
2012-10-14 21:00:00+00:00,2717.2,2739.8,2709.0,2736.0,8342.0
2012-10-15 21:00:00+00:00,2735.8,2781.0,2733.8,2769.8,9603.0
2012-10-16 21:00:00+00:00,2769.6,2782.6,2757.8,2775.5,6202.0
2012-10-17 21:00:00+00:00,2775.8,2777.9,2731.6,2735.6,9283.0
2012-10-18 21:00:00+00:00,2736.0,2741.0,2669.8,2670.5,9067.0
2012-10-20 21:00:00+00:00,2670.5,2670.5,2670.5,2670.5,3.0
2012-10-21 21:00:00+00:00,2669.5,2697.4,2661.1,2696.4,14977.0
2012-10-22 21:00:00+00:00,2696.6,2698.6,2655.0,2666.8,13214.0
2012-10-23 21:00:00+00:00,2667.3,2683.8,2649.7,2657.9,11455.0
2012-10-24 21:00:00+00:00,2658.2,2676.7,2607.8,2640.9,17817.0
2012-10-25 21:00:00+00:00,2641.4,2672.4,2626.8,2664.0,16892.0
2012-10-26 21:00:00+00:00,2664.0,2664.0,2664.0,2664.0,1.0
2012-10-28 21:00:00+00:00,2659.2,2661.4,2637.2,2647.2,3863.0
2012-10-29 21:00:00+00:00,2640.0,2659.8,2629.4,2658.4,3188.0
2012-10-30 21:00:00+00:00,2663.6,2679.6,2634.8,2635.8,9395.0
2012-10-31 21:00:00+00:00,2636.0,2691.6,2630.4,2690.0,11923.0
2012-11-01 21:00:00+00:00,2690.4,2696.6,2644.6,2645.0,11696.0
2012-11-02 21:00:00+00:00,2645.0,2645.0,2645.0,2645.0,2.0
2012-11-04 22:00:00+00:00,2640.5,2676.3,2639.4,2661.7,8485.0
2012-11-05 22:00:00+00:00,2662.0,2694.2,2655.7,2680.3,6163.0
2012-11-06 22:00:00+00:00,2680.0,2690.2,2601.6,2617.0,19561.0
2012-11-07 22:00:00+00:00,2616.7,2625.6,2571.0,2578.2,12733.0
2012-11-08 22:00:00+00:00,2578.6,2609.5,2558.6,2586.2,9630.0
2012-11-09 22:00:00+00:00,2586.2,2586.2,2586.2,2586.2,1.0
2012-11-11 22:00:00+00:00,2586.2,2599.6,2574.0,2584.6,6572.0
2012-11-12 22:00:00+00:00,2584.2,2587.6,2555.2,2575.8,8567.0
2012-11-13 22:00:00+00:00,2576.2,2587.8,2528.7,2534.4,11377.0
2012-11-14 22:00:00+00:00,2533.8,2543.1,2514.8,2526.4,16960.0
2012-11-15 22:00:00+00:00,2526.8,2540.8,2493.9,2536.8,15386.0
2012-11-18 22:00:00+00:00,2538.8,2595.8,2538.8,2592.2,8799.0
2012-11-19 22:00:00+00:00,2592.6,2598.3,2569.9,2593.8,11497.0
2012-11-20 22:00:00+00:00,2594.2,2603.7,2579.0,2602.0,5814.0
2012-11-21 22:00:00+00:00,2601.6,2607.8,2599.0,2602.2,891.0
2012-11-22 22:00:00+00:00,2602.6,2640.2,2598.0,2639.6,3341.0
2012-11-23 22:00:00+00:00,2639.6,2639.6,2639.6,2639.6,1.0
2012-11-25 22:00:00+00:00,2631.6,2651.8,2624.6,2650.2,6810.0
2012-11-26 22:00:00+00:00,2650.6,2659.8,2637.7,2642.6,7132.0
2012-11-27 22:00:00+00:00,2643.2,2666.9,2613.0,2663.4,11918.0
2012-11-28 22:00:00+00:00,2663.0,2689.9,2661.2,2680.2,7851.0
2012-11-29 22:00:00+00:00,2679.8,2690.8,2668.6,2679.2,6696.0
2012-12-02 22:00:00+00:00,2679.2,2699.3,2668.0,2669.4,8735.0
2012-12-03 22:00:00+00:00,2668.8,2676.3,2651.1,2665.0,10048.0
2012-12-04 22:00:00+00:00,2664.6,2680.3,2624.2,2636.6,13950.0
2012-12-05 22:00:00+00:00,2636.6,2662.7,2623.5,2656.0,11362.0
2012-12-06 22:00:00+00:00,2656.4,2673.7,2630.4,2638.9,13066.0
2012-12-07 22:00:00+00:00,2638.9,2638.9,2638.9,2638.9,1.0
2012-12-09 22:00:00+00:00,2637.8,2661.2,2626.4,2649.2,6628.0
2012-12-10 22:00:00+00:00,2649.8,2696.8,2645.0,2688.8,10758.0
2012-12-11 22:00:00+00:00,2688.4,2696.4,2668.6,2670.8,12615.0
2012-12-12 22:00:00+00:00,2670.4,2689.4,2642.9,2650.4,7578.0
2012-12-13 22:00:00+00:00,2650.8,2662.8,2620.5,2629.7,8468.0
2012-12-16 22:00:00+00:00,2639.8,2669.2,2614.3,2668.8,8003.0
2012-12-17 22:00:00+00:00,2669.2,2711.3,2666.4,2706.4,10692.0
2012-12-18 22:00:00+00:00,2706.8,2718.2,2695.1,2695.8,6026.0
2012-12-19 22:00:00+00:00,2695.4,2706.7,2682.7,2695.4,7010.0
2012-12-20 22:00:00+00:00,2695.8,2697.4,2640.6,2665.9,15903.0
2012-12-23 22:00:00+00:00,2662.8,2666.6,2650.8,2657.1,2957.0
2012-12-25 22:00:00+00:00,2657.1,2662.4,2626.1,2635.0,5188.0
2012-12-26 22:00:00+00:00,2634.6,2641.8,2597.6,2630.8,11354.0
2012-12-27 22:00:00+00:00,2631.2,2634.4,2588.0,2592.8,8040.0
2012-12-30 22:00:00+00:00,2591.4,2644.3,2584.0,2634.9,7302.0
2013-01-01 22:00:00+00:00,2634.9,2746.4,2634.9,2745.0,12812.0
2013-01-02 22:00:00+00:00,2745.6,2750.8,2723.0,2730.6,9621.0
2013-01-03 22:00:00+00:00,2731.0,2739.3,2715.2,2719.2,9511.0
2013-01-04 22:00:00+00:00,2719.2,2719.2,2719.2,2719.2,1.0
2013-01-06 22:00:00+00:00,2720.2,2726.1,2705.9,2721.4,8559.0
2013-01-07 22:00:00+00:00,2721.4,2727.8,2701.9,2716.8,8332.0
2013-01-08 22:00:00+00:00,2717.2,2733.4,2714.7,2726.4,5625.0
2013-01-09 22:00:00+00:00,2726.8,2746.6,2717.2,2743.4,10813.0
2013-01-10 22:00:00+00:00,2743.8,2747.6,2735.6,2747.1,7924.0
2013-01-11 22:00:00+00:00,2747.1,2747.1,2747.1,2747.1,1.0
2013-01-13 22:00:00+00:00,2746.2,2753.4,2722.6,2734.2,6203.0
2013-01-14 22:00:00+00:00,2734.2,2735.4,2708.4,2720.6,10138.0
2013-01-15 22:00:00+00:00,2721.0,2740.4,2713.7,2729.4,9074.0
2013-01-16 22:00:00+00:00,2729.0,2754.8,2720.0,2739.0,9975.0
2013-01-17 22:00:00+00:00,2739.4,2744.8,2725.6,2738.1,7233.0
2013-01-18 22:00:00+00:00,2738.1,2738.1,2738.1,2738.1,3.0
2013-01-20 22:00:00+00:00,2737.0,2745.6,2735.1,2745.4,1482.0
2013-01-21 22:00:00+00:00,2744.8,2757.0,2723.5,2756.2,6946.0
2013-01-22 22:00:00+00:00,2756.6,2771.0,2733.8,2734.4,5386.0
2013-01-23 22:00:00+00:00,2734.0,2745.5,2711.4,2716.0,8749.0
2013-01-24 22:00:00+00:00,2716.4,2742.1,2715.2,2730.6,11170.0
2013-01-27 22:00:00+00:00,2731.2,2749.8,2728.8,2736.4,7612.0
2013-01-28 22:00:00+00:00,2736.0,2748.4,2718.4,2747.8,7228.0
2013-01-29 22:00:00+00:00,2747.2,2753.9,2728.6,2737.4,9215.0
2013-01-30 22:00:00+00:00,2737.8,2748.5,2726.3,2732.6,9719.0
2013-01-31 22:00:00+00:00,2733.0,2766.1,2732.5,2759.7,4945.0
2013-02-01 22:00:00+00:00,2759.7,2759.7,2759.7,2759.7,1.0
2013-02-03 22:00:00+00:00,2760.6,2760.6,2711.3,2712.8,9501.0
2013-02-04 22:00:00+00:00,2712.4,2761.3,2711.6,2755.6,9329.0
2013-02-05 22:00:00+00:00,2756.0,2759.1,2735.1,2742.8,7170.0
2013-02-06 22:00:00+00:00,2742.4,2750.4,2714.8,2747.4,7692.0
2013-02-07 22:00:00+00:00,2747.0,2780.2,2743.0,2774.4,6910.0
2013-02-08 22:00:00+00:00,2774.4,2774.4,2774.4,2774.4,1.0
2013-02-10 22:00:00+00:00,2773.2,2782.4,2765.5,2773.2,4535.0
2013-02-11 22:00:00+00:00,2773.6,2775.8,2760.4,2766.6,6064.0
2013-02-12 22:00:00+00:00,2767.0,2783.2,2764.4,2771.4,7906.0
2013-02-13 22:00:00+00:00,2771.0,2776.2,2757.6,2770.4,6982.0
2013-02-14 22:00:00+00:00,2770.8,2778.3,2755.9,2764.6,7351.0
2013-02-15 22:00:00+00:00,2764.6,2764.6,2764.6,2764.6,2.0
2013-02-17 22:00:00+00:00,2761.2,2766.2,2759.6,2766.2,1391.0
2013-02-18 22:00:00+00:00,2765.4,2786.8,2761.6,2785.4,7189.0
2013-02-19 22:00:00+00:00,2785.0,2787.6,2736.0,2737.2,5248.0
2013-02-20 22:00:00+00:00,2737.6,2742.0,2700.7,2717.2,9412.0
2013-02-21 22:00:00+00:00,2717.6,2740.2,2715.4,2737.4,10422.0
2013-02-24 22:00:00+00:00,2738.6,2765.4,2693.2,2699.8,12212.0
2013-02-25 22:00:00+00:00,2699.4,2718.9,2690.2,2711.8,12865.0
2013-02-27 22:00:00+00:00,2742.0,2762.1,2733.6,2733.6,9571.0
2013-02-28 22:00:00+00:00,2734.0,2751.8,2712.6,2749.2,14967.0
2013-03-01 22:00:00+00:00,2749.2,2749.2,2749.2,2749.2,1.0
2013-03-03 22:00:00+00:00,2745.8,2763.8,2733.4,2763.8,11505.0
2013-03-04 22:00:00+00:00,2763.4,2803.9,2761.6,2800.2,10406.0
2013-03-05 22:00:00+00:00,2800.6,2809.6,2789.4,2791.4,10197.0
2013-03-06 22:00:00+00:00,2791.8,2804.8,2789.4,2800.2,5982.0
2013-03-07 22:00:00+00:00,2799.8,2819.3,2793.4,2801.4,11152.0
2013-03-08 22:00:00+00:00,2801.4,2801.4,2801.4,2801.4,1.0
2013-03-10 21:00:00+00:00,2799.0,2812.4,2792.3,2811.0,4141.0
2013-03-11 21:00:00+00:00,2811.6,2812.0,2787.3,2803.2,5601.0
2013-03-12 21:00:00+00:00,2803.6,2807.8,2787.2,2799.8,6471.0
2013-03-13 21:00:00+00:00,2800.2,2811.9,2796.8,2804.2,5683.0
2013-03-14 21:00:00+00:00,2803.8,2809.6,2789.3,2796.3,9963.0
2013-03-15 21:00:00+00:00,2796.3,2796.3,2796.3,2796.3,1.0
2013-03-17 21:00:00+00:00,2771.6,2801.3,2752.8,2792.8,10373.0
2013-03-18 21:00:00+00:00,2793.2,2804.2,2759.6,2781.6,13314.0
2013-03-19 21:00:00+00:00,2781.2,2810.4,2776.2,2792.2,9403.0
2013-03-20 21:00:00+00:00,2791.8,2792.2,2765.3,2774.6,6870.0
2013-03-21 21:00:00+00:00,2774.2,2801.8,2767.8,2798.6,9073.0
2013-03-24 21:00:00+00:00,2797.2,2815.4,2774.8,2791.2,12070.0
2013-03-25 21:00:00+00:00,2790.8,2805.8,2788.8,2805.8,9131.0
2013-03-26 21:00:00+00:00,2806.4,2809.8,2780.6,2806.0,5288.0
2013-03-27 21:00:00+00:00,2806.6,2818.3,2795.4,2817.2,8396.0
2013-03-28 21:00:00+00:00,2817.6,2818.0,2817.6,2818.0,3.0
2013-03-31 21:00:00+00:00,2815.6,2819.3,2788.2,2793.0,4806.0
2013-04-01 21:00:00+00:00,2793.4,2826.7,2790.2,2817.8,4937.0
2013-04-02 21:00:00+00:00,2818.2,2822.7,2784.1,2791.2,9118.0
2013-04-03 21:00:00+00:00,2791.6,2804.9,2776.1,2787.2,12930.0
2013-04-04 21:00:00+00:00,2787.6,2788.8,2741.1,2767.7,14957.0
2013-04-07 21:00:00+00:00,2767.0,2791.0,2760.6,2791.0,4538.0
2013-04-08 21:00:00+00:00,2791.4,2813.1,2776.4,2802.6,9131.0
2013-04-09 21:00:00+00:00,2803.0,2860.7,2798.4,2855.2,6410.0
2013-04-10 21:00:00+00:00,2855.6,2861.7,2846.7,2857.6,10673.0
2013-04-11 21:00:00+00:00,2858.0,2859.4,2831.3,2850.9,11188.0
2013-04-12 21:00:00+00:00,2850.9,2850.9,2850.9,2850.9,2.0
2013-04-14 21:00:00+00:00,2849.4,2854.0,2781.4,2787.8,17028.0
2013-04-15 21:00:00+00:00,2787.2,2837.0,2785.8,2831.8,16920.0
2013-04-16 21:00:00+00:00,2832.2,2833.2,2761.4,2776.4,21873.0
2013-04-17 21:00:00+00:00,2776.0,2790.8,2726.7,2753.4,18129.0
2013-04-18 21:00:00+00:00,2753.8,2782.2,2739.7,2772.4,11819.0
2013-04-21 21:00:00+00:00,2775.2,2814.9,2775.2,2805.2,20220.0
2013-04-22 21:00:00+00:00,2805.6,2845.4,2787.8,2843.2,23552.0
2013-04-23 21:00:00+00:00,2843.6,2846.0,2818.6,2826.2,10046.0
2013-04-24 21:00:00+00:00,2826.6,2856.8,2819.6,2847.4,15739.0
2013-04-25 21:00:00+00:00,2847.0,2847.2,2824.7,2835.4,14036.0
2013-04-28 21:00:00+00:00,2836.6,2874.1,2830.2,2863.4,12548.0
2013-04-29 21:00:00+00:00,2863.0,2885.4,2855.8,2885.4,6043.0
2013-04-30 21:00:00+00:00,2885.0,2889.3,2864.7,2869.0,9252.0
2013-05-01 21:00:00+00:00,2869.4,2912.6,2869.0,2905.4,7790.0
2013-05-02 21:00:00+00:00,2905.0,2949.8,2902.4,2939.4,8613.0
2013-05-05 21:00:00+00:00,2938.6,2956.3,2938.6,2950.4,8291.0
2013-05-06 21:00:00+00:00,2950.0,2958.8,2939.6,2949.8,10061.0
2013-05-07 21:00:00+00:00,2949.8,2966.8,2943.8,2963.8,6481.0
2013-05-08 21:00:00+00:00,2964.2,2980.2,2952.2,2964.8,13577.0
2013-05-09 21:00:00+00:00,2964.4,2979.9,2961.1,2978.4,12250.0
2013-05-12 21:00:00+00:00,2972.4,2989.2,2962.7,2982.8,10147.0
2013-05-13 21:00:00+00:00,2983.2,3006.6,2973.2,2999.0,7207.0
2013-05-14 21:00:00+00:00,2999.0,3007.0,2984.6,3006.6,13806.0
2013-05-15 21:00:00+00:00,3007.0,3020.4,2997.6,3003.0,13276.0
2013-05-16 21:00:00+00:00,3002.6,3030.1,3000.0,3025.8,12675.0
2013-05-19 21:00:00+00:00,3022.8,3033.4,3011.7,3023.6,11499.0
2013-05-20 21:00:00+00:00,3023.2,3038.2,3011.6,3023.4,10972.0
2013-05-21 21:00:00+00:00,3023.4,3054.8,2985.4,3008.4,26471.0
2013-05-22 21:00:00+00:00,3008.0,3009.8,2962.8,2997.6,30266.0
2013-05-23 21:00:00+00:00,2998.0,3004.6,2965.1,2995.1,10253.0
2013-05-26 21:00:00+00:00,2994.4,3005.8,2986.3,3001.8,3668.0
2013-05-27 21:00:00+00:00,3001.2,3038.0,2999.6,3008.0,10489.0
2013-05-28 21:00:00+00:00,3007.6,3009.8,2979.6,2995.0,11620.0
2013-05-29 21:00:00+00:00,2995.4,3026.4,2982.8,3011.2,16921.0
2013-05-30 21:00:00+00:00,3010.8,3023.4,2980.2,2982.1,17317.0
2013-06-02 21:00:00+00:00,2982.6,2996.0,2951.2,2988.4,15273.0
2013-06-03 21:00:00+00:00,2988.0,3007.7,2961.9,2977.2,20668.0
2013-06-04 21:00:00+00:00,2976.8,2978.4,2932.7,2939.8,24541.0
2013-06-05 21:00:00+00:00,2940.2,2954.4,2911.3,2947.8,23385.0
2013-06-06 21:00:00+00:00,2945.6,2992.9,2936.6,2984.3,23492.0
2013-06-09 21:00:00+00:00,2980.6,3004.4,2977.4,2988.2,16323.0
2013-06-10 21:00:00+00:00,2988.2,2989.4,2950.3,2966.8,21677.0
2013-06-11 21:00:00+00:00,2967.2,2979.8,2921.4,2923.0,18482.0
2013-06-12 21:00:00+00:00,2922.6,2970.3,2898.4,2963.8,13487.0
2013-06-13 21:00:00+00:00,2963.4,2968.6,2939.7,2943.2,16646.0
2013-06-16 21:00:00+00:00,2943.2,2990.6,2942.4,2973.2,13782.0
2013-06-17 21:00:00+00:00,2973.6,3003.3,2971.3,2998.6,11187.0
2013-06-18 21:00:00+00:00,2999.0,3004.4,2958.8,2960.2,21133.0
2013-06-19 21:00:00+00:00,2959.8,2961.8,2881.2,2884.4,25900.0
2013-06-20 21:00:00+00:00,2884.0,2904.7,2851.3,2872.2,29034.0
2013-06-23 21:00:00+00:00,2870.8,2875.6,2823.1,2851.6,31915.0
2013-06-24 21:00:00+00:00,2852.0,2878.7,2835.8,2864.2,23036.0
2013-06-25 21:00:00+00:00,2864.6,2897.9,2851.0,2890.4,17442.0
2013-06-26 21:00:00+00:00,2890.8,2922.9,2887.3,2904.8,16931.0
2013-06-27 21:00:00+00:00,2905.2,2926.7,2889.2,2905.7,14580.0
2013-06-30 21:00:00+00:00,2911.0,2951.4,2898.8,2923.8,17574.0
2013-07-01 21:00:00+00:00,2924.2,2946.1,2912.2,2927.6,16637.0
2013-07-02 21:00:00+00:00,2928.0,2953.4,2901.7,2941.5,14292.0
2013-07-03 21:00:00+00:00,2940.2,2971.6,2939.8,2970.1,4626.0
2013-07-04 21:00:00+00:00,2969.4,2975.6,2932.2,2962.9,17523.0
2013-07-07 21:00:00+00:00,2965.4,2982.6,2953.2,2966.8,11596.0
2013-07-08 21:00:00+00:00,2967.2,2989.2,2963.6,2980.4,10387.0
2013-07-09 21:00:00+00:00,2980.8,3010.4,2973.2,3009.6,16320.0
2013-07-10 21:00:00+00:00,3009.2,3062.0,3008.8,3058.6,12090.0
2013-07-11 21:00:00+00:00,3058.2,3074.9,3053.6,3068.3,11312.0
2013-07-14 21:00:00+00:00,3067.4,3080.7,3067.2,3078.2,8777.0
2013-07-15 21:00:00+00:00,3077.8,3084.5,3067.9,3077.0,9792.0
2013-07-16 21:00:00+00:00,3077.0,3090.3,3069.6,3079.0,13493.0
2013-07-17 21:00:00+00:00,3078.6,3090.6,3050.2,3053.4,11210.0
2013-07-18 21:00:00+00:00,3053.0,3053.4,3034.4,3046.2,8213.0
2013-07-21 21:00:00+00:00,3048.6,3058.8,3042.3,3052.6,5816.0
2013-07-22 21:00:00+00:00,3053.0,3063.6,3027.2,3046.8,6435.0
2013-07-23 21:00:00+00:00,3040.6,3060.8,3032.1,3056.6,12273.0
2013-07-24 21:00:00+00:00,3057.0,3061.8,3030.8,3057.8,13907.0
2013-07-25 21:00:00+00:00,3058.2,3076.8,3041.2,3074.6,6236.0
2013-07-28 21:00:00+00:00,3074.2,3081.6,3059.9,3071.4,9440.0
2013-07-29 21:00:00+00:00,3071.4,3097.8,3068.8,3087.8,11401.0
2013-07-30 21:00:00+00:00,3087.4,3108.1,3082.4,3095.8,11091.0
2013-07-31 21:00:00+00:00,3096.2,3126.5,3093.0,3122.0,9908.0
2013-08-01 21:00:00+00:00,3122.0,3140.7,3115.4,3140.2,11693.0
2013-08-04 21:00:00+00:00,3138.8,3143.3,3130.7,3139.4,7744.0
2013-08-05 21:00:00+00:00,3139.0,3142.1,3109.2,3120.8,9425.0
2013-08-06 21:00:00+00:00,3120.4,3121.9,3093.6,3120.6,12590.0
2013-08-07 21:00:00+00:00,3120.2,3139.0,3111.2,3132.6,8316.0
2013-08-08 21:00:00+00:00,3132.6,3137.4,3109.7,3118.0,10193.0
2013-08-11 21:00:00+00:00,3116.4,3131.7,3096.9,3128.8,5397.0
2013-08-12 21:00:00+00:00,3129.2,3150.2,3107.4,3140.8,11415.0
2013-08-13 21:00:00+00:00,3140.4,3146.2,3121.0,3121.6,15372.0
2013-08-14 21:00:00+00:00,3121.2,3121.2,3068.8,3075.0,18884.0
2013-08-15 21:00:00+00:00,3074.6,3092.3,3070.6,3071.4,13007.0
2013-08-18 21:00:00+00:00,3068.6,3102.5,3067.6,3073.0,14903.0
2013-08-19 21:00:00+00:00,3072.6,3098.8,3065.7,3084.2,13091.0
2013-08-20 21:00:00+00:00,3084.6,3100.4,3061.7,3063.0,15392.0
2013-08-21 21:00:00+00:00,3063.4,3108.6,3057.2,3106.6,12089.0
2013-08-22 21:00:00+00:00,3107.0,3128.4,3098.2,3124.3,15545.0
2013-08-25 21:00:00+00:00,3122.4,3148.9,3119.1,3124.0,11727.0
2013-08-26 21:00:00+00:00,3124.4,3126.0,3054.2,3063.4,22034.0
2013-08-27 21:00:00+00:00,3063.0,3085.8,3057.6,3067.4,15661.0
2013-08-28 21:00:00+00:00,3067.8,3110.1,3065.2,3094.2,9773.0
2013-08-29 21:00:00+00:00,3093.8,3104.4,3063.1,3082.2,16027.0
2013-09-01 21:00:00+00:00,3093.8,3114.5,3091.8,3110.3,3778.0
2013-09-02 21:00:00+00:00,3105.6,3114.2,3077.1,3089.8,21780.0
2013-09-03 21:00:00+00:00,3090.2,3132.0,3084.6,3132.0,16810.0
2013-09-04 21:00:00+00:00,3132.4,3138.4,3125.0,3130.0,9152.0
2013-09-05 21:00:00+00:00,3129.6,3150.5,3097.7,3131.8,11934.0
2013-09-08 21:00:00+00:00,3132.6,3175.8,3132.6,3170.6,8592.0
2013-09-09 21:00:00+00:00,3171.0,3189.8,3168.0,3185.2,9861.0
2013-09-10 21:00:00+00:00,3185.6,3189.0,3160.4,3184.0,16394.0
2013-09-11 21:00:00+00:00,3184.4,3187.1,3170.8,3179.4,14456.0
2013-09-12 21:00:00+00:00,3179.8,3182.8,3161.9,3179.2,8336.0
2013-09-15 21:00:00+00:00,3205.8,3219.4,3162.6,3167.8,12987.0
2013-09-16 21:00:00+00:00,3167.4,3195.3,3162.6,3192.4,9235.0
2013-09-17 21:00:00+00:00,3192.8,3235.9,3189.6,3231.6,20138.0
2013-09-18 21:00:00+00:00,3232.0,3243.9,3230.8,3237.0,15107.0
2013-09-19 21:00:00+00:00,3237.4,3247.4,3223.7,3224.9,10187.0
2013-09-22 21:00:00+00:00,3229.2,3242.8,3203.8,3216.2,12652.0
2013-09-23 21:00:00+00:00,3216.6,3236.4,3208.6,3220.0,12205.0
2013-09-24 21:00:00+00:00,3220.4,3226.4,3201.6,3207.4,18078.0
2013-09-25 21:00:00+00:00,3208.0,3241.1,3207.4,3234.6,14720.0
2013-09-26 21:00:00+00:00,3235.0,3239.0,3208.6,3230.7,10327.0
2013-09-29 21:00:00+00:00,3216.4,3228.6,3183.8,3224.6,16828.0
2013-09-30 21:00:00+00:00,3225.0,3256.4,3218.5,3254.4,11982.0
2013-10-01 21:00:00+00:00,3255.0,3256.2,3226.2,3244.8,11267.0
2013-10-02 21:00:00+00:00,3244.4,3253.4,3194.6,3206.0,32201.0
2013-10-03 21:00:00+00:00,3206.4,3244.6,3204.6,3241.6,16472.0
2013-10-06 21:00:00+00:00,3227.4,3237.4,3206.8,3212.2,18526.0
2013-10-07 21:00:00+00:00,3211.6,3219.4,3149.2,3150.4,30901.0
2013-10-08 21:00:00+00:00,3150.0,3168.8,3115.3,3138.2,34197.0
2013-10-09 21:00:00+00:00,3138.6,3213.9,3137.8,3197.0,25665.0
2013-10-10 21:00:00+00:00,3197.4,3234.8,3180.6,3231.9,21777.0
2013-10-13 21:00:00+00:00,3204.8,3259.0,3201.4,3257.2,18218.0
2013-10-14 21:00:00+00:00,3257.6,3267.9,3238.6,3247.6,30242.0
2013-10-15 21:00:00+00:00,3247.2,3280.7,3239.4,3267.2,17915.0
2013-10-16 21:00:00+00:00,3267.6,3311.0,3259.7,3311.0,16615.0
2013-10-17 21:00:00+00:00,3311.4,3352.3,3311.2,3348.1,16301.0
2013-10-20 21:00:00+00:00,3348.6,3366.3,3347.0,3358.0,15509.0
2013-10-21 21:00:00+00:00,3357.6,3381.3,3342.3,3362.4,22101.0
2013-10-22 21:00:00+00:00,3362.8,3362.8,3326.6,3346.6,23219.0
2013-10-23 21:00:00+00:00,3347.0,3383.6,3339.6,3381.4,20066.0
2013-10-24 21:00:00+00:00,3381.8,3396.8,3365.4,3380.0,16621.0
2013-10-27 21:00:00+00:00,3378.7,3393.4,3364.6,3374.4,18150.0
2013-10-28 21:00:00+00:00,3374.0,3395.7,3372.4,3391.6,11929.0
2013-10-29 21:00:00+00:00,3392.0,3405.2,3368.4,3392.2,19724.0
2013-10-30 21:00:00+00:00,3391.8,3397.6,3364.6,3381.2,21020.0
2013-10-31 21:00:00+00:00,3381.6,3391.8,3360.9,3372.3,14688.0
2013-11-03 22:00:00+00:00,3370.1,3390.4,3369.8,3381.2,13615.0
2013-11-04 22:00:00+00:00,3381.6,3393.3,3358.8,3384.0,13270.0
2013-11-05 22:00:00+00:00,3384.4,3401.0,3373.4,3379.0,14344.0
2013-11-06 22:00:00+00:00,3378.4,3389.9,3317.1,3325.4,29338.0
2013-11-07 22:00:00+00:00,3325.8,3365.8,3313.1,3363.3,15335.0
2013-11-10 22:00:00+00:00,3363.2,3368.1,3348.3,3357.6,15726.0
2013-11-11 22:00:00+00:00,3358.0,3369.3,3346.6,3366.8,16481.0
2013-11-12 22:00:00+00:00,3367.2,3409.2,3340.7,3403.0,16647.0
2013-11-13 22:00:00+00:00,3402.4,3418.3,3389.4,3414.2,19775.0
2013-11-14 22:00:00+00:00,3414.2,3423.9,3407.8,3419.8,15888.0
2013-11-17 22:00:00+00:00,3418.7,3427.9,3382.3,3388.8,16359.0
2013-11-18 22:00:00+00:00,3388.4,3402.7,3372.8,3378.6,12035.0
2013-11-19 22:00:00+00:00,3378.2,3400.6,3360.4,3370.0,16434.0
2013-11-20 22:00:00+00:00,3370.4,3407.8,3362.1,3404.8,15805.0
2013-11-21 22:00:00+00:00,3404.4,3424.6,3401.8,3422.6,17575.0
2013-11-24 22:00:00+00:00,3423.2,3439.1,3422.2,3430.4,11499.0
2013-11-25 22:00:00+00:00,3430.0,3457.6,3424.3,3449.8,12110.0
2013-11-26 22:00:00+00:00,3449.8,3473.7,3447.6,3471.8,9957.0
2013-11-27 22:00:00+00:00,3472.2,3485.8,3470.8,3484.4,1559.0
2013-11-28 22:00:00+00:00,3483.8,3497.9,3482.2,3492.9,5726.0
2013-12-01 22:00:00+00:00,3495.6,3502.4,3478.1,3484.8,14141.0
2013-12-02 22:00:00+00:00,3485.2,3489.8,3467.4,3478.2,18930.0
2013-12-03 22:00:00+00:00,3477.8,3495.2,3454.7,3484.8,20705.0
2013-12-04 22:00:00+00:00,3485.2,3492.9,3469.9,3478.2,27773.0
2013-12-05 22:00:00+00:00,3478.6,3511.8,3478.4,3506.3,24026.0
2013-12-08 22:00:00+00:00,3509.7,3525.4,3507.4,3520.4,9968.0
2013-12-09 22:00:00+00:00,3520.0,3525.1,3508.6,3517.6,9038.0
2013-12-10 22:00:00+00:00,3518.0,3523.0,3465.7,3472.2,13278.0
2013-12-11 22:00:00+00:00,3471.8,3480.8,3457.4,3457.4,10274.0
2013-12-12 22:00:00+00:00,3457.8,3479.8,3451.3,3458.6,14532.0
2013-12-15 22:00:00+00:00,3459.4,3496.9,3435.6,3473.6,12610.0
2013-12-16 22:00:00+00:00,3474.0,3484.6,3462.2,3465.4,12519.0
2013-12-17 22:00:00+00:00,3465.8,3515.2,3423.1,3512.8,28144.0
2013-12-18 22:00:00+00:00,3513.2,3518.2,3483.8,3498.2,11884.0
2013-12-19 22:00:00+00:00,3498.6,3542.8,3498.2,3538.4,7999.0
2013-12-22 22:00:00+00:00,3546.9,3573.0,3546.9,3571.8,10246.0
2013-12-23 22:00:00+00:00,3571.4,3576.1,3566.6,3575.1,4602.0
2013-12-25 22:00:00+00:00,3577.1,3588.4,3573.7,3588.2,4514.0
2013-12-26 22:00:00+00:00,3588.8,3592.7,3572.1,3577.7,8438.0
2013-12-29 22:00:00+00:00,3574.8,3578.6,3561.1,3572.8,3911.0
2013-12-30 22:00:00+00:00,3572.8,3593.2,3570.0,3588.9,2927.0
2014-01-01 22:00:00+00:00,3580.3,3583.6,3554.2,3565.2,13759.0
2014-01-02 22:00:00+00:00,3565.6,3571.4,3536.4,3536.7,8803.0
2014-01-05 22:00:00+00:00,3535.8,3544.8,3510.4,3520.2,10291.0
2014-01-06 22:00:00+00:00,3520.6,3561.7,3520.4,3554.4,12834.0
2014-01-07 22:00:00+00:00,3554.0,3574.2,3548.6,3568.0,14080.0
2014-01-08 22:00:00+00:00,3567.6,3581.4,3540.0,3553.4,14907.0
2014-01-09 22:00:00+00:00,3553.8,3576.3,3534.2,3565.5,16024.0
2014-01-12 22:00:00+00:00,3566.8,3570.8,3496.7,3513.8,14943.0
2014-01-13 22:00:00+00:00,3514.2,3580.3,3507.3,3577.6,11252.0
2014-01-14 22:00:00+00:00,3578.0,3614.2,3575.0,3602.8,11635.0
2014-01-15 22:00:00+00:00,3602.4,3612.2,3597.9,3600.6,11824.0
2014-01-16 22:00:00+00:00,3601.0,3612.8,3578.3,3588.8,12514.0
2014-01-19 22:00:00+00:00,3588.3,3592.7,3581.4,3591.6,1903.0
2014-01-20 22:00:00+00:00,3591.6,3615.7,3583.3,3611.4,15591.0
2014-01-21 22:00:00+00:00,3611.8,3632.8,3608.8,3630.2,15093.0
2014-01-22 22:00:00+00:00,3629.8,3638.8,3585.3,3618.8,13052.0
2014-01-23 22:00:00+00:00,3619.2,3624.6,3536.3,3537.1,32686.0
2014-01-26 22:00:00+00:00,3534.1,3548.1,3476.6,3482.2,37002.0
2014-01-27 22:00:00+00:00,3481.8,3508.8,3471.4,3505.4,18382.0
2014-01-28 22:00:00+00:00,3505.8,3531.9,3457.4,3478.8,100500.0
2014-01-29 22:00:00+00:00,3479.0,3540.2,3474.2,3513.6,77474.0
2014-01-30 22:00:00+00:00,3514.0,3535.6,3482.4,3522.9,97514.0
2014-02-02 22:00:00+00:00,3520.5,3532.4,3428.2,3440.6,112910.0
2014-02-03 22:00:00+00:00,3440.8,3476.2,3434.4,3455.4,83989.0
2014-02-04 22:00:00+00:00,3455.3,3465.8,3414.8,3451.8,94750.0
2014-02-05 22:00:00+00:00,3452.0,3502.0,3450.6,3493.5,72048.0
2014-02-06 22:00:00+00:00,3493.6,3562.2,3482.1,3560.4,78695.0
2014-02-09 22:00:00+00:00,3563.8,3582.2,3552.8,3582.2,48506.0
2014-02-10 22:00:00+00:00,3582.0,3628.2,3580.8,3615.6,60786.0
2014-02-11 22:00:00+00:00,3615.4,3635.8,3612.4,3624.6,53011.0
2014-02-12 22:00:00+00:00,3624.6,3658.2,3599.2,3655.4,53430.0
2014-02-13 22:00:00+00:00,3655.1,3670.0,3640.4,3662.8,53161.0
2014-02-16 22:00:00+00:00,3661.7,3674.5,3658.6,3669.2,11174.0
2014-02-17 22:00:00+00:00,3668.5,3686.6,3655.9,3678.2,42665.0
2014-02-18 22:00:00+00:00,3678.3,3681.4,3647.4,3658.4,52779.0
2014-02-19 22:00:00+00:00,3658.2,3678.6,3640.2,3671.5,62888.0
2014-02-20 22:00:00+00:00,3671.6,3688.6,3662.6,3666.6,51453.0
2014-02-23 22:00:00+00:00,3668.0,3703.0,3656.4,3689.1,48757.0
2014-02-24 22:00:00+00:00,3689.1,3698.8,3670.2,3691.7,55495.0
2014-02-25 22:00:00+00:00,3691.6,3703.5,3663.9,3679.6,57806.0
2014-02-26 22:00:00+00:00,3679.9,3706.1,3662.8,3705.8,40895.0
2014-02-27 22:00:00+00:00,3705.8,3723.7,3666.4,3699.0,57918.0
2014-03-02 22:00:00+00:00,3675.6,3680.8,3638.2,3671.5,106725.0
2014-03-03 22:00:00+00:00,3671.6,3724.2,3670.9,3718.5,79257.0
2014-03-04 22:00:00+00:00,3718.4,3733.4,3713.4,3731.0,46921.0
2014-03-05 22:00:00+00:00,3730.9,3738.1,3710.3,3724.7,48064.0
2014-03-06 22:00:00+00:00,3724.6,3741.3,3686.7,3706.5,75509.0
2014-03-09 21:00:00+00:00,3700.4,3712.7,3684.9,3710.4,55584.0
2014-03-10 21:00:00+00:00,3710.4,3727.1,3681.9,3687.3,65482.0
2014-03-11 21:00:00+00:00,3687.2,3710.2,3662.2,3710.0,61870.0
2014-03-12 21:00:00+00:00,3709.7,3723.2,3636.9,3655.5,67703.0
2014-03-13 21:00:00+00:00,3655.4,3662.1,3626.7,3628.1,94124.0
2014-03-16 21:00:00+00:00,3629.6,3680.2,3609.3,3661.2,74215.0
2014-03-17 21:00:00+00:00,3661.2,3709.3,3647.0,3703.3,65152.0
2014-03-18 21:00:00+00:00,3703.3,3712.4,3659.4,3677.0,77360.0
2014-03-19 21:00:00+00:00,3677.2,3704.9,3664.4,3698.4,71656.0
2014-03-20 21:00:00+00:00,3698.4,3719.9,3640.6,3647.4,78024.0
2014-03-23 21:00:00+00:00,3645.2,3663.6,3582.1,3619.7,88885.0
2014-03-24 21:00:00+00:00,3619.6,3658.6,3597.6,3630.6,85347.0
2014-03-25 21:00:00+00:00,3630.8,3654.0,3577.3,3581.8,88322.0
2014-03-26 21:00:00+00:00,3581.9,3591.7,3541.4,3564.2,115659.0
2014-03-27 21:00:00+00:00,3564.2,3607.4,3557.8,3570.4,73230.0
2014-03-30 21:00:00+00:00,3581.0,3617.2,3579.9,3589.2,65627.0
2014-03-31 21:00:00+00:00,3589.0,3658.5,3584.4,3658.0,53733.0
2014-04-01 21:00:00+00:00,3657.7,3674.4,3648.6,3666.1,56582.0
2014-04-02 21:00:00+00:00,3666.2,3675.1,3615.0,3640.7,61939.0
2014-04-03 21:00:00+00:00,3641.0,3663.5,3528.5,3544.4,126770.0
2014-04-06 21:00:00+00:00,3546.0,3548.1,3480.0,3505.6,128231.0
2014-04-07 21:00:00+00:00,3505.6,3541.3,3496.1,3534.2,102427.0
2014-04-08 21:00:00+00:00,3534.2,3599.5,3531.9,3598.9,76115.0
2014-04-09 21:00:00+00:00,3598.9,3604.7,3475.4,3490.5,129327.0
2014-04-10 21:00:00+00:00,3490.8,3498.7,3436.4,3449.0,158418.0
2014-04-13 21:00:00+00:00,3438.3,3489.7,3430.3,3475.8,110750.0
2014-04-14 21:00:00+00:00,3475.9,3505.7,3409.9,3504.1,173811.0
2014-04-15 21:00:00+00:00,3504.4,3529.1,3484.4,3505.8,126987.0
2014-04-16 21:00:00+00:00,3506.1,3547.2,3497.3,3529.5,80268.0
2014-04-17 21:00:00+00:00,3529.5,3530.7,3528.4,3528.6,83.0
2014-04-20 21:00:00+00:00,3530.8,3558.5,3521.3,3557.2,36053.0
2014-04-21 21:00:00+00:00,3557.4,3592.8,3550.1,3589.4,51748.0
2014-04-22 21:00:00+00:00,3589.2,3596.2,3550.4,3593.5,68312.0
2014-04-23 21:00:00+00:00,3593.4,3622.7,3548.3,3597.2,98092.0
2014-04-24 21:00:00+00:00,3597.6,3597.6,3520.7,3533.3,94389.0
2014-04-27 21:00:00+00:00,3539.4,3566.3,3484.6,3545.2,121207.0
2014-04-28 21:00:00+00:00,3545.3,3575.2,3533.9,3560.8,83830.0
2014-04-29 21:00:00+00:00,3561.0,3581.6,3542.6,3581.0,88574.0
2014-04-30 21:00:00+00:00,3581.2,3609.1,3574.5,3593.1,40174.0
2014-05-01 21:00:00+00:00,3593.0,3607.9,3573.3,3582.9,95895.0
2014-05-04 21:00:00+00:00,3584.6,3601.3,3551.5,3598.3,66719.0
2014-05-05 21:00:00+00:00,3598.3,3607.0,3550.0,3554.6,67816.0
2014-05-06 21:00:00+00:00,3554.4,3569.9,3500.8,3544.5,102903.0
2014-05-07 21:00:00+00:00,3544.2,3582.7,3521.7,3536.4,89185.0
2014-05-08 21:00:00+00:00,3536.6,3555.1,3513.6,3552.5,88607.0
2014-05-11 21:00:00+00:00,3552.0,3613.8,3552.0,3613.7,49247.0
2014-05-12 21:00:00+00:00,3614.0,3627.0,3606.5,3612.6,62879.0
2014-05-13 21:00:00+00:00,3612.4,3617.6,3586.4,3600.8,62774.0
2014-05-14 21:00:00+00:00,3601.0,3609.6,3543.0,3565.6,101505.0
2014-05-15 21:00:00+00:00,3565.7,3591.8,3545.7,3586.0,87117.0
2014-05-18 21:00:00+00:00,3590.6,3619.8,3567.8,3613.4,64513.0
2014-05-19 21:00:00+00:00,3613.2,3625.8,3586.6,3601.4,81785.0
2014-05-20 21:00:00+00:00,3601.4,3637.9,3595.6,3634.2,67736.0
2014-05-21 21:00:00+00:00,3634.3,3661.8,3633.4,3651.0,50340.0
2014-05-22 21:00:00+00:00,3651.4,3679.0,3647.2,3678.0,35613.0
2014-05-25 21:00:00+00:00,3683.4,3694.2,3679.6,3692.6,6128.0
2014-05-26 21:00:00+00:00,3692.1,3724.6,3687.8,3724.6,45545.0
2014-05-27 21:00:00+00:00,3724.6,3731.9,3709.4,3718.4,50931.0
2014-05-28 21:00:00+00:00,3718.4,3738.8,3714.8,3738.0,42826.0
2014-05-29 21:00:00+00:00,3738.0,3742.0,3716.6,3733.6,50146.0
2014-06-01 21:00:00+00:00,3736.0,3742.8,3709.0,3729.8,52970.0
2014-06-02 21:00:00+00:00,3730.0,3737.0,3715.2,3734.0,47244.0
2014-06-03 21:00:00+00:00,3733.8,3750.6,3715.4,3745.4,40815.0
2014-06-04 21:00:00+00:00,3745.0,3783.2,3735.2,3777.4,66782.0
2014-06-05 21:00:00+00:00,3777.4,3799.4,3777.0,3799.0,55856.0
2014-06-08 21:00:00+00:00,3800.0,3803.6,3784.0,3793.4,30434.0
2014-06-09 21:00:00+00:00,3793.2,3803.4,3785.6,3803.4,37254.0
2014-06-10 21:00:00+00:00,3803.2,3805.2,3780.2,3799.8,40005.0
2014-06-11 21:00:00+00:00,3800.0,3807.0,3752.2,3774.8,53600.0
2014-06-12 21:00:00+00:00,3775.2,3786.2,3760.4,3777.0,33752.0
2014-06-15 21:00:00+00:00,3775.6,3790.6,3757.6,3780.0,49304.0
2014-06-16 21:00:00+00:00,3780.1,3792.2,3770.2,3781.2,52708.0
2014-06-17 21:00:00+00:00,3781.2,3807.2,3762.8,3802.4,56585.0
2014-06-18 21:00:00+00:00,3802.4,3810.2,3781.2,3794.6,44842.0
2014-06-19 21:00:00+00:00,3794.4,3806.2,3791.6,3801.0,32531.0
2014-06-22 21:00:00+00:00,3798.4,3813.6,3792.0,3800.4,39241.0
2014-06-23 21:00:00+00:00,3800.4,3834.4,3787.8,3799.0,42076.0
2014-06-24 21:00:00+00:00,3799.0,3830.2,3789.6,3820.6,56536.0
2014-06-25 21:00:00+00:00,3820.4,3828.4,3795.4,3825.2,58018.0
2014-06-26 21:00:00+00:00,3825.2,3844.0,3814.6,3838.0,44342.0
2014-06-29 21:00:00+00:00,3838.0,3857.2,3834.2,3853.2,38852.0
2014-06-30 21:00:00+00:00,3853.4,3900.6,3851.0,3892.0,39089.0
2014-07-01 21:00:00+00:00,3892.0,3902.4,3889.2,3897.6,37604.0
2014-07-02 21:00:00+00:00,3897.4,3923.8,3894.2,3921.6,33801.0
2014-07-03 21:00:00+00:00,3922.4,3922.6,3917.6,3919.8,4086.0
2014-07-06 21:00:00+00:00,3918.4,3921.4,3901.8,3909.8,43807.0
2014-07-07 21:00:00+00:00,3910.0,3912.2,3847.0,3867.8,63613.0
2014-07-08 21:00:00+00:00,3867.8,3896.0,3862.4,3892.8,62333.0
2014-07-09 21:00:00+00:00,3893.0,3894.8,3837.0,3878.4,87762.0
2014-07-10 21:00:00+00:00,3878.4,3904.2,3877.2,3903.6,60158.0
2014-07-13 21:00:00+00:00,3903.2,3935.8,3903.0,3926.4,40014.0
2014-07-14 21:00:00+00:00,3926.2,3938.8,3885.2,3923.0,82347.0
2014-07-15 21:00:00+00:00,3923.0,3946.0,3918.4,3925.4,53330.0
2014-07-16 21:00:00+00:00,3925.0,3932.4,3864.2,3872.4,101669.0
2014-07-17 21:00:00+00:00,3872.4,3940.6,3859.0,3936.6,73732.0
2014-07-20 21:00:00+00:00,3934.2,3939.0,3914.6,3928.8,66225.0
2014-07-21 21:00:00+00:00,3928.6,3964.0,3928.0,3947.9,55044.0
2014-07-22 21:00:00+00:00,3948.0,3987.6,3948.0,3982.2,56217.0
2014-07-23 21:00:00+00:00,3982.0,3995.6,3967.8,3970.8,55005.0
2014-07-24 21:00:00+00:00,3970.6,3970.8,3941.8,3961.6,55653.0
2014-07-27 21:00:00+00:00,3960.4,3974.6,3933.2,3963.4,68552.0
2014-07-28 21:00:00+00:00,3963.4,3981.4,3952.4,3962.0,69672.0
2014-07-29 21:00:00+00:00,3962.0,3987.2,3957.0,3973.2,99728.0
2014-07-30 21:00:00+00:00,3973.4,3974.4,3885.6,3891.4,121596.0
2014-07-31 21:00:00+00:00,3891.4,3904.8,3851.0,3878.8,142519.0
2014-08-03 21:00:00+00:00,3879.0,3919.0,3870.6,3899.4,86196.0
2014-08-04 21:00:00+00:00,3899.6,3903.4,3855.2,3877.2,117627.0
2014-08-05 21:00:00+00:00,3877.2,3894.6,3845.4,3872.6,104591.0
2014-08-06 21:00:00+00:00,3872.6,3895.6,3844.2,3857.6,121957.0
2014-08-07 21:00:00+00:00,3857.8,3890.0,3829.8,3877.4,119050.0
2014-08-10 21:00:00+00:00,3877.4,3920.6,3877.4,3910.0,55544.0
2014-08-11 21:00:00+00:00,3910.0,3920.4,3886.4,3910.0,69725.0
2014-08-12 21:00:00+00:00,3910.0,3952.0,3905.4,3951.0,52022.0
2014-08-13 21:00:00+00:00,3950.8,3976.0,3942.4,3974.4,49569.0
2014-08-14 21:00:00+00:00,3974.4,3997.4,3950.0,3988.4,101634.0
2014-08-17 21:00:00+00:00,3997.2,4021.8,3994.8,4018.0,41003.0
2014-08-18 21:00:00+00:00,4018.0,4042.8,4017.8,4037.0,36758.0
2014-08-19 21:00:00+00:00,4036.8,4049.0,4031.2,4042.4,42640.0
2014-08-20 21:00:00+00:00,4042.6,4050.8,4035.0,4050.8,41918.0
2014-08-21 21:00:00+00:00,4051.0,4063.0,4038.8,4056.4,64007.0
2014-08-24 21:00:00+00:00,4058.0,4080.4,4058.0,4065.2,33703.0
2014-08-25 21:00:00+00:00,4065.2,4077.6,4063.6,4075.0,35333.0
2014-08-26 21:00:00+00:00,4075.0,4078.8,4065.4,4074.4,30322.0
2014-08-27 21:00:00+00:00,4074.4,4076.0,4056.0,4075.6,47628.0
2014-08-28 21:00:00+00:00,4075.6,4087.4,4063.6,4083.6,33147.0
2014-08-31 21:00:00+00:00,4080.2,4086.2,4077.2,4086.0,12427.0
2014-09-01 21:00:00+00:00,4083.4,4097.0,4079.2,4096.2,38502.0
2014-09-02 21:00:00+00:00,4096.4,4115.2,4063.8,4072.8,57467.0
2014-09-03 21:00:00+00:00,4073.0,4102.0,4057.6,4073.6,62104.0
2014-09-04 21:00:00+00:00,4073.8,4090.4,4053.2,4087.4,69140.0
2014-09-07 21:00:00+00:00,4087.8,4105.8,4076.4,4096.2,42360.0
2014-09-08 21:00:00+00:00,4096.2,4111.2,4053.8,4066.0,107619.0
2014-09-09 21:00:00+00:00,4066.0,4096.8,4055.2,4094.4,70969.0
2014-09-10 21:00:00+00:00,4094.4,4096.6,4060.8,4096.6,63700.0
2014-09-11 21:00:00+00:00,4097.0,4097.4,4057.4,4070.6,55097.0
2014-09-14 21:00:00+00:00,4058.8,4076.6,4018.4,4034.4,37389.0
2014-09-15 21:00:00+00:00,4034.2,4074.4,4012.4,4067.2,56387.0
2014-09-16 21:00:00+00:00,4067.2,4092.1,4047.4,4075.0,67910.0
2014-09-17 21:00:00+00:00,4075.1,4107.8,4069.1,4107.6,49232.0
2014-09-18 21:00:00+00:00,4107.2,4126.6,4084.0,4102.6,66125.0
2014-09-21 21:00:00+00:00,4098.5,4100.0,4043.4,4057.2,71576.0
2014-09-22 21:00:00+00:00,4057.0,4068.4,4035.4,4036.8,70170.0
2014-09-23 21:00:00+00:00,4036.8,4097.4,4035.2,4094.2,63143.0
2014-09-24 21:00:00+00:00,4094.2,4096.0,4005.4,4013.4,96368.0
2014-09-25 21:00:00+00:00,4013.4,4057.8,4009.0,4054.6,83753.0
2014-09-28 21:00:00+00:00,4052.8,4058.0,4005.2,4040.4,52411.0
2014-09-29 21:00:00+00:00,4040.8,4071.6,4031.2,4044.2,49223.0
2014-09-30 21:00:00+00:00,4043.8,4052.6,3972.0,3990.8,62923.0
2014-10-01 21:00:00+00:00,3990.8,4001.2,3934.6,3981.2,79981.0
2014-10-02 21:00:00+00:00,3981.5,4041.2,3977.2,4022.6,39960.0
2014-10-05 21:00:00+00:00,4022.2,4046.6,4002.6,4009.6,111541.0
2014-10-06 21:00:00+00:00,4009.6,4016.6,3955.2,3956.2,128667.0
2014-10-07 21:00:00+00:00,3956.3,4048.0,3936.6,4040.0,146325.0
2014-10-08 21:00:00+00:00,4039.8,4053.8,3953.0,3957.2,213401.0
2014-10-09 21:00:00+00:00,3957.4,3972.8,3860.3,3866.0,237717.0
2014-10-12 21:00:00+00:00,3854.0,3891.4,3800.0,3800.9,135520.0
2014-10-13 21:00:00+00:00,3800.6,3858.0,3797.9,3823.4,142367.0
2014-10-14 21:00:00+00:00,3823.4,3836.6,3696.4,3749.5,205953.0
2014-10-15 21:00:00+00:00,3749.4,3791.5,3689.2,3748.5,215625.0
2014-10-16 21:00:00+00:00,3748.4,3845.5,3746.8,3804.9,116355.0
2014-10-19 21:00:00+00:00,3818.8,3883.0,3798.1,3881.3,173494.0
2014-10-20 21:00:00+00:00,3881.0,3980.4,3850.8,3979.7,152896.0
2014-10-21 21:00:00+00:00,3979.7,3988.0,3944.4,3953.8,166713.0
2014-10-22 21:00:00+00:00,3953.9,4029.3,3944.5,4009.6,153114.0
2014-10-23 21:00:00+00:00,4009.6,4043.1,3975.6,4039.8,149764.0
2014-10-26 21:00:00+00:00,4040.4,4054.2,4014.1,4045.4,74834.0
2014-10-27 21:00:00+00:00,4045.5,4103.9,4042.3,4097.9,55871.0
2014-10-28 21:00:00+00:00,4097.8,4100.5,4059.2,4076.2,79703.0
2014-10-29 21:00:00+00:00,4076.1,4106.7,4047.4,4097.8,85650.0
2014-10-30 21:00:00+00:00,4097.7,4167.7,4094.4,4149.6,73001.0
2014-11-02 22:00:00+00:00,4151.6,4177.5,4145.9,4160.4,56179.0
2014-11-03 22:00:00+00:00,4160.4,4168.3,4123.8,4148.3,66306.0
2014-11-04 22:00:00+00:00,4148.4,4180.0,4137.7,4146.3,65770.0
2014-11-05 22:00:00+00:00,4146.4,4170.9,4133.9,4169.7,67381.0
2014-11-06 22:00:00+00:00,4170.0,4183.0,4139.5,4156.5,58942.0
2014-11-09 22:00:00+00:00,4154.8,4181.8,4147.5,4174.8,43989.0
2014-11-10 22:00:00+00:00,4174.8,4189.6,4165.2,4187.9,32787.0
2014-11-11 22:00:00+00:00,4187.7,4201.9,4169.7,4197.6,41776.0
2014-11-12 22:00:00+00:00,4197.7,4230.1,4194.5,4207.4,57513.0
2014-11-13 22:00:00+00:00,4207.6,4227.0,4198.9,4225.9,57713.0
2014-11-16 22:00:00+00:00,4225.9,4226.9,4194.5,4215.5,53679.0
2014-11-17 22:00:00+00:00,4215.5,4251.4,4205.6,4241.8,41444.0
2014-11-18 22:00:00+00:00,4242.1,4244.9,4207.0,4228.1,51536.0
2014-11-19 22:00:00+00:00,4227.9,4250.7,4204.4,4248.5,44135.0
2014-11-20 22:00:00+00:00,4248.6,4286.9,4239.8,4251.3,56776.0
2014-11-23 22:00:00+00:00,4252.8,4288.6,4250.3,4285.3,32938.0
2014-11-24 22:00:00+00:00,4285.3,4305.3,4279.0,4296.5,38076.0
2014-11-25 22:00:00+00:00,4296.4,4325.7,4292.4,4325.1,31647.0
2014-11-26 22:00:00+00:00,4325.2,4333.8,4314.4,4332.9,8673.0
2014-11-27 22:00:00+00:00,4329.4,4349.8,4320.5,4341.0,28739.0
2014-11-30 22:00:00+00:00,4332.0,4337.0,4275.1,4287.9,71228.0
2014-12-01 22:00:00+00:00,4287.8,4316.0,4286.7,4310.0,52580.0
2014-12-02 22:00:00+00:00,4310.2,4321.3,4288.8,4313.9,36939.0
2014-12-03 22:00:00+00:00,4313.8,4329.7,4294.7,4315.5,52187.0
2014-12-04 22:00:00+00:00,4315.4,4327.8,4304.0,4315.5,41475.0
2014-12-07 22:00:00+00:00,4314.8,4321.2,4259.8,4283.4,48903.0
2014-12-08 22:00:00+00:00,4283.6,4299.2,4217.7,4293.6,70609.0
2014-12-09 22:00:00+00:00,4293.6,4298.9,4219.9,4226.9,141273.0
2014-12-10 22:00:00+00:00,4226.9,4298.8,4220.8,4229.1,79261.0
2014-12-11 22:00:00+00:00,4228.8,4255.4,4188.7,4192.3,85911.0
2014-12-14 22:00:00+00:00,4190.6,4237.9,4145.2,4159.8,133241.0
2014-12-15 22:00:00+00:00,4159.8,4193.1,4084.5,4092.0,178958.0
2014-12-16 22:00:00+00:00,4091.8,4176.6,4086.1,4163.5,181900.0
2014-12-17 22:00:00+00:00,4163.5,4275.2,4154.0,4274.3,103325.0
2014-12-18 22:00:00+00:00,4274.2,4308.1,4259.3,4288.6,84603.0
2014-12-21 22:00:00+00:00,4287.8,4304.7,4279.7,4296.3,49140.0
2014-12-22 22:00:00+00:00,4296.5,4315.7,4278.2,4283.0,40691.0
2014-12-23 22:00:00+00:00,4283.1,4301.8,4280.0,4286.4,12354.0
2014-12-25 22:00:00+00:00,4287.4,4325.4,4287.4,4315.6,10740.0
2014-12-28 22:00:00+00:00,4317.2,4324.0,4301.5,4320.2,55570.0
2014-12-29 22:00:00+00:00,4320.2,4321.1,4277.1,4286.4,51593.0
2014-12-30 22:00:00+00:00,4286.3,4308.0,4268.8,4272.0,23677.0
2015-01-01 22:00:00+00:00,4238.4,4275.8,4204.2,4218.5,134014.0
2015-01-04 22:00:00+00:00,4217.5,4223.7,4148.1,4169.0,176718.0
2015-01-05 22:00:00+00:00,4169.1,4175.2,4085.2,4102.6,235488.0
2015-01-06 22:00:00+00:00,4102.8,4166.2,4101.5,4155.7,178521.0
2015-01-07 22:00:00+00:00,4155.8,4245.5,4155.0,4233.6,110355.0
2015-01-08 22:00:00+00:00,4233.8,4255.4,4184.0,4204.5,162601.0
2015-01-11 22:00:00+00:00,4206.2,4230.1,4153.8,4171.9,98160.0
2015-01-12 22:00:00+00:00,4172.0,4250.4,4129.3,4167.4,118451.0
2015-01-13 22:00:00+00:00,4167.3,4171.7,4103.0,4152.3,154380.0
2015-01-14 22:00:00+00:00,4152.4,4192.7,4080.6,4081.6,182194.0
2015-01-15 22:00:00+00:00,4081.2,4139.6,4044.2,4135.1,123595.0
2015-01-18 22:00:00+00:00,4139.7,4157.2,4115.5,4129.0,50307.0
2015-01-19 22:00:00+00:00,4130.1,4177.4,4111.5,4167.9,178855.0
2015-01-20 22:00:00+00:00,4167.9,4207.7,4139.2,4186.8,186389.0
2015-01-21 22:00:00+00:00,4186.8,4271.2,4166.9,4271.2,187995.0
2015-01-22 22:00:00+00:00,4271.1,4288.4,4252.9,4270.7,82992.0
2015-01-25 22:00:00+00:00,4251.8,4280.1,4234.0,4270.9,22086.0
2015-01-26 22:00:00+00:00,4271.2,4273.0,4144.7,4211.8,31533.0
2015-01-27 22:00:00+00:00,4211.3,4236.6,4121.8,4127.6,43319.0
2015-01-28 22:00:00+00:00,4128.0,4199.1,4097.8,4197.8,39257.0
2015-01-29 22:00:00+00:00,4198.1,4209.3,4138.2,4147.4,40563.0
2015-02-01 22:00:00+00:00,4147.8,4189.7,4087.4,4183.7,147908.0
2015-02-02 22:00:00+00:00,4183.7,4224.5,4167.7,4214.3,114249.0
2015-02-03 22:00:00+00:00,4214.1,4244.5,4189.5,4194.2,104270.0
2015-02-04 22:00:00+00:00,4194.2,4256.3,4183.4,4254.7,85947.0
2015-02-05 22:00:00+00:00,4254.8,4270.1,4211.5,4231.1,83044.0
2015-02-08 22:00:00+00:00,4221.0,4233.4,4203.2,4218.4,131089.0
2015-02-09 22:00:00+00:00,4218.5,4285.4,4212.6,4280.0,108463.0
2015-02-10 22:00:00+00:00,4280.0,4323.3,4272.7,4313.9,106248.0
2015-02-11 22:00:00+00:00,4314.0,4347.5,4287.5,4344.4,114121.0
2015-02-12 22:00:00+00:00,4344.5,4383.3,4342.4,4378.7,72239.0
2015-02-15 22:00:00+00:00,4376.2,4389.4,4370.8,4376.1,17408.0
2015-02-16 22:00:00+00:00,4368.4,4389.1,4366.1,4386.2,78845.0
2015-02-17 22:00:00+00:00,4386.0,4394.8,4375.1,4390.3,66901.0
2015-02-18 22:00:00+00:00,4390.4,4418.2,4377.0,4418.2,70989.0
2015-02-19 22:00:00+00:00,4418.2,4446.0,4397.3,4439.8,97824.0
2015-02-22 22:00:00+00:00,4440.8,4450.2,4431.0,4447.2,36064.0
2015-02-23 22:00:00+00:00,4447.1,4456.3,4428.1,4451.4,40452.0
2015-02-24 22:00:00+00:00,4451.3,4461.9,4430.4,4439.0,37509.0
2015-02-25 22:00:00+00:00,4438.8,4465.5,4432.1,4463.7,47092.0
2015-02-26 22:00:00+00:00,4463.6,4463.7,4436.0,4446.8,40206.0
2015-03-01 22:00:00+00:00,4448.1,4484.0,4447.4,4479.1,35515.0
2015-03-02 22:00:00+00:00,4479.2,4480.1,4433.1,4458.4,43607.0
2015-03-03 22:00:00+00:00,4458.3,4458.7,4420.0,4444.3,52320.0
2015-03-04 22:00:00+00:00,4444.0,4465.5,4433.5,4451.0,44357.0
2015-03-05 22:00:00+00:00,4450.9,4460.8,4389.7,4405.9,67489.0
2015-03-08 21:00:00+00:00,4413.3,4425.2,4392.3,4414.3,52740.0
2015-03-09 21:00:00+00:00,4414.4,4416.1,4329.0,4334.7,74079.0
2015-03-10 21:00:00+00:00,4335.0,4347.7,4304.7,4312.5,64843.0
2015-03-11 21:00:00+00:00,4312.2,4339.7,4299.2,4333.6,54622.0
2015-03-12 21:00:00+00:00,4333.7,4347.6,4288.6,4309.7,63527.0
2015-03-15 21:00:00+00:00,4317.0,4372.4,4299.2,4359.8,44217.0
2015-03-16 21:00:00+00:00,4359.6,4384.4,4348.6,4377.7,52696.0
2015-03-17 21:00:00+00:00,4377.8,4441.2,4342.6,4429.6,84993.0
2015-03-18 21:00:00+00:00,4429.4,4441.6,4418.3,4427.7,63400.0
2015-03-19 21:00:00+00:00,4427.4,4478.8,4422.6,4454.8,46840.0
2015-03-22 21:00:00+00:00,4454.5,4467.9,4442.3,4444.2,44807.0
2015-03-23 21:00:00+00:00,4444.1,4467.4,4430.5,4436.0,49851.0
2015-03-24 21:00:00+00:00,4436.1,4444.7,4326.2,4332.3,70267.0
2015-03-25 21:00:00+00:00,4332.3,4337.0,4275.9,4319.2,94381.0
2015-03-26 21:00:00+00:00,4319.3,4339.6,4303.4,4329.4,71251.0
2015-03-29 21:00:00+00:00,4332.3,4387.5,4321.7,4376.5,90956.0
2015-03-30 21:00:00+00:00,4376.3,4381.6,4326.6,4329.0,97882.0
2015-03-31 21:00:00+00:00,4328.8,4339.9,4267.7,4319.7,160985.0
2015-04-01 21:00:00+00:00,4320.0,4326.6,4294.3,4314.7,91459.0
2015-04-02 21:00:00+00:00,4314.6,4319.2,4267.8,4268.8,11822.0
2015-04-05 21:00:00+00:00,4276.0,4359.9,4270.5,4345.5,43538.0
2015-04-06 21:00:00+00:00,4345.3,4377.4,4335.6,4339.5,44790.0
2015-04-07 21:00:00+00:00,4339.3,4382.3,4332.8,4381.7,64969.0
2015-04-08 21:00:00+00:00,4381.6,4406.1,4358.1,4403.6,60516.0
2015-04-09 21:00:00+00:00,4403.6,4421.0,4390.7,4419.0,40182.0
2015-04-12 21:00:00+00:00,4421.6,4446.5,4404.4,4408.2,41374.0
2015-04-13 21:00:00+00:00,4408.6,4419.4,4371.8,4401.3,55534.0
2015-04-14 21:00:00+00:00,4401.3,4433.7,4393.5,4428.4,45357.0
2015-04-15 21:00:00+00:00,4428.2,4434.1,4402.9,4419.1,48246.0
2015-04-16 21:00:00+00:00,4419.1,4422.3,4328.4,4352.5,73702.0
2015-04-19 21:00:00+00:00,4362.0,4421.0,4356.6,4411.0,45847.0
2015-04-20 21:00:00+00:00,4410.8,4447.0,4407.7,4434.7,53876.0
2015-04-21 21:00:00+00:00,4434.5,4463.6,4402.8,4442.1,60405.0
2015-04-22 21:00:00+00:00,4442.2,4500.7,4422.0,4497.8,60181.0
2015-04-23 21:00:00+00:00,4498.0,4540.3,4493.6,4533.5,52942.0
2015-04-26 21:00:00+00:00,4536.6,4559.4,4513.2,4527.4,55931.0
2015-04-27 21:00:00+00:00,4527.4,4535.0,4475.7,4518.6,78038.0
2015-04-28 21:00:00+00:00,4518.8,4519.1,4460.1,4478.0,93199.0
2015-04-29 21:00:00+00:00,4477.9,4481.8,4390.2,4418.2,165264.0
2015-04-30 21:00:00+00:00,4418.2,4474.2,4413.5,4471.4,59296.0
2015-05-03 21:00:00+00:00,4475.2,4506.8,4460.6,4478.0,5352.0
2015-05-04 21:00:00+00:00,4477.4,4483.2,4402.6,4413.8,8698.0
2015-05-05 21:00:00+00:00,4414.4,4426.8,4345.0,4375.8,10196.0
2015-05-06 21:00:00+00:00,4376.4,4412.2,4335.6,4403.4,9297.0
2015-05-07 21:00:00+00:00,4404.0,4465.7,4404.0,4451.7,50409.0
2015-05-10 21:00:00+00:00,4454.8,4467.3,4429.6,4432.1,76280.0
2015-05-11 21:00:00+00:00,4432.2,4440.4,4377.3,4424.4,83057.0
2015-05-12 21:00:00+00:00,4424.5,4460.6,4420.3,4430.1,64799.0
2015-05-13 21:00:00+00:00,4430.2,4495.5,4415.6,4492.7,61626.0
2015-05-14 21:00:00+00:00,4492.4,4510.1,4480.4,4490.2,68106.0
2015-05-17 21:00:00+00:00,4494.0,4520.0,4473.0,4511.5,41388.0
2015-05-18 21:00:00+00:00,4511.4,4528.6,4498.9,4502.6,42745.0
2015-05-19 21:00:00+00:00,4502.8,4535.9,4484.4,4504.7,48035.0
2015-05-20 21:00:00+00:00,4504.7,4538.5,4488.8,4531.2,32814.0
2015-05-21 21:00:00+00:00,4531.4,4544.3,4524.3,4530.3,33880.0
2015-05-24 21:00:00+00:00,4530.0,4538.8,4519.6,4527.3,3443.0
2015-05-25 21:00:00+00:00,4527.8,4530.2,4456.9,4482.1,60377.0
2015-05-26 21:00:00+00:00,4482.2,4552.5,4474.9,4541.8,42651.0
2015-05-27 21:00:00+00:00,4541.5,4549.1,4523.6,4545.3,48986.0
2015-05-28 21:00:00+00:00,4545.4,4546.9,4499.0,4515.1,60576.0
2015-05-31 21:00:00+00:00,4515.8,4539.5,4487.5,4526.3,64388.0
2015-06-01 21:00:00+00:00,4526.3,4532.8,4482.4,4504.4,72275.0
2015-06-02 21:00:00+00:00,4504.6,4542.0,4502.8,4528.0,61266.0
2015-06-03 21:00:00+00:00,4528.0,4529.8,4474.4,4496.6,81078.0
2015-06-04 21:00:00+00:00,4496.6,4507.5,4450.5,4480.8,75012.0
2015-06-07 21:00:00+00:00,4480.9,4483.8,4422.8,4436.8,79089.0
2015-06-08 21:00:00+00:00,4436.8,4442.0,4390.8,4432.6,85958.0
2015-06-09 21:00:00+00:00,4432.6,4498.8,4431.0,4489.0,58761.0
2015-06-10 21:00:00+00:00,4489.0,4512.6,4480.3,4492.4,64306.0
2015-06-11 21:00:00+00:00,4492.3,4493.4,4448.4,4453.8,56032.0
2015-06-14 21:00:00+00:00,4434.1,4445.0,4394.4,4434.8,60336.0
2015-06-15 21:00:00+00:00,4435.2,4464.4,4403.3,4459.2,50948.0
2015-06-16 21:00:00+00:00,4459.4,4483.7,4440.0,4460.2,71502.0
2015-06-17 21:00:00+00:00,4459.7,4543.0,4448.0,4538.3,59634.0
2015-06-18 21:00:00+00:00,4538.0,4546.9,4506.2,4506.9,38158.0
2015-06-21 21:00:00+00:00,4520.1,4559.5,4519.4,4543.9,68214.0
2015-06-22 21:00:00+00:00,4543.9,4555.8,4530.1,4549.5,52869.0
2015-06-23 21:00:00+00:00,4549.6,4562.3,4522.2,4527.2,84118.0
2015-06-24 21:00:00+00:00,4527.4,4554.7,4507.3,4512.7,79116.0
2015-06-25 21:00:00+00:00,4513.0,4523.6,4466.7,4486.1,58858.0
2015-06-28 21:00:00+00:00,4410.6,4458.1,4374.9,4389.4,98395.0
2015-06-29 21:00:00+00:00,4389.5,4418.5,4378.6,4400.8,106614.0
2015-06-30 21:00:00+00:00,4400.8,4448.6,4395.6,4430.0,72320.0
2015-07-01 21:00:00+00:00,4429.8,4448.1,4414.6,4434.9,51472.0
2015-07-02 21:00:00+00:00,4434.9,4442.2,4418.0,4423.2,17058.0
2015-07-05 21:00:00+00:00,4361.9,4443.2,4351.6,4433.2,84811.0
2015-07-06 21:00:00+00:00,4433.2,4454.3,4340.0,4427.4,115819.0
2015-07-07 21:00:00+00:00,4427.4,4429.1,4342.4,4352.5,120697.0
2015-07-08 21:00:00+00:00,4352.9,4413.4,4337.5,4346.0,94318.0
2015-07-09 21:00:00+00:00,4345.9,4432.1,4344.9,4413.5,64335.0
2015-07-12 21:00:00+00:00,4385.4,4497.1,4384.6,4492.7,52340.0
2015-07-13 21:00:00+00:00,4492.9,4535.2,4490.5,4525.9,30613.0
2015-07-14 21:00:00+00:00,4525.6,4545.2,4514.8,4541.2,38659.0
2015-07-15 21:00:00+00:00,4541.5,4613.5,4536.6,4610.8,36413.0
2015-07-16 21:00:00+00:00,4611.1,4658.8,4611.1,4655.2,32032.0
2015-07-19 21:00:00+00:00,4653.4,4691.0,4653.4,4675.8,31790.0
2015-07-20 21:00:00+00:00,4675.9,4688.2,4619.7,4625.6,46131.0
2015-07-21 21:00:00+00:00,4625.5,4641.7,4593.7,4627.3,56814.0
2015-07-22 21:00:00+00:00,4627.0,4639.7,4589.1,4637.3,59077.0
2015-07-23 21:00:00+00:00,4637.4,4643.6,4549.2,4565.0,56281.0
2015-07-26 21:00:00+00:00,4566.6,4572.6,4508.0,4524.3,67833.0
2015-07-27 21:00:00+00:00,4523.9,4565.8,4501.4,4563.8,67226.0
2015-07-28 21:00:00+00:00,4563.6,4583.8,4548.4,4569.7,68545.0
2015-07-29 21:00:00+00:00,4569.6,4603.0,4535.2,4599.2,59131.0
2015-07-30 21:00:00+00:00,4599.6,4612.6,4580.2,4587.0,59610.0
2015-08-02 21:00:00+00:00,4585.8,4603.0,4544.4,4577.1,70207.0
2015-08-03 21:00:00+00:00,4576.7,4585.0,4547.4,4558.6,78870.0
2015-08-04 21:00:00+00:00,4558.8,4632.8,4555.2,4598.4,62391.0
2015-08-05 21:00:00+00:00,4598.6,4612.6,4506.4,4530.9,68824.0
2015-08-06 21:00:00+00:00,4531.0,4537.1,4484.0,4522.8,74945.0
2015-08-09 21:00:00+00:00,4518.8,4583.4,4516.2,4580.1,51663.0
2015-08-10 21:00:00+00:00,4580.0,4587.9,4488.7,4516.7,92648.0
2015-08-11 21:00:00+00:00,4516.6,4538.5,4435.0,4535.3,135670.0
2015-08-12 21:00:00+00:00,4535.4,4560.0,4511.8,4521.6,80432.0
2015-08-13 21:00:00+00:00,4521.4,4535.5,4502.0,4534.4,80170.0
2015-08-16 21:00:00+00:00,4535.4,4570.3,4505.7,4566.6,81066.0
2015-08-17 21:00:00+00:00,4566.3,4575.9,4536.4,4544.7,90112.0
2015-08-18 21:00:00+00:00,4544.8,4554.7,4485.8,4507.0,147546.0
2015-08-19 21:00:00+00:00,4507.1,4515.2,4362.3,4366.0,174555.0
2015-08-20 21:00:00+00:00,4366.1,4370.4,4197.1,4210.7,305878.0
2015-08-23 21:00:00+00:00,4179.8,4198.0,3905.9,4011.2,572580.0
2015-08-24 21:00:00+00:00,4011.2,4206.2,3999.4,4020.0,611291.0
2015-08-25 21:00:00+00:00,4020.0,4231.0,3960.8,4211.0,673824.0
2015-08-26 21:00:00+00:00,4211.0,4330.9,4207.3,4328.5,367928.0
2015-08-27 21:00:00+00:00,4327.8,4342.2,4283.4,4333.6,279665.0
2015-08-30 21:00:00+00:00,4327.0,4327.0,4260.0,4268.1,222274.0
2015-08-31 21:00:00+00:00,4267.7,4269.2,4119.6,4152.2,417344.0
2015-09-01 21:00:00+00:00,4152.0,4264.8,4137.0,4263.2,315725.0
2015-09-02 21:00:00+00:00,4263.3,4305.6,4220.8,4232.4,274260.0
2015-09-03 21:00:00+00:00,4232.4,4238.1,4156.2,4194.7,312965.0
2015-09-06 21:00:00+00:00,4182.4,4244.2,4182.4,4210.0,63269.0
2015-09-07 21:00:00+00:00,4212.2,4305.8,4209.2,4300.4,117465.0
2015-09-08 21:00:00+00:00,4300.4,4370.2,4240.8,4255.6,211611.0
2015-09-09 21:00:00+00:00,4255.6,4327.7,4227.0,4297.4,262619.0
2015-09-10 21:00:00+00:00,4297.4,4327.0,4259.8,4325.1,108236.0
2015-09-13 21:00:00+00:00,4329.4,4357.4,4292.6,4308.5,122909.0
2015-09-14 21:00:00+00:00,4308.6,4374.4,4291.1,4364.4,97653.0
2015-09-15 21:00:00+00:00,4364.4,4391.4,4345.4,4388.8,100962.0
2015-09-16 21:00:00+00:00,4388.8,4451.6,4367.0,4379.0,215252.0
2015-09-17 21:00:00+00:00,4378.9,4392.8,4309.8,4336.0,142744.0
2015-09-20 21:00:00+00:00,4333.9,4371.2,4296.2,4353.0,156659.0
2015-09-21 21:00:00+00:00,4350.6,4355.0,4230.0,4272.1,141909.0
2015-09-22 21:00:00+00:00,4269.4,4302.1,4230.8,4277.8,145228.0
2015-09-23 21:00:00+00:00,4276.8,4287.9,4194.7,4257.0,229268.0
2015-09-24 21:00:00+00:00,4256.4,4325.0,4194.6,4213.2,166754.0
2015-09-27 21:00:00+00:00,4210.3,4247.6,4088.0,4109.2,226362.0
2015-09-28 21:00:00+00:00,4107.6,4152.3,4049.2,4081.4,272811.0
2015-09-29 21:00:00+00:00,4081.3,4177.6,4074.0,4162.2,200813.0
2015-09-30 21:00:00+00:00,4160.5,4233.9,4124.6,4200.4,262842.0
2015-10-01 21:00:00+00:00,4199.6,4271.7,4119.4,4270.6,251702.0
2015-10-04 21:00:00+00:00,4265.2,4337.8,4258.8,4318.9,151051.0
2015-10-05 21:00:00+00:00,4320.5,4330.2,4271.4,4289.6,175507.0
2015-10-06 21:00:00+00:00,4289.0,4341.6,4276.0,4335.2,195736.0
2015-10-07 21:00:00+00:00,4334.6,4356.0,4272.8,4350.1,184777.0
2015-10-08 21:00:00+00:00,4349.0,4377.2,4332.4,4364.0,128154.0
2015-10-11 21:00:00+00:00,4359.4,4388.8,4353.8,4385.6,91567.0
2015-10-12 21:00:00+00:00,4385.6,4398.2,4345.6,4347.4,116290.0
2015-10-13 21:00:00+00:00,4340.4,4372.4,4324.7,4338.8,156574.0
2015-10-14 21:00:00+00:00,4341.8,4419.2,4340.8,4418.7,139879.0
2015-10-15 21:00:00+00:00,4417.1,4446.2,4403.3,4445.9,108757.0
2015-10-18 21:00:00+00:00,4440.7,4462.2,4417.9,4460.4,107707.0
2015-10-19 21:00:00+00:00,4458.4,4462.5,4421.0,4430.2,110847.0
2015-10-20 21:00:00+00:00,4427.2,4462.8,4401.4,4411.6,147763.0
2015-10-21 21:00:00+00:00,4413.2,4572.0,4408.4,4571.2,158349.0
2015-10-22 21:00:00+00:00,4569.5,4644.0,4568.4,4617.4,171632.0
2015-10-25 21:00:00+00:00,4616.4,4636.0,4598.8,4625.3,114165.0
2015-10-26 21:00:00+00:00,4625.0,4657.8,4607.4,4647.4,116240.0
2015-10-27 21:00:00+00:00,4638.5,4684.1,4606.9,4674.0,168581.0
2015-10-28 21:00:00+00:00,4668.8,4676.0,4648.5,4671.1,101787.0
2015-10-29 21:00:00+00:00,4670.0,4696.1,4641.7,4650.4,106012.0
2015-11-01 22:00:00+00:00,4646.9,4704.8,4630.6,4693.9,81702.0
2015-11-02 22:00:00+00:00,4692.8,4732.6,4682.5,4717.3,71409.0
2015-11-03 22:00:00+00:00,4715.2,4735.0,4696.6,4714.0,94005.0
2015-11-04 22:00:00+00:00,4713.0,4732.7,4678.7,4705.3,91764.0
2015-11-05 22:00:00+00:00,4702.0,4713.6,4663.8,4707.6,116621.0
2015-11-08 22:00:00+00:00,4703.2,4717.6,4626.6,4651.5,93521.0
2015-11-09 22:00:00+00:00,4654.0,4666.8,4617.0,4646.0,90284.0
2015-11-10 22:00:00+00:00,4644.5,4679.0,4629.8,4635.8,81207.0
2015-11-11 22:00:00+00:00,4636.0,4657.3,4585.5,4587.5,94968.0
2015-11-12 22:00:00+00:00,4588.4,4594.6,4489.8,4493.1,119752.0
2015-11-15 22:00:00+00:00,4476.6,4569.0,4458.2,4565.6,119652.0
2015-11-16 22:00:00+00:00,4565.0,4601.2,4555.5,4574.3,98164.0
2015-11-17 22:00:00+00:00,4574.2,4660.4,4559.8,4654.5,91844.0
2015-11-18 22:00:00+00:00,4652.2,4680.4,4650.2,4663.2,80368.0
2015-11-19 22:00:00+00:00,4658.6,4694.7,4655.7,4693.4,66657.0
2015-11-22 22:00:00+00:00,4694.6,4709.7,4656.8,4677.2,69391.0
2015-11-23 22:00:00+00:00,4676.5,4687.5,4622.9,4667.9,89467.0
2015-11-24 22:00:00+00:00,4668.4,4687.1,4662.2,4680.5,54378.0
2015-11-25 22:00:00+00:00,4682.1,4705.6,4681.1,4696.6,15343.0
2015-11-26 22:00:00+00:00,4697.5,4701.4,4667.3,4685.7,46345.0
2015-11-29 22:00:00+00:00,4686.4,4702.6,4655.5,4681.8,62667.0
2015-11-30 22:00:00+00:00,4682.2,4718.6,4678.6,4717.4,64088.0
2015-12-01 22:00:00+00:00,4716.8,4741.4,4680.4,4699.2,82734.0
2015-12-02 22:00:00+00:00,4699.8,4731.9,4580.7,4618.2,155669.0
2015-12-03 22:00:00+00:00,4618.3,4724.5,4604.6,4716.4,127779.0
2015-12-06 22:00:00+00:00,4721.2,4731.2,4671.8,4701.8,120110.0
2015-12-07 22:00:00+00:00,4700.8,4710.0,4642.2,4693.3,130960.0
2015-12-08 22:00:00+00:00,4692.0,4708.3,4594.3,4625.2,169037.0
2015-12-09 22:00:00+00:00,4627.1,4675.3,4619.5,4647.1,131985.0
2015-12-10 22:00:00+00:00,4648.4,4660.1,4529.4,4534.9,128989.0
2015-12-13 22:00:00+00:00,4535.3,4580.1,4477.7,4572.3,184748.0
2015-12-14 22:00:00+00:00,4575.4,4639.6,4567.3,4609.4,140209.0
2015-12-15 22:00:00+00:00,4608.2,4676.3,4583.0,4657.9,162002.0
2015-12-16 22:00:00+00:00,4658.9,4690.6,4571.4,4575.0,140077.0
2015-12-17 22:00:00+00:00,4575.8,4594.8,4508.6,4516.6,163991.0
2015-12-20 22:00:00+00:00,4522.8,4577.6,4517.9,4576.9,108742.0
2015-12-21 22:00:00+00:00,4575.7,4600.5,4547.6,4595.7,98460.0
2015-12-22 22:00:00+00:00,4597.0,4626.4,4589.3,4613.8,71473.0
2015-12-23 22:00:00+00:00,4614.8,4636.0,4606.7,4616.9,27343.0
2015-12-27 22:00:00+00:00,4618.6,4625.4,4577.3,4623.0,54139.0
2015-12-28 22:00:00+00:00,4623.8,4703.4,4616.2,4696.3,52642.0
2015-12-29 22:00:00+00:00,4694.6,4700.8,4649.2,4654.4,54838.0
2015-12-30 22:00:00+00:00,4654.6,4660.4,4604.9,4625.9,47549.0
2016-01-01 22:00:00+00:00,4599.6,4599.6,4599.6,4599.6,1.0
2016-01-03 22:00:00+00:00,4597.3,4613.6,4434.8,4511.2,163897.0
2016-01-04 22:00:00+00:00,4511.2,4528.2,4462.4,4485.8,148477.0
2016-01-05 22:00:00+00:00,4488.0,4492.7,4391.2,4455.0,170052.0
2016-01-06 22:00:00+00:00,4455.6,4463.5,4287.6,4296.2,232411.0
2016-01-07 22:00:00+00:00,4303.3,4374.3,4260.5,4269.2,248548.0
2016-01-10 22:00:00+00:00,4263.1,4308.5,4213.3,4274.8,233840.0
2016-01-11 22:00:00+00:00,4277.3,4350.3,4241.4,4313.3,226237.0
2016-01-12 22:00:00+00:00,4313.0,4369.3,4171.5,4182.2,245079.0
2016-01-13 22:00:00+00:00,4186.2,4304.6,4127.9,4254.0,273606.0
2016-01-14 22:00:00+00:00,4254.5,4272.9,4079.6,4149.6,318020.0
2016-01-17 22:00:00+00:00,4132.1,4181.3,4111.3,4136.6,92695.0
2016-01-18 22:00:00+00:00,4139.9,4219.7,4094.7,4145.3,220581.0
2016-01-19 22:00:00+00:00,4144.6,4175.1,3987.2,4131.2,361193.0
2016-01-20 22:00:00+00:00,4138.3,4195.8,4089.4,4133.4,359965.0
2016-01-21 22:00:00+00:00,4130.1,4256.3,4122.3,4250.8,196356.0
2016-01-24 22:00:00+00:00,4253.4,4263.2,4183.0,4192.6,180709.0
2016-01-25 22:00:00+00:00,4193.1,4247.1,4136.6,4214.3,186194.0
2016-01-26 22:00:00+00:00,4196.4,4221.9,4105.3,4145.6,227072.0
2016-01-27 22:00:00+00:00,4160.4,4202.0,4110.0,4150.4,250639.0
2016-01-28 22:00:00+00:00,4136.3,4274.1,4132.0,4273.2,193355.0
2016-01-31 22:00:00+00:00,4267.1,4312.3,4231.4,4289.8,178271.0
2016-02-01 22:00:00+00:00,4288.0,4288.5,4173.9,4190.9,178726.0
2016-02-02 22:00:00+00:00,4189.2,4217.6,4093.4,4175.2,273963.0
2016-02-03 22:00:00+00:00,4172.6,4208.6,4116.3,4151.0,283418.0
2016-02-04 22:00:00+00:00,4149.0,4176.2,4003.7,4022.1,245932.0
2016-02-07 22:00:00+00:00,4026.4,4048.0,3885.3,3965.6,301917.0
2016-02-08 22:00:00+00:00,3960.8,4006.5,3899.6,3944.3,289731.0
2016-02-09 22:00:00+00:00,3953.2,4043.2,3924.5,3965.0,271521.0
2016-02-10 22:00:00+00:00,3966.0,3987.2,3864.6,3965.5,314620.0
2016-02-11 22:00:00+00:00,3967.8,4019.8,3955.6,4017.0,184428.0
2016-02-14 22:00:00+00:00,4027.0,4093.3,4026.6,4080.8,46006.0
2016-02-15 22:00:00+00:00,4078.0,4106.5,4049.0,4093.2,165851.0
2016-02-16 22:00:00+00:00,4092.2,4211.0,4070.3,4210.8,146142.0
2016-02-17 22:00:00+00:00,4207.5,4229.2,4146.2,4161.0,151741.0
2016-02-18 22:00:00+00:00,4159.4,4176.5,4121.9,4163.1,140408.0
2016-02-21 22:00:00+00:00,4152.2,4235.5,4148.1,4209.6,107172.0
2016-02-22 22:00:00+00:00,4209.8,4217.7,4156.0,4158.2,131355.0
2016-02-23 22:00:00+00:00,4156.6,4219.3,4086.2,4219.3,159956.0
2016-02-24 22:00:00+00:00,4215.8,4249.3,4171.9,4246.2,143796.0
2016-02-25 22:00:00+00:00,4244.4,4294.4,4226.5,4228.7,134776.0
2016-02-28 22:00:00+00:00,4227.8,4264.1,4185.6,4201.0,141987.0
2016-02-29 22:00:00+00:00,4199.6,4340.0,4181.5,4338.5,132951.0
2016-03-01 22:00:00+00:00,4336.2,4358.6,4300.3,4326.8,134062.0
2016-03-02 22:00:00+00:00,4327.3,4345.6,4294.6,4325.0,104830.0
2016-03-03 22:00:00+00:00,4322.7,4355.8,4298.8,4321.0,135776.0
2016-03-06 22:00:00+00:00,4320.4,4330.6,4269.5,4303.2,113426.0
2016-03-07 22:00:00+00:00,4300.0,4309.2,4252.0,4273.7,147851.0
2016-03-08 22:00:00+00:00,4271.5,4299.4,4257.4,4295.3,131952.0
2016-03-09 22:00:00+00:00,4296.4,4348.1,4230.1,4291.0,198856.0
2016-03-10 22:00:00+00:00,4287.3,4361.5,4283.3,4357.2,99132.0
2016-03-13 21:00:00+00:00,4352.4,4378.9,4340.7,4366.6,70944.0
2016-03-14 21:00:00+00:00,4365.6,4371.5,4338.2,4366.8,84676.0
2016-03-15 21:00:00+00:00,4367.6,4416.3,4349.4,4398.9,115611.0
2016-03-16 21:00:00+00:00,4395.4,4421.7,4368.5,4407.0,103106.0
2016-03-17 21:00:00+00:00,4404.2,4419.1,4384.5,4405.3,87127.0
2016-03-20 21:00:00+00:00,4401.2,4429.6,4385.3,4424.7,90243.0
2016-03-21 21:00:00+00:00,4424.2,4448.6,4392.1,4444.2,97634.0
2016-03-22 21:00:00+00:00,4442.9,4449.2,4391.5,4402.4,94671.0
2016-03-23 21:00:00+00:00,4401.8,4408.7,4373.2,4408.5,85645.0
2016-03-27 21:00:00+00:00,4410.4,4433.4,4389.3,4397.9,48768.0
2016-03-28 21:00:00+00:00,4397.5,4471.4,4381.5,4469.2,100231.0
2016-03-29 21:00:00+00:00,4467.8,4517.9,4464.3,4489.7,88500.0
2016-03-30 21:00:00+00:00,4487.2,4503.0,4470.0,4483.1,85703.0
2016-03-31 21:00:00+00:00,4484.0,4536.9,4449.2,4536.4,111311.0
2016-04-03 21:00:00+00:00,4534.2,4550.9,4502.6,4505.2,79763.0
2016-04-04 21:00:00+00:00,4506.3,4507.9,4463.5,4483.1,109604.0
2016-04-05 21:00:00+00:00,4482.6,4544.7,4474.5,4540.3,103375.0
2016-04-06 21:00:00+00:00,4540.5,4546.3,4457.7,4475.2,101870.0
2016-04-07 21:00:00+00:00,4474.3,4516.4,4458.4,4476.4,97352.0
2016-04-10 21:00:00+00:00,4474.8,4516.2,4452.6,4453.9,114975.0
2016-04-11 21:00:00+00:00,4451.6,4504.0,4433.0,4495.6,111647.0
2016-04-12 21:00:00+00:00,4495.2,4560.0,4493.2,4555.1,94493.0
2016-04-13 21:00:00+00:00,4554.0,4569.4,4537.2,4555.0,75551.0
2016-04-14 21:00:00+00:00,4554.7,4560.6,4529.3,4543.9,65167.0
2016-04-17 21:00:00+00:00,4524.4,4566.5,4507.0,4552.1,78762.0
2016-04-18 21:00:00+00:00,4551.2,4590.2,4512.6,4534.9,82676.0
2016-04-19 21:00:00+00:00,4534.2,4561.6,4514.8,4540.5,79355.0
2016-04-20 21:00:00+00:00,4538.7,4557.2,4493.8,4504.4,105951.0
2016-04-21 21:00:00+00:00,4488.2,4507.1,4436.5,4472.1,100404.0
2016-04-24 21:00:00+00:00,4483.0,4484.5,4441.2,4479.1,75835.0
2016-04-25 21:00:00+00:00,4479.2,4494.8,4413.6,4418.0,73711.0
2016-04-26 21:00:00+00:00,4410.8,4438.2,4376.9,4438.2,90176.0
2016-04-27 21:00:00+00:00,4437.0,4447.0,4351.2,4389.7,96394.0
2016-04-28 21:00:00+00:00,4388.8,4396.1,4301.4,4340.8,109230.0
2016-05-01 21:00:00+00:00,4340.2,4382.9,4322.3,4376.7,82509.0
2016-05-02 21:00:00+00:00,4378.1,4378.1,4323.8,4340.6,96272.0
2016-05-03 21:00:00+00:00,4341.6,4346.0,4296.4,4313.5,98458.0
2016-05-04 21:00:00+00:00,4314.1,4346.7,4296.8,4302.0,90152.0
2016-05-05 21:00:00+00:00,4301.7,4337.8,4275.1,4336.8,102274.0
2016-05-08 21:00:00+00:00,4333.6,4360.3,4321.8,4339.4,80011.0
2016-05-09 21:00:00+00:00,4338.6,4402.3,4327.2,4399.2,67652.0
2016-05-10 21:00:00+00:00,4399.4,4406.1,4354.4,4355.7,74287.0
2016-05-11 21:00:00+00:00,4355.2,4385.3,4309.1,4340.2,91156.0
2016-05-12 21:00:00+00:00,4339.7,4363.6,4307.0,4325.8,117563.0
2016-05-15 21:00:00+00:00,4320.4,4395.1,4308.4,4376.6,62619.0
2016-05-16 21:00:00+00:00,4376.2,4396.6,4311.0,4324.7,98509.0
2016-05-17 21:00:00+00:00,4324.0,4361.7,4304.4,4338.8,133580.0
2016-05-18 21:00:00+00:00,4341.2,4343.6,4283.5,4319.9,118826.0
2016-05-19 21:00:00+00:00,4321.2,4381.5,4317.0,4366.2,77324.0
2016-05-22 21:00:00+00:00,4371.0,4383.5,4350.6,4354.8,77840.0
2016-05-23 21:00:00+00:00,4355.1,4450.7,4344.0,4448.6,61169.0
2016-05-24 21:00:00+00:00,4447.7,4491.3,4445.1,4479.9,66210.0
2016-05-25 21:00:00+00:00,4478.6,4497.4,4465.8,4496.6,59127.0
2016-05-26 21:00:00+00:00,4495.2,4515.4,4492.1,4515.1,45614.0
2016-05-29 21:00:00+00:00,4518.1,4526.4,4515.1,4524.2,12494.0
2016-05-30 21:00:00+00:00,4523.4,4530.0,4499.1,4525.1,55991.0
2016-05-31 21:00:00+00:00,4522.1,4538.7,4504.4,4522.8,58146.0
2016-06-01 21:00:00+00:00,4522.4,4534.3,4488.4,4532.8,63823.0
2016-06-02 21:00:00+00:00,4531.6,4536.0,4480.2,4509.7,73284.0
2016-06-05 21:00:00+00:00,4512.0,4537.6,4505.1,4527.2,51011.0
2016-06-06 21:00:00+00:00,4524.8,4546.6,4512.0,4514.3,41566.0
2016-06-07 21:00:00+00:00,4513.4,4531.1,4504.9,4519.4,40157.0
2016-06-08 21:00:00+00:00,4519.2,4523.3,4494.3,4514.0,47782.0
2016-06-09 21:00:00+00:00,4513.8,4513.9,4447.1,4466.0,45023.0
2016-06-12 21:00:00+00:00,4454.2,4461.9,4419.8,4420.8,63117.0
2016-06-13 21:00:00+00:00,4419.8,4440.6,4392.1,4423.0,67720.0
2016-06-14 21:00:00+00:00,4424.6,4443.9,4403.5,4410.3,73083.0
2016-06-15 21:00:00+00:00,4409.2,4428.1,4359.7,4422.0,105351.0
2016-06-16 21:00:00+00:00,4422.0,4439.4,4360.5,4368.6,84845.0
2016-06-19 21:00:00+00:00,4393.1,4443.6,4391.0,4414.8,61748.0
2016-06-20 21:00:00+00:00,4404.6,4422.8,4395.3,4405.2,72838.0
2016-06-21 21:00:00+00:00,4403.1,4440.9,4398.1,4402.3,67590.0
2016-06-22 21:00:00+00:00,4420.5,4483.4,4416.9,4483.4,93820.0
2016-06-23 21:00:00+00:00,4488.4,4500.8,4240.8,4268.9,274679.0
2016-06-26 21:00:00+00:00,4259.6,4275.1,4175.0,4181.6,168148.0
2016-06-27 21:00:00+00:00,4184.0,4291.4,4183.9,4288.8,93918.0
2016-06-28 21:00:00+00:00,4288.0,4384.4,4275.3,4383.8,78549.0
2016-06-29 21:00:00+00:00,4381.6,4416.9,4345.5,4408.4,98272.0
2016-06-30 21:00:00+00:00,4406.2,4453.1,4393.3,4441.3,69934.0
2016-07-03 21:00:00+00:00,4444.8,4458.5,4433.4,4446.8,20530.0
2016-07-04 21:00:00+00:00,4444.7,4445.1,4384.4,4414.7,80540.0
2016-07-05 21:00:00+00:00,4413.2,4446.4,4372.4,4442.0,116679.0
2016-07-06 21:00:00+00:00,4441.4,4467.1,4433.5,4458.4,83127.0
2016-07-07 21:00:00+00:00,4457.6,4529.4,4446.0,4523.3,75799.0
2016-07-10 21:00:00+00:00,4523.7,4569.4,4521.9,4557.0,60089.0
2016-07-11 21:00:00+00:00,4557.0,4587.9,4552.6,4576.0,51066.0
2016-07-12 21:00:00+00:00,4575.4,4590.4,4564.9,4566.3,59385.0
2016-07-13 21:00:00+00:00,4565.1,4614.1,4559.7,4595.8,64396.0
2016-07-14 21:00:00+00:00,4592.8,4609.4,4548.0,4567.6,57452.0
2016-07-17 21:00:00+00:00,4587.3,4627.6,4585.6,4613.6,42199.0
2016-07-18 21:00:00+00:00,4615.8,4617.2,4594.1,4613.9,45819.0
2016-07-19 21:00:00+00:00,4613.8,4665.0,4603.8,4662.2,34211.0
2016-07-20 21:00:00+00:00,4659.6,4667.9,4632.9,4645.5,45330.0
2016-07-21 21:00:00+00:00,4643.6,4670.4,4634.6,4663.9,38479.0
2016-07-24 21:00:00+00:00,4664.2,4675.5,4649.6,4664.5,41516.0
2016-07-25 21:00:00+00:00,4663.6,4694.1,4646.9,4692.5,48996.0
2016-07-26 21:00:00+00:00,4696.8,4719.6,4683.1,4719.6,61920.0
2016-07-27 21:00:00+00:00,4716.5,4737.9,4695.6,4737.5,60508.0
2016-07-28 21:00:00+00:00,4737.3,4742.4,4715.1,4735.6,58135.0
2016-07-31 21:00:00+00:00,4744.0,4766.4,4727.1,4752.6,46373.0
2016-08-01 21:00:00+00:00,4754.5,4765.4,4687.9,4720.8,60531.0
2016-08-02 21:00:00+00:00,4719.6,4734.5,4704.1,4732.6,56874.0
2016-08-03 21:00:00+00:00,4731.2,4751.5,4719.9,4750.7,50696.0
2016-08-04 21:00:00+00:00,4749.2,4800.2,4748.2,4786.6,38598.0
2016-08-07 21:00:00+00:00,4784.9,4803.5,4768.7,4782.7,29633.0
2016-08-08 21:00:00+00:00,4782.2,4810.2,4780.2,4795.7,30569.0
2016-08-09 21:00:00+00:00,4795.0,4803.0,4770.0,4783.5,35948.0
2016-08-10 21:00:00+00:00,4783.4,4813.5,4778.2,4803.8,32949.0
2016-08-11 21:00:00+00:00,4802.9,4809.0,4789.7,4808.5,31229.0
2016-08-14 21:00:00+00:00,4809.4,4837.7,4807.6,4827.0,25289.0
2016-08-15 21:00:00+00:00,4825.9,4827.0,4799.1,4804.3,37023.0
2016-08-16 21:00:00+00:00,4803.2,4812.2,4774.7,4810.4,47056.0
2016-08-17 21:00:00+00:00,4810.4,4816.7,4795.4,4810.4,38183.0
2016-08-18 21:00:00+00:00,4810.7,4818.2,4786.7,4810.2,39674.0
2016-08-21 21:00:00+00:00,4808.5,4819.5,4791.2,4814.8,51539.0
2016-08-22 21:00:00+00:00,4811.6,4838.2,4809.4,4821.0,43067.0
2016-08-23 21:00:00+00:00,4819.4,4824.9,4771.9,4786.4,50840.0
2016-08-24 21:00:00+00:00,4787.2,4794.9,4769.4,4784.4,56925.0
2016-08-25 21:00:00+00:00,4784.5,4818.2,4758.4,4784.8,82677.0
2016-08-28 21:00:00+00:00,4787.2,4806.4,4775.1,4796.2,38810.0
2016-08-29 21:00:00+00:00,4795.5,4799.1,4760.7,4778.9,43867.0
2016-08-30 21:00:00+00:00,4779.2,4779.6,4752.2,4772.8,47883.0
2016-08-31 21:00:00+00:00,4774.8,4795.7,4750.2,4776.4,56851.0
2016-09-01 21:00:00+00:00,4777.7,4818.2,4774.7,4799.2,61361.0
2016-09-04 21:00:00+00:00,4800.2,4806.4,4782.1,4792.4,16650.0
2016-09-05 21:00:00+00:00,4794.2,4831.4,4789.4,4830.9,43404.0
2016-09-06 21:00:00+00:00,4830.4,4839.6,4812.7,4829.0,40210.0
2016-09-07 21:00:00+00:00,4828.4,4837.0,4789.7,4797.0,58419.0
2016-09-08 21:00:00+00:00,4794.7,4798.0,4666.1,4668.5,74218.0
2016-09-11 21:00:00+00:00,4670.5,4772.2,4629.2,4766.6,95461.0
2016-09-12 21:00:00+00:00,4764.2,4764.6,4699.5,4733.2,115957.0
2016-09-13 21:00:00+00:00,4732.7,4770.5,4723.4,4735.4,103916.0
2016-09-14 21:00:00+00:00,4734.8,4826.2,4719.2,4814.1,87791.0
2016-09-15 21:00:00+00:00,4813.2,4822.2,4791.4,4818.7,78204.0
2016-09-18 21:00:00+00:00,4818.0,4844.4,4785.4,4799.1,55187.0
2016-09-19 21:00:00+00:00,4799.6,4823.2,4792.7,4801.6,57759.0
2016-09-20 21:00:00+00:00,4803.0,4857.2,4791.2,4853.4,78829.0
2016-09-21 21:00:00+00:00,4852.2,4894.9,4845.6,4891.6,41306.0
2016-09-22 21:00:00+00:00,4889.6,4892.7,4851.3,4859.4,43631.0
2016-09-25 21:00:00+00:00,4854.2,4862.4,4810.2,4817.1,51980.0
2016-09-26 21:00:00+00:00,4817.2,4867.4,4803.8,4862.6,62740.0
2016-09-27 21:00:00+00:00,4861.6,4876.2,4847.7,4871.6,63946.0
2016-09-28 21:00:00+00:00,4869.8,4879.2,4815.4,4844.5,94692.0
2016-09-29 21:00:00+00:00,4840.0,4888.1,4814.7,4866.3,69824.0
2016-10-02 21:00:00+00:00,4870.4,4882.1,4845.7,4871.4,46141.0
2016-10-03 21:00:00+00:00,4870.0,4890.7,4838.9,4857.7,81112.0
2016-10-04 21:00:00+00:00,4858.4,4890.7,4851.7,4879.2,47723.0
2016-10-05 21:00:00+00:00,4877.6,4883.2,4847.9,4873.2,48627.0
2016-10-06 21:00:00+00:00,4873.0,4885.8,4836.9,4861.6,82057.0
2016-10-09 21:00:00+00:00,4874.2,4903.7,4864.8,4895.1,35749.0
2016-10-10 21:00:00+00:00,4894.6,4899.4,4800.4,4827.5,68767.0
2016-10-11 21:00:00+00:00,4826.6,4842.4,4802.7,4810.1,68492.0
2016-10-12 21:00:00+00:00,4806.9,4815.1,4756.9,4798.0,76337.0
2016-10-13 21:00:00+00:00,4799.2,4843.2,4788.6,4804.6,71426.0
2016-10-16 21:00:00+00:00,4806.0,4812.8,4783.4,4805.4,63131.0
2016-10-17 21:00:00+00:00,4807.1,4858.9,4802.1,4828.4,46622.0
2016-10-18 21:00:00+00:00,4824.7,4842.5,4813.2,4832.6,38891.0
2016-10-19 21:00:00+00:00,4830.0,4849.2,4801.4,4846.7,54908.0
2016-10-20 21:00:00+00:00,4846.4,4851.1,4817.1,4847.8,47653.0
2016-10-23 21:00:00+00:00,4849.4,4910.8,4845.1,4910.4,35132.0
2016-10-24 21:00:00+00:00,4908.1,4921.7,4876.0,4880.3,41522.0
2016-10-25 21:00:00+00:00,4875.9,4883.9,4841.9,4855.9,52776.0
2016-10-26 21:00:00+00:00,4857.0,4882.7,4806.8,4826.0,65466.0
2016-10-27 21:00:00+00:00,4822.5,4845.7,4788.8,4807.6,101786.0
2016-10-30 21:00:00+00:00,4798.1,4832.2,4791.2,4805.8,46081.0
2016-10-31 21:00:00+00:00,4806.8,4819.3,4720.9,4757.7,66649.0
2016-11-01 21:00:00+00:00,4758.5,4770.4,4710.6,4722.5,82785.0
2016-11-02 21:00:00+00:00,4702.6,4731.6,4671.0,4673.3,68578.0
2016-11-03 21:00:00+00:00,4674.6,4696.8,4653.5,4662.4,70936.0
2016-11-06 22:00:00+00:00,4720.8,4783.1,4717.1,4782.4,43120.0
2016-11-07 22:00:00+00:00,4779.2,4823.9,4754.7,4803.5,64268.0
2016-11-08 22:00:00+00:00,4809.4,4839.1,4559.6,4822.1,311534.0
2016-11-09 22:00:00+00:00,4818.6,4881.0,4680.9,4741.2,194485.0
2016-11-10 22:00:00+00:00,4742.0,4759.0,4683.6,4744.0,129608.0
2016-11-13 22:00:00+00:00,4755.4,4785.8,4674.3,4695.7,129768.0
2016-11-14 22:00:00+00:00,4695.2,4780.3,4689.3,4767.1,87159.0
2016-11-15 22:00:00+00:00,4767.0,4795.8,4737.6,4784.1,82121.0
2016-11-16 22:00:00+00:00,4783.6,4831.8,4779.3,4831.6,72232.0
2016-11-17 22:00:00+00:00,4830.3,4841.1,4803.7,4811.1,59340.0
2016-11-20 22:00:00+00:00,4810.4,4862.7,4804.3,4858.6,53141.0
2016-11-21 22:00:00+00:00,4858.2,4885.4,4857.8,4878.9,45965.0
2016-11-22 22:00:00+00:00,4878.1,4883.3,4831.2,4851.4,49827.0
2016-11-23 22:00:00+00:00,4851.7,4863.2,4840.2,4863.0,13966.0
2016-11-24 22:00:00+00:00,4862.4,4870.5,4852.7,4870.0,25703.0
2016-11-27 22:00:00+00:00,4864.1,4879.5,4842.8,4859.0,48883.0
2016-11-28 22:00:00+00:00,4860.4,4897.6,4847.6,4874.4,48357.0
2016-11-29 22:00:00+00:00,4873.1,4885.6,4812.8,4818.9,64487.0
2016-11-30 22:00:00+00:00,4819.6,4827.4,4723.1,4735.4,90542.0
2016-12-01 22:00:00+00:00,4735.8,4758.9,4707.4,4733.8,68217.0
2016-12-04 22:00:00+00:00,4714.6,4795.8,4701.6,4782.8,75553.0
2016-12-05 22:00:00+00:00,4781.2,4796.4,4768.0,4789.8,52203.0
2016-12-06 22:00:00+00:00,4789.2,4854.9,4763.6,4844.6,64705.0
2016-12-07 22:00:00+00:00,4844.4,4869.3,4836.3,4862.4,65982.0
2016-12-08 22:00:00+00:00,4862.6,4897.3,4852.7,4894.6,37944.0
2016-12-11 22:00:00+00:00,4895.2,4916.8,4852.5,4867.2,47153.0
2016-12-12 22:00:00+00:00,4866.3,4963.0,4861.4,4941.8,55044.0
2016-12-13 22:00:00+00:00,4940.5,4958.7,4912.7,4933.4,96971.0
2016-12-14 22:00:00+00:00,4930.4,4963.0,4919.8,4940.2,107593.0
2016-12-15 22:00:00+00:00,4939.5,4953.0,4905.9,4916.5,58161.0
2016-12-18 22:00:00+00:00,4916.8,4967.5,4913.9,4942.0,38862.0
2016-12-19 22:00:00+00:00,4940.4,4964.8,4940.0,4958.1,33226.0
2016-12-20 22:00:00+00:00,4957.4,4961.3,4940.7,4947.9,26166.0
2016-12-21 22:00:00+00:00,4948.5,4954.3,4918.7,4935.4,30616.0
2016-12-22 22:00:00+00:00,4935.8,4944.3,4924.3,4944.3,21403.0
2016-12-26 22:00:00+00:00,4942.2,4995.5,4941.7,4961.4,20679.0
2016-12-27 22:00:00+00:00,4962.3,4980.7,4921.8,4924.4,38873.0
2016-12-28 22:00:00+00:00,4926.5,4934.7,4902.7,4921.3,42350.0
2016-12-29 22:00:00+00:00,4922.9,4941.4,4850.3,4865.3,58215.0
2017-01-02 22:00:00+00:00,4880.8,4927.3,4878.3,4906.2,64057.0
2017-01-03 22:00:00+00:00,4906.5,4942.4,4902.9,4933.4,44698.0
2017-01-04 22:00:00+00:00,4933.8,4963.9,4920.5,4962.8,49822.0
2017-01-05 22:00:00+00:00,4961.8,5017.4,4952.6,5004.9,50520.0
2017-01-08 22:00:00+00:00,5004.2,5029.6,5002.6,5020.8,37876.0
2017-01-09 22:00:00+00:00,5022.3,5046.9,5007.4,5033.3,41872.0
2017-01-10 22:00:00+00:00,5031.8,5048.3,5007.6,5047.6,73827.0
2017-01-11 22:00:00+00:00,5044.0,5044.4,4990.5,5037.7,63945.0
2017-01-12 22:00:00+00:00,5036.4,5063.1,5036.1,5060.8,45736.0
2017-01-15 22:00:00+00:00,5055.8,5056.7,5044.1,5050.0,11278.0
2017-01-16 22:00:00+00:00,5050.8,5053.4,5025.1,5040.6,57010.0
2017-01-17 22:00:00+00:00,5039.4,5057.3,5034.1,5054.4,48232.0
2017-01-18 22:00:00+00:00,5053.8,5074.6,5036.4,5055.3,46999.0
2017-01-19 22:00:00+00:00,5054.4,5082.5,5044.9,5060.8,66272.0
2017-01-22 22:00:00+00:00,5057.8,5069.6,5030.4,5064.4,52552.0
2017-01-23 22:00:00+00:00,5062.8,5104.6,5060.1,5101.6,37787.0
2017-01-24 22:00:00+00:00,5102.8,5150.5,5100.6,5150.5,36710.0
2017-01-25 22:00:00+00:00,5149.2,5169.4,5142.9,5147.1,43925.0
2017-01-26 22:00:00+00:00,5146.0,5168.6,5140.4,5166.3,38442.0
2017-01-29 22:00:00+00:00,5147.6,5155.4,5095.6,5125.9,48562.0
2017-01-30 22:00:00+00:00,5124.5,5134.7,5084.4,5133.9,53681.0
2017-01-31 22:00:00+00:00,5134.4,5159.1,5124.0,5150.6,62422.0
2017-02-01 22:00:00+00:00,5148.4,5158.6,5120.9,5131.2,55711.0
2017-02-02 22:00:00+00:00,5128.8,5163.2,5120.9,5158.6,47706.0
2017-02-05 22:00:00+00:00,5160.8,5164.4,5141.4,5159.7,41433.0
2017-02-06 22:00:00+00:00,5158.4,5192.7,5155.4,5176.5,34712.0
2017-02-07 22:00:00+00:00,5175.4,5197.4,5164.3,5191.0,37975.0
2017-02-08 22:00:00+00:00,5191.5,5219.9,5187.1,5212.6,33322.0
2017-02-09 22:00:00+00:00,5212.3,5233.1,5210.5,5228.1,35831.0
2017-02-12 22:00:00+00:00,5229.8,5262.3,5227.7,5261.5,28340.0
2017-02-13 22:00:00+00:00,5260.1,5278.6,5240.5,5274.9,35932.0
2017-02-14 22:00:00+00:00,5274.7,5314.1,5266.1,5313.5,35109.0
2017-02-15 22:00:00+00:00,5313.0,5317.2,5288.9,5301.3,43756.0
2017-02-16 22:00:00+00:00,5299.6,5328.8,5287.4,5328.6,39214.0
2017-02-19 22:00:00+00:00,5324.0,5345.9,5320.9,5341.2,12153.0
2017-02-20 22:00:00+00:00,5338.8,5353.6,5331.6,5344.8,28953.0
2017-02-21 22:00:00+00:00,5344.8,5355.4,5336.4,5353.5,32313.0
2017-02-22 22:00:00+00:00,5352.3,5361.1,5310.9,5331.5,36998.0
2017-02-23 22:00:00+00:00,5329.6,5344.2,5299.1,5342.9,38779.0
2017-02-26 22:00:00+00:00,5342.2,5352.3,5323.6,5343.6,40586.0
2017-02-27 22:00:00+00:00,5344.8,5349.9,5317.1,5335.7,34791.0
2017-02-28 22:00:00+00:00,5334.6,5399.9,5331.9,5386.1,48371.0
2017-03-01 22:00:00+00:00,5384.2,5393.7,5356.3,5361.7,42647.0
2017-03-02 22:00:00+00:00,5357.8,5373.4,5344.3,5372.6,44365.0
2017-03-05 22:00:00+00:00,5369.0,5369.0,5339.1,5354.0,31951.0
2017-03-06 22:00:00+00:00,5355.0,5374.1,5341.4,5350.4,28959.0
2017-03-07 22:00:00+00:00,5348.4,5376.9,5333.9,5363.3,42633.0
2017-03-08 22:00:00+00:00,5361.8,5371.7,5335.4,5370.3,44729.0
2017-03-09 22:00:00+00:00,5367.5,5395.1,5363.1,5382.3,53240.0
2017-03-12 21:00:00+00:00,5381.6,5396.5,5371.7,5396.2,33989.0
2017-03-13 21:00:00+00:00,5395.3,5396.6,5360.0,5380.8,41021.0
2017-03-14 21:00:00+00:00,5381.4,5427.3,5376.0,5412.8,44876.0
2017-03-15 21:00:00+00:00,5412.0,5435.3,5398.1,5412.0,35162.0
2017-03-16 21:00:00+00:00,5411.1,5420.7,5402.5,5404.7,27675.0
2017-03-19 21:00:00+00:00,5402.4,5423.7,5391.8,5412.7,24703.0
2017-03-20 21:00:00+00:00,5411.4,5436.5,5325.9,5331.2,82463.0
2017-03-21 21:00:00+00:00,5331.3,5371.8,5310.9,5360.9,72556.0
2017-03-22 21:00:00+00:00,5361.4,5374.2,5343.2,5352.2,70342.0
2017-03-23 21:00:00+00:00,5352.8,5390.7,5343.2,5368.7,67556.0
2017-03-26 21:00:00+00:00,5355.2,5381.4,5313.2,5378.5,70437.0
2017-03-27 21:00:00+00:00,5378.8,5420.4,5359.4,5404.0,54254.0
2017-03-28 21:00:00+00:00,5403.6,5433.2,5400.7,5432.1,39745.0
2017-03-29 21:00:00+00:00,5431.6,5446.7,5422.5,5436.4,36678.0
2017-03-30 21:00:00+00:00,5436.5,5448.5,5417.0,5432.2,35678.0
2017-04-02 21:00:00+00:00,5432.2,5450.8,5399.3,5427.6,49266.0
2017-04-03 21:00:00+00:00,5428.9,5451.8,5402.8,5451.5,39435.0
2017-04-04 21:00:00+00:00,5450.9,5485.3,5413.0,5416.8,53921.0
2017-04-05 21:00:00+00:00,5418.1,5436.1,5394.8,5424.6,65265.0
2017-04-06 21:00:00+00:00,5425.4,5434.9,5381.9,5419.5,71665.0
2017-04-09 21:00:00+00:00,5419.0,5442.5,5404.9,5425.4,47193.0
2017-04-10 21:00:00+00:00,5425.8,5428.0,5357.1,5403.1,90220.0
2017-04-11 21:00:00+00:00,5402.3,5411.9,5368.4,5369.1,76234.0
2017-04-12 21:00:00+00:00,5370.8,5398.4,5347.6,5356.2,68174.0
2017-04-16 21:00:00+00:00,5353.4,5398.4,5346.9,5396.6,32392.0
2017-04-17 21:00:00+00:00,5396.6,5404.4,5374.6,5390.4,61341.0
2017-04-18 21:00:00+00:00,5390.9,5429.6,5387.9,5393.5,41329.0
2017-04-19 21:00:00+00:00,5395.6,5453.7,5393.8,5443.0,48977.0
2017-04-20 21:00:00+00:00,5443.2,5453.6,5426.6,5435.4,46548.0
2017-04-23 21:00:00+00:00,5495.4,5511.7,5479.3,5502.2,51061.0
2017-04-24 21:00:00+00:00,5500.2,5556.1,5498.1,5546.8,31169.0
2017-04-25 21:00:00+00:00,5544.9,5561.4,5534.4,5534.4,54819.0
2017-04-26 21:00:00+00:00,5534.1,5597.9,5533.6,5586.3,44165.0
2017-04-27 21:00:00+00:00,5584.2,5596.4,5570.6,5580.3,41731.0
2017-04-30 21:00:00+00:00,5580.4,5636.4,5572.8,5631.1,27045.0
2017-05-01 21:00:00+00:00,5628.2,5640.6,5621.6,5622.5,32558.0
2017-05-02 21:00:00+00:00,5617.4,5629.9,5605.1,5608.2,37052.0
2017-05-03 21:00:00+00:00,5607.2,5634.1,5603.9,5627.9,51309.0
2017-05-04 21:00:00+00:00,5626.8,5649.4,5612.6,5648.9,39413.0
2017-05-07 21:00:00+00:00,5657.6,5660.4,5634.6,5655.5,40822.0
2017-05-08 21:00:00+00:00,5654.4,5687.6,5650.8,5680.5,33742.0
2017-05-09 21:00:00+00:00,5678.3,5679.6,5658.1,5675.3,35950.0
2017-05-10 21:00:00+00:00,5674.3,5675.8,5636.4,5670.8,39352.0
2017-05-11 21:00:00+00:00,5670.8,5689.4,5656.6,5688.9,34463.0
2017-05-14 21:00:00+00:00,5690.5,5706.6,5682.6,5705.2,28704.0
2017-05-15 21:00:00+00:00,5704.4,5727.4,5696.3,5724.1,32920.0
2017-05-16 21:00:00+00:00,5722.9,5722.9,5574.6,5575.1,98380.0
2017-05-17 21:00:00+00:00,5576.0,5648.4,5550.6,5633.4,119045.0
2017-05-18 21:00:00+00:00,5632.0,5676.5,5622.4,5655.0,55901.0
2017-05-21 21:00:00+00:00,5653.1,5703.9,5648.8,5703.6,43867.0
2017-05-22 21:00:00+00:00,5701.0,5718.3,5688.6,5710.4,46305.0
2017-05-23 21:00:00+00:00,5709.6,5734.4,5705.1,5733.1,39611.0
2017-05-24 21:00:00+00:00,5732.2,5795.6,5731.4,5784.0,44881.0
2017-05-25 21:00:00+00:00,5782.0,5795.9,5772.6,5795.1,34760.0
2017-05-28 21:00:00+00:00,5794.9,5803.0,5792.1,5795.4,6512.0
2017-05-29 21:00:00+00:00,5795.6,5802.9,5778.5,5794.3,35712.0
2017-05-30 21:00:00+00:00,5792.3,5819.2,5763.6,5804.4,56632.0
2017-05-31 21:00:00+00:00,5803.8,5823.6,5780.6,5823.1,48257.0
2017-06-01 21:00:00+00:00,5823.9,5886.5,5822.1,5885.6,54252.0
2017-06-04 21:00:00+00:00,5879.8,5891.1,5872.8,5881.5,31207.0
2017-06-05 21:00:00+00:00,5880.0,5892.9,5848.8,5862.9,43769.0
2017-06-06 21:00:00+00:00,5862.3,5884.6,5845.9,5880.1,49621.0
2017-06-07 21:00:00+00:00,5878.1,5897.8,5853.4,5891.8,48551.0
2017-06-08 21:00:00+00:00,5873.6,5898.4,5660.4,5737.9,121871.0
2017-06-09 21:00:00+00:00,5737.6,5737.6,5736.6,5736.6,8.0
2017-06-11 21:00:00+00:00,5739.8,5742.2,5634.9,5714.5,134268.0
2017-06-12 21:00:00+00:00,5712.6,5760.5,5707.2,5753.9,78722.0
2017-06-13 21:00:00+00:00,5753.8,5780.6,5679.1,5721.8,140140.0
2017-06-14 21:00:00+00:00,5721.4,5724.3,5633.9,5703.4,124395.0
2017-06-15 21:00:00+00:00,5701.3,5719.9,5653.4,5684.0,91759.0
2017-06-18 21:00:00+00:00,5685.1,5775.1,5675.9,5762.8,63822.0
2017-06-19 21:00:00+00:00,5759.6,5776.4,5721.4,5724.4,75747.0
2017-06-20 21:00:00+00:00,5720.2,5788.9,5691.5,5788.5,98875.0
2017-06-21 21:00:00+00:00,5785.8,5806.8,5763.4,5777.8,71539.0
2017-06-22 21:00:00+00:00,5778.4,5807.9,5755.6,5798.5,61268.0
2017-06-23 21:00:00+00:00,5798.6,5798.9,5798.1,5798.6,12.0
2017-06-25 21:00:00+00:00,5797.0,5844.4,5760.6,5771.3,86211.0
2017-06-26 21:00:00+00:00,5771.1,5776.4,5661.5,5666.1,117309.0
2017-06-27 21:00:00+00:00,5665.5,5759.9,5624.6,5759.8,107957.0
2017-06-28 21:00:00+00:00,5757.8,5768.1,5593.6,5642.5,171424.0
2017-06-29 21:00:00+00:00,5642.0,5679.1,5616.1,5648.8,113248.0
2017-06-30 21:00:00+00:00,5648.8,5648.8,5648.8,5648.8,1.0
2017-07-02 21:00:00+00:00,5653.4,5683.1,5574.5,5582.3,72305.0
2017-07-03 21:00:00+00:00,5583.6,5611.3,5553.5,5572.3,27566.0
2017-07-04 21:00:00+00:00,5567.6,5660.5,5560.1,5645.2,108418.0
2017-07-05 21:00:00+00:00,5644.2,5645.0,5573.1,5590.1,123319.0
2017-07-06 21:00:00+00:00,5592.9,5670.1,5584.6,5650.2,75440.0
2017-07-09 21:00:00+00:00,5655.6,5704.9,5643.6,5686.8,63463.0
2017-07-10 21:00:00+00:00,5685.2,5715.9,5660.9,5713.8,79673.0
2017-07-11 21:00:00+00:00,5712.4,5783.2,5706.4,5782.0,75311.0
2017-07-12 21:00:00+00:00,5781.4,5805.4,5771.1,5792.8,67425.0
2017-07-13 21:00:00+00:00,5792.6,5840.9,5781.4,5840.4,55650.0
2017-07-16 21:00:00+00:00,5839.0,5857.1,5824.9,5852.6,53907.0
2017-07-17 21:00:00+00:00,5851.5,5892.1,5813.9,5890.6,64139.0
2017-07-18 21:00:00+00:00,5889.1,5918.4,5882.6,5913.4,53158.0
2017-07-19 21:00:00+00:00,5912.9,5931.9,5890.6,5924.6,61164.0
2017-07-20 21:00:00+00:00,5924.6,5924.6,5883.8,5916.0,55615.0
2017-07-23 21:00:00+00:00,5913.9,5948.1,5898.4,5920.1,41906.0
2017-07-24 21:00:00+00:00,5917.5,5939.6,5909.5,5926.3,48891.0
2017-07-25 21:00:00+00:00,5925.8,5951.3,5920.5,5947.4,45994.0
2017-07-26 21:00:00+00:00,5958.6,5989.3,5838.5,5898.4,117713.0
2017-07-27 21:00:00+00:00,5901.0,5912.0,5843.6,5907.1,78362.0
2017-07-30 21:00:00+00:00,5902.9,5927.3,5864.4,5878.1,62368.0
2017-07-31 21:00:00+00:00,5877.5,5925.1,5869.6,5924.4,55455.0
2017-08-01 21:00:00+00:00,5928.6,5941.4,5850.5,5908.1,80193.0
2017-08-02 21:00:00+00:00,5906.5,5918.4,5872.0,5883.4,56290.0
2017-08-03 21:00:00+00:00,5883.9,5906.5,5868.6,5891.6,55544.0
2017-08-06 21:00:00+00:00,5895.0,5932.1,5892.3,5931.3,29702.0
2017-08-07 21:00:00+00:00,5928.8,5967.4,5902.1,5909.3,48358.0
2017-08-08 21:00:00+00:00,5904.8,5919.4,5856.9,5918.5,84916.0
2017-08-09 21:00:00+00:00,5917.1,5917.4,5762.8,5768.6,110905.0
2017-08-10 21:00:00+00:00,5762.5,5841.0,5756.3,5833.1,98403.0
2017-08-13 21:00:00+00:00,5838.8,5913.1,5838.4,5911.3,53847.0
2017-08-14 21:00:00+00:00,5909.8,5940.9,5892.9,5910.7,56013.0
2017-08-15 21:00:00+00:00,5912.6,5947.3,5899.7,5917.3,63635.0
2017-08-16 21:00:00+00:00,5916.1,5921.6,5785.4,5790.9,107704.0
2017-08-17 21:00:00+00:00,5793.0,5833.9,5771.4,5796.6,109180.0
2017-08-20 21:00:00+00:00,5809.2,5815.3,5751.3,5794.8,81633.0
2017-08-21 21:00:00+00:00,5794.6,5881.0,5793.3,5878.9,42807.0
2017-08-22 21:00:00+00:00,5876.5,5883.0,5840.5,5842.3,57809.0
2017-08-23 21:00:00+00:00,5842.9,5873.1,5802.6,5844.9,77274.0
2017-08-24 21:00:00+00:00,5845.3,5872.9,5815.6,5823.8,72654.0
2017-08-27 21:00:00+00:00,5809.4,5854.9,5800.4,5846.2,54891.0
2017-08-28 21:00:00+00:00,5808.2,5874.9,5776.4,5870.1,92996.0
2017-08-29 21:00:00+00:00,5868.9,5943.4,5862.4,5934.9,53881.0
2017-08-30 21:00:00+00:00,5933.4,5997.1,5932.3,5995.4,53121.0
2017-08-31 21:00:00+00:00,5994.0,6019.3,5972.9,5987.0,52692.0
2017-09-03 21:00:00+00:00,5957.4,5981.6,5946.1,5978.0,21975.0
2017-09-04 21:00:00+00:00,5975.0,5984.4,5889.4,5942.4,98002.0
2017-09-05 21:00:00+00:00,5941.1,5965.2,5908.9,5952.2,82183.0
2017-09-06 21:00:00+00:00,5947.9,5981.3,5932.0,5970.0,76817.0
2017-09-07 21:00:00+00:00,5969.2,5971.8,5907.5,5917.9,52247.0
2017-09-10 21:00:00+00:00,5939.4,5991.6,5939.0,5985.1,46910.0
2017-09-11 21:00:00+00:00,5982.8,6004.0,5967.5,6000.8,79958.0
2017-09-12 21:00:00+00:00,6000.6,6004.9,5976.6,6003.4,50856.0
2017-09-13 21:00:00+00:00,6001.9,6001.9,5961.9,5964.2,44696.0
2017-09-14 21:00:00+00:00,5964.4,6008.6,5937.0,5990.9,49270.0
2017-09-17 21:00:00+00:00,5991.8,6010.8,5960.4,5981.6,37658.0
2017-09-18 21:00:00+00:00,5983.4,5997.4,5968.0,5986.8,42515.0
2017-09-19 21:00:00+00:00,5984.1,5993.4,5923.6,5970.4,62571.0
2017-09-20 21:00:00+00:00,5967.6,5973.3,5912.1,5937.7,53112.0
2017-09-21 21:00:00+00:00,5937.1,5938.4,5904.4,5928.7,46778.0
2017-09-24 21:00:00+00:00,5924.0,5947.1,5835.1,5871.8,77603.0
2017-09-25 21:00:00+00:00,5872.3,5905.4,5855.9,5882.5,58757.0
2017-09-26 21:00:00+00:00,5883.6,5955.9,5879.5,5930.7,58413.0
2017-09-27 21:00:00+00:00,5928.6,5941.4,5904.6,5933.5,51818.0
2017-09-28 21:00:00+00:00,5930.9,5978.9,5926.6,5973.6,40413.0
2017-10-01 21:00:00+00:00,5976.0,6003.1,5951.9,5979.1,43584.0
2017-10-02 21:00:00+00:00,5978.9,5998.1,5972.3,5991.9,32348.0
2017-10-03 21:00:00+00:00,5992.4,6008.9,5973.4,5998.4,36210.0
2017-10-04 21:00:00+00:00,5997.6,6061.6,5994.4,6057.1,34472.0
2017-10-05 21:00:00+00:00,6055.9,6065.2,6031.6,6059.8,32680.0
2017-10-06 21:00:00+00:00,6060.0,6060.0,6060.0,6060.0,1.0
2017-10-08 21:00:00+00:00,6057.2,6077.9,6048.9,6056.5,28094.0
2017-10-09 21:00:00+00:00,6056.8,6082.4,6033.3,6059.6,43792.0
2017-10-10 21:00:00+00:00,6058.7,6080.1,6047.6,6076.6,32614.0
2017-10-11 21:00:00+00:00,6076.8,6090.9,6060.4,6068.8,31162.0
2017-10-12 21:00:00+00:00,6066.4,6097.9,6062.6,6093.6,30960.0
2017-10-15 21:00:00+00:00,6095.4,6115.3,6092.0,6114.8,28787.0
2017-10-16 21:00:00+00:00,6112.9,6119.4,6099.1,6116.6,26079.0
2017-10-17 21:00:00+00:00,6116.3,6126.6,6102.4,6113.6,26415.0
2017-10-18 21:00:00+00:00,6114.3,6115.9,6045.3,6092.1,61408.0
2017-10-19 21:00:00+00:00,6090.5,6123.6,6084.6,6104.0,37795.0
2017-10-20 21:00:00+00:00,6104.0,6104.0,6104.0,6104.0,1.0
2017-10-22 21:00:00+00:00,6105.1,6118.6,6055.0,6058.6,34303.0
2017-10-23 21:00:00+00:00,6058.4,6086.4,6051.1,6067.4,40824.0
2017-10-24 21:00:00+00:00,6068.0,6081.4,6005.3,6059.4,73563.0
2017-10-25 21:00:00+00:00,6058.8,6090.1,6029.1,6083.9,63531.0
2017-10-26 21:00:00+00:00,6085.4,6220.0,6073.0,6209.0,62067.0
2017-10-29 21:00:00+00:00,6202.0,6245.6,6196.6,6215.6,54025.0
2017-10-30 21:00:00+00:00,6216.3,6253.1,6213.9,6246.0,32850.0
2017-10-31 21:00:00+00:00,6244.5,6278.9,6218.1,6230.4,57993.0
2017-11-01 21:00:00+00:00,6223.1,6257.0,6187.1,6254.1,70829.0
2017-11-02 21:00:00+00:00,6244.8,6291.1,6230.5,6283.6,47443.0
2017-11-05 22:00:00+00:00,6279.6,6311.9,6262.7,6307.6,43759.0
2017-11-06 22:00:00+00:00,6305.5,6325.9,6290.9,6309.8,54214.0
2017-11-07 22:00:00+00:00,6302.6,6340.5,6296.0,6335.8,41525.0
2017-11-08 22:00:00+00:00,6335.8,6346.3,6239.9,6308.2,109359.0
2017-11-09 22:00:00+00:00,6307.4,6315.9,6276.3,6302.5,58520.0
2017-11-12 22:00:00+00:00,6308.6,6321.3,6277.5,6308.4,44110.0
2017-11-13 22:00:00+00:00,6307.4,6314.5,6260.0,6291.3,55754.0
2017-11-14 22:00:00+00:00,6291.0,6291.5,6227.8,6261.4,76782.0
2017-11-15 22:00:00+00:00,6262.2,6356.6,6258.4,6344.8,43815.0
2017-11-16 22:00:00+00:00,6341.0,6349.9,6307.2,6308.6,53651.0
2017-11-19 22:00:00+00:00,6310.6,6327.4,6290.1,6315.7,45528.0
2017-11-20 22:00:00+00:00,6313.4,6383.7,6309.6,6377.8,33493.0
2017-11-21 22:00:00+00:00,6377.6,6393.2,6373.7,6386.1,27647.0
2017-11-22 22:00:00+00:00,6386.2,6396.2,6374.2,6383.2,12117.0
2017-11-23 22:00:00+00:00,6383.3,6414.2,6378.2,6411.0,21615.0
2017-11-26 22:00:00+00:00,6412.0,6422.8,6393.2,6412.6,34995.0
2017-11-27 22:00:00+00:00,6410.4,6428.3,6387.9,6422.4,40396.0
2017-11-28 22:00:00+00:00,6421.6,6427.3,6282.1,6303.8,101278.0
2017-11-29 22:00:00+00:00,6306.6,6375.5,6288.0,6353.8,54166.0
2017-11-30 22:00:00+00:00,6351.9,6367.8,6245.2,6343.4,180071.0
2017-12-03 22:00:00+00:00,6388.8,6390.0,6249.5,6260.1,116977.0
2017-12-04 22:00:00+00:00,6259.6,6338.5,6230.9,6267.4,102469.0
2017-12-05 22:00:00+00:00,6269.6,6306.2,6231.3,6299.6,98197.0
2017-12-06 22:00:00+00:00,6297.8,6335.0,6288.0,6323.9,76194.0
2017-12-07 22:00:00+00:00,6322.8,6378.6,6320.1,6343.3,44638.0
2017-12-10 22:00:00+00:00,6345.9,6409.5,6341.1,6405.1,55568.0
2017-12-11 22:00:00+00:00,6403.6,6407.9,6372.1,6385.3,58002.0
2017-12-12 22:00:00+00:00,6385.3,6419.5,6365.3,6400.4,66154.0
2017-12-13 22:00:00+00:00,6400.9,6425.6,6384.6,6384.7,66200.0
2017-12-14 22:00:00+00:00,6388.6,6484.8,6382.9,6482.4,50738.0
2017-12-17 22:00:00+00:00,6481.1,6523.9,6480.8,6517.3,45720.0
2017-12-18 22:00:00+00:00,6517.4,6527.6,6461.8,6485.6,48294.0
2017-12-19 22:00:00+00:00,6485.6,6510.9,6445.4,6466.9,50064.0
2017-12-20 22:00:00+00:00,6468.8,6502.6,6458.3,6471.5,44757.0
2017-12-21 22:00:00+00:00,6472.9,6483.5,6449.6,6465.8,34362.0
2017-12-25 22:00:00+00:00,6467.4,6473.9,6414.5,6442.6,26556.0
2017-12-26 22:00:00+00:00,6443.8,6457.4,6424.1,6435.5,32762.0
2017-12-27 22:00:00+00:00,6434.0,6459.4,6424.4,6426.4,20385.0
2017-12-28 22:00:00+00:00,6426.6,6449.6,6365.6,6366.6,33986.0
2017-12-29 22:00:00+00:00,6366.5,6366.5,6366.5,6366.5,1.0
2018-01-01 22:00:00+00:00,6387.4,6505.1,6379.6,6497.5,39306.0
2018-01-02 22:00:00+00:00,6494.4,6575.0,6493.6,6566.5,34619.0
2018-01-03 22:00:00+00:00,6568.8,6601.1,6564.1,6590.2,43983.0
2018-01-04 22:00:00+00:00,6591.4,6652.9,6584.0,6650.3,36705.0
2018-01-07 22:00:00+00:00,6650.5,6674.4,6637.4,6673.0,34337.0
2018-01-08 22:00:00+00:00,6672.4,6691.2,6651.4,6664.0,42646.0
2018-01-09 22:00:00+00:00,6662.8,6670.6,6612.2,6660.6,69199.0
2018-01-10 22:00:00+00:00,6659.2,6713.6,6648.4,6709.4,43425.0
2018-01-11 22:00:00+00:00,6707.5,6762.4,6688.2,6757.8,49425.0
2018-01-14 22:00:00+00:00,6767.3,6783.4,6758.1,6765.4,17876.0
2018-01-15 22:00:00+00:00,6765.0,6830.6,6714.2,6747.9,102467.0
2018-01-16 22:00:00+00:00,6747.1,6819.4,6729.9,6805.8,87243.0
2018-01-17 22:00:00+00:00,6805.8,6823.2,6781.0,6801.6,82692.0
2018-01-18 22:00:00+00:00,6802.0,6841.4,6786.6,6834.8,71471.0
2018-01-21 22:00:00+00:00,6815.8,6926.4,6809.3,6918.6,51795.0
2018-01-22 22:00:00+00:00,6916.1,6966.2,6905.0,6944.8,73366.0
2018-01-23 22:00:00+00:00,6940.3,6988.8,6873.6,6920.0,128232.0
2018-01-24 22:00:00+00:00,6915.8,6972.3,6887.2,6923.4,114743.0
2018-01-25 22:00:00+00:00,6923.5,7019.4,6919.8,7016.0,72390.0
2018-01-28 22:00:00+00:00,7015.6,7032.1,6965.2,6979.8,185958.0
2018-01-29 22:00:00+00:00,6980.7,6991.3,6887.8,6925.3,306700.0
2018-01-30 22:00:00+00:00,6927.3,6976.8,6907.8,6917.2,235819.0
2018-01-31 22:00:00+00:00,6965.3,6973.6,6870.8,6924.6,274226.0
2018-02-01 22:00:00+00:00,6940.0,6949.2,6738.4,6739.0,418209.0
2018-02-04 22:00:00+00:00,6744.6,6799.6,6375.4,6441.0,636996.0
2018-02-05 22:00:00+00:00,6456.7,6664.2,6246.9,6624.0,845832.0
2018-02-06 22:00:00+00:00,6637.8,6705.8,6520.3,6537.0,503467.0
2018-02-07 22:00:00+00:00,6536.2,6606.2,6289.2,6317.0,495066.0
2018-02-08 22:00:00+00:00,6317.8,6444.4,6153.4,6414.9,645227.0
2018-02-11 22:00:00+00:00,6424.0,6558.8,6403.3,6518.6,396089.0
2018-02-12 22:00:00+00:00,6518.6,6562.2,6462.3,6552.0,379083.0
2018-02-13 22:00:00+00:00,6551.8,6685.2,6446.5,6673.2,429143.0
2018-02-14 22:00:00+00:00,6673.6,6822.0,6664.4,6813.6,359191.0
2018-02-15 22:00:00+00:00,6812.2,6854.0,6759.2,6779.0,338409.0
2018-02-18 22:00:00+00:00,6785.0,6816.3,6755.4,6777.6,58021.0
2018-02-19 22:00:00+00:00,6781.3,6840.6,6720.4,6789.8,316866.0
2018-02-20 22:00:00+00:00,6786.5,6882.6,6738.7,6749.8,314177.0
2018-02-21 22:00:00+00:00,6750.4,6828.8,6693.0,6793.8,328324.0
2018-02-22 22:00:00+00:00,6791.4,6910.9,6780.2,6900.5,224952.0
2018-02-25 22:00:00+00:00,6921.6,7005.0,6887.7,7001.5,218889.0
2018-02-26 22:00:00+00:00,7001.5,7006.5,6901.8,6910.2,393142.0
2018-02-27 22:00:00+00:00,6913.2,6968.8,6856.4,6879.8,358920.0
2018-02-28 22:00:00+00:00,6880.0,6897.0,6687.8,6764.3,670727.0
2018-03-01 22:00:00+00:00,6765.6,6822.4,6645.4,6807.8,613574.0
2018-03-04 22:00:00+00:00,6794.2,6903.8,6741.6,6879.5,425344.0
2018-03-05 22:00:00+00:00,6880.1,6938.6,6871.2,6908.4,371646.0
2018-03-06 22:00:00+00:00,6849.5,6936.2,6797.6,6921.4,401320.0
2018-03-07 22:00:00+00:00,6923.2,6976.2,6913.0,6972.2,276186.0
2018-03-08 22:00:00+00:00,6967.8,7103.3,6962.5,7097.0,166468.0
2018-03-11 21:00:00+00:00,7092.8,7158.6,7092.8,7134.6,169815.0
2018-03-12 21:00:00+00:00,7135.5,7188.0,7025.4,7046.4,260713.0
2018-03-13 21:00:00+00:00,7033.8,7097.5,7011.8,7033.4,400645.0
2018-03-14 21:00:00+00:00,7036.6,7075.2,7002.3,7051.0,267084.0
2018-03-15 21:00:00+00:00,7049.1,7059.6,7008.2,7020.6,192846.0
2018-03-18 21:00:00+00:00,7015.4,7016.8,6796.2,6889.8,401156.0
2018-03-19 21:00:00+00:00,6884.9,6902.8,6838.2,6892.4,301658.0
2018-03-20 21:00:00+00:00,6889.6,6925.8,6817.6,6858.2,333614.0
2018-03-21 21:00:00+00:00,6860.0,6890.9,6662.2,6670.4,590484.0
2018-03-22 21:00:00+00:00,6666.4,6697.2,6495.4,6524.3,734214.0
2018-03-25 21:00:00+00:00,6518.8,6755.8,6501.1,6753.9,545206.0
2018-03-26 21:00:00+00:00,6753.0,6826.1,6467.0,6526.2,650722.0
2018-03-27 21:00:00+00:00,6528.0,6559.0,6398.0,6466.0,856585.0
2018-03-28 21:00:00+00:00,6465.9,6630.2,6420.8,6546.8,569461.0
2018-04-01 21:00:00+00:00,6542.1,6564.6,6303.8,6390.3,599554.0
2018-04-02 21:00:00+00:00,6385.4,6473.4,6328.4,6448.2,588644.0
2018-04-03 21:00:00+00:00,6444.3,6569.6,6283.7,6559.9,611441.0
2018-04-04 21:00:00+00:00,6564.4,6632.2,6539.4,6586.8,466820.0
2018-04-05 21:00:00+00:00,6585.1,6591.1,6388.9,6436.2,601043.0
2018-04-08 21:00:00+00:00,6453.2,6598.0,6440.6,6473.2,407067.0
2018-04-09 21:00:00+00:00,6471.1,6631.8,6451.8,6604.7,553277.0
2018-04-10 21:00:00+00:00,6606.1,6643.4,6531.2,6574.8,406668.0
2018-04-11 21:00:00+00:00,6576.4,6673.8,6569.9,6656.4,305252.0
2018-04-12 21:00:00+00:00,6647.3,6692.6,6586.4,6622.5,282859.0
2018-04-15 21:00:00+00:00,6671.0,6701.6,6619.4,6686.3,261390.0
2018-04-16 21:00:00+00:00,6684.6,6824.6,6678.6,6806.2,208984.0
2018-04-17 21:00:00+00:00,6798.4,6847.0,6777.0,6826.8,215300.0
2018-04-18 21:00:00+00:00,6835.0,6846.2,6735.2,6758.3,292647.0
2018-04-19 21:00:00+00:00,6759.0,6770.0,6626.6,6655.8,297530.0
2018-04-22 21:00:00+00:00,6686.2,6707.8,6596.8,6641.9,305656.0
2018-04-23 21:00:00+00:00,6641.6,6697.6,6447.4,6507.3,529299.0
2018-04-24 21:00:00+00:00,6505.6,6556.1,6409.4,6551.8,485327.0
2018-04-25 21:00:00+00:00,6570.6,6728.6,6539.5,6722.9,299129.0
2018-04-26 21:00:00+00:00,6724.4,6752.1,6602.8,6651.6,327682.0
2018-04-29 21:00:00+00:00,6648.0,6697.8,6575.6,6583.8,299651.0
2018-04-30 21:00:00+00:00,6589.9,6719.7,6558.8,6695.9,283838.0
2018-05-01 21:00:00+00:00,6695.8,6709.2,6606.4,6609.6,318036.0
2018-05-02 21:00:00+00:00,6611.8,6650.8,6518.8,6648.2,465966.0
2018-05-03 21:00:00+00:00,6648.8,6769.4,6591.6,6759.2,296648.0
2018-05-06 21:00:00+00:00,6757.8,6832.2,6753.8,6799.6,247444.0
2018-05-07 21:00:00+00:00,6799.6,6818.4,6753.2,6804.8,326403.0
2018-05-08 21:00:00+00:00,6804.0,6883.8,6791.4,6880.2,218444.0
2018-05-09 21:00:00+00:00,6881.4,6955.2,6871.8,6936.9,193908.0
2018-05-10 21:00:00+00:00,6935.8,6963.4,6913.6,6943.4,192479.0
2018-05-13 21:00:00+00:00,6952.4,6998.6,6940.6,6953.4,158387.0
2018-05-14 21:00:00+00:00,6955.0,6961.4,6841.4,6878.2,279535.0
2018-05-15 21:00:00+00:00,6879.4,6943.2,6862.6,6924.8,176873.0
2018-05-16 21:00:00+00:00,6925.9,6953.4,6866.6,6897.4,195999.0
2018-05-17 21:00:00+00:00,6894.8,6927.2,6855.6,6867.3,210314.0
2018-05-20 21:00:00+00:00,6925.4,6950.4,6874.8,6908.8,164027.0
2018-05-21 21:00:00+00:00,6907.6,6948.4,6883.8,6901.4,153299.0
2018-05-22 21:00:00+00:00,6899.3,6956.1,6823.4,6951.6,242566.0
2018-05-23 21:00:00+00:00,6951.3,6968.3,6880.0,6951.8,246714.0
2018-05-24 21:00:00+00:00,6952.3,6999.1,6940.2,6963.4,201816.0
2018-05-27 21:00:00+00:00,6987.6,7004.4,6967.3,6990.0,53827.0
2018-05-28 21:00:00+00:00,6986.2,6992.0,6887.8,6945.3,399516.0
2018-05-29 21:00:00+00:00,6946.6,6993.0,6915.9,6981.8,226784.0
2018-05-30 21:00:00+00:00,6973.3,7022.6,6957.4,6979.2,70041.0
2018-05-31 21:00:00+00:00,6980.5,7089.4,6976.5,7084.4,176227.0
2018-06-03 21:00:00+00:00,7075.1,7150.4,7071.8,7148.0,158154.0
2018-06-04 21:00:00+00:00,7148.1,7186.2,7136.3,7183.7,141491.0
2018-06-05 21:00:00+00:00,7181.3,7221.2,7141.2,7217.6,156505.0
2018-06-06 21:00:00+00:00,7215.8,7233.1,7115.8,7161.1,233267.0
2018-06-07 21:00:00+00:00,7159.2,7163.0,7076.9,7149.8,147431.0
2018-06-10 21:00:00+00:00,7131.0,7188.8,7127.7,7164.9,120814.0
2018-06-11 21:00:00+00:00,7165.4,7218.0,7155.5,7217.0,93482.0
2018-06-12 21:00:00+00:00,7215.4,7263.2,7192.6,7206.4,144230.0
2018-06-13 21:00:00+00:00,7205.6,7294.8,7178.2,7285.7,181406.0
2018-06-14 21:00:00+00:00,7277.0,7292.3,7219.2,7251.8,225626.0
2018-06-17 21:00:00+00:00,7249.6,7263.1,7182.8,7248.7,164941.0
2018-06-18 21:00:00+00:00,7249.6,7252.4,7132.0,7229.8,308046.0
2018-06-19 21:00:00+00:00,7229.2,7310.2,7201.0,7288.3,203053.0
2018-06-20 21:00:00+00:00,7291.0,7332.0,7201.4,7204.0,321546.0
2018-06-21 21:00:00+00:00,7201.8,7249.1,7173.6,7193.9,213719.0
2018-06-24 21:00:00+00:00,7195.8,7197.6,6970.8,7043.6,454127.0
2018-06-25 21:00:00+00:00,7043.3,7105.0,7015.6,7065.0,338200.0
2018-06-26 21:00:00+00:00,7073.4,7126.6,6963.3,6973.2,452723.0
2018-06-27 21:00:00+00:00,6970.2,7052.0,6931.0,7034.5,459196.0
2018-06-28 21:00:00+00:00,7034.2,7099.4,7021.4,7043.4,293986.0
2018-07-01 21:00:00+00:00,7052.2,7095.4,6963.4,7093.2,310717.0
2018-07-02 21:00:00+00:00,7088.6,7140.9,6999.6,7000.0,232518.0
2018-07-03 21:00:00+00:00,6996.5,7029.6,6992.6,7019.4,56662.0
2018-07-04 21:00:00+00:00,7019.3,7104.6,6994.3,7102.7,287363.0
2018-07-05 21:00:00+00:00,7096.0,7216.6,7078.4,7210.0,249450.0
2018-07-08 21:00:00+00:00,7217.1,7282.4,7213.1,7281.7,167751.0
2018-07-09 21:00:00+00:00,7278.3,7314.2,7238.6,7250.6,176594.0
2018-07-10 21:00:00+00:00,7242.1,7268.8,7183.6,7235.8,277489.0
2018-07-11 21:00:00+00:00,7235.8,7365.8,7228.4,7362.6,198515.0
2018-07-12 21:00:00+00:00,7361.8,7393.0,7346.2,7375.7,178631.0
2018-07-15 21:00:00+00:00,7385.8,7392.4,7295.1,7299.8,179848.0
2018-07-16 21:00:00+00:00,7299.4,7414.8,7271.6,7403.2,197719.0
2018-07-17 21:00:00+00:00,7404.4,7416.6,7360.8,7378.2,159330.0
2018-07-18 21:00:00+00:00,7378.8,7395.0,7333.9,7347.2,200185.0
2018-07-19 21:00:00+00:00,7361.6,7392.6,7329.9,7344.7,198782.0
2018-07-22 21:00:00+00:00,7352.6,7411.6,7290.6,7401.0,182306.0
2018-07-23 21:00:00+00:00,7397.4,7468.8,7365.6,7389.3,243869.0
2018-07-24 21:00:00+00:00,7389.3,7508.6,7376.2,7460.8,212459.0
2018-07-25 21:00:00+00:00,7384.3,7429.2,7340.5,7404.0,263423.0
2018-07-26 21:00:00+00:00,7410.4,7446.6,7243.4,7280.6,327876.0
2018-07-29 21:00:00+00:00,7274.7,7289.3,7146.8,7187.4,335587.0
2018-07-30 21:00:00+00:00,7190.8,7277.9,7169.4,7274.1,287458.0
2018-07-31 21:00:00+00:00,7273.2,7283.8,7221.2,7265.7,270448.0
2018-08-01 21:00:00+00:00,7266.2,7374.4,7194.1,7372.8,256332.0
2018-08-02 21:00:00+00:00,7371.5,7394.9,7342.4,7385.9,212718.0
2018-08-05 21:00:00+00:00,7391.8,7429.6,7367.6,7424.8,174593.0
2018-08-06 21:00:00+00:00,7421.4,7468.6,7420.4,7461.4,157151.0
2018-08-07 21:00:00+00:00,7458.4,7478.6,7425.6,7445.8,138978.0
2018-08-08 21:00:00+00:00,7445.1,7488.4,7441.9,7453.9,129224.0
2018-08-09 21:00:00+00:00,7454.5,7455.4,7373.6,7415.6,223398.0
2018-08-12 21:00:00+00:00,7396.8,7466.8,7362.0,7406.2,252750.0
2018-08-13 21:00:00+00:00,7408.7,7453.4,7386.2,7450.6,184760.0
2018-08-14 21:00:00+00:00,7450.6,7453.7,7308.1,7371.9,331785.0
2018-08-15 21:00:00+00:00,7369.8,7426.6,7354.4,7374.8,201005.0
2018-08-16 21:00:00+00:00,7374.6,7399.4,7314.4,7382.8,214649.0
2018-08-19 21:00:00+00:00,7382.6,7413.3,7347.6,7378.8,48115.0
2018-08-20 21:00:00+00:00,7376.8,7448.4,7365.0,7375.9,33082.0
2018-08-21 21:00:00+00:00,7368.4,7440.8,7348.4,7429.5,46944.0
2018-08-22 21:00:00+00:00,7430.5,7471.4,7408.0,7420.6,48004.0
2018-08-23 21:00:00+00:00,7423.7,7495.8,7419.4,7492.3,37520.0
2018-08-26 21:00:00+00:00,7497.1,7565.4,7495.5,7563.5,36522.0
2018-08-27 21:00:00+00:00,7568.4,7593.6,7561.0,7578.4,35701.0
2018-08-28 21:00:00+00:00,7578.7,7672.0,7578.2,7668.7,34394.0
2018-08-29 21:00:00+00:00,7670.8,7694.8,7624.4,7641.9,60004.0
2018-08-30 21:00:00+00:00,7639.0,7680.2,7631.2,7671.4,48755.0
2018-09-02 21:00:00+00:00,7671.6,7684.6,7656.4,7680.3,7756.0
2018-09-03 21:00:00+00:00,7679.1,7691.2,7584.8,7641.6,69200.0
2018-09-04 21:00:00+00:00,7639.0,7641.3,7501.8,7535.0,87432.0
2018-09-05 21:00:00+00:00,7531.7,7543.0,7406.4,7454.6,335188.0
2018-09-06 21:00:00+00:00,7453.8,7494.0,7393.2,7433.2,378186.0
2018-09-09 21:00:00+00:00,7432.3,7483.0,7413.6,7460.0,266561.0
2018-09-10 21:00:00+00:00,7461.2,7524.2,7404.2,7514.0,226079.0
2018-09-11 21:00:00+00:00,7515.7,7540.5,7424.4,7482.8,316673.0
2018-09-12 21:00:00+00:00,7481.4,7582.6,7470.1,7565.4,224128.0
2018-09-13 21:00:00+00:00,7564.0,7598.6,7515.4,7545.0,154989.0
2018-09-16 21:00:00+00:00,7534.0,7547.0,7429.6,7435.4,161277.0
2018-09-17 21:00:00+00:00,7433.0,7535.0,7394.0,7500.2,146072.0
2018-09-18 21:00:00+00:00,7500.1,7519.0,7444.0,7501.2,188035.0
2018-09-19 21:00:00+00:00,7502.6,7589.6,7486.9,7587.6,176014.0
2018-09-20 21:00:00+00:00,7575.9,7610.0,7520.8,7520.8,188104.0
2018-09-23 21:00:00+00:00,7512.4,7566.8,7446.8,7564.8,229058.0
2018-09-24 21:00:00+00:00,7564.6,7576.3,7523.8,7571.3,172953.0
2018-09-25 21:00:00+00:00,7571.0,7640.8,7550.4,7562.9,199284.0
2018-09-26 21:00:00+00:00,7565.0,7659.4,7559.4,7637.2,165883.0
2018-09-27 21:00:00+00:00,7637.3,7649.5,7590.2,7640.7,214381.0
2018-09-30 21:00:00+00:00,7648.5,7701.6,7625.0,7645.8,166336.0
2018-10-01 21:00:00+00:00,7646.2,7685.6,7603.4,7630.0,219782.0
2018-10-02 21:00:00+00:00,7627.4,7677.6,7614.6,7623.6,219017.0
2018-10-03 21:00:00+00:00,7622.5,7622.6,7430.8,7497.9,360432.0
2018-10-04 21:00:00+00:00,7494.8,7513.9,7321.2,7412.1,448335.0
2018-10-07 21:00:00+00:00,7421.5,7426.5,7260.6,7365.6,474178.0
2018-10-08 21:00:00+00:00,7364.6,7431.4,7311.1,7371.2,406229.0
2018-10-09 21:00:00+00:00,7371.6,7388.0,6976.1,6980.0,710927.0
2018-10-10 21:00:00+00:00,6987.2,7113.6,6884.2,7027.6,859272.0
2018-10-11 21:00:00+00:00,7018.0,7174.4,7010.4,7161.2,546630.0
2018-10-14 21:00:00+00:00,7152.3,7152.3,7037.8,7048.9,475650.0
2018-10-15 21:00:00+00:00,7048.2,7332.1,7041.1,7317.1,372630.0
2018-10-16 21:00:00+00:00,7318.3,7345.5,7198.6,7291.4,488809.0
2018-10-17 21:00:00+00:00,7285.5,7286.1,7071.6,7132.0,523428.0
2018-10-18 21:00:00+00:00,7132.0,7221.2,7070.5,7082.3,479896.0
2018-10-21 21:00:00+00:00,7047.0,7187.4,7034.3,7135.0,528409.0
2018-10-22 21:00:00+00:00,7134.0,7140.8,6921.2,7114.4,651266.0
2018-10-23 21:00:00+00:00,7113.6,7151.4,6763.0,6851.5,719875.0
2018-10-24 21:00:00+00:00,6856.0,7052.6,6794.2,6865.1,636424.0
2018-10-25 21:00:00+00:00,6855.4,6963.4,6711.8,6846.4,903212.0
2018-10-28 21:00:00+00:00,6872.0,6968.6,6557.6,6699.0,739740.0
2018-10-29 21:00:00+00:00,6693.4,6826.1,6638.0,6819.4,776429.0
2018-10-30 21:00:00+00:00,6833.8,7017.2,6793.9,6935.8,622777.0
2018-10-31 21:00:00+00:00,6936.3,7057.6,6914.8,6998.3,531462.0
2018-11-01 21:00:00+00:00,6956.6,7121.3,6889.8,6954.0,646163.0
2018-11-04 22:00:00+00:00,6949.4,6976.5,6843.2,6926.8,415078.0
2018-11-05 22:00:00+00:00,6925.6,7012.6,6884.9,6994.4,387618.0
2018-11-06 22:00:00+00:00,6989.2,7204.5,6949.8,7199.6,475815.0
2018-11-07 22:00:00+00:00,7194.0,7210.9,7112.4,7136.6,418552.0
2018-11-08 22:00:00+00:00,7126.8,7146.3,6971.2,7011.6,459983.0
2018-11-11 22:00:00+00:00,7008.8,7085.5,6811.2,6826.1,587969.0
2018-11-12 22:00:00+00:00,6830.8,6946.6,6786.3,6843.3,651265.0
2018-11-13 22:00:00+00:00,6847.4,6916.4,6733.4,6768.6,675931.0
2018-11-14 22:00:00+00:00,6765.8,6909.6,6701.2,6872.8,655746.0
2018-11-15 22:00:00+00:00,6858.6,6905.8,6795.3,6888.6,552339.0
2018-11-18 22:00:00+00:00,6863.6,6926.1,6624.6,6666.1,646457.0
2018-11-19 22:00:00+00:00,6659.8,6661.8,6441.6,6517.4,853212.0
2018-11-20 22:00:00+00:00,6517.6,6639.6,6501.0,6569.5,522294.0
2018-11-21 22:00:00+00:00,6573.6,6589.8,6499.2,6514.2,104478.0
2018-11-22 22:00:00+00:00,6519.0,6593.8,6487.6,6523.4,277285.0
2018-11-25 22:00:00+00:00,6527.0,6689.4,6523.1,6634.1,404630.0
2018-11-26 22:00:00+00:00,6633.9,6716.0,6606.6,6712.8,467090.0
2018-11-27 22:00:00+00:00,6721.1,6916.4,6702.4,6909.4,455984.0
2018-11-28 22:00:00+00:00,6899.4,6937.2,6836.8,6900.1,427531.0
2018-11-29 22:00:00+00:00,6898.1,6961.1,6865.2,6959.3,305539.0
2018-12-02 22:00:00+00:00,7049.4,7132.7,7009.8,7051.2,475035.0
2018-12-03 22:00:00+00:00,7044.8,7048.8,6777.3,6795.4,714889.0
2018-12-04 22:00:00+00:00,6791.4,6855.6,6786.1,6844.0,65320.0
2018-12-05 22:00:00+00:00,6829.4,6850.0,6625.5,6838.6,766190.0
2018-12-06 22:00:00+00:00,6836.8,6852.1,6592.0,6628.3,725891.0
2018-12-09 22:00:00+00:00,6598.0,6712.8,6533.8,6693.0,663577.0
2018-12-10 22:00:00+00:00,6692.8,6807.1,6649.4,6681.6,507341.0
2018-12-11 22:00:00+00:00,6684.9,6870.4,6684.9,6758.9,447909.0
2018-12-12 22:00:00+00:00,6772.8,6836.8,6721.8,6745.4,422726.0
2018-12-13 22:00:00+00:00,6747.4,6759.2,6583.6,6583.6,326872.0
2018-12-16 22:00:00+00:00,6578.0,6635.2,6401.2,6471.0,353641.0
2018-12-17 22:00:00+00:00,6470.2,6555.8,6436.2,6443.8,265774.0
2018-12-18 22:00:00+00:00,6445.6,6589.6,6281.1,6327.3,403145.0
2018-12-19 22:00:00+00:00,6334.8,6385.6,6161.8,6303.6,633560.0
2018-12-20 22:00:00+00:00,6301.2,6318.0,6010.2,6060.9,558423.0
2018-12-23 22:00:00+00:00,6015.7,6103.3,5868.8,5871.0,398394.0
2018-12-25 22:00:00+00:00,5889.7,6288.9,5802.4,6256.9,524552.0
2018-12-26 22:00:00+00:00,6265.4,6312.9,6034.2,6289.9,650504.0
2018-12-27 22:00:00+00:00,6294.9,6382.6,6223.8,6276.6,581835.0
2018-12-30 22:00:00+00:00,6308.4,6356.4,6263.2,6332.0,332932.0
2019-01-01 22:00:00+00:00,6326.2,6389.6,6134.2,6247.0,575380.0
2019-01-02 22:00:00+00:00,6212.2,6285.2,6130.2,6151.9,625417.0
2019-01-03 22:00:00+00:00,6145.5,6445.0,6118.4,6414.9,540586.0
2019-01-06 22:00:00+00:00,6427.8,6518.6,6386.1,6486.9,453204.0
2019-01-07 22:00:00+00:00,6488.8,6569.2,6450.4,6537.6,485616.0
2019-01-08 22:00:00+00:00,6531.1,6627.8,6531.1,6585.4,476657.0
2019-01-09 22:00:00+00:00,6579.0,6624.4,6510.6,6610.8,445739.0
2019-01-10 22:00:00+00:00,6606.3,6615.3,6555.2,6597.6,323028.0
2019-01-13 22:00:00+00:00,6583.5,6583.5,6504.8,6531.3,283938.0
2019-01-14 22:00:00+00:00,6527.3,6671.4,6525.5,6661.9,356795.0
2019-01-15 22:00:00+00:00,6658.4,6719.0,6647.0,6655.8,294307.0
2019-01-16 22:00:00+00:00,6652.8,6742.8,6595.4,6714.1,338581.0
2019-01-17 22:00:00+00:00,6705.6,6810.4,6695.2,6789.4,337087.0
2019-01-20 22:00:00+00:00,6775.6,6776.4,6724.4,6745.9,84644.0
2019-01-21 22:00:00+00:00,6747.2,6760.9,6594.6,6638.3,379773.0
2019-01-22 22:00:00+00:00,6633.5,6706.8,6575.4,6654.3,380592.0
2019-01-23 22:00:00+00:00,6648.4,6701.2,6636.5,6668.0,375096.0
2019-01-24 22:00:00+00:00,6667.4,6793.2,6660.0,6778.8,292481.0
2019-01-27 22:00:00+00:00,6767.4,6774.0,6631.6,6681.6,336839.0
2019-01-28 22:00:00+00:00,6677.6,6703.9,6599.8,6664.6,287952.0
2019-01-29 22:00:00+00:00,6679.0,6829.1,6640.6,6824.4,344199.0
2019-01-30 22:00:00+00:00,6832.6,6926.8,6823.4,6916.4,324512.0
2019-01-31 22:00:00+00:00,6888.8,6911.2,6844.6,6862.8,335464.0
2019-02-03 22:00:00+00:00,6844.8,6965.5,6842.3,6925.8,195317.0
2019-02-04 22:00:00+00:00,6919.8,7017.6,6912.5,6997.9,192797.0
2019-02-05 22:00:00+00:00,6995.7,7022.8,6957.6,6975.5,216908.0
2019-02-06 22:00:00+00:00,6972.6,6979.9,6843.4,6891.8,350457.0
2019-02-07 22:00:00+00:00,6885.8,6914.0,6829.2,6912.1,289697.0
2019-02-10 22:00:00+00:00,6922.1,6957.4,6884.3,6900.9,247623.0
2019-02-11 22:00:00+00:00,6897.4,7017.2,6892.4,7010.1,184094.0
2019-02-12 22:00:00+00:00,7005.2,7058.6,7001.1,7009.6,195771.0
2019-02-13 22:00:00+00:00,7007.4,7046.4,6961.2,7010.0,304706.0
2019-02-14 22:00:00+00:00,7004.4,7085.9,6965.6,7056.1,257604.0
2019-02-17 22:00:00+00:00,7068.4,7074.0,7046.8,7071.8,72151.0
2019-02-18 22:00:00+00:00,7066.1,7086.0,7026.9,7059.5,164422.0
2019-02-19 22:00:00+00:00,7056.6,7098.0,7025.4,7065.0,234999.0
2019-02-20 22:00:00+00:00,7063.8,7106.6,6999.2,7031.4,267075.0
2019-02-21 22:00:00+00:00,7023.0,7096.6,7013.4,7095.7,196644.0
2019-02-24 22:00:00+00:00,7110.0,7163.8,7097.5,7116.4,187694.0
2019-02-25 22:00:00+00:00,7116.0,7146.6,7068.8,7106.6,207117.0
2019-02-26 22:00:00+00:00,7101.9,7127.2,7043.6,7119.6,196465.0
2019-02-27 22:00:00+00:00,7115.1,7126.4,7068.1,7106.4,193124.0
2019-02-28 22:00:00+00:00,7101.4,7160.8,7094.2,7154.7,180908.0
2019-03-03 22:00:00+00:00,7177.5,7207.4,7070.8,7140.7,280035.0
2019-03-04 22:00:00+00:00,7139.0,7178.0,7120.4,7155.1,226211.0
2019-03-05 22:00:00+00:00,7147.8,7167.2,7103.4,7106.8,234041.0
2019-03-06 22:00:00+00:00,7106.4,7119.4,7000.4,7025.4,281035.0
2019-03-07 22:00:00+00:00,7022.4,7031.2,6936.2,7028.6,239926.0
2019-03-10 21:00:00+00:00,7013.8,7176.6,6995.6,7173.1,172973.0
2019-03-11 21:00:00+00:00,7171.6,7224.2,7160.9,7212.9,212893.0
2019-03-12 21:00:00+00:00,7211.8,7297.7,7185.1,7272.9,208751.0
2019-03-13 21:00:00+00:00,7274.6,7292.4,7239.8,7244.9,200659.0
2019-03-14 21:00:00+00:00,7246.6,7335.8,7243.9,7320.5,202551.0
2019-03-17 21:00:00+00:00,7315.2,7355.4,7297.8,7338.6,170618.0
2019-03-18 21:00:00+00:00,7340.2,7397.2,7327.2,7354.6,225341.0
2019-03-19 21:00:00+00:00,7353.4,7434.4,7326.8,7377.1,290141.0
2019-03-20 21:00:00+00:00,7380.1,7517.7,7345.1,7506.9,272224.0
2019-03-21 21:00:00+00:00,7503.2,7521.6,7330.2,7337.0,438689.0
2019-03-24 21:00:00+00:00,7356.6,7367.4,7267.1,7338.8,436975.0
2019-03-25 21:00:00+00:00,7335.4,7424.4,7317.4,7360.1,304477.0
2019-03-26 21:00:00+00:00,7358.0,7381.6,7253.8,7302.6,381707.0
2019-03-27 21:00:00+00:00,7300.0,7349.4,7266.6,7331.1,319665.0
2019-03-28 21:00:00+00:00,7331.4,7392.4,7327.3,7390.0,253320.0
2019-03-31 21:00:00+00:00,7411.8,7484.4,7410.6,7476.0,246492.0
2019-04-01 21:00:00+00:00,7471.8,7510.2,7461.6,7494.9,178517.0
2019-04-02 21:00:00+00:00,7494.0,7595.2,7491.1,7560.3,219285.0
2019-04-03 21:00:00+00:00,7561.8,7576.6,7501.2,7542.3,210302.0
2019-04-04 21:00:00+00:00,7541.4,7593.2,7535.0,7592.4,177212.0
2019-04-07 21:00:00+00:00,7591.0,7609.8,7542.4,7606.1,158908.0
2019-04-08 21:00:00+00:00,7606.8,7614.4,7559.8,7572.0,168932.0
2019-04-09 21:00:00+00:00,7571.8,7626.6,7556.9,7625.4,159481.0
2019-04-10 21:00:00+00:00,7624.0,7641.6,7582.6,7600.0,165361.0
2019-04-11 21:00:00+00:00,7596.5,7645.9,7592.1,7634.6,149229.0
2019-04-14 21:00:00+00:00,7634.5,7640.0,7579.8,7631.5,126132.0
2019-04-15 21:00:00+00:00,7633.6,7675.9,7630.0,7657.6,147246.0
2019-04-16 21:00:00+00:00,7657.8,7714.6,7649.6,7667.4,186747.0
2019-04-17 21:00:00+00:00,7671.8,7703.7,7641.1,7696.5,184136.0
2019-04-21 21:00:00+00:00,7693.2,7726.8,7650.8,7721.3,130084.0
2019-04-22 21:00:00+00:00,7718.1,7824.3,7705.5,7814.3,158771.0
2019-04-23 21:00:00+00:00,7813.6,7833.6,7783.4,7821.1,169682.0
2019-04-24 21:00:00+00:00,7836.2,7860.4,7773.2,7776.2,214557.0
2019-04-25 21:00:00+00:00,7777.0,7826.2,7736.6,7818.1,228538.0
2019-04-28 21:00:00+00:00,7819.9,7849.6,7788.0,7789.3,150683.0
2019-04-29 21:00:00+00:00,7786.5,7838.9,7722.2,7833.6,209023.0
2019-04-30 21:00:00+00:00,7830.4,7849.2,7718.6,7720.1,249405.0
2019-05-01 21:00:00+00:00,7720.4,7787.8,7665.6,7720.0,318154.0
2019-05-02 21:00:00+00:00,7719.0,7855.4,7718.4,7855.4,181826.0
2019-05-05 21:00:00+00:00,7765.0,7800.4,7650.4,7782.6,143062.0
2019-05-06 21:00:00+00:00,7731.6,7786.8,7564.6,7652.5,218564.0
2019-05-07 21:00:00+00:00,7652.4,7680.9,7584.4,7623.5,186134.0
2019-05-08 21:00:00+00:00,7622.9,7627.5,7466.2,7578.3,228699.0
2019-05-09 21:00:00+00:00,7572.8,7639.4,7423.0,7597.6,256729.0
2019-05-12 21:00:00+00:00,7514.9,7538.3,7294.4,7302.5,224697.0
2019-05-13 21:00:00+00:00,7302.4,7449.6,7280.5,7415.3,122540.0
2019-05-14 21:00:00+00:00,7416.2,7529.6,7344.0,7519.0,118943.0
2019-05-15 21:00:00+00:00,7515.2,7633.4,7464.6,7596.1,98735.0
2019-05-16 21:00:00+00:00,7589.8,7612.2,7500.4,7505.9,156598.0
2019-05-19 21:00:00+00:00,7511.3,7553.3,7355.6,7400.7,166196.0
2019-05-20 21:00:00+00:00,7404.4,7480.6,7396.3,7458.9,89266.0
2019-05-21 21:00:00+00:00,7457.6,7469.8,7386.8,7422.4,87891.0
2019-05-22 21:00:00+00:00,7425.1,7429.7,7264.0,7310.2,144642.0
2019-05-23 21:00:00+00:00,7313.7,7375.4,7296.6,7308.6,86204.0
2019-05-26 21:00:00+00:00,7312.7,7334.0,7288.8,7313.6,12779.0
2019-05-27 21:00:00+00:00,7310.2,7367.2,7276.8,7288.0,371231.0
2019-05-28 21:00:00+00:00,7283.8,7291.9,7179.2,7211.5,395060.0
2019-05-29 21:00:00+00:00,7210.0,7267.0,7204.5,7250.6,277469.0
2019-05-30 21:00:00+00:00,7247.7,7252.4,7127.7,7135.6,396369.0
2019-06-02 21:00:00+00:00,7103.7,7131.0,6939.6,7005.6,631636.0
2019-06-03 21:00:00+00:00,7009.0,7184.6,6980.1,7183.4,394931.0
2019-06-04 21:00:00+00:00,7188.0,7243.4,7148.6,7231.1,221730.0
2019-06-05 21:00:00+00:00,7202.3,7298.4,7179.5,7260.6,97833.0
2019-06-06 21:00:00+00:00,7261.8,7452.4,7257.2,7428.3,91956.0
2019-06-09 21:00:00+00:00,7471.9,7578.2,7431.6,7518.8,80013.0
2019-06-10 21:00:00+00:00,7519.6,7600.6,7493.0,7520.1,96232.0
2019-06-11 21:00:00+00:00,7516.2,7530.6,7461.2,7477.2,71041.0
2019-06-12 21:00:00+00:00,7477.2,7535.8,7421.8,7511.1,77275.0
2019-06-13 21:00:00+00:00,7497.8,7520.8,7451.6,7483.7,65300.0
2019-06-16 21:00:00+00:00,7483.0,7550.6,7480.8,7539.4,34200.0
2019-06-17 21:00:00+00:00,7541.4,7694.6,7514.9,7649.5,95535.0
2019-06-18 21:00:00+00:00,7644.8,7684.2,7603.4,7668.8,89736.0
2019-06-19 21:00:00+00:00,7666.4,7792.8,7665.1,7735.8,76344.0
2019-06-20 21:00:00+00:00,7734.4,7775.2,7698.1,7718.4,66440.0
2019-06-23 21:00:00+00:00,7715.6,7766.2,7714.5,7729.2,45501.0
2019-06-24 21:00:00+00:00,7729.2,7752.4,7583.0,7606.8,73678.0
2019-06-25 21:00:00+00:00,7606.4,7691.8,7589.5,7616.4,63571.0
2019-06-26 21:00:00+00:00,7618.6,7688.6,7616.5,7658.1,52460.0
2019-06-27 21:00:00+00:00,7660.8,7699.9,7637.8,7697.1,44680.0
2019-06-30 21:00:00+00:00,7782.0,7823.8,7733.4,7766.9,60663.0
2019-07-01 21:00:00+00:00,7767.2,7816.8,7737.4,7815.3,43113.0
2019-07-02 21:00:00+00:00,7813.6,7867.6,7798.6,7862.2,27881.0
2019-07-03 21:00:00+00:00,7862.1,7883.6,7856.4,7877.6,5964.0
2019-07-04 21:00:00+00:00,7877.2,7885.2,7774.4,7831.6,55652.0
2019-07-07 21:00:00+00:00,7835.6,7839.3,7754.8,7778.5,41515.0
2019-07-08 21:00:00+00:00,7776.1,7835.4,7720.1,7824.6,39136.0
2019-07-09 21:00:00+00:00,7821.8,7926.4,7788.6,7902.5,62068.0
2019-07-10 21:00:00+00:00,7902.8,7939.9,7871.4,7895.1,51082.0
2019-07-11 21:00:00+00:00,7892.5,7944.4,7889.0,7934.5,34031.0
2019-07-14 21:00:00+00:00,7932.8,7969.0,7918.4,7962.0,30231.0
2019-07-15 21:00:00+00:00,7959.9,7978.0,7901.2,7916.5,35464.0
2019-07-16 21:00:00+00:00,7918.5,7943.2,7845.5,7846.6,36157.0
2019-07-17 21:00:00+00:00,7846.9,7931.4,7810.1,7927.4,52828.0
2019-07-18 21:00:00+00:00,7930.8,7957.4,7793.6,7796.6,66592.0
2019-07-21 21:00:00+00:00,7807.3,7913.2,7804.1,7904.0,49244.0
2019-07-22 21:00:00+00:00,7907.0,7962.4,7885.2,7917.9,44978.0
2019-07-23 21:00:00+00:00,7922.3,8029.2,7902.5,7980.5,43764.0
2019-07-24 21:00:00+00:00,7982.0,8012.0,7895.6,7958.8,69974.0
2019-07-25 21:00:00+00:00,7974.1,8018.6,7965.8,7993.6,40137.0
2019-07-28 21:00:00+00:00,7999.0,8009.4,7929.8,7983.1,51300.0
2019-07-29 21:00:00+00:00,7981.3,7997.9,7906.4,7965.2,211876.0
2019-07-30 21:00:00+00:00,7972.3,7979.3,7760.4,7820.3,177365.0
2019-07-31 21:00:00+00:00,7809.4,7992.4,7755.0,7771.0,194422.0
2019-08-01 21:00:00+00:00,7778.6,7783.5,7628.2,7685.4,199263.0
2019-08-04 21:00:00+00:00,7665.6,7683.6,7338.9,7348.6,210455.0
2019-08-05 21:00:00+00:00,7325.5,7528.8,7203.8,7497.9,221071.0
2019-08-06 21:00:00+00:00,7498.1,7557.4,7367.4,7531.4,256640.0
2019-08-07 21:00:00+00:00,7528.1,7718.9,7506.2,7710.4,105420.0
2019-08-08 21:00:00+00:00,7681.6,7704.4,7579.8,7651.8,146447.0
2019-08-11 21:00:00+00:00,7650.6,7692.3,7520.8,7557.6,133817.0
2019-08-12 21:00:00+00:00,7557.6,7775.2,7500.1,7737.5,199931.0
2019-08-13 21:00:00+00:00,7732.3,7753.3,7465.6,7465.6,218158.0
2019-08-14 21:00:00+00:00,7460.6,7558.2,7376.9,7498.6,240012.0
2019-08-15 21:00:00+00:00,7498.2,7624.2,7492.7,7603.4,97179.0
2019-08-18 21:00:00+00:00,7624.4,7742.4,7618.3,7713.4,62176.0
2019-08-19 21:00:00+00:00,7710.2,7744.1,7648.4,7652.4,84551.0
2019-08-20 21:00:00+00:00,7645.6,7758.6,7645.6,7750.5,62124.0
2019-08-21 21:00:00+00:00,7749.6,7774.9,7647.6,7700.3,95295.0
2019-08-22 21:00:00+00:00,7703.1,7755.5,7441.4,7483.4,247405.0
2019-08-25 21:00:00+00:00,7404.8,7619.0,7348.3,7582.6,162956.0
2019-08-26 21:00:00+00:00,7585.0,7641.8,7530.8,7558.8,113812.0
2019-08-27 21:00:00+00:00,7556.2,7599.2,7497.8,7573.1,107613.0
2019-08-28 21:00:00+00:00,7577.6,7723.6,7542.3,7699.6,82363.0
2019-08-29 21:00:00+00:00,7691.2,7763.9,7641.2,7670.9,86342.0
2019-09-01 21:00:00+00:00,7594.0,7690.0,7576.7,7609.8,29170.0
2019-09-02 21:00:00+00:00,7605.0,7671.6,7582.6,7613.1,127946.0
2019-09-03 21:00:00+00:00,7606.1,7724.8,7603.7,7718.4,62558.0
2019-09-04 21:00:00+00:00,7718.0,7882.4,7712.8,7848.1,73717.0
2019-09-05 21:00:00+00:00,7852.0,7890.6,7836.4,7862.0,66152.0
2019-09-08 21:00:00+00:00,7862.2,7884.3,7796.4,7831.4,58928.0
2019-09-09 21:00:00+00:00,7833.0,7855.3,7742.4,7816.3,88352.0
2019-09-10 21:00:00+00:00,7816.6,7899.0,7784.8,7890.8,68312.0
2019-09-11 21:00:00+00:00,7891.4,7980.2,7885.2,7909.1,106653.0
2019-09-12 21:00:00+00:00,7921.0,7955.9,7881.8,7889.4,63720.0
2019-09-15 21:00:00+00:00,7848.7,7872.8,7777.0,7863.2,73454.0
2019-09-16 21:00:00+00:00,7868.8,7897.2,7828.4,7892.3,43511.0
2019-09-17 21:00:00+00:00,7891.4,7903.2,7789.6,7900.3,81725.0
2019-09-18 21:00:00+00:00,7901.4,7949.6,7828.5,7894.4,66867.0
2019-09-19 21:00:00+00:00,7892.7,7928.2,7788.0,7808.2,93256.0
2019-09-22 21:00:00+00:00,7849.4,7873.5,7784.8,7845.1,60930.0
2019-09-23 21:00:00+00:00,7847.8,7879.6,7678.8,7714.8,131345.0
2019-09-24 21:00:00+00:00,7712.4,7820.8,7640.8,7799.6,104451.0
2019-09-25 21:00:00+00:00,7798.6,7819.2,7711.8,7762.9,89381.0
2019-09-26 21:00:00+00:00,7763.3,7798.8,7617.8,7693.8,131185.0
2019-09-29 21:00:00+00:00,7728.6,7765.2,7683.0,7762.8,62085.0
2019-09-30 21:00:00+00:00,7760.0,7819.6,7669.2,7687.1,112854.0
2019-10-01 21:00:00+00:00,7686.3,7707.9,7504.8,7534.8,145849.0
2019-10-02 21:00:00+00:00,7536.7,7640.0,7454.6,7638.8,162327.0
2019-10-03 21:00:00+00:00,7634.0,7754.2,7604.0,7749.4,91356.0
2019-10-06 21:00:00+00:00,7678.6,7780.6,7678.6,7720.2,79871.0
2019-10-07 21:00:00+00:00,7716.6,7765.3,7594.8,7604.1,146307.0
2019-10-08 21:00:00+00:00,7606.6,7712.6,7587.1,7685.4,96357.0
2019-10-09 21:00:00+00:00,7685.1,7779.3,7564.8,7770.4,132004.0
2019-10-10 21:00:00+00:00,7770.2,7899.4,7748.6,7839.8,111715.0
2019-10-13 21:00:00+00:00,7834.3,7875.5,7788.2,7840.2,57117.0
2019-10-14 21:00:00+00:00,7843.4,7952.8,7841.8,7940.9,51903.0
2019-10-15 21:00:00+00:00,7938.0,7941.2,7888.8,7931.8,60478.0
2019-10-16 21:00:00+00:00,7934.6,7975.3,7903.8,7934.6,69724.0
2019-10-17 21:00:00+00:00,7934.0,7938.6,7817.0,7864.5,70398.0
2019-10-20 21:00:00+00:00,7869.4,7932.6,7867.6,7929.6,45693.0
2019-10-21 21:00:00+00:00,7930.8,7969.6,7818.8,7823.6,61664.0
2019-10-22 21:00:00+00:00,7828.6,7898.6,7791.4,7896.2,61914.0
2019-10-23 21:00:00+00:00,7905.8,7964.9,7894.4,7906.3,58990.0
2019-10-24 21:00:00+00:00,7907.8,8022.4,7899.7,8019.4,49212.0
2019-10-27 21:00:00+00:00,8033.5,8107.6,8031.0,8090.2,38551.0
2019-10-28 21:00:00+00:00,8089.8,8099.8,8031.9,8036.4,45364.0
2019-10-29 21:00:00+00:00,8041.4,8122.9,8003.0,8098.3,61771.0
2019-10-30 21:00:00+00:00,8114.8,8120.8,8028.2,8074.3,74410.0
2019-10-31 21:00:00+00:00,8075.0,8149.6,8067.1,8145.8,44488.0
2019-11-03 22:00:00+00:00,8153.2,8215.6,8148.4,8199.8,39225.0
2019-11-04 22:00:00+00:00,8202.8,8229.9,8175.4,8194.4,44070.0
2019-11-05 22:00:00+00:00,8191.6,8210.0,8143.4,8195.8,43851.0
2019-11-06 22:00:00+00:00,8197.6,8265.6,8172.1,8215.4,49204.0
2019-11-07 22:00:00+00:00,8218.2,8250.1,8176.4,8247.5,42622.0
2019-11-10 22:00:00+00:00,8244.9,8245.4,8192.6,8241.6,63519.0
2019-11-11 22:00:00+00:00,8243.6,8288.2,8216.6,8259.0,153582.0
2019-11-12 22:00:00+00:00,8260.8,8271.6,8208.1,8259.8,185306.0
2019-11-13 22:00:00+00:00,8259.1,8275.4,8207.8,8260.4,183485.0
2019-11-14 22:00:00+00:00,8255.1,8315.9,8252.7,8315.9,132669.0
2019-11-17 22:00:00+00:00,8309.4,8359.7,8272.8,8328.5,152467.0
2019-11-18 22:00:00+00:00,8325.8,8372.4,8306.0,8328.5,152102.0
2019-11-19 22:00:00+00:00,8324.6,8341.8,8225.2,8283.1,249439.0
2019-11-20 22:00:00+00:00,8239.2,8301.4,8234.1,8272.4,270202.0
2019-11-21 22:00:00+00:00,8271.4,8307.7,8227.8,8277.0,173443.0
2019-11-24 22:00:00+00:00,8299.4,8373.6,8291.5,8370.6,104347.0
2019-11-25 22:00:00+00:00,8369.6,8415.2,8360.9,8397.6,153826.0
2019-11-26 22:00:00+00:00,8397.0,8453.5,8392.3,8451.3,114354.0
2019-11-27 22:00:00+00:00,8452.6,8452.6,8409.0,8439.2,46602.0
2019-11-28 22:00:00+00:00,8438.6,8445.8,8402.4,8416.9,95015.0
2019-12-01 22:00:00+00:00,8423.0,8450.6,8270.6,8304.2,75359.0
2019-12-02 22:00:00+00:00,8308.2,8331.6,8162.9,8249.4,93833.0
2019-12-03 22:00:00+00:00,8249.6,8313.6,8215.4,8291.8,79690.0
2019-12-04 22:00:00+00:00,8290.0,8332.4,8266.2,8304.0,71554.0
2019-12-05 22:00:00+00:00,8303.2,8404.0,8301.2,8397.6,55388.0
2019-12-08 22:00:00+00:00,8404.6,8425.6,8345.7,8348.6,52655.0
2019-12-09 22:00:00+00:00,8352.2,8396.4,8295.8,8366.4,80361.0
2019-12-10 22:00:00+00:00,8363.8,8409.8,8344.3,8407.0,65839.0
2019-12-11 22:00:00+00:00,8405.2,8495.6,8379.6,8469.4,93832.0
2019-12-12 22:00:00+00:00,8488.8,8522.1,8435.1,8493.7,77535.0
2019-12-15 22:00:00+00:00,8508.3,8587.8,8503.9,8578.0,51131.0
2019-12-16 22:00:00+00:00,8575.0,8597.1,8564.0,8574.1,55141.0
2019-12-17 22:00:00+00:00,8581.6,8622.6,8577.3,8606.3,45746.0
2019-12-18 22:00:00+00:00,8608.0,8663.8,8590.1,8662.6,44142.0
2019-12-19 22:00:00+00:00,8659.6,8704.4,8645.8,8690.6,54620.0
2019-12-22 22:00:00+00:00,8690.2,8724.2,8688.8,8710.2,36135.0
2019-12-23 22:00:00+00:00,8711.6,8716.9,8688.4,8710.4,22174.0
2019-12-25 22:00:00+00:00,8712.4,8786.4,8710.6,8783.2,25357.0
2019-12-26 22:00:00+00:00,8782.5,8825.0,8751.3,8760.6,44814.0
2019-12-29 22:00:00+00:00,8770.0,8792.6,8674.5,8715.0,67190.0
2019-12-30 22:00:00+00:00,8712.7,8755.9,8676.8,8755.8,49614.0
2020-01-02 22:00:00+00:00,8882.8,8890.8,8719.1,8792.2,97810.0
2020-01-05 22:00:00+00:00,8748.5,8858.3,8709.0,8838.6,99487.0
2020-01-06 22:00:00+00:00,8837.2,8879.4,8810.9,8829.6,70284.0
2020-01-07 22:00:00+00:00,8825.8,8957.1,8664.0,8934.6,124933.0
2020-01-08 22:00:00+00:00,8934.6,9008.3,8919.3,8994.8,65179.0
2020-01-09 22:00:00+00:00,8997.8,9041.5,8953.0,8963.6,76875.0
2020-01-12 22:00:00+00:00,8997.6,9083.1,8992.1,9078.8,49716.0
2020-01-13 22:00:00+00:00,9079.1,9102.9,9023.3,9051.8,76774.0
2020-01-14 22:00:00+00:00,9051.2,9084.0,9011.7,9049.2,87209.0
2020-01-15 22:00:00+00:00,9054.0,9129.3,9052.7,9127.2,59278.0
2020-01-16 22:00:00+00:00,9126.6,9178.6,9119.6,9161.0,54974.0
2020-01-19 22:00:00+00:00,9163.2,9177.6,9151.0,9165.4,22764.0
2020-01-20 22:00:00+00:00,9169.2,9190.6,9106.4,9164.2,85849.0
2020-01-21 22:00:00+00:00,9173.2,9245.8,9166.4,9180.6,68768.0
2020-01-22 22:00:00+00:00,9179.2,9245.8,9144.2,9244.8,89541.0
2020-01-23 22:00:00+00:00,9244.1,9280.4,9102.8,9130.8,108827.0
2020-01-26 22:00:00+00:00,9050.4,9062.8,8920.6,8955.9,138079.0
2020-01-27 22:00:00+00:00,8949.2,9131.8,8949.2,9116.4,101043.0
2020-01-28 22:00:00+00:00,9120.0,9154.5,9068.4,9100.2,97279.0
2020-01-29 22:00:00+00:00,9104.0,9235.0,8998.8,9231.8,146480.0
2020-01-30 22:00:00+00:00,9219.5,9244.1,8962.0,9009.2,162880.0
2020-02-02 22:00:00+00:00,8996.0,9152.8,8987.1,9102.7,153379.0
2020-02-03 22:00:00+00:00,9091.4,9366.6,9071.2,9357.0,117920.0
2020-02-04 22:00:00+00:00,9350.0,9459.7,9315.4,9386.0,149584.0
2020-02-05 22:00:00+00:00,9390.8,9458.8,9358.6,9458.2,126026.0
2020-02-06 22:00:00+00:00,9460.3,9463.3,9378.6,9394.0,118680.0
2020-02-09 22:00:00+00:00,9393.1,9526.1,9325.8,9521.2,99314.0
2020-02-10 22:00:00+00:00,9518.0,9604.4,9496.4,9527.5,110492.0
2020-02-11 22:00:00+00:00,9529.6,9623.4,9519.5,9619.3,94890.0
2020-02-12 22:00:00+00:00,9615.5,9639.3,9506.1,9619.4,112774.0
2020-02-13 22:00:00+00:00,9618.9,9654.5,9584.2,9629.5,86521.0
2020-02-16 22:00:00+00:00,9635.6,9684.0,9634.2,9664.0,3324.0
2020-02-17 22:00:00+00:00,9600.6,9651.0,9531.0,9638.4,25858.0
2020-02-18 22:00:00+00:00,9635.6,9741.6,9635.6,9726.6,14900.0
2020-02-19 22:00:00+00:00,9734.8,9756.1,9511.1,9614.0,42277.0
2020-02-20 22:00:00+00:00,9609.6,9618.0,9406.0,9449.6,53997.0
2020-02-23 22:00:00+00:00,9351.0,9353.8,9037.6,9098.0,95446.0
2020-02-24 22:00:00+00:00,9068.9,9220.7,8807.4,8870.0,124467.0
2020-02-25 22:00:00+00:00,8873.6,9034.8,8707.4,8816.8,179518.0
2020-02-26 22:00:00+00:00,8819.7,8875.2,8337.8,8338.5,187337.0
2020-02-27 22:00:00+00:00,8337.2,8571.7,8127.4,8543.6,316456.0
2020-03-01 22:00:00+00:00,8305.8,8882.4,8228.2,8816.8,255684.0
2020-03-02 22:00:00+00:00,8832.0,9002.0,8512.1,8561.0,308024.0
2020-03-03 22:00:00+00:00,8563.0,8949.8,8509.0,8888.2,193990.0
2020-03-04 22:00:00+00:00,8887.8,8899.4,8610.8,8673.2,203418.0
2020-03-05 22:00:00+00:00,8672.9,8725.3,8312.3,8504.4,279255.0
2020-03-08 21:00:00+00:00,8304.8,8312.2,7824.9,7921.8,166359.0
2020-03-09 21:00:00+00:00,7895.5,8380.1,7817.8,8353.8,264556.0
2020-03-10 21:00:00+00:00,8325.7,8335.6,7894.8,8011.0,275144.0
2020-03-11 21:00:00+00:00,8006.6,8107.0,7133.0,7160.6,248180.0
2020-03-12 21:00:00+00:00,7120.2,7976.2,6945.0,7829.8,216235.0
2020-03-15 21:00:00+00:00,7876.0,7876.0,6928.2,7076.5,141364.0
2020-03-16 21:00:00+00:00,7039.0,7551.4,6950.8,7367.0,208280.0
2020-03-17 21:00:00+00:00,7334.2,7383.5,6815.0,7243.8,194237.0
2020-03-18 21:00:00+00:00,7232.2,7505.2,6879.8,7186.4,262282.0
2020-03-19 21:00:00+00:00,7181.6,7631.6,6891.5,6928.2,257463.0
2020-03-22 21:00:00+00:00,6700.2,7316.4,6629.3,6979.2,279029.0
2020-03-23 21:00:00+00:00,7039.6,7573.8,7031.5,7556.0,273564.0
2020-03-24 21:00:00+00:00,7544.5,7760.2,7373.0,7479.2,322339.0
2020-03-25 21:00:00+00:00,7489.4,7892.9,7310.5,7858.6,284544.0
2020-03-26 21:00:00+00:00,7875.0,7889.0,7549.0,7552.8,264683.0
2020-03-29 21:00:00+00:00,7413.4,7880.6,7392.5,7851.0,246686.0
2020-03-30 21:00:00+00:00,7845.9,7990.0,7742.8,7776.0,241195.0
2020-03-31 21:00:00+00:00,7761.8,7767.6,7400.0,7461.6,220886.0
2020-04-01 21:00:00+00:00,7464.2,7651.1,7372.2,7619.0,248785.0
2020-04-02 21:00:00+00:00,7615.4,7655.8,7420.0,7518.7,204276.0
2020-04-05 21:00:00+00:00,7591.7,8095.8,7591.7,8030.2,176338.0
2020-04-06 21:00:00+00:00,8023.3,8299.6,7944.4,7995.2,260838.0
2020-04-07 21:00:00+00:00,7995.6,8239.0,7950.6,8193.8,207962.0
2020-04-08 21:00:00+00:00,8183.5,8323.4,8100.6,8233.6,214252.0
2020-04-12 21:00:00+00:00,8294.0,8334.0,8075.7,8333.4,137100.0
2020-04-13 21:00:00+00:00,8338.3,8702.2,8318.5,8701.0,125355.0
2020-04-14 21:00:00+00:00,8702.6,8703.2,8486.6,8573.2,171284.0
2020-04-15 21:00:00+00:00,8583.8,8843.3,8501.9,8836.2,176917.0
2020-04-16 21:00:00+00:00,8911.5,8967.4,8691.0,8811.6,149140.0
2020-04-19 21:00:00+00:00,8777.8,8847.6,8689.4,8716.2,144368.0
2020-04-20 21:00:00+00:00,8708.0,8765.3,8345.4,8429.6,218971.0
2020-04-21 21:00:00+00:00,8454.0,8702.6,8405.2,8639.2,139717.0
2020-04-22 21:00:00+00:00,8646.8,8790.8,8586.8,8610.2,152388.0
2020-04-23 21:00:00+00:00,8575.3,8785.0,8503.8,8771.2,129248.0
2020-04-26 21:00:00+00:00,8815.5,8904.0,8737.5,8826.8,104249.0
2020-04-27 21:00:00+00:00,8824.4,8953.2,8662.4,8708.0,123494.0
2020-04-28 21:00:00+00:00,8767.8,9126.0,8743.0,9125.0,125418.0
2020-04-29 21:00:00+00:00,9109.0,9154.2,8866.4,8878.0,161119.0
2020-04-30 21:00:00+00:00,8844.4,8889.2,8683.0,8716.0,133856.0
2020-05-03 21:00:00+00:00,8622.0,8838.4,8568.7,8820.8,122566.0
2020-05-04 21:00:00+00:00,8818.5,9031.2,8810.8,8942.0,95837.0
2020-05-05 21:00:00+00:00,8931.6,9067.0,8888.6,8963.1,110015.0
2020-05-06 21:00:00+00:00,8966.0,9136.2,8941.2,9129.0,95595.0
2020-05-07 21:00:00+00:00,9119.6,9245.2,9111.9,9228.4,76962.0
2020-05-10 21:00:00+00:00,9197.3,9346.8,9126.8,9289.8,90492.0
2020-05-11 21:00:00+00:00,9294.2,9353.0,9048.8,9051.6,111551.0
2020-05-12 21:00:00+00:00,9042.3,9211.0,8887.0,9020.0,167958.0
2020-05-13 21:00:00+00:00,9031.0,9112.0,8855.4,9094.2,185129.0
2020-05-14 21:00:00+00:00,9086.7,9155.8,8933.0,9124.5,155402.0
2020-05-17 21:00:00+00:00,9128.0,9368.8,9118.8,9327.3,112410.0
2020-05-18 21:00:00+00:00,9320.8,9423.8,9291.0,9305.0,140143.0
2020-05-19 21:00:00+00:00,9289.5,9501.2,9277.2,9499.2,94563.0
2020-05-20 21:00:00+00:00,9498.0,9514.4,9357.6,9362.6,105869.0
2020-05-21 21:00:00+00:00,9358.0,9426.2,9246.3,9425.2,107782.0
2020-05-24 21:00:00+00:00,9412.0,9540.6,9401.4,9533.5,43028.0
2020-05-25 21:00:00+00:00,9532.0,9607.8,9377.6,9413.8,91179.0
2020-05-26 21:00:00+00:00,9412.2,9512.0,9177.8,9445.0,133433.0
2020-05-27 21:00:00+00:00,9430.2,9569.0,9324.0,9464.8,128456.0
2020-05-28 21:00:00+00:00,9460.1,9593.8,9375.8,9591.6,150821.0
2020-05-31 21:00:00+00:00,9510.5,9609.2,9454.5,9599.8,98853.0
2020-06-01 21:00:00+00:00,9598.1,9673.4,9509.0,9662.7,81435.0
2020-06-02 21:00:00+00:00,9661.0,9730.8,9639.0,9691.4,81272.0
2020-06-03 21:00:00+00:00,9691.8,9744.2,9574.4,9646.5,95309.0
2020-06-04 21:00:00+00:00,9645.2,9847.8,9604.4,9808.2,110274.0
2020-06-07 21:00:00+00:00,9819.4,9902.8,9749.6,9886.0,83349.0
2020-06-08 21:00:00+00:00,9885.4,10007.2,9814.2,9962.6,94625.0
2020-06-09 21:00:00+00:00,9965.9,10157.8,9961.0,10089.0,111944.0
2020-06-10 21:00:00+00:00,10089.8,10107.6,9586.6,9627.0,201901.0
2020-06-11 21:00:00+00:00,9613.0,9850.0,9496.2,9648.0,217119.0
2020-06-14 21:00:00+00:00,9547.4,9816.3,9383.6,9813.4,193133.0
2020-06-15 21:00:00+00:00,9805.2,10014.3,9800.0,9970.6,181959.0
2020-06-16 21:00:00+00:00,9967.6,10062.4,9930.6,10001.8,117678.0
2020-06-17 21:00:00+00:00,9992.8,10043.2,9881.8,10004.6,118315.0
2020-06-18 21:00:00+00:00,10003.7,10125.5,9933.7,9940.4,111491.0
2020-06-21 21:00:00+00:00,9890.6,10146.6,9858.0,10142.2,104563.0
2020-06-22 21:00:00+00:00,10134.4,10310.0,9987.2,10189.8,111770.0
2020-06-23 21:00:00+00:00,10194.1,10255.6,9941.8,10027.0,145718.0
2020-06-24 21:00:00+00:00,10019.0,10121.6,9900.6,10111.6,141241.0
2020-06-25 21:00:00+00:00,10107.9,10134.6,9838.2,9858.6,140148.0
2020-06-28 21:00:00+00:00,9817.4,10011.1,9743.8,10003.8,132155.0
2020-06-29 21:00:00+00:00,9998.8,10184.8,9953.8,10152.8,94599.0
2020-06-30 21:00:00+00:00,10153.9,10321.8,10089.8,10270.1,92330.0
2020-07-01 21:00:00+00:00,10271.4,10432.4,10260.2,10360.3,89361.0
2020-07-02 21:00:00+00:00,10358.6,10401.2,10321.2,10339.8,41836.0
2020-07-05 21:00:00+00:00,10364.0,10627.0,10364.0,10611.6,81730.0
2020-07-06 21:00:00+00:00,10613.2,10706.8,10518.4,10540.2,95333.0
2020-07-07 21:00:00+00:00,10538.0,10685.0,10518.8,10684.7,95779.0
2020-07-08 21:00:00+00:00,10696.3,10785.8,10572.8,10737.2,110205.0
2020-07-09 21:00:00+00:00,10741.2,10859.8,10638.4,10854.8,97061.0
2020-07-12 21:00:00+00:00,10866.4,11071.2,10575.6,10615.2,126961.0
2020-07-13 21:00:00+00:00,10622.4,10705.8,10372.0,10658.2,191428.0
2020-07-14 21:00:00+00:00,10732.4,10779.4,10565.0,10702.7,143322.0
2020-07-15 21:00:00+00:00,10702.6,10711.0,10489.2,10545.2,136046.0
2020-07-16 21:00:00+00:00,10549.0,10682.0,10537.5,10637.2,84785.0
2020-07-19 21:00:00+00:00,10647.4,10974.0,10560.0,10960.0,90917.0
2020-07-20 21:00:00+00:00,10968.5,11071.2,10798.8,10861.8,114985.0
2020-07-21 21:00:00+00:00,10864.5,10929.2,10775.4,10858.6,111607.0
2020-07-22 21:00:00+00:00,10848.2,10951.6,10528.2,10579.2,145730.0
2020-07-23 21:00:00+00:00,10584.6,10611.6,10316.6,10478.6,160963.0
2020-07-26 21:00:00+00:00,10502.8,10697.8,10445.2,10696.8,97983.0
2020-07-27 21:00:00+00:00,10699.8,10772.1,10528.0,10562.8,116150.0
2020-07-28 21:00:00+00:00,10579.5,10713.2,10527.0,10712.6,91122.0
2020-07-29 21:00:00+00:00,10713.6,10908.5,10516.3,10904.8,138327.0
2020-07-30 21:00:00+00:00,10931.9,10952.0,10704.6,10932.4,158124.0
2020-08-02 21:00:00+00:00,10946.3,11086.2,10889.8,11066.0,105871.0
2020-08-03 21:00:00+00:00,11059.2,11107.5,10996.6,11093.2,94841.0
2020-08-04 21:00:00+00:00,11089.4,11157.0,11069.4,11108.8,76247.0
2020-08-05 21:00:00+00:00,11102.0,11283.2,11063.6,11270.7,85949.0
2020-08-06 21:00:00+00:00,11267.2,11291.8,11044.4,11140.5,123575.0
2020-08-09 21:00:00+00:00,11136.8,11155.4,10937.8,11088.8,165877.0
2020-08-10 21:00:00+00:00,11080.4,11166.4,10854.4,10919.9,231288.0
2020-08-11 21:00:00+00:00,10941.0,11193.8,10888.0,11125.8,184016.0
2020-08-12 21:00:00+00:00,11118.8,11274.2,11103.2,11190.0,190107.0
2020-08-13 21:00:00+00:00,11193.1,11245.0,11103.8,11153.6,156988.0
2020-08-16 21:00:00+00:00,11159.6,11307.8,11156.9,11294.4,78386.0
2020-08-17 21:00:00+00:00,11291.6,11422.0,11276.0,11421.0,88960.0
2020-08-18 21:00:00+00:00,11420.1,11441.6,11303.2,11324.8,119095.0
2020-08-19 21:00:00+00:00,11322.8,11500.0,11225.8,11484.4,123035.0
2020-08-20 21:00:00+00:00,11489.6,11576.8,11410.8,11568.0,118387.0
2020-08-23 21:00:00+00:00,11582.4,11726.0,11532.2,11637.4,144579.0
2020-08-24 21:00:00+00:00,11638.4,11745.8,11578.8,11740.0,111934.0
2020-08-25 21:00:00+00:00,11742.1,12004.8,11730.6,11988.4,101911.0
2020-08-26 21:00:00+00:00,11984.0,12048.6,11837.4,11949.8,229178.0
2020-08-27 21:00:00+00:00,11953.4,12020.6,11922.8,12002.8,185493.0
2020-08-30 21:00:00+00:00,12003.9,12167.0,11991.6,12107.6,166768.0
2020-08-31 21:00:00+00:00,12112.2,12330.6,12095.4,12330.4,151096.0
2020-09-01 21:00:00+00:00,12319.4,12466.6,12174.0,12409.3,287207.0
2020-09-02 21:00:00+00:00,12408.4,12437.9,11658.8,11801.6,804521.0
2020-09-03 21:00:00+00:00,11732.3,11842.8,11142.4,11540.3,1275134.0
2020-09-06 21:00:00+00:00,11528.9,11547.4,11308.4,11501.6,286898.0
2020-09-07 21:00:00+00:00,11509.0,11584.6,11041.8,11044.6,1013021.0
2020-09-08 21:00:00+00:00,10983.1,11478.6,10936.2,11370.6,591371.0
2020-09-09 21:00:00+00:00,11380.2,11566.2,11088.4,11177.0,723558.0
2020-09-10 21:00:00+00:00,11192.2,11355.4,10937.5,11071.2,834100.0
2020-09-13 21:00:00+00:00,11130.0,11360.4,11103.0,11273.2,595470.0
2020-09-14 21:00:00+00:00,11287.2,11495.0,11247.0,11462.6,371066.0
2020-09-15 21:00:00+00:00,11470.4,11550.2,11240.8,11267.6,302085.0
2020-09-16 21:00:00+00:00,11276.1,11305.6,10921.4,11085.0,733698.0
2020-09-17 21:00:00+00:00,11080.4,11180.2,10760.2,10953.6,515308.0
2020-09-20 21:00:00+00:00,10927.8,11025.8,10673.4,10998.0,635839.0
2020-09-21 21:00:00+00:00,10984.2,11207.4,10914.6,11169.4,421915.0
2020-09-22 21:00:00+00:00,11182.8,11238.4,10802.8,10835.4,448478.0
2020-09-23 21:00:00+00:00,10816.4,11028.2,10678.0,10925.4,632953.0
2020-09-24 21:00:00+00:00,10937.8,11182.8,10831.0,11148.8,446814.0
2020-09-27 21:00:00+00:00,11184.6,11420.4,11157.6,11410.8,266001.0
2020-09-28 21:00:00+00:00,11401.6,11464.4,11305.6,11335.6,264578.0
2020-09-29 21:00:00+00:00,11332.2,11541.6,11183.6,11373.2,493770.0
2020-09-30 21:00:00+00:00,11397.4,11613.4,11396.5,11587.8,347451.0
2020-10-01 21:00:00+00:00,11588.6,11619.2,11220.8,11269.8,704533.0
2020-10-04 21:00:00+00:00,11321.2,11512.6,11283.4,11485.2,197967.0
2020-10-05 21:00:00+00:00,11485.4,11538.8,11212.4,11221.6,402077.0
2020-10-06 21:00:00+00:00,11229.1,11520.6,11224.8,11489.2,205185.0
2020-10-07 21:00:00+00:00,11486.4,11592.6,11484.9,11573.7,156393.0
2020-10-08 21:00:00+00:00,11582.4,11753.0,11567.0,11741.2,97308.0
2020-10-11 21:00:00+00:00,11716.8,12211.0,11707.2,12104.0,168579.0
2020-10-12 21:00:00+00:00,12118.6,12262.8,12033.6,12095.2,396845.0
2020-10-13 21:00:00+00:00,12093.4,12191.4,11916.6,11958.0,302429.0
2020-10-14 21:00:00+00:00,11970.4,11996.4,11752.0,11898.0,366887.0
2020-10-15 21:00:00+00:00,11909.2,12036.0,11806.8,11810.2,243535.0
2020-10-18 21:00:00+00:00,11859.2,11964.4,11608.6,11709.6,304698.0
2020-10-19 21:00:00+00:00,11722.7,11807.4,11614.4,11666.5,394960.0
2020-10-20 21:00:00+00:00,11691.8,11794.4,11601.0,11702.9,345349.0
2020-10-21 21:00:00+00:00,11698.5,11739.2,11526.8,11672.2,304942.0
2020-10-22 21:00:00+00:00,11687.0,11706.8,11566.8,11684.8,225523.0
2020-10-25 21:00:00+00:00,11646.5,11710.6,11359.2,11512.6,302339.0
2020-10-26 21:00:00+00:00,11513.4,11638.2,11493.8,11569.2,278880.0
2020-10-27 21:00:00+00:00,11566.2,11581.8,11139.4,11192.7,390984.0
2020-10-28 21:00:00+00:00,11199.6,11471.6,11159.6,11258.6,426831.0
2020-10-29 21:00:00+00:00,11232.9,11295.0,10959.4,11100.8,612334.0
2020-11-01 22:00:00+00:00,11062.8,11225.6,10957.4,11089.0,481684.0
2020-11-02 22:00:00+00:00,11084.4,11361.8,11081.6,11261.8,362898.0
2020-11-03 22:00:00+00:00,11279.8,11858.2,11245.8,11829.2,1364926.0
2020-11-04 22:00:00+00:00,11838.6,12131.5,11784.8,12104.4,533859.0
2020-11-05 22:00:00+00:00,12094.8,12118.8,11879.9,12104.4,518674.0
2020-11-08 22:00:00+00:00,12161.1,12418.4,11822.8,11856.0,1169126.0
2020-11-09 22:00:00+00:00,11874.4,11910.7,11513.2,11633.2,780553.0
2020-11-10 22:00:00+00:00,11644.3,11927.0,11585.4,11903.2,434848.0
2020-11-11 22:00:00+00:00,11902.4,11984.2,11785.8,11872.4,386360.0
2020-11-12 22:00:00+00:00,11870.4,11960.8,11810.0,11953.8,243170.0
2020-11-15 22:00:00+00:00,11973.2,12072.6,11861.0,12049.2,323595.0
2020-11-16 22:00:00+00:00,12090.4,12094.6,11965.2,11980.0,204840.0
2020-11-17 22:00:00+00:00,11979.7,12036.4,11872.2,11883.8,202757.0
2020-11-18 22:00:00+00:00,11884.2,12008.6,11813.9,11974.4,213475.0
2020-11-19 22:00:00+00:00,11958.1,12029.6,11882.8,11917.6,145893.0
2020-11-22 22:00:00+00:00,11912.0,12011.4,11818.6,11927.4,169820.0
2020-11-23 22:00:00+00:00,11928.1,12114.2,11883.0,12111.6,149926.0
2020-11-24 22:00:00+00:00,12111.6,12186.6,12087.8,12178.2,153132.0
2020-11-25 22:00:00+00:00,12185.8,12232.6,12136.4,12158.8,49089.0
2020-11-26 22:00:00+00:00,12168.6,12316.8,12146.2,12283.2,77176.0
2020-11-29 22:00:00+00:00,12309.4,12345.8,12095.4,12327.6,285519.0
2020-11-30 22:00:00+00:00,12345.0,12516.2,12317.0,12463.0,191860.0
2020-12-01 22:00:00+00:00,12464.1,12475.6,12317.7,12466.2,185812.0
2020-12-02 22:00:00+00:00,12485.2,12542.4,12446.2,12490.4,140027.0
2020-12-03 22:00:00+00:00,12492.2,12537.6,12450.8,12511.4,100021.0
2020-12-06 22:00:00+00:00,12532.6,12614.2,12476.6,12594.4,109089.0
2020-12-07 22:00:00+00:00,12569.6,12654.2,12504.4,12649.6,90066.0
2020-12-08 22:00:00+00:00,12668.2,12676.2,12308.4,12353.2,191365.0
2020-12-09 22:00:00+00:00,12346.2,12450.2,12220.0,12390.2,240761.0
2020-12-10 22:00:00+00:00,12393.4,12415.4,12236.0,12371.0,210689.0
2020-12-13 22:00:00+00:00,12417.8,12543.4,12387.4,12464.5,126861.0
2020-12-14 22:00:00+00:00,12462.2,12602.0,12416.2,12592.3,168433.0
2020-12-15 22:00:00+00:00,12596.4,12699.0,12566.0,12672.6,95844.0
2020-12-16 22:00:00+00:00,12675.9,12763.8,12668.0,12750.9,71078.0
2020-12-17 22:00:00+00:00,12743.4,12785.2,12609.2,12748.7,118869.0
2020-12-20 22:00:00+00:00,12780.0,12780.4,12461.8,12691.9,318715.0
2020-12-21 22:00:00+00:00,12710.2,12761.4,12595.4,12711.3,164598.0
2020-12-22 22:00:00+00:00,12711.3,12743.2,12631.4,12663.6,108568.0
2020-12-23 22:00:00+00:00,12671.6,12734.4,12638.8,12711.2,50632.0
2020-12-27 22:00:00+00:00,12692.0,12868.8,12684.4,12855.8,71950.0
2020-12-28 22:00:00+00:00,12857.2,12932.6,12824.8,12874.0,89823.0
2020-12-29 22:00:00+00:00,12878.8,12925.6,12836.6,12857.9,73477.0
2020-12-30 22:00:00+00:00,12861.0,12911.4,12812.6,12901.0,59573.0
2021-01-03 22:00:00+00:00,12913.0,12973.8,12536.8,12704.0,225109.0
2021-01-04 22:00:00+00:00,12700.6,12822.8,12626.8,12818.4,152807.0
2021-01-05 22:00:00+00:00,12822.4,12858.0,12506.0,12672.4,558553.0
2021-01-06 22:00:00+00:00,12674.4,12972.8,12660.8,12940.4,181697.0
2021-01-07 22:00:00+00:00,12945.2,13138.6,12933.4,13137.8,204612.0
2021-01-10 22:00:00+00:00,13102.3,13119.0,12886.2,12919.0,253420.0
2021-01-11 22:00:00+00:00,12927.9,12972.8,12781.4,12896.3,184449.0
2021-01-12 22:00:00+00:00,12895.6,13016.8,12834.6,12988.4,144919.0
2021-01-13 22:00:00+00:00,12990.2,13043.4,12896.0,12914.2,159344.0
2021-01-14 22:00:00+00:00,12925.0,12945.4,12758.6,12774.7,263679.0
2021-01-17 22:00:00+00:00,12782.1,12831.6,12742.4,12826.5,102843.0
2021-01-18 22:00:00+00:00,12828.9,13047.0,12827.4,13046.6,154125.0
2021-01-19 22:00:00+00:00,13046.2,13341.8,13033.2,13304.5,144969.0
2021-01-20 22:00:00+00:00,13306.4,13438.4,13298.2,13411.2,148170.0
2021-01-21 22:00:00+00:00,13411.3,13416.0,13315.6,13368.5,149574.0
2021-01-24 22:00:00+00:00,13391.8,13569.4,13205.6,13479.7,487985.0
2021-01-25 22:00:00+00:00,13474.0,13615.6,13396.9,13567.2,214900.0
2021-01-26 22:00:00+00:00,13571.3,13602.8,12901.1,13077.4,764168.0
2021-01-27 22:00:00+00:00,13067.0,13409.8,12922.6,13168.6,897806.0
2021-01-28 22:00:00+00:00,13180.3,13200.8,12845.2,12887.0,941266.0
2021-01-31 22:00:00+00:00,12873.6,13285.8,12742.4,13249.3,518971.0
2021-02-01 22:00:00+00:00,13252.8,13522.9,13246.6,13513.2,265933.0
2021-02-02 22:00:00+00:00,13522.6,13598.7,13402.0,13430.2,256586.0
2021-02-03 22:00:00+00:00,13454.0,13580.8,13358.4,13575.6,196944.0
2021-02-04 22:00:00+00:00,13572.6,13648.6,13529.8,13614.8,142241.0
2021-02-07 22:00:00+00:00,13629.4,13702.6,13607.6,13696.8,128477.0
2021-02-08 22:00:00+00:00,13697.8,13745.6,13644.8,13708.6,92873.0
2021-02-09 22:00:00+00:00,13706.8,13779.6,13527.8,13675.4,208397.0
2021-02-10 22:00:00+00:00,13672.3,13753.0,13623.4,13720.3,157886.0
2021-02-11 22:00:00+00:00,13718.6,13829.0,13655.6,13829.0,98835.0
2021-02-14 22:00:00+00:00,13845.6,13887.6,13819.6,13881.6,19580.0
2021-02-15 22:00:00+00:00,13881.6,13909.8,13726.2,13764.4,125785.0
2021-02-16 22:00:00+00:00,13764.4,13791.2,13549.6,13703.6,227348.0
2021-02-17 22:00:00+00:00,13700.6,13728.4,13474.4,13647.2,215251.0
2021-02-18 22:00:00+00:00,13644.2,13735.4,13541.4,13577.4,213044.0
2021-02-21 22:00:00+00:00,13602.6,13635.0,13221.8,13228.2,379775.0
2021-02-22 22:00:00+00:00,13238.0,13342.2,12764.4,13164.0,798850.0
2021-02-23 22:00:00+00:00,13183.3,13338.6,12965.0,13320.0,833486.0
2021-02-24 22:00:00+00:00,13301.6,13359.6,12770.2,12794.2,1030524.0
2021-02-25 22:00:00+00:00,12802.6,13095.0,12668.8,12913.6,1626855.0
2021-02-28 22:00:00+00:00,12963.6,13323.0,12952.8,13319.1,365526.0
2021-03-01 22:00:00+00:00,13322.8,13333.8,13054.0,13060.4,443364.0
2021-03-02 22:00:00+00:00,13066.5,13196.0,12668.4,12683.8,575454.0
2021-03-03 22:00:00+00:00,12683.2,12800.2,12310.0,12435.0,1714353.0
2021-03-04 22:00:00+00:00,12437.9,12700.4,12210.6,12658.4,1437332.0
2021-03-07 22:00:00+00:00,12723.3,12763.4,12285.9,12334.6,1270811.0
2021-03-08 22:00:00+00:00,12342.2,12870.0,12328.8,12791.2,813366.0
2021-03-09 22:00:00+00:00,12813.3,12995.5,12706.6,12792.0,1493187.0
2021-03-10 22:00:00+00:00,12791.8,13121.0,12726.2,13047.2,739379.0
2021-03-11 22:00:00+00:00,13053.4,13095.0,12769.2,12935.8,696119.0
2021-03-14 21:00:00+00:00,12961.1,13099.2,12872.8,13084.6,439516.0
2021-03-15 21:00:00+00:00,13087.4,13297.0,13056.8,13167.0,289568.0
2021-03-16 21:00:00+00:00,13169.2,13286.6,12947.4,13188.9,629005.0
2021-03-17 21:00:00+00:00,13206.2,13284.6,12781.8,12810.7,562657.0
2021-03-18 21:00:00+00:00,12828.8,12916.0,12700.0,12846.0,658911.0
2021-03-21 21:00:00+00:00,12834.9,13174.8,12808.7,13079.8,350147.0
2021-03-22 21:00:00+00:00,13086.2,13189.8,12997.2,13049.3,389734.0
2021-03-23 21:00:00+00:00,13063.2,13162.8,12802.2,12814.8,402453.0
2021-03-24 21:00:00+00:00,12821.8,12877.4,12628.0,12808.9,555490.0
2021-03-25 21:00:00+00:00,12805.4,13006.4,12694.2,12977.6,447932.0
2021-03-28 21:00:00+00:00,12985.9,13020.6,12825.4,12981.8,547390.0
2021-03-29 21:00:00+00:00,12988.5,13001.4,12794.4,12908.0,388160.0
2021-03-30 21:00:00+00:00,12906.3,13175.8,12877.0,13107.6,265284.0
2021-03-31 21:00:00+00:00,13114.4,13350.0,13113.0,13345.8,204351.0
2021-04-01 21:00:00+00:00,13349.4,13410.4,13343.4,13366.6,54953.0
2021-04-04 21:00:00+00:00,13346.3,13631.4,13321.2,13615.6,182781.0
2021-04-05 21:00:00+00:00,13619.2,13669.0,13539.6,13599.2,203892.0
2021-04-06 21:00:00+00:00,13597.6,13656.2,13528.4,13636.8,165916.0
2021-04-07 21:00:00+00:00,13641.0,13804.8,13631.0,13804.0,138914.0
2021-04-08 21:00:00+00:00,13802.0,13856.1,13664.0,13825.2,165332.0
2021-04-11 21:00:00+00:00,13831.6,13847.0,13747.2,13839.0,167754.0
2021-04-12 21:00:00+00:00,13841.2,14008.8,13788.0,13989.8,141865.0
2021-04-13 21:00:00+00:00,13993.8,14043.4,13787.6,13841.4,157099.0
2021-04-14 21:00:00+00:00,13840.0,14048.4,13804.2,14013.8,136358.0
2021-04-15 21:00:00+00:00,14009.5,14073.8,13967.4,14043.2,129869.0
2021-04-18 21:00:00+00:00,13999.4,14067.8,13837.0,13908.9,186637.0
2021-04-19 21:00:00+00:00,13914.0,13949.0,13735.2,13750.2,225508.0
2021-04-20 21:00:00+00:00,13763.7,13942.2,13716.4,13907.6,160527.0
2021-04-21 21:00:00+00:00,13909.0,13959.4,13717.4,13777.8,233647.0
2021-04-22 21:00:00+00:00,13773.2,13996.4,13753.6,13921.2,119122.0
2021-04-25 21:00:00+00:00,13931.2,14053.2,13881.6,14036.3,134098.0
2021-04-26 21:00:00+00:00,14038.3,14065.0,13928.2,13966.4,137765.0
2021-04-27 21:00:00+00:00,13972.2,14008.3,13893.8,13984.2,160761.0
2021-04-28 21:00:00+00:00,13982.2,14078.8,13833.6,13961.5,188642.0
2021-04-29 21:00:00+00:00,13958.8,13971.8,13834.8,13880.1,190400.0
2021-05-02 21:00:00+00:00,13893.1,13962.6,13787.2,13800.4,141460.0
2021-05-03 21:00:00+00:00,13802.2,13807.0,13396.0,13536.0,270654.0
2021-05-04 21:00:00+00:00,13542.4,13680.4,13478.0,13499.4,193161.0
2021-05-05 21:00:00+00:00,13503.8,13624.8,13402.6,13617.8,278956.0
2021-05-06 21:00:00+00:00,13630.2,13828.0,13599.4,13727.4,265735.0
2021-05-09 21:00:00+00:00,13729.6,13762.8,13317.2,13322.4,271291.0
2021-05-10 21:00:00+00:00,13336.7,13386.8,13076.6,13327.6,621153.0
2021-05-11 21:00:00+00:00,13333.4,13362.2,12970.6,12974.6,762344.0
2021-05-12 21:00:00+00:00,12989.2,13233.6,12925.4,13100.7,642019.0
2021-05-13 21:00:00+00:00,13103.6,13434.8,13080.4,13407.4,273079.0
2021-05-16 21:00:00+00:00,13389.9,13456.6,13191.8,13321.5,386721.0
2021-05-17 21:00:00+00:00,13319.5,13440.8,13187.4,13196.2,215676.0
2021-05-18 21:00:00+00:00,13196.2,13248.0,12960.2,13223.5,621365.0
2021-05-19 21:00:00+00:00,13224.6,13527.8,13156.4,13494.6,278324.0
2021-05-20 21:00:00+00:00,13496.4,13574.6,13401.0,13418.8,267550.0
2021-05-23 21:00:00+00:00,13386.9,13692.0,13361.8,13658.2,192940.0
2021-05-24 21:00:00+00:00,13654.2,13744.6,13613.2,13674.8,199406.0
2021-05-25 21:00:00+00:00,13671.8,13734.6,13662.2,13709.7,133538.0
2021-05-26 21:00:00+00:00,13707.0,13725.6,13625.6,13698.0,165537.0
2021-05-27 21:00:00+00:00,13699.5,13768.2,13667.8,13692.0,86270.0
2021-05-30 21:00:00+00:00,13705.8,13724.2,13656.8,13660.6,54130.0
2021-05-31 21:00:00+00:00,13668.6,13777.4,13597.6,13653.4,105999.0
2021-06-01 21:00:00+00:00,13647.9,13716.2,13607.0,13681.6,118083.0
2021-06-02 21:00:00+00:00,13686.6,13709.6,13464.6,13533.0,162186.0
2021-06-03 21:00:00+00:00,13533.6,13786.0,13470.2,13766.8,118908.0
2021-06-06 21:00:00+00:00,13783.2,13825.2,13693.6,13824.0,98873.0
2021-06-07 21:00:00+00:00,13823.6,13919.0,13744.4,13814.6,98951.0
2021-06-08 21:00:00+00:00,13818.0,13906.0,13806.2,13813.2,84474.0
2021-06-09 21:00:00+00:00,13820.2,13977.6,13728.6,13973.6,121086.0
2021-06-10 21:00:00+00:00,13978.2,13999.2,13934.0,13993.2,66065.0
2021-06-13 21:00:00+00:00,14000.8,14133.6,13965.8,14117.2,69921.0
2021-06-14 21:00:00+00:00,14120.8,14163.0,14009.8,14046.0,90419.0
2021-06-15 21:00:00+00:00,14044.6,14106.6,13841.4,13942.6,212325.0
2021-06-16 21:00:00+00:00,13946.3,14212.6,13853.0,14190.0,171753.0
2021-06-17 21:00:00+00:00,14185.6,14218.2,14024.2,14032.8,230221.0
2021-06-20 21:00:00+00:00,14039.0,14161.0,13974.2,14153.2,183347.0
2021-06-21 21:00:00+00:00,14157.2,14296.0,14083.8,14286.0,106566.0
2021-06-22 21:00:00+00:00,14290.0,14333.6,14250.0,14291.8,77230.0
2021-06-23 21:00:00+00:00,14291.4,14439.8,14288.4,14376.6,66824.0
2021-06-24 21:00:00+00:00,14379.0,14411.8,14331.2,14348.2,72619.0
2021-06-27 21:00:00+00:00,14356.2,14537.2,14351.6,14521.0,69461.0
2021-06-28 21:00:00+00:00,14518.2,14600.8,14486.2,14598.4,60153.0
2021-06-29 21:00:00+00:00,14601.6,14614.2,14534.4,14571.8,71402.0
2021-06-30 21:00:00+00:00,14573.6,14622.0,14487.0,14556.4,73763.0
2021-07-01 21:00:00+00:00,14554.2,14744.0,14529.0,14716.6,69986.0
2021-07-04 21:00:00+00:00,14719.6,14736.8,14690.4,14708.4,12714.0
2021-07-05 21:00:00+00:00,14710.8,14803.8,14639.6,14776.6,88910.0
2021-07-06 21:00:00+00:00,14777.4,14897.6,14740.6,14826.2,121770.0
2021-07-07 21:00:00+00:00,14825.6,14836.8,14556.0,14728.6,299373.0
2021-07-08 21:00:00+00:00,14727.8,14846.4,14656.0,14828.4,166184.0
2021-07-11 21:00:00+00:00,14842.6,14903.2,14800.4,14890.6,98451.0
2021-07-12 21:00:00+00:00,14893.1,15009.4,14809.6,14881.0,137297.0
2021-07-13 21:00:00+00:00,14883.7,15011.2,14856.8,14910.6,142431.0
2021-07-14 21:00:00+00:00,14911.0,14977.6,14723.6,14790.8,183057.0
2021-07-15 21:00:00+00:00,14792.6,14884.6,14673.0,14684.0,178360.0
2021-07-18 21:00:00+00:00,14688.2,14697.8,14460.6,14608.2,423250.0
2021-07-19 21:00:00+00:00,14606.8,14797.8,14532.4,14742.6,230095.0
2021-07-20 21:00:00+00:00,14745.9,14854.6,14684.2,14853.6,122884.0
2021-07-21 21:00:00+00:00,14850.2,14999.0,14842.4,14994.0,92480.0
2021-07-22 21:00:00+00:00,14993.2,15132.6,14949.6,15107.0,74533.0
2021-07-25 21:00:00+00:00,15110.2,15148.6,15054.2,15138.8,103138.0
2021-07-26 21:00:00+00:00,15138.5,15146.4,14789.8,14897.8,245072.0
2021-07-27 21:00:00+00:00,14886.2,15089.4,14884.2,14999.4,292769.0
2021-07-28 21:00:00+00:00,14999.0,15098.4,14920.0,14927.3,141133.0
2021-07-29 21:00:00+00:00,14918.6,14994.2,14826.2,14979.6,213278.0
2021-08-01 21:00:00+00:00,14986.8,15071.0,14947.6,14976.2,125045.0
2021-08-02 21:00:00+00:00,14975.6,15066.8,14866.0,15051.8,147780.0
2021-08-03 21:00:00+00:00,15055.9,15124.6,15014.0,15097.8,110225.0
2021-08-04 21:00:00+00:00,15094.5,15187.4,15085.2,15186.8,67667.0
2021-08-05 21:00:00+00:00,15179.0,15182.2,15060.8,15105.6,83316.0
2021-08-08 21:00:00+00:00,15104.3,15157.8,15016.0,15139.6,72003.0
2021-08-09 21:00:00+00:00,15141.4,15169.4,15007.2,15059.6,85722.0
2021-08-10 21:00:00+00:00,15056.4,15130.6,14974.8,15019.8,109447.0
2021-08-11 21:00:00+00:00,15016.4,15100.8,14952.2,15090.0,66134.0
2021-08-12 21:00:00+00:00,15087.8,15151.8,15066.2,15132.2,50865.0
2021-08-15 21:00:00+00:00,15124.6,15148.0,14926.6,15143.0,87482.0
2021-08-16 21:00:00+00:00,15141.3,15142.2,14906.0,14977.6,164008.0
2021-08-17 21:00:00+00:00,14977.8,15043.2,14812.8,14844.7,130592.0
2021-08-18 21:00:00+00:00,14841.6,15004.4,14716.4,14949.4,234808.0
2021-08-19 21:00:00+00:00,14947.4,15105.2,14857.6,15100.4,112069.0
2021-08-22 21:00:00+00:00,15096.9,15343.0,15094.6,15333.8,52587.0
2021-08-23 21:00:00+00:00,15331.1,15389.0,15315.2,15368.4,53939.0
2021-08-24 21:00:00+00:00,15367.0,15401.8,15338.0,15372.4,47829.0
2021-08-25 21:00:00+00:00,15371.4,15372.2,15260.4,15291.6,97479.0
2021-08-26 21:00:00+00:00,15290.3,15448.6,15270.6,15432.8,70826.0
2021-08-29 21:00:00+00:00,15436.6,15622.6,15425.2,15612.0,43865.0
2021-08-30 21:00:00+00:00,15608.8,15681.2,15522.6,15604.6,82050.0
2021-08-31 21:00:00+00:00,15603.2,15701.6,15582.8,15615.0,57792.0
2021-09-01 21:00:00+00:00,15612.2,15684.4,15554.4,15602.2,60188.0
2021-09-02 21:00:00+00:00,15602.2,15679.4,15555.2,15657.2,80134.0
2021-09-05 21:00:00+00:00,15662.1,15710.8,15645.2,15703.5,4107.0
2021-09-06 21:00:00+00:00,15702.4,15704.0,15609.8,15673.4,61003.0
2021-09-07 21:00:00+00:00,15673.8,15693.2,15525.2,15609.2,92133.0
2021-09-08 21:00:00+00:00,15611.8,15677.0,15547.0,15563.0,77826.0
2021-09-09 21:00:00+00:00,15563.4,15668.6,15434.4,15448.8,103040.0
2021-09-12 21:00:00+00:00,15449.3,15565.8,15351.4,15453.2,168968.0
2021-09-13 21:00:00+00:00,15449.5,15530.2,15352.6,15397.4,136038.0
2021-09-14 21:00:00+00:00,15397.0,15523.8,15315.6,15517.2,98792.0
2021-09-15 21:00:00+00:00,15518.9,15543.6,15368.6,15509.8,104125.0
2021-09-16 21:00:00+00:00,15510.4,15541.4,15292.0,15299.2,149538.0
2021-09-19 21:00:00+00:00,15309.4,15354.6,14826.2,15009.8,394590.0
2021-09-20 21:00:00+00:00,15015.8,15180.0,14983.6,15011.6,278498.0
2021-09-21 21:00:00+00:00,15009.8,15246.6,14950.8,15199.4,325833.0
2021-09-22 21:00:00+00:00,15199.0,15366.4,15195.6,15317.6,180914.0
2021-09-23 21:00:00+00:00,15319.0,15353.8,15197.0,15338.8,168883.0
2021-09-26 21:00:00+00:00,15340.6,15418.8,15104.0,15192.2,169907.0
2021-09-27 21:00:00+00:00,15195.0,15211.6,14760.8,14787.2,411007.0
2021-09-28 21:00:00+00:00,14793.4,14944.6,14730.8,14783.2,374615.0
2021-09-29 21:00:00+00:00,14793.4,14902.0,14690.2,14710.6,324070.0
2021-09-30 21:00:00+00:00,14719.2,14836.4,14556.0,14796.8,532313.0
2021-10-03 21:00:00+00:00,14803.6,14851.8,14385.0,14505.4,540845.0
2021-10-04 21:00:00+00:00,14511.1,14771.2,14426.6,14678.2,385164.0
2021-10-05 21:00:00+00:00,14676.2,14786.2,14439.8,14783.0,401570.0
2021-10-06 21:00:00+00:00,14787.0,15017.2,14786.9,14906.8,188927.0
2021-10-07 21:00:00+00:00,14907.3,15012.0,14807.4,14822.0,293663.0
2021-10-10 21:00:00+00:00,14835.1,14913.0,14693.8,14700.4,295509.0
2021-10-11 21:00:00+00:00,14708.2,14799.2,14602.2,14614.8,352056.0
2021-10-12 21:00:00+00:00,14608.1,14811.6,14608.0,14784.2,261989.0
2021-10-13 21:00:00+00:00,14785.4,15087.8,14785.2,15081.4,142781.0
2021-10-14 21:00:00+00:00,15076.5,15160.0,15037.6,15159.8,137159.0
2021-10-17 21:00:00+00:00,15171.4,15313.4,15055.2,15303.0,161563.0
2021-10-18 21:00:00+00:00,15307.2,15444.4,15287.4,15428.2,110850.0
2021-10-19 21:00:00+00:00,15428.6,15462.8,15335.8,15372.6,86211.0
2021-10-20 21:00:00+00:00,15373.4,15500.0,15317.8,15399.0,87948.0
2021-10-21 21:00:00+00:00,15396.0,15479.8,15290.6,15338.8,141059.0
2021-10-24 21:00:00+00:00,15342.2,15561.8,15312.9,15558.6,123553.0
2021-10-25 21:00:00+00:00,15553.4,15717.0,15519.6,15543.4,150577.0
2021-10-26 21:00:00+00:00,15550.5,15733.6,15523.8,15609.8,161672.0
2021-10-27 21:00:00+00:00,15612.6,15792.6,15608.0,15684.2,160264.0
2021-10-28 21:00:00+00:00,15695.9,15880.0,15611.2,15878.6,112968.0
2021-10-31 21:00:00+00:00,15908.9,15929.6,15784.2,15903.8,137223.0
2021-11-01 21:00:00+00:00,15904.2,15995.2,15865.2,15973.8,106016.0
2021-11-02 21:00:00+00:00,15966.8,16161.0,15950.8,16148.6,123661.0
2021-11-03 21:00:00+00:00,16147.0,16389.8,16144.4,16350.8,116854.0
2021-11-04 21:00:00+00:00,16343.2,16459.4,16303.2,16356.0,165878.0
2021-11-07 22:00:00+00:00,16308.3,16404.4,16283.6,16334.4,187981.0
2021-11-08 22:00:00+00:00,16324.0,16402.2,16170.8,16208.4,224660.0
2021-11-09 22:00:00+00:00,16205.7,16251.4,15907.4,15994.8,248318.0
2021-11-10 22:00:00+00:00,16000.2,16123.0,15985.2,16047.2,133213.0
2021-11-11 22:00:00+00:00,16048.2,16221.4,16010.4,16210.6,120540.0
2021-11-14 22:00:00+00:00,16220.4,16283.2,16090.0,16203.2,120362.0
2021-11-15 22:00:00+00:00,16204.4,16330.6,16149.4,16300.4,91778.0
2021-11-16 22:00:00+00:00,16299.0,16399.8,16273.4,16325.8,95531.0
2021-11-17 22:00:00+00:00,16329.8,16511.0,16307.4,16507.6,129753.0
2021-11-18 22:00:00+00:00,16500.8,16632.6,16494.0,16591.0,137025.0
2021-11-21 22:00:00+00:00,16591.0,16771.6,16369.2,16403.2,185629.0
2021-11-22 22:00:00+00:00,16404.2,16422.8,16122.8,16302.4,364375.0
2021-11-23 22:00:00+00:00,16306.5,16372.4,16106.4,16358.8,283895.0
2021-11-24 22:00:00+00:00,16362.8,16439.8,16356.6,16411.8,30865.0
2021-11-25 22:00:00+00:00,16413.1,16417.8,15992.4,16048.4,527177.0
2021-11-28 22:00:00+00:00,16071.1,16441.6,16068.4,16418.2,361791.0
2021-11-29 22:00:00+00:00,16420.2,16460.0,16072.6,16242.6,605268.0
2021-11-30 22:00:00+00:00,16249.9,16430.4,15830.2,15861.9,472877.0
2021-12-01 22:00:00+00:00,15900.6,16067.0,15764.0,16016.8,718789.0
2021-12-02 22:00:00+00:00,16018.8,16122.4,15537.2,15687.2,709838.0
2021-12-05 22:00:00+00:00,15725.2,15898.4,15560.4,15850.4,589391.0
2021-12-06 22:00:00+00:00,15852.2,16375.4,15825.6,16367.0,253046.0
2021-12-07 22:00:00+00:00,16367.2,16436.2,16253.0,16381.4,315205.0
2021-12-08 22:00:00+00:00,16381.3,16420.6,16121.4,16157.4,254022.0
2021-12-09 22:00:00+00:00,16154.8,16336.6,16134.6,16323.2,264147.0
2021-12-12 22:00:00+00:00,16337.0,16411.6,16066.0,16097.0,359225.0
2021-12-13 22:00:00+00:00,16092.4,16133.8,15738.6,15939.2,488954.0
2021-12-14 22:00:00+00:00,15938.2,16312.0,15753.0,16298.6,494269.0
2021-12-15 22:00:00+00:00,16300.8,16468.4,15806.8,15894.6,459059.0
2021-12-16 22:00:00+00:00,15884.6,15972.8,15665.8,15844.8,644738.0
2021-12-19 22:00:00+00:00,15837.5,15867.9,15510.8,15692.8,655996.0
2021-12-20 22:00:00+00:00,15709.0,16003.4,15621.8,15991.2,319247.0
2021-12-21 22:00:00+00:00,15992.6,16201.0,15898.6,16197.8,247027.0
2021-12-22 22:00:00+00:00,16196.6,16373.8,16164.0,16319.8,142419.0
2021-12-26 22:00:00+00:00,16347.6,16598.6,16322.6,16589.2,124742.0
2021-12-27 22:00:00+00:00,16587.3,16677.6,16471.8,16529.8,188189.0
2021-12-28 22:00:00+00:00,16537.3,16582.0,16406.2,16498.4,194928.0
2021-12-29 22:00:00+00:00,16507.8,16585.0,16429.4,16449.6,164798.0
2021-12-30 22:00:00+00:00,16457.8,16481.4,16332.2,16350.2,170743.0
2022-01-02 22:00:00+00:00,16419.7,16526.0,16310.6,16512.8,209249.0
2022-01-03 22:00:00+00:00,16516.0,16579.2,16155.8,16276.6,255990.0
2022-01-04 22:00:00+00:00,16278.4,16283.4,15768.0,15768.6,396027.0
2022-01-05 22:00:00+00:00,15779.4,15910.6,15614.2,15808.3,629752.0
2022-01-06 22:00:00+00:00,15826.0,15867.8,15525.2,15586.6,449885.0
2022-01-09 22:00:00+00:00,15605.3,15683.6,15167.6,15631.6,559798.0
2022-01-10 22:00:00+00:00,15638.0,15853.6,15490.2,15840.0,502317.0
2022-01-11 22:00:00+00:00,15841.7,16024.2,15777.4,15911.4,377613.0
2022-01-12 22:00:00+00:00,15909.8,15994.0,15473.4,15515.6,417687.0
2022-01-13 22:00:00+00:00,15524.2,15634.7,15327.6,15633.0,648093.0
2022-01-16 22:00:00+00:00,15656.9,15661.0,15522.6,15572.9,187224.0
2022-01-17 22:00:00+00:00,15598.4,15617.6,15185.8,15254.8,634822.0
2022-01-18 22:00:00+00:00,15259.8,15386.4,15026.6,15049.8,697868.0
2022-01-19 22:00:00+00:00,15057.8,15355.0,14661.8,14736.8,645058.0
2022-01-20 22:00:00+00:00,14741.0,14873.0,14423.5,14426.6,1444876.0
2022-01-23 22:00:00+00:00,14420.0,14595.0,13721.2,14532.6,1595942.0
2022-01-24 22:00:00+00:00,14501.3,14514.2,13905.5,13937.9,1640137.0
2022-01-25 22:00:00+00:00,13976.5,14654.8,13974.8,14167.0,1396706.0
2022-01-26 22:00:00+00:00,14224.9,14424.0,13860.7,14125.6,1701983.0
2022-01-27 22:00:00+00:00,14190.0,14455.2,13844.8,14444.2,1475367.0
2022-01-30 22:00:00+00:00,14473.9,14928.2,14367.0,14880.8,739869.0
2022-01-31 22:00:00+00:00,14878.9,15150.0,14742.6,15130.0,754040.0
2022-02-01 22:00:00+00:00,15136.8,15273.2,14840.2,14875.1,794406.0
2022-02-02 22:00:00+00:00,14853.0,14882.6,14469.6,14814.8,739252.0
2022-02-03 22:00:00+00:00,14775.0,14834.4,14372.4,14651.8,924919.0
2022-02-06 22:00:00+00:00,14684.4,14814.6,14520.2,14609.6,718343.0
2022-02-07 22:00:00+00:00,14609.6,14784.4,14476.8,14754.4,542423.0
2022-02-08 22:00:00+00:00,14759.1,15075.8,14749.8,15061.4,311207.0
2022-02-09 22:00:00+00:00,15063.7,15064.2,14628.6,14702.2,874265.0
2022-02-10 22:00:00+00:00,14703.0,14772.8,14187.6,14263.6,1052617.0
2022-02-13 22:00:00+00:00,14251.2,14398.6,14035.5,14263.6,1255197.0
2022-02-14 22:00:00+00:00,14267.8,14619.2,14228.4,14587.9,559006.0
2022-02-15 22:00:00+00:00,14587.1,14670.2,14383.2,14595.6,540538.0
2022-02-16 22:00:00+00:00,14593.1,14620.6,14135.4,14156.8,557286.0
2022-02-17 22:00:00+00:00,14154.6,14299.4,13907.4,13994.9,697629.0
2022-02-20 22:00:00+00:00,13944.6,14158.2,13717.4,13734.5,518130.0
2022-02-21 22:00:00+00:00,13609.6,14109.4,13582.4,13921.8,1043248.0
2022-02-22 22:00:00+00:00,13927.0,14069.4,13472.8,13485.8,626311.0
2022-02-23 22:00:00+00:00,13487.7,13982.0,13024.4,13911.6,1806248.0
2022-02-24 22:00:00+00:00,13907.3,14194.6,13759.2,14184.3,1041076.0
2022-02-27 22:00:00+00:00,13719.7,14290.2,13673.4,14217.0,1031402.0
2022-02-28 22:00:00+00:00,14210.5,14325.1,13898.8,14023.6,1020017.0
2022-03-01 22:00:00+00:00,14015.7,14287.4,13909.2,14193.6,933817.0
2022-03-02 22:00:00+00:00,14188.5,14386.8,13951.6,14057.0,700920.0
2022-03-03 22:00:00+00:00,14062.8,14082.2,13730.2,13796.5,895524.0
2022-03-06 22:00:00+00:00,13725.6,13875.1,13261.2,13267.8,956877.0
2022-03-07 22:00:00+00:00,13257.2,13661.7,13100.2,13196.6,1363429.0
2022-03-08 22:00:00+00:00,13194.0,13817.3,13188.4,13771.0,954322.0
2022-03-09 22:00:00+00:00,13760.2,13770.9,13391.2,13568.0,944613.0
2022-03-10 22:00:00+00:00,13564.6,13855.0,13277.0,13300.5,595573.0
2022-03-13 21:00:00+00:00,13363.6,13438.2,13009.6,13074.4,610333.0
2022-03-14 21:00:00+00:00,13072.2,13481.4,12937.0,13437.6,545118.0
2022-03-15 21:00:00+00:00,13444.0,14020.6,13412.8,13993.2,788489.0
2022-03-16 21:00:00+00:00,13978.8,14127.0,13814.0,14048.8,778042.0
2022-03-17 21:00:00+00:00,14049.0,14436.6,13962.4,14430.8,536495.0
2022-03-20 21:00:00+00:00,14396.9,14460.0,14177.4,14386.6,589171.0
2022-03-21 21:00:00+00:00,14382.3,14683.8,14286.6,14647.6,406738.0
2022-03-22 21:00:00+00:00,14639.0,14675.2,14434.6,14456.6,428253.0
2022-03-23 21:00:00+00:00,14452.7,14762.8,14427.0,14755.2,479491.0
2022-03-24 21:00:00+00:00,14759.0,14833.6,14566.0,14743.2,432232.0
2022-03-27 21:00:00+00:00,14735.0,14989.6,14652.0,14975.0,507500.0
2022-03-28 21:00:00+00:00,14971.0,15261.8,14949.8,15217.0,490352.0
2022-03-29 21:00:00+00:00,15214.7,15254.6,15011.4,15110.6,420469.0
2022-03-30 21:00:00+00:00,15106.4,15183.6,14860.4,14922.2,401463.0
2022-03-31 21:00:00+00:00,14918.6,14963.6,14729.8,14857.2,429671.0
2022-04-03 21:00:00+00:00,14851.1,15180.0,14806.0,15163.8,264948.0
2022-04-04 21:00:00+00:00,15157.2,15201.0,14784.0,14863.8,304257.0
2022-04-05 21:00:00+00:00,14862.2,14862.4,14399.6,14498.2,586602.0
2022-04-06 21:00:00+00:00,14500.8,14637.6,14322.5,14538.8,569526.0
2022-04-07 21:00:00+00:00,14540.0,14645.4,14313.8,14333.0,397675.0
2022-04-10 21:00:00+00:00,14354.2,14374.4,13988.0,14006.8,571517.0
2022-04-11 21:00:00+00:00,14015.0,14287.2,13884.6,13957.0,594683.0
2022-04-12 21:00:00+00:00,13964.3,14269.6,13924.6,14214.6,466956.0
2022-04-13 21:00:00+00:00,14217.6,14299.2,13880.1,13895.0,425802.0
2022-04-17 21:00:00+00:00,13873.2,14005.2,13732.8,13967.6,441278.0
2022-04-18 21:00:00+00:00,13971.8,14244.3,13831.4,14097.6,501225.0
2022-04-19 21:00:00+00:00,14085.8,14300.6,13963.6,14076.2,582442.0
2022-04-20 21:00:00+00:00,14072.4,14287.4,13672.8,13723.4,574586.0
2022-04-21 21:00:00+00:00,13718.9,13784.4,13302.8,13319.4,846390.0
2022-04-24 21:00:00+00:00,13354.6,13554.6,13189.4,13533.6,1388677.0
2022-04-25 21:00:00+00:00,13531.4,13588.7,12806.8,12817.7,825560.0
2022-04-26 21:00:00+00:00,12897.8,13260.2,12883.1,13169.4,1735980.0
2022-04-27 21:00:00+00:00,13197.2,13547.0,13038.2,13316.8,978445.0
2022-04-28 21:00:00+00:00,13187.2,13438.0,12837.6,12896.2,1071548.0
2022-05-01 21:00:00+00:00,12885.0,13089.8,12715.2,13056.8,1811882.0
2022-05-02 21:00:00+00:00,13057.8,13188.4,12973.6,13124.2,1054281.0
2022-05-03 21:00:00+00:00,13117.7,13236.0,12888.4,12950.0,649040.0
2022-05-04 21:00:00+00:00,12948.2,13551.2,12708.8,12901.7,1029993.0
2022-05-05 21:00:00+00:00,12878.8,12928.4,12519.2,12666.2,1809749.0
2022-05-08 21:00:00+00:00,12944.2,12944.2,12134.6,12204.4,1495745.0
2022-05-09 21:00:00+00:00,12212.5,12546.2,12102.2,12329.2,1661336.0
2022-05-10 21:00:00+00:00,12329.0,12552.2,11937.8,12007.8,1671180.0
2022-05-11 21:00:00+00:00,11994.8,12129.6,11686.8,11870.3,2268550.0
2022-05-12 21:00:00+00:00,11908.7,12428.6,11899.6,12359.6,965264.0
2022-05-15 21:00:00+00:00,12400.4,12494.2,12186.2,12232.8,1290392.0
2022-05-16 21:00:00+00:00,12233.6,12573.6,12233.0,12569.6,801140.0
2022-05-17 21:00:00+00:00,12573.9,12586.4,11859.1,11891.2,684354.0
2022-05-18 21:00:00+00:00,11895.0,12071.0,11698.8,11896.2,1602058.0
2022-05-19 21:00:00+00:00,11891.6,12090.8,11490.6,11836.0,1212844.0
2022-05-22 21:00:00+00:00,11862.1,12075.2,11782.6,12055.4,1080198.0
2022-05-23 21:00:00+00:00,11842.4,11897.6,11576.8,11811.4,1008945.0
2022-05-24 21:00:00+00:00,11814.6,12033.8,11671.6,11886.6,1032522.0
2022-05-25 21:00:00+00:00,11903.4,12342.2,11847.8,12259.0,588579.0
2022-05-26 21:00:00+00:00,12249.7,12718.6,12221.2,12716.0,449666.0
2022-05-29 21:00:00+00:00,12709.0,12880.9,12671.6,12808.4,275192.0
2022-05-30 21:00:00+00:00,12818.3,12824.0,12478.8,12654.2,1154003.0
2022-05-31 21:00:00+00:00,12665.6,12820.6,12454.8,12547.8,922788.0
2022-06-01 21:00:00+00:00,12549.0,12901.3,12440.8,12895.0,811210.0
2022-06-02 21:00:00+00:00,12899.0,12943.2,12501.6,12547.0,752870.0
2022-06-05 21:00:00+00:00,12567.5,12808.2,12525.4,12604.4,649022.0
2022-06-06 21:00:00+00:00,12608.8,12738.0,12410.6,12678.8,590997.0
2022-06-07 21:00:00+00:00,12682.8,12782.0,12578.4,12622.2,505035.0
2022-06-08 21:00:00+00:00,12619.2,12724.2,12254.2,12297.0,556166.0
2022-06-09 21:00:00+00:00,12298.3,12337.2,11821.6,11862.2,602412.0
2022-06-12 21:00:00+00:00,11714.5,11723.4,11254.4,11330.5,1215840.0
2022-06-13 21:00:00+00:00,11339.0,11503.0,11202.8,11327.2,902157.0
2022-06-14 21:00:00+00:00,11335.2,11760.6,11325.6,11591.2,278128.0
2022-06-15 21:00:00+00:00,11625.8,11739.4,11038.2,11173.6,253804.0
2022-06-16 21:00:00+00:00,11179.8,11364.6,11088.6,11277.6,244640.0
2022-06-19 21:00:00+00:00,11300.6,11407.0,11244.4,11395.1,110270.0
2022-06-20 21:00:00+00:00,11395.6,11646.2,11366.6,11551.0,140545.0
2022-06-21 21:00:00+00:00,11545.6,11713.6,11288.8,11511.4,182246.0
2022-06-22 21:00:00+00:00,11510.8,11735.0,11429.0,11654.8,227928.0
2022-06-23 21:00:00+00:00,11659.4,12116.2,11653.6,12099.4,144969.0
2022-06-26 21:00:00+00:00,12110.6,12230.0,11962.8,12042.0,178236.0
2022-06-27 21:00:00+00:00,12046.9,12141.8,11633.8,11654.8,175688.0
2022-06-28 21:00:00+00:00,11648.6,11719.0,11535.2,11662.0,182796.0
2022-06-29 21:00:00+00:00,11662.3,11666.8,11321.8,11481.0,201764.0
2022-06-30 21:00:00+00:00,11477.4,11600.6,11352.4,11589.4,213311.0
2022-07-03 21:00:00+00:00,11582.4,11585.8,11474.1,11527.4,86184.0
2022-07-04 21:00:00+00:00,11538.8,11789.4,11359.2,11785.0,193133.0
2022-07-05 21:00:00+00:00,11797.2,11947.6,11702.4,11878.0,203070.0
2022-07-06 21:00:00+00:00,11878.1,12141.6,11811.0,12093.3,129334.0
2022-07-07 21:00:00+00:00,12086.2,12184.2,11926.4,12134.5,149585.0
2022-07-10 21:00:00+00:00,12115.2,12116.2,11826.8,11873.8,133919.0
2022-07-11 21:00:00+00:00,11871.2,11998.6,11688.0,11754.4,155208.0
2022-07-12 21:00:00+00:00,11760.8,11943.6,11455.2,11708.8,205152.0
2022-07-13 21:00:00+00:00,11703.7,11809.8,11486.8,11782.8,191741.0
2022-07-14 21:00:00+00:00,11789.4,11996.2,11716.4,11994.4,153832.0
2022-07-17 21:00:00+00:00,12039.1,12161.4,11833.8,11891.2,124767.0
2022-07-18 21:00:00+00:00,11882.4,12303.4,11864.6,12293.6,117703.0
2022-07-19 21:00:00+00:00,12309.2,12492.6,12211.3,12403.0,141937.0
2022-07-20 21:00:00+00:00,12417.6,12630.0,12349.0,12547.8,167447.0
2022-07-21 21:00:00+00:00,12534.8,12673.4,12319.0,12401.4,140461.0
2022-07-24 21:00:00+00:00,12402.6,12473.4,12242.0,12300.4,141090.0
2022-07-25 21:00:00+00:00,12286.4,12308.4,12047.6,12171.4,123942.0
2022-07-26 21:00:00+00:00,12173.5,12664.8,12170.4,12556.0,125907.0
2022-07-27 21:00:00+00:00,12557.4,12927.6,12424.2,12902.4,140196.0
2022-07-28 21:00:00+00:00,12879.2,12987.2,12723.2,12954.8,125591.0
2022-07-31 21:00:00+00:00,12961.0,13086.4,12830.6,12960.0,122617.0
2022-08-01 21:00:00+00:00,12946.7,13075.6,12795.2,12898.4,146631.0
2022-08-02 21:00:00+00:00,12907.0,13289.6,12846.2,13228.8,117267.0
2022-08-03 21:00:00+00:00,13222.6,13333.6,13163.0,13305.8,120810.0
2022-08-04 21:00:00+00:00,13302.2,13360.0,13061.4,13192.4,120601.0
2022-08-07 21:00:00+00:00,13221.6,13395.0,13096.6,13189.0,129577.0
2022-08-08 21:00:00+00:00,13179.2,13208.8,12945.6,13038.2,122104.0
2022-08-09 21:00:00+00:00,13032.7,13389.4,12964.4,13362.2,119887.0
2022-08-10 21:00:00+00:00,13357.2,13555.0,13266.0,13326.8,118296.0
2022-08-11 21:00:00+00:00,13323.3,13561.6,13291.8,13559.2,103480.0
2022-08-14 21:00:00+00:00,13544.6,13688.0,13475.0,13660.2,88186.0
2022-08-15 21:00:00+00:00,13655.6,13722.6,13505.2,13645.4,100138.0
2022-08-16 21:00:00+00:00,13633.6,13649.8,13384.8,13488.8,130475.0
2022-08-17 21:00:00+00:00,13474.0,13555.2,13388.4,13518.6,111467.0
2022-08-18 21:00:00+00:00,13512.8,13513.6,13209.2,13231.6,104065.0
2022-08-21 21:00:00+00:00,13187.9,13202.0,12855.6,12913.6,109197.0
2022-08-22 21:00:00+00:00,12916.0,12998.2,12803.8,12868.4,129330.0
2022-08-23 21:00:00+00:00,12869.4,12992.8,12805.8,12940.2,111801.0
2022-08-24 21:00:00+00:00,12927.6,13147.8,12909.4,13131.0,104504.0
2022-08-25 21:00:00+00:00,13144.8,13205.6,12544.6,12547.4,145809.0
2022-08-28 21:00:00+00:00,12547.0,12595.4,12388.6,12491.2,155858.0
2022-08-29 21:00:00+00:00,12490.7,12643.6,12233.6,12345.9,152892.0
2022-08-30 21:00:00+00:00,12352.5,12497.0,12266.6,12296.6,182631.0
2022-08-31 21:00:00+00:00,12274.0,12287.6,12007.0,12279.2,162620.0
2022-09-01 21:00:00+00:00,12286.0,12449.8,12029.0,12119.2,162574.0
2022-09-04 21:00:00+00:00,12097.0,12155.4,12043.4,12125.1,86464.0
2022-09-05 21:00:00+00:00,12122.5,12232.4,11918.6,12012.8,179623.0
2022-09-06 21:00:00+00:00,12006.2,12297.6,11914.8,12255.2,152276.0
2022-09-07 21:00:00+00:00,12269.0,12370.6,12109.2,12340.6,166180.0
2022-09-08 21:00:00+00:00,12338.8,12607.6,12323.8,12584.0,83861.0
2022-09-11 21:00:00+00:00,12634.8,12767.6,12567.6,12765.8,106885.0
2022-09-12 21:00:00+00:00,12766.5,12877.2,11997.4,12041.9,128439.0
2022-09-13 21:00:00+00:00,12043.0,12166.6,11994.8,12164.0,166316.0
2022-09-14 21:00:00+00:00,12156.9,12182.0,11852.8,11888.4,149129.0
2022-09-15 21:00:00+00:00,11862.2,11879.4,11693.4,11877.3,150711.0
2022-09-18 21:00:00+00:00,11833.6,11988.0,11714.2,11968.6,126992.0
2022-09-19 21:00:00+00:00,11969.5,12014.2,11750.4,11870.2,106854.0
2022-09-20 21:00:00+00:00,11864.2,12065.4,11574.8,11593.2,158127.0
2022-09-21 21:00:00+00:00,11592.2,11722.8,11437.2,11492.8,197019.0
2022-09-22 21:00:00+00:00,11503.4,11527.0,11156.4,11314.6,174106.0
2022-09-25 21:00:00+00:00,11305.4,11464.6,11183.8,11240.8,220346.0
2022-09-26 21:00:00+00:00,11240.8,11494.2,11160.8,11289.8,187248.0
2022-09-27 21:00:00+00:00,11295.6,11551.4,11077.0,11479.0,236213.0
2022-09-28 21:00:00+00:00,11484.2,11503.4,11030.8,11171.4,204423.0
2022-09-29 21:00:00+00:00,11162.8,11295.6,10965.8,10998.8,220285.0
2022-10-02 21:00:00+00:00,10954.6,11304.0,10831.2,11255.8,185509.0
2022-10-03 21:00:00+00:00,11258.2,11617.2,11226.2,11584.8,156675.0
2022-10-04 21:00:00+00:00,11578.2,11650.2,11308.8,11569.0,158851.0
2022-10-05 21:00:00+00:00,11566.2,11669.0,11448.2,11449.0,175616.0
2022-10-06 21:00:00+00:00,11430.0,11505.9,10985.2,11038.6,167611.0
2022-10-09 21:00:00+00:00,10998.5,11076.0,10819.2,10936.8,163798.0
2022-10-10 21:00:00+00:00,10931.2,10981.2,10710.2,10822.2,203341.0
2022-10-11 21:00:00+00:00,10813.5,10917.8,10747.8,10795.2,195056.0
2022-10-12 21:00:00+00:00,10805.6,11084.6,10427.0,11007.8,216740.0
2022-10-13 21:00:00+00:00,11013.4,11195.2,10668.8,10688.6,224794.0
2022-10-16 21:00:00+00:00,10678.0,11092.0,10674.8,11081.2,159462.0
2022-10-17 21:00:00+00:00,11127.2,11378.2,11028.8,11272.2,195923.0
2022-10-18 21:00:00+00:00,11277.0,11329.2,11005.5,11106.4,192533.0
2022-10-19 21:00:00+00:00,11091.8,11283.4,10963.4,11014.6,203519.0
2022-10-20 21:00:00+00:00,11009.6,11341.0,10892.8,11333.2,201904.0
2022-10-23 21:00:00+00:00,11358.2,11485.6,11163.4,11415.4,231492.0
2022-10-24 21:00:00+00:00,11414.4,11686.8,11385.8,11541.2,161714.0
2022-10-25 21:00:00+00:00,11472.0,11657.8,11370.2,11430.4,174781.0
2022-10-26 21:00:00+00:00,11378.3,11491.8,10880.9,11050.4,201867.0
2022-10-27 21:00:00+00:00,11089.0,11578.4,11015.4,11578.2,166932.0
2022-10-30 21:00:00+00:00,11539.8,11541.6,11320.8,11413.2,133520.0
2022-10-31 21:00:00+00:00,11415.4,11576.8,11251.2,11283.6,137649.0
2022-11-01 21:00:00+00:00,11287.0,11421.2,10871.0,10904.6,159076.0
2022-11-02 21:00:00+00:00,10893.6,10958.0,10671.2,10695.4,143721.0
2022-11-03 21:00:00+00:00,10675.8,10935.8,10600.0,10841.4,181368.0
2022-11-06 22:00:00+00:00,10749.6,11008.0,10749.6,10984.4,153663.0
2022-11-07 22:00:00+00:00,10984.8,11200.6,10898.6,11058.0,112515.0
2022-11-08 22:00:00+00:00,11062.2,11131.8,10790.0,10810.4,163705.0
2022-11-09 22:00:00+00:00,10815.8,11644.6,10770.5,11644.6,155253.0
2022-11-10 22:00:00+00:00,11634.6,11844.0,11537.4,11803.4,168919.0
2022-11-13 22:00:00+00:00,11752.0,11864.8,11668.4,11735.2,130255.0
2022-11-14 22:00:00+00:00,11737.8,12084.8,11728.2,11865.6,162548.0
2022-11-15 22:00:00+00:00,11845.9,11929.0,11674.0,11741.0,149399.0
2022-11-16 22:00:00+00:00,11743.8,11794.8,11496.0,11712.6,132493.0
2022-11-17 22:00:00+00:00,11724.0,11810.2,11574.2,11678.4,123512.0
2022-11-20 22:00:00+00:00,11695.9,11722.4,11520.6,11555.6,109915.0
2022-11-21 22:00:00+00:00,11555.9,11726.0,11493.8,11706.6,83693.0
2022-11-22 22:00:00+00:00,11714.5,11858.8,11686.4,11842.2,87776.0
2022-11-23 22:00:00+00:00,11841.7,11898.8,11840.8,11878.8,24324.0
2022-11-24 22:00:00+00:00,11879.8,11890.0,11732.4,11754.0,44399.0
2022-11-27 22:00:00+00:00,11706.0,11759.2,11548.2,11597.2,78744.0
2022-11-28 22:00:00+00:00,11592.0,11676.8,11438.2,11493.4,87728.0
2022-11-29 22:00:00+00:00,11487.6,12047.5,11469.8,12044.4,111180.0
2022-11-30 22:00:00+00:00,12049.8,12110.0,11914.4,12006.8,105127.0
2022-12-01 22:00:00+00:00,12007.0,12037.2,11710.2,11962.3,89326.0
2022-12-04 22:00:00+00:00,11988.4,11995.3,11732.4,11798.6,85908.0
2022-12-05 22:00:00+00:00,11795.6,11832.6,11492.4,11557.2,86661.0
2022-12-06 22:00:00+00:00,11559.4,11585.8,11413.4,11490.4,96880.0
2022-12-07 22:00:00+00:00,11495.8,11676.6,11425.6,11628.4,91265.0
2022-12-08 22:00:00+00:00,11632.2,11733.8,11508.9,11546.0,84844.0
2022-12-11 22:00:00+00:00,11560.2,11708.6,11516.2,11690.6,75812.0
2022-12-12 22:00:00+00:00,11694.8,12229.2,11673.4,11824.8,153389.0
2022-12-13 22:00:00+00:00,11829.6,11948.9,11608.8,11768.0,159370.0
2022-12-14 22:00:00+00:00,11753.4,11776.6,11287.4,11338.8,137870.0
2022-12-15 22:00:00+00:00,11341.3,11377.8,11167.6,11211.4,134660.0
2022-12-18 22:00:00+00:00,11218.6,11300.8,11021.8,11075.4,92780.0
2022-12-19 22:00:00+00:00,11079.2,11136.8,10933.6,11084.6,130837.0
2022-12-20 22:00:00+00:00,11101.3,11289.6,11071.4,11257.2,91637.0
2022-12-21 22:00:00+00:00,11259.8,11287.2,10776.6,10950.4,100209.0
2022-12-22 22:00:00+00:00,10961.6,11048.6,10822.8,10974.2,118989.0
2022-12-26 22:00:00+00:00,11041.8,11089.4,10802.2,10819.0,82805.0
2022-12-27 22:00:00+00:00,10817.4,10901.8,10674.8,10702.8,91421.0
2022-12-28 22:00:00+00:00,10709.0,10989.0,10695.0,10947.4,69337.0
2022-12-29 22:00:00+00:00,10952.0,10971.2,10773.0,10960.4,77156.0
2023-01-02 22:00:00+00:00,11046.7,11100.4,10768.8,10865.6,143312.0
2023-01-03 22:00:00+00:00,10851.4,10988.6,10785.0,10904.0,127105.0
2023-01-04 22:00:00+00:00,10918.0,10967.0,10730.4,10761.0,112696.0
2023-01-05 22:00:00+00:00,10765.6,11089.8,10676.4,11032.2,115663.0
2023-01-08 22:00:00+00:00,11055.8,11310.2,11046.0,11108.6,99600.0
2023-01-09 22:00:00+00:00,11108.2,11217.6,11019.2,11209.6,105699.0
2023-01-10 22:00:00+00:00,11210.8,11408.2,11169.2,11403.8,69396.0
2023-01-11 22:00:00+00:00,11405.4,11507.8,11222.6,11451.6,129092.0
2023-01-12 22:00:00+00:00,11453.8,11548.2,11318.6,11530.8,92034.0
2023-01-15 22:00:00+00:00,11536.6,11567.0,11439.4,11493.2,25680.0
2023-01-16 22:00:00+00:00,11501.6,11613.8,11459.6,11551.6,79668.0
2023-01-17 22:00:00+00:00,11542.2,11687.8,11397.4,11412.2,94870.0
2023-01-18 22:00:00+00:00,11399.9,11415.6,11237.8,11324.2,85955.0
2023-01-19 22:00:00+00:00,11332.8,11615.6,11294.6,11606.4,68381.0
2023-01-22 22:00:00+00:00,11604.6,11911.6,11579.8,11863.8,77689.0
2023-01-23 22:00:00+00:00,11863.0,11938.6,11764.8,11901.1,82596.0
2023-01-24 22:00:00+00:00,11901.8,11903.6,11533.8,11816.8,96495.0
2023-01-25 22:00:00+00:00,11810.2,12060.6,11808.8,12006.8,91916.0
2023-01-26 22:00:00+00:00,11994.4,12254.8,11964.4,12169.2,79861.0
2023-01-29 22:00:00+00:00,12148.4,12198.4,11907.8,11936.6,95025.0
2023-01-30 22:00:00+00:00,11936.2,12103.0,11818.0,12066.2,86454.0
2023-01-31 22:00:00+00:00,12061.4,12470.0,12003.0,12453.0,119387.0
2023-02-01 22:00:00+00:00,12474.2,12894.3,12447.8,12620.4,138910.0
2023-02-02 22:00:00+00:00,12685.8,12827.6,12497.8,12565.6,151991.0
2023-02-05 22:00:00+00:00,12521.2,12556.6,12406.2,12461.0,115421.0
2023-02-06 22:00:00+00:00,12465.8,12766.8,12408.0,12689.2,127637.0
2023-02-07 22:00:00+00:00,12700.4,12756.2,12468.4,12517.6,105037.0
2023-02-08 22:00:00+00:00,12509.0,12686.2,12326.8,12409.6,100132.0
2023-02-09 22:00:00+00:00,12395.2,12408.2,12201.2,12299.2,120147.0
2023-02-12 22:00:00+00:00,12312.5,12524.0,12223.2,12502.8,90260.0
2023-02-13 22:00:00+00:00,12500.0,12641.5,12347.2,12574.0,146007.0
2023-02-14 22:00:00+00:00,12570.8,12708.2,12476.4,12700.2,99284.0
2023-02-15 22:00:00+00:00,12690.8,12744.2,12415.4,12425.8,104775.0
2023-02-16 22:00:00+00:00,12414.0,12417.2,12228.8,12349.6,103682.0
2023-02-19 22:00:00+00:00,12344.6,12383.2,12312.6,12332.6,22360.0
2023-02-20 22:00:00+00:00,12332.0,12345.2,12058.0,12077.6,93628.0
2023-02-21 22:00:00+00:00,12076.6,12163.2,12000.2,12139.2,113213.0
2023-02-22 22:00:00+00:00,12147.4,12232.2,12001.6,12164.4,91359.0
2023-02-23 22:00:00+00:00,12160.8,12186.4,11895.2,11972.4,92225.0
2023-02-26 22:00:00+00:00,11967.2,12161.0,11962.2,12066.2,74187.0
2023-02-27 22:00:00+00:00,12076.6,12144.2,11998.2,12012.0,74244.0
2023-02-28 22:00:00+00:00,12006.4,12112.6,11896.4,11956.4,82640.0
2023-03-01 22:00:00+00:00,11936.8,12065.0,11801.4,12020.0,95186.0
2023-03-02 22:00:00+00:00,12011.8,12297.2,11981.4,12296.2,67150.0
2023-03-05 22:00:00+00:00,12273.0,12454.6,12245.4,12289.8,78222.0
2023-03-06 22:00:00+00:00,12286.0,12349.4,12119.6,12151.8,85774.0
2023-03-07 22:00:00+00:00,12151.0,12236.4,12086.6,12226.2,78605.0
2023-03-08 22:00:00+00:00,12219.6,12341.4,11965.4,11996.6,83739.0
2023-03-09 22:00:00+00:00,11983.8,12096.0,11788.0,11882.4,201673.0
2023-03-12 21:00:00+00:00,11896.6,12086.2,11676.4,11951.2,288945.0
2023-03-13 21:00:00+00:00,11954.8,12229.2,11909.0,12209.6,196906.0
2023-03-14 21:00:00+00:00,12205.9,12280.0,11970.4,12268.8,246854.0
2023-03-15 21:00:00+00:00,12266.3,12605.8,12187.0,12584.6,203381.0
2023-03-16 21:00:00+00:00,12572.8,12682.6,12445.4,12520.8,155773.0
2023-03-19 21:00:00+00:00,12612.6,12612.6,12401.6,12579.0,189901.0
2023-03-20 21:00:00+00:00,12574.2,12774.4,12554.0,12751.6,102092.0
2023-03-21 21:00:00+00:00,12745.4,12959.0,12555.4,12580.2,118192.0
2023-03-22 21:00:00+00:00,12580.1,12908.0,12576.0,12751.0,131283.0
2023-03-23 21:00:00+00:00,12754.5,12806.6,12606.6,12802.0,148582.0
2023-03-26 21:00:00+00:00,12794.6,12857.1,12648.2,12695.6,108496.0
2023-03-27 21:00:00+00:00,12690.6,12715.2,12516.8,12630.2,68074.0
2023-03-28 21:00:00+00:00,12630.2,12880.6,12624.6,12848.8,51291.0
2023-03-29 21:00:00+00:00,12850.4,12999.8,12819.6,12976.4,52448.0
2023-03-30 21:00:00+00:00,12968.1,13199.4,12947.9,13196.0,46206.0
2023-04-02 21:00:00+00:00,13160.1,13170.6,13042.6,13153.4,61248.0
2023-04-03 21:00:00+00:00,13142.0,13237.8,13059.8,13122.0,61291.0
2023-04-04 21:00:00+00:00,13122.3,13137.6,12896.8,12962.2,54390.0
2023-04-05 21:00:00+00:00,12957.4,13085.8,12845.2,13057.8,51180.0
2023-04-06 21:00:00+00:00,13045.8,13084.6,13021.4,13078.6,6998.0
2023-04-09 21:00:00+00:00,13069.6,13097.6,12862.8,13059.8,47518.0
2023-04-10 21:00:00+00:00,13056.2,13103.4,12950.8,12984.6,52041.0
2023-04-11 21:00:00+00:00,12982.5,13144.0,12841.4,12859.4,79928.0
2023-04-12 21:00:00+00:00,12859.2,13133.8,12829.3,13086.2,58041.0
2023-04-13 21:00:00+00:00,13086.8,13160.6,12964.0,13106.0,72483.0
2023-04-16 21:00:00+00:00,13120.4,13123.8,12983.4,13086.4,62066.0
2023-04-17 21:00:00+00:00,13085.4,13204.2,13052.2,13101.2,54671.0
2023-04-18 21:00:00+00:00,13091.6,13140.4,12979.6,13083.6,49953.0
2023-04-19 21:00:00+00:00,13076.6,13114.4,12937.0,13005.2,59503.0
2023-04-20 21:00:00+00:00,13004.0,13041.6,12897.8,12996.8,64446.0
2023-04-23 21:00:00+00:00,12989.8,13053.8,12891.6,12973.2,52769.0
2023-04-24 21:00:00+00:00,12971.2,12984.4,12727.2,12841.2,64809.0
2023-04-25 21:00:00+00:00,12873.4,12937.2,12789.0,12885.4,79978.0
2023-04-26 21:00:00+00:00,12887.2,13255.8,12861.4,13186.0,58167.0
2023-04-27 21:00:00+00:00,13130.7,13266.6,13094.6,13257.2,71931.0
2023-04-30 21:00:00+00:00,13250.4,13298.2,13189.6,13218.4,58226.0
2023-05-01 21:00:00+00:00,13211.7,13264.6,13042.4,13099.6,66818.0
2023-05-02 21:00:00+00:00,13089.0,13238.4,13011.2,13019.2,91025.0
2023-05-03 21:00:00+00:00,12997.4,13101.2,12931.6,12984.8,92189.0
2023-05-04 21:00:00+00:00,13000.2,13298.4,12995.8,13251.0,54193.0
2023-05-07 21:00:00+00:00,13251.4,13313.8,13194.6,13281.6,43231.0
2023-05-08 21:00:00+00:00,13274.9,13291.8,13199.0,13205.6,39213.0
2023-05-09 21:00:00+00:00,13202.2,13390.6,13147.8,13352.6,71724.0
2023-05-10 21:00:00+00:00,13349.6,13417.6,13305.4,13394.8,59563.0
2023-05-11 21:00:00+00:00,13391.6,13439.0,13257.6,13317.6,50095.0
2023-05-14 21:00:00+00:00,13323.9,13426.0,13297.2,13415.6,43305.0
2023-05-15 21:00:00+00:00,13413.2,13507.0,13379.4,13454.4,45647.0
2023-05-16 21:00:00+00:00,13444.1,13616.2,13422.4,13588.4,43464.0
2023-05-17 21:00:00+00:00,13585.8,13863.6,13575.8,13862.8,53343.0
2023-05-18 21:00:00+00:00,13858.4,13910.8,13766.8,13791.4,62477.0
2023-05-21 21:00:00+00:00,13757.4,13900.6,13757.4,13873.0,50472.0
2023-05-22 21:00:00+00:00,13873.2,13935.0,13671.2,13692.8,56476.0
2023-05-23 21:00:00+00:00,13688.8,13805.0,13526.8,13801.4,66732.0
2023-05-24 21:00:00+00:00,13838.2,13990.6,13763.0,13941.6,77133.0
2023-05-25 21:00:00+00:00,13938.2,14332.6,13884.2,14328.9,60516.0
2023-05-28 21:00:00+00:00,14386.2,14409.6,14331.6,14370.2,11363.0
2023-05-29 21:00:00+00:00,14367.6,14533.4,14309.2,14379.8,80518.0
2023-05-30 21:00:00+00:00,14363.6,14399.6,14223.8,14261.6,75649.0
2023-05-31 21:00:00+00:00,14264.4,14499.2,14220.0,14468.3,79357.0
2023-06-01 21:00:00+00:00,14463.2,14598.4,14440.8,14561.2,67593.0
2023-06-04 21:00:00+00:00,14552.2,14669.4,14487.6,14558.2,74916.0
2023-06-05 21:00:00+00:00,14552.8,14602.4,14479.8,14575.6,62495.0
2023-06-06 21:00:00+00:00,14575.5,14655.8,14289.8,14301.2,79465.0
2023-06-07 21:00:00+00:00,14301.8,14509.8,14240.8,14504.2,76251.0
2023-06-08 21:00:00+00:00,14498.8,14670.2,14444.0,14549.6,85596.0
2023-06-11 21:00:00+00:00,14540.6,14813.4,14538.0,14811.2,73544.0
2023-06-12 21:00:00+00:00,14805.7,14952.8,14770.2,14928.8,96948.0
2023-06-13 21:00:00+00:00,14934.8,15065.2,14798.4,15054.6,95161.0
2023-06-14 21:00:00+00:00,15043.2,15262.6,14888.2,15189.8,98225.0
2023-06-15 21:00:00+00:00,15191.6,15297.2,15086.8,15128.2,83370.0
2023-06-18 21:00:00+00:00,15131.6,15149.9,15058.8,15068.4,18486.0
2023-06-19 21:00:00+00:00,15070.8,15137.8,14954.8,15081.2,71898.0
2023-06-20 21:00:00+00:00,15082.1,15106.8,14836.8,14871.2,79691.0
2023-06-21 21:00:00+00:00,14873.2,15079.6,14798.4,15075.2,83672.0
2023-06-22 21:00:00+00:00,15074.3,15076.2,14827.6,14898.2,84568.0
2023-06-25 21:00:00+00:00,14899.6,14995.6,14697.8,14718.4,91227.0
2023-06-26 21:00:00+00:00,14724.8,14992.8,14706.6,14942.2,72220.0
2023-06-27 21:00:00+00:00,14941.6,15072.6,14875.8,15010.2,81951.0
2023-06-28 21:00:00+00:00,15012.4,15055.8,14882.0,14964.8,75844.0
2023-06-29 21:00:00+00:00,14958.0,15231.6,14954.2,15171.4,58661.0
2023-07-02 21:00:00+00:00,15189.2,15245.4,15162.0,15209.2,34099.0
2023-07-03 21:00:00+00:00,15197.1,15222.2,15188.4,15197.0,4538.0
2023-07-04 21:00:00+00:00,15199.4,15283.4,15107.4,15206.6,53514.0
2023-07-05 21:00:00+00:00,15205.4,15218.0,14964.2,15074.0,60273.0
2023-07-06 21:00:00+00:00,15066.0,15222.8,15028.6,15059.4,67483.0
2023-07-09 21:00:00+00:00,15062.8,15089.6,14935.8,15063.6,66242.0
2023-07-10 21:00:00+00:00,15066.2,15154.4,14981.6,15139.8,60124.0
2023-07-11 21:00:00+00:00,15133.2,15383.6,15130.6,15334.6,66666.0
2023-07-12 21:00:00+00:00,15338.6,15617.0,15332.6,15575.2,50808.0
2023-07-13 21:00:00+00:00,15573.8,15733.0,15541.6,15570.6,67022.0
2023-07-16 21:00:00+00:00,15565.6,15758.4,15538.2,15702.4,52334.0
2023-07-17 21:00:00+00:00,15708.6,15905.6,15609.8,15824.0,58241.0
2023-07-18 21:00:00+00:00,15821.2,15937.8,15787.8,15816.4,68216.0
2023-07-19 21:00:00+00:00,15796.6,15801.6,15423.8,15473.6,74466.0
2023-07-20 21:00:00+00:00,15467.1,15594.8,15415.4,15446.8,75986.0
2023-07-23 21:00:00+00:00,15452.2,15511.0,15378.2,15471.6,65740.0
2023-07-24 21:00:00+00:00,15471.8,15638.8,15452.8,15624.6,55120.0
2023-07-25 21:00:00+00:00,15626.8,15641.8,15418.0,15529.2,87941.0
2023-07-26 21:00:00+00:00,15542.6,15806.4,15415.6,15486.4,88752.0
2023-07-27 21:00:00+00:00,15488.2,15796.6,15449.0,15747.4,92783.0
2023-07-30 21:00:00+00:00,15749.7,15817.6,15693.2,15784.2,75140.0
2023-07-31 21:00:00+00:00,15786.7,15803.8,15643.4,15724.4,56343.0
2023-08-01 21:00:00+00:00,15640.4,15704.2,15329.0,15366.4,95932.0
2023-08-02 21:00:00+00:00,15371.2,15470.0,15254.6,15367.4,122442.0
2023-08-03 21:00:00+00:00,15355.9,15528.4,15255.0,15281.6,108267.0
2023-08-06 21:00:00+00:00,15289.0,15423.8,15252.8,15419.8,79570.0
2023-08-07 21:00:00+00:00,15424.4,15426.6,15150.2,15287.6,76341.0
2023-08-08 21:00:00+00:00,15288.2,15367.2,15085.1,15140.2,72126.0
2023-08-09 21:00:00+00:00,15137.8,15376.6,15073.6,15153.6,115510.0
2023-08-10 21:00:00+00:00,15153.4,15201.0,14972.0,15041.6,97939.0
2023-08-13 21:00:00+00:00,15039.7,15224.2,14960.0,15222.8,106969.0
2023-08-14 21:00:00+00:00,15223.6,15277.6,15021.4,15055.8,101094.0
2023-08-15 21:00:00+00:00,15054.2,15106.8,14867.6,14882.6,94810.0
2023-08-16 21:00:00+00:00,14885.4,14961.2,14682.6,14688.4,90277.0
2023-08-17 21:00:00+00:00,14692.4,14751.6,14552.8,14693.8,99848.0
2023-08-20 21:00:00+00:00,14705.8,14968.0,14669.4,14926.2,77113.0
2023-08-21 21:00:00+00:00,14929.3,15072.6,14888.4,14920.8,75359.0
2023-08-22 21:00:00+00:00,14920.0,15310.0,14914.0,15309.6,71460.0
2023-08-23 21:00:00+00:00,15291.6,15374.2,14776.6,14790.4,96245.0
2023-08-24 21:00:00+00:00,14797.8,15007.2,14712.4,14928.2,118512.0
2023-08-27 21:00:00+00:00,14952.8,15085.6,14933.4,15066.0,84415.0
2023-08-28 21:00:00+00:00,15069.6,15399.6,15018.2,15395.8,64956.0
2023-08-29 21:00:00+00:00,15394.6,15492.6,15330.0,15483.2,69992.0
2023-08-30 21:00:00+00:00,15480.4,15573.8,15428.0,15506.4,62800.0
2023-08-31 21:00:00+00:00,15499.6,15629.0,15422.8,15480.0,78331.0
2023-09-03 21:00:00+00:00,15492.2,15547.0,15469.4,15492.6,11915.0
2023-09-04 21:00:00+00:00,15495.5,15560.6,15386.8,15492.2,67559.0
2023-09-05 21:00:00+00:00,15486.2,15506.0,15293.4,15370.8,67115.0
2023-09-06 21:00:00+00:00,15370.8,15376.6,15139.4,15270.8,70919.0
2023-09-07 21:00:00+00:00,15270.2,15374.4,15207.6,15311.0,69797.0
2023-09-10 21:00:00+00:00,15308.2,15510.8,15295.4,15486.2,61226.0
2023-09-11 21:00:00+00:00,15473.2,15493.4,15301.0,15320.4,62308.0
2023-09-12 21:00:00+00:00,15319.6,15439.6,15223.2,15392.6,81887.0
2023-09-13 21:00:00+00:00,15388.8,15534.6,15349.8,15501.2,67305.0
2023-09-14 21:00:00+00:00,15493.2,15539.4,15181.8,15208.2,69929.0
2023-09-17 21:00:00+00:00,15208.0,15292.4,15154.6,15256.0,59978.0
2023-09-18 21:00:00+00:00,15257.1,15273.6,15080.6,15217.8,54945.0
2023-09-19 21:00:00+00:00,15211.2,15269.2,14960.7,14964.2,79662.0
2023-09-20 21:00:00+00:00,14976.7,14981.2,14683.2,14690.8,86699.0
2023-09-21 21:00:00+00:00,14699.4,14871.2,14678.8,14719.6,75523.0
2023-09-24 21:00:00+00:00,14731.6,14807.2,14626.8,14804.2,89209.0
2023-09-25 21:00:00+00:00,14796.8,14799.8,14521.4,14580.6,75873.0
2023-09-26 21:00:00+00:00,14580.8,14680.0,14445.0,14627.8,83284.0
2023-09-27 21:00:00+00:00,14630.4,14807.6,14515.8,14738.0,100880.0
2023-09-28 21:00:00+00:00,14736.6,14920.8,14670.8,14752.2,102629.0
2023-10-01 21:00:00+00:00,14831.8,14908.6,14685.8,14858.8,104692.0
2023-10-02 21:00:00+00:00,14850.2,14893.2,14517.6,14579.4,100198.0
2023-10-03 21:00:00+00:00,14576.6,14824.8,14455.6,14772.0,117274.0
2023-10-04 21:00:00+00:00,14769.6,14827.2,14585.6,14729.8,85034.0
2023-10-05 21:00:00+00:00,14726.8,15031.2,14530.4,15010.6,100573.0
2023-10-08 21:00:00+00:00,14886.6,15088.6,14820.8,15068.6,94616.0
2023-10-09 21:00:00+00:00,15070.6,15260.0,15049.6,15159.4,72343.0
2023-10-10 21:00:00+00:00,15155.4,15294.6,15132.2,15290.4,66539.0
2023-10-11 21:00:00+00:00,15282.0,15348.6,15096.6,15203.0,77183.0
2023-10-12 21:00:00+00:00,15206.2,15246.4,14946.6,14991.2,87922.0
2023-10-15 21:00:00+00:00,15010.0,15226.6,14967.2,15194.6,88684.0
2023-10-16 21:00:00+00:00,15194.2,15202.2,14940.6,15134.6,82139.0
2023-10-17 21:00:00+00:00,15130.4,15130.4,14875.0,14956.6,94323.0
2023-10-18 21:00:00+00:00,14940.4,15033.8,14735.4,14743.4,127921.0
2023-10-19 21:00:00+00:00,14743.8,14782.4,14549.8,14554.6,96998.0
2023-10-22 21:00:00+00:00,14594.2,14760.8,14418.8,14658.8,92849.0
2023-10-23 21:00:00+00:00,14659.6,14860.2,14618.2,14743.8,92191.0
2023-10-24 21:00:00+00:00,14739.0,14765.8,14364.4,14379.0,103241.0
2023-10-25 21:00:00+00:00,14332.6,14374.2,14060.4,14129.6,123807.0
2023-10-26 21:00:00+00:00,14185.6,14327.2,14131.8,14191.2,111484.0
2023-10-29 21:00:00+00:00,14251.6,14398.6,14223.8,14338.4,84707.0
2023-10-30 21:00:00+00:00,14336.8,14430.4,14238.6,14380.2,93940.0
2023-10-31 21:00:00+00:00,14397.0,14689.8,14339.4,14688.8,95130.0
2023-11-01 21:00:00+00:00,14688.6,14944.8,14688.2,14898.0,68099.0
2023-11-02 21:00:00+00:00,14863.0,15158.4,14860.6,15114.2,69834.0
2023-11-05 22:00:00+00:00,15126.5,15186.6,15073.6,15157.8,54025.0
2023-11-06 22:00:00+00:00,15147.8,15347.2,15111.2,15311.8,52995.0
2023-11-07 22:00:00+00:00,15307.6,15352.2,15222.2,15294.2,55409.0
2023-11-08 22:00:00+00:00,15287.5,15389.2,15175.8,15194.4,74265.0
2023-11-09 22:00:00+00:00,15186.0,15552.4,15144.4,15521.6,58855.0
2023-11-12 22:00:00+00:00,15532.0,15540.0,15404.4,15500.8,52366.0
2023-11-13 22:00:00+00:00,15499.2,15862.6,15495.2,15837.8,56366.0
2023-11-14 22:00:00+00:00,15844.6,15987.6,15774.4,15787.4,60746.0
2023-11-15 22:00:00+00:00,15788.6,15849.6,15738.6,15841.6,60064.0
2023-11-16 22:00:00+00:00,15837.6,15884.8,15768.2,15819.6,52005.0
2023-11-19 22:00:00+00:00,15842.6,16061.2,15782.4,16034.6,45942.0
2023-11-20 22:00:00+00:00,16034.0,16066.4,15861.4,15922.6,51173.0
2023-11-21 22:00:00+00:00,15915.8,16125.4,15895.8,16000.4,56787.0
2023-11-22 22:00:00+00:00,15995.5,16041.6,15990.7,16017.4,5213.0
2023-11-23 22:00:00+00:00,16025.2,16027.2,15937.8,15967.4,23584.0
2023-11-26 22:00:00+00:00,15959.2,16044.6,15894.8,15960.4,39147.0
2023-11-27 22:00:00+00:00,15962.4,16026.8,15900.8,16012.6,48431.0
2023-11-28 22:00:00+00:00,16008.4,16166.0,15984.4,16011.6,49821.0
2023-11-29 22:00:00+00:00,16009.0,16064.8,15825.4,15927.2,60382.0
2023-11-30 22:00:00+00:00,15920.4,16020.6,15833.0,16001.8,62857.0
2023-12-03 22:00:00+00:00,15994.8,15996.8,15692.2,15836.2,53829.0
2023-12-04 22:00:00+00:00,15837.0,15937.8,15739.0,15880.4,63296.0
2023-12-05 22:00:00+00:00,15875.6,16017.6,15785.2,15797.4,59329.0
2023-12-06 22:00:00+00:00,15792.4,16050.6,15774.0,16001.4,58148.0
2023-12-07 22:00:00+00:00,16004.8,16103.2,15875.6,16078.2,61791.0
2023-12-10 22:00:00+00:00,16074.8,16242.2,16030.8,16238.2,62797.0
2023-12-11 22:00:00+00:00,16230.2,16400.6,16179.2,16397.8,62776.0
2023-12-12 22:00:00+00:00,16392.0,16615.8,16386.2,16573.2,57022.0
2023-12-13 22:00:00+00:00,16589.4,16691.4,16436.8,16552.2,72195.0
2023-12-14 22:00:00+00:00,16546.2,16697.2,16541.2,16624.8,58513.0
2023-12-17 22:00:00+00:00,16638.0,16799.0,16612.8,16749.2,40194.0
2023-12-18 22:00:00+00:00,16740.6,16854.0,16735.0,16848.6,42952.0
2023-12-19 22:00:00+00:00,16847.4,16897.8,16585.8,16617.8,52531.0
2023-12-20 22:00:00+00:00,16619.6,16797.2,16619.6,16781.6,70476.0
2023-12-21 22:00:00+00:00,16779.8,16872.6,16723.6,16793.8,55827.0
2023-12-25 22:00:00+00:00,16822.2,16953.0,16816.4,16931.4,26373.0
2023-12-26 22:00:00+00:00,16923.5,16966.8,16888.4,16965.0,39721.0
2023-12-27 22:00:00+00:00,16959.4,16999.2,16914.6,16925.2,31992.0
2023-12-28 22:00:00+00:00,16923.8,16966.6,16774.4,16844.2,45036.0
2024-01-01 22:00:00+00:00,16859.8,16875.6,16471.8,16579.6,63107.0
2024-01-02 22:00:00+00:00,16582.2,16583.5,16375.2,16395.0,74391.0
2024-01-03 22:00:00+00:00,16405.8,16439.4,16291.2,16304.4,63478.0
2024-01-04 22:00:00+00:00,16310.8,16431.6,16189.6,16322.6,74663.0
2024-01-07 22:00:00+00:00,16317.3,16674.0,16235.4,16650.2,179158.0
2024-01-08 22:00:00+00:00,16649.2,16732.8,16521.3,16694.0,192352.0
2024-01-09 22:00:00+00:00,16688.6,16848.2,16666.2,16821.0,329917.0
2024-01-10 22:00:00+00:00,16819.8,16921.0,16620.6,16825.6,422077.0
2024-01-11 22:00:00+00:00,16819.9,16910.2,16734.1,16823.8,404115.0
2024-01-14 22:00:00+00:00,16828.1,16892.1,16805.6,16838.6,92706.0
2024-01-15 22:00:00+00:00,16828.2,16902.6,16681.2,16857.2,430359.0
2024-01-16 22:00:00+00:00,16855.8,16859.8,16568.2,16743.4,390590.0
2024-01-17 22:00:00+00:00,16738.4,17009.4,16717.9,17000.8,424083.0
2024-01-18 22:00:00+00:00,16995.9,17354.6,16991.0,17347.8,411072.0
2024-01-21 22:00:00+00:00,17357.0,17468.0,17322.2,17346.0,400137.0
2024-01-22 22:00:00+00:00,17344.2,17451.2,17299.6,17447.2,341218.0
2024-01-23 22:00:00+00:00,17449.3,17685.6,17449.3,17524.9,377014.0
2024-01-24 22:00:00+00:00,17510.1,17644.8,17435.0,17476.2,444370.0
2024-01-25 22:00:00+00:00,17455.5,17524.2,17359.2,17397.6,360203.0
2024-01-28 22:00:00+00:00,17375.2,17609.2,17350.4,17595.4,286330.0
2024-01-29 22:00:00+00:00,17594.0,17627.2,17358.6,17361.8,339400.0
2024-01-30 22:00:00+00:00,17309.3,17374.6,17113.2,17156.6,456171.0
2024-01-31 22:00:00+00:00,17170.9,17549.6,17153.5,17534.6,384840.0
2024-02-01 22:00:00+00:00,17491.0,17686.2,17370.6,17599.0,416727.0
2024-02-04 22:00:00+00:00,17607.4,17663.8,17465.4,17621.8,596020.0
2024-02-05 22:00:00+00:00,17624.5,17686.4,17479.4,17570.0,543440.0
2024-02-06 22:00:00+00:00,17569.8,17795.6,17549.8,17777.8,315944.0
2024-02-07 22:00:00+00:00,17772.2,17816.8,17713.7,17779.8,277928.0
2024-02-08 22:00:00+00:00,17774.4,17989.2,17770.6,17961.8,267066.0
2024-02-11 22:00:00+00:00,17947.1,18043.4,17833.8,17851.6,265983.0
2024-02-12 22:00:00+00:00,17853.1,17885.4,17479.4,17635.4,402498.0
2024-02-13 22:00:00+00:00,17619.4,17820.8,17601.2,17806.8,354404.0
2024-02-14 22:00:00+00:00,17802.2,17902.8,17712.8,17893.2,329822.0
2024-02-15 22:00:00+00:00,17889.3,17960.0,17652.0,17659.2,357965.0
2024-02-18 22:00:00+00:00,17682.4,17744.2,17676.1,17726.8,93456.0
2024-02-19 22:00:00+00:00,17723.2,17723.5,17389.6,17530.8,376650.0
2024-02-20 22:00:00+00:00,17515.4,17648.2,17324.4,17648.2,354820.0
2024-02-21 22:00:00+00:00,17642.3,18037.8,17625.8,17974.8,365259.0
2024-02-22 22:00:00+00:00,17983.4,18095.4,17897.0,17917.1,332151.0
2024-02-25 22:00:00+00:00,17906.4,18016.8,17876.2,17912.5,282308.0
2024-02-26 22:00:00+00:00,17905.4,18002.0,17870.7,17976.0,295105.0
2024-02-27 22:00:00+00:00,17973.7,17979.6,17814.4,17829.3,276925.0
2024-02-28 22:00:00+00:00,17842.4,18076.7,17794.0,18036.6,318071.0
2024-02-29 22:00:00+00:00,18044.8,18339.6,17997.7,18287.5,294780.0
2024-03-03 22:00:00+00:00,18319.2,18343.2,18208.5,18217.1,278212.0
2024-03-04 22:00:00+00:00,18222.7,18225.8,17810.8,17963.4,335636.0
2024-03-05 22:00:00+00:00,17951.6,18152.3,17920.8,18021.6,367146.0
2024-03-06 22:00:00+00:00,18023.2,18340.6,17895.0,18233.4,346842.0
2024-03-07 22:00:00+00:00,18261.6,18416.8,17995.5,18037.1,469453.0
2024-03-10 21:00:00+00:00,18024.4,18037.8,17873.4,18000.3,370014.0
2024-03-11 21:00:00+00:00,18013.4,18262.8,17927.6,18246.4,339430.0
2024-03-12 21:00:00+00:00,18240.0,18278.6,18056.9,18130.0,305052.0
2024-03-13 21:00:00+00:00,18120.2,18201.0,17937.4,18042.8,356795.0
2024-03-14 21:00:00+00:00,18030.8,18098.6,17787.4,17844.4,324548.0
2024-03-17 21:00:00+00:00,17852.6,18161.6,17843.5,18011.5,297261.0
2024-03-18 21:00:00+00:00,18001.6,18081.6,17838.5,18066.0,307211.0
2024-03-19 21:00:00+00:00,18064.4,18333.9,18016.5,18325.8,302705.0
2024-03-20 21:00:00+00:00,18320.5,18497.0,18316.0,18366.4,288739.0
2024-03-21 21:00:00+00:00,18367.6,18417.3,18279.8,18355.4,286790.0
2024-03-24 21:00:00+00:00,18368.8,18392.2,18207.0,18330.4,248978.0
2024-03-25 21:00:00+00:00,18334.3,18417.8,18241.6,18281.2,276848.0
2024-03-26 21:00:00+00:00,18276.2,18372.5,18179.5,18311.1,289872.0
2024-03-27 21:00:00+00:00,18294.8,18342.9,18254.4,18271.1,291345.0
2024-03-31 21:00:00+00:00,18349.4,18418.2,18221.3,18314.3,236483.0
2024-04-01 21:00:00+00:00,18307.2,18326.0,18016.9,18165.8,290452.0
2024-04-02 21:00:00+00:00,18157.2,18271.3,18051.9,18210.5,281327.0
2024-04-03 21:00:00+00:00,18203.8,18387.8,17876.5,17893.9,326185.0
2024-04-04 21:00:00+00:00,17928.8,18234.7,17873.4,18137.0,373995.0
2024-04-07 21:00:00+00:00,18193.6,18202.1,18065.0,18137.0,290394.0
2024-04-08 21:00:00+00:00,18149.6,18240.8,17987.5,18216.0,325337.0
2024-04-09 21:00:00+00:00,18211.3,18302.8,17888.0,18028.7,408637.0
2024-04-10 21:00:00+00:00,18014.8,18359.3,17929.2,18327.0,357586.0
2024-04-11 21:00:00+00:00,18320.4,18348.1,17964.6,18017.0,384869.0
2024-04-14 21:00:00+00:00,18033.1,18195.0,17694.8,17735.6,409498.0
2024-04-15 21:00:00+00:00,17734.6,17845.6,17645.3,17749.6,420524.0
2024-04-16 21:00:00+00:00,17768.5,17826.2,17478.0,17526.0,390201.0
2024-04-17 21:00:00+00:00,17544.0,17631.9,17372.6,17396.2,358814.0
2024-04-18 21:00:00+00:00,17403.0,17418.8,16985.3,17052.5,525022.0
2024-04-21 21:00:00+00:00,17109.6,17327.9,17020.0,17223.3,330272.0
2024-04-22 21:00:00+00:00,17244.0,17545.6,17166.5,17538.3,327793.0
2024-04-23 21:00:00+00:00,17558.6,17675.0,17362.0,17384.6,341871.0
2024-04-24 21:00:00+00:00,17335.6,17712.2,17188.0,17695.6,430137.0
2024-04-25 21:00:00+00:00,17664.3,17787.4,17553.0,17724.1,366235.0
2024-04-28 21:00:00+00:00,17753.8,17835.3,17685.2,17806.9,349634.0
2024-04-29 21:00:00+00:00,17807.6,17813.8,17374.8,17410.8,322979.0
2024-04-30 21:00:00+00:00,17382.1,17693.1,17300.3,17378.6,406930.0
2024-05-01 21:00:00+00:00,17394.6,17657.5,17288.8,17643.6,352051.0
2024-05-02 21:00:00+00:00,17636.4,17950.4,17622.1,17926.5,322846.0
2024-05-05 21:00:00+00:00,17939.0,18103.4,17886.2,18087.2,231251.0
2024-05-06 21:00:00+00:00,18079.3,18167.6,18051.7,18100.3,270568.0
2024-05-07 21:00:00+00:00,18093.0,18144.8,17975.1,18070.5,245167.0
2024-05-08 21:00:00+00:00,18063.7,18143.7,18008.6,18125.8,261986.0
2024-05-09 21:00:00+00:00,18121.4,18249.7,18094.6,18153.8,246910.0
2024-05-12 21:00:00+00:00,18146.2,18246.0,18139.2,18200.3,233316.0
2024-05-13 21:00:00+00:00,18194.0,18353.8,18080.2,18331.5,305948.0
2024-05-14 21:00:00+00:00,18324.2,18624.7,18311.1,18612.4,306706.0
2024-05-15 21:00:00+00:00,18607.0,18675.2,18551.9,18555.1,310076.0
2024-05-16 21:00:00+00:00,18564.4,18604.6,18466.4,18556.5,270362.0
2024-05-19 21:00:00+00:00,18564.9,18707.9,18556.9,18669.8,170552.0
2024-05-20 21:00:00+00:00,18675.8,18732.6,18602.2,18722.5,221923.0
2024-05-21 21:00:00+00:00,18722.4,18818.3,18608.3,18746.3,274660.0
2024-05-22 21:00:00+00:00,18795.0,18950.0,18549.3,18617.8,336532.0
2024-05-23 21:00:00+00:00,18618.0,18858.0,18614.2,18804.0,275449.0
2024-05-26 21:00:00+00:00,18806.8,18887.9,18766.2,18883.4,65691.0
2024-05-27 21:00:00+00:00,18869.2,18913.1,18751.8,18897.4,304739.0
2024-05-28 21:00:00+00:00,18892.5,18893.5,18689.3,18695.3,298456.0
2024-05-29 21:00:00+00:00,18709.8,18734.0,18499.3,18544.1,308393.0
2024-05-30 21:00:00+00:00,18516.5,18617.4,18191.1,18526.0,365755.0
2024-06-02 21:00:00+00:00,18547.9,18708.9,18389.5,18616.8,348376.0
2024-06-03 21:00:00+00:00,18611.2,18708.8,18463.5,18666.6,333521.0
2024-06-04 21:00:00+00:00,18674.6,19051.5,18656.8,19048.4,276924.0
2024-06-05 21:00:00+00:00,19038.7,19083.0,18985.0,19035.0,297579.0
2024-06-06 21:00:00+00:00,19027.8,19123.8,18904.1,18999.0,338821.0
2024-06-09 21:00:00+00:00,18991.0,19104.6,18942.2,19082.0,317017.0
2024-06-10 21:00:00+00:00,19074.6,19236.0,18969.6,19227.9,336429.0
2024-06-11 21:00:00+00:00,19219.2,19593.1,19212.6,19586.2,395522.0
2024-06-12 21:00:00+00:00,19572.2,19668.4,19481.4,19588.2,295770.0
2024-06-13 21:00:00+00:00,19573.0,19679.4,19478.8,19673.4,342819.0
2024-06-16 21:00:00+00:00,19657.6,19990.1,19620.6,19908.8,328364.0
2024-06-17 21:00:00+00:00,19910.8,19991.6,19855.4,19956.5,312601.0
2024-06-18 21:00:00+00:00,19958.6,20003.6,19953.6,19989.5,61016.0
2024-06-19 21:00:00+00:00,19996.6,20128.9,19727.1,19822.5,406061.0
2024-06-20 21:00:00+00:00,19813.2,19853.4,19682.1,19780.6,304098.0
2024-06-23 21:00:00+00:00,19781.2,19799.7,19507.8,19529.3,344347.0
2024-06-24 21:00:00+00:00,19547.4,19763.2,19506.2,19751.6,316624.0
2024-06-25 21:00:00+00:00,19749.8,19852.9,19684.0,19738.0,333763.0
2024-06-26 21:00:00+00:00,19747.2,19901.1,19659.1,19854.1,318368.0
2024-06-27 21:00:00+00:00,19851.8,20057.9,19694.3,19754.9,354243.0
2024-06-30 21:00:00+00:00,19756.6,19872.0,19599.5,19839.6,380655.0
2024-07-01 21:00:00+00:00,19847.4,20058.2,19708.0,20038.2,342742.0
2024-07-02 21:00:00+00:00,20036.8,20233.7,20002.8,20214.6,229620.0
2024-07-03 21:00:00+00:00,20203.8,20216.1,20168.6,20178.1,58563.0
2024-07-04 21:00:00+00:00,20171.2,20438.3,20171.2,20393.6,316219.0
2024-07-07 21:00:00+00:00,20385.8,20494.4,20378.2,20488.6,300572.0
2024-07-08 21:00:00+00:00,20480.5,20578.3,20425.0,20496.3,330536.0
2024-07-09 21:00:00+00:00,20495.2,20725.5,20493.8,20703.6,305489.0
2024-07-10 21:00:00+00:00,20700.7,20792.0,20191.8,20249.6,408653.0
2024-07-11 21:00:00+00:00,20253.6,20558.8,20151.0,20357.0,383485.0
2024-07-14 21:00:00+00:00,20377.6,20614.6,20324.5,20441.4,371900.0
2024-07-15 21:00:00+00:00,20451.8,20501.8,20295.6,20420.9,351819.0
2024-07-16 21:00:00+00:00,20414.2,20428.0,19804.7,19852.4,459438.0
2024-07-17 21:00:00+00:00,19883.1,20001.0,19600.9,19789.2,532408.0
2024-07-18 21:00:00+00:00,19791.3,19821.0,19501.0,19552.2,487909.0
2024-07-21 21:00:00+00:00,19585.9,19899.3,19565.8,19835.8,441966.0
2024-07-22 21:00:00+00:00,19838.9,19940.6,19723.4,19814.2,369035.0
2024-07-23 21:00:00+00:00,19690.4,19710.9,19033.0,19130.6,411951.0
2024-07-24 21:00:00+00:00,19135.8,19261.7,18747.8,18858.4,623430.0
2024-07-25 21:00:00+00:00,18889.1,19168.7,18865.4,19044.5,506047.0
2024-07-28 21:00:00+00:00,19082.0,19248.0,18984.7,19097.8,464399.0
2024-07-29 21:00:00+00:00,19107.5,19198.3,18613.4,18757.8,508539.0
2024-07-30 21:00:00+00:00,18761.4,19527.4,18752.4,19461.2,549065.0
2024-07-31 21:00:00+00:00,19471.5,19598.8,18736.4,18848.9,657240.0
2024-08-01 21:00:00+00:00,18855.8,18858.9,18267.9,18409.8,663325.0
2024-08-04 21:00:00+00:00,18240.3,18281.6,17248.4,18047.6,589597.0
2024-08-05 21:00:00+00:00,18117.0,18390.4,17872.0,17996.4,589312.0
2024-08-06 21:00:00+00:00,17963.0,18465.7,17743.8,17763.7,582571.0
2024-08-07 21:00:00+00:00,17804.4,18503.5,17652.3,18472.4,521742.0
2024-08-08 21:00:00+00:00,18463.4,18584.8,18292.8,18507.6,455278.0
2024-08-11 21:00:00+00:00,18532.1,18673.3,18425.1,18544.6,354019.0
2024-08-12 21:00:00+00:00,18560.0,19037.9,18544.2,19014.4,328701.0
2024-08-13 21:00:00+00:00,19030.7,19122.0,18842.5,19060.1,391727.0
2024-08-14 21:00:00+00:00,19051.8,19518.0,19015.4,19479.2,318745.0
2024-08-15 21:00:00+00:00,19480.1,19593.6,19359.2,19523.4,327936.0
2024-08-18 21:00:00+00:00,19537.2,19793.4,19439.2,19775.9,297827.0
2024-08-19 21:00:00+00:00,19797.1,19852.4,19664.7,19728.0,324289.0
2024-08-20 21:00:00+00:00,19729.9,19905.7,19695.8,19844.2,356845.0
2024-08-21 21:00:00+00:00,19844.5,19948.2,19470.1,19546.4,437655.0
2024-08-22 21:00:00+00:00,19546.4,19831.1,19524.6,19707.8,390235.0
2024-08-25 21:00:00+00:00,19722.2,19777.6,19438.5,19494.2,382828.0
2024-08-26 21:00:00+00:00,19505.4,19635.0,19382.9,19573.8,334172.0
2024-08-27 21:00:00+00:00,19582.0,19630.8,19175.6,19250.0,416163.0
2024-08-28 21:00:00+00:00,19154.4,19638.8,19088.0,19398.6,466895.0
2024-08-29 21:00:00+00:00,19401.2,19583.4,19318.0,19545.6,394047.0
2024-09-01 21:00:00+00:00,19562.8,19619.8,19462.0,19597.2,88627.0
2024-09-02 21:00:00+00:00,19614.0,19632.7,18873.8,18949.8,459112.0
2024-09-03 21:00:00+00:00,18960.3,19075.8,18787.6,18928.0,467917.0
2024-09-04 21:00:00+00:00,18940.3,19114.0,18793.2,18888.6,439351.0
2024-09-05 21:00:00+00:00,18893.2,18935.2,18309.8,18338.4,527200.0
2024-09-08 21:00:00+00:00,18385.0,18712.0,18356.5,18694.4,418389.0
2024-09-09 21:00:00+00:00,18711.8,18854.0,18560.4,18809.9,404529.0
2024-09-10 21:00:00+00:00,18810.8,19275.6,18525.3,19227.0,511523.0
2024-09-11 21:00:00+00:00,19214.8,19467.4,19167.3,19397.1,449546.0
2024-09-12 21:00:00+00:00,19399.0,19559.0,19380.4,19491.7,366700.0
2024-09-15 21:00:00+00:00,19498.8,19530.6,19283.6,19423.2,340423.0
2024-09-16 21:00:00+00:00,19431.2,19619.8,19354.8,19473.9,427566.0
2024-09-17 21:00:00+00:00,19471.5,19698.4,19361.5,19423.2,402444.0
2024-09-18 21:00:00+00:00,19443.2,20002.5,19433.2,19857.6,439460.0
2024-09-19 21:00:00+00:00,19865.8,19888.8,19659.8,19820.8,353580.0
2024-09-22 21:00:00+00:00,19823.6,19968.5,19760.8,19871.9,325632.0
2024-09-23 21:00:00+00:00,19871.0,20026.3,19764.6,19999.8,332109.0
2024-09-24 21:00:00+00:00,19999.0,20084.9,19878.0,20055.6,306414.0
2024-09-25 21:00:00+00:00,20054.6,20351.4,20002.2,20162.6,382876.0
2024-09-26 21:00:00+00:00,20167.0,20213.2,19994.0,20018.8,371330.0
2024-09-29 21:00:00+00:00,20021.0,20113.4,19884.5,20070.2,372968.0
2024-09-30 21:00:00+00:00,20069.8,20158.0,19645.2,19796.1,459451.0
2024-10-01 21:00:00+00:00,19808.4,19917.0,19661.5,19888.9,374890.0
2024-10-02 21:00:00+00:00,19882.6,19943.2,19681.6,19792.6,411954.0
2024-10-03 21:00:00+00:00,19788.6,20095.4,19774.0,20030.9,415680.0
2024-10-06 21:00:00+00:00,20066.0,20096.8,19787.1,19855.2,402071.0
2024-10-07 21:00:00+00:00,19866.0,20169.8,19740.5,20126.0,371777.0
2024-10-08 21:00:00+00:00,20125.2,20324.5,20036.6,20287.1,333799.0
2024-10-09 21:00:00+00:00,20284.2,20349.8,20143.5,20281.3,361756.0
2024-10-10 21:00:00+00:00,20275.3,20338.0,20158.5,20258.3,279743.0
2024-10-13 21:00:00+00:00,20270.0,20523.3,20227.6,20488.6,250875.0
2024-10-14 21:00:00+00:00,20482.2,20512.0,20110.5,20187.9,401097.0
2024-10-15 21:00:00+00:00,20192.4,20254.0,20062.8,20190.4,315998.0
2024-10-16 21:00:00+00:00,20195.6,20454.5,20137.6,20248.2,378106.0
2024-10-17 21:00:00+00:00,20249.6,20391.9,20183.4,20348.1,267684.0
2024-10-20 21:00:00+00:00,20368.0,20420.3,20209.0,20416.6,302779.0
2024-10-21 21:00:00+00:00,20410.8,20477.3,20233.9,20399.6,312233.0
2024-10-22 21:00:00+00:00,20379.8,20417.8,19958.6,20155.4,362317.0
2024-10-23 21:00:00+00:00,20174.1,20306.3,20141.5,20266.8,329993.0
2024-10-24 21:00:00+00:00,20269.2,20589.5,20246.4,20359.6,338732.0
2024-10-27 21:00:00+00:00,20430.8,20559.3,20374.1,20397.3,344414.0
2024-10-28 21:00:00+00:00,20399.3,20654.7,20320.3,20601.0,330743.0
2024-10-29 21:00:00+00:00,20617.7,20683.1,20370.4,20400.9,374249.0
2024-10-30 21:00:00+00:00,20387.0,20390.8,19910.9,19941.0,450020.0
2024-10-31 21:00:00+00:00,19985.5,20190.0,19919.2,20072.8,430940.0
2024-11-03 22:00:00+00:00,20006.1,20151.2,19916.0,20018.8,384367.0
2024-11-04 22:00:00+00:00,20031.0,20298.0,19953.6,20270.3,334564.0
2024-11-05 22:00:00+00:00,20268.6,20848.1,20236.5,20841.4,474715.0
2024-11-06 22:00:00+00:00,20822.2,21166.2,20773.8,21138.9,346205.0
2024-11-07 22:00:00+00:00,21125.8,21174.8,21032.0,21138.6,299392.0
2024-11-10 22:00:00+00:00,21175.4,21250.3,21018.5,21133.6,307615.0
2024-11-11 22:00:00+00:00,21128.4,21171.5,20977.9,21104.9,354369.0
2024-11-12 22:00:00+00:00,21089.4,21191.0,20980.5,21088.7,392082.0
2024-11-13 22:00:00+00:00,21079.0,21115.4,20878.6,20907.4,414332.0
2024-11-14 22:00:00+00:00,20890.9,20891.2,20335.8,20431.8,432250.0
2024-11-17 22:00:00+00:00,20420.6,20652.3,20404.8,20566.1,346266.0
2024-11-18 22:00:00+00:00,20555.9,20730.5,20318.0,20695.2,405998.0
2024-11-19 22:00:00+00:00,20695.2,20781.0,20415.4,20682.1,414096.0
2024-11-20 22:00:00+00:00,20660.0,20842.4,20451.4,20737.2,530209.0
2024-11-21 22:00:00+00:00,20713.8,20821.1,20633.2,20817.7,448268.0
2024-11-24 22:00:00+00:00,20880.8,21021.8,20729.2,20849.0,378767.0
2024-11-25 22:00:00+00:00,20863.5,20973.1,20704.0,20954.2,370579.0
2024-11-26 22:00:00+00:00,20918.8,20968.2,20628.4,20759.0,326909.0
2024-11-27 22:00:00+00:00,20770.0,20862.3,20770.0,20839.4,65692.0
2024-11-28 22:00:00+00:00,20837.8,20973.9,20757.8,20946.0,205035.0
2024-12-01 22:00:00+00:00,20955.0,21223.7,20897.2,21175.0,304496.0
2024-12-02 22:00:00+00:00,21170.9,21294.8,21098.0,21293.2,280630.0
2024-12-03 22:00:00+00:00,21280.5,21516.5,21272.2,21484.4,289329.0
2024-12-04 22:00:00+00:00,21471.6,21536.2,21406.6,21423.1,274755.0
2024-12-05 22:00:00+00:00,21419.8,21635.0,21390.9,21601.3,283945.0
2024-12-08 22:00:00+00:00,21597.8,21673.4,21404.1,21454.6,292954.0
2024-12-09 22:00:00+00:00,21453.0,21581.9,21330.5,21411.3,308004.0
2024-12-10 22:00:00+00:00,21414.8,21800.0,21383.6,21736.3,290108.0
2024-12-11 22:00:00+00:00,21737.2,21752.5,21588.0,21617.6,280558.0
2024-12-12 22:00:00+00:00,21711.9,21889.2,21648.6,21744.0,341872.0
2024-12-15 22:00:00+00:00,21752.0,22135.4,21745.6,22095.0,343242.0
2024-12-16 22:00:00+00:00,22093.0,22108.0,21926.0,22013.5,370499.0
2024-12-17 22:00:00+00:00,21994.4,22097.5,21051.4,21201.6,442667.0
2024-12-18 22:00:00+00:00,21226.8,21437.8,21115.5,21179.5,583403.0
2024-12-19 22:00:00+00:00,21189.8,21610.0,20775.0,21352.2,609885.0
2024-12-22 22:00:00+00:00,21452.4,21586.8,21281.6,21546.8,429028.0
2024-12-23 22:00:00+00:00,21557.1,21859.5,21519.3,21856.6,193987.0
2024-12-25 22:00:00+00:00,21866.0,21920.6,21680.5,21795.9,301247.0
2024-12-26 22:00:00+00:00,21807.5,21821.8,21320.5,21541.6,427464.0
2024-12-29 22:00:00+00:00,21560.6,21562.2,21074.6,21217.8,418599.0
2024-12-30 22:00:00+00:00,21217.2,21354.7,21015.3,21068.2,394890.0
2025-01-01 22:00:00+00:00,21094.2,21323.4,20823.6,21023.8,553018.0
2025-01-02 22:00:00+00:00,21020.4,21397.3,20981.4,21327.7,362766.0
2025-01-05 22:00:00+00:00,21369.0,21734.5,21317.4,21617.6,435429.0
2025-01-06 22:00:00+00:00,21625.8,21648.0,21126.7,21219.8,490891.0
2025-01-07 22:00:00+00:00,21209.8,21293.3,21016.6,21179.4,511367.0
2025-01-08 22:00:00+00:00,21175.2,21197.2,21068.0,21154.0,92684.0
2025-01-09 22:00:00+00:00,21156.4,21221.8,20725.2,20847.8,521954.0
2025-01-12 22:00:00+00:00,20848.6,20893.4,20551.6,20858.1,513077.0
2025-01-13 22:00:00+00:00,20894.8,21009.6,20641.3,20845.0,507280.0
2025-01-14 22:00:00+00:00,20837.3,21318.7,20776.3,21242.6,395476.0
2025-01-15 22:00:00+00:00,21250.4,21431.8,21041.0,21082.3,483974.0
2025-01-16 22:00:00+00:00,21087.2,21548.5,21077.8,21456.2,380306.0
2025-01-19 22:00:00+00:00,21480.4,21647.7,21397.6,21557.4,172713.0
2025-01-20 22:00:00+00:00,21562.8,21662.2,21249.9,21652.2,415107.0
2025-01-21 22:00:00+00:00,21662.5,21972.4,21648.3,21862.1,334794.0
2025-01-22 22:00:00+00:00,21858.4,21932.4,21734.9,21906.6,331872.0
2025-01-23 22:00:00+00:00,21893.4,21960.3,21728.5,21792.6,360940.0
2025-01-26 22:00:00+00:00,21579.2,21607.7,20648.9,21190.2,802820.0
2025-01-27 22:00:00+00:00,21233.0,21513.4,21049.3,21443.6,501038.0
2025-01-28 22:00:00+00:00,21423.8,21585.2,21256.3,21468.9,500955.0
2025-01-29 22:00:00+00:00,21424.6,21636.3,21307.6,21497.0,517038.0
2025-01-30 22:00:00+00:00,21577.4,21853.6,21424.6,21447.1,504595.0
2025-02-02 22:00:00+00:00,20982.0,21467.4,20868.5,21440.8,627933.0
2025-02-03 22:00:00+00:00,21471.8,21592.4,21133.8,21479.4,430286.0
2025-02-04 22:00:00+00:00,21480.0,21700.3,21331.4,21674.4,395476.0
2025-02-05 22:00:00+00:00,21664.6,21787.5,21611.6,21752.6,350292.0
2025-02-06 22:00:00+00:00,21724.5,21871.9,21463.0,21487.3,472661.0
2025-02-09 22:00:00+00:00,21396.7,21799.8,21396.7,21751.6,293408.0
2025-02-10 22:00:00+00:00,21737.8,21785.4,21584.3,21722.2,315586.0
2025-02-11 22:00:00+00:00,21733.4,21791.3,21436.6,21787.3,398588.0
2025-02-12 22:00:00+00:00,21788.6,22053.6,21682.4,22008.9,397819.0
2025-02-13 22:00:00+00:00,22013.0,22152.2,21970.0,22136.7,295298.0
2025-02-16 22:00:00+00:00,22153.4,22210.8,22122.0,22161.6,83053.0
2025-02-17 22:00:00+00:00,22160.4,22248.0,22032.3,22160.5,322368.0
2025-02-18 22:00:00+00:00,22182.6,22241.3,22057.1,22165.6,320297.0
2025-02-19 22:00:00+00:00,22166.3,22172.8,21889.1,22074.6,371498.0
2025-02-20 22:00:00+00:00,22078.0,22182.5,21595.6,21603.5,457721.0
2025-02-23 22:00:00+00:00,21651.3,21754.1,21358.8,21380.6,510711.0
2025-02-24 22:00:00+00:00,21391.9,21402.4,20942.0,21149.0,628562.0
2025-02-25 22:00:00+00:00,21190.6,21365.9,21021.6,21224.6,536402.0
2025-02-26 22:00:00+00:00,21210.4,21343.4,20543.2,20598.4,637254.0
2025-02-27 22:00:00+00:00,20622.6,20904.7,20417.4,20867.6,661967.0
2025-03-02 22:00:00+00:00,20958.9,21081.0,20278.0,20488.2,674547.0
2025-03-03 22:00:00+00:00,20460.0,20703.4,20035.6,20511.8,806276.0
2025-03-04 22:00:00+00:00,20510.8,20697.3,20186.2,20590.0,699721.0
2025-03-05 22:00:00+00:00,20585.6,20618.0,19976.6,20159.4,721585.0
2025-03-06 22:00:00+00:00,20176.3,20260.8,19736.7,20175.4,722628.0
2025-03-09 21:00:00+00:00,20048.2,20129.0,19253.8,19458.2,712926.0
2025-03-10 21:00:00+00:00,19418.0,19667.6,19124.9,19386.0,745340.0
2025-03-11 21:00:00+00:00,19405.2,19771.3,19370.8,19557.6,661609.0
2025-03-12 21:00:00+00:00,19556.8,19678.6,19157.7,19282.1,671546.0
2025-03-13 21:00:00+00:00,19296.6,19727.0,19289.8,19649.2,565204.0
2025-03-16 21:00:00+00:00,19658.0,19952.3,19535.8,19823.8,562286.0
2025-03-17 21:00:00+00:00,19834.1,19851.4,19395.8,19506.5,578950.0
2025-03-18 21:00:00+00:00,19502.0,19963.4,19463.0,19767.7,455999.0
2025-03-19 21:00:00+00:00,19778.4,19923.7,19554.2,19714.0,472174.0
2025-03-20 21:00:00+00:00,19715.2,19802.2,19423.3,19794.4,492134.0
2025-03-23 21:00:00+00:00,19887.6,20234.0,19881.6,20182.8,363738.0
2025-03-24 21:00:00+00:00,20187.4,20350.7,20118.6,20340.2,328448.0
2025-03-25 21:00:00+00:00,20337.0,20363.2,19871.7,19912.7,444933.0
2025-03-26 21:00:00+00:00,19869.0,20025.4,19764.8,19833.2,548197.0
2025-03-27 21:00:00+00:00,19829.7,19846.4,19209.2,19213.3,539488.0
2025-03-30 21:00:00+00:00,19141.4,19341.8,18817.8,19263.5,690655.0
2025-03-31 21:00:00+00:00,19255.2,19496.2,19113.5,19447.8,668624.0
2025-04-01 21:00:00+00:00,19457.8,19895.0,18928.4,18975.0,678863.0
2025-04-02 21:00:00+00:00,18873.8,19025.1,18472.0,18506.8,771414.0
2025-04-03 21:00:00+00:00,18526.4,18570.8,17259.6,17364.2,1067680.0
2025-04-06 21:00:00+00:00,16548.0,18230.3,16335.1,17508.3,1034023.0
2025-04-07 21:00:00+00:00,17553.6,18232.8,16851.0,17100.2,952859.0
2025-04-08 21:00:00+00:00,17090.8,19268.2,16614.2,19238.4,984787.0
2025-04-09 21:00:00+00:00,19152.8,19268.0,17804.4,18382.4,1048447.0
2025-04-10 21:00:00+00:00,18392.7,18751.0,17956.8,18694.1,874745.0
2025-04-13 21:00:00+00:00,18982.0,19133.5,18616.2,18791.9,701386.0
2025-04-14 21:00:00+00:00,18774.6,19026.4,18692.8,18814.8,586869.0
2025-04-15 21:00:00+00:00,18590.6,18741.6,18003.8,18255.9,665553.0
2025-04-16 21:00:00+00:00,18289.8,18539.0,18149.0,18319.6,661750.0
2025-04-20 21:00:00+00:00,18243.2,18264.2,17592.4,17803.5,454115.0
2025-04-21 21:00:00+00:00,17806.3,18415.9,17756.3,18258.6,551334.0
2025-04-22 21:00:00+00:00,18589.4,19067.8,18527.1,18756.0,690026.0
2025-04-23 21:00:00+00:00,18690.9,19319.9,18495.0,19251.6,515511.0
2025-04-24 21:00:00+00:00,19281.0,19490.8,19118.2,19452.4,564058.0
2025-04-27 21:00:00+00:00,19404.5,19524.6,19159.8,19388.1,471742.0
2025-04-28 21:00:00+00:00,19378.0,19597.0,19287.2,19524.0,508019.0
2025-04-29 21:00:00+00:00,19492.4,19789.4,19013.0,19757.2,596883.0
2025-04-30 21:00:00+00:00,19758.9,20037.0,19667.7,19708.5,524690.0
2025-05-01 21:00:00+00:00,19697.5,20186.7,19658.8,20112.3,524589.0
2025-05-04 21:00:00+00:00,20086.0,20108.8,19878.8,19958.1,413874.0
2025-05-05 21:00:00+00:00,19942.2,19953.8,19656.8,19772.3,474381.0
2025-05-06 21:00:00+00:00,19867.3,20054.6,19602.8,19883.0,592769.0
2025-05-07 21:00:00+00:00,19856.8,20261.3,19835.6,20079.6,520426.0
2025-05-08 21:00:00+00:00,20099.8,20212.0,19981.8,20066.1,449628.0
2025-05-11 21:00:00+00:00,20362.6,20923.2,20301.1,20884.6,504169.0
2025-05-12 21:00:00+00:00,20869.3,21273.9,20746.0,21181.5,419015.0
2025-05-13 21:00:00+00:00,21191.8,21348.5,21166.0,21327.8,426240.0
2025-05-14 21:00:00+00:00,21293.6,21455.1,21118.0,21325.2,425117.0
2025-05-15 21:00:00+00:00,21306.6,21437.7,21243.8,21333.0,344838.0
2025-05-18 21:00:00+00:00,21253.4,21476.5,21038.8,21448.5,401471.0
2025-05-19 21:00:00+00:00,21435.0,21495.0,21234.4,21358.8,378899.0
2025-05-20 21:00:00+00:00,21340.6,21496.5,21011.0,21082.4,500926.0
2025-05-21 21:00:00+00:00,21098.6,21277.7,20978.0,21153.0,472246.0
2025-05-22 21:00:00+00:00,21167.4,21171.8,20667.9,20897.4,498137.0
2025-05-25 21:00:00+00:00,20908.0,21251.2,20902.6,21222.9,130212.0
2025-05-26 21:00:00+00:00,21216.9,21440.8,21085.6,21427.8,326464.0
2025-05-27 21:00:00+00:00,21422.3,21519.6,21287.1,21478.4,361360.0
2025-05-28 21:00:00+00:00,21446.4,21813.6,21256.6,21338.6,541782.0
2025-05-29 21:00:00+00:00,21311.0,21391.2,21026.8,21322.8,511567.0
2025-06-01 21:00:00+00:00,21272.6,21541.9,21121.2,21517.1,412416.0
2025-06-02 21:00:00+00:00,21509.0,21727.1,21364.9,21655.2,359245.0
2025-06-03 21:00:00+00:00,21660.0,21767.9,21607.5,21714.7,360976.0
2025-06-04 21:00:00+00:00,21702.9,21899.5,21473.2,21484.2,498672.0
2025-06-05 21:00:00+00:00,21453.0,21843.0,21451.6,21781.0,418820.0
2025-06-08 21:00:00+00:00,21789.8,21862.2,21687.2,21799.4,323332.0
2025-06-09 21:00:00+00:00,21805.0,21972.6,21710.6,21932.8,390839.0
2025-06-10 21:00:00+00:00,21931.2,22074.2,21771.5,21861.6,439775.0
2025-06-11 21:00:00+00:00,21836.0,21957.8,21697.1,21893.8,378984.0
2025-06-12 21:00:00+00:00,21883.0,21888.8,21454.1,21637.6,545736.0
2025-06-15 21:00:00+00:00,21546.6,21981.1,21523.8,21930.5,376257.0
2025-06-16 21:00:00+00:00,21938.6,21940.4,21684.5,21739.8,470225.0
2025-06-17 21:00:00+00:00,21718.6,21881.6,21649.2,21768.2,388148.0
2025-06-18 21:00:00+00:00,21754.5,21759.0,21449.0,21498.6,167526.0
2025-06-19 21:00:00+00:00,21603.4,21925.6,21569.4,21677.4,415841.0
2025-06-22 21:00:00+00:00,21477.1,21903.6,21465.3,21879.5,466771.0
2025-06-23 21:00:00+00:00,21881.5,22257.5,21877.4,22221.5,332874.0
2025-06-24 21:00:00+00:00,22211.4,22358.0,22196.0,22279.3,311177.0
2025-06-25 21:00:00+00:00,22267.4,22505.2,22248.6,22484.6,285530.0
2025-06-26 21:00:00+00:00,22488.0,22632.8,22412.8,22551.6,341588.0
2025-06-29 21:00:00+00:00,22580.0,22751.4,22569.4,22688.3,300452.0
2025-06-30 21:00:00+00:00,22677.8,22733.6,22413.8,22510.8,370631.0
2025-07-01 21:00:00+00:00,22517.9,22679.4,22406.2,22675.2,290094.0
2025-07-02 21:00:00+00:00,22669.0,22922.3,22648.0,22867.2,188658.0
2025-07-03 21:00:00+00:00,22855.0,22881.3,22700.8,22723.8,113299.0
2025-07-06 21:00:00+00:00,22815.6,22844.8,22611.8,22669.2,366181.0
2025-07-07 21:00:00+00:00,22680.5,22802.6,22640.6,22736.6,311280.0
2025-07-08 21:00:00+00:00,22751.1,22945.0,22678.0,22878.7,281337.0
2025-07-09 21:00:00+00:00,22872.6,22925.8,22737.3,22849.2,265733.0
2025-07-10 21:00:00+00:00,22852.6,22887.1,22669.6,22779.0,324556.0
2025-07-13 21:00:00+00:00,22682.8,22908.9,22646.4,22887.0,275915.0
2025-07-14 21:00:00+00:00,22873.6,23071.5,22845.8,22868.3,361445.0
2025-07-15 21:00:00+00:00,22877.6,22953.9,22690.4,22915.8,371679.0
2025-07-16 21:00:00+00:00,22917.5,23133.8,22871.3,23119.8,249516.0
2025-07-17 21:00:00+00:00,23105.4,23175.4,23028.9,23085.2,245071.0
2025-07-20 21:00:00+00:00,23073.0,23288.0,23062.5,23210.1,201413.0
2025-07-21 21:00:00+00:00,23209.4,23232.1,22974.8,23065.9,294771.0
2025-07-22 21:00:00+00:00,23070.6,23288.0,23015.8,23281.5,304585.0
2025-07-23 21:00:00+00:00,23264.2,23295.3,23170.2,23267.1,265631.0
2025-07-24 21:00:00+00:00,23260.3,23351.8,23204.3,23320.1,216229.0
2025-07-27 21:00:00+00:00,23415.2,23460.6,23312.6,23395.8,229520.0
2025-07-28 21:00:00+00:00,23389.6,23535.8,23308.3,23337.0,259185.0
2025-07-29 21:00:00+00:00,23346.2,23576.8,23247.0,23546.6,334311.0
2025-07-30 21:00:00+00:00,23580.4,23732.5,23181.6,23218.3,474281.0
2025-07-31 21:00:00+00:00,23208.6,23236.8,22681.9,22766.4,619926.0
2025-08-03 21:00:00+00:00,22772.2,23254.8,22718.4,23254.7,334149.0
2025-08-04 21:00:00+00:00,23244.6,23306.3,22990.4,22991.2,405236.0
2025-08-05 21:00:00+00:00,23012.1,23351.8,22951.4,23318.1,353507.0
2025-08-06 21:00:00+00:00,23318.0,23578.2,23238.6,23426.3,461269.0
2025-08-07 21:00:00+00:00,23427.5,23677.5,23411.0,23676.4,270725.0
2025-08-10 21:00:00+00:00,23667.0,23711.5,23502.8,23541.6,265260.0
2025-08-11 21:00:00+00:00,23555.4,23870.1,23511.2,23867.4,314105.0
2025-08-12 21:00:00+00:00,23855.3,23986.0,23806.1,23846.4,271950.0
2025-08-13 21:00:00+00:00,23842.0,23924.7,23712.8,23808.3,335918.0
2025-08-14 21:00:00+00:00,23802.4,23882.7,23658.0,23721.1,312901.0
2025-08-17 21:00:00+00:00,23739.5,23804.2,23641.6,23720.7,253113.0
2025-08-18 21:00:00+00:00,23734.0,23768.4,23360.9,23408.0,343710.0
2025-08-19 21:00:00+00:00,23411.2,23420.2,22970.0,23258.2,488639.0
2025-08-20 21:00:00+00:00,23268.8,23304.3,23056.6,23158.4,413060.0
2025-08-21 21:00:00+00:00,23169.0,23584.6,23013.2,23516.7,400395.0
2025-08-24 21:00:00+00:00,23522.8,23557.3,23381.5,23449.5,277727.0
2025-08-25 21:00:00+00:00,23444.8,23558.7,23316.6,23554.9,319508.0
2025-08-26 21:00:00+00:00,23561.0,23620.4,23386.2,23491.4,273081.0
2025-08-27 21:00:00+00:00,23480.6,23755.7,23438.6,23713.9,316657.0
2025-08-28 21:00:00+00:00,23708.1,23712.6,23353.8,23412.5,367795.0
2025-08-31 21:00:00+00:00,23418.8,23506.5,23326.0,23453.2,98422.0
2025-09-01 21:00:00+00:00,23448.6,23450.5,22979.2,23342.2,456886.0
2025-09-02 21:00:00+00:00,23341.4,23489.5,23264.2,23421.9,389036.0
2025-09-03 21:00:00+00:00,23410.1,23676.3,23375.8,23653.8,307251.0
2025-09-04 21:00:00+00:00,23663.2,23867.0,23470.5,23639.9,509454.0
2025-09-07 21:00:00+00:00,23639.8,23853.6,23616.4,23769.0,293760.0
2025-09-08 21:00:00+00:00,23779.4,23891.4,23698.8,23864.6,337944.0
2025-09-09 21:00:00+00:00,23876.6,24018.8,23763.2,23838.8,330693.0
2025-09-10 21:00:00+00:00,23840.8,24024.5,23819.8,23989.6,329924.0
2025-09-11 21:00:00+00:00,23995.2,24141.2,23949.0,24096.4,263234.0
2025-09-14 21:00:00+00:00,24093.3,24304.0,24056.8,24287.0,274900.0
2025-09-15 21:00:00+00:00,24279.2,24392.5,24247.3,24285.2,286428.0
2025-09-16 21:00:00+00:00,24287.0,24340.8,24022.0,24289.8,393765.0
2025-09-17 21:00:00+00:00,24296.2,24608.8,24288.8,24509.5,352761.0
2025-09-18 21:00:00+00:00,24514.7,24682.1,24446.7,24653.4,314603.0
2025-09-21 21:00:00+00:00,24648.6,24825.1,24540.2,24793.8,305786.0
2025-09-22 21:00:00+00:00,24788.2,24824.2,24581.9,24636.8,343224.0
2025-09-23 21:00:00+00:00,24647.9,24713.1,24432.9,24549.9,321467.0
2025-09-24 21:00:00+00:00,24555.0,24596.7,24227.2,24445.5,437499.0
2025-09-25 21:00:00+00:00,24439.4,24557.5,24327.7,24537.3,474375.0
2025-09-28 21:00:00+00:00,24547.5,24785.0,24535.2,24630.2,320085.0
2025-09-29 21:00:00+00:00,24637.2,24734.2,24538.8,24659.6,403161.0
2025-09-30 21:00:00+00:00,24667.4,24855.8,24452.7,24830.1,364849.0
2025-10-01 21:00:00+00:00,24827.2,25001.1,24815.0,24929.7,337689.0
2025-10-02 21:00:00+00:00,24916.9,25016.4,24745.6,24805.0,366782.0
2025-10-05 21:00:00+00:00,24837.0,25082.6,24832.9,25011.8,352415.0
2025-10-06 21:00:00+00:00,25021.0,25104.7,24818.0,24892.2,397902.0
2025-10-07 21:00:00+00:00,24899.0,25200.0,24859.2,25186.8,310572.0
2025-10-08 21:00:00+00:00,25184.1,25228.2,24998.4,25122.3,346711.0
2025-10-09 21:00:00+00:00,25131.2,25225.3,23998.6,24017.8,736798.0
2025-10-12 21:00:00+00:00,24575.8,24808.3,24457.1,24752.0,569201.0
2025-10-13 21:00:00+00:00,24762.8,24890.2,24269.8,24606.4,705763.0
2025-10-14 21:00:00+00:00,24644.2,24969.8,24519.0,24801.6,592943.0
2025-10-15 21:00:00+00:00,24800.6,25034.5,24501.8,24650.2,739811.0
2025-10-16 21:00:00+00:00,24679.9,24917.1,24268.2,24895.9,798741.0
2025-10-19 21:00:00+00:00,24948.0,25222.1,24820.6,25193.4,367035.0
2025-10-20 21:00:00+00:00,25192.8,25236.8,25072.4,25136.4,376581.0
2025-10-21 21:00:00+00:00,25152.1,25209.4,24680.2,24913.2,574341.0
2025-10-22 21:00:00+00:00,24877.1,25172.3,24811.4,25152.6,468713.0
2025-10-23 21:00:00+00:00,25167.8,25447.0,25162.7,25393.2,356824.0
2025-10-26 21:00:00+00:00,25602.0,25897.9,25579.6,25889.3,301011.0
2025-10-27 21:00:00+00:00,25877.8,26118.5,25828.7,26060.9,324083.0
2025-10-28 21:00:00+00:00,26065.2,26266.7,25938.3,26114.2,464124.0
2025-10-29 21:00:00+00:00,26085.7,26288.1,25745.2,26034.0,732455.0
2025-10-30 21:00:00+00:00,26066.6,26162.4,25780.2,25874.8,563869.0
2025-11-02 22:00:00+00:00,25921.4,26156.6,25907.0,26009.9,484653.0
2025-11-03 22:00:00+00:00,25993.0,25998.4,25426.6,25479.0,644360.0
2025-11-04 22:00:00+00:00,25464.9,25785.4,25186.6,25638.8,603121.0
2025-11-05 22:00:00+00:00,25658.8,25730.0,25110.8,25226.4,717951.0
2025-11-06 22:00:00+00:00,25199.6,25265.8,24625.9,25138.2,796369.0
2025-11-09 22:00:00+00:00,25259.4,25678.1,25182.4,25637.8,544475.0
2025-11-10 22:00:00+00:00,25643.2,25687.2,25397.0,25579.8,547625.0
2025-11-11 22:00:00+00:00,25589.6,25750.4,25412.4,25553.6,609271.0
2025-11-12 22:00:00+00:00,25543.9,25644.4,24930.8,25014.8,795538.0
2025-11-13 22:00:00+00:00,25038.0,25221.5,24551.0,25070.6,907771.0
2025-11-16 22:00:00+00:00,25011.2,25288.7,24667.5,24841.6,814414.0
2025-11-17 22:00:00+00:00,24846.9,24893.7,24314.2,24469.6,1042402.0
2025-11-18 22:00:00+00:00,24485.6,24924.2,24384.1,24899.7,954335.0
2025-11-19 22:00:00+00:00,24919.4,25245.8,24011.2,24024.6,1068111.0
2025-11-20 22:00:00+00:00,24056.6,24538.2,23840.1,24289.0,1169104.0
2025-11-23 22:00:00+00:00,24452.6,24939.4,24304.0,24909.5,704613.0
2025-11-24 22:00:00+00:00,24916.6,25085.8,24548.8,25014.6,690867.0
2025-11-25 22:00:00+00:00,25022.4,25324.0,25011.4,25265.2,491395.0
2025-11-26 22:00:00+00:00,25279.8,25290.0,25237.0,25252.0,104315.0
2025-11-27 22:00:00+00:00,25258.4,25455.2,25255.2,25426.2,140895.0
2025-11-30 22:00:00+00:00,25468.0,25479.2,25149.2,25365.0,617829.0
2025-12-01 22:00:00+00:00,25381.2,25633.8,25288.9,25567.2,570808.0
2025-12-02 22:00:00+00:00,25588.6,25653.3,25386.3,25616.2,457438.0
2025-12-03 22:00:00+00:00,25617.2,25699.1,25458.9,25600.8,480549.0
2025-12-04 22:00:00+00:00,25608.3,25834.4,25547.0,25701.8,431961.0
2025-12-07 22:00:00+00:00,25713.0,25828.1,25541.0,25683.1,410607.0
2025-12-08 22:00:00+00:00,25681.0,25714.3,25535.8,25658.2,396788.0
2025-12-09 22:00:00+00:00,25663.7,25849.0,25507.4,25781.2,505342.0
2025-12-10 22:00:00+00:00,25764.2,25844.6,25363.5,25818.0,574907.0
2025-12-11 22:00:00+00:00,25696.8,25715.0,25099.8,25191.2,627631.0
2025-12-14 22:00:00+00:00,25223.8,25391.6,25017.6,25111.2,586962.0
2025-12-15 22:00:00+00:00,25120.6,25232.6,24838.8,25114.2,651523.0
2025-12-16 22:00:00+00:00,25129.5,25296.6,24697.3,24770.0,617550.0
2025-12-17 22:00:00+00:00,24795.3,25220.7,24710.6,25028.8,645810.0
2025-12-18 22:00:00+00:00,25054.4,25408.8,25018.7,25399.4,477107.0
2025-12-21 22:00:00+00:00,25464.4,25600.3,25435.7,25511.4,323938.0
2025-12-22 22:00:00+00:00,25520.3,25637.6,25421.3,25629.2,284185.0
2025-12-23 22:00:00+00:00,25620.9,25708.0,25592.8,25676.7,134878.0
2025-12-25 22:00:00+00:00,25692.4,25751.0,25650.7,25676.6,215280.0
2025-12-28 22:00:00+00:00,25695.0,25714.6,25478.2,25575.0,330836.0
2025-12-29 22:00:00+00:00,25570.8,25625.0,25502.8,25510.2,264257.0
2025-12-30 22:00:00+00:00,25522.7,25550.0,25268.3,25268.6,286651.0
2026-01-01 22:00:00+00:00,25310.9,25638.0,25103.7,25231.0,487562.0
2026-01-04 22:00:00+00:00,25277.8,25547.9,25245.2,25424.4,434758.0
2026-01-05 22:00:00+00:00,25439.2,25686.3,25374.3,25679.8,377557.0
2026-01-06 22:00:00+00:00,25677.8,25846.8,25575.6,25686.0,358628.0
2026-01-07 22:00:00+00:00,25693.4,25697.5,25420.5,25570.4,468469.0
2026-01-08 22:00:00+00:00,25571.8,25840.3,25470.0,25786.6,427123.0
2026-01-11 22:00:00+00:00,25759.4,25877.9,25488.6,25803.4,428214.0
2026-01-12 22:00:00+00:00,25799.0,25906.4,25667.3,25762.4,502496.0
2026-01-13 22:00:00+00:00,25773.5,25787.7,25288.8,25474.8,599319.0
2026-01-14 22:00:00+00:00,25455.8,25819.8,25430.4,25575.4,561396.0
2026-01-15 22:00:00+00:00,25587.2,25759.0,25459.7,25552.6,437371.0
2026-01-18 22:00:00+00:00,25323.5,25341.2,25108.4,25283.4,319619.0
2026-01-19 22:00:00+00:00,25284.1,25318.0,24976.2,25028.2,770448.0
2026-01-20 22:00:00+00:00,25034.0,25539.3,24910.6,25395.0,818200.0
2026-01-21 22:00:00+00:00,25431.8,25626.2,25370.0,25508.6,584033.0
2026-01-22 22:00:00+00:00,25481.4,25733.4,25428.4,25567.4,525235.0
2026-01-25 22:00:00+00:00,25341.7,25827.6,25315.7,25755.5,506641.0
2026-01-26 22:00:00+00:00,25743.1,26016.0,25737.9,26007.2,392143.0
2026-01-27 22:00:00+00:00,26031.6,26246.4,25896.4,26166.7,527965.0
2026-01-28 22:00:00+00:00,26187.4,26192.8,25435.0,25894.8,831479.0
2026-01-29 22:00:00+00:00,25904.6,25920.0,25470.4,25549.8,1006025.0
2026-02-01 22:00:00+00:00,25426.6,25859.6,25084.4,25786.0,779035.0
2026-02-02 22:00:00+00:00,25794.6,25938.6,25130.3,25335.6,837263.0
2026-02-03 22:00:00+00:00,25301.4,25431.6,24700.8,25004.2,872941.0
2026-02-04 22:00:00+00:00,24987.4,25087.9,24331.3,24354.4,1083445.0
2026-02-05 22:00:00+00:00,24366.1,25146.5,24165.2,25028.4,844319.0
2026-02-08 22:00:00+00:00,25118.5,25359.8,24879.4,25292.4,671475.0
2026-02-09 22:00:00+00:00,25314.4,25376.8,25130.0,25186.7,633130.0
2026-02-10 22:00:00+00:00,25204.8,25396.8,24990.0,25218.8,667800.0
2026-02-11 22:00:00+00:00,25203.0,25353.8,24658.4,24759.6,729164.0
2026-02-12 22:00:00+00:00,24758.8,24933.4,24513.2,24720.0,924065.0
2026-02-15 22:00:00+00:00,24761.3,24859.6,24609.4,24678.8,254902.0
2026-02-16 22:00:00+00:00,24701.8,24837.0,24389.4,24721.4,800529.0
2026-02-17 22:00:00+00:00,24710.0,25076.4,24649.4,24886.2,614471.0
2026-02-18 22:00:00+00:00,24901.2,24998.4,24696.8,24784.0,679567.0
2026-02-19 22:00:00+00:00,24781.0,25086.3,24626.0,25028.0,725387.0
2026-02-22 22:00:00+00:00,24998.8,25007.0,24617.5,24743.8,734437.0
2026-02-23 22:00:00+00:00,24745.9,25037.8,24651.5,24980.9,617221.0
2026-02-24 22:00:00+00:00,24970.5,25455.0,24952.6,25419.2,499110.0
2026-02-25 22:00:00+00:00,25373.7,25378.8,24823.0,24996.6,672440.0
2026-02-26 22:00:00+00:00,24955.6,25060.0,24744.0,24925.8,728516.0
2026-03-01 22:00:00+00:00,24669.8,25063.6,24441.1,24960.9,831419.0
2026-03-02 22:00:00+00:00,24950.7,24964.6,24314.6,24686.2,1109257.0
2026-03-03 22:00:00+00:00,24671.0,25191.8,24472.4,25106.2,1002239.0
2026-03-04 22:00:00+00:00,25127.2,25215.8,24747.6,24983.4,1040798.0
2026-03-05 22:00:00+00:00,24974.2,25111.2,24578.0,24645.0,979781.0
2026-03-08 21:00:00+00:00,24331.0,25034.0,23972.7,24947.6,1031710.0
2026-03-09 21:00:00+00:00,24926.6,25198.5,24812.2,24988.6,970082.0
2026-03-10 21:00:00+00:00,24979.5,25159.8,24857.0,24930.8,741920.0
2026-03-11 21:00:00+00:00,24910.0,24914.4,24502.6,24557.0,830844.0
2026-03-12 21:00:00+00:00,24540.6,24787.2,24324.0,24328.2,801409.0
2026-03-15 21:00:00+00:00,24308.7,24802.2,24280.5,24682.8,812895.0
2026-03-16 21:00:00+00:00,24665.8,24922.0,24536.4,24835.0,687731.0
2026-03-17 21:00:00+00:00,24823.8,25019.8,24378.0,24426.2,633825.0
2026-03-18 21:00:00+00:00,24427.2,24537.4,24139.2,24435.4,931036.0
2026-03-19 21:00:00+00:00,24463.0,24476.6,23791.8,24024.2,768879.0
2026-03-22 21:00:00+00:00,23768.3,24580.4,23591.7,24225.4,1052219.0
2026-03-23 21:00:00+00:00,24218.6,24376.0,23958.2,24236.3,995709.0
2026-03-24 21:00:00+00:00,24261.9,24367.9,24115.4,24197.2,737307.0
2026-03-25 21:00:00+00:00,24189.8,24248.8,23598.5,23657.8,791446.0
2026-03-26 21:00:00+00:00,23688.8,23810.0,23075.2,23104.2,744080.0
2026-03-29 21:00:00+00:00,23020.4,23413.6,22876.5,22955.0,1161579.0
2026-03-30 21:00:00+00:00,22983.0,23823.4,22813.0,23746.8,1362757.0
2026-03-31 21:00:00+00:00,23759.4,24194.3,23755.0,24036.6,1063984.0
2026-04-01 21:00:00+00:00,24021.6,24089.6,23511.0,24062.8,1182413.0
2026-04-02 21:00:00+00:00,24051.8,24102.5,23954.1,23976.6,134432.0
2026-04-05 21:00:00+00:00,23881.4,24299.0,23829.0,24214.2,766873.0
2026-04-06 21:00:00+00:00,24224.1,24311.1,23808.2,24258.6,977428.0
2026-04-07 21:00:00+00:00,24461.4,25117.2,24223.4,24897.0,957894.0
2026-04-08 21:00:00+00:00,24913.2,25127.0,24809.0,25096.8,791601.0
2026-04-09 21:00:00+00:00,25093.3,25251.1,25051.4,25184.2,719630.0
2026-04-12 21:00:00+00:00,24821.6,25451.6,24781.4,25450.8,742876.0
2026-04-13 21:00:00+00:00,25436.2,25867.8,25425.6,25855.6,570229.0
2026-04-14 21:00:00+00:00,25855.5,26242.5,25799.8,26223.6,673003.0
2026-04-15 21:00:00+00:00,26214.2,26429.3,26141.8,26335.7,660293.0
2026-04-16 21:00:00+00:00,26322.2,26749.5,26310.4,26708.2,738439.0
2026-04-19 21:00:00+00:00,26404.2,26692.8,26404.0,26651.8,765281.0
2026-04-20 21:00:00+00:00,26655.3,26777.4,26430.7,26613.0,771729.0
2026-04-21 21:00:00+00:00,26626.2,27014.4,26612.1,26987.0,652773.0
2026-04-22 21:00:00+00:00,26965.2,27035.1,26561.2,26826.6,945936.0
2026-04-23 21:00:00+00:00,26826.6,27345.6,26826.6,27323.4,799114.0
2026-04-26 21:00:00+00:00,27267.8,27424.4,27181.8,27312.0,698073.0
2026-04-27 21:00:00+00:00,27326.4,27402.3,26902.8,27085.4,906128.0
2026-04-28 21:00:00+00:00,27112.2,27310.1,26992.1,27055.6,805260.0
2026-04-29 21:00:00+00:00,27134.8,27520.2,27059.9,27504.0,1019062.0
2026-04-30 21:00:00+00:00,27520.4,27815.2,27433.9,27685.4,724143.0
2026-05-03 21:00:00+00:00,27805.0,27864.4,27522.2,27651.4,896542.0
2026-05-04 21:00:00+00:00,27676.6,28153.0,27636.8,28116.4,651271.0
2026-05-05 21:00:00+00:00,28161.2,28707.5,28154.8,28614.0,899448.0
2026-05-06 21:00:00+00:00,28579.4,28852.5,28463.8,28548.6,958765.0
2026-05-07 21:00:00+00:00,28481.3,29291.8,28479.9,29241.0,738687.0
2026-05-10 21:00:00+00:00,29209.2,29391.0,29133.3,29311.7,879677.0
2026-05-11 21:00:00+00:00,29332.7,29370.5,28661.6,29055.6,1019654.0
2026-05-12 21:00:00+00:00,29061.4,29485.2,28974.8,29458.0,880457.0
2026-05-13 21:00:00+00:00,29452.4,29704.0,29368.3,29602.2,876836.0
2026-05-14 21:00:00+00:00,29613.6,29650.4,29006.8,29117.0,1203291.0
2026-05-17 21:00:00+00:00,29130.9,29340.6,28736.4,29002.5,1354556.0
2026-05-18 21:00:00+00:00,29040.8,29112.8,28587.8,28829.2,1278812.0
2026-05-19 21:00:00+00:00,28854.1,29332.0,28731.0,29222.8,1187145.0
2026-05-20 21:00:00+00:00,29200.4,29489.8,29046.4,29390.6,1036838.0
2026-05-21 21:00:00+00:00,29406.1,29686.0,29373.8,29466.0,866079.0
2026-05-24 21:00:00+00:00,29693.6,29932.8,29682.5,29898.8,265958.0
2026-05-25 21:00:00+00:00,29859.8,30060.5,29682.8,29993.4,807575.0
2026-05-26 21:00:00+00:00,30020.4,30327.5,29826.8,30071.8,872592.0
2026-05-27 21:00:00+00:00,30066.2,30296.6,29715.8,30270.0,852285.0
2026-05-28 21:00:00+00:00,30301.6,30488.6,30169.4,30344.4,821020.0
2026-05-31 21:00:00+00:00,30389.5,30656.2,30247.0,30491.2,862840.0
2026-06-01 21:00:00+00:00,30475.0,30729.5,30281.6,30715.5,786132.0
2026-06-02 21:00:00+00:00,30699.0,30773.2,30447.6,30465.6,910869.0
2026-06-03 21:00:00+00:00,30431.7,30569.9,30115.8,30383.8,1120776.0
2026-06-04 21:00:00+00:00,30379.4,30384.7,28747.6,28798.1,1350571.0
2026-06-07 21:00:00+00:00,28789.8,29708.2,28788.4,29409.6,1419124.0
2026-06-08 21:00:00+00:00,29436.6,29821.0,28202.2,29116.2,1530201.0
2026-06-09 21:00:00+00:00,29016.9,29226.2,28392.0,28448.4,1656011.0
2026-06-10 21:00:00+00:00,28409.4,29525.2,28246.8,29427.0,1435739.0
2026-06-11 21:00:00+00:00,29476.4,29744.9,29216.7,29669.0,1356409.0
2026-06-14 21:00:00+00:00,30011.3,30597.4,29952.5,30528.0,1015947.0
2026-06-15 21:00:00+00:00,30552.4,30669.6,30009.8,30038.4,1073430.0
2026-06-16 21:00:00+00:00,30090.6,30318.8,29668.1,29881.0,1113442.0
2026-06-17 21:00:00+00:00,29872.6,30539.1,29841.1,30480.4,1082985.0
2026-06-18 21:00:00+00:00,30523.8,30525.2,30145.6,30411.8,420829.0
2026-06-21 21:00:00+00:00,30335.0,30722.4,30092.1,30435.9,1066241.0
2026-06-22 21:00:00+00:00,30428.4,30463.8,29352.4,29530.6,1408607.0
2026-06-23 21:00:00+00:00,29550.6,29934.6,29042.6,29865.8,1408264.0
2026-06-24 21:00:00+00:00,29939.6,30040.0,29074.6,29544.6,1302726.0
2026-06-25 21:00:00+00:00,29507.2,29675.6,28945.2,29082.8,1303673.0
2026-06-28 21:00:00+00:00,29116.6,29862.1,29062.0,29800.3,1241318.0
2026-06-29 21:00:00+00:00,29776.3,30389.5,29727.9,30287.0,993508.0
2026-06-30 21:00:00+00:00,30308.5,30341.2,29803.0,29865.6,1064345.0
2026-07-01 21:00:00+00:00,29874.8,30112.4,29129.2,29355.7,1497603.0
2026-07-02 21:00:00+00:00,29376.2,29755.8,29323.7,29706.8,375508.0
2026-07-05 21:00:00+00:00,29709.9,29901.2,29481.6,29762.2,1006772.0
2026-07-06 21:00:00+00:00,29771.5,29781.1,29018.0,29231.6,1160091.0
2026-07-07 21:00:00+00:00,29147.2,29369.3,28722.0,29217.0,1368433.0
2026-07-08 21:00:00+00:00,29248.8,29811.7,29214.0,29750.8,1061022.0
2026-07-09 21:00:00+00:00,29756.8,29897.3,29496.1,29885.7,898453.0
2026-07-12 21:00:00+00:00,29798.2,29862.3,29215.8,29259.3,1126329.0
2026-07-13 21:00:00+00:00,29303.1,29749.8,29132.3,29633.4,1323777.0
2026-07-14 21:00:00+00:00,29629.6,29895.9,29235.6,29556.7,1029045.0
2026-07-15 21:00:00+00:00,29556.2,29634.8,28921.5,29018.0,1120194.0
2026-07-16 21:00:00+00:00,29052.8,29061.8,28250.8,28614.8,1330939.0
2026-07-19 21:00:00+00:00,28651.2,29034.7,28552.9,28627.6,1223252.0
2026-07-20 21:00:00+00:00,28612.3,29205.0,28544.0,29127.7,865624.0
2026-07-21 21:00:00+00:00,29142.0,29184.7,28803.4,29032.6,947078.0
2026-07-22 21:00:00+00:00,28965.0,29138.2,28289.2,28607.6,1303541.0
2026-07-23 21:00:00+00:00,28555.1,28599.2,28078.1,28170.0,1281901.0
2026-07-26 21:00:00+00:00,28511.2,28627.7,27804.2,28075.6,1306881.0
2026-07-27 21:00:00+00:00,28088.8,28091.3,27479.8,27838.4,1414945.0
2026-07-28 21:00:00+00:00,27854.2,28057.3,27093.2,27160.6,1601395.0
2026-07-29 21:00:00+00:00,27179.8,28292.6,27177.4,28221.6,1559787.0
2026-07-30 21:00:00+00:00,28233.8,28612.4,27966.8,28191.8,1313681.0
2026-08-02 21:00:00+00:00,28486.5,28859.7,28202.4,28820.1,995337.0
2026-08-03 21:00:00+00:00,28834.4,29851.1,28727.3,29715.8,1125699.0
2026-08-04 21:00:00+00:00,29703.0,29967.0,29426.8,29485.8,1074789.0
2026-08-05 21:00:00+00:00,29481.7,29581.0,29136.2,29401.8,1237221.0
2026-08-06 21:00:00+00:00,29396.2,29767.0,29355.7,29730.6,1112954.0
2026-08-09 21:00:00+00:00,29768.0,29881.6,29617.7,29669.8,860034.0
2026-08-10 21:00:00+00:00,29688.8,29791.6,29446.6,29564.2,846128.0
2026-08-11 21:00:00+00:00,29561.7,29913.8,29538.8,29723.8,810013.0
2026-08-12 21:00:00+00:00,29738.2,30189.8,29696.0,30133.2,770041.0
2026-08-13 21:00:00+00:00,30108.0,30198.0,29947.9,30066.2,707940.0
2026-08-16 21:00:00+00:00,30089.6,30258.0,29982.1,30000.9,689934.0
