datetime,open,high,low,close,volume
2006-04-24 21:00:00+00:00,6112.8,6130.3,6077.9,6090.9,4500.0
2006-04-25 21:00:00+00:00,6110.4,6127.4,6095.4,6096.9,3880.0
2006-04-26 21:00:00+00:00,6105.5,6106.5,6023.1,6073.6,6334.0
2006-04-27 21:00:00+00:00,6055.6,6057.2,6016.7,6030.7,6070.0
2006-05-01 21:00:00+00:00,6018.1,6089.5,6018.1,6076.1,4422.0
2006-05-02 21:00:00+00:00,6084.6,6095.6,6004.7,6010.7,5639.0
2006-05-03 21:00:00+00:00,6010.8,6042.8,5993.3,6021.3,4902.0
2006-05-04 21:00:00+00:00,6030.9,6102.8,6023.9,6100.8,4489.0
2006-05-07 21:00:00+00:00,6129.6,6133.6,6054.2,6059.2,4033.0
2006-05-08 21:00:00+00:00,6065.7,6109.2,6048.7,6105.2,4160.0
2006-05-09 21:00:00+00:00,6097.8,6116.3,6080.3,6086.3,4369.0
2006-05-10 21:00:00+00:00,6089.4,6120.4,6025.5,6026.0,4984.0
2006-05-11 21:00:00+00:00,6025.5,6027.5,5907.1,5908.1,7597.0
2006-05-14 21:00:00+00:00,5883.4,5904.4,5753.0,5841.5,10954.0
2006-05-15 21:00:00+00:00,5826.5,5887.5,5808.1,5842.1,8076.0
2006-05-16 21:00:00+00:00,5857.1,5875.6,5670.7,5708.7,9223.0
2006-05-17 21:00:00+00:00,5693.3,5728.3,5623.3,5666.3,12638.0
2006-05-18 21:00:00+00:00,5642.4,5718.9,5634.4,5647.4,8599.0
2006-05-21 21:00:00+00:00,5618.2,5637.7,5504.3,5517.3,11563.0
2006-05-22 21:00:00+00:00,5547.8,5710.8,5545.8,5672.3,10365.0
2006-05-23 21:00:00+00:00,5622.4,5658.4,5562.4,5578.4,11806.0
2006-05-24 21:00:00+00:00,5588.0,5705.0,5561.0,5699.0,9300.0
2006-05-25 21:00:00+00:00,5724.0,5798.0,5702.0,5786.5,8070.0
2006-05-29 21:00:00+00:00,5774.9,5786.9,5636.4,5679.9,9844.0
2006-05-30 21:00:00+00:00,5616.5,5739.5,5589.5,5723.5,10384.0
2006-05-31 21:00:00+00:00,5700.6,5749.6,5675.1,5743.6,9429.0
2006-06-01 21:00:00+00:00,5795.2,5798.7,5739.7,5757.2,8060.0
2006-06-04 21:00:00+00:00,5778.4,5788.9,5730.0,5754.0,6531.0
2006-06-05 21:00:00+00:00,5701.1,5710.1,5651.1,5660.6,9017.0
2006-06-06 21:00:00+00:00,5679.6,5732.2,5639.2,5724.2,8336.0
2006-06-07 21:00:00+00:00,5589.3,5647.8,5533.8,5553.3,11256.0
2006-06-08 21:00:00+00:00,5634.3,5678.9,5616.9,5628.9,7225.0
2006-06-11 21:00:00+00:00,5649.6,5673.1,5614.1,5625.2,6805.0
2006-06-12 21:00:00+00:00,5542.7,5556.7,5468.2,5520.3,10948.0
2006-06-13 21:00:00+00:00,5526.8,5546.8,5474.8,5492.8,9464.0
2006-06-14 21:00:00+00:00,5539.4,5639.4,5538.4,5625.4,7599.0
2006-06-15 21:00:00+00:00,5690.0,5703.5,5590.6,5616.1,8313.0
2006-06-18 21:00:00+00:00,5649.4,5669.4,5616.5,5632.5,6828.0
2006-06-19 21:00:00+00:00,5604.6,5680.5,5585.7,5667.1,7163.0
2006-06-20 21:00:00+00:00,5680.6,5695.6,5609.3,5683.7,7329.0
2006-06-21 21:00:00+00:00,5725.7,5737.1,5654.9,5692.3,6876.0
2006-06-22 21:00:00+00:00,5675.9,5717.8,5664.5,5701.9,5925.0
2006-06-25 21:00:00+00:00,5711.8,5718.3,5674.9,5681.9,4984.0
2006-06-26 21:00:00+00:00,5723.4,5726.4,5641.1,5645.6,5843.0
2006-06-27 21:00:00+00:00,5638.2,5702.6,5628.7,5695.2,5892.0
2006-06-28 21:00:00+00:00,5713.7,5790.6,5706.2,5781.6,6450.0
2006-06-29 21:00:00+00:00,5845.6,5865.6,5809.7,5835.7,7913.0
2006-07-02 21:00:00+00:00,5852.0,5886.0,5833.1,5877.5,4739.0
2006-07-03 21:00:00+00:00,5875.1,5885.2,5847.2,5879.2,2498.0
2006-07-04 21:00:00+00:00,5852.8,5864.3,5811.4,5837.4,5123.0
2006-07-05 21:00:00+00:00,5832.0,5896.9,5828.0,5866.5,5830.0
2006-07-06 21:00:00+00:00,5872.6,5905.6,5851.6,5891.1,6501.0
2006-07-09 21:00:00+00:00,5880.0,5898.5,5851.1,5892.6,4813.0
2006-07-10 21:00:00+00:00,5875.7,5886.2,5836.3,5863.8,6086.0
2006-07-11 21:00:00+00:00,5875.3,5894.3,5833.9,5841.4,6122.0
2006-07-12 21:00:00+00:00,5826.6,5828.1,5741.2,5773.7,7433.0
2006-07-13 21:00:00+00:00,5717.9,5755.8,5682.5,5687.0,7304.0
2006-07-16 21:00:00+00:00,5704.3,5709.4,5641.9,5686.4,8761.0
2006-07-17 21:00:00+00:00,5663.5,5703.0,5644.6,5665.1,7317.0
2006-07-18 21:00:00+00:00,5693.6,5776.6,5664.7,5772.6,8323.0
2006-07-19 21:00:00+00:00,5786.6,5804.6,5740.8,5759.7,6598.0
2006-07-20 21:00:00+00:00,5743.4,5746.4,5684.5,5720.9,6620.0
2006-07-23 21:00:00+00:00,5717.3,5832.2,5715.3,5824.2,6344.0
2006-07-24 21:00:00+00:00,5827.8,5860.8,5807.9,5840.4,6860.0
2006-07-25 21:00:00+00:00,5844.4,5882.9,5839.0,5879.0,5924.0
2006-07-26 21:00:00+00:00,5897.0,5922.0,5883.6,5903.1,6541.0
2006-07-27 21:00:00+00:00,5895.2,5970.6,5888.7,5964.1,6472.0
2006-07-30 21:00:00+00:00,5967.0,5968.0,5907.7,5918.7,5183.0
2006-07-31 21:00:00+00:00,5913.3,5934.7,5848.4,5865.4,5751.0
2006-08-01 21:00:00+00:00,5889.9,5937.9,5879.5,5936.4,5320.0
2006-08-02 21:00:00+00:00,5930.5,5931.0,5815.7,5827.2,7738.0
2006-08-03 21:00:00+00:00,5853.8,5884.8,5823.8,5853.8,5858.0
2006-08-06 21:00:00+00:00,5820.2,5845.8,5807.3,5834.3,4634.0
2006-08-07 21:00:00+00:00,5852.9,5855.9,5798.5,5805.5,4152.0
2006-08-08 21:00:00+00:00,5821.5,5872.5,5774.6,5852.6,6026.0
2006-08-09 21:00:00+00:00,5797.7,5836.7,5747.8,5834.7,7297.0
2006-08-10 21:00:00+00:00,5828.8,5847.8,5793.9,5824.4,5137.0
2006-08-13 21:00:00+00:00,5849.8,5878.3,5839.3,5872.3,3981.0
2006-08-14 21:00:00+00:00,5851.9,5901.9,5839.9,5888.9,5000.0
2006-08-15 21:00:00+00:00,5896.0,5914.6,5856.6,5914.6,5973.0
2006-08-16 21:00:00+00:00,5913.1,5924.6,5896.7,5919.7,3881.0
2006-08-17 21:00:00+00:00,5921.8,5944.8,5908.3,5918.4,4689.0
2006-08-20 21:00:00+00:00,5908.3,5947.8,5891.3,5912.3,3990.0
2006-08-21 21:00:00+00:00,5935.4,5944.9,5883.9,5915.9,4853.0
2006-08-22 21:00:00+00:00,5914.5,5919.0,5860.6,5883.6,3744.0
2006-08-23 21:00:00+00:00,5876.7,5902.2,5838.2,5865.8,4415.0
2006-08-24 21:00:00+00:00,5883.4,5902.9,5863.9,5889.9,3975.0
2006-08-28 21:00:00+00:00,5931.4,5935.9,5885.5,5888.5,4724.0
2006-08-29 21:00:00+00:00,5906.6,5953.6,5897.1,5932.6,4784.0
2006-08-30 21:00:00+00:00,5945.7,5946.2,5898.3,5914.3,5019.0
2006-08-31 21:00:00+00:00,5920.9,5973.4,5917.9,5943.4,4825.0
2006-09-03 21:00:00+00:00,5951.3,5996.4,5948.3,5992.4,3029.0
2006-09-04 21:00:00+00:00,5988.0,5997.0,5960.0,5996.5,4929.0
2006-09-05 21:00:00+00:00,5987.1,5988.6,5927.7,5931.2,5157.0
2006-09-06 21:00:00+00:00,5910.8,5916.8,5853.9,5875.4,5221.0
2006-09-07 21:00:00+00:00,5875.4,5900.9,5870.4,5880.5,3941.0
2006-09-10 21:00:00+00:00,5855.9,5874.9,5819.9,5873.9,4961.0
2006-09-11 21:00:00+00:00,5853.0,5904.6,5823.5,5896.6,4857.0
2006-09-12 21:00:00+00:00,5911.7,5915.7,5875.7,5896.2,4578.0
2006-09-13 21:00:00+00:00,5906.3,5946.8,5868.9,5875.9,4751.0
2006-09-14 21:00:00+00:00,5878.0,5901.0,5861.3,5868.7,4760.0
2006-09-17 21:00:00+00:00,5872.3,5913.6,5867.9,5899.3,4047.0
2006-09-18 21:00:00+00:00,5887.2,5896.6,5802.4,5802.4,5724.0
2006-09-19 21:00:00+00:00,5826.5,5881.3,5817.5,5868.9,4955.0
2006-09-20 21:00:00+00:00,5870.6,5903.1,5845.8,5874.3,5767.0
2006-09-21 21:00:00+00:00,5854.1,5870.1,5816.5,5825.0,5216.0
2006-09-24 21:00:00+00:00,5832.6,5847.5,5771.1,5805.9,5406.0
2006-09-25 21:00:00+00:00,5818.1,5877.9,5817.1,5870.4,5572.0
2006-09-26 21:00:00+00:00,5888.1,5942.3,5887.1,5914.1,6291.0
2006-09-27 21:00:00+00:00,5929.3,5977.1,5925.8,5963.8,4834.0
2006-09-28 21:00:00+00:00,5975.9,6001.8,5944.3,5964.2,5587.0
2006-10-01 21:00:00+00:00,5969.8,5984.3,5945.1,5948.1,4093.0
2006-10-02 21:00:00+00:00,5938.4,5960.9,5893.3,5958.5,5663.0
2006-10-03 21:00:00+00:00,5940.3,5965.8,5915.9,5959.9,5359.0
2006-10-04 21:00:00+00:00,5997.5,6012.9,5976.6,5998.6,5335.0
2006-10-05 21:00:00+00:00,5999.9,6008.9,5971.1,5989.1,4344.0
2006-10-08 21:00:00+00:00,5980.8,6038.1,5980.8,6028.2,3931.0
2006-10-09 21:00:00+00:00,6034.5,6072.4,6020.5,6059.5,4536.0
2006-10-10 21:00:00+00:00,6066.3,6083.4,6037.0,6079.4,4077.0
2006-10-11 21:00:00+00:00,6076.6,6118.6,6062.2,6099.2,3948.0
2006-10-12 21:00:00+00:00,6116.9,6164.8,6097.0,6151.9,4076.0
2006-10-15 21:00:00+00:00,6155.1,6180.1,6144.1,6176.2,3719.0
2006-10-16 21:00:00+00:00,6162.5,6167.5,6097.9,6109.4,4921.0
2006-10-17 21:00:00+00:00,6131.1,6161.1,6114.2,6141.7,4645.0
2006-10-18 21:00:00+00:00,6125.1,6177.0,6099.7,6149.6,4661.0
2006-10-19 21:00:00+00:00,6166.8,6190.8,6125.6,6157.0,4598.0
2006-10-22 21:00:00+00:00,6172.6,6175.3,6120.5,6171.3,4299.0
2006-10-23 21:00:00+00:00,6158.2,6183.7,6151.8,6177.8,4170.0
2006-10-24 21:00:00+00:00,6176.0,6210.1,6168.1,6205.1,3363.0
2006-10-25 21:00:00+00:00,6217.8,6236.3,6169.7,6187.6,4862.0
2006-10-26 21:00:00+00:00,6191.9,6201.9,6122.8,6165.6,4801.0
2006-10-29 22:00:00+00:00,6119.5,6133.1,6101.2,6104.2,4478.0
2006-10-30 22:00:00+00:00,6108.5,6142.9,6099.0,6114.6,4713.0
2006-10-31 22:00:00+00:00,6120.9,6178.8,6120.9,6126.0,4794.0
2006-11-01 22:00:00+00:00,6128.8,6167.8,6108.0,6136.5,6466.0
2006-11-02 22:00:00+00:00,6157.2,6174.2,6127.9,6144.4,5785.0
2006-11-05 22:00:00+00:00,6162.5,6230.5,6158.5,6214.5,4729.0
2006-11-06 22:00:00+00:00,6220.8,6243.4,6213.8,6231.9,4390.0
2006-11-07 22:00:00+00:00,6221.7,6244.3,6203.8,6233.4,5051.0
2006-11-08 22:00:00+00:00,6246.1,6247.6,6201.9,6228.3,4614.0
2006-11-09 22:00:00+00:00,6220.1,6231.7,6196.9,6211.8,4311.0
2006-11-12 22:00:00+00:00,6222.5,6239.5,6171.2,6196.7,4491.0
2006-11-13 22:00:00+00:00,6215.0,6224.9,6165.7,6189.2,4948.0
2006-11-14 22:00:00+00:00,6223.9,6233.5,6200.0,6222.1,3964.0
2006-11-15 22:00:00+00:00,6222.4,6257.4,6210.9,6247.5,4343.0
2006-11-16 22:00:00+00:00,6247.3,6251.2,6175.5,6189.6,4767.0
2006-11-19 22:00:00+00:00,6160.3,6219.3,6145.3,6197.4,4701.0
2006-11-20 22:00:00+00:00,6205.6,6225.2,6196.8,6210.3,4242.0
2006-11-21 22:00:00+00:00,6221.6,6238.5,6151.3,6166.8,4770.0
2006-11-22 22:00:00+00:00,6181.1,6183.6,6119.8,6139.3,3743.0
2006-11-23 22:00:00+00:00,6135.6,6143.6,6072.3,6114.8,5662.0
2006-11-26 22:00:00+00:00,6118.0,6136.5,6055.7,6060.7,6286.0
2006-11-27 22:00:00+00:00,6056.5,6069.5,6016.7,6038.2,7623.0
2006-11-28 22:00:00+00:00,6058.9,6103.0,6048.4,6078.1,5727.0
2006-11-29 22:00:00+00:00,6104.3,6114.9,6044.5,6060.5,6462.0
2006-11-30 22:00:00+00:00,6072.8,6093.3,5986.0,6028.5,6732.0
2006-12-03 22:00:00+00:00,6035.1,6063.8,6022.2,6034.3,5105.0
2006-12-04 22:00:00+00:00,6062.1,6102.2,6050.6,6078.7,7429.0
2006-12-05 22:00:00+00:00,6090.5,6107.5,6069.6,6086.7,4915.0
2006-12-06 22:00:00+00:00,6090.4,6148.0,6088.9,6136.6,5144.0
2006-12-07 22:00:00+00:00,6119.9,6174.5,6107.4,6162.0,5483.0
2006-12-10 22:00:00+00:00,6176.7,6187.7,6148.3,6160.9,4502.0
2006-12-11 22:00:00+00:00,6158.6,6166.3,6131.8,6137.3,4778.0
2006-12-12 22:00:00+00:00,6151.6,6200.2,6147.1,6190.7,4905.0
2006-12-13 22:00:00+00:00,6212.0,6232.2,6199.1,6227.7,3935.0
2006-12-14 22:00:00+00:00,6246.0,6277.0,6233.0,6239.6,4632.0
2006-12-17 22:00:00+00:00,6244.6,6271.6,6235.7,6244.7,3539.0
2006-12-18 22:00:00+00:00,6223.4,6231.4,6191.1,6196.0,5215.0
2006-12-19 22:00:00+00:00,6228.1,6239.1,6188.8,6191.3,3859.0
2006-12-20 22:00:00+00:00,6186.4,6200.4,6160.0,6162.5,3444.0
2006-12-21 22:00:00+00:00,6165.6,6186.1,6165.6,6177.1,1322.0
2006-12-26 22:00:00+00:00,6202.5,6255.9,6196.5,6245.5,2800.0
2006-12-27 22:00:00+00:00,6259.6,6260.6,6227.2,6239.2,2355.0
2006-12-28 22:00:00+00:00,6237.8,6244.8,6196.0,6198.0,2879.0
2007-01-01 22:00:00+00:00,6251.6,6316.0,6236.1,6307.5,2942.0
2007-01-02 22:00:00+00:00,6305.1,6317.2,6288.7,6305.2,4208.0
2007-01-03 22:00:00+00:00,6264.4,6294.9,6252.0,6273.0,4883.0
2007-01-04 22:00:00+00:00,6244.2,6274.6,6197.9,6208.8,5700.0
2007-01-07 22:00:00+00:00,6222.3,6235.8,6167.0,6171.0,6588.0
2007-01-08 22:00:00+00:00,6204.6,6208.6,6147.8,6153.2,5035.0
2007-01-09 22:00:00+00:00,6151.4,6166.4,6125.9,6146.4,5504.0
2007-01-10 22:00:00+00:00,6158.1,6237.0,6115.2,6230.0,6808.0
2007-01-11 22:00:00+00:00,6209.6,6236.7,6188.7,6234.2,5128.0
2007-01-14 22:00:00+00:00,6253.1,6263.6,6239.3,6240.8,2937.0
2007-01-15 22:00:00+00:00,6242.4,6253.8,6190.5,6202.5,5557.0
2007-01-16 22:00:00+00:00,6202.1,6211.1,6146.8,6201.7,5743.0
2007-01-17 22:00:00+00:00,6201.8,6243.3,6187.4,6199.9,5960.0
2007-01-18 22:00:00+00:00,6190.5,6228.6,6158.6,6215.1,6517.0
2007-01-21 22:00:00+00:00,6235.1,6253.6,6187.7,6191.7,5031.0
2007-01-22 22:00:00+00:00,6212.8,6224.3,6168.9,6210.9,5968.0
2007-01-23 22:00:00+00:00,6233.4,6303.9,6230.0,6297.9,6020.0
2007-01-24 22:00:00+00:00,6301.5,6317.0,6230.2,6233.2,6005.0
2007-01-25 22:00:00+00:00,6218.4,6251.4,6193.5,6207.0,6827.0
2007-01-28 22:00:00+00:00,6211.0,6232.5,6191.5,6221.0,4992.0
2007-01-29 22:00:00+00:00,6211.2,6229.2,6187.2,6211.2,4929.0
2007-01-30 22:00:00+00:00,6219.4,6231.8,6170.5,6177.5,6406.0
2007-01-31 22:00:00+00:00,6224.5,6277.5,6217.6,6259.1,5590.0
2007-02-01 22:00:00+00:00,6257.2,6303.7,6255.7,6292.2,5296.0
2007-02-04 22:00:00+00:00,6275.3,6303.3,6263.8,6288.3,4087.0
2007-02-05 22:00:00+00:00,6297.4,6343.9,6295.4,6307.0,4851.0
2007-02-06 22:00:00+00:00,6325.1,6362.1,6318.6,6361.6,4723.0
2007-02-07 22:00:00+00:00,6346.8,6349.8,6306.9,6337.4,5223.0
2007-02-08 22:00:00+00:00,6358.0,6372.9,6350.5,6361.0,3753.0
2007-02-11 22:00:00+00:00,6338.6,6351.6,6320.6,6340.2,4257.0
2007-02-12 22:00:00+00:00,6349.8,6365.8,6333.3,6365.8,4102.0
2007-02-13 22:00:00+00:00,6375.4,6399.5,6355.0,6386.5,3900.0
2007-02-14 22:00:00+00:00,6400.1,6415.2,6372.7,6401.2,4393.0
2007-02-15 22:00:00+00:00,6401.3,6419.3,6382.4,6400.9,4121.0
2007-02-18 22:00:00+00:00,6412.4,6428.4,6403.4,6419.5,2561.0
2007-02-19 22:00:00+00:00,6420.1,6423.1,6366.2,6400.7,4596.0
2007-02-20 22:00:00+00:00,6405.8,6409.8,6328.5,6345.5,5345.0
2007-02-21 22:00:00+00:00,6383.6,6394.6,6349.1,6369.6,4564.0
2007-02-22 22:00:00+00:00,6381.3,6384.3,6330.8,6379.8,4675.0
2007-02-25 22:00:00+00:00,6398.9,6424.9,6390.9,6410.9,3749.0
2007-02-26 22:00:00+00:00,6414.5,6425.0,6237.7,6243.2,9259.0
2007-02-27 22:00:00+00:00,6182.9,6216.4,6120.5,6128.0,12560.0
2007-02-28 22:00:00+00:00,6140.6,6202.1,6007.2,6075.2,14939.0
2007-03-01 22:00:00+00:00,6107.3,6135.3,6056.9,6065.9,11731.0
2007-03-04 22:00:00+00:00,5996.9,6059.9,5961.4,6009.5,10631.0
2007-03-05 22:00:00+00:00,6064.1,6122.6,6039.6,6115.6,8025.0
2007-03-06 22:00:00+00:00,6119.8,6167.3,6104.8,6152.3,6290.0
2007-03-07 22:00:00+00:00,6178.4,6237.0,6176.4,6221.5,6541.0
2007-03-08 22:00:00+00:00,6218.6,6254.2,6187.1,6250.7,7063.0
2007-03-11 21:00:00+00:00,6267.2,6277.2,6214.8,6230.8,6790.0
2007-03-12 21:00:00+00:00,6223.4,6235.4,6145.0,6158.0,8455.0
2007-03-13 21:00:00+00:00,6077.6,6085.6,5969.7,6027.2,10971.0
2007-03-14 21:00:00+00:00,6087.8,6143.9,6068.3,6124.9,7791.0
2007-03-15 21:00:00+00:00,6119.5,6146.9,6092.1,6133.5,7648.0
2007-03-18 21:00:00+00:00,6177.8,6204.3,6141.4,6174.9,5913.0
2007-03-19 21:00:00+00:00,6196.9,6222.9,6157.6,6213.5,6163.0
2007-03-20 21:00:00+00:00,6215.6,6300.9,6210.6,6286.0,6201.0
2007-03-21 21:00:00+00:00,6344.4,6347.9,6293.1,6313.6,7990.0
2007-03-22 21:00:00+00:00,6329.6,6362.1,6304.7,6341.7,7055.0
2007-03-25 21:00:00+00:00,6349.6,6365.6,6281.3,6324.7,6530.0
2007-03-26 21:00:00+00:00,6338.8,6346.3,6287.9,6311.4,6096.0
2007-03-27 21:00:00+00:00,6281.6,6314.0,6256.2,6290.1,7440.0
2007-03-28 21:00:00+00:00,6292.7,6345.2,6289.8,6312.8,5491.0
2007-03-29 21:00:00+00:00,6333.8,6338.9,6294.0,6316.4,6884.0
2007-04-01 21:00:00+00:00,6310.4,6351.3,6298.5,6318.9,6398.0
2007-04-02 21:00:00+00:00,6356.5,6380.0,6338.6,6370.0,5130.0
2007-04-03 21:00:00+00:00,6388.1,6388.6,6350.7,6372.7,5054.0
2007-04-04 21:00:00+00:00,6377.3,6414.8,6352.3,6413.3,4058.0
2007-04-09 21:00:00+00:00,6409.1,6434.6,6394.1,6421.6,3964.0
2007-04-10 21:00:00+00:00,6420.7,6449.7,6403.8,6414.3,4428.0
2007-04-11 21:00:00+00:00,6411.9,6438.9,6377.5,6436.9,5648.0
2007-04-12 21:00:00+00:00,6429.1,6472.0,6423.1,6460.1,4926.0
2007-04-15 21:00:00+00:00,6485.5,6523.5,6479.5,6508.5,4667.0
2007-04-16 21:00:00+00:00,6503.6,6512.2,6456.7,6498.7,6013.0
2007-04-17 21:00:00+00:00,6490.3,6492.8,6442.4,6459.9,5971.0
2007-04-18 21:00:00+00:00,6406.1,6465.1,6388.2,6460.6,7428.0
2007-04-19 21:00:00+00:00,6473.2,6512.7,6468.7,6476.8,5782.0
2007-04-22 21:00:00+00:00,6499.2,6504.7,6465.8,6479.3,4634.0
2007-04-23 21:00:00+00:00,6484.9,6494.4,6408.6,6446.0,7079.0
2007-04-24 21:00:00+00:00,6459.1,6483.6,6441.7,6464.2,5927.0
2007-04-25 21:00:00+00:00,6498.2,6515.2,6445.8,6477.3,6087.0
2007-04-26 21:00:00+00:00,6463.4,6469.9,6411.1,6430.6,6044.0
2007-04-29 21:00:00+00:00,6402.5,6478.0,6402.0,6466.0,6250.0
2007-04-30 21:00:00+00:00,6437.7,6439.7,6392.7,6405.3,3409.0
2007-05-01 21:00:00+00:00,6456.3,6490.8,6443.4,6484.9,5546.0
2007-05-02 21:00:00+00:00,6496.4,6544.4,6493.5,6528.5,6613.0
2007-05-03 21:00:00+00:00,6542.6,6615.0,6539.6,6592.6,6706.0
2007-05-07 21:00:00+00:00,6597.7,6602.7,6536.8,6548.3,6389.0
2007-05-08 21:00:00+00:00,6586.4,6596.4,6535.0,6550.0,5306.0
2007-05-09 21:00:00+00:00,6553.6,6572.7,6496.2,6503.7,6982.0
2007-05-10 21:00:00+00:00,6500.8,6584.3,6453.9,6573.8,8522.0
2007-05-13 21:00:00+00:00,6594.3,6594.8,6534.4,6562.4,5438.0
2007-05-14 21:00:00+00:00,6544.5,6583.5,6535.5,6575.1,7250.0
2007-05-15 21:00:00+00:00,6555.7,6586.7,6545.2,6567.7,5844.0
2007-05-16 21:00:00+00:00,6588.8,6593.9,6558.4,6577.4,4169.0
2007-05-17 21:00:00+00:00,6582.5,6662.0,6581.0,6656.5,6330.0
2007-05-20 21:00:00+00:00,6661.5,6679.0,6623.0,6651.6,5613.0
2007-05-21 21:00:00+00:00,6643.7,6647.7,6597.3,6608.8,5490.0
2007-05-22 21:00:00+00:00,6613.9,6643.9,6611.4,6623.4,4859.0
2007-05-23 21:00:00+00:00,6588.1,6621.1,6557.2,6563.6,6965.0
2007-05-24 21:00:00+00:00,6546.3,6579.8,6532.3,6552.8,5696.0
2007-05-28 21:00:00+00:00,6598.9,6615.0,6570.5,6584.0,4947.0
2007-05-29 21:00:00+00:00,6552.1,6616.7,6532.2,6615.2,6352.0
2007-05-30 21:00:00+00:00,6638.8,6647.3,6603.9,6627.4,6035.0
2007-05-31 21:00:00+00:00,6617.5,6677.5,6617.5,6660.5,6126.0
2007-06-03 21:00:00+00:00,6652.0,6670.1,6639.6,6663.1,3031.0
2007-06-04 21:00:00+00:00,6670.2,6682.2,6584.8,6586.8,6643.0
2007-06-05 21:00:00+00:00,6634.4,6641.4,6515.0,6534.5,8695.0
2007-06-06 21:00:00+00:00,6572.6,6574.1,6479.6,6510.1,10850.0
2007-06-07 21:00:00+00:00,6479.8,6524.3,6453.8,6509.8,10910.0
2007-06-10 21:00:00+00:00,6520.3,6595.3,6520.3,6587.8,6106.0
2007-06-11 21:00:00+00:00,6557.4,6590.5,6516.5,6533.5,7488.0
2007-06-12 21:00:00+00:00,6506.1,6569.7,6485.1,6556.2,8268.0
2007-06-13 21:00:00+00:00,6599.8,6657.4,6593.3,6656.4,6685.0
2007-06-14 21:00:00+00:00,6667.5,6738.4,6662.0,6716.0,7299.0
2007-06-17 21:00:00+00:00,6744.0,6754.9,6692.4,6693.4,5684.0
2007-06-18 21:00:00+00:00,6706.1,6723.5,6647.1,6663.0,5919.0
2007-06-19 21:00:00+00:00,6680.7,6693.7,6635.1,6650.0,5931.0
2007-06-20 21:00:00+00:00,6629.4,6633.4,6562.9,6592.8,8578.0
2007-06-21 21:00:00+00:00,6615.4,6615.4,6523.1,6529.1,6059.0
2007-06-24 21:00:00+00:00,6542.6,6614.3,6521.2,6604.9,6589.0
2007-06-25 21:00:00+00:00,6558.9,6593.3,6539.5,6580.9,7922.0
2007-06-26 21:00:00+00:00,6532.5,6539.1,6494.8,6531.1,7639.0
2007-06-27 21:00:00+00:00,6569.7,6589.7,6550.8,6582.3,5853.0
2007-06-28 21:00:00+00:00,6585.5,6613.0,6516.4,6583.7,7774.0
2007-07-01 21:00:00+00:00,6580.8,6612.3,6567.4,6588.9,6650.0
2007-07-02 21:00:00+00:00,6616.5,6645.5,6612.5,6644.0,4785.0
2007-07-03 21:00:00+00:00,6645.3,6680.3,6641.3,6664.9,3132.0
2007-07-04 21:00:00+00:00,6679.5,6691.1,6617.5,6620.5,6750.0
2007-07-05 21:00:00+00:00,6634.7,6690.6,6630.2,6676.6,5870.0
2007-07-08 21:00:00+00:00,6700.1,6720.1,6693.7,6711.3,4043.0
2007-07-09 21:00:00+00:00,6707.0,6727.9,6613.1,6613.6,7839.0
2007-07-10 21:00:00+00:00,6582.5,6624.0,6566.7,6595.1,8453.0
2007-07-11 21:00:00+00:00,6627.2,6703.1,6586.4,6700.6,6928.0
2007-07-12 21:00:00+00:00,6734.2,6742.1,6699.4,6699.5,6418.0
2007-07-15 21:00:00+00:00,6713.6,6731.0,6672.8,6693.3,5668.0
2007-07-16 21:00:00+00:00,6682.1,6683.1,6619.9,6642.9,6577.0
2007-07-17 21:00:00+00:00,6586.9,6622.9,6527.8,6537.8,8598.0
2007-07-18 21:00:00+00:00,6592.3,6649.2,6587.8,6629.8,6162.0
2007-07-19 21:00:00+00:00,6633.6,6664.4,6536.1,6557.0,6880.0
2007-07-22 21:00:00+00:00,6583.5,6618.5,6571.1,6607.1,6587.0
2007-07-23 21:00:00+00:00,6595.4,6603.9,6480.5,6503.4,7659.0
2007-07-24 21:00:00+00:00,6464.3,6517.2,6419.1,6443.5,9283.0
2007-07-25 21:00:00+00:00,6446.8,6455.7,6211.3,6213.8,13147.0
2007-07-26 21:00:00+00:00,6167.1,6297.7,6162.8,6183.8,16587.0
2007-07-29 21:00:00+00:00,6194.2,6241.7,6166.4,6183.4,11391.0
2007-07-30 21:00:00+00:00,6244.5,6355.3,6236.0,6353.3,10107.0
2007-07-31 21:00:00+00:00,6229.9,6302.3,6174.1,6278.4,12639.0
2007-08-01 21:00:00+00:00,6274.1,6308.7,6256.8,6295.2,9468.0
2007-08-02 21:00:00+00:00,6310.4,6310.4,6196.4,6216.9,8952.0
2007-08-05 21:00:00+00:00,6150.6,6234.9,6146.1,6188.6,8928.0
2007-08-06 21:00:00+00:00,6222.3,6340.6,6216.9,6329.6,7862.0
2007-08-07 21:00:00+00:00,6350.3,6407.3,6316.9,6367.4,8106.0
2007-08-08 21:00:00+00:00,6362.7,6367.2,6224.7,6270.1,13146.0
2007-08-09 21:00:00+00:00,6183.1,6190.1,6029.1,6100.4,16300.0
2007-08-12 21:00:00+00:00,6107.9,6238.2,6098.9,6183.9,9443.0
2007-08-13 21:00:00+00:00,6169.2,6265.5,6128.4,6158.8,9597.0
2007-08-14 21:00:00+00:00,6085.8,6132.8,6047.9,6096.9,10783.0
2007-08-15 21:00:00+00:00,5989.4,6014.3,5828.9,5850.3,14444.0
2007-08-16 21:00:00+00:00,5874.5,6148.5,5827.2,6060.7,18082.0
2007-08-19 21:00:00+00:00,6088.7,6173.5,6061.4,6072.9,10545.0
2007-08-20 21:00:00+00:00,6136.4,6136.4,6039.2,6106.7,11253.0
2007-08-21 21:00:00+00:00,6118.4,6217.3,6118.4,6195.9,8236.0
2007-08-22 21:00:00+00:00,6259.5,6300.9,6183.8,6196.3,8457.0
2007-08-23 21:00:00+00:00,6206.0,6254.1,6192.1,6246.6,7448.0
2007-08-27 21:00:00+00:00,6223.5,6229.5,6092.4,6122.8,7676.0
2007-08-28 21:00:00+00:00,6091.1,6157.2,6061.7,6149.7,9451.0
2007-08-29 21:00:00+00:00,6179.4,6234.4,6126.6,6196.5,8282.0
2007-08-30 21:00:00+00:00,6264.6,6330.7,6221.7,6323.7,9038.0
2007-09-02 21:00:00+00:00,6335.8,6342.3,6311.3,6323.4,3405.0
2007-09-03 21:00:00+00:00,6314.7,6390.7,6279.2,6387.3,7629.0
2007-09-04 21:00:00+00:00,6368.5,6396.5,6266.8,6298.8,9726.0
2007-09-05 21:00:00+00:00,6328.0,6341.6,6219.6,6338.1,10373.0
2007-09-06 21:00:00+00:00,6310.4,6345.9,6179.6,6231.6,9906.0
2007-09-09 21:00:00+00:00,6221.6,6234.7,6121.8,6144.3,10039.0
2007-09-10 21:00:00+00:00,6199.0,6285.6,6180.6,6274.6,8322.0
2007-09-11 21:00:00+00:00,6283.4,6322.5,6233.5,6302.0,7668.0
2007-09-12 21:00:00+00:00,6295.3,6377.4,6283.3,6355.4,7821.0
2007-09-13 21:00:00+00:00,6312.2,6335.7,6209.3,6285.3,10894.0
2007-09-16 21:00:00+00:00,6259.4,6263.4,6145.0,6161.1,10205.0
2007-09-17 21:00:00+00:00,6164.3,6301.4,6158.8,6288.9,10031.0
2007-09-18 21:00:00+00:00,6416.6,6515.8,6399.2,6468.8,10753.0
2007-09-19 21:00:00+00:00,6446.0,6455.0,6397.1,6432.7,9607.0
2007-09-20 21:00:00+00:00,6410.9,6490.9,6410.4,6480.1,7146.0
2007-09-23 21:00:00+00:00,6446.6,6501.3,6446.1,6464.7,5520.0
2007-09-24 21:00:00+00:00,6441.3,6447.8,6371.1,6396.0,8646.0
2007-09-25 21:00:00+00:00,6442.5,6491.7,6423.8,6439.2,8310.0
2007-09-26 21:00:00+00:00,6480.8,6513.7,6470.9,6480.5,10559.0
2007-09-27 21:00:00+00:00,6495.3,6508.7,6413.2,6451.9,9731.0
2007-09-30 21:00:00+00:00,6420.9,6523.8,6414.9,6518.8,9851.0
2007-10-01 21:00:00+00:00,6539.6,6571.8,6493.2,6500.1,8911.0
2007-10-02 21:00:00+00:00,6527.3,6549.9,6500.6,6541.0,8217.0
2007-10-03 21:00:00+00:00,6528.0,6596.0,6516.1,6557.5,9735.0
2007-10-04 21:00:00+00:00,6582.2,6611.1,6556.0,6594.4,7141.0
2007-10-07 21:00:00+00:00,6605.5,6609.5,6530.8,6538.8,4611.0
2007-10-08 21:00:00+00:00,6545.6,6630.2,6528.7,6608.4,6966.0
2007-10-09 21:00:00+00:00,6627.2,6641.3,6590.5,6628.4,7536.0
2007-10-10 21:00:00+00:00,6652.2,6738.8,6646.2,6737.8,8541.0
2007-10-11 21:00:00+00:00,6692.1,6744.9,6663.8,6735.0,7142.0
2007-10-14 21:00:00+00:00,6724.9,6756.7,6632.7,6646.1,6439.0
2007-10-15 21:00:00+00:00,6641.1,6641.1,6600.9,6620.0,7602.0
2007-10-16 21:00:00+00:00,6619.4,6693.2,6594.1,6664.4,8459.0
2007-10-17 21:00:00+00:00,6693.1,6726.4,6584.4,6620.8,9257.0
2007-10-18 21:00:00+00:00,6593.4,6617.8,6520.1,6542.0,7869.0
2007-10-21 21:00:00+00:00,6406.0,6493.2,6401.5,6466.4,9772.0
2007-10-22 21:00:00+00:00,6487.6,6563.8,6487.6,6518.7,7990.0
2007-10-23 21:00:00+00:00,6519.1,6551.1,6456.7,6494.5,8752.0
2007-10-24 21:00:00+00:00,6542.1,6585.5,6520.3,6564.8,8379.0
2007-10-25 21:00:00+00:00,6581.1,6681.7,6563.2,6660.9,8390.0
2007-10-28 21:00:00+00:00,6717.4,6718.9,6669.8,6702.7,5902.0
2007-10-29 21:00:00+00:00,6680.7,6692.2,6650.6,6672.5,5641.0
2007-10-30 21:00:00+00:00,6663.5,6726.4,6638.1,6718.0,6871.0
2007-10-31 21:00:00+00:00,6707.4,6725.3,6549.9,6574.9,10949.0
2007-11-01 21:00:00+00:00,6539.9,6567.0,6482.4,6545.6,11977.0
2007-11-04 22:00:00+00:00,6495.6,6502.6,6418.6,6479.4,9882.0
2007-11-05 22:00:00+00:00,6510.7,6513.2,6456.6,6484.6,7565.0
2007-11-06 22:00:00+00:00,6510.3,6524.8,6373.6,6386.1,10582.0
2007-11-07 22:00:00+00:00,6307.9,6433.4,6288.4,6373.8,12411.0
2007-11-08 22:00:00+00:00,6393.6,6444.9,6271.3,6327.1,12480.0
2007-11-11 22:00:00+00:00,6278.0,6368.2,6269.6,6336.5,9433.0
2007-11-12 22:00:00+00:00,6299.5,6391.9,6279.6,6364.0,9448.0
2007-11-13 22:00:00+00:00,6428.2,6463.1,6383.0,6454.9,10249.0
2007-11-14 22:00:00+00:00,6435.3,6465.2,6333.4,6334.4,10850.0
2007-11-15 22:00:00+00:00,6323.8,6357.4,6281.7,6304.7,10929.0
2007-11-18 22:00:00+00:00,6299.8,6331.7,6112.6,6139.1,11504.0
2007-11-19 22:00:00+00:00,6153.4,6238.9,6078.7,6203.0,12994.0
2007-11-20 22:00:00+00:00,6165.5,6180.0,6047.5,6087.5,12510.0
2007-11-21 22:00:00+00:00,6105.8,6174.3,6032.5,6172.3,5557.0
2007-11-22 22:00:00+00:00,6161.7,6275.6,6157.7,6269.7,7835.0
2007-11-25 22:00:00+00:00,6315.2,6316.2,6181.7,6205.2,9860.0
2007-11-26 22:00:00+00:00,6161.2,6208.6,6069.6,6150.5,12222.0
2007-11-27 22:00:00+00:00,6185.8,6336.1,6117.9,6334.1,11479.0
2007-11-28 22:00:00+00:00,6364.0,6374.2,6283.2,6362.2,10506.0
2007-11-29 22:00:00+00:00,6360.6,6467.1,6342.2,6441.2,11215.0
2007-12-02 22:00:00+00:00,6433.9,6466.8,6389.2,6407.2,8744.0
2007-12-03 22:00:00+00:00,6404.6,6411.1,6297.4,6346.4,9786.0
2007-12-04 22:00:00+00:00,6367.8,6513.3,6363.8,6509.3,8986.0
2007-12-05 22:00:00+00:00,6535.7,6610.2,6445.0,6504.0,11768.0
2007-12-06 22:00:00+00:00,6535.8,6584.9,6526.3,6570.0,8788.0
2007-12-09 22:00:00+00:00,6535.8,6605.9,6535.3,6571.5,8925.0
2007-12-10 22:00:00+00:00,6601.4,6601.4,6521.5,6553.2,7262.0
2007-12-11 22:00:00+00:00,6478.1,6617.7,6431.2,6567.8,11916.0
2007-12-12 22:00:00+00:00,6495.8,6510.8,6361.1,6383.6,12644.0
2007-12-13 22:00:00+00:00,6409.5,6432.2,6339.2,6381.7,9741.0
2007-12-16 22:00:00+00:00,6325.4,6340.9,6266.6,6275.2,10340.0
2007-12-17 22:00:00+00:00,6257.1,6352.2,6237.3,6266.3,10676.0
2007-12-18 22:00:00+00:00,6298.7,6324.4,6251.8,6296.4,9164.0
2007-12-19 22:00:00+00:00,6304.8,6370.0,6291.8,6359.1,7542.0
2007-12-20 22:00:00+00:00,6410.9,6457.5,6398.9,6435.1,6858.0
2007-12-23 22:00:00+00:00,6459.6,6490.1,6450.7,6477.6,1099.0
2007-12-26 22:00:00+00:00,6478.4,6509.8,6472.5,6472.5,4485.0
2007-12-27 22:00:00+00:00,6454.2,6490.6,6430.8,6472.7,4543.0
2007-12-30 22:00:00+00:00,6464.4,6466.9,6427.1,6436.6,2022.0
2008-01-01 22:00:00+00:00,6429.0,6508.4,6385.3,6399.2,8090.0
2008-01-02 22:00:00+00:00,6402.4,6489.7,6385.4,6489.2,10058.0
2008-01-03 22:00:00+00:00,6490.4,6527.3,6320.9,6332.9,10702.0
2008-01-06 22:00:00+00:00,6328.1,6364.5,6258.9,6334.7,10535.0
2008-01-07 22:00:00+00:00,6347.3,6387.2,6319.9,6326.9,9297.0
2008-01-08 22:00:00+00:00,6288.2,6290.7,6223.4,6252.9,11653.0
2008-01-09 22:00:00+00:00,6268.0,6296.9,6185.3,6244.2,11869.0
2008-01-10 22:00:00+00:00,6223.9,6231.9,6127.2,6159.6,12294.0
2008-01-13 22:00:00+00:00,6149.8,6229.6,6146.8,6179.3,8516.0
2008-01-14 22:00:00+00:00,6161.0,6178.0,5984.6,6038.4,12081.0
2008-01-15 22:00:00+00:00,5986.2,6009.2,5880.5,5941.4,14882.0
2008-01-16 22:00:00+00:00,5967.0,6003.9,5842.4,5846.4,15043.0
2008-01-17 22:00:00+00:00,5875.4,6005.7,5832.1,5874.5,17057.0
2008-01-20 22:00:00+00:00,5761.4,5793.9,5531.5,5547.5,19846.0
2008-01-21 22:00:00+00:00,5375.0,5768.7,5293.7,5768.7,21105.0
2008-01-22 22:00:00+00:00,5780.8,5821.2,5483.0,5580.4,20229.0
2008-01-23 22:00:00+00:00,5772.1,5870.4,5706.2,5824.0,17356.0
2008-01-24 22:00:00+00:00,5972.9,5972.9,5814.8,5856.7,13450.0
2008-01-27 22:00:00+00:00,5805.4,5812.9,5672.2,5740.1,12854.0
2008-01-28 22:00:00+00:00,5802.1,5865.1,5768.8,5837.1,11520.0
2008-01-29 22:00:00+00:00,5822.3,5839.8,5776.0,5781.0,9087.0
2008-01-30 22:00:00+00:00,5793.6,5881.0,5653.4,5846.1,16250.0
2008-01-31 22:00:00+00:00,5923.6,6014.5,5910.1,5989.1,14257.0
2008-02-03 22:00:00+00:00,6018.6,6035.1,5962.8,5968.8,8734.0
2008-02-04 22:00:00+00:00,5982.9,5983.4,5812.3,5843.3,12329.0
2008-02-05 22:00:00+00:00,5800.5,5867.9,5785.6,5842.0,12302.0
2008-02-06 22:00:00+00:00,5824.6,5829.1,5672.0,5703.9,14177.0
2008-02-07 22:00:00+00:00,5740.0,5770.5,5669.2,5730.6,12172.0
2008-02-10 22:00:00+00:00,5694.3,5757.2,5645.4,5682.9,10991.0
2008-02-11 22:00:00+00:00,5739.9,5877.8,5672.5,5840.4,12848.0
2008-02-12 22:00:00+00:00,5814.0,5884.0,5779.1,5857.1,11566.0
2008-02-13 22:00:00+00:00,5882.7,5903.1,5823.3,5851.3,11081.0
2008-02-14 22:00:00+00:00,5852.9,5881.9,5724.7,5762.1,12536.0
2008-02-17 22:00:00+00:00,5810.7,5918.6,5798.2,5892.7,7289.0
2008-02-18 22:00:00+00:00,5872.8,5998.7,5845.4,5944.8,12708.0
2008-02-19 22:00:00+00:00,5865.1,5908.6,5814.2,5889.1,12660.0
2008-02-20 22:00:00+00:00,5905.3,5974.2,5880.8,5899.4,10667.0
2008-02-21 22:00:00+00:00,5864.5,5938.5,5828.1,5847.6,10634.0
2008-02-24 22:00:00+00:00,5919.7,5980.1,5887.8,5929.8,9471.0
2008-02-25 22:00:00+00:00,5986.8,6084.3,5957.4,6077.9,11516.0
2008-02-26 22:00:00+00:00,6081.5,6081.5,5953.2,6041.1,11174.0
2008-02-27 22:00:00+00:00,6017.3,6055.8,5922.4,5948.4,11606.0
2008-02-28 22:00:00+00:00,5903.6,5949.6,5819.8,5865.7,13883.0
2008-03-02 22:00:00+00:00,5761.9,5827.9,5731.5,5813.5,11310.0
2008-03-03 22:00:00+00:00,5781.6,5836.1,5680.8,5748.7,13622.0
2008-03-04 22:00:00+00:00,5786.4,5856.9,5753.4,5834.4,11311.0
2008-03-05 22:00:00+00:00,5852.0,5852.0,5726.7,5743.7,12497.0
2008-03-06 22:00:00+00:00,5691.9,5748.9,5640.9,5671.9,13479.0
2008-03-09 21:00:00+00:00,5665.5,5708.6,5604.1,5633.1,12012.0
2008-03-10 21:00:00+00:00,5646.8,5776.3,5632.3,5689.3,14518.0
2008-03-11 21:00:00+00:00,5760.4,5810.4,5736.0,5762.0,12560.0
2008-03-12 21:00:00+00:00,5664.2,5732.3,5621.8,5729.3,15051.0
2008-03-13 21:00:00+00:00,5686.9,5778.4,5587.5,5600.5,15836.0
2008-03-16 21:00:00+00:00,5503.6,5533.2,5409.7,5433.7,18422.0
2008-03-17 21:00:00+00:00,5492.3,5601.9,5480.3,5590.4,12962.0
2008-03-18 21:00:00+00:00,5631.5,5655.0,5507.1,5507.1,16078.0
2008-03-19 21:00:00+00:00,5500.8,5550.0,5463.1,5514.1,12613.0
2008-03-24 21:00:00+00:00,5694.3,5714.7,5629.4,5689.3,11712.0
2008-03-25 21:00:00+00:00,5661.9,5694.4,5647.9,5658.0,9795.0
2008-03-26 21:00:00+00:00,5664.5,5749.4,5659.5,5723.5,11398.0
2008-03-27 21:00:00+00:00,5750.5,5756.5,5682.6,5691.1,9625.0
2008-03-30 21:00:00+00:00,5665.0,5726.4,5589.1,5712.4,12214.0
2008-03-31 21:00:00+00:00,5671.1,5878.8,5671.1,5872.3,11649.0
2008-04-01 21:00:00+00:00,5879.4,5935.8,5835.4,5926.3,10655.0
2008-04-02 21:00:00+00:00,5938.9,5939.4,5872.5,5903.0,9624.0
2008-04-03 21:00:00+00:00,5920.0,5968.0,5896.1,5967.5,9118.0
2008-04-06 21:00:00+00:00,5981.3,6039.3,5970.8,6031.3,7931.0
2008-04-07 21:00:00+00:00,5996.4,5999.9,5946.0,5987.9,8007.0
2008-04-08 21:00:00+00:00,5962.1,6023.5,5953.6,5984.6,8003.0
2008-04-09 21:00:00+00:00,5993.6,6010.1,5882.3,5964.7,10954.0
2008-04-10 21:00:00+00:00,6007.2,6021.7,5865.9,5871.9,11339.0
2008-04-13 21:00:00+00:00,5851.8,5876.8,5824.4,5861.8,8424.0
2008-04-14 21:00:00+00:00,5875.9,5946.8,5863.9,5922.4,9731.0
2008-04-15 21:00:00+00:00,5950.9,6059.3,5933.9,6058.3,8955.0
2008-04-16 21:00:00+00:00,6062.4,6087.8,5964.5,5978.0,10430.0
2008-04-17 21:00:00+00:00,5995.6,6073.5,5977.1,6071.0,10547.0
2008-04-20 21:00:00+00:00,6075.8,6089.8,6023.4,6060.4,7713.0
2008-04-21 21:00:00+00:00,6020.5,6075.5,6006.1,6017.1,9349.0
2008-04-22 21:00:00+00:00,6053.1,6097.1,5980.7,6066.1,11504.0
2008-04-23 21:00:00+00:00,6072.2,6092.2,5953.8,6080.2,11976.0
2008-04-24 21:00:00+00:00,6093.3,6116.8,6050.3,6109.3,9623.0
2008-04-27 21:00:00+00:00,6126.6,6141.1,6089.7,6108.2,6995.0
2008-04-28 21:00:00+00:00,6092.8,6137.7,6049.3,6084.8,8297.0
2008-04-29 21:00:00+00:00,6088.9,6124.9,6035.4,6076.4,9585.0
2008-04-30 21:00:00+00:00,6092.5,6121.0,6062.5,6096.5,4176.0
2008-05-01 21:00:00+00:00,6134.1,6230.0,6117.6,6191.1,9255.0
2008-05-05 21:00:00+00:00,6201.5,6237.0,6151.1,6229.0,8924.0
2008-05-06 21:00:00+00:00,6227.1,6271.6,6209.6,6247.1,7905.0
2008-05-07 21:00:00+00:00,6221.7,6272.7,6215.2,6256.8,8523.0
2008-05-08 21:00:00+00:00,6242.3,6246.3,6161.9,6188.4,8769.0
2008-05-11 21:00:00+00:00,6210.2,6250.7,6177.8,6238.3,6168.0
2008-05-12 21:00:00+00:00,6255.8,6265.8,6134.9,6214.9,10087.0
2008-05-13 21:00:00+00:00,6239.9,6259.0,6168.5,6217.5,9705.0
2008-05-14 21:00:00+00:00,6209.1,6263.6,6173.1,6263.1,9090.0
2008-05-15 21:00:00+00:00,6283.7,6355.1,6268.7,6310.7,9514.0
2008-05-18 21:00:00+00:00,6326.0,6391.5,6302.5,6384.0,7073.0
2008-05-19 21:00:00+00:00,6358.1,6358.1,6181.8,6203.3,10872.0
2008-05-20 21:00:00+00:00,6219.3,6261.8,6185.9,6208.9,10893.0
2008-05-21 21:00:00+00:00,6170.0,6228.4,6154.0,6181.5,12091.0
2008-05-22 21:00:00+00:00,6195.6,6195.6,6080.7,6104.2,9506.0
2008-05-26 21:00:00+00:00,6120.1,6141.1,6047.2,6068.7,8418.0
2008-05-27 21:00:00+00:00,6078.2,6125.2,6050.8,6073.3,8570.0
2008-05-28 21:00:00+00:00,6111.8,6132.3,6039.4,6088.4,8528.0
2008-05-29 21:00:00+00:00,6070.0,6114.0,6031.5,6046.0,8633.0
2008-06-01 21:00:00+00:00,6040.9,6046.9,5973.4,6002.4,8930.0
2008-06-02 21:00:00+00:00,5998.0,6065.5,5989.5,6026.0,9092.0
2008-06-03 21:00:00+00:00,6035.6,6035.6,5943.2,5959.2,10088.0
2008-06-04 21:00:00+00:00,5986.2,6034.3,5948.3,6033.3,10233.0
2008-06-05 21:00:00+00:00,6043.3,6085.8,5861.4,5864.9,12577.0
2008-06-08 21:00:00+00:00,5898.7,5949.2,5839.3,5878.8,12472.0
2008-06-09 21:00:00+00:00,5860.3,5881.4,5820.4,5848.4,11300.0
2008-06-10 21:00:00+00:00,5852.9,5861.4,5711.5,5721.0,12122.0
2008-06-11 21:00:00+00:00,5735.1,5803.1,5724.1,5767.1,11040.0
2008-06-12 21:00:00+00:00,5785.2,5824.2,5722.7,5812.8,10940.0
2008-06-15 21:00:00+00:00,5818.5,5832.5,5760.1,5805.6,10225.0
2008-06-16 21:00:00+00:00,5809.6,5933.7,5803.6,5839.7,9920.0
2008-06-17 21:00:00+00:00,5839.8,5839.8,5735.3,5771.3,9951.0
2008-06-18 21:00:00+00:00,5746.9,5787.9,5698.9,5736.4,10493.0
2008-06-19 21:00:00+00:00,5712.5,5730.5,5590.2,5618.6,10384.0
2008-06-22 21:00:00+00:00,5621.4,5690.2,5599.1,5666.4,10496.0
2008-06-23 21:00:00+00:00,5671.5,5687.9,5577.5,5623.9,12372.0
2008-06-24 21:00:00+00:00,5641.0,5683.9,5629.6,5636.2,10392.0
2008-06-25 21:00:00+00:00,5631.4,5640.3,5473.4,5480.3,12285.0
2008-06-26 21:00:00+00:00,5505.9,5551.7,5462.1,5496.6,14798.0
2008-06-29 21:00:00+00:00,5528.7,5632.9,5512.3,5602.1,13149.0
2008-06-30 21:00:00+00:00,5575.3,5596.7,5414.7,5497.9,15284.0
2008-07-01 21:00:00+00:00,5477.1,5560.3,5358.9,5363.8,12767.0
2008-07-02 21:00:00+00:00,5369.0,5484.5,5351.1,5462.2,15804.0
2008-07-03 21:00:00+00:00,5465.8,5469.3,5381.3,5415.7,5506.0
2008-07-06 21:00:00+00:00,5464.3,5509.2,5377.4,5415.7,12168.0
2008-07-07 21:00:00+00:00,5374.1,5513.1,5346.7,5513.1,14554.0
2008-07-08 21:00:00+00:00,5485.9,5528.3,5416.9,5426.3,10133.0
2008-07-09 21:00:00+00:00,5432.9,5471.3,5370.4,5427.1,12317.0
2008-07-10 21:00:00+00:00,5419.8,5449.7,5234.7,5293.0,14813.0
2008-07-13 21:00:00+00:00,5308.7,5363.6,5252.6,5270.6,11483.0
2008-07-14 21:00:00+00:00,5254.3,5254.3,5105.4,5155.8,15324.0
2008-07-15 21:00:00+00:00,5176.9,5210.9,5053.9,5208.9,15129.0
2008-07-16 21:00:00+00:00,5195.1,5324.8,5186.2,5306.9,14644.0
2008-07-17 21:00:00+00:00,5231.8,5364.9,5202.4,5362.0,13593.0
2008-07-20 21:00:00+00:00,5352.8,5430.6,5314.9,5374.9,11140.0
2008-07-21 21:00:00+00:00,5328.2,5406.1,5264.5,5406.1,10269.0
2008-07-22 21:00:00+00:00,5415.7,5460.1,5366.9,5416.4,10747.0
2008-07-23 21:00:00+00:00,5452.4,5457.4,5303.1,5309.6,12117.0
2008-07-24 21:00:00+00:00,5301.3,5357.2,5272.9,5334.3,11177.0
2008-07-27 21:00:00+00:00,5341.1,5347.1,5239.6,5245.1,8524.0
2008-07-28 21:00:00+00:00,5243.7,5340.6,5241.2,5337.6,10731.0
2008-07-29 21:00:00+00:00,5359.2,5431.1,5350.7,5429.6,10539.0
2008-07-30 21:00:00+00:00,5428.3,5438.8,5348.7,5357.2,11160.0
2008-07-31 21:00:00+00:00,5350.3,5391.3,5293.1,5335.5,9637.0
2008-08-03 21:00:00+00:00,5333.8,5396.7,5283.6,5297.1,10584.0
2008-08-04 21:00:00+00:00,5308.7,5480.4,5275.3,5478.9,11065.0
2008-08-05 21:00:00+00:00,5456.6,5515.6,5430.3,5506.7,10646.0
2008-08-06 21:00:00+00:00,5460.5,5529.3,5419.2,5436.2,10243.0
2008-08-07 21:00:00+00:00,5442.3,5517.8,5397.5,5506.4,10872.0
2008-08-10 21:00:00+00:00,5504.7,5542.7,5465.3,5518.3,7891.0
2008-08-11 21:00:00+00:00,5509.5,5558.4,5479.1,5519.1,10159.0
2008-08-12 21:00:00+00:00,5507.8,5514.3,5425.6,5480.1,10985.0
2008-08-13 21:00:00+00:00,5492.2,5534.1,5436.9,5486.9,10206.0
2008-08-14 21:00:00+00:00,5517.4,5534.4,5422.2,5442.8,10564.0
2008-08-17 21:00:00+00:00,5430.1,5493.1,5377.4,5399.8,9182.0
2008-08-18 21:00:00+00:00,5386.0,5393.5,5297.3,5326.8,9859.0
2008-08-19 21:00:00+00:00,5342.4,5391.4,5327.5,5376.0,9870.0
2008-08-20 21:00:00+00:00,5330.8,5413.7,5311.8,5396.8,9847.0
2008-08-21 21:00:00+00:00,5395.0,5515.4,5369.5,5492.5,10145.0
2008-08-25 21:00:00+00:00,5442.2,5499.7,5370.8,5469.3,10678.0
2008-08-26 21:00:00+00:00,5465.0,5566.5,5436.5,5546.5,10076.0
2008-08-27 21:00:00+00:00,5523.7,5639.2,5496.3,5621.8,9975.0
2008-08-28 21:00:00+00:00,5624.9,5651.5,5587.0,5626.1,8202.0
2008-08-31 21:00:00+00:00,5598.9,5626.0,5573.0,5610.6,5051.0
2008-09-01 21:00:00+00:00,5594.8,5650.3,5549.0,5564.0,11286.0
2008-09-02 21:00:00+00:00,5568.1,5585.6,5477.4,5509.9,12014.0
2008-09-03 21:00:00+00:00,5512.5,5544.6,5312.9,5326.4,12409.0
2008-09-04 21:00:00+00:00,5330.5,5362.0,5227.7,5321.7,14852.0
2008-09-07 21:00:00+00:00,5417.4,5538.4,5412.4,5494.0,15055.0
2008-09-08 21:00:00+00:00,5458.7,5531.7,5340.9,5340.9,14686.0
2008-09-09 21:00:00+00:00,5393.6,5431.2,5328.2,5385.2,13555.0
2008-09-10 21:00:00+00:00,5362.4,5405.1,5260.0,5398.6,12402.0
2008-09-11 21:00:00+00:00,5383.2,5430.3,5320.3,5418.9,11815.0
2008-09-14 21:00:00+00:00,5283.2,5284.2,5108.9,5114.9,16986.0
2008-09-15 21:00:00+00:00,5114.1,5144.1,4959.7,5069.7,19929.0
2008-09-16 21:00:00+00:00,5064.9,5121.9,4863.5,4864.5,18865.0
2008-09-17 21:00:00+00:00,4921.7,5130.3,4804.3,5079.3,20430.0
2008-09-18 21:00:00+00:00,5193.0,5435.2,5161.0,5399.8,17769.0
2008-09-21 21:00:00+00:00,5349.2,5362.2,5171.6,5187.6,14155.0
2008-09-22 21:00:00+00:00,5234.5,5253.5,5084.9,5105.9,14353.0
2008-09-23 21:00:00+00:00,5171.3,5184.3,5097.5,5126.9,11734.0
2008-09-24 21:00:00+00:00,5121.0,5273.8,5079.1,5237.3,12816.0
2008-09-25 21:00:00+00:00,5162.5,5175.1,5079.2,5174.6,13237.0
2008-09-28 21:00:00+00:00,5055.1,5076.6,4553.6,4635.4,18470.0
2008-09-29 21:00:00+00:00,4733.3,5066.2,4696.9,5055.8,19714.0
2008-09-30 21:00:00+00:00,5014.9,5090.8,4919.1,5061.9,15824.0
2008-10-01 21:00:00+00:00,5004.5,5077.9,4853.9,4879.3,15258.0
2008-10-02 21:00:00+00:00,4916.8,5048.1,4823.0,4838.0,15521.0
2008-10-05 21:00:00+00:00,4761.9,4806.3,4450.0,4631.2,19072.0
2008-10-06 21:00:00+00:00,4679.1,4765.0,4424.6,4424.6,22607.0
2008-10-07 21:00:00+00:00,4449.6,4692.3,4241.5,4346.9,28164.0
2008-10-08 21:00:00+00:00,4447.7,4516.1,4092.9,4141.8,20151.0
2008-10-09 21:00:00+00:00,3963.6,4156.8,3828.9,4061.5,28401.0
2008-10-12 21:00:00+00:00,4178.1,4477.7,4054.8,4477.2,21052.0
2008-10-13 21:00:00+00:00,4456.7,4548.1,4258.6,4360.9,20449.0
2008-10-14 21:00:00+00:00,4391.4,4391.4,3900.2,3904.2,19477.0
2008-10-15 21:00:00+00:00,3898.3,4073.6,3805.9,4064.1,22719.0
2008-10-16 21:00:00+00:00,4058.6,4229.9,3858.9,4061.7,19647.0
2008-10-19 21:00:00+00:00,4154.8,4371.5,4065.9,4369.5,17584.0
2008-10-20 21:00:00+00:00,4349.1,4357.1,4157.4,4212.8,17049.0
2008-10-21 21:00:00+00:00,4124.5,4205.4,3849.9,3959.8,17529.0
2008-10-22 21:00:00+00:00,4041.7,4110.6,3855.0,4056.7,20734.0
2008-10-23 21:00:00+00:00,3877.0,3931.9,3699.3,3847.6,20800.0
2008-10-26 21:00:00+00:00,3689.5,3935.2,3648.6,3728.5,20703.0
2008-10-27 21:00:00+00:00,3924.8,4232.0,3830.9,4225.0,20835.0
2008-10-28 21:00:00+00:00,4174.1,4331.0,4044.8,4191.6,19361.0
2008-10-29 21:00:00+00:00,4325.0,4347.0,4191.2,4304.6,19406.0
2008-10-30 21:00:00+00:00,4279.2,4428.6,4186.8,4419.1,16022.0
2008-11-02 22:00:00+00:00,4440.3,4466.3,4343.4,4430.9,15452.0
2008-11-03 22:00:00+00:00,4425.4,4682.7,4394.9,4678.2,17022.0
2008-11-04 22:00:00+00:00,4630.8,4632.3,4402.6,4425.6,15996.0
2008-11-05 22:00:00+00:00,4373.2,4470.1,4147.4,4188.4,21989.0
2008-11-06 22:00:00+00:00,4310.3,4432.3,4249.9,4430.8,17868.0
2008-11-09 22:00:00+00:00,4545.9,4545.9,4281.7,4338.7,14216.0
2008-11-10 22:00:00+00:00,4318.7,4361.7,4217.3,4301.8,16411.0
2008-11-11 22:00:00+00:00,4342.3,4342.8,4102.1,4119.1,18537.0
2008-11-12 22:00:00+00:00,4073.6,4425.9,4025.2,4423.4,20503.0
2008-11-13 22:00:00+00:00,4336.5,4342.1,4154.2,4183.2,18559.0
2008-11-16 22:00:00+00:00,4183.9,4243.4,4101.0,4111.0,16592.0
2008-11-17 22:00:00+00:00,4124.1,4248.0,4021.1,4221.0,17791.0
2008-11-18 22:00:00+00:00,4202.1,4214.1,3915.3,3921.8,17630.0
2008-11-19 22:00:00+00:00,3878.4,3979.4,3689.6,3716.6,21479.0
2008-11-20 22:00:00+00:00,3872.5,3954.0,3700.7,3922.5,20685.0
2008-11-23 22:00:00+00:00,3882.3,4231.6,3830.8,4172.1,19349.0
2008-11-24 22:00:00+00:00,4115.2,4276.7,4064.8,4154.8,20786.0
2008-11-25 22:00:00+00:00,4095.3,4256.8,4052.4,4236.8,17134.0
2008-11-26 22:00:00+00:00,4211.9,4252.9,4173.4,4242.9,6824.0
2008-11-27 22:00:00+00:00,4255.4,4320.4,4192.5,4309.5,11697.0
2008-11-30 22:00:00+00:00,4259.2,4284.2,3953.4,3967.9,15243.0
2008-12-01 22:00:00+00:00,3998.4,4169.9,3970.9,4160.9,18589.0
2008-12-02 22:00:00+00:00,4121.0,4232.5,4041.5,4225.0,17024.0
2008-12-03 22:00:00+00:00,4176.6,4269.0,4015.2,4068.6,18093.0
2008-12-04 22:00:00+00:00,4125.2,4221.2,4002.2,4196.2,18675.0
2008-12-07 22:00:00+00:00,4323.9,4348.9,4204.9,4311.0,16249.0
2008-12-08 22:00:00+00:00,4263.5,4424.0,4236.5,4333.6,16780.0
2008-12-09 22:00:00+00:00,4365.1,4417.6,4330.6,4392.1,14545.0
2008-12-10 22:00:00+00:00,4361.2,4438.7,4309.3,4334.8,13724.0
2008-12-11 22:00:00+00:00,4199.3,4359.3,4198.8,4339.4,16545.0
2008-12-14 22:00:00+00:00,4327.6,4347.1,4238.6,4289.1,13265.0
2008-12-15 22:00:00+00:00,4267.2,4424.7,4248.2,4397.2,14573.0
2008-12-16 22:00:00+00:00,4360.3,4388.3,4227.3,4331.9,14901.0
2008-12-17 22:00:00+00:00,4326.4,4360.4,4229.4,4272.4,12800.0
2008-12-18 22:00:00+00:00,4282.0,4337.0,4199.3,4277.1,11728.0
2008-12-21 22:00:00+00:00,4253.8,4311.6,4185.3,4242.1,8369.0
2008-12-22 22:00:00+00:00,4262.6,4314.3,4218.8,4252.9,6875.0
2008-12-23 22:00:00+00:00,4282.4,4282.4,4199.0,4215.5,1321.0
2008-12-28 22:00:00+00:00,4227.8,4327.2,4227.8,4327.2,6453.0
2008-12-29 22:00:00+00:00,4342.1,4449.5,4335.0,4447.5,5537.0
2008-12-30 22:00:00+00:00,4449.4,4449.4,4404.6,4410.1,2055.0
2009-01-01 22:00:00+00:00,4421.7,4620.5,4415.6,4601.4,6577.0
2009-01-04 22:00:00+00:00,4611.7,4611.7,4507.2,4572.4,10367.0
2009-01-05 22:00:00+00:00,4595.9,4669.6,4550.1,4633.9,12237.0
2009-01-06 22:00:00+00:00,4621.2,4621.2,4451.3,4471.9,13200.0
2009-01-07 22:00:00+00:00,4450.6,4525.8,4396.8,4521.3,12579.0
2009-01-08 22:00:00+00:00,4508.6,4527.6,4411.5,4421.6,11527.0
2009-01-11 22:00:00+00:00,4423.9,4462.0,4350.9,4378.0,10899.0
2009-01-12 22:00:00+00:00,4378.4,4398.4,4303.1,4385.3,13562.0
2009-01-13 22:00:00+00:00,4402.7,4405.7,4094.4,4145.0,15535.0
2009-01-14 22:00:00+00:00,4148.9,4194.5,4068.5,4168.4,17146.0
2009-01-15 22:00:00+00:00,4183.8,4237.0,4067.2,4162.1,14694.0
2009-01-18 22:00:00+00:00,4206.6,4237.2,4014.3,4092.5,10179.0
2009-01-19 22:00:00+00:00,4081.3,4167.6,3975.8,4002.9,16466.0
2009-01-20 22:00:00+00:00,4030.4,4141.7,3980.7,4128.6,17691.0
2009-01-21 22:00:00+00:00,4116.5,4133.5,3993.4,4063.1,17002.0
2009-01-22 22:00:00+00:00,4019.8,4093.5,3930.5,4051.8,15895.0
2009-01-25 22:00:00+00:00,4013.6,4201.6,4008.5,4122.8,14740.0
2009-01-26 22:00:00+00:00,4168.8,4190.8,4103.6,4154.6,13252.0
2009-01-27 22:00:00+00:00,4209.7,4309.4,4205.7,4304.4,13197.0
2009-01-28 22:00:00+00:00,4236.0,4248.0,4112.0,4130.0,13554.0
2009-01-29 22:00:00+00:00,4166.0,4203.6,4087.6,4102.7,14745.0
2009-02-01 22:00:00+00:00,4069.4,4088.5,4006.2,4054.8,13098.0
2009-02-02 22:00:00+00:00,4067.7,4195.9,4013.5,4171.3,13513.0
2009-02-03 22:00:00+00:00,4163.2,4251.4,4137.5,4153.5,12191.0
2009-02-04 22:00:00+00:00,4131.3,4274.6,4114.2,4247.0,14921.0
2009-02-05 22:00:00+00:00,4247.4,4323.5,4208.8,4302.4,12609.0
2009-02-08 22:00:00+00:00,4260.6,4320.2,4227.0,4294.0,9206.0
2009-02-09 22:00:00+00:00,4246.3,4293.3,4125.4,4153.9,14256.0
2009-02-10 22:00:00+00:00,4187.4,4231.4,4160.2,4203.3,12533.0
2009-02-11 22:00:00+00:00,4174.6,4246.1,4113.4,4242.1,14478.0
2009-02-12 22:00:00+00:00,4238.5,4278.1,4141.1,4141.1,12703.0
2009-02-15 22:00:00+00:00,4142.5,4170.5,4106.3,4116.3,5473.0
2009-02-16 22:00:00+00:00,4077.1,4091.6,3971.3,4009.3,14248.0
2009-02-17 22:00:00+00:00,4044.8,4049.3,3924.4,3995.0,13395.0
2009-02-18 22:00:00+00:00,4027.5,4036.9,3954.7,3963.2,12332.0
2009-02-19 22:00:00+00:00,3943.6,3959.6,3828.8,3887.8,15052.0
2009-02-22 22:00:00+00:00,3936.3,3950.8,3760.9,3766.4,12629.0
2009-02-23 22:00:00+00:00,3820.9,3892.3,3757.2,3874.3,14086.0
2009-02-24 22:00:00+00:00,3849.7,3910.1,3793.0,3859.5,14230.0
2009-02-25 22:00:00+00:00,3878.0,3939.0,3809.2,3813.7,15559.0
2009-02-26 22:00:00+00:00,3840.7,3866.1,3745.0,3781.4,15559.0
2009-03-01 22:00:00+00:00,3719.3,3734.8,3569.0,3580.5,14749.0
2009-03-02 22:00:00+00:00,3634.0,3667.5,3468.2,3505.2,17318.0
2009-03-03 22:00:00+00:00,3546.1,3683.2,3538.6,3628.6,14454.0
2009-03-04 22:00:00+00:00,3607.0,3616.0,3459.7,3496.7,14219.0
2009-03-05 22:00:00+00:00,3516.2,3582.7,3460.5,3537.6,14963.0
2009-03-08 21:00:00+00:00,3523.0,3553.4,3445.9,3479.3,16228.0
2009-03-09 21:00:00+00:00,3520.3,3732.3,3501.8,3722.8,15075.0
2009-03-10 21:00:00+00:00,3703.2,3765.7,3650.1,3681.5,15193.0
2009-03-11 21:00:00+00:00,3670.9,3777.8,3610.8,3766.8,14783.0
2009-03-12 21:00:00+00:00,3778.2,3816.2,3732.6,3791.6,13304.0
2009-03-15 21:00:00+00:00,3816.0,3890.9,3782.5,3814.4,12422.0
2009-03-16 21:00:00+00:00,3840.8,3911.2,3788.7,3911.2,11971.0
2009-03-17 21:00:00+00:00,3895.0,3905.5,3767.4,3858.9,14501.0
2009-03-18 21:00:00+00:00,3825.3,3913.7,3790.6,3800.6,15440.0
2009-03-19 21:00:00+00:00,3785.0,3856.4,3773.0,3784.9,11493.0
2009-03-22 21:00:00+00:00,3928.3,4025.2,3838.7,4025.2,14333.0
2009-03-23 21:00:00+00:00,4008.3,4014.8,3873.4,3879.4,13476.0
2009-03-24 21:00:00+00:00,3892.8,3945.3,3801.0,3880.9,13770.0
2009-03-25 21:00:00+00:00,3921.7,3964.4,3876.5,3948.2,11784.0
2009-03-26 21:00:00+00:00,3925.2,3953.5,3867.8,3884.9,11024.0
2009-03-29 21:00:00+00:00,3842.7,3845.2,3740.3,3765.5,12877.0
2009-03-30 21:00:00+00:00,3800.2,3957.1,3794.6,3909.6,14377.0
2009-03-31 21:00:00+00:00,3907.3,4003.6,3830.5,3987.9,13528.0
2009-04-01 21:00:00+00:00,4041.2,4163.2,4033.6,4112.2,16460.0
2009-04-02 21:00:00+00:00,4123.0,4133.6,4009.2,4082.3,13968.0
2009-04-05 21:00:00+00:00,4086.5,4095.0,3953.0,4011.9,11209.0
2009-04-06 21:00:00+00:00,4024.3,4036.4,3892.7,3901.8,11918.0
2009-04-07 21:00:00+00:00,3888.4,3944.7,3866.2,3921.9,11140.0
2009-04-08 21:00:00+00:00,3959.6,4006.2,3900.5,4006.2,11576.0
2009-04-13 21:00:00+00:00,4006.3,4031.5,3925.9,3939.4,12150.0
2009-04-14 21:00:00+00:00,3945.2,4013.3,3927.9,4003.9,11535.0
2009-04-15 21:00:00+00:00,3995.1,4092.7,3949.2,4071.5,11812.0
2009-04-16 21:00:00+00:00,4057.1,4112.3,4028.3,4092.1,11328.0
2009-04-19 21:00:00+00:00,4068.0,4101.8,3939.2,3948.8,11994.0
2009-04-20 21:00:00+00:00,3980.8,4025.3,3876.3,4015.2,13881.0
2009-04-21 21:00:00+00:00,3963.1,4043.4,3933.7,3977.4,15724.0
2009-04-22 21:00:00+00:00,4001.3,4076.3,3983.7,4056.5,12512.0
2009-04-23 21:00:00+00:00,4023.0,4163.7,4021.9,4146.1,12112.0
2009-04-26 21:00:00+00:00,4098.9,4167.7,4075.7,4128.8,11329.0
2009-04-27 21:00:00+00:00,4085.2,4113.1,4040.7,4087.9,12279.0
2009-04-28 21:00:00+00:00,4095.7,4206.2,4078.1,4166.4,11253.0
2009-04-29 21:00:00+00:00,4212.5,4285.4,4170.9,4186.0,14087.0
2009-04-30 21:00:00+00:00,4228.5,4242.3,4197.6,4238.8,4064.0
2009-05-04 21:00:00+00:00,4345.4,4360.4,4302.9,4328.0,11879.0
2009-05-05 21:00:00+00:00,4315.1,4440.6,4312.1,4440.1,13205.0
2009-05-06 21:00:00+00:00,4426.2,4521.6,4371.1,4395.7,16292.0
2009-05-07 21:00:00+00:00,4437.6,4507.8,4414.5,4490.6,13802.0
2009-05-10 21:00:00+00:00,4466.0,4466.5,4395.9,4413.9,10839.0
2009-05-11 21:00:00+00:00,4403.0,4456.0,4389.4,4441.4,11338.0
2009-05-12 21:00:00+00:00,4449.7,4451.2,4305.1,4317.2,11573.0
2009-05-13 21:00:00+00:00,4327.5,4385.0,4293.3,4360.8,12913.0
2009-05-14 21:00:00+00:00,4387.2,4407.2,4300.4,4323.0,11456.0
2009-05-17 21:00:00+00:00,4313.0,4468.4,4298.5,4468.4,10546.0
2009-05-18 21:00:00+00:00,4465.6,4503.7,4433.3,4460.7,11766.0
2009-05-19 21:00:00+00:00,4468.5,4509.6,4408.4,4415.4,10667.0
2009-05-20 21:00:00+00:00,4405.6,4413.1,4314.5,4351.1,10624.0
2009-05-21 21:00:00+00:00,4361.9,4395.3,4332.1,4340.9,8769.0
2009-05-25 21:00:00+00:00,4343.9,4433.9,4289.6,4418.8,10712.0
2009-05-26 21:00:00+00:00,4438.6,4439.1,4340.5,4351.5,9167.0
2009-05-27 21:00:00+00:00,4362.8,4417.1,4335.5,4408.6,10726.0
2009-05-28 21:00:00+00:00,4422.8,4467.3,4395.5,4456.1,10143.0
2009-05-31 21:00:00+00:00,4491.2,4515.1,4462.1,4485.9,9728.0
2009-06-01 21:00:00+00:00,4465.5,4489.8,4426.8,4481.7,10793.0
2009-06-02 21:00:00+00:00,4479.4,4483.4,4357.9,4394.9,10878.0
2009-06-03 21:00:00+00:00,4402.7,4446.2,4366.0,4417.4,9941.0
2009-06-04 21:00:00+00:00,4436.6,4505.6,4419.3,4430.3,10997.0
2009-06-07 21:00:00+00:00,4423.8,4455.0,4372.2,4437.0,10235.0
2009-06-08 21:00:00+00:00,4428.2,4453.2,4389.4,4416.3,10247.0
2009-06-09 21:00:00+00:00,4452.6,4511.6,4397.8,4434.2,10285.0
2009-06-10 21:00:00+00:00,4424.9,4491.8,4409.9,4453.6,10005.0
2009-06-11 21:00:00+00:00,4460.9,4472.9,4426.2,4462.6,7677.0
2009-06-14 21:00:00+00:00,4413.0,4419.0,4317.8,4344.1,10278.0
2009-06-15 21:00:00+00:00,4338.9,4373.8,4282.6,4286.0,10512.0
2009-06-16 21:00:00+00:00,4311.3,4329.8,4254.1,4276.9,12067.0
2009-06-17 21:00:00+00:00,4290.7,4314.4,4237.5,4288.9,9061.0
2009-06-18 21:00:00+00:00,4293.1,4373.6,4278.6,4339.2,8094.0
2009-06-21 21:00:00+00:00,4346.8,4354.4,4212.6,4212.6,10053.0
2009-06-22 21:00:00+00:00,4215.9,4264.7,4215.9,4233.4,9152.0
2009-06-23 21:00:00+00:00,4250.8,4292.0,4215.5,4242.6,8583.0
2009-06-24 21:00:00+00:00,4268.6,4297.1,4210.1,4294.1,9567.0
2009-06-25 21:00:00+00:00,4281.3,4308.5,4212.7,4237.8,8393.0
2009-06-28 21:00:00+00:00,4226.3,4303.7,4226.3,4280.5,9111.0
2009-06-29 21:00:00+00:00,4306.5,4307.0,4226.3,4261.9,10820.0
2009-06-30 21:00:00+00:00,4261.8,4355.8,4260.8,4306.4,9283.0
2009-07-01 21:00:00+00:00,4316.8,4319.3,4204.3,4213.4,10484.0
2009-07-02 21:00:00+00:00,4239.9,4261.9,4214.2,4241.7,5752.0
2009-07-05 21:00:00+00:00,4198.5,4226.5,4164.2,4226.5,9169.0
2009-07-06 21:00:00+00:00,4207.7,4236.8,4148.1,4154.6,9441.0
2009-07-07 21:00:00+00:00,4160.0,4188.6,4110.0,4136.7,9738.0
2009-07-08 21:00:00+00:00,4136.0,4179.7,4130.4,4146.9,7839.0
2009-07-09 21:00:00+00:00,4125.6,4154.1,4112.9,4138.9,8811.0
2009-07-12 21:00:00+00:00,4109.4,4222.4,4085.2,4214.3,9158.0
2009-07-13 21:00:00+00:00,4198.0,4250.3,4186.5,4230.0,9423.0
2009-07-14 21:00:00+00:00,4252.5,4366.4,4244.9,4357.4,8428.0
2009-07-15 21:00:00+00:00,4340.1,4412.3,4319.9,4393.2,9794.0
2009-07-16 21:00:00+00:00,4386.5,4403.9,4358.2,4391.3,8397.0
2009-07-19 21:00:00+00:00,4408.4,4455.6,4385.3,4453.4,8134.0
2009-07-20 21:00:00+00:00,4434.2,4492.4,4426.6,4479.2,9279.0
2009-07-21 21:00:00+00:00,4476.0,4495.9,4438.3,4472.3,8308.0
2009-07-22 21:00:00+00:00,4488.7,4570.9,4463.0,4560.3,9249.0
2009-07-23 21:00:00+00:00,4549.1,4598.6,4527.5,4595.6,8420.0
2009-07-26 21:00:00+00:00,4606.6,4611.7,4540.7,4590.9,8644.0
2009-07-27 21:00:00+00:00,4587.1,4606.2,4504.6,4553.8,9511.0
2009-07-28 21:00:00+00:00,4514.4,4575.6,4508.4,4548.9,10963.0
2009-07-29 21:00:00+00:00,4568.8,4639.4,4551.7,4598.2,9300.0
2009-07-30 21:00:00+00:00,4605.0,4639.6,4577.2,4589.7,10535.0
2009-08-02 21:00:00+00:00,4593.7,4700.0,4582.2,4673.3,9616.0
2009-08-03 21:00:00+00:00,4669.6,4681.0,4611.8,4676.4,10542.0
2009-08-04 21:00:00+00:00,4654.2,4694.2,4625.9,4667.0,9186.0
2009-08-05 21:00:00+00:00,4662.3,4726.4,4655.1,4676.1,9454.0
2009-08-06 21:00:00+00:00,4661.9,4741.5,4625.7,4716.9,10137.0
2009-08-09 21:00:00+00:00,4707.3,4723.2,4683.7,4714.1,6869.0
2009-08-10 21:00:00+00:00,4732.0,4738.5,4650.6,4673.5,8604.0
2009-08-11 21:00:00+00:00,4665.8,4743.4,4633.2,4714.3,9527.0
2009-08-12 21:00:00+00:00,4728.6,4793.3,4717.1,4775.0,9750.0
2009-08-13 21:00:00+00:00,4769.3,4790.9,4698.0,4745.5,8814.0
2009-08-16 21:00:00+00:00,4692.3,4698.4,4607.5,4644.5,10916.0
2009-08-17 21:00:00+00:00,4674.4,4703.3,4646.2,4689.7,8732.0
2009-08-18 21:00:00+00:00,4658.9,4734.5,4634.8,4721.9,8814.0
2009-08-19 21:00:00+00:00,4747.2,4777.7,4736.1,4766.6,8796.0
2009-08-20 21:00:00+00:00,4744.3,4879.9,4739.8,4870.4,10785.0
2009-08-23 21:00:00+00:00,4900.9,4918.9,4860.1,4872.6,8415.0
2009-08-24 21:00:00+00:00,4878.4,4937.4,4869.4,4907.8,8130.0
2009-08-25 21:00:00+00:00,4916.6,4935.1,4878.4,4898.3,8290.0
2009-08-26 21:00:00+00:00,4884.6,4926.4,4858.4,4910.4,8386.0
2009-08-27 21:00:00+00:00,4915.2,4950.1,4893.1,4925.5,9132.0
2009-08-31 21:00:00+00:00,4916.5,4923.5,4793.6,4803.1,12592.0
2009-09-01 21:00:00+00:00,4814.9,4828.9,4779.2,4800.6,10549.0
2009-09-02 21:00:00+00:00,4831.5,4848.4,4791.8,4831.7,8431.0
2009-09-03 21:00:00+00:00,4827.0,4895.9,4824.5,4888.4,8504.0
2009-09-06 21:00:00+00:00,4891.8,4945.2,4885.8,4938.7,4600.0
2009-09-07 21:00:00+00:00,4954.4,4972.9,4926.8,4957.2,7880.0
2009-09-08 21:00:00+00:00,4930.0,5020.4,4930.0,5004.8,9996.0
2009-09-09 21:00:00+00:00,5041.6,5046.1,4960.4,5024.9,9629.0
2009-09-10 21:00:00+00:00,5020.7,5046.1,4990.0,5001.9,8463.0
2009-09-13 21:00:00+00:00,4966.8,5039.6,4953.8,5032.1,8502.0
2009-09-14 21:00:00+00:00,5027.9,5070.7,4997.9,5056.7,9469.0
2009-09-15 21:00:00+00:00,5065.5,5156.3,5061.0,5150.7,8889.0
2009-09-16 21:00:00+00:00,5163.5,5175.4,5128.8,5158.3,8265.0
2009-09-17 21:00:00+00:00,5148.6,5204.6,5141.5,5197.5,7961.0
2009-09-20 21:00:00+00:00,5183.4,5183.9,5109.8,5147.5,8589.0
2009-09-21 21:00:00+00:00,5159.9,5194.6,5140.6,5159.1,7902.0
2009-09-22 21:00:00+00:00,5157.5,5182.1,5110.4,5115.5,9334.0
2009-09-23 21:00:00+00:00,5125.9,5173.1,5069.8,5090.9,11548.0
2009-09-24 21:00:00+00:00,5109.9,5126.4,5066.4,5087.5,10180.0
2009-09-27 21:00:00+00:00,5096.1,5179.9,5050.3,5169.8,9777.0
2009-09-28 21:00:00+00:00,5170.6,5188.6,5137.9,5164.4,8823.0
2009-09-29 21:00:00+00:00,5166.2,5192.3,5091.1,5134.8,11867.0
2009-09-30 21:00:00+00:00,5133.1,5167.3,5020.7,5020.7,11501.0
2009-10-01 21:00:00+00:00,5010.5,5031.6,4952.0,4995.7,13193.0
2009-10-04 21:00:00+00:00,5003.8,5050.4,4972.5,5038.3,9270.0
2009-10-05 21:00:00+00:00,5046.1,5150.6,5030.0,5122.4,10100.0
2009-10-06 21:00:00+00:00,5119.2,5154.8,5092.9,5121.5,9122.0
2009-10-07 21:00:00+00:00,5166.0,5169.0,5114.6,5138.1,9018.0
2009-10-08 21:00:00+00:00,5126.4,5173.9,5123.9,5170.9,8890.0
2009-10-11 21:00:00+00:00,5177.0,5230.2,5172.4,5197.4,7755.0
2009-10-12 21:00:00+00:00,5212.3,5218.7,5147.8,5166.3,9692.0
2009-10-13 21:00:00+00:00,5211.9,5269.4,5202.3,5262.9,10184.0
2009-10-14 21:00:00+00:00,5271.2,5271.2,5217.4,5258.0,9247.0
2009-10-15 21:00:00+00:00,5249.2,5270.8,5169.2,5201.8,10765.0
2009-10-18 21:00:00+00:00,5206.8,5280.0,5206.8,5269.9,7959.0
2009-10-19 21:00:00+00:00,5297.3,5297.3,5213.8,5237.8,9222.0
2009-10-20 21:00:00+00:00,5267.3,5267.3,5169.3,5190.2,10585.0
2009-10-21 21:00:00+00:00,5183.5,5248.6,5159.4,5232.5,10495.0
2009-10-22 21:00:00+00:00,5239.3,5295.0,5217.0,5237.6,9815.0
2009-10-25 21:00:00+00:00,5249.6,5278.2,5157.6,5190.2,9666.0
2009-10-26 21:00:00+00:00,5205.1,5225.0,5170.7,5173.7,10157.0
2009-10-27 21:00:00+00:00,5178.1,5179.1,5033.3,5039.8,11415.0
2009-10-28 21:00:00+00:00,5047.6,5160.9,5036.6,5157.9,9763.0
2009-10-29 21:00:00+00:00,5130.1,5162.2,4990.3,4993.9,11788.0
2009-11-01 22:00:00+00:00,5009.4,5106.7,5007.9,5063.9,11568.0
2009-11-02 22:00:00+00:00,5054.7,5062.0,4971.9,5058.5,11402.0
2009-11-03 22:00:00+00:00,5058.8,5120.4,5056.3,5067.6,9557.0
2009-11-04 22:00:00+00:00,5056.9,5154.1,5033.3,5135.5,9344.0
2009-11-05 22:00:00+00:00,5124.3,5157.7,5072.0,5157.6,9664.0
2009-11-08 22:00:00+00:00,5185.3,5257.8,5180.7,5257.8,7093.0
2009-11-09 22:00:00+00:00,5240.0,5262.1,5216.3,5245.3,7925.0
2009-11-10 22:00:00+00:00,5268.7,5305.3,5253.5,5275.0,7937.0
2009-11-11 22:00:00+00:00,5266.8,5308.8,5250.5,5261.0,8788.0
2009-11-12 22:00:00+00:00,5282.9,5307.8,5251.2,5300.2,7232.0
2009-11-15 22:00:00+00:00,5332.8,5399.3,5328.8,5366.2,8004.0
2009-11-16 22:00:00+00:00,5363.5,5374.8,5337.8,5373.8,7162.0
2009-11-17 22:00:00+00:00,5378.6,5385.0,5341.9,5364.8,7182.0
2009-11-18 22:00:00+00:00,5342.1,5354.1,5263.3,5304.8,8326.0
2009-11-19 22:00:00+00:00,5298.6,5321.1,5232.4,5282.3,8234.0
2009-11-22 22:00:00+00:00,5304.9,5390.4,5304.9,5347.7,6630.0
2009-11-23 22:00:00+00:00,5322.5,5385.0,5314.9,5348.3,7698.0
2009-11-24 22:00:00+00:00,5371.1,5382.6,5336.0,5376.4,6673.0
2009-11-25 22:00:00+00:00,5345.2,5348.2,5191.3,5208.3,7513.0
2009-11-26 22:00:00+00:00,5109.4,5280.0,5091.9,5241.9,10238.0
2009-11-29 22:00:00+00:00,5261.4,5262.9,5188.6,5225.1,10286.0
2009-11-30 22:00:00+00:00,5245.0,5331.4,5236.5,5314.3,7798.0
2009-12-01 22:00:00+00:00,5316.6,5357.6,5289.6,5340.0,7588.0
2009-12-02 22:00:00+00:00,5369.3,5378.8,5286.5,5291.5,8426.0
2009-12-03 22:00:00+00:00,5304.8,5381.8,5278.7,5316.6,9653.0
2009-12-06 22:00:00+00:00,5310.1,5335.5,5254.5,5302.9,7424.0
2009-12-07 22:00:00+00:00,5289.1,5329.1,5208.9,5225.9,10310.0
2009-12-08 22:00:00+00:00,5213.2,5250.1,5178.1,5224.5,8959.0
2009-12-09 22:00:00+00:00,5201.3,5258.7,5196.3,5235.6,7392.0
2009-12-10 22:00:00+00:00,5256.9,5316.9,5254.3,5266.2,7633.0
2009-12-13 22:00:00+00:00,5332.2,5335.2,5299.6,5314.5,6234.0
2009-12-14 22:00:00+00:00,5323.3,5330.8,5251.2,5275.1,7257.0
2009-12-15 22:00:00+00:00,5286.4,5337.8,5284.3,5312.6,6490.0
2009-12-16 22:00:00+00:00,5282.9,5305.9,5193.8,5205.7,6974.0
2009-12-17 22:00:00+00:00,5232.0,5289.1,5180.1,5223.4,7964.0
2009-12-20 22:00:00+00:00,5211.2,5319.4,5204.1,5290.0,6746.0
2009-12-21 22:00:00+00:00,5299.9,5360.7,5297.4,5353.1,6018.0
2009-12-22 22:00:00+00:00,5364.9,5385.5,5344.8,5381.8,4556.0
2009-12-23 22:00:00+00:00,5375.1,5390.6,5367.5,5390.1,865.0
2009-12-28 22:00:00+00:00,5445.8,5449.8,5412.0,5431.4,3531.0
2009-12-29 22:00:00+00:00,5424.2,5438.3,5381.2,5399.8,3960.0
2009-12-30 22:00:00+00:00,5435.3,5435.8,5393.0,5402.5,1611.0
2010-01-03 22:00:00+00:00,5402.8,5500.2,5399.7,5480.0,6397.0
2010-01-04 22:00:00+00:00,5485.3,5529.0,5472.2,5521.8,6323.0
2010-01-05 22:00:00+00:00,5521.6,5528.9,5489.8,5527.9,6099.0
2010-01-06 22:00:00+00:00,5507.5,5543.1,5489.9,5536.4,6057.0
2010-01-07 22:00:00+00:00,5529.7,5539.8,5483.8,5528.4,6362.0
2010-01-10 22:00:00+00:00,5551.9,5591.1,5516.1,5545.1,6153.0
2010-01-11 22:00:00+00:00,5528.3,5537.4,5446.8,5483.3,7957.0
2010-01-12 22:00:00+00:00,5463.0,5505.0,5437.7,5496.9,7340.0
2010-01-13 22:00:00+00:00,5499.2,5507.8,5460.9,5499.5,6464.0
2010-01-14 22:00:00+00:00,5489.7,5537.9,5428.7,5454.3,9822.0
2010-01-17 22:00:00+00:00,5471.3,5490.2,5439.1,5477.1,4411.0
2010-01-18 22:00:00+00:00,5458.7,5523.8,5413.5,5520.8,8335.0
2010-01-19 22:00:00+00:00,5477.9,5496.9,5386.8,5432.4,10213.0
2010-01-20 22:00:00+00:00,5440.2,5453.3,5272.8,5292.8,12769.0
2010-01-21 22:00:00+00:00,5299.1,5326.7,5171.8,5178.3,13592.0
2010-01-24 22:00:00+00:00,5239.0,5312.8,5229.3,5240.8,10281.0
2010-01-25 22:00:00+00:00,5216.9,5273.0,5195.4,5228.3,9510.0
2010-01-26 22:00:00+00:00,5212.5,5247.4,5171.7,5241.4,12377.0
2010-01-27 22:00:00+00:00,5259.2,5263.8,5114.0,5143.0,12267.0
2010-01-28 22:00:00+00:00,5141.8,5210.0,5100.9,5117.5,12481.0
2010-01-31 22:00:00+00:00,5136.5,5227.7,5134.5,5208.0,10075.0
2010-02-01 22:00:00+00:00,5219.9,5288.4,5182.7,5277.9,9933.0
2010-02-02 22:00:00+00:00,5256.6,5288.1,5218.3,5247.8,9664.0
2010-02-03 22:00:00+00:00,5237.6,5239.1,5080.3,5082.8,12470.0
2010-02-04 22:00:00+00:00,5089.6,5102.1,4992.6,5076.8,17728.0
2010-02-07 22:00:00+00:00,5055.2,5098.3,5012.3,5012.3,11648.0
2010-02-08 22:00:00+00:00,5072.3,5168.5,5060.3,5132.3,11865.0
2010-02-09 22:00:00+00:00,5119.5,5170.6,5092.8,5132.9,11760.0
2010-02-10 22:00:00+00:00,5160.7,5198.7,5100.4,5194.6,12891.0
2010-02-11 22:00:00+00:00,5176.4,5196.4,5104.0,5153.5,12162.0
2010-02-14 22:00:00+00:00,5158.5,5182.0,5142.8,5152.3,5143.0
2010-02-15 22:00:00+00:00,5193.1,5253.6,5166.0,5244.5,10079.0
2010-02-16 22:00:00+00:00,5270.4,5299.3,5257.9,5283.2,9033.0
2010-02-17 22:00:00+00:00,5267.9,5346.9,5254.9,5340.9,8903.0
2010-02-18 22:00:00+00:00,5291.6,5361.1,5279.0,5342.9,8830.0
2010-02-21 22:00:00+00:00,5373.9,5375.4,5336.1,5342.6,6935.0
2010-02-22 22:00:00+00:00,5365.9,5386.5,5286.1,5305.6,8926.0
2010-02-23 22:00:00+00:00,5319.4,5353.3,5291.8,5348.2,8260.0
2010-02-24 22:00:00+00:00,5308.9,5365.0,5251.2,5327.2,11480.0
2010-02-25 22:00:00+00:00,5320.0,5366.3,5296.8,5355.8,9943.0
2010-02-28 22:00:00+00:00,5399.8,5407.1,5348.6,5399.0,10178.0
2010-03-01 22:00:00+00:00,5416.8,5478.8,5395.8,5461.6,9071.0
2010-03-02 22:00:00+00:00,5468.4,5537.4,5458.9,5509.2,8756.0
2010-03-03 22:00:00+00:00,5510.5,5540.0,5496.5,5527.8,8424.0
2010-03-04 22:00:00+00:00,5545.1,5618.0,5533.1,5612.4,7385.0
2010-03-07 22:00:00+00:00,5608.3,5614.6,5571.2,5600.0,7696.0
2010-03-08 22:00:00+00:00,5604.8,5619.6,5555.2,5597.0,7704.0
2010-03-09 22:00:00+00:00,5589.8,5645.7,5584.8,5631.6,8334.0
2010-03-10 22:00:00+00:00,5626.4,5642.3,5592.7,5633.1,8301.0
2010-03-11 22:00:00+00:00,5629.4,5646.3,5611.7,5623.1,7496.0
2010-03-14 21:00:00+00:00,5618.9,5624.9,5584.3,5617.2,6645.0
2010-03-15 21:00:00+00:00,5619.5,5634.8,5593.9,5629.7,7296.0
2010-03-16 21:00:00+00:00,5639.0,5659.9,5629.5,5639.3,6563.0
2010-03-17 21:00:00+00:00,5615.0,5662.9,5615.0,5649.3,5842.0
2010-03-18 21:00:00+00:00,5657.5,5708.5,5641.7,5664.3,7267.0
2010-03-21 21:00:00+00:00,5642.5,5669.0,5589.9,5665.4,7864.0
2010-03-22 21:00:00+00:00,5663.6,5709.7,5654.5,5705.2,8105.0
2010-03-23 21:00:00+00:00,5700.3,5707.4,5643.7,5684.9,8950.0
2010-03-24 21:00:00+00:00,5693.1,5747.9,5686.0,5702.4,9006.0
2010-03-25 21:00:00+00:00,5718.2,5732.8,5690.2,5709.3,7704.0
2010-03-28 21:00:00+00:00,5731.4,5741.5,5688.9,5713.4,6843.0
2010-03-29 21:00:00+00:00,5738.4,5746.4,5665.5,5691.6,7553.0
2010-03-30 21:00:00+00:00,5668.6,5703.3,5648.8,5676.3,7796.0
2010-03-31 21:00:00+00:00,5698.7,5754.5,5698.7,5749.3,8019.0
2010-04-05 21:00:00+00:00,5756.5,5789.7,5745.4,5780.8,6412.0
2010-04-06 21:00:00+00:00,5774.0,5785.0,5728.3,5749.9,6418.0
2010-04-07 21:00:00+00:00,5740.6,5747.8,5683.0,5740.2,7682.0
2010-04-08 21:00:00+00:00,5753.5,5778.4,5747.4,5772.3,6049.0
2010-04-11 21:00:00+00:00,5796.4,5799.4,5753.4,5776.9,5631.0
2010-04-12 21:00:00+00:00,5767.6,5777.1,5738.6,5768.7,6043.0
2010-04-13 21:00:00+00:00,5783.5,5818.4,5781.0,5815.4,5720.0
2010-04-14 21:00:00+00:00,5810.1,5838.4,5776.2,5830.4,5772.0
2010-04-15 21:00:00+00:00,5792.3,5836.5,5723.1,5754.7,9799.0
2010-04-18 21:00:00+00:00,5723.9,5743.1,5691.5,5737.6,9046.0
2010-04-19 21:00:00+00:00,5743.9,5793.0,5727.2,5779.2,8330.0
2010-04-20 21:00:00+00:00,5790.5,5793.0,5702.6,5724.2,8196.0
2010-04-21 21:00:00+00:00,5704.8,5756.1,5644.7,5703.9,10655.0
2010-04-22 21:00:00+00:00,5685.0,5756.1,5657.4,5756.1,9319.0
2010-04-25 21:00:00+00:00,5772.1,5795.3,5720.0,5722.0,7428.0
2010-04-26 21:00:00+00:00,5738.8,5750.4,5545.8,5560.4,11174.0
2010-04-27 21:00:00+00:00,5575.2,5634.4,5526.9,5584.9,15797.0
2010-04-28 21:00:00+00:00,5595.2,5634.8,5571.5,5611.4,10896.0
2010-04-29 21:00:00+00:00,5613.1,5638.3,5483.6,5488.1,11624.0
2010-05-03 21:00:00+00:00,5535.2,5540.3,5385.2,5416.3,15195.0
2010-05-04 21:00:00+00:00,5425.1,5435.6,5311.3,5330.3,16074.0
2010-05-05 21:00:00+00:00,5275.7,5378.7,4832.8,5119.1,19546.0
2010-05-06 21:00:00+00:00,5133.4,5269.4,5048.9,5092.9,24800.0
2010-05-09 21:00:00+00:00,5284.4,5414.2,5263.8,5387.0,18928.0
2010-05-10 21:00:00+00:00,5297.8,5386.4,5256.5,5317.1,15127.0
2010-05-11 21:00:00+00:00,5302.3,5419.9,5284.2,5406.9,13695.0
2010-05-12 21:00:00+00:00,5432.2,5454.0,5382.9,5394.2,11247.0
2010-05-13 21:00:00+00:00,5409.0,5412.5,5236.6,5265.1,14785.0
2010-05-16 21:00:00+00:00,5226.0,5328.8,5210.7,5300.9,15314.0
2010-05-17 21:00:00+00:00,5310.7,5340.6,5204.5,5231.1,14090.0
2010-05-18 21:00:00+00:00,5222.8,5270.4,5139.3,5189.9,18197.0
2010-05-19 21:00:00+00:00,5179.1,5233.7,4998.2,4998.2,19629.0
2010-05-20 21:00:00+00:00,5046.1,5102.5,4956.7,5084.4,20978.0
2010-05-23 21:00:00+00:00,5080.4,5109.5,5016.0,5022.5,13126.0
2010-05-24 21:00:00+00:00,4933.5,5019.4,4896.8,5017.4,16682.0
2010-05-25 21:00:00+00:00,5007.6,5097.2,4976.2,4985.2,14707.0
2010-05-26 21:00:00+00:00,5078.2,5231.8,5070.7,5228.8,13774.0
2010-05-27 21:00:00+00:00,5224.5,5240.9,5154.1,5182.1,13584.0
2010-05-31 21:00:00+00:00,5163.0,5175.0,5058.8,5079.0,14229.0
2010-06-01 21:00:00+00:00,5091.8,5223.2,5080.2,5223.2,12565.0
2010-06-02 21:00:00+00:00,5245.5,5271.5,5177.1,5226.1,11213.0
2010-06-03 21:00:00+00:00,5224.9,5271.4,5050.8,5071.3,14036.0
2010-06-06 21:00:00+00:00,5046.4,5129.3,5022.0,5026.5,12758.0
2010-06-07 21:00:00+00:00,5082.3,5087.8,4989.5,5072.0,13688.0
2010-06-08 21:00:00+00:00,5062.2,5098.1,4974.8,4997.4,12316.0
2010-06-09 21:00:00+00:00,5020.6,5155.6,5020.6,5148.4,13230.0
2010-06-10 21:00:00+00:00,5139.6,5204.9,5119.0,5204.9,11399.0
2010-06-13 21:00:00+00:00,5213.9,5219.9,5144.1,5148.6,10382.0
2010-06-14 21:00:00+00:00,5146.8,5280.6,5146.8,5275.1,11324.0
2010-06-15 21:00:00+00:00,5259.8,5284.0,5211.6,5274.9,10750.0
2010-06-16 21:00:00+00:00,5240.7,5296.6,5236.0,5268.4,9895.0
2010-06-17 21:00:00+00:00,5261.6,5297.0,5238.1,5254.1,8967.0
2010-06-20 21:00:00+00:00,5340.7,5344.7,5225.2,5244.4,8657.0
2010-06-21 21:00:00+00:00,5245.2,5279.9,5163.4,5181.6,11729.0
2010-06-22 21:00:00+00:00,5199.0,5248.7,5165.2,5187.7,11032.0
2010-06-23 21:00:00+00:00,5206.2,5207.7,5088.8,5108.3,11489.0
2010-06-24 21:00:00+00:00,5111.2,5131.3,5029.5,5070.2,11054.0
2010-06-27 21:00:00+00:00,5073.8,5084.3,5021.9,5033.9,9325.0
2010-06-28 21:00:00+00:00,5004.5,5012.1,4869.5,4890.6,11545.0
2010-06-29 21:00:00+00:00,4929.2,4958.3,4840.0,4847.5,12376.0
2010-06-30 21:00:00+00:00,4848.4,4886.5,4784.9,4836.1,13439.0
2010-07-01 21:00:00+00:00,4828.9,4878.6,4795.5,4828.7,10816.0
2010-07-04 21:00:00+00:00,4853.4,4856.9,4803.0,4806.5,4474.0
2010-07-05 21:00:00+00:00,4844.0,4968.1,4836.5,4922.2,9508.0
2010-07-06 21:00:00+00:00,4901.0,5077.2,4883.8,5073.2,9967.0
2010-07-07 21:00:00+00:00,5061.9,5135.1,5056.9,5133.6,9390.0
2010-07-08 21:00:00+00:00,5122.9,5169.9,5094.2,5165.9,7559.0
2010-07-11 21:00:00+00:00,5135.8,5189.9,5121.2,5181.3,6529.0
2010-07-12 21:00:00+00:00,5170.6,5280.9,5169.6,5269.9,9301.0
2010-07-13 21:00:00+00:00,5284.8,5286.8,5197.7,5239.8,9283.0
2010-07-14 21:00:00+00:00,5226.1,5262.2,5179.3,5237.9,9456.0
2010-07-15 21:00:00+00:00,5227.2,5267.3,5111.5,5119.5,10486.0
2010-07-18 21:00:00+00:00,5128.1,5189.3,5103.5,5164.6,9003.0
2010-07-19 21:00:00+00:00,5166.9,5194.8,5078.9,5188.3,10181.0
2010-07-20 21:00:00+00:00,5174.0,5236.7,5154.3,5169.8,10048.0
2010-07-21 21:00:00+00:00,5178.2,5316.5,5168.1,5309.0,9489.0
2010-07-22 21:00:00+00:00,5297.3,5344.3,5263.0,5333.7,10982.0
2010-07-25 21:00:00+00:00,5343.3,5351.1,5290.0,5344.6,7796.0
2010-07-26 21:00:00+00:00,5353.9,5402.0,5340.7,5359.2,8608.0
2010-07-27 21:00:00+00:00,5380.6,5393.1,5287.1,5294.1,8534.0
2010-07-28 21:00:00+00:00,5324.5,5368.6,5260.1,5291.2,8701.0
2010-07-29 21:00:00+00:00,5285.4,5315.1,5230.6,5271.2,11665.0
2010-08-01 21:00:00+00:00,5295.3,5402.5,5290.3,5387.9,7978.0
2010-08-02 21:00:00+00:00,5363.1,5394.6,5342.4,5377.0,6970.0
2010-08-03 21:00:00+00:00,5377.3,5409.8,5319.6,5401.6,8774.0
2010-08-04 21:00:00+00:00,5386.9,5418.9,5356.7,5382.2,6927.0
2010-08-05 21:00:00+00:00,5394.5,5410.1,5306.1,5378.3,8857.0
2010-08-08 21:00:00+00:00,5395.8,5430.2,5386.8,5421.7,7190.0
2010-08-09 21:00:00+00:00,5392.9,5415.8,5345.7,5401.7,8402.0
2010-08-10 21:00:00+00:00,5339.4,5346.9,5219.8,5232.4,9519.0
2010-08-11 21:00:00+00:00,5229.7,5281.1,5211.5,5273.1,9937.0
2010-08-12 21:00:00+00:00,5305.5,5312.0,5227.7,5281.2,9327.0
2010-08-15 21:00:00+00:00,5291.8,5306.8,5227.5,5284.5,8367.0
2010-08-16 21:00:00+00:00,5282.3,5371.4,5274.8,5346.8,8686.0
2010-08-17 21:00:00+00:00,5338.1,5346.9,5304.5,5322.3,8060.0
2010-08-18 21:00:00+00:00,5343.2,5347.2,5186.2,5218.7,11622.0
2010-08-19 21:00:00+00:00,5218.0,5240.6,5166.3,5209.8,9643.0
2010-08-22 21:00:00+00:00,5225.9,5276.3,5191.3,5230.1,8433.0
2010-08-23 21:00:00+00:00,5200.9,5206.9,5113.6,5153.1,10541.0
2010-08-24 21:00:00+00:00,5153.9,5174.0,5074.2,5144.7,10430.0
2010-08-25 21:00:00+00:00,5150.6,5173.5,5115.3,5130.3,9049.0
2010-08-26 21:00:00+00:00,5142.6,5239.1,5122.5,5236.1,10068.0
2010-08-30 21:00:00+00:00,5142.6,5243.1,5130.1,5218.0,10612.0
2010-08-31 21:00:00+00:00,5249.4,5374.4,5226.8,5359.3,10320.0
2010-09-01 21:00:00+00:00,5347.1,5399.9,5344.6,5397.9,8148.0
2010-09-02 21:00:00+00:00,5387.7,5457.2,5374.2,5447.6,9186.0
2010-09-05 21:00:00+00:00,5457.1,5462.1,5431.9,5443.9,3297.0
2010-09-06 21:00:00+00:00,5430.1,5430.1,5380.0,5387.4,8354.0
2010-09-07 21:00:00+00:00,5388.2,5450.6,5364.1,5420.0,9182.0
2010-09-08 21:00:00+00:00,5420.3,5509.3,5414.3,5478.6,8152.0
2010-09-09 21:00:00+00:00,5487.9,5515.8,5478.9,5503.7,6741.0
2010-09-12 21:00:00+00:00,5548.2,5574.6,5532.2,5568.0,7606.0
2010-09-13 21:00:00+00:00,5567.3,5585.7,5542.2,5557.1,8408.0
2010-09-14 21:00:00+00:00,5571.4,5580.4,5535.8,5568.7,7779.0
2010-09-15 21:00:00+00:00,5555.0,5567.3,5533.4,5560.3,7102.0
2010-09-16 21:00:00+00:00,5590.1,5619.0,5492.5,5518.6,9476.0
2010-09-19 21:00:00+00:00,5542.6,5637.3,5535.6,5625.8,8509.0
2010-09-20 21:00:00+00:00,5592.0,5636.6,5564.8,5581.9,8815.0
2010-09-21 21:00:00+00:00,5597.3,5598.8,5515.5,5558.0,10628.0
2010-09-22 21:00:00+00:00,5583.5,5590.6,5468.6,5513.6,10844.0
2010-09-23 21:00:00+00:00,5528.6,5616.8,5515.0,5606.3,9346.0
2010-09-26 21:00:00+00:00,5606.2,5614.7,5564.4,5571.9,7655.0
2010-09-27 21:00:00+00:00,5562.3,5597.8,5501.1,5592.8,12258.0
2010-09-28 21:00:00+00:00,5604.7,5624.8,5541.0,5568.9,10858.0
2010-09-29 21:00:00+00:00,5549.8,5651.0,5524.6,5548.6,11821.0
2010-09-30 21:00:00+00:00,5577.6,5613.2,5556.1,5604.1,11631.0
2010-10-03 21:00:00+00:00,5597.6,5616.6,5530.7,5556.2,10061.0
2010-10-04 21:00:00+00:00,5562.2,5664.3,5544.6,5649.3,11457.0
2010-10-05 21:00:00+00:00,5653.3,5691.8,5644.7,5677.1,8572.0
2010-10-06 21:00:00+00:00,5680.1,5705.0,5628.8,5661.3,9518.0
2010-10-07 21:00:00+00:00,5661.8,5672.6,5598.0,5664.1,10392.0
2010-10-10 21:00:00+00:00,5672.1,5681.0,5649.5,5672.4,5721.0
2010-10-11 21:00:00+00:00,5666.4,5691.7,5589.6,5683.2,9763.0
2010-10-12 21:00:00+00:00,5676.6,5757.7,5669.6,5739.1,8925.0
2010-10-13 21:00:00+00:00,5745.6,5767.1,5698.3,5721.8,9338.0
2010-10-14 21:00:00+00:00,5721.8,5744.8,5659.0,5714.1,10369.0
2010-10-17 21:00:00+00:00,5697.5,5763.0,5663.3,5753.4,7884.0
2010-10-18 21:00:00+00:00,5741.4,5757.3,5654.5,5679.5,11245.0
2010-10-19 21:00:00+00:00,5666.5,5738.5,5655.9,5721.9,9011.0
2010-10-20 21:00:00+00:00,5725.4,5783.9,5692.2,5736.7,10504.0
2010-10-21 21:00:00+00:00,5733.1,5752.0,5717.5,5743.5,7197.0
2010-10-24 21:00:00+00:00,5748.9,5787.0,5723.7,5731.2,8618.0
2010-10-25 21:00:00+00:00,5738.7,5741.6,5668.4,5706.9,8758.0
2010-10-26 21:00:00+00:00,5711.4,5711.9,5624.6,5670.6,10025.0
2010-10-27 21:00:00+00:00,5670.6,5709.0,5648.9,5682.4,10025.0
2010-10-28 21:00:00+00:00,5667.8,5696.2,5641.2,5672.6,9515.0
2010-10-31 21:00:00+00:00,5696.1,5730.1,5646.9,5679.9,10272.0
2010-11-01 21:00:00+00:00,5680.9,5766.9,5678.3,5755.3,8260.0
2010-11-02 21:00:00+00:00,5767.8,5782.1,5728.6,5780.6,8884.0
2010-11-03 21:00:00+00:00,5779.6,5886.1,5779.0,5885.1,10286.0
2010-11-04 21:00:00+00:00,5882.0,5898.5,5832.3,5888.8,9768.0
2010-11-07 22:00:00+00:00,5869.3,5881.7,5839.0,5862.0,7019.0
2010-11-08 22:00:00+00:00,5848.9,5901.4,5835.4,5856.8,8094.0
2010-11-09 22:00:00+00:00,5852.2,5871.3,5793.0,5838.5,9339.0
2010-11-10 22:00:00+00:00,5818.9,5843.3,5789.2,5836.8,8370.0
2010-11-11 22:00:00+00:00,5826.7,5830.1,5708.9,5790.4,12336.0
2010-11-14 22:00:00+00:00,5798.4,5835.3,5750.8,5798.7,9019.0
2010-11-15 22:00:00+00:00,5781.6,5804.6,5653.8,5674.8,11012.0
2010-11-16 22:00:00+00:00,5683.3,5711.2,5658.7,5694.1,8379.0
2010-11-17 22:00:00+00:00,5704.1,5791.5,5704.1,5771.9,8405.0
2010-11-18 22:00:00+00:00,5781.4,5787.4,5688.7,5759.7,9448.0
2010-11-21 22:00:00+00:00,5774.2,5799.2,5651.4,5698.9,10207.0
2010-11-22 22:00:00+00:00,5683.8,5683.8,5581.6,5601.1,10484.0
2010-11-23 22:00:00+00:00,5613.5,5681.9,5576.9,5678.9,9214.0
2010-11-24 22:00:00+00:00,5678.9,5713.7,5657.3,5695.2,4766.0
2010-11-25 22:00:00+00:00,5679.1,5700.0,5600.9,5664.9,9807.0
2010-11-28 22:00:00+00:00,5673.9,5727.9,5537.1,5599.1,13875.0
2010-11-29 22:00:00+00:00,5602.6,5602.6,5520.9,5546.9,12452.0
2010-11-30 22:00:00+00:00,5538.8,5675.7,5525.8,5673.7,11001.0
2010-12-01 22:00:00+00:00,5669.7,5788.6,5653.1,5787.1,11894.0
2010-12-02 22:00:00+00:00,5780.5,5790.4,5723.3,5768.8,8753.0
2010-12-05 22:00:00+00:00,5756.8,5791.6,5730.7,5780.6,8403.0
2010-12-06 22:00:00+00:00,5784.5,5854.4,5770.5,5799.3,9309.0
2010-12-07 22:00:00+00:00,5794.8,5831.2,5768.7,5810.1,8404.0
2010-12-08 22:00:00+00:00,5830.1,5843.0,5800.4,5817.9,7654.0
2010-12-09 22:00:00+00:00,5816.8,5845.1,5795.7,5839.6,6906.0
2010-12-12 22:00:00+00:00,5836.1,5876.0,5829.1,5852.9,7296.0
2010-12-13 22:00:00+00:00,5856.3,5902.7,5847.8,5883.6,6676.0
2010-12-14 22:00:00+00:00,5870.1,5899.9,5857.5,5878.9,7460.0
2010-12-15 22:00:00+00:00,5863.8,5908.8,5861.7,5881.1,6944.0
2010-12-16 22:00:00+00:00,5878.6,5906.0,5858.4,5882.8,6563.0
2010-12-19 22:00:00+00:00,5874.4,5917.9,5862.8,5902.2,6944.0
2010-12-20 22:00:00+00:00,5896.6,5955.6,5894.6,5950.1,4925.0
2010-12-21 22:00:00+00:00,5946.5,5997.5,5932.8,5992.5,4527.0
2010-12-22 22:00:00+00:00,5994.4,6002.4,5979.2,5998.1,4295.0
2010-12-23 22:00:00+00:00,5972.9,5998.9,5972.4,5989.3,565.0
2010-12-28 22:00:00+00:00,5975.3,6015.9,5969.6,5980.0,4757.0
2010-12-29 22:00:00+00:00,5967.9,6003.9,5948.0,5966.0,5142.0
2010-12-30 22:00:00+00:00,5954.9,5978.4,5906.9,5923.5,2725.0
2011-01-03 22:00:00+00:00,5938.6,6040.9,5938.6,6015.7,9416.0
2011-01-04 22:00:00+00:00,6005.1,6040.9,5952.2,6037.4,9406.0
2011-01-05 22:00:00+00:00,6029.8,6079.3,5983.3,6007.8,8716.0
2011-01-06 22:00:00+00:00,5999.2,6010.6,5941.1,5981.3,10491.0
2011-01-09 22:00:00+00:00,5968.3,5976.4,5925.5,5967.5,8724.0
2011-01-10 22:00:00+00:00,5964.9,6024.5,5963.9,5993.7,8589.0
2011-01-11 22:00:00+00:00,5993.1,6043.1,5992.0,6037.0,8065.0
2011-01-12 22:00:00+00:00,6030.3,6043.3,5981.3,5997.9,9338.0
2011-01-13 22:00:00+00:00,5999.3,6022.1,5931.8,6018.6,9543.0
2011-01-16 22:00:00+00:00,6005.1,6007.6,5957.6,5968.1,5003.0
2011-01-17 22:00:00+00:00,5974.1,6057.6,5974.1,6053.0,8566.0
2011-01-18 22:00:00+00:00,6055.0,6066.4,5942.7,5958.7,8738.0
2011-01-19 22:00:00+00:00,5964.2,5968.2,5847.0,5872.0,11132.0
2011-01-20 22:00:00+00:00,5863.4,5925.4,5855.8,5875.1,10825.0
2011-01-23 22:00:00+00:00,5884.7,5944.6,5869.6,5943.6,8379.0
2011-01-24 22:00:00+00:00,5948.6,5954.5,5886.2,5919.6,8884.0
2011-01-25 22:00:00+00:00,5909.5,5987.6,5909.5,5964.9,8342.0
2011-01-26 22:00:00+00:00,5959.8,5981.6,5930.6,5958.4,8288.0
2011-01-27 22:00:00+00:00,5950.4,5950.8,5820.6,5829.6,11904.0
2011-01-30 22:00:00+00:00,5818.7,5865.6,5796.0,5860.0,10490.0
2011-01-31 22:00:00+00:00,5869.4,5962.9,5852.3,5958.4,9378.0
2011-02-01 22:00:00+00:00,5960.8,6007.3,5953.2,5985.1,8153.0
2011-02-02 22:00:00+00:00,5982.5,5992.2,5935.6,5991.7,8234.0
2011-02-03 22:00:00+00:00,5982.6,6010.4,5970.3,6001.8,6973.0
2011-02-06 22:00:00+00:00,6001.4,6039.7,5979.7,6032.6,7519.0
2011-02-07 22:00:00+00:00,6038.6,6092.9,6015.4,6092.4,7184.0
2011-02-08 22:00:00+00:00,6091.3,6091.3,6040.8,6056.3,7169.0
2011-02-09 22:00:00+00:00,6057.3,6064.7,5980.8,6030.4,9561.0
2011-02-10 22:00:00+00:00,6018.8,6074.1,5967.5,6071.5,8383.0
2011-02-13 22:00:00+00:00,6065.6,6086.5,6035.3,6063.3,7144.0
2011-02-14 22:00:00+00:00,6051.2,6067.0,6013.8,6022.3,6895.0
2011-02-15 22:00:00+00:00,6027.2,6087.6,6027.2,6084.0,7684.0
2011-02-16 22:00:00+00:00,6085.9,6092.3,6058.6,6080.0,7025.0
2011-02-17 22:00:00+00:00,6072.4,6088.9,6039.2,6066.6,7037.0
2011-02-20 22:00:00+00:00,6055.6,6097.1,5988.8,5999.3,6363.0
2011-02-21 22:00:00+00:00,5985.1,6017.9,5912.4,5931.7,10958.0
2011-02-22 22:00:00+00:00,5945.1,5974.1,5861.7,5896.7,10017.0
2011-02-23 22:00:00+00:00,5897.1,5928.4,5846.9,5901.8,10461.0
2011-02-24 22:00:00+00:00,5908.8,6008.1,5894.1,6003.6,8894.0
2011-02-27 22:00:00+00:00,5986.6,6011.9,5950.4,5994.8,8682.0
2011-02-28 22:00:00+00:00,5997.2,6029.6,5873.7,5875.7,10530.0
2011-03-01 22:00:00+00:00,5864.2,5932.5,5854.0,5900.9,10957.0
2011-03-02 22:00:00+00:00,5895.8,6027.1,5895.3,6016.6,10361.0
2011-03-03 22:00:00+00:00,6012.0,6043.4,5939.6,5981.6,9605.0
2011-03-06 22:00:00+00:00,5974.7,6033.0,5921.9,5935.3,10073.0
2011-03-07 22:00:00+00:00,5944.3,5988.2,5897.5,5972.5,10304.0
2011-03-08 22:00:00+00:00,5971.4,5975.3,5920.1,5940.5,9769.0
2011-03-09 22:00:00+00:00,5935.4,5935.4,5819.1,5835.1,11180.0
2011-03-10 22:00:00+00:00,5844.5,5858.7,5783.4,5842.6,9604.0
2011-03-13 21:00:00+00:00,5832.3,5838.6,5763.5,5790.9,10597.0
2011-03-14 21:00:00+00:00,5765.4,5765.4,5585.7,5712.5,15918.0
2011-03-15 21:00:00+00:00,5727.9,5730.8,5507.6,5556.1,15302.0
2011-03-16 21:00:00+00:00,5570.5,5708.3,5563.5,5672.7,12142.0
2011-03-17 21:00:00+00:00,5700.1,5765.9,5699.6,5713.7,9625.0
2011-03-20 21:00:00+00:00,5738.7,5804.5,5737.7,5789.7,8195.0
2011-03-21 21:00:00+00:00,5775.0,5817.1,5744.4,5751.3,8204.0
2011-03-22 21:00:00+00:00,5744.1,5818.8,5733.9,5812.8,9646.0
2011-03-23 21:00:00+00:00,5803.1,5910.5,5782.2,5902.4,8300.0
2011-03-24 21:00:00+00:00,5911.9,5939.1,5881.3,5898.8,7539.0
2011-03-27 21:00:00+00:00,5897.6,5927.6,5890.4,5895.6,5897.0
2011-03-28 21:00:00+00:00,5882.9,5945.4,5880.0,5942.8,6595.0
2011-03-29 21:00:00+00:00,5942.7,5977.9,5942.7,5958.4,6132.0
2011-03-30 21:00:00+00:00,5959.8,5978.8,5907.0,5927.6,8156.0
2011-03-31 21:00:00+00:00,5932.0,6020.8,5926.8,5995.5,8130.0
2011-04-03 21:00:00+00:00,6007.3,6038.2,5988.0,6025.9,6523.0
2011-04-04 21:00:00+00:00,6021.3,6028.7,5989.7,6019.3,6788.0
2011-04-05 21:00:00+00:00,6014.6,6059.0,6009.4,6058.0,6793.0
2011-04-06 21:00:00+00:00,6037.7,6055.5,6001.6,6034.2,7838.0
2011-04-07 21:00:00+00:00,6040.1,6068.0,6014.5,6039.1,6883.0
2011-04-10 21:00:00+00:00,6053.9,6069.7,6028.8,6046.4,7116.0
2011-04-11 21:00:00+00:00,6033.7,6033.7,5954.3,5972.8,8073.0
2011-04-12 21:00:00+00:00,5968.7,6046.9,5968.7,5999.9,8274.0
2011-04-13 21:00:00+00:00,6002.3,6002.3,5939.6,5987.2,8408.0
2011-04-14 21:00:00+00:00,5982.6,6008.3,5958.7,6001.2,7390.0
2011-04-17 21:00:00+00:00,6001.9,6001.9,5850.7,5897.8,9724.0
2011-04-18 21:00:00+00:00,5886.2,5918.4,5868.5,5911.3,6508.0
2011-04-19 21:00:00+00:00,5930.4,6032.7,5928.8,6025.9,7878.0
2011-04-20 21:00:00+00:00,6034.4,6059.4,6000.8,6019.8,6416.0
2011-04-25 21:00:00+00:00,6013.3,6070.6,5997.0,6063.0,6105.0
2011-04-26 21:00:00+00:00,6069.4,6109.2,6043.1,6097.6,6884.0
2011-04-27 21:00:00+00:00,6097.5,6107.5,6047.9,6087.4,7012.0
2011-05-02 21:00:00+00:00,6078.9,6098.3,6021.2,6043.2,8929.0
2011-05-03 21:00:00+00:00,6043.6,6073.1,5969.9,5990.4,9667.0
2011-05-04 21:00:00+00:00,6004.4,6018.3,5870.3,5900.4,10211.0
2011-05-05 21:00:00+00:00,5904.9,5982.8,5865.5,5915.4,10641.0
2011-05-08 21:00:00+00:00,5932.2,5994.8,5914.3,5949.8,9125.0
2011-05-09 21:00:00+00:00,5949.2,6039.6,5936.5,6035.5,7852.0
2011-05-10 21:00:00+00:00,6033.4,6046.2,5925.1,5957.6,8839.0
2011-05-11 21:00:00+00:00,5952.0,5984.2,5884.5,5973.1,9371.0
2011-05-12 21:00:00+00:00,5965.0,6005.4,5890.3,5928.9,9550.0
2011-05-15 21:00:00+00:00,5899.0,5937.7,5861.1,5889.0,9552.0
2011-05-16 21:00:00+00:00,5865.3,5942.8,5849.4,5899.4,10253.0
2011-05-17 21:00:00+00:00,5908.3,5965.6,5890.5,5959.5,8242.0
2011-05-18 21:00:00+00:00,5966.4,6008.2,5939.7,5983.5,9270.0
2011-05-19 21:00:00+00:00,5981.4,6022.3,5928.4,5950.3,9708.0
2011-05-22 21:00:00+00:00,5935.0,5940.5,5818.8,5840.8,9363.0
2011-05-23 21:00:00+00:00,5833.1,5883.4,5829.1,5845.7,8558.0
2011-05-24 21:00:00+00:00,5845.6,5898.3,5791.3,5871.7,8661.0
2011-05-25 21:00:00+00:00,5868.6,5925.7,5864.2,5912.7,9594.0
2011-05-26 21:00:00+00:00,5911.6,5950.3,5909.6,5935.6,7825.0
2011-05-30 21:00:00+00:00,5944.3,6006.7,5944.3,6005.4,8092.0
2011-05-31 21:00:00+00:00,6005.8,6005.8,5875.1,5877.1,9004.0
2011-06-01 21:00:00+00:00,5882.5,5902.2,5852.1,5887.5,8937.0
2011-06-02 21:00:00+00:00,5886.9,5888.4,5810.5,5856.9,9494.0
2011-06-05 21:00:00+00:00,5856.6,5890.4,5828.1,5835.1,8524.0
2011-06-06 21:00:00+00:00,5836.1,5897.9,5836.1,5850.1,8146.0
2011-06-07 21:00:00+00:00,5856.5,5867.8,5784.9,5799.4,9658.0
2011-06-08 21:00:00+00:00,5802.4,5890.0,5798.4,5875.9,7551.0
2011-06-09 21:00:00+00:00,5865.3,5873.1,5744.3,5768.8,9409.0
2011-06-12 21:00:00+00:00,5773.5,5797.8,5743.1,5756.1,7196.0
2011-06-13 21:00:00+00:00,5765.0,5827.6,5757.9,5813.5,8044.0
2011-06-14 21:00:00+00:00,5814.9,5814.9,5694.9,5707.9,8641.0
2011-06-15 21:00:00+00:00,5715.8,5731.8,5643.4,5670.8,10134.0
2011-06-16 21:00:00+00:00,5679.7,5736.4,5644.6,5707.5,10062.0
2011-06-19 21:00:00+00:00,5699.5,5714.1,5649.0,5705.2,7485.0
2011-06-20 21:00:00+00:00,5705.1,5793.4,5692.0,5787.3,7608.0
2011-06-21 21:00:00+00:00,5766.1,5792.0,5743.2,5764.2,7732.0
2011-06-22 21:00:00+00:00,5749.0,5751.9,5663.2,5725.5,9946.0
2011-06-23 21:00:00+00:00,5732.9,5770.5,5679.7,5692.3,10127.0
2011-06-26 21:00:00+00:00,5678.3,5756.4,5663.1,5742.8,7951.0
2011-06-27 21:00:00+00:00,5758.8,5800.7,5729.5,5798.2,8228.0
2011-06-28 21:00:00+00:00,5798.1,5869.2,5791.5,5861.1,9510.0
2011-06-29 21:00:00+00:00,5862.6,5961.3,5861.6,5957.8,8260.0
2011-06-30 21:00:00+00:00,5949.1,6019.2,5935.9,6009.1,10744.0
2011-07-03 21:00:00+00:00,6000.0,6030.4,5983.3,6021.8,5184.0
2011-07-04 21:00:00+00:00,6023.2,6036.9,6007.0,6018.3,8422.0
2011-07-05 21:00:00+00:00,6022.2,6043.3,5970.2,6011.8,11194.0
2011-07-06 21:00:00+00:00,6020.7,6082.7,6003.0,6069.6,10046.0
2011-07-07 21:00:00+00:00,6063.0,6081.9,5977.2,6009.8,14270.0
2011-07-10 21:00:00+00:00,5992.2,6004.3,5892.8,5904.9,14422.0
2011-07-11 21:00:00+00:00,5915.8,5919.9,5784.0,5838.6,22740.0
2011-07-12 21:00:00+00:00,5847.0,5905.0,5837.4,5852.2,13516.0
2011-07-13 21:00:00+00:00,5835.0,5888.5,5796.0,5811.0,15230.0
2011-07-14 21:00:00+00:00,5815.9,5854.9,5796.2,5834.7,13448.0
2011-07-17 21:00:00+00:00,5827.6,5827.6,5723.9,5754.9,12985.0
2011-07-18 21:00:00+00:00,5760.9,5804.7,5751.2,5794.1,13002.0
2011-07-19 21:00:00+00:00,5797.6,5846.1,5793.4,5836.4,12318.0
2011-07-20 21:00:00+00:00,5841.8,5923.9,5784.9,5910.3,18351.0
2011-07-21 21:00:00+00:00,5913.2,5957.2,5891.3,5926.9,11502.0
2011-07-24 21:00:00+00:00,5898.7,5926.7,5868.5,5892.8,10926.0
2011-07-25 21:00:00+00:00,5892.8,5937.3,5878.7,5908.9,12115.0
2011-07-26 21:00:00+00:00,5904.8,5919.7,5784.0,5790.5,13482.0
2011-07-27 21:00:00+00:00,5789.4,5869.4,5766.7,5815.1,13603.0
2011-07-28 21:00:00+00:00,5818.6,5838.5,5756.1,5771.5,18346.0
2011-07-31 21:00:00+00:00,5826.2,5899.3,5732.6,5781.7,19947.0
2011-08-01 21:00:00+00:00,5770.1,5791.6,5634.7,5636.7,18838.0
2011-08-02 21:00:00+00:00,5635.7,5680.1,5543.0,5618.2,26512.0
2011-08-03 21:00:00+00:00,5622.7,5641.2,5262.1,5283.7,25956.0
2011-08-04 21:00:00+00:00,5296.1,5386.2,5138.4,5292.8,50250.0
2011-08-07 21:00:00+00:00,5204.6,5293.8,4866.8,4889.8,47050.0
2011-08-08 21:00:00+00:00,4862.7,5254.0,4715.7,5254.0,59037.0
2011-08-09 21:00:00+00:00,5268.0,5273.4,4973.3,4977.8,44802.0
2011-08-10 21:00:00+00:00,4978.8,5291.3,4940.4,5238.6,41963.0
2011-08-11 21:00:00+00:00,5236.1,5363.1,5097.6,5320.5,29514.0
2011-08-14 21:00:00+00:00,5348.6,5398.4,5317.9,5397.4,14364.0
2011-08-15 21:00:00+00:00,5385.3,5392.5,5263.4,5329.8,18294.0
2011-08-16 21:00:00+00:00,5322.7,5380.6,5287.5,5326.4,16064.0
2011-08-17 21:00:00+00:00,5312.8,5312.8,5040.3,5083.9,30202.0
2011-08-18 21:00:00+00:00,5063.3,5115.7,4932.4,5002.9,33479.0
2011-08-21 21:00:00+00:00,5000.0,5190.1,4966.8,5077.8,23947.0
2011-08-22 21:00:00+00:00,5072.7,5216.7,5072.7,5210.7,21625.0
2011-08-23 21:00:00+00:00,5204.6,5257.4,5102.3,5251.3,20574.0
2011-08-24 21:00:00+00:00,5239.2,5256.6,5094.1,5101.2,24193.0
2011-08-25 21:00:00+00:00,5124.1,5173.4,5015.2,5150.3,13092.0
2011-08-29 21:00:00+00:00,5268.2,5307.3,5205.9,5280.4,11286.0
2011-08-30 21:00:00+00:00,5260.8,5413.7,5253.8,5381.6,12221.0
2011-08-31 21:00:00+00:00,5381.5,5451.4,5346.3,5354.6,11959.0
2011-09-01 21:00:00+00:00,5348.1,5375.5,5242.6,5259.6,11325.0
2011-09-04 21:00:00+00:00,5229.7,5232.2,5062.3,5073.8,9768.0
2011-09-05 21:00:00+00:00,5092.2,5218.9,5046.1,5214.9,14964.0
2011-09-06 21:00:00+00:00,5207.4,5363.6,5207.4,5361.1,11444.0
2011-09-07 21:00:00+00:00,5375.6,5375.6,5271.8,5291.2,12071.0
2011-09-08 21:00:00+00:00,5296.1,5356.0,5166.7,5186.7,13886.0
2011-09-11 21:00:00+00:00,5161.8,5188.5,5058.6,5186.5,14271.0
2011-09-12 21:00:00+00:00,5203.9,5235.1,5067.7,5215.1,29222.0
2011-09-13 21:00:00+00:00,5205.0,5328.7,5114.4,5297.2,24524.0
2011-09-14 21:00:00+00:00,5290.6,5388.3,5260.0,5386.3,19233.0
2011-09-15 21:00:00+00:00,5382.2,5411.1,5340.0,5389.4,13976.0
2011-09-18 21:00:00+00:00,5345.1,5345.1,5228.9,5281.5,16409.0
2011-09-19 21:00:00+00:00,5254.4,5378.3,5213.6,5327.0,19575.0
2011-09-20 21:00:00+00:00,5324.9,5373.1,5190.0,5200.1,20669.0
2011-09-21 21:00:00+00:00,5189.0,5194.0,4984.8,5052.1,29830.0
2011-09-22 21:00:00+00:00,5068.1,5102.2,4920.9,5062.9,29856.0
2011-09-25 21:00:00+00:00,5074.4,5161.0,4944.7,5153.5,29719.0
2011-09-26 21:00:00+00:00,5145.9,5313.9,5145.9,5240.6,23187.0
2011-09-27 21:00:00+00:00,5237.0,5313.7,5141.9,5143.4,22495.0
2011-09-28 21:00:00+00:00,5144.3,5249.1,5117.5,5191.3,22146.0
2011-09-29 21:00:00+00:00,5185.2,5201.8,5027.9,5039.9,21753.0
2011-10-02 21:00:00+00:00,5039.3,5083.3,4963.9,4983.9,27254.0
2011-10-03 21:00:00+00:00,4972.8,5059.9,4859.2,5051.9,31245.0
2011-10-04 21:00:00+00:00,5047.8,5145.9,4989.0,5133.9,24800.0
2011-10-05 21:00:00+00:00,5124.3,5319.3,5107.3,5315.8,30844.0
2011-10-06 21:00:00+00:00,5313.3,5368.8,5255.4,5272.9,24322.0
2011-10-09 21:00:00+00:00,5285.3,5408.6,5285.3,5407.5,15954.0
2011-10-10 21:00:00+00:00,5400.4,5402.2,5324.0,5389.1,16730.0
2011-10-11 21:00:00+00:00,5368.5,5461.6,5341.3,5415.4,19402.0
2011-10-12 21:00:00+00:00,5411.9,5451.9,5362.5,5424.2,20183.0
2011-10-13 21:00:00+00:00,5423.1,5497.2,5389.9,5491.1,17498.0
2011-10-16 21:00:00+00:00,5497.0,5539.0,5387.4,5395.9,17578.0
2011-10-17 21:00:00+00:00,5384.3,5505.5,5340.6,5475.9,20531.0
2011-10-18 21:00:00+00:00,5462.3,5479.2,5369.8,5379.8,18911.0
2011-10-19 21:00:00+00:00,5398.8,5429.3,5349.9,5407.6,25671.0
2011-10-20 21:00:00+00:00,5404.0,5495.1,5381.4,5487.0,18724.0
2011-10-23 21:00:00+00:00,5483.9,5551.8,5472.8,5542.8,15972.0
2011-10-24 21:00:00+00:00,5532.7,5565.2,5454.8,5487.8,21755.0
2011-10-25 21:00:00+00:00,5480.3,5599.9,5480.3,5586.8,19419.0
2011-10-26 21:00:00+00:00,5588.3,5777.5,5576.2,5753.5,21149.0
2011-10-27 21:00:00+00:00,5756.4,5759.9,5671.5,5693.5,17482.0
2011-10-30 21:00:00+00:00,5678.3,5679.3,5501.6,5501.6,19105.0
2011-10-31 21:00:00+00:00,5512.1,5512.1,5325.4,5406.1,30996.0
2011-11-01 21:00:00+00:00,5445.6,5509.1,5384.3,5488.0,25114.0
2011-11-02 21:00:00+00:00,5446.3,5593.4,5387.1,5581.9,28422.0
2011-11-03 21:00:00+00:00,5563.8,5605.2,5494.4,5558.5,22428.0
2011-11-06 22:00:00+00:00,5571.4,5572.4,5429.5,5548.6,21412.0
2011-11-07 22:00:00+00:00,5544.5,5650.5,5512.4,5638.0,16803.0
2011-11-08 22:00:00+00:00,5629.9,5642.4,5371.2,5378.6,28273.0
2011-11-09 22:00:00+00:00,5378.6,5498.2,5337.4,5462.0,26315.0
2011-11-10 22:00:00+00:00,5459.5,5553.9,5437.8,5538.9,15714.0
2011-11-13 22:00:00+00:00,5556.8,5586.2,5476.4,5496.4,17907.0
2011-11-14 22:00:00+00:00,5510.4,5572.3,5424.6,5547.2,21100.0
2011-11-15 22:00:00+00:00,5540.6,5569.6,5452.4,5462.8,21572.0
2011-11-16 22:00:00+00:00,5448.2,5508.7,5345.8,5368.3,25953.0
2011-11-17 22:00:00+00:00,5371.8,5422.2,5341.1,5356.5,18231.0
2011-11-20 22:00:00+00:00,5329.8,5338.8,5207.0,5252.5,18913.0
2011-11-21 22:00:00+00:00,5255.4,5283.4,5199.7,5225.2,16074.0
2011-11-22 22:00:00+00:00,5223.6,5228.6,5124.8,5125.8,18145.0
2011-11-23 22:00:00+00:00,5134.2,5190.2,5102.0,5114.5,12253.0
2011-11-24 22:00:00+00:00,5115.9,5205.9,5077.8,5141.8,14277.0
2011-11-27 22:00:00+00:00,5209.7,5332.1,5198.6,5323.1,16198.0
2011-11-28 22:00:00+00:00,5297.0,5348.4,5273.9,5324.8,15934.0
2011-11-29 22:00:00+00:00,5320.2,5546.7,5279.6,5540.7,26241.0
2011-11-30 22:00:00+00:00,5532.6,5562.6,5487.4,5500.8,18708.0
2011-12-01 22:00:00+00:00,5509.3,5602.7,5507.3,5522.6,16740.0
2011-12-04 22:00:00+00:00,5542.4,5608.3,5526.2,5552.7,13748.0
2011-12-05 22:00:00+00:00,5533.1,5612.4,5509.5,5586.4,14273.0
2011-12-06 22:00:00+00:00,5593.3,5636.3,5499.6,5578.1,17897.0
2011-12-07 22:00:00+00:00,5590.5,5609.9,5443.7,5456.7,21475.0
2011-12-08 22:00:00+00:00,5476.2,5562.0,5418.1,5551.5,18369.0
2011-12-11 22:00:00+00:00,5547.3,5549.3,5407.1,5442.6,17236.0
2011-12-12 22:00:00+00:00,5442.5,5528.3,5413.9,5440.3,19200.0
2011-12-13 22:00:00+00:00,5442.2,5472.6,5366.0,5382.4,17323.0
2011-12-14 22:00:00+00:00,5376.4,5435.8,5355.3,5397.2,13953.0
2011-12-15 22:00:00+00:00,5425.6,5453.7,5348.3,5364.4,14400.0
2011-12-18 22:00:00+00:00,5356.4,5410.1,5316.8,5322.9,13016.0
2011-12-19 22:00:00+00:00,5347.5,5442.8,5324.2,5435.7,12623.0
2011-12-20 22:00:00+00:00,5443.7,5477.8,5362.9,5411.6,16295.0
2011-12-21 22:00:00+00:00,5404.0,5479.7,5380.3,5473.1,10343.0
2011-12-22 22:00:00+00:00,5479.1,5514.1,5469.9,5511.1,3317.0
2011-12-27 22:00:00+00:00,5511.2,5563.3,5482.4,5492.3,7872.0
2011-12-28 22:00:00+00:00,5497.7,5589.9,5487.0,5578.4,7898.0
2011-12-29 22:00:00+00:00,5575.8,5584.7,5524.3,5568.0,4415.0
2012-01-02 22:00:00+00:00,5632.4,5694.9,5602.1,5683.3,12431.0
2012-01-03 22:00:00+00:00,5680.2,5711.8,5636.2,5680.9,11854.0
2012-01-04 22:00:00+00:00,5678.8,5681.2,5604.7,5634.7,14853.0
2012-01-05 22:00:00+00:00,5624.1,5674.6,5599.9,5632.3,13018.0
2012-01-08 22:00:00+00:00,5616.3,5663.4,5589.9,5621.4,12512.0
2012-01-09 22:00:00+00:00,5628.4,5700.5,5628.4,5678.8,14226.0
2012-01-10 22:00:00+00:00,5672.7,5687.1,5629.8,5674.3,12230.0
2012-01-11 22:00:00+00:00,5665.7,5686.2,5623.3,5676.4,13652.0
2012-01-12 22:00:00+00:00,5682.4,5694.3,5565.6,5618.7,15683.0
2012-01-15 22:00:00+00:00,5605.7,5646.1,5585.0,5644.1,8752.0
2012-01-16 22:00:00+00:00,5648.0,5709.6,5644.1,5651.1,12288.0
2012-01-17 22:00:00+00:00,5658.1,5702.4,5629.9,5697.9,14351.0
2012-01-18 22:00:00+00:00,5699.4,5731.2,5676.1,5727.1,11929.0
2012-01-19 22:00:00+00:00,5722.5,5737.2,5703.3,5736.7,12078.0
2012-01-22 22:00:00+00:00,5723.2,5772.7,5705.0,5766.0,11954.0
2012-01-23 22:00:00+00:00,5762.9,5768.5,5698.5,5730.0,11627.0
2012-01-24 22:00:00+00:00,5742.4,5760.4,5672.4,5734.5,12428.0
2012-01-25 22:00:00+00:00,5739.5,5788.4,5718.3,5757.7,12392.0
2012-01-26 22:00:00+00:00,5748.6,5773.5,5703.1,5712.6,13168.0
2012-01-29 22:00:00+00:00,5703.1,5706.1,5629.1,5661.1,10791.0
2012-01-30 22:00:00+00:00,5672.6,5708.5,5657.3,5680.2,13477.0
2012-01-31 22:00:00+00:00,5686.2,5779.7,5662.0,5757.1,12049.0
2012-02-01 22:00:00+00:00,5764.0,5790.5,5740.8,5774.2,10713.0
2012-02-02 22:00:00+00:00,5780.6,5897.1,5759.4,5894.1,12955.0
2012-02-05 22:00:00+00:00,5879.1,5880.1,5836.8,5869.7,10554.0
2012-02-06 22:00:00+00:00,5875.1,5880.0,5823.2,5859.2,10422.0
2012-02-07 22:00:00+00:00,5865.7,5888.6,5842.8,5874.3,8577.0
2012-02-08 22:00:00+00:00,5859.2,5888.1,5842.5,5881.9,12115.0
2012-02-09 22:00:00+00:00,5868.8,5873.3,5809.4,5830.8,10752.0
2012-02-12 22:00:00+00:00,5833.9,5890.8,5833.9,5881.6,8880.0
2012-02-13 22:00:00+00:00,5877.0,5889.9,5845.2,5878.2,10159.0
2012-02-14 22:00:00+00:00,5873.6,5914.6,5844.1,5852.2,11442.0
2012-02-15 22:00:00+00:00,5846.6,5904.4,5818.4,5897.8,11286.0
2012-02-16 22:00:00+00:00,5900.8,5915.9,5885.1,5908.9,8642.0
2012-02-19 22:00:00+00:00,5941.5,5951.5,5917.3,5930.1,5895.0
2012-02-20 22:00:00+00:00,5925.5,5946.0,5894.6,5902.6,9508.0
2012-02-21 22:00:00+00:00,5908.0,5926.9,5881.8,5902.6,9563.0
2012-02-22 22:00:00+00:00,5894.0,5942.5,5887.3,5932.7,11820.0
2012-02-23 22:00:00+00:00,5939.7,5953.6,5909.3,5917.8,8388.0
2012-02-26 22:00:00+00:00,5908.3,5916.3,5850.9,5897.9,10834.0
2012-02-27 22:00:00+00:00,5904.3,5922.0,5883.6,5917.5,9512.0
2012-02-28 22:00:00+00:00,5919.4,5938.3,5853.6,5859.5,45594.0
2012-02-29 22:00:00+00:00,5869.6,5935.2,5843.2,5932.6,44281.0
2012-03-01 22:00:00+00:00,5932.6,5932.6,5883.2,5900.8,26553.0
2012-03-02 22:00:00+00:00,5900.8,5900.8,5900.8,5900.8,2.0
2012-03-04 22:00:00+00:00,5900.8,5900.8,5852.8,5875.8,19551.0
2012-03-05 22:00:00+00:00,5875.8,5875.8,5725.2,5737.4,26594.0
2012-03-06 22:00:00+00:00,5737.4,5800.4,5737.4,5787.0,17332.0
2012-03-07 22:00:00+00:00,5787.0,5873.4,5787.0,5861.2,27214.0
2012-03-08 22:00:00+00:00,5856.2,5897.6,5839.8,5882.0,28546.0
2012-03-11 21:00:00+00:00,5882.8,5903.2,5862.8,5894.4,11265.0
2012-03-12 21:00:00+00:00,5915.8,5996.8,5910.4,5991.2,23066.0
2012-03-13 21:00:00+00:00,5985.8,5990.2,5932.8,5938.2,23622.0
2012-03-14 21:00:00+00:00,5941.8,5960.0,5919.6,5943.4,24489.0
2012-03-15 21:00:00+00:00,5950.4,5973.8,5941.8,5961.6,10995.0
2012-03-16 21:00:00+00:00,5961.6,5961.6,5961.6,5961.6,1.0
2012-03-18 21:00:00+00:00,5958.6,5968.3,5924.2,5955.6,7762.0
2012-03-19 21:00:00+00:00,5933.6,5936.2,5872.3,5891.4,8694.0
2012-03-20 21:00:00+00:00,5900.8,5920.8,5878.2,5881.4,12630.0
2012-03-21 21:00:00+00:00,5869.1,5879.7,5822.0,5854.0,20174.0
2012-03-22 21:00:00+00:00,5852.7,5874.1,5796.6,5868.3,18410.0
2012-03-23 21:00:00+00:00,5868.3,5868.3,5868.3,5868.3,1.0
2012-03-25 21:00:00+00:00,5874.5,5908.5,5850.3,5906.7,10469.0
2012-03-26 21:00:00+00:00,5917.1,5937.7,5850.7,5853.8,8539.0
2012-03-27 21:00:00+00:00,5854.1,5875.6,5767.7,5787.8,13779.0
2012-03-28 21:00:00+00:00,5793.6,5807.7,5719.4,5760.3,22777.0
2012-03-29 21:00:00+00:00,5760.3,5775.3,5746.1,5768.4,19085.0
2012-03-30 21:00:00+00:00,5768.4,5768.4,5768.4,5768.4,1.0
2012-04-01 21:00:00+00:00,5780.4,5897.9,5739.8,5881.3,24709.0
2012-04-02 21:00:00+00:00,5874.5,5882.0,5799.0,5824.4,25870.0
2012-04-03 21:00:00+00:00,5814.3,5823.1,5673.5,5698.3,30527.0
2012-04-04 21:00:00+00:00,5697.5,5719.2,5650.4,5707.3,24780.0
2012-04-05 21:00:00+00:00,5707.3,5707.3,5707.3,5707.3,2.0
2012-04-09 21:00:00+00:00,5661.7,5675.0,5526.1,5527.1,29457.0
2012-04-10 21:00:00+00:00,5527.1,5641.2,5527.1,5603.3,26054.0
2012-04-11 21:00:00+00:00,5623.2,5713.6,5585.9,5704.2,25744.0
2012-04-12 21:00:00+00:00,5686.6,5696.1,5623.0,5629.2,31289.0
2012-04-13 21:00:00+00:00,5629.2,5629.2,5629.2,5629.2,1.0
2012-04-15 21:00:00+00:00,5620.4,5690.4,5620.1,5655.8,31619.0
2012-04-16 21:00:00+00:00,5641.7,5761.7,5636.2,5754.6,29342.0
2012-04-17 21:00:00+00:00,5746.3,5771.1,5717.0,5736.5,32200.0
2012-04-18 21:00:00+00:00,5760.1,5779.1,5690.7,5721.6,40199.0
2012-04-19 21:00:00+00:00,5721.6,5766.6,5709.0,5747.0,40012.0
2012-04-22 21:00:00+00:00,5721.0,5724.1,5620.4,5661.7,27957.0
2012-04-23 21:00:00+00:00,5668.8,5700.2,5641.5,5685.6,19303.0
2012-04-24 21:00:00+00:00,5685.6,5736.3,5685.6,5714.7,30911.0
2012-04-25 21:00:00+00:00,5727.5,5763.2,5680.9,5753.3,26764.0
2012-04-26 21:00:00+00:00,5716.4,5780.1,5696.9,5770.4,31546.0
2012-04-27 21:00:00+00:00,5770.4,5770.4,5770.4,5770.4,1.0
2012-04-29 21:00:00+00:00,5777.4,5779.6,5713.3,5736.7,22784.0
2012-04-30 21:00:00+00:00,5735.9,5808.5,5730.4,5792.9,6485.0
2012-05-01 21:00:00+00:00,5799.7,5809.4,5723.4,5772.5,25780.0
2012-05-02 21:00:00+00:00,5769.8,5791.1,5724.6,5736.8,27692.0
2012-05-03 21:00:00+00:00,5734.8,5750.7,5624.7,5640.5,37681.0
2012-05-07 21:00:00+00:00,5632.9,5652.9,5532.4,5585.5,35476.0
2012-05-08 21:00:00+00:00,5560.9,5571.2,5460.6,5523.5,47641.0
2012-05-09 21:00:00+00:00,5523.5,5564.5,5487.3,5539.8,38700.0
2012-05-10 21:00:00+00:00,5524.0,5583.8,5496.3,5530.0,31565.0
2012-05-11 21:00:00+00:00,5530.0,5530.0,5530.0,5530.0,1.0
2012-05-13 21:00:00+00:00,5524.0,5529.5,5430.6,5438.0,33571.0
2012-05-14 21:00:00+00:00,5471.8,5502.4,5394.1,5401.6,37747.0
2012-05-15 21:00:00+00:00,5375.6,5449.1,5352.7,5382.8,41034.0
2012-05-16 21:00:00+00:00,5405.7,5407.7,5293.6,5296.4,40333.0
2012-05-17 21:00:00+00:00,5282.1,5313.1,5224.4,5231.0,40598.0
2012-05-18 21:00:00+00:00,5231.0,5231.0,5231.0,5231.0,1.0
2012-05-20 21:00:00+00:00,5253.3,5346.3,5248.8,5345.3,32623.0
2012-05-21 21:00:00+00:00,5347.1,5405.0,5324.0,5358.1,32177.0
2012-05-22 21:00:00+00:00,5339.0,5348.1,5243.9,5321.5,41705.0
2012-05-23 21:00:00+00:00,5313.0,5367.5,5261.1,5343.8,39289.0
2012-05-24 21:00:00+00:00,5355.9,5380.1,5304.9,5329.8,39424.0
2012-05-25 21:00:00+00:00,5329.8,5329.8,5329.8,5329.8,1.0
2012-05-27 21:00:00+00:00,5382.6,5407.6,5332.4,5354.4,16700.0
2012-05-28 21:00:00+00:00,5375.7,5397.7,5332.5,5381.4,29073.0
2012-05-29 21:00:00+00:00,5346.4,5348.2,5277.8,5284.6,50126.0
2012-05-30 21:00:00+00:00,5307.4,5357.0,5265.6,5334.2,42382.0
2012-05-31 21:00:00+00:00,5328.8,5349.6,5221.6,5249.8,59201.0
2012-06-02 21:00:00+00:00,5249.8,5249.8,5249.8,5249.8,1.0
2012-06-03 21:00:00+00:00,5249.8,5249.8,5249.8,5249.8,1.0
2012-06-04 21:00:00+00:00,5249.8,5249.8,5249.8,5249.8,6.0
2012-06-05 21:00:00+00:00,5249.8,5418.8,5249.8,5409.7,32711.0
2012-06-06 21:00:00+00:00,5415.3,5500.2,5396.0,5449.8,34193.0
2012-06-07 21:00:00+00:00,5424.3,5465.5,5384.5,5459.5,34208.0
2012-06-10 21:00:00+00:00,5459.5,5540.8,5405.8,5405.8,39668.0
2012-06-11 21:00:00+00:00,5430.5,5497.3,5414.6,5495.5,38966.0
2012-06-12 21:00:00+00:00,5495.5,5509.8,5436.1,5446.6,27825.0
2012-06-13 21:00:00+00:00,5461.5,5489.8,5422.9,5470.4,31630.0
2012-06-14 21:00:00+00:00,5497.1,5530.6,5462.0,5496.1,36489.0
2012-06-16 21:00:00+00:00,5496.1,5496.1,5496.1,5496.1,2.0
2012-06-17 21:00:00+00:00,5496.1,5553.4,5455.2,5494.5,33532.0
2012-06-18 21:00:00+00:00,5494.5,5602.2,5494.5,5581.0,28195.0
2012-06-19 21:00:00+00:00,5582.3,5646.6,5565.1,5622.3,33654.0
2012-06-20 21:00:00+00:00,5595.4,5610.0,5498.5,5499.5,32441.0
2012-06-21 21:00:00+00:00,5518.9,5542.6,5495.7,5537.3,24340.0
2012-06-22 21:00:00+00:00,5537.3,5537.3,5537.3,5537.3,1.0
2012-06-24 21:00:00+00:00,5537.3,5537.3,5429.8,5440.3,24672.0
2012-06-25 21:00:00+00:00,5454.4,5478.4,5430.9,5469.0,22013.0
2012-06-26 21:00:00+00:00,5469.3,5537.6,5446.6,5528.5,17486.0
2012-06-27 21:00:00+00:00,5525.3,5529.8,5429.9,5522.5,30754.0
2012-06-28 21:00:00+00:00,5522.5,5617.3,5522.5,5587.4,30158.0
2012-07-01 21:00:00+00:00,5572.0,5656.9,5565.7,5652.5,26462.0
2012-07-02 21:00:00+00:00,5637.2,5693.6,5630.2,5683.0,16752.0
2012-07-03 21:00:00+00:00,5676.8,5696.0,5662.1,5687.3,11131.0
2012-07-04 21:00:00+00:00,5682.9,5721.3,5654.8,5677.8,30835.0
2012-07-05 21:00:00+00:00,5669.6,5687.6,5637.7,5674.1,24003.0
2012-07-06 21:00:00+00:00,5674.1,5674.1,5674.1,5674.1,1.0
2012-07-08 21:00:00+00:00,5659.1,5661.6,5599.6,5637.2,20438.0
2012-07-09 21:00:00+00:00,5636.5,5679.1,5610.8,5630.7,22514.0
2012-07-10 21:00:00+00:00,5631.0,5664.9,5611.4,5655.7,24406.0
2012-07-11 21:00:00+00:00,5617.0,5640.1,5575.8,5616.2,25907.0
2012-07-12 21:00:00+00:00,5620.5,5673.6,5612.2,5665.5,16980.0
2012-07-13 21:00:00+00:00,5665.5,5665.5,5665.5,5665.5,1.0
2012-07-15 21:00:00+00:00,5647.6,5658.0,5626.3,5640.3,15951.0
2012-07-16 21:00:00+00:00,5661.7,5663.2,5605.5,5638.5,25154.0
2012-07-17 21:00:00+00:00,5641.1,5683.4,5609.8,5672.0,17921.0
2012-07-18 21:00:00+00:00,5677.3,5715.1,5671.0,5702.7,16842.0
2012-07-19 21:00:00+00:00,5688.7,5694.2,5628.7,5632.1,28018.0
2012-07-22 21:00:00+00:00,5632.1,5632.1,5492.5,5535.3,31230.0
2012-07-23 21:00:00+00:00,5530.6,5538.4,5436.9,5469.8,31232.0
2012-07-24 21:00:00+00:00,5464.3,5508.7,5459.8,5481.1,41898.0
2012-07-25 21:00:00+00:00,5481.7,5578.2,5458.5,5569.6,45466.0
2012-07-26 21:00:00+00:00,5578.9,5653.3,5531.2,5634.9,36847.0
2012-07-29 21:00:00+00:00,5634.9,5689.2,5605.2,5666.9,31544.0
2012-07-30 21:00:00+00:00,5666.5,5678.0,5600.9,5606.0,30329.0
2012-07-31 21:00:00+00:00,5628.8,5713.0,5621.8,5696.9,35849.0
2012-08-01 21:00:00+00:00,5695.4,5756.3,5606.9,5639.6,59194.0
2012-08-02 21:00:00+00:00,5647.8,5775.4,5647.0,5756.7,34906.0
2012-08-03 21:00:00+00:00,5756.7,5756.7,5756.7,5756.7,1.0
2012-08-05 21:00:00+00:00,5757.0,5817.6,5745.5,5785.6,20512.0
2012-08-06 21:00:00+00:00,5790.2,5833.1,5763.0,5816.0,26246.0
2012-08-07 21:00:00+00:00,5810.6,5853.3,5803.2,5843.9,25605.0
2012-08-08 21:00:00+00:00,5859.0,5863.0,5829.5,5846.9,21393.0
2012-08-09 21:00:00+00:00,5838.2,5864.8,5830.3,5862.0,19444.0
2012-08-11 21:00:00+00:00,5862.0,5862.0,5862.0,5862.0,1.0
2012-08-12 21:00:00+00:00,5848.8,5854.2,5813.7,5839.7,17569.0
2012-08-13 21:00:00+00:00,5861.6,5878.1,5844.4,5858.8,19653.0
2012-08-14 21:00:00+00:00,5853.0,5866.0,5833.4,5853.8,16801.0
2012-08-15 21:00:00+00:00,5857.9,5868.2,5820.4,5858.4,15930.0
2012-08-16 21:00:00+00:00,5866.4,5869.4,5844.6,5866.4,15910.0
2012-08-17 21:00:00+00:00,5866.4,5866.4,5866.4,5866.4,1.0
2012-08-19 21:00:00+00:00,5862.2,5866.2,5809.9,5846.6,15481.0
2012-08-20 21:00:00+00:00,5854.2,5881.6,5824.9,5837.4,17135.0
2012-08-21 21:00:00+00:00,5829.6,5831.0,5777.6,5797.1,23082.0
2012-08-22 21:00:00+00:00,5818.9,5819.7,5760.8,5774.0,18694.0
2012-08-23 21:00:00+00:00,5776.4,5798.5,5744.4,5771.8,16104.0
2012-08-26 21:00:00+00:00,5771.8,5771.8,5771.8,5771.8,2.0
2012-08-27 21:00:00+00:00,5778.9,5788.5,5753.0,5769.9,20733.0
2012-08-28 21:00:00+00:00,5775.0,5777.7,5743.1,5751.6,17241.0
2012-08-29 21:00:00+00:00,5726.2,5747.5,5709.0,5720.4,12243.0
2012-08-30 21:00:00+00:00,5720.7,5768.7,5697.4,5718.7,25967.0
2012-09-02 21:00:00+00:00,5705.7,5767.6,5702.7,5757.1,10837.0
2012-09-03 21:00:00+00:00,5756.1,5756.6,5658.3,5686.0,16209.0
2012-09-04 21:00:00+00:00,5661.5,5683.7,5641.4,5665.8,22589.0
2012-09-05 21:00:00+00:00,5680.1,5793.3,5675.0,5784.7,22127.0
2012-09-06 21:00:00+00:00,5793.0,5814.0,5777.9,5799.2,22729.0
2012-09-08 21:00:00+00:00,5799.2,5799.2,5799.2,5799.2,1.0
2012-09-09 21:00:00+00:00,5781.0,5811.9,5773.0,5777.0,13419.0
2012-09-10 21:00:00+00:00,5778.6,5801.2,5767.7,5791.4,14415.0
2012-09-11 21:00:00+00:00,5799.6,5826.4,5759.9,5785.8,22783.0
2012-09-12 21:00:00+00:00,5785.4,5903.7,5773.0,5883.9,21563.0
2012-09-13 21:00:00+00:00,5884.0,5936.6,5882.2,5903.7,23205.0
2012-09-15 21:00:00+00:00,5903.6,5903.6,5903.6,5903.6,1.0
2012-09-16 21:00:00+00:00,5895.8,5913.2,5867.0,5873.2,15150.0
2012-09-17 21:00:00+00:00,5867.2,5886.6,5839.2,5870.8,20596.0
2012-09-18 21:00:00+00:00,5873.8,5901.7,5861.0,5896.1,14867.0
2012-09-19 21:00:00+00:00,5896.1,5896.1,5823.8,5864.2,10721.0
2012-09-20 21:00:00+00:00,5880.1,5889.9,5842.5,5843.3,14284.0
2012-09-21 21:00:00+00:00,5843.3,5843.3,5843.3,5843.3,3.0
2012-09-23 21:00:00+00:00,5843.2,5853.2,5806.0,5843.6,15827.0
2012-09-24 21:00:00+00:00,5838.9,5868.5,5807.0,5810.4,15472.0
2012-09-25 21:00:00+00:00,5810.7,5818.8,5749.6,5765.6,16754.0
2012-09-26 21:00:00+00:00,5796.0,5811.9,5760.6,5799.6,15729.0
2012-09-27 21:00:00+00:00,5800.2,5807.4,5737.2,5746.2,22179.0
2012-09-30 21:00:00+00:00,5735.4,5842.1,5733.7,5789.7,21004.0
2012-10-01 21:00:00+00:00,5790.1,5837.7,5777.0,5803.7,23582.0
2012-10-02 21:00:00+00:00,5785.5,5830.6,5779.7,5813.8,18145.0
2012-10-03 21:00:00+00:00,5831.6,5851.2,5798.0,5840.5,18226.0
2012-10-04 21:00:00+00:00,5840.1,5882.0,5830.8,5838.0,21001.0
2012-10-07 21:00:00+00:00,5831.4,5847.1,5812.9,5842.0,16487.0
2012-10-08 21:00:00+00:00,5848.6,5851.0,5786.9,5791.0,21911.0
2012-10-09 21:00:00+00:00,5791.1,5802.7,5758.4,5771.0,13843.0
2012-10-10 21:00:00+00:00,5760.2,5842.0,5759.8,5810.8,17822.0
2012-10-11 21:00:00+00:00,5810.4,5822.2,5774.4,5786.9,20875.0
2012-10-14 21:00:00+00:00,5779.9,5828.6,5778.6,5826.6,16382.0
2012-10-15 21:00:00+00:00,5826.6,5877.5,5817.4,5875.0,15553.0
2012-10-16 21:00:00+00:00,5865.6,5916.9,5862.2,5912.2,14781.0
2012-10-17 21:00:00+00:00,5912.3,5922.6,5885.4,5901.4,19680.0
2012-10-18 21:00:00+00:00,5894.0,5915.6,5855.5,5860.0,18761.0
2012-10-20 21:00:00+00:00,5860.0,5860.0,5860.0,5860.0,3.0
2012-10-21 21:00:00+00:00,5860.0,5903.3,5855.8,5888.7,18068.0
2012-10-22 21:00:00+00:00,5884.3,5886.8,5778.9,5794.1,24787.0
2012-10-23 21:00:00+00:00,5794.1,5819.4,5771.8,5788.5,26588.0
2012-10-24 21:00:00+00:00,5808.4,5837.7,5788.9,5802.2,18215.0
2012-10-25 21:00:00+00:00,5768.7,5820.2,5747.6,5804.6,21293.0
2012-10-26 21:00:00+00:00,5804.6,5804.6,5804.6,5804.6,1.0
2012-10-28 21:00:00+00:00,5786.2,5807.8,5756.8,5784.4,11157.0
2012-10-29 21:00:00+00:00,5784.4,5847.0,5784.4,5833.0,6617.0
2012-10-30 21:00:00+00:00,5839.4,5862.8,5768.6,5777.3,20182.0
2012-10-31 21:00:00+00:00,5782.0,5861.1,5769.9,5855.2,17372.0
2012-11-01 21:00:00+00:00,5851.0,5883.9,5820.1,5830.4,25838.0
2012-11-02 21:00:00+00:00,5830.4,5830.4,5830.4,5830.4,2.0
2012-11-04 22:00:00+00:00,5834.4,5843.5,5816.3,5836.7,13569.0
2012-11-05 22:00:00+00:00,5840.8,5901.1,5833.6,5892.5,12561.0
2012-11-06 22:00:00+00:00,5902.4,5919.9,5785.0,5810.3,25772.0
2012-11-07 22:00:00+00:00,5809.4,5821.2,5756.9,5756.9,18838.0
2012-11-08 22:00:00+00:00,5774.5,5783.3,5708.3,5757.6,23802.0
2012-11-09 22:00:00+00:00,5757.6,5757.6,5757.6,5757.6,1.0
2012-11-11 22:00:00+00:00,5757.6,5789.6,5755.6,5768.2,14224.0
2012-11-12 22:00:00+00:00,5740.7,5785.0,5703.9,5750.8,21848.0
2012-11-13 22:00:00+00:00,5770.2,5773.2,5672.1,5676.6,23573.0
2012-11-14 22:00:00+00:00,5689.0,5710.0,5659.3,5677.1,23224.0
2012-11-15 22:00:00+00:00,5677.2,5686.0,5601.0,5640.2,29094.0
2012-11-18 22:00:00+00:00,5653.2,5744.1,5647.8,5738.0,17094.0
2012-11-19 22:00:00+00:00,5717.8,5762.0,5709.1,5753.7,19694.0
2012-11-20 22:00:00+00:00,5741.3,5769.8,5736.8,5768.2,19443.0
2012-11-21 22:00:00+00:00,5784.4,5807.4,5776.6,5795.4,6746.0
2012-11-22 22:00:00+00:00,5804.8,5846.2,5788.0,5828.7,14756.0
2012-11-23 22:00:00+00:00,5828.7,5828.7,5828.7,5828.7,1.0
2012-11-25 22:00:00+00:00,5816.6,5822.7,5779.3,5810.0,14960.0
2012-11-26 22:00:00+00:00,5817.6,5831.9,5794.5,5797.9,13933.0
2012-11-27 22:00:00+00:00,5790.0,5834.4,5762.5,5830.0,17770.0
2012-11-28 22:00:00+00:00,5831.6,5892.5,5827.6,5875.3,18887.0
2012-11-29 22:00:00+00:00,5871.8,5912.7,5867.6,5888.8,13090.0
2012-12-02 22:00:00+00:00,5888.8,5910.2,5863.3,5867.9,13327.0
2012-12-03 22:00:00+00:00,5864.6,5892.6,5859.0,5876.9,13980.0
2012-12-04 22:00:00+00:00,5894.5,5921.9,5875.1,5902.8,17692.0
2012-12-05 22:00:00+00:00,5904.6,5931.3,5895.9,5917.9,17923.0
2012-12-06 22:00:00+00:00,5907.9,5930.1,5895.3,5922.0,16693.0
2012-12-07 22:00:00+00:00,5922.0,5922.0,5922.0,5922.0,1.0
2012-12-09 22:00:00+00:00,5922.0,5931.5,5896.4,5924.9,13757.0
2012-12-10 22:00:00+00:00,5921.6,5942.6,5913.1,5928.0,13010.0
2012-12-11 22:00:00+00:00,5933.1,5967.5,5920.6,5940.4,11226.0
2012-12-12 22:00:00+00:00,5947.2,5950.8,5914.1,5926.9,12510.0
2012-12-13 22:00:00+00:00,5939.5,5948.3,5912.3,5913.0,13992.0
2012-12-16 22:00:00+00:00,5920.0,5922.8,5882.3,5920.6,10876.0
2012-12-17 22:00:00+00:00,5927.3,5959.6,5925.8,5957.3,8809.0
2012-12-18 22:00:00+00:00,5957.6,5983.8,5948.5,5962.6,9117.0
2012-12-19 22:00:00+00:00,5961.6,5982.1,5956.6,5973.8,7947.0
2012-12-20 22:00:00+00:00,5935.4,5962.5,5899.3,5953.9,20072.0
2012-12-23 22:00:00+00:00,5940.4,5960.1,5935.3,5953.4,4212.0
2012-12-25 22:00:00+00:00,5953.4,5953.4,5953.4,5953.4,2.0
2012-12-26 22:00:00+00:00,5944.9,6000.1,5940.9,5975.4,18694.0
2012-12-27 22:00:00+00:00,5975.7,5978.1,5891.5,5898.0,10862.0
2012-12-30 22:00:00+00:00,5882.4,5916.0,5864.0,5881.0,3768.0
2013-01-01 22:00:00+00:00,5920.9,6041.0,5911.9,6040.0,19239.0
2013-01-02 22:00:00+00:00,6031.1,6045.6,6007.5,6030.4,10965.0
2013-01-03 22:00:00+00:00,6035.4,6096.1,6024.3,6087.0,11841.0
2013-01-04 22:00:00+00:00,6087.0,6087.0,6087.0,6087.0,1.0
2013-01-06 22:00:00+00:00,6084.5,6088.5,6043.5,6061.4,12338.0
2013-01-07 22:00:00+00:00,6042.5,6078.4,6038.4,6052.9,11332.0
2013-01-08 22:00:00+00:00,6056.1,6100.6,6054.4,6076.8,11377.0
2013-01-09 22:00:00+00:00,6086.1,6106.6,6077.4,6103.7,14717.0
2013-01-10 22:00:00+00:00,6099.9,6112.1,6083.2,6107.8,11241.0
2013-01-11 22:00:00+00:00,6107.8,6107.8,6107.8,6107.8,1.0
2013-01-13 22:00:00+00:00,6113.2,6119.6,6083.0,6097.3,13793.0
2013-01-14 22:00:00+00:00,6087.9,6115.1,6070.7,6112.4,14649.0
2013-01-15 22:00:00+00:00,6087.9,6102.2,6063.1,6090.6,13762.0
2013-01-16 22:00:00+00:00,6084.0,6130.6,6074.4,6122.4,12573.0
2013-01-17 22:00:00+00:00,6126.3,6160.9,6121.4,6159.6,13554.0
2013-01-18 22:00:00+00:00,6159.6,6159.6,6159.6,6159.6,3.0
2013-01-20 22:00:00+00:00,6156.1,6170.7,6146.6,6169.4,4636.0
2013-01-21 22:00:00+00:00,6162.1,6185.0,6132.2,6184.1,13726.0
2013-01-22 22:00:00+00:00,6176.4,6195.1,6166.2,6194.6,8935.0
2013-01-23 22:00:00+00:00,6174.6,6257.3,6169.7,6237.9,14002.0
2013-01-24 22:00:00+00:00,6237.9,6276.7,6230.5,6274.9,12695.0
2013-01-27 22:00:00+00:00,6263.6,6295.6,6259.1,6289.2,10208.0
2013-01-28 22:00:00+00:00,6283.6,6331.7,6267.6,6326.2,12856.0
2013-01-29 22:00:00+00:00,6320.5,6337.4,6292.5,6294.6,14316.0
2013-01-30 22:00:00+00:00,6287.0,6296.1,6255.4,6263.4,14085.0
2013-01-31 22:00:00+00:00,6274.3,6343.6,6273.9,6342.1,16546.0
2013-02-01 22:00:00+00:00,6342.1,6342.1,6342.1,6342.1,1.0
2013-02-03 22:00:00+00:00,6321.2,6321.2,6214.0,6225.0,15445.0
2013-02-04 22:00:00+00:00,6219.9,6276.0,6218.5,6260.6,13964.0
2013-02-05 22:00:00+00:00,6268.8,6299.8,6241.5,6280.2,17495.0
2013-02-06 22:00:00+00:00,6264.7,6290.5,6191.9,6221.8,22029.0
2013-02-07 22:00:00+00:00,6230.0,6255.0,6221.0,6236.8,11360.0
2013-02-08 22:00:00+00:00,6236.8,6236.8,6236.8,6236.8,1.0
2013-02-10 22:00:00+00:00,6232.2,6270.4,6226.6,6251.1,11310.0
2013-02-11 22:00:00+00:00,6243.3,6319.6,6233.1,6300.3,14765.0
2013-02-12 22:00:00+00:00,6314.6,6377.2,6301.7,6350.5,11928.0
2013-02-13 22:00:00+00:00,6347.4,6352.4,6291.7,6328.1,14546.0
2013-02-14 22:00:00+00:00,6316.2,6342.1,6293.5,6308.5,13192.0
2013-02-15 22:00:00+00:00,6308.5,6308.5,6308.5,6308.5,2.0
2013-02-17 22:00:00+00:00,6311.7,6316.3,6293.9,6308.5,6767.0
2013-02-18 22:00:00+00:00,6291.9,6376.0,6290.5,6368.9,10942.0
2013-02-19 22:00:00+00:00,6369.8,6408.4,6361.0,6362.1,13854.0
2013-02-20 22:00:00+00:00,6349.6,6356.9,6270.1,6290.5,23082.0
2013-02-21 22:00:00+00:00,6304.9,6359.4,6304.9,6359.4,17050.0
2013-02-24 22:00:00+00:00,6345.2,6382.1,6235.9,6239.4,33952.0
2013-02-25 22:00:00+00:00,6254.0,6284.9,6242.8,6275.2,26686.0
2013-02-27 22:00:00+00:00,6348.0,6375.2,6322.8,6349.6,17911.0
2013-02-28 22:00:00+00:00,6341.2,6383.5,6298.2,6372.1,24059.0
2013-03-01 22:00:00+00:00,6372.1,6372.1,6372.1,6372.1,1.0
2013-03-03 22:00:00+00:00,6342.8,6359.6,6320.9,6359.0,17070.0
2013-03-04 22:00:00+00:00,6365.5,6433.7,6365.5,6418.9,16018.0
2013-03-05 22:00:00+00:00,6439.4,6457.2,6410.7,6435.2,14723.0
2013-03-06 22:00:00+00:00,6428.9,6454.6,6426.2,6447.3,15018.0
2013-03-07 22:00:00+00:00,6469.4,6484.9,6443.9,6481.2,16285.0
2013-03-08 22:00:00+00:00,6481.2,6481.2,6481.2,6481.2,1.0
2013-03-10 21:00:00+00:00,6469.3,6503.4,6466.9,6502.9,10026.0
2013-03-11 21:00:00+00:00,6486.3,6528.1,6477.5,6489.6,10522.0
2013-03-12 21:00:00+00:00,6485.0,6495.5,6436.5,6480.1,10432.0
2013-03-13 21:00:00+00:00,6493.5,6534.8,6488.1,6531.4,7236.0
2013-03-14 21:00:00+00:00,6534.9,6535.4,6466.0,6472.4,15712.0
2013-03-15 21:00:00+00:00,6472.4,6472.4,6472.4,6472.4,1.0
2013-03-17 21:00:00+00:00,6390.0,6458.9,6381.6,6435.5,15807.0
2013-03-18 21:00:00+00:00,6431.8,6470.2,6407.7,6443.7,17372.0
2013-03-19 21:00:00+00:00,6473.2,6482.8,6426.5,6431.2,15402.0
2013-03-20 21:00:00+00:00,6433.1,6434.4,6364.7,6376.6,18825.0
2013-03-21 21:00:00+00:00,6381.4,6431.2,6376.4,6398.3,14793.0
2013-03-24 21:00:00+00:00,6427.8,6461.4,6359.8,6390.7,18685.0
2013-03-25 21:00:00+00:00,6399.1,6416.3,6368.4,6415.5,14615.0
2013-03-26 21:00:00+00:00,6423.9,6425.1,6344.1,6400.5,18459.0
2013-03-27 21:00:00+00:00,6393.0,6450.1,6381.9,6419.4,17371.0
2013-04-01 21:00:00+00:00,6402.5,6500.8,6402.2,6471.6,15583.0
2013-04-02 21:00:00+00:00,6468.7,6476.6,6389.9,6397.8,14041.0
2013-04-03 21:00:00+00:00,6419.2,6425.7,6331.0,6354.3,18130.0
2013-04-04 21:00:00+00:00,6340.9,6344.2,6209.0,6287.4,20273.0
2013-04-07 21:00:00+00:00,6262.7,6296.1,6252.3,6296.0,11741.0
2013-04-08 21:00:00+00:00,6304.3,6326.1,6282.0,6312.7,12220.0
2013-04-09 21:00:00+00:00,6319.2,6400.1,6313.8,6379.1,13903.0
2013-04-10 21:00:00+00:00,6379.1,6417.1,6368.9,6388.7,10801.0
2013-04-11 21:00:00+00:00,6386.1,6402.2,6358.8,6395.9,13810.0
2013-04-12 21:00:00+00:00,6395.9,6395.9,6395.9,6395.9,2.0
2013-04-14 21:00:00+00:00,6363.9,6375.1,6283.2,6289.4,18256.0
2013-04-15 21:00:00+00:00,6301.5,6331.2,6284.7,6318.9,16469.0
2013-04-16 21:00:00+00:00,6327.9,6329.7,6215.7,6249.0,25207.0
2013-04-17 21:00:00+00:00,6251.1,6268.9,6215.3,6233.0,21435.0
2013-04-18 21:00:00+00:00,6260.3,6286.0,6239.0,6284.2,18349.0
2013-04-21 21:00:00+00:00,6303.2,6330.9,6244.2,6287.3,15539.0
2013-04-22 21:00:00+00:00,6271.2,6407.1,6267.4,6402.8,23425.0
2013-04-23 21:00:00+00:00,6399.1,6436.0,6392.5,6422.0,16938.0
2013-04-24 21:00:00+00:00,6429.9,6463.1,6405.8,6416.6,16227.0
2013-04-25 21:00:00+00:00,6419.9,6434.4,6392.6,6418.9,13524.0
2013-04-28 21:00:00+00:00,6424.2,6478.1,6411.1,6464.4,13218.0
2013-04-29 21:00:00+00:00,6465.4,6476.1,6403.8,6432.0,15048.0
2013-04-30 21:00:00+00:00,6433.7,6470.9,6408.0,6417.6,7339.0
2013-05-01 21:00:00+00:00,6426.8,6463.3,6398.9,6455.6,18811.0
2013-05-02 21:00:00+00:00,6450.9,6534.5,6441.9,6521.8,14693.0
2013-05-06 21:00:00+00:00,6527.1,6562.3,6508.4,6560.4,12120.0
2013-05-07 21:00:00+00:00,6553.9,6592.1,6549.9,6591.5,11970.0
2013-05-08 21:00:00+00:00,6571.7,6604.1,6567.9,6582.7,11298.0
2013-05-09 21:00:00+00:00,6591.9,6635.0,6589.9,6634.8,15085.0
2013-05-12 21:00:00+00:00,6618.8,6639.0,6596.6,6635.8,12042.0
2013-05-13 21:00:00+00:00,6644.7,6693.4,6611.1,6691.6,14491.0
2013-05-14 21:00:00+00:00,6676.2,6712.6,6672.0,6708.6,12883.0
2013-05-15 21:00:00+00:00,6697.9,6717.1,6671.5,6679.7,15973.0
2013-05-16 21:00:00+00:00,6683.6,6753.1,6670.0,6750.3,16427.0
2013-05-19 21:00:00+00:00,6727.8,6759.1,6708.1,6748.2,12253.0
2013-05-20 21:00:00+00:00,6744.1,6811.3,6742.1,6802.5,13505.0
2013-05-21 21:00:00+00:00,6799.2,6882.2,6769.9,6784.1,24021.0
2013-05-22 21:00:00+00:00,6720.0,6749.7,6660.0,6711.6,30914.0
2013-05-23 21:00:00+00:00,6715.1,6720.5,6640.6,6680.7,21347.0
2013-05-27 21:00:00+00:00,6715.0,6792.3,6708.4,6743.1,20147.0
2013-05-28 21:00:00+00:00,6722.8,6725.5,6619.6,6648.9,22747.0
2013-05-29 21:00:00+00:00,6614.8,6669.3,6607.6,6645.6,21503.0
2013-05-30 21:00:00+00:00,6641.5,6643.1,6542.0,6542.8,25817.0
2013-06-02 21:00:00+00:00,6542.8,6574.6,6507.5,6550.8,27244.0
2013-06-03 21:00:00+00:00,6555.8,6571.5,6503.5,6525.0,22851.0
2013-06-04 21:00:00+00:00,6515.2,6526.7,6398.6,6398.9,27489.0
2013-06-05 21:00:00+00:00,6413.0,6432.3,6280.4,6344.4,30861.0
2013-06-06 21:00:00+00:00,6336.0,6417.6,6307.4,6408.1,25296.0
2013-06-09 21:00:00+00:00,6386.4,6415.1,6371.1,6381.2,21160.0
2013-06-10 21:00:00+00:00,6367.8,6368.5,6271.4,6297.6,27881.0
2013-06-11 21:00:00+00:00,6324.4,6370.1,6267.1,6275.4,23417.0
2013-06-12 21:00:00+00:00,6223.6,6350.6,6207.9,6346.7,24619.0
2013-06-13 21:00:00+00:00,6337.4,6347.3,6275.8,6293.8,20057.0
2013-06-16 21:00:00+00:00,6336.4,6372.7,6298.3,6318.8,14967.0
2013-06-17 21:00:00+00:00,6324.0,6399.9,6310.4,6373.7,15854.0
2013-06-18 21:00:00+00:00,6382.9,6384.3,6312.8,6319.2,24012.0
2013-06-19 21:00:00+00:00,6253.8,6281.5,6112.1,6124.5,24119.0
2013-06-20 21:00:00+00:00,6167.6,6239.9,6094.5,6133.9,33496.0
2013-06-23 21:00:00+00:00,6093.7,6130.4,6014.6,6047.6,32905.0
2013-06-24 21:00:00+00:00,6068.9,6126.2,6044.0,6116.0,26905.0
2013-06-25 21:00:00+00:00,6102.3,6183.7,6082.0,6176.1,23319.0
2013-06-26 21:00:00+00:00,6170.9,6266.0,6162.3,6222.0,21509.0
2013-06-27 21:00:00+00:00,6246.6,6262.2,6195.6,6213.5,26319.0
2013-06-30 21:00:00+00:00,6263.5,6309.9,6205.6,6280.1,25379.0
2013-07-01 21:00:00+00:00,6287.4,6302.1,6245.2,6273.3,23317.0
2013-07-02 21:00:00+00:00,6235.0,6239.0,6170.2,6233.5,20438.0
2013-07-03 21:00:00+00:00,6267.1,6424.2,6257.4,6408.9,21697.0
2013-07-04 21:00:00+00:00,6431.2,6491.8,6353.5,6418.0,34499.0
2013-07-07 21:00:00+00:00,6413.5,6466.9,6400.4,6445.9,25793.0
2013-07-08 21:00:00+00:00,6482.4,6522.1,6474.3,6513.4,19289.0
2013-07-09 21:00:00+00:00,6493.7,6526.9,6460.7,6513.4,20430.0
2013-07-10 21:00:00+00:00,6570.0,6576.1,6513.4,6551.1,21558.0
2013-07-11 21:00:00+00:00,6546.7,6573.3,6526.4,6542.2,15821.0
2013-07-14 21:00:00+00:00,6551.6,6594.2,6546.3,6577.6,16468.0
2013-07-15 21:00:00+00:00,6590.8,6594.9,6533.9,6548.9,18033.0
2013-07-16 21:00:00+00:00,6552.3,6583.7,6501.4,6555.4,22831.0
2013-07-17 21:00:00+00:00,6541.5,6645.5,6541.5,6622.7,19147.0
2013-07-18 21:00:00+00:00,6604.0,6622.1,6576.1,6608.2,18089.0
2013-07-21 21:00:00+00:00,6619.2,6631.1,6591.4,6603.0,16098.0
2013-07-22 21:00:00+00:00,6631.3,6643.0,6576.0,6594.5,15872.0
2013-07-23 21:00:00+00:00,6597.9,6646.8,6563.1,6604.6,20281.0
2013-07-24 21:00:00+00:00,6600.5,6607.1,6520.5,6589.5,20173.0
2013-07-25 21:00:00+00:00,6592.1,6613.0,6514.4,6567.1,19044.0
2013-07-28 21:00:00+00:00,6555.8,6588.7,6522.2,6552.5,16055.0
2013-07-29 21:00:00+00:00,6551.4,6581.9,6531.2,6554.0,16076.0
2013-07-30 21:00:00+00:00,6542.6,6641.7,6534.9,6606.3,23581.0
2013-07-31 21:00:00+00:00,6606.3,6695.1,6590.6,6687.1,20522.0
2013-08-01 21:00:00+00:00,6681.1,6681.1,6600.5,6638.0,18822.0
2013-08-04 21:00:00+00:00,6639.5,6664.3,6564.8,6592.8,14136.0
2013-08-05 21:00:00+00:00,6586.9,6606.1,6537.2,6577.4,13808.0
2013-08-06 21:00:00+00:00,6564.5,6618.6,6474.7,6499.3,18906.0
2013-08-07 21:00:00+00:00,6505.5,6549.3,6493.8,6540.1,16648.0
2013-08-08 21:00:00+00:00,6540.1,6597.8,6516.2,6584.2,16237.0
2013-08-11 21:00:00+00:00,6577.1,6586.4,6531.6,6559.3,18308.0
2013-08-12 21:00:00+00:00,6565.7,6627.5,6553.4,6624.4,16598.0
2013-08-13 21:00:00+00:00,6632.6,6636.6,6585.1,6605.9,18729.0
2013-08-14 21:00:00+00:00,6588.0,6591.9,6463.4,6475.1,23650.0
2013-08-15 21:00:00+00:00,6483.4,6513.9,6455.5,6502.1,17375.0
2013-08-18 21:00:00+00:00,6507.6,6511.1,6440.2,6443.0,18463.0
2013-08-19 21:00:00+00:00,6421.3,6469.1,6398.4,6456.0,21111.0
2013-08-20 21:00:00+00:00,6453.2,6457.0,6379.7,6396.3,22895.0
2013-08-21 21:00:00+00:00,6398.1,6479.4,6398.1,6467.6,22015.0
2013-08-22 21:00:00+00:00,6448.6,6527.0,6429.4,6513.3,19194.0
2013-08-26 21:00:00+00:00,6482.5,6496.8,6399.6,6401.5,28198.0
2013-08-27 21:00:00+00:00,6417.5,6452.1,6399.5,6428.4,22371.0
2013-08-28 21:00:00+00:00,6476.1,6509.9,6456.5,6472.7,19411.0
2013-08-29 21:00:00+00:00,6505.1,6511.3,6396.5,6409.1,23107.0
2013-09-01 21:00:00+00:00,6490.5,6538.9,6487.5,6507.7,12144.0
2013-09-02 21:00:00+00:00,6517.6,6529.6,6443.9,6470.9,27960.0
2013-09-03 21:00:00+00:00,6488.6,6499.3,6430.1,6488.9,19964.0
2013-09-04 21:00:00+00:00,6503.1,6553.0,6467.4,6541.7,23452.0
2013-09-05 21:00:00+00:00,6522.6,6577.5,6497.3,6536.7,29242.0
2013-09-08 21:00:00+00:00,6560.0,6563.0,6511.8,6556.9,21058.0
2013-09-09 21:00:00+00:00,6576.6,6611.0,6571.7,6606.5,18332.0
2013-09-10 21:00:00+00:00,6594.3,6601.0,6564.4,6594.4,15993.0
2013-09-11 21:00:00+00:00,6591.7,6612.1,6562.1,6588.0,17478.0
2013-09-12 21:00:00+00:00,6578.2,6603.2,6565.4,6598.1,12660.0
2013-09-15 21:00:00+00:00,6658.6,6658.6,6612.2,6619.6,15395.0
2013-09-16 21:00:00+00:00,6613.3,6617.4,6568.1,6586.1,9019.0
2013-09-17 21:00:00+00:00,6584.4,6639.7,6529.9,6628.3,14286.0
2013-09-18 21:00:00+00:00,6641.2,6659.0,6609.9,6615.9,11466.0
2013-09-19 21:00:00+00:00,6605.3,6633.3,6573.9,6573.9,17301.0
2013-09-22 21:00:00+00:00,6595.1,6598.6,6538.9,6556.9,14825.0
2013-09-23 21:00:00+00:00,6550.9,6583.8,6545.6,6555.4,13546.0
2013-09-24 21:00:00+00:00,6555.6,6588.3,6522.8,6537.4,19808.0
2013-09-25 21:00:00+00:00,6553.5,6580.9,6533.0,6564.9,15895.0
2013-09-26 21:00:00+00:00,6561.5,6567.2,6481.7,6506.1,18563.0
2013-09-29 21:00:00+00:00,6437.3,6471.8,6432.6,6445.9,20839.0
2013-09-30 21:00:00+00:00,6452.0,6462.2,6417.1,6440.4,21058.0
2013-10-01 21:00:00+00:00,6428.9,6453.1,6378.4,6452.9,18719.0
2013-10-02 21:00:00+00:00,6429.1,6466.6,6413.4,6424.5,19800.0
2013-10-03 21:00:00+00:00,6426.8,6471.8,6420.9,6470.6,15373.0
2013-10-06 21:00:00+00:00,6470.6,6470.6,6383.2,6415.4,10670.0
2013-10-07 21:00:00+00:00,6419.2,6424.6,6320.3,6322.6,24222.0
2013-10-08 21:00:00+00:00,6340.9,6365.9,6308.5,6335.2,22779.0
2013-10-09 21:00:00+00:00,6350.7,6458.4,6340.5,6452.8,24664.0
2013-10-10 21:00:00+00:00,6446.9,6510.8,6426.4,6510.8,14802.0
2013-10-13 21:00:00+00:00,6463.8,6540.0,6456.1,6531.3,13723.0
2013-10-14 21:00:00+00:00,6534.7,6561.4,6515.9,6520.6,21516.0
2013-10-15 21:00:00+00:00,6523.1,6576.1,6494.9,6568.0,18313.0
2013-10-16 21:00:00+00:00,6540.9,6602.8,6519.2,6598.8,16112.0
2013-10-17 21:00:00+00:00,6601.2,6623.9,6574.5,6622.9,14683.0
2013-10-20 21:00:00+00:00,6626.3,6651.8,6605.8,6651.5,14329.0
2013-10-21 21:00:00+00:00,6643.8,6709.6,6643.8,6687.6,15922.0
2013-10-22 21:00:00+00:00,6668.9,6678.9,6649.1,6671.4,20624.0
2013-10-23 21:00:00+00:00,6671.4,6723.6,6671.4,6721.9,13491.0
2013-10-24 21:00:00+00:00,6701.5,6726.6,6697.3,6723.1,16501.0
2013-10-27 21:00:00+00:00,6734.4,6734.4,6696.7,6728.1,11969.0
2013-10-28 21:00:00+00:00,6725.7,6781.5,6724.5,6778.2,12730.0
2013-10-29 21:00:00+00:00,6781.2,6813.7,6740.4,6761.9,20701.0
2013-10-30 21:00:00+00:00,6759.1,6762.1,6712.4,6742.0,20400.0
2013-10-31 21:00:00+00:00,6746.4,6752.2,6707.0,6744.5,16572.0
2013-11-03 22:00:00+00:00,6742.7,6780.1,6738.8,6780.1,15147.0
2013-11-04 22:00:00+00:00,6765.1,6765.1,6699.2,6733.9,16864.0
2013-11-05 22:00:00+00:00,6759.8,6766.1,6730.4,6740.8,14526.0
2013-11-06 22:00:00+00:00,6738.1,6776.8,6639.6,6642.4,30925.0
2013-11-07 22:00:00+00:00,6658.2,6729.9,6636.2,6729.9,23341.0
2013-11-10 22:00:00+00:00,6719.2,6739.9,6695.5,6723.3,14962.0
2013-11-11 22:00:00+00:00,6712.0,6725.6,6684.8,6712.0,17907.0
2013-11-12 22:00:00+00:00,6694.8,6701.3,6616.7,6669.3,22143.0
2013-11-13 22:00:00+00:00,6692.5,6702.0,6644.8,6680.3,17824.0
2013-11-14 22:00:00+00:00,6682.0,6708.2,6668.1,6700.1,19017.0
2013-11-17 22:00:00+00:00,6683.9,6735.0,6672.2,6695.1,16775.0
2013-11-18 22:00:00+00:00,6700.9,6710.9,6677.4,6681.6,16974.0
2013-11-19 22:00:00+00:00,6684.5,6721.6,6657.5,6671.4,18238.0
2013-11-20 22:00:00+00:00,6669.8,6708.7,6649.7,6708.2,15110.0
2013-11-21 22:00:00+00:00,6702.9,6719.6,6666.9,6693.1,15046.0
2013-11-24 22:00:00+00:00,6704.2,6717.6,6681.9,6687.9,10013.0
2013-11-25 22:00:00+00:00,6694.6,6703.8,6636.3,6638.0,12667.0
2013-11-26 22:00:00+00:00,6638.0,6670.8,6638.0,6652.1,11218.0
2013-11-27 22:00:00+00:00,6653.5,6685.6,6646.6,6655.4,5351.0
2013-11-28 22:00:00+00:00,6656.2,6688.1,6641.1,6646.1,7739.0
2013-12-01 22:00:00+00:00,6661.6,6662.9,6582.0,6582.0,13017.0
2013-12-02 22:00:00+00:00,6587.6,6590.9,6516.4,6538.5,16336.0
2013-12-03 22:00:00+00:00,6544.4,6550.0,6469.0,6512.7,19708.0
2013-12-04 22:00:00+00:00,6499.2,6523.7,6484.0,6492.9,17930.0
2013-12-05 22:00:00+00:00,6515.9,6579.3,6497.9,6572.9,17359.0
2013-12-08 22:00:00+00:00,6572.9,6572.9,6536.6,6546.5,11765.0
2013-12-09 22:00:00+00:00,6546.9,6574.2,6517.1,6525.9,11865.0
2013-12-10 22:00:00+00:00,6512.4,6556.0,6477.5,6484.3,13561.0
2013-12-11 22:00:00+00:00,6487.5,6488.6,6423.4,6433.9,16214.0
2013-12-12 22:00:00+00:00,6435.5,6461.6,6428.2,6445.6,10198.0
2013-12-15 22:00:00+00:00,6421.3,6529.5,6416.9,6514.3,11842.0
2013-12-16 22:00:00+00:00,6497.1,6511.2,6476.9,6491.9,11028.0
2013-12-17 22:00:00+00:00,6504.6,6563.2,6440.9,6562.1,17599.0
2013-12-18 22:00:00+00:00,6544.1,6587.8,6533.2,6586.8,9638.0
2013-12-19 22:00:00+00:00,6586.8,6612.4,6569.5,6596.9,16016.0
2013-12-22 22:00:00+00:00,6613.0,6678.4,6611.0,6663.8,11983.0
2013-12-23 22:00:00+00:00,6675.2,6708.1,6671.6,6700.3,2172.0
2013-12-26 22:00:00+00:00,6706.4,6769.1,6703.3,6742.0,12067.0
2013-12-29 22:00:00+00:00,6747.2,6760.9,6708.0,6734.3,11755.0
2013-12-30 22:00:00+00:00,6734.3,6749.4,6726.9,6745.8,1129.0
2014-01-01 22:00:00+00:00,6749.0,6751.0,6692.2,6712.7,16970.0
2014-01-02 22:00:00+00:00,6704.6,6738.1,6685.3,6724.4,13126.0
2014-01-05 22:00:00+00:00,6710.6,6738.4,6698.3,6711.0,16217.0
2014-01-06 22:00:00+00:00,6713.8,6753.8,6700.9,6740.1,13205.0
2014-01-07 22:00:00+00:00,6737.4,6737.6,6695.9,6707.9,14196.0
2014-01-08 22:00:00+00:00,6706.8,6730.3,6659.8,6692.1,18231.0
2014-01-09 22:00:00+00:00,6692.1,6753.3,6692.1,6739.6,22944.0
2014-01-12 22:00:00+00:00,6731.8,6746.1,6682.9,6689.3,16241.0
2014-01-13 22:00:00+00:00,6682.7,6767.2,6672.0,6764.7,19031.0
2014-01-14 22:00:00+00:00,6769.3,6812.9,6756.9,6807.4,17070.0
2014-01-15 22:00:00+00:00,6804.5,6818.4,6790.3,6817.6,14929.0
2014-01-16 22:00:00+00:00,6791.1,6824.6,6788.1,6802.5,16907.0
2014-01-19 22:00:00+00:00,6801.9,6819.9,6789.5,6815.5,6815.0
2014-01-20 22:00:00+00:00,6820.8,6846.6,6798.0,6826.3,15527.0
2014-01-21 22:00:00+00:00,6821.7,6844.7,6800.4,6824.8,15464.0
2014-01-22 22:00:00+00:00,6794.8,6816.5,6738.6,6757.4,19035.0
2014-01-23 22:00:00+00:00,6752.2,6764.6,6597.8,6598.2,34322.0
2014-01-26 22:00:00+00:00,6598.2,6607.1,6482.9,6514.4,32548.0
2014-01-27 22:00:00+00:00,6540.9,6565.8,6531.2,6557.9,24455.0
2014-01-28 22:00:00+00:00,6596.7,6618.1,6452.8,6484.2,78526.0
2014-01-29 22:00:00+00:00,6510.0,6540.1,6478.6,6533.4,65617.0
2014-01-30 22:00:00+00:00,6502.0,6519.6,6389.0,6460.6,87294.0
2014-02-02 22:00:00+00:00,6461.4,6507.0,6366.4,6373.6,92941.0
2014-02-03 22:00:00+00:00,6407.6,6447.4,6382.9,6428.0,71130.0
2014-02-04 22:00:00+00:00,6409.6,6453.6,6390.6,6449.7,76842.0
2014-02-05 22:00:00+00:00,6460.6,6542.8,6427.4,6542.8,72847.0
2014-02-06 22:00:00+00:00,6541.8,6571.7,6505.4,6570.0,56487.0
2014-02-09 22:00:00+00:00,6553.2,6567.2,6530.2,6564.1,37608.0
2014-02-10 22:00:00+00:00,6586.3,6670.8,6578.9,6659.6,44123.0
2014-02-11 22:00:00+00:00,6664.0,6687.1,6641.9,6658.6,41261.0
2014-02-12 22:00:00+00:00,6638.0,6656.3,6583.3,6648.5,45408.0
2014-02-13 22:00:00+00:00,6633.8,6655.4,6621.0,6649.7,36451.0
2014-02-16 22:00:00+00:00,6645.3,6721.6,6639.6,6708.8,17191.0
2014-02-17 22:00:00+00:00,6724.4,6785.2,6690.1,6778.2,38882.0
2014-02-18 22:00:00+00:00,6769.2,6800.2,6739.6,6744.8,42321.0
2014-02-19 22:00:00+00:00,6728.6,6817.8,6718.4,6812.6,42651.0
2014-02-20 22:00:00+00:00,6835.8,6850.0,6790.1,6791.0,40903.0
2014-02-23 22:00:00+00:00,6807.7,6871.2,6780.7,6847.5,35896.0
2014-02-24 22:00:00+00:00,6836.2,6839.2,6774.2,6790.2,43391.0
2014-02-25 22:00:00+00:00,6813.9,6821.2,6756.6,6773.3,42293.0
2014-02-26 22:00:00+00:00,6778.1,6809.0,6716.1,6805.8,48641.0
2014-02-27 22:00:00+00:00,6797.0,6818.6,6754.0,6786.6,55019.0
2014-03-02 22:00:00+00:00,6688.2,6730.0,6652.6,6693.8,82584.0
2014-03-03 22:00:00+00:00,6756.4,6813.3,6752.2,6807.8,67939.0
2014-03-04 22:00:00+00:00,6796.6,6803.6,6753.4,6768.4,44296.0
2014-03-05 22:00:00+00:00,6786.8,6798.1,6757.3,6766.2,45015.0
2014-03-06 22:00:00+00:00,6778.0,6788.6,6690.9,6724.0,70209.0
2014-03-09 21:00:00+00:00,6683.2,6744.0,6654.6,6684.9,55659.0
2014-03-10 21:00:00+00:00,6682.1,6702.4,6642.0,6649.1,46770.0
2014-03-11 21:00:00+00:00,6643.6,6655.4,6598.8,6629.4,56350.0
2014-03-12 21:00:00+00:00,6633.8,6634.0,6505.9,6531.6,70396.0
2014-03-13 21:00:00+00:00,6521.4,6546.4,6497.7,6521.8,84631.0
2014-03-16 21:00:00+00:00,6529.0,6590.1,6523.7,6567.6,46580.0
2014-03-17 21:00:00+00:00,6555.9,6696.4,6528.6,6603.6,43530.0
2014-03-18 21:00:00+00:00,6606.4,6606.4,6515.8,6541.4,39017.0
2014-03-19 21:00:00+00:00,6537.7,6549.2,6484.4,6532.1,36726.0
2014-03-20 21:00:00+00:00,6543.2,6567.0,6504.8,6518.2,60621.0
2014-03-23 21:00:00+00:00,6555.2,6562.3,6496.0,6518.9,70465.0
2014-03-24 21:00:00+00:00,6525.5,6619.6,6525.2,6598.7,61441.0
2014-03-25 21:00:00+00:00,6596.4,6638.0,6547.8,6555.9,63101.0
2014-03-26 21:00:00+00:00,6570.2,6587.2,6551.7,6581.6,70081.0
2014-03-27 21:00:00+00:00,6600.2,6624.8,6576.4,6594.1,50389.0
2014-03-30 21:00:00+00:00,6624.4,6649.8,6570.4,6606.6,47611.0
2014-03-31 21:00:00+00:00,6617.8,6650.4,6598.0,6643.4,13565.0
2014-04-01 21:00:00+00:00,6641.8,6667.8,6630.2,6664.6,16558.0
2014-04-02 21:00:00+00:00,6658.0,6674.2,6628.2,6652.2,43487.0
2014-04-03 21:00:00+00:00,6652.9,6698.9,6636.8,6645.4,61282.0
2014-04-06 21:00:00+00:00,6636.4,6663.5,6573.7,6588.4,60740.0
2014-04-07 21:00:00+00:00,6602.6,6611.1,6535.1,6574.4,62672.0
2014-04-08 21:00:00+00:00,6593.6,6653.4,6589.4,6649.6,46988.0
2014-04-09 21:00:00+00:00,6646.0,6677.0,6553.8,6567.2,73166.0
2014-04-10 21:00:00+00:00,6580.3,6588.1,6516.6,6523.4,79953.0
2014-04-13 21:00:00+00:00,6519.8,6571.0,6491.5,6560.2,63097.0
2014-04-14 21:00:00+00:00,6563.6,6580.0,6489.6,6551.2,90378.0
2014-04-15 21:00:00+00:00,6574.0,6592.4,6537.6,6589.9,61067.0
2014-04-16 21:00:00+00:00,6574.0,6643.0,6543.9,6639.2,23312.0
2014-04-21 21:00:00+00:00,6644.6,6692.2,6639.6,6674.2,35132.0
2014-04-22 21:00:00+00:00,6676.7,6687.7,6651.9,6668.6,36904.0
2014-04-23 21:00:00+00:00,6688.6,6716.1,6656.8,6683.6,57478.0
2014-04-24 21:00:00+00:00,6679.3,6685.8,6645.6,6677.4,58681.0
2014-04-27 21:00:00+00:00,6698.3,6709.7,6653.6,6691.8,59835.0
2014-04-28 21:00:00+00:00,6706.3,6763.2,6705.3,6750.1,51157.0
2014-04-29 21:00:00+00:00,6748.4,6795.8,6741.0,6785.2,50174.0
2014-04-30 21:00:00+00:00,6786.2,6809.6,6780.9,6799.2,13813.0
2014-05-01 21:00:00+00:00,6803.2,6829.8,6788.8,6812.8,50860.0
2014-05-05 21:00:00+00:00,6816.8,6817.5,6773.2,6783.4,45829.0
2014-05-06 21:00:00+00:00,6768.8,6801.1,6760.5,6800.8,63515.0
2014-05-07 21:00:00+00:00,6808.3,6836.2,6796.6,6813.5,59724.0
2014-05-08 21:00:00+00:00,6829.8,6830.3,6798.6,6818.8,49630.0
2014-05-11 21:00:00+00:00,6821.8,6858.8,6810.5,6856.6,33367.0
2014-05-12 21:00:00+00:00,6865.4,6875.7,6838.4,6873.4,33695.0
2014-05-13 21:00:00+00:00,6873.2,6892.9,6859.6,6874.6,35733.0
2014-05-14 21:00:00+00:00,6886.8,6902.4,6825.0,6858.9,56876.0
2014-05-15 21:00:00+00:00,6853.1,6872.1,6817.1,6871.1,51569.0
2014-05-18 21:00:00+00:00,6834.0,6856.6,6805.6,6856.6,40861.0
2014-05-19 21:00:00+00:00,6845.8,6853.3,6781.0,6799.0,37118.0
2014-05-20 21:00:00+00:00,6800.7,6834.6,6789.6,6827.0,34769.0
2014-05-21 21:00:00+00:00,6847.8,6853.8,6815.2,6824.6,31760.0
2014-05-22 21:00:00+00:00,6826.2,6826.8,6799.2,6817.2,23467.0
2014-05-26 21:00:00+00:00,6848.4,6861.4,6830.6,6843.8,22607.0
2014-05-27 21:00:00+00:00,6846.6,6858.6,6834.8,6842.0,25154.0
2014-05-28 21:00:00+00:00,6852.0,6885.2,6852.0,6879.2,18992.0
2014-05-29 21:00:00+00:00,6860.2,6876.6,6830.8,6855.0,25339.0
2014-06-01 21:00:00+00:00,6868.0,6874.6,6847.0,6863.2,23346.0
2014-06-02 21:00:00+00:00,6857.3,6857.6,6814.5,6840.4,19781.0
2014-06-03 21:00:00+00:00,6832.3,6844.0,6800.8,6823.6,25452.0
2014-06-04 21:00:00+00:00,6822.2,6850.2,6795.4,6821.6,52322.0
2014-06-05 21:00:00+00:00,6823.2,6880.0,6818.1,6869.8,26595.0
2014-06-08 21:00:00+00:00,6865.0,6879.2,6859.6,6865.0,14532.0
2014-06-09 21:00:00+00:00,6861.4,6879.2,6832.8,6872.3,19773.0
2014-06-10 21:00:00+00:00,6871.6,6873.4,6829.4,6844.7,23001.0
2014-06-11 21:00:00+00:00,6851.9,6857.6,6816.8,6829.6,20479.0
2014-06-12 21:00:00+00:00,6822.3,6828.6,6760.0,6782.0,28367.0
2014-06-15 21:00:00+00:00,6768.3,6781.6,6748.6,6771.2,24679.0
2014-06-16 21:00:00+00:00,6769.4,6785.8,6734.0,6781.2,23976.0
2014-06-17 21:00:00+00:00,6786.3,6811.0,6775.0,6807.1,23183.0
2014-06-18 21:00:00+00:00,6825.0,6840.6,6807.2,6812.4,16764.0
2014-06-19 21:00:00+00:00,6799.8,6841.6,6798.0,6826.4,23720.0
2014-06-22 21:00:00+00:00,6827.8,6829.4,6782.4,6815.4,27944.0
2014-06-23 21:00:00+00:00,6808.8,6822.2,6754.2,6759.4,22939.0
2014-06-24 21:00:00+00:00,6754.2,6762.8,6711.2,6747.8,30759.0
2014-06-25 21:00:00+00:00,6750.9,6752.8,6696.6,6752.6,37130.0
2014-06-26 21:00:00+00:00,6741.8,6770.4,6734.0,6770.2,21061.0
2014-06-29 21:00:00+00:00,6756.9,6773.4,6723.2,6742.0,28328.0
2014-06-30 21:00:00+00:00,6753.3,6804.9,6747.0,6789.8,20516.0
2014-07-01 21:00:00+00:00,6789.8,6823.6,6789.8,6817.6,20170.0
2014-07-02 21:00:00+00:00,6814.2,6863.0,6808.8,6859.7,25084.0
2014-07-03 21:00:00+00:00,6858.2,6869.6,6849.2,6863.7,9484.0
2014-07-06 21:00:00+00:00,6856.8,6860.6,6809.2,6822.2,22612.0
2014-07-07 21:00:00+00:00,6822.4,6823.4,6703.6,6729.3,35129.0
2014-07-08 21:00:00+00:00,6725.8,6728.4,6681.8,6722.3,27209.0
2014-07-09 21:00:00+00:00,6710.2,6713.4,6631.6,6680.8,30868.0
2014-07-10 21:00:00+00:00,6672.3,6683.0,6649.8,6677.2,28148.0
2014-07-13 21:00:00+00:00,6693.0,6747.2,6687.6,6721.4,25530.0
2014-07-14 21:00:00+00:00,6720.5,6748.4,6680.6,6711.1,45280.0
2014-07-15 21:00:00+00:00,6710.9,6778.8,6710.9,6762.6,32647.0
2014-07-16 21:00:00+00:00,6746.4,6761.4,6689.8,6696.2,47875.0
2014-07-17 21:00:00+00:00,6698.8,6752.6,6673.0,6739.8,36238.0
2014-07-20 21:00:00+00:00,6731.2,6737.7,6697.2,6725.2,39691.0
2014-07-21 21:00:00+00:00,6736.6,6784.4,6735.0,6764.2,30180.0
2014-07-22 21:00:00+00:00,6764.0,6807.6,6755.8,6778.0,26963.0
2014-07-23 21:00:00+00:00,6783.1,6809.4,6749.0,6794.6,34476.0
2014-07-24 21:00:00+00:00,6787.4,6815.0,6763.0,6784.0,34142.0
2014-07-27 21:00:00+00:00,6789.4,6792.4,6740.4,6777.4,38139.0
2014-07-28 21:00:00+00:00,6780.5,6816.8,6763.6,6778.0,37226.0
2014-07-29 21:00:00+00:00,6788.2,6797.3,6737.0,6770.0,48885.0
2014-07-30 21:00:00+00:00,6769.6,6777.0,6674.3,6677.3,71341.0
2014-07-31 21:00:00+00:00,6696.3,6699.4,6600.0,6654.7,72554.0
2014-08-03 21:00:00+00:00,6673.5,6691.2,6641.0,6674.3,49038.0
2014-08-04 21:00:00+00:00,6672.0,6689.2,6616.8,6628.6,58656.0
2014-08-05 21:00:00+00:00,6634.6,6640.6,6574.4,6619.6,60745.0
2014-08-06 21:00:00+00:00,6625.2,6636.3,6556.2,6569.2,73337.0
2014-08-07 21:00:00+00:00,6547.4,6595.2,6513.2,6591.0,70199.0
2014-08-10 21:00:00+00:00,6586.0,6631.4,6577.0,6605.5,37581.0
2014-08-11 21:00:00+00:00,6615.0,6627.8,6594.4,6620.5,42227.0
2014-08-12 21:00:00+00:00,6637.6,6670.4,6631.0,6660.8,33047.0
2014-08-13 21:00:00+00:00,6652.4,6703.0,6645.4,6699.7,34956.0
2014-08-14 21:00:00+00:00,6706.8,6748.2,6668.0,6706.4,63716.0
2014-08-17 21:00:00+00:00,6727.8,6759.6,6721.2,6755.0,24911.0
2014-08-18 21:00:00+00:00,6767.0,6792.6,6758.4,6787.2,20964.0
2014-08-19 21:00:00+00:00,6784.4,6785.4,6750.2,6776.0,27755.0
2014-08-20 21:00:00+00:00,6773.1,6791.8,6762.4,6782.3,28168.0
2014-08-21 21:00:00+00:00,6788.4,6795.8,6754.4,6775.8,41520.0
2014-08-25 21:00:00+00:00,6824.1,6837.0,6788.0,6818.6,25695.0
2014-08-26 21:00:00+00:00,6828.4,6840.2,6821.6,6834.6,19927.0
2014-08-27 21:00:00+00:00,6831.6,6835.4,6805.2,6811.2,37539.0
2014-08-28 21:00:00+00:00,6822.8,6838.3,6788.6,6823.7,28478.0
2014-08-31 21:00:00+00:00,6816.6,6833.0,6803.2,6828.4,17227.0
2014-09-01 21:00:00+00:00,6847.2,6856.2,6815.0,6836.4,28903.0
2014-09-02 21:00:00+00:00,6849.6,6909.4,6849.6,6885.6,45884.0
2014-09-03 21:00:00+00:00,6886.4,6915.2,6865.4,6882.0,52176.0
2014-09-04 21:00:00+00:00,6890.4,6891.6,6836.0,6881.1,40073.0
2014-09-07 21:00:00+00:00,6838.8,6846.6,6778.2,6829.2,31390.0
2014-09-08 21:00:00+00:00,6831.0,6852.6,6817.2,6828.2,34571.0
2014-09-09 21:00:00+00:00,6830.0,6864.6,6805.4,6861.8,35363.0
2014-09-10 21:00:00+00:00,6861.2,6863.8,6768.8,6818.9,38017.0
2014-09-11 21:00:00+00:00,6817.2,6825.1,6792.4,6809.4,37366.0
2014-09-14 21:00:00+00:00,6792.4,6821.6,6777.8,6809.9,33165.0
2014-09-15 21:00:00+00:00,6803.6,6821.4,6748.2,6821.2,34890.0
2014-09-16 21:00:00+00:00,6819.3,6820.0,6771.6,6791.0,26486.0
2014-09-17 21:00:00+00:00,6791.4,6825.6,6769.6,6815.3,18249.0
2014-09-18 21:00:00+00:00,6882.0,6885.0,6833.9,6839.0,22436.0
2014-09-21 21:00:00+00:00,6802.5,6809.4,6758.9,6773.9,17728.0
2014-09-22 21:00:00+00:00,6769.2,6770.5,6645.5,6663.6,23422.0
2014-09-23 21:00:00+00:00,6667.0,6720.4,6650.3,6717.1,17228.0
2014-09-24 21:00:00+00:00,6705.6,6727.3,6618.3,6631.2,28481.0
2014-09-25 21:00:00+00:00,6639.0,6684.2,6613.1,6667.6,33046.0
2014-09-28 21:00:00+00:00,6641.2,6650.3,6605.4,6640.4,23599.0
2014-09-29 21:00:00+00:00,6654.4,6656.1,6585.9,6607.7,22268.0
2014-09-30 21:00:00+00:00,6609.5,6610.6,6524.6,6540.7,21929.0
2014-10-01 21:00:00+00:00,6540.7,6554.1,6419.1,6478.1,34482.0
2014-10-02 21:00:00+00:00,6480.0,6538.1,6472.3,6524.1,16134.0
2014-10-05 21:00:00+00:00,6535.2,6582.0,6525.4,6560.4,29537.0
2014-10-06 21:00:00+00:00,6551.1,6551.1,6445.2,6445.5,32379.0
2014-10-07 21:00:00+00:00,6477.1,6544.9,6444.1,6537.6,40708.0
2014-10-08 21:00:00+00:00,6529.6,6538.0,6364.9,6372.4,48965.0
2014-10-09 21:00:00+00:00,6373.7,6402.9,6309.2,6310.0,62766.0
2014-10-12 21:00:00+00:00,6310.0,6380.1,6281.7,6303.6,47824.0
2014-10-13 21:00:00+00:00,6324.7,6402.7,6292.9,6360.2,51090.0
2014-10-14 21:00:00+00:00,6364.0,6364.0,6141.5,6245.9,77692.0
2014-10-15 21:00:00+00:00,6249.7,6272.5,6059.3,6177.9,105539.0
2014-10-16 21:00:00+00:00,6199.6,6308.6,6175.8,6294.1,53041.0
2014-10-19 21:00:00+00:00,6298.6,6309.1,6224.8,6271.6,64842.0
2014-10-20 21:00:00+00:00,6243.5,6386.9,6215.3,6383.1,41404.0
2014-10-21 21:00:00+00:00,6360.3,6397.3,6327.0,6344.5,51256.0
2014-10-22 21:00:00+00:00,6367.8,6425.2,6307.5,6396.5,52472.0
2014-10-23 21:00:00+00:00,6388.4,6407.3,6363.8,6405.6,43539.0
2014-10-26 21:00:00+00:00,6440.8,6445.0,6327.9,6375.0,32258.0
2014-10-27 21:00:00+00:00,6394.3,6429.8,6369.7,6425.0,19230.0
2014-10-28 21:00:00+00:00,6419.4,6468.1,6410.8,6441.7,30533.0
2014-10-29 21:00:00+00:00,6470.6,6486.0,6369.2,6476.5,32741.0
2014-10-30 21:00:00+00:00,6531.7,6552.5,6499.2,6536.4,26927.0
2014-11-02 22:00:00+00:00,6522.3,6549.5,6465.1,6473.9,23337.0
2014-11-03 22:00:00+00:00,6457.6,6500.6,6433.1,6471.9,29617.0
2014-11-04 22:00:00+00:00,6479.9,6535.8,6464.2,6525.6,18191.0
2014-11-05 22:00:00+00:00,6506.6,6580.6,6503.1,6557.0,28551.0
2014-11-06 22:00:00+00:00,6575.2,6608.3,6550.7,6574.2,29528.0
2014-11-09 22:00:00+00:00,6581.6,6615.0,6567.0,6611.3,16021.0
2014-11-10 22:00:00+00:00,6613.9,6631.8,6603.4,6622.6,14226.0
2014-11-11 22:00:00+00:00,6622.6,6628.4,6586.7,6617.8,23391.0
2014-11-12 22:00:00+00:00,6623.6,6652.9,6601.6,6649.1,26688.0
2014-11-13 22:00:00+00:00,6650.2,6662.9,6614.4,6650.1,29421.0
2014-11-16 22:00:00+00:00,6625.9,6692.8,6623.0,6685.5,9527.0
2014-11-17 22:00:00+00:00,6689.9,6733.8,6677.8,6723.4,15303.0
2014-11-18 22:00:00+00:00,6716.1,6722.2,6682.0,6710.6,17785.0
2014-11-19 22:00:00+00:00,6699.3,6706.3,6650.6,6688.6,17930.0
2014-11-20 22:00:00+00:00,6711.5,6784.2,6699.0,6753.4,23424.0
2014-11-23 22:00:00+00:00,6759.4,6773.2,6727.0,6750.0,14171.0
2014-11-24 22:00:00+00:00,6735.9,6759.3,6712.4,6742.7,16876.0
2014-11-25 22:00:00+00:00,6743.1,6774.8,6725.0,6746.9,16541.0
2014-11-26 22:00:00+00:00,6736.8,6759.3,6721.8,6725.6,11675.0
2014-11-27 22:00:00+00:00,6725.6,6745.2,6673.9,6714.8,17721.0
2014-11-30 22:00:00+00:00,6674.0,6689.2,6643.9,6665.9,25161.0
2014-12-01 22:00:00+00:00,6694.8,6763.2,6692.0,6751.4,21514.0
2014-12-02 22:00:00+00:00,6742.0,6761.5,6719.4,6739.8,17653.0
2014-12-03 22:00:00+00:00,6738.0,6741.8,6676.6,6698.0,28882.0
2014-12-04 22:00:00+00:00,6720.2,6760.0,6718.6,6754.0,18593.0
2014-12-07 22:00:00+00:00,6731.0,6731.0,6640.3,6666.8,17625.0
2014-12-08 22:00:00+00:00,6636.4,6640.0,6519.2,6565.0,30128.0
2014-12-09 22:00:00+00:00,6553.6,6567.9,6467.2,6469.7,33408.0
2014-12-10 22:00:00+00:00,6489.8,6524.1,6419.9,6423.9,27894.0
2014-12-11 22:00:00+00:00,6418.4,6439.0,6240.0,6240.2,35195.0
2014-12-14 22:00:00+00:00,6269.9,6355.4,6122.4,6184.4,49379.0
2014-12-15 22:00:00+00:00,6184.4,6351.0,6144.0,6251.2,74844.0
2014-12-16 22:00:00+00:00,6260.4,6399.2,6234.0,6395.9,50751.0
2014-12-17 22:00:00+00:00,6417.0,6510.1,6358.6,6510.1,37674.0
2014-12-18 22:00:00+00:00,6520.6,6599.0,6480.2,6587.8,42672.0
2014-12-21 22:00:00+00:00,6591.0,6632.8,6571.2,6623.5,27954.0
2014-12-22 22:00:00+00:00,6612.4,6631.3,6592.0,6611.0,21930.0
2014-12-23 22:00:00+00:00,6616.4,6640.7,6608.2,6626.8,3622.0
2014-12-28 22:00:00+00:00,6658.3,6667.0,6592.8,6614.5,25958.0
2014-12-29 22:00:00+00:00,6608.6,6620.7,6520.4,6546.0,22825.0
2014-12-30 22:00:00+00:00,6574.9,6578.0,6543.9,6548.2,3886.0
2015-01-01 22:00:00+00:00,6603.2,6607.0,6501.9,6537.9,41528.0
2015-01-04 22:00:00+00:00,6521.2,6566.6,6370.8,6394.2,60617.0
2015-01-05 22:00:00+00:00,6404.1,6435.7,6309.5,6355.5,69295.0
2015-01-06 22:00:00+00:00,6385.2,6443.4,6347.2,6430.6,57754.0
2015-01-07 22:00:00+00:00,6430.6,6563.7,6430.6,6550.1,41070.0
2015-01-08 22:00:00+00:00,6537.8,6552.3,6450.6,6476.0,53282.0
2015-01-11 22:00:00+00:00,6505.2,6524.1,6424.9,6446.6,41978.0
2015-01-12 22:00:00+00:00,6449.6,6538.6,6432.2,6476.0,47025.0
2015-01-13 22:00:00+00:00,6440.4,6460.8,6328.4,6391.8,65222.0
2015-01-14 22:00:00+00:00,6428.6,6487.4,6274.4,6448.1,76218.0
2015-01-15 22:00:00+00:00,6430.0,6569.4,6417.7,6562.2,49978.0
2015-01-18 22:00:00+00:00,6530.8,6579.8,6524.8,6570.6,26816.0
2015-01-19 22:00:00+00:00,6587.0,6627.0,6572.4,6611.4,46017.0
2015-01-20 22:00:00+00:00,6623.8,6710.7,6619.4,6699.5,54045.0
2015-01-21 22:00:00+00:00,6713.6,6822.8,6706.0,6811.4,63879.0
2015-01-22 22:00:00+00:00,6806.8,6826.2,6774.0,6789.4,40231.0
2015-01-25 22:00:00+00:00,6776.4,6866.9,6768.2,6844.8,37600.0
2015-01-26 22:00:00+00:00,6831.9,6844.2,6750.2,6801.7,46907.0
2015-01-27 22:00:00+00:00,6833.4,6839.7,6729.8,6734.0,50002.0
2015-01-28 22:00:00+00:00,6734.0,6820.6,6725.5,6813.6,53526.0
2015-01-29 22:00:00+00:00,6813.6,6820.2,6707.4,6707.4,59462.0
2015-02-01 22:00:00+00:00,6748.0,6782.2,6704.1,6773.3,54541.0
2015-02-02 22:00:00+00:00,6787.9,6878.4,6779.5,6871.8,45415.0
2015-02-03 22:00:00+00:00,6850.6,6857.2,6775.2,6800.4,47929.0
2015-02-04 22:00:00+00:00,6797.0,6843.2,6780.7,6831.5,40346.0
2015-02-05 22:00:00+00:00,6823.0,6859.2,6787.7,6802.2,38494.0
2015-02-08 22:00:00+00:00,6789.8,6817.1,6744.9,6791.0,48394.0
2015-02-09 22:00:00+00:00,6810.8,6817.7,6755.5,6807.6,47890.0
2015-02-10 22:00:00+00:00,6807.6,6816.0,6752.7,6792.9,38332.0
2015-02-11 22:00:00+00:00,6792.2,6835.7,6792.2,6830.6,42670.0
2015-02-12 22:00:00+00:00,6835.7,6866.7,6829.8,6865.8,35415.0
2015-02-15 22:00:00+00:00,6841.5,6852.1,6799.1,6813.7,16697.0
2015-02-16 22:00:00+00:00,6814.0,6891.0,6793.0,6876.7,32082.0
2015-02-17 22:00:00+00:00,6892.6,6896.9,6851.9,6873.8,24298.0
2015-02-18 22:00:00+00:00,6874.2,6893.2,6843.6,6872.0,32236.0
2015-02-19 22:00:00+00:00,6865.9,6945.4,6864.5,6933.8,39556.0
2015-02-22 22:00:00+00:00,6923.6,6940.6,6868.8,6888.2,23039.0
2015-02-23 22:00:00+00:00,6896.3,6942.3,6881.4,6926.4,22219.0
2015-02-24 22:00:00+00:00,6926.7,6938.3,6886.2,6905.9,18239.0
2015-02-25 22:00:00+00:00,6915.1,6941.9,6902.9,6932.8,21629.0
2015-02-26 22:00:00+00:00,6929.8,6952.8,6907.0,6908.6,21893.0
2015-03-01 22:00:00+00:00,6923.5,6957.0,6905.7,6932.6,19159.0
2015-03-02 22:00:00+00:00,6922.4,6945.3,6856.4,6887.2,21290.0
2015-03-03 22:00:00+00:00,6881.2,6914.3,6841.2,6897.0,25037.0
2015-03-04 22:00:00+00:00,6905.4,6963.0,6896.9,6949.6,20825.0
2015-03-05 22:00:00+00:00,6953.8,6955.3,6870.6,6877.6,25773.0
2015-03-08 21:00:00+00:00,6872.6,6886.7,6848.7,6860.6,20717.0
2015-03-09 21:00:00+00:00,6850.2,6859.5,6681.6,6704.0,31032.0
2015-03-10 21:00:00+00:00,6706.6,6727.7,6682.4,6720.9,24435.0
2015-03-11 21:00:00+00:00,6735.1,6797.0,6733.4,6760.4,25157.0
2015-03-12 21:00:00+00:00,6770.0,6773.5,6707.0,6757.6,23561.0
2015-03-15 21:00:00+00:00,6766.1,6813.2,6752.4,6792.4,19079.0
2015-03-16 21:00:00+00:00,6795.4,6855.4,6790.2,6838.0,25160.0
2015-03-17 21:00:00+00:00,6839.2,6989.5,6823.8,6953.6,26580.0
2015-03-18 21:00:00+00:00,6960.9,6986.5,6931.2,6963.8,24455.0
2015-03-19 21:00:00+00:00,6981.8,7034.4,6958.4,7020.7,24130.0
2015-03-22 21:00:00+00:00,7031.8,7045.8,6991.3,7021.2,24192.0
2015-03-23 21:00:00+00:00,7023.0,7066.7,7004.5,7010.8,23444.0
2015-03-24 21:00:00+00:00,7015.4,7036.2,6970.0,6984.6,25157.0
2015-03-25 21:00:00+00:00,6959.4,6980.3,6876.7,6898.0,43158.0
2015-03-26 21:00:00+00:00,6898.2,6912.1,6836.6,6867.2,32125.0
2015-03-29 21:00:00+00:00,6882.0,6912.2,6858.4,6903.3,26917.0
2015-03-30 21:00:00+00:00,6891.8,6904.3,6753.8,6771.7,37802.0
2015-03-31 21:00:00+00:00,6735.7,6849.0,6734.4,6801.8,40940.0
2015-04-01 21:00:00+00:00,6801.8,6845.4,6785.6,6838.2,23255.0
2015-04-06 21:00:00+00:00,6848.0,6960.0,6841.4,6923.4,23523.0
2015-04-07 21:00:00+00:00,6924.8,7005.6,6921.8,6956.4,30204.0
2015-04-08 21:00:00+00:00,6951.6,7040.4,6947.6,7029.0,23594.0
2015-04-09 21:00:00+00:00,7027.8,7091.1,7020.4,7076.9,21999.0
2015-04-12 21:00:00+00:00,7071.9,7076.0,7033.0,7037.7,20972.0
2015-04-13 21:00:00+00:00,7046.1,7081.2,7040.2,7069.8,28976.0
2015-04-14 21:00:00+00:00,7064.8,7104.1,7048.0,7091.0,24437.0
2015-04-15 21:00:00+00:00,7100.6,7123.6,7044.4,7071.5,26060.0
2015-04-16 21:00:00+00:00,7068.8,7098.3,6968.0,6992.6,45337.0
2015-04-19 21:00:00+00:00,7009.9,7061.6,7002.3,7027.6,22729.0
2015-04-20 21:00:00+00:00,7027.6,7097.2,7020.2,7058.8,27523.0
2015-04-21 21:00:00+00:00,7052.0,7081.2,6985.0,7033.3,33951.0
2015-04-22 21:00:00+00:00,7029.1,7083.8,6994.0,7072.9,32940.0
2015-04-23 21:00:00+00:00,7054.6,7102.4,7048.9,7058.0,28924.0
2015-04-26 21:00:00+00:00,7068.8,7120.2,7019.0,7066.4,33524.0
2015-04-27 21:00:00+00:00,7065.6,7084.2,6977.3,7045.2,33175.0
2015-04-28 21:00:00+00:00,7034.8,7056.2,6922.8,6975.5,46159.0
2015-04-29 21:00:00+00:00,6963.6,6986.0,6902.0,6932.7,56274.0
2015-04-30 21:00:00+00:00,6948.1,7027.6,6912.0,7026.9,19931.0
2015-05-04 21:00:00+00:00,7035.2,7048.0,6914.6,6931.0,46711.0
2015-05-05 21:00:00+00:00,6942.1,6967.4,6888.6,6916.1,43591.0
2015-05-06 21:00:00+00:00,6914.4,6921.4,6804.8,6892.9,51367.0
2015-05-07 21:00:00+00:00,6967.2,7060.6,6967.2,7042.9,46737.0
2015-05-10 21:00:00+00:00,7037.6,7083.5,7001.9,7017.6,37817.0
2015-05-11 21:00:00+00:00,7020.6,7034.7,6881.1,6930.6,48619.0
2015-05-12 21:00:00+00:00,6940.7,6987.7,6914.6,6930.6,38525.0
2015-05-13 21:00:00+00:00,6936.4,6992.7,6889.9,6981.8,35309.0
2015-05-14 21:00:00+00:00,6982.8,7018.6,6942.2,6981.7,37928.0
2015-05-17 21:00:00+00:00,6976.2,7025.4,6934.3,6980.8,31202.0
2015-05-18 21:00:00+00:00,6986.6,7016.4,6975.6,6993.4,30798.0
2015-05-19 21:00:00+00:00,7004.9,7027.0,6962.0,7017.2,25584.0
2015-05-20 21:00:00+00:00,7006.7,7036.8,6999.8,7023.5,21104.0
2015-05-21 21:00:00+00:00,7021.2,7070.8,7017.4,7041.6,19787.0
2015-05-25 21:00:00+00:00,7037.6,7057.4,6932.5,6959.6,33076.0
2015-05-26 21:00:00+00:00,6965.8,7059.7,6950.2,7043.0,29231.0
2015-05-27 21:00:00+00:00,7031.8,7054.4,7010.3,7048.8,24837.0
2015-05-28 21:00:00+00:00,7050.7,7076.0,6964.2,7003.8,39699.0
2015-05-31 21:00:00+00:00,7020.2,7041.8,6939.9,6964.6,36660.0
2015-06-01 21:00:00+00:00,6963.3,6974.0,6869.0,6920.8,41700.0
2015-06-02 21:00:00+00:00,6928.8,6985.4,6897.0,6930.1,36608.0
2015-06-03 21:00:00+00:00,6925.0,6928.0,6809.9,6839.6,48607.0
2015-06-04 21:00:00+00:00,6845.6,6851.0,6784.9,6823.8,42695.0
2015-06-07 21:00:00+00:00,6806.4,6824.2,6760.7,6778.0,40301.0
2015-06-08 21:00:00+00:00,6784.0,6801.9,6723.8,6734.5,42166.0
2015-06-09 21:00:00+00:00,6739.2,6841.0,6728.4,6823.4,37707.0
2015-06-10 21:00:00+00:00,6828.2,6875.5,6808.8,6841.5,37024.0
2015-06-11 21:00:00+00:00,6835.5,6838.6,6762.8,6788.4,43143.0
2015-06-14 21:00:00+00:00,6765.8,6776.2,6703.1,6723.6,33132.0
2015-06-15 21:00:00+00:00,6718.2,6725.9,6655.4,6720.4,25976.0
2015-06-16 21:00:00+00:00,6716.4,6731.2,6655.6,6676.8,30233.0
2015-06-17 21:00:00+00:00,6661.8,6742.4,6623.2,6711.9,34504.0
2015-06-18 21:00:00+00:00,6688.7,6759.4,6685.5,6695.2,28403.0
2015-06-21 21:00:00+00:00,6731.4,6825.1,6728.4,6798.0,41036.0
2015-06-22 21:00:00+00:00,6820.0,6855.3,6819.4,6832.5,25055.0
2015-06-23 21:00:00+00:00,6846.2,6872.2,6821.2,6822.6,34874.0
2015-06-24 21:00:00+00:00,6831.3,6868.5,6786.5,6793.1,41437.0
2015-06-25 21:00:00+00:00,6784.2,6789.8,6724.6,6745.4,29036.0
2015-06-28 21:00:00+00:00,6550.6,6684.5,6504.1,6550.0,48935.0
2015-06-29 21:00:00+00:00,6562.7,6594.0,6484.4,6526.6,62487.0
2015-06-30 21:00:00+00:00,6540.4,6629.1,6540.2,6567.6,46668.0
2015-07-01 21:00:00+00:00,6574.0,6638.2,6572.6,6616.8,28545.0
2015-07-02 21:00:00+00:00,6624.4,6624.4,6560.0,6575.1,20579.0
2015-07-05 21:00:00+00:00,6500.2,6559.4,6487.8,6507.8,41872.0
2015-07-06 21:00:00+00:00,6531.8,6538.3,6413.2,6508.5,46546.0
2015-07-07 21:00:00+00:00,6448.5,6501.4,6418.8,6450.1,50777.0
2015-07-08 21:00:00+00:00,6493.8,6581.2,6484.8,6537.4,40993.0
2015-07-09 21:00:00+00:00,6614.8,6679.6,6614.8,6676.3,44128.0
2015-07-12 21:00:00+00:00,6642.2,6757.8,6612.7,6720.0,31114.0
2015-07-13 21:00:00+00:00,6721.3,6742.8,6693.2,6734.5,20931.0
2015-07-14 21:00:00+00:00,6733.2,6761.0,6704.5,6721.7,20275.0
2015-07-15 21:00:00+00:00,6750.4,6789.2,6735.6,6772.0,20381.0
2015-07-16 21:00:00+00:00,6769.7,6787.0,6746.6,6761.6,17324.0
2015-07-19 21:00:00+00:00,6763.4,6795.6,6750.5,6774.2,16323.0
2015-07-20 21:00:00+00:00,6783.0,6783.3,6729.0,6742.7,18853.0
2015-07-21 21:00:00+00:00,6719.8,6723.4,6629.6,6669.5,23244.0
2015-07-22 21:00:00+00:00,6686.0,6695.0,6602.6,6608.2,27079.0
2015-07-23 21:00:00+00:00,6622.0,6664.8,6517.4,6524.4,24701.0
2015-07-26 21:00:00+00:00,6545.4,6564.2,6464.0,6469.3,33750.0
2015-07-27 21:00:00+00:00,6501.4,6565.4,6495.6,6555.6,26284.0
2015-07-28 21:00:00+00:00,6560.6,6621.9,6548.2,6611.0,28537.0
2015-07-29 21:00:00+00:00,6613.6,6674.1,6605.6,6647.7,29134.0
2015-07-30 21:00:00+00:00,6653.0,6683.6,6620.3,6660.7,27487.0
2015-08-02 21:00:00+00:00,6648.6,6684.6,6606.8,6637.0,27060.0
2015-08-03 21:00:00+00:00,6640.9,6689.8,6614.0,6662.8,28865.0
2015-08-04 21:00:00+00:00,6659.4,6737.4,6659.0,6703.1,25573.0
2015-08-05 21:00:00+00:00,6693.3,6743.6,6683.6,6725.6,25187.0
2015-08-06 21:00:00+00:00,6727.4,6734.4,6695.6,6711.8,29628.0
2015-08-09 21:00:00+00:00,6729.2,6742.1,6628.4,6718.0,27954.0
2015-08-10 21:00:00+00:00,6696.2,6696.4,6626.6,6645.6,38024.0
2015-08-11 21:00:00+00:00,6606.4,6610.2,6509.3,6599.2,53589.0
2015-08-12 21:00:00+00:00,6621.0,6646.6,6562.2,6576.4,39276.0
2015-08-13 21:00:00+00:00,6576.7,6613.5,6551.8,6593.6,34033.0
2015-08-16 21:00:00+00:00,6597.2,6603.5,6513.8,6575.8,37978.0
2015-08-17 21:00:00+00:00,6572.2,6575.8,6510.3,6529.5,35118.0
2015-08-18 21:00:00+00:00,6514.3,6518.7,6394.2,6419.6,50238.0
2015-08-19 21:00:00+00:00,6409.8,6418.4,6321.5,6325.2,54334.0
2015-08-20 21:00:00+00:00,6293.6,6353.4,6131.4,6142.1,77947.0
2015-08-23 21:00:00+00:00,6021.9,6074.6,5773.0,5881.4,176934.0
2015-08-24 21:00:00+00:00,5881.4,6122.0,5881.4,5936.9,142306.0
2015-08-25 21:00:00+00:00,6039.2,6100.7,5945.0,6078.2,133015.0
2015-08-26 21:00:00+00:00,6093.2,6237.0,6075.2,6211.6,98654.0
2015-08-27 21:00:00+00:00,6198.6,6264.4,6154.8,6244.4,80150.0
2015-08-31 21:00:00+00:00,6244.5,6249.0,5986.4,6015.2,112128.0
2015-09-01 21:00:00+00:00,6062.8,6165.4,6019.8,6126.0,97005.0
2015-09-02 21:00:00+00:00,6130.1,6218.3,6118.3,6159.2,76256.0
2015-09-03 21:00:00+00:00,6112.0,6143.5,6011.7,6046.2,79433.0
2015-09-06 21:00:00+00:00,6076.0,6126.3,6056.8,6070.2,31310.0
2015-09-07 21:00:00+00:00,6086.6,6197.3,6070.0,6169.4,46026.0
2015-09-08 21:00:00+00:00,6232.8,6289.0,6146.6,6148.6,62212.0
2015-09-09 21:00:00+00:00,6176.5,6222.4,6129.2,6174.8,73142.0
2015-09-10 21:00:00+00:00,6174.2,6180.9,6115.6,6158.6,46670.0
2015-09-13 21:00:00+00:00,6161.7,6196.1,6065.6,6093.2,48633.0
2015-09-14 21:00:00+00:00,6096.2,6178.6,6018.6,6174.6,40697.0
2015-09-15 21:00:00+00:00,6165.8,6255.9,6164.0,6254.9,35688.0
2015-09-16 21:00:00+00:00,6258.6,6262.0,6145.1,6172.8,43208.0
2015-09-17 21:00:00+00:00,6179.4,6185.5,6059.3,6094.2,66394.0
2015-09-20 21:00:00+00:00,6081.4,6166.3,6065.1,6097.2,56226.0
2015-09-21 21:00:00+00:00,6109.7,6121.4,5921.7,5961.4,62069.0
2015-09-22 21:00:00+00:00,5912.4,6063.6,5894.8,6020.6,57683.0
2015-09-23 21:00:00+00:00,6010.8,6050.7,5939.6,6012.8,75505.0
2015-09-24 21:00:00+00:00,6041.2,6128.2,6029.6,6069.4,64586.0
2015-09-27 21:00:00+00:00,6061.4,6094.7,5903.7,5925.7,66824.0
2015-09-28 21:00:00+00:00,5898.0,5947.2,5867.1,5924.4,82793.0
2015-09-29 21:00:00+00:00,5972.6,6076.2,5964.9,6071.7,64021.0
2015-09-30 21:00:00+00:00,6059.6,6170.0,6029.4,6092.5,80074.0
2015-10-01 21:00:00+00:00,6089.6,6223.9,6044.5,6223.6,72900.0
2015-10-04 21:00:00+00:00,6227.4,6330.8,6206.3,6329.4,54091.0
2015-10-05 21:00:00+00:00,6332.2,6339.4,6248.6,6308.4,51660.0
2015-10-06 21:00:00+00:00,6287.8,6392.0,6283.5,6367.8,62879.0
2015-10-07 21:00:00+00:00,6367.2,6429.2,6298.8,6425.6,59507.0
2015-10-08 21:00:00+00:00,6420.6,6451.0,6383.4,6407.8,48934.0
2015-10-11 21:00:00+00:00,6391.2,6409.6,6346.8,6369.8,39533.0
2015-10-12 21:00:00+00:00,6375.7,6378.2,6285.8,6291.4,51118.0
2015-10-13 21:00:00+00:00,6284.6,6310.5,6250.2,6253.4,51850.0
2015-10-14 21:00:00+00:00,6266.2,6389.6,6261.1,6378.3,51846.0
2015-10-15 21:00:00+00:00,6397.3,6397.3,6348.6,6382.2,46075.0
2015-10-18 21:00:00+00:00,6384.6,6400.8,6322.7,6347.4,38352.0
2015-10-19 21:00:00+00:00,6344.4,6359.4,6309.4,6342.2,43102.0
2015-10-20 21:00:00+00:00,6327.6,6378.8,6305.2,6315.4,49417.0
2015-10-21 21:00:00+00:00,6308.1,6407.4,6301.8,6391.0,46419.0
2015-10-22 21:00:00+00:00,6411.1,6487.2,6396.7,6453.7,53485.0
2015-10-25 21:00:00+00:00,6440.8,6451.1,6400.8,6413.0,34649.0
2015-10-26 21:00:00+00:00,6408.4,6414.2,6353.5,6373.8,36927.0
2015-10-27 21:00:00+00:00,6364.4,6452.9,6351.4,6449.3,47887.0
2015-10-28 21:00:00+00:00,6445.0,6445.3,6353.4,6390.6,48973.0
2015-10-29 21:00:00+00:00,6399.0,6414.3,6331.4,6334.3,45244.0
2015-11-01 22:00:00+00:00,6315.2,6396.9,6306.6,6385.9,35263.0
2015-11-02 22:00:00+00:00,6385.8,6406.6,6337.0,6386.0,35519.0
2015-11-03 22:00:00+00:00,6384.5,6454.0,6384.0,6401.6,43467.0
2015-11-04 22:00:00+00:00,6393.1,6420.6,6353.2,6374.8,41337.0
2015-11-05 22:00:00+00:00,6370.4,6393.6,6327.9,6373.0,47565.0
2015-11-08 22:00:00+00:00,6366.2,6378.2,6273.2,6310.0,38755.0
2015-11-09 22:00:00+00:00,6300.6,6325.8,6243.4,6280.8,38956.0
2015-11-10 22:00:00+00:00,6280.8,6322.8,6264.8,6277.2,32325.0
2015-11-11 22:00:00+00:00,6275.0,6307.4,6131.9,6150.9,48069.0
2015-11-12 22:00:00+00:00,6148.6,6169.3,6090.8,6102.5,54238.0
2015-11-15 22:00:00+00:00,6068.2,6231.8,6053.1,6231.2,52402.0
2015-11-16 22:00:00+00:00,6223.9,6282.5,6210.8,6250.4,45368.0
2015-11-17 22:00:00+00:00,6250.8,6319.0,6229.2,6314.4,42429.0
2015-11-18 22:00:00+00:00,6321.8,6377.0,6311.8,6339.3,33987.0
2015-11-19 22:00:00+00:00,6338.0,6371.1,6314.9,6316.4,36572.0
2015-11-22 22:00:00+00:00,6327.9,6335.5,6273.0,6293.3,33434.0
2015-11-23 22:00:00+00:00,6297.5,6320.2,6227.0,6314.0,44906.0
2015-11-24 22:00:00+00:00,6300.6,6355.8,6295.3,6346.1,28051.0
2015-11-25 22:00:00+00:00,6353.6,6409.5,6341.2,6393.6,17357.0
2015-11-26 22:00:00+00:00,6391.3,6398.7,6352.7,6382.5,25042.0
2015-11-29 22:00:00+00:00,6372.0,6396.0,6336.1,6361.5,29725.0
2015-11-30 22:00:00+00:00,6388.7,6431.7,6372.8,6431.4,32893.0
2015-12-01 22:00:00+00:00,6423.8,6455.4,6379.6,6388.6,37474.0
2015-12-02 22:00:00+00:00,6401.2,6452.1,6204.0,6225.8,77324.0
2015-12-03 22:00:00+00:00,6238.5,6300.2,6223.2,6293.6,55901.0
2015-12-06 22:00:00+00:00,6282.7,6292.5,6212.2,6239.2,42675.0
2015-12-07 22:00:00+00:00,6248.4,6251.6,6122.6,6146.0,53542.0
2015-12-08 22:00:00+00:00,6148.2,6178.3,6051.2,6089.4,62251.0
2015-12-09 22:00:00+00:00,6085.0,6129.5,6069.8,6075.0,48033.0
2015-12-10 22:00:00+00:00,6083.8,6089.2,5920.6,5930.4,63813.0
2015-12-13 22:00:00+00:00,5935.7,6011.8,5863.7,5947.3,64155.0
2015-12-14 22:00:00+00:00,5950.6,6039.2,5916.0,6013.4,30655.0
2015-12-15 22:00:00+00:00,6013.4,6152.8,6013.4,6136.3,37709.0
2015-12-16 22:00:00+00:00,6127.2,6170.4,6100.4,6101.5,32392.0
2015-12-17 22:00:00+00:00,6071.7,6107.9,6003.2,6005.0,52382.0
2015-12-20 22:00:00+00:00,6007.2,6113.6,5993.4,6050.9,37909.0
2015-12-21 22:00:00+00:00,6071.0,6129.2,6026.4,6124.5,38386.0
2015-12-22 22:00:00+00:00,6124.5,6267.0,6117.6,6260.8,27865.0
2015-12-23 22:00:00+00:00,6260.4,6266.6,6232.2,6259.1,5506.0
2015-12-28 22:00:00+00:00,6241.4,6321.8,6238.9,6302.9,22516.0
2015-12-29 22:00:00+00:00,6305.0,6305.6,6248.2,6252.5,21301.0
2015-12-30 22:00:00+00:00,6252.5,6263.7,6226.2,6249.4,4729.0
2016-01-03 22:00:00+00:00,6218.2,6235.0,6056.2,6126.3,59569.0
2016-01-04 22:00:00+00:00,6140.0,6158.8,6066.1,6142.6,47472.0
2016-01-05 22:00:00+00:00,6140.0,6140.3,5998.6,6036.4,56857.0
2016-01-06 22:00:00+00:00,6045.1,6054.2,5861.2,5874.4,77979.0
2016-01-07 22:00:00+00:00,5876.8,5997.8,5861.8,5871.2,76789.0
2016-01-10 22:00:00+00:00,5838.0,5924.9,5823.7,5888.6,68548.0
2016-01-11 22:00:00+00:00,5900.2,5969.6,5840.8,5932.8,65259.0
2016-01-12 22:00:00+00:00,5935.4,5992.4,5815.1,5836.4,62688.0
2016-01-13 22:00:00+00:00,5827.0,5982.5,5806.0,5952.0,76827.0
2016-01-14 22:00:00+00:00,5945.4,5945.7,5714.8,5761.0,93032.0
2016-01-17 22:00:00+00:00,5761.0,5830.3,5741.3,5751.8,48770.0
2016-01-18 22:00:00+00:00,5780.0,5892.5,5768.8,5823.5,75704.0
2016-01-19 22:00:00+00:00,5804.3,5818.4,5574.2,5704.8,97862.0
2016-01-20 22:00:00+00:00,5732.4,5798.9,5632.2,5755.1,108420.0
2016-01-21 22:00:00+00:00,5753.8,5929.2,5734.8,5905.8,68134.0
2016-01-24 22:00:00+00:00,5899.8,5931.7,5807.6,5809.8,67528.0
2016-01-25 22:00:00+00:00,5808.4,5915.8,5743.2,5908.7,67346.0
2016-01-26 22:00:00+00:00,5890.0,6001.7,5843.8,5903.2,70642.0
2016-01-27 22:00:00+00:00,5895.0,5995.2,5861.1,5922.2,87552.0
2016-01-28 22:00:00+00:00,5905.5,6103.0,5888.2,6095.9,74751.0
2016-01-31 22:00:00+00:00,6083.7,6094.6,5963.6,6033.5,67498.0
2016-02-01 22:00:00+00:00,6010.3,6022.6,5837.7,5858.0,63971.0
2016-02-02 22:00:00+00:00,5847.2,5892.7,5757.8,5859.0,89020.0
2016-02-03 22:00:00+00:00,5868.0,5918.2,5801.0,5879.6,88553.0
2016-02-04 22:00:00+00:00,5863.4,5917.2,5791.5,5810.8,86888.0
2016-02-07 22:00:00+00:00,5810.8,5857.9,5625.3,5682.8,94120.0
2016-02-08 22:00:00+00:00,5667.9,5708.3,5561.0,5621.3,100381.0
2016-02-09 22:00:00+00:00,5614.0,5680.2,5580.6,5596.7,93646.0
2016-02-10 22:00:00+00:00,5562.5,5601.6,5466.0,5542.0,104649.0
2016-02-11 22:00:00+00:00,5550.8,5700.0,5530.5,5698.2,74462.0
2016-02-14 22:00:00+00:00,5662.2,5812.5,5662.2,5776.7,25202.0
2016-02-15 22:00:00+00:00,5804.7,5866.5,5777.9,5860.2,81831.0
2016-02-16 22:00:00+00:00,5884.8,6021.4,5830.6,6001.8,63353.0
2016-02-17 22:00:00+00:00,6011.6,6021.1,5935.6,5949.6,65505.0
2016-02-18 22:00:00+00:00,5950.0,5989.9,5902.5,5930.5,66942.0
2016-02-21 22:00:00+00:00,5938.8,6051.8,5938.4,6018.4,50068.0
2016-02-22 22:00:00+00:00,6001.0,6009.6,5935.4,5937.6,59370.0
2016-02-23 22:00:00+00:00,5926.8,5947.5,5826.6,5933.8,77623.0
2016-02-24 22:00:00+00:00,5948.5,6037.8,5902.2,6036.5,75080.0
2016-02-25 22:00:00+00:00,6045.9,6105.2,6031.8,6065.2,65347.0
2016-02-28 22:00:00+00:00,6075.3,6093.5,6020.0,6038.0,72749.0
2016-02-29 22:00:00+00:00,6031.0,6170.2,6019.7,6158.5,67552.0
2016-03-01 22:00:00+00:00,6162.4,6198.0,6083.8,6138.6,64334.0
2016-03-02 22:00:00+00:00,6134.0,6171.2,6103.6,6149.7,49486.0
2016-03-03 22:00:00+00:00,6150.9,6216.4,6145.6,6180.6,70127.0
2016-03-06 22:00:00+00:00,6167.4,6209.6,6118.8,6167.5,59158.0
2016-03-07 22:00:00+00:00,6160.2,6168.8,6093.5,6107.6,69683.0
2016-03-08 22:00:00+00:00,6118.0,6169.1,6110.0,6139.3,62745.0
2016-03-09 22:00:00+00:00,6141.8,6201.9,6003.8,6059.6,103931.0
2016-03-10 22:00:00+00:00,6062.2,6159.9,6058.2,6159.6,69684.0
2016-03-13 21:00:00+00:00,6146.0,6194.0,6135.6,6166.2,43247.0
2016-03-14 21:00:00+00:00,6162.8,6164.0,6108.9,6154.4,41077.0
2016-03-15 21:00:00+00:00,6171.4,6189.8,6130.4,6184.9,43631.0
2016-03-16 21:00:00+00:00,6206.1,6233.4,6127.0,6206.4,40094.0
2016-03-17 21:00:00+00:00,6198.6,6241.2,6173.3,6183.6,50640.0
2016-03-20 21:00:00+00:00,6171.2,6216.3,6151.2,6192.0,46863.0
2016-03-21 21:00:00+00:00,6188.6,6199.0,6107.1,6186.0,58723.0
2016-03-22 21:00:00+00:00,6179.3,6216.4,6158.8,6168.6,49640.0
2016-03-23 21:00:00+00:00,6162.9,6172.0,6088.8,6146.4,45892.0
2016-03-28 21:00:00+00:00,6122.0,6156.4,6065.7,6140.7,48729.0
2016-03-29 21:00:00+00:00,6147.9,6219.5,6141.2,6195.5,37567.0
2016-03-30 21:00:00+00:00,6198.4,6198.8,6146.9,6154.4,39406.0
2016-03-31 21:00:00+00:00,6154.5,6165.6,6071.2,6153.4,56175.0
2016-04-03 21:00:00+00:00,6139.0,6198.2,6122.3,6158.4,44634.0
2016-04-04 21:00:00+00:00,6143.2,6150.2,6053.3,6065.1,54808.0
2016-04-05 21:00:00+00:00,6085.9,6179.9,6085.7,6177.4,51958.0
2016-04-06 21:00:00+00:00,6176.2,6204.3,6105.8,6118.7,53443.0
2016-04-07 21:00:00+00:00,6111.8,6215.7,6110.0,6190.8,45164.0
2016-04-10 21:00:00+00:00,6194.0,6227.0,6159.3,6173.3,50874.0
2016-04-11 21:00:00+00:00,6171.7,6258.8,6166.1,6250.0,52491.0
2016-04-12 21:00:00+00:00,6258.8,6370.4,6252.8,6361.9,46005.0
2016-04-13 21:00:00+00:00,6368.5,6376.0,6334.2,6359.2,43696.0
2016-04-14 21:00:00+00:00,6358.0,6373.1,6326.8,6328.1,34758.0
2016-04-17 21:00:00+00:00,6305.9,6354.0,6256.6,6347.8,42411.0
2016-04-18 21:00:00+00:00,6344.2,6413.7,6333.4,6402.7,41345.0
2016-04-19 21:00:00+00:00,6391.2,6425.5,6359.0,6403.5,45009.0
2016-04-20 21:00:00+00:00,6405.6,6428.6,6340.9,6355.2,57881.0
2016-04-21 21:00:00+00:00,6339.2,6364.0,6280.4,6312.4,51002.0
2016-04-24 21:00:00+00:00,6310.4,6315.7,6238.0,6264.2,43667.0
2016-04-25 21:00:00+00:00,6267.2,6288.0,6255.6,6282.2,43047.0
2016-04-26 21:00:00+00:00,6276.1,6332.8,6242.2,6316.2,46804.0
2016-04-27 21:00:00+00:00,6320.0,6331.0,6215.9,6254.6,48121.0
2016-04-28 21:00:00+00:00,6270.6,6285.3,6222.5,6241.8,56153.0
2016-05-02 21:00:00+00:00,6286.0,6287.0,6146.0,6177.8,54291.0
2016-05-03 21:00:00+00:00,6185.5,6193.3,6085.0,6105.8,49232.0
2016-05-04 21:00:00+00:00,6114.3,6146.0,6091.0,6107.4,39560.0
2016-05-05 21:00:00+00:00,6111.5,6149.1,6044.2,6140.0,53318.0
2016-05-08 21:00:00+00:00,6156.1,6168.3,6095.8,6111.2,39827.0
2016-05-09 21:00:00+00:00,6106.4,6171.0,6098.8,6156.0,43692.0
2016-05-10 21:00:00+00:00,6153.6,6161.8,6118.7,6132.2,40656.0
2016-05-11 21:00:00+00:00,6126.8,6189.8,6083.0,6110.7,46819.0
2016-05-12 21:00:00+00:00,6118.8,6136.2,6051.6,6088.2,57009.0
2016-05-15 21:00:00+00:00,6079.6,6168.6,6079.6,6162.8,28094.0
2016-05-16 21:00:00+00:00,6158.4,6208.4,6120.2,6130.0,46718.0
2016-05-17 21:00:00+00:00,6130.6,6162.2,6101.0,6132.6,58728.0
2016-05-18 21:00:00+00:00,6135.2,6141.8,6052.8,6090.2,54970.0
2016-05-19 21:00:00+00:00,6099.5,6163.4,6094.1,6153.4,42147.0
2016-05-22 21:00:00+00:00,6162.2,6176.0,6123.6,6134.0,42568.0
2016-05-23 21:00:00+00:00,6139.6,6244.0,6109.0,6236.1,33710.0
2016-05-24 21:00:00+00:00,6253.6,6280.0,6246.2,6274.0,35096.0
2016-05-25 21:00:00+00:00,6268.9,6284.1,6246.2,6261.7,32778.0
2016-05-26 21:00:00+00:00,6271.4,6278.9,6251.2,6267.8,27200.0
2016-05-30 21:00:00+00:00,6271.3,6290.1,6206.1,6224.8,33030.0
2016-05-31 21:00:00+00:00,6224.8,6233.4,6146.8,6204.6,38022.0
2016-06-01 21:00:00+00:00,6204.8,6223.2,6173.8,6219.6,37204.0
2016-06-02 21:00:00+00:00,6224.6,6254.4,6168.5,6232.0,43500.0
2016-06-05 21:00:00+00:00,6226.4,6301.6,6223.2,6270.6,36977.0
2016-06-06 21:00:00+00:00,6266.6,6322.1,6262.6,6264.4,29774.0
2016-06-07 21:00:00+00:00,6261.0,6305.5,6255.9,6294.2,29650.0
2016-06-08 21:00:00+00:00,6293.2,6303.6,6223.0,6235.0,36256.0
2016-06-09 21:00:00+00:00,6230.9,6236.2,6081.9,6104.8,42754.0
2016-06-12 21:00:00+00:00,6093.0,6105.6,6017.7,6034.7,54264.0
2016-06-13 21:00:00+00:00,6030.7,6044.4,5907.0,5941.8,53602.0
2016-06-14 21:00:00+00:00,5930.7,6008.2,5924.0,5947.2,46037.0
2016-06-15 21:00:00+00:00,5961.2,5996.0,5894.9,5989.8,46825.0
2016-06-16 21:00:00+00:00,5984.3,6056.3,5970.3,6051.6,45308.0
2016-06-19 21:00:00+00:00,6124.6,6238.8,6124.6,6160.6,40600.0
2016-06-20 21:00:00+00:00,6165.4,6283.3,6155.5,6245.0,45028.0
2016-06-21 21:00:00+00:00,6234.4,6320.8,6223.3,6255.3,49708.0
2016-06-22 21:00:00+00:00,6312.8,6389.6,6277.8,6347.0,59332.0
2016-06-23 21:00:00+00:00,6235.8,6260.5,5730.3,6054.8,128414.0
2016-06-26 21:00:00+00:00,5981.0,6127.0,5879.8,6007.3,37614.0
2016-06-27 21:00:00+00:00,6016.3,6198.8,5978.5,6197.6,57327.0
2016-06-28 21:00:00+00:00,6195.1,6376.8,6158.0,6344.0,57543.0
2016-06-29 21:00:00+00:00,6348.2,6583.3,6307.8,6558.6,73037.0
2016-06-30 21:00:00+00:00,6552.2,6616.1,6499.8,6585.0,56994.0
2016-07-03 21:00:00+00:00,6577.8,6629.2,6514.3,6550.6,28462.0
2016-07-04 21:00:00+00:00,6558.8,6564.8,6473.5,6549.8,55352.0
2016-07-05 21:00:00+00:00,6542.1,6581.5,6430.6,6544.3,65861.0
2016-07-06 21:00:00+00:00,6531.1,6580.8,6505.0,6535.3,48107.0
2016-07-07 21:00:00+00:00,6527.3,6607.3,6514.0,6594.6,46989.0
2016-07-10 21:00:00+00:00,6599.6,6697.2,6592.8,6668.8,17626.0
2016-07-11 21:00:00+00:00,6661.8,6704.8,6660.6,6668.2,15130.0
2016-07-12 21:00:00+00:00,6673.6,6718.2,6647.8,6683.2,16931.0
2016-07-13 21:00:00+00:00,6682.8,6744.8,6647.2,6661.6,20415.0
2016-07-14 21:00:00+00:00,6650.6,6678.2,6610.6,6665.0,17096.0
2016-07-17 21:00:00+00:00,6666.6,6715.6,6663.2,6691.8,38237.0
2016-07-18 21:00:00+00:00,6692.7,6710.8,6658.8,6703.3,38950.0
2016-07-19 21:00:00+00:00,6699.6,6736.8,6689.3,6702.8,32037.0
2016-07-20 21:00:00+00:00,6701.2,6731.0,6675.8,6686.3,39087.0
2016-07-21 21:00:00+00:00,6688.0,6736.6,6661.0,6728.3,36868.0
2016-07-24 21:00:00+00:00,6728.8,6755.0,6689.0,6708.0,33825.0
2016-07-25 21:00:00+00:00,6711.6,6744.0,6698.6,6728.4,33132.0
2016-07-26 21:00:00+00:00,6737.0,6777.8,6727.3,6733.3,33175.0
2016-07-27 21:00:00+00:00,6739.8,6762.8,6710.3,6735.0,38205.0
2016-07-28 21:00:00+00:00,6742.3,6742.8,6689.8,6731.8,40191.0
2016-07-31 21:00:00+00:00,6736.8,6769.3,6664.6,6672.6,31851.0
2016-08-01 21:00:00+00:00,6678.0,6694.6,6629.3,6657.8,38320.0
2016-08-02 21:00:00+00:00,6658.8,6675.1,6614.6,6643.6,35732.0
2016-08-03 21:00:00+00:00,6655.6,6758.6,6615.8,6758.0,41031.0
2016-08-04 21:00:00+00:00,6753.6,6803.8,6736.3,6789.3,35672.0
2016-08-07 21:00:00+00:00,6795.8,6829.8,6781.6,6815.0,21009.0
2016-08-08 21:00:00+00:00,6817.3,6863.8,6808.3,6833.3,19412.0
2016-08-09 21:00:00+00:00,6838.3,6866.8,6816.8,6848.0,21779.0
2016-08-10 21:00:00+00:00,6853.0,6943.8,6840.8,6931.3,27772.0
2016-08-11 21:00:00+00:00,6930.6,6953.3,6917.3,6930.8,23600.0
2016-08-14 21:00:00+00:00,6936.8,6973.1,6926.8,6958.6,19596.0
2016-08-15 21:00:00+00:00,6948.6,6954.8,6900.3,6904.8,25762.0
2016-08-16 21:00:00+00:00,6909.6,6931.3,6856.4,6899.8,27297.0
2016-08-17 21:00:00+00:00,6899.3,6909.6,6856.3,6883.0,23176.0
2016-08-18 21:00:00+00:00,6885.3,6885.3,6845.3,6867.6,25983.0
2016-08-21 21:00:00+00:00,6873.4,6889.8,6815.0,6844.8,32632.0
2016-08-22 21:00:00+00:00,6848.6,6888.8,6842.8,6861.0,26898.0
2016-08-23 21:00:00+00:00,6863.6,6870.3,6813.9,6818.8,31115.0
2016-08-24 21:00:00+00:00,6826.6,6832.3,6781.5,6812.3,33600.0
2016-08-25 21:00:00+00:00,6822.9,6861.6,6773.0,6801.8,39111.0
2016-08-29 21:00:00+00:00,6841.9,6854.6,6809.3,6824.0,27659.0
2016-08-30 21:00:00+00:00,6825.6,6833.8,6764.3,6790.6,32660.0
2016-08-31 21:00:00+00:00,6788.3,6828.8,6723.3,6776.6,38246.0
2016-09-01 21:00:00+00:00,6770.3,6930.8,6754.8,6898.8,43008.0
2016-09-04 21:00:00+00:00,6891.6,6925.8,6867.8,6884.3,25247.0
2016-09-05 21:00:00+00:00,6887.3,6898.8,6817.3,6831.8,29658.0
2016-09-06 21:00:00+00:00,6839.3,6855.3,6813.5,6838.0,30057.0
2016-09-07 21:00:00+00:00,6840.2,6890.3,6818.8,6861.8,43531.0
2016-09-08 21:00:00+00:00,6853.8,6860.3,6734.2,6735.5,45107.0
2016-09-11 21:00:00+00:00,6712.0,6764.3,6655.0,6763.3,56979.0
2016-09-12 21:00:00+00:00,6754.6,6757.3,6646.8,6665.0,56865.0
2016-09-13 21:00:00+00:00,6678.8,6721.6,6655.3,6666.0,37443.0
2016-09-14 21:00:00+00:00,6670.0,6750.8,6641.6,6743.8,36244.0
2016-09-15 21:00:00+00:00,6725.6,6748.8,6693.0,6740.8,50176.0
2016-09-18 21:00:00+00:00,6763.2,6819.0,6756.0,6793.3,34867.0
2016-09-19 21:00:00+00:00,6785.6,6870.8,6785.6,6824.8,35127.0
2016-09-20 21:00:00+00:00,6826.3,6880.8,6818.6,6869.3,43284.0
2016-09-21 21:00:00+00:00,6870.2,6939.3,6862.5,6912.8,34818.0
2016-09-22 21:00:00+00:00,6902.0,6920.3,6883.8,6893.8,32101.0
2016-09-25 21:00:00+00:00,6902.3,6906.3,6803.8,6819.8,35272.0
2016-09-26 21:00:00+00:00,6819.1,6869.8,6767.2,6824.1,41740.0
2016-09-27 21:00:00+00:00,6820.8,6904.3,6803.3,6904.3,45310.0
2016-09-28 21:00:00+00:00,6900.9,6941.8,6850.9,6865.0,49861.0
2016-09-29 21:00:00+00:00,6865.8,6922.3,6808.8,6907.6,55168.0
2016-10-02 21:00:00+00:00,6906.8,6996.8,6896.5,6967.3,28467.0
2016-10-03 21:00:00+00:00,6971.0,7127.3,6968.3,7051.0,55124.0
2016-10-04 21:00:00+00:00,7045.2,7079.0,7020.8,7037.0,36724.0
2016-10-05 21:00:00+00:00,7036.0,7058.0,6998.0,7030.6,39811.0
2016-10-06 21:00:00+00:00,7040.8,7078.0,7011.8,7059.6,57858.0
2016-10-09 21:00:00+00:00,7061.0,7103.3,7021.3,7095.3,35056.0
2016-10-10 21:00:00+00:00,7103.0,7128.6,7052.3,7073.8,41259.0
2016-10-11 21:00:00+00:00,7079.0,7083.6,7012.8,7040.3,37931.0
2016-10-12 21:00:00+00:00,7033.3,7034.0,6927.4,6994.0,46729.0
2016-10-13 21:00:00+00:00,6991.3,7054.8,6982.6,7014.8,39943.0
2016-10-16 21:00:00+00:00,7007.8,7014.6,6934.5,6949.3,37172.0
2016-10-17 21:00:00+00:00,6949.6,7032.8,6946.5,7006.6,34599.0
2016-10-18 21:00:00+00:00,7004.6,7032.8,6973.8,7019.3,27793.0
2016-10-19 21:00:00+00:00,7022.6,7051.3,7003.8,7036.3,39620.0
2016-10-20 21:00:00+00:00,7040.5,7061.3,7012.1,7037.8,33266.0
2016-10-23 21:00:00+00:00,7039.8,7067.8,6979.8,6995.8,28769.0
2016-10-24 21:00:00+00:00,6998.8,7066.8,6997.8,7009.8,30534.0
2016-10-25 21:00:00+00:00,7000.0,7002.8,6912.8,6939.6,41755.0
2016-10-26 21:00:00+00:00,6935.3,7010.3,6909.2,6978.6,47487.0
2016-10-27 21:00:00+00:00,6977.6,7006.8,6923.6,6957.0,50492.0
2016-10-30 21:00:00+00:00,6951.8,6985.5,6929.3,6938.8,29646.0
2016-10-31 21:00:00+00:00,6933.8,6991.8,6878.5,6902.0,46220.0
2016-11-01 21:00:00+00:00,6905.4,6906.3,6824.6,6839.3,46514.0
2016-11-02 21:00:00+00:00,6851.6,6872.3,6748.3,6758.6,45974.0
2016-11-03 21:00:00+00:00,6759.0,6773.2,6653.6,6660.6,43858.0
2016-11-06 22:00:00+00:00,6709.3,6809.3,6709.3,6809.0,30389.0
2016-11-07 22:00:00+00:00,6810.8,6870.6,6787.4,6857.8,34057.0
2016-11-08 22:00:00+00:00,6889.2,6945.6,6512.6,6922.0,133212.0
2016-11-09 22:00:00+00:00,6927.0,7006.0,6803.3,6838.2,82809.0
2016-11-10 22:00:00+00:00,6839.0,6858.8,6710.3,6738.3,61564.0
2016-11-13 22:00:00+00:00,6773.3,6816.3,6732.3,6771.8,61800.0
2016-11-14 22:00:00+00:00,6774.6,6821.6,6765.2,6821.6,48177.0
2016-11-15 22:00:00+00:00,6829.8,6835.3,6733.0,6753.0,44820.0
2016-11-16 22:00:00+00:00,6752.6,6806.3,6743.8,6806.3,36921.0
2016-11-17 22:00:00+00:00,6801.6,6812.0,6738.8,6768.6,43383.0
2016-11-20 22:00:00+00:00,6784.0,6821.8,6752.3,6793.0,36016.0
2016-11-21 22:00:00+00:00,6798.0,6852.3,6793.6,6847.3,31855.0
2016-11-22 22:00:00+00:00,6852.2,6881.0,6777.6,6831.8,39498.0
2016-11-23 22:00:00+00:00,6826.8,6843.8,6795.8,6826.8,23914.0
2016-11-24 22:00:00+00:00,6829.7,6858.8,6822.8,6844.6,20372.0
2016-11-27 22:00:00+00:00,6833.3,6848.2,6771.3,6786.8,37745.0
2016-11-28 22:00:00+00:00,6788.8,6804.0,6731.8,6776.3,35078.0
2016-11-29 22:00:00+00:00,6770.2,6850.3,6761.3,6777.8,52110.0
2016-11-30 22:00:00+00:00,6779.4,6795.0,6690.0,6731.0,52822.0
2016-12-01 22:00:00+00:00,6727.0,6748.0,6680.0,6721.5,40075.0
2016-12-04 22:00:00+00:00,6696.6,6802.0,6685.2,6756.4,57843.0
2016-12-05 22:00:00+00:00,6748.1,6815.6,6723.0,6808.0,35088.0
2016-12-06 22:00:00+00:00,6804.8,6941.0,6798.0,6926.6,36131.0
2016-12-07 22:00:00+00:00,6922.0,6951.8,6893.0,6931.6,48206.0
2016-12-08 22:00:00+00:00,6933.0,6979.0,6929.3,6976.8,32041.0
2016-12-11 22:00:00+00:00,6989.8,6996.5,6870.3,6881.8,35281.0
2016-12-12 22:00:00+00:00,6882.0,6981.8,6872.8,6972.3,27497.0
2016-12-13 22:00:00+00:00,6966.8,6988.6,6928.9,6939.0,32643.0
2016-12-14 22:00:00+00:00,6946.0,7013.6,6928.8,7004.6,35666.0
2016-12-15 22:00:00+00:00,7004.6,7040.3,6983.6,7002.6,33582.0
2016-12-18 22:00:00+00:00,7013.8,7032.3,6983.8,6999.8,22765.0
2016-12-19 22:00:00+00:00,7011.5,7044.8,6991.3,7030.5,24710.0
2016-12-20 22:00:00+00:00,7032.8,7054.2,7022.2,7032.8,20388.0
2016-12-21 22:00:00+00:00,7026.1,7060.3,7015.8,7037.6,19295.0
2016-12-22 22:00:00+00:00,7046.8,7068.0,7046.3,7064.6,7228.0
2016-12-27 22:00:00+00:00,7064.8,7107.3,7063.8,7075.6,19799.0
2016-12-28 22:00:00+00:00,7075.0,7122.3,7072.3,7097.3,21802.0
2016-12-29 22:00:00+00:00,7095.6,7136.8,7085.4,7106.6,11797.0
2017-01-02 22:00:00+00:00,7125.8,7204.0,7125.8,7182.3,34662.0
2017-01-03 22:00:00+00:00,7188.0,7197.8,7163.8,7196.0,26588.0
2017-01-04 22:00:00+00:00,7187.6,7207.8,7167.3,7192.3,31575.0
2017-01-05 22:00:00+00:00,7190.6,7223.3,7175.6,7217.6,26367.0
2017-01-08 22:00:00+00:00,7223.3,7239.4,7201.8,7232.0,21895.0
2017-01-09 22:00:00+00:00,7225.6,7280.8,7219.6,7262.0,22165.0
2017-01-10 22:00:00+00:00,7262.3,7327.3,7251.4,7299.0,38478.0
2017-01-11 22:00:00+00:00,7296.6,7329.3,7262.3,7325.3,32027.0
2017-01-12 22:00:00+00:00,7323.3,7340.8,7305.5,7332.0,26528.0
2017-01-15 22:00:00+00:00,7337.8,7358.3,7318.8,7326.8,19579.0
2017-01-16 22:00:00+00:00,7315.3,7323.8,7216.3,7227.3,35601.0
2017-01-17 22:00:00+00:00,7214.6,7256.0,7213.6,7255.6,24944.0
2017-01-18 22:00:00+00:00,7255.6,7260.8,7190.8,7203.6,29245.0
2017-01-19 22:00:00+00:00,7217.3,7223.3,7178.1,7197.0,35339.0
2017-01-22 22:00:00+00:00,7176.6,7183.6,7130.8,7174.8,30173.0
2017-01-23 22:00:00+00:00,7173.0,7186.6,7144.5,7174.6,28860.0
2017-01-24 22:00:00+00:00,7175.3,7206.3,7152.3,7175.8,27325.0
2017-01-25 22:00:00+00:00,7173.8,7191.8,7149.8,7160.8,23149.0
2017-01-26 22:00:00+00:00,7157.4,7185.8,7149.8,7173.8,22710.0
2017-01-29 22:00:00+00:00,7154.6,7158.8,7103.8,7137.6,27104.0
2017-01-30 22:00:00+00:00,7129.3,7162.3,7095.5,7129.3,32639.0
2017-01-31 22:00:00+00:00,7134.3,7169.3,7097.5,7115.3,30598.0
2017-02-01 22:00:00+00:00,7105.3,7161.8,7089.6,7154.3,34058.0
2017-02-02 22:00:00+00:00,7152.8,7198.8,7125.8,7186.0,25603.0
2017-02-05 22:00:00+00:00,7176.2,7204.8,7158.8,7172.6,27103.0
2017-02-06 22:00:00+00:00,7166.6,7221.3,7156.0,7174.8,27101.0
2017-02-07 22:00:00+00:00,7169.6,7189.0,7138.3,7182.0,28373.0
2017-02-08 22:00:00+00:00,7181.6,7234.3,7176.0,7229.0,25957.0
2017-02-09 22:00:00+00:00,7227.4,7266.4,7226.3,7257.8,26276.0
2017-02-12 22:00:00+00:00,7265.8,7289.8,7247.8,7273.6,21087.0
2017-02-13 22:00:00+00:00,7271.8,7284.2,7241.2,7278.0,23534.0
2017-02-14 22:00:00+00:00,7278.0,7314.8,7276.6,7311.3,24174.0
2017-02-15 22:00:00+00:00,7311.5,7318.6,7265.0,7285.3,27967.0
2017-02-16 22:00:00+00:00,7279.6,7314.2,7251.3,7308.8,32140.0
2017-02-19 22:00:00+00:00,7309.2,7321.3,7279.8,7297.3,17388.0
2017-02-20 22:00:00+00:00,7296.8,7300.8,7267.0,7286.6,25892.0
2017-02-21 22:00:00+00:00,7289.6,7310.6,7269.5,7305.3,29048.0
2017-02-22 22:00:00+00:00,7304.6,7319.8,7271.8,7282.3,26473.0
2017-02-23 22:00:00+00:00,7287.1,7287.1,7198.5,7277.8,30652.0
2017-02-26 22:00:00+00:00,7272.6,7292.6,7243.3,7280.0,25069.0
2017-02-27 22:00:00+00:00,7276.8,7288.8,7249.0,7276.3,23783.0
2017-02-28 22:00:00+00:00,7281.0,7399.3,7278.8,7388.0,29847.0
2017-03-01 22:00:00+00:00,7376.6,7395.8,7373.3,7383.6,23766.0
2017-03-02 22:00:00+00:00,7376.3,7385.8,7351.8,7370.3,25538.0
2017-03-05 22:00:00+00:00,7350.3,7367.8,7339.0,7365.6,19948.0
2017-03-06 22:00:00+00:00,7362.6,7370.3,7329.0,7331.3,17792.0
2017-03-07 22:00:00+00:00,7323.6,7351.3,7310.3,7314.6,27092.0
2017-03-08 22:00:00+00:00,7320.8,7324.6,7263.0,7315.8,28912.0
2017-03-09 22:00:00+00:00,7336.8,7372.3,7331.0,7350.8,30582.0
2017-03-12 21:00:00+00:00,7339.8,7375.3,7337.9,7372.6,21332.0
2017-03-13 21:00:00+00:00,7368.3,7387.3,7335.8,7359.8,26496.0
2017-03-14 21:00:00+00:00,7360.3,7393.1,7353.0,7390.1,31777.0
2017-03-15 21:00:00+00:00,7394.0,7444.8,7392.7,7416.6,29325.0
2017-03-16 21:00:00+00:00,7411.6,7450.3,7400.9,7428.8,21360.0
2017-03-19 21:00:00+00:00,7415.8,7435.3,7402.8,7420.3,18287.0
2017-03-20 21:00:00+00:00,7422.4,7441.3,7343.0,7350.3,37959.0
2017-03-21 21:00:00+00:00,7336.1,7345.3,7301.8,7328.0,34158.0
2017-03-22 21:00:00+00:00,7341.0,7347.0,7306.8,7328.8,30653.0
2017-03-23 21:00:00+00:00,7353.8,7354.3,7309.2,7334.8,28921.0
2017-03-26 21:00:00+00:00,7299.7,7310.3,7253.3,7302.3,29008.0
2017-03-27 21:00:00+00:00,7312.8,7364.6,7284.0,7363.6,22948.0
2017-03-28 21:00:00+00:00,7356.0,7380.8,7309.1,7376.8,23877.0
2017-03-29 21:00:00+00:00,7378.0,7388.3,7338.6,7364.8,20535.0
2017-03-30 21:00:00+00:00,7361.3,7361.3,7320.3,7335.8,20499.0
2017-04-02 21:00:00+00:00,7335.6,7352.3,7260.8,7311.8,23346.0
2017-04-03 21:00:00+00:00,7310.3,7340.3,7291.3,7339.6,20793.0
2017-04-04 21:00:00+00:00,7347.3,7360.8,7291.6,7299.8,27315.0
2017-04-05 21:00:00+00:00,7281.0,7323.3,7260.0,7305.8,28340.0
2017-04-06 21:00:00+00:00,7308.0,7357.8,7266.4,7353.6,32557.0
2017-04-09 21:00:00+00:00,7357.4,7361.8,7335.0,7347.8,21114.0
2017-04-10 21:00:00+00:00,7344.6,7407.3,7329.6,7382.3,33833.0
2017-04-11 21:00:00+00:00,7382.8,7401.8,7336.3,7337.3,30025.0
2017-04-12 21:00:00+00:00,7334.0,7350.0,7297.0,7305.8,26239.0
2017-04-17 21:00:00+00:00,7342.3,7344.8,7110.4,7131.6,39398.0
2017-04-18 21:00:00+00:00,7116.6,7150.3,7090.3,7100.3,28592.0
2017-04-19 21:00:00+00:00,7107.3,7127.8,7096.8,7114.8,27043.0
2017-04-20 21:00:00+00:00,7120.0,7135.3,7103.8,7115.8,26209.0
2017-04-23 21:00:00+00:00,7166.8,7280.3,7144.0,7266.3,32549.0
2017-04-24 21:00:00+00:00,7256.9,7290.3,7256.3,7278.0,20234.0
2017-04-25 21:00:00+00:00,7268.8,7300.6,7258.8,7261.0,22658.0
2017-04-26 21:00:00+00:00,7263.6,7268.1,7223.0,7246.8,18574.0
2017-04-27 21:00:00+00:00,7240.8,7246.8,7193.6,7197.3,19450.0
2017-05-01 21:00:00+00:00,7217.8,7262.8,7210.3,7254.3,18121.0
2017-05-02 21:00:00+00:00,7253.3,7254.8,7216.3,7248.6,18425.0
2017-05-03 21:00:00+00:00,7253.8,7281.2,7225.0,7259.6,21554.0
2017-05-04 21:00:00+00:00,7257.8,7313.0,7225.0,7312.8,20856.0
2017-05-07 21:00:00+00:00,7315.8,7334.0,7283.3,7310.0,20526.0
2017-05-08 21:00:00+00:00,7307.2,7357.8,7298.3,7344.6,17375.0
2017-05-09 21:00:00+00:00,7318.6,7392.6,7317.6,7383.3,17276.0
2017-05-10 21:00:00+00:00,7381.3,7404.8,7371.5,7399.3,23451.0
2017-05-11 21:00:00+00:00,7399.8,7440.8,7387.3,7440.3,18119.0
2017-05-14 21:00:00+00:00,7438.3,7464.8,7434.0,7464.8,16938.0
2017-05-15 21:00:00+00:00,7461.0,7528.8,7445.8,7515.0,18680.0
2017-05-16 21:00:00+00:00,7488.8,7525.8,7444.4,7445.6,29841.0
2017-05-17 21:00:00+00:00,7452.3,7493.8,7397.6,7475.0,42975.0
2017-05-18 21:00:00+00:00,7475.0,7491.0,7458.0,7491.0,21623.0
2017-05-21 21:00:00+00:00,7493.8,7519.3,7485.5,7510.6,18708.0
2017-05-22 21:00:00+00:00,7495.3,7523.8,7480.5,7507.3,21018.0
2017-05-23 21:00:00+00:00,7504.0,7523.2,7476.3,7520.0,16363.0
2017-05-24 21:00:00+00:00,7525.8,7542.6,7495.5,7522.8,22285.0
2017-05-25 21:00:00+00:00,7517.0,7553.3,7508.8,7545.6,19067.0
2017-05-29 21:00:00+00:00,7551.0,7551.0,7495.6,7526.8,19230.0
2017-05-30 21:00:00+00:00,7528.9,7585.8,7511.8,7527.3,25723.0
2017-05-31 21:00:00+00:00,7533.9,7574.3,7533.6,7572.8,20824.0
2017-06-01 21:00:00+00:00,7575.6,7599.8,7539.3,7566.8,24028.0
2017-06-04 21:00:00+00:00,7559.8,7563.8,7519.3,7545.8,11742.0
2017-06-05 21:00:00+00:00,7540.0,7540.0,7502.0,7523.8,19189.0
2017-06-06 21:00:00+00:00,7525.2,7555.3,7472.6,7492.5,21972.0
2017-06-07 21:00:00+00:00,7488.5,7501.3,7452.2,7472.8,24372.0
2017-06-08 21:00:00+00:00,7421.5,7549.0,7411.5,7511.0,35397.0
2017-06-11 21:00:00+00:00,7509.0,7540.3,7477.8,7521.2,26491.0
2017-06-12 21:00:00+00:00,7528.2,7550.8,7490.0,7500.5,19566.0
2017-06-13 21:00:00+00:00,7497.5,7545.3,7460.8,7490.5,27636.0
2017-06-14 21:00:00+00:00,7477.5,7485.9,7377.0,7433.5,23621.0
2017-06-15 21:00:00+00:00,7428.2,7499.6,7426.8,7489.0,22032.0
2017-06-18 21:00:00+00:00,7496.6,7539.8,7492.8,7531.0,17775.0
2017-06-19 21:00:00+00:00,7544.0,7559.8,7446.8,7470.9,21935.0
2017-06-20 21:00:00+00:00,7472.0,7472.5,7412.8,7447.8,27982.0
2017-06-21 21:00:00+00:00,7437.0,7460.2,7395.8,7426.5,20145.0
2017-06-22 21:00:00+00:00,7423.2,7441.6,7394.3,7429.8,20065.0
2017-06-25 21:00:00+00:00,7425.5,7480.8,7424.2,7451.8,19821.0
2017-06-26 21:00:00+00:00,7460.4,7460.5,7402.8,7406.5,28628.0
2017-06-27 21:00:00+00:00,7399.0,7444.8,7377.8,7411.8,33491.0
2017-06-28 21:00:00+00:00,7420.4,7454.2,7305.5,7332.5,34726.0
2017-06-29 21:00:00+00:00,7341.2,7377.3,7292.8,7326.2,30281.0
2017-07-02 21:00:00+00:00,7324.4,7384.3,7314.2,7357.5,21688.0
2017-07-03 21:00:00+00:00,7361.5,7379.8,7333.3,7349.8,17717.0
2017-07-04 21:00:00+00:00,7344.8,7383.8,7339.0,7376.5,28369.0
2017-07-05 21:00:00+00:00,7374.8,7378.5,7299.3,7319.8,29011.0
2017-07-06 21:00:00+00:00,7313.2,7367.8,7309.8,7362.2,23233.0
2017-07-09 21:00:00+00:00,7369.2,7388.0,7340.3,7369.0,17184.0
2017-07-10 21:00:00+00:00,7360.9,7383.5,7300.8,7355.5,21549.0
2017-07-11 21:00:00+00:00,7353.5,7438.8,7345.2,7416.0,25832.0
2017-07-12 21:00:00+00:00,7413.6,7428.2,7401.8,7420.0,18262.0
2017-07-13 21:00:00+00:00,7417.8,7429.0,7357.8,7386.5,18645.0
2017-07-16 21:00:00+00:00,7381.6,7426.6,7378.2,7394.6,17700.0
2017-07-17 21:00:00+00:00,7400.8,7415.8,7352.3,7399.5,25183.0
2017-07-18 21:00:00+00:00,7403.2,7440.3,7373.3,7430.0,19221.0
2017-07-19 21:00:00+00:00,7434.6,7500.3,7429.8,7490.8,28295.0
2017-07-20 21:00:00+00:00,7487.2,7511.6,7427.8,7449.8,27336.0
2017-07-23 21:00:00+00:00,7451.5,7451.5,7350.8,7396.8,26944.0
2017-07-24 21:00:00+00:00,7385.8,7449.6,7383.2,7433.2,26281.0
2017-07-25 21:00:00+00:00,7439.2,7482.6,7429.2,7438.5,27808.0
2017-07-26 21:00:00+00:00,7445.0,7458.8,7399.2,7429.5,30731.0
2017-07-27 21:00:00+00:00,7418.0,7420.2,7334.8,7370.0,29263.0
2017-07-30 21:00:00+00:00,7358.6,7419.3,7350.5,7376.5,24692.0
2017-07-31 21:00:00+00:00,7377.0,7435.6,7375.6,7424.5,22389.0
2017-08-01 21:00:00+00:00,7436.5,7438.2,7382.8,7418.5,23891.0
2017-08-02 21:00:00+00:00,7415.5,7485.6,7382.6,7462.5,27221.0
2017-08-03 21:00:00+00:00,7463.2,7519.2,7457.9,7518.8,21767.0
2017-08-06 21:00:00+00:00,7520.8,7536.6,7514.0,7534.2,15313.0
2017-08-07 21:00:00+00:00,7534.8,7548.8,7501.6,7510.8,21586.0
2017-08-08 21:00:00+00:00,7503.5,7512.0,7466.6,7505.8,30709.0
2017-08-09 21:00:00+00:00,7509.5,7516.0,7381.6,7383.2,43911.0
2017-08-10 21:00:00+00:00,7377.0,7385.0,7319.8,7321.8,37760.0
2017-08-13 21:00:00+00:00,7341.6,7397.4,7333.2,7379.8,23139.0
2017-08-14 21:00:00+00:00,7389.1,7434.5,7370.5,7408.0,25153.0
2017-08-15 21:00:00+00:00,7407.4,7460.4,7402.2,7437.4,25999.0
2017-08-16 21:00:00+00:00,7431.7,7455.5,7369.0,7369.4,35838.0
2017-08-17 21:00:00+00:00,7356.7,7381.1,7322.0,7335.4,36482.0
2017-08-20 21:00:00+00:00,7343.1,7349.3,7311.3,7338.5,29535.0
2017-08-21 21:00:00+00:00,7341.8,7406.2,7341.8,7402.5,20782.0
2017-08-22 21:00:00+00:00,7409.8,7412.8,7367.8,7408.0,25865.0
2017-08-23 21:00:00+00:00,7408.0,7450.3,7390.2,7412.8,24884.0
2017-08-24 21:00:00+00:00,7420.4,7449.8,7405.2,7406.2,25849.0
2017-08-28 21:00:00+00:00,7378.1,7384.0,7296.3,7365.8,31448.0
2017-08-29 21:00:00+00:00,7371.8,7384.8,7351.8,7379.2,17747.0
2017-08-30 21:00:00+00:00,7385.9,7445.8,7377.8,7430.5,22331.0
2017-08-31 21:00:00+00:00,7436.2,7460.8,7422.5,7446.8,20018.0
2017-09-03 21:00:00+00:00,7420.0,7434.8,7398.7,7424.5,16617.0
2017-09-04 21:00:00+00:00,7427.5,7436.8,7330.6,7346.0,29066.0
2017-09-05 21:00:00+00:00,7339.5,7376.2,7314.9,7365.2,26781.0
2017-09-06 21:00:00+00:00,7354.2,7413.6,7347.5,7396.8,28799.0
2017-09-07 21:00:00+00:00,7392.5,7394.5,7356.8,7360.8,22213.0
2017-09-10 21:00:00+00:00,7388.2,7435.6,7385.2,7427.8,18297.0
2017-09-11 21:00:00+00:00,7431.7,7436.8,7386.3,7401.2,19318.0
2017-09-12 21:00:00+00:00,7402.5,7403.3,7335.3,7390.0,17013.0
2017-09-13 21:00:00+00:00,7386.5,7398.8,7284.8,7306.5,15505.0
2017-09-14 21:00:00+00:00,7291.0,7293.8,7193.3,7213.5,27312.0
2017-09-17 21:00:00+00:00,7212.0,7261.2,7210.5,7257.0,19547.0
2017-09-18 21:00:00+00:00,7262.0,7284.3,7239.8,7273.8,20088.0
2017-09-19 21:00:00+00:00,7270.5,7294.8,7246.3,7291.0,22436.0
2017-09-20 21:00:00+00:00,7290.2,7290.2,7250.8,7252.0,19587.0
2017-09-21 21:00:00+00:00,7253.5,7319.8,7231.2,7306.8,24933.0
2017-09-24 21:00:00+00:00,7307.0,7319.0,7268.3,7296.5,22923.0
2017-09-25 21:00:00+00:00,7303.5,7310.0,7269.8,7283.0,21359.0
2017-09-26 21:00:00+00:00,7275.8,7327.2,7269.8,7320.0,21785.0
2017-09-27 21:00:00+00:00,7319.5,7328.2,7286.8,7323.2,20231.0
2017-09-28 21:00:00+00:00,7318.5,7381.8,7318.2,7371.0,19815.0
2017-10-01 21:00:00+00:00,7388.6,7439.8,7374.8,7426.2,18438.0
2017-10-02 21:00:00+00:00,7430.5,7468.3,7423.3,7463.5,12899.0
2017-10-03 21:00:00+00:00,7462.8,7475.0,7452.2,7462.2,17838.0
2017-10-04 21:00:00+00:00,7470.2,7511.6,7464.1,7509.5,19087.0
2017-10-05 21:00:00+00:00,7510.8,7527.3,7510.2,7523.2,19953.0
2017-10-06 21:00:00+00:00,7523.2,7523.2,7523.2,7523.2,1.0
2017-10-08 21:00:00+00:00,7531.8,7540.2,7484.2,7489.5,14902.0
2017-10-09 21:00:00+00:00,7496.8,7546.8,7495.8,7546.5,20738.0
2017-10-10 21:00:00+00:00,7549.3,7550.8,7515.8,7531.2,17100.0
2017-10-11 21:00:00+00:00,7537.2,7566.8,7527.2,7534.5,19592.0
2017-10-12 21:00:00+00:00,7534.0,7557.3,7522.5,7547.2,21853.0
2017-10-15 21:00:00+00:00,7557.0,7560.0,7520.2,7541.0,17545.0
2017-10-16 21:00:00+00:00,7538.0,7553.3,7507.6,7540.5,19085.0
2017-10-17 21:00:00+00:00,7539.0,7555.8,7525.3,7539.0,14542.0
2017-10-18 21:00:00+00:00,7543.5,7543.8,7485.6,7529.7,24098.0
2017-10-19 21:00:00+00:00,7533.3,7558.3,7513.6,7522.3,19893.0
2017-10-20 21:00:00+00:00,7522.2,7522.2,7522.2,7522.2,1.0
2017-10-22 21:00:00+00:00,7536.0,7540.6,7496.2,7500.3,16050.0
2017-10-23 21:00:00+00:00,7508.0,7534.8,7503.0,7521.6,16595.0
2017-10-24 21:00:00+00:00,7518.0,7525.8,7426.3,7459.3,27015.0
2017-10-25 21:00:00+00:00,7458.3,7496.3,7443.3,7486.8,24963.0
2017-10-26 21:00:00+00:00,7490.8,7520.6,7483.0,7497.8,24292.0
2017-10-29 21:00:00+00:00,7496.3,7501.3,7473.6,7477.6,17099.0
2017-10-30 21:00:00+00:00,7479.8,7515.3,7478.6,7496.3,15149.0
2017-10-31 21:00:00+00:00,7499.8,7531.0,7464.8,7468.3,22053.0
2017-11-01 21:00:00+00:00,7458.8,7569.8,7452.8,7563.0,27369.0
2017-11-02 21:00:00+00:00,7570.3,7579.3,7540.8,7554.6,16817.0
2017-11-05 22:00:00+00:00,7567.2,7573.8,7525.0,7565.5,14779.0
2017-11-06 22:00:00+00:00,7568.8,7590.6,7494.3,7509.3,19054.0
2017-11-07 22:00:00+00:00,7498.0,7535.3,7498.0,7525.8,17607.0
2017-11-08 22:00:00+00:00,7535.0,7546.8,7462.3,7500.6,31966.0
2017-11-09 22:00:00+00:00,7494.0,7505.8,7425.8,7447.6,24427.0
2017-11-12 22:00:00+00:00,7451.3,7477.8,7403.8,7426.0,22392.0
2017-11-13 22:00:00+00:00,7425.8,7439.8,7394.3,7411.8,24912.0
2017-11-14 22:00:00+00:00,7399.0,7414.6,7353.2,7373.8,29917.0
2017-11-15 22:00:00+00:00,7382.0,7411.0,7377.8,7397.5,23912.0
2017-11-16 22:00:00+00:00,7404.0,7412.8,7363.8,7392.0,24758.0
2017-11-19 22:00:00+00:00,7390.0,7404.3,7354.6,7394.8,23156.0
2017-11-20 22:00:00+00:00,7398.4,7423.8,7368.0,7412.8,23053.0
2017-11-21 22:00:00+00:00,7408.8,7459.8,7404.6,7421.3,22151.0
2017-11-22 22:00:00+00:00,7410.2,7427.6,7377.2,7412.3,16706.0
2017-11-23 22:00:00+00:00,7420.6,7428.8,7391.8,7418.0,19569.0
2017-11-26 22:00:00+00:00,7422.8,7440.6,7382.6,7390.0,24343.0
2017-11-27 22:00:00+00:00,7387.8,7475.3,7383.2,7440.0,29454.0
2017-11-28 22:00:00+00:00,7435.6,7445.3,7353.6,7387.0,34262.0
2017-11-29 22:00:00+00:00,7376.3,7418.3,7310.0,7322.3,30138.0
2017-11-30 22:00:00+00:00,7307.8,7354.8,7278.4,7332.0,46846.0
2017-12-03 22:00:00+00:00,7368.6,7369.0,7316.8,7321.8,35891.0
2017-12-04 22:00:00+00:00,7318.0,7373.8,7308.0,7312.6,31307.0
2017-12-05 22:00:00+00:00,7315.0,7370.3,7279.3,7338.8,29097.0
2017-12-06 22:00:00+00:00,7353.6,7371.8,7302.8,7308.6,28312.0
2017-12-07 22:00:00+00:00,7320.4,7413.8,7308.6,7407.3,26548.0
2017-12-10 22:00:00+00:00,7406.6,7461.3,7401.8,7459.0,21122.0
2017-12-11 22:00:00+00:00,7464.3,7503.3,7445.8,7487.0,23057.0
2017-12-12 22:00:00+00:00,7482.4,7511.3,7471.3,7479.8,19290.0
2017-12-13 22:00:00+00:00,7490.8,7494.8,7447.0,7452.6,19463.0
2017-12-14 22:00:00+00:00,7439.6,7502.3,7432.3,7489.6,26355.0
2017-12-17 22:00:00+00:00,7515.6,7545.6,7488.3,7539.8,23816.0
2017-12-18 22:00:00+00:00,7540.3,7562.3,7529.0,7529.0,21507.0
2017-12-19 22:00:00+00:00,7537.0,7549.3,7509.0,7526.8,22272.0
2017-12-20 22:00:00+00:00,7524.3,7608.8,7515.1,7581.0,17695.0
2017-12-21 22:00:00+00:00,7582.0,7613.3,7579.0,7582.8,8625.0
2017-12-26 22:00:00+00:00,7596.3,7631.8,7591.0,7617.6,17612.0
2017-12-27 22:00:00+00:00,7620.8,7639.6,7610.8,7627.3,13985.0
2017-12-28 22:00:00+00:00,7624.1,7695.2,7618.8,7694.4,7900.0
2018-01-01 22:00:00+00:00,7466.8,7705.3,7466.8,7647.8,23062.0
2018-01-02 22:00:00+00:00,7652.8,7693.6,7642.1,7693.3,20829.0
2018-01-03 22:00:00+00:00,7689.8,7700.4,7669.0,7693.8,19986.0
2018-01-04 22:00:00+00:00,7702.6,7725.8,7686.6,7719.6,18918.0
2018-01-07 22:00:00+00:00,7724.5,7728.8,7686.8,7711.8,17190.0
2018-01-08 22:00:00+00:00,7710.6,7731.3,7703.0,7729.3,19157.0
2018-01-09 22:00:00+00:00,7726.3,7753.8,7712.8,7734.8,23917.0
2018-01-10 22:00:00+00:00,7742.0,7770.3,7731.0,7770.0,22006.0
2018-01-11 22:00:00+00:00,7772.6,7790.3,7748.3,7773.0,22037.0
2018-01-14 22:00:00+00:00,7791.8,7794.0,7759.8,7770.0,15303.0
2018-01-15 22:00:00+00:00,7765.7,7789.8,7712.0,7718.6,27602.0
2018-01-16 22:00:00+00:00,7730.8,7746.8,7708.3,7727.3,24641.0
2018-01-17 22:00:00+00:00,7727.8,7740.8,7683.8,7710.6,24230.0
2018-01-18 22:00:00+00:00,7699.3,7733.3,7687.8,7732.6,22835.0
2018-01-21 22:00:00+00:00,7723.3,7739.8,7703.0,7732.0,19022.0
2018-01-22 22:00:00+00:00,7735.6,7745.0,7709.0,7735.6,23704.0
2018-01-23 22:00:00+00:00,7734.3,7734.6,7617.8,7646.0,31123.0
2018-01-24 22:00:00+00:00,7646.3,7658.6,7604.3,7630.6,36491.0
2018-01-25 22:00:00+00:00,7634.3,7689.6,7618.8,7689.6,26953.0
2018-01-28 22:00:00+00:00,7707.6,7707.8,7645.8,7651.8,28236.0
2018-01-29 22:00:00+00:00,7656.6,7656.8,7570.8,7578.0,40827.0
2018-01-30 22:00:00+00:00,7572.3,7599.6,7514.3,7531.0,34551.0
2018-01-31 22:00:00+00:00,7540.3,7558.3,7466.3,7483.8,40966.0
2018-02-01 22:00:00+00:00,7484.8,7491.0,7386.3,7386.8,48349.0
2018-02-04 22:00:00+00:00,7326.0,7383.1,7104.0,7124.3,65403.0
2018-02-05 22:00:00+00:00,7055.6,7294.0,6910.8,7258.6,158317.0
2018-02-06 22:00:00+00:00,7231.4,7294.8,7147.3,7227.0,75886.0
2018-02-07 22:00:00+00:00,7203.0,7244.0,7088.6,7088.8,81841.0
2018-02-08 22:00:00+00:00,7128.0,7153.1,6963.3,7111.8,111855.0
2018-02-11 22:00:00+00:00,7136.3,7198.1,7121.2,7188.8,70851.0
2018-02-12 22:00:00+00:00,7175.6,7199.3,7141.3,7177.8,52967.0
2018-02-13 22:00:00+00:00,7184.3,7233.8,7119.9,7231.3,65751.0
2018-02-14 22:00:00+00:00,7229.0,7266.0,7202.3,7247.0,46911.0
2018-02-15 22:00:00+00:00,7267.0,7298.3,7250.0,7285.6,45701.0
2018-02-18 22:00:00+00:00,7321.3,7321.3,7230.8,7242.3,20953.0
2018-02-19 22:00:00+00:00,7254.3,7260.8,7193.6,7212.0,42371.0
2018-02-20 22:00:00+00:00,7223.6,7285.0,7199.6,7222.3,44229.0
2018-02-21 22:00:00+00:00,7204.6,7266.8,7188.8,7226.3,52936.0
2018-02-22 22:00:00+00:00,7251.8,7279.8,7221.6,7278.8,36842.0
2018-02-25 22:00:00+00:00,7272.8,7322.8,7260.6,7322.0,30765.0
2018-02-26 22:00:00+00:00,7329.9,7336.4,7242.6,7249.6,44713.0
2018-02-27 22:00:00+00:00,7263.6,7294.6,7200.9,7206.0,51958.0
2018-02-28 22:00:00+00:00,7216.3,7230.8,7097.0,7129.8,76890.0
2018-03-01 22:00:00+00:00,7136.3,7162.3,7062.3,7128.0,71044.0
2018-03-04 22:00:00+00:00,7122.3,7150.3,7059.3,7145.8,53811.0
2018-03-05 22:00:00+00:00,7149.8,7197.0,7136.0,7160.8,47329.0
2018-03-06 22:00:00+00:00,7099.3,7179.5,7081.8,7157.6,56274.0
2018-03-07 22:00:00+00:00,7142.6,7218.3,7142.6,7205.6,39878.0
2018-03-08 22:00:00+00:00,7212.0,7235.6,7189.8,7234.8,36947.0
2018-03-11 21:00:00+00:00,7241.8,7255.3,7189.3,7201.0,33441.0
2018-03-12 21:00:00+00:00,7200.6,7226.3,7104.8,7119.8,47479.0
2018-03-13 21:00:00+00:00,7122.3,7176.6,7105.3,7129.6,54521.0
2018-03-14 21:00:00+00:00,7108.3,7166.3,7107.6,7143.6,36183.0
2018-03-15 21:00:00+00:00,7141.8,7190.3,7127.8,7158.0,35654.0
2018-03-18 21:00:00+00:00,7147.3,7156.6,7021.6,7062.6,45002.0
2018-03-19 21:00:00+00:00,7053.8,7079.0,7039.3,7067.0,38171.0
2018-03-20 21:00:00+00:00,7060.0,7072.3,6995.2,7019.3,39582.0
2018-03-21 21:00:00+00:00,7029.8,7039.0,6889.3,6902.3,60492.0
2018-03-22 21:00:00+00:00,6867.8,6952.6,6851.3,6866.0,75839.0
2018-03-25 21:00:00+00:00,6883.6,6957.8,6864.8,6948.3,54217.0
2018-03-26 21:00:00+00:00,6957.3,7042.8,6911.8,6933.0,56934.0
2018-03-27 21:00:00+00:00,6936.0,7061.8,6921.3,7025.8,87303.0
2018-03-28 21:00:00+00:00,7028.3,7111.3,7011.3,7078.3,50345.0
2018-04-02 21:00:00+00:00,6981.3,7065.0,6981.3,7047.3,53001.0
2018-04-03 21:00:00+00:00,7040.4,7105.0,6971.3,7104.6,61855.0
2018-04-04 21:00:00+00:00,7111.8,7225.6,7099.0,7216.8,42419.0
2018-04-05 21:00:00+00:00,7165.8,7217.3,7121.0,7146.3,60941.0
2018-04-08 21:00:00+00:00,7167.8,7222.3,7147.3,7174.6,38597.0
2018-04-09 21:00:00+00:00,7183.3,7274.3,7169.8,7260.0,52457.0
2018-04-10 21:00:00+00:00,7246.0,7274.8,7235.6,7236.8,41624.0
2018-04-11 21:00:00+00:00,7247.6,7273.6,7233.0,7265.6,35962.0
2018-04-12 21:00:00+00:00,7255.8,7278.3,7243.8,7264.6,33960.0
2018-04-15 21:00:00+00:00,7287.5,7298.8,7194.6,7200.8,32298.0
2018-04-16 21:00:00+00:00,7203.8,7249.6,7192.0,7238.6,28135.0
2018-04-17 21:00:00+00:00,7240.8,7329.3,7235.0,7321.5,27395.0
2018-04-18 21:00:00+00:00,7331.8,7359.0,7298.6,7345.6,39153.0
2018-04-19 21:00:00+00:00,7347.8,7378.6,7343.6,7367.6,33461.0
2018-04-22 21:00:00+00:00,7378.8,7409.3,7362.3,7406.6,28747.0
2018-04-23 21:00:00+00:00,7417.6,7436.3,7349.4,7365.8,38786.0
2018-04-24 21:00:00+00:00,7381.6,7404.3,7332.8,7382.3,42668.0
2018-04-25 21:00:00+00:00,7399.3,7451.3,7362.0,7443.6,30418.0
2018-04-26 21:00:00+00:00,7453.7,7519.6,7425.0,7514.6,30748.0
2018-04-29 21:00:00+00:00,7523.0,7547.3,7493.3,7499.0,28213.0
2018-04-30 21:00:00+00:00,7508.0,7547.4,7495.8,7537.3,21218.0
2018-05-01 21:00:00+00:00,7540.8,7570.3,7515.8,7521.8,32836.0
2018-05-02 21:00:00+00:00,7523.6,7555.8,7491.0,7544.0,40174.0
2018-05-03 21:00:00+00:00,7549.0,7585.8,7518.3,7580.8,32632.0
2018-05-07 21:00:00+00:00,7580.8,7596.8,7542.2,7574.6,32299.0
2018-05-08 21:00:00+00:00,7575.3,7703.8,7564.0,7698.6,28970.0
2018-05-09 21:00:00+00:00,7697.8,7729.3,7645.5,7723.3,29239.0
2018-05-10 21:00:00+00:00,7725.0,7742.8,7704.3,7722.0,28216.0
2018-05-13 21:00:00+00:00,7740.8,7744.8,7696.0,7712.6,24955.0
2018-05-14 21:00:00+00:00,7720.8,7758.3,7691.5,7724.3,33845.0
2018-05-15 21:00:00+00:00,7722.3,7764.6,7716.0,7753.3,25719.0
2018-05-16 21:00:00+00:00,7759.3,7806.3,7722.3,7788.0,27568.0
2018-05-17 21:00:00+00:00,7791.6,7798.8,7757.3,7782.3,29002.0
2018-05-20 21:00:00+00:00,7806.0,7876.6,7805.6,7861.6,20482.0
2018-05-21 21:00:00+00:00,7864.0,7904.6,7850.3,7863.0,23389.0
2018-05-22 21:00:00+00:00,7863.3,7875.6,7764.8,7800.3,32568.0
2018-05-23 21:00:00+00:00,7798.6,7814.8,7713.1,7748.0,32899.0
2018-05-24 21:00:00+00:00,7753.4,7772.1,7703.3,7717.3,30160.0
2018-05-28 21:00:00+00:00,7702.8,7706.0,7584.8,7618.5,31487.0
2018-05-29 21:00:00+00:00,7618.5,7714.3,7603.3,7711.8,24007.0
2018-05-30 21:00:00+00:00,7702.8,7724.8,7645.8,7687.8,50677.0
2018-05-31 21:00:00+00:00,7685.0,7743.3,7680.5,7703.6,33623.0
2018-06-03 21:00:00+00:00,7700.0,7768.8,7699.3,7720.0,25649.0
2018-06-04 21:00:00+00:00,7728.6,7738.8,7663.3,7668.0,28702.0
2018-06-05 21:00:00+00:00,7676.6,7736.8,7664.3,7729.3,29921.0
2018-06-06 21:00:00+00:00,7728.6,7774.8,7667.6,7681.3,38066.0
2018-06-07 21:00:00+00:00,7688.8,7717.8,7639.8,7697.6,39488.0
2018-06-10 21:00:00+00:00,7690.5,7775.8,7688.3,7757.3,31746.0
2018-06-11 21:00:00+00:00,7758.6,7769.3,7695.6,7698.6,32804.0
2018-06-12 21:00:00+00:00,7699.6,7745.3,7675.8,7690.8,29716.0
2018-06-13 21:00:00+00:00,7691.8,7798.3,7652.5,7780.8,35096.0
2018-06-14 21:00:00+00:00,7775.3,7785.6,7628.5,7670.0,41922.0
2018-06-17 21:00:00+00:00,7662.3,7666.6,7600.8,7654.6,29074.0
2018-06-18 21:00:00+00:00,7638.6,7638.8,7542.6,7635.0,37649.0
2018-06-19 21:00:00+00:00,7635.6,7705.8,7618.0,7643.8,31438.0
2018-06-20 21:00:00+00:00,7660.6,7685.3,7548.6,7557.0,41307.0
2018-06-21 21:00:00+00:00,7553.6,7699.8,7553.6,7674.6,35407.0
2018-06-24 21:00:00+00:00,7663.3,7677.2,7486.3,7503.3,43306.0
2018-06-25 21:00:00+00:00,7495.3,7581.8,7491.8,7566.3,40557.0
2018-06-26 21:00:00+00:00,7568.3,7637.8,7511.8,7577.3,55586.0
2018-06-27 21:00:00+00:00,7590.6,7655.8,7573.3,7642.0,56845.0
2018-06-28 21:00:00+00:00,7652.6,7706.6,7613.8,7619.8,47458.0
2018-07-01 21:00:00+00:00,7632.6,7632.6,7534.8,7568.3,46791.0
2018-07-02 21:00:00+00:00,7564.8,7631.8,7542.5,7573.8,46205.0
2018-07-03 21:00:00+00:00,7574.0,7586.3,7557.8,7579.6,22543.0
2018-07-04 21:00:00+00:00,7572.3,7624.6,7561.6,7619.8,42156.0
2018-07-05 21:00:00+00:00,7613.3,7649.0,7568.0,7622.3,39058.0
2018-07-08 21:00:00+00:00,7626.6,7712.0,7622.3,7698.8,30799.0
2018-07-09 21:00:00+00:00,7708.6,7715.3,7674.8,7696.6,29539.0
2018-07-10 21:00:00+00:00,7667.6,7667.6,7565.3,7592.6,39225.0
2018-07-11 21:00:00+00:00,7586.3,7673.8,7585.0,7669.6,33559.0
2018-07-12 21:00:00+00:00,7674.6,7716.5,7656.3,7667.0,29433.0
2018-07-15 21:00:00+00:00,7683.8,7684.6,7561.8,7620.0,28846.0
2018-07-16 21:00:00+00:00,7608.3,7681.3,7578.5,7654.0,32772.0
2018-07-17 21:00:00+00:00,7659.0,7686.0,7647.3,7673.6,27374.0
2018-07-18 21:00:00+00:00,7674.0,7702.3,7657.6,7677.8,32605.0
2018-07-19 21:00:00+00:00,7684.6,7703.6,7628.0,7668.0,38779.0
2018-07-22 21:00:00+00:00,7659.0,7676.3,7617.8,7658.8,30474.0
2018-07-23 21:00:00+00:00,7674.0,7738.8,7644.5,7701.0,35708.0
2018-07-24 21:00:00+00:00,7704.3,7713.6,7636.8,7688.6,35383.0
2018-07-25 21:00:00+00:00,7677.0,7685.8,7640.6,7671.8,33990.0
2018-07-26 21:00:00+00:00,7675.6,7717.8,7666.8,7678.6,33008.0
2018-07-29 21:00:00+00:00,7671.3,7716.8,7651.1,7684.3,29398.0
2018-07-30 21:00:00+00:00,7687.3,7782.4,7680.3,7742.6,36057.0
2018-07-31 21:00:00+00:00,7744.6,7756.3,7630.0,7650.6,37258.0
2018-08-01 21:00:00+00:00,7639.8,7654.3,7534.5,7623.6,41648.0
2018-08-02 21:00:00+00:00,7625.3,7680.3,7588.5,7679.0,30706.0
2018-08-05 21:00:00+00:00,7667.3,7694.0,7635.3,7662.3,28076.0
2018-08-06 21:00:00+00:00,7671.6,7748.3,7661.3,7715.8,24504.0
2018-08-07 21:00:00+00:00,7711.3,7780.8,7700.5,7763.6,30524.0
2018-08-08 21:00:00+00:00,7762.0,7804.4,7730.8,7765.0,26824.0
2018-08-09 21:00:00+00:00,7769.3,7769.3,7672.5,7679.1,41161.0
2018-08-12 21:00:00+00:00,7681.8,7681.8,7617.3,7647.6,36304.0
2018-08-13 21:00:00+00:00,7656.0,7677.3,7599.8,7644.0,32971.0
2018-08-14 21:00:00+00:00,7642.3,7650.3,7474.0,7517.8,51812.0
2018-08-15 21:00:00+00:00,7507.8,7587.3,7506.0,7557.3,32452.0
2018-08-16 21:00:00+00:00,7560.8,7594.8,7526.3,7571.0,33737.0
2018-08-19 21:00:00+00:00,7577.2,7630.3,7562.0,7602.0,16788.0
2018-08-20 21:00:00+00:00,7598.0,7612.0,7562.3,7563.5,15386.0
2018-08-21 21:00:00+00:00,7540.5,7616.3,7529.3,7577.0,18137.0
2018-08-22 21:00:00+00:00,7580.3,7614.3,7547.8,7553.3,18928.0
2018-08-23 21:00:00+00:00,7555.0,7594.8,7545.3,7578.8,15125.0
2018-08-27 21:00:00+00:00,7611.8,7645.3,7599.8,7618.5,16200.0
2018-08-28 21:00:00+00:00,7628.8,7650.8,7545.8,7568.6,19171.0
2018-08-29 21:00:00+00:00,7571.2,7572.0,7488.2,7499.8,19383.0
2018-08-30 21:00:00+00:00,7486.8,7510.3,7419.0,7440.8,23514.0
2018-09-02 21:00:00+00:00,7449.6,7516.8,7428.0,7490.0,15692.0
2018-09-03 21:00:00+00:00,7490.3,7534.3,7436.2,7450.5,25722.0
2018-09-04 21:00:00+00:00,7452.0,7458.0,7354.8,7403.3,30743.0
2018-09-05 21:00:00+00:00,7390.8,7402.8,7312.0,7343.6,42881.0
2018-09-06 21:00:00+00:00,7331.6,7340.6,7230.0,7288.3,44349.0
2018-09-09 21:00:00+00:00,7288.3,7310.8,7257.3,7277.8,31869.0
2018-09-10 21:00:00+00:00,7277.0,7295.3,7221.3,7274.0,32965.0
2018-09-11 21:00:00+00:00,7272.6,7325.8,7250.8,7297.0,38525.0
2018-09-12 21:00:00+00:00,7293.2,7319.8,7274.8,7291.6,36665.0
2018-09-13 21:00:00+00:00,7296.6,7324.3,7281.3,7310.6,32094.0
2018-09-16 21:00:00+00:00,7303.6,7319.8,7267.3,7267.8,28775.0
2018-09-17 21:00:00+00:00,7238.0,7322.3,7235.0,7310.6,33892.0
2018-09-18 21:00:00+00:00,7308.8,7346.0,7278.0,7338.6,29104.0
2018-09-19 21:00:00+00:00,7342.3,7386.3,7323.0,7377.3,26444.0
2018-09-20 21:00:00+00:00,7385.6,7501.3,7380.3,7478.3,34380.0
2018-09-23 21:00:00+00:00,7459.6,7485.8,7448.3,7450.0,24483.0
2018-09-24 21:00:00+00:00,7450.8,7515.3,7443.6,7478.3,26818.0
2018-09-25 21:00:00+00:00,7479.0,7521.8,7479.0,7488.0,29165.0
2018-09-26 21:00:00+00:00,7495.4,7559.3,7486.8,7542.0,29904.0
2018-09-27 21:00:00+00:00,7544.6,7557.0,7474.0,7497.0,38626.0
2018-09-30 21:00:00+00:00,7517.8,7525.8,7460.8,7498.0,31670.0
2018-10-01 21:00:00+00:00,7496.8,7498.0,7444.6,7481.6,33131.0
2018-10-02 21:00:00+00:00,7485.3,7534.8,7477.0,7517.3,26485.0
2018-10-03 21:00:00+00:00,7512.6,7520.3,7399.4,7422.0,48442.0
2018-10-04 21:00:00+00:00,7423.6,7450.8,7297.2,7318.6,47292.0
2018-10-07 21:00:00+00:00,7319.8,7323.6,7223.0,7262.0,45415.0
2018-10-08 21:00:00+00:00,7251.3,7255.3,7182.3,7227.8,49667.0
2018-10-09 21:00:00+00:00,7217.6,7239.3,7090.3,7092.6,68427.0
2018-10-10 21:00:00+00:00,7081.8,7092.3,6922.8,6967.6,114632.0
2018-10-11 21:00:00+00:00,6990.4,7074.3,6953.8,7024.8,80039.0
2018-10-14 21:00:00+00:00,7015.3,7043.8,6960.5,7026.3,57640.0
2018-10-15 21:00:00+00:00,7021.6,7085.3,6997.3,7078.0,42859.0
2018-10-16 21:00:00+00:00,7087.6,7094.8,7017.8,7061.3,47939.0
2018-10-17 21:00:00+00:00,7055.3,7079.3,6981.6,7008.0,57290.0
2018-10-18 21:00:00+00:00,7010.8,7071.8,7010.8,7038.8,61858.0
2018-10-21 21:00:00+00:00,7010.3,7114.8,7007.3,7053.8,53027.0
2018-10-22 21:00:00+00:00,7035.3,7036.3,6927.6,7006.3,71489.0
2018-10-23 21:00:00+00:00,7011.8,7050.8,6892.8,6892.8,74242.0
2018-10-24 21:00:00+00:00,6905.6,7030.0,6887.8,6996.6,74021.0
2018-10-25 21:00:00+00:00,6949.0,6981.3,6851.0,6943.0,92449.0
2018-10-28 21:00:00+00:00,6960.3,7087.6,6918.0,6975.6,71176.0
2018-10-29 21:00:00+00:00,6993.0,7085.8,6982.0,7085.8,74759.0
2018-10-30 21:00:00+00:00,7083.0,7162.8,7077.8,7110.0,53514.0
2018-10-31 21:00:00+00:00,7114.0,7165.8,7077.0,7122.8,60742.0
2018-11-01 21:00:00+00:00,7129.5,7196.6,7072.3,7112.8,62913.0
2018-11-04 22:00:00+00:00,7097.3,7142.0,7077.8,7104.0,43727.0
2018-11-05 22:00:00+00:00,7116.8,7125.3,7027.8,7068.8,44608.0
2018-11-06 22:00:00+00:00,7055.0,7151.8,7049.3,7151.6,44274.0
2018-11-07 22:00:00+00:00,7156.6,7177.3,7119.0,7132.0,40938.0
2018-11-08 22:00:00+00:00,7129.6,7140.0,7075.0,7129.8,46354.0
2018-11-11 22:00:00+00:00,7131.6,7180.6,7048.8,7054.3,46614.0
2018-11-12 22:00:00+00:00,7043.8,7108.3,7016.8,7043.6,56042.0
2018-11-13 22:00:00+00:00,7060.3,7113.3,6976.9,7029.8,69766.0
2018-11-14 22:00:00+00:00,7026.3,7110.6,6990.6,7095.3,82395.0
2018-11-15 22:00:00+00:00,7098.0,7105.6,6977.3,7045.0,59174.0
2018-11-18 22:00:00+00:00,7035.8,7079.0,6978.0,7001.6,55201.0
2018-11-19 22:00:00+00:00,6996.8,7015.6,6908.8,6932.3,80057.0
2018-11-20 22:00:00+00:00,6933.3,7070.8,6929.0,7056.0,56280.0
2018-11-21 22:00:00+00:00,7059.8,7068.8,6956.0,6972.8,36338.0
2018-11-22 22:00:00+00:00,6986.0,6998.8,6920.6,6953.8,39763.0
2018-11-25 22:00:00+00:00,6966.6,7059.0,6962.8,7058.5,45473.0
2018-11-26 22:00:00+00:00,7025.0,7093.6,6992.0,7047.3,54300.0
2018-11-27 22:00:00+00:00,7048.8,7082.8,6995.6,7079.9,47441.0
2018-11-28 22:00:00+00:00,7075.0,7089.0,7026.0,7057.3,52378.0
2018-11-29 22:00:00+00:00,7054.3,7054.6,6967.8,7019.6,44487.0
2018-12-02 22:00:00+00:00,7086.3,7155.3,7053.0,7100.6,52531.0
2018-12-03 22:00:00+00:00,7087.3,7106.8,6933.0,6942.8,63003.0
2018-12-04 22:00:00+00:00,6957.0,6986.6,6916.0,6923.6,31688.0
2018-12-05 22:00:00+00:00,6898.3,6899.6,6675.0,6789.8,114490.0
2018-12-06 22:00:00+00:00,6795.3,6874.6,6738.0,6765.8,78206.0
2018-12-09 22:00:00+00:00,6736.3,6821.3,6715.3,6776.0,92693.0
2018-12-10 22:00:00+00:00,6765.3,6860.6,6745.2,6825.3,68467.0
2018-12-11 22:00:00+00:00,6847.6,6904.6,6827.6,6858.8,64723.0
2018-12-12 22:00:00+00:00,6859.6,6912.6,6847.3,6857.6,59662.0
2018-12-13 22:00:00+00:00,6837.8,6869.6,6789.3,6807.6,52210.0
2018-12-16 22:00:00+00:00,6822.6,6855.6,6693.6,6722.0,55756.0
2018-12-17 22:00:00+00:00,6747.6,6765.1,6684.6,6702.6,59808.0
2018-12-18 22:00:00+00:00,6690.3,6793.6,6665.5,6690.6,63642.0
2018-12-19 22:00:00+00:00,6697.0,6764.1,6632.3,6662.0,74168.0
2018-12-20 22:00:00+00:00,6690.0,6748.6,6633.6,6638.0,75282.0
2018-12-23 22:00:00+00:00,6635.8,6697.6,6635.8,6671.3,11774.0
2018-12-26 22:00:00+00:00,6695.8,6758.8,6539.8,6661.6,91356.0
2018-12-27 22:00:00+00:00,6661.3,6759.8,6630.6,6734.0,72324.0
2018-12-30 22:00:00+00:00,6756.6,6761.0,6720.6,6735.0,10809.0
2019-01-01 22:00:00+00:00,6752.8,6763.8,6599.0,6747.8,68506.0
2019-01-02 22:00:00+00:00,6710.3,6754.8,6678.4,6700.3,70955.0
2019-01-03 22:00:00+00:00,6683.8,6863.3,6680.3,6840.3,66465.0
2019-01-06 22:00:00+00:00,6854.8,6873.0,6775.4,6821.8,53305.0
2019-01-07 22:00:00+00:00,6823.6,6901.8,6801.6,6892.8,48278.0
2019-01-08 22:00:00+00:00,6899.6,6947.6,6891.3,6901.0,49822.0
2019-01-09 22:00:00+00:00,6887.8,6971.3,6860.6,6965.6,46546.0
2019-01-10 22:00:00+00:00,6959.3,7003.3,6900.3,6915.0,45587.0
2019-01-13 22:00:00+00:00,6899.3,6909.0,6840.8,6863.3,35382.0
2019-01-14 22:00:00+00:00,6878.0,6941.8,6848.3,6881.3,48603.0
2019-01-15 22:00:00+00:00,6878.3,6913.6,6844.0,6853.8,37155.0
2019-01-16 22:00:00+00:00,6853.8,6859.6,6796.3,6850.3,40321.0
2019-01-17 22:00:00+00:00,6859.0,7001.8,6858.0,6992.0,43540.0
2019-01-20 22:00:00+00:00,6995.5,6997.3,6954.8,6978.8,22146.0
2019-01-21 22:00:00+00:00,6966.3,6974.3,6847.4,6860.6,44403.0
2019-01-22 22:00:00+00:00,6866.8,6897.3,6809.0,6839.6,51675.0
2019-01-23 22:00:00+00:00,6840.6,6854.8,6800.6,6821.8,48867.0
2019-01-24 22:00:00+00:00,6822.3,6858.8,6791.3,6793.6,43200.0
2019-01-27 22:00:00+00:00,6787.8,6812.6,6731.6,6772.0,41573.0
2019-01-28 22:00:00+00:00,6748.3,6871.4,6747.0,6855.8,42985.0
2019-01-29 22:00:00+00:00,6868.0,6967.3,6852.0,6939.0,42987.0
2019-01-30 22:00:00+00:00,6934.5,6993.0,6934.5,6975.5,47317.0
2019-01-31 22:00:00+00:00,6981.3,7031.2,6963.8,7015.0,43277.0
2019-02-03 22:00:00+00:00,7024.0,7060.4,6999.3,7057.0,33024.0
2019-02-04 22:00:00+00:00,7053.3,7183.8,7049.0,7167.3,37957.0
2019-02-05 22:00:00+00:00,7164.3,7181.3,7141.4,7157.0,34915.0
2019-02-06 22:00:00+00:00,7154.0,7184.8,7086.3,7107.5,56893.0
2019-02-07 22:00:00+00:00,7108.0,7112.8,7060.8,7107.6,47644.0
2019-02-10 22:00:00+00:00,7099.3,7141.3,7079.5,7105.0,39903.0
2019-02-11 22:00:00+00:00,7120.0,7160.3,7109.0,7134.8,33296.0
2019-02-12 22:00:00+00:00,7148.3,7191.3,7133.0,7175.8,39963.0
2019-02-13 22:00:00+00:00,7171.6,7234.6,7171.6,7204.0,54404.0
2019-02-14 22:00:00+00:00,7205.0,7263.6,7180.5,7240.6,49595.0
2019-02-17 22:00:00+00:00,7244.6,7249.8,7207.5,7214.3,19205.0
2019-02-18 22:00:00+00:00,7221.0,7231.6,7159.3,7176.3,32727.0
2019-02-19 22:00:00+00:00,7176.6,7242.0,7164.6,7233.0,38413.0
2019-02-20 22:00:00+00:00,7229.6,7257.3,7157.3,7184.0,41775.0
2019-02-21 22:00:00+00:00,7185.0,7229.3,7172.8,7188.6,33107.0
2019-02-24 22:00:00+00:00,7203.8,7216.0,7157.8,7167.0,29745.0
2019-02-25 22:00:00+00:00,7156.0,7173.3,7093.3,7146.8,41488.0
2019-02-26 22:00:00+00:00,7140.0,7157.0,7084.3,7108.5,32363.0
2019-02-27 22:00:00+00:00,7104.6,7116.8,7051.8,7083.6,33080.0
2019-02-28 22:00:00+00:00,7098.0,7135.3,7098.0,7129.6,30358.0
2019-03-03 22:00:00+00:00,7138.0,7169.8,7097.1,7129.8,36451.0
2019-03-04 22:00:00+00:00,7129.8,7194.3,7117.6,7174.0,30473.0
2019-03-05 22:00:00+00:00,7167.8,7212.8,7165.3,7175.6,28961.0
2019-03-06 22:00:00+00:00,7169.8,7206.3,7139.3,7153.1,45609.0
2019-03-07 22:00:00+00:00,7145.3,7155.3,7089.6,7151.3,41562.0
2019-03-10 21:00:00+00:00,7145.0,7186.6,7111.0,7139.3,30043.0
2019-03-11 21:00:00+00:00,7137.8,7168.3,7082.3,7159.3,40028.0
2019-03-12 21:00:00+00:00,7156.0,7184.8,7125.3,7149.2,33204.0
2019-03-13 21:00:00+00:00,7146.0,7220.6,7136.8,7183.8,29948.0
2019-03-14 21:00:00+00:00,7190.3,7245.8,7187.8,7232.0,31717.0
2019-03-17 21:00:00+00:00,7227.6,7303.3,7225.6,7292.6,24701.0
2019-03-18 21:00:00+00:00,7287.6,7349.8,7284.6,7294.8,30523.0
2019-03-19 21:00:00+00:00,7287.3,7341.3,7273.3,7304.8,39395.0
2019-03-20 21:00:00+00:00,7321.3,7376.3,7298.6,7355.0,38043.0
2019-03-21 21:00:00+00:00,7356.0,7357.6,7190.8,7192.8,53916.0
2019-03-24 21:00:00+00:00,7172.6,7212.8,7150.0,7188.6,51136.0
2019-03-25 21:00:00+00:00,7204.8,7226.8,7174.6,7215.6,38779.0
2019-03-26 21:00:00+00:00,7209.0,7232.0,7159.3,7204.6,49722.0
2019-03-27 21:00:00+00:00,7191.3,7267.8,7191.3,7267.3,40663.0
2019-03-28 21:00:00+00:00,7265.3,7292.0,7235.5,7289.6,43049.0
2019-03-31 21:00:00+00:00,7308.8,7351.2,7293.6,7334.6,37100.0
2019-04-01 21:00:00+00:00,7328.8,7403.3,7327.8,7376.6,33742.0
2019-04-02 21:00:00+00:00,7373.2,7426.6,7366.8,7405.6,35146.0
2019-04-03 21:00:00+00:00,7404.8,7427.3,7376.5,7419.0,29000.0
2019-04-04 21:00:00+00:00,7419.0,7470.3,7408.6,7459.6,26402.0
2019-04-07 21:00:00+00:00,7473.6,7474.6,7424.8,7459.0,21081.0
2019-04-08 21:00:00+00:00,7464.3,7481.8,7415.6,7423.3,28594.0
2019-04-09 21:00:00+00:00,7422.0,7443.3,7409.3,7413.3,24424.0
2019-04-10 21:00:00+00:00,7421.0,7450.8,7390.5,7432.8,25050.0
2019-04-11 21:00:00+00:00,7439.0,7463.3,7422.8,7454.6,23745.0
2019-04-14 21:00:00+00:00,7454.3,7456.8,7426.3,7444.6,17374.0
2019-04-15 21:00:00+00:00,7446.0,7486.3,7440.8,7454.3,18000.0
2019-04-16 21:00:00+00:00,7454.6,7478.3,7445.5,7477.3,25047.0
2019-04-17 21:00:00+00:00,7473.3,7494.3,7438.4,7485.0,28653.0
2019-04-22 21:00:00+00:00,7489.6,7530.8,7468.3,7518.8,19333.0
2019-04-23 21:00:00+00:00,7524.6,7525.0,7455.3,7478.8,21678.0
2019-04-24 21:00:00+00:00,7476.8,7488.3,7408.8,7456.5,24777.0
2019-04-25 21:00:00+00:00,7446.6,7450.6,7402.0,7438.8,27800.0
2019-04-28 21:00:00+00:00,7439.8,7460.3,7404.3,7456.3,18715.0
2019-04-29 21:00:00+00:00,7451.8,7456.3,7392.3,7435.0,21764.0
2019-04-30 21:00:00+00:00,7444.8,7459.0,7342.6,7346.6,12425.0
2019-05-01 21:00:00+00:00,7338.3,7395.8,7331.3,7345.8,32126.0
2019-05-02 21:00:00+00:00,7346.6,7419.3,7341.3,7388.5,21291.0
2019-05-06 21:00:00+00:00,7373.3,7374.1,7215.3,7236.3,34005.0
2019-05-07 21:00:00+00:00,7236.3,7282.3,7219.2,7265.8,41135.0
2019-05-08 21:00:00+00:00,7268.8,7274.9,7194.3,7248.3,44793.0
2019-05-09 21:00:00+00:00,7247.3,7285.8,7191.5,7275.5,46676.0
2019-05-12 21:00:00+00:00,7233.3,7233.3,7148.8,7160.0,31773.0
2019-05-13 21:00:00+00:00,7137.0,7263.8,7136.8,7249.0,22984.0
2019-05-14 21:00:00+00:00,7252.6,7313.3,7226.0,7301.8,30515.0
2019-05-15 21:00:00+00:00,7300.0,7379.8,7270.2,7352.8,24682.0
2019-05-16 21:00:00+00:00,7361.5,7371.8,7319.5,7349.5,30361.0
2019-05-19 21:00:00+00:00,7369.0,7384.6,7276.8,7313.8,26161.0
2019-05-20 21:00:00+00:00,7324.5,7376.0,7317.6,7363.8,21156.0
2019-05-21 21:00:00+00:00,7363.5,7377.0,7315.8,7328.5,20391.0
2019-05-22 21:00:00+00:00,7328.5,7328.5,7212.2,7233.8,31212.0
2019-05-23 21:00:00+00:00,7229.3,7304.8,7228.5,7277.8,21147.0
2019-05-27 21:00:00+00:00,7303.6,7315.3,7241.3,7242.6,47308.0
2019-05-28 21:00:00+00:00,7246.6,7248.6,7148.8,7194.8,50928.0
2019-05-29 21:00:00+00:00,7189.0,7241.1,7182.0,7229.0,34160.0
2019-05-30 21:00:00+00:00,7193.3,7202.8,7133.0,7153.3,56054.0
2019-06-02 21:00:00+00:00,7125.0,7194.2,7081.2,7161.2,30494.0
2019-06-03 21:00:00+00:00,7171.6,7228.4,7138.2,7227.3,26153.0
2019-06-04 21:00:00+00:00,7237.3,7261.3,7201.5,7231.6,40651.0
2019-06-05 21:00:00+00:00,7232.8,7290.8,7220.5,7274.4,29443.0
2019-06-06 21:00:00+00:00,7275.3,7352.8,7269.0,7344.8,24374.0
2019-06-09 21:00:00+00:00,7360.6,7389.0,7352.8,7374.3,17638.0
2019-06-10 21:00:00+00:00,7371.0,7423.8,7364.6,7389.2,21404.0
2019-06-11 21:00:00+00:00,7386.2,7395.8,7328.8,7359.3,21740.0
2019-06-12 21:00:00+00:00,7366.5,7402.8,7342.9,7373.3,22874.0
2019-06-13 21:00:00+00:00,7374.8,7387.8,7318.5,7366.3,22570.0
2019-06-16 21:00:00+00:00,7373.0,7377.5,7325.8,7364.8,16810.0
2019-06-17 21:00:00+00:00,7371.3,7470.8,7345.2,7446.6,30545.0
2019-06-18 21:00:00+00:00,7459.6,7459.6,7391.0,7414.8,21522.0
2019-06-19 21:00:00+00:00,7428.5,7462.3,7414.5,7432.6,25153.0
2019-06-20 21:00:00+00:00,7435.2,7456.3,7376.5,7379.8,26481.0
2019-06-23 21:00:00+00:00,7378.0,7434.8,7374.8,7400.2,16030.0
2019-06-24 21:00:00+00:00,7405.6,7428.8,7368.8,7395.6,19767.0
2019-06-25 21:00:00+00:00,7396.0,7435.0,7396.0,7405.0,18188.0
2019-06-26 21:00:00+00:00,7406.0,7445.3,7378.8,7409.5,20489.0
2019-06-27 21:00:00+00:00,7409.5,7443.8,7399.0,7435.2,15317.0
2019-06-30 21:00:00+00:00,7475.8,7532.3,7469.2,7506.0,20847.0
2019-07-01 21:00:00+00:00,7502.3,7567.8,7501.8,7565.3,17617.0
2019-07-02 21:00:00+00:00,7567.3,7624.8,7561.6,7623.8,13991.0
2019-07-03 21:00:00+00:00,7623.8,7626.3,7598.0,7602.5,7036.0
2019-07-04 21:00:00+00:00,7607.3,7608.3,7541.0,7565.0,16501.0
2019-07-07 21:00:00+00:00,7565.0,7572.3,7532.0,7554.5,12910.0
2019-07-08 21:00:00+00:00,7554.5,7554.5,7515.5,7541.0,15663.0
2019-07-09 21:00:00+00:00,7545.5,7558.8,7513.8,7539.5,22478.0
2019-07-10 21:00:00+00:00,7545.3,7558.8,7499.2,7527.0,17320.0
2019-07-11 21:00:00+00:00,7532.3,7542.0,7487.8,7492.0,15484.0
2019-07-14 21:00:00+00:00,7486.0,7542.8,7478.8,7525.8,16070.0
2019-07-15 21:00:00+00:00,7528.8,7584.8,7521.0,7551.3,16682.0
2019-07-16 21:00:00+00:00,7551.3,7571.6,7511.8,7522.0,15883.0
2019-07-17 21:00:00+00:00,7511.3,7516.8,7474.2,7485.8,20601.0
2019-07-18 21:00:00+00:00,7485.8,7540.0,7466.2,7499.0,20392.0
2019-07-21 21:00:00+00:00,7504.5,7543.3,7482.2,7513.8,17730.0
2019-07-22 21:00:00+00:00,7513.8,7592.8,7510.3,7560.8,20652.0
2019-07-23 21:00:00+00:00,7560.8,7562.6,7469.2,7511.3,19609.0
2019-07-24 21:00:00+00:00,7510.3,7537.3,7455.2,7469.0,33931.0
2019-07-25 21:00:00+00:00,7473.8,7558.3,7469.8,7550.3,18193.0
2019-07-28 21:00:00+00:00,7551.8,7705.8,7542.3,7684.6,20014.0
2019-07-29 21:00:00+00:00,7686.3,7724.6,7622.8,7634.3,38312.0
2019-07-30 21:00:00+00:00,7641.2,7656.3,7517.0,7562.8,33138.0
2019-07-31 21:00:00+00:00,7562.8,7602.8,7477.5,7501.6,39382.0
2019-08-01 21:00:00+00:00,7493.0,7500.2,7370.8,7386.6,55413.0
2019-08-04 21:00:00+00:00,7358.3,7369.8,7152.5,7191.6,51114.0
2019-08-05 21:00:00+00:00,7080.9,7229.6,7077.5,7195.0,50594.0
2019-08-06 21:00:00+00:00,7176.8,7240.2,7137.0,7236.2,47007.0
2019-08-07 21:00:00+00:00,7225.6,7315.2,7198.5,7308.3,33279.0
2019-08-08 21:00:00+00:00,7300.5,7317.3,7248.2,7300.8,34692.0
2019-08-11 21:00:00+00:00,7294.6,7317.3,7209.0,7222.9,32981.0
2019-08-12 21:00:00+00:00,7233.8,7288.3,7170.8,7280.6,47971.0
2019-08-13 21:00:00+00:00,7289.2,7290.0,7106.6,7106.6,45579.0
2019-08-14 21:00:00+00:00,7110.8,7167.0,7035.8,7091.6,69054.0
2019-08-15 21:00:00+00:00,7096.8,7145.0,7092.0,7140.0,31211.0
2019-08-18 21:00:00+00:00,7162.3,7226.8,7146.6,7191.8,23036.0
2019-08-19 21:00:00+00:00,7184.8,7242.8,7114.8,7117.3,28976.0
2019-08-20 21:00:00+00:00,7102.6,7226.8,7101.8,7206.6,21779.0
2019-08-21 21:00:00+00:00,7219.8,7221.3,7115.2,7145.3,32303.0
2019-08-22 21:00:00+00:00,7135.5,7200.8,7034.5,7037.6,52812.0
2019-08-26 21:00:00+00:00,7111.6,7116.8,7050.5,7075.0,34150.0
2019-08-27 21:00:00+00:00,7081.0,7137.8,7053.2,7115.6,35350.0
2019-08-28 21:00:00+00:00,7114.6,7206.3,7092.0,7191.6,28730.0
2019-08-29 21:00:00+00:00,7193.0,7244.3,7185.0,7233.3,25740.0
2019-09-01 21:00:00+00:00,7213.6,7317.8,7207.2,7278.0,18599.0
2019-09-02 21:00:00+00:00,7281.5,7318.8,7235.8,7268.5,35432.0
2019-09-03 21:00:00+00:00,7268.5,7331.8,7260.8,7301.5,24941.0
2019-09-04 21:00:00+00:00,7301.5,7358.3,7256.5,7264.2,27802.0
2019-09-05 21:00:00+00:00,7268.6,7304.8,7251.5,7298.0,21407.0
2019-09-08 21:00:00+00:00,7303.8,7334.3,7212.8,7247.0,22736.0
2019-09-09 21:00:00+00:00,7251.3,7292.3,7207.0,7285.0,25680.0
2019-09-10 21:00:00+00:00,7287.3,7358.0,7281.8,7353.8,21680.0
2019-09-11 21:00:00+00:00,7353.8,7388.5,7309.5,7361.8,36999.0
2019-09-12 21:00:00+00:00,7369.5,7384.2,7323.2,7335.8,22534.0
2019-09-15 21:00:00+00:00,7315.8,7370.3,7312.6,7327.0,29316.0
2019-09-16 21:00:00+00:00,7335.3,7351.3,7292.5,7321.6,25016.0
2019-09-17 21:00:00+00:00,7313.6,7351.6,7299.0,7318.3,20646.0
2019-09-18 21:00:00+00:00,7311.0,7374.0,7287.2,7321.8,9421.0
2019-09-19 21:00:00+00:00,7321.8,7377.0,7313.3,7326.8,10839.0
2019-09-22 21:00:00+00:00,7346.0,7362.8,7282.4,7336.8,23149.0
2019-09-23 21:00:00+00:00,7359.3,7363.8,7245.0,7252.5,30171.0
2019-09-24 21:00:00+00:00,7266.0,7314.2,7211.5,7304.0,28038.0
2019-09-25 21:00:00+00:00,7307.6,7389.3,7274.8,7377.3,28383.0
2019-09-26 21:00:00+00:00,7371.5,7443.3,7358.3,7401.0,29418.0
2019-09-29 21:00:00+00:00,7412.2,7441.8,7402.8,7407.8,21880.0
2019-09-30 21:00:00+00:00,7417.8,7435.3,7308.8,7320.3,33554.0
2019-10-01 21:00:00+00:00,7327.0,7333.2,7088.5,7111.6,41008.0
2019-10-02 21:00:00+00:00,7111.6,7121.6,7006.3,7118.2,45844.0
2019-10-03 21:00:00+00:00,7118.8,7175.8,7081.0,7174.2,37726.0
2019-10-06 21:00:00+00:00,7162.8,7220.3,7136.2,7199.0,27096.0
2019-10-07 21:00:00+00:00,7193.0,7231.3,7138.0,7140.2,42335.0
2019-10-08 21:00:00+00:00,7142.6,7199.6,7140.6,7185.8,34786.0
2019-10-09 21:00:00+00:00,7162.3,7220.8,7118.0,7148.5,44313.0
2019-10-10 21:00:00+00:00,7166.3,7260.6,7149.2,7228.5,49439.0
2019-10-13 21:00:00+00:00,7248.3,7265.3,7200.0,7229.6,31360.0
2019-10-14 21:00:00+00:00,7238.2,7250.8,7178.8,7204.8,42115.0
2019-10-15 21:00:00+00:00,7208.3,7221.8,7151.0,7170.3,41512.0
2019-10-16 21:00:00+00:00,7167.8,7243.8,7163.0,7185.0,42282.0
2019-10-17 21:00:00+00:00,7188.2,7202.8,7133.3,7144.3,31864.0
2019-10-20 21:00:00+00:00,7144.2,7200.0,7144.0,7165.5,25731.0
2019-10-21 21:00:00+00:00,7174.8,7230.8,7147.3,7202.3,24910.0
2019-10-22 21:00:00+00:00,7202.3,7265.6,7185.8,7250.6,23455.0
2019-10-23 21:00:00+00:00,7258.2,7339.8,7250.3,7322.8,24752.0
2019-10-24 21:00:00+00:00,7315.8,7336.8,7277.2,7324.3,20241.0
2019-10-27 21:00:00+00:00,7328.5,7346.0,7289.8,7334.5,19833.0
2019-10-28 21:00:00+00:00,7334.5,7343.5,7262.5,7309.6,21119.0
2019-10-29 21:00:00+00:00,7300.8,7341.0,7274.2,7335.8,20070.0
2019-10-30 21:00:00+00:00,7335.8,7337.8,7239.5,7263.2,30208.0
2019-10-31 21:00:00+00:00,7263.2,7312.8,7260.5,7311.8,21022.0
2019-11-03 22:00:00+00:00,7320.6,7392.3,7312.8,7372.0,17858.0
2019-11-04 22:00:00+00:00,7372.6,7406.8,7305.5,7305.5,19549.0
2019-11-05 22:00:00+00:00,7368.8,7402.2,7360.8,7392.0,18119.0
2019-11-06 22:00:00+00:00,7393.8,7436.8,7389.0,7405.2,23216.0
2019-11-07 22:00:00+00:00,7403.2,7403.2,7348.2,7382.8,19349.0
2019-11-10 22:00:00+00:00,7368.3,7372.6,7256.6,7337.6,18339.0
2019-11-11 22:00:00+00:00,7337.3,7390.3,7322.3,7354.6,31262.0
2019-11-12 22:00:00+00:00,7345.6,7362.8,7299.3,7349.0,29870.0
2019-11-13 22:00:00+00:00,7349.3,7368.3,7295.8,7321.8,32879.0
2019-11-14 22:00:00+00:00,7339.8,7352.0,7254.3,7324.0,30036.0
2019-11-17 22:00:00+00:00,7315.6,7348.3,7304.5,7319.3,29328.0
2019-11-18 22:00:00+00:00,7311.8,7413.8,7308.1,7332.3,31015.0
2019-11-19 22:00:00+00:00,7330.0,7330.6,7224.8,7255.8,41159.0
2019-11-20 22:00:00+00:00,7228.3,7260.8,7202.8,7256.8,47143.0
2019-11-21 22:00:00+00:00,7258.3,7348.6,7256.0,7338.0,34689.0
2019-11-24 22:00:00+00:00,7355.0,7403.3,7348.6,7401.3,23609.0
2019-11-25 22:00:00+00:00,7404.8,7430.8,7385.0,7405.0,30611.0
2019-11-26 22:00:00+00:00,7411.8,7447.3,7409.0,7434.5,24070.0
2019-11-27 22:00:00+00:00,7415.0,7426.6,7392.6,7420.4,15311.0
2019-11-28 22:00:00+00:00,7421.0,7429.8,7343.8,7350.3,26102.0
2019-12-01 22:00:00+00:00,7376.8,7407.6,7279.8,7300.6,32486.0
2019-12-02 22:00:00+00:00,7312.8,7314.0,7138.6,7193.0,40676.0
2019-12-03 22:00:00+00:00,7176.2,7203.8,7137.6,7199.6,35622.0
2019-12-04 22:00:00+00:00,7194.8,7203.8,7130.2,7143.6,28474.0
2019-12-05 22:00:00+00:00,7161.3,7246.3,7148.8,7232.6,23581.0
2019-12-08 22:00:00+00:00,7217.7,7256.2,7209.7,7232.2,18326.0
2019-12-09 22:00:00+00:00,7233.9,7243.9,7136.4,7205.9,32920.0
2019-12-10 22:00:00+00:00,7213.5,7253.6,7194.5,7218.2,28480.0
2019-12-11 22:00:00+00:00,7224.6,7308.8,7218.4,7278.4,42062.0
2019-12-12 22:00:00+00:00,7260.7,7430.7,7242.0,7375.2,48554.0
2019-12-15 22:00:00+00:00,7386.0,7554.7,7373.6,7524.0,24145.0
2019-12-16 22:00:00+00:00,7508.8,7544.8,7497.6,7518.3,26335.0
2019-12-17 22:00:00+00:00,7527.4,7569.1,7509.4,7565.1,15907.0
2019-12-18 22:00:00+00:00,7573.4,7601.9,7540.2,7584.9,17374.0
2019-12-19 22:00:00+00:00,7593.3,7623.8,7575.3,7582.6,26306.0
2019-12-22 22:00:00+00:00,7586.6,7644.1,7571.1,7630.1,19738.0
2019-12-23 22:00:00+00:00,7631.0,7647.0,7618.8,7646.3,6492.0
2019-12-26 22:00:00+00:00,7657.5,7690.8,7633.5,7646.8,18880.0
2019-12-29 22:00:00+00:00,7639.4,7652.1,7577.2,7579.8,16567.0
2019-12-30 22:00:00+00:00,7581.8,7586.3,7540.6,7550.0,8813.0
2020-01-02 22:00:00+00:00,7635.6,7639.6,7552.4,7597.6,35782.0
2020-01-05 22:00:00+00:00,7582.6,7602.4,7529.4,7589.9,29541.0
2020-01-06 22:00:00+00:00,7595.6,7624.2,7564.2,7571.2,29663.0
2020-01-07 22:00:00+00:00,7511.3,7612.0,7492.8,7589.2,42280.0
2020-01-08 22:00:00+00:00,7599.0,7620.7,7584.2,7619.2,17565.0
2020-01-09 22:00:00+00:00,7632.0,7636.8,7566.3,7573.3,21926.0
2020-01-12 22:00:00+00:00,7573.3,7639.9,7573.3,7620.9,21324.0
2020-01-13 22:00:00+00:00,7640.7,7655.2,7590.2,7629.4,26319.0
2020-01-14 22:00:00+00:00,7624.8,7648.7,7611.7,7629.7,23783.0
2020-01-15 22:00:00+00:00,7635.4,7658.4,7597.4,7625.4,22962.0
2020-01-16 22:00:00+00:00,7634.4,7693.4,7623.4,7687.9,21263.0
2020-01-19 22:00:00+00:00,7691.3,7696.0,7642.3,7658.8,13713.0
2020-01-20 22:00:00+00:00,7659.6,7660.6,7552.1,7598.6,28186.0
2020-01-21 22:00:00+00:00,7604.1,7642.1,7564.1,7569.8,27385.0
2020-01-22 22:00:00+00:00,7566.4,7577.2,7504.9,7553.9,31230.0
2020-01-23 22:00:00+00:00,7560.0,7646.4,7541.6,7560.4,33805.0
2020-01-26 22:00:00+00:00,7517.2,7522.0,7396.0,7408.8,44702.0
2020-01-27 22:00:00+00:00,7411.4,7496.4,7409.2,7486.4,37136.0
2020-01-28 22:00:00+00:00,7481.0,7520.6,7466.8,7483.0,32778.0
2020-01-29 22:00:00+00:00,7475.0,7475.0,7362.0,7437.4,53015.0
2020-01-30 22:00:00+00:00,7441.4,7448.8,7236.4,7268.1,54338.0
2020-02-02 22:00:00+00:00,7290.5,7370.3,7281.5,7332.8,47865.0
2020-02-03 22:00:00+00:00,7337.4,7448.4,7337.2,7429.9,33455.0
2020-02-04 22:00:00+00:00,7421.8,7518.3,7404.1,7501.4,45604.0
2020-02-05 22:00:00+00:00,7505.0,7544.4,7489.7,7520.2,33785.0
2020-02-06 22:00:00+00:00,7511.4,7518.2,7446.2,7459.2,36424.0
2020-02-09 22:00:00+00:00,7448.9,7474.4,7433.1,7470.6,31038.0
2020-02-10 22:00:00+00:00,7484.5,7536.7,7483.2,7504.7,29410.0
2020-02-11 22:00:00+00:00,7503.6,7562.8,7503.0,7561.3,26867.0
2020-02-12 22:00:00+00:00,7528.9,7533.1,7408.6,7444.9,36448.0
2020-02-13 22:00:00+00:00,7451.2,7477.4,7392.2,7413.2,28020.0
2020-02-16 22:00:00+00:00,7416.7,7454.0,7409.2,7431.4,5088.0
2020-02-17 22:00:00+00:00,7409.2,7426.7,7354.9,7400.4,11882.0
2020-02-18 22:00:00+00:00,7409.0,7476.1,7405.8,7469.1,9157.0
2020-02-19 22:00:00+00:00,7474.4,7484.2,7425.7,7461.4,13894.0
2020-02-20 22:00:00+00:00,7448.2,7453.7,7371.4,7407.4,15906.0
2020-02-23 22:00:00+00:00,7333.1,7339.7,7114.6,7121.9,24708.0
2020-02-24 22:00:00+00:00,7165.1,7203.6,6911.8,6934.1,32899.0
2020-02-25 22:00:00+00:00,6939.5,7050.3,6871.0,6958.8,47617.0
2020-02-26 22:00:00+00:00,6896.9,6948.2,6679.9,6680.4,54927.0
2020-02-27 22:00:00+00:00,6679.1,6685.1,6447.6,6629.0,94606.0
2020-03-01 22:00:00+00:00,6578.1,6767.3,6489.3,6741.3,71964.0
2020-03-02 22:00:00+00:00,6762.9,6843.8,6603.6,6638.8,88911.0
2020-03-03 22:00:00+00:00,6682.9,6888.8,6671.9,6879.6,47514.0
2020-03-04 22:00:00+00:00,6832.8,6845.3,6596.8,6621.1,46923.0
2020-03-05 22:00:00+00:00,6639.8,6643.5,6401.8,6475.3,67600.0
2020-03-08 21:00:00+00:00,6229.9,6238.2,5807.8,5812.4,92708.0
2020-03-09 21:00:00+00:00,6044.6,6228.2,5923.4,6150.2,96947.0
2020-03-10 21:00:00+00:00,6055.5,6105.2,5771.7,5825.2,91667.0
2020-03-11 21:00:00+00:00,5798.1,5816.6,5198.8,5287.8,108748.0
2020-03-12 21:00:00+00:00,5324.6,5696.6,5207.2,5653.6,106104.0
2020-03-15 21:00:00+00:00,5293.2,5333.0,4838.8,5047.8,93004.0
2020-03-16 21:00:00+00:00,5154.6,5374.2,4982.2,5261.9,106304.0
2020-03-17 21:00:00+00:00,5170.0,5238.8,4943.8,5087.0,84064.0
2020-03-18 21:00:00+00:00,5123.2,5254.3,4833.5,5150.8,70554.0
2020-03-19 21:00:00+00:00,5133.7,5396.4,4977.2,4990.7,101529.0
2020-03-22 21:00:00+00:00,4784.0,5176.8,4762.2,4974.0,116074.0
2020-03-23 21:00:00+00:00,5046.6,5443.6,5046.6,5432.9,82997.0
2020-03-24 21:00:00+00:00,5380.6,5735.1,5343.4,5596.6,114805.0
2020-03-25 21:00:00+00:00,5585.8,5803.4,5448.6,5787.4,99171.0
2020-03-26 21:00:00+00:00,5734.2,5739.4,5387.9,5427.9,80339.0
2020-03-29 21:00:00+00:00,5386.8,5590.7,5342.2,5581.4,79387.0
2020-03-30 21:00:00+00:00,5592.1,5709.3,5518.3,5588.0,74995.0
2020-03-31 21:00:00+00:00,5537.0,5563.8,5353.1,5355.4,64711.0
2020-04-01 21:00:00+00:00,5368.3,5541.2,5357.8,5483.2,73091.0
2020-04-02 21:00:00+00:00,5448.6,5471.1,5337.3,5369.8,57792.0
2020-04-05 21:00:00+00:00,5427.9,5645.6,5423.2,5628.4,43171.0
2020-04-06 21:00:00+00:00,5643.4,5765.7,5555.6,5607.4,68695.0
2020-04-07 21:00:00+00:00,5617.1,5706.1,5552.3,5680.6,52594.0
2020-04-08 21:00:00+00:00,5694.2,5867.6,5658.1,5850.1,56650.0
2020-04-13 21:00:00+00:00,5811.0,5928.2,5758.6,5779.1,33744.0
2020-04-14 21:00:00+00:00,5768.0,5776.3,5552.3,5561.8,40093.0
2020-04-15 21:00:00+00:00,5524.1,5643.6,5516.9,5637.4,42621.0
2020-04-16 21:00:00+00:00,5739.8,5817.8,5716.3,5805.4,40839.0
2020-04-19 21:00:00+00:00,5773.2,5825.0,5681.0,5711.0,35427.0
2020-04-20 21:00:00+00:00,5714.0,5746.5,5603.8,5627.3,45735.0
2020-04-21 21:00:00+00:00,5641.2,5767.0,5608.6,5756.9,28106.0
2020-04-22 21:00:00+00:00,5738.8,5819.9,5711.4,5751.4,34515.0
2020-04-23 21:00:00+00:00,5709.7,5786.2,5693.2,5765.8,26282.0
2020-04-26 21:00:00+00:00,5758.0,5852.1,5752.0,5846.1,23144.0
2020-04-27 21:00:00+00:00,5832.2,5952.0,5805.2,5894.5,26503.0
2020-04-28 21:00:00+00:00,5909.3,6109.2,5908.3,6082.6,28483.0
2020-04-29 21:00:00+00:00,6102.4,6182.9,5820.9,5857.6,38329.0
2020-04-30 21:00:00+00:00,5809.9,5829.9,5706.9,5721.2,13896.0
2020-05-03 21:00:00+00:00,5656.7,5784.9,5635.8,5784.9,28232.0
2020-05-04 21:00:00+00:00,5773.2,5841.0,5760.0,5793.4,23506.0
2020-05-05 21:00:00+00:00,5802.1,5885.4,5760.4,5793.8,25093.0
2020-05-06 21:00:00+00:00,5781.4,5926.4,5781.4,5880.6,20960.0
2020-05-10 21:00:00+00:00,5880.6,5978.3,5874.3,5941.0,17759.0
2020-05-11 21:00:00+00:00,5925.6,5992.1,5885.0,5903.3,21804.0
2020-05-12 21:00:00+00:00,5850.0,5929.5,5810.7,5844.0,29923.0
2020-05-13 21:00:00+00:00,5834.9,5837.7,5635.2,5757.2,34061.0
2020-05-14 21:00:00+00:00,5776.1,5826.6,5734.8,5815.0,28903.0
2020-05-17 21:00:00+00:00,5834.9,6063.2,5834.9,6048.7,19783.0
2020-05-18 21:00:00+00:00,6057.6,6100.9,5918.6,5918.6,30067.0
2020-05-19 21:00:00+00:00,5930.2,6059.5,5925.3,6048.8,22914.0
2020-05-20 21:00:00+00:00,6038.7,6077.0,5984.2,6001.0,22262.0
2020-05-21 21:00:00+00:00,6008.8,6027.6,5872.0,5998.6,21576.0
2020-05-25 21:00:00+00:00,6074.8,6150.0,6028.3,6040.8,18657.0
2020-05-26 21:00:00+00:00,6048.0,6158.1,6034.4,6151.8,24798.0
2020-05-27 21:00:00+00:00,6166.3,6229.8,6141.6,6176.8,25392.0
2020-05-28 21:00:00+00:00,6158.2,6181.2,6033.4,6090.7,31316.0
2020-05-31 21:00:00+00:00,6066.1,6189.8,6064.1,6188.8,21018.0
2020-06-01 21:00:00+00:00,6160.2,6233.2,6148.9,6229.2,18529.0
2020-06-02 21:00:00+00:00,6247.9,6402.2,6245.4,6381.6,18887.0
2020-06-03 21:00:00+00:00,6390.9,6398.4,6306.1,6331.6,23345.0
2020-06-04 21:00:00+00:00,6333.4,6494.9,6324.6,6450.6,23963.0
2020-06-07 21:00:00+00:00,6480.4,6510.9,6419.1,6501.1,19959.0
2020-06-08 21:00:00+00:00,6496.7,6513.5,6310.2,6331.5,25680.0
2020-06-09 21:00:00+00:00,6351.4,6385.9,6290.9,6303.9,28616.0
2020-06-10 21:00:00+00:00,6262.8,6291.2,5963.2,5973.9,44608.0
2020-06-11 21:00:00+00:00,6018.2,6183.7,5979.2,6141.0,55264.0
2020-06-14 21:00:00+00:00,6066.4,6145.5,5931.0,6128.8,54075.0
2020-06-15 21:00:00+00:00,6179.6,6300.5,6162.6,6237.8,44371.0
2020-06-16 21:00:00+00:00,6276.6,6330.3,6233.8,6237.8,42660.0
2020-06-17 21:00:00+00:00,6221.8,6297.4,6160.1,6228.4,39340.0
2020-06-18 21:00:00+00:00,6257.4,6334.4,6219.6,6256.1,26434.0
2020-06-21 21:00:00+00:00,6207.9,6324.7,6206.4,6280.6,21819.0
2020-06-22 21:00:00+00:00,6301.4,6355.9,6201.7,6298.2,21684.0
2020-06-23 21:00:00+00:00,6292.2,6320.6,6108.2,6125.7,25597.0
2020-06-24 21:00:00+00:00,6123.8,6229.8,6038.3,6228.4,30104.0
2020-06-25 21:00:00+00:00,6220.9,6275.7,6146.4,6157.9,23557.0
2020-06-28 21:00:00+00:00,6151.8,6265.8,6120.4,6243.1,25094.0
2020-06-29 21:00:00+00:00,6264.8,6276.6,6158.8,6205.8,20090.0
2020-06-30 21:00:00+00:00,6196.7,6215.2,6093.4,6192.2,19040.0
2020-07-01 21:00:00+00:00,6183.0,6270.7,6164.4,6237.4,18929.0
2020-07-02 21:00:00+00:00,6241.8,6275.5,6144.0,6188.0,12415.0
2020-07-05 21:00:00+00:00,6196.6,6315.9,6196.6,6294.2,17266.0
2020-07-06 21:00:00+00:00,6314.6,6330.8,6162.2,6164.4,15548.0
2020-07-07 21:00:00+00:00,6171.6,6219.9,6132.9,6195.2,16312.0
2020-07-08 21:00:00+00:00,6201.7,6218.2,6038.2,6079.5,18501.0
2020-07-09 21:00:00+00:00,6088.2,6143.1,6003.7,6141.2,17523.0
2020-07-12 21:00:00+00:00,6158.9,6203.4,6094.2,6108.5,16406.0
2020-07-13 21:00:00+00:00,6136.0,6222.0,6098.2,6212.5,23749.0
2020-07-14 21:00:00+00:00,6250.0,6333.8,6216.0,6304.0,18618.0
2020-07-15 21:00:00+00:00,6312.7,6312.7,6235.4,6278.9,17741.0
2020-07-16 21:00:00+00:00,6277.7,6310.9,6237.2,6310.9,12051.0
2020-07-19 21:00:00+00:00,6313.2,6318.0,6228.7,6279.2,17153.0
2020-07-20 21:00:00+00:00,6274.2,6326.0,6244.8,6252.0,14927.0
2020-07-21 21:00:00+00:00,6264.2,6284.0,6204.3,6221.6,14593.0
2020-07-22 21:00:00+00:00,6207.6,6283.6,6159.1,6181.6,17165.0
2020-07-23 21:00:00+00:00,6183.0,6192.4,6104.1,6117.9,20075.0
2020-07-26 21:00:00+00:00,6112.1,6150.1,6090.6,6135.6,13557.0
2020-07-27 21:00:00+00:00,6148.1,6170.6,6088.1,6106.9,15754.0
2020-07-28 21:00:00+00:00,6116.0,6166.5,6108.8,6151.8,12386.0
2020-07-29 21:00:00+00:00,6158.4,6167.7,5926.9,6036.7,19145.0
2020-07-30 21:00:00+00:00,6051.3,6060.8,5859.6,5906.6,24483.0
2020-08-02 21:00:00+00:00,5899.6,6047.1,5862.3,6021.2,16148.0
2020-08-03 21:00:00+00:00,6025.4,6068.4,5990.1,6043.7,18083.0
2020-08-04 21:00:00+00:00,6048.8,6118.8,6030.8,6083.4,12778.0
2020-08-05 21:00:00+00:00,6075.8,6102.3,5984.3,6054.5,17042.0
2020-08-06 21:00:00+00:00,6056.6,6062.1,5999.1,6059.1,16941.0
2020-08-09 21:00:00+00:00,6055.8,6107.8,6031.8,6085.3,14648.0
2020-08-10 21:00:00+00:00,6082.5,6212.0,6077.0,6134.0,17872.0
2020-08-11 21:00:00+00:00,6155.0,6302.2,6133.4,6274.2,16939.0
2020-08-12 21:00:00+00:00,6251.6,6253.6,6164.4,6180.4,15421.0
2020-08-13 21:00:00+00:00,6184.9,6205.4,6035.9,6086.1,16370.0
2020-08-16 21:00:00+00:00,6088.7,6143.7,6059.7,6120.8,14259.0
2020-08-17 21:00:00+00:00,6126.7,6165.5,6061.0,6070.2,14919.0
2020-08-18 21:00:00+00:00,6075.0,6121.5,6045.3,6085.8,13672.0
2020-08-19 21:00:00+00:00,6060.6,6078.7,6009.4,6016.9,15952.0
2020-08-20 21:00:00+00:00,6025.6,6048.4,5948.4,6019.2,16035.0
2020-08-23 21:00:00+00:00,6019.5,6123.0,6007.0,6114.2,12542.0
2020-08-24 21:00:00+00:00,6123.2,6178.0,6016.0,6052.2,13480.0
2020-08-25 21:00:00+00:00,6051.2,6062.0,5991.7,6054.2,12677.0
2020-08-26 21:00:00+00:00,6055.4,6064.7,5988.4,6005.2,15395.0
2020-08-27 21:00:00+00:00,6009.7,6045.7,5954.0,5985.7,18349.0
2020-08-31 21:00:00+00:00,5920.2,5972.7,5822.7,5872.5,21245.0
2020-09-01 21:00:00+00:00,5886.5,5979.0,5882.0,5971.7,19823.0
2020-09-02 21:00:00+00:00,5971.1,6000.1,5794.4,5816.6,29231.0
2020-09-03 21:00:00+00:00,5789.6,5904.9,5776.4,5837.6,37593.0
2020-09-06 21:00:00+00:00,5814.4,5949.4,5809.2,5938.7,19063.0
2020-09-07 21:00:00+00:00,5943.4,5987.9,5868.7,5899.4,30204.0
2020-09-08 21:00:00+00:00,5868.5,6038.0,5868.5,6007.0,23689.0
2020-09-09 21:00:00+00:00,6021.8,6030.4,5949.4,5958.8,26893.0
2020-09-10 21:00:00+00:00,5965.2,6059.9,5965.2,6027.6,24107.0
2020-09-13 21:00:00+00:00,6057.3,6082.4,6010.9,6020.4,13843.0
2020-09-14 21:00:00+00:00,6033.2,6128.4,6013.6,6085.0,12673.0
2020-09-15 21:00:00+00:00,6096.8,6130.2,6066.0,6082.2,12498.0
2020-09-16 21:00:00+00:00,6083.6,6089.8,6003.1,6050.8,22697.0
2020-09-17 21:00:00+00:00,6048.0,6077.3,5986.0,6001.8,16563.0
2020-09-20 21:00:00+00:00,6005.2,6018.1,5783.6,5837.8,22608.0
2020-09-21 21:00:00+00:00,5860.9,5898.1,5798.4,5892.8,20729.0
2020-09-22 21:00:00+00:00,5888.2,5982.9,5853.1,5860.1,20525.0
2020-09-23 21:00:00+00:00,5846.8,5902.1,5810.6,5837.2,21771.0
2020-09-24 21:00:00+00:00,5869.4,5888.5,5776.7,5885.4,18750.0
2020-09-27 21:00:00+00:00,5891.0,5962.8,5882.1,5946.6,14271.0
2020-09-28 21:00:00+00:00,5967.1,5969.6,5867.6,5901.9,13480.0
2020-09-29 21:00:00+00:00,5914.0,5940.8,5854.3,5872.5,24146.0
2020-09-30 21:00:00+00:00,5879.0,5933.0,5854.0,5886.4,18028.0
2020-10-01 21:00:00+00:00,5884.2,5921.7,5799.9,5907.7,26381.0
2020-10-04 21:00:00+00:00,5941.0,5981.5,5921.0,5969.0,12036.0
2020-10-05 21:00:00+00:00,5958.4,5976.1,5905.3,5915.6,17982.0
2020-10-06 21:00:00+00:00,5911.0,5980.5,5910.5,5955.0,13938.0
2020-10-07 21:00:00+00:00,5958.4,6007.9,5931.4,6002.4,11819.0
2020-10-08 21:00:00+00:00,6016.3,6045.1,5994.3,6010.6,10286.0
2020-10-11 21:00:00+00:00,6011.0,6042.3,5996.0,6027.0,9585.0
2020-10-12 21:00:00+00:00,6029.2,6034.8,5954.5,5977.0,12622.0
2020-10-13 21:00:00+00:00,5985.2,6015.3,5907.3,5910.0,11618.0
2020-10-14 21:00:00+00:00,5932.4,5935.8,5787.3,5868.8,16930.0
2020-10-15 21:00:00+00:00,5875.6,5939.7,5861.2,5922.2,16211.0
2020-10-18 21:00:00+00:00,5928.4,5966.9,5850.4,5856.7,12583.0
2020-10-19 21:00:00+00:00,5881.6,5921.4,5859.6,5890.2,14894.0
2020-10-20 21:00:00+00:00,5899.5,5921.4,5763.2,5765.7,16835.0
2020-10-21 21:00:00+00:00,5747.0,5813.5,5717.6,5806.0,16610.0
2020-10-22 21:00:00+00:00,5805.1,5889.1,5784.7,5875.4,13605.0
2020-10-25 21:00:00+00:00,5845.0,5872.5,5760.3,5797.2,19895.0
2020-10-26 21:00:00+00:00,5823.3,5823.3,5697.8,5698.2,18668.0
2020-10-27 21:00:00+00:00,5698.1,5720.5,5527.3,5555.6,29943.0
2020-10-28 21:00:00+00:00,5555.8,5635.6,5536.2,5592.4,32213.0
2020-10-29 21:00:00+00:00,5576.8,5611.8,5491.4,5600.9,39361.0
2020-11-01 22:00:00+00:00,5558.6,5674.6,5552.9,5666.8,27896.0
2020-11-02 22:00:00+00:00,5687.8,5812.0,5684.9,5792.8,20107.0
2020-11-03 22:00:00+00:00,5763.6,5906.9,5660.5,5856.5,88397.0
2020-11-04 22:00:00+00:00,5860.0,5936.7,5854.1,5900.4,33838.0
2020-11-05 22:00:00+00:00,5882.6,5954.7,5859.9,5908.7,27685.0
2020-11-08 22:00:00+00:00,5975.1,6264.4,5967.2,6157.8,80463.0
2020-11-09 22:00:00+00:00,6144.2,6319.6,6108.0,6283.0,55800.0
2020-11-10 22:00:00+00:00,6265.9,6403.9,6265.9,6375.0,38494.0
2020-11-11 22:00:00+00:00,6352.4,6373.7,6270.9,6286.3,31077.0
2020-11-12 22:00:00+00:00,6279.8,6355.6,6262.6,6343.8,26752.0
2020-11-15 22:00:00+00:00,6370.1,6468.7,6334.9,6430.0,26776.0
2020-11-16 22:00:00+00:00,6415.5,6428.5,6312.8,6362.9,17506.0
2020-11-17 22:00:00+00:00,6350.5,6398.7,6321.1,6321.8,17446.0
2020-11-18 22:00:00+00:00,6315.0,6374.3,6311.6,6369.7,19714.0
2020-11-19 22:00:00+00:00,6341.4,6396.2,6322.7,6358.6,17282.0
2020-11-22 22:00:00+00:00,6372.2,6394.7,6323.6,6350.3,19855.0
2020-11-23 22:00:00+00:00,6377.8,6455.8,6367.2,6451.6,15621.0
2020-11-24 22:00:00+00:00,6465.0,6489.8,6374.9,6392.9,20046.0
2020-11-25 22:00:00+00:00,6395.0,6415.0,6343.9,6350.1,13550.0
2020-11-26 22:00:00+00:00,6357.6,6420.4,6303.4,6418.1,21045.0
2020-11-29 22:00:00+00:00,6384.4,6407.4,6248.6,6252.4,30759.0
2020-11-30 22:00:00+00:00,6296.1,6399.4,6289.1,6393.6,25069.0
2020-12-01 22:00:00+00:00,6370.6,6469.4,6352.4,6445.6,21229.0
2020-12-02 22:00:00+00:00,6437.0,6511.1,6429.2,6480.4,18073.0
2020-12-03 22:00:00+00:00,6482.7,6568.7,6482.2,6562.7,19356.0
2020-12-06 22:00:00+00:00,6562.0,6601.7,6519.8,6534.9,16091.0
2020-12-07 22:00:00+00:00,6539.3,6574.8,6518.2,6573.4,11852.0
2020-12-08 22:00:00+00:00,6585.3,6624.9,6539.6,6578.6,14231.0
2020-12-09 22:00:00+00:00,6569.0,6641.2,6560.7,6600.0,14198.0
2020-12-10 22:00:00+00:00,6611.5,6614.1,6520.6,6568.0,16162.0
2020-12-13 22:00:00+00:00,6590.5,6593.5,6507.7,6512.7,13499.0
2020-12-14 22:00:00+00:00,6514.6,6560.6,6484.3,6547.1,15918.0
2020-12-15 22:00:00+00:00,6538.1,6600.7,6531.7,6580.1,11684.0
2020-12-16 22:00:00+00:00,6566.8,6604.8,6544.8,6553.6,10497.0
2020-12-17 22:00:00+00:00,6551.0,6605.8,6506.5,6518.0,13977.0
2020-12-20 22:00:00+00:00,6475.4,6475.6,6310.0,6434.0,33478.0
2020-12-21 22:00:00+00:00,6411.2,6467.4,6370.0,6461.2,17998.0
2020-12-22 22:00:00+00:00,6431.9,6526.0,6414.4,6511.0,18178.0
2020-12-23 22:00:00+00:00,6504.3,6538.4,6477.2,6510.2,8247.0
2020-12-28 22:00:00+00:00,6570.8,6679.7,6558.3,6586.7,15274.0
2020-12-29 22:00:00+00:00,6583.0,6624.7,6506.9,6510.8,11953.0
2020-12-30 22:00:00+00:00,6517.9,6524.2,6430.2,6457.3,9528.0
2021-01-03 22:00:00+00:00,6484.9,6664.9,6468.9,6552.9,26876.0
2021-01-04 22:00:00+00:00,6566.2,6649.4,6516.9,6624.4,24935.0
2021-01-05 22:00:00+00:00,6627.5,6870.6,6602.3,6834.5,49484.0
2021-01-06 22:00:00+00:00,6851.4,6964.2,6797.8,6863.2,22369.0
2021-01-07 22:00:00+00:00,6885.9,6916.3,6840.8,6910.7,19065.0
2021-01-10 22:00:00+00:00,6888.9,6889.6,6772.6,6802.7,20175.0
2021-01-11 22:00:00+00:00,6823.4,6830.8,6726.1,6772.4,21202.0
2021-01-12 22:00:00+00:00,6759.8,6781.3,6739.8,6754.1,12903.0
2021-01-13 22:00:00+00:00,6760.9,6816.6,6742.4,6800.4,17324.0
2021-01-14 22:00:00+00:00,6799.0,6806.2,6679.9,6730.4,23881.0
2021-01-17 22:00:00+00:00,6730.4,6748.8,6713.4,6741.6,14828.0
2021-01-18 22:00:00+00:00,6752.0,6776.6,6702.1,6736.0,14659.0
2021-01-19 22:00:00+00:00,6736.7,6765.3,6700.9,6763.6,15969.0
2021-01-20 22:00:00+00:00,6767.8,6784.1,6704.9,6735.0,11728.0
2021-01-21 22:00:00+00:00,6720.4,6730.9,6651.1,6698.4,18443.0
2021-01-24 22:00:00+00:00,6711.1,6721.5,6611.5,6681.5,18644.0
2021-01-25 22:00:00+00:00,6667.6,6707.8,6626.5,6664.2,16960.0
2021-01-26 22:00:00+00:00,6665.9,6673.3,6517.8,6526.0,32887.0
2021-01-27 22:00:00+00:00,6538.0,6574.0,6453.8,6543.4,37849.0
2021-01-28 22:00:00+00:00,6525.6,6537.4,6368.5,6398.8,44928.0
2021-01-31 22:00:00+00:00,6395.3,6515.8,6394.2,6511.1,27802.0
2021-02-01 22:00:00+00:00,6508.6,6554.8,6497.9,6551.6,17980.0
2021-02-02 22:00:00+00:00,6564.9,6596.3,6509.3,6553.1,18390.0
2021-02-03 22:00:00+00:00,6544.2,6575.8,6497.3,6519.0,12104.0
2021-02-04 22:00:00+00:00,6519.8,6538.0,6475.8,6523.4,12088.0
2021-02-07 22:00:00+00:00,6542.0,6588.3,6520.5,6548.6,9816.0
2021-02-08 22:00:00+00:00,6550.1,6573.8,6516.1,6563.6,12168.0
2021-02-09 22:00:00+00:00,6563.6,6600.6,6497.8,6529.5,13172.0
2021-02-10 22:00:00+00:00,6524.7,6574.1,6524.2,6550.8,10927.0
2021-02-11 22:00:00+00:00,6544.9,6627.7,6501.5,6625.6,10280.0
2021-02-14 22:00:00+00:00,6622.9,6779.0,6622.3,6762.0,9218.0
2021-02-15 22:00:00+00:00,6764.5,6801.3,6736.4,6746.1,13259.0
2021-02-16 22:00:00+00:00,6733.8,6771.6,6702.3,6728.6,16918.0
2021-02-17 22:00:00+00:00,6723.6,6735.1,6593.1,6629.0,17677.0
2021-02-18 22:00:00+00:00,6630.4,6650.8,6580.9,6604.1,24588.0
2021-02-21 22:00:00+00:00,6626.1,6629.3,6549.0,6592.3,20857.0
2021-02-22 22:00:00+00:00,6595.2,6678.8,6555.8,6623.6,24695.0
2021-02-23 22:00:00+00:00,6617.8,6693.0,6567.4,6683.9,25729.0
2021-02-24 22:00:00+00:00,6678.6,6709.5,6574.4,6594.6,24368.0
2021-02-25 22:00:00+00:00,6587.2,6651.8,6466.3,6493.9,53225.0
2021-02-28 22:00:00+00:00,6531.1,6618.8,6522.9,6613.0,17735.0
2021-03-01 22:00:00+00:00,6601.8,6665.8,6556.7,6629.2,19286.0
2021-03-02 22:00:00+00:00,6640.4,6709.7,6619.8,6644.4,17935.0
2021-03-03 22:00:00+00:00,6626.2,6670.0,6564.2,6603.2,38308.0
2021-03-04 22:00:00+00:00,6570.8,6712.5,6552.8,6701.0,40956.0
2021-03-07 22:00:00+00:00,6715.2,6732.7,6611.0,6698.6,35332.0
2021-03-08 22:00:00+00:00,6707.4,6787.7,6684.0,6731.2,24315.0
2021-03-09 22:00:00+00:00,6721.4,6742.8,6677.7,6734.4,22834.0
2021-03-10 22:00:00+00:00,6724.1,6760.6,6697.5,6727.6,11862.0
2021-03-11 22:00:00+00:00,6729.1,6799.0,6696.5,6798.1,11345.0
2021-03-14 21:00:00+00:00,6797.3,6810.6,6723.0,6772.8,13656.0
2021-03-15 21:00:00+00:00,6770.8,6814.3,6770.8,6799.8,10778.0
2021-03-16 21:00:00+00:00,6795.9,6805.5,6753.3,6781.1,12141.0
2021-03-17 21:00:00+00:00,6794.6,6806.1,6716.5,6735.6,15826.0
2021-03-18 21:00:00+00:00,6742.0,6756.5,6663.8,6720.1,19901.0
2021-03-21 21:00:00+00:00,6712.8,6737.3,6646.8,6717.8,13381.0
2021-03-22 21:00:00+00:00,6717.9,6724.8,6660.4,6671.0,11837.0
2021-03-23 21:00:00+00:00,6666.4,6725.0,6651.0,6697.1,11424.0
2021-03-24 21:00:00+00:00,6695.4,6731.6,6617.1,6708.4,17814.0
2021-03-25 21:00:00+00:00,6705.4,6784.1,6697.9,6770.2,11468.0
2021-03-28 21:00:00+00:00,6770.3,6777.4,6704.6,6770.9,12573.0
2021-03-29 21:00:00+00:00,6777.6,6793.6,6728.6,6772.6,10227.0
2021-03-30 21:00:00+00:00,6776.8,6789.6,6713.5,6728.9,9320.0
2021-03-31 21:00:00+00:00,6728.4,6786.8,6718.4,6779.5,7723.0
2021-04-05 21:00:00+00:00,6822.4,6845.7,6759.0,6829.8,10669.0
2021-04-06 21:00:00+00:00,6835.8,6910.5,6830.5,6909.1,8585.0
2021-04-07 21:00:00+00:00,6915.8,6956.5,6891.8,6950.6,8673.0
2021-04-08 21:00:00+00:00,6958.0,6964.8,6911.8,6940.2,7970.0
2021-04-11 21:00:00+00:00,6940.1,6940.1,6856.8,6899.8,8340.0
2021-04-12 21:00:00+00:00,6899.9,6904.8,6861.5,6897.8,7403.0
2021-04-13 21:00:00+00:00,6894.3,6947.3,6885.5,6928.1,7147.0
2021-04-14 21:00:00+00:00,6929.7,7004.0,6929.0,6997.9,8009.0
2021-04-15 21:00:00+00:00,6998.4,7039.7,6987.9,7030.4,7932.0
2021-04-18 21:00:00+00:00,7013.4,7042.1,6980.0,6993.9,9244.0
2021-04-19 21:00:00+00:00,7000.1,7009.8,6853.8,6877.3,11093.0
2021-04-20 21:00:00+00:00,6874.6,6934.6,6843.5,6933.5,10583.0
2021-04-21 21:00:00+00:00,6920.0,6943.8,6890.0,6899.2,11678.0
2021-04-22 21:00:00+00:00,6905.8,6946.8,6893.1,6927.4,7974.0
2021-04-25 21:00:00+00:00,6920.4,6974.5,6915.0,6960.8,7153.0
2021-04-26 21:00:00+00:00,6966.1,6980.5,6930.3,6954.5,7427.0
2021-04-27 21:00:00+00:00,6950.6,6989.5,6941.8,6968.6,8082.0
2021-04-28 21:00:00+00:00,6972.1,7020.8,6941.2,6971.6,8826.0
2021-04-29 21:00:00+00:00,6962.9,7011.2,6934.6,6968.1,9424.0
2021-05-03 21:00:00+00:00,7003.0,7041.3,6912.1,6947.3,15299.0
2021-05-04 21:00:00+00:00,6951.4,7059.1,6947.4,7052.9,8616.0
2021-05-05 21:00:00+00:00,7044.4,7103.6,7027.3,7101.3,11127.0
2021-05-06 21:00:00+00:00,7096.6,7152.6,7081.4,7144.6,9327.0
2021-05-09 21:00:00+00:00,7146.2,7169.8,7072.0,7077.6,8590.0
2021-05-10 21:00:00+00:00,7078.1,7080.8,6912.1,6965.6,19806.0
2021-05-11 21:00:00+00:00,6965.2,7029.5,6895.2,6969.2,25036.0
2021-05-12 21:00:00+00:00,6970.8,6992.2,6822.5,6979.6,22413.0
2021-05-13 21:00:00+00:00,6985.2,7075.6,6981.0,7071.4,12581.0
2021-05-16 21:00:00+00:00,7069.2,7075.5,6988.6,7058.5,16454.0
2021-05-17 21:00:00+00:00,7066.2,7108.1,7014.7,7016.7,9599.0
2021-05-18 21:00:00+00:00,7000.0,7017.1,6896.3,6981.1,23503.0
2021-05-19 21:00:00+00:00,6958.6,7029.8,6927.0,7026.1,11942.0
2021-05-20 21:00:00+00:00,7030.0,7037.4,6972.3,7019.5,11916.0
2021-05-23 21:00:00+00:00,7021.2,7066.0,7014.8,7053.4,8429.0
2021-05-24 21:00:00+00:00,7061.9,7081.0,7002.5,7011.8,9718.0
2021-05-25 21:00:00+00:00,7022.3,7053.0,7000.3,7029.2,9475.0
2021-05-26 21:00:00+00:00,7027.9,7045.2,6998.6,7030.3,9112.0
2021-05-27 21:00:00+00:00,7043.0,7055.2,7013.7,7014.6,7590.0
2021-05-31 21:00:00+00:00,7041.4,7119.8,6990.4,7075.4,10631.0
2021-06-01 21:00:00+00:00,7074.4,7123.9,7067.9,7106.8,9577.0
2021-06-02 21:00:00+00:00,7105.3,7122.2,7012.5,7068.2,10173.0
2021-06-03 21:00:00+00:00,7056.8,7085.9,7038.6,7078.0,7527.0
2021-06-06 21:00:00+00:00,7081.7,7099.4,7039.6,7079.7,7553.0
2021-06-07 21:00:00+00:00,7085.4,7122.4,7072.2,7101.7,6818.0
2021-06-08 21:00:00+00:00,7101.0,7109.9,7045.4,7081.6,7394.0
2021-06-09 21:00:00+00:00,7082.4,7118.7,7077.7,7088.0,7902.0
2021-06-10 21:00:00+00:00,7086.8,7156.6,7075.6,7152.0,6194.0
2021-06-13 21:00:00+00:00,7159.8,7192.0,7136.0,7159.9,6430.0
2021-06-14 21:00:00+00:00,7162.3,7189.8,7153.4,7183.4,7638.0
2021-06-15 21:00:00+00:00,7179.8,7217.8,7148.9,7171.8,10698.0
2021-06-16 21:00:00+00:00,7152.4,7172.0,7127.5,7160.3,9839.0
2021-06-17 21:00:00+00:00,7161.2,7161.2,7003.8,7015.4,14452.0
2021-06-20 21:00:00+00:00,7005.0,7092.8,6947.3,7087.4,16147.0
2021-06-21 21:00:00+00:00,7089.9,7098.4,7059.8,7078.9,9855.0
2021-06-22 21:00:00+00:00,7082.6,7127.0,7064.9,7071.0,8437.0
2021-06-23 21:00:00+00:00,7071.0,7119.2,7067.1,7115.0,7334.0
2021-06-24 21:00:00+00:00,7122.8,7148.5,7107.8,7147.0,5060.0
2021-06-27 21:00:00+00:00,7149.8,7152.6,7064.8,7076.5,7180.0
2021-06-28 21:00:00+00:00,7073.6,7116.8,7060.0,7077.6,7275.0
2021-06-29 21:00:00+00:00,7086.4,7098.8,7003.5,7054.3,10508.0
2021-06-30 21:00:00+00:00,7061.0,7143.6,7046.9,7142.0,11129.0
2021-07-01 21:00:00+00:00,7136.6,7158.8,7099.8,7123.8,8053.0
2021-07-04 21:00:00+00:00,7119.4,7159.3,7100.5,7147.3,6138.0
2021-07-05 21:00:00+00:00,7151.8,7162.3,7064.0,7092.4,10361.0
2021-07-06 21:00:00+00:00,7086.9,7151.3,7078.4,7142.0,10625.0
2021-07-07 21:00:00+00:00,7135.5,7137.8,6967.5,7025.8,21056.0
2021-07-08 21:00:00+00:00,7015.0,7111.5,6993.5,7100.4,14011.0
2021-07-11 21:00:00+00:00,7106.8,7121.2,7051.0,7109.4,10175.0
2021-07-12 21:00:00+00:00,7114.6,7136.7,7103.8,7113.0,8346.0
2021-07-13 21:00:00+00:00,7108.4,7122.0,7060.3,7075.9,9887.0
2021-07-14 21:00:00+00:00,7073.8,7101.5,6990.0,7008.3,13342.0
2021-07-15 21:00:00+00:00,7001.2,7051.6,6964.4,6975.6,13211.0
2021-07-18 21:00:00+00:00,6960.6,6960.6,6798.8,6843.8,24181.0
2021-07-19 21:00:00+00:00,6848.1,6924.0,6819.2,6905.0,18367.0
2021-07-20 21:00:00+00:00,6914.8,7011.5,6874.9,7005.4,16010.0
2021-07-21 21:00:00+00:00,7003.4,7015.7,6950.5,6967.6,10552.0
2021-07-22 21:00:00+00:00,6980.4,7036.6,6968.0,7023.0,8079.0
2021-07-25 21:00:00+00:00,7025.8,7034.2,6975.3,7025.9,9649.0
2021-07-26 21:00:00+00:00,7020.8,7029.6,6922.5,7006.8,13938.0
2021-07-27 21:00:00+00:00,7003.3,7024.8,6972.5,7010.1,15236.0
2021-07-28 21:00:00+00:00,7011.9,7093.3,6997.0,7058.5,10528.0
2021-07-29 21:00:00+00:00,7046.5,7056.5,6994.4,7033.9,13631.0
2021-08-01 21:00:00+00:00,7055.2,7119.0,7046.6,7065.5,10116.0
2021-08-02 21:00:00+00:00,7073.8,7132.0,7069.3,7123.8,10349.0
2021-08-03 21:00:00+00:00,7114.5,7150.0,7112.9,7120.8,7987.0
2021-08-04 21:00:00+00:00,7118.8,7138.5,7103.1,7128.8,6018.0
2021-08-05 21:00:00+00:00,7128.4,7144.2,7112.2,7131.6,5967.0
2021-08-08 21:00:00+00:00,7110.7,7148.6,7096.6,7144.9,6195.0
2021-08-09 21:00:00+00:00,7142.4,7185.6,7123.1,7185.3,5069.0
2021-08-10 21:00:00+00:00,7183.1,7244.3,7177.6,7243.4,5810.0
2021-08-11 21:00:00+00:00,7209.2,7219.2,7187.3,7210.3,5507.0
2021-08-12 21:00:00+00:00,7211.6,7228.3,7198.9,7213.4,4527.0
2021-08-15 21:00:00+00:00,7210.0,7210.3,7119.5,7173.1,8716.0
2021-08-16 21:00:00+00:00,7171.0,7192.5,7114.0,7181.1,10586.0
2021-08-17 21:00:00+00:00,7169.4,7211.4,7130.1,7130.4,8338.0
2021-08-18 21:00:00+00:00,7108.6,7119.2,6990.2,7075.3,19061.0
2021-08-19 21:00:00+00:00,7072.7,7116.1,7031.8,7111.2,12856.0
2021-08-22 21:00:00+00:00,7107.2,7152.3,7099.8,7113.3,8153.0
2021-08-23 21:00:00+00:00,7120.8,7132.3,7075.3,7113.3,5831.0
2021-08-24 21:00:00+00:00,7114.4,7154.1,7105.7,7139.3,4937.0
2021-08-25 21:00:00+00:00,7132.4,7146.3,7093.3,7125.2,8711.0
2021-08-26 21:00:00+00:00,7119.2,7160.3,7108.8,7150.4,6374.0
2021-08-30 21:00:00+00:00,7142.1,7179.3,7091.6,7122.9,9187.0
2021-08-31 21:00:00+00:00,7129.2,7190.1,7126.2,7159.2,7596.0
2021-09-01 21:00:00+00:00,7147.6,7170.6,7125.2,7147.4,5714.0
2021-09-02 21:00:00+00:00,7148.7,7180.9,7120.6,7139.2,7497.0
2021-09-05 21:00:00+00:00,7133.8,7196.9,7120.4,7184.7,4805.0
2021-09-06 21:00:00+00:00,7176.8,7179.9,7114.6,7123.2,7149.0
2021-09-07 21:00:00+00:00,7112.9,7131.6,7057.9,7081.4,12425.0
2021-09-08 21:00:00+00:00,7076.5,7081.5,6990.4,7005.0,11467.0
2021-09-09 21:00:00+00:00,7003.5,7056.5,7000.3,7005.4,10077.0
2021-09-12 21:00:00+00:00,7027.9,7092.8,7014.4,7066.0,10954.0
2021-09-13 21:00:00+00:00,7072.1,7078.3,7017.8,7024.0,10384.0
2021-09-14 21:00:00+00:00,7022.8,7051.3,7010.4,7047.0,8993.0
2021-09-15 21:00:00+00:00,7053.7,7075.5,7024.0,7070.2,8541.0
2021-09-16 21:00:00+00:00,7054.3,7093.8,6930.9,6984.3,16464.0
2021-09-19 21:00:00+00:00,6974.3,6980.8,6824.8,6899.8,23929.0
2021-09-20 21:00:00+00:00,6914.1,7006.3,6912.3,6962.5,16596.0
2021-09-21 21:00:00+00:00,6947.6,7105.5,6931.4,7069.5,19448.0
2021-09-22 21:00:00+00:00,7080.3,7133.6,7069.8,7090.8,10501.0
2021-09-23 21:00:00+00:00,7091.5,7101.4,7039.2,7061.6,11558.0
2021-09-26 21:00:00+00:00,7077.8,7131.4,7044.8,7074.5,10623.0
2021-09-27 21:00:00+00:00,7068.4,7084.3,7009.6,7023.8,17334.0
2021-09-28 21:00:00+00:00,7033.8,7118.8,7009.8,7095.0,20434.0
2021-09-29 21:00:00+00:00,7101.2,7159.2,7061.0,7064.7,17889.0
2021-09-30 21:00:00+00:00,7070.6,7082.7,6986.2,7056.7,24906.0
2021-10-03 21:00:00+00:00,7081.4,7083.3,7001.5,7036.9,23615.0
2021-10-04 21:00:00+00:00,7044.6,7088.8,7007.4,7070.6,18202.0
2021-10-05 21:00:00+00:00,7064.0,7077.1,6946.3,7047.2,20817.0
2021-10-06 21:00:00+00:00,7057.6,7097.6,7043.4,7075.4,10674.0
2021-10-07 21:00:00+00:00,7093.4,7111.9,7064.4,7095.5,9876.0
2021-10-10 21:00:00+00:00,7056.9,7151.4,7054.6,7111.5,11088.0
2021-10-11 21:00:00+00:00,7109.7,7150.8,7060.9,7130.8,13615.0
2021-10-12 21:00:00+00:00,7119.1,7176.9,7089.2,7170.5,11743.0
2021-10-13 21:00:00+00:00,7180.7,7224.0,7172.8,7222.6,8270.0
2021-10-14 21:00:00+00:00,7236.1,7250.6,7213.2,7243.3,8115.0
2021-10-17 21:00:00+00:00,7225.1,7242.0,7184.5,7205.1,7734.0
2021-10-18 21:00:00+00:00,7207.7,7233.2,7194.3,7232.7,6952.0
2021-10-19 21:00:00+00:00,7238.4,7240.0,7202.3,7220.8,5843.0
2021-10-20 21:00:00+00:00,7214.7,7226.1,7180.1,7205.3,7632.0
2021-10-21 21:00:00+00:00,7199.0,7235.1,7187.8,7221.2,7927.0
2021-10-24 21:00:00+00:00,7209.2,7246.7,7206.9,7227.0,6174.0
2021-10-25 21:00:00+00:00,7236.4,7283.7,7227.2,7275.3,7375.0
2021-10-26 21:00:00+00:00,7281.2,7283.3,7247.7,7253.4,8710.0
2021-10-27 21:00:00+00:00,7270.6,7270.6,7219.3,7256.4,8608.0
2021-10-28 21:00:00+00:00,7250.0,7258.8,7190.1,7252.5,9962.0
2021-10-31 21:00:00+00:00,7278.0,7310.6,7253.4,7303.4,6736.0
2021-11-01 21:00:00+00:00,7302.9,7308.0,7242.8,7272.6,7402.0
2021-11-02 21:00:00+00:00,7275.1,7286.0,7239.3,7273.6,6421.0
2021-11-03 21:00:00+00:00,7271.0,7298.1,7251.6,7280.0,7703.0
2021-11-04 21:00:00+00:00,7283.7,7331.5,7262.9,7308.2,7625.0
2021-11-07 22:00:00+00:00,7302.6,7319.8,7291.3,7301.0,6002.0
2021-11-08 22:00:00+00:00,7286.3,7317.3,7271.8,7285.0,8479.0
2021-11-09 22:00:00+00:00,7276.8,7342.3,7260.0,7329.5,10674.0
2021-11-10 22:00:00+00:00,7323.5,7397.3,7312.7,7381.8,8084.0
2021-11-11 22:00:00+00:00,7400.3,7402.8,7339.0,7348.2,8369.0
2021-11-14 22:00:00+00:00,7358.0,7366.3,7332.0,7345.2,6928.0
2021-11-15 22:00:00+00:00,7349.3,7373.8,7324.8,7326.3,7509.0
2021-11-16 22:00:00+00:00,7319.8,7327.3,7280.3,7291.8,7245.0
2021-11-17 22:00:00+00:00,7289.1,7293.3,7241.1,7264.8,7450.0
2021-11-18 22:00:00+00:00,7269.3,7297.3,7197.7,7215.7,14990.0
2021-11-21 22:00:00+00:00,7228.4,7273.3,7208.3,7237.8,10996.0
2021-11-22 22:00:00+00:00,7243.0,7294.3,7203.3,7290.0,19233.0
2021-11-23 22:00:00+00:00,7287.8,7308.8,7244.5,7299.0,13540.0
2021-11-24 22:00:00+00:00,7308.6,7314.5,7288.6,7309.5,5746.0
2021-11-25 22:00:00+00:00,7262.2,7264.0,6994.1,7026.4,38221.0
2021-11-28 22:00:00+00:00,7026.4,7160.4,7026.4,7137.1,21216.0
2021-11-29 22:00:00+00:00,7172.6,7174.4,6971.4,7063.1,41491.0
2021-11-30 22:00:00+00:00,7072.1,7186.8,7044.8,7046.0,25998.0
2021-12-01 22:00:00+00:00,7067.9,7163.6,7061.9,7151.4,32542.0
2021-12-02 22:00:00+00:00,7135.6,7197.6,7092.4,7135.3,28387.0
2021-12-05 22:00:00+00:00,7159.6,7253.1,7145.3,7235.3,20876.0
2021-12-06 22:00:00+00:00,7232.1,7352.6,7222.6,7339.8,13402.0
2021-12-07 22:00:00+00:00,7350.4,7384.6,7327.9,7350.4,15494.0
2021-12-08 22:00:00+00:00,7350.4,7378.2,7303.4,7313.1,10175.0
2021-12-09 22:00:00+00:00,7307.4,7336.6,7284.6,7298.6,9776.0
2021-12-12 22:00:00+00:00,7325.4,7332.9,7228.1,7246.8,10986.0
2021-12-13 22:00:00+00:00,7262.6,7289.1,7210.6,7232.0,14095.0
2021-12-14 22:00:00+00:00,7235.6,7238.3,7168.8,7238.2,14723.0
2021-12-15 22:00:00+00:00,7239.2,7278.3,7213.5,7255.5,20787.0
2021-12-16 22:00:00+00:00,7261.6,7295.3,7233.8,7239.5,19760.0
2021-12-19 22:00:00+00:00,7206.3,7253.8,7105.3,7252.0,26303.0
2021-12-20 22:00:00+00:00,7263.8,7328.3,7247.6,7320.8,13850.0
2021-12-21 22:00:00+00:00,7305.3,7375.8,7282.0,7369.5,9097.0
2021-12-22 22:00:00+00:00,7368.3,7400.8,7342.3,7384.2,7581.0
2021-12-23 22:00:00+00:00,7382.3,7419.8,7360.3,7396.8,2329.0
2021-12-28 22:00:00+00:00,7454.8,7473.3,7418.3,7435.0,9822.0
2021-12-29 22:00:00+00:00,7429.4,7448.6,7396.6,7403.2,7691.0
2021-12-30 22:00:00+00:00,7391.6,7418.1,7368.6,7406.9,3114.0
2022-01-03 22:00:00+00:00,7480.1,7535.5,7438.1,7508.5,11999.0
2022-01-04 22:00:00+00:00,7501.2,7543.5,7461.5,7464.2,11867.0
2022-01-05 22:00:00+00:00,7464.6,7506.0,7415.2,7454.2,18668.0
2022-01-06 22:00:00+00:00,7474.2,7503.0,7439.2,7500.4,15270.0
2022-01-09 22:00:00+00:00,7487.2,7517.0,7429.5,7481.0,17219.0
2022-01-10 22:00:00+00:00,7489.8,7530.7,7465.5,7530.7,16050.0
2022-01-11 22:00:00+00:00,7536.5,7573.3,7522.2,7562.0,12222.0
2022-01-12 22:00:00+00:00,7554.9,7584.4,7536.9,7547.9,12736.0
2022-01-13 22:00:00+00:00,7551.9,7583.4,7520.1,7574.4,16947.0
2022-01-16 22:00:00+00:00,7571.4,7626.5,7561.2,7617.0,9344.0
2022-01-17 22:00:00+00:00,7624.6,7637.5,7540.3,7570.0,17888.0
2022-01-18 22:00:00+00:00,7563.0,7623.9,7527.8,7587.8,19095.0
2022-01-19 22:00:00+00:00,7584.8,7642.5,7535.0,7541.7,16794.0
2022-01-20 22:00:00+00:00,7519.7,7541.0,7431.5,7436.2,31095.0
2022-01-23 22:00:00+00:00,7456.5,7500.7,7234.3,7391.5,42039.0
2022-01-24 22:00:00+00:00,7353.8,7459.3,7313.0,7425.5,47303.0
2022-01-25 22:00:00+00:00,7418.0,7534.3,7401.5,7441.5,46294.0
2022-01-26 22:00:00+00:00,7406.6,7603.3,7329.0,7536.5,44285.0
2022-01-27 22:00:00+00:00,7552.0,7590.8,7424.3,7513.0,39821.0
2022-01-30 22:00:00+00:00,7509.2,7541.0,7455.5,7526.2,19552.0
2022-01-31 22:00:00+00:00,7519.5,7570.0,7488.5,7564.8,17438.0
2022-02-01 22:00:00+00:00,7576.8,7615.8,7563.3,7605.5,12812.0
2022-02-02 22:00:00+00:00,7581.0,7606.8,7517.3,7521.0,16834.0
2022-02-03 22:00:00+00:00,7551.6,7600.8,7497.8,7534.0,20339.0
2022-02-06 22:00:00+00:00,7529.6,7600.0,7506.3,7577.3,18112.0
2022-02-07 22:00:00+00:00,7601.6,7633.8,7550.1,7594.0,14478.0
2022-02-08 22:00:00+00:00,7604.4,7664.8,7594.1,7663.8,11816.0
2022-02-09 22:00:00+00:00,7659.3,7691.3,7619.5,7632.8,19191.0
2022-02-10 22:00:00+00:00,7615.8,7673.8,7579.3,7590.3,35767.0
2022-02-13 22:00:00+00:00,7614.6,7634.8,7483.3,7529.5,49652.0
2022-02-14 22:00:00+00:00,7527.6,7616.3,7495.8,7611.0,23745.0
2022-02-15 22:00:00+00:00,7589.3,7634.8,7563.8,7608.2,18106.0
2022-02-16 22:00:00+00:00,7582.4,7604.6,7493.1,7507.1,25014.0
2022-02-17 22:00:00+00:00,7505.4,7570.6,7489.8,7503.5,27999.0
2022-02-20 22:00:00+00:00,7508.5,7569.3,7409.0,7420.0,38306.0
2022-02-21 22:00:00+00:00,7449.8,7528.0,7355.5,7467.5,45834.0
2022-02-22 22:00:00+00:00,7500.8,7551.8,7464.5,7478.5,26256.0
2022-02-23 22:00:00+00:00,7409.8,7428.1,7173.8,7289.8,117530.0
2022-02-24 22:00:00+00:00,7279.6,7562.0,7250.6,7556.6,63286.0
2022-02-27 22:00:00+00:00,7419.1,7480.1,7356.6,7394.6,75168.0
2022-02-28 22:00:00+00:00,7414.4,7500.3,7273.3,7321.3,61379.0
2022-03-01 22:00:00+00:00,7367.3,7466.1,7297.8,7434.0,67037.0
2022-03-02 22:00:00+00:00,7422.6,7471.2,7223.4,7249.9,49053.0
2022-03-03 22:00:00+00:00,7146.7,7215.4,6912.0,6985.0,64411.0
2022-03-06 22:00:00+00:00,6840.5,7030.5,6760.6,6915.5,116528.0
2022-03-07 22:00:00+00:00,6920.8,7111.2,6840.8,7015.3,115254.0
2022-03-08 22:00:00+00:00,7041.0,7253.5,7033.3,7193.3,55137.0
2022-03-09 22:00:00+00:00,7157.2,7184.2,7064.4,7113.1,65817.0
2022-03-10 22:00:00+00:00,7113.1,7264.6,7053.2,7110.4,58346.0
2022-03-13 21:00:00+00:00,7211.6,7227.4,7143.6,7182.6,45080.0
2022-03-14 21:00:00+00:00,7174.6,7213.6,7078.4,7187.6,41982.0
2022-03-15 21:00:00+00:00,7183.6,7346.9,7172.4,7324.6,59269.0
2022-03-16 21:00:00+00:00,7324.6,7415.8,7255.8,7382.0,35572.0
2022-03-17 21:00:00+00:00,7370.0,7447.0,7311.3,7442.2,25930.0
2022-03-20 21:00:00+00:00,7411.5,7458.8,7378.5,7440.0,19340.0
2022-03-21 21:00:00+00:00,7413.0,7490.3,7413.0,7480.0,12097.0
2022-03-22 21:00:00+00:00,7482.6,7517.3,7421.5,7439.3,12830.0
2022-03-23 21:00:00+00:00,7437.4,7490.9,7427.9,7478.1,16111.0
2022-03-24 21:00:00+00:00,7463.4,7516.5,7436.6,7509.0,14596.0
2022-03-27 21:00:00+00:00,7490.8,7539.5,7458.8,7505.3,14598.0
2022-03-28 21:00:00+00:00,7501.8,7585.0,7497.3,7568.0,18832.0
2022-03-29 21:00:00+00:00,7560.6,7583.3,7522.8,7564.5,16548.0
2022-03-30 21:00:00+00:00,7568.2,7595.0,7488.9,7492.2,17306.0
2022-03-31 21:00:00+00:00,7508.9,7570.4,7499.9,7567.4,14377.0
2022-04-03 21:00:00+00:00,7551.2,7581.9,7530.9,7563.1,12090.0
2022-04-04 21:00:00+00:00,7558.6,7618.4,7535.4,7589.6,14193.0
2022-04-05 21:00:00+00:00,7596.9,7618.9,7533.9,7591.8,22878.0
2022-04-06 21:00:00+00:00,7562.6,7621.3,7532.6,7610.3,19816.0
2022-04-07 21:00:00+00:00,7616.6,7670.1,7584.6,7650.3,14820.0
2022-04-10 21:00:00+00:00,7635.4,7661.3,7576.4,7581.6,18223.0
2022-04-11 21:00:00+00:00,7588.4,7593.2,7530.2,7544.9,20140.0
2022-04-12 21:00:00+00:00,7561.7,7595.4,7541.9,7577.2,14952.0
2022-04-13 21:00:00+00:00,7562.2,7620.7,7547.4,7599.4,15475.0
2022-04-18 21:00:00+00:00,7622.0,7632.2,7563.2,7629.4,16391.0
2022-04-19 21:00:00+00:00,7623.4,7643.5,7589.9,7629.0,15985.0
2022-04-20 21:00:00+00:00,7638.0,7661.0,7542.0,7552.5,16425.0
2022-04-21 21:00:00+00:00,7535.8,7615.0,7485.0,7489.4,20882.0
2022-04-24 21:00:00+00:00,7477.8,7483.0,7339.7,7454.5,35273.0
2022-04-25 21:00:00+00:00,7451.5,7487.5,7350.9,7354.4,24545.0
2022-04-26 21:00:00+00:00,7364.2,7459.9,7344.9,7434.9,36259.0
2022-04-27 21:00:00+00:00,7445.0,7572.7,7435.4,7563.7,21187.0
2022-04-28 21:00:00+00:00,7552.4,7583.4,7439.4,7442.7,24004.0
2022-05-02 21:00:00+00:00,7460.2,7577.9,7460.2,7559.4,26674.0
2022-05-03 21:00:00+00:00,7561.7,7587.4,7490.2,7571.2,22512.0
2022-05-04 21:00:00+00:00,7568.2,7623.1,7461.1,7496.4,35546.0
2022-05-05 21:00:00+00:00,7500.6,7507.4,7351.4,7399.9,48582.0
2022-05-08 21:00:00+00:00,7502.6,7502.6,7183.5,7206.5,42299.0
2022-05-09 21:00:00+00:00,7219.6,7312.3,7157.3,7258.5,54578.0
2022-05-10 21:00:00+00:00,7252.0,7357.0,7235.8,7246.8,40594.0
2022-05-11 21:00:00+00:00,7270.1,7272.8,7153.6,7231.0,39694.0
2022-05-12 21:00:00+00:00,7249.8,7437.6,7245.6,7437.6,23785.0
2022-05-15 21:00:00+00:00,7459.6,7508.3,7358.3,7463.8,23840.0
2022-05-16 21:00:00+00:00,7468.6,7540.6,7460.6,7530.3,19370.0
2022-05-17 21:00:00+00:00,7531.3,7546.6,7390.0,7399.3,18397.0
2022-05-18 21:00:00+00:00,7359.4,7400.8,7228.5,7319.5,37511.0
2022-05-19 21:00:00+00:00,7336.0,7456.3,7323.3,7397.8,27728.0
2022-05-22 21:00:00+00:00,7451.6,7520.2,7415.0,7486.4,20803.0
2022-05-23 21:00:00+00:00,7474.7,7537.9,7427.9,7517.4,25091.0
2022-05-24 21:00:00+00:00,7531.2,7563.0,7494.4,7536.9,23581.0
2022-05-25 21:00:00+00:00,7528.0,7581.7,7503.4,7561.2,14449.0
2022-05-26 21:00:00+00:00,7561.2,7601.5,7541.0,7585.2,13440.0
2022-05-29 21:00:00+00:00,7598.7,7626.5,7575.0,7614.3,10750.0
2022-05-30 21:00:00+00:00,7618.8,7649.6,7581.3,7596.8,20230.0
2022-05-31 21:00:00+00:00,7623.5,7639.0,7518.0,7547.7,18309.0
2022-06-05 21:00:00+00:00,7573.7,7648.0,7567.5,7606.7,13642.0
2022-06-06 21:00:00+00:00,7609.9,7632.2,7570.7,7629.7,13558.0
2022-06-07 21:00:00+00:00,7620.4,7637.4,7548.7,7566.6,13763.0
2022-06-08 21:00:00+00:00,7565.9,7573.4,7420.3,7424.1,16502.0
2022-06-09 21:00:00+00:00,7427.6,7450.6,7292.3,7340.6,24814.0
2022-06-12 21:00:00+00:00,7279.3,7302.6,7173.1,7219.8,33384.0
2022-06-13 21:00:00+00:00,7231.6,7272.9,7133.9,7186.6,29981.0
2022-06-14 21:00:00+00:00,7212.9,7314.4,7183.6,7282.4,37102.0
2022-06-15 21:00:00+00:00,7329.4,7331.6,6996.5,7002.8,39987.0
2022-06-16 21:00:00+00:00,7024.5,7128.5,6992.5,6998.8,32468.0
2022-06-19 21:00:00+00:00,7040.3,7132.3,6966.6,7114.0,16890.0
2022-06-20 21:00:00+00:00,7122.0,7195.8,7109.3,7147.0,15521.0
2022-06-21 21:00:00+00:00,7138.0,7138.0,7029.8,7077.2,21716.0
2022-06-22 21:00:00+00:00,7047.5,7119.0,6992.8,7036.0,24562.0
2022-06-23 21:00:00+00:00,7017.0,7249.3,7015.8,7243.2,16597.0
2022-06-26 21:00:00+00:00,7222.6,7288.8,7213.0,7252.3,17087.0
2022-06-27 21:00:00+00:00,7259.5,7364.8,7241.0,7275.3,18549.0
2022-06-28 21:00:00+00:00,7285.0,7348.5,7248.5,7299.5,21151.0
2022-06-29 21:00:00+00:00,7296.2,7302.4,7108.1,7202.6,26565.0
2022-06-30 21:00:00+00:00,7200.9,7235.6,7097.9,7235.4,26139.0
2022-07-03 21:00:00+00:00,7204.1,7257.9,7176.4,7226.6,14542.0
2022-07-04 21:00:00+00:00,7261.2,7282.9,7011.9,7099.4,25931.0
2022-07-05 21:00:00+00:00,7092.0,7202.2,7069.9,7163.6,27868.0
2022-07-06 21:00:00+00:00,7159.7,7217.4,7133.2,7201.4,19591.0
2022-07-07 21:00:00+00:00,7196.7,7214.7,7129.9,7180.9,20692.0
2022-07-10 21:00:00+00:00,7188.2,7217.9,7097.4,7180.4,18367.0
2022-07-11 21:00:00+00:00,7196.2,7229.5,7141.4,7196.5,19402.0
2022-07-12 21:00:00+00:00,7189.3,7216.3,7105.5,7177.5,23969.0
2022-07-13 21:00:00+00:00,7130.6,7192.1,7010.6,7077.8,24964.0
2022-07-14 21:00:00+00:00,7096.3,7178.9,7041.1,7178.9,19983.0
2022-07-17 21:00:00+00:00,7184.2,7277.7,7164.4,7187.0,14771.0
2022-07-18 21:00:00+00:00,7200.3,7324.8,7180.8,7318.2,16441.0
2022-07-19 21:00:00+00:00,7321.6,7355.8,7244.3,7258.5,20054.0
2022-07-20 21:00:00+00:00,7250.4,7303.5,7205.5,7295.8,23549.0
2022-07-21 21:00:00+00:00,7279.3,7319.9,7234.7,7253.4,17780.0
2022-07-24 21:00:00+00:00,7249.0,7324.5,7242.2,7322.5,15929.0
2022-07-25 21:00:00+00:00,7300.2,7370.0,7292.5,7298.7,13725.0
2022-07-26 21:00:00+00:00,7320.0,7392.1,7320.0,7389.0,15594.0
2022-07-27 21:00:00+00:00,7378.1,7406.3,7307.8,7363.8,14269.0
2022-07-28 21:00:00+00:00,7368.4,7451.1,7352.3,7450.8,14445.0
2022-07-31 21:00:00+00:00,7412.6,7471.3,7397.1,7409.6,13465.0
2022-08-01 21:00:00+00:00,7399.6,7435.8,7377.3,7392.8,14344.0
2022-08-02 21:00:00+00:00,7396.6,7468.7,7372.1,7456.5,13277.0
2022-08-03 21:00:00+00:00,7435.0,7493.7,7417.9,7439.9,13639.0
2022-08-04 21:00:00+00:00,7440.2,7471.7,7417.9,7458.9,11401.0
2022-08-07 21:00:00+00:00,7448.7,7516.2,7446.7,7479.9,11920.0
2022-08-08 21:00:00+00:00,7486.4,7505.4,7471.9,7479.4,10311.0
2022-08-09 21:00:00+00:00,7488.4,7536.9,7465.7,7526.6,12023.0
2022-08-10 21:00:00+00:00,7505.5,7528.5,7461.5,7471.3,11863.0
2022-08-11 21:00:00+00:00,7473.0,7550.0,7467.0,7550.0,9446.0
2022-08-14 21:00:00+00:00,7535.3,7546.8,7467.3,7541.8,7958.0
2022-08-15 21:00:00+00:00,7535.3,7570.5,7525.8,7566.8,9828.0
2022-08-16 21:00:00+00:00,7563.6,7576.6,7506.8,7541.3,11745.0
2022-08-17 21:00:00+00:00,7516.6,7568.8,7496.1,7563.8,9744.0
2022-08-18 21:00:00+00:00,7568.6,7581.6,7515.6,7554.6,11954.0
2022-08-21 21:00:00+00:00,7525.6,7552.8,7491.6,7524.8,11932.0
2022-08-22 21:00:00+00:00,7540.6,7540.8,7467.6,7494.8,13184.0
2022-08-23 21:00:00+00:00,7485.8,7496.8,7410.1,7473.6,11644.0
2022-08-24 21:00:00+00:00,7471.8,7537.5,7465.5,7508.5,10752.0
2022-08-25 21:00:00+00:00,7501.5,7531.0,7391.0,7399.7,14385.0
2022-08-29 21:00:00+00:00,7400.5,7484.0,7325.0,7332.2,17329.0
2022-08-30 21:00:00+00:00,7330.0,7388.7,7257.2,7268.2,20525.0
2022-08-31 21:00:00+00:00,7241.9,7252.6,7129.4,7185.1,20114.0
2022-09-01 21:00:00+00:00,7187.9,7290.4,7150.6,7203.8,21080.0
2022-09-04 21:00:00+00:00,7222.2,7291.4,7183.4,7274.6,12674.0
2022-09-05 21:00:00+00:00,7278.6,7324.4,7251.6,7259.1,18794.0
2022-09-06 21:00:00+00:00,7253.9,7271.6,7183.9,7247.8,17141.0
2022-09-07 21:00:00+00:00,7241.0,7275.2,7172.2,7251.2,19579.0
2022-09-08 21:00:00+00:00,7259.2,7385.5,7258.8,7382.4,13556.0
2022-09-11 21:00:00+00:00,7395.2,7481.7,7367.7,7451.5,12624.0
2022-09-12 21:00:00+00:00,7456.5,7512.2,7317.2,7324.5,17589.0
2022-09-13 21:00:00+00:00,7337.0,7346.2,7258.0,7307.0,26690.0
2022-09-14 21:00:00+00:00,7314.0,7330.5,7257.0,7269.0,25127.0
2022-09-15 21:00:00+00:00,7249.3,7302.5,7225.0,7258.2,17665.0
2022-09-19 21:00:00+00:00,7259.6,7332.5,7163.8,7197.0,16298.0
2022-09-20 21:00:00+00:00,7191.8,7284.8,7167.5,7192.2,28308.0
2022-09-21 21:00:00+00:00,7153.1,7246.9,7143.1,7175.6,21371.0
2022-09-22 21:00:00+00:00,7183.2,7195.4,6978.6,7026.4,24273.0
2022-09-25 21:00:00+00:00,7029.9,7077.4,6945.6,7016.6,33573.0
2022-09-26 21:00:00+00:00,7024.6,7077.9,6936.9,6970.4,27104.0
2022-09-27 21:00:00+00:00,6971.6,7051.4,6836.4,7033.6,37755.0
2022-09-28 21:00:00+00:00,7020.6,7037.3,6827.3,6875.3,32864.0
2022-09-29 21:00:00+00:00,6884.3,6953.8,6814.3,6824.8,34713.0
2022-10-02 21:00:00+00:00,6801.5,6927.8,6780.0,6895.5,28324.0
2022-10-03 21:00:00+00:00,6921.6,7082.8,6905.3,7061.0,22478.0
2022-10-04 21:00:00+00:00,7054.5,7077.5,6970.3,7044.0,21750.0
2022-10-05 21:00:00+00:00,7058.3,7098.0,6953.0,6980.0,22543.0
2022-10-06 21:00:00+00:00,6967.5,7016.0,6952.3,6979.8,23296.0
2022-10-09 21:00:00+00:00,6953.8,6992.8,6913.8,6952.5,19480.0
2022-10-10 21:00:00+00:00,6959.6,6960.3,6841.3,6854.0,29549.0
2022-10-11 21:00:00+00:00,6863.8,6917.8,6782.8,6802.5,30954.0
2022-10-12 21:00:00+00:00,6797.3,6894.8,6694.3,6884.5,35249.0
2022-10-13 21:00:00+00:00,6882.0,6967.3,6814.3,6815.0,32033.0
2022-10-16 21:00:00+00:00,6845.8,6949.5,6820.3,6901.8,22164.0
2022-10-17 21:00:00+00:00,6932.8,7006.3,6909.0,6940.0,23348.0
2022-10-18 21:00:00+00:00,6968.8,6988.3,6878.3,6915.5,21408.0
2022-10-19 21:00:00+00:00,6905.7,6941.2,6876.7,6906.6,24425.0
2022-10-20 21:00:00+00:00,6893.2,6988.2,6846.7,6987.7,27244.0
2022-10-23 21:00:00+00:00,7003.4,7034.2,6897.4,7010.8,26656.0
2022-10-24 21:00:00+00:00,7015.8,7023.0,6937.8,7013.0,19397.0
2022-10-25 21:00:00+00:00,6982.6,7048.8,6947.8,7008.3,19291.0
2022-10-26 21:00:00+00:00,7030.0,7084.3,7011.7,7030.5,20913.0
2022-10-27 21:00:00+00:00,7012.8,7070.8,6981.8,7063.5,19653.0
2022-10-30 21:00:00+00:00,7051.3,7123.0,7017.0,7097.3,15911.0
2022-10-31 21:00:00+00:00,7108.3,7214.0,7108.3,7170.0,16402.0
2022-11-01 21:00:00+00:00,7177.0,7200.8,7085.8,7098.0,26223.0
2022-11-02 21:00:00+00:00,7094.8,7197.0,7063.0,7183.0,18746.0
2022-11-03 21:00:00+00:00,7174.3,7370.5,7167.8,7341.2,23524.0
2022-11-06 22:00:00+00:00,7308.3,7339.8,7247.0,7257.8,15857.0
2022-11-07 22:00:00+00:00,7267.8,7313.8,7232.8,7289.5,12931.0
2022-11-08 22:00:00+00:00,7285.0,7306.3,7257.8,7262.0,15149.0
2022-11-09 22:00:00+00:00,7257.3,7402.5,7245.8,7380.8,19915.0
2022-11-10 22:00:00+00:00,7390.8,7427.0,7311.8,7331.5,17710.0
2022-11-13 22:00:00+00:00,7326.3,7407.8,7322.8,7343.5,14245.0
2022-11-14 22:00:00+00:00,7351.8,7409.5,7308.5,7327.3,22222.0
2022-11-15 22:00:00+00:00,7300.3,7390.5,7299.5,7324.0,18098.0
2022-11-16 22:00:00+00:00,7329.6,7372.3,7287.3,7364.0,13771.0
2022-11-17 22:00:00+00:00,7368.8,7419.3,7343.5,7391.0,13644.0
2022-11-20 22:00:00+00:00,7380.6,7414.5,7339.5,7402.8,11260.0
2022-11-21 22:00:00+00:00,7408.5,7470.3,7392.3,7463.5,10810.0
2022-11-22 22:00:00+00:00,7463.0,7495.8,7448.8,7461.3,9918.0
2022-11-23 22:00:00+00:00,7466.0,7483.3,7437.8,7459.8,6323.0
2022-11-24 22:00:00+00:00,7460.3,7492.3,7452.5,7480.2,6833.0
2022-11-27 22:00:00+00:00,7454.0,7491.8,7415.0,7468.0,11246.0
2022-11-28 22:00:00+00:00,7468.8,7536.8,7465.3,7529.5,11448.0
2022-11-29 22:00:00+00:00,7529.5,7608.0,7517.8,7596.8,14790.0
2022-11-30 22:00:00+00:00,7603.4,7609.9,7539.2,7545.4,12228.0
2022-12-01 22:00:00+00:00,7525.0,7560.7,7495.7,7541.4,12142.0
2022-12-04 22:00:00+00:00,7542.4,7587.2,7531.4,7543.9,10459.0
2022-12-05 22:00:00+00:00,7553.4,7566.4,7495.2,7547.9,12186.0
2022-12-06 22:00:00+00:00,7549.0,7559.9,7479.9,7486.4,14570.0
2022-12-07 22:00:00+00:00,7465.4,7503.4,7454.9,7468.6,12321.0
2022-12-08 22:00:00+00:00,7466.9,7489.9,7419.4,7446.6,13138.0
2022-12-11 22:00:00+00:00,7448.6,7465.4,7427.9,7454.1,9856.0
2022-12-12 22:00:00+00:00,7450.9,7541.6,7415.4,7477.6,20893.0
2022-12-13 22:00:00+00:00,7486.4,7502.5,7448.9,7456.0,19276.0
2022-12-14 22:00:00+00:00,7487.2,7490.6,7401.4,7438.8,20148.0
2022-12-15 22:00:00+00:00,7441.8,7456.3,7294.3,7333.5,19739.0
2022-12-18 22:00:00+00:00,7332.3,7377.3,7327.8,7348.0,10798.0
2022-12-19 22:00:00+00:00,7356.8,7381.8,7286.8,7359.3,14092.0
2022-12-20 22:00:00+00:00,7382.6,7511.3,7368.8,7496.0,9389.0
2022-12-21 22:00:00+00:00,7500.6,7528.8,7410.3,7457.8,10432.0
2022-12-22 22:00:00+00:00,7459.6,7481.6,7445.8,7455.3,3450.0
2022-12-27 22:00:00+00:00,7442.8,7530.6,7442.8,7456.1,9262.0
2022-12-28 22:00:00+00:00,7453.9,7504.9,7411.9,7485.4,7893.0
2022-12-29 22:00:00+00:00,7492.4,7493.9,7432.4,7440.4,4843.0
2023-01-02 22:00:00+00:00,7469.4,7608.4,7394.9,7542.9,17525.0
2023-01-03 22:00:00+00:00,7540.9,7598.0,7533.4,7566.8,13879.0
2023-01-04 22:00:00+00:00,7545.8,7649.3,7545.6,7628.0,13910.0
2023-01-05 22:00:00+00:00,7645.3,7713.0,7630.8,7708.2,11855.0
2023-01-08 22:00:00+00:00,7712.3,7723.8,7668.0,7673.8,10292.0
2023-01-09 22:00:00+00:00,7667.8,7711.3,7659.0,7710.8,9616.0
2023-01-10 22:00:00+00:00,7716.6,7766.5,7692.0,7755.3,9132.0
2023-01-11 22:00:00+00:00,7748.7,7810.7,7734.4,7806.6,12981.0
2023-01-12 22:00:00+00:00,7810.0,7860.4,7797.4,7851.4,10168.0
2023-01-15 22:00:00+00:00,7855.4,7862.2,7833.6,7850.4,5832.0
2023-01-16 22:00:00+00:00,7863.0,7871.2,7824.7,7842.7,9001.0
2023-01-17 22:00:00+00:00,7826.2,7860.9,7779.4,7783.4,10221.0
2023-01-18 22:00:00+00:00,7774.4,7795.7,7715.9,7758.7,11130.0
2023-01-19 22:00:00+00:00,7767.7,7787.9,7738.4,7783.4,9375.0
2023-01-22 22:00:00+00:00,7778.0,7800.7,7756.2,7791.4,9185.0
2023-01-23 22:00:00+00:00,7785.7,7796.4,7730.2,7754.9,9746.0
2023-01-24 22:00:00+00:00,7737.0,7762.9,7698.2,7746.6,8937.0
2023-01-25 22:00:00+00:00,7748.2,7771.4,7733.4,7763.4,8777.0
2023-01-26 22:00:00+00:00,7755.7,7766.7,7726.2,7747.4,7292.0
2023-01-29 22:00:00+00:00,7740.4,7777.7,7697.2,7758.7,9219.0
2023-01-30 22:00:00+00:00,7766.2,7778.2,7689.2,7777.2,9524.0
2023-01-31 22:00:00+00:00,7762.4,7789.7,7720.7,7771.7,12108.0
2023-02-01 22:00:00+00:00,7783.2,7818.7,7752.2,7806.2,12807.0
2023-02-02 22:00:00+00:00,7799.4,7893.7,7787.7,7881.9,12514.0
2023-02-05 22:00:00+00:00,7868.7,7873.4,7784.2,7820.4,9820.0
2023-02-06 22:00:00+00:00,7827.7,7886.2,7819.7,7884.4,11898.0
2023-02-07 22:00:00+00:00,7873.4,7912.7,7847.7,7866.2,9314.0
2023-02-08 22:00:00+00:00,7869.2,7928.2,7865.7,7875.9,9760.0
2023-02-09 22:00:00+00:00,7874.4,7890.7,7828.2,7873.7,10846.0
2023-02-12 22:00:00+00:00,7860.7,7946.2,7846.2,7943.4,7219.0
2023-02-13 22:00:00+00:00,7937.7,7984.2,7926.9,7976.9,12077.0
2023-02-14 22:00:00+00:00,7957.0,8011.7,7903.7,8011.2,9774.0
2023-02-15 22:00:00+00:00,7998.4,8027.9,7957.4,7990.8,9723.0
2023-02-16 22:00:00+00:00,7981.9,8001.4,7933.4,7991.6,10127.0
2023-02-19 22:00:00+00:00,7987.9,8007.4,7972.9,7987.6,4190.0
2023-02-20 22:00:00+00:00,7979.2,7992.6,7930.4,7942.1,10291.0
2023-02-21 22:00:00+00:00,7941.9,7946.4,7859.9,7903.6,11343.0
2023-02-22 22:00:00+00:00,7892.8,7929.1,7868.8,7926.3,9210.0
2023-02-23 22:00:00+00:00,7925.6,7931.6,7851.6,7896.6,10599.0
2023-02-26 22:00:00+00:00,7897.8,7932.5,7887.1,7922.7,8674.0
2023-02-27 22:00:00+00:00,7926.5,7932.0,7838.5,7861.2,10434.0
2023-02-28 22:00:00+00:00,7840.8,7933.5,7840.8,7916.2,11873.0
2023-03-01 22:00:00+00:00,7903.4,7949.4,7851.4,7946.9,11703.0
2023-03-02 22:00:00+00:00,7944.9,7954.4,7900.4,7938.6,8676.0
2023-03-05 22:00:00+00:00,7931.4,7938.1,7877.4,7916.9,7445.0
2023-03-06 22:00:00+00:00,7918.6,7940.9,7866.4,7880.4,9007.0
2023-03-07 22:00:00+00:00,7880.4,7929.4,7868.1,7909.1,9492.0
2023-03-08 22:00:00+00:00,7896.0,7899.0,7791.0,7796.2,9407.0
2023-03-09 22:00:00+00:00,7782.7,7786.7,7661.0,7666.5,23540.0
2023-03-12 21:00:00+00:00,7723.8,7734.0,7517.3,7537.0,36868.0
2023-03-13 21:00:00+00:00,7538.6,7637.0,7488.0,7622.0,25627.0
2023-03-14 21:00:00+00:00,7616.6,7634.0,7312.3,7389.2,34289.0
2023-03-15 21:00:00+00:00,7416.0,7458.5,7320.6,7445.8,31496.0
2023-03-16 21:00:00+00:00,7434.8,7502.5,7304.8,7310.0,26385.0
2023-03-19 21:00:00+00:00,7372.6,7431.0,7200.8,7418.8,31835.0
2023-03-20 21:00:00+00:00,7429.6,7567.8,7412.3,7557.5,13285.0
2023-03-21 21:00:00+00:00,7546.0,7591.0,7501.3,7520.0,17171.0
2023-03-22 21:00:00+00:00,7514.0,7551.4,7415.2,7452.9,16606.0
2023-03-23 21:00:00+00:00,7445.2,7473.7,7330.6,7425.4,24005.0
2023-03-26 21:00:00+00:00,7450.4,7504.3,7422.9,7496.0,13792.0
2023-03-27 21:00:00+00:00,7504.3,7525.3,7449.5,7459.5,9166.0
2023-03-28 21:00:00+00:00,7487.0,7576.8,7469.3,7570.5,7876.0
2023-03-29 21:00:00+00:00,7555.1,7635.5,7554.8,7614.5,8451.0
2023-03-30 21:00:00+00:00,7620.8,7654.8,7613.8,7646.5,8063.0
2023-04-02 21:00:00+00:00,7650.6,7696.7,7637.3,7695.4,11473.0
2023-04-03 21:00:00+00:00,7691.0,7726.2,7624.2,7642.2,9277.0
2023-04-04 21:00:00+00:00,7645.4,7674.8,7631.2,7672.0,9673.0
2023-04-05 21:00:00+00:00,7663.0,7757.8,7650.1,7746.8,7574.0
2023-04-10 21:00:00+00:00,7771.8,7802.6,7753.3,7782.0,9452.0
2023-04-11 21:00:00+00:00,7785.6,7858.8,7773.8,7810.8,10321.0
2023-04-12 21:00:00+00:00,7794.8,7864.1,7793.4,7859.0,7675.0
2023-04-13 21:00:00+00:00,7853.6,7899.1,7844.3,7882.3,8341.0
2023-04-16 21:00:00+00:00,7894.6,7910.8,7868.6,7898.1,6706.0
2023-04-17 21:00:00+00:00,7893.6,7916.5,7878.5,7912.8,6894.0
2023-04-18 21:00:00+00:00,7903.3,7913.0,7867.8,7897.5,6583.0
2023-04-19 21:00:00+00:00,7883.3,7910.8,7868.3,7899.5,6857.0
2023-04-20 21:00:00+00:00,7899.5,7932.8,7879.3,7910.8,7958.0
2023-04-23 21:00:00+00:00,7904.3,7924.3,7870.8,7903.0,5507.0
2023-04-24 21:00:00+00:00,7902.0,7907.0,7851.8,7854.5,7503.0
2023-04-25 21:00:00+00:00,7863.8,7890.5,7813.6,7826.8,10808.0
2023-04-26 21:00:00+00:00,7826.9,7870.1,7810.1,7866.1,8041.0
2023-04-27 21:00:00+00:00,7858.1,7875.3,7782.6,7862.0,10548.0
2023-05-01 21:00:00+00:00,7849.5,7892.5,7755.8,7789.2,12193.0
2023-05-02 21:00:00+00:00,7790.8,7811.3,7756.3,7761.3,12736.0
2023-05-03 21:00:00+00:00,7736.8,7777.6,7689.3,7712.0,15534.0
2023-05-04 21:00:00+00:00,7725.6,7810.3,7716.8,7796.8,9068.0
2023-05-08 21:00:00+00:00,7792.5,7811.0,7736.8,7761.5,7543.0
2023-05-09 21:00:00+00:00,7764.3,7782.8,7709.8,7748.8,9248.0
2023-05-10 21:00:00+00:00,7742.2,7786.5,7679.4,7746.1,10780.0
2023-05-11 21:00:00+00:00,7747.2,7775.8,7736.3,7759.5,8860.0
2023-05-14 21:00:00+00:00,7752.8,7798.8,7747.0,7789.5,7085.0
2023-05-15 21:00:00+00:00,7784.8,7809.3,7729.8,7733.3,8494.0
2023-05-16 21:00:00+00:00,7739.0,7763.8,7714.8,7763.3,8356.0
2023-05-17 21:00:00+00:00,7746.0,7779.5,7725.3,7759.5,8154.0
2023-05-18 21:00:00+00:00,7762.5,7792.5,7748.3,7782.5,8894.0
2023-05-21 21:00:00+00:00,7773.3,7787.8,7751.3,7771.8,7395.0
2023-05-22 21:00:00+00:00,7785.3,7803.3,7726.8,7734.3,8822.0
2023-05-23 21:00:00+00:00,7734.8,7735.3,7589.8,7623.5,11839.0
2023-05-24 21:00:00+00:00,7627.5,7633.7,7560.8,7589.8,11687.0
2023-05-25 21:00:00+00:00,7579.0,7645.8,7554.8,7639.0,9629.0
2023-05-29 21:00:00+00:00,7629.6,7641.5,7518.3,7539.8,10989.0
2023-05-30 21:00:00+00:00,7542.8,7542.8,7440.8,7464.0,13043.0
2023-05-31 21:00:00+00:00,7461.5,7508.8,7444.5,7499.5,10133.0
2023-06-01 21:00:00+00:00,7503.5,7629.3,7499.3,7620.0,9976.0
2023-06-04 21:00:00+00:00,7621.5,7655.3,7584.5,7590.5,8801.0
2023-06-05 21:00:00+00:00,7583.0,7646.8,7556.3,7645.5,8596.0
2023-06-06 21:00:00+00:00,7649.8,7649.8,7603.5,7637.3,8726.0
2023-06-07 21:00:00+00:00,7633.8,7639.3,7586.3,7616.8,8458.0
2023-06-08 21:00:00+00:00,7613.3,7617.8,7544.8,7571.2,8299.0
2023-06-11 21:00:00+00:00,7577.3,7604.3,7556.8,7581.3,9109.0
2023-06-12 21:00:00+00:00,7581.6,7612.8,7555.0,7596.8,10510.0
2023-06-13 21:00:00+00:00,7590.3,7641.8,7575.8,7593.0,11379.0
2023-06-14 21:00:00+00:00,7592.0,7641.3,7579.7,7633.0,8272.0
2023-06-15 21:00:00+00:00,7623.3,7689.3,7612.5,7618.8,9511.0
2023-06-18 21:00:00+00:00,7623.8,7627.5,7581.8,7593.0,4811.0
2023-06-19 21:00:00+00:00,7595.3,7610.3,7564.0,7565.0,7368.0
2023-06-20 21:00:00+00:00,7568.0,7581.3,7519.0,7545.3,7934.0
2023-06-21 21:00:00+00:00,7544.2,7545.4,7452.4,7516.5,10085.0
2023-06-22 21:00:00+00:00,7514.0,7515.5,7439.3,7454.3,9424.0
2023-06-25 21:00:00+00:00,7466.3,7475.8,7395.8,7465.0,9180.0
2023-06-26 21:00:00+00:00,7472.6,7499.3,7429.3,7486.0,7464.0
2023-06-27 21:00:00+00:00,7475.6,7520.3,7474.5,7502.3,7314.0
2023-06-28 21:00:00+00:00,7514.8,7518.3,7459.0,7487.8,6960.0
2023-06-29 21:00:00+00:00,7491.8,7550.8,7477.0,7548.3,7340.0
2023-07-02 21:00:00+00:00,7549.3,7562.8,7514.3,7533.0,7436.0
2023-07-03 21:00:00+00:00,7524.0,7547.8,7515.3,7519.0,3917.0
2023-07-04 21:00:00+00:00,7516.0,7522.0,7431.8,7439.0,7973.0
2023-07-05 21:00:00+00:00,7431.8,7434.1,7262.0,7281.0,10670.0
2023-07-06 21:00:00+00:00,7278.0,7284.7,7222.0,7263.8,11334.0
2023-07-09 21:00:00+00:00,7271.8,7304.8,7222.8,7262.5,8398.0
2023-07-10 21:00:00+00:00,7260.3,7294.8,7235.3,7291.8,7723.0
2023-07-11 21:00:00+00:00,7292.0,7425.3,7289.5,7410.5,9044.0
2023-07-12 21:00:00+00:00,7407.4,7454.8,7404.1,7435.5,5921.0
2023-07-13 21:00:00+00:00,7429.8,7477.3,7412.3,7413.0,6148.0
2023-07-16 21:00:00+00:00,7406.8,7434.3,7387.5,7413.0,6471.0
2023-07-17 21:00:00+00:00,7403.6,7463.8,7390.8,7461.0,5910.0
2023-07-18 21:00:00+00:00,7457.8,7627.0,7452.8,7586.5,11087.0
2023-07-19 21:00:00+00:00,7580.0,7660.6,7577.5,7647.3,8782.0
2023-07-20 21:00:00+00:00,7646.6,7673.8,7634.8,7670.5,7285.0
2023-07-23 21:00:00+00:00,7659.8,7689.8,7617.8,7681.8,7159.0
2023-07-24 21:00:00+00:00,7682.0,7701.8,7670.0,7677.8,6655.0
2023-07-25 21:00:00+00:00,7676.3,7702.0,7629.3,7679.0,9074.0
2023-07-26 21:00:00+00:00,7678.6,7706.8,7651.8,7660.5,9552.0
2023-07-27 21:00:00+00:00,7659.8,7712.5,7642.3,7669.3,9639.0
2023-07-30 21:00:00+00:00,7668.6,7720.8,7648.5,7697.3,7401.0
2023-07-31 21:00:00+00:00,7702.0,7710.3,7645.8,7659.0,8216.0
2023-08-01 21:00:00+00:00,7647.8,7656.8,7516.8,7548.5,12595.0
2023-08-02 21:00:00+00:00,7544.4,7558.2,7428.2,7530.8,14781.0
2023-08-03 21:00:00+00:00,7533.8,7565.0,7479.8,7510.2,12165.0
2023-08-06 21:00:00+00:00,7517.8,7563.8,7499.8,7560.0,8839.0
2023-08-07 21:00:00+00:00,7562.3,7563.3,7481.8,7548.5,11583.0
2023-08-08 21:00:00+00:00,7542.0,7604.0,7539.3,7589.0,9688.0
2023-08-09 21:00:00+00:00,7562.1,7620.8,7559.4,7586.5,12787.0
2023-08-10 21:00:00+00:00,7593.0,7595.8,7502.3,7529.3,12686.0
2023-08-13 21:00:00+00:00,7536.0,7544.3,7472.8,7515.3,10562.0
2023-08-14 21:00:00+00:00,7515.3,7522.8,7366.3,7384.3,13319.0
2023-08-15 21:00:00+00:00,7381.8,7394.8,7332.3,7333.5,11502.0
2023-08-16 21:00:00+00:00,7318.4,7348.5,7271.5,7277.2,11226.0
2023-08-17 21:00:00+00:00,7271.0,7293.7,7209.8,7260.5,13023.0
2023-08-20 21:00:00+00:00,7264.0,7314.8,7246.8,7267.3,9295.0
2023-08-21 21:00:00+00:00,7259.0,7308.8,7253.3,7258.5,8258.0
2023-08-22 21:00:00+00:00,7258.3,7347.8,7256.8,7323.3,9251.0
2023-08-23 21:00:00+00:00,7326.8,7381.8,7308.0,7309.5,10550.0
2023-08-24 21:00:00+00:00,7307.0,7384.3,7306.3,7358.3,10421.0
2023-08-28 21:00:00+00:00,7381.5,7480.8,7362.8,7478.8,10010.0
2023-08-29 21:00:00+00:00,7484.3,7507.8,7462.3,7471.3,8680.0
2023-08-30 21:00:00+00:00,7470.9,7503.5,7420.0,7434.7,9049.0
2023-08-31 21:00:00+00:00,7434.0,7495.1,7433.5,7489.1,9478.0
2023-09-03 21:00:00+00:00,7488.1,7524.6,7449.8,7454.5,5546.0
2023-09-04 21:00:00+00:00,7455.5,7484.4,7389.3,7426.1,10037.0
2023-09-05 21:00:00+00:00,7421.2,7451.2,7368.9,7426.7,9916.0
2023-09-06 21:00:00+00:00,7424.8,7462.8,7382.5,7441.3,10235.0
2023-09-07 21:00:00+00:00,7445.3,7491.3,7399.8,7485.8,10343.0
2023-09-10 21:00:00+00:00,7485.3,7550.0,7465.3,7510.3,10732.0
2023-09-11 21:00:00+00:00,7506.8,7550.3,7496.0,7515.0,10349.0
2023-09-12 21:00:00+00:00,7520.6,7543.8,7485.8,7519.8,11792.0
2023-09-13 21:00:00+00:00,7520.0,7702.7,7519.3,7700.2,12127.0
2023-09-14 21:00:00+00:00,7702.0,7750.5,7695.0,7709.8,13549.0
2023-09-17 21:00:00+00:00,7717.6,7729.8,7651.8,7673.8,10364.0
2023-09-18 21:00:00+00:00,7679.3,7693.3,7651.8,7670.0,9404.0
2023-09-19 21:00:00+00:00,7671.3,7754.0,7646.5,7712.7,11944.0
2023-09-20 21:00:00+00:00,7698.2,7754.3,7647.1,7648.1,15253.0
2023-09-21 21:00:00+00:00,7645.4,7744.2,7640.3,7671.4,14036.0
2023-09-24 21:00:00+00:00,7677.4,7691.7,7589.3,7644.8,12827.0
2023-09-25 21:00:00+00:00,7644.8,7668.3,7598.3,7609.8,13339.0
2023-09-26 21:00:00+00:00,7617.6,7654.8,7569.3,7603.8,12724.0
2023-09-27 21:00:00+00:00,7600.8,7629.8,7528.8,7614.5,16276.0
2023-09-28 21:00:00+00:00,7616.5,7682.8,7581.3,7590.0,15340.0
2023-10-01 21:00:00+00:00,7619.3,7637.0,7494.3,7514.0,16192.0
2023-10-02 21:00:00+00:00,7516.0,7555.8,7466.8,7481.5,16756.0
2023-10-03 21:00:00+00:00,7482.8,7499.8,7391.0,7436.8,19447.0
2023-10-04 21:00:00+00:00,7428.8,7496.3,7412.5,7466.8,15710.0
2023-10-05 21:00:00+00:00,7464.5,7538.5,7427.8,7524.8,16979.0
2023-10-08 21:00:00+00:00,7498.5,7549.8,7474.8,7531.8,13360.0
2023-10-09 21:00:00+00:00,7536.6,7652.3,7536.6,7626.3,13247.0
2023-10-10 21:00:00+00:00,7624.3,7660.8,7616.0,7640.8,12331.0
2023-10-11 21:00:00+00:00,7649.4,7693.9,7608.4,7644.6,11434.0
2023-10-12 21:00:00+00:00,7641.6,7665.4,7592.9,7614.1,15356.0
2023-10-15 21:00:00+00:00,7627.4,7659.3,7584.6,7649.0,13236.0
2023-10-16 21:00:00+00:00,7647.0,7710.7,7625.8,7688.7,13806.0
2023-10-17 21:00:00+00:00,7676.4,7708.2,7572.0,7583.0,16361.0
2023-10-18 21:00:00+00:00,7580.4,7594.7,7474.1,7489.8,19232.0
2023-10-19 21:00:00+00:00,7475.8,7495.6,7389.3,7390.1,15771.0
2023-10-22 21:00:00+00:00,7404.6,7412.8,7342.8,7355.9,14257.0
2023-10-23 21:00:00+00:00,7366.2,7415.2,7329.2,7406.4,12543.0
2023-10-24 21:00:00+00:00,7407.0,7437.7,7373.7,7408.2,12239.0
2023-10-25 21:00:00+00:00,7394.7,7403.7,7328.0,7343.5,15436.0
2023-10-26 21:00:00+00:00,7362.2,7384.7,7262.5,7278.5,14539.0
2023-10-29 21:00:00+00:00,7304.3,7366.3,7298.8,7338.0,11713.0
2023-10-30 21:00:00+00:00,7336.0,7378.3,7312.6,7332.6,11776.0
2023-10-31 21:00:00+00:00,7327.3,7391.3,7308.1,7370.0,13515.0
2023-11-01 21:00:00+00:00,7384.5,7474.8,7374.2,7470.5,11425.0
2023-11-02 21:00:00+00:00,7468.5,7486.3,7397.5,7406.0,10980.0
2023-11-05 22:00:00+00:00,7406.0,7453.8,7398.5,7432.8,8770.0
2023-11-06 22:00:00+00:00,7423.3,7437.3,7398.8,7412.0,9371.0
2023-11-07 22:00:00+00:00,7410.0,7447.3,7385.3,7399.5,9661.0
2023-11-08 22:00:00+00:00,7382.7,7469.3,7366.7,7426.3,10080.0
2023-11-09 22:00:00+00:00,7418.8,7423.8,7321.0,7405.7,11186.0
2023-11-12 22:00:00+00:00,7384.7,7441.2,7359.2,7434.4,8266.0
2023-11-13 22:00:00+00:00,7434.2,7461.1,7390.1,7433.6,10873.0
2023-11-14 22:00:00+00:00,7437.1,7539.6,7431.8,7489.1,11379.0
2023-11-15 22:00:00+00:00,7472.9,7495.4,7404.1,7429.3,10109.0
2023-11-16 22:00:00+00:00,7430.6,7517.5,7424.3,7509.0,8750.0
2023-11-19 22:00:00+00:00,7505.7,7508.7,7470.5,7497.9,7888.0
2023-11-20 22:00:00+00:00,7497.4,7502.9,7448.9,7485.9,6819.0
2023-11-21 22:00:00+00:00,7488.4,7509.4,7454.4,7483.4,7662.0
2023-11-22 22:00:00+00:00,7467.5,7495.7,7449.0,7483.3,5213.0
2023-11-23 22:00:00+00:00,7489.4,7502.2,7448.6,7493.2,5841.0
2023-11-26 22:00:00+00:00,7484.7,7494.7,7451.2,7458.9,6493.0
2023-11-27 22:00:00+00:00,7463.2,7466.9,7402.9,7443.1,8757.0
2023-11-28 22:00:00+00:00,7445.6,7461.1,7408.6,7425.8,8671.0
2023-11-29 22:00:00+00:00,7429.4,7499.2,7384.6,7472.4,11104.0
2023-11-30 22:00:00+00:00,7468.4,7545.1,7466.2,7528.0,10228.0
2023-12-03 22:00:00+00:00,7525.6,7539.3,7475.1,7514.5,9151.0
2023-12-04 22:00:00+00:00,7504.0,7507.8,7460.5,7485.4,9656.0
2023-12-05 22:00:00+00:00,7501.1,7547.6,7487.6,7500.9,8640.0
2023-12-06 22:00:00+00:00,7499.8,7525.8,7477.6,7517.0,8472.0
2023-12-07 22:00:00+00:00,7520.5,7584.0,7508.8,7564.0,9646.0
2023-12-10 22:00:00+00:00,7561.7,7563.5,7492.0,7551.7,8233.0
2023-12-11 22:00:00+00:00,7557.7,7610.8,7545.3,7559.8,8699.0
2023-12-12 22:00:00+00:00,7564.8,7604.0,7546.5,7602.8,9147.0
2023-12-13 22:00:00+00:00,7619.3,7725.3,7612.8,7648.8,14375.0
2023-12-14 22:00:00+00:00,7653.3,7676.5,7571.1,7578.6,12521.0
2023-12-17 22:00:00+00:00,7589.4,7656.8,7574.3,7644.5,8776.0
2023-12-18 22:00:00+00:00,7643.0,7685.5,7631.2,7680.7,7518.0
2023-12-19 22:00:00+00:00,7681.0,7795.5,7677.2,7687.8,12147.0
2023-12-20 22:00:00+00:00,7691.1,7736.6,7683.3,7725.6,8921.0
2023-12-21 22:00:00+00:00,7713.6,7737.6,7683.6,7716.3,3895.0
2023-12-26 22:00:00+00:00,7747.6,7782.6,7731.6,7755.0,8329.0
2023-12-27 22:00:00+00:00,7763.2,7785.6,7729.4,7744.3,6765.0
2023-12-28 22:00:00+00:00,7744.8,7769.8,7743.3,7758.0,3308.0
2024-01-01 22:00:00+00:00,7758.6,7788.3,7704.8,7728.3,10545.0
2024-01-02 22:00:00+00:00,7721.3,7762.3,7662.8,7710.0,12508.0
2024-01-03 22:00:00+00:00,7711.6,7745.6,7688.8,7716.8,10017.0
2024-01-04 22:00:00+00:00,7721.6,7721.6,7656.1,7687.8,10810.0
2024-01-07 22:00:00+00:00,7697.1,7743.6,7648.6,7740.6,30966.0
2024-01-08 22:00:00+00:00,7733.4,7739.1,7693.5,7700.2,28941.0
2024-01-09 22:00:00+00:00,7701.5,7707.2,7669.0,7683.8,30617.0
2024-01-10 22:00:00+00:00,7688.9,7717.4,7594.6,7618.8,46407.0
2024-01-11 22:00:00+00:00,7617.8,7679.8,7615.4,7652.8,40711.0
2024-01-14 22:00:00+00:00,7659.0,7664.8,7601.3,7617.8,22793.0
2024-01-15 22:00:00+00:00,7594.3,7610.0,7552.3,7561.6,41188.0
2024-01-16 22:00:00+00:00,7551.8,7554.6,7422.6,7457.3,45625.0
2024-01-17 22:00:00+00:00,7458.6,7501.8,7443.2,7499.8,37600.0
2024-01-18 22:00:00+00:00,7501.3,7543.0,7470.2,7506.0,35853.0
2024-01-21 22:00:00+00:00,7526.7,7527.2,7474.7,7515.8,32225.0
2024-01-22 22:00:00+00:00,7522.8,7550.3,7487.8,7529.8,30502.0
2024-01-23 22:00:00+00:00,7538.0,7564.3,7519.6,7540.0,34849.0
2024-01-24 22:00:00+00:00,7545.3,7579.7,7526.8,7579.7,34333.0
2024-01-25 22:00:00+00:00,7574.7,7674.2,7571.0,7670.4,36835.0
2024-01-28 22:00:00+00:00,7653.0,7683.2,7648.8,7680.5,25956.0
2024-01-29 22:00:00+00:00,7680.5,7707.3,7661.5,7700.6,27973.0
2024-01-30 22:00:00+00:00,7691.8,7710.5,7624.2,7634.0,39422.0
2024-01-31 22:00:00+00:00,7638.5,7691.5,7619.2,7664.0,41851.0
2024-02-01 22:00:00+00:00,7681.8,7701.8,7625.8,7653.8,40869.0
2024-02-04 22:00:00+00:00,7634.6,7685.8,7613.0,7648.8,33784.0
2024-02-05 22:00:00+00:00,7647.3,7719.8,7639.0,7718.8,35838.0
2024-02-06 22:00:00+00:00,7717.6,7728.6,7644.6,7656.8,31464.0
2024-02-07 22:00:00+00:00,7655.4,7669.4,7605.6,7633.1,36847.0
2024-02-08 22:00:00+00:00,7626.4,7627.6,7570.8,7609.1,25579.0
2024-02-11 22:00:00+00:00,7601.6,7609.8,7569.1,7604.0,26331.0
2024-02-12 22:00:00+00:00,7598.0,7605.6,7482.8,7503.6,39905.0
2024-02-13 22:00:00+00:00,7512.0,7610.9,7507.0,7599.9,35579.0
2024-02-14 22:00:00+00:00,7587.2,7644.8,7579.0,7643.5,30219.0
2024-02-15 22:00:00+00:00,7635.5,7738.5,7633.8,7714.0,36259.0
2024-02-18 22:00:00+00:00,7714.5,7756.5,7705.0,7755.0,18023.0
2024-02-19 22:00:00+00:00,7746.8,7766.8,7717.5,7738.6,31309.0
2024-02-20 22:00:00+00:00,7730.3,7744.6,7649.6,7674.3,37634.0
2024-02-21 22:00:00+00:00,7672.6,7711.0,7657.8,7699.8,36750.0
2024-02-22 22:00:00+00:00,7692.8,7723.6,7680.0,7720.8,25597.0
2024-02-25 22:00:00+00:00,7708.0,7716.6,7680.8,7689.3,23735.0
2024-02-26 22:00:00+00:00,7686.6,7704.6,7673.3,7696.8,22782.0
2024-02-27 22:00:00+00:00,7689.8,7698.0,7618.6,7626.0,26569.0
2024-02-28 22:00:00+00:00,7621.3,7681.1,7619.3,7670.8,30984.0
2024-02-29 22:00:00+00:00,7678.4,7699.1,7645.6,7691.6,30003.0
2024-03-03 22:00:00+00:00,7687.4,7687.4,7622.4,7642.8,21867.0
2024-03-04 22:00:00+00:00,7633.1,7659.8,7596.1,7644.8,28275.0
2024-03-05 22:00:00+00:00,7640.1,7705.8,7639.4,7681.4,31429.0
2024-03-06 22:00:00+00:00,7650.7,7711.7,7639.7,7689.2,32111.0
2024-03-07 22:00:00+00:00,7694.4,7713.7,7643.2,7651.0,37210.0
2024-03-10 21:00:00+00:00,7640.4,7696.8,7611.0,7695.0,30584.0
2024-03-11 21:00:00+00:00,7704.0,7767.0,7700.6,7758.6,37155.0
2024-03-12 21:00:00+00:00,7753.6,7788.8,7737.3,7784.8,28574.0
2024-03-13 21:00:00+00:00,7772.2,7785.6,7728.8,7756.0,30755.0
2024-03-14 21:00:00+00:00,7749.6,7782.8,7738.3,7760.3,32209.0
2024-03-17 21:00:00+00:00,7756.6,7775.3,7736.6,7741.8,20933.0
2024-03-18 21:00:00+00:00,7729.6,7765.3,7715.0,7759.0,25023.0
2024-03-19 21:00:00+00:00,7755.0,7801.6,7729.8,7796.6,26086.0
2024-03-20 21:00:00+00:00,7795.2,7927.0,7794.0,7908.5,30361.0
2024-03-21 21:00:00+00:00,7908.0,7987.0,7898.8,7951.5,25664.0
2024-03-24 21:00:00+00:00,7962.2,7964.0,7913.0,7929.0,19841.0
2024-03-25 21:00:00+00:00,7936.8,7959.0,7910.8,7940.8,21187.0
2024-03-26 21:00:00+00:00,7949.2,7969.0,7909.2,7967.0,18581.0
2024-03-27 21:00:00+00:00,7967.1,7996.6,7964.6,7985.1,20107.0
2024-04-01 21:00:00+00:00,7985.1,8033.4,7936.1,7958.1,31906.0
2024-04-02 21:00:00+00:00,7953.4,7953.4,7892.6,7938.4,28024.0
2024-04-03 21:00:00+00:00,7945.6,8006.8,7897.8,7908.0,32127.0
2024-04-04 21:00:00+00:00,7911.3,7944.3,7873.6,7933.6,39796.0
2024-04-07 21:00:00+00:00,7928.3,7969.6,7901.3,7957.0,24676.0
2024-04-08 21:00:00+00:00,7956.8,7979.3,7933.3,7964.3,26419.0
2024-04-09 21:00:00+00:00,7969.0,8020.3,7934.6,7995.6,42968.0
2024-04-10 21:00:00+00:00,7962.4,7996.9,7902.8,7961.8,44940.0
2024-04-11 21:00:00+00:00,7960.8,8064.3,7939.3,7950.3,48709.0
2024-04-14 21:00:00+00:00,7959.6,8030.6,7919.3,7933.8,52517.0
2024-04-15 21:00:00+00:00,7924.0,7930.6,7808.3,7839.6,58964.0
2024-04-16 21:00:00+00:00,7855.6,7913.6,7806.8,7894.6,51840.0
2024-04-17 21:00:00+00:00,7886.4,7916.4,7858.9,7874.9,40364.0
2024-04-18 21:00:00+00:00,7867.6,7948.4,7763.6,7942.2,64001.0
2024-04-21 21:00:00+00:00,7977.6,8087.8,7962.6,8068.0,38136.0
2024-04-22 21:00:00+00:00,8075.0,8100.6,8041.0,8081.8,36192.0
2024-04-23 21:00:00+00:00,8088.2,8138.8,8047.0,8063.8,31925.0
2024-04-24 21:00:00+00:00,8056.1,8122.1,8046.1,8099.4,43337.0
2024-04-25 21:00:00+00:00,8098.6,8181.1,8098.4,8171.6,32851.0
2024-04-28 21:00:00+00:00,8188.4,8209.6,8148.4,8161.8,25026.0
2024-04-29 21:00:00+00:00,8162.3,8215.6,8145.6,8150.6,32564.0
2024-04-30 21:00:00+00:00,8147.1,8192.1,8109.4,8120.4,34590.0
2024-05-01 21:00:00+00:00,8136.6,8209.7,8132.6,8194.7,35366.0
2024-05-02 21:00:00+00:00,8208.2,8265.2,8201.0,8250.2,37186.0
2024-05-06 21:00:00+00:00,8301.2,8353.5,8294.8,8350.2,25161.0
2024-05-07 21:00:00+00:00,8354.5,8384.8,8342.0,8383.6,21409.0
2024-05-08 21:00:00+00:00,8363.8,8414.8,8350.1,8411.1,23990.0
2024-05-09 21:00:00+00:00,8413.6,8456.6,8398.4,8421.6,21204.0
2024-05-12 21:00:00+00:00,8416.4,8446.4,8403.0,8413.8,17450.0
2024-05-13 21:00:00+00:00,8414.8,8454.8,8397.8,8450.3,22029.0
2024-05-14 21:00:00+00:00,8454.8,8483.8,8435.3,8449.8,25500.0
2024-05-15 21:00:00+00:00,8441.8,8461.4,8408.6,8432.4,22435.0
2024-05-16 21:00:00+00:00,8435.8,8442.6,8402.1,8433.6,22808.0
2024-05-19 21:00:00+00:00,8430.4,8453.8,8398.8,8400.6,13639.0
2024-05-20 21:00:00+00:00,8398.1,8425.6,8362.1,8423.1,20840.0
2024-05-21 21:00:00+00:00,8424.4,8438.4,8330.6,8359.1,30689.0
2024-05-22 21:00:00+00:00,8366.8,8378.4,8269.8,8283.1,30158.0
2024-05-23 21:00:00+00:00,8279.6,8321.8,8239.6,8306.1,25530.0
2024-05-27 21:00:00+00:00,8320.6,8335.4,8240.0,8259.3,27222.0
2024-05-28 21:00:00+00:00,8260.0,8265.6,8175.3,8182.0,31941.0
2024-05-29 21:00:00+00:00,8165.7,8238.7,8136.4,8232.7,28971.0
2024-05-30 21:00:00+00:00,8226.7,8302.7,8217.4,8302.7,32764.0
2024-06-02 21:00:00+00:00,8315.2,8358.4,8228.2,8247.7,41200.0
2024-06-03 21:00:00+00:00,8246.7,8260.7,8191.0,8247.0,34573.0
2024-06-04 21:00:00+00:00,8254.7,8283.2,8225.2,8265.8,24073.0
2024-06-05 21:00:00+00:00,8262.2,8296.8,8243.7,8292.8,24730.0
2024-06-06 21:00:00+00:00,8296.0,8306.3,8209.3,8220.3,34702.0
2024-06-09 21:00:00+00:00,8211.3,8250.8,8172.0,8244.8,31835.0
2024-06-10 21:00:00+00:00,8244.8,8264.0,8110.8,8144.0,37274.0
2024-06-11 21:00:00+00:00,8153.6,8241.6,8153.6,8216.3,46430.0
2024-06-12 21:00:00+00:00,8215.0,8215.8,8145.8,8168.8,36736.0
2024-06-13 21:00:00+00:00,8167.0,8209.3,8110.8,8173.6,45085.0
2024-06-16 21:00:00+00:00,8182.3,8202.3,8122.3,8173.3,34245.0
2024-06-17 21:00:00+00:00,8190.8,8204.3,8158.0,8193.0,30399.0
2024-06-18 21:00:00+00:00,8205.3,8213.3,8162.6,8209.8,20798.0
2024-06-19 21:00:00+00:00,8208.7,8286.7,8198.0,8279.0,31991.0
2024-06-20 21:00:00+00:00,8284.2,8286.7,8180.2,8235.0,36739.0
2024-06-23 21:00:00+00:00,8243.8,8323.6,8209.8,8307.8,30218.0
2024-06-24 21:00:00+00:00,8313.6,8327.8,8230.3,8252.0,26368.0
2024-06-25 21:00:00+00:00,8242.8,8313.6,8215.1,8243.6,27896.0
2024-06-26 21:00:00+00:00,8216.0,8249.2,8175.3,8198.6,26603.0
2024-06-27 21:00:00+00:00,8212.8,8246.3,8153.3,8180.6,36239.0
2024-06-30 21:00:00+00:00,8170.6,8232.0,8158.8,8167.6,32518.0
2024-07-01 21:00:00+00:00,8169.0,8178.0,8110.0,8144.8,31901.0
2024-07-02 21:00:00+00:00,8145.6,8206.8,8145.6,8200.8,25207.0
2024-07-03 21:00:00+00:00,8200.4,8266.8,8183.6,8263.8,15977.0
2024-07-04 21:00:00+00:00,8269.8,8287.6,8185.1,8213.8,31578.0
2024-07-07 21:00:00+00:00,8202.8,8237.6,8178.4,8205.6,21307.0
2024-07-08 21:00:00+00:00,8218.1,8223.1,8135.2,8163.9,26649.0
2024-07-09 21:00:00+00:00,8169.4,8219.6,8145.2,8215.8,21945.0
2024-07-10 21:00:00+00:00,8210.2,8238.5,8191.6,8226.0,32672.0
2024-07-11 21:00:00+00:00,8227.2,8281.8,8227.2,8240.4,27362.0
2024-07-14 21:00:00+00:00,8248.1,8253.8,8164.0,8173.0,32896.0
2024-07-15 21:00:00+00:00,8175.0,8207.8,8129.1,8206.6,29197.0
2024-07-16 21:00:00+00:00,8207.4,8214.3,8133.1,8213.6,35346.0
2024-07-17 21:00:00+00:00,8236.6,8273.3,8162.3,8175.0,39011.0
2024-07-18 21:00:00+00:00,8189.8,8190.6,8130.6,8171.6,40353.0
2024-07-21 21:00:00+00:00,8185.6,8248.6,8161.6,8222.6,34248.0
2024-07-22 21:00:00+00:00,8211.6,8237.8,8154.8,8171.8,33717.0
2024-07-23 21:00:00+00:00,8151.0,8177.8,8115.0,8135.0,37148.0
2024-07-24 21:00:00+00:00,8148.0,8232.3,8054.0,8203.0,58545.0
2024-07-25 21:00:00+00:00,8203.0,8334.0,8199.8,8317.3,42921.0
2024-07-28 21:00:00+00:00,8323.3,8374.3,8282.8,8286.0,43042.0
2024-07-29 21:00:00+00:00,8266.3,8304.3,8234.3,8299.8,38703.0
2024-07-30 21:00:00+00:00,8309.8,8416.6,8292.0,8378.6,44094.0
2024-07-31 21:00:00+00:00,8396.7,8409.2,8259.2,8302.0,56233.0
2024-08-01 21:00:00+00:00,8295.4,8303.7,8156.0,8223.4,73908.0
2024-08-04 21:00:00+00:00,8184.0,8195.4,7918.0,8005.6,110430.0
2024-08-05 21:00:00+00:00,8050.3,8124.0,7949.8,8077.4,87557.0
2024-08-06 21:00:00+00:00,8048.1,8183.0,8037.6,8107.2,65354.0
2024-08-07 21:00:00+00:00,8080.3,8173.3,8061.8,8156.8,57772.0
2024-08-08 21:00:00+00:00,8162.6,8205.3,8136.0,8198.8,46683.0
2024-08-11 21:00:00+00:00,8202.0,8231.3,8181.6,8214.6,31062.0
2024-08-12 21:00:00+00:00,8222.3,8262.8,8183.3,8260.6,30524.0
2024-08-13 21:00:00+00:00,8258.8,8313.3,8244.0,8304.8,34593.0
2024-08-14 21:00:00+00:00,8278.0,8371.0,8268.8,8349.3,30820.0
2024-08-15 21:00:00+00:00,8360.8,8361.3,8290.3,8294.6,29671.0
2024-08-18 21:00:00+00:00,8300.0,8377.8,8274.8,8340.8,24152.0
2024-08-19 21:00:00+00:00,8346.3,8351.0,8242.0,8242.4,26547.0
2024-08-20 21:00:00+00:00,8249.0,8299.2,8248.2,8288.8,29213.0
2024-08-21 21:00:00+00:00,8296.3,8318.6,8265.0,8275.3,26780.0
2024-08-22 21:00:00+00:00,8295.3,8339.8,8286.3,8332.3,31175.0
2024-08-26 21:00:00+00:00,8343.0,8401.0,8327.3,8356.8,27361.0
2024-08-27 21:00:00+00:00,8343.6,8380.3,8322.3,8350.3,26714.0
2024-08-28 21:00:00+00:00,8348.3,8419.3,8335.8,8398.3,32980.0
2024-08-29 21:00:00+00:00,8400.0,8418.6,8363.3,8404.0,29809.0
2024-09-01 21:00:00+00:00,8399.3,8399.3,8348.6,8381.6,16318.0
2024-09-02 21:00:00+00:00,8372.4,8394.1,8247.3,8267.6,39739.0
2024-09-03 21:00:00+00:00,8264.3,8285.6,8207.6,8263.6,49441.0
2024-09-04 21:00:00+00:00,8243.0,8287.0,8215.8,8236.8,40236.0
2024-09-05 21:00:00+00:00,8236.5,8263.8,8163.6,8167.6,56128.0
2024-09-08 21:00:00+00:00,8178.4,8298.6,8176.8,8268.0,38960.0
2024-09-09 21:00:00+00:00,8268.3,8268.8,8174.3,8223.6,42929.0
2024-09-10 21:00:00+00:00,8214.6,8269.7,8171.2,8267.4,53982.0
2024-09-11 21:00:00+00:00,8267.0,8306.0,8218.0,8261.0,47417.0
2024-09-12 21:00:00+00:00,8266.8,8289.2,8227.8,8281.2,34851.0
2024-09-15 21:00:00+00:00,8289.2,8314.5,8246.8,8309.2,33428.0
2024-09-16 21:00:00+00:00,8315.2,8354.0,8274.3,8293.0,41416.0
2024-09-17 21:00:00+00:00,8297.3,8306.8,8238.8,8269.8,45343.0
2024-09-18 21:00:00+00:00,8295.8,8369.8,8280.1,8337.8,42232.0
2024-09-19 21:00:00+00:00,8323.3,8329.8,8206.3,8211.0,46111.0
2024-09-22 21:00:00+00:00,8215.0,8279.8,8215.0,8276.6,40076.0
2024-09-23 21:00:00+00:00,8266.8,8325.6,8259.3,8271.6,38531.0
2024-09-24 21:00:00+00:00,8265.6,8328.3,8237.8,8273.3,34082.0
2024-09-25 21:00:00+00:00,8284.0,8335.8,8269.6,8295.8,40742.0
2024-09-26 21:00:00+00:00,8296.6,8344.8,8278.3,8303.8,34954.0
2024-09-29 21:00:00+00:00,8322.0,8338.8,8231.3,8267.0,39014.0
2024-09-30 21:00:00+00:00,8263.8,8314.0,8229.6,8288.8,48809.0
2024-10-01 21:00:00+00:00,8279.0,8332.8,8267.8,8282.3,43803.0
2024-10-02 21:00:00+00:00,8281.6,8343.1,8255.6,8286.6,47940.0
2024-10-03 21:00:00+00:00,8284.1,8325.4,8239.6,8322.6,42810.0
2024-10-06 21:00:00+00:00,8318.6,8339.2,8265.6,8299.4,41936.0
2024-10-07 21:00:00+00:00,8309.8,8318.1,8192.8,8227.8,42151.0
2024-10-08 21:00:00+00:00,8216.8,8289.5,8199.2,8285.8,33005.0
2024-10-09 21:00:00+00:00,8285.4,8286.2,8222.7,8262.7,35850.0
2024-10-10 21:00:00+00:00,8264.0,8273.0,8214.2,8267.0,27092.0
2024-10-13 21:00:00+00:00,8250.7,8328.3,8239.7,8325.3,28912.0
2024-10-14 21:00:00+00:00,8329.8,8339.0,8243.0,8248.0,42045.0
2024-10-15 21:00:00+00:00,8249.2,8371.6,8245.0,8369.8,35275.0
2024-10-16 21:00:00+00:00,8364.2,8407.8,8328.4,8384.4,36268.0
2024-10-17 21:00:00+00:00,8380.1,8387.6,8322.4,8376.6,31603.0
2024-10-20 21:00:00+00:00,8382.4,8400.6,8322.1,8331.6,29571.0
2024-10-21 21:00:00+00:00,8318.4,8339.3,8259.8,8334.3,33721.0
2024-10-22 21:00:00+00:00,8323.6,8331.6,8250.3,8278.6,32889.0
2024-10-23 21:00:00+00:00,8274.5,8345.8,8263.8,8289.3,32790.0
2024-10-24 21:00:00+00:00,8294.6,8295.3,8226.0,8240.6,30661.0
2024-10-27 21:00:00+00:00,8266.8,8320.0,8212.8,8305.8,34653.0
2024-10-28 21:00:00+00:00,8297.6,8336.6,8210.0,8218.2,37244.0
2024-10-29 21:00:00+00:00,8219.2,8220.3,8163.6,8169.0,44846.0
2024-10-30 21:00:00+00:00,8162.8,8173.8,8076.0,8127.4,45098.0
2024-10-31 21:00:00+00:00,8123.1,8210.0,8112.8,8174.2,42480.0
2024-11-03 22:00:00+00:00,8177.5,8246.8,8169.5,8179.2,34681.0
2024-11-04 22:00:00+00:00,8170.8,8224.6,8156.0,8185.8,31678.0
2024-11-05 22:00:00+00:00,8197.8,8311.8,8150.8,8189.0,68567.0
2024-11-06 22:00:00+00:00,8156.4,8200.6,8137.4,8186.1,39481.0
2024-11-07 22:00:00+00:00,8184.4,8190.1,8063.6,8089.1,37173.0
2024-11-10 22:00:00+00:00,8098.6,8157.8,8081.6,8119.0,27902.0
2024-11-11 22:00:00+00:00,8115.8,8122.3,8020.2,8050.2,35958.0
2024-11-12 22:00:00+00:00,8042.4,8066.4,8001.8,8056.8,36442.0
2024-11-13 22:00:00+00:00,8048.5,8088.0,8006.2,8063.3,40404.0
2024-11-14 22:00:00+00:00,8058.0,8098.0,8031.0,8084.0,41260.0
2024-11-17 22:00:00+00:00,8095.8,8130.3,8055.6,8110.8,29424.0
2024-11-18 22:00:00+00:00,8122.6,8152.0,8057.6,8099.3,45063.0
2024-11-19 22:00:00+00:00,8106.3,8135.8,8078.8,8114.1,39430.0
2024-11-20 22:00:00+00:00,8099.8,8192.0,8067.6,8190.8,44412.0
2024-11-21 22:00:00+00:00,8188.5,8283.3,8176.2,8276.6,40422.0
2024-11-24 22:00:00+00:00,8276.6,8320.3,8271.3,8296.3,32043.0
2024-11-25 22:00:00+00:00,8254.3,8293.1,8242.0,8273.1,32561.0
2024-11-26 22:00:00+00:00,8275.1,8288.7,8244.2,8282.7,30445.0
2024-11-27 22:00:00+00:00,8287.3,8308.3,8275.8,8293.3,17408.0
2024-11-28 22:00:00+00:00,8270.8,8304.5,8256.0,8286.2,26254.0
2024-12-01 22:00:00+00:00,8280.8,8339.0,8277.5,8328.8,31281.0
2024-12-02 22:00:00+00:00,8328.5,8397.8,8315.0,8357.5,30931.0
2024-12-03 22:00:00+00:00,8356.5,8368.5,8319.5,8330.0,28622.0
2024-12-04 22:00:00+00:00,8320.6,8365.8,8320.6,8349.1,27193.0
2024-12-05 22:00:00+00:00,8346.4,8358.1,8291.8,8303.6,26769.0
2024-12-08 22:00:00+00:00,8305.4,8376.6,8295.6,8340.8,29706.0
2024-12-09 22:00:00+00:00,8337.8,8339.8,8254.3,8255.8,29386.0
2024-12-10 22:00:00+00:00,8252.3,8324.3,8239.8,8322.0,30812.0
2024-12-11 22:00:00+00:00,8309.6,8329.6,8285.8,8289.1,29667.0
2024-12-12 22:00:00+00:00,8291.4,8330.8,8276.4,8306.0,26344.0
2024-12-15 22:00:00+00:00,8314.7,8315.0,8235.7,8236.4,26608.0
2024-12-16 22:00:00+00:00,8239.2,8254.4,8190.0,8198.0,29346.0
2024-12-17 22:00:00+00:00,8197.5,8234.2,8112.2,8113.5,36226.0
2024-12-18 22:00:00+00:00,8110.4,8129.1,8075.1,8106.4,42903.0
2024-12-19 22:00:00+00:00,8100.6,8110.1,7991.8,8062.1,51698.0
2024-12-22 22:00:00+00:00,8069.6,8161.0,8034.8,8157.3,31361.0
2024-12-23 22:00:00+00:00,8147.4,8162.0,8130.7,8136.4,5446.0
2024-12-26 22:00:00+00:00,8161.0,8164.7,8119.7,8140.0,29040.0
2024-12-29 22:00:00+00:00,8148.0,8157.0,8099.0,8129.7,28176.0
2024-12-30 22:00:00+00:00,8120.0,8185.2,8096.2,8174.0,6624.0
2025-01-01 22:00:00+00:00,8148.6,8279.8,8148.1,8236.0,42973.0
2025-01-02 22:00:00+00:00,8250.3,8277.6,8228.8,8231.3,27099.0
2025-01-05 22:00:00+00:00,8227.6,8270.3,8207.8,8220.8,33900.0
2025-01-06 22:00:00+00:00,8220.8,8272.6,8201.3,8244.8,33472.0
2025-01-07 22:00:00+00:00,8248.0,8281.3,8200.3,8271.0,42150.0
2025-01-08 22:00:00+00:00,8262.6,8336.6,8251.8,8322.1,21165.0
2025-01-09 22:00:00+00:00,8301.4,8334.8,8248.6,8264.1,41722.0
2025-01-12 22:00:00+00:00,8269.8,8269.8,8197.6,8235.8,38348.0
2025-01-13 22:00:00+00:00,8234.3,8258.0,8194.8,8230.6,39627.0
2025-01-14 22:00:00+00:00,8238.3,8346.8,8228.0,8329.8,36907.0
2025-01-15 22:00:00+00:00,8330.4,8435.9,8316.2,8429.6,35366.0
2025-01-16 22:00:00+00:00,8426.9,8545.4,8422.6,8511.2,34132.0
2025-01-19 22:00:00+00:00,8508.9,8562.6,8492.9,8534.0,25646.0
2025-01-20 22:00:00+00:00,8512.0,8577.8,8504.3,8572.8,30193.0
2025-01-21 22:00:00+00:00,8577.3,8598.4,8526.4,8528.4,25838.0
2025-01-22 22:00:00+00:00,8526.4,8582.2,8520.0,8574.4,23891.0
2025-01-23 22:00:00+00:00,8572.4,8597.4,8487.0,8491.0,27684.0
2025-01-26 22:00:00+00:00,8466.3,8535.0,8436.8,8528.0,40612.0
2025-01-27 22:00:00+00:00,8528.6,8580.8,8505.0,8552.6,28501.0
2025-01-28 22:00:00+00:00,8554.6,8595.3,8527.8,8552.6,27710.0
2025-01-29 22:00:00+00:00,8559.3,8693.9,8553.6,8674.6,24161.0
2025-01-30 22:00:00+00:00,8674.4,8700.6,8637.4,8643.2,31421.0
2025-02-02 22:00:00+00:00,8549.1,8599.4,8513.2,8554.9,54782.0
2025-02-03 22:00:00+00:00,8571.9,8590.6,8525.9,8556.8,33741.0
2025-02-04 22:00:00+00:00,8563.6,8668.6,8545.0,8661.8,26403.0
2025-02-05 22:00:00+00:00,8670.8,8771.0,8667.8,8714.0,30624.0
2025-02-06 22:00:00+00:00,8709.0,8736.8,8688.8,8692.0,31236.0
2025-02-09 22:00:00+00:00,8714.8,8792.3,8705.6,8787.0,21780.0
2025-02-10 22:00:00+00:00,8786.0,8795.6,8753.3,8784.8,23474.0
2025-02-11 22:00:00+00:00,8784.3,8834.8,8761.3,8830.0,27292.0
2025-02-12 22:00:00+00:00,8834.0,8834.0,8729.5,8758.2,35624.0
2025-02-13 22:00:00+00:00,8756.5,8766.8,8705.6,8708.0,26181.0
2025-02-16 22:00:00+00:00,8712.8,8786.0,8712.8,8777.3,16494.0
2025-02-17 22:00:00+00:00,8767.0,8792.8,8758.3,8772.0,23484.0
2025-02-18 22:00:00+00:00,8766.8,8779.8,8697.6,8722.6,30955.0
2025-02-19 22:00:00+00:00,8700.6,8708.4,8646.6,8660.6,30803.0
2025-02-20 22:00:00+00:00,8657.9,8683.9,8610.9,8628.2,35020.0
2025-02-23 22:00:00+00:00,8650.6,8686.9,8610.9,8630.2,39765.0
2025-02-24 22:00:00+00:00,8635.2,8715.3,8624.9,8700.3,41649.0
2025-02-25 22:00:00+00:00,8707.6,8742.0,8682.6,8707.6,35340.0
2025-02-26 22:00:00+00:00,8701.4,8785.2,8698.4,8734.0,45787.0
2025-02-27 22:00:00+00:00,8719.7,8840.0,8679.4,8839.0,49091.0
2025-03-02 22:00:00+00:00,8838.8,8914.8,8797.0,8838.6,58671.0
2025-03-03 22:00:00+00:00,8846.8,8874.0,8747.6,8797.8,71431.0
2025-03-04 22:00:00+00:00,8824.6,8839.6,8748.5,8813.8,59535.0
2025-03-05 22:00:00+00:00,8765.2,8799.7,8629.4,8644.7,61474.0
2025-03-06 22:00:00+00:00,8647.7,8752.2,8625.7,8747.9,59648.0
2025-03-09 21:00:00+00:00,8722.4,8729.6,8534.6,8605.1,67128.0
2025-03-10 21:00:00+00:00,8569.6,8634.8,8465.6,8509.8,78183.0
2025-03-11 21:00:00+00:00,8527.8,8569.4,8497.8,8539.6,58271.0
2025-03-12 21:00:00+00:00,8540.0,8581.0,8505.8,8544.6,58575.0
2025-03-13 21:00:00+00:00,8561.8,8675.6,8536.3,8665.0,47090.0
2025-03-16 21:00:00+00:00,8661.6,8715.3,8622.0,8697.6,40210.0
2025-03-17 21:00:00+00:00,8698.3,8724.3,8675.3,8696.3,42538.0
2025-03-18 21:00:00+00:00,8714.6,8727.6,8658.0,8712.8,38373.0
2025-03-19 21:00:00+00:00,8716.0,8740.8,8660.7,8704.6,43794.0
2025-03-20 21:00:00+00:00,8712.3,8715.3,8618.3,8654.8,45520.0
2025-03-23 21:00:00+00:00,8678.5,8704.5,8621.2,8646.2,34922.0
2025-03-24 21:00:00+00:00,8653.2,8723.5,8615.8,8682.5,29605.0
2025-03-25 21:00:00+00:00,8681.5,8719.5,8659.8,8677.5,39036.0
2025-03-26 21:00:00+00:00,8660.7,8669.4,8608.4,8665.0,39389.0
2025-03-27 21:00:00+00:00,8663.7,8693.2,8633.2,8642.2,41401.0
2025-03-30 21:00:00+00:00,8639.0,8640.2,8525.7,8623.7,57430.0
2025-03-31 21:00:00+00:00,8607.0,8669.0,8569.7,8608.4,51085.0
2025-04-01 21:00:00+00:00,8623.2,8623.2,8543.2,8616.8,50481.0
2025-04-02 21:00:00+00:00,8443.6,8539.9,8431.9,8473.6,91488.0
2025-04-03 21:00:00+00:00,8463.9,8481.4,7980.0,7997.3,148324.0
2025-04-06 21:00:00+00:00,7808.6,8019.0,7534.0,7789.8,156127.0
2025-04-07 21:00:00+00:00,7814.3,7983.0,7657.0,7735.0,121027.0
2025-04-08 21:00:00+00:00,7676.0,8191.6,7595.3,8125.8,129590.0
2025-04-09 21:00:00+00:00,8141.8,8165.8,7797.8,7955.2,132171.0
2025-04-10 21:00:00+00:00,7907.5,8121.8,7858.0,8099.1,110962.0
2025-04-13 21:00:00+00:00,8123.1,8175.4,8068.8,8136.6,65694.0
2025-04-14 21:00:00+00:00,8135.4,8271.0,8128.1,8234.8,54048.0
2025-04-15 21:00:00+00:00,8212.3,8284.6,8166.6,8193.6,57795.0
2025-04-16 21:00:00+00:00,8195.6,8327.6,8189.2,8262.9,52689.0
2025-04-21 21:00:00+00:00,8209.1,8376.9,8207.6,8357.2,51417.0
2025-04-22 21:00:00+00:00,8453.4,8474.2,8381.4,8412.0,60619.0
2025-04-23 21:00:00+00:00,8412.0,8439.1,8362.8,8436.1,39655.0
2025-04-24 21:00:00+00:00,8443.1,8453.0,8397.6,8452.5,40648.0
2025-04-27 21:00:00+00:00,8439.2,8459.2,8399.8,8437.5,29362.0
2025-04-28 21:00:00+00:00,8440.8,8506.8,8407.2,8489.0,28176.0
2025-04-29 21:00:00+00:00,8482.5,8504.5,8432.8,8484.8,37232.0
2025-04-30 21:00:00+00:00,8489.4,8525.2,8447.6,8478.9,19061.0
2025-05-01 21:00:00+00:00,8473.6,8641.6,8467.9,8634.8,36682.0
2025-05-05 21:00:00+00:00,8634.8,8659.4,8567.1,8568.4,34360.0
2025-05-06 21:00:00+00:00,8602.1,8612.8,8532.8,8584.8,33872.0
2025-05-07 21:00:00+00:00,8572.3,8616.3,8515.0,8551.8,35221.0
2025-05-08 21:00:00+00:00,8537.8,8583.6,8522.4,8544.7,30268.0
2025-05-11 21:00:00+00:00,8594.7,8641.7,8547.0,8628.9,45273.0
2025-05-12 21:00:00+00:00,8623.9,8627.2,8554.4,8593.2,31372.0
2025-05-13 21:00:00+00:00,8587.4,8619.9,8559.6,8587.4,30797.0
2025-05-14 21:00:00+00:00,8561.0,8651.4,8533.0,8641.2,31721.0
2025-05-15 21:00:00+00:00,8644.2,8698.9,8633.9,8694.4,28677.0
2025-05-18 21:00:00+00:00,8676.6,8734.6,8610.6,8732.2,31273.0
2025-05-19 21:00:00+00:00,8742.2,8801.8,8711.9,8785.6,28953.0
2025-05-20 21:00:00+00:00,8790.0,8800.8,8720.8,8731.8,40634.0
2025-05-21 21:00:00+00:00,8720.4,8768.6,8686.4,8740.6,33442.0
2025-05-22 21:00:00+00:00,8749.4,8775.4,8598.8,8729.4,52287.0
2025-05-26 21:00:00+00:00,8799.4,8821.6,8763.4,8802.5,28252.0
2025-05-27 21:00:00+00:00,8802.5,8807.2,8725.2,8752.8,27628.0
2025-05-28 21:00:00+00:00,8797.0,8808.0,8694.8,8740.2,30397.0
2025-05-29 21:00:00+00:00,8730.2,8808.0,8724.8,8797.2,39831.0
2025-06-01 21:00:00+00:00,8783.0,8818.8,8731.4,8817.4,40217.0
2025-06-02 21:00:00+00:00,8804.4,8811.4,8741.1,8795.2,32870.0
2025-06-03 21:00:00+00:00,8801.7,8825.0,8781.7,8807.0,29415.0
2025-06-04 21:00:00+00:00,8803.6,8841.0,8776.7,8790.0,34842.0
2025-06-05 21:00:00+00:00,8790.0,8851.2,8790.0,8842.7,26801.0
2025-06-08 21:00:00+00:00,8841.2,8853.6,8811.2,8819.8,18782.0
2025-06-09 21:00:00+00:00,8821.6,8890.3,8817.0,8864.6,31106.0
2025-06-10 21:00:00+00:00,8861.8,8888.0,8837.3,8854.8,32505.0
2025-06-11 21:00:00+00:00,8850.4,8901.6,8824.4,8887.1,33191.0
2025-06-12 21:00:00+00:00,8864.4,8883.8,8817.1,8829.8,46112.0
2025-06-15 21:00:00+00:00,8846.6,8902.4,8830.4,8844.4,30026.0
2025-06-16 21:00:00+00:00,8827.4,8866.3,8807.4,8841.8,39085.0
2025-06-17 21:00:00+00:00,8840.8,8866.8,8820.6,8855.0,38102.0
2025-06-18 21:00:00+00:00,8851.0,8869.2,8782.7,8815.0,23806.0
2025-06-19 21:00:00+00:00,8822.0,8851.8,8746.6,8752.8,36750.0
2025-06-22 21:00:00+00:00,8739.6,8791.4,8729.4,8779.4,38855.0
2025-06-23 21:00:00+00:00,8787.6,8829.6,8759.0,8772.0,36289.0
2025-06-24 21:00:00+00:00,8769.5,8799.5,8710.2,8714.4,28236.0
2025-06-25 21:00:00+00:00,8705.2,8766.4,8700.4,8766.2,27428.0
2025-06-26 21:00:00+00:00,8764.2,8805.9,8747.9,8787.4,31700.0
2025-06-29 21:00:00+00:00,8795.2,8821.2,8755.4,8775.4,25843.0
2025-06-30 21:00:00+00:00,8774.2,8808.4,8727.2,8790.2,28503.0
2025-07-01 21:00:00+00:00,8787.4,8828.9,8738.4,8795.6,31791.0
2025-07-02 21:00:00+00:00,8796.6,8836.1,8784.6,8815.8,23520.0
2025-07-03 21:00:00+00:00,8805.8,8827.8,8775.4,8794.8,16854.0
2025-07-06 21:00:00+00:00,8797.1,8832.8,8773.8,8776.0,28423.0
2025-07-07 21:00:00+00:00,8777.5,8883.8,8771.0,8874.3,25823.0
2025-07-08 21:00:00+00:00,8865.6,8913.4,8855.6,8911.8,24730.0
2025-07-09 21:00:00+00:00,8903.3,8998.6,8896.8,8990.0,24968.0
2025-07-10 21:00:00+00:00,8985.0,8990.6,8921.0,8945.5,28494.0
2025-07-13 21:00:00+00:00,8943.0,9031.8,8922.0,9027.8,25268.0
2025-07-14 21:00:00+00:00,9027.3,9048.8,8942.6,8953.8,30158.0
2025-07-15 21:00:00+00:00,8941.0,8993.1,8920.0,8988.8,35069.0
2025-07-16 21:00:00+00:00,8985.6,9000.4,8945.8,8992.0,25947.0
2025-07-17 21:00:00+00:00,8994.4,9019.0,8972.2,8990.2,26569.0
2025-07-20 21:00:00+00:00,8996.0,9018.5,8978.8,8988.8,23034.0
2025-07-21 21:00:00+00:00,8989.8,9051.0,8982.5,9048.5,27576.0
2025-07-22 21:00:00+00:00,9063.0,9119.5,9051.2,9117.5,29029.0
2025-07-23 21:00:00+00:00,9114.5,9163.4,9103.2,9135.2,29452.0
2025-07-24 21:00:00+00:00,9145.4,9154.0,9098.0,9149.7,22213.0
2025-07-27 21:00:00+00:00,9167.2,9179.2,9065.0,9090.7,26544.0
2025-07-28 21:00:00+00:00,9091.9,9171.1,9086.0,9150.6,29408.0
2025-07-29 21:00:00+00:00,9153.1,9169.8,9097.1,9142.1,33734.0
2025-07-30 21:00:00+00:00,9150.1,9194.4,9113.1,9121.6,41102.0
2025-07-31 21:00:00+00:00,9121.4,9134.1,9032.4,9110.2,52977.0
2025-08-03 21:00:00+00:00,9104.2,9161.2,9069.2,9156.2,33218.0
2025-08-04 21:00:00+00:00,9149.0,9185.0,9129.7,9154.0,35159.0
2025-08-05 21:00:00+00:00,9152.4,9187.4,9138.4,9146.1,29156.0
2025-08-06 21:00:00+00:00,9127.8,9149.8,9075.6,9087.4,41203.0
2025-08-07 21:00:00+00:00,9087.4,9125.6,9080.4,9091.4,28122.0
2025-08-10 21:00:00+00:00,9090.6,9141.8,9090.6,9133.6,25586.0
2025-08-11 21:00:00+00:00,9133.8,9175.0,9122.5,9173.0,27175.0
2025-08-12 21:00:00+00:00,9172.0,9191.9,9146.0,9189.4,23727.0
2025-08-13 21:00:00+00:00,9158.3,9216.4,9135.8,9214.9,24835.0
2025-08-14 21:00:00+00:00,9223.2,9230.4,9129.4,9149.6,25441.0
2025-08-17 21:00:00+00:00,9155.1,9186.8,9126.6,9182.3,21436.0
2025-08-18 21:00:00+00:00,9183.6,9201.8,9157.3,9186.4,24687.0
2025-08-19 21:00:00+00:00,9187.1,9323.1,9169.1,9313.6,33387.0
2025-08-20 21:00:00+00:00,9306.2,9318.2,9257.4,9312.6,27647.0
2025-08-21 21:00:00+00:00,9319.6,9361.0,9283.2,9338.5,27695.0
2025-08-25 21:00:00+00:00,9318.0,9320.0,9246.8,9301.3,28053.0
2025-08-26 21:00:00+00:00,9303.6,9310.3,9236.8,9268.3,21465.0
2025-08-27 21:00:00+00:00,9257.6,9273.6,9207.6,9231.0,21786.0
2025-08-28 21:00:00+00:00,9230.2,9238.4,9180.7,9195.8,24739.0
2025-08-31 21:00:00+00:00,9206.8,9227.3,9179.6,9197.0,14292.0
2025-09-01 21:00:00+00:00,9194.6,9210.3,9102.3,9156.0,34362.0
2025-09-02 21:00:00+00:00,9155.0,9188.3,9105.0,9186.0,29529.0
2025-09-03 21:00:00+00:00,9185.3,9235.0,9154.8,9231.3,25815.0
2025-09-04 21:00:00+00:00,9232.6,9254.3,9195.8,9225.8,34589.0
2025-09-07 21:00:00+00:00,9235.8,9241.6,9189.8,9233.6,23960.0
2025-09-08 21:00:00+00:00,9234.6,9269.0,9213.6,9259.6,25651.0
2025-09-09 21:00:00+00:00,9255.8,9296.0,9221.8,9246.6,30005.0
2025-09-10 21:00:00+00:00,9247.8,9322.8,9238.6,9322.0,25144.0
2025-09-11 21:00:00+00:00,9318.0,9343.8,9263.9,9268.6,23089.0
2025-09-14 21:00:00+00:00,9264.2,9300.6,9263.2,9283.2,23210.0
2025-09-15 21:00:00+00:00,9281.6,9286.6,9194.0,9209.5,25690.0
2025-09-16 21:00:00+00:00,9210.5,9250.2,9181.8,9201.2,34901.0
2025-09-17 21:00:00+00:00,9210.8,9262.0,9197.8,9254.8,32890.0
2025-09-18 21:00:00+00:00,9255.0,9263.8,9211.3,9238.8,28323.0
2025-09-21 21:00:00+00:00,9235.6,9269.5,9203.8,9259.8,23401.0
2025-09-22 21:00:00+00:00,9259.2,9285.5,9213.5,9217.2,24358.0
2025-09-23 21:00:00+00:00,9218.8,9285.6,9190.5,9252.6,26923.0
2025-09-24 21:00:00+00:00,9251.6,9261.6,9214.3,9258.2,32913.0
2025-09-25 21:00:00+00:00,9247.2,9324.0,9224.8,9319.3,27519.0
2025-09-28 21:00:00+00:00,9322.3,9374.0,9300.8,9316.6,24797.0
2025-09-29 21:00:00+00:00,9316.3,9396.3,9282.3,9390.6,30568.0
2025-09-30 21:00:00+00:00,9391.3,9482.0,9364.3,9472.8,31942.0
2025-10-01 21:00:00+00:00,9468.4,9502.4,9429.9,9441.2,33341.0
2025-10-02 21:00:00+00:00,9441.4,9512.8,9438.9,9495.8,25044.0
2025-10-05 21:00:00+00:00,9505.3,9528.3,9473.6,9482.8,29159.0
2025-10-06 21:00:00+00:00,9475.0,9519.8,9470.0,9502.8,25878.0
2025-10-07 21:00:00+00:00,9500.6,9592.7,9494.8,9565.4,25884.0
2025-10-08 21:00:00+00:00,9570.2,9570.2,9496.2,9508.7,32488.0
2025-10-09 21:00:00+00:00,9517.4,9530.0,9375.0,9390.2,55294.0
2025-10-12 21:00:00+00:00,9441.4,9468.4,9417.4,9458.2,41745.0
2025-10-13 21:00:00+00:00,9451.2,9503.3,9390.2,9484.0,51278.0
2025-10-14 21:00:00+00:00,9492.0,9498.6,9385.0,9422.0,40653.0
2025-10-15 21:00:00+00:00,9420.4,9448.2,9362.6,9374.4,52707.0
2025-10-16 21:00:00+00:00,9358.6,9393.4,9275.2,9382.4,60274.0
2025-10-19 21:00:00+00:00,9378.2,9452.0,9368.6,9446.6,26569.0
2025-10-20 21:00:00+00:00,9450.8,9460.8,9416.6,9429.3,24260.0
2025-10-21 21:00:00+00:00,9426.0,9558.8,9420.6,9527.0,35851.0
2025-10-22 21:00:00+00:00,9515.6,9604.8,9515.1,9592.8,30105.0
2025-10-23 21:00:00+00:00,9599.8,9669.3,9566.6,9645.0,23112.0
2025-10-26 21:00:00+00:00,9673.3,9683.8,9643.6,9683.0,20759.0
2025-10-27 21:00:00+00:00,9678.6,9742.6,9655.0,9712.0,24917.0
2025-10-28 21:00:00+00:00,9706.6,9803.6,9701.0,9759.8,42059.0
2025-10-29 21:00:00+00:00,9775.8,9783.8,9701.8,9766.8,45176.0
2025-10-30 21:00:00+00:00,9767.2,9768.5,9708.8,9748.0,33213.0
2025-11-02 22:00:00+00:00,9765.8,9767.3,9702.8,9714.3,24043.0
2025-11-03 22:00:00+00:00,9704.8,9740.4,9580.6,9722.4,38272.0
2025-11-04 22:00:00+00:00,9687.4,9816.3,9650.2,9796.6,35565.0
2025-11-05 22:00:00+00:00,9777.6,9796.6,9710.6,9720.0,38099.0
2025-11-06 22:00:00+00:00,9731.6,9745.3,9645.0,9739.0,54158.0
2025-11-09 22:00:00+00:00,9766.0,9859.3,9734.0,9854.6,34808.0
2025-11-10 22:00:00+00:00,9854.6,9928.0,9854.3,9913.0,35804.0
2025-11-11 22:00:00+00:00,9922.5,9943.2,9887.2,9907.2,34774.0
2025-11-12 22:00:00+00:00,9891.0,9924.8,9745.6,9752.6,52728.0
2025-11-13 22:00:00+00:00,9767.6,9790.3,9614.3,9695.0,67319.0
2025-11-16 22:00:00+00:00,9699.8,9714.0,9615.6,9637.0,53627.0
2025-11-17 22:00:00+00:00,9626.6,9637.3,9520.0,9583.6,91134.0
2025-11-18 22:00:00+00:00,9577.6,9580.0,9508.0,9557.6,63655.0
2025-11-19 22:00:00+00:00,9572.1,9598.8,9441.1,9446.6,82183.0
2025-11-20 22:00:00+00:00,9472.6,9600.1,9426.1,9574.6,93928.0
2025-11-23 22:00:00+00:00,9596.6,9599.4,9513.6,9543.8,53999.0
2025-11-24 22:00:00+00:00,9534.6,9654.3,9518.6,9646.3,52758.0
2025-11-25 22:00:00+00:00,9652.0,9719.8,9598.3,9698.6,47216.0
2025-11-26 22:00:00+00:00,9695.8,9704.6,9658.6,9701.8,18919.0
2025-11-27 22:00:00+00:00,9714.1,9744.4,9694.4,9714.8,22719.0
2025-11-30 22:00:00+00:00,9695.4,9736.1,9685.8,9690.4,40811.0
2025-12-01 22:00:00+00:00,9691.4,9745.6,9681.6,9711.3,39971.0
2025-12-02 22:00:00+00:00,9713.3,9718.4,9681.8,9712.1,33389.0
2025-12-03 22:00:00+00:00,9713.3,9732.6,9677.3,9711.8,31516.0
2025-12-04 22:00:00+00:00,9717.6,9740.3,9660.3,9663.0,28793.0
2025-12-07 22:00:00+00:00,9663.0,9684.2,9627.4,9641.2,28536.0
2025-12-08 22:00:00+00:00,9651.0,9677.2,9611.0,9613.4,27982.0
2025-12-09 22:00:00+00:00,9614.2,9695.3,9609.7,9686.3,38095.0
2025-12-10 22:00:00+00:00,9683.3,9737.2,9634.3,9723.4,40464.0
2025-12-11 22:00:00+00:00,9725.0,9765.0,9634.2,9662.2,46603.0
2025-12-14 22:00:00+00:00,9674.7,9776.4,9669.7,9757.6,36458.0
2025-12-15 22:00:00+00:00,9754.2,9764.6,9658.5,9686.5,51562.0
2025-12-16 22:00:00+00:00,9678.2,9860.8,9677.5,9771.8,44883.0
2025-12-17 22:00:00+00:00,9783.2,9874.3,9767.3,9826.0,45848.0
2025-12-18 22:00:00+00:00,9822.3,9941.6,9817.3,9898.8,34812.0
2025-12-21 22:00:00+00:00,9907.0,9924.3,9849.8,9890.8,24468.0
2025-12-22 22:00:00+00:00,9885.6,9921.0,9861.8,9900.6,23845.0
2025-12-23 22:00:00+00:00,9900.5,9913.6,9875.6,9885.3,5168.0
2025-12-28 22:00:00+00:00,9915.4,9915.6,9873.4,9889.9,27640.0
2025-12-29 22:00:00+00:00,9880.2,9973.6,9872.6,9961.9,22106.0
2025-12-30 22:00:00+00:00,9938.4,9975.6,9927.4,9964.9,6848.0
2026-01-01 22:00:00+00:00,9921.2,10063.2,9921.2,10018.0,44324.0
2026-01-04 22:00:00+00:00,10030.7,10050.8,9969.7,10046.8,42668.0
2026-01-05 22:00:00+00:00,10043.8,10180.0,10043.8,10126.8,36478.0
2026-01-06 22:00:00+00:00,10125.6,10136.3,10034.6,10045.6,38261.0
2026-01-07 22:00:00+00:00,10045.4,10098.3,10011.2,10097.8,39545.0
2026-01-08 22:00:00+00:00,10096.6,10162.3,10074.8,10158.3,34001.0
2026-01-11 22:00:00+00:00,10141.6,10170.8,10112.6,10167.3,28979.0
2026-01-12 22:00:00+00:00,10160.0,10173.6,10113.3,10165.8,31399.0
2026-01-13 22:00:00+00:00,10165.3,10240.6,10154.3,10238.6,40590.0
2026-01-14 22:00:00+00:00,10230.3,10270.8,10188.6,10244.4,37197.0
2026-01-15 22:00:00+00:00,10246.2,10278.0,10230.7,10271.8,28008.0
2026-01-18 22:00:00+00:00,10169.8,10248.5,10166.8,10200.2,34735.0
2026-01-19 22:00:00+00:00,10198.8,10208.2,10066.5,10119.2,63817.0
2026-01-20 22:00:00+00:00,10128.5,10240.8,10110.0,10226.2,69414.0
2026-01-21 22:00:00+00:00,10226.2,10244.8,10157.0,10163.5,44653.0
2026-01-22 22:00:00+00:00,10166.2,10198.5,10132.0,10165.6,43895.0
2026-01-25 22:00:00+00:00,10136.8,10201.3,10135.3,10175.0,38615.0
2026-01-26 22:00:00+00:00,10178.0,10245.4,10175.3,10206.2,37378.0
2026-01-27 22:00:00+00:00,10217.2,10249.4,10156.1,10178.6,46515.0
2026-01-28 22:00:00+00:00,10173.2,10293.9,10156.9,10226.6,70623.0
2026-01-29 22:00:00+00:00,10218.9,10254.2,10147.2,10244.6,84280.0
2026-02-01 22:00:00+00:00,10233.8,10379.4,10130.6,10345.6,62585.0
2026-02-02 22:00:00+00:00,10343.6,10382.1,10238.7,10311.4,69270.0
2026-02-03 22:00:00+00:00,10314.4,10493.7,10313.7,10417.2,82834.0
2026-02-04 22:00:00+00:00,10431.4,10435.7,10262.2,10267.2,89857.0
2026-02-05 22:00:00+00:00,10264.9,10419.4,10230.2,10418.4,60544.0
2026-02-08 22:00:00+00:00,10415.6,10429.4,10321.8,10402.1,50253.0
2026-02-09 22:00:00+00:00,10394.1,10432.8,10335.8,10374.6,52671.0
2026-02-10 22:00:00+00:00,10389.0,10534.6,10374.6,10520.6,55794.0
2026-02-11 22:00:00+00:00,10520.4,10551.4,10383.0,10435.7,71755.0
2026-02-12 22:00:00+00:00,10422.4,10467.4,10382.0,10453.7,86750.0
2026-02-15 22:00:00+00:00,10450.2,10494.2,10439.7,10469.0,32596.0
2026-02-16 22:00:00+00:00,10469.7,10592.2,10447.0,10574.2,80218.0
2026-02-17 22:00:00+00:00,10575.2,10721.2,10562.7,10710.2,47154.0
2026-02-18 22:00:00+00:00,10696.0,10707.2,10597.0,10680.9,64387.0
2026-02-19 22:00:00+00:00,10687.6,10764.6,10654.6,10735.4,62317.0
2026-02-22 22:00:00+00:00,10679.1,10743.8,10657.2,10683.4,56780.0
2026-02-23 22:00:00+00:00,10686.2,10726.3,10645.0,10714.0,48711.0
2026-02-24 22:00:00+00:00,10706.3,10824.8,10701.0,10814.8,44174.0
2026-02-25 22:00:00+00:00,10800.8,10870.3,10786.8,10856.3,39318.0
2026-02-26 22:00:00+00:00,10840.3,10935.3,10840.0,10877.3,56220.0
2026-03-01 22:00:00+00:00,10852.0,10863.6,10728.8,10801.8,66890.0
2026-03-02 22:00:00+00:00,10772.8,10785.8,10406.3,10534.0,128915.0
2026-03-03 22:00:00+00:00,10539.3,10637.8,10440.6,10628.0,95905.0
2026-03-04 22:00:00+00:00,10616.0,10638.0,10342.0,10400.0,88957.0
2026-03-05 22:00:00+00:00,10415.0,10481.3,10230.0,10316.3,104068.0
2026-03-08 21:00:00+00:00,10118.0,10389.8,10073.3,10336.8,147888.0
2026-03-09 21:00:00+00:00,10319.8,10478.0,10279.0,10387.0,91391.0
2026-03-10 21:00:00+00:00,10406.7,10425.0,10292.0,10342.4,67658.0
2026-03-11 21:00:00+00:00,10272.2,10345.8,10241.8,10289.2,80425.0
2026-03-12 21:00:00+00:00,10315.0,10366.2,10193.2,10238.8,74042.0
2026-03-15 21:00:00+00:00,10293.5,10381.1,10250.2,10347.8,61078.0
2026-03-16 21:00:00+00:00,10326.8,10441.5,10304.1,10373.8,51810.0
2026-03-17 21:00:00+00:00,10385.5,10451.8,10221.0,10228.0,59853.0
2026-03-18 21:00:00+00:00,10223.2,10250.2,9991.4,10080.2,105540.0
2026-03-19 21:00:00+00:00,10073.2,10137.5,9802.8,9845.6,111220.0
2026-03-22 21:00:00+00:00,9783.6,10051.1,9678.4,9957.4,163534.0
2026-03-23 21:00:00+00:00,9886.6,10042.8,9836.6,10016.6,115536.0
2026-03-24 21:00:00+00:00,10052.6,10143.4,10010.6,10116.4,74998.0
2026-03-25 21:00:00+00:00,10103.0,10110.4,9938.6,9959.6,70888.0
2026-03-26 21:00:00+00:00,9952.9,10037.6,9888.2,9913.3,68496.0
2026-03-29 21:00:00+00:00,9913.2,10168.0,9865.6,10081.2,79667.0
2026-03-30 21:00:00+00:00,10054.2,10295.2,10037.2,10286.4,130067.0
2026-03-31 21:00:00+00:00,10293.0,10434.4,10277.2,10434.2,79309.0
2026-04-01 21:00:00+00:00,10432.0,10476.7,10264.7,10464.2,73943.0
2026-04-06 21:00:00+00:00,10485.4,10526.0,10340.6,10420.2,114818.0
2026-04-07 21:00:00+00:00,10594.4,10735.9,10569.2,10694.6,92560.0
2026-04-08 21:00:00+00:00,10660.9,10665.4,10560.7,10610.7,70998.0
2026-04-09 21:00:00+00:00,10596.2,10671.4,10578.4,10605.9,55082.0
2026-04-12 21:00:00+00:00,10510.4,10627.2,10504.4,10618.9,59770.0
2026-04-13 21:00:00+00:00,10630.1,10652.9,10576.2,10635.2,45335.0
2026-04-14 21:00:00+00:00,10638.6,10650.9,10554.0,10564.7,52373.0
2026-04-15 21:00:00+00:00,10565.6,10654.3,10556.8,10594.8,43760.0
2026-04-16 21:00:00+00:00,10602.8,10704.0,10553.6,10704.0,54000.0
2026-04-19 21:00:00+00:00,10623.0,10644.3,10591.2,10620.6,52720.0
2026-04-20 21:00:00+00:00,10619.9,10644.6,10441.2,10443.6,61269.0
2026-04-21 21:00:00+00:00,10485.6,10531.2,10462.6,10486.8,47470.0
2026-04-22 21:00:00+00:00,10468.4,10477.8,10347.0,10416.0,79217.0
2026-04-23 21:00:00+00:00,10415.3,10454.8,10365.0,10393.0,64506.0
2026-04-26 21:00:00+00:00,10380.8,10418.0,10324.3,10330.3,46474.0
2026-04-27 21:00:00+00:00,10346.0,10392.0,10295.6,10315.0,55787.0
2026-04-28 21:00:00+00:00,10333.4,10341.2,10177.4,10204.4,59368.0
2026-04-29 21:00:00+00:00,10225.1,10391.1,10182.8,10364.8,76672.0
2026-04-30 21:00:00+00:00,10375.0,10391.2,10285.0,10364.5,18814.0
2026-05-04 21:00:00+00:00,10297.2,10310.8,10158.5,10265.2,49506.0
2026-05-05 21:00:00+00:00,10292.8,10486.5,10291.0,10447.8,74776.0
2026-05-06 21:00:00+00:00,10426.4,10469.6,10206.0,10214.8,73307.0
2026-05-07 21:00:00+00:00,10231.6,10282.4,10183.6,10263.7,52188.0
2026-05-10 21:00:00+00:00,10248.4,10290.4,10222.4,10242.7,39002.0
2026-05-11 21:00:00+00:00,10234.4,10296.4,10150.4,10283.2,61344.0
