datetime,open,high,low,close,volume
2006-04-24 21:00:00+00:00,11.985,12.675,11.97,12.54,956.0
2006-04-25 21:00:00+00:00,12.545,12.97,12.4,12.88,1559.0
2006-04-26 21:00:00+00:00,12.89,13.195,12.26,12.635,2000.0
2006-04-27 21:00:00+00:00,12.645,13.96,12.49,13.725,3561.0
2006-04-29 21:00:00+00:00,13.695,13.725,13.675,13.725,5.0
2006-04-30 21:00:00+00:00,13.725,14.115,13.46,13.83,2485.0
2006-05-01 21:00:00+00:00,13.82,14.36,13.69,14.3,4543.0
2006-05-02 21:00:00+00:00,14.3,14.54,13.26,13.81,4251.0
2006-05-03 21:00:00+00:00,13.81,14.25,13.56,13.97,4089.0
2006-05-04 21:00:00+00:00,13.97,14.16,13.75,14.005,4287.0
2006-05-05 21:00:00+00:00,14.005,14.005,14.005,14.005,1.0
2006-05-07 21:00:00+00:00,14.005,14.165,13.485,13.955,4512.0
2006-05-08 21:00:00+00:00,13.96,14.57,13.69,14.48,3438.0
2006-05-09 21:00:00+00:00,14.47,14.61,14.055,14.575,4501.0
2006-05-10 21:00:00+00:00,14.54,15.24,14.345,14.82,4908.0
2006-05-11 21:00:00+00:00,14.8,15.095,14.16,14.37,4888.0
2006-05-14 21:00:00+00:00,14.45,14.54,13.125,13.16,3928.0
2006-05-15 21:00:00+00:00,13.15,13.675,12.83,13.62,4066.0
2006-05-16 21:00:00+00:00,13.6,14.085,12.915,13.19,3851.0
2006-05-17 21:00:00+00:00,13.2,13.37,12.58,12.67,4408.0
2006-05-18 21:00:00+00:00,12.675,12.865,12.15,12.57,4381.0
2006-05-21 21:00:00+00:00,12.57,12.59,11.95,12.52,2777.0
2006-05-22 21:00:00+00:00,12.535,13.26,12.275,12.985,3565.0
2006-05-23 21:00:00+00:00,12.985,13.22,12.39,12.5,4143.0
2006-05-24 21:00:00+00:00,12.52,12.82,12.34,12.72,2982.0
2006-05-25 21:00:00+00:00,12.73,12.805,12.47,12.75,2521.0
2006-05-28 21:00:00+00:00,12.805,12.89,12.755,12.78,1156.0
2006-05-29 21:00:00+00:00,12.83,13.425,12.7,13.04,3440.0
2006-05-30 21:00:00+00:00,13.06,13.15,12.34,12.545,3758.0
2006-05-31 21:00:00+00:00,12.545,12.575,11.59,12.045,4460.0
2006-06-01 21:00:00+00:00,12.04,12.33,11.81,12.16,3465.0
2006-06-04 21:00:00+00:00,12.275,12.43,12.07,12.12,3660.0
2006-06-05 21:00:00+00:00,12.125,12.16,11.625,11.88,3037.0
2006-06-06 21:00:00+00:00,11.9,12.005,11.405,11.875,4254.0
2006-06-07 21:00:00+00:00,11.88,11.94,11.055,11.24,5282.0
2006-06-08 21:00:00+00:00,11.24,11.54,11.105,11.195,4702.0
2006-06-11 21:00:00+00:00,11.21,11.315,10.965,10.97,1410.0
2006-06-12 21:00:00+00:00,10.975,11.035,9.565,9.574,3708.0
2006-06-13 21:00:00+00:00,9.58,10.06,9.455,9.638,2095.0
2006-06-14 21:00:00+00:00,9.638,10.325,9.518,10.26,2431.0
2006-06-15 21:00:00+00:00,10.275,10.39,9.82,10.285,1368.0
2006-06-17 21:00:00+00:00,10.255,10.255,10.245,10.245,2.0
2006-06-18 21:00:00+00:00,10.21,10.21,9.89,9.94,1603.0
2006-06-19 21:00:00+00:00,9.945,10.345,9.835,10.275,1174.0
2006-06-20 21:00:00+00:00,10.285,10.595,10.185,10.48,1368.0
2006-06-21 21:00:00+00:00,10.495,10.71,10.23,10.25,1462.0
2006-06-22 21:00:00+00:00,10.245,10.39,10.03,10.345,1395.0
2006-06-25 21:00:00+00:00,10.365,10.435,10.09,10.305,3970.0
2006-06-26 21:00:00+00:00,10.305,10.71,10.12,10.14,2460.0
2006-06-27 21:00:00+00:00,10.155,10.41,10.14,10.23,1018.0
2006-06-28 21:00:00+00:00,10.235,10.75,10.23,10.74,1057.0
2006-06-29 21:00:00+00:00,10.75,11.145,10.625,11.1,1618.0
2006-07-02 21:00:00+00:00,11.115,11.37,11.095,11.32,102.0
2006-07-03 21:00:00+00:00,11.32,11.32,11.12,11.285,108.0
2006-07-04 21:00:00+00:00,11.285,11.48,11.23,11.425,1274.0
2006-07-05 21:00:00+00:00,11.42,11.66,11.29,11.575,1150.0
2006-07-06 21:00:00+00:00,11.565,11.635,11.325,11.345,3173.0
2006-07-09 21:00:00+00:00,11.345,11.435,10.91,11.08,3217.0
2006-07-10 21:00:00+00:00,11.065,11.6,11.015,11.525,1273.0
2006-07-11 21:00:00+00:00,11.535,11.82,11.33,11.57,1451.0
2006-07-12 21:00:00+00:00,11.575,11.73,11.34,11.66,1609.0
2006-07-13 21:00:00+00:00,11.65,11.74,11.48,11.48,2711.0
2006-07-16 21:00:00+00:00,11.51,11.77,10.89,10.93,2634.0
2006-07-17 21:00:00+00:00,10.91,11.2,10.46,10.59,1549.0
2006-07-18 21:00:00+00:00,10.615,11.16,10.48,11.135,1576.0
2006-07-19 21:00:00+00:00,11.145,11.32,10.915,10.92,1469.0
2006-07-20 21:00:00+00:00,10.925,11.26,10.75,10.83,1567.0
2006-07-23 21:00:00+00:00,10.835,10.94,10.67,10.925,1812.0
2006-07-24 21:00:00+00:00,10.92,11.06,10.78,10.945,1280.0
2006-07-25 21:00:00+00:00,10.94,11.2,10.84,11.12,1136.0
2006-07-26 21:00:00+00:00,11.13,11.49,11.09,11.375,1408.0
2006-07-27 21:00:00+00:00,11.4,11.435,11.3,11.35,822.0
2006-07-30 21:00:00+00:00,11.49,11.505,11.22,11.435,1374.0
2006-07-31 21:00:00+00:00,11.43,11.76,11.3,11.76,1441.0
2006-08-01 21:00:00+00:00,11.75,12.235,11.71,12.155,1896.0
2006-08-02 21:00:00+00:00,12.14,12.235,11.975,12.105,1477.0
2006-08-03 21:00:00+00:00,12.105,12.635,12.06,12.385,1483.0
2006-08-06 21:00:00+00:00,12.36,12.51,12.155,12.285,3735.0
2006-08-07 21:00:00+00:00,12.305,12.365,12.08,12.185,3429.0
2006-08-08 21:00:00+00:00,12.18,12.645,12.015,12.505,2700.0
2006-08-09 21:00:00+00:00,12.495,12.67,12.03,12.18,3891.0
2006-08-10 21:00:00+00:00,12.185,12.37,11.75,11.94,3530.0
2006-08-13 21:00:00+00:00,11.85,12.24,11.725,12.08,4945.0
2006-08-14 21:00:00+00:00,12.08,12.17,11.84,12.165,3274.0
2006-08-15 21:00:00+00:00,12.175,12.43,12.1,12.325,3289.0
2006-08-16 21:00:00+00:00,12.33,12.415,11.9,11.96,3656.0
2006-08-17 21:00:00+00:00,11.99,12.14,11.86,12.055,2498.0
2006-08-20 21:00:00+00:00,12.11,12.44,12.04,12.398,2862.0
2006-08-21 21:00:00+00:00,12.398,12.435,12.03,12.273,3929.0
2006-08-22 21:00:00+00:00,12.273,12.693,12.2,12.495,3744.0
2006-08-23 21:00:00+00:00,12.515,12.623,12.29,12.36,3337.0
2006-08-24 21:00:00+00:00,12.36,12.47,12.2,12.4,3020.0
2006-08-25 21:00:00+00:00,12.4,12.4,12.4,12.4,1.0
2006-08-27 21:00:00+00:00,12.41,12.45,11.975,12.07,2057.0
2006-08-28 21:00:00+00:00,12.07,12.304,11.855,12.304,4072.0
2006-08-29 21:00:00+00:00,12.304,12.706,12.105,12.54,1184.0
2006-08-30 21:00:00+00:00,12.54,12.92,12.475,12.849,1463.0
2006-08-31 21:00:00+00:00,12.849,13.135,12.665,12.92,1011.0
2006-09-03 21:00:00+00:00,12.93,13.095,12.89,12.96,1954.0
2006-09-04 21:00:00+00:00,12.98,13.275,12.905,12.97,3270.0
2006-09-05 21:00:00+00:00,12.955,13.228,12.93,13.018,5919.0
2006-09-06 21:00:00+00:00,13.018,13.135,12.425,12.56,5864.0
2006-09-07 21:00:00+00:00,12.578,12.68,11.995,12.14,6605.0
2006-09-10 21:00:00+00:00,12.09,12.1,11.07,11.11,8649.0
2006-09-11 21:00:00+00:00,11.12,11.405,10.995,11.01,7204.0
2006-09-12 21:00:00+00:00,11.015,11.293,10.88,11.185,7363.0
2006-09-13 21:00:00+00:00,11.175,11.395,10.665,10.7,7820.0
2006-09-14 21:00:00+00:00,10.7,10.958,10.47,10.81,7443.0
2006-09-16 21:00:00+00:00,10.81,10.81,10.81,10.81,1.0
2006-09-17 21:00:00+00:00,10.925,11.21,10.76,11.183,7162.0
2006-09-18 21:00:00+00:00,11.183,11.22,10.765,10.803,7439.0
2006-09-19 21:00:00+00:00,10.803,11.163,10.74,10.895,5713.0
2006-09-20 21:00:00+00:00,10.885,11.215,10.29,11.165,3748.0
2006-09-21 21:00:00+00:00,11.175,11.388,11.07,11.16,1368.0
2006-09-24 21:00:00+00:00,11.115,11.3,11.05,11.245,3304.0
2006-09-25 21:00:00+00:00,11.25,11.49,11.085,11.395,6366.0
2006-09-26 21:00:00+00:00,11.385,11.72,11.34,11.65,8710.0
2006-09-27 21:00:00+00:00,11.65,11.795,11.52,11.55,3295.0
2006-09-28 21:00:00+00:00,11.565,11.635,11.23,11.438,4096.0
2006-10-01 21:00:00+00:00,11.445,11.735,11.445,11.5,4031.0
2006-10-02 21:00:00+00:00,11.505,11.555,10.8,10.8,4912.0
2006-10-03 21:00:00+00:00,10.795,10.98,10.57,10.805,5309.0
2006-10-04 21:00:00+00:00,10.81,11.15,10.705,11.075,4938.0
2006-10-05 21:00:00+00:00,11.085,11.14,10.8,11.13,4199.0
2006-10-06 21:00:00+00:00,11.13,11.13,11.13,11.13,2.0
2006-10-08 21:00:00+00:00,11.13,11.48,11.13,11.298,3820.0
2006-10-09 21:00:00+00:00,11.3,11.425,11.085,11.18,4836.0
2006-10-10 21:00:00+00:00,11.18,11.458,11.078,11.228,6316.0
2006-10-11 21:00:00+00:00,11.228,11.395,11.135,11.37,6380.0
2006-10-12 21:00:00+00:00,11.37,11.655,11.285,11.643,6423.0
2006-10-15 21:00:00+00:00,11.645,11.865,11.57,11.85,6837.0
2006-10-16 21:00:00+00:00,11.85,11.915,11.595,11.725,7348.0
2006-10-17 21:00:00+00:00,11.725,11.91,11.675,11.79,6765.0
2006-10-18 21:00:00+00:00,11.775,12.103,11.585,12.09,7205.0
2006-10-19 21:00:00+00:00,12.09,12.1,11.82,11.903,6593.0
2006-10-22 21:00:00+00:00,11.89,11.905,11.595,11.69,7379.0
2006-10-23 21:00:00+00:00,11.69,11.83,11.28,11.81,8263.0
2006-10-24 21:00:00+00:00,11.79,11.928,11.675,11.91,7093.0
2006-10-25 21:00:00+00:00,11.915,12.225,11.895,12.158,7045.0
2006-10-26 21:00:00+00:00,12.158,12.2,11.975,12.06,5828.0
2006-10-29 22:00:00+00:00,12.045,12.275,12.035,12.135,7618.0
2006-10-30 22:00:00+00:00,12.13,12.29,11.95,12.285,7929.0
2006-10-31 22:00:00+00:00,12.285,12.54,12.265,12.465,7719.0
2006-11-01 22:00:00+00:00,12.465,12.64,12.34,12.59,6574.0
2006-11-02 22:00:00+00:00,12.58,12.68,12.315,12.58,6914.0
2006-11-05 22:00:00+00:00,12.58,12.76,12.48,12.64,6515.0
2006-11-06 22:00:00+00:00,12.64,12.745,12.535,12.62,6984.0
2006-11-07 22:00:00+00:00,12.62,12.705,12.41,12.44,6925.0
2006-11-08 22:00:00+00:00,12.45,13.06,12.435,13.045,7226.0
2006-11-09 22:00:00+00:00,13.045,13.2,12.86,13.025,8371.0
2006-11-12 22:00:00+00:00,13.02,13.135,12.69,12.92,6946.0
2006-11-13 22:00:00+00:00,12.89,13.02,12.725,12.808,7272.0
2006-11-14 22:00:00+00:00,12.81,12.95,12.495,12.915,8531.0
2006-11-15 22:00:00+00:00,12.91,13.155,12.768,12.795,7579.0
2006-11-16 22:00:00+00:00,12.795,12.86,12.565,12.795,7748.0
2006-11-17 22:00:00+00:00,12.795,12.795,12.795,12.795,2.0
2006-11-18 22:00:00+00:00,12.815,12.815,12.815,12.815,1.0
2006-11-19 22:00:00+00:00,12.815,12.985,12.72,12.77,6575.0
2006-11-20 22:00:00+00:00,12.77,13.105,12.72,13.03,6784.0
2006-11-21 22:00:00+00:00,13.045,13.235,12.98,13.075,6294.0
2006-11-22 22:00:00+00:00,13.075,13.14,13.055,13.11,1570.0
2006-11-23 22:00:00+00:00,13.12,13.49,13.113,13.465,4326.0
2006-11-25 22:00:00+00:00,13.515,13.515,13.515,13.515,1.0
2006-11-26 22:00:00+00:00,13.488,13.595,13.44,13.51,6421.0
2006-11-27 22:00:00+00:00,13.505,13.79,13.425,13.76,6796.0
2006-11-28 22:00:00+00:00,13.76,13.81,13.525,13.55,8036.0
2006-11-29 22:00:00+00:00,13.55,13.995,13.545,13.945,7581.0
2006-11-30 22:00:00+00:00,13.953,14.07,13.845,14.018,7114.0
2006-12-03 22:00:00+00:00,14.055,14.115,13.945,14.1,6662.0
2006-12-04 22:00:00+00:00,14.11,14.185,13.79,13.818,8710.0
2006-12-05 22:00:00+00:00,13.823,13.84,13.54,13.605,10347.0
2006-12-06 22:00:00+00:00,13.603,13.945,13.45,13.915,9806.0
2006-12-07 22:00:00+00:00,13.905,14.0,13.675,13.718,8407.0
2006-12-10 22:00:00+00:00,13.918,13.99,13.625,13.825,6798.0
2006-12-11 22:00:00+00:00,13.825,13.915,13.785,13.885,5885.0
2006-12-12 22:00:00+00:00,13.895,13.895,13.585,13.805,6239.0
2006-12-13 22:00:00+00:00,13.81,13.895,13.74,13.78,6749.0
2006-12-14 22:00:00+00:00,13.775,13.84,12.785,12.873,7618.0
2006-12-17 22:00:00+00:00,12.855,13.02,12.293,12.48,7396.0
2006-12-18 22:00:00+00:00,12.478,12.72,12.328,12.665,8035.0
2006-12-19 22:00:00+00:00,12.66,12.79,12.41,12.525,9300.0
2006-12-20 22:00:00+00:00,12.53,12.625,12.35,12.435,8002.0
2006-12-21 22:00:00+00:00,12.435,12.62,12.385,12.58,6085.0
2006-12-24 22:00:00+00:00,12.58,12.58,12.58,12.58,1.0
2006-12-25 22:00:00+00:00,12.738,12.788,12.595,12.645,2373.0
2006-12-26 22:00:00+00:00,12.645,12.87,12.618,12.768,5362.0
2006-12-27 22:00:00+00:00,12.775,12.888,12.753,12.84,5176.0
2006-12-28 22:00:00+00:00,12.83,12.918,12.765,12.91,4811.0
2006-12-31 22:00:00+00:00,12.93,12.93,12.91,12.91,3.0
2007-01-01 22:00:00+00:00,12.923,13.17,12.89,13.163,3757.0
2007-01-02 22:00:00+00:00,13.155,13.17,12.54,12.583,8048.0
2007-01-03 22:00:00+00:00,12.583,12.825,12.413,12.583,7443.0
2007-01-04 22:00:00+00:00,12.58,12.738,12.063,12.198,8247.0
2007-01-07 22:00:00+00:00,12.195,12.35,12.048,12.315,6156.0
2007-01-08 22:00:00+00:00,12.32,12.518,12.198,12.495,7173.0
2007-01-09 22:00:00+00:00,12.475,12.508,12.188,12.35,7898.0
2007-01-10 22:00:00+00:00,12.355,12.528,12.303,12.335,6253.0
2007-01-11 22:00:00+00:00,12.335,12.893,12.305,12.88,6199.0
2007-01-14 22:00:00+00:00,12.86,12.93,12.815,12.855,3586.0
2007-01-15 22:00:00+00:00,12.855,12.923,12.555,12.558,7340.0
2007-01-16 22:00:00+00:00,12.56,12.928,12.37,12.808,7987.0
2007-01-17 22:00:00+00:00,12.8,12.968,12.595,12.635,7903.0
2007-01-18 22:00:00+00:00,12.635,12.865,12.633,12.853,7070.0
2007-01-19 22:00:00+00:00,12.863,12.863,12.863,12.863,1.0
2007-01-21 22:00:00+00:00,12.87,13.145,12.77,12.928,6845.0
2007-01-22 22:00:00+00:00,12.925,13.275,12.885,13.238,6609.0
2007-01-23 22:00:00+00:00,13.25,13.283,13.043,13.235,7461.0
2007-01-24 22:00:00+00:00,13.23,13.538,13.193,13.318,8065.0
2007-01-25 22:00:00+00:00,13.32,13.42,13.158,13.355,7371.0
2007-01-27 22:00:00+00:00,13.365,13.365,13.365,13.365,1.0
2007-01-28 22:00:00+00:00,13.42,13.443,13.165,13.18,6601.0
2007-01-29 22:00:00+00:00,13.175,13.388,13.083,13.363,6616.0
2007-01-30 22:00:00+00:00,13.36,13.648,13.228,13.505,6812.0
2007-01-31 22:00:00+00:00,13.51,13.795,13.51,13.65,6938.0
2007-02-01 22:00:00+00:00,13.653,13.71,13.233,13.4,7097.0
2007-02-02 22:00:00+00:00,13.39,13.39,13.39,13.39,1.0
2007-02-04 22:00:00+00:00,13.393,13.543,13.295,13.478,6283.0
2007-02-05 22:00:00+00:00,13.48,13.848,13.425,13.63,6311.0
2007-02-06 22:00:00+00:00,13.633,13.765,13.603,13.62,6110.0
2007-02-07 22:00:00+00:00,13.615,13.858,13.475,13.783,6588.0
2007-02-08 22:00:00+00:00,13.77,13.938,13.73,13.873,6908.0
2007-02-11 22:00:00+00:00,13.9,13.925,13.498,13.675,6976.0
2007-02-12 22:00:00+00:00,13.675,13.968,13.65,13.88,6679.0
2007-02-13 22:00:00+00:00,13.86,14.095,13.84,14.035,6804.0
2007-02-14 22:00:00+00:00,14.04,14.065,13.823,13.975,6592.0
2007-02-15 22:00:00+00:00,13.975,14.038,13.835,13.975,6107.0
2007-02-18 22:00:00+00:00,13.975,14.06,13.97,14.005,2683.0
2007-02-19 22:00:00+00:00,14.02,14.045,13.68,13.83,5767.0
2007-02-20 22:00:00+00:00,13.83,14.358,13.713,14.215,8343.0
2007-02-21 22:00:00+00:00,14.215,14.345,14.145,14.21,9007.0
2007-02-22 22:00:00+00:00,14.21,14.64,14.185,14.575,11236.0
2007-02-25 22:00:00+00:00,14.58,14.725,14.478,14.705,7989.0
2007-02-26 22:00:00+00:00,14.705,14.728,14.068,14.208,12951.0
2007-02-27 22:00:00+00:00,14.213,14.433,14.015,14.115,12744.0
2007-02-28 22:00:00+00:00,14.118,14.335,13.415,13.633,12086.0
2007-03-01 22:00:00+00:00,13.633,13.738,12.74,12.878,14533.0
2007-03-03 22:00:00+00:00,12.888,12.888,12.888,12.888,1.0
2007-03-04 22:00:00+00:00,12.918,12.965,12.41,12.65,14933.0
2007-03-05 22:00:00+00:00,12.648,12.98,12.58,12.913,12204.0
2007-03-06 22:00:00+00:00,12.915,13.055,12.808,12.973,9558.0
2007-03-07 22:00:00+00:00,12.985,13.15,12.928,12.985,8756.0
2007-03-08 22:00:00+00:00,12.985,13.145,12.808,12.908,8401.0
2007-03-11 21:00:00+00:00,12.883,13.08,12.87,13.01,8331.0
2007-03-12 21:00:00+00:00,13.015,13.05,12.76,12.79,9224.0
2007-03-13 21:00:00+00:00,12.79,12.875,12.615,12.875,9341.0
2007-03-14 21:00:00+00:00,12.875,13.098,12.83,12.99,4209.0
2007-03-15 21:00:00+00:00,12.99,13.175,12.965,13.118,7662.0
2007-03-18 21:00:00+00:00,13.1,13.205,13.015,13.15,5888.0
2007-03-19 21:00:00+00:00,13.15,13.41,13.13,13.315,6415.0
2007-03-20 21:00:00+00:00,13.315,13.4,13.19,13.36,7340.0
2007-03-21 21:00:00+00:00,13.36,13.495,13.333,13.415,7653.0
2007-03-22 21:00:00+00:00,13.42,13.425,13.15,13.158,8312.0
2007-03-25 21:00:00+00:00,13.215,13.395,13.2,13.375,7187.0
2007-03-26 21:00:00+00:00,13.375,13.41,13.208,13.31,7440.0
2007-03-27 21:00:00+00:00,13.31,13.483,13.273,13.33,7776.0
2007-03-28 21:00:00+00:00,13.33,13.38,13.153,13.35,9141.0
2007-03-29 21:00:00+00:00,13.35,13.435,13.285,13.383,8294.0
2007-04-01 21:00:00+00:00,13.415,13.44,13.013,13.265,6885.0
2007-04-02 21:00:00+00:00,13.263,13.473,13.228,13.375,9657.0
2007-04-03 21:00:00+00:00,13.375,13.625,13.375,13.58,7830.0
2007-04-04 21:00:00+00:00,13.585,13.715,13.525,13.705,6797.0
2007-04-05 21:00:00+00:00,13.7,13.705,13.64,13.685,688.0
2007-04-06 21:00:00+00:00,13.715,13.715,13.715,13.715,1.0
2007-04-08 21:00:00+00:00,13.69,13.898,13.61,13.75,3850.0
2007-04-09 21:00:00+00:00,13.755,14.015,13.72,13.9,8288.0
2007-04-10 21:00:00+00:00,13.895,14.025,13.77,13.858,7227.0
2007-04-11 21:00:00+00:00,13.858,13.965,13.7,13.85,8886.0
2007-04-12 21:00:00+00:00,13.875,14.118,13.815,14.063,5884.0
2007-04-15 21:00:00+00:00,14.115,14.12,13.813,14.05,10336.0
2007-04-16 21:00:00+00:00,14.05,14.073,13.873,13.9,9761.0
2007-04-17 21:00:00+00:00,13.9,14.07,13.878,13.98,8399.0
2007-04-18 21:00:00+00:00,13.98,14.05,13.585,13.675,10381.0
2007-04-19 21:00:00+00:00,13.675,14.0,13.653,13.945,8194.0
2007-04-22 21:00:00+00:00,13.96,14.1,13.855,14.02,7298.0
2007-04-23 21:00:00+00:00,14.02,14.085,13.72,13.805,9700.0
2007-04-24 21:00:00+00:00,13.805,13.89,13.74,13.82,8195.0
2007-04-25 21:00:00+00:00,13.82,13.85,13.175,13.325,9307.0
2007-04-26 21:00:00+00:00,13.33,13.555,13.25,13.525,9169.0
2007-04-29 21:00:00+00:00,13.505,13.576,13.36,13.405,8539.0
2007-04-30 21:00:00+00:00,13.4,13.465,13.17,13.258,10324.0
2007-05-01 21:00:00+00:00,13.26,13.375,13.051,13.215,9916.0
2007-05-02 21:00:00+00:00,13.235,13.43,13.198,13.4,7977.0
2007-05-03 21:00:00+00:00,13.398,13.59,13.345,13.445,6314.0
2007-05-05 21:00:00+00:00,13.45,13.45,13.45,13.45,1.0
2007-05-06 21:00:00+00:00,13.44,13.575,13.43,13.503,4700.0
2007-05-07 21:00:00+00:00,13.505,13.55,13.305,13.485,9289.0
2007-05-08 21:00:00+00:00,13.485,13.528,13.188,13.383,8483.0
2007-05-09 21:00:00+00:00,13.405,13.433,13.013,13.055,9148.0
2007-05-10 21:00:00+00:00,13.055,13.306,12.958,13.223,8625.0
2007-05-13 21:00:00+00:00,13.18,13.248,13.042,13.163,8283.0
2007-05-14 21:00:00+00:00,13.16,13.258,13.005,13.195,9002.0
2007-05-15 21:00:00+00:00,13.195,13.218,12.838,12.928,8852.0
2007-05-16 21:00:00+00:00,12.903,12.965,12.708,12.843,8329.0
2007-05-17 21:00:00+00:00,12.843,13.018,12.788,12.95,8875.0
2007-05-20 21:00:00+00:00,12.955,13.105,12.845,13.065,8332.0
2007-05-21 21:00:00+00:00,13.055,13.131,12.91,12.95,8479.0
2007-05-22 21:00:00+00:00,12.95,13.123,12.905,13.028,8512.0
2007-05-23 21:00:00+00:00,13.028,13.073,12.795,12.872,8580.0
2007-05-24 21:00:00+00:00,12.872,12.986,12.853,12.95,6667.0
2007-05-27 21:00:00+00:00,12.94,12.965,12.91,12.925,3372.0
2007-05-28 21:00:00+00:00,12.925,13.268,12.913,13.17,7345.0
2007-05-29 21:00:00+00:00,13.178,13.203,13.035,13.17,7876.0
2007-05-30 21:00:00+00:00,13.17,13.515,13.105,13.43,7981.0
2007-05-31 21:00:00+00:00,13.423,13.7,13.405,13.685,9218.0
2007-06-02 21:00:00+00:00,13.695,13.695,13.695,13.695,1.0
2007-06-03 21:00:00+00:00,13.665,13.8,13.638,13.705,9465.0
2007-06-04 21:00:00+00:00,13.705,13.812,13.68,13.775,8922.0
2007-06-05 21:00:00+00:00,13.775,13.82,13.615,13.72,8764.0
2007-06-06 21:00:00+00:00,13.72,13.78,13.408,13.465,7952.0
2007-06-07 21:00:00+00:00,13.465,13.535,12.955,13.103,9393.0
2007-06-10 21:00:00+00:00,13.105,13.265,13.08,13.225,6367.0
2007-06-11 21:00:00+00:00,13.225,13.248,13.015,13.035,6539.0
2007-06-12 21:00:00+00:00,13.035,13.163,12.846,13.095,8792.0
2007-06-13 21:00:00+00:00,13.1,13.194,12.965,13.136,8052.0
2007-06-14 21:00:00+00:00,13.131,13.238,13.049,13.238,6988.0
2007-06-17 21:00:00+00:00,13.238,13.378,13.185,13.225,6686.0
2007-06-18 21:00:00+00:00,13.22,13.34,13.09,13.34,7526.0
2007-06-19 21:00:00+00:00,13.34,13.38,13.15,13.205,9070.0
2007-06-20 21:00:00+00:00,13.205,13.245,12.986,13.11,8161.0
2007-06-21 21:00:00+00:00,13.108,13.185,12.995,13.055,7911.0
2007-06-24 21:00:00+00:00,13.055,13.07,12.835,12.873,7928.0
2007-06-25 21:00:00+00:00,12.865,12.91,12.143,12.26,9105.0
2007-06-26 21:00:00+00:00,12.255,12.373,12.143,12.29,9894.0
2007-06-27 21:00:00+00:00,12.295,12.488,12.268,12.467,7198.0
2007-06-28 21:00:00+00:00,12.467,12.548,12.26,12.428,6831.0
2007-06-29 21:00:00+00:00,12.423,12.423,12.423,12.423,1.0
2007-07-01 21:00:00+00:00,12.408,12.645,12.405,12.61,6743.0
2007-07-02 21:00:00+00:00,12.61,12.675,12.46,12.57,6051.0
2007-07-03 21:00:00+00:00,12.575,12.658,12.57,12.643,2831.0
2007-07-04 21:00:00+00:00,12.653,12.666,12.396,12.488,6844.0
2007-07-05 21:00:00+00:00,12.496,12.761,12.355,12.706,7434.0
2007-07-08 21:00:00+00:00,12.736,12.853,12.656,12.701,6097.0
2007-07-09 21:00:00+00:00,12.698,12.984,12.663,12.899,6155.0
2007-07-10 21:00:00+00:00,12.904,12.989,12.817,12.9,5983.0
2007-07-11 21:00:00+00:00,12.903,13.118,12.855,13.093,5173.0
2007-07-12 21:00:00+00:00,13.103,13.154,13.003,13.041,6492.0
2007-07-14 21:00:00+00:00,13.035,13.035,13.035,13.035,1.0
2007-07-15 21:00:00+00:00,13.085,13.095,12.96,12.965,5222.0
2007-07-16 21:00:00+00:00,12.965,13.047,12.89,12.92,4958.0
2007-07-17 21:00:00+00:00,12.92,13.204,12.91,13.186,5177.0
2007-07-18 21:00:00+00:00,13.206,13.316,13.166,13.241,5801.0
2007-07-19 21:00:00+00:00,13.241,13.416,13.231,13.31,7903.0
2007-07-22 21:00:00+00:00,13.335,13.405,13.235,13.255,6638.0
2007-07-23 21:00:00+00:00,13.26,13.51,13.223,13.26,6885.0
2007-07-24 21:00:00+00:00,13.26,13.305,13.047,13.122,8044.0
2007-07-25 21:00:00+00:00,13.112,13.177,12.707,12.815,9160.0
2007-07-26 21:00:00+00:00,12.827,12.967,12.612,12.713,8910.0
2007-07-29 21:00:00+00:00,12.655,12.91,12.648,12.885,5417.0
2007-07-30 21:00:00+00:00,12.89,13.048,12.863,12.88,6810.0
2007-07-31 21:00:00+00:00,12.88,13.03,12.705,12.995,7668.0
2007-08-01 21:00:00+00:00,12.995,13.043,12.913,12.965,6599.0
2007-08-02 21:00:00+00:00,12.965,13.16,12.95,13.058,5959.0
2007-08-05 21:00:00+00:00,13.105,13.16,12.903,13.0,5966.0
2007-08-06 21:00:00+00:00,13.0,13.13,12.895,13.1,7569.0
2007-08-07 21:00:00+00:00,13.1,13.2,13.025,13.14,5415.0
2007-08-08 21:00:00+00:00,13.14,13.145,12.605,12.675,8137.0
2007-08-09 21:00:00+00:00,12.675,13.025,12.588,12.855,8473.0
2007-08-10 21:00:00+00:00,12.855,12.855,12.855,12.855,1.0
2007-08-12 21:00:00+00:00,12.865,12.895,12.745,12.8,5726.0
2007-08-13 21:00:00+00:00,12.8,12.89,12.69,12.71,8386.0
2007-08-14 21:00:00+00:00,12.71,12.745,12.345,12.514,7936.0
2007-08-15 21:00:00+00:00,12.514,12.579,11.081,11.796,12038.0
2007-08-16 21:00:00+00:00,11.796,12.011,11.494,11.736,11186.0
2007-08-17 21:00:00+00:00,11.739,11.739,11.739,11.739,1.0
2007-08-19 21:00:00+00:00,11.776,11.976,11.636,11.765,8656.0
2007-08-20 21:00:00+00:00,11.755,11.85,11.465,11.575,9161.0
2007-08-21 21:00:00+00:00,11.575,11.792,11.525,11.655,8526.0
2007-08-22 21:00:00+00:00,11.665,11.895,11.625,11.703,7948.0
2007-08-23 21:00:00+00:00,11.703,11.997,11.585,11.965,6968.0
2007-08-26 21:00:00+00:00,11.967,11.988,11.735,11.775,5529.0
2007-08-27 21:00:00+00:00,11.755,11.9,11.673,11.765,5690.0
2007-08-28 21:00:00+00:00,11.768,11.93,11.69,11.9,5044.0
2007-08-29 21:00:00+00:00,11.9,11.913,11.745,11.8,5979.0
2007-08-30 21:00:00+00:00,11.805,12.125,11.795,12.078,6105.0
2007-09-02 21:00:00+00:00,12.078,12.18,12.05,12.115,2071.0
2007-09-03 21:00:00+00:00,12.115,12.348,12.013,12.255,6037.0
2007-09-04 21:00:00+00:00,12.28,12.31,12.12,12.215,5664.0
2007-09-05 21:00:00+00:00,12.215,12.505,12.19,12.41,7041.0
2007-09-06 21:00:00+00:00,12.41,12.68,12.383,12.53,7403.0
2007-09-09 21:00:00+00:00,12.518,12.7,12.418,12.55,5829.0
2007-09-10 21:00:00+00:00,12.55,12.78,12.487,12.685,6337.0
2007-09-11 21:00:00+00:00,12.685,12.763,12.51,12.638,6880.0
2007-09-12 21:00:00+00:00,12.638,12.648,12.405,12.525,7457.0
2007-09-13 21:00:00+00:00,12.52,12.786,12.449,12.563,7832.0
2007-09-16 21:00:00+00:00,12.57,12.823,12.538,12.79,6941.0
2007-09-17 21:00:00+00:00,12.79,13.11,12.695,13.005,7485.0
2007-09-18 21:00:00+00:00,13.005,13.09,12.89,12.96,7325.0
2007-09-19 21:00:00+00:00,12.96,13.49,12.905,13.355,8946.0
2007-09-20 21:00:00+00:00,13.365,13.653,13.3,13.53,8515.0
2007-09-23 21:00:00+00:00,13.525,13.715,13.407,13.462,7317.0
2007-09-24 21:00:00+00:00,13.462,13.51,13.25,13.475,6575.0
2007-09-25 21:00:00+00:00,13.475,13.605,13.345,13.415,7186.0
2007-09-26 21:00:00+00:00,13.42,13.613,13.363,13.55,7105.0
2007-09-27 21:00:00+00:00,13.55,13.87,13.518,13.763,8654.0
2007-09-30 21:00:00+00:00,13.78,13.865,13.635,13.72,7284.0
2007-10-01 21:00:00+00:00,13.72,13.743,13.085,13.36,10606.0
2007-10-02 21:00:00+00:00,13.36,13.475,13.24,13.31,8321.0
2007-10-03 21:00:00+00:00,13.325,13.415,13.093,13.4,8970.0
2007-10-04 21:00:00+00:00,13.405,13.51,13.205,13.42,7775.0
2007-10-07 21:00:00+00:00,13.4,13.443,13.23,13.28,6020.0
2007-10-08 21:00:00+00:00,13.28,13.575,13.17,13.505,7749.0
2007-10-09 21:00:00+00:00,13.5,13.69,13.49,13.575,6893.0
2007-10-10 21:00:00+00:00,13.575,13.915,13.57,13.78,7461.0
2007-10-11 21:00:00+00:00,13.78,13.89,13.71,13.82,8046.0
2007-10-12 21:00:00+00:00,13.82,13.82,13.82,13.82,1.0
2007-10-14 21:00:00+00:00,13.825,14.02,13.75,13.825,7729.0
2007-10-15 21:00:00+00:00,13.82,14.0,13.569,13.632,9991.0
2007-10-16 21:00:00+00:00,13.634,13.834,13.522,13.659,9428.0
2007-10-17 21:00:00+00:00,13.659,13.824,13.629,13.81,8497.0
2007-10-18 21:00:00+00:00,13.81,13.92,13.304,13.522,8998.0
2007-10-21 21:00:00+00:00,13.537,13.594,13.269,13.456,9852.0
2007-10-22 21:00:00+00:00,13.456,13.651,13.441,13.589,6502.0
2007-10-23 21:00:00+00:00,13.589,13.624,13.412,13.589,8105.0
2007-10-24 21:00:00+00:00,13.589,14.005,13.552,13.89,8707.0
2007-10-25 21:00:00+00:00,13.895,14.245,13.885,14.233,9384.0
2007-10-27 21:00:00+00:00,14.263,14.303,14.263,14.303,5.0
2007-10-28 21:00:00+00:00,14.303,14.53,14.23,14.518,9843.0
2007-10-29 21:00:00+00:00,14.525,14.585,14.13,14.14,9300.0
2007-10-30 21:00:00+00:00,14.14,14.545,14.125,14.52,9102.0
2007-10-31 21:00:00+00:00,14.52,14.56,13.946,14.1,11569.0
2007-11-01 21:00:00+00:00,14.1,14.685,14.08,14.633,10922.0
2007-11-04 22:00:00+00:00,14.678,14.838,14.405,14.711,9397.0
2007-11-05 22:00:00+00:00,14.711,15.603,14.651,15.585,13596.0
2007-11-06 22:00:00+00:00,15.585,16.225,15.215,15.275,20373.0
2007-11-07 22:00:00+00:00,15.275,15.805,14.828,15.43,19506.0
2007-11-08 22:00:00+00:00,15.43,15.67,15.07,15.46,15564.0
2007-11-10 22:00:00+00:00,15.49,15.49,15.49,15.49,1.0
2007-11-11 22:00:00+00:00,15.47,15.47,14.305,14.422,15216.0
2007-11-12 22:00:00+00:00,14.422,14.945,14.392,14.625,11617.0
2007-11-13 22:00:00+00:00,14.625,15.125,14.61,14.983,10416.0
2007-11-14 22:00:00+00:00,14.983,15.148,14.34,14.43,10229.0
2007-11-15 22:00:00+00:00,14.41,14.735,14.36,14.46,12041.0
2007-11-16 22:00:00+00:00,14.46,14.46,14.46,14.46,5.0
2007-11-18 22:00:00+00:00,14.505,14.67,14.114,14.21,11138.0
2007-11-19 22:00:00+00:00,14.21,14.82,14.105,14.735,9931.0
2007-11-20 22:00:00+00:00,14.74,14.84,14.333,14.438,9938.0
2007-11-21 22:00:00+00:00,14.433,14.588,14.403,14.538,3420.0
2007-11-22 22:00:00+00:00,14.561,14.888,14.483,14.805,6902.0
2007-11-25 22:00:00+00:00,14.795,15.005,14.625,14.745,9000.0
2007-11-26 22:00:00+00:00,14.745,14.795,14.315,14.475,12827.0
2007-11-27 22:00:00+00:00,14.48,14.56,14.14,14.43,11070.0
2007-11-28 22:00:00+00:00,14.43,14.51,14.135,14.15,9518.0
2007-11-29 22:00:00+00:00,14.145,14.27,13.805,13.985,10427.0
2007-12-02 22:00:00+00:00,13.96,14.24,13.798,14.145,8270.0
2007-12-03 22:00:00+00:00,14.145,14.408,14.01,14.325,8313.0
2007-12-04 22:00:00+00:00,14.335,14.415,14.12,14.27,9202.0
2007-12-05 22:00:00+00:00,14.27,14.565,13.98,14.46,11891.0
2007-12-06 22:00:00+00:00,14.46,14.535,14.25,14.37,7924.0
2007-12-09 22:00:00+00:00,14.378,14.73,14.345,14.645,8129.0
2007-12-10 22:00:00+00:00,14.645,14.785,14.42,14.44,8412.0
2007-12-11 22:00:00+00:00,14.435,14.81,14.42,14.655,9108.0
2007-12-12 22:00:00+00:00,14.655,14.69,13.98,14.08,9862.0
2007-12-13 22:00:00+00:00,14.1,14.225,13.75,13.826,13472.0
2007-12-16 22:00:00+00:00,13.853,13.985,13.61,13.84,8093.0
2007-12-17 22:00:00+00:00,13.84,14.135,13.8,14.025,8577.0
2007-12-18 22:00:00+00:00,14.016,14.145,13.95,14.14,6875.0
2007-12-19 22:00:00+00:00,14.14,14.325,13.953,14.235,8200.0
2007-12-20 22:00:00+00:00,14.24,14.44,14.095,14.343,8041.0
2007-12-23 22:00:00+00:00,14.36,14.553,14.327,14.538,3958.0
2007-12-24 22:00:00+00:00,14.54,14.54,14.54,14.54,5.0
2007-12-25 22:00:00+00:00,14.5,14.768,14.45,14.684,6783.0
2007-12-26 22:00:00+00:00,14.684,14.767,14.522,14.628,7561.0
2007-12-27 22:00:00+00:00,14.628,14.848,14.606,14.783,9074.0
2007-12-30 22:00:00+00:00,14.843,14.914,14.709,14.803,5336.0
2007-12-31 22:00:00+00:00,14.793,14.8,14.793,14.8,29.0
2008-01-01 22:00:00+00:00,14.8,15.285,14.8,15.258,9762.0
2008-01-02 22:00:00+00:00,15.254,15.419,15.078,15.362,9536.0
2008-01-03 22:00:00+00:00,15.363,15.442,15.138,15.273,10200.0
2008-01-06 22:00:00+00:00,15.291,15.369,15.108,15.16,9865.0
2008-01-07 22:00:00+00:00,15.16,15.729,15.155,15.67,8997.0
2008-01-08 22:00:00+00:00,15.67,16.167,15.56,15.705,16079.0
2008-01-09 22:00:00+00:00,15.705,16.25,15.342,16.139,14148.0
2008-01-10 22:00:00+00:00,16.138,16.305,15.974,16.231,13016.0
2008-01-13 22:00:00+00:00,16.263,16.601,16.166,16.391,14386.0
2008-01-14 22:00:00+00:00,16.391,16.514,15.921,15.924,10594.0
2008-01-15 22:00:00+00:00,15.922,16.155,15.713,15.803,14127.0
2008-01-16 22:00:00+00:00,15.828,16.085,15.781,15.854,10264.0
2008-01-17 22:00:00+00:00,15.854,16.32,15.655,16.163,10270.0
2008-01-20 22:00:00+00:00,16.096,16.146,15.504,15.576,6928.0
2008-01-21 22:00:00+00:00,15.57,16.186,15.209,16.08,11891.0
2008-01-22 22:00:00+00:00,16.08,16.18,15.729,16.09,12247.0
2008-01-23 22:00:00+00:00,16.111,16.449,15.957,16.435,13135.0
2008-01-24 22:00:00+00:00,16.435,16.613,16.3125,16.493,10852.0
2008-01-27 22:00:00+00:00,16.473,16.75,16.36,16.723,8826.0
2008-01-28 22:00:00+00:00,16.73,16.833,16.517,16.718,9800.0
2008-01-29 22:00:00+00:00,16.73,16.895,16.59,16.835,9535.0
2008-01-30 22:00:00+00:00,16.835,17.0175,16.688,16.92,10325.0
2008-01-31 22:00:00+00:00,16.92,17.298,16.695,16.785,10532.0
2008-02-03 22:00:00+00:00,16.8,16.93,16.415,16.705,9457.0
2008-02-04 22:00:00+00:00,16.705,16.755,16.265,16.36,10828.0
2008-02-05 22:00:00+00:00,16.38,16.658,16.205,16.523,11046.0
2008-02-06 22:00:00+00:00,16.508,16.8375,16.47,16.818,11798.0
2008-02-07 22:00:00+00:00,16.805,17.203,16.745,17.193,11690.0
2008-02-10 22:00:00+00:00,17.16,17.563,17.095,17.505,11169.0
2008-02-11 22:00:00+00:00,17.505,17.623,17.13,17.185,11110.0
2008-02-12 22:00:00+00:00,17.185,17.373,16.92,17.288,11684.0
2008-02-13 22:00:00+00:00,17.285,17.49,17.125,17.248,10437.0
2008-02-14 22:00:00+00:00,17.255,17.493,16.953,17.098,11110.0
2008-02-17 22:00:00+00:00,17.125,17.245,16.955,17.105,5996.0
2008-02-18 22:00:00+00:00,17.108,17.58,17.09,17.54,9772.0
2008-02-19 22:00:00+00:00,17.54,17.85,17.2,17.82,13307.0
2008-02-20 22:00:00+00:00,17.82,18.06,17.75,17.865,13621.0
2008-02-21 22:00:00+00:00,17.863,18.15,17.73,18.028,11695.0
2008-02-24 22:00:00+00:00,18.025,18.17,17.87,18.105,11840.0
2008-02-25 22:00:00+00:00,18.105,18.885,17.94,18.78,13133.0
2008-02-26 22:00:00+00:00,18.778,19.48,18.778,19.305,18657.0
2008-02-27 22:00:00+00:00,19.305,19.858,19.075,19.755,14318.0
2008-02-28 22:00:00+00:00,19.76,19.95,19.36,19.815,15729.0
2008-03-02 22:00:00+00:00,19.85,20.639,19.785,20.339,15749.0
2008-03-03 22:00:00+00:00,20.329,20.579,19.545,19.773,18034.0
2008-03-04 22:00:00+00:00,19.775,20.86,19.403,20.815,16799.0
2008-03-05 22:00:00+00:00,20.81,21.228,19.843,20.18,18809.0
2008-03-06 22:00:00+00:00,20.173,20.753,19.845,20.158,19602.0
2008-03-09 21:00:00+00:00,20.215,20.413,19.21,19.655,18204.0
2008-03-10 21:00:00+00:00,19.655,20.315,19.325,19.687,18267.0
2008-03-11 21:00:00+00:00,19.687,20.198,19.39,20.1425,15907.0
2008-03-12 21:00:00+00:00,20.1325,20.885,20.103,20.533,18142.0
2008-03-13 21:00:00+00:00,20.535,20.91,20.267,20.675,14474.0
2008-03-16 21:00:00+00:00,20.78,21.355,19.81,20.23,20567.0
2008-03-17 21:00:00+00:00,20.23,20.4455,19.515,19.718,17588.0
2008-03-18 21:00:00+00:00,19.715,20.1055,18.2,18.37,25289.0
2008-03-19 21:00:00+00:00,18.38,18.385,16.67,16.79,25459.0
2008-03-20 21:00:00+00:00,16.785,17.052,16.65,17.052,91.0
2008-03-22 21:00:00+00:00,17.152,17.152,16.852,16.852,3.0
2008-03-23 21:00:00+00:00,16.882,17.235,16.77,17.03,17588.0
2008-03-24 21:00:00+00:00,17.015,17.983,16.93,17.963,14760.0
2008-03-25 21:00:00+00:00,17.97,18.453,17.655,18.453,14942.0
2008-03-26 21:00:00+00:00,18.435,18.628,17.945,18.418,15884.0
2008-03-27 21:00:00+00:00,18.423,18.546,17.64,17.89,14462.0
2008-03-30 21:00:00+00:00,17.89,18.19,17.05,17.245,15904.0
2008-03-31 21:00:00+00:00,17.245,17.405,16.288,16.833,18200.0
2008-04-01 21:00:00+00:00,16.843,17.478,16.7005,17.35,19246.0
2008-04-02 21:00:00+00:00,17.355,17.555,16.928,17.343,15444.0
2008-04-03 21:00:00+00:00,17.348,17.813,17.248,17.748,14400.0
2008-04-06 21:00:00+00:00,17.8,18.263,17.695,18.038,12915.0
2008-04-07 21:00:00+00:00,18.038,18.203,17.423,17.68,16323.0
2008-04-08 21:00:00+00:00,17.68,18.402,17.387,18.202,15649.0
2008-04-09 21:00:00+00:00,18.197,18.422,17.815,17.965,13557.0
2008-04-10 21:00:00+00:00,17.965,18.165,17.48,17.775,12715.0
2008-04-13 21:00:00+00:00,17.64,17.895,17.27,17.738,14196.0
2008-04-14 21:00:00+00:00,17.73,18.06,17.655,17.85,13007.0
2008-04-15 21:00:00+00:00,17.85,18.54,17.743,18.33,12544.0
2008-04-16 21:00:00+00:00,18.325,18.76,18.173,18.255,16517.0
2008-04-17 21:00:00+00:00,18.26,18.48,17.4,17.88,16569.0
2008-04-20 21:00:00+00:00,17.89,17.978,17.29,17.48,15171.0
2008-04-21 21:00:00+00:00,17.48,17.965,17.305,17.683,14870.0
2008-04-22 21:00:00+00:00,17.683,17.86,16.995,17.147,17338.0
2008-04-23 21:00:00+00:00,17.147,17.242,16.664,16.769,15487.0
2008-04-24 21:00:00+00:00,16.769,16.919,16.419,16.882,13872.0
2008-04-27 21:00:00+00:00,16.922,17.14,16.787,17.03,10140.0
2008-04-28 21:00:00+00:00,17.03,17.058,16.448,16.56,12052.0
2008-04-29 21:00:00+00:00,16.573,16.895,16.385,16.88,14903.0
2008-04-30 21:00:00+00:00,16.88,17.038,16.0,16.212,15934.0
2008-05-01 21:00:00+00:00,16.212,16.522,16.072,16.412,10610.0
2008-05-04 21:00:00+00:00,16.445,16.827,16.445,16.72,9252.0
2008-05-05 21:00:00+00:00,16.72,17.003,16.645,16.86,14640.0
2008-05-06 21:00:00+00:00,16.86,16.918,16.485,16.645,27213.0
2008-05-07 21:00:00+00:00,16.645,16.963,16.455,16.83,31257.0
2008-05-08 21:00:00+00:00,16.83,17.078,16.495,16.818,29065.0
2008-05-11 21:00:00+00:00,16.85,17.32,16.673,17.163,23350.0
2008-05-12 21:00:00+00:00,17.165,17.27,16.535,16.725,29091.0
2008-05-13 21:00:00+00:00,16.725,16.898,16.533,16.565,29607.0
2008-05-14 21:00:00+00:00,16.563,16.978,16.513,16.705,26306.0
2008-05-15 21:00:00+00:00,16.7,17.07,16.69,16.971,28026.0
2008-05-18 21:00:00+00:00,16.973,17.253,16.836,16.981,16261.0
2008-05-19 21:00:00+00:00,16.978,17.716,16.938,17.638,22146.0
2008-05-20 21:00:00+00:00,17.641,18.108,17.573,17.985,30988.0
2008-05-21 21:00:00+00:00,17.988,18.2,17.738,17.993,33226.0
2008-05-22 21:00:00+00:00,17.978,18.313,17.86,18.195,26503.0
2008-05-25 21:00:00+00:00,18.275,18.335,18.15,18.32,8896.0
2008-05-26 21:00:00+00:00,18.32,18.343,17.4055,17.433,25693.0
2008-05-27 21:00:00+00:00,17.423,17.648,17.065,17.42,29152.0
2008-05-28 21:00:00+00:00,17.405,17.583,16.516,16.651,31275.0
2008-05-29 21:00:00+00:00,16.651,16.93,16.442,16.877,29848.0
2008-06-01 21:00:00+00:00,16.882,17.025,16.6045,16.834,27850.0
2008-06-02 21:00:00+00:00,16.822,16.929,16.448,16.778,25747.0
2008-06-03 21:00:00+00:00,16.78,16.93,16.595,16.838,29403.0
2008-06-04 21:00:00+00:00,16.838,17.2005,16.498,17.138,28575.0
2008-06-05 21:00:00+00:00,17.135,17.555,17.103,17.53,30163.0
2008-06-08 21:00:00+00:00,17.545,17.628,17.095,17.11,33486.0
2008-06-09 21:00:00+00:00,17.113,17.195,16.515,16.595,31209.0
2008-06-10 21:00:00+00:00,16.595,16.92,16.535,16.86,26932.0
2008-06-11 21:00:00+00:00,16.865,16.908,16.248,16.48,29926.0
2008-06-12 21:00:00+00:00,16.478,16.618,16.278,16.575,29045.0
2008-06-13 21:00:00+00:00,16.575,16.583,16.568,16.568,7.0
2008-06-15 21:00:00+00:00,16.575,17.438,16.418,17.163,27292.0
2008-06-16 21:00:00+00:00,17.158,17.4,16.857,17.064,31193.0
2008-06-17 21:00:00+00:00,17.059,17.487,16.992,17.366,26645.0
2008-06-18 21:00:00+00:00,17.366,17.73,17.152,17.344,20473.0
2008-06-19 21:00:00+00:00,17.344,17.635,17.31,17.367,26287.0
2008-06-22 21:00:00+00:00,17.385,17.51,16.566,16.801,19043.0
2008-06-23 21:00:00+00:00,16.799,16.977,16.612,16.672,17727.0
2008-06-24 21:00:00+00:00,16.681,16.83,16.523,16.783,29991.0
2008-06-25 21:00:00+00:00,16.783,17.434,16.724,17.168,33730.0
2008-06-26 21:00:00+00:00,17.171,17.66,17.153,17.52,36321.0
2008-06-29 21:00:00+00:00,17.565,17.869,17.223,17.41,8003.0
2008-06-30 21:00:00+00:00,17.408,18.203,17.382,18.114,31366.0
2008-07-01 21:00:00+00:00,18.12,18.396,17.896,18.372,35130.0
2008-07-02 21:00:00+00:00,18.373,18.464,18.0,18.26,22324.0
2008-07-03 21:00:00+00:00,18.259,18.271,17.9935,18.117,10329.0
2008-07-06 21:00:00+00:00,18.072,18.112,17.583,17.778,51872.0
2008-07-07 21:00:00+00:00,17.778,17.961,17.476,17.779,29497.0
2008-07-08 21:00:00+00:00,17.777,18.148,17.715,18.136,46795.0
2008-07-09 21:00:00+00:00,18.134,18.33,18.08,18.288,45887.0
2008-07-10 21:00:00+00:00,18.298,18.885,18.255,18.808,45923.0
2008-07-12 21:00:00+00:00,18.838,18.838,18.838,18.838,1.0
2008-07-13 21:00:00+00:00,18.858,19.248,18.517,19.098,62694.0
2008-07-14 21:00:00+00:00,19.1,19.478,18.591,18.918,71111.0
2008-07-15 21:00:00+00:00,18.918,19.1105,18.6265,18.781,76375.0
2008-07-16 21:00:00+00:00,18.779,19.143,18.341,18.52,68403.0
2008-07-17 21:00:00+00:00,18.52,18.656,18.0575,18.13,37742.0
2008-07-18 21:00:00+00:00,18.13,18.13,18.13,18.13,1.0
2008-07-20 21:00:00+00:00,18.18,18.483,18.18,18.423,44174.0
2008-07-21 21:00:00+00:00,18.423,18.691,17.85,17.96,49886.0
2008-07-22 21:00:00+00:00,17.96,18.005,17.2825,17.368,54897.0
2008-07-23 21:00:00+00:00,17.368,17.643,17.11,17.442,55884.0
2008-07-24 21:00:00+00:00,17.442,17.63,17.012,17.415,46380.0
2008-07-27 21:00:00+00:00,17.215,17.53,17.215,17.515,51540.0
2008-07-28 21:00:00+00:00,17.515,17.631,17.07,17.36,45888.0
2008-07-29 21:00:00+00:00,17.36,17.6135,16.835,17.4805,46580.0
2008-07-30 21:00:00+00:00,17.4805,17.913,17.403,17.753,45628.0
2008-07-31 21:00:00+00:00,17.753,17.793,17.266,17.486,49037.0
2008-08-02 21:00:00+00:00,17.483,17.483,17.483,17.483,1.0
2008-08-03 21:00:00+00:00,17.51,17.628,16.905,16.943,51298.0
2008-08-04 21:00:00+00:00,16.943,17.013,16.42,16.453,53052.0
2008-08-05 21:00:00+00:00,16.453,16.758,16.4255,16.558,49373.0
2008-08-06 21:00:00+00:00,16.558,16.69,16.0375,16.198,51023.0
2008-08-07 21:00:00+00:00,16.198,16.233,15.25,15.318,42076.0
2008-08-10 21:00:00+00:00,15.375,15.445,14.543,14.658,55922.0
2008-08-11 21:00:00+00:00,14.658,14.837,14.014,14.503,51896.0
2008-08-12 21:00:00+00:00,14.505,14.9275,14.363,14.905,37397.0
2008-08-13 21:00:00+00:00,14.905,15.123,14.128,14.178,22812.0
2008-08-14 21:00:00+00:00,14.178,14.213,12.125,12.765,15017.0
2008-08-17 21:00:00+00:00,13.1,13.348,12.9235,13.0605,55858.0
2008-08-18 21:00:00+00:00,13.0605,13.361,12.428,13.242,34734.0
2008-08-19 21:00:00+00:00,13.242,13.425,12.8225,13.2595,37457.0
2008-08-20 21:00:00+00:00,13.2595,13.898,13.217,13.846,35943.0
2008-08-21 21:00:00+00:00,13.846,13.963,13.3275,13.368,31974.0
2008-08-24 21:00:00+00:00,13.33,13.5905,13.128,13.5025,40797.0
2008-08-25 21:00:00+00:00,13.5025,13.7455,12.9925,13.598,9124.0
2008-08-26 21:00:00+00:00,13.598,13.8645,13.41,13.485,50834.0
2008-08-27 21:00:00+00:00,13.485,14.0425,13.473,13.696,51717.0
2008-08-28 21:00:00+00:00,13.696,13.9025,13.545,13.605,48483.0
2008-08-31 21:00:00+00:00,13.555,13.771,13.3555,13.4455,39134.0
2008-09-01 21:00:00+00:00,13.4455,13.4525,12.5035,13.063,38183.0
2008-09-02 21:00:00+00:00,13.063,13.141,12.567,12.915,52698.0
2008-09-03 21:00:00+00:00,12.915,13.203,12.6505,12.82,9974.0
2008-09-04 21:00:00+00:00,12.82,13.122,12.089,12.28,60749.0
2008-09-06 21:00:00+00:00,12.292,12.308,12.282,12.308,6.0
2008-09-07 21:00:00+00:00,12.312,12.74,11.9,12.093,75179.0
2008-09-08 21:00:00+00:00,12.093,12.2025,11.275,11.283,67731.0
2008-09-09 21:00:00+00:00,11.283,11.618,10.658,10.683,13073.0
2008-09-10 21:00:00+00:00,10.683,10.974,10.228,10.548,67681.0
2008-09-11 21:00:00+00:00,10.548,10.946,10.543,10.883,65773.0
2008-09-13 21:00:00+00:00,10.883,10.889,10.883,10.889,3.0
2008-09-14 21:00:00+00:00,10.889,11.213,10.424,11.123,69718.0
2008-09-15 21:00:00+00:00,11.123,11.1855,10.435,10.498,35129.0
2008-09-16 21:00:00+00:00,10.498,12.098,10.413,11.955,72020.0
2008-09-17 21:00:00+00:00,11.955,12.993,11.688,11.945,42298.0
2008-09-18 21:00:00+00:00,11.948,12.648,11.768,12.61,12810.0
2008-09-21 21:00:00+00:00,12.61,13.595,12.503,13.45,66676.0
2008-09-22 21:00:00+00:00,13.45,13.675,12.994,13.28,35197.0
2008-09-23 21:00:00+00:00,13.28,13.65,13.063,13.265,19708.0
2008-09-24 21:00:00+00:00,13.265,13.793,13.0255,13.26,53690.0
2008-09-25 21:00:00+00:00,13.26,13.658,13.053,13.308,66978.0
2008-09-28 21:00:00+00:00,13.106,13.381,12.658,13.13,56584.0
2008-09-29 21:00:00+00:00,13.13,13.215,11.7415,12.03,36304.0
2008-09-30 21:00:00+00:00,12.03,12.966,11.978,12.555,63232.0
2008-10-01 21:00:00+00:00,12.555,12.58,10.818,10.84,60121.0
2008-10-02 21:00:00+00:00,10.84,11.716,10.793,11.143,69114.0
2008-10-03 21:00:00+00:00,11.143,11.143,11.138,11.138,2.0
2008-10-04 21:00:00+00:00,11.133,11.133,11.119,11.119,4.0
2008-10-05 21:00:00+00:00,11.108,11.518,10.887,11.043,38829.0
2008-10-06 21:00:00+00:00,11.043,11.855,10.993,11.575,42376.0
2008-10-07 21:00:00+00:00,11.575,12.085,11.425,11.73,28697.0
2008-10-08 21:00:00+00:00,11.73,12.155,11.503,12.113,30012.0
2008-10-09 21:00:00+00:00,12.113,12.328,9.3675,10.01,44381.0
2008-10-11 21:00:00+00:00,10.04,10.04,10.04,10.04,1.0
2008-10-12 21:00:00+00:00,10.07,10.88,10.055,10.703,44755.0
2008-10-13 21:00:00+00:00,10.703,11.173,10.69,10.975,39964.0
2008-10-14 21:00:00+00:00,10.975,11.115,10.038,10.298,50003.0
2008-10-15 21:00:00+00:00,10.298,10.333,9.223,9.65,67679.0
2008-10-16 21:00:00+00:00,9.65,9.9025,9.115,9.375,43370.0
2008-10-19 21:00:00+00:00,9.42,9.9395,9.403,9.785,51435.0
2008-10-20 21:00:00+00:00,9.785,10.2205,9.5725,10.11,41378.0
2008-10-21 21:00:00+00:00,10.11,10.203,9.398,9.555,58333.0
2008-10-22 21:00:00+00:00,9.555,9.898,9.2,9.708,52405.0
2008-10-23 21:00:00+00:00,9.708,9.85,8.6875,9.363,34895.0
2008-10-26 21:00:00+00:00,9.363,9.55,8.748,9.07,19217.0
2008-10-27 21:00:00+00:00,9.07,9.303,8.458,9.215,42801.0
2008-10-28 21:00:00+00:00,9.215,10.18,9.045,9.88,40923.0
2008-10-29 21:00:00+00:00,9.88,10.653,9.598,9.798,36341.0
2008-10-30 21:00:00+00:00,9.798,9.993,9.245,9.85,25959.0
2008-11-02 22:00:00+00:00,9.85,10.27,9.709,9.84,34990.0
2008-11-03 22:00:00+00:00,9.84,10.55,9.718,10.183,46783.0
2008-11-04 22:00:00+00:00,10.185,10.6075,10.028,10.33,35642.0
2008-11-05 22:00:00+00:00,10.33,10.798,9.873,9.973,35252.0
2008-11-06 22:00:00+00:00,9.973,10.3125,9.923,10.058,30811.0
2008-11-09 22:00:00+00:00,10.048,10.56,10.048,10.188,43363.0
2008-11-10 22:00:00+00:00,10.188,10.25,9.57,9.733,36155.0
2008-11-11 22:00:00+00:00,9.733,9.9,9.285,9.345,40593.0
2008-11-12 22:00:00+00:00,9.345,9.528,8.81,9.435,70336.0
2008-11-13 22:00:00+00:00,9.435,9.718,9.228,9.533,64586.0
2008-11-16 22:00:00+00:00,9.448,9.6905,9.263,9.295,64851.0
2008-11-17 22:00:00+00:00,9.295,9.775,9.158,9.65,62857.0
2008-11-18 22:00:00+00:00,9.65,9.87,9.245,9.263,25966.0
2008-11-19 22:00:00+00:00,9.263,9.4775,8.8325,9.05,52290.0
2008-11-20 22:00:00+00:00,9.0,9.675,8.94,9.665,60485.0
2008-11-22 22:00:00+00:00,9.665,9.763,9.665,9.763,7.0
2008-11-23 22:00:00+00:00,9.763,10.693,9.51,10.52,70250.0
2008-11-24 22:00:00+00:00,10.565,10.585,10.058,10.345,45399.0
2008-11-25 22:00:00+00:00,10.345,10.4875,10.18,10.312,46385.0
2008-11-26 22:00:00+00:00,10.307,10.407,10.202,10.352,22281.0
2008-11-27 22:00:00+00:00,10.357,10.385,10.12,10.308,26108.0
2008-11-28 22:00:00+00:00,10.308,10.308,10.308,10.308,1.0
2008-11-29 22:00:00+00:00,10.3,10.3,10.3,10.3,7.0
2008-11-30 22:00:00+00:00,10.3,10.318,9.1905,9.273,39496.0
2008-12-01 22:00:00+00:00,9.273,9.7425,9.1525,9.58,47442.0
2008-12-02 22:00:00+00:00,9.58,9.735,9.295,9.69,60788.0
2008-12-03 22:00:00+00:00,9.69,9.725,9.3575,9.485,38585.0
2008-12-04 22:00:00+00:00,9.488,9.573,9.15,9.52,41116.0
2008-12-06 22:00:00+00:00,9.52,9.52,9.52,9.52,39.0
2008-12-07 22:00:00+00:00,9.518,10.3815,9.493,9.991,50921.0
2008-12-08 22:00:00+00:00,9.991,10.099,9.666,9.839,47106.0
2008-12-09 22:00:00+00:00,9.839,10.2955,9.826,10.24,52023.0
2008-12-10 22:00:00+00:00,10.24,10.5295,10.138,10.349,63197.0
2008-12-11 22:00:00+00:00,10.347,10.409,10.0165,10.292,38839.0
2008-12-14 22:00:00+00:00,10.286,10.7315,10.2615,10.679,36616.0
2008-12-15 22:00:00+00:00,10.679,11.289,10.4615,11.204,30569.0
2008-12-16 22:00:00+00:00,11.204,11.604,10.839,11.397,24178.0
2008-12-17 22:00:00+00:00,11.397,11.469,10.94,10.97,33707.0
2008-12-18 22:00:00+00:00,10.97,11.02,10.5605,10.835,48841.0
2008-12-21 22:00:00+00:00,10.853,11.085,10.753,10.843,27313.0
2008-12-22 22:00:00+00:00,10.843,10.865,10.13,10.25,28781.0
2008-12-23 22:00:00+00:00,10.25,10.458,10.23,10.375,32100.0
2008-12-24 22:00:00+00:00,10.355,10.355,10.3,10.32,52.0
2008-12-25 22:00:00+00:00,10.32,10.755,10.285,10.708,26400.0
2008-12-28 22:00:00+00:00,10.718,11.265,10.718,10.91,61760.0
2008-12-29 22:00:00+00:00,10.91,11.16,10.69,10.968,59743.0
2008-12-30 22:00:00+00:00,10.968,11.42,10.77,11.39,32278.0
2008-12-31 22:00:00+00:00,11.4,11.4,11.385,11.385,54.0
2009-01-01 22:00:00+00:00,11.385,11.598,11.045,11.575,56643.0
2009-01-04 22:00:00+00:00,11.59,11.73,10.583,11.263,29641.0
2009-01-05 22:00:00+00:00,11.263,11.5525,10.793,11.478,48840.0
2009-01-06 22:00:00+00:00,11.478,11.5975,10.8855,11.05,40782.0
2009-01-07 22:00:00+00:00,11.048,11.3455,10.8055,11.125,50110.0
2009-01-08 22:00:00+00:00,11.123,11.6175,10.9805,11.283,67105.0
2009-01-11 22:00:00+00:00,11.268,11.298,10.5625,10.673,67927.0
2009-01-12 22:00:00+00:00,10.673,10.86,10.44,10.76,68645.0
2009-01-13 22:00:00+00:00,10.76,10.893,10.3655,10.577,67733.0
2009-01-14 22:00:00+00:00,10.58,10.6825,10.3505,10.6305,70295.0
2009-01-15 22:00:00+00:00,10.6305,11.305,10.6,11.278,53254.0
2009-01-17 22:00:00+00:00,11.278,11.278,11.248,11.25,233.0
2009-01-18 22:00:00+00:00,11.25,11.32,11.0905,11.18,42647.0
2009-01-19 22:00:00+00:00,11.185,11.398,10.918,11.183,60281.0
2009-01-20 22:00:00+00:00,11.183,11.5255,11.0825,11.345,7484.0
2009-01-21 22:00:00+00:00,11.345,11.5115,11.2335,11.4085,23829.0
2009-01-22 22:00:00+00:00,11.4115,12.104,11.279,11.981,36350.0
2009-01-24 22:00:00+00:00,11.949,11.949,11.949,11.949,152.0
2009-01-25 22:00:00+00:00,11.949,12.294,11.831,12.071,37672.0
2009-01-26 22:00:00+00:00,12.071,12.239,11.879,12.108,35016.0
2009-01-27 22:00:00+00:00,12.108,12.193,11.855,12.015,25529.0
2009-01-28 22:00:00+00:00,12.013,12.4285,11.673,12.361,14194.0
2009-01-29 22:00:00+00:00,12.369,12.683,12.241,12.678,30871.0
2009-02-01 22:00:00+00:00,12.623,12.655,12.2225,12.443,21026.0
2009-02-02 22:00:00+00:00,12.443,12.5025,12.1855,12.445,39462.0
2009-02-03 22:00:00+00:00,12.448,12.628,12.34,12.535,38409.0
2009-02-04 22:00:00+00:00,12.543,12.953,12.323,12.863,52315.0
2009-02-05 22:00:00+00:00,12.863,13.2125,12.773,13.123,41540.0
2009-02-07 22:00:00+00:00,13.115,13.115,13.115,13.115,191.0
2009-02-08 22:00:00+00:00,13.115,13.13,12.84,12.848,26952.0
2009-02-09 22:00:00+00:00,12.848,13.245,12.765,13.14,23836.0
2009-02-10 22:00:00+00:00,13.153,13.6905,13.103,13.5305,32198.0
2009-02-11 22:00:00+00:00,13.5305,13.76,13.337,13.487,36550.0
2009-02-12 22:00:00+00:00,13.487,13.7225,13.2595,13.695,32650.0
2009-02-14 22:00:00+00:00,13.672,13.672,13.672,13.672,199.0
2009-02-15 22:00:00+00:00,13.672,13.7075,13.517,13.615,31867.0
2009-02-16 22:00:00+00:00,13.615,14.22,13.573,14.135,20756.0
2009-02-17 22:00:00+00:00,14.128,14.3955,13.993,14.34,30813.0
2009-02-18 22:00:00+00:00,14.34,14.403,13.8925,14.048,47520.0
2009-02-19 22:00:00+00:00,14.048,14.6245,14.015,14.44,28342.0
2009-02-21 22:00:00+00:00,14.432,14.432,14.432,14.432,155.0
2009-02-22 22:00:00+00:00,14.432,14.64,14.117,14.448,38572.0
2009-02-23 22:00:00+00:00,14.448,14.608,13.733,13.745,32055.0
2009-02-24 22:00:00+00:00,13.745,14.15,13.584,13.71,29539.0
2009-02-25 22:00:00+00:00,13.71,13.76,12.9425,13.135,36048.0
2009-02-26 22:00:00+00:00,13.135,13.3975,12.868,13.133,43456.0
2009-02-28 22:00:00+00:00,13.135,13.145,13.135,13.145,106.0
2009-03-01 22:00:00+00:00,13.145,13.398,12.73,12.955,41466.0
2009-03-02 22:00:00+00:00,12.955,12.975,12.4415,12.825,33468.0
2009-03-03 22:00:00+00:00,12.825,13.1625,12.7,12.948,41229.0
2009-03-04 22:00:00+00:00,12.948,13.3275,12.913,13.2425,37667.0
2009-03-05 22:00:00+00:00,13.2425,13.534,13.2425,13.376,48988.0
2009-03-07 22:00:00+00:00,13.326,13.326,13.326,13.326,19.0
2009-03-08 21:00:00+00:00,13.326,13.4165,12.7935,12.956,60560.0
2009-03-09 21:00:00+00:00,12.956,13.016,12.4915,12.636,34283.0
2009-03-10 21:00:00+00:00,12.626,12.894,12.534,12.8065,43457.0
2009-03-11 21:00:00+00:00,12.8065,13.0955,12.6635,12.995,34266.0
2009-03-12 21:00:00+00:00,12.995,13.3055,12.92,13.223,43889.0
2009-03-13 21:00:00+00:00,13.223,13.223,13.223,13.223,1.0
2009-03-14 21:00:00+00:00,13.235,13.235,13.235,13.235,74.0
2009-03-15 21:00:00+00:00,13.235,13.235,12.8055,12.923,46060.0
2009-03-16 21:00:00+00:00,12.923,13.0105,12.6555,12.745,42159.0
2009-03-17 21:00:00+00:00,12.733,13.023,11.923,12.965,36156.0
2009-03-18 21:00:00+00:00,12.965,13.71,12.67,13.593,42527.0
2009-03-19 21:00:00+00:00,13.603,13.8675,13.4475,13.758,34589.0
2009-03-21 21:00:00+00:00,13.778,13.778,13.778,13.778,243.0
2009-03-22 21:00:00+00:00,13.778,13.9075,13.64,13.69,30203.0
2009-03-23 21:00:00+00:00,13.69,13.768,13.293,13.453,43716.0
2009-03-24 21:00:00+00:00,13.453,13.6,12.9875,13.49,43088.0
2009-03-25 21:00:00+00:00,13.49,13.7675,13.428,13.515,40646.0
2009-03-26 21:00:00+00:00,13.515,13.5955,13.1075,13.325,41983.0
2009-03-28 21:00:00+00:00,13.35,13.35,13.35,13.35,176.0
2009-03-29 21:00:00+00:00,13.35,13.3655,12.949,13.094,35883.0
2009-03-30 21:00:00+00:00,13.094,13.273,12.608,12.973,31455.0
2009-03-31 21:00:00+00:00,12.965,13.1955,12.8555,13.063,40287.0
2009-04-01 21:00:00+00:00,13.063,13.165,12.585,12.965,37558.0
2009-04-02 21:00:00+00:00,12.965,13.013,12.682,12.775,44403.0
2009-04-04 21:00:00+00:00,12.77,12.77,12.77,12.77,87.0
2009-04-05 21:00:00+00:00,12.77,12.855,12.1,12.137,19896.0
2009-04-06 21:00:00+00:00,12.147,12.37,12.057,12.272,39501.0
2009-04-07 21:00:00+00:00,12.277,12.485,12.197,12.287,44580.0
2009-04-08 21:00:00+00:00,12.287,12.42,12.147,12.357,44480.0
2009-04-09 21:00:00+00:00,12.36,12.382,12.35,12.382,1224.0
2009-04-11 21:00:00+00:00,12.352,12.352,12.352,12.352,61.0
2009-04-12 21:00:00+00:00,12.352,12.877,12.352,12.75,38195.0
2009-04-13 21:00:00+00:00,12.75,12.8245,12.5875,12.762,43795.0
2009-04-14 21:00:00+00:00,12.772,12.952,12.682,12.797,41112.0
2009-04-15 21:00:00+00:00,12.797,12.822,12.16,12.247,37589.0
2009-04-16 21:00:00+00:00,12.247,12.277,11.82,11.888,37422.0
2009-04-18 21:00:00+00:00,11.988,11.988,11.975,11.98,168.0
2009-04-19 21:00:00+00:00,11.98,12.193,11.835,12.093,40694.0
2009-04-20 21:00:00+00:00,12.093,12.263,11.903,12.04,39878.0
2009-04-21 21:00:00+00:00,12.04,12.338,12.018,12.288,39547.0
2009-04-22 21:00:00+00:00,12.288,12.8605,12.285,12.765,58618.0
2009-04-23 21:00:00+00:00,12.765,12.958,12.683,12.883,38539.0
2009-04-25 21:00:00+00:00,12.88,12.88,12.88,12.88,190.0
2009-04-26 21:00:00+00:00,12.88,13.228,12.8075,12.918,38029.0
2009-04-27 21:00:00+00:00,12.918,12.96,12.3775,12.503,47889.0
2009-04-28 21:00:00+00:00,12.503,12.838,12.42,12.77,33903.0
2009-04-29 21:00:00+00:00,12.77,12.83,12.21,12.383,50825.0
2009-04-30 21:00:00+00:00,12.383,12.6425,12.0655,12.523,27087.0
2009-05-03 21:00:00+00:00,12.475,13.17,12.463,13.048,47347.0
2009-05-04 21:00:00+00:00,13.048,13.616,13.0025,13.36,34545.0
2009-05-05 21:00:00+00:00,13.36,13.845,13.308,13.735,33277.0
2009-05-06 21:00:00+00:00,13.735,14.1605,13.68,13.84,32559.0
2009-05-07 21:00:00+00:00,13.845,14.061,13.798,14.006,41717.0
2009-05-10 21:00:00+00:00,13.996,14.0415,13.6885,13.96,30814.0
2009-05-11 21:00:00+00:00,13.96,14.3475,13.86,14.243,28660.0
2009-05-12 21:00:00+00:00,14.243,14.38,13.905,13.975,27420.0
2009-05-13 21:00:00+00:00,13.975,14.09,13.7405,14.058,33383.0
2009-05-14 21:00:00+00:00,14.058,14.19,13.863,13.99,33159.0
2009-05-16 21:00:00+00:00,13.983,13.983,13.983,13.983,37.0
2009-05-17 21:00:00+00:00,13.983,14.1,13.6455,13.758,31069.0
2009-05-18 21:00:00+00:00,13.758,14.29,13.718,14.18,30337.0
2009-05-19 21:00:00+00:00,14.18,14.3905,14.098,14.29,38575.0
2009-05-20 21:00:00+00:00,14.29,14.568,14.0925,14.523,29747.0
2009-05-21 21:00:00+00:00,14.523,14.8405,14.43,14.678,32649.0
2009-05-24 21:00:00+00:00,14.678,14.773,14.568,14.755,16677.0
2009-05-25 21:00:00+00:00,14.758,14.758,14.3075,14.613,24996.0
2009-05-26 21:00:00+00:00,14.608,15.008,14.425,14.745,35658.0
2009-05-27 21:00:00+00:00,14.745,15.278,14.6575,15.15,40670.0
2009-05-28 21:00:00+00:00,15.15,15.748,15.133,15.74,45543.0
2009-05-29 21:00:00+00:00,15.74,15.74,15.74,15.74,1.0
2009-05-30 21:00:00+00:00,15.773,15.773,15.77,15.77,120.0
2009-05-31 21:00:00+00:00,15.77,15.973,15.545,15.603,35286.0
2009-06-01 21:00:00+00:00,15.603,16.016,15.458,15.971,34576.0
2009-06-02 21:00:00+00:00,15.971,16.241,15.2615,15.354,25004.0
2009-06-03 21:00:00+00:00,15.357,15.944,15.072,15.879,34619.0
2009-06-04 21:00:00+00:00,15.879,15.9695,15.1775,15.282,25295.0
2009-06-07 21:00:00+00:00,15.272,15.467,14.7445,14.957,21066.0
2009-06-08 21:00:00+00:00,14.952,15.346,14.8,15.24,6363.0
2009-06-09 21:00:00+00:00,15.243,15.5095,15.0445,15.189,9092.0
2009-06-10 21:00:00+00:00,15.189,15.548,14.956,15.405,7452.0
2009-06-11 21:00:00+00:00,15.403,15.449,14.798,14.843,8466.0
2009-06-14 21:00:00+00:00,14.833,14.865,14.0515,14.073,6629.0
2009-06-15 21:00:00+00:00,14.065,14.4195,14.058,14.202,5786.0
2009-06-16 21:00:00+00:00,14.207,14.3765,13.9565,14.339,5282.0
2009-06-17 21:00:00+00:00,14.335,14.406,14.156,14.211,5834.0
2009-06-18 21:00:00+00:00,14.215,14.3815,14.1435,14.228,6092.0
2009-06-21 21:00:00+00:00,14.143,14.156,13.705,13.737,4231.0
2009-06-22 21:00:00+00:00,13.741,13.9,13.632,13.854,4161.0
2009-06-23 21:00:00+00:00,13.851,14.1225,13.792,13.853,5376.0
2009-06-24 21:00:00+00:00,13.857,14.0685,13.8105,14.023,5625.0
2009-06-25 21:00:00+00:00,14.03,14.326,14.025,14.083,5042.0
2009-06-26 21:00:00+00:00,14.083,14.083,14.083,14.083,1.0
2009-06-28 21:00:00+00:00,14.104,14.129,13.859,13.866,4827.0
2009-06-29 21:00:00+00:00,13.864,14.147,13.483,13.602,3997.0
2009-06-30 21:00:00+00:00,13.605,13.874,13.596,13.763,4240.0
2009-07-01 21:00:00+00:00,13.766,13.806,13.302,13.407,4349.0
2009-07-02 21:00:00+00:00,13.406,13.487,13.376,13.439,980.0
2009-07-04 21:00:00+00:00,13.439,13.439,13.439,13.439,1.0
2009-07-05 21:00:00+00:00,13.448,13.448,13.015,13.28,3099.0
2009-07-06 21:00:00+00:00,13.27,13.389,13.095,13.123,2774.0
2009-07-07 21:00:00+00:00,13.117,13.166,12.755,12.885,4765.0
2009-07-08 21:00:00+00:00,12.877,12.9905,12.781,12.866,4437.0
2009-07-09 21:00:00+00:00,12.862,12.911,12.5385,12.682,3683.0
2009-07-12 21:00:00+00:00,12.682,12.861,12.4625,12.85,4125.0
2009-07-13 21:00:00+00:00,12.853,13.0075,12.814,12.913,3961.0
2009-07-14 21:00:00+00:00,12.916,13.386,12.906,13.286,4058.0
2009-07-15 21:00:00+00:00,13.281,13.3425,13.1665,13.305,3518.0
2009-07-16 21:00:00+00:00,13.305,13.4695,13.0885,13.421,3257.0
2009-07-18 21:00:00+00:00,13.416,13.42,13.416,13.42,32.0
2009-07-19 21:00:00+00:00,13.41,13.7575,13.41,13.656,2314.0
2009-07-20 21:00:00+00:00,13.654,13.7035,13.4635,13.538,3323.0
2009-07-21 21:00:00+00:00,13.54,13.7555,13.3955,13.7,3960.0
2009-07-22 21:00:00+00:00,13.702,13.8835,13.6305,13.725,4993.0
2009-07-23 21:00:00+00:00,13.705,13.918,13.673,13.905,2427.0
2009-07-26 21:00:00+00:00,13.9,14.1095,13.763,14.038,3971.0
2009-07-27 21:00:00+00:00,14.036,14.092,13.6115,13.736,2673.0
2009-07-28 21:00:00+00:00,13.732,13.76,13.198,13.316,4811.0
2009-07-29 21:00:00+00:00,13.316,13.604,13.306,13.483,4369.0
2009-07-30 21:00:00+00:00,13.498,13.99,13.402,13.933,5164.0
2009-08-01 21:00:00+00:00,13.933,13.933,13.933,13.933,1.0
2009-08-02 21:00:00+00:00,13.915,14.4815,13.915,14.268,4319.0
2009-08-03 21:00:00+00:00,14.27,14.7795,14.0515,14.631,5237.0
2009-08-04 21:00:00+00:00,14.639,14.849,14.571,14.702,5213.0
2009-08-05 21:00:00+00:00,14.699,15.043,14.4415,14.567,6847.0
2009-08-06 21:00:00+00:00,14.573,14.906,14.521,14.626,5072.0
2009-08-07 21:00:00+00:00,14.626,14.626,14.626,14.626,4.0
2009-08-08 21:00:00+00:00,14.626,14.626,14.583,14.583,4.0
2009-08-09 21:00:00+00:00,14.56,14.706,14.3035,14.372,6065.0
2009-08-10 21:00:00+00:00,14.368,14.4955,14.2585,14.327,4078.0
2009-08-11 21:00:00+00:00,14.324,14.6215,14.1385,14.541,5200.0
2009-08-12 21:00:00+00:00,14.538,15.1435,14.538,15.039,4629.0
2009-08-13 21:00:00+00:00,15.035,15.1945,14.608,14.725,5168.0
2009-08-16 21:00:00+00:00,14.675,14.691,13.8485,14.023,3767.0
2009-08-17 21:00:00+00:00,14.028,14.2045,13.8515,14.002,3749.0
2009-08-18 21:00:00+00:00,14.006,14.151,13.512,13.811,5937.0
2009-08-19 21:00:00+00:00,13.808,14.071,13.798,13.936,5065.0
2009-08-20 21:00:00+00:00,13.945,14.301,13.738,14.177,4739.0
2009-08-23 21:00:00+00:00,14.177,14.4875,14.0995,14.165,6136.0
2009-08-24 21:00:00+00:00,14.162,14.4365,14.086,14.285,6561.0
2009-08-25 21:00:00+00:00,14.282,14.4715,14.1815,14.347,5041.0
2009-08-26 21:00:00+00:00,14.35,14.3675,14.0795,14.305,4939.0
2009-08-27 21:00:00+00:00,14.303,14.8675,14.295,14.78,3195.0
2009-08-30 21:00:00+00:00,14.783,14.923,14.543,14.909,5856.0
2009-08-31 21:00:00+00:00,14.915,15.0915,14.6515,15.027,7032.0
2009-09-01 21:00:00+00:00,15.035,15.475,14.854,15.391,6757.0
2009-09-02 21:00:00+00:00,15.393,16.2785,15.346,16.118,7697.0
2009-09-03 21:00:00+00:00,16.122,16.3375,15.836,16.246,6899.0
2009-09-06 21:00:00+00:00,16.278,16.358,16.151,16.329,3747.0
2009-09-07 21:00:00+00:00,16.334,16.8335,16.291,16.43,8482.0
2009-09-08 21:00:00+00:00,16.433,16.724,16.2365,16.317,9594.0
2009-09-09 21:00:00+00:00,16.317,16.705,16.059,16.683,7011.0
2009-09-10 21:00:00+00:00,16.686,16.9965,16.629,16.769,9548.0
2009-09-13 21:00:00+00:00,16.769,16.845,16.315,16.558,9655.0
2009-09-14 21:00:00+00:00,16.585,17.057,16.426,17.047,5502.0
2009-09-15 21:00:00+00:00,17.051,17.482,17.016,17.412,6797.0
2009-09-16 21:00:00+00:00,17.42,17.66,17.201,17.263,6567.0
2009-09-17 21:00:00+00:00,17.29,17.37,16.962,17.022,6549.0
2009-09-18 21:00:00+00:00,17.03,17.03,17.03,17.03,2.0
2009-09-20 21:00:00+00:00,16.937,16.9535,16.513,16.844,9520.0
2009-09-21 21:00:00+00:00,16.85,17.3205,16.814,17.14,7395.0
2009-09-22 21:00:00+00:00,17.156,17.248,16.716,16.823,5732.0
2009-09-23 21:00:00+00:00,16.811,17.0115,16.1855,16.27,10079.0
2009-09-24 21:00:00+00:00,16.26,16.378,15.9485,16.045,9620.0
2009-09-27 21:00:00+00:00,16.104,16.3075,15.7485,16.18,8363.0
2009-09-28 21:00:00+00:00,16.188,16.2865,15.993,16.157,7169.0
2009-09-29 21:00:00+00:00,16.161,16.6845,16.15,16.648,6822.0
2009-09-30 21:00:00+00:00,16.656,16.758,16.33,16.362,7921.0
2009-10-01 21:00:00+00:00,16.365,16.4565,15.9135,16.171,6796.0
2009-10-02 21:00:00+00:00,16.171,16.1715,16.171,16.171,4.0
2009-10-04 21:00:00+00:00,16.171,16.654,16.141,16.631,5373.0
2009-10-05 21:00:00+00:00,16.634,17.41,16.606,17.351,8167.0
2009-10-06 21:00:00+00:00,17.345,17.567,17.2935,17.562,9786.0
2009-10-07 21:00:00+00:00,17.565,17.922,17.513,17.784,9265.0
2009-10-08 21:00:00+00:00,17.787,17.811,17.533,17.716,7264.0
2009-10-09 21:00:00+00:00,17.711,17.711,17.711,17.711,1.0
2009-10-11 21:00:00+00:00,17.708,17.963,17.708,17.729,6025.0
2009-10-12 21:00:00+00:00,17.731,18.0395,17.5505,17.795,6313.0
2009-10-13 21:00:00+00:00,17.799,18.1005,17.7185,17.886,6349.0
2009-10-14 21:00:00+00:00,17.89,17.978,17.325,17.372,7268.0
2009-10-15 21:00:00+00:00,17.378,17.561,17.205,17.474,6056.0
2009-10-16 21:00:00+00:00,17.474,17.474,17.474,17.474,1.0
2009-10-18 21:00:00+00:00,17.458,17.849,17.265,17.841,5976.0
2009-10-19 21:00:00+00:00,17.843,17.9255,17.4185,17.504,8081.0
2009-10-20 21:00:00+00:00,17.508,17.8085,17.2955,17.708,8568.0
2009-10-21 21:00:00+00:00,17.705,17.8105,17.3715,17.689,5879.0
2009-10-22 21:00:00+00:00,17.691,17.9565,17.4885,17.681,8461.0
2009-10-25 21:00:00+00:00,17.696,17.7745,17.0145,17.097,8628.0
2009-10-26 21:00:00+00:00,17.089,17.2255,16.497,16.718,10097.0
2009-10-27 21:00:00+00:00,16.716,16.7575,16.1185,16.149,7961.0
2009-10-28 21:00:00+00:00,16.153,16.7035,16.12,16.689,7185.0
2009-10-29 21:00:00+00:00,16.685,16.737,16.147,16.309,6533.0
2009-10-30 21:00:00+00:00,16.316,16.316,16.316,16.316,1.0
2009-11-01 22:00:00+00:00,16.269,16.7115,16.269,16.457,6885.0
2009-11-02 22:00:00+00:00,16.46,17.3185,16.25,17.216,9033.0
2009-11-03 22:00:00+00:00,17.218,17.6165,17.0955,17.46,8217.0
2009-11-04 22:00:00+00:00,17.465,17.5205,17.2295,17.408,6890.0
2009-11-05 22:00:00+00:00,17.406,17.624,17.273,17.375,7388.0
2009-11-08 22:00:00+00:00,17.435,17.7795,17.428,17.592,4643.0
2009-11-09 22:00:00+00:00,17.595,17.6435,17.1635,17.345,7517.0
2009-11-10 22:00:00+00:00,17.35,17.7165,17.331,17.605,5854.0
2009-11-11 22:00:00+00:00,17.602,17.7575,17.1995,17.2235,5819.0
2009-11-12 22:00:00+00:00,17.2205,17.446,17.0355,17.438,5011.0
2009-11-14 22:00:00+00:00,17.438,17.438,17.438,17.438,1.0
2009-11-15 22:00:00+00:00,17.47,18.4365,17.47,18.38,7365.0
2009-11-16 22:00:00+00:00,18.378,18.44,18.091,18.428,6519.0
2009-11-17 22:00:00+00:00,18.425,18.8435,18.3225,18.5745,6141.0
2009-11-18 22:00:00+00:00,18.5765,18.6255,18.159,18.539,7449.0
2009-11-19 22:00:00+00:00,18.541,18.582,18.038,18.507,6979.0
2009-11-21 22:00:00+00:00,18.507,18.507,18.507,18.507,2.0
2009-11-22 22:00:00+00:00,18.557,18.932,18.552,18.618,6151.0
2009-11-23 22:00:00+00:00,18.613,18.6745,18.3335,18.525,7889.0
2009-11-24 22:00:00+00:00,18.528,18.856,18.496,18.852,5509.0
2009-11-25 22:00:00+00:00,18.86,18.8855,18.439,18.668,3951.0
2009-11-26 22:00:00+00:00,18.668,18.668,17.6825,18.303,8498.0
2009-11-27 22:00:00+00:00,18.301,18.301,18.301,18.301,2.0
2009-11-29 22:00:00+00:00,18.305,18.509,18.119,18.496,8192.0
2009-11-30 22:00:00+00:00,18.498,19.2645,18.3965,19.106,9165.0
2009-12-01 22:00:00+00:00,19.103,19.434,19.073,19.238,11492.0
2009-12-02 22:00:00+00:00,19.242,19.4675,18.807,18.827,11639.0
2009-12-03 22:00:00+00:00,18.823,18.948,18.284,18.52,10663.0
2009-12-04 22:00:00+00:00,18.52,18.52,18.52,18.52,1.0
2009-12-05 22:00:00+00:00,18.52,18.52,18.52,18.52,2.0
2009-12-06 22:00:00+00:00,18.48,18.55,17.869,18.188,11402.0
2009-12-07 22:00:00+00:00,18.192,18.354,17.529,17.579,9317.0
2009-12-08 22:00:00+00:00,17.575,17.8795,17.1135,17.379,10726.0
2009-12-09 22:00:00+00:00,17.382,17.5455,17.1365,17.413,9009.0
2009-12-10 22:00:00+00:00,17.418,17.607,16.903,17.134,7037.0
2009-12-12 22:00:00+00:00,17.134,17.174,17.134,17.174,5.0
2009-12-13 22:00:00+00:00,17.174,17.392,17.073,17.388,7911.0
2009-12-14 22:00:00+00:00,17.39,17.4815,17.1145,17.415,7574.0
2009-12-15 22:00:00+00:00,17.42,17.779,17.3255,17.71,7122.0
2009-12-16 22:00:00+00:00,17.714,17.783,17.0845,17.134,6802.0
2009-12-17 22:00:00+00:00,17.14,17.3585,17.0845,17.274,6356.0
2009-12-19 22:00:00+00:00,17.274,17.294,17.274,17.294,3.0
2009-12-20 22:00:00+00:00,17.275,17.494,16.9655,17.027,7274.0
2009-12-21 22:00:00+00:00,17.031,17.165,16.763,16.984,7492.0
2009-12-22 22:00:00+00:00,16.988,17.215,16.8565,17.111,4626.0
2009-12-23 22:00:00+00:00,17.108,17.5095,17.105,17.482,3518.0
2009-12-24 22:00:00+00:00,17.478,17.478,17.478,17.478,15.0
2009-12-27 22:00:00+00:00,17.493,17.656,17.434,17.516,4359.0
2009-12-28 22:00:00+00:00,17.508,17.515,17.058,17.097,5685.0
2009-12-29 22:00:00+00:00,17.1,17.155,16.7425,16.808,4939.0
2009-12-30 22:00:00+00:00,16.804,17.084,16.781,16.861,2142.0
2009-12-31 22:00:00+00:00,16.878,16.878,16.874,16.874,2.0
2010-01-03 22:00:00+00:00,16.904,17.581,16.851,17.574,7256.0
2010-01-04 22:00:00+00:00,17.571,17.8645,17.4945,17.788,8553.0
2010-01-05 22:00:00+00:00,17.786,18.219,17.743,18.194,7163.0
2010-01-06 22:00:00+00:00,18.199,18.3595,18.042,18.228,6935.0
2010-01-07 22:00:00+00:00,18.223,18.498,18.04,18.483,6534.0
2010-01-08 22:00:00+00:00,18.483,18.483,18.483,18.483,1.0
2010-01-09 22:00:00+00:00,18.483,18.483,18.483,18.483,8.0
2010-01-10 22:00:00+00:00,18.479,18.891,18.479,18.561,6945.0
2010-01-11 22:00:00+00:00,18.566,18.791,18.152,18.253,8276.0
2010-01-12 22:00:00+00:00,18.257,18.635,18.1955,18.621,8290.0
2010-01-13 22:00:00+00:00,18.624,18.7195,18.4405,18.663,8109.0
2010-01-14 22:00:00+00:00,18.667,18.673,18.3875,18.408,5471.0
2010-01-17 22:00:00+00:00,18.39,18.674,18.3835,18.641,2587.0
2010-01-18 22:00:00+00:00,18.635,18.8395,18.465,18.748,7254.0
2010-01-19 22:00:00+00:00,18.755,18.8435,17.7975,17.871,8985.0
2010-01-20 22:00:00+00:00,17.885,18.048,17.327,17.397,10026.0
2010-01-21 22:00:00+00:00,17.4,17.504,16.877,17.037,8357.0
2010-01-22 22:00:00+00:00,17.047,17.047,17.047,17.047,1.0
2010-01-24 22:00:00+00:00,17.037,17.2535,16.9865,17.137,8537.0
2010-01-25 22:00:00+00:00,17.142,17.247,16.349,16.745,7562.0
2010-01-26 22:00:00+00:00,16.754,16.9475,16.423,16.571,8806.0
2010-01-27 22:00:00+00:00,16.578,16.74,16.013,16.25,8507.0
2010-01-28 22:00:00+00:00,16.255,16.349,16.023,16.208,9511.0
2010-01-29 22:00:00+00:00,16.208,16.208,16.208,16.208,1.0
2010-01-30 22:00:00+00:00,16.208,16.238,16.208,16.238,3.0
2010-01-31 22:00:00+00:00,16.2,16.698,16.099,16.667,6909.0
2010-02-01 22:00:00+00:00,16.669,16.796,16.548,16.707,7707.0
2010-02-02 22:00:00+00:00,16.71,16.9365,16.2805,16.368,8023.0
2010-02-03 22:00:00+00:00,16.363,16.412,15.189,15.265,10388.0
2010-02-04 22:00:00+00:00,15.258,15.3705,14.6535,15.164,10818.0
2010-02-05 22:00:00+00:00,15.164,15.164,15.164,15.164,1.0
2010-02-06 22:00:00+00:00,15.164,15.164,15.149,15.149,5.0
2010-02-07 22:00:00+00:00,15.149,15.3065,14.9505,14.999,7865.0
2010-02-08 22:00:00+00:00,15.001,15.582,14.976,15.445,7875.0
2010-02-09 22:00:00+00:00,15.443,15.6335,15.1015,15.206,9496.0
2010-02-10 22:00:00+00:00,15.208,15.7115,15.181,15.645,9909.0
2010-02-11 22:00:00+00:00,15.623,15.728,15.2105,15.534,8795.0
2010-02-12 22:00:00+00:00,15.53,15.53,15.53,15.53,1.0
2010-02-13 22:00:00+00:00,15.53,15.53,15.53,15.53,2.0
2010-02-14 22:00:00+00:00,15.555,15.638,15.459,15.554,3388.0
2010-02-15 22:00:00+00:00,15.55,16.203,15.499,16.135,6042.0
2010-02-16 22:00:00+00:00,16.131,16.328,15.835,15.869,8208.0
2010-02-17 22:00:00+00:00,15.873,16.262,15.681,15.842,10236.0
2010-02-18 22:00:00+00:00,15.835,16.504,15.782,16.318,12033.0
2010-02-20 22:00:00+00:00,16.318,16.318,16.318,16.318,1.0
2010-02-21 22:00:00+00:00,16.318,16.557,16.146,16.244,4892.0
2010-02-22 22:00:00+00:00,16.213,16.427,15.792,15.837,5738.0
2010-02-23 22:00:00+00:00,15.845,16.004,15.647,15.969,6021.0
2010-02-24 22:00:00+00:00,15.992,16.16,15.621,16.088,5481.0
2010-02-25 22:00:00+00:00,16.085,16.5245,16.027,16.47,6577.0
2010-02-28 22:00:00+00:00,16.498,16.749,16.424,16.462,6089.0
2010-03-01 22:00:00+00:00,16.468,17.0795,16.328,16.915,6046.0
2010-03-02 22:00:00+00:00,16.903,17.354,16.873,17.199,4776.0
2010-03-03 22:00:00+00:00,17.203,17.372,17.049,17.125,7289.0
2010-03-04 22:00:00+00:00,17.12,17.492,17.118,17.356,4912.0
2010-03-05 22:00:00+00:00,17.345,17.345,17.345,17.345,1.0
2010-03-07 22:00:00+00:00,17.365,17.519,17.118,17.249,4189.0
2010-03-08 22:00:00+00:00,17.242,17.402,16.867,17.252,5720.0
2010-03-09 22:00:00+00:00,17.255,17.6385,16.9375,17.027,7205.0
2010-03-10 22:00:00+00:00,17.023,17.175,16.817,17.175,7118.0
2010-03-11 22:00:00+00:00,17.173,17.334,16.961,17.068,6786.0
2010-03-14 21:00:00+00:00,17.051,17.164,16.961,17.125,4163.0
2010-03-15 21:00:00+00:00,17.128,17.478,17.089,17.451,3914.0
2010-03-16 21:00:00+00:00,17.445,17.594,17.361,17.472,5152.0
2010-03-17 21:00:00+00:00,17.48,17.547,17.324,17.413,5379.0
2010-03-18 21:00:00+00:00,17.413,17.413,16.976,16.991,6608.0
2010-03-21 21:00:00+00:00,17.005,17.01,16.62,16.975,5445.0
2010-03-22 21:00:00+00:00,16.97,17.139,16.728,17.036,5564.0
2010-03-23 21:00:00+00:00,17.038,17.04,16.578,16.578,5339.0
2010-03-24 21:00:00+00:00,16.575,16.85,16.553,16.62,4716.0
2010-03-25 21:00:00+00:00,16.625,16.975,16.568,16.903,5761.0
2010-03-26 21:00:00+00:00,16.915,16.915,16.915,16.915,1.0
2010-03-28 21:00:00+00:00,16.945,17.427,16.928,17.373,3852.0
2010-03-29 21:00:00+00:00,17.397,17.466,17.222,17.296,3703.0
2010-03-30 21:00:00+00:00,17.272,17.627,17.257,17.48,3927.0
2010-03-31 21:00:00+00:00,17.486,17.996,17.47,17.934,4534.0
2010-04-01 21:00:00+00:00,17.942,17.952,17.75,17.81,389.0
2010-04-04 21:00:00+00:00,17.81,18.124,17.799,18.084,3235.0
2010-04-05 21:00:00+00:00,18.076,18.087,17.8555,17.964,4307.0
2010-04-06 21:00:00+00:00,17.934,18.2495,17.908,18.164,4148.0
2010-04-07 21:00:00+00:00,18.16,18.179,17.92,18.103,4240.0
2010-04-08 21:00:00+00:00,18.097,18.4285,18.048,18.407,4522.0
2010-04-10 21:00:00+00:00,18.407,18.407,18.407,18.407,1.0
2010-04-11 21:00:00+00:00,18.447,18.597,18.16,18.247,5458.0
2010-04-12 21:00:00+00:00,18.226,18.305,17.956,18.226,5048.0
2010-04-13 21:00:00+00:00,18.223,18.4885,18.189,18.446,3981.0
2010-04-14 21:00:00+00:00,18.434,18.5235,18.2105,18.405,3187.0
2010-04-15 21:00:00+00:00,18.395,18.416,17.6115,17.733,5363.0
2010-04-18 21:00:00+00:00,17.662,17.769,17.491,17.75,3358.0
2010-04-19 21:00:00+00:00,17.745,18.044,17.692,17.835,3897.0
2010-04-20 21:00:00+00:00,17.842,18.1355,17.7205,18.077,3868.0
2010-04-21 21:00:00+00:00,18.07,18.1515,17.7665,17.982,4016.0
2010-04-22 21:00:00+00:00,17.978,18.341,17.8455,18.321,4433.0
2010-04-25 21:00:00+00:00,18.291,18.409,18.239,18.294,3917.0
2010-04-26 21:00:00+00:00,18.297,18.4015,18.0595,18.163,5023.0
2010-04-27 21:00:00+00:00,18.16,18.2365,17.831,18.101,3151.0
2010-04-28 21:00:00+00:00,18.106,18.567,18.065,18.472,4101.0
2010-04-29 21:00:00+00:00,18.469,18.76,18.455,18.64,4302.0
2010-04-30 21:00:00+00:00,18.652,18.652,18.652,18.652,1.0
2010-05-02 21:00:00+00:00,18.687,18.87,18.51,18.802,3533.0
2010-05-03 21:00:00+00:00,18.798,18.825,17.8155,17.867,3997.0
2010-05-04 21:00:00+00:00,17.877,17.892,17.0735,17.483,7785.0
2010-05-05 21:00:00+00:00,17.48,17.754,17.25,17.711,9749.0
2010-05-06 21:00:00+00:00,17.704,18.6525,17.471,18.357,10737.0
2010-05-08 21:00:00+00:00,18.39,18.39,18.39,18.39,1.0
2010-05-09 21:00:00+00:00,18.39,18.648,18.204,18.524,7197.0
2010-05-10 21:00:00+00:00,18.518,19.393,18.391,19.31,8316.0
2010-05-11 21:00:00+00:00,19.306,19.714,19.083,19.534,9617.0
2010-05-12 21:00:00+00:00,19.537,19.8225,19.3285,19.426,8597.0
2010-05-13 21:00:00+00:00,19.429,19.716,18.9655,19.339,9826.0
2010-05-16 21:00:00+00:00,19.303,19.407,18.739,18.905,10027.0
2010-05-17 21:00:00+00:00,18.911,19.1285,18.6465,19.038,8801.0
2010-05-18 21:00:00+00:00,19.033,19.033,17.9405,18.229,9659.0
2010-05-19 21:00:00+00:00,18.235,18.3155,17.4945,17.666,11778.0
2010-05-20 21:00:00+00:00,17.666,17.877,17.4075,17.662,11131.0
2010-05-23 21:00:00+00:00,17.667,18.072,17.647,17.902,7176.0
2010-05-24 21:00:00+00:00,17.905,17.982,17.531,17.958,6662.0
2010-05-25 21:00:00+00:00,17.954,18.4,17.924,18.07,8169.0
2010-05-26 21:00:00+00:00,18.068,18.564,18.004,18.514,6527.0
2010-05-27 21:00:00+00:00,18.52,18.634,18.243,18.399,5892.0
2010-05-30 21:00:00+00:00,18.408,18.607,18.351,18.564,767.0
2010-05-31 21:00:00+00:00,18.572,18.707,18.266,18.435,7148.0
2010-06-01 21:00:00+00:00,18.431,18.508,18.091,18.361,8625.0
2010-06-02 21:00:00+00:00,18.359,18.455,17.8285,17.988,7633.0
2010-06-03 21:00:00+00:00,17.988,18.027,17.292,17.45,9208.0
2010-06-04 21:00:00+00:00,17.455,17.455,17.455,17.455,1.0
2010-06-05 21:00:00+00:00,17.428,17.428,17.428,17.428,1.0
2010-06-06 21:00:00+00:00,17.45,18.282,17.193,18.164,7616.0
2010-06-07 21:00:00+00:00,18.157,18.484,18.083,18.282,5751.0
2010-06-08 21:00:00+00:00,18.277,18.369,18.098,18.1535,6421.0
2010-06-09 21:00:00+00:00,18.1515,18.433,17.91,18.226,5440.0
2010-06-10 21:00:00+00:00,18.223,18.52,18.075,18.239,4090.0
2010-06-11 21:00:00+00:00,18.242,18.242,18.242,18.242,1.0
2010-06-13 21:00:00+00:00,18.252,18.563,18.226,18.226,4376.0
2010-06-14 21:00:00+00:00,18.221,18.675,18.209,18.556,4479.0
2010-06-15 21:00:00+00:00,18.553,18.655,18.393,18.473,4522.0
2010-06-16 21:00:00+00:00,18.467,18.872,18.333,18.712,6559.0
2010-06-17 21:00:00+00:00,18.715,19.267,18.683,19.176,4738.0
2010-06-18 21:00:00+00:00,19.178,19.178,19.178,19.178,1.0
2010-06-20 21:00:00+00:00,19.198,19.468,18.671,18.727,8520.0
2010-06-21 21:00:00+00:00,18.733,18.986,18.598,18.818,7080.0
2010-06-22 21:00:00+00:00,18.813,18.956,18.34,18.531,4781.0
2010-06-23 21:00:00+00:00,18.528,18.811,18.189,18.7,5976.0
2010-06-24 21:00:00+00:00,18.693,19.131,18.614,19.075,4951.0
2010-06-27 21:00:00+00:00,19.058,19.2375,18.6465,18.763,3615.0
2010-06-28 21:00:00+00:00,18.766,18.793,18.3925,18.498,4757.0
2010-06-29 21:00:00+00:00,18.503,18.7835,18.466,18.621,5001.0
2010-06-30 21:00:00+00:00,18.623,18.669,17.724,17.773,8574.0
2010-07-01 21:00:00+00:00,17.776,18.098,17.6235,17.863,6956.0
2010-07-04 21:00:00+00:00,17.863,17.908,17.7405,17.808,1478.0
2010-07-05 21:00:00+00:00,17.908,18.017,17.607,17.835,5987.0
2010-07-06 21:00:00+00:00,17.84,18.079,17.558,18.042,6102.0
2010-07-07 21:00:00+00:00,18.045,18.166,17.726,17.97,5628.0
2010-07-08 21:00:00+00:00,17.973,18.219,17.825,18.125,4748.0
2010-07-11 21:00:00+00:00,18.1,18.132,17.773,17.955,4657.0
2010-07-12 21:00:00+00:00,17.955,18.338,17.861,18.256,4406.0
2010-07-13 21:00:00+00:00,18.253,18.475,18.108,18.301,5902.0
2010-07-14 21:00:00+00:00,18.298,18.527,18.178,18.349,5368.0
2010-07-15 21:00:00+00:00,18.343,18.387,17.748,17.87,6076.0
2010-07-16 21:00:00+00:00,17.865,17.875,17.865,17.865,6.0
2010-07-18 21:00:00+00:00,17.87,17.919,17.5,17.594,6300.0
2010-07-19 21:00:00+00:00,17.597,17.776,17.449,17.695,6136.0
2010-07-20 21:00:00+00:00,17.695,17.886,17.571,17.658,6435.0
2010-07-21 21:00:00+00:00,17.655,18.187,17.629,18.094,5720.0
2010-07-22 21:00:00+00:00,18.097,18.274,18.059,18.108,7201.0
2010-07-24 21:00:00+00:00,18.135,18.135,18.135,18.135,1.0
2010-07-25 21:00:00+00:00,18.125,18.266,17.981,18.172,6357.0
2010-07-26 21:00:00+00:00,18.18,18.229,17.593,17.664,3002.0
2010-07-27 21:00:00+00:00,17.659,17.74,17.338,17.5,5225.0
2010-07-28 21:00:00+00:00,17.495,17.68,17.483,17.627,5286.0
2010-07-29 21:00:00+00:00,17.63,18.119,17.535,18.017,6706.0
2010-07-30 21:00:00+00:00,17.995,18.005,17.995,17.998,4.0
2010-07-31 21:00:00+00:00,18.005,18.005,18.005,18.005,1.0
2010-08-01 21:00:00+00:00,18.02,18.564,17.976,18.367,4564.0
2010-08-02 21:00:00+00:00,18.37,18.597,18.311,18.381,4265.0
2010-08-03 21:00:00+00:00,18.387,18.691,18.222,18.285,6262.0
2010-08-04 21:00:00+00:00,18.278,18.473,18.188,18.343,4974.0
2010-08-05 21:00:00+00:00,18.338,18.578,18.288,18.472,4990.0
2010-08-07 21:00:00+00:00,18.493,18.493,18.493,18.493,1.0
2010-08-08 21:00:00+00:00,18.478,18.5745,18.2255,18.333,2126.0
2010-08-09 21:00:00+00:00,18.335,18.457,17.97,18.33,4938.0
2010-08-10 21:00:00+00:00,18.33,18.357,17.818,17.903,6462.0
2010-08-11 21:00:00+00:00,17.905,18.1125,17.847,18.067,4158.0
2010-08-12 21:00:00+00:00,18.07,18.187,17.976,18.149,4387.0
2010-08-14 21:00:00+00:00,18.115,18.125,18.115,18.125,3.0
2010-08-15 21:00:00+00:00,18.135,18.492,18.098,18.402,3667.0
2010-08-16 21:00:00+00:00,18.4,18.622,18.368,18.527,3809.0
2010-08-17 21:00:00+00:00,18.523,18.569,18.178,18.373,4887.0
2010-08-18 21:00:00+00:00,18.37,18.587,18.232,18.3,5120.0
2010-08-19 21:00:00+00:00,18.298,18.344,17.863,18.01,4001.0
2010-08-21 21:00:00+00:00,18.0,18.0,18.0,18.0,1.0
2010-08-22 21:00:00+00:00,18.023,18.079,17.909,17.99,3719.0
2010-08-23 21:00:00+00:00,17.985,18.472,17.758,18.367,4190.0
2010-08-24 21:00:00+00:00,18.365,19.0325,18.346,18.926,5229.0
2010-08-25 21:00:00+00:00,18.915,19.17,18.913,18.94,5746.0
2010-08-26 21:00:00+00:00,18.945,19.329,18.907,19.094,4647.0
2010-08-27 21:00:00+00:00,19.096,19.096,19.093,19.093,2.0
2010-08-29 21:00:00+00:00,19.078,19.222,18.99,19.019,3089.0
2010-08-30 21:00:00+00:00,19.016,19.408,18.836,19.369,5005.0
2010-08-31 21:00:00+00:00,19.365,19.4985,19.294,19.363,4613.0
2010-09-01 21:00:00+00:00,19.36,19.705,19.321,19.647,4724.0
2010-09-02 21:00:00+00:00,19.643,19.932,19.486,19.845,4863.0
2010-09-04 21:00:00+00:00,19.868,19.868,19.868,19.868,1.0
2010-09-05 21:00:00+00:00,19.888,19.9455,19.785,19.943,1278.0
2010-09-06 21:00:00+00:00,19.945,20.009,19.559,19.786,5586.0
2010-09-07 21:00:00+00:00,19.783,20.148,19.772,19.906,4874.0
2010-09-08 21:00:00+00:00,19.908,20.063,19.673,19.695,6284.0
2010-09-09 21:00:00+00:00,19.7,20.031,19.68,19.878,5591.0
2010-09-10 21:00:00+00:00,19.885,19.885,19.885,19.885,1.0
2010-09-11 21:00:00+00:00,19.868,19.868,19.868,19.868,1.0
2010-09-12 21:00:00+00:00,19.882,20.234,19.798,20.046,6180.0
2010-09-13 21:00:00+00:00,20.039,20.52,20.01,20.468,6935.0
2010-09-14 21:00:00+00:00,20.472,20.629,20.323,20.578,5672.0
2010-09-15 21:00:00+00:00,20.583,20.823,20.454,20.785,5855.0
2010-09-16 21:00:00+00:00,20.788,20.998,20.605,20.755,6943.0
2010-09-17 21:00:00+00:00,20.758,20.758,20.755,20.755,2.0
2010-09-18 21:00:00+00:00,20.73,20.73,20.73,20.73,1.0
2010-09-19 21:00:00+00:00,20.76,20.975,20.708,20.739,4830.0
2010-09-20 21:00:00+00:00,20.745,21.087,20.506,20.962,8048.0
2010-09-21 21:00:00+00:00,20.958,21.165,20.907,21.143,6923.0
2010-09-22 21:00:00+00:00,21.14,21.232,20.876,21.123,5257.0
2010-09-23 21:00:00+00:00,21.121,21.468,21.101,21.465,5104.0
2010-09-25 21:00:00+00:00,21.45,21.45,21.45,21.45,1.0
2010-09-26 21:00:00+00:00,21.465,21.621,21.352,21.439,3764.0
2010-09-27 21:00:00+00:00,21.435,21.778,21.031,21.734,7765.0
2010-09-28 21:00:00+00:00,21.738,22.04,21.69,21.916,6286.0
2010-09-29 21:00:00+00:00,21.92,22.084,21.558,21.754,8401.0
2010-09-30 21:00:00+00:00,21.758,22.153,21.715,22.106,5549.0
2010-10-02 21:00:00+00:00,22.09,22.09,22.09,22.09,1.0
2010-10-03 21:00:00+00:00,22.118,22.21,21.893,21.946,5373.0
2010-10-04 21:00:00+00:00,21.953,22.889,21.815,22.835,7065.0
2010-10-05 21:00:00+00:00,22.833,23.18,22.755,23.18,8505.0
2010-10-06 21:00:00+00:00,23.185,23.509,22.463,22.515,12294.0
2010-10-07 21:00:00+00:00,22.508,23.3035,22.333,23.208,13767.0
2010-10-09 21:00:00+00:00,23.211,23.211,23.211,23.211,1.0
2010-10-10 21:00:00+00:00,23.213,23.66,23.0405,23.289,9396.0
2010-10-11 21:00:00+00:00,23.298,23.47,22.933,23.321,12112.0
2010-10-12 21:00:00+00:00,23.323,24.081,23.266,24.002,8149.0
2010-10-13 21:00:00+00:00,23.993,24.917,23.983,24.643,15818.0
2010-10-14 21:00:00+00:00,24.646,24.848,24.0705,24.321,16735.0
2010-10-16 21:00:00+00:00,24.276,24.276,24.276,24.276,1.0
2010-10-17 21:00:00+00:00,24.258,24.502,23.708,24.323,12694.0
2010-10-18 21:00:00+00:00,24.321,24.493,23.2785,23.358,19524.0
2010-10-19 21:00:00+00:00,23.362,23.967,23.296,23.946,15749.0
2010-10-20 21:00:00+00:00,23.943,24.055,23.03,23.199,18298.0
2010-10-21 21:00:00+00:00,23.195,23.394,22.84,23.286,15263.0
2010-10-24 21:00:00+00:00,23.258,23.85,23.258,23.647,14057.0
2010-10-25 21:00:00+00:00,23.65,23.943,23.165,23.872,15154.0
2010-10-26 21:00:00+00:00,23.878,24.228,23.36,23.59,17492.0
2010-10-27 21:00:00+00:00,23.587,24.04,23.505,23.987,15516.0
2010-10-28 21:00:00+00:00,23.99,24.754,23.761,24.748,14359.0
2010-10-30 21:00:00+00:00,24.725,24.725,24.725,24.725,1.0
2010-10-31 21:00:00+00:00,24.76,25.053,24.521,24.69,13065.0
2010-11-01 21:00:00+00:00,24.68,24.932,24.622,24.927,10940.0
2010-11-02 21:00:00+00:00,24.923,25.045,23.941,24.856,22269.0
2010-11-03 21:00:00+00:00,24.853,26.32,24.763,26.307,19000.0
2010-11-04 21:00:00+00:00,26.303,26.923,25.886,26.743,22212.0
2010-11-06 21:00:00+00:00,26.75,26.75,26.75,26.75,1.0
2010-11-07 22:00:00+00:00,26.79,27.747,26.525,27.735,20134.0
2010-11-08 22:00:00+00:00,27.743,29.346,26.4345,26.918,38598.0
2010-11-09 22:00:00+00:00,26.915,28.188,26.495,27.256,41850.0
2010-11-10 22:00:00+00:00,27.26,27.85,26.9175,27.685,29131.0
2010-11-11 22:00:00+00:00,27.682,27.702,25.778,26.048,38962.0
2010-11-13 22:00:00+00:00,26.028,26.028,26.028,26.028,1.0
2010-11-14 22:00:00+00:00,26.02,26.475,25.427,25.473,31759.0
2010-11-15 22:00:00+00:00,25.51,25.86,25.0055,25.468,35604.0
2010-11-16 22:00:00+00:00,25.463,25.917,25.045,25.635,33961.0
2010-11-17 22:00:00+00:00,25.63,27.0585,25.63,26.969,25595.0
2010-11-18 22:00:00+00:00,26.973,27.413,26.3735,27.313,30084.0
2010-11-20 22:00:00+00:00,27.308,27.313,27.308,27.313,2.0
2010-11-21 22:00:00+00:00,27.625,27.923,27.106,27.868,25660.0
2010-11-22 22:00:00+00:00,27.863,27.915,27.056,27.515,30195.0
2010-11-23 22:00:00+00:00,27.496,27.7075,27.132,27.584,17204.0
2010-11-24 22:00:00+00:00,27.59,27.597,27.345,27.579,8782.0
2010-11-25 22:00:00+00:00,27.562,27.563,26.438,26.707,15690.0
2010-11-27 22:00:00+00:00,26.742,26.742,26.742,26.742,1.0
2010-11-28 22:00:00+00:00,26.743,27.2655,26.486,27.142,24090.0
2010-11-29 22:00:00+00:00,27.147,28.3385,26.911,28.088,22757.0
2010-11-30 22:00:00+00:00,28.096,28.833,27.985,28.457,25944.0
2010-12-01 22:00:00+00:00,28.446,29.017,28.295,28.528,31641.0
2010-12-02 22:00:00+00:00,28.554,29.396,28.544,29.396,24095.0
2010-12-04 22:00:00+00:00,29.35,29.35,29.35,29.35,1.0
2010-12-05 22:00:00+00:00,29.355,30.3005,29.355,30.168,29040.0
2010-12-06 22:00:00+00:00,30.171,30.704,28.487,28.686,35173.0
2010-12-07 22:00:00+00:00,28.683,29.2515,27.979,28.38,33059.0
2010-12-08 22:00:00+00:00,28.355,29.0065,28.165,28.742,25574.0
2010-12-09 22:00:00+00:00,28.747,28.986,28.0295,28.682,22701.0
2010-12-11 22:00:00+00:00,28.635,28.674,28.621,28.674,4.0
2010-12-12 22:00:00+00:00,28.641,29.7,28.455,29.525,22388.0
2010-12-13 22:00:00+00:00,29.52,29.949,29.1925,29.469,28110.0
2010-12-14 22:00:00+00:00,29.472,29.602,28.7015,28.798,21947.0
2010-12-15 22:00:00+00:00,28.803,29.2175,28.317,28.876,27941.0
2010-12-16 22:00:00+00:00,28.873,29.3155,28.6575,29.152,19951.0
2010-12-18 22:00:00+00:00,29.173,29.173,29.172,29.172,2.0
2010-12-19 22:00:00+00:00,29.182,29.5225,28.7795,29.36,17466.0
2010-12-20 22:00:00+00:00,29.356,29.57,29.0205,29.35,16535.0
2010-12-21 22:00:00+00:00,29.347,29.448,29.2,29.218,11193.0
2010-12-22 22:00:00+00:00,29.223,29.3865,28.9255,29.308,9575.0
2010-12-23 22:00:00+00:00,29.303,29.354,29.256,29.256,149.0
2010-12-25 22:00:00+00:00,29.256,29.256,29.256,29.256,1.0
2010-12-26 22:00:00+00:00,29.293,29.3035,28.793,29.263,6182.0
2010-12-27 22:00:00+00:00,29.258,30.323,29.223,30.28,8263.0
2010-12-28 22:00:00+00:00,30.274,30.6825,30.1265,30.594,9791.0
2010-12-29 22:00:00+00:00,30.592,30.906,30.3415,30.444,9607.0
2010-12-30 22:00:00+00:00,30.44,30.948,30.429,30.91,5726.0
2011-01-02 22:00:00+00:00,30.893,31.251,30.4835,30.704,15870.0
2011-01-03 22:00:00+00:00,30.715,30.868,29.322,29.754,22886.0
2011-01-04 22:00:00+00:00,29.712,29.882,28.551,29.249,25929.0
2011-01-05 22:00:00+00:00,29.255,29.576,28.799,29.082,24537.0
2011-01-06 22:00:00+00:00,29.09,29.353,28.329,28.676,24378.0
2011-01-08 22:00:00+00:00,28.701,28.701,28.701,28.701,1.0
2011-01-09 22:00:00+00:00,28.696,29.112,28.644,29.094,18090.0
2011-01-10 22:00:00+00:00,29.092,29.688,29.044,29.523,14664.0
2011-01-11 22:00:00+00:00,29.517,29.827,29.388,29.665,18806.0
2011-01-12 22:00:00+00:00,29.66,29.8,28.52,28.683,20400.0
2011-01-13 22:00:00+00:00,28.688,28.9585,28.101,28.472,23048.0
2011-01-16 22:00:00+00:00,28.432,28.676,28.0565,28.301,8194.0
2011-01-17 22:00:00+00:00,28.301,29.0685,28.2265,28.863,16137.0
2011-01-18 22:00:00+00:00,28.868,29.4995,28.6545,28.778,18143.0
2011-01-19 22:00:00+00:00,28.781,28.809,27.4115,27.4945,27234.0
2011-01-20 22:00:00+00:00,27.4985,27.664,27.12,27.513,21179.0
2011-01-21 22:00:00+00:00,27.513,27.513,27.513,27.513,11.0
2011-01-22 22:00:00+00:00,27.513,27.527,27.513,27.527,13.0
2011-01-23 22:00:00+00:00,27.532,27.981,26.8575,26.945,20882.0
2011-01-24 22:00:00+00:00,26.948,27.065,26.584,26.845,19824.0
2011-01-25 22:00:00+00:00,26.84,27.675,26.69,27.617,16169.0
2011-01-26 22:00:00+00:00,27.612,27.819,26.7795,26.933,20220.0
2011-01-27 22:00:00+00:00,26.926,28.0475,26.398,27.987,21718.0
2011-01-28 22:00:00+00:00,27.987,27.987,27.987,27.987,12.0
2011-01-29 22:00:00+00:00,27.987,27.987,27.987,27.987,12.0
2011-01-30 22:00:00+00:00,27.977,28.449,27.551,28.068,21526.0
2011-01-31 22:00:00+00:00,28.07,28.654,27.879,28.547,20534.0
2011-02-01 22:00:00+00:00,28.545,28.747,28.1335,28.354,18880.0
2011-02-02 22:00:00+00:00,28.35,29.0075,27.9975,28.928,18074.0
2011-02-03 22:00:00+00:00,28.926,29.3115,28.751,29.138,15900.0
2011-02-04 22:00:00+00:00,29.138,29.138,29.138,29.138,2.0
2011-02-05 22:00:00+00:00,29.138,29.155,29.138,29.155,13.0
2011-02-06 22:00:00+00:00,29.2,29.478,29.038,29.392,15010.0
2011-02-07 22:00:00+00:00,29.396,30.369,29.294,30.323,13368.0
2011-02-08 22:00:00+00:00,30.326,30.528,30.084,30.213,14098.0
2011-02-09 22:00:00+00:00,30.217,30.296,29.674,30.213,14592.0
2011-02-10 22:00:00+00:00,30.211,30.3025,29.711,29.921,15828.0
2011-02-11 22:00:00+00:00,29.921,29.921,29.921,29.921,11.0
2011-02-12 22:00:00+00:00,29.921,29.921,29.898,29.898,13.0
2011-02-13 22:00:00+00:00,29.898,30.7325,29.8195,30.617,13381.0
2011-02-14 22:00:00+00:00,30.614,30.931,30.504,30.791,12028.0
2011-02-15 22:00:00+00:00,30.789,30.9805,30.2925,30.645,14189.0
2011-02-16 22:00:00+00:00,30.642,31.787,30.5635,31.757,11287.0
2011-02-17 22:00:00+00:00,31.759,32.8855,31.626,32.65,16335.0
2011-02-18 22:00:00+00:00,32.647,32.648,32.647,32.648,12.0
2011-02-19 22:00:00+00:00,32.648,32.648,32.648,32.648,12.0
2011-02-20 22:00:00+00:00,32.66,34.0095,32.611,33.898,11240.0
2011-02-21 22:00:00+00:00,33.898,34.338,32.414,33.09,27672.0
2011-02-22 22:00:00+00:00,33.088,33.7835,32.7045,33.556,21845.0
2011-02-23 22:00:00+00:00,33.559,33.77,31.7365,32.157,27076.0
2011-02-24 22:00:00+00:00,32.159,33.414,32.075,33.413,20793.0
2011-02-26 22:00:00+00:00,33.413,33.413,33.413,33.413,8.0
2011-02-27 22:00:00+00:00,33.413,33.9945,33.2935,33.889,22298.0
2011-02-28 22:00:00+00:00,33.892,34.717,33.816,34.679,18930.0
2011-03-01 22:00:00+00:00,34.683,34.986,34.236,34.666,20763.0
2011-03-02 22:00:00+00:00,34.669,34.9695,34.0425,34.221,22355.0
2011-03-03 22:00:00+00:00,34.21,35.627,34.193,35.618,18331.0
2011-03-04 22:00:00+00:00,35.618,35.618,35.618,35.618,6.0
2011-03-05 22:00:00+00:00,35.618,35.675,35.618,35.655,13.0
2011-03-06 22:00:00+00:00,35.635,36.7475,35.623,35.903,31448.0
2011-03-07 22:00:00+00:00,35.906,36.544,35.517,36.04,25733.0
2011-03-08 22:00:00+00:00,36.036,36.445,35.624,36.121,22833.0
2011-03-09 22:00:00+00:00,36.124,36.1885,34.6775,35.267,28594.0
2011-03-10 22:00:00+00:00,35.269,36.166,34.0615,35.916,38961.0
2011-03-11 22:00:00+00:00,35.916,35.916,35.916,35.916,12.0
2011-03-12 22:00:00+00:00,35.916,35.916,35.898,35.898,12.0
2011-03-13 21:00:00+00:00,35.898,36.497,35.511,35.917,30898.0
2011-03-14 21:00:00+00:00,35.926,35.935,33.5755,34.24,48020.0
2011-03-15 21:00:00+00:00,34.243,35.07,33.853,34.223,37436.0
2011-03-16 21:00:00+00:00,34.226,34.673,33.6645,34.248,31649.0
2011-03-17 21:00:00+00:00,34.248,35.409,34.233,35.267,25090.0
2011-03-18 21:00:00+00:00,35.267,35.268,35.267,35.268,13.0
2011-03-19 21:00:00+00:00,35.268,35.275,35.265,35.27,14.0
2011-03-20 21:00:00+00:00,35.27,36.2185,35.27,36.109,24322.0
2011-03-21 21:00:00+00:00,36.113,36.462,35.7645,36.3705,21048.0
2011-03-22 21:00:00+00:00,36.376,37.384,36.16,37.363,18792.0
2011-03-23 21:00:00+00:00,37.368,38.168,36.855,37.157,29144.0
2011-03-24 21:00:00+00:00,37.16,37.791,36.878,37.343,28177.0
2011-03-25 21:00:00+00:00,37.343,37.343,37.343,37.343,12.0
2011-03-26 21:00:00+00:00,37.343,37.343,37.338,37.338,13.0
2011-03-27 21:00:00+00:00,37.338,37.409,36.4335,37.143,20298.0
2011-03-28 21:00:00+00:00,37.148,37.237,36.5335,37.067,18347.0
2011-03-29 21:00:00+00:00,37.07,37.752,36.899,37.454,23330.0
2011-03-30 21:00:00+00:00,37.451,37.9645,37.3705,37.655,18352.0
2011-03-31 21:00:00+00:00,37.678,37.8515,37.0785,37.813,25759.0
2011-04-01 21:00:00+00:00,37.813,37.813,37.813,37.813,12.0
2011-04-02 21:00:00+00:00,37.813,37.828,37.813,37.813,14.0
2011-04-03 21:00:00+00:00,37.818,38.60497,37.78998,38.58803,17179.0
2011-04-04 21:00:00+00:00,38.594,39.30855,38.06486,39.30855,24530.0
2011-04-05 21:00:00+00:00,39.3155,39.76558,39.11101,39.55059,21848.0
2011-04-06 21:00:00+00:00,39.5548,39.6977,39.22046,39.63356,19282.0
2011-04-07 21:00:00+00:00,39.64092,40.95035,39.50557,40.94126,17591.0
2011-04-08 21:00:00+00:00,40.94126,40.94126,40.94126,40.94126,12.0
2011-04-09 21:00:00+00:00,40.94126,40.9485,40.94126,40.9485,13.0
2011-04-10 21:00:00+00:00,41.0485,41.95967,39.77301,40.25443,36333.0
2011-04-11 21:00:00+00:00,40.25189,40.895,39.72495,40.09403,35258.0
2011-04-12 21:00:00+00:00,40.09658,40.76555,40.03719,40.63188,28073.0
2011-04-13 21:00:00+00:00,40.63394,42.19735,40.45082,42.14099,31368.0
2011-04-14 21:00:00+00:00,42.14616,42.99475,41.82118,42.99475,35513.0
2011-04-15 21:00:00+00:00,42.99475,42.99475,42.99475,42.99475,12.0
2011-04-16 21:00:00+00:00,42.99475,42.99475,42.99475,42.99475,12.0
2011-04-17 21:00:00+00:00,42.99475,43.55869,42.20276,43.42213,49106.0
2011-04-18 21:00:00+00:00,43.415,44.17086,42.75758,43.9651,31971.0
2011-04-19 21:00:00+00:00,43.95703,45.39806,43.83578,45.26269,41094.0
2011-04-20 21:00:00+00:00,45.25874,46.68498,45.05531,46.61079,37950.0
2011-04-21 21:00:00+00:00,46.60712,47.7175,46.56411,46.9425,227.0
2011-04-22 21:00:00+00:00,46.9425,46.9425,46.9425,46.9425,12.0
2011-04-23 21:00:00+00:00,46.9425,46.9425,46.8525,46.8525,15.0
2011-04-24 21:00:00+00:00,46.8525,49.81428,45.66545,46.9075,89747.0
2011-04-25 21:00:00+00:00,46.9225,47.14671,44.63298,45.48608,79544.0
2011-04-26 21:00:00+00:00,45.49132,48.3193,44.88062,47.85113,65533.0
2011-04-27 21:00:00+00:00,47.83716,49.52413,47.27106,48.46071,88391.0
2011-04-28 21:00:00+00:00,48.4475,49.2275,47.5475,47.8875,65201.0
2011-04-29 21:00:00+00:00,47.8875,47.8875,47.8875,47.8875,4.0
2011-04-30 21:00:00+00:00,47.8875,47.8875,47.8875,47.8875,13.0
2011-05-01 21:00:00+00:00,47.8875,48.1735,42.238,43.80607,156794.0
2011-05-02 21:00:00+00:00,43.80922,45.58482,40.62184,41.55089,130735.0
2011-05-03 21:00:00+00:00,41.5465,42.33263,38.97487,39.34289,115106.0
2011-05-04 21:00:00+00:00,39.33866,39.57333,34.28885,34.71381,118805.0
2011-05-05 21:00:00+00:00,34.71725,36.44233,33.10768,35.63,122594.0
2011-05-06 21:00:00+00:00,35.63,35.63,35.63,35.63,12.0
2011-05-07 21:00:00+00:00,35.63,35.635,35.445,35.635,22.0
2011-05-08 21:00:00+00:00,35.655,37.98728,35.245,37.86867,68404.0
2011-05-09 21:00:00+00:00,37.8653,38.84653,37.33099,38.51325,53147.0
2011-05-10 21:00:00+00:00,38.51098,39.50535,35.0459,35.17468,79911.0
2011-05-11 21:00:00+00:00,35.17131,35.93821,32.343,34.70094,108930.0
2011-05-12 21:00:00+00:00,34.7139,36.45957,33.95794,35.40361,85980.0
2011-05-13 21:00:00+00:00,35.40361,35.40361,35.40361,35.40361,12.0
2011-05-14 21:00:00+00:00,35.40361,35.40361,35.335,35.335,14.0
2011-05-15 21:00:00+00:00,35.34,35.43367,33.52438,33.58222,73406.0
2011-05-16 21:00:00+00:00,33.58564,34.40364,33.00609,33.97003,67528.0
2011-05-17 21:00:00+00:00,33.96775,35.56008,33.89131,35.1045,47357.0
2011-05-18 21:00:00+00:00,35.10726,35.77212,34.56663,35.01369,51298.0
2011-05-19 21:00:00+00:00,35.01076,35.58933,34.23495,35.0725,50861.0
2011-05-20 21:00:00+00:00,35.0725,35.0725,35.0725,35.0725,12.0
2011-05-21 21:00:00+00:00,35.0725,35.0725,35.0625,35.0625,13.0
2011-05-22 21:00:00+00:00,35.0625,35.43622,34.37534,35.085,47487.0
2011-05-23 21:00:00+00:00,35.08023,36.75314,34.90989,36.67368,49619.0
2011-05-24 21:00:00+00:00,36.67654,37.98511,36.27411,37.92412,45548.0
2011-05-25 21:00:00+00:00,37.92,38.86977,36.29929,37.30245,56407.0
2011-05-26 21:00:00+00:00,37.29679,38.21641,37.23929,38.00728,46978.0
2011-05-27 21:00:00+00:00,38.00728,38.00728,38.00728,38.00728,13.0
2011-05-28 21:00:00+00:00,38.00728,38.00728,38.00728,38.00728,12.0
2011-05-29 21:00:00+00:00,38.00728,38.40541,37.80188,38.1098,11460.0
2011-05-30 21:00:00+00:00,38.11572,38.77172,37.96824,38.5179,35820.0
2011-05-31 21:00:00+00:00,38.51427,38.52025,36.4025,36.8554,44102.0
2011-06-01 21:00:00+00:00,36.85827,37.43796,35.60725,36.1845,49617.0
2011-06-02 21:00:00+00:00,36.18,36.44792,35.10441,36.24274,55795.0
2011-06-03 21:00:00+00:00,36.24274,36.24274,36.24274,36.24274,12.0
2011-06-04 21:00:00+00:00,36.24274,36.2575,36.24274,36.2575,12.0
2011-06-05 21:00:00+00:00,36.2575,37.29707,36.24068,36.79817,36610.0
2011-06-06 21:00:00+00:00,36.79513,37.51397,36.48174,37.16864,33807.0
2011-06-07 21:00:00+00:00,37.17227,37.26296,36.07914,36.82246,35672.0
2011-06-08 21:00:00+00:00,36.8163,37.63588,36.57905,37.55779,27931.0
2011-06-09 21:00:00+00:00,37.5612,37.86978,36.09795,36.18,39013.0
2011-06-10 21:00:00+00:00,36.18,36.18,36.18,36.18,13.0
2011-06-11 21:00:00+00:00,36.18,36.18,36.18,36.18,12.0
2011-06-12 21:00:00+00:00,36.18,36.31055,34.56901,34.77589,38848.0
2011-06-13 21:00:00+00:00,34.77275,35.6008,34.42351,35.41992,41955.0
2011-06-14 21:00:00+00:00,35.42202,35.97491,34.8162,35.79576,43493.0
2011-06-15 21:00:00+00:00,35.79289,35.81817,35.17132,35.55316,35457.0
2011-06-16 21:00:00+00:00,35.54948,35.92039,34.93483,35.875,34256.0
2011-06-17 21:00:00+00:00,35.875,35.875,35.875,35.875,12.0
2011-06-18 21:00:00+00:00,35.875,35.875,35.875,35.875,13.0
2011-06-19 21:00:00+00:00,35.865,36.16685,35.27049,36.06255,30648.0
2011-06-20 21:00:00+00:00,36.05681,36.5664,35.68967,36.35196,34165.0
2011-06-21 21:00:00+00:00,36.35426,36.77527,35.90072,36.3626,35535.0
2011-06-22 21:00:00+00:00,36.35931,36.35931,34.69467,35.30309,50667.0
2011-06-23 21:00:00+00:00,35.3,35.38621,34.16823,34.31542,40689.0
2011-06-24 21:00:00+00:00,34.31542,34.31542,34.31542,34.31542,12.0
2011-06-25 21:00:00+00:00,34.31542,34.355,34.31542,34.35,15.0
2011-06-26 21:00:00+00:00,34.3175,34.33,33.38732,33.56755,27705.0
2011-06-27 21:00:00+00:00,33.57214,34.13099,33.52512,33.94748,19098.0
2011-06-28 21:00:00+00:00,33.95025,34.93342,33.85895,34.8945,21829.0
2011-06-29 21:00:00+00:00,34.89725,35.13641,34.4556,34.68933,23571.0
2011-06-30 21:00:00+00:00,34.69369,34.8302,33.46678,33.8825,24662.0
2011-07-01 21:00:00+00:00,33.8825,33.8825,33.8825,33.8825,12.0
2011-07-02 21:00:00+00:00,33.8825,33.8825,33.8825,33.8825,12.0
2011-07-03 21:00:00+00:00,33.8775,34.19172,33.8011,34.165,6471.0
2011-07-04 21:00:00+00:00,34.155,35.67447,33.86688,35.49172,21441.0
2011-07-05 21:00:00+00:00,35.48923,36.2666,35.06262,35.9032,31287.0
2011-07-06 21:00:00+00:00,35.90551,36.6355,35.71031,36.44181,26917.0
2011-07-07 21:00:00+00:00,36.44473,36.86364,36.00452,36.7075,24107.0
2011-07-08 21:00:00+00:00,36.7075,36.7075,36.7075,36.7075,12.0
2011-07-09 21:00:00+00:00,36.7075,36.7075,36.7075,36.7075,12.0
2011-07-10 21:00:00+00:00,36.6525,36.93366,35.53587,35.8082,27247.0
2011-07-11 21:00:00+00:00,35.80381,36.43348,34.8053,36.10727,34834.0
2011-07-12 21:00:00+00:00,36.11169,38.32167,36.04123,38.15218,38007.0
2011-07-13 21:00:00+00:00,38.15005,39.37004,37.99626,38.33227,45861.0
2011-07-14 21:00:00+00:00,38.3288,39.2975,37.88636,39.29,34146.0
2011-07-15 21:00:00+00:00,39.29,39.29,39.29,39.29,2.0
2011-07-16 21:00:00+00:00,39.29,39.29,39.29,39.29,12.0
2011-07-17 21:00:00+00:00,39.29,40.718,39.27,40.54864,36601.0
2011-07-18 21:00:00+00:00,40.54655,40.86283,38.6017,39.05491,40316.0
2011-07-19 21:00:00+00:00,39.05159,40.12789,38.21277,40.0309,39116.0
2011-07-20 21:00:00+00:00,40.02749,40.35906,38.85697,39.39088,50328.0
2011-07-21 21:00:00+00:00,39.39382,40.28426,38.8748,40.0825,32269.0
2011-07-22 21:00:00+00:00,40.0825,40.0825,40.0825,40.0825,12.0
2011-07-23 21:00:00+00:00,40.0825,40.18,40.0825,40.18,30.0
2011-07-24 21:00:00+00:00,40.185,41.07668,39.86332,40.34504,36180.0
2011-07-25 21:00:00+00:00,40.3426,40.96756,40.01131,40.88903,27820.0
2011-07-26 21:00:00+00:00,40.88683,41.45287,40.10851,40.27774,39259.0
2011-07-27 21:00:00+00:00,40.27569,40.5795,39.32826,39.77221,34285.0
2011-07-28 21:00:00+00:00,39.77,40.3909,39.31365,39.895,34794.0
2011-07-29 21:00:00+00:00,39.895,39.895,39.895,39.895,12.0
2011-07-30 21:00:00+00:00,39.895,39.895,39.8625,39.8625,13.0
2011-07-31 21:00:00+00:00,39.6125,40.04584,39.04103,39.30128,36998.0
2011-08-01 21:00:00+00:00,39.29805,40.86786,39.20231,40.8024,32579.0
2011-08-02 21:00:00+00:00,40.80026,42.03131,40.56294,41.69258,40134.0
2011-08-03 21:00:00+00:00,41.6948,42.25701,38.48837,38.90121,64493.0
2011-08-04 21:00:00+00:00,38.89865,39.83467,37.54208,38.3525,62489.0
2011-08-05 21:00:00+00:00,38.3525,38.3525,38.3525,38.3525,13.0
2011-08-06 21:00:00+00:00,38.3525,38.4125,38.3525,38.3825,14.0
2011-08-07 21:00:00+00:00,39.19,40.38933,38.3405,39.02673,63684.0
2011-08-08 21:00:00+00:00,39.02435,39.59255,37.0091,37.55688,76481.0
2011-08-09 21:00:00+00:00,37.56688,39.53577,37.56688,39.2675,56112.0
2011-08-10 21:00:00+00:00,39.26,39.8406,37.95321,38.705,54490.0
2011-08-11 21:00:00+00:00,38.7025,39.20941,38.20364,39.09655,35156.0
2011-08-12 21:00:00+00:00,39.09655,39.09655,39.09655,39.09655,12.0
2011-08-13 21:00:00+00:00,39.09655,39.09655,39.0825,39.0825,12.0
2011-08-14 21:00:00+00:00,39.0825,39.96972,38.7219,39.86741,26134.0
2011-08-15 21:00:00+00:00,39.86991,40.15117,39.29109,39.88524,27500.0
2011-08-16 21:00:00+00:00,39.88203,40.59556,39.78775,40.34241,23800.0
2011-08-17 21:00:00+00:00,40.34445,40.92282,40.05714,40.60648,27570.0
2011-08-18 21:00:00+00:00,40.61154,42.92338,40.53981,42.9175,46814.0
2011-08-19 21:00:00+00:00,42.9175,42.9175,42.9175,42.9175,12.0
2011-08-20 21:00:00+00:00,42.9175,42.9925,42.9175,42.9925,16.0
2011-08-21 21:00:00+00:00,43.485,44.05677,42.48895,43.74883,41093.0
2011-08-22 21:00:00+00:00,43.74396,44.21831,41.5006,41.91093,65470.0
2011-08-23 21:00:00+00:00,41.90641,42.45065,39.08663,39.72178,54415.0
2011-08-24 21:00:00+00:00,39.72816,41.18092,38.75104,41.08833,59311.0
2011-08-25 21:00:00+00:00,41.09078,41.47594,40.1125,41.3575,50445.0
2011-08-26 21:00:00+00:00,41.3575,41.3575,41.3575,41.3575,12.0
2011-08-27 21:00:00+00:00,41.3575,41.3575,41.3575,41.3575,12.0
2011-08-28 21:00:00+00:00,41.3675,41.71,40.30529,40.87255,32481.0
2011-08-29 21:00:00+00:00,40.8747,41.66129,40.41764,41.32346,34753.0
2011-08-30 21:00:00+00:00,41.31773,42.03855,41.08632,41.56007,34834.0
2011-08-31 21:00:00+00:00,41.55634,41.82614,41.21999,41.57375,24682.0
2011-09-01 21:00:00+00:00,41.57027,43.3772,41.475,43.2575,33834.0
2011-09-02 21:00:00+00:00,43.2575,43.2575,43.2575,43.2575,10.0
2011-09-03 21:00:00+00:00,43.2575,43.2575,43.25,43.25,12.0
2011-09-04 21:00:00+00:00,43.25,43.39513,42.33567,43.025,18589.0
2011-09-05 21:00:00+00:00,42.995,43.26361,41.55102,42.02759,58752.0
2011-09-06 21:00:00+00:00,42.02491,42.2223,40.42361,41.57495,47191.0
2011-09-07 21:00:00+00:00,41.57229,42.66346,41.34376,42.32641,36042.0
2011-09-08 21:00:00+00:00,42.33252,42.70402,41.19444,41.4475,49951.0
2011-09-09 21:00:00+00:00,41.4475,41.4475,41.4475,41.4475,12.0
2011-09-10 21:00:00+00:00,41.4475,41.4475,41.4275,41.4275,13.0
2011-09-11 21:00:00+00:00,41.455,41.495,39.70401,40.29894,42966.0
2011-09-12 21:00:00+00:00,40.29556,41.29957,40.02812,40.99443,40004.0
2011-09-13 21:00:00+00:00,40.99177,41.32437,40.27249,40.70489,35967.0
2011-09-14 21:00:00+00:00,40.70696,40.7721,39.33444,39.83904,39788.0
2011-09-15 21:00:00+00:00,39.84207,40.91431,39.39195,40.68396,31673.0
2011-09-16 21:00:00+00:00,40.68396,40.68396,40.68396,40.68396,2.0
2011-09-17 21:00:00+00:00,40.68396,40.69392,40.68396,40.69392,13.0
2011-09-18 21:00:00+00:00,40.68,40.84382,38.97732,39.66199,32802.0
2011-09-19 21:00:00+00:00,39.66442,40.30274,39.16492,39.79525,38369.0
2011-09-20 21:00:00+00:00,39.79296,40.69198,39.39057,39.6967,38439.0
2011-09-21 21:00:00+00:00,39.68845,39.78131,35.496,35.87621,63892.0
2011-09-22 21:00:00+00:00,35.87173,36.62079,29.8126,31.1375,71874.0
2011-09-23 21:00:00+00:00,31.1375,31.1375,31.1375,31.1375,4.0
2011-09-24 21:00:00+00:00,31.1375,31.1375,31.0175,31.0175,16.0
2011-09-25 21:00:00+00:00,31.0175,31.0775,26.10317,30.74887,72818.0
2011-09-26 21:00:00+00:00,30.73764,33.5467,30.22779,31.92081,47865.0
2011-09-27 21:00:00+00:00,31.91788,32.84323,29.48775,29.8625,55849.0
2011-09-28 21:00:00+00:00,29.88459,31.52322,29.08856,30.62374,50431.0
2011-09-29 21:00:00+00:00,30.62746,31.30494,29.66075,29.92132,46522.0
2011-09-30 21:00:00+00:00,29.92132,29.92132,29.92132,29.92132,12.0
2011-10-01 21:00:00+00:00,29.92132,29.975,29.92132,29.975,13.0
2011-10-02 21:00:00+00:00,29.9825,31.40973,29.655,30.40547,32570.0
2011-10-03 21:00:00+00:00,30.40933,31.32961,28.6625,30.10011,55085.0
2011-10-04 21:00:00+00:00,30.10268,30.6305,28.43574,30.44251,52182.0
2011-10-05 21:00:00+00:00,30.43986,32.20473,30.2494,31.98688,42572.0
2011-10-06 21:00:00+00:00,31.99078,32.82935,30.71733,31.1575,32899.0
2011-10-07 21:00:00+00:00,31.1575,31.1575,31.1575,31.1575,12.0
2011-10-08 21:00:00+00:00,31.1575,31.2375,31.1575,31.2375,15.0
2011-10-09 21:00:00+00:00,31.255,32.35018,31.255,32.10189,29542.0
2011-10-10 21:00:00+00:00,32.10766,32.54706,31.36066,32.0675,31900.0
2011-10-11 21:00:00+00:00,32.06403,33.06426,31.86612,32.60779,28639.0
2011-10-12 21:00:00+00:00,32.6035,32.78406,31.46841,31.88274,31219.0
2011-10-13 21:00:00+00:00,31.88581,32.55434,31.27066,32.20365,26924.0
2011-10-14 21:00:00+00:00,32.20365,32.20365,32.20365,32.20365,13.0
2011-10-15 21:00:00+00:00,32.20365,32.25,32.18,32.2465,20.0
2011-10-16 21:00:00+00:00,32.2265,32.67061,31.48934,31.80194,29514.0
2011-10-17 21:00:00+00:00,31.79779,32.35284,30.38663,32.05206,38110.0
2011-10-18 21:00:00+00:00,32.05417,32.14322,30.91227,31.16344,42951.0
2011-10-19 21:00:00+00:00,31.16909,31.37593,29.96117,30.59791,48397.0
2011-10-20 21:00:00+00:00,30.60344,31.53353,30.28657,31.384,28751.0
2011-10-21 21:00:00+00:00,31.384,31.384,31.384,31.384,12.0
2011-10-22 21:00:00+00:00,31.384,31.384,31.3715,31.3715,9.0
2011-10-23 21:00:00+00:00,31.3815,32.04948,31.22251,31.7505,28311.0
2011-10-24 21:00:00+00:00,31.74564,33.38733,31.3681,33.26352,36225.0
2011-10-25 21:00:00+00:00,33.26909,33.95429,32.93096,33.40542,35888.0
2011-10-26 21:00:00+00:00,33.41195,35.37901,33.16043,35.10637,35306.0
2011-10-27 21:00:00+00:00,35.11126,35.67515,34.72968,35.3025,30738.0
2011-10-28 21:00:00+00:00,35.3025,35.3025,35.3025,35.3025,1.0
2011-10-29 21:00:00+00:00,35.2975,35.2975,35.295,35.295,2.0
2011-10-30 21:00:00+00:00,35.275,35.46545,34.12688,34.29408,27287.0
2011-10-31 21:00:00+00:00,34.29091,34.72367,32.13248,33.33352,51887.0
2011-11-01 21:00:00+00:00,33.33352,34.43161,33.12013,34.27274,36536.0
2011-11-02 21:00:00+00:00,34.27996,34.89561,33.27817,34.533,39603.0
2011-11-03 21:00:00+00:00,34.52883,34.72525,33.81261,34.12938,30505.0
2011-11-04 21:00:00+00:00,34.12938,34.12938,34.12938,34.12938,1.0
2011-11-05 21:00:00+00:00,34.15969,34.18969,34.15969,34.18969,2.0
2011-11-06 22:00:00+00:00,34.20969,34.99626,33.85589,34.95725,30209.0
2011-11-07 22:00:00+00:00,34.96119,35.33842,34.50361,34.97008,28436.0
2011-11-08 22:00:00+00:00,34.9745,35.25017,33.825,34.05362,35416.0
2011-11-09 22:00:00+00:00,34.04986,34.33811,33.14638,34.06515,38915.0
2011-11-10 22:00:00+00:00,34.0612,34.84817,33.70222,34.69066,22048.0
2011-11-11 22:00:00+00:00,34.69066,34.69066,34.69066,34.69066,2.0
2011-11-12 22:00:00+00:00,34.655,34.655,34.655,34.655,1.0
2011-11-13 22:00:00+00:00,34.765,34.91753,33.96251,34.237,22842.0
2011-11-14 22:00:00+00:00,34.24052,34.82289,33.75588,34.53819,25701.0
2011-11-15 22:00:00+00:00,34.54217,34.62601,33.61735,33.74925,31448.0
2011-11-16 22:00:00+00:00,33.74531,33.9855,31.06848,31.695,41356.0
2011-11-17 22:00:00+00:00,31.69193,32.61043,30.96084,32.3825,34886.0
2011-11-18 22:00:00+00:00,32.3825,32.3825,32.3825,32.3825,1.0
2011-11-20 22:00:00+00:00,32.415,32.42987,30.68127,31.62989,33459.0
2011-11-21 22:00:00+00:00,31.63407,33.06617,31.18905,32.72705,25153.0
2011-11-22 22:00:00+00:00,32.7341,32.89432,31.25794,31.7265,31036.0
2011-11-23 22:00:00+00:00,31.72151,32.24118,31.5075,31.84872,11488.0
2011-11-24 22:00:00+00:00,31.84872,31.87517,30.97572,31.0125,19279.0
2011-11-25 22:00:00+00:00,31.0125,31.0125,31.0125,31.0125,2.0
2011-11-26 22:00:00+00:00,31.0225,31.0225,31.0225,31.0225,1.0
2011-11-27 22:00:00+00:00,31.0525,32.31928,31.0525,32.10657,19737.0
2011-11-28 22:00:00+00:00,32.09476,32.20387,31.50317,31.93508,18797.0
2011-11-29 22:00:00+00:00,31.93027,32.94819,31.13175,32.8187,26562.0
2011-11-30 22:00:00+00:00,32.81393,33.44867,32.49275,32.74944,17530.0
2011-12-01 22:00:00+00:00,32.74494,33.68984,32.35705,32.595,21737.0
2011-12-02 22:00:00+00:00,32.595,32.595,32.595,32.595,2.0
2011-12-03 22:00:00+00:00,32.625,32.675,32.625,32.675,3.0
2011-12-04 22:00:00+00:00,32.695,33.03525,31.88366,32.10478,21006.0
2011-12-05 22:00:00+00:00,32.09955,32.89413,31.61866,32.76047,20533.0
2011-12-06 22:00:00+00:00,32.76427,32.80561,32.22655,32.50577,17467.0
2011-12-07 22:00:00+00:00,32.50577,33.23573,31.42085,31.70168,32849.0
2011-12-08 22:00:00+00:00,31.70576,32.34749,31.48064,32.20249,22895.0
2011-12-11 22:00:00+00:00,32.21475,32.24622,30.89049,31.31436,24774.0
2011-12-12 22:00:00+00:00,31.32043,31.98625,30.42483,30.77029,25382.0
2011-12-13 22:00:00+00:00,30.78029,31.02622,28.53153,28.91676,34952.0
2011-12-14 22:00:00+00:00,28.91986,29.29329,28.12595,29.15513,35550.0
2011-12-15 22:00:00+00:00,29.1588,29.92689,29.12892,29.74,23434.0
2011-12-18 22:00:00+00:00,29.73515,29.79907,28.70021,28.80278,24700.0
2011-12-19 22:00:00+00:00,28.80688,29.62005,28.71432,29.57305,14622.0
2011-12-20 22:00:00+00:00,29.58024,30.21367,29.14808,29.38647,20566.0
2011-12-21 22:00:00+00:00,29.38144,29.7003,29.02025,29.12115,16072.0
2011-12-22 22:00:00+00:00,29.12115,29.46071,29.05343,29.11147,9392.0
2011-12-26 22:00:00+00:00,29.11147,29.17636,28.6465,28.68993,10160.0
2011-12-27 22:00:00+00:00,28.69414,28.80281,26.87558,27.1108,19256.0
2011-12-28 22:00:00+00:00,27.1108,27.87845,26.17676,27.75095,20157.0
2011-12-29 22:00:00+00:00,27.75095,28.48639,27.30808,27.84482,14557.0
2011-12-31 22:00:00+00:00,27.84482,27.84482,27.84482,27.84482,1.0
2012-01-02 22:00:00+00:00,27.84482,29.75096,27.84482,29.69293,17569.0
2012-01-03 22:00:00+00:00,29.69611,29.7577,28.94341,29.18055,21753.0
2012-01-04 22:00:00+00:00,29.1848,29.65441,28.72577,29.35496,24231.0
2012-01-05 22:00:00+00:00,29.35496,29.491,28.62127,28.74192,20024.0
2012-01-06 22:00:00+00:00,28.74192,28.74192,28.74192,28.74192,1.0
2012-01-08 22:00:00+00:00,28.8075,29.24379,28.60569,29.01883,22232.0
2012-01-09 22:00:00+00:00,29.005,30.33746,28.95352,29.96221,21784.0
2012-01-10 22:00:00+00:00,29.924,30.26608,29.57543,29.97775,17571.0
2012-01-11 22:00:00+00:00,29.97775,30.68804,29.90729,30.27567,17536.0
2012-01-12 22:00:00+00:00,30.27567,30.27567,29.45713,29.7475,22463.0
2012-01-15 22:00:00+00:00,29.7375,30.06011,29.49525,29.9925,8107.0
2012-01-16 22:00:00+00:00,29.9725,30.59606,29.82471,30.08376,17080.0
2012-01-17 22:00:00+00:00,30.08376,30.60676,29.77617,30.5569,21322.0
2012-01-18 22:00:00+00:00,30.5569,30.91027,30.36192,30.63902,16726.0
2012-01-19 22:00:00+00:00,30.63902,32.19369,30.32105,32.1805,17866.0
2012-01-20 22:00:00+00:00,32.1805,32.1805,32.1805,32.1805,2.0
2012-01-22 22:00:00+00:00,32.1605,32.78513,31.81542,32.33455,22158.0
2012-01-23 22:00:00+00:00,32.33455,32.49283,31.87703,32.05165,17432.0
2012-01-24 22:00:00+00:00,32.04672,33.41213,31.55775,33.18346,28139.0
2012-01-25 22:00:00+00:00,33.18346,33.80791,33.01025,33.46078,26143.0
2012-01-26 22:00:00+00:00,33.45855,33.94806,33.2818,33.90606,23299.0
2012-01-29 22:00:00+00:00,33.92606,34.02739,33.06626,33.49269,18230.0
2012-01-30 22:00:00+00:00,33.49269,34.12907,32.96159,33.16548,24977.0
2012-01-31 22:00:00+00:00,33.16548,33.99708,33.09608,33.69577,19602.0
2012-02-01 22:00:00+00:00,33.69577,34.40508,33.47468,34.30652,20417.0
2012-02-02 22:00:00+00:00,34.32882,34.39506,33.32363,33.66221,26303.0
2012-02-05 22:00:00+00:00,33.67,33.86057,32.9979,33.66393,22043.0
2012-02-06 22:00:00+00:00,33.65935,34.35063,33.17152,34.15684,22100.0
2012-02-07 22:00:00+00:00,34.15684,34.52097,33.67191,33.97726,21519.0
2012-02-08 22:00:00+00:00,33.97726,34.43263,33.68452,33.91266,25532.0
2012-02-09 22:00:00+00:00,33.90548,34.05823,33.17617,33.57853,23708.0
2012-02-10 22:00:00+00:00,33.58147,33.58147,33.58147,33.58147,2.0
2012-02-11 22:00:00+00:00,33.58147,33.61147,33.58147,33.61147,5.0
2012-02-12 22:00:00+00:00,33.63147,34.02901,33.46873,33.72167,18199.0
2012-02-13 22:00:00+00:00,33.71687,33.83435,33.26982,33.58419,23901.0
2012-02-14 22:00:00+00:00,33.58861,33.9675,33.11799,33.44886,22545.0
2012-02-15 22:00:00+00:00,33.44652,33.55997,32.65645,33.49166,23881.0
2012-02-16 22:00:00+00:00,33.49652,33.69091,33.07632,33.27598,16078.0
2012-02-17 22:00:00+00:00,33.27598,33.27598,33.27598,33.27598,3.0
2012-02-18 22:00:00+00:00,33.27598,33.32598,33.27598,33.32598,6.0
2012-02-19 22:00:00+00:00,33.32598,33.68415,33.32598,33.59365,6830.0
2012-02-20 22:00:00+00:00,33.6055,34.4569,33.45723,34.31176,16886.0
2012-02-21 22:00:00+00:00,34.30773,34.50939,33.91269,34.30117,19231.0
2012-02-22 22:00:00+00:00,34.29671,35.61671,34.23234,35.35765,20158.0
2012-02-23 22:00:00+00:00,35.36165,35.72311,35.20894,35.39598,20935.0
2012-02-24 22:00:00+00:00,35.39598,35.39598,35.39598,35.39598,2.0
2012-02-26 22:00:00+00:00,35.41518,35.63404,35.07701,35.39101,16046.0
2012-02-27 22:00:00+00:00,35.39679,37.22387,35.33256,36.92318,21030.0
2012-02-28 22:00:00+00:00,36.91936,37.50884,34.06936,34.65651,53275.0
2012-02-29 22:00:00+00:00,34.65651,35.65201,34.41498,35.49063,39054.0
2012-03-01 22:00:00+00:00,35.48654,35.503,34.35434,34.77551,27310.0
2012-03-02 22:00:00+00:00,34.77551,34.77551,34.77551,34.77551,2.0
2012-03-03 22:00:00+00:00,34.75551,34.75551,34.73551,34.73551,2.0
2012-03-04 22:00:00+00:00,34.73551,34.91169,33.53013,33.98523,30290.0
2012-03-05 22:00:00+00:00,33.98918,34.18257,32.47478,32.94378,43160.0
2012-03-06 22:00:00+00:00,32.94378,33.58192,32.73083,33.42916,28223.0
2012-03-07 22:00:00+00:00,33.42286,34.16056,33.33728,33.87037,27251.0
2012-03-08 22:00:00+00:00,33.87394,34.41689,33.12834,34.295,34935.0
2012-03-11 21:00:00+00:00,34.3125,34.38819,33.36806,33.65913,27205.0
2012-03-12 21:00:00+00:00,33.65493,33.82227,33.00905,33.41886,32992.0
2012-03-13 21:00:00+00:00,33.42518,33.45415,31.62734,32.17383,41217.0
2012-03-14 21:00:00+00:00,32.17764,32.8751,31.95323,32.4999,33205.0
2012-03-15 21:00:00+00:00,32.50378,32.7503,32.14657,32.53303,25193.0
2012-03-16 21:00:00+00:00,32.53303,32.53303,32.53303,32.53303,1.0
2012-03-18 21:00:00+00:00,32.53303,33.08166,32.34267,32.94933,17666.0
2012-03-19 21:00:00+00:00,32.95387,32.96657,31.7748,32.16068,22753.0
2012-03-20 21:00:00+00:00,32.15657,32.39761,31.87679,32.1728,20521.0
2012-03-21 21:00:00+00:00,32.17033,32.35482,31.10803,31.57428,25422.0
2012-03-22 21:00:00+00:00,31.58056,32.29761,31.44914,32.23346,21880.0
2012-03-23 21:00:00+00:00,32.23346,32.23346,32.23346,32.23346,2.0
2012-03-25 21:00:00+00:00,32.23346,32.9357,32.03555,32.83128,18947.0
2012-03-26 21:00:00+00:00,32.82373,33.18899,32.4936,32.58954,16856.0
2012-03-27 21:00:00+00:00,32.58954,32.68624,31.78832,32.05478,21134.0
2012-03-28 21:00:00+00:00,32.05478,32.31344,31.6482,32.25443,19878.0
2012-03-29 21:00:00+00:00,32.2509,32.63546,32.17121,32.2347,16913.0
2012-03-30 21:00:00+00:00,32.2347,32.2347,32.2347,32.2347,1.0
2012-03-31 21:00:00+00:00,32.2357,32.2357,32.2357,32.2357,1.0
2012-04-01 21:00:00+00:00,32.26374,33.23783,32.26374,32.9848,16347.0
2012-04-02 21:00:00+00:00,32.98074,33.30057,32.48887,32.64003,24765.0
2012-04-03 21:00:00+00:00,32.64361,32.6974,31.01325,31.36909,27056.0
2012-04-04 21:00:00+00:00,31.36269,31.82906,31.2227,31.71196,19971.0
2012-04-05 21:00:00+00:00,31.71686,31.835,31.71066,31.775,59.0
2012-04-07 21:00:00+00:00,31.775,31.8,31.775,31.8,2.0
2012-04-08 21:00:00+00:00,31.79,32.12328,31.33554,31.54031,16033.0
2012-04-09 21:00:00+00:00,31.54529,31.94367,31.16893,31.79626,23204.0
2012-04-10 21:00:00+00:00,31.79157,31.83057,31.39544,31.57905,18913.0
2012-04-11 21:00:00+00:00,31.58157,32.58242,31.43938,32.36255,16684.0
2012-04-12 21:00:00+00:00,32.36018,32.44114,31.32448,31.52056,20936.0
2012-04-13 21:00:00+00:00,31.52056,31.52056,31.52056,31.52056,1.0
2012-04-15 21:00:00+00:00,31.52056,31.70842,31.20867,31.50062,20356.0
2012-04-16 21:00:00+00:00,31.49595,31.9185,31.33777,31.70222,16483.0
2012-04-17 21:00:00+00:00,31.70222,31.90004,31.36885,31.61777,15036.0
2012-04-18 21:00:00+00:00,31.62321,32.03874,31.3353,31.76984,23051.0
2012-04-19 21:00:00+00:00,31.77372,31.92411,31.57394,31.6952,14832.0
2012-04-22 21:00:00+00:00,31.6962,31.71545,30.48998,30.86952,18090.0
2012-04-23 21:00:00+00:00,30.86551,31.14571,30.68709,30.83529,13541.0
2012-04-24 21:00:00+00:00,30.83917,31.00078,29.9812,30.72698,18566.0
2012-04-25 21:00:00+00:00,30.73128,31.30802,30.64446,31.11137,12117.0
2012-04-26 21:00:00+00:00,31.11582,31.44068,30.92282,31.2775,10030.0
2012-04-27 21:00:00+00:00,31.2775,31.2775,31.2775,31.2775,1.0
2012-04-29 21:00:00+00:00,31.2775,31.41051,30.58533,31.02702,12678.0
2012-04-30 21:00:00+00:00,31.02321,31.34337,30.78277,30.96108,10073.0
2012-05-01 21:00:00+00:00,30.96108,31.04336,30.40974,30.65105,14107.0
2012-05-02 21:00:00+00:00,30.64584,30.66531,29.88129,30.08843,15687.0
2012-05-03 21:00:00+00:00,30.08458,30.46668,29.78722,30.38143,17152.0
2012-05-05 21:00:00+00:00,30.38143,30.38143,30.38143,30.38143,1.0
2012-05-06 21:00:00+00:00,30.38163,30.3879,29.69051,30.07156,11156.0
2012-05-07 21:00:00+00:00,30.06598,30.11853,29.1469,29.45547,16116.0
2012-05-08 21:00:00+00:00,29.45929,29.50874,28.6265,29.22746,21505.0
2012-05-09 21:00:00+00:00,29.23006,29.47066,28.9628,29.07873,15184.0
2012-05-10 21:00:00+00:00,29.07478,29.11857,28.45728,28.91366,16040.0
2012-05-11 21:00:00+00:00,28.91366,28.91366,28.91366,28.91366,1.0
2012-05-12 21:00:00+00:00,28.9025,28.9025,28.9025,28.9025,2.0
2012-05-13 21:00:00+00:00,28.8983,29.01344,28.11645,28.16274,16270.0
2012-05-14 21:00:00+00:00,28.15828,28.46026,27.59895,27.72688,17157.0
2012-05-15 21:00:00+00:00,27.72178,27.99808,26.7703,27.21522,27555.0
2012-05-16 21:00:00+00:00,27.21166,28.32562,27.17723,28.04605,24282.0
2012-05-17 21:00:00+00:00,28.04605,28.93131,27.82711,28.7391,22455.0
2012-05-18 21:00:00+00:00,28.7391,28.7391,28.7391,28.7391,1.0
2012-05-20 21:00:00+00:00,28.7391,28.88325,28.07949,28.47942,19512.0
2012-05-21 21:00:00+00:00,28.48368,28.81159,27.96474,28.18487,18388.0
2012-05-22 21:00:00+00:00,28.18972,28.2098,27.13106,27.81226,33145.0
2012-05-23 21:00:00+00:00,27.81682,28.56291,27.64509,28.31417,26158.0
2012-05-24 21:00:00+00:00,28.3182,28.6123,27.93572,28.52436,20265.0
2012-05-25 21:00:00+00:00,28.52436,28.52436,28.52436,28.52436,1.0
2012-05-26 21:00:00+00:00,28.55436,28.55436,28.55436,28.55436,1.0
2012-05-27 21:00:00+00:00,28.52936,28.7916,28.32657,28.43049,9271.0
2012-05-28 21:00:00+00:00,28.43616,28.70404,27.76563,27.85841,20719.0
2012-05-29 21:00:00+00:00,27.86136,28.18431,27.39945,27.89822,25436.0
2012-05-30 21:00:00+00:00,27.89449,28.22751,27.56062,27.7148,24321.0
2012-05-31 21:00:00+00:00,27.72028,28.71999,27.23187,28.52215,29355.0
2012-06-02 21:00:00+00:00,28.52215,28.52215,28.52215,28.52215,1.0
2012-06-03 21:00:00+00:00,28.54388,28.69922,28.00837,28.24785,23058.0
2012-06-04 21:00:00+00:00,28.24491,28.58463,28.12904,28.53075,19918.0
2012-06-05 21:00:00+00:00,28.52856,29.9047,28.46241,29.43983,24925.0
2012-06-06 21:00:00+00:00,29.43579,29.71038,28.41025,28.60298,32629.0
2012-06-07 21:00:00+00:00,28.60627,28.69568,27.9649,28.50227,24220.0
2012-06-09 21:00:00+00:00,28.52227,28.57227,28.52227,28.57227,3.0
2012-06-10 21:00:00+00:00,28.53,29.04003,28.30799,28.56751,24314.0
2012-06-11 21:00:00+00:00,28.56301,29.06451,28.36636,28.97081,20880.0
2012-06-12 21:00:00+00:00,28.97483,29.13232,28.74783,28.83541,19861.0
2012-06-13 21:00:00+00:00,28.83885,29.1156,28.20145,28.64104,20902.0
2012-06-14 21:00:00+00:00,28.64543,28.86186,28.54336,28.69657,14617.0
2012-06-16 21:00:00+00:00,28.69657,28.69657,28.69657,28.69657,3.0
2012-06-17 21:00:00+00:00,28.69657,29.06,28.30154,28.73056,20408.0
2012-06-18 21:00:00+00:00,28.73542,28.9461,28.34304,28.427,16777.0
2012-06-19 21:00:00+00:00,28.42344,28.64044,27.71954,28.15706,24737.0
2012-06-20 21:00:00+00:00,28.15299,28.15299,26.87284,26.89109,22925.0
2012-06-21 21:00:00+00:00,26.89109,27.06238,26.60253,26.91244,17618.0
2012-06-22 21:00:00+00:00,26.91244,26.91244,26.91244,26.91244,1.0
2012-06-24 21:00:00+00:00,26.90802,27.6522,26.66309,27.53213,14959.0
2012-06-25 21:00:00+00:00,27.53478,27.56959,26.82434,27.10867,13782.0
2012-06-26 21:00:00+00:00,27.10411,27.35192,26.68575,26.92741,17528.0
2012-06-27 21:00:00+00:00,26.92313,27.14057,26.13824,26.37475,19847.0
2012-06-28 21:00:00+00:00,26.37093,27.93974,26.30027,27.49413,23197.0
2012-07-01 21:00:00+00:00,27.51413,27.63477,27.21686,27.49139,13324.0
2012-07-02 21:00:00+00:00,27.49139,28.46937,27.43059,28.29109,15911.0
2012-07-03 21:00:00+00:00,28.28635,28.35407,28.06057,28.1566,8242.0
2012-07-04 21:00:00+00:00,28.1525,28.41054,27.53359,27.68324,19028.0
2012-07-05 21:00:00+00:00,27.67874,27.82455,26.95314,27.10886,19330.0
2012-07-06 21:00:00+00:00,27.10886,27.10886,27.10886,27.10886,1.0
2012-07-08 21:00:00+00:00,26.9975,27.51512,26.93184,27.35452,12511.0
2012-07-09 21:00:00+00:00,27.3495,27.59456,26.75248,26.81562,17050.0
2012-07-10 21:00:00+00:00,26.81324,27.26986,26.80064,27.119,16133.0
2012-07-11 21:00:00+00:00,27.11672,27.38666,26.4818,27.1827,18855.0
2012-07-12 21:00:00+00:00,27.18602,27.58218,27.1097,27.32401,15568.0
2012-07-13 21:00:00+00:00,27.32401,27.32401,27.32401,27.32401,1.0
2012-07-15 21:00:00+00:00,27.32401,27.45879,26.90733,27.32826,16148.0
2012-07-16 21:00:00+00:00,27.32437,27.63317,26.81438,27.31945,19823.0
2012-07-17 21:00:00+00:00,27.31586,27.39173,26.91683,27.17653,14468.0
2012-07-18 21:00:00+00:00,27.17653,27.61265,27.14926,27.25411,15863.0
2012-07-19 21:00:00+00:00,27.25949,27.45295,26.8241,27.3181,18990.0
2012-07-22 21:00:00+00:00,27.3181,27.34393,26.67758,27.02333,17232.0
2012-07-23 21:00:00+00:00,27.02692,27.20298,26.64054,26.97585,17736.0
2012-07-24 21:00:00+00:00,26.98042,27.58081,26.8465,27.3523,18610.0
2012-07-25 21:00:00+00:00,27.35611,27.83568,27.27197,27.54606,19788.0
2012-07-26 21:00:00+00:00,27.54606,27.86643,27.3871,27.74326,20008.0
2012-07-29 21:00:00+00:00,27.74326,28.24704,27.57329,28.17642,11627.0
2012-07-30 21:00:00+00:00,28.17642,28.38441,27.92771,27.98533,15164.0
2012-07-31 21:00:00+00:00,27.99175,28.07686,27.12635,27.41143,20278.0
2012-08-01 21:00:00+00:00,27.40735,27.82663,27.00085,27.13429,20575.0
2012-08-02 21:00:00+00:00,27.13529,27.91373,27.06,27.80475,18137.0
2012-08-03 21:00:00+00:00,27.80475,27.80475,27.80475,27.80475,1.0
2012-08-05 21:00:00+00:00,27.80475,28.00655,27.62558,27.8916,14579.0
2012-08-06 21:00:00+00:00,27.8916,28.23773,27.79312,28.13432,12107.0
2012-08-07 21:00:00+00:00,28.13015,28.26286,27.72323,28.0443,11556.0
2012-08-08 21:00:00+00:00,28.0443,28.24164,27.90122,28.14419,10436.0
2012-08-09 21:00:00+00:00,28.14418,28.34463,27.62422,28.12071,12304.0
2012-08-12 21:00:00+00:00,28.12071,28.20681,27.75062,27.82839,11916.0
2012-08-13 21:00:00+00:00,27.82584,28.0354,27.64104,27.81555,11684.0
2012-08-14 21:00:00+00:00,27.80625,28.01345,27.51422,27.83587,12909.0
2012-08-15 21:00:00+00:00,27.83587,28.30027,27.74831,28.20434,8854.0
2012-08-16 21:00:00+00:00,28.20435,28.34414,28.02873,28.082,7974.0
2012-08-17 21:00:00+00:00,28.082,28.082,28.082,28.082,1.0
2012-08-19 21:00:00+00:00,28.082,28.84408,27.943,28.79783,8575.0
2012-08-20 21:00:00+00:00,28.79784,29.51583,28.67819,29.3135,12073.0
2012-08-21 21:00:00+00:00,29.3135,29.92549,29.23643,29.83112,13610.0
2012-08-22 21:00:00+00:00,29.83452,30.82908,29.8161,30.56408,15553.0
2012-08-23 21:00:00+00:00,30.56408,30.79874,30.24303,30.7802,12260.0
2012-08-26 21:00:00+00:00,30.81658,31.26806,30.65289,30.71834,13442.0
2012-08-27 21:00:00+00:00,30.71787,31.00602,30.54221,30.87843,12558.0
2012-08-28 21:00:00+00:00,30.88599,30.97753,30.56413,30.72415,11469.0
2012-08-29 21:00:00+00:00,30.73132,30.91475,30.22324,30.4407,14696.0
2012-08-30 21:00:00+00:00,30.4375,31.77165,30.25944,31.72541,20008.0
2012-08-31 21:00:00+00:00,31.72541,31.72541,31.72541,31.72541,28.0
2012-09-02 21:00:00+00:00,31.69539,32.32539,31.53793,32.23799,9336.0
2012-09-03 21:00:00+00:00,32.12276,32.42513,31.92921,32.3373,17073.0
2012-09-04 21:00:00+00:00,32.33351,32.38212,31.9641,32.2656,17938.0
2012-09-05 21:00:00+00:00,32.26786,33.00444,32.21753,32.63807,22501.0
2012-09-06 21:00:00+00:00,32.64178,33.73074,31.97336,33.67295,23662.0
2012-09-08 21:00:00+00:00,33.67295,33.67295,33.67295,33.67295,1.0
2012-09-09 21:00:00+00:00,33.66451,33.98002,33.26006,33.35777,17630.0
2012-09-10 21:00:00+00:00,33.35438,33.83151,33.33734,33.49095,14690.0
2012-09-11 21:00:00+00:00,33.48875,34.10311,32.48062,33.24858,28075.0
2012-09-12 21:00:00+00:00,33.24627,34.82734,32.6935,34.66557,31502.0
2012-09-13 21:00:00+00:00,34.66769,34.94634,34.30256,34.6637,26403.0
2012-09-16 21:00:00+00:00,34.6637,34.87404,33.81398,34.19976,18035.0
2012-09-17 21:00:00+00:00,34.19697,35.05938,33.98961,34.81762,23192.0
2012-09-18 21:00:00+00:00,34.81762,34.9838,34.28725,34.60426,20051.0
2012-09-19 21:00:00+00:00,34.60684,34.75761,34.08622,34.66587,20452.0
2012-09-20 21:00:00+00:00,34.66861,35.19678,34.34192,34.53112,24598.0
2012-09-21 21:00:00+00:00,34.53112,34.53112,34.53112,34.53112,3.0
2012-09-23 21:00:00+00:00,34.49665,34.53902,33.56365,33.98141,22457.0
2012-09-24 21:00:00+00:00,33.97749,34.49473,33.67291,33.76102,22368.0
2012-09-25 21:00:00+00:00,33.75654,34.06253,33.3324,33.94437,21291.0
2012-09-26 21:00:00+00:00,33.94145,34.7584,33.86533,34.62695,20672.0
2012-09-27 21:00:00+00:00,34.62367,34.879,34.28913,34.48978,23252.0
2012-09-30 21:00:00+00:00,34.48978,35.39923,34.18003,34.65862,25983.0
2012-10-01 21:00:00+00:00,34.65635,35.06417,34.40418,34.61648,19792.0
2012-10-02 21:00:00+00:00,34.61048,34.88216,34.47271,34.59875,17358.0
2012-10-03 21:00:00+00:00,34.60117,35.11817,34.60099,35.00161,16080.0
2012-10-04 21:00:00+00:00,35.00414,35.10121,34.21171,34.52299,16343.0
2012-10-07 21:00:00+00:00,34.5575,34.56376,33.66762,33.98248,15987.0
2012-10-08 21:00:00+00:00,33.97938,34.22868,33.55499,33.90585,15643.0
2012-10-09 21:00:00+00:00,33.90305,34.14944,33.72148,33.97701,14406.0
2012-10-10 21:00:00+00:00,33.97959,34.33857,33.78955,34.00116,13279.0
2012-10-11 21:00:00+00:00,34.00442,34.13747,33.44523,33.46402,13632.0
2012-10-13 21:00:00+00:00,33.46402,33.46402,33.46402,33.46402,1.0
2012-10-14 21:00:00+00:00,33.46402,33.46602,32.55524,32.72464,15615.0
2012-10-15 21:00:00+00:00,32.72169,33.0508,32.6388,32.95048,11486.0
2012-10-16 21:00:00+00:00,32.953,33.27244,32.86758,33.22111,10920.0
2012-10-17 21:00:00+00:00,33.2235,33.29577,32.69521,32.79584,11739.0
2012-10-18 21:00:00+00:00,32.79793,32.89813,31.93665,32.0792,16319.0
2012-10-20 21:00:00+00:00,32.0792,32.0792,32.0792,32.0792,2.0
2012-10-21 21:00:00+00:00,31.9575,32.45603,31.72116,32.42511,14221.0
2012-10-22 21:00:00+00:00,32.42238,32.47806,31.56481,31.67982,17675.0
2012-10-23 21:00:00+00:00,31.67744,32.0432,31.52866,31.7562,17535.0
2012-10-24 21:00:00+00:00,31.75362,32.24914,31.72798,32.13541,14322.0
2012-10-25 21:00:00+00:00,32.13763,32.35445,31.60475,32.08283,16776.0
2012-10-26 21:00:00+00:00,32.08283,32.08283,32.08283,32.08283,1.0
2012-10-28 21:00:00+00:00,31.99064,32.21388,31.68255,31.77315,9113.0
2012-10-29 21:00:00+00:00,31.77671,32.13535,31.71545,31.78656,8267.0
2012-10-30 21:00:00+00:00,31.78403,32.42343,31.75956,32.24992,13296.0
2012-10-31 21:00:00+00:00,32.24747,32.67301,32.18258,32.27256,12074.0
2012-11-01 21:00:00+00:00,32.27462,32.35608,30.81784,30.93214,19286.0
2012-11-02 21:00:00+00:00,30.93214,30.93214,30.93214,30.93214,2.0
2012-11-04 22:00:00+00:00,30.88599,31.24662,30.6646,31.18304,13733.0
2012-11-05 22:00:00+00:00,31.18008,32.26682,31.07768,31.98674,16444.0
2012-11-06 22:00:00+00:00,31.98969,32.40911,31.22732,31.8215,26324.0
2012-11-07 22:00:00+00:00,31.82552,32.44362,31.64525,32.33331,18077.0
2012-11-08 22:00:00+00:00,32.33569,32.79104,32.07705,32.60014,18229.0
2012-11-09 22:00:00+00:00,32.60014,32.60014,32.60014,32.60014,1.0
2012-11-11 22:00:00+00:00,32.60213,32.75724,32.20378,32.41223,12201.0
2012-11-12 22:00:00+00:00,32.4147,32.8457,32.13207,32.49632,17510.0
2012-11-13 22:00:00+00:00,32.49406,32.94109,32.38298,32.6776,15973.0
2012-11-14 22:00:00+00:00,32.68002,32.78926,32.17257,32.62004,18664.0
2012-11-15 22:00:00+00:00,32.61716,32.69421,32.04013,32.31977,17023.0
2012-11-18 22:00:00+00:00,32.33218,33.22904,32.32614,33.115,13274.0
2012-11-19 22:00:00+00:00,33.1225,33.25803,32.88009,33.16676,13239.0
2012-11-20 22:00:00+00:00,33.16352,33.41039,32.84911,33.35274,11820.0
2012-11-21 22:00:00+00:00,33.36413,33.45416,33.28222,33.35184,4780.0
2012-11-22 22:00:00+00:00,33.33374,34.16448,33.25674,34.07307,11106.0
2012-11-23 22:00:00+00:00,34.07307,34.07307,34.07307,34.07307,1.0
2012-11-25 22:00:00+00:00,34.07302,34.23527,33.89728,34.15685,14079.0
2012-11-26 22:00:00+00:00,34.15987,34.2897,33.92386,34.04956,13181.0
2012-11-27 22:00:00+00:00,34.04625,34.05866,32.92494,33.75687,18047.0
2012-11-28 22:00:00+00:00,33.76413,34.40806,33.54723,34.24657,15170.0
2012-11-29 22:00:00+00:00,34.24967,34.35234,33.14881,33.42159,18402.0
2012-12-02 22:00:00+00:00,33.42159,33.85026,33.41051,33.65736,13117.0
2012-12-03 22:00:00+00:00,33.65437,33.68094,32.69424,32.93262,18130.0
2012-12-04 22:00:00+00:00,32.93619,33.23912,32.53165,32.87908,14904.0
2012-12-05 22:00:00+00:00,32.87568,33.27223,32.54703,33.02514,17626.0
2012-12-06 22:00:00+00:00,33.02823,33.26542,32.62863,33.07393,17728.0
2012-12-07 22:00:00+00:00,33.07393,33.07393,33.07393,33.07393,1.0
2012-12-09 22:00:00+00:00,33.0514,33.42858,33.04198,33.25223,9595.0
2012-12-10 22:00:00+00:00,33.24846,33.27632,32.77478,32.98281,9995.0
2012-12-11 22:00:00+00:00,32.97975,33.80624,32.93401,33.47432,17034.0
2012-12-12 22:00:00+00:00,33.4717,33.47255,32.22688,32.54158,18824.0
2012-12-13 22:00:00+00:00,32.5416,32.73354,32.19442,32.2753,30605.0
2012-12-16 22:00:00+00:00,32.35667,32.41576,32.02075,32.28027,18428.0
2012-12-17 22:00:00+00:00,32.2786,32.53918,31.35256,31.62516,34910.0
2012-12-18 22:00:00+00:00,31.62426,31.81086,30.99376,31.03619,35099.0
2012-12-19 22:00:00+00:00,31.03525,31.23014,29.60153,29.94637,44521.0
2012-12-20 22:00:00+00:00,29.94451,30.28656,29.63428,30.00746,43256.0
2012-12-23 22:00:00+00:00,29.98664,30.358,29.83076,29.89668,20693.0
2012-12-25 22:00:00+00:00,29.89668,30.2201,29.84244,30.00536,10863.0
2012-12-26 22:00:00+00:00,30.00518,30.48514,29.7029,30.16538,27179.0
2012-12-27 22:00:00+00:00,30.16466,30.33796,29.8855,30.02126,24393.0
2012-12-30 22:00:00+00:00,30.06387,30.43159,29.89688,30.28752,19528.0
2013-01-01 22:00:00+00:00,30.3763,31.49433,30.26228,31.03202,28795.0
2013-01-02 22:00:00+00:00,31.03225,31.2,29.9975,30.17241,30778.0
2013-01-03 22:00:00+00:00,30.175,30.28448,29.23172,30.22112,47733.0
2013-01-04 22:00:00+00:00,30.22112,30.22112,30.22112,30.22112,1.0
2013-01-06 22:00:00+00:00,30.20403,30.46218,29.8662,30.15937,31350.0
2013-01-07 22:00:00+00:00,30.1609,30.55876,30.08482,30.38014,33870.0
2013-01-08 22:00:00+00:00,30.38073,30.57431,30.06522,30.35915,29857.0
2013-01-09 22:00:00+00:00,30.36106,30.94388,30.2561,30.86042,35182.0
2013-01-10 22:00:00+00:00,30.86035,30.93232,30.1805,30.46191,34012.0
2013-01-11 22:00:00+00:00,30.46191,30.46191,30.46191,30.46191,1.0
2013-01-13 22:00:00+00:00,30.41036,31.1668,30.39082,31.04671,31789.0
2013-01-14 22:00:00+00:00,31.04537,31.58431,30.965,31.37796,35533.0
2013-01-15 22:00:00+00:00,31.37718,31.56448,31.09144,31.47452,27060.0
2013-01-16 22:00:00+00:00,31.47386,31.92214,31.05248,31.74771,36470.0
2013-01-17 22:00:00+00:00,31.75048,32.13567,31.66943,31.8624,29726.0
2013-01-18 22:00:00+00:00,31.8624,31.8624,31.8624,31.8624,3.0
2013-01-20 22:00:00+00:00,31.91526,32.11235,31.86714,32.0025,17961.0
2013-01-21 22:00:00+00:00,32.02,32.36044,31.81892,32.23698,34978.0
2013-01-22 22:00:00+00:00,32.23736,32.4771,32.10175,32.2534,27727.0
2013-01-23 22:00:00+00:00,32.2547,32.26396,31.6054,31.6553,42245.0
2013-01-24 22:00:00+00:00,31.65442,31.79308,31.12974,31.18504,34834.0
2013-01-27 22:00:00+00:00,31.17702,31.31998,30.74868,30.87103,25550.0
2013-01-28 22:00:00+00:00,30.87144,31.46936,30.84785,31.40068,31601.0
2013-01-29 22:00:00+00:00,31.40144,32.27756,31.2552,32.03098,38177.0
2013-01-30 22:00:00+00:00,32.03182,32.12219,31.11977,31.45152,34543.0
2013-01-31 22:00:00+00:00,31.45524,32.15108,31.3018,31.82702,34953.0
2013-02-01 22:00:00+00:00,31.82702,31.82702,31.82702,31.82702,1.0
2013-02-03 22:00:00+00:00,31.86914,31.91698,31.3874,31.74951,30124.0
2013-02-04 22:00:00+00:00,31.75096,32.1091,31.62015,31.825,34271.0
2013-02-05 22:00:00+00:00,31.82619,31.89818,31.61078,31.83969,26662.0
2013-02-06 22:00:00+00:00,31.84205,31.92811,31.2937,31.47425,41889.0
2013-02-07 22:00:00+00:00,31.47654,31.6928,31.33436,31.41596,28938.0
2013-02-08 22:00:00+00:00,31.41596,31.41596,31.41596,31.41596,1.0
2013-02-10 22:00:00+00:00,31.449,31.53996,30.82964,30.95071,40684.0
2013-02-11 22:00:00+00:00,30.95156,31.15768,30.58705,31.11519,46063.0
2013-02-12 22:00:00+00:00,31.11636,31.23126,30.74641,30.78036,37709.0
2013-02-13 22:00:00+00:00,30.7826,31.07168,30.24379,30.406,45978.0
2013-02-14 22:00:00+00:00,30.4045,30.48202,29.69598,29.79358,73333.0
2013-02-15 22:00:00+00:00,29.79358,29.79358,29.79358,29.79358,2.0
2013-02-17 22:00:00+00:00,29.83809,30.17165,29.8033,29.95111,9450.0
2013-02-18 22:00:00+00:00,29.96928,30.14915,29.24052,29.47129,15296.0
2013-02-19 22:00:00+00:00,29.47378,29.65637,28.2833,28.56701,27488.0
2013-02-20 22:00:00+00:00,28.56368,28.90396,28.32995,28.67447,24244.0
2013-02-21 22:00:00+00:00,28.67679,28.93605,28.38131,28.72198,15223.0
2013-02-24 22:00:00+00:00,28.8199,29.2574,28.58125,29.00638,22711.0
2013-02-25 22:00:00+00:00,29.00452,29.4689,28.59822,29.40094,64921.0
2013-02-27 22:00:00+00:00,29.00712,29.18318,28.40832,28.53868,43666.0
2013-02-28 22:00:00+00:00,28.53806,28.79587,27.95524,28.59959,60222.0
2013-03-01 22:00:00+00:00,28.59959,28.59959,28.59959,28.59959,1.0
2013-03-03 22:00:00+00:00,28.66938,28.82411,28.44593,28.5634,35975.0
2013-03-04 22:00:00+00:00,28.56406,29.09505,28.53542,28.70064,30131.0
2013-03-05 22:00:00+00:00,28.69829,29.08628,28.54816,29.04097,47531.0
2013-03-06 22:00:00+00:00,29.04194,29.09408,28.76112,28.89894,42166.0
2013-03-07 22:00:00+00:00,28.89966,29.26998,28.3521,28.98228,51213.0
2013-03-08 22:00:00+00:00,28.98228,28.98228,28.98228,28.98228,1.0
2013-03-10 21:00:00+00:00,29.023,29.11001,28.72765,28.98712,32156.0
2013-03-11 21:00:00+00:00,28.98614,29.36456,28.89865,29.15158,32432.0
2013-03-12 21:00:00+00:00,29.15112,29.29306,28.86536,28.92006,31792.0
2013-03-13 21:00:00+00:00,28.92082,28.9807,28.56142,28.80654,35002.0
2013-03-14 21:00:00+00:00,28.80902,29.03946,28.73339,28.77964,24472.0
2013-03-15 21:00:00+00:00,28.77964,28.77964,28.77964,28.77964,1.0
2013-03-17 21:00:00+00:00,28.83566,29.13772,28.62124,28.88876,55785.0
2013-03-18 21:00:00+00:00,28.88949,29.11042,28.66564,28.90294,44552.0
2013-03-19 21:00:00+00:00,28.90438,29.02009,28.47764,28.8269,39250.0
2013-03-20 21:00:00+00:00,28.8234,29.33886,28.74698,29.17136,31960.0
2013-03-21 21:00:00+00:00,29.17168,29.19759,28.54866,28.74261,38887.0
2013-03-24 21:00:00+00:00,28.73133,28.92267,28.50352,28.84447,44250.0
2013-03-25 21:00:00+00:00,28.84236,28.88034,28.64931,28.76593,31317.0
2013-03-26 21:00:00+00:00,28.76452,28.82452,28.12727,28.68516,44386.0
2013-03-27 21:00:00+00:00,28.6885,28.84793,28.22523,28.35316,49512.0
2013-03-28 21:00:00+00:00,28.3506,28.36977,28.34047,28.34445,95.0
2013-03-31 21:00:00+00:00,28.26944,28.39632,27.86944,28.03306,55139.0
2013-04-01 21:00:00+00:00,28.03151,28.19157,27.21465,27.2791,62258.0
2013-04-02 21:00:00+00:00,27.28002,27.36636,26.7432,27.00284,65417.0
2013-04-03 21:00:00+00:00,27.00163,27.08096,26.64816,26.95085,82633.0
2013-04-04 21:00:00+00:00,26.9488,27.35956,26.79987,27.3301,74944.0
2013-04-07 21:00:00+00:00,27.44016,27.453,27.14958,27.30659,34481.0
2013-04-08 21:00:00+00:00,27.30562,28.08456,27.21377,27.99027,62087.0
2013-04-09 21:00:00+00:00,27.98912,28.0316,27.52339,27.62788,57292.0
2013-04-10 21:00:00+00:00,27.62598,27.8622,27.41716,27.65317,57273.0
2013-04-11 21:00:00+00:00,27.65114,27.71556,25.93984,25.99898,146121.0
2013-04-12 21:00:00+00:00,25.99898,25.99898,25.99898,25.99898,2.0
2013-04-14 21:00:00+00:00,25.99441,26.11758,22.5914,22.77498,478059.0
2013-04-15 21:00:00+00:00,22.7735,23.99098,22.06088,23.40112,314611.0
2013-04-16 21:00:00+00:00,23.3999,23.75412,22.87584,23.32935,199664.0
2013-04-17 21:00:00+00:00,23.32864,23.69246,22.48329,23.25932,184435.0
2013-04-18 21:00:00+00:00,23.25857,23.86028,22.92428,23.25,108191.0
2013-04-21 21:00:00+00:00,23.37698,23.70585,23.13656,23.44222,67493.0
2013-04-22 21:00:00+00:00,23.44695,23.4722,22.62317,22.9631,82231.0
2013-04-23 21:00:00+00:00,22.96478,23.37982,22.87096,23.1853,80031.0
2013-04-24 21:00:00+00:00,23.18302,24.40328,23.0865,24.39638,78749.0
2013-04-25 21:00:00+00:00,24.39444,24.84191,23.64685,24.00946,135413.0
2013-04-28 21:00:00+00:00,24.10158,24.6037,23.96849,24.56698,69215.0
2013-04-29 21:00:00+00:00,24.56604,24.58594,24.0505,24.34074,72120.0
2013-04-30 21:00:00+00:00,24.33787,24.3703,23.26133,23.6419,95250.0
2013-05-01 21:00:00+00:00,23.64334,24.22948,23.41209,23.84802,87711.0
2013-05-02 21:00:00+00:00,23.84655,24.41062,23.453,24.11692,118789.0
2013-05-05 21:00:00+00:00,24.16274,24.44506,23.86134,24.01441,57279.0
2013-05-06 21:00:00+00:00,24.015,24.07593,23.4489,23.96741,82830.0
2013-05-07 21:00:00+00:00,23.96612,24.11952,23.68888,23.97318,61913.0
2013-05-08 21:00:00+00:00,23.97394,24.19941,23.55762,23.73835,49524.0
2013-05-09 21:00:00+00:00,23.73552,23.91282,23.19939,23.87925,95527.0
2013-05-12 21:00:00+00:00,23.87787,23.88337,23.51327,23.67662,45186.0
2013-05-13 21:00:00+00:00,23.67446,23.80102,23.1405,23.4219,57672.0
2013-05-14 21:00:00+00:00,23.42344,23.4998,22.50762,22.60266,97353.0
2013-05-15 21:00:00+00:00,22.60459,22.83106,22.1268,22.69047,80189.0
2013-05-16 21:00:00+00:00,22.69292,22.80301,22.17938,22.26102,85680.0
2013-05-19 21:00:00+00:00,22.32614,23.25756,20.27,22.90775,164147.0
2013-05-20 21:00:00+00:00,22.9093,22.96626,22.08034,22.4489,126686.0
2013-05-21 21:00:00+00:00,22.44789,23.3441,22.21264,22.29736,145920.0
2013-05-22 21:00:00+00:00,22.29466,22.69945,21.98014,22.60571,96876.0
2013-05-23 21:00:00+00:00,22.59995,22.65894,22.33531,22.40244,41558.0
2013-05-26 21:00:00+00:00,22.42278,22.7695,22.33907,22.67162,15487.0
2013-05-27 21:00:00+00:00,22.64634,22.66447,22.17775,22.34472,74473.0
2013-05-28 21:00:00+00:00,22.34479,22.53676,22.20075,22.49256,51224.0
2013-05-29 21:00:00+00:00,22.49128,23.12442,22.37998,22.78294,87934.0
2013-05-30 21:00:00+00:00,22.78474,22.91998,22.17566,22.267,94732.0
2013-06-02 21:00:00+00:00,22.27758,22.98237,22.27003,22.73581,68673.0
2013-06-03 21:00:00+00:00,22.73749,22.79779,22.29786,22.5494,43011.0
2013-06-04 21:00:00+00:00,22.54999,22.77953,22.36355,22.5666,58751.0
2013-06-05 21:00:00+00:00,22.56871,22.91186,22.3336,22.65692,79010.0
2013-06-06 21:00:00+00:00,22.65572,22.82683,21.59156,21.66618,117675.0
2013-06-09 21:00:00+00:00,21.65218,22.10644,21.41717,21.92756,59333.0
2013-06-10 21:00:00+00:00,21.92543,22.03448,21.49028,21.67247,76791.0
2013-06-11 21:00:00+00:00,21.67156,22.03485,21.56743,21.79438,63279.0
2013-06-12 21:00:00+00:00,21.79078,21.99478,21.58845,21.86544,66088.0
2013-06-13 21:00:00+00:00,21.86554,22.56915,21.70854,22.08234,75730.0
2013-06-16 21:00:00+00:00,22.14377,22.14377,21.68591,21.87582,31232.0
2013-06-17 21:00:00+00:00,21.87721,21.95983,21.53431,21.68032,50983.0
2013-06-18 21:00:00+00:00,21.67977,21.855,21.27776,21.41128,79608.0
2013-06-19 21:00:00+00:00,21.40916,21.41032,19.62816,19.70992,210839.0
2013-06-20 21:00:00+00:00,19.708,20.14664,19.39912,20.11795,106169.0
2013-06-23 21:00:00+00:00,20.13013,20.23825,19.46974,19.68644,86317.0
2013-06-24 21:00:00+00:00,19.68704,19.86549,19.48037,19.64686,74975.0
2013-06-25 21:00:00+00:00,19.64834,19.66404,18.43901,18.53888,151859.0
2013-06-26 21:00:00+00:00,18.53815,18.99542,18.39704,18.49454,122144.0
2013-06-27 21:00:00+00:00,18.49317,19.68431,18.21872,19.67184,154355.0
2013-06-30 21:00:00+00:00,19.58362,20.11034,19.40339,19.63475,116849.0
2013-07-01 21:00:00+00:00,19.6348,19.83048,19.26994,19.40802,86402.0
2013-07-02 21:00:00+00:00,19.40624,19.93416,19.35992,19.78055,93656.0
2013-07-03 21:00:00+00:00,19.78038,19.87928,19.42731,19.56862,54795.0
2013-07-04 21:00:00+00:00,19.55745,19.63041,18.7133,18.9126,107101.0
2013-07-07 21:00:00+00:00,18.89579,19.31224,18.72214,19.10797,72729.0
2013-07-08 21:00:00+00:00,19.1063,19.5303,19.00857,19.30998,65250.0
2013-07-09 21:00:00+00:00,19.30886,19.44754,19.03487,19.3903,105070.0
2013-07-10 21:00:00+00:00,19.38938,20.29452,19.38938,20.16298,128292.0
2013-07-11 21:00:00+00:00,20.16194,20.23045,19.65996,19.93942,59721.0
2013-07-14 21:00:00+00:00,19.92353,20.1771,19.58846,19.97714,64638.0
2013-07-15 21:00:00+00:00,19.97784,20.07691,19.70716,20.02112,65527.0
2013-07-16 21:00:00+00:00,20.02144,20.17952,19.28812,19.33909,124272.0
2013-07-17 21:00:00+00:00,19.3384,19.58986,19.25887,19.40416,83247.0
2013-07-18 21:00:00+00:00,19.4041,19.63444,19.33035,19.5107,50442.0
2013-07-21 21:00:00+00:00,19.5107,20.61266,19.5107,20.55788,79790.0
2013-07-22 21:00:00+00:00,20.55621,20.61266,20.12196,20.4962,54774.0
2013-07-23 21:00:00+00:00,20.413,20.50761,20.01402,20.1766,67866.0
2013-07-24 21:00:00+00:00,20.17502,20.3359,19.79994,20.25616,56903.0
2013-07-25 21:00:00+00:00,20.25529,20.36383,19.67282,20.0048,57119.0
2013-07-28 21:00:00+00:00,19.97346,20.24313,19.71155,19.86908,48199.0
2013-07-29 21:00:00+00:00,19.8721,19.9176,19.54928,19.74379,40178.0
2013-07-30 21:00:00+00:00,19.74315,20.1399,19.4096,19.85025,96195.0
2013-07-31 21:00:00+00:00,19.8502,20.00024,19.56454,19.62477,78906.0
2013-08-01 21:00:00+00:00,19.62398,20.30809,19.23023,19.89936,90955.0
2013-08-04 21:00:00+00:00,19.87,20.03294,19.57258,19.71682,41469.0
2013-08-05 21:00:00+00:00,19.7152,19.8208,19.50029,19.5268,51513.0
2013-08-06 21:00:00+00:00,19.52736,19.64578,19.16618,19.5905,48176.0
2013-08-07 21:00:00+00:00,19.58953,20.34824,19.53504,20.26526,68393.0
2013-08-08 21:00:00+00:00,20.26414,20.58997,20.10713,20.55204,70338.0
2013-08-11 21:00:00+00:00,20.59,21.47041,20.59,21.40589,105446.0
2013-08-12 21:00:00+00:00,21.40494,21.77849,21.1485,21.46986,105251.0
2013-08-13 21:00:00+00:00,21.4688,21.87989,21.29352,21.87638,95000.0
2013-08-14 21:00:00+00:00,21.87521,23.2159,21.73763,22.99056,187377.0
2013-08-15 21:00:00+00:00,22.99055,23.42038,22.7822,23.25523,165615.0
2013-08-18 21:00:00+00:00,23.265,23.62593,22.99516,23.17374,100315.0
2013-08-19 21:00:00+00:00,23.17258,23.32382,22.30292,23.01868,108005.0
2013-08-20 21:00:00+00:00,23.02054,23.37178,22.77918,22.88277,117797.0
2013-08-21 21:00:00+00:00,22.88368,23.33976,22.47206,23.12402,96698.0
2013-08-22 21:00:00+00:00,23.12609,24.11096,22.89887,24.07051,130201.0
2013-08-25 21:00:00+00:00,24.04,24.42717,23.81372,24.31818,94129.0
2013-08-26 21:00:00+00:00,24.3174,24.71182,23.98666,24.46993,112680.0
2013-08-27 21:00:00+00:00,24.4683,25.11928,24.24686,24.35914,153429.0
2013-08-28 21:00:00+00:00,24.35938,24.43089,23.66888,23.87837,153421.0
2013-08-29 21:00:00+00:00,23.87768,24.02258,23.39026,23.52408,126479.0
2013-09-01 21:00:00+00:00,23.51,24.38662,23.08774,24.17308,99650.0
2013-09-02 21:00:00+00:00,24.17859,24.49574,23.9958,24.27545,118315.0
2013-09-03 21:00:00+00:00,24.27532,24.40049,23.35037,23.50216,93183.0
2013-09-04 21:00:00+00:00,23.50315,23.65209,23.01712,23.1872,126122.0
2013-09-05 21:00:00+00:00,23.18616,23.9449,23.05956,23.85972,110105.0
2013-09-08 21:00:00+00:00,23.8306,24.15392,23.41956,23.71216,46689.0
2013-09-09 21:00:00+00:00,23.7115,23.79294,22.8153,22.98258,74310.0
2013-09-10 21:00:00+00:00,22.9845,23.2279,22.77039,23.19842,69244.0
2013-09-11 21:00:00+00:00,23.19744,23.23117,21.79145,21.79596,98355.0
2013-09-12 21:00:00+00:00,21.79485,22.25254,21.40382,22.22013,110489.0
2013-09-15 21:00:00+00:00,22.2305,22.36994,21.6678,21.82052,101502.0
2013-09-16 21:00:00+00:00,21.81998,22.11466,21.62214,21.75197,70550.0
2013-09-17 21:00:00+00:00,21.75139,23.2258,21.206,22.95942,168924.0
2013-09-18 21:00:00+00:00,22.95998,23.41928,22.83002,23.06888,118899.0
2013-09-19 21:00:00+00:00,23.06946,23.15496,21.74007,21.78352,111554.0
2013-09-22 21:00:00+00:00,21.8238,21.93844,21.28787,21.65904,95504.0
2013-09-23 21:00:00+00:00,21.6596,22.01296,21.31413,21.70669,92599.0
2013-09-24 21:00:00+00:00,21.70784,21.93927,21.47248,21.79852,77978.0
2013-09-25 21:00:00+00:00,21.7993,22.09881,21.64558,21.73357,79037.0
2013-09-26 21:00:00+00:00,21.73324,22.12746,21.46454,21.788,69921.0
2013-09-27 21:00:00+00:00,21.785,21.785,21.775,21.78115,10.0
2013-09-29 21:00:00+00:00,21.88506,22.08746,21.42524,21.70003,63875.0
2013-09-30 21:00:00+00:00,21.70272,21.95026,20.62364,21.18277,122403.0
2013-10-01 21:00:00+00:00,21.18361,22.01836,20.9766,21.72534,92751.0
2013-10-02 21:00:00+00:00,21.72508,21.8426,21.4334,21.66516,57465.0
2013-10-03 21:00:00+00:00,21.66475,21.91158,21.49172,21.74149,47307.0
2013-10-06 21:00:00+00:00,21.74372,22.46656,21.63517,22.37162,50560.0
2013-10-07 21:00:00+00:00,22.37036,22.49265,22.12456,22.30601,66797.0
2013-10-08 21:00:00+00:00,22.30647,22.39412,21.7632,21.86712,80979.0
2013-10-09 21:00:00+00:00,21.86558,22.21966,21.5439,21.6889,66296.0
2013-10-10 21:00:00+00:00,21.68832,21.85008,20.95844,21.33844,82587.0
2013-10-13 21:00:00+00:00,21.39176,21.6759,21.10749,21.25862,63491.0
2013-10-14 21:00:00+00:00,21.25928,21.52224,20.50844,21.36425,116056.0
2013-10-15 21:00:00+00:00,21.36355,21.43332,21.12428,21.40378,93326.0
2013-10-16 21:00:00+00:00,21.4027,22.193,21.1038,21.87594,137803.0
2013-10-17 21:00:00+00:00,21.87475,22.03635,21.73769,21.92996,51247.0
2013-10-20 21:00:00+00:00,21.91211,22.32169,21.84404,22.22524,41064.0
2013-10-21 21:00:00+00:00,22.22648,22.81933,21.98455,22.70206,58861.0
2013-10-22 21:00:00+00:00,22.70068,22.81404,22.49878,22.54966,26244.0
2013-10-23 21:00:00+00:00,22.54962,22.87712,22.50358,22.70516,33102.0
2013-10-24 21:00:00+00:00,22.7029,22.74505,22.25474,22.54374,34346.0
2013-10-27 21:00:00+00:00,22.57,22.70845,22.3712,22.50678,48552.0
2013-10-28 21:00:00+00:00,22.5074,22.62048,22.30159,22.53032,48126.0
2013-10-29 21:00:00+00:00,22.52856,23.08892,22.38582,22.75908,93701.0
2013-10-30 21:00:00+00:00,22.75694,22.75694,21.76368,21.9119,53234.0
2013-10-31 21:00:00+00:00,21.91279,22.00042,21.71017,21.88126,30369.0
2013-11-03 22:00:00+00:00,21.85137,21.9351,21.60016,21.65468,25761.0
2013-11-04 22:00:00+00:00,21.65546,21.79133,21.56311,21.70706,30546.0
2013-11-05 22:00:00+00:00,21.70615,22.07119,21.62743,21.81691,20139.0
2013-11-06 22:00:00+00:00,21.81475,22.01882,21.39862,21.66424,71400.0
2013-11-07 22:00:00+00:00,21.66516,21.91084,21.27354,21.51294,61158.0
2013-11-10 22:00:00+00:00,21.45606,21.46721,21.25184,21.36338,27278.0
2013-11-11 22:00:00+00:00,21.36418,21.37204,20.58776,20.73286,53774.0
2013-11-12 22:00:00+00:00,20.73367,20.87876,20.4451,20.62088,57034.0
2013-11-13 22:00:00+00:00,20.6201,20.90982,20.59888,20.7872,65509.0
2013-11-14 22:00:00+00:00,20.78615,20.84732,20.57903,20.81048,26815.0
2013-11-17 22:00:00+00:00,20.79914,20.81784,20.31927,20.41938,27395.0
2013-11-18 22:00:00+00:00,20.41846,20.50054,20.22309,20.37377,21562.0
2013-11-19 22:00:00+00:00,20.37257,20.51024,19.801,19.87099,78939.0
2013-11-20 22:00:00+00:00,19.87226,20.06495,19.73232,19.9656,37148.0
2013-11-21 22:00:00+00:00,19.96479,20.066,19.83772,19.86144,15443.0
2013-11-24 22:00:00+00:00,19.85892,20.31896,19.59687,20.24152,38143.0
2013-11-25 22:00:00+00:00,20.24198,20.31209,19.80985,19.86662,25355.0
2013-11-26 22:00:00+00:00,19.8652,20.12161,19.64018,19.65478,18034.0
2013-11-27 22:00:00+00:00,19.65534,19.79808,19.63874,19.72282,9565.0
2013-11-28 22:00:00+00:00,19.705,20.08945,19.68779,19.99036,15124.0
2013-12-01 22:00:00+00:00,19.98759,19.98759,19.11798,19.15802,33271.0
2013-12-02 22:00:00+00:00,19.15668,19.3401,18.98869,19.12567,15057.0
2013-12-03 22:00:00+00:00,19.12622,19.89775,18.89823,19.68938,42480.0
2013-12-04 22:00:00+00:00,19.68874,19.73506,19.2475,19.40014,23401.0
2013-12-05 22:00:00+00:00,19.40062,19.78788,19.196,19.50852,57125.0
2013-12-08 22:00:00+00:00,19.48,19.9991,19.45391,19.86252,19400.0
2013-12-09 22:00:00+00:00,19.86088,20.44099,19.76143,20.40395,32561.0
2013-12-10 22:00:00+00:00,20.40509,20.49061,20.23665,20.29963,22591.0
2013-12-11 22:00:00+00:00,20.30159,20.35724,19.43072,19.50401,34511.0
2013-12-12 22:00:00+00:00,19.50566,19.75814,19.30314,19.70725,27813.0
2013-12-15 22:00:00+00:00,19.6766,20.30631,19.46556,19.98962,33479.0
2013-12-16 22:00:00+00:00,19.99062,20.24587,19.69754,19.90894,60130.0
2013-12-17 22:00:00+00:00,19.90898,20.2803,19.645,19.73516,102237.0
2013-12-18 22:00:00+00:00,19.73532,19.92056,19.13154,19.24951,68848.0
2013-12-19 22:00:00+00:00,19.24862,19.54054,19.1515,19.40704,38829.0
2013-12-22 22:00:00+00:00,19.42894,19.54352,19.29188,19.45827,31389.0
2013-12-23 22:00:00+00:00,19.45746,19.59172,19.33497,19.50751,18786.0
2013-12-25 22:00:00+00:00,19.52625,20.05294,19.4397,19.77021,38146.0
2013-12-26 22:00:00+00:00,19.76908,20.12298,19.76809,20.0844,31533.0
2013-12-29 22:00:00+00:00,20.0844,20.1915,19.48246,19.57776,28579.0
2013-12-30 22:00:00+00:00,19.5777,19.83422,18.64132,19.45495,73026.0
2014-01-01 22:00:00+00:00,19.45818,20.44242,19.45818,20.02021,84094.0
2014-01-02 22:00:00+00:00,20.01953,20.31962,20.00092,20.15972,45555.0
2014-01-05 22:00:00+00:00,20.15757,20.35746,19.9606,20.18588,43743.0
2014-01-06 22:00:00+00:00,20.18468,20.28628,19.64205,19.87347,23492.0
2014-01-07 22:00:00+00:00,19.87439,19.87725,19.32543,19.53753,40203.0
2014-01-08 22:00:00+00:00,19.53702,19.72294,19.41271,19.58489,23986.0
2014-01-09 22:00:00+00:00,19.58387,20.25774,19.56224,20.15793,43970.0
2014-01-12 22:00:00+00:00,20.17817,20.47018,19.9664,20.4024,24275.0
2014-01-13 22:00:00+00:00,20.40172,20.62452,20.15422,20.24963,33456.0
2014-01-14 22:00:00+00:00,20.24904,20.274,19.94184,20.19307,24099.0
2014-01-15 22:00:00+00:00,20.19395,20.25407,19.98032,20.10033,12081.0
2014-01-16 22:00:00+00:00,20.10208,20.42874,19.97533,20.30106,16406.0
2014-01-19 22:00:00+00:00,20.29983,20.43118,20.28366,20.32202,15532.0
2014-01-20 22:00:00+00:00,20.31387,20.33612,19.67673,19.88717,20506.0
2014-01-21 22:00:00+00:00,19.8856,19.94717,19.7597,19.79528,10756.0
2014-01-22 22:00:00+00:00,19.7959,20.3157,19.65533,20.03993,23765.0
2014-01-23 22:00:00+00:00,20.0382,20.29253,19.72996,19.91666,31068.0
2014-01-26 22:00:00+00:00,19.94478,20.09348,19.56836,19.6991,24224.0
2014-01-27 22:00:00+00:00,19.69834,19.84793,19.47274,19.58286,19483.0
2014-01-28 22:00:00+00:00,19.58505,19.97734,19.47764,19.75836,44599.0
2014-01-29 22:00:00+00:00,19.75664,19.75994,19.00826,19.16134,41170.0
2014-01-30 22:00:00+00:00,19.1675,19.48182,19.09107,19.17903,31219.0
2014-02-02 22:00:00+00:00,19.15003,19.64564,19.08832,19.33904,35165.0
2014-02-03 22:00:00+00:00,19.33837,19.53228,19.28707,19.49838,23243.0
2014-02-04 22:00:00+00:00,19.49787,20.31812,19.46274,19.8915,40014.0
2014-02-05 22:00:00+00:00,19.89276,20.1891,19.85433,19.96784,25589.0
2014-02-06 22:00:00+00:00,19.9675,20.10705,19.77903,20.02293,38011.0
2014-02-09 22:00:00+00:00,20.00298,20.2992,19.98551,20.08004,17868.0
2014-02-10 22:00:00+00:00,20.07936,20.29906,19.93755,20.23453,42166.0
2014-02-11 22:00:00+00:00,20.23496,20.40864,20.10249,20.24278,29961.0
2014-02-12 22:00:00+00:00,20.24407,20.53511,20.14448,20.49698,24869.0
2014-02-13 22:00:00+00:00,20.4925,21.49627,20.46421,21.47816,43016.0
2014-02-16 22:00:00+00:00,21.48365,21.98036,21.47772,21.83244,28908.0
2014-02-17 22:00:00+00:00,21.82936,21.97989,21.32573,21.93751,28219.0
2014-02-18 22:00:00+00:00,21.93064,21.95458,21.38098,21.52964,42751.0
2014-02-19 22:00:00+00:00,21.52796,21.89996,21.40309,21.82828,41520.0
2014-02-20 22:00:00+00:00,21.8283,21.9735,21.58216,21.85045,31069.0
2014-02-23 22:00:00+00:00,21.8769,22.17988,21.52034,21.97584,36865.0
2014-02-24 22:00:00+00:00,21.97718,22.02743,21.68238,21.8572,31335.0
2014-02-25 22:00:00+00:00,21.86849,22.0401,21.09951,21.23622,45268.0
2014-02-26 22:00:00+00:00,21.2404,21.49246,21.00096,21.26993,36174.0
2014-02-27 22:00:00+00:00,21.2668,21.41164,21.08836,21.22403,40187.0
2014-03-02 22:00:00+00:00,21.34001,21.72436,21.24116,21.4238,55698.0
2014-03-03 22:00:00+00:00,21.41672,21.52044,21.03162,21.17235,36543.0
2014-03-04 22:00:00+00:00,21.17132,21.32292,21.14673,21.1694,29739.0
2014-03-05 22:00:00+00:00,21.16968,21.63702,21.08972,21.4738,28566.0
2014-03-06 22:00:00+00:00,21.46959,21.5905,20.75975,20.90864,47537.0
2014-03-09 21:00:00+00:00,20.90902,21.03919,20.60846,20.81765,35593.0
2014-03-10 21:00:00+00:00,20.81826,21.31198,20.66595,20.84894,46069.0
2014-03-11 21:00:00+00:00,20.84558,21.42164,20.81767,21.30368,56831.0
2014-03-12 21:00:00+00:00,21.29723,21.4683,21.1037,21.1787,42093.0
2014-03-13 21:00:00+00:00,21.19364,21.78582,21.13082,21.4475,60853.0
2014-03-16 21:00:00+00:00,21.47986,21.64003,21.1261,21.18778,44864.0
2014-03-17 21:00:00+00:00,21.1859,21.23959,20.62944,20.83088,42444.0
2014-03-18 21:00:00+00:00,20.8307,20.96023,20.50342,20.61622,61938.0
2014-03-19 21:00:00+00:00,20.58438,20.72095,20.1425,20.26342,38563.0
2014-03-20 21:00:00+00:00,20.25859,20.58274,20.2526,20.32115,28402.0
2014-03-23 21:00:00+00:00,20.28342,20.31074,19.92708,19.94905,34867.0
2014-03-24 21:00:00+00:00,19.94798,20.2156,19.90642,19.98784,33638.0
2014-03-25 21:00:00+00:00,19.98881,20.14015,19.68667,19.7698,23979.0
2014-03-26 21:00:00+00:00,19.76443,19.86217,19.57927,19.70464,38080.0
2014-03-27 21:00:00+00:00,19.70726,19.92814,19.63346,19.83124,24751.0
2014-03-30 21:00:00+00:00,19.83052,20.00927,19.73671,19.773,24526.0
2014-03-31 21:00:00+00:00,19.77192,19.91303,19.64496,19.76798,23354.0
2014-04-01 21:00:00+00:00,19.77214,20.14998,19.74596,19.9799,13493.0
2014-04-02 21:00:00+00:00,19.97446,20.08753,19.67295,19.84984,16867.0
2014-04-03 21:00:00+00:00,19.8375,20.23647,19.79705,19.96481,24554.0
2014-04-06 21:00:00+00:00,19.97,20.02085,19.79119,19.87779,10874.0
2014-04-07 21:00:00+00:00,19.8802,20.18208,19.8685,20.04206,18271.0
2014-04-08 21:00:00+00:00,20.06706,20.10382,19.61842,19.88631,31493.0
2014-04-09 21:00:00+00:00,19.88708,20.39808,19.86436,20.04749,27247.0
2014-04-10 21:00:00+00:00,20.04133,20.13718,19.91998,20.00192,24020.0
2014-04-13 21:00:00+00:00,19.99139,20.1482,19.73513,19.98843,22962.0
2014-04-14 21:00:00+00:00,19.9831,20.00608,19.23765,19.61596,46108.0
2014-04-15 21:00:00+00:00,19.60403,19.82537,19.35014,19.6632,27254.0
2014-04-16 21:00:00+00:00,19.65246,19.73317,19.50964,19.64157,27521.0
2014-04-17 21:00:00+00:00,19.64674,19.65637,19.64674,19.65637,11.0
2014-04-20 21:00:00+00:00,19.64488,19.72446,19.24903,19.44656,47139.0
2014-04-21 21:00:00+00:00,19.44491,19.54246,19.30846,19.4248,29143.0
2014-04-22 21:00:00+00:00,19.41822,19.55828,19.39556,19.45618,16444.0
2014-04-23 21:00:00+00:00,19.45618,19.92277,18.95197,19.66121,40464.0
2014-04-24 21:00:00+00:00,19.65814,19.81644,19.5268,19.7326,26524.0
2014-04-27 21:00:00+00:00,19.68364,19.76056,19.49692,19.60034,22292.0
2014-04-28 21:00:00+00:00,19.59105,19.6119,19.32538,19.4645,19498.0
2014-04-29 21:00:00+00:00,19.47392,19.4912,19.05678,19.19896,35382.0
2014-04-30 21:00:00+00:00,19.1966,19.2428,18.58809,19.04042,45537.0
2014-05-01 21:00:00+00:00,19.03542,19.69366,18.93322,19.4963,63649.0
2014-05-04 21:00:00+00:00,19.51775,19.73892,19.47686,19.6094,48741.0
2014-05-05 21:00:00+00:00,19.6141,19.71023,19.49642,19.58614,38560.0
2014-05-06 21:00:00+00:00,19.58865,19.76641,19.28961,19.32314,54922.0
2014-05-07 21:00:00+00:00,19.33047,19.3927,19.1196,19.18966,48632.0
2014-05-08 21:00:00+00:00,19.1729,19.323,19.04795,19.1671,36460.0
2014-05-11 21:00:00+00:00,19.16314,19.66904,19.04762,19.53828,50492.0
2014-05-12 21:00:00+00:00,19.5354,19.61477,19.36966,19.53432,45402.0
2014-05-13 21:00:00+00:00,19.53,19.99879,19.50922,19.78054,44974.0
2014-05-14 21:00:00+00:00,19.78165,19.83436,19.42164,19.49896,58435.0
2014-05-15 21:00:00+00:00,19.50361,19.53748,19.25887,19.3762,37930.0
2014-05-18 21:00:00+00:00,19.35807,19.68977,19.31076,19.3652,41052.0
2014-05-19 21:00:00+00:00,19.3548,19.46249,19.24698,19.41496,43922.0
2014-05-20 21:00:00+00:00,19.41086,19.50805,19.28166,19.40982,34549.0
2014-05-21 21:00:00+00:00,19.39332,19.83398,19.36378,19.51254,41126.0
2014-05-22 21:00:00+00:00,19.50321,19.5294,19.30045,19.46021,24252.0
2014-05-25 21:00:00+00:00,19.42937,19.50441,19.38383,19.46018,15731.0
2014-05-26 21:00:00+00:00,19.44122,19.46016,19.03336,19.06894,60173.0
2014-05-27 21:00:00+00:00,19.07902,19.17198,18.98722,19.03279,40381.0
2014-05-28 21:00:00+00:00,19.05106,19.10798,18.80236,19.03728,39543.0
2014-05-29 21:00:00+00:00,19.04463,19.10868,18.63804,18.82233,43518.0
2014-06-01 21:00:00+00:00,18.81969,18.8921,18.67135,18.75486,24411.0
2014-06-02 21:00:00+00:00,18.74418,18.94472,18.73523,18.80873,9979.0
2014-06-03 21:00:00+00:00,18.82046,18.89555,18.75224,18.81363,10786.0
2014-06-04 21:00:00+00:00,18.80619,19.14646,18.71622,19.05699,19695.0
2014-06-05 21:00:00+00:00,19.03368,19.20335,18.90368,19.02842,20696.0
2014-06-08 21:00:00+00:00,19.04258,19.21165,18.9964,19.0619,8168.0
2014-06-09 21:00:00+00:00,19.05646,19.2654,18.98287,19.21016,7907.0
2014-06-10 21:00:00+00:00,19.21844,19.33885,19.16168,19.21294,6928.0
2014-06-11 21:00:00+00:00,19.21273,19.57772,19.17137,19.54424,15238.0
2014-06-12 21:00:00+00:00,19.55014,19.74698,19.50137,19.70994,12977.0
2014-06-15 21:00:00+00:00,19.71426,19.89788,19.5827,19.67912,18120.0
2014-06-16 21:00:00+00:00,19.68684,19.75758,19.4684,19.73294,13116.0
2014-06-17 21:00:00+00:00,19.73054,19.92301,19.67082,19.88963,13927.0
2014-06-18 21:00:00+00:00,19.88498,20.92906,19.83662,20.80515,32380.0
2014-06-19 21:00:00+00:00,20.80793,20.98724,20.58652,20.86986,34452.0
2014-06-22 21:00:00+00:00,20.86819,20.942,20.74041,20.88186,17793.0
2014-06-23 21:00:00+00:00,20.88924,21.1676,20.81104,20.91808,18893.0
2014-06-24 21:00:00+00:00,20.91988,21.16712,20.71271,21.03431,17843.0
2014-06-25 21:00:00+00:00,21.03497,21.12585,20.80432,21.1076,14760.0
2014-06-26 21:00:00+00:00,21.10894,21.20613,20.92004,20.96584,12443.0
2014-06-29 21:00:00+00:00,20.98286,21.12064,20.76907,21.03248,13667.0
2014-06-30 21:00:00+00:00,21.03482,21.22741,21.01189,21.033,14276.0
2014-07-01 21:00:00+00:00,21.04696,21.29025,20.92202,21.16147,10937.0
2014-07-02 21:00:00+00:00,21.15984,21.17823,20.79936,21.14335,19425.0
2014-07-03 21:00:00+00:00,21.14054,21.23725,21.08626,21.15442,5582.0
2014-07-06 21:00:00+00:00,21.15,21.1596,20.82724,21.05084,10966.0
2014-07-07 21:00:00+00:00,21.052,21.19736,20.91543,21.03719,9131.0
2014-07-08 21:00:00+00:00,21.03064,21.2336,20.99897,21.12412,13884.0
2014-07-09 21:00:00+00:00,21.12828,21.57831,21.07866,21.40448,12699.0
2014-07-10 21:00:00+00:00,21.39468,21.50686,21.36667,21.44565,4487.0
2014-07-13 21:00:00+00:00,21.4374,21.4655,20.85553,20.91405,15789.0
2014-07-14 21:00:00+00:00,20.92421,21.07954,20.67104,20.68693,18316.0
2014-07-15 21:00:00+00:00,20.6876,20.83049,20.5877,20.77022,6660.0
2014-07-16 21:00:00+00:00,20.77364,21.24534,20.71866,21.15462,17780.0
2014-07-17 21:00:00+00:00,21.14909,21.26126,20.736,20.87534,10909.0
2014-07-20 21:00:00+00:00,20.87933,21.1141,20.81194,20.9261,6019.0
2014-07-21 21:00:00+00:00,20.92522,21.07477,20.74389,20.94934,13810.0
2014-07-22 21:00:00+00:00,20.95362,21.05506,20.89949,20.91344,5136.0
2014-07-23 21:00:00+00:00,20.91281,20.92544,20.31341,20.37934,15581.0
2014-07-24 21:00:00+00:00,20.38827,20.76786,20.3137,20.7387,7749.0
2014-07-27 21:00:00+00:00,20.70022,20.73494,20.517,20.58536,6875.0
2014-07-28 21:00:00+00:00,20.58127,20.80793,20.46877,20.57955,8553.0
2014-07-29 21:00:00+00:00,20.57504,20.7225,20.462,20.61076,12864.0
2014-07-30 21:00:00+00:00,20.61392,20.7401,20.34204,20.39356,7977.0
2014-07-31 21:00:00+00:00,20.39754,20.54918,20.25802,20.3342,16563.0
2014-08-03 21:00:00+00:00,20.3441,20.46035,20.15597,20.16554,5088.0
2014-08-04 21:00:00+00:00,20.16778,20.27501,19.75341,19.7761,8033.0
2014-08-05 21:00:00+00:00,19.77756,20.12246,19.75726,20.04167,6294.0
2014-08-06 21:00:00+00:00,20.03736,20.11701,19.88858,19.96596,7642.0
2014-08-07 21:00:00+00:00,19.96506,20.17643,19.83599,19.89695,8957.0
2014-08-10 21:00:00+00:00,19.92,20.10935,19.84232,20.01706,3666.0
2014-08-11 21:00:00+00:00,20.02208,20.14992,19.87403,19.92224,3966.0
2014-08-12 21:00:00+00:00,19.92512,20.08205,19.71267,19.83142,4769.0
2014-08-13 21:00:00+00:00,19.82562,19.98969,19.80466,19.88753,4698.0
2014-08-14 21:00:00+00:00,19.88,19.95686,19.5224,19.56349,7598.0
2014-08-17 21:00:00+00:00,19.58498,19.70294,19.48406,19.63266,3085.0
2014-08-18 21:00:00+00:00,19.62136,19.7169,19.39031,19.43795,3296.0
2014-08-19 21:00:00+00:00,19.43315,19.6053,19.4255,19.48537,3879.0
2014-08-20 21:00:00+00:00,19.48204,19.50227,19.32127,19.44318,4236.0
2014-08-21 21:00:00+00:00,19.44318,19.58349,19.32219,19.42282,3995.0
2014-08-24 21:00:00+00:00,19.45329,19.50544,19.33626,19.35848,1860.0
2014-08-25 21:00:00+00:00,19.361,19.69606,19.34472,19.37356,3345.0
2014-08-26 21:00:00+00:00,19.37006,19.51128,19.32826,19.46284,2368.0
2014-08-27 21:00:00+00:00,19.45966,19.90525,19.44611,19.5067,4514.0
2014-08-28 21:00:00+00:00,19.50353,19.63827,19.44308,19.46315,3396.0
2014-08-31 21:00:00+00:00,19.48136,19.53854,19.41517,19.4902,1213.0
2014-09-01 21:00:00+00:00,19.48632,19.50002,19.09517,19.17274,4551.0
2014-09-02 21:00:00+00:00,19.1751,19.25862,19.11742,19.18307,3739.0
2014-09-03 21:00:00+00:00,19.18598,19.36701,19.03184,19.04772,5396.0
2014-09-04 21:00:00+00:00,19.05127,19.24564,19.00738,19.19488,3975.0
2014-09-07 21:00:00+00:00,19.18,19.3288,18.92147,19.0331,3613.0
2014-09-08 21:00:00+00:00,19.02952,19.14384,18.87808,19.05822,4356.0
2014-09-09 21:00:00+00:00,19.07126,19.11341,18.89295,18.97009,4498.0
2014-09-10 21:00:00+00:00,18.96579,18.97508,18.58211,18.70853,5933.0
2014-09-11 21:00:00+00:00,18.72176,18.72176,18.46466,18.63844,5041.0
2014-09-14 21:00:00+00:00,18.63844,18.7092,18.56098,18.68235,3722.0
2014-09-15 21:00:00+00:00,18.6756,18.8899,18.61377,18.719,4679.0
2014-09-16 21:00:00+00:00,18.71032,18.79863,18.49743,18.54438,6308.0
2014-09-17 21:00:00+00:00,18.54216,18.62763,18.29042,18.54056,5831.0
2014-09-18 21:00:00+00:00,18.53561,18.59704,17.80146,17.83047,7812.0
2014-09-21 21:00:00+00:00,17.8715,17.87902,17.34892,17.74856,9492.0
2014-09-22 21:00:00+00:00,17.75896,18.00918,17.6401,17.80028,7429.0
2014-09-23 21:00:00+00:00,17.80696,17.88481,17.5386,17.70073,6833.0
2014-09-24 21:00:00+00:00,17.69767,17.71098,17.33379,17.52919,7837.0
2014-09-25 21:00:00+00:00,17.5193,17.74267,17.46512,17.64438,6547.0
2014-09-28 21:00:00+00:00,17.6082,17.64813,17.45042,17.49626,5390.0
2014-09-29 21:00:00+00:00,17.49344,17.59032,16.87253,16.97608,9878.0
2014-09-30 21:00:00+00:00,16.97261,17.44719,16.88706,17.18104,8779.0
2014-10-01 21:00:00+00:00,17.17613,17.35642,16.94703,17.11108,9433.0
2014-10-02 21:00:00+00:00,17.11516,17.16922,16.73378,16.84446,8735.0
2014-10-05 21:00:00+00:00,16.84195,17.37107,16.68252,17.3418,7691.0
2014-10-06 21:00:00+00:00,17.34592,17.63091,17.1069,17.18838,8777.0
2014-10-07 21:00:00+00:00,17.18394,17.47895,17.06485,17.37473,9364.0
2014-10-08 21:00:00+00:00,17.3823,17.72447,17.33466,17.36968,9270.0
2014-10-09 21:00:00+00:00,17.37422,17.40537,17.21306,17.39531,6865.0
2014-10-12 21:00:00+00:00,17.37,17.60181,17.29071,17.48756,6879.0
2014-10-13 21:00:00+00:00,17.49032,17.57176,17.33295,17.39409,5548.0
2014-10-14 21:00:00+00:00,17.39083,17.81938,17.03489,17.47094,13571.0
2014-10-15 21:00:00+00:00,17.4626,17.54911,17.21157,17.39202,10865.0
2014-10-16 21:00:00+00:00,17.38764,17.44462,17.23108,17.26974,6285.0
2014-10-19 21:00:00+00:00,17.31718,17.53002,17.26669,17.43954,4381.0
2014-10-20 21:00:00+00:00,17.43453,17.66303,17.36752,17.51496,6145.0
2014-10-21 21:00:00+00:00,17.51028,17.53368,17.12997,17.16217,5196.0
2014-10-22 21:00:00+00:00,17.16485,17.25579,17.04736,17.1966,5380.0
2014-10-23 21:00:00+00:00,17.20136,17.36381,17.14378,17.20344,3762.0
2014-10-26 21:00:00+00:00,17.17979,17.24002,17.10149,17.13127,3220.0
2014-10-27 21:00:00+00:00,17.12716,17.4127,17.08078,17.21353,4296.0
2014-10-28 21:00:00+00:00,17.21963,17.33698,17.04064,17.0878,4501.0
2014-10-29 21:00:00+00:00,17.09258,17.22551,16.36136,16.50302,9326.0
2014-10-30 21:00:00+00:00,16.50765,16.54402,15.76637,16.15931,14485.0
2014-11-02 22:00:00+00:00,16.13,16.24128,15.77537,16.15518,7143.0
2014-11-03 22:00:00+00:00,16.15942,16.19047,15.93362,16.03282,6325.0
2014-11-04 22:00:00+00:00,16.02785,16.06314,15.14559,15.33868,11995.0
2014-11-05 22:00:00+00:00,15.34888,15.47661,15.23768,15.41852,9475.0
2014-11-06 22:00:00+00:00,15.41248,15.80312,15.06908,15.78704,13486.0
2014-11-09 22:00:00+00:00,15.82347,15.90319,15.50584,15.60998,7592.0
2014-11-10 22:00:00+00:00,15.60184,15.89674,15.47149,15.7176,8689.0
2014-11-11 22:00:00+00:00,15.71179,15.78812,15.57522,15.68828,7427.0
2014-11-12 22:00:00+00:00,15.68416,15.79939,15.56321,15.64932,7358.0
2014-11-13 22:00:00+00:00,15.6388,16.39246,15.27202,16.2937,48154.0
2014-11-16 22:00:00+00:00,16.33855,16.48575,16.03627,16.14165,29392.0
2014-11-17 22:00:00+00:00,16.17008,16.41566,16.00956,16.20589,12238.0
2014-11-18 22:00:00+00:00,16.17042,16.56612,15.91156,16.16172,72893.0
2014-11-19 22:00:00+00:00,16.1451,16.35294,15.98088,16.28594,23150.0
2014-11-20 22:00:00+00:00,16.30085,16.63186,16.1234,16.43836,32978.0
2014-11-23 22:00:00+00:00,16.4,16.5026,16.27975,16.48716,6924.0
2014-11-24 22:00:00+00:00,16.47612,16.72889,16.47612,16.69056,11699.0
2014-11-25 22:00:00+00:00,16.69499,16.69499,16.49729,16.51358,5225.0
2014-11-26 22:00:00+00:00,16.51662,16.56446,16.16728,16.24092,9085.0
2014-11-27 22:00:00+00:00,16.24092,16.28434,15.42422,15.45142,15166.0
2014-11-30 22:00:00+00:00,15.35716,16.80142,14.3295,16.46246,56679.0
2014-12-01 22:00:00+00:00,16.44996,16.52934,16.07719,16.4807,18418.0
2014-12-02 22:00:00+00:00,16.47585,16.58928,16.22884,16.4172,11497.0
2014-12-03 22:00:00+00:00,16.42265,16.67051,16.37418,16.45683,13730.0
2014-12-04 22:00:00+00:00,16.46393,16.55323,16.22125,16.29242,15184.0
2014-12-07 22:00:00+00:00,16.2775,16.43568,16.15712,16.36295,8871.0
2014-12-08 22:00:00+00:00,16.36658,17.2147,16.2883,17.08847,19084.0
2014-12-09 22:00:00+00:00,17.09945,17.32212,16.92474,17.06396,17878.0
2014-12-10 22:00:00+00:00,17.06043,17.22148,16.9309,17.10161,15464.0
2014-12-11 22:00:00+00:00,17.08203,17.21204,16.99328,17.03882,23680.0
2014-12-14 22:00:00+00:00,17.03882,17.06217,16.12686,16.15956,33890.0
2014-12-15 22:00:00+00:00,16.17414,16.65372,15.53634,15.7286,65694.0
2014-12-16 22:00:00+00:00,15.73279,16.06222,15.61546,15.75806,66649.0
2014-12-17 22:00:00+00:00,15.73848,16.22926,15.73173,15.89068,31295.0
2014-12-18 22:00:00+00:00,15.87503,16.10854,15.83548,16.07364,14961.0
2014-12-21 22:00:00+00:00,16.12253,16.17151,15.52974,15.6826,27387.0
2014-12-22 22:00:00+00:00,15.66997,15.90666,15.563,15.76379,23410.0
2014-12-23 22:00:00+00:00,15.75219,15.87148,15.6876,15.7723,10642.0
2014-12-25 22:00:00+00:00,15.78023,16.31528,15.76447,16.08301,19329.0
2014-12-28 22:00:00+00:00,16.0665,16.26406,15.72566,15.80354,25789.0
2014-12-29 22:00:00+00:00,15.80737,16.48172,15.75668,16.30465,23223.0
2014-12-30 22:00:00+00:00,16.30764,16.32173,15.55716,15.59972,6660.0
2015-01-01 22:00:00+00:00,15.73792,16.07304,15.5416,15.76376,9606.0
2015-01-04 22:00:00+00:00,15.80194,16.27296,15.65106,16.18569,21820.0
2015-01-05 22:00:00+00:00,16.20033,16.7253,16.12058,16.53597,24917.0
2015-01-06 22:00:00+00:00,16.53174,16.65668,16.30235,16.53034,22613.0
2015-01-07 22:00:00+00:00,16.54764,16.66011,16.3054,16.3613,15618.0
2015-01-08 22:00:00+00:00,16.37775,16.62752,16.20332,16.50256,25345.0
2015-01-11 22:00:00+00:00,16.48623,16.68285,16.43063,16.58452,14853.0
2015-01-12 22:00:00+00:00,16.5694,17.20172,16.56594,17.05564,25565.0
2015-01-13 22:00:00+00:00,17.04048,17.08672,16.55023,16.85112,36333.0
2015-01-14 22:00:00+00:00,16.863,17.2307,16.69928,16.95549,53752.0
2015-01-15 22:00:00+00:00,16.9397,17.8434,16.89194,17.79768,56762.0
2015-01-18 22:00:00+00:00,17.80728,18.01342,17.61486,17.70126,21925.0
2015-01-19 22:00:00+00:00,17.70126,18.02719,17.62808,18.00129,23881.0
2015-01-20 22:00:00+00:00,17.98714,18.49,17.90268,18.12922,48124.0
2015-01-21 22:00:00+00:00,18.11705,18.47713,17.90404,18.33159,48511.0
2015-01-22 22:00:00+00:00,18.34366,18.40154,18.10726,18.29178,30369.0
2015-01-25 22:00:00+00:00,18.308,18.47984,17.85766,17.91738,26849.0
2015-01-26 22:00:00+00:00,17.94036,18.21263,17.49328,18.06744,23625.0
2015-01-27 22:00:00+00:00,18.05665,18.1605,17.93415,18.00385,20791.0
2015-01-28 22:00:00+00:00,17.97562,18.04368,16.74452,16.95328,44092.0
2015-01-29 22:00:00+00:00,16.97149,17.32359,16.81971,17.24308,28803.0
2015-02-01 22:00:00+00:00,17.2476,17.34129,17.00098,17.21017,21213.0
2015-02-02 22:00:00+00:00,17.20736,17.75105,17.07882,17.29262,28780.0
2015-02-03 22:00:00+00:00,17.32107,17.66517,17.17484,17.37606,28170.0
2015-02-04 22:00:00+00:00,17.39019,17.501,16.92914,17.26896,20148.0
2015-02-05 22:00:00+00:00,17.25186,17.38354,16.56113,16.72986,33005.0
2015-02-08 22:00:00+00:00,16.80158,17.16968,16.70493,17.0,13733.0
2015-02-09 22:00:00+00:00,17.01621,17.11445,16.73878,16.92535,13049.0
2015-02-10 22:00:00+00:00,16.92091,17.10166,16.73637,16.80907,11512.0
2015-02-11 22:00:00+00:00,16.80978,17.0669,16.63275,16.85136,14217.0
2015-02-12 22:00:00+00:00,16.85884,17.4525,16.8467,17.35478,13400.0
2015-02-15 22:00:00+00:00,17.35478,17.4231,17.27591,17.31076,5308.0
2015-02-16 22:00:00+00:00,17.2931,17.34364,16.30067,16.52558,22112.0
2015-02-17 22:00:00+00:00,16.51237,16.61086,16.26563,16.50201,16961.0
2015-02-18 22:00:00+00:00,16.5132,16.80161,16.36037,16.38977,17057.0
2015-02-19 22:00:00+00:00,16.37519,16.58605,16.19755,16.24156,14596.0
2015-02-22 22:00:00+00:00,16.27468,16.6208,16.10232,16.33436,16215.0
2015-02-23 22:00:00+00:00,16.32126,16.49903,16.08972,16.29337,17707.0
2015-02-24 22:00:00+00:00,16.27626,16.74343,16.27626,16.56996,11301.0
2015-02-25 22:00:00+00:00,16.58271,16.90195,16.52056,16.56626,9227.0
2015-02-26 22:00:00+00:00,16.57935,16.70481,16.42474,16.59433,11486.0
2015-03-01 22:00:00+00:00,16.60837,16.79413,16.35568,16.3943,13629.0
2015-03-02 22:00:00+00:00,16.39014,16.59316,16.08372,16.2814,24615.0
2015-03-03 22:00:00+00:00,16.29328,16.38218,16.08518,16.25211,13503.0
2015-03-04 22:00:00+00:00,16.22972,16.37782,16.16251,16.21394,11323.0
2015-03-05 22:00:00+00:00,16.22552,16.26283,15.7744,15.90074,29098.0
2015-03-08 21:00:00+00:00,15.97,15.99199,15.7401,15.77388,12526.0
2015-03-09 21:00:00+00:00,15.75393,15.85588,15.62041,15.67964,15191.0
2015-03-10 21:00:00+00:00,15.66755,15.77352,15.29411,15.50675,16267.0
2015-03-11 21:00:00+00:00,15.49241,15.71586,15.41464,15.59417,13907.0
2015-03-12 21:00:00+00:00,15.60874,15.68989,15.48067,15.64758,10611.0
2015-03-15 21:00:00+00:00,15.659,15.78325,15.51534,15.65868,9920.0
2015-03-16 21:00:00+00:00,15.64595,15.75338,15.3951,15.56973,18237.0
2015-03-17 21:00:00+00:00,15.55371,16.1226,15.46484,15.94796,40049.0
2015-03-18 21:00:00+00:00,15.95098,16.21148,15.8286,16.1352,26727.0
2015-03-19 21:00:00+00:00,16.15192,16.90968,16.10292,16.74844,22062.0
2015-03-22 21:00:00+00:00,16.80963,17.1064,16.63277,16.9858,18262.0
2015-03-23 21:00:00+00:00,17.01379,17.05465,16.82192,16.966,12434.0
2015-03-24 21:00:00+00:00,16.97773,17.1516,16.85774,16.96881,12024.0
2015-03-25 21:00:00+00:00,16.98743,17.41696,16.9312,17.11932,17181.0
2015-03-26 21:00:00+00:00,17.10759,17.21156,16.86427,16.9488,19659.0
2015-03-29 21:00:00+00:00,17.00255,17.00481,16.64304,16.72668,8050.0
2015-03-30 21:00:00+00:00,16.72332,16.84644,16.45406,16.66514,12211.0
2015-03-31 21:00:00+00:00,16.66834,17.09563,16.52766,16.95939,12720.0
2015-04-01 21:00:00+00:00,16.94764,17.01899,16.59922,16.76913,17086.0
2015-04-02 21:00:00+00:00,16.78232,16.78863,16.7573,16.78003,31.0
2015-04-05 21:00:00+00:00,17.03441,17.32491,16.95115,16.99063,18932.0
2015-04-06 21:00:00+00:00,16.97874,17.00567,16.74602,16.86378,8859.0
2015-04-07 21:00:00+00:00,16.84709,16.92316,16.39598,16.5233,18594.0
2015-04-08 21:00:00+00:00,16.53558,16.54848,16.14009,16.18903,14768.0
2015-04-09 21:00:00+00:00,16.177,16.68662,16.16939,16.47544,17636.0
2015-04-12 21:00:00+00:00,16.46271,16.54686,16.25825,16.27549,10389.0
2015-04-13 21:00:00+00:00,16.2888,16.3802,15.99938,16.17653,16329.0
2015-04-14 21:00:00+00:00,16.16214,16.4126,16.08505,16.34972,8614.0
2015-04-15 21:00:00+00:00,16.33744,16.51739,16.14248,16.28668,10990.0
2015-04-16 21:00:00+00:00,16.3048,16.53121,16.22823,16.275,9499.0
2015-04-19 21:00:00+00:00,16.3003,16.39048,15.87262,15.97708,11193.0
2015-04-20 21:00:00+00:00,15.98057,16.21085,15.91358,16.02992,6592.0
2015-04-21 21:00:00+00:00,16.04161,16.12169,15.69957,15.80156,10017.0
2015-04-22 21:00:00+00:00,15.81337,15.96548,15.76048,15.88838,6944.0
2015-04-23 21:00:00+00:00,15.90092,15.93295,15.6031,15.73503,12865.0
2015-04-26 21:00:00+00:00,15.75316,16.49407,15.73019,16.40027,16068.0
2015-04-27 21:00:00+00:00,16.42076,16.70164,16.31668,16.64392,17338.0
2015-04-28 21:00:00+00:00,16.63182,16.72802,16.42632,16.56083,18344.0
2015-04-29 21:00:00+00:00,16.55004,16.73863,15.81956,16.15416,21011.0
2015-04-30 21:00:00+00:00,16.13858,16.27879,15.91696,16.15434,15575.0
2015-05-03 21:00:00+00:00,16.16508,16.77964,16.14889,16.41142,19516.0
2015-05-04 21:00:00+00:00,16.42427,16.71779,16.3546,16.55235,7963.0
2015-05-05 21:00:00+00:00,16.56878,16.66557,16.39318,16.51604,12722.0
2015-05-06 21:00:00+00:00,16.52306,16.56768,16.1828,16.33028,8686.0
2015-05-07 21:00:00+00:00,16.34249,16.57088,16.27419,16.4686,24509.0
2015-05-10 21:00:00+00:00,16.46083,16.56642,16.22227,16.30178,7387.0
2015-05-11 21:00:00+00:00,16.31503,16.6102,16.15295,16.53899,9643.0
2015-05-12 21:00:00+00:00,16.53812,17.23514,16.49988,17.13074,19381.0
2015-05-13 21:00:00+00:00,17.1173,17.58455,17.07493,17.46279,15759.0
2015-05-14 21:00:00+00:00,17.47981,17.58219,17.20805,17.50806,11585.0
2015-05-17 21:00:00+00:00,17.548,17.77983,17.47508,17.72684,9636.0
2015-05-18 21:00:00+00:00,17.73963,17.74197,16.88002,17.11318,18169.0
2015-05-19 21:00:00+00:00,17.1007,17.29252,16.95009,17.12108,13530.0
2015-05-20 21:00:00+00:00,17.1095,17.25755,17.01598,17.16571,11707.0
2015-05-21 21:00:00+00:00,17.15293,17.34441,16.94825,17.11266,11920.0
2015-05-24 21:00:00+00:00,17.04797,17.19119,17.01269,17.12912,4292.0
2015-05-25 21:00:00+00:00,17.14335,17.15254,16.65842,16.75228,15625.0
2015-05-26 21:00:00+00:00,16.7638,16.82676,16.60288,16.69572,7866.0
2015-05-27 21:00:00+00:00,16.68357,16.79157,16.55135,16.69726,9148.0
2015-05-28 21:00:00+00:00,16.70979,16.84666,16.66078,16.7515,9768.0
2015-05-31 21:00:00+00:00,16.71279,17.1881,16.61264,16.75836,19869.0
2015-06-01 21:00:00+00:00,16.74651,16.86857,16.64117,16.80166,10740.0
2015-06-02 21:00:00+00:00,16.7874,16.82719,16.41358,16.53707,11230.0
2015-06-03 21:00:00+00:00,16.51549,16.54192,16.1288,16.14986,14333.0
2015-06-04 21:00:00+00:00,16.12489,16.21506,15.98163,16.1081,21357.0
2015-06-07 21:00:00+00:00,16.09405,16.16384,15.93996,15.98727,8097.0
2015-06-08 21:00:00+00:00,15.99698,16.19496,15.95578,15.97602,6780.0
2015-06-09 21:00:00+00:00,15.98866,16.2476,15.95339,16.04097,10227.0
2015-06-10 21:00:00+00:00,16.02252,16.08749,15.82848,16.04532,11558.0
2015-06-11 21:00:00+00:00,16.05712,16.06755,15.84774,15.97264,5006.0
2015-06-14 21:00:00+00:00,15.95022,16.28356,15.86719,16.0904,9265.0
2015-06-15 21:00:00+00:00,16.07822,16.1609,15.9005,16.03788,3725.0
2015-06-16 21:00:00+00:00,16.02611,16.28617,15.93596,16.13706,15185.0
2015-06-17 21:00:00+00:00,16.12504,16.46806,16.07213,16.18168,11301.0
2015-06-18 21:00:00+00:00,16.16981,16.23627,15.91345,16.11422,4965.0
2015-06-21 21:00:00+00:00,16.12999,16.2799,16.04038,16.21844,5687.0
2015-06-22 21:00:00+00:00,16.23523,16.23642,15.75184,15.87278,7855.0
2015-06-23 21:00:00+00:00,15.85748,15.94564,15.78333,15.90302,6461.0
2015-06-24 21:00:00+00:00,15.91714,15.97465,15.78825,15.8648,3947.0
2015-06-25 21:00:00+00:00,15.85273,15.92336,15.52354,15.79632,7461.0
2015-06-28 21:00:00+00:00,15.96252,16.0733,15.69805,15.77314,10836.0
2015-06-29 21:00:00+00:00,15.7847,15.89655,15.4907,15.73589,15588.0
2015-06-30 21:00:00+00:00,15.71662,15.7448,15.55414,15.58614,6421.0
2015-07-01 21:00:00+00:00,15.56731,15.81275,15.50826,15.698,11631.0
2015-07-02 21:00:00+00:00,15.69505,15.73984,15.61672,15.70056,3057.0
2015-07-05 21:00:00+00:00,15.7828,15.8719,15.54892,15.75398,9411.0
2015-07-06 21:00:00+00:00,15.76603,15.77216,14.68189,15.07951,26603.0
2015-07-07 21:00:00+00:00,15.09313,15.28496,14.77784,15.14266,19191.0
2015-07-08 21:00:00+00:00,15.16458,15.58447,15.03676,15.42313,14947.0
2015-07-09 21:00:00+00:00,15.4269,15.67833,15.39081,15.58863,8052.0
2015-07-12 21:00:00+00:00,15.58469,15.94196,15.321,15.51055,10097.0
2015-07-13 21:00:00+00:00,15.529,15.53658,15.28207,15.37904,7482.0
2015-07-14 21:00:00+00:00,15.39081,15.40152,15.00991,15.0992,6661.0
2015-07-15 21:00:00+00:00,15.11382,15.19488,14.90449,15.02188,6918.0
2015-07-16 21:00:00+00:00,15.00169,15.05866,14.85699,14.88865,5778.0
2015-07-19 21:00:00+00:00,14.89293,15.02983,14.54147,14.7088,28497.0
2015-07-20 21:00:00+00:00,14.72326,14.9754,14.66252,14.83508,9446.0
2015-07-21 21:00:00+00:00,14.83109,14.91436,14.64164,14.81118,6782.0
2015-07-22 21:00:00+00:00,14.80378,15.00424,14.59592,14.67439,5734.0
2015-07-23 21:00:00+00:00,14.6871,14.74116,14.38326,14.68602,14225.0
2015-07-26 21:00:00+00:00,14.73884,14.78605,14.54516,14.56263,8013.0
2015-07-27 21:00:00+00:00,14.57428,14.7256,14.55453,14.69167,4684.0
2015-07-28 21:00:00+00:00,14.7036,14.929,14.62348,14.81616,11154.0
2015-07-29 21:00:00+00:00,14.8046,14.86435,14.6228,14.75149,8382.0
2015-07-30 21:00:00+00:00,14.73891,15.01384,14.5563,14.77997,8982.0
2015-08-02 21:00:00+00:00,14.79702,14.81298,14.44102,14.52826,6750.0
2015-08-03 21:00:00+00:00,14.53201,14.67796,14.38969,14.60957,5538.0
2015-08-04 21:00:00+00:00,14.59795,14.72063,14.50994,14.59639,7579.0
2015-08-05 21:00:00+00:00,14.61182,14.78099,14.54026,14.66838,3934.0
2015-08-06 21:00:00+00:00,14.66483,15.03693,14.61233,14.82172,12196.0
2015-08-09 21:00:00+00:00,14.82483,15.40782,14.75084,15.2533,8932.0
2015-08-10 21:00:00+00:00,15.24175,15.42231,15.10538,15.3684,12869.0
2015-08-11 21:00:00+00:00,15.38068,15.60952,15.16818,15.53702,8771.0
2015-08-12 21:00:00+00:00,15.55006,15.58999,15.29928,15.44234,8627.0
2015-08-13 21:00:00+00:00,15.42886,15.62428,15.18313,15.26185,5918.0
2015-08-16 21:00:00+00:00,15.28375,15.41823,15.22421,15.33794,5298.0
2015-08-17 21:00:00+00:00,15.35351,15.3644,14.73523,14.88408,11191.0
2015-08-18 21:00:00+00:00,14.89639,15.36052,14.84305,15.31912,10289.0
2015-08-19 21:00:00+00:00,15.30694,15.59344,15.293,15.56361,10292.0
2015-08-20 21:00:00+00:00,15.58181,15.689,15.14096,15.32703,11324.0
2015-08-23 21:00:00+00:00,15.36548,15.4216,14.60202,14.77014,62448.0
2015-08-24 21:00:00+00:00,14.78371,14.97846,14.57487,14.69396,33707.0
2015-08-25 21:00:00+00:00,14.69396,14.76432,13.98109,14.12342,32443.0
2015-08-26 21:00:00+00:00,14.14583,14.61862,14.11149,14.48219,14967.0
2015-08-27 21:00:00+00:00,14.47003,14.69548,14.38581,14.59179,12654.0
2015-08-28 21:00:00+00:00,14.59179,14.59979,14.59179,14.59979,2.0
2015-08-30 21:00:00+00:00,14.60882,14.69916,14.42138,14.63676,6391.0
2015-08-31 21:00:00+00:00,14.61673,14.79157,14.5264,14.61891,8321.0
2015-09-01 21:00:00+00:00,14.60522,14.8418,14.44937,14.68426,8476.0
2015-09-02 21:00:00+00:00,14.68771,14.97428,14.57668,14.71344,7620.0
2015-09-03 21:00:00+00:00,14.72761,14.83766,14.50245,14.5762,12070.0
2015-09-06 21:00:00+00:00,14.585,14.69226,14.48427,14.52128,3847.0
2015-09-07 21:00:00+00:00,14.52498,14.90856,14.47196,14.79754,7580.0
2015-09-08 21:00:00+00:00,14.81025,14.95422,14.58578,14.62962,7773.0
2015-09-09 21:00:00+00:00,14.61354,14.88232,14.56678,14.68159,8854.0
2015-09-10 21:00:00+00:00,14.70254,14.77456,14.29452,14.62396,10025.0
2015-09-13 21:00:00+00:00,14.60168,14.62997,14.35992,14.44298,6410.0
2015-09-14 21:00:00+00:00,14.44679,14.45392,14.28778,14.4249,4366.0
2015-09-15 21:00:00+00:00,14.41033,14.97724,14.35437,14.91477,11494.0
2015-09-16 21:00:00+00:00,14.9175,15.29538,14.79909,15.15486,22089.0
2015-09-17 21:00:00+00:00,15.13949,15.44752,15.03791,15.1832,10079.0
2015-09-20 21:00:00+00:00,15.19166,15.26675,15.10023,15.212,5164.0
2015-09-21 21:00:00+00:00,15.192,15.24715,14.71946,14.76943,6115.0
2015-09-22 21:00:00+00:00,14.76943,14.94295,14.72405,14.78126,5036.0
2015-09-23 21:00:00+00:00,14.77762,15.20682,14.77716,15.15077,7427.0
2015-09-24 21:00:00+00:00,15.10179,15.20764,14.97094,15.11307,7400.0
2015-09-27 21:00:00+00:00,15.09494,15.13538,14.50561,14.60423,7488.0
2015-09-28 21:00:00+00:00,14.60548,14.73533,14.49732,14.64024,5693.0
2015-09-29 21:00:00+00:00,14.64024,14.7597,14.47762,14.51784,6498.0
2015-09-30 21:00:00+00:00,14.54482,14.71005,14.47548,14.53404,3939.0
2015-10-01 21:00:00+00:00,14.53404,15.31557,14.40142,15.25832,16219.0
2015-10-04 21:00:00+00:00,15.27985,15.73323,15.12085,15.6478,9463.0
2015-10-05 21:00:00+00:00,15.63145,16.09882,15.5868,15.8911,7725.0
2015-10-06 21:00:00+00:00,15.90217,16.12517,15.84027,16.05838,5718.0
2015-10-07 21:00:00+00:00,16.07329,16.09096,15.39462,15.69655,10697.0
2015-10-08 21:00:00+00:00,15.7042,16.02346,15.60518,15.84587,6390.0
2015-10-11 21:00:00+00:00,15.78899,16.08838,15.78131,15.83304,5515.0
2015-10-12 21:00:00+00:00,15.83304,15.99822,15.63568,15.91722,5960.0
2015-10-13 21:00:00+00:00,15.93204,16.20067,15.80409,16.1301,8357.0
2015-10-14 21:00:00+00:00,16.14946,16.20045,15.91344,16.1254,7326.0
2015-10-15 21:00:00+00:00,16.12116,16.16892,15.946,16.04842,5470.0
2015-10-18 21:00:00+00:00,16.03398,16.05156,15.74976,15.8444,6307.0
2015-10-19 21:00:00+00:00,15.85492,15.98194,15.74856,15.91011,5469.0
2015-10-20 21:00:00+00:00,15.91011,15.95424,15.63773,15.70784,4571.0
2015-10-21 21:00:00+00:00,15.70784,15.92029,15.65812,15.8357,5121.0
2015-10-22 21:00:00+00:00,15.8357,16.10574,15.71689,15.82276,6917.0
2015-10-25 21:00:00+00:00,15.82746,15.99038,15.78053,15.85036,4699.0
2015-10-26 21:00:00+00:00,15.8614,15.95505,15.78568,15.88744,3312.0
2015-10-27 21:00:00+00:00,15.86994,16.35832,15.731,15.94111,17662.0
2015-10-28 21:00:00+00:00,15.94111,16.01256,15.55469,15.5926,8491.0
2015-10-29 21:00:00+00:00,15.61489,15.67842,15.49275,15.55206,5142.0
2015-11-01 22:00:00+00:00,15.55513,15.56676,15.27163,15.42409,4291.0
2015-11-02 22:00:00+00:00,15.42409,15.47633,15.22127,15.2821,2969.0
2015-11-03 22:00:00+00:00,15.2821,15.35053,15.05844,15.0852,4726.0
2015-11-04 22:00:00+00:00,15.0941,15.12062,14.94252,14.97719,4055.0
2015-11-05 22:00:00+00:00,14.99546,15.08303,14.72885,14.77585,14690.0
2015-11-08 22:00:00+00:00,14.76106,14.80558,14.44974,14.56444,4678.0
2015-11-09 22:00:00+00:00,14.56444,14.59866,14.31792,14.43377,4818.0
2015-11-10 22:00:00+00:00,14.43261,14.53979,14.2731,14.33562,3452.0
2015-11-11 22:00:00+00:00,14.32091,14.50571,14.19976,14.30164,6273.0
2015-11-12 22:00:00+00:00,14.30164,14.39223,14.18698,14.25948,6106.0
2015-11-15 22:00:00+00:00,14.32207,14.46054,14.21798,14.24046,5831.0
2015-11-16 22:00:00+00:00,14.2644,14.30059,14.12363,14.18773,6825.0
2015-11-17 22:00:00+00:00,14.20866,14.26173,14.04074,14.18556,7181.0
2015-11-18 22:00:00+00:00,14.17973,14.41862,14.14123,14.2624,5368.0
2015-11-19 22:00:00+00:00,14.27268,14.41693,14.0926,14.17993,4711.0
2015-11-22 22:00:00+00:00,14.19394,14.20763,13.91864,14.13828,5876.0
2015-11-23 22:00:00+00:00,14.13828,14.31239,14.0663,14.1983,4273.0
2015-11-24 22:00:00+00:00,14.19696,14.2846,14.04196,14.19266,5189.0
2015-11-25 22:00:00+00:00,14.19266,14.39312,14.1404,14.28465,2852.0
2015-11-26 22:00:00+00:00,14.28465,14.31168,13.96049,14.09301,4583.0
2015-11-29 22:00:00+00:00,14.062,14.20274,14.00887,14.08794,3656.0
2015-11-30 22:00:00+00:00,14.07466,14.2563,14.0601,14.20448,4326.0
2015-12-01 22:00:00+00:00,14.18681,14.23735,13.93216,14.00629,4480.0
2015-12-02 22:00:00+00:00,14.00412,14.17204,13.83263,14.11008,11103.0
2015-12-03 22:00:00+00:00,14.13116,14.62236,14.0518,14.5532,13052.0
2015-12-06 22:00:00+00:00,14.5927,14.64627,14.2268,14.24961,5754.0
2015-12-07 22:00:00+00:00,14.24961,14.3344,14.08957,14.16593,5456.0
2015-12-08 22:00:00+00:00,14.15128,14.35768,14.1269,14.16288,6462.0
2015-12-09 22:00:00+00:00,14.1732,14.2505,14.11306,14.11998,2823.0
2015-12-10 22:00:00+00:00,14.10936,14.15874,13.77646,13.91978,8913.0
2015-12-13 22:00:00+00:00,13.9338,13.99256,13.64757,13.68596,4888.0
2015-12-14 22:00:00+00:00,13.67636,13.83262,13.6689,13.77524,4437.0
2015-12-15 22:00:00+00:00,13.78741,14.32498,13.77696,14.17606,14291.0
2015-12-16 22:00:00+00:00,14.19251,14.22964,13.68684,13.71182,6194.0
2015-12-17 22:00:00+00:00,13.73464,14.21852,13.7148,14.09982,7163.0
2015-12-20 22:00:00+00:00,14.13198,14.33661,14.0584,14.25956,8088.0
2015-12-21 22:00:00+00:00,14.25346,14.40212,14.22366,14.25806,6415.0
2015-12-22 22:00:00+00:00,14.26972,14.35576,14.21516,14.31294,3840.0
2015-12-23 22:00:00+00:00,14.31644,14.40716,14.27165,14.38876,5789.0
2015-12-27 22:00:00+00:00,14.35144,14.42705,13.87395,13.94871,7382.0
2015-12-28 22:00:00+00:00,13.93386,14.07971,13.92424,13.94965,4851.0
2015-12-29 22:00:00+00:00,13.95996,14.00538,13.78404,13.90006,3881.0
2015-12-30 22:00:00+00:00,13.88666,13.98098,13.79474,13.8367,2828.0
2015-12-31 22:00:00+00:00,13.85109,13.85109,13.83847,13.83847,6.0
2016-01-03 22:00:00+00:00,13.83847,14.20106,13.82156,13.87957,6466.0
2016-01-04 22:00:00+00:00,13.8812,14.08445,13.86562,13.9892,5235.0
2016-01-05 22:00:00+00:00,13.9892,14.15087,13.88315,14.01132,5797.0
2016-01-06 22:00:00+00:00,14.0054,14.38593,13.93629,14.31065,10870.0
2016-01-07 22:00:00+00:00,14.32008,14.3393,13.88477,13.93428,10714.0
2016-01-10 22:00:00+00:00,13.97974,14.08498,13.84169,13.8598,6767.0
2016-01-11 22:00:00+00:00,13.89483,13.9281,13.74934,13.78808,5837.0
2016-01-12 22:00:00+00:00,13.80518,14.20608,13.76598,14.15096,6511.0
2016-01-13 22:00:00+00:00,14.17956,14.1837,13.75646,13.84374,4689.0
2016-01-14 22:00:00+00:00,13.8573,14.14021,13.78283,13.9192,6365.0
2016-01-17 22:00:00+00:00,13.92206,13.99919,13.84429,13.93935,2807.0
2016-01-18 22:00:00+00:00,13.96625,14.18936,13.88917,14.02521,4574.0
2016-01-19 22:00:00+00:00,14.04552,14.21689,14.00097,14.15214,6041.0
2016-01-20 22:00:00+00:00,14.16764,14.19982,13.88784,14.08494,4606.0
2016-01-21 22:00:00+00:00,14.10448,14.34971,14.01492,14.01549,4599.0
2016-01-24 22:00:00+00:00,14.0575,14.30998,14.02226,14.23575,3126.0
2016-01-25 22:00:00+00:00,14.2443,14.56202,14.21406,14.50787,5703.0
2016-01-26 22:00:00+00:00,14.50787,14.57282,14.35206,14.47944,6782.0
2016-01-27 22:00:00+00:00,14.49534,14.53102,14.05636,14.24773,6784.0
2016-01-28 22:00:00+00:00,14.24773,14.31354,14.16448,14.27049,6360.0
2016-01-31 22:00:00+00:00,14.26299,14.41908,14.20572,14.3442,2759.0
2016-02-01 22:00:00+00:00,14.3597,14.40534,14.22944,14.30066,3616.0
2016-02-02 22:00:00+00:00,14.31328,14.80503,14.27252,14.67261,8572.0
2016-02-03 22:00:00+00:00,14.67261,14.9256,14.63691,14.86613,7920.0
2016-02-04 22:00:00+00:00,14.86613,15.05399,14.65473,15.00738,13087.0
2016-02-07 22:00:00+00:00,14.99806,15.46068,14.89257,15.3151,9020.0
2016-02-08 22:00:00+00:00,15.3371,15.44811,15.19003,15.24194,8962.0
2016-02-09 22:00:00+00:00,15.26014,15.30407,15.08754,15.26706,9895.0
2016-02-10 22:00:00+00:00,15.27502,15.95412,15.26514,15.75596,30111.0
2016-02-11 22:00:00+00:00,15.7655,15.80838,15.6201,15.75286,9163.0
2016-02-14 22:00:00+00:00,15.67992,15.7101,15.20531,15.33017,9048.0
2016-02-15 22:00:00+00:00,15.33486,15.43156,15.13366,15.22514,10433.0
2016-02-16 22:00:00+00:00,15.22514,15.38571,15.16203,15.29327,12142.0
2016-02-17 22:00:00+00:00,15.28584,15.55224,15.2049,15.39185,6456.0
2016-02-18 22:00:00+00:00,15.39185,15.47896,15.2769,15.3467,8810.0
2016-02-21 22:00:00+00:00,15.35137,15.35649,14.93356,15.18057,9221.0
2016-02-22 22:00:00+00:00,15.18057,15.31529,15.1621,15.30394,10166.0
2016-02-23 22:00:00+00:00,15.28481,15.58576,15.18007,15.22902,11859.0
2016-02-24 22:00:00+00:00,15.22902,15.32335,15.03075,15.15372,9392.0
2016-02-25 22:00:00+00:00,15.13288,15.22904,14.67823,14.69142,9647.0
2016-02-28 22:00:00+00:00,14.72996,14.92099,14.60261,14.91706,7612.0
2016-02-29 22:00:00+00:00,14.8934,15.07971,14.72449,14.82794,8694.0
2016-03-01 22:00:00+00:00,14.8076,15.02109,14.75831,14.95532,7657.0
2016-03-02 22:00:00+00:00,14.96314,15.31691,14.85052,15.2198,8629.0
2016-03-03 22:00:00+00:00,15.19639,15.79718,15.12598,15.51606,27279.0
2016-03-06 22:00:00+00:00,15.54695,15.80262,15.45899,15.64378,10572.0
2016-03-07 22:00:00+00:00,15.61816,15.73295,15.327,15.34246,11195.0
2016-03-08 22:00:00+00:00,15.34246,15.44088,15.19106,15.30047,8211.0
2016-03-09 22:00:00+00:00,15.2829,15.64511,15.15069,15.60459,18368.0
2016-03-10 22:00:00+00:00,15.5845,15.73386,15.4608,15.48968,14953.0
2016-03-13 21:00:00+00:00,15.61586,15.82496,15.28972,15.3574,10255.0
2016-03-14 21:00:00+00:00,15.36623,15.3986,15.19183,15.28414,8124.0
2016-03-15 21:00:00+00:00,15.26987,15.65652,15.19718,15.61956,17121.0
2016-03-16 21:00:00+00:00,15.60748,16.04753,15.54492,15.90564,16589.0
2016-03-17 21:00:00+00:00,15.91848,16.14228,15.7341,15.80092,7466.0
2016-03-20 21:00:00+00:00,15.80092,15.89846,15.70111,15.84008,7118.0
2016-03-21 21:00:00+00:00,15.82763,16.01245,15.76524,15.88312,5875.0
2016-03-22 21:00:00+00:00,15.86909,15.91322,15.23309,15.24952,12523.0
2016-03-23 21:00:00+00:00,15.27388,15.33576,15.12267,15.20259,7736.0
2016-03-27 21:00:00+00:00,15.18072,15.3725,15.13992,15.24378,5156.0
2016-03-28 21:00:00+00:00,15.22761,15.37272,15.0589,15.3559,9342.0
2016-03-29 21:00:00+00:00,15.36106,15.44988,15.17308,15.22236,5961.0
2016-03-30 21:00:00+00:00,15.22236,15.54034,15.19569,15.43906,7701.0
2016-03-31 21:00:00+00:00,15.43906,15.47055,14.79117,15.05206,17277.0
2016-04-03 21:00:00+00:00,15.023,15.10573,14.89681,14.91384,4292.0
2016-04-04 21:00:00+00:00,14.95853,15.218,14.93418,15.1417,5465.0
2016-04-05 21:00:00+00:00,15.1417,15.20218,14.92692,15.06814,7065.0
2016-04-06 21:00:00+00:00,15.06814,15.36751,15.06295,15.23222,7950.0
2016-04-07 21:00:00+00:00,15.23249,15.38824,15.1311,15.36714,6569.0
2016-04-10 21:00:00+00:00,15.37344,15.97343,15.36556,15.9176,9533.0
2016-04-11 21:00:00+00:00,15.94169,16.21544,15.78899,16.19894,10569.0
2016-04-12 21:00:00+00:00,16.18146,16.3213,15.99459,16.21892,8492.0
2016-04-13 21:00:00+00:00,16.20576,16.2553,15.90389,16.16184,9580.0
2016-04-14 21:00:00+00:00,16.17286,16.37495,16.09355,16.23497,6510.0
2016-04-17 21:00:00+00:00,16.28114,16.32595,16.1116,16.23848,8486.0
2016-04-18 21:00:00+00:00,16.22146,17.08494,16.16521,16.93297,13390.0
2016-04-19 21:00:00+00:00,16.93075,17.23665,16.84114,16.9702,13585.0
2016-04-20 21:00:00+00:00,16.94922,17.70277,16.74391,16.99638,30842.0
2016-04-21 21:00:00+00:00,17.00997,17.34844,16.84402,16.96549,17396.0
2016-04-24 21:00:00+00:00,16.95352,17.1295,16.80587,16.99834,11462.0
2016-04-25 21:00:00+00:00,16.9875,17.17319,16.83083,17.16328,9362.0
2016-04-26 21:00:00+00:00,17.15418,17.42803,17.0607,17.23302,19138.0
2016-04-27 21:00:00+00:00,17.24132,17.6458,17.14579,17.56316,11132.0
2016-04-28 21:00:00+00:00,17.58364,17.96429,17.567,17.84656,14399.0
2016-05-01 21:00:00+00:00,17.84097,18.01482,17.48916,17.5423,14051.0
2016-05-02 21:00:00+00:00,17.56211,17.72554,17.32949,17.43076,13465.0
2016-05-03 21:00:00+00:00,17.40484,17.47631,17.17975,17.3877,9609.0
2016-05-04 21:00:00+00:00,17.37456,17.64297,17.2458,17.34262,12993.0
2016-05-05 21:00:00+00:00,17.34262,17.59621,17.22662,17.47056,18425.0
2016-05-08 21:00:00+00:00,17.422,17.47556,16.93078,17.02586,8990.0
2016-05-09 21:00:00+00:00,17.02586,17.16016,16.89436,17.1157,7032.0
2016-05-10 21:00:00+00:00,17.12934,17.58022,17.09501,17.4137,8078.0
2016-05-11 21:00:00+00:00,17.40264,17.45579,16.9796,16.98266,8647.0
2016-05-12 21:00:00+00:00,16.98266,17.17642,16.82723,17.1136,10626.0
2016-05-15 21:00:00+00:00,17.11,17.39518,17.05313,17.13614,8567.0
2016-05-16 21:00:00+00:00,17.14881,17.34709,17.03463,17.24645,7899.0
2016-05-17 21:00:00+00:00,17.23509,17.29357,16.70769,16.91514,14410.0
2016-05-18 21:00:00+00:00,16.85488,16.92721,16.33453,16.49012,12953.0
2016-05-19 21:00:00+00:00,16.49012,16.65651,16.41541,16.52672,7832.0
2016-05-22 21:00:00+00:00,16.48537,16.56762,16.30978,16.38346,7144.0
2016-05-23 21:00:00+00:00,16.39871,16.44226,16.19786,16.21502,7104.0
2016-05-24 21:00:00+00:00,16.21778,16.36298,16.171,16.31169,5169.0
2016-05-25 21:00:00+00:00,16.30436,16.56476,16.23419,16.32152,8320.0
2016-05-26 21:00:00+00:00,16.33209,16.37046,16.12496,16.226,8674.0
2016-05-29 21:00:00+00:00,16.22937,16.22937,15.90332,15.99398,7109.0
2016-05-30 21:00:00+00:00,16.00604,16.1594,15.95486,15.99482,6751.0
2016-05-31 21:00:00+00:00,16.01437,16.08871,15.82337,15.94832,5934.0
2016-06-01 21:00:00+00:00,15.9737,16.04929,15.91685,15.99452,6134.0
2016-06-02 21:00:00+00:00,16.00563,16.45655,15.95944,16.42032,18882.0
2016-06-05 21:00:00+00:00,16.39322,16.5357,16.3583,16.47375,6734.0
2016-06-06 21:00:00+00:00,16.47217,16.48559,16.24392,16.38824,5477.0
2016-06-07 21:00:00+00:00,16.40315,17.10062,16.38374,17.03997,7547.0
2016-06-08 21:00:00+00:00,17.03997,17.3353,16.94215,17.2915,6918.0
2016-06-09 21:00:00+00:00,17.26488,17.37714,17.15683,17.32718,6174.0
2016-06-12 21:00:00+00:00,17.32718,17.45926,17.10325,17.45098,12875.0
2016-06-13 21:00:00+00:00,17.4336,17.49128,17.22359,17.39702,6158.0
2016-06-14 21:00:00+00:00,17.38114,17.6166,17.34563,17.52261,13972.0
2016-06-15 21:00:00+00:00,17.53481,17.86635,17.15904,17.1759,17702.0
2016-06-16 21:00:00+00:00,17.19288,17.51774,17.18976,17.49577,10108.0
2016-06-19 21:00:00+00:00,17.44332,17.64474,17.28451,17.49718,10280.0
2016-06-20 21:00:00+00:00,17.48566,17.58568,17.18201,17.28476,10117.0
2016-06-21 21:00:00+00:00,17.28476,17.34536,17.11002,17.26559,6513.0
2016-06-22 21:00:00+00:00,17.21576,17.48464,17.21141,17.30248,10563.0
2016-06-23 21:00:00+00:00,17.1565,18.33178,17.10728,17.74766,127597.0
2016-06-26 21:00:00+00:00,17.76814,17.91958,17.63486,17.74641,30659.0
2016-06-27 21:00:00+00:00,17.766,17.84619,17.52954,17.77904,12799.0
2016-06-28 21:00:00+00:00,17.77904,18.48709,17.76946,18.30319,15415.0
2016-06-29 21:00:00+00:00,18.2826,18.81249,18.19231,18.72044,13870.0
2016-06-30 21:00:00+00:00,18.75192,19.89964,18.71408,19.78865,25625.0
2016-07-03 21:00:00+00:00,19.7497,21.14534,19.67644,20.32788,122576.0
2016-07-04 21:00:00+00:00,20.30767,20.46735,19.53039,19.94508,72305.0
2016-07-05 21:00:00+00:00,19.95729,20.5147,19.86142,20.09504,52095.0
2016-07-06 21:00:00+00:00,20.09504,20.27293,19.46364,19.69479,31781.0
2016-07-07 21:00:00+00:00,19.66451,20.32995,19.22196,20.26221,75526.0
2016-07-10 21:00:00+00:00,20.32612,20.68837,20.1057,20.27667,39652.0
2016-07-11 21:00:00+00:00,20.30145,20.5304,19.96365,20.17332,23499.0
2016-07-12 21:00:00+00:00,20.17332,20.48782,19.89661,20.34656,20089.0
2016-07-13 21:00:00+00:00,20.39154,20.55642,20.01232,20.30991,26182.0
2016-07-14 21:00:00+00:00,20.32103,20.34274,20.00006,20.22496,18340.0
2016-07-17 21:00:00+00:00,20.21308,20.23862,19.71567,20.0403,29462.0
2016-07-18 21:00:00+00:00,20.06084,20.0762,19.81263,19.91038,14123.0
2016-07-19 21:00:00+00:00,19.89918,19.99149,19.33362,19.3985,17801.0
2016-07-20 21:00:00+00:00,19.39495,19.88305,19.21948,19.78348,18739.0
2016-07-21 21:00:00+00:00,19.8163,19.95054,19.56999,19.62727,10224.0
2016-07-24 21:00:00+00:00,19.64679,19.71186,19.3091,19.5663,11800.0
2016-07-25 21:00:00+00:00,19.578,19.74526,19.44148,19.65223,8637.0
2016-07-26 21:00:00+00:00,19.65599,20.41373,19.52456,20.36044,19285.0
2016-07-27 21:00:00+00:00,20.36044,20.52285,20.10614,20.16248,15158.0
2016-07-28 21:00:00+00:00,20.1771,20.41125,19.96314,20.32671,27300.0
2016-07-31 21:00:00+00:00,20.35201,20.64987,20.2967,20.44727,13214.0
2016-08-01 21:00:00+00:00,20.47774,20.78573,20.33899,20.62722,9559.0
2016-08-02 21:00:00+00:00,20.62722,20.72712,20.37341,20.40588,9981.0
2016-08-03 21:00:00+00:00,20.40588,20.52094,20.0484,20.34947,14717.0
2016-08-04 21:00:00+00:00,20.3732,20.4365,19.69615,19.70354,16205.0
2016-08-07 21:00:00+00:00,19.51226,19.87056,19.4987,19.73242,9902.0
2016-08-08 21:00:00+00:00,19.73098,19.88519,19.59266,19.8565,5751.0
2016-08-09 21:00:00+00:00,19.891,20.49387,19.88346,20.15578,8772.0
2016-08-10 21:00:00+00:00,20.15578,20.32369,19.89042,19.96206,13723.0
2016-08-11 21:00:00+00:00,19.98151,20.22623,19.65721,19.70806,21101.0
2016-08-14 21:00:00+00:00,19.76204,20.04766,19.70328,19.8152,10244.0
2016-08-15 21:00:00+00:00,19.84029,20.11068,19.71307,19.80334,12396.0
2016-08-16 21:00:00+00:00,19.80334,19.89552,19.37434,19.70073,18891.0
2016-08-17 21:00:00+00:00,19.68484,19.94106,19.63072,19.75059,9295.0
2016-08-18 21:00:00+00:00,19.77918,19.79812,19.23248,19.31454,13127.0
2016-08-21 21:00:00+00:00,19.26741,19.26942,18.728,18.91727,17700.0
2016-08-22 21:00:00+00:00,18.88983,19.12446,18.84442,18.84503,8084.0
2016-08-23 21:00:00+00:00,18.84503,18.99925,18.54091,18.54559,9387.0
2016-08-24 21:00:00+00:00,18.55957,18.66742,18.48604,18.54082,10531.0
2016-08-25 21:00:00+00:00,18.55142,19.08258,18.52152,18.6594,36365.0
2016-08-28 21:00:00+00:00,18.63683,18.89814,18.39584,18.87213,13050.0
2016-08-29 21:00:00+00:00,18.88632,18.9674,18.58354,18.59966,8665.0
2016-08-30 21:00:00+00:00,18.61727,18.86982,18.54843,18.65562,11816.0
2016-08-31 21:00:00+00:00,18.65562,18.93519,18.59338,18.90092,8944.0
2016-09-01 21:00:00+00:00,18.88487,19.45955,18.75547,19.44089,35625.0
2016-09-04 21:00:00+00:00,19.40676,19.55819,19.30143,19.5234,5914.0
2016-09-05 21:00:00+00:00,19.52057,20.13556,19.47083,20.0639,9999.0
2016-09-06 21:00:00+00:00,20.04025,20.13713,19.73168,19.80679,9207.0
2016-09-07 21:00:00+00:00,19.78716,19.94149,19.55555,19.62267,9664.0
2016-09-08 21:00:00+00:00,19.62267,19.65984,19.0219,19.04541,9405.0
2016-09-11 21:00:00+00:00,19.13254,19.18258,18.71829,19.10094,21737.0
2016-09-12 21:00:00+00:00,19.10094,19.28851,18.79463,18.8562,11602.0
2016-09-13 21:00:00+00:00,18.8838,19.12456,18.79476,18.95767,10513.0
2016-09-14 21:00:00+00:00,18.95512,19.21704,18.82033,18.97576,11617.0
2016-09-15 21:00:00+00:00,19.00734,19.0276,18.66262,18.77952,8398.0
2016-09-18 21:00:00+00:00,18.80079,19.3146,18.77864,19.17546,7439.0
2016-09-19 21:00:00+00:00,19.15432,19.29708,19.08589,19.24069,4177.0
2016-09-20 21:00:00+00:00,19.27007,19.87307,19.02529,19.83057,35939.0
2016-09-21 21:00:00+00:00,19.82042,20.06986,19.70293,19.88207,11389.0
2016-09-22 21:00:00+00:00,19.88207,19.94213,19.59041,19.69776,7667.0
2016-09-25 21:00:00+00:00,19.718,19.74569,19.36243,19.44216,7203.0
2016-09-26 21:00:00+00:00,19.44216,19.54469,18.9801,19.15129,7645.0
2016-09-27 21:00:00+00:00,19.1183,19.21138,18.92097,19.1941,7082.0
2016-09-28 21:00:00+00:00,19.21403,19.3944,18.99393,19.11305,6333.0
2016-09-29 21:00:00+00:00,19.09818,19.70335,19.06541,19.18392,9742.0
2016-10-02 21:00:00+00:00,19.188,19.31927,18.70988,18.81634,7992.0
2016-10-03 21:00:00+00:00,18.83239,18.90183,17.722,17.82028,16774.0
2016-10-04 21:00:00+00:00,17.78438,18.01427,17.55478,17.7318,10345.0
2016-10-05 21:00:00+00:00,17.75186,17.84668,17.11165,17.32314,6723.0
2016-10-06 21:00:00+00:00,17.32314,17.65698,17.09674,17.55562,29996.0
2016-10-09 21:00:00+00:00,17.56954,17.80915,17.55137,17.63684,10845.0
2016-10-10 21:00:00+00:00,17.61443,17.83279,17.44494,17.46038,6890.0
2016-10-11 21:00:00+00:00,17.48392,17.61669,17.3589,17.48374,7177.0
2016-10-12 21:00:00+00:00,17.50599,17.68067,17.42034,17.48764,5581.0
2016-10-13 21:00:00+00:00,17.5126,17.58951,17.30137,17.40889,9251.0
2016-10-16 21:00:00+00:00,17.4375,17.50621,17.34906,17.47607,4506.0
2016-10-17 21:00:00+00:00,17.45204,17.71596,17.4438,17.6186,5642.0
2016-10-18 21:00:00+00:00,17.607,17.78114,17.56561,17.6875,4648.0
2016-10-19 21:00:00+00:00,17.6875,17.74218,17.45232,17.544,7778.0
2016-10-20 21:00:00+00:00,17.544,17.56018,17.39904,17.5331,3818.0
2016-10-23 21:00:00+00:00,17.5331,17.89145,17.46985,17.60282,5482.0
2016-10-24 21:00:00+00:00,17.60282,17.8251,17.51489,17.76026,4838.0
2016-10-25 21:00:00+00:00,17.77865,17.86886,17.57624,17.627,5545.0
2016-10-26 21:00:00+00:00,17.62986,17.72874,17.55378,17.62872,5216.0
2016-10-27 21:00:00+00:00,17.607,17.91884,17.5478,17.75671,10263.0
2016-10-30 21:00:00+00:00,17.79978,17.92232,17.75363,17.90404,8188.0
2016-10-31 21:00:00+00:00,17.887,18.50035,17.85241,18.35421,9839.0
2016-11-01 21:00:00+00:00,18.37209,18.74564,18.35601,18.47158,11769.0
2016-11-02 21:00:00+00:00,18.50212,18.64779,18.0061,18.36347,8777.0
2016-11-03 21:00:00+00:00,18.36568,18.48181,18.18903,18.43934,10013.0
2016-11-06 22:00:00+00:00,18.19917,18.29322,18.0102,18.18988,13169.0
2016-11-07 22:00:00+00:00,18.21962,18.73575,18.18252,18.38164,10707.0
2016-11-08 22:00:00+00:00,18.38696,19.00578,18.28232,18.47288,119662.0
2016-11-09 22:00:00+00:00,18.44833,18.98998,18.39768,18.61451,29189.0
2016-11-10 22:00:00+00:00,18.61214,18.84883,17.19369,17.38199,78708.0
2016-11-13 22:00:00+00:00,17.38408,17.5127,16.63763,16.9196,77873.0
2016-11-14 22:00:00+00:00,16.92656,17.14631,16.82973,17.0798,18333.0
2016-11-15 22:00:00+00:00,17.08375,17.24501,16.86705,16.98236,12725.0
2016-11-16 22:00:00+00:00,16.98952,17.09755,16.58846,16.67057,11245.0
2016-11-17 22:00:00+00:00,16.68312,16.76826,16.44465,16.56608,20946.0
2016-11-20 22:00:00+00:00,16.59566,16.76972,16.52385,16.59853,8927.0
2016-11-21 22:00:00+00:00,16.59564,16.89585,16.53739,16.64404,13590.0
2016-11-22 22:00:00+00:00,16.66016,16.74515,16.17485,16.36716,16386.0
2016-11-23 22:00:00+00:00,16.3983,16.41268,16.23129,16.32888,9203.0
2016-11-24 22:00:00+00:00,16.35741,16.59165,16.1708,16.5375,18296.0
2016-11-27 22:00:00+00:00,16.48177,16.86448,16.47143,16.61496,15822.0
2016-11-28 22:00:00+00:00,16.6249,16.72486,16.4228,16.61803,11415.0
2016-11-29 22:00:00+00:00,16.63995,16.77676,16.42037,16.5062,13538.0
2016-11-30 22:00:00+00:00,16.52063,16.68331,16.26212,16.51852,19619.0
2016-12-01 22:00:00+00:00,16.53264,16.81019,16.32835,16.74572,15344.0
2016-12-04 22:00:00+00:00,16.9084,16.98908,16.4918,16.73911,15959.0
2016-12-05 22:00:00+00:00,16.73127,16.89348,16.6913,16.71486,7975.0
2016-12-06 22:00:00+00:00,16.72444,17.23693,16.65971,17.13426,7800.0
2016-12-07 22:00:00+00:00,17.15043,17.22403,16.96529,17.00866,10304.0
2016-12-08 22:00:00+00:00,17.0165,17.12354,16.79334,16.86597,7697.0
2016-12-11 22:00:00+00:00,16.86982,17.20292,16.67599,17.07414,11728.0
2016-12-12 22:00:00+00:00,17.09022,17.16475,16.77127,16.9105,7551.0
2016-12-13 22:00:00+00:00,16.9105,17.22371,16.74512,16.83855,24292.0
2016-12-14 22:00:00+00:00,16.81692,16.95124,15.87937,15.97062,22576.0
2016-12-15 22:00:00+00:00,15.95008,16.28539,15.93599,16.10581,12844.0
2016-12-18 22:00:00+00:00,16.08466,16.21584,15.90862,15.96926,7299.0
2016-12-19 22:00:00+00:00,15.9744,16.09874,15.63572,16.09672,9584.0
2016-12-20 22:00:00+00:00,16.10394,16.18181,15.89909,15.92344,6777.0
2016-12-21 22:00:00+00:00,15.95166,16.03896,15.77053,15.7971,7802.0
2016-12-22 22:00:00+00:00,15.80477,15.86472,15.69292,15.76163,7251.0
2016-12-26 22:00:00+00:00,15.77065,16.05793,15.71252,15.97978,9008.0
2016-12-27 22:00:00+00:00,15.9758,16.08805,15.81906,16.02462,7473.0
2016-12-28 22:00:00+00:00,16.034,16.24656,15.99071,16.16818,11102.0
2016-12-29 22:00:00+00:00,16.16882,16.29346,15.84218,15.93202,21326.0
2017-01-02 22:00:00+00:00,15.93458,16.50271,15.90434,16.30108,17512.0
2017-01-03 22:00:00+00:00,16.30718,16.52684,16.25754,16.42348,9653.0
2017-01-04 22:00:00+00:00,16.43935,16.71938,16.42174,16.57985,15158.0
2017-01-05 22:00:00+00:00,16.6037,16.67536,16.24248,16.47664,18880.0
2017-01-08 22:00:00+00:00,16.4664,16.70277,16.42509,16.54901,8855.0
2017-01-09 22:00:00+00:00,16.59618,16.91583,16.5345,16.79026,10385.0
2017-01-10 22:00:00+00:00,16.8033,16.8743,16.53161,16.73051,14737.0
2017-01-11 22:00:00+00:00,16.7353,16.99027,16.72687,16.7825,11614.0
2017-01-12 22:00:00+00:00,16.76798,16.84087,16.59572,16.81234,11804.0
2017-01-15 22:00:00+00:00,16.8486,16.93329,16.78839,16.80399,5168.0
2017-01-16 22:00:00+00:00,16.81892,17.21615,16.8016,17.18981,13465.0
2017-01-17 22:00:00+00:00,17.20026,17.3334,17.03532,17.0601,9286.0
2017-01-18 22:00:00+00:00,17.05724,17.11677,16.738,17.00786,13334.0
2017-01-19 22:00:00+00:00,17.01018,17.17786,16.82973,17.10369,12454.0
2017-01-22 22:00:00+00:00,17.09008,17.25765,17.05794,17.22516,11637.0
2017-01-23 22:00:00+00:00,17.24262,17.29169,17.02254,17.10402,6956.0
2017-01-24 22:00:00+00:00,17.11134,17.11704,16.77562,16.98554,9498.0
2017-01-25 22:00:00+00:00,17.00683,17.03872,16.68269,16.79664,8391.0
2017-01-26 22:00:00+00:00,16.81464,17.25897,16.63718,17.14942,10426.0
2017-01-29 22:00:00+00:00,17.1623,17.28312,17.06182,17.12578,10167.0
2017-01-30 22:00:00+00:00,17.12578,17.61965,17.09549,17.5662,12563.0
2017-01-31 22:00:00+00:00,17.54956,17.64287,17.361,17.54445,13257.0
2017-02-01 22:00:00+00:00,17.55638,17.73529,17.41776,17.48767,6992.0
2017-02-02 22:00:00+00:00,17.47524,17.54573,17.26105,17.52485,10531.0
2017-02-05 22:00:00+00:00,17.52764,17.75321,17.46122,17.73802,4972.0
2017-02-06 22:00:00+00:00,17.73639,17.79435,17.56439,17.70963,5347.0
2017-02-07 22:00:00+00:00,17.70119,17.87181,17.63453,17.7893,5911.0
2017-02-08 22:00:00+00:00,17.78152,17.84968,17.61711,17.65631,4752.0
2017-02-09 22:00:00+00:00,17.64053,18.01164,17.55863,17.9473,9237.0
2017-02-12 22:00:00+00:00,17.95294,18.0089,17.76025,17.81683,4581.0
2017-02-13 22:00:00+00:00,17.82527,18.08365,17.74014,17.95777,7432.0
2017-02-14 22:00:00+00:00,17.95706,17.99409,17.7628,17.98297,5847.0
2017-02-15 22:00:00+00:00,17.98297,18.14582,17.94086,18.10325,6117.0
2017-02-16 22:00:00+00:00,18.0897,18.10422,17.97939,17.99282,4033.0
2017-02-19 22:00:00+00:00,18.00226,18.07873,17.92336,18.06528,2018.0
2017-02-20 22:00:00+00:00,18.05131,18.08876,17.83927,17.97158,3991.0
2017-02-21 22:00:00+00:00,17.98414,18.06198,17.92608,18.03475,4200.0
2017-02-22 22:00:00+00:00,18.02354,18.2266,17.94832,18.183,4801.0
2017-02-23 22:00:00+00:00,18.17289,18.41207,18.16475,18.38476,4381.0
2017-02-26 22:00:00+00:00,18.37466,18.49114,18.2283,18.26804,4463.0
2017-02-27 22:00:00+00:00,18.27738,18.46491,18.24578,18.31167,4981.0
2017-02-28 22:00:00+00:00,18.31968,18.46917,18.23606,18.42353,7269.0
2017-03-01 22:00:00+00:00,18.42353,18.43914,17.68645,17.76311,6507.0
2017-03-02 22:00:00+00:00,17.77515,17.98946,17.64009,17.9663,7942.0
2017-03-05 22:00:00+00:00,17.94604,17.95286,17.70835,17.78506,4019.0
2017-03-06 22:00:00+00:00,17.77878,17.7926,17.4721,17.49315,3539.0
2017-03-07 22:00:00+00:00,17.49168,17.55171,17.22401,17.23587,4480.0
2017-03-08 22:00:00+00:00,17.2503,17.2935,16.94072,16.95973,4236.0
2017-03-09 22:00:00+00:00,16.95614,17.09135,16.84073,17.03292,7973.0
2017-03-12 21:00:00+00:00,17.0388,17.15338,16.95502,16.97458,2818.0
2017-03-13 21:00:00+00:00,16.97458,17.05507,16.86785,16.87597,3431.0
2017-03-14 21:00:00+00:00,16.884,17.35671,16.82414,17.3455,14977.0
2017-03-15 21:00:00+00:00,17.339,17.56907,17.25154,17.31728,4339.0
2017-03-16 21:00:00+00:00,17.32366,17.41817,17.23277,17.39518,2956.0
2017-03-19 21:00:00+00:00,17.40922,17.4628,17.35327,17.43007,1909.0
2017-03-20 21:00:00+00:00,17.4375,17.60363,17.32892,17.53828,3747.0
2017-03-21 21:00:00+00:00,17.54744,17.59248,17.45056,17.53994,3263.0
2017-03-22 21:00:00+00:00,17.542,17.696,17.51436,17.58921,3660.0
2017-03-23 21:00:00+00:00,17.58634,17.78507,17.53553,17.76799,2715.0
2017-03-26 21:00:00+00:00,17.81341,18.13455,17.79147,18.10872,2882.0
2017-03-27 21:00:00+00:00,18.09395,18.24012,18.00087,18.18978,3757.0
2017-03-28 21:00:00+00:00,18.17336,18.25611,18.03716,18.24462,2971.0
2017-03-29 21:00:00+00:00,18.22685,18.30138,18.05784,18.12106,3205.0
2017-03-30 21:00:00+00:00,18.11913,18.27274,18.04468,18.27069,2693.0
2017-04-02 21:00:00+00:00,18.265,18.26902,18.08184,18.26902,2044.0
2017-04-03 21:00:00+00:00,18.28509,18.41706,18.1998,18.31074,2500.0
2017-04-04 21:00:00+00:00,18.31074,18.32385,18.13706,18.30148,4254.0
2017-04-05 21:00:00+00:00,18.30826,18.34758,18.16258,18.26942,2444.0
2017-04-06 21:00:00+00:00,18.24044,18.47916,17.87192,18.00896,8640.0
2017-04-09 21:00:00+00:00,17.9314,18.03635,17.74746,17.95082,4037.0
2017-04-10 21:00:00+00:00,17.96754,18.34511,17.91673,18.33724,4118.0
2017-04-11 21:00:00+00:00,18.33115,18.56557,18.2493,18.49358,4643.0
2017-04-12 21:00:00+00:00,18.50474,18.6065,18.42059,18.53472,4647.0
2017-04-16 21:00:00+00:00,18.59391,18.65507,18.36985,18.42079,4028.0
2017-04-17 21:00:00+00:00,18.43232,18.43854,18.08131,18.29612,5119.0
2017-04-18 21:00:00+00:00,18.32236,18.33676,18.10571,18.15197,3632.0
2017-04-19 21:00:00+00:00,18.17346,18.2378,17.87715,18.03726,5818.0
2017-04-20 21:00:00+00:00,18.0451,18.04708,17.81547,17.9317,4161.0
2017-04-23 21:00:00+00:00,17.80856,17.94439,17.6365,17.94205,8214.0
2017-04-24 21:00:00+00:00,17.95074,18.012,17.56182,17.59376,3736.0
2017-04-25 21:00:00+00:00,17.6003,17.65701,17.3228,17.50104,5577.0
2017-04-26 21:00:00+00:00,17.4863,17.50271,17.24336,17.26114,4209.0
2017-04-27 21:00:00+00:00,17.26176,17.42425,17.16944,17.19842,3592.0
2017-04-30 21:00:00+00:00,17.2302,17.27218,16.80436,16.8467,4213.0
2017-05-01 21:00:00+00:00,16.87947,17.00375,16.78933,16.83422,2594.0
2017-05-02 21:00:00+00:00,16.8503,16.88494,16.4089,16.47348,5742.0
2017-05-03 21:00:00+00:00,16.46574,16.63791,16.21125,16.32272,5564.0
2017-05-04 21:00:00+00:00,16.32487,16.52359,16.22855,16.33613,6790.0
2017-05-07 21:00:00+00:00,16.25501,16.45336,16.23214,16.23214,3803.0
2017-05-08 21:00:00+00:00,16.23214,16.32131,16.06438,16.19307,3617.0
2017-05-09 21:00:00+00:00,16.20086,16.34689,16.14892,16.19612,3078.0
2017-05-10 21:00:00+00:00,16.20036,16.39626,16.17613,16.33687,2653.0
2017-05-11 21:00:00+00:00,16.34862,16.49097,16.31411,16.47759,2971.0
2017-05-14 21:00:00+00:00,16.46394,16.82309,16.42945,16.62488,4154.0
2017-05-15 21:00:00+00:00,16.64897,16.87742,16.6231,16.85474,3342.0
2017-05-16 21:00:00+00:00,16.84669,17.04134,16.77128,16.89532,6228.0
2017-05-17 21:00:00+00:00,16.9179,16.96392,16.44679,16.58397,6631.0
2017-05-18 21:00:00+00:00,16.59444,16.88636,16.58061,16.88352,4646.0
2017-05-21 21:00:00+00:00,16.89388,17.21403,16.85218,17.16089,7087.0
2017-05-22 21:00:00+00:00,17.1547,17.31355,17.0398,17.07632,5518.0
2017-05-23 21:00:00+00:00,17.05662,17.23718,16.90346,17.23303,5576.0
2017-05-24 21:00:00+00:00,17.22256,17.26849,17.13642,17.15985,3372.0
2017-05-25 21:00:00+00:00,17.16243,17.39242,17.11242,17.3583,3956.0
2017-05-28 21:00:00+00:00,17.34826,17.45043,17.33028,17.40568,920.0
2017-05-29 21:00:00+00:00,17.42935,17.47397,17.22109,17.40453,4080.0
2017-05-30 21:00:00+00:00,17.39154,17.43265,17.24243,17.32603,4186.0
2017-05-31 21:00:00+00:00,17.3238,17.38443,17.00896,17.30016,4494.0
2017-06-01 21:00:00+00:00,17.28124,17.58479,17.13604,17.56611,6948.0
2017-06-04 21:00:00+00:00,17.56482,17.65489,17.50451,17.54573,4221.0
2017-06-05 21:00:00+00:00,17.55642,17.75617,17.52339,17.71335,4681.0
2017-06-06 21:00:00+00:00,17.72372,17.7362,17.519,17.59001,4008.0
2017-06-07 21:00:00+00:00,17.58074,17.69405,17.29877,17.43988,5496.0
2017-06-08 21:00:00+00:00,17.49433,17.49642,17.1807,17.19123,4382.0
2017-06-11 21:00:00+00:00,17.22793,17.23839,16.91451,16.96062,4502.0
2017-06-12 21:00:00+00:00,16.95962,16.97467,16.7313,16.83476,4235.0
2017-06-13 21:00:00+00:00,16.83352,17.38673,16.81362,16.90106,13166.0
2017-06-14 21:00:00+00:00,16.90106,17.09233,16.65392,16.74608,6721.0
2017-06-15 21:00:00+00:00,16.76304,16.83658,16.65669,16.70696,3301.0
2017-06-18 21:00:00+00:00,16.70279,16.71192,16.48646,16.49676,3240.0
2017-06-19 21:00:00+00:00,16.49676,16.64791,16.40442,16.46962,3752.0
2017-06-20 21:00:00+00:00,16.45696,16.54141,16.35974,16.46609,3394.0
2017-06-21 21:00:00+00:00,16.46146,16.68498,16.44427,16.5631,3517.0
2017-06-22 21:00:00+00:00,16.5631,16.80159,16.55292,16.70472,2852.0
2017-06-25 21:00:00+00:00,16.72446,16.77828,16.27442,16.60324,10352.0
2017-06-26 21:00:00+00:00,16.59268,16.76028,16.53548,16.67216,4260.0
2017-06-27 21:00:00+00:00,16.66502,16.87382,16.65809,16.80723,4479.0
2017-06-28 21:00:00+00:00,16.82276,16.90658,16.6056,16.62108,4234.0
2017-06-29 21:00:00+00:00,16.63169,16.70617,16.51412,16.61474,5539.0
2017-07-02 21:00:00+00:00,16.64929,16.65134,16.10508,16.1307,4953.0
2017-07-03 21:00:00+00:00,16.15345,16.21363,16.04956,16.08318,3740.0
2017-07-04 21:00:00+00:00,16.07523,16.22846,15.88613,16.07998,9134.0
2017-07-05 21:00:00+00:00,16.09088,16.10836,15.94048,16.05314,5903.0
2017-07-06 21:00:00+00:00,16.05314,16.18834,14.9349,15.61661,26370.0
2017-07-09 21:00:00+00:00,15.62662,15.74578,15.1902,15.67214,8601.0
2017-07-10 21:00:00+00:00,15.67214,15.86355,15.46796,15.86355,6645.0
2017-07-11 21:00:00+00:00,15.84184,16.02908,15.74999,15.91722,8301.0
2017-07-12 21:00:00+00:00,15.91162,15.98752,15.69827,15.703,5742.0
2017-07-13 21:00:00+00:00,15.7069,16.08953,15.61434,15.99718,7132.0
2017-07-16 21:00:00+00:00,15.99947,16.20378,15.97414,16.11288,5372.0
2017-07-17 21:00:00+00:00,16.11288,16.33701,16.09886,16.29144,5061.0
2017-07-18 21:00:00+00:00,16.29144,16.36781,16.16169,16.28622,3860.0
2017-07-19 21:00:00+00:00,16.28004,16.42338,16.14328,16.33248,5512.0
2017-07-20 21:00:00+00:00,16.32864,16.52709,16.30844,16.52265,3620.0
2017-07-23 21:00:00+00:00,16.53027,16.59403,16.42991,16.48236,3811.0
2017-07-24 21:00:00+00:00,16.48236,16.62318,16.25229,16.4962,4848.0
2017-07-25 21:00:00+00:00,16.4853,16.69942,16.30906,16.65468,5967.0
2017-07-26 21:00:00+00:00,16.65468,16.82183,16.56012,16.5785,5368.0
2017-07-27 21:00:00+00:00,16.58112,16.75973,16.52706,16.75973,4599.0
2017-07-30 21:00:00+00:00,16.76362,16.88192,16.68165,16.83274,3783.0
2017-07-31 21:00:00+00:00,16.83274,16.85655,16.61231,16.71103,4237.0
2017-08-01 21:00:00+00:00,16.71103,16.94748,16.47728,16.58338,6711.0
2017-08-02 21:00:00+00:00,16.58777,16.69876,16.44234,16.66436,4931.0
2017-08-03 21:00:00+00:00,16.68516,16.75698,16.20128,16.2677,6334.0
2017-08-06 21:00:00+00:00,16.2265,16.30407,16.13324,16.28347,3825.0
2017-08-07 21:00:00+00:00,16.2711,16.48103,16.2374,16.45502,4833.0
2017-08-08 21:00:00+00:00,16.46752,16.96388,16.45576,16.9493,7288.0
2017-08-09 21:00:00+00:00,16.9558,17.24686,16.86624,17.12386,7175.0
2017-08-10 21:00:00+00:00,17.13392,17.20441,16.89828,17.1163,7994.0
2017-08-13 21:00:00+00:00,17.12942,17.2229,16.93921,17.07416,6786.0
2017-08-14 21:00:00+00:00,17.06412,17.07288,16.58533,16.63524,6985.0
2017-08-15 21:00:00+00:00,16.64892,17.1373,16.62932,17.12275,7299.0
2017-08-16 21:00:00+00:00,17.12848,17.1803,16.98037,17.03731,8477.0
2017-08-17 21:00:00+00:00,17.04906,17.32116,16.90028,16.9722,10475.0
2017-08-20 21:00:00+00:00,16.94446,17.12885,16.84906,17.01644,5996.0
2017-08-21 21:00:00+00:00,17.01662,17.12296,16.8855,16.99156,5654.0
2017-08-22 21:00:00+00:00,16.99366,17.11002,16.92411,17.09699,4866.0
2017-08-23 21:00:00+00:00,17.08656,17.10546,16.83304,16.97678,5664.0
2017-08-24 21:00:00+00:00,16.97197,17.18936,16.73491,17.06804,10062.0
2017-08-27 21:00:00+00:00,17.07448,17.48408,17.03025,17.45037,5511.0
2017-08-28 21:00:00+00:00,17.5339,17.66742,17.27988,17.38456,9492.0
2017-08-29 21:00:00+00:00,17.39178,17.48427,17.31137,17.4237,6877.0
2017-08-30 21:00:00+00:00,17.43206,17.6246,17.27992,17.57051,6908.0
2017-08-31 21:00:00+00:00,17.58176,17.75307,17.44436,17.72999,9208.0
2017-09-03 21:00:00+00:00,17.857,17.94639,17.78124,17.88756,5138.0
2017-09-04 21:00:00+00:00,17.91406,18.00787,17.78737,17.8898,8016.0
2017-09-05 21:00:00+00:00,17.90739,17.99488,17.81947,17.87666,6288.0
2017-09-06 21:00:00+00:00,17.88302,18.15056,17.79995,18.11856,7582.0
2017-09-07 21:00:00+00:00,18.11856,18.21535,17.90267,17.97071,7905.0
2017-09-10 21:00:00+00:00,17.76077,17.92224,17.71229,17.80462,6209.0
2017-09-11 21:00:00+00:00,17.81794,17.90796,17.72454,17.90764,5249.0
2017-09-12 21:00:00+00:00,17.91347,18.01903,17.66919,17.77207,5333.0
2017-09-13 21:00:00+00:00,17.77692,17.8037,17.60859,17.79394,7007.0
2017-09-14 21:00:00+00:00,17.79143,17.85105,17.58418,17.5897,6735.0
2017-09-17 21:00:00+00:00,17.59758,17.62808,17.06378,17.21688,5117.0
2017-09-18 21:00:00+00:00,17.20458,17.33029,17.12037,17.31832,5287.0
2017-09-19 21:00:00+00:00,17.30333,17.39797,16.97391,17.17613,7794.0
2017-09-20 21:00:00+00:00,17.17908,17.17908,16.83763,16.96596,7751.0
2017-09-21 21:00:00+00:00,16.9838,17.06604,16.91251,16.99708,4830.0
2017-09-24 21:00:00+00:00,16.99498,17.17953,16.84488,17.17953,7191.0
2017-09-25 21:00:00+00:00,17.16372,17.25009,16.79001,16.81533,6976.0
2017-09-26 21:00:00+00:00,16.82866,16.91405,16.72572,16.76569,6565.0
2017-09-27 21:00:00+00:00,16.76998,16.90256,16.68612,16.88298,5561.0
2017-09-28 21:00:00+00:00,16.86808,16.88248,16.62624,16.65415,5962.0
2017-10-01 21:00:00+00:00,16.65415,16.73309,16.55037,16.58672,5163.0
2017-10-02 21:00:00+00:00,16.5945,16.66826,16.55949,16.64102,3344.0
2017-10-03 21:00:00+00:00,16.64102,16.89228,16.54654,16.5846,4827.0
2017-10-04 21:00:00+00:00,16.5987,16.74724,16.57271,16.59946,3911.0
2017-10-05 21:00:00+00:00,16.60149,16.86609,16.33539,16.82955,7667.0
2017-10-06 21:00:00+00:00,16.82955,16.82955,16.82955,16.82955,1.0
2017-10-08 21:00:00+00:00,16.81085,16.99554,16.79458,16.96366,3751.0
2017-10-09 21:00:00+00:00,16.96366,17.25161,16.94189,17.11674,5087.0
2017-10-10 21:00:00+00:00,17.1237,17.2394,17.06456,17.1724,4797.0
2017-10-11 21:00:00+00:00,17.17967,17.26498,17.1178,17.24642,3717.0
2017-10-12 21:00:00+00:00,17.24864,17.42267,17.18361,17.42267,4689.0
2017-10-15 21:00:00+00:00,17.39772,17.46804,17.1111,17.23132,5326.0
2017-10-16 21:00:00+00:00,17.23984,17.25542,16.97002,17.03114,5280.0
2017-10-17 21:00:00+00:00,17.03492,17.10715,16.91106,17.00336,4651.0
2017-10-18 21:00:00+00:00,17.00336,17.29414,16.91823,17.25002,6767.0
2017-10-19 21:00:00+00:00,17.25545,17.29018,16.93322,17.03468,6496.0
2017-10-20 21:00:00+00:00,17.03468,17.03468,17.03468,17.03468,1.0
2017-10-22 21:00:00+00:00,17.02644,17.11102,16.86466,17.08992,5645.0
2017-10-23 21:00:00+00:00,17.08992,17.14855,16.88686,16.95172,5007.0
2017-10-24 21:00:00+00:00,16.95172,17.03824,16.81451,16.95608,6161.0
2017-10-25 21:00:00+00:00,16.95227,17.03599,16.74912,16.78996,5479.0
2017-10-26 21:00:00+00:00,16.79258,16.86566,16.60906,16.85868,6686.0
2017-10-29 21:00:00+00:00,16.85,16.8997,16.69161,16.8582,4125.0
2017-10-30 21:00:00+00:00,16.8582,16.9015,16.64318,16.71338,3738.0
2017-10-31 21:00:00+00:00,16.71338,17.19801,16.67273,17.1346,8310.0
2017-11-01 21:00:00+00:00,17.14204,17.24384,17.04603,17.11898,8232.0
2017-11-02 21:00:00+00:00,17.1216,17.18345,16.78436,16.8419,5994.0
2017-11-05 22:00:00+00:00,16.86054,17.2627,16.80544,17.23108,5681.0
2017-11-06 22:00:00+00:00,17.22343,17.2251,16.9261,16.94151,4971.0
2017-11-07 22:00:00+00:00,16.96177,17.25352,16.96177,17.0368,5159.0
2017-11-08 22:00:00+00:00,17.04633,17.14514,16.91867,16.99228,6150.0
2017-11-09 22:00:00+00:00,16.99433,17.10159,16.7982,16.88398,5593.0
2017-11-12 22:00:00+00:00,16.88093,17.07617,16.83282,17.05166,3834.0
2017-11-13 22:00:00+00:00,17.05583,17.09776,16.87489,17.02843,4766.0
2017-11-14 22:00:00+00:00,17.02448,17.20522,16.95174,16.99432,6720.0
2017-11-15 22:00:00+00:00,16.99432,17.12942,16.96138,17.0835,4609.0
2017-11-16 22:00:00+00:00,17.0835,17.38446,17.03371,17.30918,5385.0
2017-11-19 22:00:00+00:00,17.29931,17.3095,16.84871,16.91556,6133.0
2017-11-20 22:00:00+00:00,16.92339,17.06157,16.91448,16.96714,4544.0
2017-11-21 22:00:00+00:00,16.96303,17.16902,16.95374,17.15157,4285.0
2017-11-22 22:00:00+00:00,17.1394,17.15984,17.06669,17.08999,2361.0
2017-11-23 22:00:00+00:00,17.09494,17.1596,16.97672,17.04003,3092.0
2017-11-26 22:00:00+00:00,17.05981,17.1976,17.0147,17.04982,3637.0
2017-11-27 22:00:00+00:00,17.06036,17.11766,16.77472,16.85778,3843.0
2017-11-28 22:00:00+00:00,16.87688,16.92326,16.52607,16.53104,4662.0
2017-11-29 22:00:00+00:00,16.56106,16.59498,16.32052,16.44182,3989.0
2017-11-30 22:00:00+00:00,16.4339,16.5568,16.24758,16.43077,7387.0
2017-12-03 22:00:00+00:00,16.3172,16.43202,16.25393,16.3276,4456.0
2017-12-04 22:00:00+00:00,16.32547,16.36326,16.03136,16.10092,4427.0
2017-12-05 22:00:00+00:00,16.12141,16.14694,15.92174,15.96039,3790.0
2017-12-06 22:00:00+00:00,15.9565,15.99193,15.64612,15.72682,4167.0
2017-12-07 22:00:00+00:00,15.72682,15.89731,15.71224,15.86296,3761.0
2017-12-10 22:00:00+00:00,15.84698,15.88653,15.69629,15.71418,2315.0
2017-12-11 22:00:00+00:00,15.72375,15.81792,15.62286,15.7309,2631.0
2017-12-12 22:00:00+00:00,15.73467,16.15199,15.67526,16.07572,5326.0
2017-12-13 22:00:00+00:00,16.07572,16.1277,15.83508,15.8918,3388.0
2017-12-14 22:00:00+00:00,15.89481,16.08438,15.89481,16.04131,3028.0
2017-12-17 22:00:00+00:00,16.04131,16.17566,16.01555,16.14776,2352.0
2017-12-18 22:00:00+00:00,16.14157,16.22816,16.0564,16.13992,2358.0
2017-12-19 22:00:00+00:00,16.13556,16.26526,16.10615,16.17068,2187.0
2017-12-20 22:00:00+00:00,16.18051,16.2504,16.0911,16.12959,2185.0
2017-12-21 22:00:00+00:00,16.12811,16.42422,16.11467,16.3873,2608.0
2017-12-25 22:00:00+00:00,16.35724,16.56792,16.29928,16.54144,2254.0
2017-12-26 22:00:00+00:00,16.54144,16.72643,16.4886,16.68484,2517.0
2017-12-27 22:00:00+00:00,16.68484,16.88589,16.66476,16.86278,3002.0
2017-12-28 22:00:00+00:00,16.85614,17.1131,16.8217,16.93573,3976.0
2018-01-01 22:00:00+00:00,16.93573,17.20728,16.93573,17.18512,3556.0
2018-01-02 22:00:00+00:00,17.19399,17.24262,17.02883,17.13402,4600.0
2018-01-03 22:00:00+00:00,17.13066,17.2775,16.99042,17.22748,4813.0
2018-01-04 22:00:00+00:00,17.22748,17.28853,17.10314,17.21758,4678.0
2018-01-07 22:00:00+00:00,17.23742,17.26426,17.0453,17.13529,3828.0
2018-01-08 22:00:00+00:00,17.13237,17.14245,16.9166,16.97336,3412.0
2018-01-09 22:00:00+00:00,16.96431,17.19253,16.91128,16.97214,5213.0
2018-01-10 22:00:00+00:00,16.97728,17.04938,16.87521,16.99316,4051.0
2018-01-11 22:00:00+00:00,16.9886,17.28697,16.9886,17.205,5117.0
2018-01-14 22:00:00+00:00,17.22946,17.42774,17.21529,17.3584,3518.0
2018-01-15 22:00:00+00:00,17.3568,17.37656,16.79724,17.1946,5611.0
2018-01-16 22:00:00+00:00,17.1946,17.2944,16.99664,17.00005,5364.0
2018-01-17 22:00:00+00:00,16.99662,17.1325,16.9166,16.94894,4447.0
2018-01-18 22:00:00+00:00,16.95854,17.13048,16.95614,17.02485,3160.0
2018-01-21 22:00:00+00:00,17.0686,17.09878,16.95046,17.01217,3101.0
2018-01-22 22:00:00+00:00,16.99684,17.09842,16.75181,17.05234,4442.0
2018-01-23 22:00:00+00:00,17.05234,17.62514,16.99535,17.55902,5687.0
2018-01-24 22:00:00+00:00,17.55527,17.70466,17.14375,17.303,10914.0
2018-01-25 22:00:00+00:00,17.29746,17.54572,17.25114,17.40845,9081.0
2018-01-28 22:00:00+00:00,17.41398,17.48468,17.11288,17.16694,5809.0
2018-01-29 22:00:00+00:00,17.17496,17.33666,17.0805,17.13414,6625.0
2018-01-30 22:00:00+00:00,17.14508,17.39416,17.10066,17.33916,9116.0
2018-01-31 22:00:00+00:00,17.33641,17.3984,17.10621,17.22924,6321.0
2018-02-01 22:00:00+00:00,17.23186,17.2547,16.56579,16.60833,9232.0
2018-02-04 22:00:00+00:00,16.62955,16.90842,16.5593,16.72956,9329.0
2018-02-05 22:00:00+00:00,16.74022,16.99348,16.58701,16.64163,10487.0
2018-02-06 22:00:00+00:00,16.63986,16.77975,16.27168,16.38724,8014.0
2018-02-07 22:00:00+00:00,16.38718,16.47482,16.25364,16.42278,8081.0
2018-02-08 22:00:00+00:00,16.40796,16.45416,16.19126,16.35983,8077.0
2018-02-11 22:00:00+00:00,16.35535,16.62476,16.33234,16.55148,5190.0
2018-02-12 22:00:00+00:00,16.55502,16.69056,16.4589,16.57526,5188.0
2018-02-13 22:00:00+00:00,16.57526,16.93443,16.37812,16.85775,9653.0
2018-02-14 22:00:00+00:00,16.85775,16.98331,16.64766,16.86424,7543.0
2018-02-15 22:00:00+00:00,16.87087,16.94946,16.62312,16.64901,6897.0
2018-02-18 22:00:00+00:00,16.65366,16.73242,16.61739,16.66154,3100.0
2018-02-19 22:00:00+00:00,16.67818,16.70465,16.43334,16.45522,6533.0
2018-02-20 22:00:00+00:00,16.45948,16.77437,16.39408,16.50657,8518.0
2018-02-21 22:00:00+00:00,16.50657,16.68876,16.40835,16.61843,5364.0
2018-02-22 22:00:00+00:00,16.61843,16.63855,16.50501,16.53085,3625.0
2018-02-25 22:00:00+00:00,16.50457,16.76821,16.4915,16.66384,4109.0
2018-02-26 22:00:00+00:00,16.65153,16.7013,16.3393,16.4261,5825.0
2018-02-27 22:00:00+00:00,16.42344,16.51005,16.35823,16.41318,4252.0
2018-02-28 22:00:00+00:00,16.42183,16.55148,16.16791,16.4709,8170.0
2018-03-01 22:00:00+00:00,16.47534,16.57942,16.39241,16.5165,5752.0
2018-03-04 22:00:00+00:00,16.53514,16.60226,16.36032,16.43815,4005.0
2018-03-05 22:00:00+00:00,16.42346,16.86501,16.39835,16.76008,5332.0
2018-03-06 22:00:00+00:00,16.79874,16.83724,16.43084,16.49772,6137.0
2018-03-07 22:00:00+00:00,16.49772,16.57274,16.43096,16.49497,4995.0
2018-03-08 22:00:00+00:00,16.487,16.69373,16.35546,16.60144,6281.0
2018-03-11 21:00:00+00:00,16.5982,16.61682,16.43186,16.53198,3319.0
2018-03-12 21:00:00+00:00,16.53198,16.67057,16.46144,16.58903,4801.0
2018-03-13 21:00:00+00:00,16.59427,16.65878,16.51614,16.54261,3936.0
2018-03-14 21:00:00+00:00,16.5394,16.57562,16.37986,16.40072,3731.0
2018-03-15 21:00:00+00:00,16.39646,16.50037,16.2161,16.34699,3588.0
2018-03-18 21:00:00+00:00,16.33138,16.36008,16.22348,16.32606,4036.0
2018-03-19 21:00:00+00:00,16.3304,16.35366,16.12406,16.19896,3759.0
2018-03-20 21:00:00+00:00,16.19004,16.65952,16.18409,16.56562,7939.0
2018-03-21 21:00:00+00:00,16.56562,16.61311,16.34708,16.38838,5206.0
2018-03-22 21:00:00+00:00,16.39268,16.67316,16.38734,16.5682,5978.0
2018-03-25 21:00:00+00:00,16.5712,16.79161,16.53412,16.70592,4263.0
2018-03-26 21:00:00+00:00,16.6995,16.80591,16.47843,16.5255,4720.0
2018-03-27 21:00:00+00:00,16.5255,16.56908,16.25349,16.29559,4684.0
2018-03-28 21:00:00+00:00,16.29814,16.36866,16.22564,16.36664,3530.0
2018-04-01 21:00:00+00:00,16.35613,16.68151,16.35613,16.59657,4046.0
2018-04-02 21:00:00+00:00,16.59657,16.61931,16.36252,16.41853,3778.0
2018-04-03 21:00:00+00:00,16.42379,16.5343,16.25574,16.32306,5219.0
2018-04-04 21:00:00+00:00,16.32306,16.42592,16.18954,16.39692,4335.0
2018-04-05 21:00:00+00:00,16.38835,16.49899,16.27186,16.38165,6490.0
2018-04-08 21:00:00+00:00,16.42218,16.55806,16.32767,16.49562,3839.0
2018-04-09 21:00:00+00:00,16.49292,16.65026,16.43705,16.57409,3991.0
2018-04-10 21:00:00+00:00,16.57409,16.877,16.53574,16.67512,6277.0
2018-04-11 21:00:00+00:00,16.67512,16.69904,16.45444,16.46791,5347.0
2018-04-12 21:00:00+00:00,16.47278,16.69116,16.47049,16.66236,3381.0
2018-04-15 21:00:00+00:00,16.66636,16.77582,16.5579,16.67007,3759.0
2018-04-16 21:00:00+00:00,16.67007,16.80542,16.59337,16.77932,3498.0
2018-04-17 21:00:00+00:00,16.7844,17.26511,16.73186,17.1968,5233.0
2018-04-18 21:00:00+00:00,17.1968,17.35612,17.10227,17.25452,6483.0
2018-04-19 21:00:00+00:00,17.24402,17.25666,17.04698,17.12171,3954.0
2018-04-22 21:00:00+00:00,17.11878,17.13095,16.60056,16.62022,4842.0
2018-04-23 21:00:00+00:00,16.6337,16.75769,16.56134,16.72704,4116.0
2018-04-24 21:00:00+00:00,16.71683,16.74746,16.50878,16.55884,3410.0
2018-04-25 21:00:00+00:00,16.56854,16.62008,16.4283,16.52272,3900.0
2018-04-26 21:00:00+00:00,16.52058,16.57038,16.44426,16.51479,3747.0
2018-04-29 21:00:00+00:00,16.525,16.54467,16.20452,16.33112,4096.0
2018-04-30 21:00:00+00:00,16.3211,16.3438,16.05669,16.16523,3771.0
2018-05-01 21:00:00+00:00,16.16523,16.53156,16.16148,16.37738,5113.0
2018-05-02 21:00:00+00:00,16.37844,16.58922,16.36286,16.43542,4397.0
2018-05-03 21:00:00+00:00,16.43542,16.53211,16.37138,16.53211,3702.0
2018-05-06 21:00:00+00:00,16.52811,16.57058,16.40888,16.48071,2769.0
2018-05-07 21:00:00+00:00,16.4832,16.52469,16.31957,16.47958,4630.0
2018-05-08 21:00:00+00:00,16.47958,16.62174,16.35549,16.4957,3979.0
2018-05-09 21:00:00+00:00,16.4957,16.75515,16.4803,16.71937,4566.0
2018-05-10 21:00:00+00:00,16.73318,16.83323,16.65178,16.66424,2926.0
2018-05-13 21:00:00+00:00,16.67405,16.73684,16.50436,16.52054,2701.0
2018-05-14 21:00:00+00:00,16.52572,16.55507,16.20772,16.27016,3487.0
2018-05-15 21:00:00+00:00,16.26796,16.42691,16.19003,16.38411,3180.0
2018-05-16 21:00:00+00:00,16.3748,16.49366,16.33101,16.4303,2875.0
2018-05-17 21:00:00+00:00,16.4303,16.46968,16.36532,16.44453,2489.0
2018-05-20 21:00:00+00:00,16.42232,16.52276,16.2754,16.51356,2991.0
2018-05-21 21:00:00+00:00,16.51564,16.67154,16.45414,16.54432,3090.0
2018-05-22 21:00:00+00:00,16.54432,16.58562,16.32469,16.4543,4750.0
2018-05-23 21:00:00+00:00,16.46819,16.69257,16.41065,16.67132,3594.0
2018-05-24 21:00:00+00:00,16.66868,16.71822,16.48914,16.51014,3270.0
2018-05-27 21:00:00+00:00,16.51014,16.51038,16.43528,16.47444,1808.0
2018-05-28 21:00:00+00:00,16.47197,16.5078,16.31544,16.39634,5622.0
2018-05-29 21:00:00+00:00,16.37866,16.55984,16.32192,16.50514,4227.0
2018-05-30 21:00:00+00:00,16.51057,16.59688,16.40668,16.42689,4669.0
2018-05-31 21:00:00+00:00,16.42689,16.50504,16.33934,16.40916,3882.0
2018-06-03 21:00:00+00:00,16.40236,16.5464,16.37642,16.41447,2778.0
2018-06-04 21:00:00+00:00,16.4235,16.53508,16.3668,16.49216,2920.0
2018-06-05 21:00:00+00:00,16.49613,16.73574,16.49602,16.67698,3119.0
2018-06-06 21:00:00+00:00,16.68253,16.9006,16.64692,16.70521,4023.0
2018-06-07 21:00:00+00:00,16.71502,16.83102,16.62558,16.78935,3645.0
2018-06-10 21:00:00+00:00,16.8,16.9488,16.7461,16.93226,3179.0
2018-06-11 21:00:00+00:00,16.92778,16.95366,16.7551,16.85725,3664.0
2018-06-12 21:00:00+00:00,16.85725,17.11346,16.80444,17.0347,4434.0
2018-06-13 21:00:00+00:00,17.04514,17.31775,16.94035,17.1773,5601.0
2018-06-14 21:00:00+00:00,17.1773,17.25318,16.45634,16.56443,7228.0
2018-06-17 21:00:00+00:00,16.53288,16.63032,16.42214,16.47708,4173.0
2018-06-18 21:00:00+00:00,16.46916,16.54794,16.2435,16.30135,4719.0
2018-06-19 21:00:00+00:00,16.30135,16.37076,16.25676,16.28516,3462.0
2018-06-20 21:00:00+00:00,16.28516,16.35973,16.19912,16.31894,3828.0
2018-06-21 21:00:00+00:00,16.33655,16.4881,16.31492,16.45689,3244.0
2018-06-24 21:00:00+00:00,16.45689,16.49185,16.29313,16.32651,3224.0
2018-06-25 21:00:00+00:00,16.3326,16.35992,16.15256,16.29472,3329.0
2018-06-26 21:00:00+00:00,16.29472,16.30576,15.97549,16.04129,4044.0
2018-06-27 21:00:00+00:00,16.05481,16.13216,15.92455,16.00899,4000.0
2018-06-28 21:00:00+00:00,15.99996,16.16836,15.96472,16.11081,3954.0
2018-07-01 21:00:00+00:00,16.08801,16.12888,15.77421,15.85164,3450.0
2018-07-02 21:00:00+00:00,15.85164,16.04572,15.78654,16.02626,3331.0
2018-07-03 21:00:00+00:00,16.02626,16.15206,15.99717,16.08105,2611.0
2018-07-04 21:00:00+00:00,16.08864,16.10106,15.93296,16.04669,3304.0
2018-07-05 21:00:00+00:00,16.0435,16.11416,15.9528,16.03774,3291.0
2018-07-08 21:00:00+00:00,16.045,16.21606,16.03858,16.11244,2479.0
2018-07-09 21:00:00+00:00,16.11244,16.16283,15.90548,16.05935,3103.0
2018-07-10 21:00:00+00:00,16.07028,16.0732,15.78462,15.79898,4151.0
2018-07-11 21:00:00+00:00,15.79898,15.99446,15.76314,15.94506,2736.0
2018-07-12 21:00:00+00:00,15.94506,15.98792,15.68708,15.81428,3380.0
2018-07-15 21:00:00+00:00,15.80838,15.87796,15.7464,15.7937,2508.0
2018-07-16 21:00:00+00:00,15.78782,15.86284,15.55077,15.57174,3442.0
2018-07-17 21:00:00+00:00,15.57174,15.61317,15.39958,15.55678,3224.0
2018-07-18 21:00:00+00:00,15.5531,15.57678,15.18035,15.30949,5683.0
2018-07-19 21:00:00+00:00,15.32688,15.54234,15.24378,15.51143,4695.0
2018-07-22 21:00:00+00:00,15.51843,15.55928,15.34556,15.38256,3848.0
2018-07-23 21:00:00+00:00,15.39195,15.6024,15.33112,15.46538,3838.0
2018-07-24 21:00:00+00:00,15.46538,15.63319,15.44845,15.61169,3377.0
2018-07-25 21:00:00+00:00,15.60386,15.67022,15.38152,15.38152,3127.0
2018-07-26 21:00:00+00:00,15.39372,15.53904,15.32986,15.49193,3121.0
2018-07-29 21:00:00+00:00,15.4791,15.54576,15.40148,15.48968,1812.0
2018-07-30 21:00:00+00:00,15.48968,15.61206,15.36492,15.51433,3421.0
2018-07-31 21:00:00+00:00,15.52581,15.53633,15.386,15.39427,3047.0
2018-08-01 21:00:00+00:00,15.39427,15.4792,15.2927,15.31494,3108.0
2018-08-02 21:00:00+00:00,15.31064,15.55589,15.2478,15.41234,3717.0
2018-08-05 21:00:00+00:00,15.42128,15.49051,15.28664,15.28869,2471.0
2018-08-06 21:00:00+00:00,15.3045,15.48999,15.29886,15.38371,2192.0
2018-08-07 21:00:00+00:00,15.37512,15.46466,15.28636,15.42665,2351.0
2018-08-08 21:00:00+00:00,15.42998,15.51028,15.36925,15.44272,2093.0
2018-08-09 21:00:00+00:00,15.4463,15.4491,15.29166,15.31295,3609.0
2018-08-12 21:00:00+00:00,15.30855,15.34262,14.97965,14.9969,4545.0
2018-08-13 21:00:00+00:00,14.9969,15.11237,14.98778,15.0618,2696.0
2018-08-14 21:00:00+00:00,15.07184,15.07706,14.36892,14.43702,5904.0
2018-08-15 21:00:00+00:00,14.46639,14.83618,14.33754,14.6497,5879.0
2018-08-16 21:00:00+00:00,14.6497,14.81494,14.59612,14.8024,4371.0
2018-08-19 21:00:00+00:00,14.78356,14.84929,14.64926,14.76354,3535.0
2018-08-20 21:00:00+00:00,14.75342,14.84918,14.7219,14.79858,2542.0
2018-08-21 21:00:00+00:00,14.79479,14.8787,14.69357,14.76052,3330.0
2018-08-22 21:00:00+00:00,14.7674,14.77152,14.48318,14.49491,3537.0
2018-08-23 21:00:00+00:00,14.49491,14.87678,14.48825,14.81903,3719.0
2018-08-26 21:00:00+00:00,14.86128,14.92252,14.75288,14.89848,2563.0
2018-08-27 21:00:00+00:00,14.89795,14.99928,14.67366,14.70696,3305.0
2018-08-28 21:00:00+00:00,14.71124,14.79331,14.66693,14.7559,3202.0
2018-08-29 21:00:00+00:00,14.7475,14.77626,14.51275,14.54686,3904.0
2018-08-30 21:00:00+00:00,14.55328,14.71503,14.49083,14.5405,3747.0
2018-09-02 21:00:00+00:00,14.53377,14.55392,14.39964,14.49872,2204.0
2018-09-03 21:00:00+00:00,14.51382,14.51593,14.01054,14.16262,5069.0
2018-09-04 21:00:00+00:00,14.16051,14.23352,14.09448,14.19154,2804.0
2018-09-05 21:00:00+00:00,14.19498,14.30838,14.11658,14.15196,3654.0
2018-09-06 21:00:00+00:00,14.16118,14.25844,14.08018,14.17231,4887.0
2018-09-09 21:00:00+00:00,14.14191,14.25292,14.07974,14.17818,3401.0
2018-09-10 21:00:00+00:00,14.1671,14.23321,13.94455,14.14544,3616.0
2018-09-11 21:00:00+00:00,14.14194,14.28238,14.07523,14.25359,4531.0
2018-09-12 21:00:00+00:00,14.2572,14.3526,14.17661,14.17786,4287.0
2018-09-13 21:00:00+00:00,14.1817,14.28616,14.05022,14.05948,3604.0
2018-09-16 21:00:00+00:00,14.0709,14.25141,14.05061,14.18348,2952.0
2018-09-17 21:00:00+00:00,14.19485,14.23462,14.07656,14.15076,3964.0
2018-09-18 21:00:00+00:00,14.1584,14.34332,14.15095,14.24516,3247.0
2018-09-19 21:00:00+00:00,14.25425,14.35472,14.18511,14.32132,3696.0
2018-09-20 21:00:00+00:00,14.32132,14.43282,14.15536,14.28781,4876.0
2018-09-23 21:00:00+00:00,14.29948,14.39249,14.19722,14.2572,3471.0
2018-09-24 21:00:00+00:00,14.26324,14.55888,14.22573,14.46252,3502.0
2018-09-25 21:00:00+00:00,14.4661,14.51422,14.31669,14.32405,4355.0
2018-09-26 21:00:00+00:00,14.34468,14.4608,14.18042,14.2469,4044.0
2018-09-27 21:00:00+00:00,14.24144,14.7179,14.23804,14.65479,4628.0
2018-09-30 21:00:00+00:00,14.67172,14.68654,14.37338,14.48749,4009.0
2018-10-01 21:00:00+00:00,14.50418,14.91298,14.4459,14.68043,5789.0
2018-10-02 21:00:00+00:00,14.6957,14.82698,14.62628,14.63568,4660.0
2018-10-03 21:00:00+00:00,14.63704,14.77358,14.53564,14.59146,4673.0
2018-10-04 21:00:00+00:00,14.59071,14.71869,14.52246,14.64127,4415.0
2018-10-07 21:00:00+00:00,14.64127,14.66436,14.26998,14.36699,3937.0
2018-10-08 21:00:00+00:00,14.39182,14.4431,14.27084,14.38566,3230.0
2018-10-09 21:00:00+00:00,14.39024,14.4334,14.24407,14.3005,3087.0
2018-10-10 21:00:00+00:00,14.3243,14.6236,14.26314,14.58619,5782.0
2018-10-11 21:00:00+00:00,14.59327,14.70405,14.5174,14.60379,4163.0
2018-10-14 21:00:00+00:00,14.59443,14.77562,14.59242,14.69272,3245.0
2018-10-15 21:00:00+00:00,14.69684,14.84746,14.62034,14.66029,3217.0
2018-10-16 21:00:00+00:00,14.65465,14.72996,14.60091,14.61114,3341.0
2018-10-17 21:00:00+00:00,14.60704,14.65971,14.45647,14.57699,3415.0
2018-10-18 21:00:00+00:00,14.57699,14.7179,14.56395,14.62264,3053.0
2018-10-21 21:00:00+00:00,14.63264,14.69352,14.52067,14.56424,2650.0
2018-10-22 21:00:00+00:00,14.56904,14.80962,14.51962,14.73225,3013.0
2018-10-23 21:00:00+00:00,14.7551,14.8056,14.65084,14.68514,2966.0
2018-10-24 21:00:00+00:00,14.6938,14.78166,14.60087,14.64678,3140.0
2018-10-25 21:00:00+00:00,14.64678,14.77682,14.58187,14.69027,3418.0
2018-10-28 21:00:00+00:00,14.70656,14.76452,14.40927,14.45629,3077.0
2018-10-29 21:00:00+00:00,14.45629,14.53137,14.37992,14.47051,2921.0
2018-10-30 21:00:00+00:00,14.48138,14.48138,14.24524,14.24778,3048.0
2018-10-31 21:00:00+00:00,14.26292,14.82244,14.26166,14.73404,3544.0
2018-11-01 21:00:00+00:00,14.75992,14.91462,14.65179,14.74362,5086.0
2018-11-04 22:00:00+00:00,14.74847,14.76951,14.60497,14.6474,2879.0
2018-11-05 22:00:00+00:00,14.65486,14.71639,14.49152,14.53634,2546.0
2018-11-06 22:00:00+00:00,14.5402,14.72376,14.48292,14.57342,3665.0
2018-11-07 22:00:00+00:00,14.57342,14.59234,14.3875,14.43502,3427.0
2018-11-08 22:00:00+00:00,14.44314,14.44356,14.10974,14.15792,3430.0
2018-11-11 22:00:00+00:00,14.16462,14.21102,13.98941,13.99356,2411.0
2018-11-12 22:00:00+00:00,14.00167,14.12854,13.95966,13.99331,3568.0
2018-11-13 22:00:00+00:00,14.00108,14.1983,13.89959,14.13723,3988.0
2018-11-14 22:00:00+00:00,14.13288,14.35183,14.10434,14.29364,3923.0
2018-11-15 22:00:00+00:00,14.29004,14.43028,14.24331,14.425,3113.0
2018-11-18 22:00:00+00:00,14.425,14.44186,14.35491,14.43056,2324.0
2018-11-19 22:00:00+00:00,14.43451,14.4935,14.23601,14.319,3554.0
2018-11-20 22:00:00+00:00,14.33285,14.55591,14.28266,14.50122,2828.0
2018-11-21 22:00:00+00:00,14.51024,14.54224,14.45306,14.4898,1326.0
2018-11-22 22:00:00+00:00,14.4837,14.50614,14.19492,14.27871,3002.0
2018-11-25 22:00:00+00:00,14.31304,14.4401,14.22387,14.23342,2410.0
2018-11-26 22:00:00+00:00,14.23877,14.3094,14.1008,14.14522,3010.0
2018-11-27 22:00:00+00:00,14.15372,14.39964,14.12474,14.3279,3364.0
2018-11-28 22:00:00+00:00,14.3312,14.39417,14.2738,14.31357,3544.0
2018-11-29 22:00:00+00:00,14.30766,14.34242,14.05822,14.1849,2857.0
2018-12-02 22:00:00+00:00,14.24754,14.56726,14.20999,14.38778,3904.0
2018-12-03 22:00:00+00:00,14.4121,14.66476,14.39412,14.52928,3530.0
2018-12-04 22:00:00+00:00,14.54054,14.54476,14.42582,14.4999,1700.0
2018-12-05 22:00:00+00:00,14.50974,14.5149,14.34801,14.4781,3314.0
2018-12-06 22:00:00+00:00,14.47297,14.64859,14.44264,14.62302,3401.0
2018-12-07 22:00:00+00:00,14.6188,14.6188,14.6188,14.6188,1.0
2018-12-09 22:00:00+00:00,14.64187,14.64967,14.48386,14.52946,2818.0
2018-12-10 22:00:00+00:00,14.54584,14.72121,14.51683,14.5601,2852.0
2018-12-11 22:00:00+00:00,14.5601,14.79583,14.54507,14.74605,2576.0
2018-12-12 22:00:00+00:00,14.76618,14.80792,14.68828,14.74983,2487.0
2018-12-13 22:00:00+00:00,14.74983,14.76178,14.49506,14.57322,2519.0
2018-12-16 22:00:00+00:00,14.58796,14.70553,14.54898,14.6635,1806.0
2018-12-17 22:00:00+00:00,14.6635,14.7237,14.6152,14.63562,2045.0
2018-12-18 22:00:00+00:00,14.64655,14.82438,14.55334,14.59912,3917.0
2018-12-19 22:00:00+00:00,14.60695,14.84346,14.56057,14.76236,3976.0
2018-12-20 22:00:00+00:00,14.7754,14.79607,14.60854,14.63038,2917.0
2018-12-23 22:00:00+00:00,14.67253,14.80961,14.65404,14.77524,2064.0
2018-12-24 22:00:00+00:00,14.77524,14.77524,14.77524,14.77524,2.0
2018-12-25 22:00:00+00:00,14.79474,15.17041,14.71938,15.03303,3548.0
2018-12-26 22:00:00+00:00,15.03303,15.27172,14.94656,15.2313,4042.0
2018-12-27 22:00:00+00:00,15.23456,15.39806,15.22644,15.38833,3469.0
2018-12-30 22:00:00+00:00,15.38833,15.50926,15.3298,15.49518,3336.0
2019-01-01 22:00:00+00:00,15.48442,15.6135,15.33232,15.52406,4528.0
2019-01-02 22:00:00+00:00,15.5586,15.75266,15.48846,15.73998,4814.0
2019-01-03 22:00:00+00:00,15.74278,15.87851,15.58809,15.69781,4927.0
2019-01-06 22:00:00+00:00,15.73398,15.81833,15.62286,15.65228,3233.0
2019-01-07 22:00:00+00:00,15.65228,15.68754,15.50646,15.65575,2571.0
2019-01-08 22:00:00+00:00,15.65575,15.7787,15.58584,15.75036,3664.0
2019-01-09 22:00:00+00:00,15.75248,15.78759,15.55678,15.56144,2874.0
2019-01-10 22:00:00+00:00,15.5764,15.73934,15.55945,15.59975,2946.0
2019-01-13 22:00:00+00:00,15.60094,15.6641,15.55054,15.65074,2339.0
2019-01-14 22:00:00+00:00,15.65074,15.69977,15.54642,15.58178,2714.0
2019-01-15 22:00:00+00:00,15.59152,15.64826,15.49751,15.59204,2067.0
2019-01-16 22:00:00+00:00,15.59652,15.61686,15.46094,15.52942,2120.0
2019-01-17 22:00:00+00:00,15.54683,15.58163,15.33056,15.33936,2486.0
2019-01-20 22:00:00+00:00,15.34775,15.36358,15.1937,15.27084,1349.0
2019-01-21 22:00:00+00:00,15.26766,15.35249,15.18598,15.33724,1996.0
2019-01-22 22:00:00+00:00,15.33724,15.43526,15.27443,15.36568,2031.0
2019-01-23 22:00:00+00:00,15.36695,15.39498,15.24627,15.31966,2186.0
2019-01-24 22:00:00+00:00,15.31966,15.75425,15.29595,15.74629,2939.0
2019-01-27 22:00:00+00:00,15.75133,15.81648,15.60884,15.74072,2313.0
2019-01-28 22:00:00+00:00,15.74996,15.91679,15.72423,15.83646,2588.0
2019-01-29 22:00:00+00:00,15.84458,16.10815,15.82459,16.0669,4572.0
2019-01-30 22:00:00+00:00,16.08552,16.18619,15.9961,16.06837,3222.0
2019-01-31 22:00:00+00:00,16.05734,16.07733,15.89813,15.90797,3259.0
2019-02-03 22:00:00+00:00,15.9192,15.92972,15.69482,15.86897,2195.0
2019-02-04 22:00:00+00:00,15.86897,15.92624,15.81646,15.85744,2423.0
2019-02-05 22:00:00+00:00,15.8462,15.86554,15.64774,15.67436,2060.0
2019-02-06 22:00:00+00:00,15.67218,15.75815,15.64748,15.73852,2212.0
2019-02-07 22:00:00+00:00,15.73436,15.8658,15.66325,15.83312,2306.0
2019-02-10 22:00:00+00:00,15.81641,15.8412,15.67083,15.7034,2153.0
2019-02-11 22:00:00+00:00,15.70704,15.83103,15.67186,15.70764,2130.0
2019-02-12 22:00:00+00:00,15.7104,15.81596,15.54693,15.57644,2619.0
2019-02-13 22:00:00+00:00,15.57332,15.68806,15.49227,15.61906,3248.0
2019-02-14 22:00:00+00:00,15.62292,15.80466,15.56434,15.78506,2485.0
2019-02-17 22:00:00+00:00,15.78506,15.85788,15.76502,15.80962,1293.0
2019-02-18 22:00:00+00:00,15.81774,16.00804,15.74739,15.9973,2612.0
2019-02-19 22:00:00+00:00,15.99529,16.2164,15.96412,16.05666,3435.0
2019-02-20 22:00:00+00:00,16.06667,16.10386,15.79911,15.80817,3338.0
2019-02-21 22:00:00+00:00,15.80817,15.97839,15.80817,15.92072,2780.0
2019-02-22 22:00:00+00:00,15.9094,15.9094,15.9094,15.9094,1.0
2019-02-24 22:00:00+00:00,15.8985,16.00659,15.85434,15.8951,2685.0
2019-02-25 22:00:00+00:00,15.8951,15.93927,15.79633,15.92665,2888.0
2019-02-26 22:00:00+00:00,15.93264,16.3885,15.70584,15.74408,2803.0
2019-02-27 22:00:00+00:00,15.73988,15.82411,15.57864,15.63345,2873.0
2019-02-28 22:00:00+00:00,15.60912,15.63744,15.14538,15.2315,3583.0
2019-03-03 22:00:00+00:00,15.21921,15.27619,15.06411,15.0843,3033.0
2019-03-04 22:00:00+00:00,15.09392,15.16761,15.05137,15.12836,2268.0
2019-03-05 22:00:00+00:00,15.12836,15.15793,15.05048,15.07476,2060.0
2019-03-06 22:00:00+00:00,15.10408,15.12229,14.98255,15.02066,4876.0
2019-03-07 22:00:00+00:00,15.03502,15.36984,15.00975,15.33173,2602.0
2019-03-10 21:00:00+00:00,15.3075,15.35499,15.21605,15.31568,1998.0
2019-03-11 21:00:00+00:00,15.32524,15.47754,15.305,15.43954,2034.0
2019-03-12 21:00:00+00:00,15.44221,15.53532,15.42719,15.44572,1781.0
2019-03-13 21:00:00+00:00,15.44572,15.46348,15.14026,15.19225,2269.0
2019-03-14 21:00:00+00:00,15.18983,15.39324,15.17321,15.2935,2184.0
2019-03-17 21:00:00+00:00,15.31122,15.42426,15.22866,15.34906,1835.0
2019-03-18 21:00:00+00:00,15.345,15.44766,15.32139,15.37568,1593.0
2019-03-19 21:00:00+00:00,15.36954,15.55816,15.2759,15.47078,2974.0
2019-03-20 21:00:00+00:00,15.47133,15.63779,15.3818,15.46731,2705.0
2019-03-21 21:00:00+00:00,15.46731,15.54876,15.36865,15.43998,2909.0
2019-03-22 21:00:00+00:00,15.4235,15.4235,15.4235,15.4235,1.0
2019-03-24 21:00:00+00:00,15.4235,15.58491,15.39112,15.53904,1972.0
2019-03-25 21:00:00+00:00,15.54332,15.55782,15.39667,15.43094,2031.0
2019-03-26 21:00:00+00:00,15.43094,15.48089,15.26832,15.29327,2523.0
2019-03-27 21:00:00+00:00,15.29327,15.33641,14.9804,15.01474,2811.0
2019-03-28 21:00:00+00:00,15.0192,15.20264,14.98754,15.12243,2499.0
2019-03-31 21:00:00+00:00,15.12541,15.21583,15.06196,15.10632,2734.0
2019-04-01 21:00:00+00:00,15.11043,15.123,14.94451,15.12256,2257.0
2019-04-02 21:00:00+00:00,15.12256,15.1953,15.04225,15.13561,2297.0
2019-04-03 21:00:00+00:00,15.12886,15.17942,14.90409,15.13402,2709.0
2019-04-04 21:00:00+00:00,15.14025,15.21038,15.07366,15.10586,2923.0
2019-04-05 21:00:00+00:00,15.10143,15.10143,15.10143,15.10143,1.0
2019-04-07 21:00:00+00:00,15.1183,15.30152,15.1183,15.24424,1865.0
2019-04-08 21:00:00+00:00,15.24031,15.34339,15.21656,15.22085,1876.0
2019-04-09 21:00:00+00:00,15.22728,15.29586,15.15519,15.2279,2384.0
2019-04-10 21:00:00+00:00,15.23207,15.25482,14.8998,14.98165,2345.0
2019-04-11 21:00:00+00:00,14.9693,15.1159,14.9544,14.97581,2113.0
2019-04-14 21:00:00+00:00,14.99276,15.03743,14.8556,14.99769,2272.0
2019-04-15 21:00:00+00:00,14.99205,15.02409,14.88557,15.0056,2526.0
2019-04-16 21:00:00+00:00,15.0056,15.10074,14.9287,14.99569,2478.0
2019-04-17 21:00:00+00:00,14.98874,15.03158,14.93818,15.00952,2217.0
2019-04-21 21:00:00+00:00,15.00952,15.08239,14.99749,15.01084,1347.0
2019-04-22 21:00:00+00:00,15.0151,15.03908,14.75569,14.84069,1763.0
2019-04-23 21:00:00+00:00,14.83556,14.99093,14.79345,14.94465,2332.0
2019-04-24 21:00:00+00:00,14.9482,15.01558,14.86414,14.94686,2209.0
2019-04-25 21:00:00+00:00,14.93626,15.08419,14.89526,15.06535,2480.0
2019-04-28 21:00:00+00:00,15.07706,15.07706,14.88575,14.91218,1891.0
2019-04-29 21:00:00+00:00,14.91684,15.01286,14.82131,14.95329,2429.0
2019-04-30 21:00:00+00:00,14.95329,14.96033,14.6088,14.67219,3898.0
2019-05-01 21:00:00+00:00,14.67723,14.72618,14.5694,14.62633,2477.0
2019-05-02 21:00:00+00:00,14.62633,14.97758,14.59901,14.93572,2809.0
2019-05-05 21:00:00+00:00,14.94768,14.97251,14.76293,14.90104,2850.0
2019-05-06 21:00:00+00:00,14.89886,14.94349,14.8035,14.91154,2326.0
2019-05-07 21:00:00+00:00,14.9087,14.97073,14.82827,14.83818,2226.0
2019-05-08 21:00:00+00:00,14.83818,14.86613,14.70182,14.75995,2332.0
2019-05-09 21:00:00+00:00,14.75995,14.8461,14.73963,14.77266,2146.0
2019-05-10 21:00:00+00:00,14.7775,14.7775,14.7775,14.7775,1.0
2019-05-12 21:00:00+00:00,14.78718,14.80981,14.61845,14.7657,2198.0
2019-05-13 21:00:00+00:00,14.7752,14.85711,14.74007,14.79128,2081.0
2019-05-14 21:00:00+00:00,14.79593,14.85578,14.76541,14.79763,1939.0
2019-05-15 21:00:00+00:00,14.79306,14.82246,14.52791,14.56092,1939.0
2019-05-16 21:00:00+00:00,14.5578,14.56622,14.4003,14.40422,1719.0
2019-05-19 21:00:00+00:00,14.41091,14.48156,14.38868,14.46492,1556.0
2019-05-20 21:00:00+00:00,14.45891,14.479,14.37954,14.45522,1531.0
2019-05-21 21:00:00+00:00,14.45266,14.49967,14.4021,14.44599,1221.0
2019-05-22 21:00:00+00:00,14.44343,14.64729,14.42324,14.5942,2274.0
2019-05-23 21:00:00+00:00,14.5942,14.6134,14.53927,14.56731,1699.0
2019-05-26 21:00:00+00:00,14.56918,14.62902,14.55826,14.58721,638.0
2019-05-27 21:00:00+00:00,14.58721,14.60602,14.29718,14.35359,2187.0
2019-05-28 21:00:00+00:00,14.35698,14.48184,14.35286,14.43107,1884.0
2019-05-29 21:00:00+00:00,14.423,14.57769,14.37237,14.52226,1788.0
2019-05-30 21:00:00+00:00,14.52226,14.68897,14.48416,14.59189,2795.0
2019-06-02 21:00:00+00:00,14.59466,14.83474,14.58462,14.77876,3258.0
2019-06-03 21:00:00+00:00,14.79962,14.86028,14.66656,14.81548,3002.0
2019-06-04 21:00:00+00:00,14.82624,15.0435,14.7718,14.80628,4377.0
2019-06-05 21:00:00+00:00,14.81501,15.00313,14.75158,14.89269,3062.0
2019-06-06 21:00:00+00:00,14.89692,15.15245,14.85993,15.01215,3527.0
2019-06-09 21:00:00+00:00,14.98702,15.01065,14.64882,14.70436,2774.0
2019-06-10 21:00:00+00:00,14.70436,14.7997,14.6571,14.74687,1941.0
2019-06-11 21:00:00+00:00,14.74928,14.87942,14.73139,14.78005,2699.0
2019-06-12 21:00:00+00:00,14.79079,14.93613,14.74404,14.90512,2108.0
2019-06-13 21:00:00+00:00,14.90873,15.12493,14.7993,14.8713,3799.0
2019-06-14 21:00:00+00:00,14.875,14.875,14.875,14.875,1.0
2019-06-16 21:00:00+00:00,14.86686,14.90671,14.78089,14.84254,2694.0
2019-06-17 21:00:00+00:00,14.8522,15.08906,14.82048,15.01058,3970.0
2019-06-18 21:00:00+00:00,15.0142,15.17748,14.92122,15.15688,4916.0
2019-06-19 21:00:00+00:00,15.17013,15.518,15.12728,15.42294,6977.0
2019-06-20 21:00:00+00:00,15.45404,15.55642,15.16712,15.34859,7701.0
2019-06-23 21:00:00+00:00,15.35404,15.47065,15.2993,15.44362,4699.0
2019-06-24 21:00:00+00:00,15.44362,15.51682,15.28092,15.36528,7688.0
2019-06-25 21:00:00+00:00,15.37024,15.3762,15.18236,15.26904,6004.0
2019-06-26 21:00:00+00:00,15.288,15.3027,15.1638,15.26004,3733.0
2019-06-27 21:00:00+00:00,15.26209,15.34321,15.21234,15.31658,3678.0
2019-06-28 21:00:00+00:00,15.31293,15.31293,15.3094,15.3094,2.0
2019-06-30 21:00:00+00:00,15.19571,15.30418,15.12628,15.14328,4432.0
2019-07-01 21:00:00+00:00,15.13517,15.32724,15.04874,15.31666,3310.0
2019-07-02 21:00:00+00:00,15.32598,15.4648,15.2046,15.30716,4997.0
2019-07-03 21:00:00+00:00,15.3237,15.33566,15.22419,15.28094,1881.0
2019-07-04 21:00:00+00:00,15.2871,15.33794,14.89965,14.99874,4310.0
2019-07-07 21:00:00+00:00,15.03314,15.12631,14.96568,15.03215,2455.0
2019-07-08 21:00:00+00:00,15.0267,15.13644,14.9478,15.1127,2619.0
2019-07-09 21:00:00+00:00,15.11515,15.28918,15.04612,15.2411,3908.0
2019-07-10 21:00:00+00:00,15.2411,15.31953,15.10634,15.11856,3486.0
2019-07-11 21:00:00+00:00,15.11544,15.25272,15.05598,15.23155,2445.0
2019-07-12 21:00:00+00:00,15.22325,15.22325,15.22325,15.22325,1.0
2019-07-14 21:00:00+00:00,15.21904,15.40778,15.16692,15.38084,2808.0
2019-07-15 21:00:00+00:00,15.39147,15.69777,15.31688,15.55476,4671.0
2019-07-16 21:00:00+00:00,15.56887,15.9896,15.5255,15.9625,4034.0
2019-07-17 21:00:00+00:00,15.98696,16.35098,15.92653,16.3405,5844.0
2019-07-18 21:00:00+00:00,16.3528,16.5886,16.06321,16.20701,8182.0
2019-07-19 21:00:00+00:00,16.20284,16.20284,16.2,16.2,2.0
2019-07-21 21:00:00+00:00,16.23668,16.42988,16.1762,16.36012,4866.0
2019-07-22 21:00:00+00:00,16.36525,16.5409,16.18154,16.39786,5512.0
2019-07-23 21:00:00+00:00,16.40998,16.65224,16.33224,16.60096,4084.0
2019-07-24 21:00:00+00:00,16.59208,16.65162,16.32626,16.41052,5192.0
2019-07-25 21:00:00+00:00,16.43406,16.51972,16.33718,16.39179,3537.0
2019-07-28 21:00:00+00:00,16.4025,16.47301,16.33928,16.45832,2654.0
2019-07-29 21:00:00+00:00,16.4644,16.60694,16.40324,16.5686,2836.0
2019-07-30 21:00:00+00:00,16.56868,16.57254,16.20212,16.26478,7220.0
2019-07-31 21:00:00+00:00,16.27217,16.38382,15.92448,16.3214,8556.0
2019-08-01 21:00:00+00:00,16.34417,16.35332,16.02109,16.20348,9843.0
2019-08-04 21:00:00+00:00,16.22038,16.57218,16.12301,16.3992,8564.0
2019-08-05 21:00:00+00:00,16.4349,16.5145,16.36118,16.44786,5447.0
2019-08-06 21:00:00+00:00,16.45144,17.24586,16.44464,17.10791,11192.0
2019-08-07 21:00:00+00:00,17.0884,17.2117,16.81219,16.9332,7617.0
2019-08-08 21:00:00+00:00,16.989,17.13912,16.8684,16.9645,7217.0
2019-08-11 21:00:00+00:00,16.9775,17.16152,16.816,17.06302,5325.0
2019-08-12 21:00:00+00:00,17.07148,17.51004,16.54034,16.96148,14206.0
2019-08-13 21:00:00+00:00,16.97175,17.32463,16.87712,17.21218,9169.0
2019-08-14 21:00:00+00:00,17.2095,17.39402,17.10547,17.26628,9141.0
2019-08-15 21:00:00+00:00,17.26628,17.33468,17.05758,17.11308,6045.0
2019-08-18 21:00:00+00:00,17.15941,17.15941,16.85549,16.87372,5222.0
2019-08-19 21:00:00+00:00,16.89377,17.19329,16.86205,17.16422,4007.0
2019-08-20 21:00:00+00:00,17.15128,17.20206,17.00119,17.11896,3922.0
2019-08-21 21:00:00+00:00,17.13842,17.15246,16.9479,17.03999,3670.0
2019-08-22 21:00:00+00:00,17.05095,17.48292,16.98714,17.403,6454.0
2019-08-25 21:00:00+00:00,17.54334,17.77742,17.51818,17.66666,9183.0
2019-08-26 21:00:00+00:00,17.66252,18.21246,17.64064,18.1963,6024.0
2019-08-27 21:00:00+00:00,18.1895,18.5124,18.07184,18.36664,7554.0
2019-08-28 21:00:00+00:00,18.34994,18.65524,18.05226,18.26456,10526.0
2019-08-29 21:00:00+00:00,18.25243,18.47703,18.07024,18.37402,9105.0
2019-09-01 21:00:00+00:00,18.43041,18.57446,18.27278,18.46759,5711.0
2019-09-02 21:00:00+00:00,18.49281,19.2894,18.33763,19.26291,9918.0
2019-09-03 21:00:00+00:00,19.23655,19.65023,19.1921,19.59196,13032.0
2019-09-04 21:00:00+00:00,19.5187,19.57826,18.48517,18.65513,16031.0
2019-09-05 21:00:00+00:00,18.65513,18.79859,17.96826,18.18123,25763.0
2019-09-06 21:00:00+00:00,18.178,18.178,18.178,18.178,1.0
2019-09-08 21:00:00+00:00,18.135,18.31327,17.93322,18.00269,13636.0
2019-09-09 21:00:00+00:00,18.0107,18.1804,17.78435,18.00134,10968.0
2019-09-10 21:00:00+00:00,18.00398,18.24828,17.89422,18.11545,7710.0
2019-09-11 21:00:00+00:00,18.1132,18.47088,18.01091,18.09892,12093.0
2019-09-12 21:00:00+00:00,18.07366,18.19199,17.40488,17.44196,9715.0
2019-09-13 21:00:00+00:00,17.43755,17.43755,17.43755,17.43755,1.0
2019-09-15 21:00:00+00:00,17.73625,18.00452,17.62519,17.85112,11153.0
2019-09-16 21:00:00+00:00,17.86105,18.09204,17.75807,18.02186,7548.0
2019-09-17 21:00:00+00:00,18.00245,18.04385,17.52015,17.75523,12868.0
2019-09-18 21:00:00+00:00,17.75228,17.94275,17.59724,17.78901,7349.0
2019-09-19 21:00:00+00:00,17.80343,17.9948,17.75244,17.99409,5295.0
2019-09-22 21:00:00+00:00,17.95708,18.70912,17.94415,18.6452,9874.0
2019-09-23 21:00:00+00:00,18.60671,18.74216,18.25495,18.60878,11085.0
2019-09-24 21:00:00+00:00,18.61238,18.68823,17.8184,17.9067,11996.0
2019-09-25 21:00:00+00:00,17.92722,18.05285,17.73366,17.82095,11183.0
2019-09-26 21:00:00+00:00,17.84061,17.90338,17.29762,17.54288,12973.0
2019-09-27 21:00:00+00:00,17.5492,17.5492,17.5492,17.5492,1.0
2019-09-29 21:00:00+00:00,17.52252,17.60394,16.93241,17.00228,11185.0
2019-09-30 21:00:00+00:00,17.00642,17.32766,16.90004,17.23805,9742.0
2019-10-01 21:00:00+00:00,17.2482,17.67442,17.19364,17.56549,9059.0
2019-10-02 21:00:00+00:00,17.57359,17.79946,17.47296,17.55648,10294.0
2019-10-03 21:00:00+00:00,17.56716,17.69868,17.29862,17.55441,10263.0
2019-10-04 21:00:00+00:00,17.55794,17.55794,17.55794,17.55794,1.0
2019-10-06 21:00:00+00:00,17.64376,17.64826,17.39386,17.43164,5790.0
2019-10-07 21:00:00+00:00,17.43918,17.80808,17.27365,17.73104,10137.0
2019-10-08 21:00:00+00:00,17.74122,17.95719,17.67182,17.73402,8099.0
2019-10-09 21:00:00+00:00,17.74922,17.8964,17.42644,17.50114,10192.0
2019-10-10 21:00:00+00:00,17.52265,17.75396,17.34538,17.55622,11878.0
2019-10-11 21:00:00+00:00,17.55931,17.55931,17.55931,17.55931,1.0
2019-10-13 21:00:00+00:00,17.56205,17.70358,17.42994,17.65624,6037.0
2019-10-14 21:00:00+00:00,17.6503,17.73448,17.35326,17.41442,6454.0
2019-10-15 21:00:00+00:00,17.41442,17.47102,17.16918,17.39844,7750.0
2019-10-16 21:00:00+00:00,17.39844,17.64438,17.3192,17.54708,5788.0
2019-10-17 21:00:00+00:00,17.55342,17.60399,17.40806,17.5498,4387.0
2019-10-20 21:00:00+00:00,17.5498,17.87415,17.5119,17.56647,5907.0
2019-10-21 21:00:00+00:00,17.58296,17.66864,17.4358,17.52314,5445.0
2019-10-22 21:00:00+00:00,17.54496,17.62152,17.50926,17.55002,3658.0
2019-10-23 21:00:00+00:00,17.55244,17.84542,17.48268,17.80728,4723.0
2019-10-24 21:00:00+00:00,17.81826,18.33346,17.79198,18.03611,8008.0
2019-10-27 21:00:00+00:00,18.05249,18.13734,17.7894,17.8502,6476.0
2019-10-28 21:00:00+00:00,17.86511,17.89912,17.61132,17.80706,6608.0
2019-10-29 21:00:00+00:00,17.80706,17.96371,17.59285,17.86363,7927.0
2019-10-30 21:00:00+00:00,17.87404,18.17616,17.79612,18.10826,7231.0
2019-10-31 21:00:00+00:00,18.11344,18.15173,17.94115,18.11129,5896.0
2019-11-03 22:00:00+00:00,18.12278,18.22198,17.96971,18.05742,4635.0
2019-11-04 22:00:00+00:00,18.06392,18.09286,17.53998,17.58034,7236.0
2019-11-05 22:00:00+00:00,17.57652,17.64953,17.38949,17.63163,6064.0
2019-11-06 22:00:00+00:00,17.62212,17.67044,16.95956,17.1171,8664.0
2019-11-07 22:00:00+00:00,17.10648,17.12496,16.69674,16.79744,8565.0
2019-11-10 22:00:00+00:00,16.81172,16.94046,16.66801,16.85939,5032.0
2019-11-11 22:00:00+00:00,16.84123,16.90356,16.64968,16.76974,6412.0
2019-11-12 22:00:00+00:00,16.7719,17.02887,16.76988,16.97497,5904.0
2019-11-13 22:00:00+00:00,16.9628,17.10577,16.88156,17.02556,5057.0
2019-11-14 22:00:00+00:00,17.0314,17.03651,16.82315,16.96694,4275.0
2019-11-17 22:00:00+00:00,16.98227,17.05984,16.74576,17.04005,4574.0
2019-11-18 22:00:00+00:00,17.03792,17.18594,16.97029,17.14783,4782.0
2019-11-19 22:00:00+00:00,17.14564,17.2079,17.03422,17.14981,5558.0
2019-11-20 22:00:00+00:00,17.17582,17.19434,17.04446,17.10236,5203.0
2019-11-21 22:00:00+00:00,17.09972,17.23538,16.98802,16.99701,4038.0
2019-11-24 22:00:00+00:00,16.93984,16.99874,16.85948,16.89349,3705.0
2019-11-25 22:00:00+00:00,16.8564,17.1154,16.81746,17.07695,3751.0
2019-11-26 22:00:00+00:00,17.08189,17.0933,16.93452,16.95338,2789.0
2019-11-27 22:00:00+00:00,16.96024,17.01706,16.91808,16.94676,1398.0
2019-11-28 22:00:00+00:00,16.93802,17.04578,16.86092,17.0173,2769.0
2019-12-01 22:00:00+00:00,17.00348,17.01834,16.82718,16.91184,3654.0
2019-12-02 22:00:00+00:00,16.90938,17.20314,16.87531,17.17266,4483.0
2019-12-03 22:00:00+00:00,17.17,17.327,16.8049,16.85288,6144.0
2019-12-04 22:00:00+00:00,16.85582,17.01728,16.82268,16.95922,3606.0
2019-12-05 22:00:00+00:00,16.96336,17.0451,16.53464,16.57147,5618.0
2019-12-08 22:00:00+00:00,16.57147,16.68676,16.5302,16.6063,2758.0
2019-12-09 22:00:00+00:00,16.61124,16.71827,16.5829,16.66836,2650.0
2019-12-10 22:00:00+00:00,16.66632,16.96544,16.60589,16.8611,3757.0
2019-12-11 22:00:00+00:00,16.86942,17.12064,16.77101,16.92806,6783.0
2019-12-12 22:00:00+00:00,16.93174,17.03702,16.84526,16.94803,6546.0
2019-12-15 22:00:00+00:00,16.9567,17.08749,16.90703,17.0449,3050.0
2019-12-16 22:00:00+00:00,17.04489,17.11373,16.96215,17.01196,2686.0
2019-12-17 22:00:00+00:00,17.01196,17.06896,16.8871,17.01703,2371.0
2019-12-18 22:00:00+00:00,17.01222,17.12506,16.90509,17.06608,2139.0
2019-12-19 22:00:00+00:00,17.0681,17.25919,17.0335,17.20735,2844.0
2019-12-22 22:00:00+00:00,17.2043,17.45634,17.18106,17.43991,2979.0
2019-12-23 22:00:00+00:00,17.43991,17.78662,17.37372,17.77186,4108.0
2019-12-25 22:00:00+00:00,17.76147,18.0543,17.73439,17.89712,6548.0
2019-12-26 22:00:00+00:00,17.90182,17.9728,17.74794,17.76516,4223.0
2019-12-29 22:00:00+00:00,17.79566,17.96245,17.78006,17.92666,3314.0
2019-12-30 22:00:00+00:00,17.92666,18.14632,17.82634,17.85219,5181.0
2020-01-02 22:00:00+00:00,18.02334,18.27384,17.99964,18.05136,8111.0
2020-01-05 22:00:00+00:00,18.16359,18.50632,18.01633,18.14931,10729.0
2020-01-06 22:00:00+00:00,18.14555,18.43872,17.95234,18.39172,7917.0
2020-01-07 22:00:00+00:00,18.3996,18.85944,18.0592,18.10675,19816.0
2020-01-08 22:00:00+00:00,18.10675,18.20606,17.80172,17.89859,8327.0
2020-01-09 22:00:00+00:00,17.90804,18.15368,17.84943,18.11848,5525.0
2020-01-12 22:00:00+00:00,18.11848,18.11848,17.92306,17.95872,2938.0
2020-01-13 22:00:00+00:00,17.96606,17.97039,17.68392,17.80024,5414.0
2020-01-14 22:00:00+00:00,17.79152,18.04218,17.75174,18.00672,5039.0
2020-01-15 22:00:00+00:00,18.00278,18.04922,17.87502,17.94164,3939.0
2020-01-16 22:00:00+00:00,17.94686,18.17464,17.90609,18.0359,4254.0
2020-01-19 22:00:00+00:00,18.02624,18.13094,18.00156,18.06639,1899.0
2020-01-20 22:00:00+00:00,18.06055,18.15578,17.6397,17.78895,6435.0
2020-01-21 22:00:00+00:00,17.80286,17.93063,17.68888,17.8404,3806.0
2020-01-22 22:00:00+00:00,17.84358,17.91466,17.60638,17.7744,5365.0
2020-01-23 22:00:00+00:00,17.79465,18.14748,17.7512,18.10994,5374.0
2020-01-26 22:00:00+00:00,18.2643,18.36887,18.04734,18.09759,7131.0
2020-01-27 22:00:00+00:00,18.10104,18.12094,17.44124,17.47674,7437.0
2020-01-28 22:00:00+00:00,17.46708,17.59522,17.33993,17.56586,4414.0
2020-01-29 22:00:00+00:00,17.56036,18.04256,17.54262,17.83856,7818.0
2020-01-30 22:00:00+00:00,17.83858,18.09536,17.78892,18.04112,5612.0
2020-02-02 22:00:00+00:00,18.0522,18.10022,17.6017,17.6801,7891.0
2020-02-03 22:00:00+00:00,17.67944,17.78496,17.53149,17.591,4979.0
2020-02-04 22:00:00+00:00,17.60214,17.72789,17.4892,17.61164,5930.0
2020-02-05 22:00:00+00:00,17.61418,17.88528,17.60182,17.81846,4445.0
2020-02-06 22:00:00+00:00,17.82378,17.86465,17.6358,17.69989,4995.0
2020-02-09 22:00:00+00:00,17.73249,17.84059,17.68528,17.76592,3018.0
2020-02-10 22:00:00+00:00,17.7724,17.81144,17.57454,17.6497,3221.0
2020-02-11 22:00:00+00:00,17.6497,17.67514,17.46902,17.4838,3417.0
2020-02-12 22:00:00+00:00,17.48449,17.7365,17.47512,17.6457,3230.0
2020-02-13 22:00:00+00:00,17.64698,17.80967,17.62491,17.7384,2543.0
2020-02-16 22:00:00+00:00,17.73104,17.89378,17.69984,17.7835,1844.0
2020-02-17 22:00:00+00:00,17.80336,18.23454,17.7918,18.1705,4323.0
2020-02-18 22:00:00+00:00,18.18088,18.46683,18.15555,18.43303,5626.0
2020-02-19 22:00:00+00:00,18.42012,18.44884,18.23092,18.3636,6236.0
2020-02-20 22:00:00+00:00,18.3748,18.63318,18.35885,18.4856,7234.0
2020-02-23 22:00:00+00:00,18.65048,18.94776,18.54256,18.6299,13834.0
2020-02-24 22:00:00+00:00,18.65085,18.66917,17.86236,18.00178,14879.0
2020-02-25 22:00:00+00:00,17.99626,18.21222,17.79796,17.92187,12836.0
2020-02-26 22:00:00+00:00,17.92075,18.14058,17.62388,17.77883,12962.0
2020-02-27 22:00:00+00:00,17.75133,17.86872,16.39817,16.67323,29636.0
2020-03-01 22:00:00+00:00,16.57068,17.05886,16.43998,16.7362,18500.0
2020-03-02 22:00:00+00:00,16.72031,17.47244,16.71552,17.22653,19405.0
2020-03-03 22:00:00+00:00,17.2128,17.33942,17.08505,17.21643,11240.0
2020-03-04 22:00:00+00:00,17.23078,17.46416,17.15104,17.42991,7404.0
2020-03-05 22:00:00+00:00,17.44036,17.60704,17.04742,17.35143,17982.0
2020-03-08 21:00:00+00:00,17.465,17.60936,16.57004,17.00932,32651.0
2020-03-09 21:00:00+00:00,17.01378,17.19756,16.8125,16.89435,16051.0
2020-03-10 21:00:00+00:00,16.87768,17.11183,16.6787,16.76403,9949.0
2020-03-11 21:00:00+00:00,16.74993,16.92451,15.52588,15.81223,28717.0
2020-03-12 21:00:00+00:00,15.81562,15.86725,14.44825,14.72086,35131.0
2020-03-15 21:00:00+00:00,15.24,15.25854,11.80302,12.91789,52793.0
2020-03-16 21:00:00+00:00,12.87004,13.24744,12.12696,12.62276,41937.0
2020-03-17 21:00:00+00:00,12.61258,12.90045,11.64116,11.98561,52420.0
2020-03-18 21:00:00+00:00,11.96651,12.31354,11.77792,12.10141,31686.0
2020-03-19 21:00:00+00:00,12.07518,13.02888,11.99556,12.62916,28429.0
2020-03-22 21:00:00+00:00,12.62138,13.28361,12.28478,13.2583,25328.0
2020-03-23 21:00:00+00:00,13.26266,14.34763,13.17422,14.29273,36149.0
2020-03-24 21:00:00+00:00,14.30426,14.72821,14.01734,14.4489,55484.0
2020-03-25 21:00:00+00:00,14.5099,14.68387,14.16417,14.40737,34604.0
2020-03-26 21:00:00+00:00,14.40875,14.63565,14.18157,14.485,16834.0
2020-03-29 21:00:00+00:00,14.49507,14.56064,13.81468,14.05953,26461.0
2020-03-30 21:00:00+00:00,14.07572,14.25356,13.86118,13.97396,12908.0
2020-03-31 21:00:00+00:00,13.96256,14.14137,13.82278,13.966,10838.0
2020-04-01 21:00:00+00:00,13.95752,14.55632,13.906,14.48574,14364.0
2020-04-02 21:00:00+00:00,14.49008,14.54942,14.27782,14.40085,11379.0
2020-04-05 21:00:00+00:00,14.42264,15.08872,14.24962,15.0099,20427.0
2020-04-06 21:00:00+00:00,15.01296,15.47545,14.88575,15.02482,29040.0
2020-04-07 21:00:00+00:00,15.01389,15.14004,14.86283,14.94807,11278.0
2020-04-08 21:00:00+00:00,14.95176,15.58462,14.90308,15.40515,28276.0
2020-04-12 21:00:00+00:00,15.46848,15.50065,15.14265,15.39576,28976.0
2020-04-13 21:00:00+00:00,15.377,15.84532,15.34891,15.77817,31533.0
2020-04-14 21:00:00+00:00,15.76744,15.78962,15.28194,15.46785,22047.0
2020-04-15 21:00:00+00:00,15.47791,15.60016,15.22114,15.53364,14328.0
2020-04-16 21:00:00+00:00,15.54596,15.55523,15.02616,15.18449,25125.0
2020-04-19 21:00:00+00:00,15.17425,15.44124,15.06069,15.32368,18885.0
2020-04-20 21:00:00+00:00,15.31824,15.33394,14.54295,14.87906,33309.0
2020-04-21 21:00:00+00:00,14.86591,15.16075,14.68714,15.10778,14987.0
2020-04-22 21:00:00+00:00,15.10738,15.445,14.97267,15.25558,18260.0
2020-04-23 21:00:00+00:00,15.25309,15.39114,15.02942,15.26156,11019.0
2020-04-26 21:00:00+00:00,15.22734,15.33042,15.02078,15.20711,9446.0
2020-04-27 21:00:00+00:00,15.20129,15.2395,14.91674,15.16538,10948.0
2020-04-28 21:00:00+00:00,15.16775,15.40176,15.09826,15.29527,11660.0
2020-04-29 21:00:00+00:00,15.30417,15.51301,14.629,14.96492,27505.0
2020-04-30 21:00:00+00:00,14.94707,15.05114,14.74828,14.979,12750.0
2020-05-03 21:00:00+00:00,14.98145,15.07014,14.71307,14.78219,14126.0
2020-05-04 21:00:00+00:00,14.7817,15.04223,14.7235,14.96472,9728.0
2020-05-05 21:00:00+00:00,14.97142,15.16909,14.81,14.8462,12076.0
2020-05-06 21:00:00+00:00,14.83728,15.44028,14.82393,15.35932,17678.0
2020-05-07 21:00:00+00:00,15.35354,15.64333,15.22168,15.46387,15038.0
2020-05-10 21:00:00+00:00,15.49656,15.62082,15.2809,15.49267,10431.0
2020-05-11 21:00:00+00:00,15.49451,15.62953,15.34231,15.44332,9157.0
2020-05-12 21:00:00+00:00,15.44269,15.65542,15.31976,15.57985,9999.0
2020-05-13 21:00:00+00:00,15.57741,15.8977,15.45206,15.88595,10264.0
2020-05-14 21:00:00+00:00,15.88077,16.73034,15.7819,16.64275,19406.0
2020-05-17 21:00:00+00:00,16.813,17.57012,16.67617,16.97512,26404.0
2020-05-18 21:00:00+00:00,16.97984,17.49368,16.97984,17.34658,21581.0
2020-05-19 21:00:00+00:00,17.3613,17.63166,17.27022,17.55926,20421.0
2020-05-20 21:00:00+00:00,17.55584,17.55584,16.87735,17.1101,24331.0
2020-05-21 21:00:00+00:00,17.12058,17.25076,16.72886,17.21039,22299.0
2020-05-24 21:00:00+00:00,17.20832,17.20876,16.90368,17.10837,10984.0
2020-05-25 21:00:00+00:00,17.12403,17.45608,17.02376,17.1214,21961.0
2020-05-26 21:00:00+00:00,17.12575,17.36006,16.85304,17.26784,15363.0
2020-05-27 21:00:00+00:00,17.2757,17.52247,17.18042,17.37524,18445.0
2020-05-28 21:00:00+00:00,17.37547,17.91726,17.26215,17.8706,17166.0
2020-05-31 21:00:00+00:00,18.07907,18.38958,17.944,18.29933,15467.0
2020-06-01 21:00:00+00:00,18.309,18.37192,17.78162,18.07912,14049.0
2020-06-02 21:00:00+00:00,18.065,18.08586,17.46684,17.65594,18813.0
2020-06-03 21:00:00+00:00,17.65274,17.85062,17.47254,17.70763,12280.0
2020-06-04 21:00:00+00:00,17.72206,17.7715,17.22136,17.43414,18535.0
2020-06-07 21:00:00+00:00,17.379,17.80097,17.32724,17.77009,12212.0
2020-06-08 21:00:00+00:00,17.73683,17.77514,17.4717,17.53327,10171.0
2020-06-09 21:00:00+00:00,17.53281,18.19217,17.53281,18.07949,11672.0
2020-06-10 21:00:00+00:00,18.15769,18.16415,17.48272,17.64463,16056.0
2020-06-11 21:00:00+00:00,17.6623,17.75164,17.39106,17.49354,14466.0
2020-06-14 21:00:00+00:00,17.48212,17.55418,16.95064,17.37441,13620.0
2020-06-15 21:00:00+00:00,17.37928,17.57333,17.29218,17.45936,12205.0
2020-06-16 21:00:00+00:00,17.45595,17.60847,17.34036,17.50358,7343.0
2020-06-17 21:00:00+00:00,17.48905,17.68244,17.31376,17.37594,7364.0
2020-06-18 21:00:00+00:00,17.39322,17.80641,17.37419,17.61342,6764.0
2020-06-21 21:00:00+00:00,17.67187,18.03489,17.64526,17.70692,10379.0
2020-06-22 21:00:00+00:00,17.69124,18.01638,17.66579,17.94606,9767.0
2020-06-23 21:00:00+00:00,17.94922,18.08635,17.37633,17.4985,13324.0
2020-06-24 21:00:00+00:00,17.4949,17.81508,17.4496,17.80661,8102.0
2020-06-25 21:00:00+00:00,17.82501,17.94814,17.49656,17.80238,8223.0
2020-06-28 21:00:00+00:00,17.83856,17.9649,17.69322,17.84178,7132.0
2020-06-29 21:00:00+00:00,17.83117,18.24111,17.77762,18.18769,8681.0
2020-06-30 21:00:00+00:00,18.20337,18.44516,17.83543,18.0151,12395.0
2020-07-01 21:00:00+00:00,18.0045,18.13286,17.76689,17.94722,8990.0
2020-07-02 21:00:00+00:00,17.9518,18.06751,17.94722,18.04423,3105.0
2020-07-05 21:00:00+00:00,18.0395,18.3984,17.94882,18.2719,8384.0
2020-07-06 21:00:00+00:00,18.2725,18.36206,17.99552,18.26167,7854.0
2020-07-07 21:00:00+00:00,18.279,18.76858,18.24964,18.72269,10932.0
2020-07-08 21:00:00+00:00,18.72313,19.03993,18.4887,18.65632,13290.0
2020-07-09 21:00:00+00:00,18.64516,18.80927,18.48619,18.72336,8441.0
2020-07-12 21:00:00+00:00,18.74471,19.37966,18.74014,19.06736,11699.0
2020-07-13 21:00:00+00:00,19.06567,19.29666,18.87692,19.22027,13217.0
2020-07-14 21:00:00+00:00,19.23452,19.47939,19.1377,19.41224,10398.0
2020-07-15 21:00:00+00:00,19.442,19.465,19.10036,19.16055,8410.0
2020-07-16 21:00:00+00:00,19.16308,19.39807,18.93108,19.32655,7322.0
2020-07-19 21:00:00+00:00,19.33052,19.92053,19.25732,19.91252,11561.0
2020-07-20 21:00:00+00:00,19.91616,21.33224,19.85623,21.29471,23125.0
2020-07-21 21:00:00+00:00,21.313,23.07137,21.29225,23.01937,66833.0
2020-07-22 21:00:00+00:00,23.05537,23.25404,22.2552,22.59865,51545.0
2020-07-23 21:00:00+00:00,22.6408,22.92208,22.39894,22.76524,29244.0
2020-07-26 21:00:00+00:00,22.73928,24.60277,22.72571,24.60277,54149.0
2020-07-27 21:00:00+00:00,24.56451,26.20382,22.30907,24.38679,111042.0
2020-07-28 21:00:00+00:00,24.47729,24.9569,23.31946,24.28438,50054.0
2020-07-29 21:00:00+00:00,24.31967,24.41236,22.9171,23.48673,51642.0
2020-07-30 21:00:00+00:00,23.51355,24.48943,23.28558,24.41258,43069.0
2020-08-02 21:00:00+00:00,24.8355,24.97025,24.03948,24.32876,31141.0
2020-08-03 21:00:00+00:00,24.35634,26.04518,24.13498,26.00108,40306.0
2020-08-04 21:00:00+00:00,26.10225,27.14382,25.37318,26.94474,73290.0
2020-08-05 21:00:00+00:00,26.97006,29.08624,26.80456,28.90235,66229.0
2020-08-06 21:00:00+00:00,28.92931,29.85877,27.37179,28.30646,108424.0
2020-08-09 21:00:00+00:00,28.53791,29.41209,27.83178,29.13888,67527.0
2020-08-10 21:00:00+00:00,29.18463,29.26936,24.38996,24.81681,135026.0
2020-08-11 21:00:00+00:00,24.8157,26.28809,23.44522,25.53313,126909.0
2020-08-12 21:00:00+00:00,25.55178,27.72506,25.28314,27.48113,90506.0
2020-08-13 21:00:00+00:00,27.49235,27.74056,25.74526,26.44783,94961.0
2020-08-16 21:00:00+00:00,26.6211,27.57201,25.82184,27.48494,66150.0
2020-08-17 21:00:00+00:00,27.5043,28.46672,27.10442,27.66672,68433.0
2020-08-18 21:00:00+00:00,27.75293,28.03108,26.49378,26.71924,88614.0
2020-08-19 21:00:00+00:00,26.65934,27.53044,26.6062,27.23553,65018.0
2020-08-20 21:00:00+00:00,27.2416,27.54602,26.04792,26.80018,48778.0
2020-08-23 21:00:00+00:00,26.79754,27.241,26.26614,26.60868,37236.0
2020-08-24 21:00:00+00:00,26.60999,26.80501,26.06536,26.53145,28533.0
2020-08-25 21:00:00+00:00,26.58632,27.49841,26.09372,27.48778,31567.0
2020-08-26 21:00:00+00:00,27.5085,27.93172,26.51554,26.99641,51077.0
2020-08-27 21:00:00+00:00,27.04067,27.71723,26.83572,27.50068,33656.0
2020-08-30 21:00:00+00:00,27.56953,28.36225,27.56953,28.1374,32838.0
2020-08-31 21:00:00+00:00,28.14573,28.90226,27.58271,28.12216,34400.0
2020-09-01 21:00:00+00:00,28.07724,28.31466,27.07174,27.43682,39150.0
2020-09-02 21:00:00+00:00,27.45101,27.71452,26.486,26.60165,44734.0
2020-09-03 21:00:00+00:00,26.60805,27.06111,26.304,26.91924,45477.0
2020-09-06 21:00:00+00:00,26.85252,27.1763,26.62796,26.86278,19415.0
2020-09-07 21:00:00+00:00,26.92418,27.10078,25.8467,26.66925,39191.0
2020-09-08 21:00:00+00:00,26.65328,27.12444,26.41472,26.97784,25996.0
2020-09-09 21:00:00+00:00,26.98132,27.48951,26.69331,26.88666,29233.0
2020-09-10 21:00:00+00:00,26.84507,27.03388,26.5723,26.7394,22907.0
2020-09-13 21:00:00+00:00,26.76367,27.30674,26.6841,27.1296,15713.0
2020-09-14 21:00:00+00:00,27.14828,27.62775,27.0091,27.14245,19283.0
2020-09-15 21:00:00+00:00,27.14074,27.44395,26.87882,27.16284,25212.0
2020-09-16 21:00:00+00:00,27.1692,27.202,26.29021,27.04072,29052.0
2020-09-17 21:00:00+00:00,27.05422,27.25443,26.69286,26.7694,18798.0
2020-09-20 21:00:00+00:00,26.63638,26.96382,23.6996,24.71845,58442.0
2020-09-21 21:00:00+00:00,24.7045,25.24134,23.83196,24.40381,49019.0
2020-09-22 21:00:00+00:00,24.38587,24.47911,22.5951,22.77392,57954.0
2020-09-23 21:00:00+00:00,22.7644,23.35352,21.66265,23.14832,62985.0
2020-09-24 21:00:00+00:00,23.16013,23.3054,22.43417,22.88526,37351.0
2020-09-27 21:00:00+00:00,22.91066,23.72924,22.52241,23.67596,33598.0
2020-09-28 21:00:00+00:00,23.69021,24.40625,23.37772,24.17158,27638.0
2020-09-29 21:00:00+00:00,24.2765,24.31593,23.13816,23.23319,35281.0
2020-09-30 21:00:00+00:00,23.27082,24.16941,23.22915,23.78722,31792.0
2020-10-01 21:00:00+00:00,23.78845,24.20713,23.47952,23.72689,38162.0
2020-10-04 21:00:00+00:00,23.83336,24.51972,23.68841,24.38089,23210.0
2020-10-05 21:00:00+00:00,24.35758,24.5066,22.87386,23.06504,32974.0
2020-10-06 21:00:00+00:00,23.07441,23.98202,23.02593,23.8162,28403.0
2020-10-07 21:00:00+00:00,23.7989,24.21844,23.65651,23.83416,19542.0
2020-10-08 21:00:00+00:00,23.85708,25.18068,23.83536,25.15985,21722.0
2020-10-11 21:00:00+00:00,25.07763,25.56324,24.78322,25.10102,30160.0
2020-10-12 21:00:00+00:00,25.11924,25.19531,23.93636,24.12729,33025.0
2020-10-13 21:00:00+00:00,24.13069,24.63837,23.87798,24.26268,25676.0
2020-10-14 21:00:00+00:00,24.28492,24.31307,23.5769,24.29673,30729.0
2020-10-15 21:00:00+00:00,24.2968,24.5236,24.06244,24.15944,20445.0
2020-10-18 21:00:00+00:00,24.17753,24.97568,24.12072,24.39382,25927.0
2020-10-19 21:00:00+00:00,24.3799,24.92543,24.32315,24.6298,21401.0
2020-10-20 21:00:00+00:00,24.65832,25.28772,24.65832,25.04608,25922.0
2020-10-21 21:00:00+00:00,25.0398,25.08881,24.37694,24.71339,24353.0
2020-10-22 21:00:00+00:00,24.7142,24.85736,24.41387,24.61133,16461.0
2020-10-25 21:00:00+00:00,24.64638,24.66366,24.09823,24.28013,24528.0
2020-10-26 21:00:00+00:00,24.28657,24.61906,24.20078,24.36189,16609.0
2020-10-27 21:00:00+00:00,24.36931,24.5728,23.02904,23.38239,34059.0
2020-10-28 21:00:00+00:00,23.37041,23.58546,22.59227,23.25487,35650.0
2020-10-29 21:00:00+00:00,23.28391,23.81782,23.179,23.65092,28853.0
2020-11-01 22:00:00+00:00,23.60248,24.1666,23.39782,24.09986,25673.0
2020-11-02 22:00:00+00:00,24.09082,24.3901,23.91244,24.23743,20858.0
2020-11-03 22:00:00+00:00,24.20622,24.50483,23.22958,23.89663,60027.0
2020-11-04 22:00:00+00:00,23.90307,25.47024,23.89876,25.36456,34406.0
2020-11-05 22:00:00+00:00,25.3825,25.84462,24.89665,25.61754,42230.0
2020-11-08 22:00:00+00:00,25.70444,26.01198,23.57608,24.07894,65650.0
2020-11-09 22:00:00+00:00,24.12076,24.49656,23.90662,24.22632,32511.0
2020-11-10 22:00:00+00:00,24.2169,24.43392,23.78108,24.28033,24178.0
2020-11-11 22:00:00+00:00,24.28917,24.40324,24.04388,24.28607,18882.0
2020-11-12 22:00:00+00:00,24.28012,24.81932,24.15829,24.66456,15761.0
2020-11-15 22:00:00+00:00,24.7,25.07286,24.22,24.7711,26569.0
2020-11-16 22:00:00+00:00,24.77272,24.80959,24.36738,24.48365,17554.0
2020-11-17 22:00:00+00:00,24.49371,24.70764,24.20265,24.33498,18452.0
2020-11-18 22:00:00+00:00,24.32494,24.37638,23.64147,24.04362,21101.0
2020-11-19 22:00:00+00:00,24.03817,24.52782,23.90931,24.17684,15948.0
2020-11-22 22:00:00+00:00,24.12686,24.39794,23.42555,23.60131,21224.0
2020-11-23 22:00:00+00:00,23.60407,23.6367,22.93194,23.27048,24311.0
2020-11-24 22:00:00+00:00,23.26958,23.52454,23.1035,23.34026,15259.0
2020-11-25 22:00:00+00:00,23.34479,23.48317,23.18743,23.3329,7968.0
2020-11-26 22:00:00+00:00,23.29878,23.32824,22.3415,22.69519,15833.0
2020-11-29 22:00:00+00:00,22.68786,22.75784,21.89956,22.62652,24677.0
2020-11-30 22:00:00+00:00,22.63149,24.05318,22.59034,24.00223,19602.0
2020-12-01 22:00:00+00:00,24.00117,24.32376,23.5508,24.09133,21570.0
2020-12-02 22:00:00+00:00,24.08814,24.28444,23.74295,24.06248,20901.0
2020-12-03 22:00:00+00:00,24.07295,24.41771,23.93228,24.18864,19971.0
2020-12-06 22:00:00+00:00,24.20774,24.77972,23.52697,24.4857,23368.0
2020-12-07 22:00:00+00:00,24.49,24.86842,24.2225,24.55528,16178.0
2020-12-08 22:00:00+00:00,24.58478,24.59337,23.59022,23.9573,23789.0
2020-12-09 22:00:00+00:00,23.95384,24.28702,23.72092,23.99387,19606.0
2020-12-10 22:00:00+00:00,24.01334,24.11843,23.59988,23.93546,16729.0
2020-12-13 22:00:00+00:00,23.99988,24.23718,23.6676,23.82856,16584.0
2020-12-14 22:00:00+00:00,23.85723,24.56278,23.83582,24.50368,16177.0
2020-12-15 22:00:00+00:00,24.51184,25.49891,24.44664,25.34898,27319.0
2020-12-16 22:00:00+00:00,25.32723,26.10284,25.15905,26.06978,23447.0
2020-12-17 22:00:00+00:00,26.07245,26.13019,25.65756,25.80746,19487.0
2020-12-20 22:00:00+00:00,25.90681,27.41193,24.95952,26.17405,67298.0
2020-12-21 22:00:00+00:00,26.18444,26.58134,25.07914,25.18714,42086.0
2020-12-22 22:00:00+00:00,25.18751,25.79388,25.06173,25.54896,27980.0
2020-12-23 22:00:00+00:00,25.56259,25.91042,25.42077,25.81664,15927.0
2020-12-27 22:00:00+00:00,26.04037,26.7728,25.95039,26.24862,31544.0
2020-12-28 22:00:00+00:00,26.25996,26.61232,25.9507,26.21034,23698.0
2020-12-29 22:00:00+00:00,26.21833,26.67837,26.1481,26.67541,17508.0
2020-12-30 22:00:00+00:00,26.69308,26.70882,26.21666,26.39971,17910.0
2021-01-03 22:00:00+00:00,26.65585,27.56898,26.5996,27.23458,34243.0
2021-01-04 22:00:00+00:00,27.22282,27.69084,26.98984,27.5561,25263.0
2021-01-05 22:00:00+00:00,27.5711,27.9272,26.60336,27.30192,46183.0
2021-01-06 22:00:00+00:00,27.30308,27.36638,26.92241,27.1364,28976.0
2021-01-07 22:00:00+00:00,27.1673,27.21441,24.47536,25.43468,60112.0
2021-01-10 22:00:00+00:00,25.37752,25.51371,24.34006,24.90964,49365.0
2021-01-11 22:00:00+00:00,24.93259,25.64138,24.93098,25.55088,28815.0
2021-01-12 22:00:00+00:00,25.57456,25.68722,25.13033,25.21298,23408.0
2021-01-13 22:00:00+00:00,25.21488,25.8957,25.04305,25.50923,26951.0
2021-01-14 22:00:00+00:00,25.5209,25.79478,24.58421,24.77787,33220.0
2021-01-17 22:00:00+00:00,24.764,25.1615,24.018,24.973,34272.0
2021-01-18 22:00:00+00:00,24.9645,25.4165,24.9509,25.2195,31998.0
2021-01-19 22:00:00+00:00,25.228,25.885,25.0375,25.838,33810.0
2021-01-20 22:00:00+00:00,25.8355,26.0532,25.6395,25.9325,32293.0
2021-01-21 22:00:00+00:00,25.9405,25.9685,25.029,25.5105,37747.0
2021-01-24 22:00:00+00:00,25.457,25.769,25.1655,25.341,33117.0
2021-01-25 22:00:00+00:00,25.3485,25.654,25.193,25.4735,22532.0
2021-01-26 22:00:00+00:00,25.477,25.4975,24.7005,25.27,43384.0
2021-01-27 22:00:00+00:00,25.295,26.9755,24.864,26.4743,85781.0
2021-01-28 22:00:00+00:00,26.566,27.658,26.0485,26.991,95855.0
2021-01-31 22:00:00+00:00,28.5905,30.1365,27.9675,29.028,181160.0
2021-02-01 22:00:00+00:00,28.775,28.922,26.2815,26.691,109486.0
2021-02-02 22:00:00+00:00,26.663,27.195,26.4915,26.894,56752.0
2021-02-03 22:00:00+00:00,26.879,26.9315,25.903,26.353,60361.0
2021-02-04 22:00:00+00:00,26.3665,27.0465,26.2015,26.9285,42233.0
2021-02-07 22:00:00+00:00,26.9855,27.585,26.8485,27.281,36314.0
2021-02-08 22:00:00+00:00,27.277,27.8105,27.063,27.271,37414.0
2021-02-09 22:00:00+00:00,27.277,27.535,26.8255,27.022,37438.0
2021-02-10 22:00:00+00:00,27.033,27.295,26.7075,26.978,26979.0
2021-02-11 22:00:00+00:00,26.981,27.43725,26.859,27.3605,22719.0
2021-02-14 22:00:00+00:00,27.388,27.7065,27.3655,27.6,14031.0
2021-02-15 22:00:00+00:00,27.616,27.95675,26.8365,27.2385,42940.0
2021-02-16 22:00:00+00:00,27.2315,27.424,26.8635,27.3815,38981.0
2021-02-17 22:00:00+00:00,27.3985,27.5255,26.8715,27.0366,34645.0
2021-02-18 22:00:00+00:00,27.051,27.611,26.4835,27.291,44212.0
2021-02-21 22:00:00+00:00,27.3885,28.2857,27.2755,28.1435,45095.0
2021-02-22 22:00:00+00:00,28.179,28.32856,27.2473,27.685,49956.0
2021-02-23 22:00:00+00:00,27.6655,28.0325,27.3255,27.945,39291.0
2021-02-24 22:00:00+00:00,27.97,28.2085,27.2795,27.4335,69707.0
2021-02-25 22:00:00+00:00,27.463,27.5995,26.13806,26.6715,84329.0
2021-02-28 22:00:00+00:00,26.6575,27.0815,26.441,26.572,40129.0
2021-03-01 22:00:00+00:00,26.582,26.9045,25.8425,26.7565,52142.0
2021-03-02 22:00:00+00:00,26.779,26.829,25.8379,26.089,46200.0
2021-03-03 22:00:00+00:00,26.0745,26.3035,25.06,25.357,76866.0
2021-03-04 22:00:00+00:00,25.354,25.4625,24.831,25.239,57799.0
2021-03-07 22:00:00+00:00,25.368,25.9275,24.9545,25.1255,49166.0
2021-03-08 22:00:00+00:00,25.114,26.1344,25.0405,25.929,39152.0
2021-03-09 22:00:00+00:00,25.943,26.223,25.5545,26.218,30824.0
2021-03-10 22:00:00+00:00,26.2325,26.458,25.84,26.128,30000.0
2021-03-11 22:00:00+00:00,26.136,26.17155,25.385,25.924,31872.0
2021-03-14 21:00:00+00:00,26.024,26.305,25.804,26.2415,26699.0
2021-03-15 21:00:00+00:00,26.2405,26.3095,25.83645,25.93985,21555.0
2021-03-16 21:00:00+00:00,25.9515,26.519,25.76146,26.3155,29028.0
2021-03-17 21:00:00+00:00,26.317,26.637,25.8325,26.0695,36308.0
2021-03-18 21:00:00+00:00,26.07,26.3213,25.87815,26.2555,25515.0
2021-03-21 21:00:00+00:00,26.2245,26.2345,25.413,25.7525,29568.0
2021-03-22 21:00:00+00:00,25.775,25.82865,25.014,25.054,22628.0
2021-03-23 21:00:00+00:00,25.066,25.36046,24.9845,25.09,19672.0
2021-03-24 21:00:00+00:00,25.11,25.188,24.41105,25.0565,31592.0
2021-03-25 21:00:00+00:00,25.0705,25.258,24.8705,25.0615,17798.0
2021-03-28 21:00:00+00:00,25.063,25.1045,24.4495,24.6515,23513.0
2021-03-29 21:00:00+00:00,24.675,24.7329,23.856,24.019,25771.0
2021-03-30 21:00:00+00:00,24.0225,24.5292,23.7805,24.414,21761.0
2021-03-31 21:00:00+00:00,24.433,24.9815,24.2545,24.957,19500.0
2021-04-04 21:00:00+00:00,24.9805,25.0811,24.6115,24.8785,15013.0
2021-04-05 21:00:00+00:00,24.88,25.3,24.77215,25.1575,19699.0
2021-04-06 21:00:00+00:00,25.1565,25.27586,24.85905,25.1525,14859.0
2021-04-07 21:00:00+00:00,25.1555,25.6185,24.9675,25.4535,16127.0
2021-04-08 21:00:00+00:00,25.4645,25.503,24.98794,25.2655,16817.0
2021-04-11 21:00:00+00:00,25.245,25.276,24.70956,24.816,17168.0
2021-04-12 21:00:00+00:00,24.817,25.4849,24.6845,25.342,17700.0
2021-04-13 21:00:00+00:00,25.3685,25.536,25.197,25.4205,16398.0
2021-04-14 21:00:00+00:00,25.4235,25.988,25.3255,25.847,19830.0
2021-04-15 21:00:00+00:00,25.8525,26.30435,25.7505,25.964,17160.0
2021-04-18 21:00:00+00:00,25.9675,26.2316,25.6352,25.827,23566.0
2021-04-19 21:00:00+00:00,25.82,26.0935,25.6935,25.8375,23132.0
2021-04-20 21:00:00+00:00,25.8515,26.647,25.76515,26.5505,22176.0
2021-04-21 21:00:00+00:00,26.5745,26.5908,25.982,26.1492,23050.0
2021-04-22 21:00:00+00:00,26.147,26.4085,25.85165,26.0035,21168.0
2021-04-25 21:00:00+00:00,26.00585,26.22155,25.857,26.2203,18452.0
2021-04-26 21:00:00+00:00,26.2155,26.4615,26.052,26.2675,17719.0
2021-04-27 21:00:00+00:00,26.2755,26.30115,25.8345,26.201,25062.0
2021-04-28 21:00:00+00:00,26.239,26.4789,25.7135,26.099,22126.0
2021-04-29 21:00:00+00:00,26.113,26.1952,25.8025,25.929,20813.0
2021-05-02 21:00:00+00:00,25.89255,26.996,25.8088,26.8973,17202.0
2021-05-03 21:00:00+00:00,26.907,27.1179,26.094,26.5055,25556.0
2021-05-04 21:00:00+00:00,26.5105,26.62915,26.105,26.483,17875.0
2021-05-05 21:00:00+00:00,26.524,27.4597,26.176,27.3083,26993.0
2021-05-06 21:00:00+00:00,27.2565,27.679,27.141,27.453,35595.0
2021-05-09 21:00:00+00:00,27.5455,27.8849,27.2371,27.3025,39942.0
2021-05-10 21:00:00+00:00,27.327,27.66816,27.1055,27.613,34458.0
2021-05-11 21:00:00+00:00,27.625,27.696,26.95705,27.0225,32862.0
2021-05-12 21:00:00+00:00,27.032,27.245,26.7225,27.093,25108.0
2021-05-13 21:00:00+00:00,27.1045,27.48545,26.81825,27.422,20378.0
2021-05-16 21:00:00+00:00,27.3755,28.28775,27.3485,28.1765,22742.0
2021-05-17 21:00:00+00:00,28.19,28.753,28.0105,28.1795,26198.0
2021-05-18 21:00:00+00:00,28.1885,28.23655,27.3723,27.7357,42154.0
2021-05-19 21:00:00+00:00,27.749,28.0033,27.3985,27.7595,23624.0
2021-05-20 21:00:00+00:00,27.7735,28.07,27.2025,27.565,26229.0
2021-05-23 21:00:00+00:00,27.582,27.9075,27.46235,27.7735,20334.0
2021-05-24 21:00:00+00:00,27.778,28.037,27.4659,27.9995,23433.0
2021-05-25 21:00:00+00:00,27.9865,28.232,27.6055,27.684,22643.0
2021-05-26 21:00:00+00:00,27.6615,27.8893,27.4969,27.845,18881.0
2021-05-27 21:00:00+00:00,27.8565,27.9773,27.4015,27.9335,20877.0
2021-05-30 21:00:00+00:00,27.9395,28.139,27.87935,28.0405,10555.0
2021-05-31 21:00:00+00:00,28.07,28.5585,27.826,27.8975,23682.0
2021-06-01 21:00:00+00:00,27.892,28.1905,27.6929,28.17396,15915.0
2021-06-02 21:00:00+00:00,28.166,28.2385,27.03596,27.4265,25321.0
2021-06-03 21:00:00+00:00,27.4555,27.8509,27.2295,27.7925,21759.0
2021-06-06 21:00:00+00:00,27.803,27.9522,27.479,27.8865,15058.0
2021-06-07 21:00:00+00:00,27.893,27.9785,27.5077,27.6175,17940.0
2021-06-08 21:00:00+00:00,27.6275,28.003,27.52,27.7705,16455.0
2021-06-09 21:00:00+00:00,27.784,28.0315,27.3955,27.993,23453.0
2021-06-10 21:00:00+00:00,28.0025,28.2848,27.8955,27.9235,21331.0
2021-06-13 21:00:00+00:00,27.9486,28.022,27.4745,27.8547,20249.0
2021-06-14 21:00:00+00:00,27.865,27.893,27.3935,27.657,20362.0
2021-06-15 21:00:00+00:00,27.66,27.832,26.60415,26.98,28774.0
2021-06-16 21:00:00+00:00,26.948,27.248,25.77585,25.9105,40896.0
2021-06-17 21:00:00+00:00,25.9115,26.49975,25.756,25.78035,37136.0
2021-06-20 21:00:00+00:00,25.8615,26.0835,25.55455,25.95035,28892.0
2021-06-21 21:00:00+00:00,25.966,26.038,25.69255,25.7705,19556.0
2021-06-22 21:00:00+00:00,25.79,26.2944,25.75795,25.8895,17848.0
2021-06-23 21:00:00+00:00,25.8935,26.17035,25.8175,25.939,15418.0
2021-06-24 21:00:00+00:00,25.974,26.299,25.9158,26.092,15444.0
2021-06-27 21:00:00+00:00,26.108,26.23,25.7925,26.099,16992.0
2021-06-28 21:00:00+00:00,26.09,26.123,25.525,25.7595,19405.0
2021-06-29 21:00:00+00:00,25.7725,26.147,25.7045,26.12915,14404.0
2021-06-30 21:00:00+00:00,26.124,26.403,25.9509,26.032,17460.0
2021-07-01 21:00:00+00:00,26.0395,26.564,25.98645,26.4645,17219.0
2021-07-04 21:00:00+00:00,26.4785,26.6201,26.37925,26.4865,8116.0
2021-07-05 21:00:00+00:00,26.4585,26.774,26.011,26.158,20651.0
2021-07-06 21:00:00+00:00,26.168,26.44,25.9825,26.145,16377.0
2021-07-07 21:00:00+00:00,26.178,26.2168,25.807,25.9315,19903.0
2021-07-08 21:00:00+00:00,25.941,26.2125,25.76326,26.091,13076.0
2021-07-11 21:00:00+00:00,26.0915,26.28446,25.8734,26.199,12176.0
2021-07-12 21:00:00+00:00,26.221,26.3509,25.9365,25.9855,14554.0
2021-07-13 21:00:00+00:00,25.991,26.4648,25.945,26.2505,14127.0
2021-07-14 21:00:00+00:00,26.244,26.3982,26.16105,26.345,11133.0
2021-07-15 21:00:00+00:00,26.338,26.451,25.6003,25.674,17147.0
2021-07-18 21:00:00+00:00,25.6575,25.761,24.9975,25.182,21937.0
2021-07-19 21:00:00+00:00,25.1835,25.2757,24.8145,24.939,15894.0
2021-07-20 21:00:00+00:00,24.939,25.3095,24.758,25.2645,14016.0
2021-07-21 21:00:00+00:00,25.277,25.46225,25.016,25.4295,12153.0
2021-07-22 21:00:00+00:00,25.4315,25.4766,25.00466,25.1745,10432.0
2021-07-25 21:00:00+00:00,25.205,25.4375,25.1245,25.191,10952.0
2021-07-26 21:00:00+00:00,25.2055,25.2655,24.49535,24.6885,15938.0
2021-07-27 21:00:00+00:00,24.7035,25.015,24.6135,24.9661,15812.0
2021-07-28 21:00:00+00:00,24.9765,25.8005,24.9718,25.5115,13791.0
2021-07-29 21:00:00+00:00,25.52,25.6405,25.3455,25.4915,11993.0
2021-08-01 21:00:00+00:00,25.5325,25.6402,25.303,25.408,13769.0
2021-08-02 21:00:00+00:00,25.408,25.60135,25.2457,25.5195,9861.0
2021-08-03 21:00:00+00:00,25.518,26.0055,25.3299,25.38666,14585.0
2021-08-04 21:00:00+00:00,25.383,25.51075,25.08475,25.156,10713.0
2021-08-05 21:00:00+00:00,25.163,25.2055,24.2005,24.346,17960.0
2021-08-08 21:00:00+00:00,24.3345,24.375,22.102,23.4505,42770.0
2021-08-09 21:00:00+00:00,23.456,23.67765,23.238,23.3445,14376.0
2021-08-10 21:00:00+00:00,23.3445,23.593,23.2115,23.543,16096.0
2021-08-11 21:00:00+00:00,23.5465,23.5515,23.009,23.1835,15428.0
2021-08-12 21:00:00+00:00,23.193,23.832,23.1715,23.7595,12474.0
2021-08-15 21:00:00+00:00,23.735,23.8985,23.4285,23.843,10806.0
2021-08-16 21:00:00+00:00,23.8555,23.9585,23.5715,23.657,14284.0
2021-08-17 21:00:00+00:00,23.6675,23.828,23.293,23.506,15769.0
2021-08-18 21:00:00+00:00,23.5315,23.5414,23.0965,23.244,18525.0
2021-08-19 21:00:00+00:00,23.2315,23.3255,22.878,23.032,15588.0
2021-08-22 21:00:00+00:00,23.024,23.69215,22.97865,23.6414,15686.0
2021-08-23 21:00:00+00:00,23.641,23.955,23.53575,23.863,13117.0
2021-08-24 21:00:00+00:00,23.8495,23.891,23.579,23.8393,14429.0
2021-08-25 21:00:00+00:00,23.845,23.872,23.4364,23.5575,16883.0
2021-08-26 21:00:00+00:00,23.541,24.1175,23.3465,24.027,19492.0
2021-08-29 21:00:00+00:00,24.0255,24.21845,23.915,24.0355,12343.0
2021-08-30 21:00:00+00:00,24.0225,24.20745,23.8065,23.89455,12717.0
2021-08-31 21:00:00+00:00,23.898,24.2675,23.75675,24.153,13562.0
2021-09-01 21:00:00+00:00,24.139,24.219,23.79045,23.9055,10594.0
2021-09-02 21:00:00+00:00,23.9065,24.8715,23.88255,24.716,16915.0
2021-09-05 21:00:00+00:00,24.7465,24.8225,24.642,24.69,6019.0
2021-09-06 21:00:00+00:00,24.6935,24.828,24.168,24.3155,14033.0
2021-09-07 21:00:00+00:00,24.3305,24.41515,23.91,23.94805,15107.0
2021-09-08 21:00:00+00:00,23.9555,24.292,23.848,24.0409,14365.0
2021-09-09 21:00:00+00:00,24.056,24.3002,23.729,23.7475,13082.0
2021-09-12 21:00:00+00:00,23.7655,23.859,23.3795,23.7385,14879.0
2021-09-13 21:00:00+00:00,23.749,23.964,23.43765,23.8585,16038.0
2021-09-14 21:00:00+00:00,23.854,23.9125,23.66695,23.8425,11888.0
2021-09-15 21:00:00+00:00,23.8555,23.968,22.605,22.905,25339.0
2021-09-16 21:00:00+00:00,22.932,23.13795,22.334,22.404,16584.0
2021-09-19 21:00:00+00:00,22.371,22.515,22.039,22.268,16919.0
2021-09-20 21:00:00+00:00,22.2885,22.7245,22.2435,22.4945,13577.0
2021-09-21 21:00:00+00:00,22.486,23.1465,22.4696,22.695,24175.0
2021-09-22 21:00:00+00:00,22.7005,22.8815,22.4745,22.5105,16246.0
2021-09-23 21:00:00+00:00,22.523,22.8015,22.11,22.42,13730.0
2021-09-26 21:00:00+00:00,22.4115,22.851,22.40255,22.632,13941.0
2021-09-27 21:00:00+00:00,22.632,22.6715,22.105,22.459,21760.0
2021-09-28 21:00:00+00:00,22.459,22.552,21.4238,21.5353,20159.0
2021-09-29 21:00:00+00:00,21.5455,22.2355,21.47295,22.1765,19148.0
2021-09-30 21:00:00+00:00,22.182,22.5865,21.99245,22.539,17633.0
2021-10-03 21:00:00+00:00,22.578,22.7835,22.28415,22.6805,15849.0
2021-10-04 21:00:00+00:00,22.701,22.7055,22.374,22.62,12342.0
2021-10-05 21:00:00+00:00,22.6145,22.68,22.2115,22.624,17155.0
2021-10-06 21:00:00+00:00,22.6325,22.8085,22.3885,22.5905,13856.0
2021-10-07 21:00:00+00:00,22.6005,23.19095,22.43625,22.6725,21925.0
2021-10-10 21:00:00+00:00,22.6695,22.8215,22.49655,22.579,11554.0
2021-10-11 21:00:00+00:00,22.5955,22.769,22.34695,22.564,14224.0
2021-10-12 21:00:00+00:00,22.5755,23.2481,22.4705,23.0893,18851.0
2021-10-13 21:00:00+00:00,23.0865,23.5835,22.9013,23.5173,14151.0
2021-10-14 21:00:00+00:00,23.5225,23.5914,23.071,23.3085,14799.0
2021-10-17 21:00:00+00:00,23.3455,23.4525,23.013,23.1932,17816.0
2021-10-18 21:00:00+00:00,23.208,24.1237,23.18825,23.6645,17972.0
2021-10-19 21:00:00+00:00,23.67,24.4223,23.5775,24.29914,15686.0
2021-10-20 21:00:00+00:00,24.3035,24.48635,24.00905,24.15365,18979.0
2021-10-21 21:00:00+00:00,24.154,24.8285,24.1255,24.326,22711.0
2021-10-24 21:00:00+00:00,24.358,24.6215,24.282,24.5695,14168.0
2021-10-25 21:00:00+00:00,24.571,24.58495,23.8785,24.1535,15694.0
2021-10-26 21:00:00+00:00,24.1585,24.2523,23.8375,24.0664,16302.0
2021-10-27 21:00:00+00:00,24.0645,24.249,23.964,24.0755,18799.0
2021-10-28 21:00:00+00:00,24.094,24.098,23.6578,23.895,20645.0
2021-10-31 21:00:00+00:00,23.901,24.0975,23.751,24.044,12618.0
2021-11-01 21:00:00+00:00,24.044,24.06526,23.3913,23.534,14018.0
2021-11-02 21:00:00+00:00,23.527,23.623,23.0203,23.52085,20091.0
2021-11-03 21:00:00+00:00,23.528,24.04365,23.444,23.79055,16227.0
2021-11-04 21:00:00+00:00,23.787,24.1695,23.62455,24.1685,19392.0
2021-11-07 22:00:00+00:00,24.1875,24.513,24.0577,24.46,14722.0
2021-11-08 22:00:00+00:00,24.4665,24.47745,24.02775,24.307,14452.0
2021-11-09 22:00:00+00:00,24.3245,25.129,24.051,24.6385,25188.0
2021-11-10 22:00:00+00:00,24.639,25.26476,24.592,25.259,18322.0
2021-11-11 22:00:00+00:00,25.2415,25.3898,24.8504,25.3155,17423.0
2021-11-14 22:00:00+00:00,25.324,25.3828,24.909,25.06515,15720.0
2021-11-15 22:00:00+00:00,25.0695,25.4055,24.7717,24.8307,20176.0
2021-11-16 22:00:00+00:00,24.817,25.2083,24.8105,25.0805,14339.0
2021-11-17 22:00:00+00:00,25.067,25.15895,24.682,24.806,16142.0
2021-11-18 22:00:00+00:00,24.809,24.9815,24.556,24.629,21622.0
2021-11-21 22:00:00+00:00,24.6375,24.8871,24.10665,24.1815,21627.0
2021-11-22 22:00:00+00:00,24.1935,24.32405,23.2765,23.6623,24456.0
2021-11-23 22:00:00+00:00,23.6355,23.688,23.39905,23.553,18474.0
2021-11-24 22:00:00+00:00,23.561,23.728,23.5198,23.6035,5563.0
2021-11-25 22:00:00+00:00,23.624,23.73,22.9206,23.1715,21813.0
2021-11-28 22:00:00+00:00,23.1385,23.4435,22.7555,22.9045,20776.0
2021-11-29 22:00:00+00:00,22.903,23.312,22.6935,22.838,28086.0
2021-11-30 22:00:00+00:00,22.8669,23.0325,22.188,22.337,24659.0
2021-12-01 22:00:00+00:00,22.3267,22.5045,22.219,22.387,19887.0
2021-12-02 22:00:00+00:00,22.44555,22.5911,22.0385,22.552,20832.0
2021-12-05 22:00:00+00:00,22.52,22.603,22.128,22.388,12716.0
2021-12-06 22:00:00+00:00,22.3898,22.601,22.235,22.4965,10293.0
2021-12-07 22:00:00+00:00,22.51065,22.5646,22.31,22.426,9899.0
2021-12-08 22:00:00+00:00,22.4447,22.478,21.8675,21.9645,13155.0
2021-12-09 22:00:00+00:00,21.991,22.234,21.8305,22.188,11319.0
2021-12-12 22:00:00+00:00,22.2255,22.42,22.1485,22.3315,8353.0
2021-12-13 22:00:00+00:00,22.33225,22.3395,21.6935,21.9505,12056.0
2021-12-14 22:00:00+00:00,21.9565,22.1295,21.4275,22.0915,18105.0
2021-12-15 22:00:00+00:00,22.094,22.5375,21.917,22.481,14559.0
2021-12-16 22:00:00+00:00,22.4851,22.681,22.3645,22.374,10676.0
2021-12-19 22:00:00+00:00,22.395,22.446,22.195,22.2645,8761.0
2021-12-20 22:00:00+00:00,22.2848,22.791,22.1815,22.5085,11226.0
2021-12-21 22:00:00+00:00,22.5005,22.835,22.4455,22.798,7758.0
2021-12-22 22:00:00+00:00,22.7995,22.936,22.656,22.882,8008.0
2021-12-26 22:00:00+00:00,22.805,23.11655,22.6495,23.0645,8393.0
2021-12-27 22:00:00+00:00,23.0593,23.4355,22.9655,23.015,8460.0
2021-12-28 22:00:00+00:00,23.0075,23.158,22.591,22.826,9973.0
2021-12-29 22:00:00+00:00,22.835,23.115,22.605,23.0465,8247.0
2021-12-30 22:00:00+00:00,23.037,23.338,23.037,23.306,9487.0
2022-01-02 22:00:00+00:00,23.366,23.407,22.678,22.8935,14783.0
2022-01-03 22:00:00+00:00,22.9018,23.1015,22.646,23.0485,13276.0
2022-01-04 22:00:00+00:00,23.0491,23.259,22.7246,22.793,12361.0
2022-01-05 22:00:00+00:00,22.77635,22.8325,22.007,22.195,20143.0
2022-01-06 22:00:00+00:00,22.193,22.441,21.9475,22.3675,15917.0
2022-01-09 22:00:00+00:00,22.3615,22.51925,22.1945,22.472,14003.0
2022-01-10 22:00:00+00:00,22.4505,22.8075,22.448,22.784,11679.0
2022-01-11 22:00:00+00:00,22.7675,23.2235,22.65,23.1485,12613.0
2022-01-12 22:00:00+00:00,23.168,23.272,22.999,23.089,12348.0
2022-01-13 22:00:00+00:00,23.074,23.3105,22.82975,22.965,12121.0
2022-01-16 22:00:00+00:00,22.9395,23.116,22.8375,23.0285,4959.0
2022-01-17 22:00:00+00:00,23.01215,23.6375,22.8105,23.4785,16844.0
2022-01-18 22:00:00+00:00,23.484,24.211,23.3925,24.149,14455.0
2022-01-19 22:00:00+00:00,24.1542,24.7025,24.07915,24.469,16061.0
2022-01-20 22:00:00+00:00,24.4615,24.5805,24.1712,24.3035,19497.0
2022-01-23 22:00:00+00:00,24.2105,24.312,23.565,23.986,21950.0
2022-01-24 22:00:00+00:00,23.9835,23.9835,23.603,23.811,16445.0
2022-01-25 22:00:00+00:00,23.8405,23.975,23.437,23.523,23535.0
2022-01-26 22:00:00+00:00,23.5515,23.5985,22.58,22.765,26259.0
2022-01-27 22:00:00+00:00,22.7965,22.823,22.1515,22.4735,23834.0
2022-01-30 22:00:00+00:00,22.3945,22.64515,22.2525,22.4675,15352.0
2022-01-31 22:00:00+00:00,22.486,23.0435,22.408,22.64,17926.0
2022-02-01 22:00:00+00:00,22.632,22.865,22.47,22.652,14033.0
2022-02-02 22:00:00+00:00,22.64515,22.6605,22.00695,22.42,18855.0
2022-02-03 22:00:00+00:00,22.4325,22.6725,22.1146,22.524,21549.0
2022-02-06 22:00:00+00:00,22.5985,23.1015,22.5475,23.01,15278.0
2022-02-07 22:00:00+00:00,23.0035,23.2595,22.778,23.191,10837.0
2022-02-08 22:00:00+00:00,23.191,23.3555,23.0935,23.314,9855.0
2022-02-09 22:00:00+00:00,23.2988,23.715,23.144,23.1935,19558.0
2022-02-10 22:00:00+00:00,23.19684,23.69075,22.8626,23.603,25132.0
2022-02-13 22:00:00+00:00,23.583,23.9409,23.5245,23.8535,37448.0
2022-02-14 22:00:00+00:00,23.8695,23.9902,23.0815,23.368,34612.0
2022-02-15 22:00:00+00:00,23.4028,23.6695,23.2815,23.584,23913.0
2022-02-16 22:00:00+00:00,23.621,23.92085,23.427,23.833,37058.0
2022-02-17 22:00:00+00:00,23.82015,24.091,23.68595,23.8935,27236.0
2022-02-20 22:00:00+00:00,24.036,24.042,23.6992,23.956,29523.0
2022-02-21 22:00:00+00:00,24.152,24.368,23.9075,24.1005,48849.0
2022-02-22 22:00:00+00:00,24.128,24.5903,24.03165,24.55665,24693.0
2022-02-23 22:00:00+00:00,24.51595,25.62185,23.836,24.22095,212255.0
2022-02-24 22:00:00+00:00,24.2685,24.499,23.8787,24.2745,80275.0
2022-02-27 22:00:00+00:00,24.6605,24.6785,24.09416,24.46,122701.0
2022-02-28 22:00:00+00:00,24.4525,25.543,24.2827,25.386,57268.0
2022-03-01 22:00:00+00:00,25.3935,25.3935,24.8595,25.2965,110361.0
2022-03-02 22:00:00+00:00,25.324,25.478,24.97285,25.18655,81771.0
2022-03-03 22:00:00+00:00,25.201,25.74135,25.047,25.701,129130.0
2022-03-06 22:00:00+00:00,25.9375,26.144,25.29525,25.6765,245325.0
2022-03-07 22:00:00+00:00,25.6809,26.94865,25.358,26.4085,523879.0
2022-03-08 22:00:00+00:00,26.4489,26.7805,25.4021,25.787,409996.0
2022-03-09 22:00:00+00:00,25.777,26.06735,25.314,25.915,225539.0
2022-03-10 22:00:00+00:00,25.9264,26.0008,25.4159,25.8785,172938.0
2022-03-13 21:00:00+00:00,25.8395,25.85865,24.9335,25.0475,141243.0
2022-03-14 21:00:00+00:00,25.0745,25.1203,24.537,24.8945,134988.0
2022-03-15 21:00:00+00:00,24.879,25.11265,24.472,25.09175,132083.0
2022-03-16 21:00:00+00:00,25.01915,25.543,25.0105,25.375,103124.0
2022-03-17 21:00:00+00:00,25.3708,25.4549,24.834,24.9655,84470.0
2022-03-20 21:00:00+00:00,25.0275,25.30925,24.887,25.20076,56258.0
2022-03-21 21:00:00+00:00,25.2149,25.38315,24.5775,24.774,58780.0
2022-03-22 21:00:00+00:00,24.7761,25.2057,24.67745,25.1255,46559.0
2022-03-23 21:00:00+00:00,25.12745,25.8515,24.97285,25.5405,86007.0
2022-03-24 21:00:00+00:00,25.552,25.7245,25.261,25.528,70978.0
2022-03-27 21:00:00+00:00,25.5625,25.58735,24.799,24.869,84635.0
2022-03-28 21:00:00+00:00,24.8885,25.0125,23.973,24.78285,87119.0
2022-03-29 21:00:00+00:00,24.8175,25.0674,24.7011,24.8665,67510.0
2022-03-30 21:00:00+00:00,24.8885,25.0895,24.571,24.7875,56053.0
2022-03-31 21:00:00+00:00,24.8185,24.864,24.4263,24.631,80551.0
2022-04-03 21:00:00+00:00,24.617,24.846,24.2819,24.5355,56935.0
2022-04-04 21:00:00+00:00,24.5495,24.9485,24.22505,24.32545,55178.0
2022-04-05 21:00:00+00:00,24.3645,24.5685,24.1285,24.458,50125.0
2022-04-06 21:00:00+00:00,24.46,24.6635,24.244,24.594,30842.0
2022-04-07 21:00:00+00:00,24.6035,24.80885,24.375,24.766,28027.0
2022-04-10 21:00:00+00:00,24.798,25.375,24.67595,25.1015,53448.0
2022-04-11 21:00:00+00:00,25.0635,25.6135,24.8745,25.3695,45510.0
2022-04-12 21:00:00+00:00,25.40845,25.83325,25.3506,25.738,40723.0
2022-04-13 21:00:00+00:00,25.732,25.87345,25.2935,25.645,40221.0
2022-04-17 21:00:00+00:00,25.658,26.2225,25.632,25.86535,63259.0
2022-04-18 21:00:00+00:00,25.8636,26.002,25.0569,25.1723,57230.0
2022-04-19 21:00:00+00:00,25.1905,25.2935,24.8955,25.1993,35687.0
2022-04-20 21:00:00+00:00,25.1921,25.1955,24.4217,24.654,48689.0
2022-04-21 21:00:00+00:00,24.6512,24.6696,24.05,24.1655,58841.0
2022-04-24 21:00:00+00:00,24.1595,24.1805,23.403,23.615,72634.0
2022-04-25 21:00:00+00:00,23.652,23.927,23.4025,23.513,52033.0
2022-04-26 21:00:00+00:00,23.52415,23.6962,23.24615,23.305,66763.0
2022-04-27 21:00:00+00:00,23.3234,23.4035,22.892,23.1465,68364.0
2022-04-28 21:00:00+00:00,23.1724,23.5653,22.6839,22.7675,62939.0
2022-05-01 21:00:00+00:00,22.8255,22.86,22.1219,22.6465,67730.0
2022-05-02 21:00:00+00:00,22.652,22.84095,22.4225,22.57565,59033.0
2022-05-03 21:00:00+00:00,22.6,22.6914,22.21635,22.2875,57442.0
2022-05-04 21:00:00+00:00,22.2875,23.24395,22.2875,22.5135,65666.0
2022-05-05 21:00:00+00:00,22.50605,22.6435,22.103,22.3625,77093.0
2022-05-08 21:00:00+00:00,22.343,22.3705,21.6925,21.788,74102.0
2022-05-09 21:00:00+00:00,21.815,22.1038,21.18535,21.27165,76153.0
2022-05-10 21:00:00+00:00,21.272,21.9629,21.24405,21.5685,104973.0
2022-05-11 21:00:00+00:00,21.576,21.66035,20.61765,20.672,79149.0
2022-05-12 21:00:00+00:00,20.7285,21.1215,20.45765,21.111,69312.0
2022-05-15 21:00:00+00:00,21.0945,21.6877,20.84545,21.623,56381.0
2022-05-16 21:00:00+00:00,21.6185,21.9159,21.5115,21.6245,46687.0
2022-05-17 21:00:00+00:00,21.62875,21.7571,21.37475,21.4117,42592.0
2022-05-18 21:00:00+00:00,21.4224,21.99705,21.28275,21.9245,48653.0
2022-05-19 21:00:00+00:00,21.936,22.0799,21.60855,21.759,43009.0
2022-05-22 21:00:00+00:00,21.8155,22.1915,21.67315,21.8015,52704.0
2022-05-23 21:00:00+00:00,21.7955,22.2055,21.6723,22.109,42905.0
2022-05-24 21:00:00+00:00,22.1145,22.14635,21.7429,21.9925,49137.0
2022-05-25 21:00:00+00:00,21.997,22.0735,21.7275,22.019,28438.0
2022-05-26 21:00:00+00:00,22.012,22.446,21.9409,22.102,35871.0
2022-05-29 21:00:00+00:00,22.0925,22.284,21.9145,21.975,31849.0
2022-05-30 21:00:00+00:00,21.9953,22.0045,21.47785,21.556,48481.0
2022-05-31 21:00:00+00:00,21.5615,21.97465,21.4385,21.832,41862.0
2022-06-01 21:00:00+00:00,21.831,22.3325,21.764,22.312,42023.0
2022-06-02 21:00:00+00:00,22.3255,22.4859,21.85,21.924,54301.0
2022-06-05 21:00:00+00:00,21.9205,22.5175,21.89885,22.077,47767.0
2022-06-06 21:00:00+00:00,22.08,22.2855,21.8634,22.227,35589.0
2022-06-07 21:00:00+00:00,22.235,22.2475,21.8105,22.0525,28574.0
2022-06-08 21:00:00+00:00,22.054,22.147,21.554,21.6875,34649.0
2022-06-09 21:00:00+00:00,21.7125,21.9955,21.278,21.8985,77372.0
2022-06-12 21:00:00+00:00,21.992,22.003,20.96385,21.0805,75887.0
2022-06-13 21:00:00+00:00,21.1022,21.38095,20.897,21.038,57585.0
2022-06-14 21:00:00+00:00,21.0502,21.84785,21.0105,21.6805,38325.0
2022-06-15 21:00:00+00:00,21.64,21.9655,21.349,21.959,26517.0
2022-06-16 21:00:00+00:00,21.9085,21.9502,21.58,21.682,21859.0
2022-06-19 21:00:00+00:00,21.6015,21.7645,21.474,21.6074,16369.0
2022-06-20 21:00:00+00:00,21.59095,21.94,21.495,21.693,17755.0
2022-06-21 21:00:00+00:00,21.6768,21.6785,21.23765,21.4195,25635.0
2022-06-22 21:00:00+00:00,21.431,21.509,20.9205,20.95,21633.0
2022-06-23 21:00:00+00:00,20.984,21.22285,20.6157,21.1405,24083.0
2022-06-26 21:00:00+00:00,21.195,21.53985,21.0966,21.1498,21824.0
2022-06-27 21:00:00+00:00,21.188,21.3625,20.797,20.855,16635.0
2022-06-28 21:00:00+00:00,20.83925,21.0621,20.633,20.748,20620.0
2022-06-29 21:00:00+00:00,20.75315,20.8229,20.21415,20.284,25937.0
2022-06-30 21:00:00+00:00,20.27375,20.29765,19.387,19.8635,35652.0
2022-07-03 21:00:00+00:00,19.896,19.9895,19.77185,19.9785,14658.0
2022-07-04 21:00:00+00:00,19.959,20.20215,19.101,19.2265,32613.0
2022-07-05 21:00:00+00:00,19.2675,19.394,18.92,19.202,39692.0
2022-07-06 21:00:00+00:00,19.2175,19.48815,19.10465,19.2315,24613.0
2022-07-07 21:00:00+00:00,19.25155,19.4519,19.02075,19.3155,25164.0
2022-07-10 21:00:00+00:00,19.272,19.3735,19.0695,19.1135,16906.0
2022-07-11 21:00:00+00:00,19.1195,19.2059,18.74765,18.937,25804.0
2022-07-12 21:00:00+00:00,18.9055,19.41,18.862,19.207,23812.0
2022-07-13 21:00:00+00:00,19.234,19.2365,18.1423,18.426,28628.0
2022-07-14 21:00:00+00:00,18.4485,18.78,18.1915,18.7055,22452.0
2022-07-17 21:00:00+00:00,18.702,19.0185,18.6425,18.7015,19604.0
2022-07-18 21:00:00+00:00,18.7311,18.9103,18.5857,18.749,17414.0
2022-07-19 21:00:00+00:00,18.7762,19.09655,18.65,18.6785,13105.0
2022-07-20 21:00:00+00:00,18.6925,18.881,18.24525,18.86695,27040.0
2022-07-21 21:00:00+00:00,18.8281,18.9503,18.5125,18.6045,19761.0
2022-07-24 21:00:00+00:00,18.585,18.7906,18.31865,18.4355,18283.0
2022-07-25 21:00:00+00:00,18.428,18.7261,18.3907,18.6255,16130.0
2022-07-26 21:00:00+00:00,18.65,19.134,18.455,19.087,22103.0
2022-07-27 21:00:00+00:00,19.113,20.02645,19.059,20.0145,27928.0
2022-07-28 21:00:00+00:00,19.9665,20.368,19.849,20.358,25187.0
2022-07-31 21:00:00+00:00,20.214,20.5105,20.0845,20.3625,25499.0
2022-08-01 21:00:00+00:00,20.335,20.50965,19.954,19.9845,27706.0
2022-08-02 21:00:00+00:00,19.987,20.175,19.784,20.063,21548.0
2022-08-03 21:00:00+00:00,20.0585,20.389,19.9673,20.1795,18281.0
2022-08-04 21:00:00+00:00,20.19525,20.31675,19.5519,19.9015,22933.0
2022-08-07 21:00:00+00:00,19.8535,20.743,19.801,20.678,13711.0
2022-08-08 21:00:00+00:00,20.667,20.741,20.4175,20.5325,13653.0
2022-08-09 21:00:00+00:00,20.5145,20.8435,20.352,20.5955,16350.0
2022-08-10 21:00:00+00:00,20.6073,20.6345,20.247,20.306,13765.0
2022-08-11 21:00:00+00:00,20.31405,20.834,20.2419,20.817,12046.0
2022-08-14 21:00:00+00:00,20.8225,20.8732,20.0915,20.267,14263.0
2022-08-15 21:00:00+00:00,20.29495,20.2977,19.915,20.1415,13206.0
2022-08-16 21:00:00+00:00,20.15155,20.2786,19.6985,19.796,14517.0
2022-08-17 21:00:00+00:00,19.8032,19.937,19.4855,19.54,13036.0
2022-08-18 21:00:00+00:00,19.5572,19.568,19.027,19.056,13322.0
2022-08-21 21:00:00+00:00,19.0545,19.1565,18.7205,18.9895,20473.0
2022-08-22 21:00:00+00:00,19.00215,19.28035,18.7981,19.1115,18868.0
2022-08-23 21:00:00+00:00,19.1435,19.2295,18.9555,19.1225,12612.0
2022-08-24 21:00:00+00:00,19.1165,19.4035,19.1078,19.25,12318.0
2022-08-25 21:00:00+00:00,19.252,19.4315,18.8285,18.9025,19794.0
2022-08-28 21:00:00+00:00,18.8975,18.9145,18.5189,18.784,19508.0
2022-08-29 21:00:00+00:00,18.7788,18.84445,18.35235,18.4345,16729.0
2022-08-30 21:00:00+00:00,18.404,18.5445,17.9385,17.9925,18307.0
2022-08-31 21:00:00+00:00,17.993,18.002,17.559,17.8065,20671.0
2022-09-01 21:00:00+00:00,17.8125,18.288,17.78075,18.061,19801.0
2022-09-04 21:00:00+00:00,18.014,18.25275,17.9503,18.1715,10426.0
2022-09-05 21:00:00+00:00,18.166,18.58855,17.945,18.007,20170.0
2022-09-06 21:00:00+00:00,18.0042,18.4765,17.8485,18.46,19952.0
2022-09-07 21:00:00+00:00,18.468,18.7407,18.32335,18.5395,21308.0
2022-09-08 21:00:00+00:00,18.53345,18.9475,18.53055,18.843,17337.0
2022-09-11 21:00:00+00:00,18.9515,20.014,18.8475,19.801,18804.0
2022-09-12 21:00:00+00:00,19.795,19.9467,19.334,19.347,27825.0
2022-09-13 21:00:00+00:00,19.314,19.6975,19.2373,19.64,23786.0
2022-09-14 21:00:00+00:00,19.6255,19.66765,19.1135,19.17245,19155.0
2022-09-15 21:00:00+00:00,19.1229,19.6225,18.7835,19.578,23963.0
2022-09-18 21:00:00+00:00,19.559,19.6575,19.2215,19.5535,17279.0
2022-09-19 21:00:00+00:00,19.5579,19.5792,19.065,19.278,17242.0
2022-09-20 21:00:00+00:00,19.278,19.921,19.24125,19.561,33299.0
2022-09-21 21:00:00+00:00,19.556,19.8592,19.24905,19.6355,35461.0
2022-09-22 21:00:00+00:00,19.63,19.71325,18.777,18.873,31600.0
2022-09-25 21:00:00+00:00,18.8055,19.0326,18.3295,18.357,42374.0
2022-09-26 21:00:00+00:00,18.385,18.7874,18.32115,18.3945,28510.0
2022-09-27 21:00:00+00:00,18.4015,18.9761,17.96605,18.8925,40136.0
2022-09-28 21:00:00+00:00,18.8935,18.91255,18.4955,18.8245,32340.0
2022-09-29 21:00:00+00:00,18.83695,19.293,18.7778,19.036,32888.0
2022-10-02 21:00:00+00:00,19.079,20.71665,19.05345,20.7085,30237.0
2022-10-03 21:00:00+00:00,20.6856,21.24015,20.6105,21.072,29782.0
2022-10-04 21:00:00+00:00,21.032,21.0717,19.9395,20.6445,28764.0
2022-10-05 21:00:00+00:00,20.62275,20.8696,20.36,20.6575,28196.0
2022-10-06 21:00:00+00:00,20.64885,20.8276,19.9987,20.139,34140.0
2022-10-09 21:00:00+00:00,20.1045,20.1925,19.519,19.6085,29641.0
2022-10-10 21:00:00+00:00,19.60795,19.7243,19.0641,19.1535,33928.0
2022-10-11 21:00:00+00:00,19.16155,19.31515,18.8657,19.023,32077.0
2022-10-12 21:00:00+00:00,19.051,19.31135,18.4045,18.886,34797.0
2022-10-13 21:00:00+00:00,18.88835,19.0743,18.091,18.2815,29841.0
2022-10-16 21:00:00+00:00,18.3125,18.9432,18.2917,18.673,22976.0
2022-10-17 21:00:00+00:00,18.6678,18.9255,18.54615,18.7335,25368.0
2022-10-18 21:00:00+00:00,18.73295,18.81425,18.36765,18.45,23719.0
2022-10-19 21:00:00+00:00,18.45445,19.0035,18.2317,18.671,26207.0
2022-10-20 21:00:00+00:00,18.65185,19.4145,18.285,19.4045,40137.0
2022-10-23 21:00:00+00:00,19.41,19.6862,19.0195,19.222,36930.0
2022-10-24 21:00:00+00:00,19.22085,19.43235,18.791,19.346,26391.0
2022-10-25 21:00:00+00:00,19.30155,19.77955,19.21695,19.5905,27036.0
2022-10-26 21:00:00+00:00,19.5414,19.6706,19.2937,19.604,33925.0
2022-10-27 21:00:00+00:00,19.592,19.6398,18.9993,19.2555,28819.0
2022-10-30 21:00:00+00:00,19.18,19.2579,18.90405,19.166,19653.0
2022-10-31 21:00:00+00:00,19.13815,20.0301,19.1262,19.6295,30647.0
2022-11-01 21:00:00+00:00,19.62065,20.08,19.2145,19.226,35896.0
2022-11-02 21:00:00+00:00,19.2215,19.5435,18.836,19.469,27179.0
2022-11-03 21:00:00+00:00,19.44355,20.9068,19.4184,20.842,35254.0
2022-11-06 22:00:00+00:00,20.4455,21.0085,20.38745,20.7995,27006.0
2022-11-07 22:00:00+00:00,20.7936,21.627,20.4945,21.356,24966.0
2022-11-08 22:00:00+00:00,21.35695,21.6095,20.9965,21.0585,31732.0
2022-11-09 22:00:00+00:00,21.0375,21.83085,20.9586,21.6835,37490.0
2022-11-10 22:00:00+00:00,21.64715,22.0639,21.2775,21.71,34207.0
2022-11-13 22:00:00+00:00,21.5825,22.08845,21.29765,21.9855,28640.0
2022-11-14 22:00:00+00:00,21.957,22.24965,21.3865,21.5655,43001.0
2022-11-15 22:00:00+00:00,21.53645,22.0494,21.3977,21.4645,34574.0
2022-11-16 22:00:00+00:00,21.46625,21.47035,20.756,20.9555,28749.0
2022-11-17 22:00:00+00:00,20.98,21.2969,20.842,20.949,24500.0
2022-11-20 22:00:00+00:00,20.987,21.00576,20.584,20.855,25317.0
2022-11-21 22:00:00+00:00,20.8445,21.3372,20.8362,21.0835,22941.0
2022-11-22 22:00:00+00:00,21.07105,21.60545,20.912,21.536,25293.0
2022-11-23 22:00:00+00:00,21.5426,21.679,21.46185,21.5104,13027.0
2022-11-24 22:00:00+00:00,21.4865,21.55575,21.1615,21.45635,18897.0
2022-11-27 22:00:00+00:00,21.391,21.619,20.86825,20.944,25346.0
2022-11-28 22:00:00+00:00,20.9287,21.4498,20.9035,21.259,25656.0
2022-11-29 22:00:00+00:00,21.24295,22.20315,21.198,22.1955,31175.0
2022-11-30 22:00:00+00:00,22.222,22.7848,22.04735,22.7535,30810.0
2022-12-01 22:00:00+00:00,22.72215,23.235,22.28005,23.1475,36760.0
2022-12-04 22:00:00+00:00,23.102,23.5185,22.16775,22.252,34097.0
2022-12-05 22:00:00+00:00,22.22335,22.6069,22.0229,22.1905,29017.0
2022-12-06 22:00:00+00:00,22.1664,22.81985,22.094,22.7305,31926.0
2022-12-07 22:00:00+00:00,22.7241,23.22375,22.5475,23.0705,25340.0
2022-12-08 22:00:00+00:00,23.1062,23.6826,22.956,23.475,30630.0
2022-12-11 22:00:00+00:00,23.418,23.535,23.1115,23.315,21694.0
2022-12-12 22:00:00+00:00,23.29895,24.1312,23.29545,23.735,36339.0
2022-12-13 22:00:00+00:00,23.728,24.0495,23.3864,23.9445,34634.0
2022-12-14 22:00:00+00:00,23.91875,23.9397,22.963,23.09,35709.0
2022-12-15 22:00:00+00:00,23.0735,23.2532,22.5575,23.2325,28990.0
2022-12-18 22:00:00+00:00,23.1995,23.41195,22.8365,22.9945,21712.0
2022-12-19 22:00:00+00:00,22.978,24.25025,22.8842,24.1485,33699.0
2022-12-20 22:00:00+00:00,24.13905,24.3008,23.8298,23.9725,25018.0
2022-12-21 22:00:00+00:00,23.9656,24.0911,23.38075,23.5745,24102.0
2022-12-22 22:00:00+00:00,23.5618,23.89855,23.51365,23.739,21686.0
2022-12-26 22:00:00+00:00,23.922,24.286,23.7926,24.048,20894.0
2022-12-27 22:00:00+00:00,24.049,24.07335,23.466,23.5435,21072.0
2022-12-28 22:00:00+00:00,23.5404,24.0624,23.5228,23.905,18520.0
2022-12-29 22:00:00+00:00,23.887,24.1515,23.5265,23.967,23055.0
2023-01-02 22:00:00+00:00,24.0674,24.55,23.8871,24.0011,39822.0
2023-01-03 22:00:00+00:00,23.9742,24.463,23.5895,23.7645,31857.0
2023-01-04 22:00:00+00:00,23.7861,23.9177,23.1165,23.239,29413.0
2023-01-05 22:00:00+00:00,23.21315,23.913,23.20355,23.8445,28295.0
2023-01-08 22:00:00+00:00,23.8895,24.102,23.5845,23.654,24324.0
2023-01-09 22:00:00+00:00,23.6407,23.7695,23.431,23.6055,27118.0
2023-01-10 22:00:00+00:00,23.60725,24.0405,23.2167,23.419,23081.0
2023-01-11 22:00:00+00:00,23.38335,24.1845,23.37635,23.77,36237.0
2023-01-12 22:00:00+00:00,23.75805,24.295,23.4957,24.2695,27063.0
2023-01-15 22:00:00+00:00,24.2665,24.50715,23.9345,24.278,17586.0
2023-01-16 22:00:00+00:00,24.3145,24.37035,23.8305,23.934,26070.0
2023-01-17 22:00:00+00:00,23.9245,24.3465,23.42615,23.47,33463.0
2023-01-18 22:00:00+00:00,23.4495,23.94,23.16795,23.8465,31312.0
2023-01-19 22:00:00+00:00,23.8565,24.077,23.70815,23.919,25642.0
2023-01-22 22:00:00+00:00,23.962,24.16005,22.7598,23.4655,26061.0
2023-01-23 22:00:00+00:00,23.456,23.74,23.2141,23.675,24482.0
2023-01-24 22:00:00+00:00,23.6654,23.9395,23.33525,23.901,24503.0
2023-01-25 22:00:00+00:00,23.922,24.291,23.60045,23.92,29652.0
2023-01-26 22:00:00+00:00,23.9075,24.0065,23.2995,23.602,22603.0
2023-01-29 22:00:00+00:00,23.602,23.8085,23.5429,23.605,22659.0
2023-01-30 22:00:00+00:00,23.6,23.7655,22.9745,23.732,25560.0
2023-01-31 22:00:00+00:00,23.706,24.0375,23.36815,23.978,33228.0
2023-02-01 22:00:00+00:00,24.008,24.637,23.4235,23.4725,35793.0
2023-02-02 22:00:00+00:00,23.4495,23.60635,22.28905,22.3525,39170.0
2023-02-05 22:00:00+00:00,22.278,22.6136,22.1495,22.2855,26642.0
2023-02-06 22:00:00+00:00,22.27,22.461,22.0481,22.162,33777.0
2023-02-07 22:00:00+00:00,22.221,22.537,22.18505,22.3205,24155.0
2023-02-08 22:00:00+00:00,22.309,22.594,21.91315,21.9765,25501.0
2023-02-09 22:00:00+00:00,21.9745,22.3081,21.83235,22.01,32116.0
2023-02-12 22:00:00+00:00,21.995,22.083,21.7945,21.9965,20962.0
2023-02-13 22:00:00+00:00,22.005,22.0418,21.604,21.862,36693.0
2023-02-14 22:00:00+00:00,21.8625,21.88345,21.4278,21.6275,24767.0
2023-02-15 22:00:00+00:00,21.6335,21.8156,21.4325,21.5805,25476.0
2023-02-16 22:00:00+00:00,21.573,21.809,21.1791,21.738,25607.0
2023-02-19 22:00:00+00:00,21.712,21.9076,21.5535,21.8175,14675.0
2023-02-20 22:00:00+00:00,21.8165,21.97745,21.64785,21.836,23219.0
2023-02-21 22:00:00+00:00,21.843,21.98155,21.4445,21.5195,23506.0
2023-02-22 22:00:00+00:00,21.5145,21.6812,21.26475,21.312,21508.0
2023-02-23 22:00:00+00:00,21.328,21.39995,20.74015,20.7595,19911.0
2023-02-26 22:00:00+00:00,20.81305,20.84685,20.5605,20.6315,21015.0
2023-02-27 22:00:00+00:00,20.635,21.0065,20.4214,20.9005,19874.0
2023-02-28 22:00:00+00:00,20.899,21.18015,20.83215,20.9895,22994.0
2023-03-01 22:00:00+00:00,20.996,21.0158,20.6748,20.9015,21595.0
2023-03-02 22:00:00+00:00,20.8995,21.277,20.845,21.277,17646.0
2023-03-05 22:00:00+00:00,21.2125,21.3063,20.982,21.047,18568.0
2023-03-06 22:00:00+00:00,21.0315,21.1412,20.0278,20.0625,23104.0
2023-03-07 22:00:00+00:00,20.0935,20.2275,19.9142,20.021,22514.0
2023-03-08 22:00:00+00:00,20.0305,20.2945,19.979,20.066,16839.0
2023-03-09 22:00:00+00:00,20.081,20.7947,19.9021,20.532,31759.0
2023-03-12 21:00:00+00:00,20.83025,21.9275,20.5909,21.798,54975.0
2023-03-13 21:00:00+00:00,21.7965,21.9765,21.486,21.684,37618.0
2023-03-14 21:00:00+00:00,21.7085,22.386,21.5425,21.7815,46499.0
2023-03-15 21:00:00+00:00,21.79075,22.09005,21.46925,21.6885,38864.0
2023-03-16 21:00:00+00:00,21.7045,22.607,21.6628,22.599,28984.0
2023-03-19 21:00:00+00:00,22.6535,22.7169,22.221,22.5455,38676.0
2023-03-20 21:00:00+00:00,22.543,22.655,22.155,22.3985,22395.0
2023-03-21 21:00:00+00:00,22.376,23.0746,22.27265,22.9915,31089.0
2023-03-22 21:00:00+00:00,22.942,23.22415,22.76115,23.102,27815.0
2023-03-23 21:00:00+00:00,23.115,23.5255,22.96815,23.2315,28138.0
2023-03-26 21:00:00+00:00,23.224,23.2469,22.8495,23.0735,19624.0
2023-03-27 21:00:00+00:00,23.1035,23.378,22.826,23.3285,17116.0
2023-03-28 21:00:00+00:00,23.3425,23.4155,23.0484,23.343,13854.0
2023-03-29 21:00:00+00:00,23.334,23.9342,23.237,23.911,20310.0
2023-03-30 21:00:00+00:00,23.9015,24.16255,23.69515,24.1,17016.0
2023-04-02 21:00:00+00:00,24.0545,24.19355,23.5715,23.9815,24779.0
2023-04-03 21:00:00+00:00,23.9795,25.0235,23.82765,25.0065,25091.0
2023-04-04 21:00:00+00:00,25.00385,25.1387,24.6445,24.943,21614.0
2023-04-05 21:00:00+00:00,24.949,25.013,24.5664,24.968,19850.0
2023-04-09 21:00:00+00:00,24.8305,25.07625,24.7195,24.8775,15990.0
2023-04-10 21:00:00+00:00,24.873,25.1345,24.83745,25.05,15729.0
2023-04-11 21:00:00+00:00,25.046,25.67035,25.04,25.4985,26405.0
2023-04-12 21:00:00+00:00,25.489,25.975,25.392,25.8315,21197.0
2023-04-13 21:00:00+00:00,25.826,26.086,25.153,25.38,29705.0
2023-04-16 21:00:00+00:00,25.3225,25.608,24.809,25.0355,21355.0
2023-04-17 21:00:00+00:00,25.0215,25.3215,24.9315,25.192,16681.0
2023-04-18 21:00:00+00:00,25.1995,25.374,24.644,25.2875,23916.0
2023-04-19 21:00:00+00:00,25.2795,25.496,25.0575,25.29,22931.0
2023-04-20 21:00:00+00:00,25.283,25.38695,24.9005,25.0915,24398.0
2023-04-23 21:00:00+00:00,25.063,25.238,24.7909,25.165,21122.0
2023-04-24 21:00:00+00:00,25.1635,25.36155,24.4954,25.016,27717.0
2023-04-25 21:00:00+00:00,25.0135,25.2309,24.728,24.88,24563.0
2023-04-26 21:00:00+00:00,24.8975,25.14246,24.5105,24.9285,24481.0
2023-04-27 21:00:00+00:00,24.9195,25.0705,24.7295,25.0555,26857.0
2023-04-30 21:00:00+00:00,25.0765,25.9123,24.8845,24.994,25703.0
2023-05-01 21:00:00+00:00,24.982,25.48455,24.5815,25.3805,26779.0
2023-05-02 21:00:00+00:00,25.366,25.61045,25.0905,25.5785,29451.0
2023-05-03 21:00:00+00:00,25.6485,26.0635,25.4405,26.053,39262.0
2023-05-04 21:00:00+00:00,26.032,26.1354,25.17085,25.6625,26686.0
2023-05-07 21:00:00+00:00,25.684,25.73545,25.5083,25.5525,18747.0
2023-05-08 21:00:00+00:00,25.5535,25.6731,25.32405,25.6045,18070.0
2023-05-09 21:00:00+00:00,25.5995,25.91965,25.22535,25.39,28376.0
2023-05-10 21:00:00+00:00,25.385,25.4775,24.1415,24.187,32622.0
2023-05-11 21:00:00+00:00,24.187,24.21065,23.7411,23.974,22703.0
2023-05-14 21:00:00+00:00,23.9415,24.21105,23.8781,24.0915,19315.0
2023-05-15 21:00:00+00:00,24.0885,24.107,23.634,23.7475,24070.0
2023-05-16 21:00:00+00:00,23.742,23.8833,23.5425,23.7505,22493.0
2023-05-17 21:00:00+00:00,23.743,23.78265,23.328,23.499,19603.0
2023-05-18 21:00:00+00:00,23.5065,24.0185,23.39755,23.8405,23660.0
2023-05-21 21:00:00+00:00,23.841,23.921,23.6075,23.6315,22065.0
2023-05-22 21:00:00+00:00,23.638,23.65565,23.1115,23.4495,22659.0
2023-05-23 21:00:00+00:00,23.451,23.53595,23.027,23.06,22158.0
2023-05-24 21:00:00+00:00,23.0675,23.15,22.699,22.7325,21514.0
2023-05-25 21:00:00+00:00,22.7325,23.33515,22.67785,23.3165,18633.0
2023-05-28 21:00:00+00:00,23.293,23.37645,23.15625,23.1675,10926.0
2023-05-29 21:00:00+00:00,23.147,23.34175,22.9269,23.193,19492.0
2023-05-30 21:00:00+00:00,23.1965,23.61695,23.1012,23.515,22503.0
2023-05-31 21:00:00+00:00,23.5015,23.922,23.2796,23.88,23610.0
2023-06-01 21:00:00+00:00,23.872,24.02115,23.583,23.6225,21907.0
2023-06-04 21:00:00+00:00,23.5815,23.6895,23.2505,23.571,18791.0
2023-06-05 21:00:00+00:00,23.5755,23.7775,23.33905,23.5965,16760.0
2023-06-06 21:00:00+00:00,23.5995,24.0575,23.4045,23.4425,20207.0
2023-06-07 21:00:00+00:00,23.4415,24.356,23.43025,24.26835,18215.0
2023-06-08 21:00:00+00:00,24.2645,24.5265,24.19485,24.2825,16385.0
2023-06-11 21:00:00+00:00,24.265,24.305,23.8809,24.0655,16451.0
2023-06-12 21:00:00+00:00,24.061,24.4095,23.599,23.668,23535.0
2023-06-13 21:00:00+00:00,23.6635,24.0808,23.6545,23.9165,22549.0
2023-06-14 21:00:00+00:00,23.9215,23.935,23.2208,23.8865,25594.0
2023-06-15 21:00:00+00:00,23.886,24.2095,23.83675,24.197,19487.0
2023-06-18 21:00:00+00:00,24.1785,24.189,23.889,23.9555,13191.0
2023-06-19 21:00:00+00:00,23.984,24.0255,23.05905,23.1525,19704.0
2023-06-20 21:00:00+00:00,23.163,23.17535,22.4965,22.6555,22859.0
2023-06-21 21:00:00+00:00,22.6675,22.7297,22.177,22.2595,18414.0
2023-06-22 21:00:00+00:00,22.2445,22.687,22.11245,22.4355,18744.0
2023-06-25 21:00:00+00:00,22.432,22.8921,22.425,22.793,16614.0
2023-06-26 21:00:00+00:00,22.7845,23.09775,22.75245,22.8565,15371.0
2023-06-27 21:00:00+00:00,22.8545,22.963,22.5605,22.6935,13718.0
2023-06-28 21:00:00+00:00,22.6915,22.8807,22.28065,22.5715,17696.0
2023-06-29 21:00:00+00:00,22.578,22.844,22.3474,22.769,18603.0
2023-07-02 21:00:00+00:00,22.7725,23.0715,22.7071,22.906,15584.0
2023-07-03 21:00:00+00:00,22.9011,23.05935,22.62175,22.962,8698.0
2023-07-04 21:00:00+00:00,22.963,23.30805,22.7724,23.124,16340.0
2023-07-05 21:00:00+00:00,23.1305,23.25565,22.525,22.7205,21947.0
2023-07-06 21:00:00+00:00,22.711,23.1545,22.6165,23.0855,17035.0
2023-07-09 21:00:00+00:00,23.0615,23.155,22.751,23.146,14400.0
2023-07-10 21:00:00+00:00,23.1415,23.389,23.019,23.1265,13944.0
2023-07-11 21:00:00+00:00,23.1295,24.153,23.1155,24.129,18571.0
2023-07-12 21:00:00+00:00,24.1085,24.882,24.1062,24.882,20477.0
2023-07-13 21:00:00+00:00,24.856,25.0235,24.67995,24.9405,82615.0
2023-07-16 21:00:00+00:00,24.904,24.944,24.6025,24.8445,55767.0
2023-07-17 21:00:00+00:00,24.838,25.1765,24.7675,25.0595,71945.0
2023-07-18 21:00:00+00:00,25.065,25.2365,24.944,25.162,55942.0
2023-07-19 21:00:00+00:00,25.138,25.269,24.711,24.759,62748.0
2023-07-20 21:00:00+00:00,24.777,24.922,24.5915,24.6195,58006.0
2023-07-23 21:00:00+00:00,24.6275,24.7275,24.2645,24.346,58073.0
2023-07-24 21:00:00+00:00,24.3465,24.727,24.295,24.683,40963.0
2023-07-25 21:00:00+00:00,24.685,25.0385,24.518,24.93,69589.0
2023-07-26 21:00:00+00:00,24.9145,25.1465,24.043,24.1225,80255.0
2023-07-27 21:00:00+00:00,24.1405,24.4115,24.111,24.3445,49616.0
2023-07-30 21:00:00+00:00,24.3655,24.84,24.197,24.753,43857.0
2023-07-31 21:00:00+00:00,24.7585,24.7605,24.129,24.3,49340.0
2023-08-01 21:00:00+00:00,24.369,24.4915,23.6415,23.716,58177.0
2023-08-02 21:00:00+00:00,23.7165,23.8475,23.406,23.5755,64121.0
2023-08-03 21:00:00+00:00,23.5835,23.7985,23.2275,23.628,95525.0
2023-08-06 21:00:00+00:00,23.644,23.6835,23.0715,23.1335,65554.0
2023-08-07 21:00:00+00:00,23.126,23.1895,22.6665,22.7775,76191.0
2023-08-08 21:00:00+00:00,22.775,22.942,22.618,22.6715,56143.0
2023-08-09 21:00:00+00:00,22.663,23.004,22.6255,22.7005,92733.0
2023-08-10 21:00:00+00:00,22.7085,22.845,22.5765,22.688,65845.0
2023-08-13 21:00:00+00:00,22.692,22.7655,22.367,22.601,89782.0
2023-08-14 21:00:00+00:00,22.599,22.712,22.2245,22.522,70678.0
2023-08-15 21:00:00+00:00,22.5315,22.7875,22.403,22.4185,58941.0
2023-08-16 21:00:00+00:00,22.437,23.0125,22.351,22.6845,99690.0
2023-08-17 21:00:00+00:00,22.6905,22.886,22.6345,22.7555,90954.0
2023-08-20 21:00:00+00:00,22.7705,23.319,22.67,23.3105,101358.0
2023-08-21 21:00:00+00:00,23.3145,23.45645,23.2105,23.4085,88746.0
2023-08-22 21:00:00+00:00,23.422,24.359,23.4125,24.3135,74426.0
2023-08-23 21:00:00+00:00,24.311,24.3528,24.056,24.1205,92580.0
2023-08-24 21:00:00+00:00,24.141,24.385,23.9205,24.223,69458.0
2023-08-27 21:00:00+00:00,24.239,24.35605,24.0495,24.236,40051.0
2023-08-28 21:00:00+00:00,24.235,24.796,24.1735,24.7085,102624.0
2023-08-29 21:00:00+00:00,24.719,25.0145,24.5315,24.6145,97706.0
2023-08-30 21:00:00+00:00,24.615,24.6805,24.3718,24.4375,92338.0
2023-08-31 21:00:00+00:00,24.4315,24.82965,24.155,24.1805,92348.0
2023-09-03 21:00:00+00:00,24.187,24.297,23.9616,23.98255,40845.0
2023-09-04 21:00:00+00:00,23.9935,24.00635,23.478,23.5385,56634.0
2023-09-05 21:00:00+00:00,23.556,23.5975,23.0045,23.17,79689.0
2023-09-06 21:00:00+00:00,23.1735,23.18,22.8359,22.9705,64005.0
2023-09-07 21:00:00+00:00,22.971,23.1751,22.8565,22.929,63939.0
2023-09-10 21:00:00+00:00,22.93,23.225,22.9065,23.078,62582.0
2023-09-11 21:00:00+00:00,23.083,23.18535,22.835,23.0705,58623.0
2023-09-12 21:00:00+00:00,23.0695,23.095,22.7447,22.833,67113.0
2023-09-13 21:00:00+00:00,22.841,22.97795,22.299,22.649,86391.0
2023-09-14 21:00:00+00:00,22.642,23.293,22.6257,23.0385,80238.0
2023-09-17 21:00:00+00:00,23.048,23.263,22.9615,23.2495,63194.0
2023-09-18 21:00:00+00:00,23.258,23.424,23.098,23.202,45294.0
2023-09-19 21:00:00+00:00,23.208,23.594,23.0545,23.248,59131.0
2023-09-20 21:00:00+00:00,23.235,23.4745,22.8115,23.3985,86617.0
2023-09-21 21:00:00+00:00,23.402,23.7764,23.398,23.556,93786.0
2023-09-24 21:00:00+00:00,23.571,23.649,23.0405,23.1285,69911.0
2023-09-25 21:00:00+00:00,23.1295,23.14,22.8465,22.8535,69173.0
2023-09-26 21:00:00+00:00,22.85,22.8772,22.4055,22.534,61978.0
2023-09-27 21:00:00+00:00,22.54,22.7365,22.3975,22.6155,95141.0
2023-09-28 21:00:00+00:00,22.6305,23.56,22.114,22.19,96415.0
2023-10-01 21:00:00+00:00,22.157,22.1945,21.028,21.042,93426.0
2023-10-02 21:00:00+00:00,21.0622,21.3976,20.687,21.1635,137159.0
2023-10-03 21:00:00+00:00,21.1895,21.4041,20.6914,21.004,84649.0
2023-10-04 21:00:00+00:00,21.003,21.2995,20.713,20.975,64656.0
2023-10-05 21:00:00+00:00,20.9895,21.62,20.80625,21.59,78488.0
2023-10-08 21:00:00+00:00,21.842,22.0166,21.574,21.8875,63046.0
2023-10-09 21:00:00+00:00,21.877,21.9581,21.63455,21.834,57892.0
2023-10-10 21:00:00+00:00,21.842,22.1245,21.7995,22.0325,56361.0
2023-10-11 21:00:00+00:00,22.035,22.242,21.754,21.828,54522.0
2023-10-12 21:00:00+00:00,21.827,22.8195,21.811,22.701,69529.0
2023-10-15 21:00:00+00:00,22.701,22.727,22.4765,22.613,53618.0
2023-10-16 21:00:00+00:00,22.594,23.01,22.3725,22.801,57325.0
2023-10-17 21:00:00+00:00,22.8015,23.3225,22.682,22.8505,66333.0
2023-10-18 21:00:00+00:00,22.85,23.08535,22.63905,23.034,83163.0
2023-10-19 21:00:00+00:00,23.019,23.701,22.8775,23.3655,76989.0
2023-10-22 21:00:00+00:00,23.14515,23.337,22.9185,22.983,65423.0
2023-10-23 21:00:00+00:00,22.968,23.208,22.66145,22.9185,65107.0
2023-10-24 21:00:00+00:00,22.90015,23.0235,22.55395,22.862,54859.0
2023-10-25 21:00:00+00:00,22.8595,23.1405,22.444,22.8045,72204.0
2023-10-26 21:00:00+00:00,22.7785,23.1235,22.6615,23.101,59387.0
2023-10-29 21:00:00+00:00,23.1145,23.60645,23.029,23.3205,56612.0
2023-10-30 21:00:00+00:00,23.3195,23.3235,22.739,22.859,65397.0
2023-10-31 21:00:00+00:00,22.83505,23.014,22.53995,22.952,77882.0
2023-11-01 21:00:00+00:00,22.9275,23.1265,22.65715,22.767,66498.0
2023-11-02 21:00:00+00:00,22.7635,23.307,22.593,23.2045,79768.0
2023-11-05 22:00:00+00:00,23.17015,23.2565,22.99285,23.033,50631.0
2023-11-06 22:00:00+00:00,23.0415,23.076,22.4295,22.6315,48254.0
2023-11-07 22:00:00+00:00,22.633,22.8455,22.303,22.5425,44729.0
2023-11-08 22:00:00+00:00,22.5516,22.9935,22.3629,22.635,58078.0
2023-11-09 22:00:00+00:00,22.6188,22.7405,22.1935,22.254,49937.0
2023-11-12 22:00:00+00:00,22.2692,22.36235,21.883,22.3125,51997.0
2023-11-13 22:00:00+00:00,22.319,23.18615,22.29755,23.091,57107.0
2023-11-14 22:00:00+00:00,23.09285,23.6228,23.031,23.442,61399.0
2023-11-15 22:00:00+00:00,23.4545,24.077,23.2825,23.7435,61367.0
2023-11-16 22:00:00+00:00,23.7385,24.146,23.667,23.7205,56423.0
2023-11-19 22:00:00+00:00,23.65185,23.813,23.2465,23.4365,59336.0
2023-11-20 22:00:00+00:00,23.4375,24.0185,23.4375,23.746,67169.0
2023-11-21 22:00:00+00:00,23.745,23.9462,23.538,23.637,70745.0
2023-11-22 22:00:00+00:00,23.6145,23.792,23.6015,23.662,35734.0
2023-11-23 22:00:00+00:00,23.7015,24.3405,23.566,24.334,42997.0
2023-11-26 22:00:00+00:00,24.332,24.8795,24.2635,24.6425,72872.0
2023-11-27 22:00:00+00:00,24.64,25.033,24.5445,25.0255,62977.0
2023-11-28 22:00:00+00:00,25.0405,25.2605,24.847,25.023,84195.0
2023-11-29 22:00:00+00:00,25.0106,25.2895,24.933,25.27,71416.0
2023-11-30 22:00:00+00:00,25.301,25.52295,25.0885,25.471,81603.0
2023-12-03 22:00:00+00:00,25.4875,25.90525,24.4175,24.4995,116875.0
2023-12-04 22:00:00+00:00,24.494,24.63635,23.9665,24.1625,77294.0
2023-12-05 22:00:00+00:00,24.1703,24.3605,23.8745,23.902,66284.0
2023-12-06 22:00:00+00:00,23.9035,24.0284,23.583,23.8075,66437.0
2023-12-07 22:00:00+00:00,23.809,23.89645,22.943,22.998,85132.0
2023-12-10 22:00:00+00:00,23.0315,23.104,22.7219,22.822,63574.0
2023-12-11 22:00:00+00:00,22.8195,23.1555,22.6905,22.771,55164.0
2023-12-12 22:00:00+00:00,22.7775,23.812,22.512,23.812,76923.0
2023-12-13 22:00:00+00:00,23.7941,24.2185,23.7675,24.17,99124.0
2023-12-14 22:00:00+00:00,24.183,24.2925,23.7565,23.844,84133.0
2023-12-17 22:00:00+00:00,23.8555,24.056,23.663,23.804,61878.0
2023-12-18 22:00:00+00:00,23.80685,24.1722,23.7708,24.052,58410.0
2023-12-19 22:00:00+00:00,24.0389,24.4405,23.9555,24.1455,61564.0
2023-12-20 22:00:00+00:00,24.1655,24.489,24.1385,24.4125,56883.0
2023-12-21 22:00:00+00:00,24.4435,24.606,24.092,24.1925,58496.0
2023-12-25 22:00:00+00:00,24.17,24.4175,24.064,24.2255,31480.0
2023-12-26 22:00:00+00:00,24.227,24.4585,23.9505,24.267,52615.0
2023-12-27 22:00:00+00:00,24.268,24.4905,23.952,23.973,48528.0
2023-12-28 22:00:00+00:00,23.984,23.984,23.5395,23.789,44434.0
2024-01-01 22:00:00+00:00,23.789,24.095,23.643,23.6565,64706.0
2024-01-02 22:00:00+00:00,23.6475,23.7305,22.839,22.9895,75591.0
2024-01-03 22:00:00+00:00,23.01155,23.073,22.6885,23.0085,50904.0
2024-01-04 22:00:00+00:00,22.9985,23.51745,22.7765,23.191,80473.0
2024-01-07 22:00:00+00:00,23.136,23.2125,22.83915,23.103,56135.0
2024-01-08 22:00:00+00:00,23.1115,23.3764,22.8965,22.9755,52835.0
2024-01-09 22:00:00+00:00,22.9705,23.1075,22.772,22.896,49570.0
2024-01-10 22:00:00+00:00,22.9035,23.1545,22.4765,22.7545,80427.0
2024-01-11 22:00:00+00:00,22.7695,23.534,22.7695,23.1915,67430.0
2024-01-14 22:00:00+00:00,23.1835,23.3345,23.11,23.221,30615.0
2024-01-15 22:00:00+00:00,23.221,23.223,22.8595,22.922,68722.0
2024-01-16 22:00:00+00:00,22.909,22.9495,22.5115,22.5545,60964.0
2024-01-17 22:00:00+00:00,22.5595,22.761,22.427,22.7495,53879.0
2024-01-18 22:00:00+00:00,22.7515,22.845,22.4645,22.619,55446.0
2024-01-21 22:00:00+00:00,22.6112,22.6633,21.9275,22.0875,57487.0
2024-01-22 22:00:00+00:00,22.077,22.4565,22.05755,22.441,54318.0
2024-01-23 22:00:00+00:00,22.4495,22.962,22.3405,22.671,63976.0
2024-01-24 22:00:00+00:00,22.68,23.025,22.6505,22.913,63326.0
2024-01-25 22:00:00+00:00,22.909,22.9825,22.702,22.8005,47469.0
2024-01-28 22:00:00+00:00,22.923,23.2215,22.77,23.199,50198.0
2024-01-29 22:00:00+00:00,23.2055,23.305,22.9405,23.1625,48747.0
2024-01-30 22:00:00+00:00,23.164,23.327,22.78,22.941,79589.0
2024-01-31 22:00:00+00:00,22.9205,23.2555,22.51175,23.1725,78874.0
2024-02-01 22:00:00+00:00,23.177,23.2505,22.401,22.689,69622.0
2024-02-04 22:00:00+00:00,22.6985,22.718,22.2455,22.3535,57132.0
2024-02-05 22:00:00+00:00,22.3425,22.4885,22.2625,22.4275,43428.0
2024-02-06 22:00:00+00:00,22.4295,22.4485,22.1974,22.2155,43626.0
2024-02-07 22:00:00+00:00,22.1895,22.636,22.144,22.584,48196.0
2024-02-08 22:00:00+00:00,22.588,22.723,22.3625,22.6065,39813.0
2024-02-11 22:00:00+00:00,22.639,23.076,22.518,22.6915,37559.0
2024-02-12 22:00:00+00:00,22.6795,22.963,21.9875,22.12,54614.0
2024-02-13 22:00:00+00:00,22.084,22.4599,21.934,22.3725,49062.0
2024-02-14 22:00:00+00:00,22.379,23.0405,22.352,22.926,53574.0
2024-02-15 22:00:00+00:00,22.961,23.501,22.79155,23.416,51440.0
2024-02-18 22:00:00+00:00,23.416,23.4591,22.9385,22.9895,33277.0
2024-02-19 22:00:00+00:00,22.992,23.1935,22.919,23.0135,46290.0
2024-02-20 22:00:00+00:00,23.0005,23.18315,22.7555,22.89,51831.0
2024-02-21 22:00:00+00:00,22.895,23.1645,22.74,22.7525,52917.0
2024-02-22 22:00:00+00:00,22.7435,23.001,22.5625,22.9495,50720.0
2024-02-25 22:00:00+00:00,22.863,22.893,22.449,22.52185,48066.0
2024-02-26 22:00:00+00:00,22.5086,22.7145,22.4235,22.457,42837.0
2024-02-27 22:00:00+00:00,22.4525,22.51815,22.277,22.462,33699.0
2024-02-28 22:00:00+00:00,22.469,22.7889,22.3125,22.6705,41436.0
2024-02-29 22:00:00+00:00,22.655,23.269,22.509,23.128,49188.0
2024-03-03 22:00:00+00:00,23.128,23.9445,23.0215,23.88775,51663.0
2024-03-04 22:00:00+00:00,23.93185,24.229,23.626,23.67235,72512.0
2024-03-05 22:00:00+00:00,23.6707,24.305,23.573,24.1715,63586.0
2024-03-06 22:00:00+00:00,24.153,24.5045,24.0105,24.32605,68169.0
2024-03-07 22:00:00+00:00,24.31245,24.6355,24.1763,24.31,74897.0
2024-03-10 21:00:00+00:00,24.404,24.5245,24.241,24.471,50835.0
2024-03-11 21:00:00+00:00,24.465,24.6844,24.0085,24.1395,73138.0
2024-03-12 21:00:00+00:00,24.1395,25.0325,24.0735,25.01195,54153.0
2024-03-13 21:00:00+00:00,24.99865,25.15945,24.74,24.8135,63489.0
2024-03-14 21:00:00+00:00,24.8045,25.4485,24.8005,25.184,63177.0
2024-03-17 21:00:00+00:00,25.10715,25.33035,24.9465,25.03405,52180.0
2024-03-18 21:00:00+00:00,25.03615,25.156,24.7325,24.9155,50582.0
2024-03-19 21:00:00+00:00,24.9005,25.642,24.746,25.58255,66393.0
2024-03-20 21:00:00+00:00,25.59815,25.7785,24.6445,24.744,89263.0
2024-03-21 21:00:00+00:00,24.753,24.9485,24.406,24.6745,66434.0
2024-03-24 21:00:00+00:00,24.69665,24.891,24.5567,24.6815,51555.0
2024-03-25 21:00:00+00:00,24.652,24.89405,24.368,24.4585,58052.0
2024-03-26 21:00:00+00:00,24.446,24.663,24.3275,24.653,48923.0
2024-03-27 21:00:00+00:00,24.59055,25.01055,24.393,24.9665,71284.0
2024-03-31 21:00:00+00:00,25.0435,25.3875,24.7465,25.08505,66899.0
2024-04-01 21:00:00+00:00,25.0815,26.173,25.079,26.14,81017.0
2024-04-02 21:00:00+00:00,26.198,27.191,26.1125,27.188,91955.0
2024-04-03 21:00:00+00:00,27.17835,27.3395,26.6765,26.914,78361.0
2024-04-04 21:00:00+00:00,26.969,27.498,26.2845,27.4935,105106.0
2024-04-07 21:00:00+00:00,27.54075,28.0885,26.8615,27.858,122829.0
2024-04-08 21:00:00+00:00,27.8385,28.326,27.621,28.154,110452.0
2024-04-09 21:00:00+00:00,28.1565,28.5235,27.5325,27.929,134967.0
2024-04-10 21:00:00+00:00,27.89455,28.49975,27.754,28.4437,111589.0
2024-04-11 21:00:00+00:00,28.462,29.798,27.855,27.89,149278.0
2024-04-14 21:00:00+00:00,28.1719,28.892,27.5897,28.8775,144084.0
2024-04-15 21:00:00+00:00,28.884,29.0205,27.953,28.1035,133676.0
2024-04-16 21:00:00+00:00,28.126,28.8065,28.0695,28.22095,110597.0
2024-04-17 21:00:00+00:00,28.2295,28.66,28.1385,28.2425,105482.0
2024-04-18 21:00:00+00:00,28.2375,28.944,28.068,28.686,123585.0
2024-04-21 21:00:00+00:00,28.5695,28.658,27.114,27.193,103245.0
2024-04-22 21:00:00+00:00,27.226,27.3827,26.668,27.3085,110864.0
2024-04-23 21:00:00+00:00,27.2925,27.4905,27.035,27.1665,80371.0
2024-04-24 21:00:00+00:00,27.1815,27.5805,26.9825,27.443,102216.0
2024-04-25 21:00:00+00:00,27.444,27.734,27.086,27.2225,92191.0
2024-04-28 21:00:00+00:00,27.14545,27.4375,26.9432,27.1435,88888.0
2024-04-29 21:00:00+00:00,27.1365,27.144,26.246,26.2926,99056.0
2024-04-30 21:00:00+00:00,26.2895,26.9715,26.2805,26.6455,103765.0
2024-05-01 21:00:00+00:00,26.65855,26.82,26.0185,26.681,78305.0
2024-05-02 21:00:00+00:00,26.681,26.88535,26.1215,26.5595,86068.0
2024-05-05 21:00:00+00:00,26.5665,27.4875,26.4355,27.44595,66291.0
2024-05-06 21:00:00+00:00,27.4445,27.5245,27.157,27.2435,63284.0
2024-05-07 21:00:00+00:00,27.2325,27.4812,27.0105,27.337,62146.0
2024-05-08 21:00:00+00:00,27.3455,28.3425,27.289,28.3347,70089.0
2024-05-09 21:00:00+00:00,28.336,28.76845,28.0415,28.176,81470.0
2024-05-12 21:00:00+00:00,28.1885,28.3865,27.967,28.20245,71277.0
2024-05-13 21:00:00+00:00,28.2205,28.747,28.0875,28.6135,76875.0
2024-05-14 21:00:00+00:00,28.6035,29.7405,28.4375,29.674,107264.0
2024-05-15 21:00:00+00:00,29.709,29.8505,29.33,29.5871,98431.0
2024-05-16 21:00:00+00:00,29.6125,31.5985,29.46255,31.4995,115321.0
2024-05-19 21:00:00+00:00,31.60985,32.5185,30.95,31.8225,115651.0
2024-05-20 21:00:00+00:00,31.819,32.5054,31.0695,31.983,110780.0
2024-05-21 21:00:00+00:00,32.056,32.20585,30.758,30.796,124634.0
2024-05-22 21:00:00+00:00,30.7915,30.986,30.0665,30.12565,131414.0
2024-05-23 21:00:00+00:00,30.123,30.624,30.045,30.363,82763.0
2024-05-26 21:00:00+00:00,30.4175,31.852,30.388,31.642,66337.0
2024-05-27 21:00:00+00:00,31.6245,32.2485,31.246,32.1015,109118.0
2024-05-28 21:00:00+00:00,32.1035,32.301,31.606,31.97565,105067.0
2024-05-29 21:00:00+00:00,31.9785,32.0965,31.009,31.1735,119962.0
2024-05-30 21:00:00+00:00,31.163,31.774,30.1925,30.4065,124273.0
2024-06-02 21:00:00+00:00,30.4625,30.8075,29.782,30.7295,115576.0
2024-06-03 21:00:00+00:00,30.728,30.89,29.381,29.4965,120050.0
2024-06-04 21:00:00+00:00,29.543,30.0495,29.3915,30.00715,95955.0
2024-06-05 21:00:00+00:00,30.02855,31.3475,29.9705,31.329,99243.0
2024-06-06 21:00:00+00:00,31.3345,31.54865,29.11935,29.1795,127234.0
2024-06-09 21:00:00+00:00,29.1415,29.822,29.136,29.747,70933.0
2024-06-10 21:00:00+00:00,29.7805,29.808,29.0325,29.2855,86780.0
2024-06-11 21:00:00+00:00,29.283,30.256,29.184,29.727,110711.0
2024-06-12 21:00:00+00:00,29.7079,29.7079,28.658,28.9675,104106.0
2024-06-13 21:00:00+00:00,28.94095,29.5825,28.8338,29.5555,103649.0
2024-06-16 21:00:00+00:00,29.544,29.561,29.026,29.4696,81966.0
2024-06-17 21:00:00+00:00,29.49,29.6815,28.9265,29.537,95619.0
2024-06-18 21:00:00+00:00,29.5255,29.7917,29.3439,29.762,57364.0
2024-06-19 21:00:00+00:00,29.78285,30.7935,29.75,30.741,103844.0
2024-06-20 21:00:00+00:00,30.7285,30.8545,29.46875,29.5495,109673.0
2024-06-23 21:00:00+00:00,29.524,29.7285,29.346,29.57595,73885.0
2024-06-24 21:00:00+00:00,29.5809,29.6665,28.8425,28.912,80056.0
2024-06-25 21:00:00+00:00,28.94275,29.07375,28.5722,28.771,90776.0
2024-06-26 21:00:00+00:00,28.755,29.254,28.6845,28.97905,74211.0
2024-06-27 21:00:00+00:00,28.9495,29.6285,28.7745,29.1435,79320.0
2024-06-30 21:00:00+00:00,29.10055,29.4825,28.9595,29.44955,79538.0
2024-07-01 21:00:00+00:00,29.4645,29.8235,29.20155,29.52195,78979.0
2024-07-02 21:00:00+00:00,29.5426,30.673,29.4785,30.4991,86712.0
2024-07-03 21:00:00+00:00,30.4674,30.59,30.20635,30.4055,54228.0
2024-07-04 21:00:00+00:00,30.37925,31.493,30.126,31.2235,105659.0
2024-07-07 21:00:00+00:00,31.2275,31.3725,30.436,30.7615,84657.0
2024-07-08 21:00:00+00:00,30.7745,31.15,30.51335,30.7985,96136.0
2024-07-09 21:00:00+00:00,30.7895,31.1655,30.6515,30.8171,87761.0
2024-07-10 21:00:00+00:00,30.821,31.755,30.8135,31.457,107342.0
2024-07-11 21:00:00+00:00,31.4035,31.4105,30.3895,30.786,108195.0
2024-07-14 21:00:00+00:00,30.785,31.099,30.5255,30.679,97133.0
2024-07-15 21:00:00+00:00,30.6645,31.406,30.488,31.25095,92543.0
2024-07-16 21:00:00+00:00,31.248,31.4305,30.0455,30.3052,111261.0
2024-07-17 21:00:00+00:00,30.31,30.59595,29.74535,29.82915,98693.0
2024-07-18 21:00:00+00:00,29.8185,29.8445,28.8725,29.2265,106670.0
2024-07-21 21:00:00+00:00,29.268,29.431,28.7495,29.1245,89594.0
2024-07-22 21:00:00+00:00,29.132,29.3042,28.667,29.2346,88934.0
2024-07-23 21:00:00+00:00,29.214,29.454,28.8915,28.901,92031.0
2024-07-24 21:00:00+00:00,28.8899,28.919,27.4185,27.8494,136373.0
2024-07-25 21:00:00+00:00,27.85,28.0765,27.5885,27.931,93097.0
2024-07-28 21:00:00+00:00,27.992,28.1965,27.308,27.86105,96492.0
2024-07-29 21:00:00+00:00,27.8605,28.4175,27.6315,28.3855,98935.0
2024-07-30 21:00:00+00:00,28.4055,29.03945,28.242,29.00325,112489.0
2024-07-31 21:00:00+00:00,29.0409,29.159,28.21995,28.5215,121362.0
2024-08-01 21:00:00+00:00,28.546,29.2285,27.946,28.565,156896.0
2024-08-04 21:00:00+00:00,28.514,28.6745,26.50255,27.243,216949.0
2024-08-05 21:00:00+00:00,27.261,27.5755,26.6005,26.9695,141088.0
2024-08-06 21:00:00+00:00,26.935,27.269,26.57555,26.60765,103078.0
2024-08-07 21:00:00+00:00,26.476,27.608,26.471,27.5421,109174.0
2024-08-08 21:00:00+00:00,27.5265,27.763,27.26,27.4555,83981.0
2024-08-11 21:00:00+00:00,27.4265,28.042,27.2225,27.9585,68234.0
2024-08-12 21:00:00+00:00,27.9515,28.056,27.455,27.854,67610.0
2024-08-13 21:00:00+00:00,27.86035,28.048,27.178,27.5655,82470.0
2024-08-14 21:00:00+00:00,27.5575,28.5205,27.4815,28.36015,87502.0
2024-08-15 21:00:00+00:00,28.333,29.039,28.043,29.039,87228.0
2024-08-18 21:00:00+00:00,29.0435,29.4855,28.724,29.447,84081.0
2024-08-19 21:00:00+00:00,29.486,29.9705,29.2055,29.4405,90429.0
2024-08-20 21:00:00+00:00,29.467,29.739,29.21055,29.608,81678.0
2024-08-21 21:00:00+00:00,29.54835,29.6845,28.7885,28.984,87109.0
2024-08-22 21:00:00+00:00,28.9685,29.889,28.947,29.831,91299.0
2024-08-25 21:00:00+00:00,29.882,30.1915,29.6545,29.91,78647.0
2024-08-26 21:00:00+00:00,29.9095,30.0895,29.7015,29.9725,77868.0
2024-08-27 21:00:00+00:00,30.012,30.106,29.0805,29.128,75274.0
2024-08-28 21:00:00+00:00,29.13655,29.6855,29.13655,29.4245,79298.0
2024-08-29 21:00:00+00:00,29.4038,29.5885,28.6895,28.8655,91447.0
2024-09-01 21:00:00+00:00,28.8055,28.9745,28.3265,28.557,47659.0
2024-09-02 21:00:00+00:00,28.53,28.572,27.7075,28.045,90473.0
2024-09-03 21:00:00+00:00,28.0335,28.357,27.7725,28.2675,78155.0
2024-09-04 21:00:00+00:00,28.227,29.1795,28.212,28.823,85896.0
2024-09-05 21:00:00+00:00,28.8295,29.118,27.6865,27.9375,115993.0
2024-09-08 21:00:00+00:00,27.9695,28.3675,27.7035,28.3505,72569.0
2024-09-09 21:00:00+00:00,28.355,28.556,28.033,28.40055,74933.0
2024-09-10 21:00:00+00:00,28.4025,28.8745,28.0705,28.675,97951.0
2024-09-11 21:00:00+00:00,28.7115,29.914,28.5355,29.8755,97461.0
2024-09-12 21:00:00+00:00,29.8985,30.9242,29.8515,30.72,87047.0
2024-09-15 21:00:00+00:00,30.7675,31.097,30.5925,30.735,63298.0
2024-09-16 21:00:00+00:00,30.7375,30.99,30.516,30.703,67953.0
2024-09-17 21:00:00+00:00,30.701,31.239,29.7085,30.0767,114028.0
2024-09-18 21:00:00+00:00,30.0767,31.302,29.908,30.7845,126654.0
2024-09-19 21:00:00+00:00,30.78,31.4335,30.734,31.1785,110977.0
2024-09-22 21:00:00+00:00,31.1715,31.189,30.358,30.69775,90085.0
2024-09-23 21:00:00+00:00,30.702,32.268,30.653,32.099,117228.0
2024-09-24 21:00:00+00:00,32.1355,32.286,31.569,31.8115,107183.0
2024-09-25 21:00:00+00:00,31.82,32.715,31.7415,32.0125,123752.0
2024-09-26 21:00:00+00:00,32.0335,32.299,31.355,31.6295,121028.0
2024-09-29 21:00:00+00:00,31.7425,31.8595,30.885,31.1575,102829.0
2024-09-30 21:00:00+00:00,31.1305,31.852,31.114,31.435,94904.0
2024-10-01 21:00:00+00:00,31.401,32.3075,30.9985,31.833,88120.0
2024-10-02 21:00:00+00:00,31.8325,32.2145,31.413,32.0295,88490.0
2024-10-03 21:00:00+00:00,32.0445,32.9625,31.5025,32.2025,98113.0
2024-10-06 21:00:00+00:00,32.276,32.3465,31.412,31.6845,80070.0
2024-10-07 21:00:00+00:00,31.6845,31.777,30.12,30.6695,127103.0
2024-10-08 21:00:00+00:00,30.6705,30.7805,30.2185,30.4955,88264.0
2024-10-09 21:00:00+00:00,30.497,31.1885,30.3595,31.1615,102363.0
2024-10-10 21:00:00+00:00,31.1205,31.636,31.06,31.537,70525.0
2024-10-13 21:00:00+00:00,31.0385,31.552,30.9055,31.201,68560.0
2024-10-14 21:00:00+00:00,31.232,31.6925,30.762,31.505,89310.0
2024-10-15 21:00:00+00:00,31.494,32.1795,31.414,31.683,84878.0
2024-10-16 21:00:00+00:00,31.7025,32.023,31.313,31.694,103169.0
2024-10-17 21:00:00+00:00,31.7055,33.759,31.6915,33.7165,109683.0
2024-10-20 21:00:00+00:00,33.8875,34.273,33.461,33.784,118906.0
2024-10-21 21:00:00+00:00,33.8055,34.869,33.797,34.86,101829.0
2024-10-22 21:00:00+00:00,34.8135,34.8405,33.4275,33.6995,116027.0
2024-10-23 21:00:00+00:00,33.683,34.299,33.2395,33.676,104186.0
2024-10-24 21:00:00+00:00,33.666,34.0195,33.0875,33.721,105773.0
2024-10-27 21:00:00+00:00,33.433,33.9905,33.229,33.6765,88794.0
2024-10-28 21:00:00+00:00,33.6825,34.5475,33.6065,34.4595,109021.0
2024-10-29 21:00:00+00:00,34.429,34.5275,33.411,33.779,103682.0
2024-10-30 21:00:00+00:00,33.7225,33.9005,32.5045,32.663,108977.0
2024-10-31 21:00:00+00:00,32.6645,33.124,32.333,32.4495,93724.0
2024-11-03 22:00:00+00:00,32.30035,32.878,32.28915,32.451,86767.0
2024-11-04 22:00:00+00:00,32.449,32.9225,32.251,32.654,79993.0
2024-11-05 22:00:00+00:00,32.6575,32.7305,30.8315,31.179,180588.0
2024-11-06 22:00:00+00:00,31.1995,32.16,30.875,32.037,118863.0
2024-11-07 22:00:00+00:00,32.0432,32.068,31.193,31.307,113969.0
2024-11-10 22:00:00+00:00,31.31,31.5605,30.423,30.686,100291.0
2024-11-11 22:00:00+00:00,30.672,30.821,30.188,30.7175,110437.0
2024-11-12 22:00:00+00:00,30.6835,31.151,30.285,30.31,108105.0
2024-11-13 22:00:00+00:00,30.3345,30.6545,29.6785,30.4425,123631.0
2024-11-14 22:00:00+00:00,30.4445,30.8195,30.1805,30.2555,106761.0
2024-11-17 22:00:00+00:00,30.2875,31.272,30.2875,31.1775,85159.0
2024-11-18 22:00:00+00:00,31.153,31.5365,31.048,31.2135,96479.0
2024-11-19 22:00:00+00:00,31.224,31.3365,30.7765,30.8615,83987.0
2024-11-20 22:00:00+00:00,30.8555,31.311,30.645,30.7915,93621.0
2024-11-21 22:00:00+00:00,30.7865,31.408,30.7385,31.347,100097.0
2024-11-24 22:00:00+00:00,31.3355,31.478,30.0665,30.304,115448.0
2024-11-25 22:00:00+00:00,30.3145,30.6965,29.988,30.4415,94772.0
2024-11-26 22:00:00+00:00,30.444,30.7065,29.9765,30.1015,69829.0
2024-11-27 22:00:00+00:00,30.1115,30.2975,29.643,30.227,48816.0
2024-11-28 22:00:00+00:00,30.2395,30.8985,30.1865,30.6225,62263.0
2024-12-01 22:00:00+00:00,30.523,30.681,30.0575,30.51,75126.0
2024-12-02 22:00:00+00:00,30.5125,31.0915,30.462,31.0305,75592.0
2024-12-03 22:00:00+00:00,31.019,31.4775,30.486,31.298,77561.0
2024-12-04 22:00:00+00:00,31.306,31.4248,31.0135,31.3355,69001.0
2024-12-05 22:00:00+00:00,31.3525,31.439,30.827,30.97,85813.0
2024-12-08 22:00:00+00:00,31.009,32.2845,30.865,31.83,83904.0
2024-12-09 22:00:00+00:00,31.846,32.097,31.709,31.901,68368.0
2024-12-10 22:00:00+00:00,31.933,32.189,31.512,31.9115,79137.0
2024-12-11 22:00:00+00:00,31.869,32.333,30.883,30.976,87180.0
2024-12-12 22:00:00+00:00,30.94105,31.108,30.292,30.5575,73738.0
2024-12-15 22:00:00+00:00,30.549,30.753,30.468,30.5305,45938.0
2024-12-16 22:00:00+00:00,30.5035,30.61,30.1515,30.53625,53648.0
2024-12-17 22:00:00+00:00,30.5035,30.577,29.308,29.3635,72769.0
2024-12-18 22:00:00+00:00,29.3665,29.712,28.7465,29.041,75899.0
2024-12-19 22:00:00+00:00,29.0085,29.696,28.80795,29.514,69556.0
2024-12-22 22:00:00+00:00,29.622,29.879,29.419,29.6535,49416.0
2024-12-23 22:00:00+00:00,29.684,29.7886,29.481,29.6225,30350.0
2024-12-25 22:00:00+00:00,29.6745,29.875,29.5055,29.8215,37365.0
2024-12-26 22:00:00+00:00,29.8215,29.895,29.3285,29.387,53607.0
2024-12-29 22:00:00+00:00,29.4415,29.5305,28.7995,28.9555,49769.0
2024-12-30 22:00:00+00:00,28.9585,29.0325,28.7785,28.9015,38346.0
2025-01-01 22:00:00+00:00,28.9575,29.601,28.9425,29.566,59002.0
2025-01-02 22:00:00+00:00,29.554,29.8995,29.4955,29.615,56525.0
2025-01-05 22:00:00+00:00,29.662,30.3455,29.411,29.945,80668.0
2025-01-06 22:00:00+00:00,29.953,30.388,29.881,30.0505,74847.0
2025-01-07 22:00:00+00:00,30.057,30.3515,29.81,30.116,71947.0
2025-01-08 22:00:00+00:00,30.1125,30.4835,30.006,30.13,52654.0
2025-01-09 22:00:00+00:00,30.123,30.6645,29.962,30.4075,91018.0
2025-01-12 22:00:00+00:00,30.4225,30.51025,29.5045,29.621,85032.0
2025-01-13 22:00:00+00:00,29.625,29.976,29.516,29.9055,69147.0
2025-01-14 22:00:00+00:00,29.8995,30.7555,29.7395,30.669,77126.0
2025-01-15 22:00:00+00:00,30.6825,30.9765,30.52315,30.816,89229.0
2025-01-16 22:00:00+00:00,30.8,30.8425,30.13235,30.355,88719.0
2025-01-19 22:00:00+00:00,30.30965,30.626,29.991,30.5367,68837.0
2025-01-20 22:00:00+00:00,30.5329,30.858,30.1994,30.837,79985.0
2025-01-21 22:00:00+00:00,30.8133,30.9549,30.563,30.8195,67378.0
2025-01-22 22:00:00+00:00,30.801,30.8641,30.0915,30.4425,73680.0
2025-01-23 22:00:00+00:00,30.439,31.026,30.435,30.598,73407.0
2025-01-26 22:00:00+00:00,30.5056,30.62085,29.7015,30.206,83824.0
2025-01-27 22:00:00+00:00,30.22255,30.4905,29.88185,30.4035,55962.0
2025-01-28 22:00:00+00:00,30.42145,30.9865,30.2868,30.8375,80025.0
2025-01-29 22:00:00+00:00,30.85705,31.7385,30.80505,31.6515,78899.0
2025-01-30 22:00:00+00:00,31.6301,31.70895,31.1345,31.324,88921.0
2025-02-02 22:00:00+00:00,31.3635,31.6785,30.68635,31.5845,124028.0
2025-02-03 22:00:00+00:00,31.5765,32.3825,31.359,32.13825,73227.0
2025-02-04 22:00:00+00:00,32.1545,32.5485,31.9395,32.31215,81601.0
2025-02-05 22:00:00+00:00,32.3315,32.42525,31.748,32.2155,71780.0
2025-02-06 22:00:00+00:00,32.2065,32.6515,31.7855,31.8085,93351.0
2025-02-09 22:00:00+00:00,31.723,32.3345,31.714,32.0485,65147.0
2025-02-10 22:00:00+00:00,32.0725,32.2486,31.25,31.825,74604.0
2025-02-11 22:00:00+00:00,31.8456,32.3652,31.51415,32.2367,72078.0
2025-02-12 22:00:00+00:00,32.2395,32.4245,31.99685,32.34175,72974.0
2025-02-13 22:00:00+00:00,32.326,33.3945,32.072,32.1475,105048.0
2025-02-16 22:00:00+00:00,32.205,32.4962,31.9155,32.3995,48102.0
2025-02-17 22:00:00+00:00,32.406,32.911,32.0795,32.8875,72730.0
2025-02-18 22:00:00+00:00,32.8897,33.077,32.446,32.703,76033.0
2025-02-19 22:00:00+00:00,32.7245,33.209,32.62315,32.9465,68549.0
2025-02-20 22:00:00+00:00,32.9735,33.0785,32.453,32.4625,78715.0
2025-02-23 22:00:00+00:00,32.662,32.7628,32.095,32.352,80885.0
2025-02-24 22:00:00+00:00,32.372,32.4849,31.291,31.7426,96740.0
2025-02-25 22:00:00+00:00,31.77905,31.9585,31.4927,31.85795,78035.0
2025-02-26 22:00:00+00:00,31.8845,31.9452,31.1787,31.2635,75708.0
2025-02-27 22:00:00+00:00,31.259,31.4008,30.81485,31.1505,75887.0
2025-03-02 22:00:00+00:00,31.2105,31.84155,31.1225,31.692,79971.0
2025-03-03 22:00:00+00:00,31.6675,32.016,31.467,31.987,79233.0
2025-03-04 22:00:00+00:00,31.984,32.713,31.7798,32.6564,88020.0
2025-03-05 22:00:00+00:00,32.70035,32.766,32.2656,32.644,80985.0
2025-03-06 22:00:00+00:00,32.6905,32.705,32.107,32.527,97401.0
2025-03-09 21:00:00+00:00,32.5195,32.6695,31.935,32.1085,95447.0
2025-03-10 21:00:00+00:00,32.123,32.9795,31.8092,32.9455,85203.0
2025-03-11 21:00:00+00:00,32.9835,33.325,32.705,33.2336,76237.0
2025-03-12 21:00:00+00:00,33.261,33.96115,32.9385,33.865,78178.0
2025-03-13 21:00:00+00:00,33.8455,34.0812,33.53,33.8045,71916.0
2025-03-16 21:00:00+00:00,33.8495,33.89725,33.434,33.864,54826.0
2025-03-17 21:00:00+00:00,33.8665,34.2405,33.747,34.0125,68799.0
2025-03-18 21:00:00+00:00,33.9885,34.096,33.4665,33.79,66580.0
2025-03-19 21:00:00+00:00,33.83085,33.9515,33.104,33.581,67500.0
2025-03-20 21:00:00+00:00,33.5425,33.581,32.6595,33.03,65773.0
2025-03-23 21:00:00+00:00,33.0415,33.3055,32.8945,33.0208,50864.0
2025-03-24 21:00:00+00:00,33.0195,33.8025,32.927,33.728,44317.0
2025-03-25 21:00:00+00:00,33.7355,33.9285,33.51,33.6406,43427.0
2025-03-26 21:00:00+00:00,33.6495,34.4745,33.5955,34.408,65717.0
2025-03-27 21:00:00+00:00,34.404,34.588,33.927,34.1305,84495.0
2025-03-30 21:00:00+00:00,34.129,34.47,33.507,34.08945,78182.0
2025-03-31 21:00:00+00:00,34.0765,34.217,33.4675,33.6946,78331.0
2025-04-01 21:00:00+00:00,33.6935,34.1545,33.6045,33.8868,79296.0
2025-04-02 21:00:00+00:00,33.8861,33.96535,31.7215,31.857,134095.0
2025-04-03 21:00:00+00:00,31.8525,31.995,29.193,29.5885,122325.0
2025-04-06 21:00:00+00:00,29.0485,30.8215,28.315,30.08045,177761.0
2025-04-07 21:00:00+00:00,30.0822,30.534,29.6255,29.814,114953.0
2025-04-08 21:00:00+00:00,29.7874,31.043,29.333,31.0226,146632.0
2025-04-09 21:00:00+00:00,30.9381,31.318,30.572,31.2246,129063.0
2025-04-10 21:00:00+00:00,31.22605,32.308,30.921,32.3055,123833.0
2025-04-13 21:00:00+00:00,32.1805,32.3915,31.7385,32.35235,86759.0
2025-04-14 21:00:00+00:00,32.374,32.4055,32.0935,32.32265,63039.0
2025-04-15 21:00:00+00:00,32.28475,33.11405,32.2728,32.76235,89573.0
2025-04-16 21:00:00+00:00,32.8105,32.939,32.0847,32.5159,86568.0
2025-04-20 21:00:00+00:00,32.4975,33.062,32.4285,32.681,72682.0
2025-04-21 21:00:00+00:00,32.681,33.151,32.284,32.502,106362.0
2025-04-22 21:00:00+00:00,32.407,33.6755,32.095,33.574,116724.0
2025-04-23 21:00:00+00:00,33.613,33.6895,33.173,33.57925,78610.0
2025-04-24 21:00:00+00:00,33.62975,33.6955,32.7785,33.1,83440.0
2025-04-27 21:00:00+00:00,33.0595,33.1965,32.6575,33.158,90558.0
2025-04-28 21:00:00+00:00,33.1615,33.538,32.80155,32.9406,74736.0
2025-04-29 21:00:00+00:00,32.90965,33.11245,32.1855,32.62,89150.0
2025-04-30 21:00:00+00:00,32.645,32.6765,31.6665,32.4155,75808.0
2025-05-01 21:00:00+00:00,32.441,32.7225,31.9375,32.014,70476.0
2025-05-04 21:00:00+00:00,32.0225,32.67785,31.9955,32.4895,60427.0
2025-05-05 21:00:00+00:00,32.491,33.2481,32.4395,33.21745,87200.0
2025-05-06 21:00:00+00:00,33.1615,33.1875,32.246,32.4578,91828.0
2025-05-07 21:00:00+00:00,32.4365,32.9445,32.221,32.46575,87761.0
2025-05-08 21:00:00+00:00,32.476,32.8735,32.226,32.729,71745.0
2025-05-11 21:00:00+00:00,32.5725,32.9935,31.887,32.6015,103702.0
2025-05-12 21:00:00+00:00,32.606,33.2365,32.5205,32.9055,72473.0
2025-05-13 21:00:00+00:00,32.9395,32.979,32.0855,32.234,87183.0
2025-05-14 21:00:00+00:00,32.241,32.654,31.6525,32.63595,75986.0
2025-05-15 21:00:00+00:00,32.6565,32.694,31.866,32.297,76913.0
2025-05-18 21:00:00+00:00,32.3095,32.626,32.235,32.3585,60021.0
2025-05-19 21:00:00+00:00,32.344,33.1375,32.128,33.0865,63249.0
2025-05-20 21:00:00+00:00,33.116,33.574,32.9285,33.3925,79927.0
2025-05-21 21:00:00+00:00,33.454,33.702,32.61,33.0575,79825.0
2025-05-22 21:00:00+00:00,33.0645,33.5425,32.896,33.4835,68656.0
2025-05-25 21:00:00+00:00,33.4405,33.569,33.24,33.493,39386.0
2025-05-26 21:00:00+00:00,33.4845,33.529,32.7645,33.264,68297.0
2025-05-27 21:00:00+00:00,33.2665,33.4385,32.9165,32.97445,52925.0
2025-05-28 21:00:00+00:00,32.97805,33.499,32.6945,33.323,67762.0
2025-05-29 21:00:00+00:00,33.3395,33.3405,32.768,32.9862,65829.0
2025-06-01 21:00:00+00:00,33.0445,34.7895,32.9595,34.7605,79660.0
2025-06-02 21:00:00+00:00,34.725,34.765,33.9625,34.523,75882.0
2025-06-03 21:00:00+00:00,34.5445,34.65,34.186,34.5005,62356.0
2025-06-04 21:00:00+00:00,34.5295,36.071,34.432,35.656,112470.0
2025-06-05 21:00:00+00:00,35.6555,36.338,35.6475,35.976,94179.0
2025-06-08 21:00:00+00:00,36.059,36.89,35.9145,36.7585,78162.0
2025-06-09 21:00:00+00:00,36.765,36.832,36.3075,36.534,89783.0
2025-06-10 21:00:00+00:00,36.525,36.644,36.0225,36.2505,104160.0
2025-06-11 21:00:00+00:00,36.23745,36.4535,35.4585,36.3557,104652.0
2025-06-12 21:00:00+00:00,36.346,36.641,35.976,36.309,110929.0
2025-06-15 21:00:00+00:00,36.358,36.5425,36.076,36.3155,81546.0
2025-06-16 21:00:00+00:00,36.323,37.2585,36.13635,37.1305,92140.0
2025-06-17 21:00:00+00:00,37.164,37.318,36.5275,36.753,83793.0
2025-06-18 21:00:00+00:00,36.76415,36.786,36.21,36.3975,56202.0
2025-06-19 21:00:00+00:00,36.4301,36.432,35.511,36.0075,73566.0
2025-06-22 21:00:00+00:00,35.934,36.3655,35.8855,36.109,75245.0
2025-06-23 21:00:00+00:00,36.08,36.2045,35.2825,35.922,85820.0
2025-06-24 21:00:00+00:00,35.941,36.3255,35.675,36.2645,54085.0
2025-06-25 21:00:00+00:00,36.2595,36.836,36.238,36.652,83191.0
2025-06-26 21:00:00+00:00,36.653,36.727,35.7905,35.988,101928.0
2025-06-29 21:00:00+00:00,36.0195,36.234,35.42,36.1144,71695.0
2025-06-30 21:00:00+00:00,36.114,36.621,35.8045,36.034,78504.0
2025-07-01 21:00:00+00:00,36.0435,36.5845,35.874,36.55525,67569.0
2025-07-02 21:00:00+00:00,36.5685,37.0755,36.3435,36.8455,75266.0
2025-07-03 21:00:00+00:00,36.8535,36.9595,36.626,36.93415,40594.0
2025-07-06 21:00:00+00:00,37.148,37.229,36.15695,36.7735,83566.0
2025-07-07 21:00:00+00:00,36.811,36.879,36.2905,36.7593,77032.0
2025-07-08 21:00:00+00:00,36.7535,36.7535,36.2745,36.379,65394.0
2025-07-09 21:00:00+00:00,36.4035,37.125,36.3525,37.02275,90357.0
2025-07-10 21:00:00+00:00,37.0597,38.5355,36.91445,38.4039,155199.0
2025-07-13 21:00:00+00:00,38.4375,39.1328,38.0815,38.1351,134825.0
2025-07-14 21:00:00+00:00,38.1505,38.3856,37.588,37.7098,93769.0
2025-07-15 21:00:00+00:00,37.7295,38.09215,37.50145,37.9071,101348.0
2025-07-16 21:00:00+00:00,37.9335,38.167,37.53615,38.1412,71116.0
2025-07-17 21:00:00+00:00,38.155,38.4385,38.0565,38.165,72349.0
2025-07-20 21:00:00+00:00,38.128,39.0546,38.0995,38.92955,92196.0
2025-07-21 21:00:00+00:00,38.948,39.316,38.72,39.29405,89585.0
2025-07-22 21:00:00+00:00,39.3243,39.52775,39.04935,39.27425,121933.0
2025-07-23 21:00:00+00:00,39.288,39.36075,38.695,39.0625,99975.0
2025-07-24 21:00:00+00:00,39.08585,39.1979,37.951,38.1635,101530.0
2025-07-27 21:00:00+00:00,38.138,38.34125,37.906,38.165,78305.0
2025-07-28 21:00:00+00:00,38.188,38.297,37.91015,38.2105,72413.0
2025-07-29 21:00:00+00:00,38.22245,38.2525,36.7875,37.13315,111496.0
2025-07-30 21:00:00+00:00,37.14615,37.2735,36.2127,36.7148,111025.0
2025-07-31 21:00:00+00:00,36.72715,37.1835,36.3618,37.023,117795.0
2025-08-03 21:00:00+00:00,37.0345,37.4805,36.67595,37.411,73781.0
2025-08-04 21:00:00+00:00,37.409,37.88275,37.309,37.81605,68800.0
2025-08-05 21:00:00+00:00,37.8045,37.9512,37.6155,37.828,67657.0
2025-08-06 21:00:00+00:00,37.904,38.51045,37.825,38.27675,120549.0
2025-08-07 21:00:00+00:00,38.30335,38.479,37.993,38.326,146892.0
2025-08-10 21:00:00+00:00,38.3432,38.357,37.5555,37.61185,98866.0
2025-08-11 21:00:00+00:00,37.6075,38.02495,37.5095,37.9114,85027.0
2025-08-12 21:00:00+00:00,37.926,38.6449,37.84725,38.503,62253.0
2025-08-13 21:00:00+00:00,38.53795,38.738,37.841,38.02035,97604.0
2025-08-14 21:00:00+00:00,38.0111,38.11,37.6868,38.0083,68154.0
2025-08-17 21:00:00+00:00,38.0083,38.2695,37.8149,38.0179,72520.0
2025-08-18 21:00:00+00:00,38.04365,38.1553,37.27915,37.3878,75438.0
2025-08-19 21:00:00+00:00,37.42445,37.9409,36.96285,37.90195,81087.0
2025-08-20 21:00:00+00:00,37.9188,38.20825,37.5389,38.15295,81575.0
2025-08-21 21:00:00+00:00,38.1465,39.0645,37.7016,38.8655,100633.0
2025-08-24 21:00:00+00:00,38.887,38.9975,38.543,38.5685,69208.0
2025-08-25 21:00:00+00:00,38.57975,38.8583,38.34215,38.61175,90400.0
2025-08-26 21:00:00+00:00,38.6648,38.7031,38.08675,38.60445,84666.0
2025-08-27 21:00:00+00:00,38.61105,39.1264,38.5816,39.04955,85738.0
2025-08-28 21:00:00+00:00,39.01075,39.9712,38.72925,39.6915,108389.0
2025-08-31 21:00:00+00:00,39.7275,40.7576,39.5475,40.7224,157283.0
2025-09-01 21:00:00+00:00,40.685,40.9323,40.1435,40.904,198197.0
2025-09-02 21:00:00+00:00,40.817,41.473,40.6323,41.2235,194299.0
2025-09-03 21:00:00+00:00,41.1663,41.22805,40.4074,40.673,196495.0
2025-09-04 21:00:00+00:00,40.642,41.416,40.5619,40.99055,185674.0
2025-09-07 21:00:00+00:00,40.9435,41.67275,40.5364,41.3533,170362.0
2025-09-08 21:00:00+00:00,41.3365,41.4844,40.7875,40.8755,183505.0
2025-09-09 21:00:00+00:00,40.7985,41.28945,40.7255,41.1656,132630.0
2025-09-10 21:00:00+00:00,41.18755,41.76595,40.8985,41.5662,142339.0
2025-09-11 21:00:00+00:00,41.5465,42.46475,41.4035,42.1935,134752.0
2025-09-14 21:00:00+00:00,42.18535,42.747,42.0083,42.6845,112465.0
2025-09-15 21:00:00+00:00,42.6541,42.972,42.2616,42.5525,133904.0
2025-09-16 21:00:00+00:00,42.584,42.63465,41.141,41.67485,182208.0
2025-09-17 21:00:00+00:00,41.65645,41.97845,41.20065,41.82225,148576.0
2025-09-18 21:00:00+00:00,41.7997,43.104,41.6527,43.091,128365.0
2025-09-21 21:00:00+00:00,43.1394,44.11555,43.0305,44.0627,143761.0
2025-09-22 21:00:00+00:00,44.04285,44.4675,43.64555,44.0427,164414.0
2025-09-23 21:00:00+00:00,44.0805,44.3225,43.6699,43.907,148563.0
2025-09-24 21:00:00+00:00,43.9139,45.2289,43.77555,45.18925,174275.0
2025-09-25 21:00:00+00:00,45.15425,46.63225,44.606,46.053,189212.0
2025-09-28 21:00:00+00:00,46.2023,47.1815,45.9481,46.9295,229112.0
2025-09-29 21:00:00+00:00,46.928,47.17365,45.81585,46.6419,203938.0
2025-09-30 21:00:00+00:00,46.6693,47.828,46.62815,47.3186,204051.0
2025-10-01 21:00:00+00:00,47.29695,48.0595,45.911,46.983,195838.0
2025-10-02 21:00:00+00:00,46.9437,48.37545,46.6468,47.99,187913.0
2025-10-05 21:00:00+00:00,48.0955,48.7715,47.955,48.51315,190685.0
2025-10-06 21:00:00+00:00,48.5006,48.6543,47.33105,47.82675,212412.0
2025-10-07 21:00:00+00:00,47.8255,49.5541,47.74455,48.87705,228563.0
2025-10-08 21:00:00+00:00,48.707,51.2425,48.48885,49.3923,228450.0
2025-10-09 21:00:00+00:00,49.3923,51.13325,48.98915,50.2803,318665.0
2025-10-12 21:00:00+00:00,50.329,52.405,50.1365,52.3205,170289.0
2025-10-13 21:00:00+00:00,52.3205,53.6235,50.4751,51.4746,240062.0
2025-10-14 21:00:00+00:00,51.5012,53.272,51.40475,53.0429,276477.0
2025-10-15 21:00:00+00:00,53.05485,54.24215,52.484,54.24215,325429.0
2025-10-16 21:00:00+00:00,54.1369,54.48525,50.6193,51.9143,497852.0
2025-10-19 21:00:00+00:00,51.81,52.78175,51.2772,52.37835,379616.0
2025-10-20 21:00:00+00:00,52.5305,52.6324,47.8525,48.6969,455588.0
2025-10-21 21:00:00+00:00,48.5493,49.31145,47.5346,48.4978,444495.0
2025-10-22 21:00:00+00:00,48.51625,49.4587,47.9239,48.91795,308290.0
2025-10-23 21:00:00+00:00,48.9079,49.0199,47.836,48.66625,286095.0
2025-10-26 21:00:00+00:00,48.5279,48.70305,46.09445,46.9009,255365.0
2025-10-27 21:00:00+00:00,47.01505,47.2652,45.5505,47.0734,287767.0
2025-10-28 21:00:00+00:00,47.0544,48.46365,46.78765,47.5626,278753.0
2025-10-29 21:00:00+00:00,47.5869,48.98945,47.2647,48.91565,255625.0
2025-10-30 21:00:00+00:00,48.8202,49.3763,48.37335,48.7037,217497.0
2025-11-02 22:00:00+00:00,48.6318,49.1073,48.02125,48.08185,224091.0
2025-11-03 22:00:00+00:00,48.07925,48.22715,46.88,47.16605,250969.0
2025-11-04 22:00:00+00:00,47.1737,48.2794,46.88515,48.0248,218528.0
2025-11-05 22:00:00+00:00,47.9032,48.79705,47.65855,48.0377,177918.0
2025-11-06 22:00:00+00:00,48.02175,48.8795,47.9905,48.321,205670.0
2025-11-09 22:00:00+00:00,48.487,50.6084,48.39325,50.50415,233454.0
2025-11-10 22:00:00+00:00,50.56095,51.25325,50.28745,51.22355,223903.0
2025-11-11 22:00:00+00:00,51.22355,53.66915,50.86425,53.26485,251194.0
2025-11-12 22:00:00+00:00,53.30275,54.39355,52.0649,52.2875,337904.0
2025-11-13 22:00:00+00:00,52.2933,53.5618,50.0626,50.5845,357058.0
2025-11-16 22:00:00+00:00,50.36655,51.31215,49.57365,50.2149,279817.0
2025-11-17 22:00:00+00:00,50.23125,51.1828,49.35965,50.70165,244074.0
2025-11-18 22:00:00+00:00,50.69425,52.46815,50.38,51.36165,300429.0
2025-11-19 22:00:00+00:00,51.51885,51.8753,50.2289,50.67215,346737.0
2025-11-20 22:00:00+00:00,50.67875,50.8654,48.63665,50.023,345240.0
2025-11-23 22:00:00+00:00,50.226,51.41345,49.72255,51.3432,215809.0
2025-11-24 22:00:00+00:00,51.38875,51.76325,50.6981,51.48245,243639.0
2025-11-25 22:00:00+00:00,51.48145,53.39385,51.3031,53.341,235732.0
2025-11-26 22:00:00+00:00,53.3329,53.921,52.69495,53.3885,145050.0
2025-11-27 22:00:00+00:00,53.4086,56.54215,53.3455,56.3935,87350.0
2025-11-30 22:00:00+00:00,56.78905,58.85495,56.18715,58.0071,297236.0
2025-12-01 22:00:00+00:00,57.9227,58.6494,56.58605,58.4533,240988.0
2025-12-02 22:00:00+00:00,58.20255,58.98355,57.55055,58.5031,242272.0
2025-12-03 22:00:00+00:00,58.5031,58.75575,56.45895,57.1448,213652.0
2025-12-04 22:00:00+00:00,57.1445,59.3387,56.8782,58.36,210620.0
2025-12-07 22:00:00+00:00,58.45595,58.62475,57.5185,58.1628,204147.0
2025-12-08 22:00:00+00:00,58.17435,60.83125,57.59695,60.66615,241888.0
2025-12-09 22:00:00+00:00,60.56805,61.9534,60.09675,61.8126,266008.0
2025-12-10 22:00:00+00:00,61.8099,64.3198,61.4531,63.5699,269583.0
2025-12-11 22:00:00+00:00,63.611,64.66565,60.79955,61.915,315392.0
2025-12-14 22:00:00+00:00,62.012,64.17445,61.751,64.09705,272094.0
2025-12-15 22:00:00+00:00,64.129,64.1607,62.1588,63.75335,312289.0
2025-12-16 22:00:00+00:00,63.7376,66.8973,63.6786,66.2133,342646.0
2025-12-17 22:00:00+00:00,66.18855,66.63005,64.63295,65.49615,327739.0
2025-12-18 22:00:00+00:00,65.5605,67.4642,64.4969,67.1675,282309.0
2025-12-21 22:00:00+00:00,67.3934,69.4577,67.33345,69.06005,258669.0
2025-12-22 22:00:00+00:00,69.11815,71.57885,68.84475,71.4764,275845.0
2025-12-23 22:00:00+00:00,71.45765,72.70235,70.1998,71.848,280139.0
2025-12-25 22:00:00+00:00,71.848,79.43465,71.848,79.31065,437553.0
2025-12-28 22:00:00+00:00,81.71735,84.03015,70.52265,72.1377,519256.0
2025-12-29 22:00:00+00:00,72.44745,78.07375,71.1694,76.24755,415379.0
2025-12-30 22:00:00+00:00,76.068,76.14935,70.07495,71.6445,445001.0
2026-01-01 22:00:00+00:00,71.83665,74.566,71.429,72.8214,346703.0
2026-01-04 22:00:00+00:00,73.34455,77.895,72.938,76.5925,405050.0
2026-01-05 22:00:00+00:00,76.63225,81.4464,75.8946,81.2469,371523.0
2026-01-06 22:00:00+00:00,81.4106,82.77065,76.378,78.1795,432973.0
2026-01-07 22:00:00+00:00,78.4003,79.03975,73.84245,76.99065,444536.0
2026-01-08 22:00:00+00:00,76.9449,80.52285,75.504,79.934,360976.0
2026-01-11 22:00:00+00:00,80.396,86.2665,80.3085,85.16735,460001.0
2026-01-12 22:00:00+00:00,85.09785,89.13305,83.42705,86.9333,452547.0
2026-01-13 22:00:00+00:00,87.10135,93.5141,87.08945,93.2832,477861.0
2026-01-14 22:00:00+00:00,93.0255,93.0681,86.4272,92.3929,555421.0
2026-01-15 22:00:00+00:00,92.71875,92.7752,86.8586,90.11995,476348.0
2026-01-18 22:00:00+00:00,91.89025,94.6794,91.7092,94.3586,270302.0
2026-01-19 22:00:00+00:00,94.09435,95.88235,92.60645,94.57325,460335.0
2026-01-20 22:00:00+00:00,94.65315,95.57025,90.33545,93.0923,495459.0
2026-01-21 22:00:00+00:00,92.4893,96.6025,90.8056,96.1884,404737.0
2026-01-22 22:00:00+00:00,96.45455,103.4515,96.33715,103.383,402000.0
2026-01-25 22:00:00+00:00,104.7323,117.75445,102.5166,103.72835,710170.0
2026-01-26 22:00:00+00:00,104.75895,113.495,104.3551,111.9133,709396.0
2026-01-27 22:00:00+00:00,111.39545,117.4583,110.5297,116.85045,637753.0
2026-01-28 22:00:00+00:00,116.6683,121.67175,106.77565,115.57505,803740.0
2026-01-29 22:00:00+00:00,117.115,118.499,73.30815,85.1885,902078.0
2026-02-01 22:00:00+00:00,81.8283,87.96135,71.3157,79.3069,816790.0
2026-02-02 22:00:00+00:00,80.6427,89.1767,79.9675,85.32655,819119.0
2026-02-03 22:00:00+00:00,85.3314,92.20495,83.2521,88.19325,630075.0
2026-02-04 22:00:00+00:00,88.6746,90.41565,70.6916,70.93555,715986.0
2026-02-05 22:00:00+00:00,71.10345,78.163,64.06255,77.947,550521.0
2026-02-08 22:00:00+00:00,79.54245,84.03345,78.5139,83.31355,460212.0
2026-02-09 22:00:00+00:00,83.5343,83.77915,79.97175,80.78275,414742.0
2026-02-10 22:00:00+00:00,81.0671,86.3218,80.96945,84.31515,457446.0
2026-02-11 22:00:00+00:00,84.6706,84.6706,74.44065,75.32565,449893.0
2026-02-12 22:00:00+00:00,74.2906,79.3592,73.9829,77.4556,398017.0
2026-02-15 22:00:00+00:00,75.3811,77.4848,74.72695,76.6507,149363.0
2026-02-16 22:00:00+00:00,76.509,76.9156,71.97735,73.5353,484328.0
2026-02-17 22:00:00+00:00,73.32295,78.3455,72.3276,77.1852,337084.0
2026-02-18 22:00:00+00:00,77.67435,79.4956,76.488,78.51765,286382.0
2026-02-19 22:00:00+00:00,78.62415,84.751,77.4715,84.632,353481.0
2026-02-22 22:00:00+00:00,85.4292,89.04725,85.17865,88.1869,342278.0
2026-02-23 22:00:00+00:00,88.5569,88.93175,84.9389,87.1789,456666.0
2026-02-24 22:00:00+00:00,86.83995,91.2915,86.56205,89.19305,378109.0
2026-02-25 22:00:00+00:00,89.1835,90.3662,85.2474,88.29855,480419.0
2026-02-26 22:00:00+00:00,88.1394,94.15755,87.8417,93.797,455002.0
2026-03-01 22:00:00+00:00,95.6973,96.42555,86.5062,89.3494,657512.0
2026-03-02 22:00:00+00:00,90.03645,91.3525,77.96105,82.0368,686607.0
2026-03-03 22:00:00+00:00,82.2395,86.83925,81.83935,83.5411,533322.0
2026-03-04 22:00:00+00:00,83.81975,85.5525,80.49995,82.246,582231.0
2026-03-05 22:00:00+00:00,82.3845,84.982,81.6875,84.449,543857.0
2026-03-08 21:00:00+00:00,84.1618,87.0401,79.65065,86.96595,605007.0
2026-03-09 21:00:00+00:00,86.9385,90.0207,86.6046,88.34195,463991.0
2026-03-10 21:00:00+00:00,88.388,89.447,84.449,85.75725,422480.0
2026-03-11 21:00:00+00:00,85.746,87.4595,83.0376,83.86275,421251.0
2026-03-12 21:00:00+00:00,83.6078,85.46205,79.4389,80.6165,489841.0
2026-03-15 21:00:00+00:00,79.98885,81.64375,77.0829,80.7559,499911.0
2026-03-16 21:00:00+00:00,81.0205,82.55425,78.2652,79.29265,344764.0
2026-03-17 21:00:00+00:00,79.107,80.2004,75.02475,75.3921,450976.0
2026-03-18 21:00:00+00:00,75.41155,76.70095,65.48915,72.8072,693110.0
2026-03-19 21:00:00+00:00,73.2665,74.5626,67.693,67.915,657341.0
2026-03-22 21:00:00+00:00,67.2559,70.78345,61.0065,69.1204,907181.0
2026-03-23 21:00:00+00:00,68.89535,71.27335,66.0059,71.23365,739498.0
2026-03-24 21:00:00+00:00,71.49175,74.572,70.91215,71.24835,588338.0
2026-03-25 21:00:00+00:00,71.44625,72.21785,66.7216,67.97675,603496.0
2026-03-26 21:00:00+00:00,68.5178,71.643,67.40345,69.7235,526974.0
2026-03-29 21:00:00+00:00,69.41165,71.7639,67.683,70.12465,555964.0
2026-03-30 21:00:00+00:00,70.316,75.3775,69.02865,75.137,546143.0
2026-03-31 21:00:00+00:00,75.3669,76.1375,73.7715,75.1095,523762.0
2026-04-01 21:00:00+00:00,74.934,76.4196,69.5645,72.997,599603.0
2026-04-05 21:00:00+00:00,72.08355,73.5765,71.1783,72.799,424399.0
2026-04-06 21:00:00+00:00,73.13405,73.3665,69.812,72.94845,505525.0
2026-04-07 21:00:00+00:00,73.75755,77.6525,73.3814,74.071,521385.0
2026-04-08 21:00:00+00:00,74.16015,76.6335,72.882,75.28815,398602.0
2026-04-09 21:00:00+00:00,75.55365,76.8375,74.82455,75.9315,375095.0
2026-04-12 21:00:00+00:00,73.5866,75.8732,72.5945,75.56885,438343.0
2026-04-13 21:00:00+00:00,75.5705,79.681,75.386,79.57135,365284.0
2026-04-14 21:00:00+00:00,79.5836,81.02395,78.24015,78.96445,426357.0
2026-04-15 21:00:00+00:00,79.24575,80.865,78.05175,78.432,386028.0
2026-04-16 21:00:00+00:00,78.72475,83.0555,77.778,80.7995,419411.0
2026-04-19 21:00:00+00:00,79.3994,80.681,78.63555,79.718,410460.0
2026-04-20 21:00:00+00:00,79.8717,80.2125,75.40185,76.7094,400243.0
2026-04-21 21:00:00+00:00,76.94875,78.6815,76.7001,77.7285,335184.0
2026-04-22 21:00:00+00:00,77.69455,78.3835,74.2425,75.4459,500852.0
2026-04-23 21:00:00+00:00,75.5916,76.67855,73.95895,75.6945,452306.0
2026-04-26 21:00:00+00:00,75.51685,76.5857,74.6586,75.5025,317880.0
2026-04-27 21:00:00+00:00,75.5156,76.16,72.04375,73.1085,400733.0
2026-04-28 21:00:00+00:00,73.16645,73.959,70.8656,71.3174,383882.0
2026-04-29 21:00:00+00:00,71.22915,73.922,71.2247,73.748,380421.0
2026-04-30 21:00:00+00:00,74.208,76.9801,72.983,75.357,313788.0
2026-05-03 21:00:00+00:00,75.7917,75.997,72.2045,72.7246,423862.0
2026-05-04 21:00:00+00:00,72.7762,74.1955,72.4085,72.817,164332.0
2026-05-05 21:00:00+00:00,72.8025,77.8195,72.6507,77.3524,368835.0
2026-05-06 21:00:00+00:00,77.3195,82.13195,77.0003,78.52815,426012.0
2026-05-07 21:00:00+00:00,78.6646,81.57425,78.3239,80.3405,384336.0
2026-05-10 21:00:00+00:00,79.3798,86.2345,79.06435,86.1083,400046.0
2026-05-11 21:00:00+00:00,86.2344,87.21615,83.0558,86.54705,488525.0
2026-05-12 21:00:00+00:00,86.87005,89.3797,85.61505,87.49235,404459.0
2026-05-13 21:00:00+00:00,87.74745,88.45375,83.1123,83.52185,330089.0
2026-05-14 21:00:00+00:00,83.52525,83.8804,75.73645,75.998,520293.0
2026-05-17 21:00:00+00:00,75.97245,78.20045,73.8634,77.66785,493949.0
2026-05-18 21:00:00+00:00,77.686,78.89495,73.0919,73.70685,374206.0
2026-05-19 21:00:00+00:00,73.93255,76.61725,73.129,75.8515,303061.0
2026-05-20 21:00:00+00:00,75.724,77.123,74.41585,76.67015,422013.0
2026-05-21 21:00:00+00:00,76.7924,77.0425,74.9768,75.51775,351163.0
2026-05-24 21:00:00+00:00,77.1045,78.826,76.7555,78.086,287519.0
2026-05-25 21:00:00+00:00,78.1413,78.3952,75.4935,76.9625,286193.0
2026-05-26 21:00:00+00:00,77.1334,77.5415,73.43715,74.6435,278076.0
2026-05-27 21:00:00+00:00,74.6687,76.0335,71.792,75.6535,318149.0
2026-05-28 21:00:00+00:00,75.761,76.677,74.5954,75.286,323482.0
2026-05-31 21:00:00+00:00,74.4596,76.296,73.849,74.8535,345307.0
