datetime,open,high,low,close,volume
2006-04-24 21:00:00+00:00,358.5,364.5,350.5,364.5,354.0
2006-04-25 21:00:00+00:00,365.5,369.0,361.5,369.0,307.0
2006-04-26 21:00:00+00:00,366.5,366.5,347.5,360.5,448.0
2006-04-27 21:00:00+00:00,360.5,376.5,356.5,375.5,379.0
2006-04-28 21:00:00+00:00,375.5,375.5,366.5,366.5,11.0
2006-04-29 21:00:00+00:00,366.5,366.5,366.5,366.5,2.0
2006-04-30 21:00:00+00:00,366.5,382.0,366.5,382.0,169.0
2006-05-01 21:00:00+00:00,382.0,382.5,366.5,380.5,313.0
2006-05-02 21:00:00+00:00,383.5,389.5,372.5,377.5,304.0
2006-05-03 21:00:00+00:00,377.5,382.5,371.5,378.5,328.0
2006-05-04 21:00:00+00:00,377.5,382.5,372.5,372.5,290.0
2006-05-05 21:00:00+00:00,373.5,374.5,373.5,373.5,9.0
2006-05-06 21:00:00+00:00,373.0,373.0,373.0,373.0,1.0
2006-05-07 21:00:00+00:00,373.5,380.5,369.5,373.5,289.0
2006-05-08 21:00:00+00:00,373.5,392.5,371.5,390.5,338.0
2006-05-09 21:00:00+00:00,391.5,396.5,386.0,389.5,359.0
2006-05-10 21:00:00+00:00,386.5,398.5,386.5,398.5,333.0
2006-05-11 21:00:00+00:00,396.5,409.0,387.5,387.5,362.0
2006-05-12 21:00:00+00:00,389.5,399.5,389.5,399.5,8.0
2006-05-13 21:00:00+00:00,399.5,399.5,399.5,399.5,1.0
2006-05-14 21:00:00+00:00,399.5,399.5,356.5,365.5,414.0
2006-05-15 21:00:00+00:00,368.5,379.0,353.5,371.5,435.0
2006-05-16 21:00:00+00:00,373.5,388.5,363.5,367.5,430.0
2006-05-17 21:00:00+00:00,368.5,379.5,358.5,369.5,431.0
2006-05-18 21:00:00+00:00,369.5,370.5,332.5,343.5,419.0
2006-05-19 21:00:00+00:00,343.5,349.0,340.5,340.5,28.0
2006-05-20 21:00:00+00:00,348.0,348.0,348.0,348.0,1.0
2006-05-21 21:00:00+00:00,348.5,349.0,335.5,340.0,279.0
2006-05-22 21:00:00+00:00,340.5,359.5,338.5,359.5,308.0
2006-05-23 21:00:00+00:00,360.5,362.5,343.5,344.5,226.0
2006-05-24 21:00:00+00:00,346.5,350.5,342.5,349.5,119.0
2006-05-25 21:00:00+00:00,350.5,355.0,346.5,350.5,207.0
2006-05-26 21:00:00+00:00,355.0,355.0,355.0,355.0,4.0
2006-05-27 21:00:00+00:00,355.0,355.0,350.0,350.0,6.0
2006-05-28 21:00:00+00:00,350.0,355.0,347.0,348.5,45.0
2006-05-29 21:00:00+00:00,347.5,357.5,345.5,354.5,180.0
2006-05-30 21:00:00+00:00,355.5,357.5,342.5,342.5,270.0
2006-05-31 21:00:00+00:00,344.5,350.5,332.0,337.5,347.0
2006-06-01 21:00:00+00:00,338.0,348.5,329.5,348.5,381.0
2006-06-02 21:00:00+00:00,348.5,353.0,345.5,345.5,18.0
2006-06-03 21:00:00+00:00,345.5,345.5,345.5,345.5,1.0
2006-06-04 21:00:00+00:00,352.0,361.5,345.5,359.5,43.0
2006-06-05 21:00:00+00:00,358.5,358.5,344.0,345.0,247.0
2006-06-06 21:00:00+00:00,343.0,346.5,323.0,338.0,300.0
2006-06-07 21:00:00+00:00,338.0,338.0,315.5,316.0,355.0
2006-06-08 21:00:00+00:00,321.5,328.0,310.0,323.0,189.0
2006-06-09 21:00:00+00:00,322.0,326.5,322.0,326.5,7.0
2006-06-10 21:00:00+00:00,326.5,326.5,326.5,326.5,1.0
2006-06-11 21:00:00+00:00,322.0,326.5,308.0,311.0,256.0
2006-06-12 21:00:00+00:00,317.0,317.0,275.0,276.0,457.0
2006-06-13 21:00:00+00:00,276.0,297.505,265.5,291.5,399.0
2006-06-14 21:00:00+00:00,291.5,301.5,282.5,301.5,303.0
2006-06-15 21:00:00+00:00,301.5,307.5,297.5,305.0,270.0
2006-06-16 21:00:00+00:00,304.0,305.0,304.0,305.0,16.0
2006-06-18 21:00:00+00:00,305.0,305.0,289.0,292.0,286.0
2006-06-19 21:00:00+00:00,292.5,300.5,289.0,299.0,521.0
2006-06-20 21:00:00+00:00,300.0,312.0,298.0,312.0,185.0
2006-06-21 21:00:00+00:00,307.5,319.5,307.5,308.0,201.0
2006-06-22 21:00:00+00:00,315.5,315.5,299.5,306.0,189.0
2006-06-23 21:00:00+00:00,306.0,306.0,303.5,303.5,2.0
2006-06-24 21:00:00+00:00,303.5,306.5,303.5,306.5,2.0
2006-06-25 21:00:00+00:00,305.5,317.5,303.5,317.0,131.0
2006-06-26 21:00:00+00:00,315.0,318.5,311.0,311.0,114.0
2006-06-27 21:00:00+00:00,309.0,315.5,306.5,309.0,165.0
2006-06-28 21:00:00+00:00,308.0,312.5,305.0,312.5,129.0
2006-06-29 21:00:00+00:00,310.5,319.0,308.0,317.0,169.0
2006-06-30 21:00:00+00:00,317.0,317.0,317.0,317.0,1.0
2006-07-01 21:00:00+00:00,317.0,317.0,317.0,317.0,1.0
2006-07-02 21:00:00+00:00,315.0,328.0,315.0,326.0,184.0
2006-07-03 21:00:00+00:00,323.5,326.5,323.0,324.5,68.0
2006-07-04 21:00:00+00:00,324.5,327.5,320.0,322.0,240.0
2006-07-05 21:00:00+00:00,322.0,327.0,315.0,327.0,151.0
2006-07-06 21:00:00+00:00,327.0,328.0,320.0,323.5,191.0
2006-07-07 21:00:00+00:00,321.0,323.5,321.0,323.5,11.0
2006-07-08 21:00:00+00:00,321.0,321.0,321.0,321.0,1.0
2006-07-09 21:00:00+00:00,320.0,323.0,315.0,318.0,133.0
2006-07-10 21:00:00+00:00,320.0,327.0,317.0,324.0,175.0
2006-07-11 21:00:00+00:00,325.0,329.5,325.0,326.0,151.0
2006-07-12 21:00:00+00:00,327.0,330.0,325.5,328.0,88.0
2006-07-13 21:00:00+00:00,329.0,332.0,324.0,325.0,203.0
2006-07-14 21:00:00+00:00,326.0,327.0,326.0,327.0,5.0
2006-07-16 21:00:00+00:00,326.0,333.0,317.0,318.0,202.0
2006-07-17 21:00:00+00:00,319.0,320.5,311.0,312.0,125.0
2006-07-18 21:00:00+00:00,312.0,314.5,303.0,313.0,190.0
2006-07-19 21:00:00+00:00,310.5,317.0,306.0,307.0,104.0
2006-07-20 21:00:00+00:00,311.5,311.5,303.5,306.0,157.0
2006-07-21 21:00:00+00:00,306.0,308.0,303.5,303.5,15.0
2006-07-22 21:00:00+00:00,303.5,308.5,303.5,308.5,2.0
2006-07-23 21:00:00+00:00,307.5,310.0,300.0,308.0,260.0
2006-07-24 21:00:00+00:00,310.0,314.5,307.0,310.5,452.0
2006-07-25 21:00:00+00:00,310.5,315.5,310.5,314.0,145.0
2006-07-26 21:00:00+00:00,315.0,317.5,315.0,316.5,138.0
2006-07-27 21:00:00+00:00,315.0,316.5,309.0,310.0,102.0
2006-07-30 21:00:00+00:00,313.5,314.5,310.5,312.5,137.0
2006-07-31 21:00:00+00:00,313.0,317.5,312.0,317.0,159.0
2006-08-01 21:00:00+00:00,316.5,327.5,316.5,327.5,168.0
2006-08-02 21:00:00+00:00,327.5,327.5,321.5,324.5,241.0
2006-08-03 21:00:00+00:00,324.5,326.5,321.5,326.5,182.0
2006-08-06 21:00:00+00:00,325.5,326.0,320.5,325.0,103.0
2006-08-07 21:00:00+00:00,325.5,325.5,317.5,318.5,226.0
2006-08-08 21:00:00+00:00,321.0,324.5,318.5,324.0,104.0
2006-08-09 21:00:00+00:00,323.5,325.5,319.0,319.0,76.0
2006-08-10 21:00:00+00:00,319.5,322.5,318.0,318.0,134.0
2006-08-13 21:00:00+00:00,317.5,318.5,310.5,315.0,145.0
2006-08-14 21:00:00+00:00,314.0,321.5,314.0,321.0,99.0
2006-08-15 21:00:00+00:00,321.0,335.5,320.5,333.0,252.0
2006-08-16 21:00:00+00:00,333.0,341.5,331.0,335.0,380.0
2006-08-17 21:00:00+00:00,335.0,338.5,329.0,332.5,250.0
2006-08-18 21:00:00+00:00,332.0,335.0,332.0,332.5,14.0
2006-08-20 21:00:00+00:00,333.0,345.0,332.5,344.0,252.0
2006-08-21 21:00:00+00:00,346.0,346.0,336.0,340.0,185.0
2006-08-22 21:00:00+00:00,340.0,346.0,337.5,343.5,163.0
2006-08-23 21:00:00+00:00,343.0,347.0,340.5,342.0,106.0
2006-08-24 21:00:00+00:00,341.0,349.0,341.0,345.5,118.0
2006-08-25 21:00:00+00:00,345.5,345.5,345.5,345.5,5.0
2006-08-27 21:00:00+00:00,345.5,346.0,341.0,342.5,66.0
2006-08-28 21:00:00+00:00,340.0,342.5,333.0,335.0,202.0
2006-08-29 21:00:00+00:00,335.0,341.5,335.0,338.5,216.0
2006-08-30 21:00:00+00:00,339.0,344.5,338.5,342.0,112.0
2006-08-31 21:00:00+00:00,343.0,346.5,342.0,344.0,61.0
2006-09-02 21:00:00+00:00,344.0,344.0,344.0,344.0,1.0
2006-09-03 21:00:00+00:00,344.0,349.0,343.0,345.5,73.0
2006-09-04 21:00:00+00:00,344.5,352.0,344.5,350.5,123.0
2006-09-05 21:00:00+00:00,352.0,357.5,346.0,357.5,226.0
2006-09-06 21:00:00+00:00,354.0,357.5,343.0,344.0,270.0
2006-09-07 21:00:00+00:00,345.0,347.0,318.0,330.0,302.0
2006-09-08 21:00:00+00:00,330.0,330.5,330.0,330.5,4.0
2006-09-09 21:00:00+00:00,330.5,330.5,330.5,330.5,1.0
2006-09-10 21:00:00+00:00,330.5,330.5,312.5,315.0,219.0
2006-09-11 21:00:00+00:00,314.0,322.0,310.0,311.0,225.0
2006-09-12 21:00:00+00:00,311.0,319.5,302.5,316.0,323.0
2006-09-13 21:00:00+00:00,315.5,333.5,315.0,324.0,290.0
2006-09-14 21:00:00+00:00,323.0,326.5,295.0,312.0,301.0
2006-09-15 21:00:00+00:00,310.5,310.5,310.5,310.5,3.0
2006-09-16 21:00:00+00:00,310.5,313.5,310.5,312.0,7.0
2006-09-17 21:00:00+00:00,312.0,313.0,304.5,313.0,113.0
2006-09-18 21:00:00+00:00,304.5,317.0,304.5,309.0,249.0
2006-09-19 21:00:00+00:00,309.5,309.5,300.5,307.0,283.0
2006-09-20 21:00:00+00:00,306.0,312.0,304.0,310.0,166.0
2006-09-21 21:00:00+00:00,309.0,324.0,309.0,319.0,217.0
2006-09-22 21:00:00+00:00,319.0,319.0,316.0,316.0,9.0
2006-09-23 21:00:00+00:00,316.0,316.0,316.0,316.0,3.0
2006-09-24 21:00:00+00:00,319.0,319.0,313.5,314.0,216.0
2006-09-25 21:00:00+00:00,315.0,320.5,313.5,315.0,174.0
2006-09-26 21:00:00+00:00,315.0,322.5,315.0,318.0,121.0
2006-09-27 21:00:00+00:00,320.0,323.5,318.0,320.5,188.0
2006-09-28 21:00:00+00:00,321.5,321.5,310.0,312.0,290.0
2006-09-29 21:00:00+00:00,313.0,314.0,313.0,314.0,6.0
2006-09-30 21:00:00+00:00,314.0,314.0,312.5,312.5,2.0
2006-10-01 21:00:00+00:00,313.0,320.0,311.0,311.0,114.0
2006-10-02 21:00:00+00:00,315.0,315.0,299.0,305.0,125.0
2006-10-03 21:00:00+00:00,304.0,304.0,292.5,294.0,283.0
2006-10-04 21:00:00+00:00,295.0,301.0,292.5,298.0,239.0
2006-10-05 21:00:00+00:00,298.0,300.0,292.5,299.38,355.0
2006-10-06 21:00:00+00:00,299.25,301.5,296.5,301.5,21.0
2006-10-07 21:00:00+00:00,296.5,296.5,296.5,296.5,2.0
2006-10-08 21:00:00+00:00,301.5,303.5,300.0,300.0,36.0
2006-10-09 21:00:00+00:00,301.0,307.5,295.0,300.0,266.0
2006-10-10 21:00:00+00:00,300.0,308.0,297.5,305.0,275.0
2006-10-11 21:00:00+00:00,305.0,308.0,303.5,304.5,298.0
2006-10-12 21:00:00+00:00,304.5,315.0,304.5,314.0,206.0
2006-10-13 21:00:00+00:00,313.5,313.5,313.5,313.5,1.0
2006-10-14 21:00:00+00:00,313.5,313.5,313.5,313.5,1.0
2006-10-15 21:00:00+00:00,313.5,324.5,313.5,322.5,360.0
2006-10-16 21:00:00+00:00,323.0,326.5,315.5,317.0,214.0
2006-10-17 21:00:00+00:00,318.0,335.5,317.5,329.0,387.0
2006-10-18 21:00:00+00:00,331.5,333.0,325.5,333.0,176.0
2006-10-19 21:00:00+00:00,333.0,337.0,324.0,326.5,527.0
2006-10-20 21:00:00+00:00,327.0,328.0,327.0,327.5,19.0
2006-10-21 21:00:00+00:00,327.5,327.5,327.5,327.5,2.0
2006-10-22 21:00:00+00:00,328.0,328.0,316.0,319.0,494.0
2006-10-23 21:00:00+00:00,318.5,321.5,312.5,320.5,692.0
2006-10-24 21:00:00+00:00,319.5,324.5,317.0,322.5,260.0
2006-10-25 21:00:00+00:00,322.0,324.5,320.0,324.0,292.0
2006-10-26 21:00:00+00:00,323.0,325.5,317.5,320.0,476.0
2006-10-27 21:00:00+00:00,320.0,322.5,318.0,318.5,45.0
2006-10-28 21:00:00+00:00,318.5,318.5,318.5,318.5,1.0
2006-10-29 22:00:00+00:00,322.0,328.0,322.0,326.5,215.0
2006-10-30 22:00:00+00:00,324.0,326.5,314.5,318.5,498.0
2006-10-31 22:00:00+00:00,319.0,329.0,318.5,325.5,460.0
2006-11-01 22:00:00+00:00,326.0,326.5,317.0,323.5,323.0
2006-11-02 22:00:00+00:00,324.5,340.5,322.0,328.5,569.0
2006-11-03 22:00:00+00:00,328.0,334.0,328.0,328.5,99.0
2006-11-04 22:00:00+00:00,328.5,328.5,328.5,328.5,1.0
2006-11-05 22:00:00+00:00,332.0,337.5,328.0,332.5,615.0
2006-11-06 22:00:00+00:00,334.0,335.5,327.5,332.5,693.0
2006-11-07 22:00:00+00:00,331.0,333.0,322.0,331.5,528.0
2006-11-08 22:00:00+00:00,329.5,338.5,325.5,338.5,618.0
2006-11-09 22:00:00+00:00,338.5,339.0,332.5,332.5,598.0
2006-11-10 22:00:00+00:00,332.5,334.0,326.0,328.0,105.0
2006-11-11 22:00:00+00:00,328.0,332.5,328.0,329.0,6.0
2006-11-12 22:00:00+00:00,329.0,332.5,315.5,324.5,691.0
2006-11-13 22:00:00+00:00,327.5,327.5,317.0,319.5,496.0
2006-11-14 22:00:00+00:00,321.0,322.0,312.5,317.5,501.0
2006-11-15 22:00:00+00:00,321.0,324.5,318.0,320.5,480.0
2006-11-16 22:00:00+00:00,323.0,323.0,312.0,317.5,556.0
2006-11-17 22:00:00+00:00,317.5,321.0,317.5,319.0,99.0
2006-11-18 22:00:00+00:00,320.0,320.0,318.0,318.0,3.0
2006-11-19 22:00:00+00:00,318.5,326.5,317.5,320.5,591.0
2006-11-20 22:00:00+00:00,322.5,335.5,320.5,331.5,665.0
2006-11-21 22:00:00+00:00,332.0,332.0,324.5,325.0,607.0
2006-11-22 22:00:00+00:00,326.0,326.5,323.5,324.5,156.0
2006-11-23 22:00:00+00:00,324.0,335.0,324.0,333.0,220.0
2006-11-24 22:00:00+00:00,333.5,334.0,333.0,334.0,143.0
2006-11-26 22:00:00+00:00,333.0,334.0,324.5,327.5,649.0
2006-11-27 22:00:00+00:00,327.5,329.0,319.0,322.5,548.0
2006-11-28 22:00:00+00:00,324.0,326.5,317.0,320.0,399.0
2006-11-29 22:00:00+00:00,319.5,331.0,315.0,327.5,440.0
2006-11-30 22:00:00+00:00,328.0,332.0,324.5,330.5,452.0
2006-12-01 22:00:00+00:00,330.5,332.0,329.0,330.5,119.0
2006-12-02 22:00:00+00:00,331.0,331.0,331.0,331.0,1.0
2006-12-03 22:00:00+00:00,331.0,332.5,327.5,329.0,507.0
2006-12-04 22:00:00+00:00,329.0,335.5,324.5,330.5,654.0
2006-12-05 22:00:00+00:00,330.0,332.0,323.5,325.5,487.0
2006-12-06 22:00:00+00:00,326.0,328.5,322.5,326.0,293.0
2006-12-07 22:00:00+00:00,326.5,334.5,326.0,327.5,410.0
2006-12-08 22:00:00+00:00,327.5,331.0,326.0,327.0,101.0
2006-12-09 22:00:00+00:00,327.0,327.5,326.0,326.0,3.0
2006-12-10 22:00:00+00:00,327.5,331.5,326.0,331.5,127.0
2006-12-11 22:00:00+00:00,331.0,332.5,328.5,330.0,337.0
2006-12-12 22:00:00+00:00,329.5,330.5,324.0,329.5,460.0
2006-12-13 22:00:00+00:00,328.5,331.0,326.0,330.0,377.0
2006-12-14 22:00:00+00:00,327.5,330.0,323.5,325.5,455.0
2006-12-15 22:00:00+00:00,325.0,327.5,321.0,327.5,22.0
2006-12-16 22:00:00+00:00,327.5,327.5,327.5,327.5,1.0
2006-12-17 22:00:00+00:00,327.5,327.5,319.0,320.0,329.0
2006-12-18 22:00:00+00:00,320.5,325.5,320.0,325.5,399.0
2006-12-19 22:00:00+00:00,324.0,330.5,324.0,325.0,356.0
2006-12-20 22:00:00+00:00,324.0,326.0,323.0,324.5,98.0
2006-12-21 22:00:00+00:00,324.5,327.0,322.0,327.0,268.0
2006-12-22 22:00:00+00:00,323.5,327.0,321.5,327.0,39.0
2006-12-23 22:00:00+00:00,327.0,327.0,327.0,327.0,1.0
2006-12-24 22:00:00+00:00,323.5,327.0,322.5,324.0,55.0
2006-12-25 22:00:00+00:00,323.5,328.0,323.0,326.0,88.0
2006-12-26 22:00:00+00:00,326.5,328.0,323.0,326.0,277.0
2006-12-27 22:00:00+00:00,324.0,328.5,323.5,324.0,254.0
2006-12-28 22:00:00+00:00,325.0,335.0,324.0,332.5,381.0
2006-12-29 22:00:00+00:00,334.0,335.0,332.5,332.5,57.0
2006-12-30 22:00:00+00:00,332.5,332.5,332.5,332.5,1.0
2006-12-31 22:00:00+00:00,332.5,332.5,332.5,332.5,5.0
2007-01-01 22:00:00+00:00,333.0,337.5,330.5,335.5,806.0
2007-01-02 22:00:00+00:00,335.5,346.0,331.5,337.5,902.0
2007-01-03 22:00:00+00:00,337.5,342.5,332.5,340.5,972.0
2007-01-04 22:00:00+00:00,340.5,346.0,329.0,333.5,793.0
2007-01-05 22:00:00+00:00,333.0,335.0,332.0,334.0,138.0
2007-01-06 22:00:00+00:00,333.5,335.0,333.5,335.0,2.0
2007-01-07 22:00:00+00:00,335.0,336.0,326.5,329.0,783.0
2007-01-08 22:00:00+00:00,329.0,335.5,325.0,327.0,653.0
2007-01-09 22:00:00+00:00,327.5,334.0,326.0,327.5,674.0
2007-01-10 22:00:00+00:00,329.5,333.0,327.5,331.0,654.0
2007-01-11 22:00:00+00:00,330.0,332.0,324.5,330.5,604.0
2007-01-12 22:00:00+00:00,330.5,334.0,330.0,330.5,162.0
2007-01-13 22:00:00+00:00,330.5,330.5,330.5,330.5,1.0
2007-01-14 22:00:00+00:00,332.0,335.0,328.0,331.5,676.0
2007-01-15 22:00:00+00:00,333.5,335.5,329.5,332.5,647.0
2007-01-16 22:00:00+00:00,331.5,340.5,329.5,337.0,451.0
2007-01-17 22:00:00+00:00,337.5,341.0,336.5,340.5,526.0
2007-01-18 22:00:00+00:00,341.0,341.5,337.0,341.5,420.0
2007-01-19 22:00:00+00:00,340.0,342.5,340.0,341.5,74.0
2007-01-21 22:00:00+00:00,340.5,346.5,339.0,344.5,414.0
2007-01-22 22:00:00+00:00,344.5,350.5,341.0,348.0,604.0
2007-01-23 22:00:00+00:00,348.0,350.5,345.0,345.5,710.0
2007-01-24 22:00:00+00:00,346.5,354.5,345.5,350.5,783.0
2007-01-25 22:00:00+00:00,350.5,353.0,346.0,349.0,747.0
2007-01-26 22:00:00+00:00,349.0,349.0,347.5,347.5,80.0
2007-01-27 22:00:00+00:00,347.5,349.0,347.5,349.0,2.0
2007-01-28 22:00:00+00:00,347.0,352.0,339.5,344.5,496.0
2007-01-29 22:00:00+00:00,343.5,344.5,333.5,337.5,670.0
2007-01-30 22:00:00+00:00,337.5,341.5,329.5,339.0,833.0
2007-01-31 22:00:00+00:00,339.0,344.5,337.0,342.5,450.0
2007-02-01 22:00:00+00:00,343.0,344.5,331.5,334.5,514.0
2007-02-02 22:00:00+00:00,335.0,340.5,332.5,340.5,85.0
2007-02-03 22:00:00+00:00,340.5,340.5,334.0,334.0,3.0
2007-02-04 22:00:00+00:00,335.0,341.0,333.5,339.5,394.0
2007-02-05 22:00:00+00:00,339.5,345.5,339.0,340.5,391.0
2007-02-06 22:00:00+00:00,341.0,345.5,341.0,344.5,376.0
2007-02-07 22:00:00+00:00,343.0,344.5,333.5,338.5,561.0
2007-02-08 22:00:00+00:00,339.5,342.5,333.5,336.5,739.0
2007-02-09 22:00:00+00:00,337.0,339.5,336.5,336.5,97.0
2007-02-10 22:00:00+00:00,336.5,336.5,332.0,333.0,11.0
2007-02-11 22:00:00+00:00,332.0,339.5,332.0,335.5,350.0
2007-02-12 22:00:00+00:00,335.5,342.0,332.5,342.0,672.0
2007-02-13 22:00:00+00:00,341.5,346.0,339.5,345.0,542.0
2007-02-14 22:00:00+00:00,345.0,345.0,340.5,343.5,305.0
2007-02-15 22:00:00+00:00,340.5,343.5,335.0,339.5,386.0
2007-02-16 22:00:00+00:00,339.5,341.0,337.5,339.0,71.0
2007-02-18 22:00:00+00:00,339.0,342.5,339.0,341.0,170.0
2007-02-19 22:00:00+00:00,341.0,341.5,332.5,335.5,579.0
2007-02-20 22:00:00+00:00,336.5,342.0,335.0,340.5,664.0
2007-02-21 22:00:00+00:00,341.0,350.0,340.5,348.5,809.0
2007-02-22 22:00:00+00:00,348.5,357.5,345.5,357.0,582.0
2007-02-23 22:00:00+00:00,357.5,357.5,353.5,357.0,114.0
2007-02-24 22:00:00+00:00,357.0,357.0,353.0,353.0,3.0
2007-02-25 22:00:00+00:00,354.0,362.5,352.0,356.0,550.0
2007-02-26 22:00:00+00:00,357.5,357.5,347.5,355.0,849.0
2007-02-27 22:00:00+00:00,354.5,355.5,345.0,350.0,806.0
2007-02-28 22:00:00+00:00,350.5,355.5,348.0,351.5,638.0
2007-03-01 22:00:00+00:00,352.5,353.0,339.0,345.0,690.0
2007-03-02 22:00:00+00:00,345.0,348.5,343.5,344.5,99.0
2007-03-03 22:00:00+00:00,344.5,347.5,344.5,344.5,6.0
2007-03-04 22:00:00+00:00,347.5,348.0,334.0,341.5,758.0
2007-03-05 22:00:00+00:00,342.0,349.0,337.5,347.5,612.0
2007-03-06 22:00:00+00:00,347.5,349.5,344.5,348.5,412.0
2007-03-07 22:00:00+00:00,348.0,355.5,347.5,352.5,502.0
2007-03-08 22:00:00+00:00,353.0,353.5,348.0,350.0,501.0
2007-03-09 22:00:00+00:00,350.5,352.0,349.0,350.0,89.0
2007-03-10 22:00:00+00:00,350.0,350.0,350.0,350.0,1.0
2007-03-11 21:00:00+00:00,350.0,353.0,350.0,351.5,226.0
2007-03-12 21:00:00+00:00,351.5,353.0,344.0,347.5,545.0
2007-03-13 21:00:00+00:00,349.0,351.5,344.0,347.0,607.0
2007-03-14 21:00:00+00:00,347.5,352.5,347.5,348.5,487.0
2007-03-15 21:00:00+00:00,348.5,352.5,348.0,351.5,432.0
2007-03-16 21:00:00+00:00,350.0,351.5,349.5,350.0,25.0
2007-03-18 21:00:00+00:00,351.0,354.5,350.0,352.5,405.0
2007-03-19 21:00:00+00:00,351.5,354.5,350.0,352.0,340.0
2007-03-20 21:00:00+00:00,353.0,353.0,347.5,350.5,288.0
2007-03-21 21:00:00+00:00,350.5,359.0,350.0,355.5,466.0
2007-03-22 21:00:00+00:00,355.0,356.5,351.5,356.5,419.0
2007-03-23 21:00:00+00:00,356.5,356.5,353.0,353.5,55.0
2007-03-24 21:00:00+00:00,353.5,353.5,353.0,353.5,3.0
2007-03-25 21:00:00+00:00,353.0,355.0,352.0,354.0,353.0
2007-03-26 21:00:00+00:00,353.5,355.5,351.0,352.5,378.0
2007-03-27 21:00:00+00:00,353.0,356.5,351.5,353.5,413.0
2007-03-28 21:00:00+00:00,354.0,355.0,349.5,352.0,369.0
2007-03-29 21:00:00+00:00,352.0,356.0,352.0,353.0,476.0
2007-03-30 21:00:00+00:00,352.5,354.0,352.0,354.0,22.0
2007-03-31 21:00:00+00:00,354.0,355.0,354.0,355.0,3.0
2007-04-01 21:00:00+00:00,354.0,355.0,347.5,350.0,293.0
2007-04-02 21:00:00+00:00,349.5,355.5,349.5,354.0,290.0
2007-04-03 21:00:00+00:00,354.5,355.5,352.0,352.5,364.0
2007-04-04 21:00:00+00:00,352.0,354.5,350.5,353.5,376.0
2007-04-05 21:00:00+00:00,354.0,354.0,352.0,353.0,32.0
2007-04-06 21:00:00+00:00,352.0,353.0,352.0,353.0,2.0
2007-04-07 21:00:00+00:00,352.0,352.0,352.0,352.0,1.0
2007-04-08 21:00:00+00:00,353.0,357.0,348.5,355.5,165.0
2007-04-09 21:00:00+00:00,355.0,360.5,352.0,360.0,432.0
2007-04-10 21:00:00+00:00,360.0,368.5,358.0,366.5,686.0
2007-04-11 21:00:00+00:00,366.5,374.5,365.5,370.5,749.0
2007-04-12 21:00:00+00:00,370.0,378.0,369.5,377.5,818.0
2007-04-13 21:00:00+00:00,382.0,382.0,373.5,373.5,110.0
2007-04-14 21:00:00+00:00,376.5,376.5,376.5,376.5,1.0
2007-04-15 21:00:00+00:00,377.5,380.5,373.0,375.5,736.0
2007-04-16 21:00:00+00:00,375.5,379.5,370.0,377.5,736.0
2007-04-17 21:00:00+00:00,377.5,381.0,373.5,380.0,854.0
2007-04-18 21:00:00+00:00,380.5,384.0,373.0,376.5,767.0
2007-04-19 21:00:00+00:00,377.5,386.0,375.5,386.0,744.0
2007-04-20 21:00:00+00:00,386.0,387.0,384.5,384.5,56.0
2007-04-22 21:00:00+00:00,385.0,386.5,380.0,384.0,644.0
2007-04-23 21:00:00+00:00,384.5,385.5,373.0,377.5,724.0
2007-04-24 21:00:00+00:00,377.5,381.5,375.5,379.5,611.0
2007-04-25 21:00:00+00:00,379.5,381.0,367.0,370.5,701.0
2007-04-26 21:00:00+00:00,370.5,374.0,366.0,371.0,526.0
2007-04-27 21:00:00+00:00,371.5,373.0,371.0,372.5,59.0
2007-04-28 21:00:00+00:00,372.5,372.5,372.5,372.5,1.0
2007-04-29 21:00:00+00:00,372.5,376.0,369.0,372.5,454.0
2007-04-30 21:00:00+00:00,372.0,373.5,367.0,372.0,600.0
2007-05-01 21:00:00+00:00,371.5,373.5,369.0,371.0,573.0
2007-05-02 21:00:00+00:00,373.0,375.5,370.0,374.5,506.0
2007-05-03 21:00:00+00:00,374.5,376.5,371.0,375.5,514.0
2007-05-04 21:00:00+00:00,375.5,378.5,375.5,375.5,8.0
2007-05-05 21:00:00+00:00,375.5,378.5,375.5,378.5,2.0
2007-05-06 21:00:00+00:00,378.5,380.0,374.5,375.5,414.0
2007-05-07 21:00:00+00:00,376.0,382.5,370.0,373.0,509.0
2007-05-08 21:00:00+00:00,373.0,377.5,361.5,367.5,542.0
2007-05-09 21:00:00+00:00,368.0,370.0,361.0,362.5,581.0
2007-05-10 21:00:00+00:00,363.0,366.5,360.0,366.5,518.0
2007-05-11 21:00:00+00:00,366.0,366.5,362.5,362.5,35.0
2007-05-13 21:00:00+00:00,365.5,368.5,356.5,360.0,633.0
2007-05-14 21:00:00+00:00,360.0,362.5,353.0,359.0,693.0
2007-05-15 21:00:00+00:00,358.5,362.5,355.0,357.0,489.0
2007-05-16 21:00:00+00:00,356.0,362.5,354.5,360.5,284.0
2007-05-17 21:00:00+00:00,360.5,364.5,358.5,364.5,329.0
2007-05-18 21:00:00+00:00,364.0,364.5,362.0,363.5,16.0
2007-05-19 21:00:00+00:00,362.0,363.5,362.0,363.5,2.0
2007-05-20 21:00:00+00:00,363.0,373.0,362.0,373.0,288.0
2007-05-21 21:00:00+00:00,373.5,379.0,370.5,374.0,627.0
2007-05-22 21:00:00+00:00,376.5,377.5,371.0,375.5,624.0
2007-05-23 21:00:00+00:00,375.0,376.0,365.5,368.0,778.0
2007-05-24 21:00:00+00:00,368.0,370.0,363.5,367.5,527.0
2007-05-25 21:00:00+00:00,367.0,368.5,367.0,367.5,26.0
2007-05-27 21:00:00+00:00,368.5,368.5,367.0,367.0,57.0
2007-05-28 21:00:00+00:00,368.5,371.5,366.0,367.5,390.0
2007-05-29 21:00:00+00:00,367.0,374.0,364.0,367.0,555.0
2007-05-30 21:00:00+00:00,367.5,370.5,364.5,367.5,486.0
2007-05-31 21:00:00+00:00,368.0,373.0,367.5,372.5,432.0
2007-06-01 21:00:00+00:00,372.0,372.5,370.5,371.0,79.0
2007-06-02 21:00:00+00:00,371.0,373.5,371.0,373.5,2.0
2007-06-03 21:00:00+00:00,369.5,377.5,368.5,372.5,663.0
2007-06-04 21:00:00+00:00,372.0,373.0,364.0,365.5,627.0
2007-06-05 21:00:00+00:00,364.5,369.5,364.5,366.0,448.0
2007-06-06 21:00:00+00:00,368.5,370.0,366.0,367.5,491.0
2007-06-07 21:00:00+00:00,367.0,370.0,364.5,367.0,490.0
2007-06-08 21:00:00+00:00,367.0,367.5,365.0,367.5,66.0
2007-06-10 21:00:00+00:00,366.0,368.5,365.5,368.0,259.0
2007-06-11 21:00:00+00:00,367.5,369.5,366.0,368.0,239.0
2007-06-12 21:00:00+00:00,367.5,368.5,362.5,366.0,446.0
2007-06-13 21:00:00+00:00,366.5,370.0,366.0,368.0,338.0
2007-06-14 21:00:00+00:00,367.5,370.0,366.5,369.0,239.0
2007-06-15 21:00:00+00:00,369.5,370.0,369.5,370.0,9.0
2007-06-16 21:00:00+00:00,370.0,371.5,367.5,371.5,7.0
2007-06-17 21:00:00+00:00,369.5,372.5,368.5,369.5,420.0
2007-06-18 21:00:00+00:00,369.0,373.5,368.5,373.0,369.0
2007-06-19 21:00:00+00:00,373.5,376.5,370.0,376.0,573.0
2007-06-20 21:00:00+00:00,375.5,377.5,373.0,375.5,867.0
2007-06-21 21:00:00+00:00,375.5,378.0,374.5,376.5,703.0
2007-06-22 21:00:00+00:00,376.5,377.5,375.0,375.0,16.0
2007-06-23 21:00:00+00:00,375.0,376.5,375.0,376.5,2.0
2007-06-24 21:00:00+00:00,376.5,376.5,367.0,370.5,753.0
2007-06-25 21:00:00+00:00,370.5,372.5,362.5,366.0,480.0
2007-06-26 21:00:00+00:00,366.5,367.5,361.7,364.0,360.0
2007-06-27 21:00:00+00:00,364.0,369.0,362.5,366.0,342.0
2007-06-28 21:00:00+00:00,366.5,367.5,365.0,366.5,305.0
2007-06-29 21:00:00+00:00,366.5,367.5,366.0,366.0,26.0
2007-06-30 21:00:00+00:00,366.0,366.0,366.0,366.0,2.0
2007-07-01 21:00:00+00:00,366.0,371.5,365.0,368.5,330.0
2007-07-02 21:00:00+00:00,368.5,369.0,363.5,365.5,424.0
2007-07-03 21:00:00+00:00,365.0,367.5,363.5,366.0,178.0
2007-07-04 21:00:00+00:00,367.0,367.5,362.0,365.0,420.0
2007-07-05 21:00:00+00:00,364.5,366.0,362.0,365.0,386.0
2007-07-06 21:00:00+00:00,365.5,367.5,365.0,365.0,70.0
2007-07-07 21:00:00+00:00,365.0,367.5,365.0,367.5,4.0
2007-07-08 21:00:00+00:00,367.5,369.0,365.0,368.0,289.0
2007-07-09 21:00:00+00:00,368.0,369.0,366.0,367.0,359.0
2007-07-10 21:00:00+00:00,367.0,369.0,366.0,368.5,350.0
2007-07-11 21:00:00+00:00,368.0,370.0,366.0,369.5,346.0
2007-07-12 21:00:00+00:00,370.5,371.5,367.5,368.0,242.0
2007-07-13 21:00:00+00:00,367.5,368.5,367.5,367.5,15.0
2007-07-14 21:00:00+00:00,367.5,367.5,367.5,367.5,1.0
2007-07-15 21:00:00+00:00,368.0,370.0,366.0,369.0,264.0
2007-07-16 21:00:00+00:00,368.5,369.0,364.5,366.0,333.0
2007-07-17 21:00:00+00:00,365.5,369.0,364.0,369.0,472.0
2007-07-18 21:00:00+00:00,369.0,372.0,367.0,371.0,238.0
2007-07-19 21:00:00+00:00,371.5,372.5,369.5,371.5,318.0
2007-07-20 21:00:00+00:00,371.5,372.0,369.5,372.0,4.0
2007-07-21 21:00:00+00:00,372.0,372.0,372.0,372.0,1.0
2007-07-22 21:00:00+00:00,373.0,373.0,369.5,369.5,280.0
2007-07-23 21:00:00+00:00,369.0,371.0,366.5,367.5,362.0
2007-07-24 21:00:00+00:00,367.0,371.0,362.5,366.0,389.0
2007-07-25 21:00:00+00:00,366.5,367.0,363.0,365.0,365.0
2007-07-26 21:00:00+00:00,365.5,366.0,357.0,359.5,691.0
2007-07-27 21:00:00+00:00,360.0,364.0,359.5,360.0,55.0
2007-07-28 21:00:00+00:00,362.0,362.0,362.0,362.0,1.0
2007-07-29 21:00:00+00:00,360.0,365.5,360.0,364.5,358.0
2007-07-30 21:00:00+00:00,365.5,368.5,362.0,365.0,347.0
2007-07-31 21:00:00+00:00,365.5,367.0,361.0,367.0,405.0
2007-08-01 21:00:00+00:00,366.5,368.5,362.0,364.5,381.0
2007-08-02 21:00:00+00:00,365.5,366.0,362.5,365.0,275.0
2007-08-03 21:00:00+00:00,364.5,365.5,363.5,363.5,51.0
2007-08-04 21:00:00+00:00,363.5,363.5,363.5,363.5,1.0
2007-08-05 21:00:00+00:00,366.0,367.0,361.0,364.5,429.0
2007-08-06 21:00:00+00:00,365.0,366.0,358.0,361.5,324.0
2007-08-07 21:00:00+00:00,361.0,366.0,360.0,362.0,422.0
2007-08-08 21:00:00+00:00,362.5,363.0,358.5,360.0,329.0
2007-08-09 21:00:00+00:00,361.0,361.0,344.5,357.5,1035.0
2007-08-10 21:00:00+00:00,358.5,358.5,352.0,352.0,75.0
2007-08-12 21:00:00+00:00,359.0,359.0,351.0,358.5,417.0
2007-08-13 21:00:00+00:00,359.0,359.0,346.25,352.0,410.0
2007-08-14 21:00:00+00:00,353.5,353.5,344.0,349.0,448.0
2007-08-15 21:00:00+00:00,350.0,350.0,325.5,329.5,836.0
2007-08-16 21:00:00+00:00,330.0,337.5,326.0,326.0,1265.0
2007-08-17 21:00:00+00:00,329.0,335.0,326.0,335.0,102.0
2007-08-18 21:00:00+00:00,335.0,335.0,335.0,335.0,1.0
2007-08-19 21:00:00+00:00,331.0,335.0,327.0,331.0,668.0
2007-08-20 21:00:00+00:00,331.5,332.0,317.5,321.0,976.0
2007-08-21 21:00:00+00:00,321.0,326.0,314.0,322.0,656.0
2007-08-22 21:00:00+00:00,321.5,331.5,320.0,325.0,790.0
2007-08-23 21:00:00+00:00,325.5,329.0,321.0,328.0,505.0
2007-08-24 21:00:00+00:00,329.0,330.0,323.0,323.0,97.0
2007-08-25 21:00:00+00:00,323.0,327.0,323.0,327.0,2.0
2007-08-26 21:00:00+00:00,327.0,331.5,323.0,329.5,358.0
2007-08-27 21:00:00+00:00,330.0,332.0,325.0,328.5,443.0
2007-08-28 21:00:00+00:00,328.0,330.5,324.0,330.5,421.0
2007-08-29 21:00:00+00:00,330.0,335.0,325.5,329.5,714.0
2007-08-30 21:00:00+00:00,330.0,334.5,327.0,331.5,495.0
2007-08-31 21:00:00+00:00,332.0,333.0,331.0,331.0,22.0
2007-09-01 21:00:00+00:00,331.0,332.0,331.0,332.0,2.0
2007-09-02 21:00:00+00:00,332.0,334.0,328.5,328.5,465.0
2007-09-03 21:00:00+00:00,330.5,335.0,330.0,335.0,727.0
2007-09-04 21:00:00+00:00,334.0,335.0,330.0,331.0,742.0
2007-09-05 21:00:00+00:00,330.5,337.5,330.5,336.0,752.0
2007-09-06 21:00:00+00:00,335.5,337.5,334.0,335.0,371.0
2007-09-07 21:00:00+00:00,334.5,335.5,334.0,334.5,96.0
2007-09-09 21:00:00+00:00,334.0,336.0,331.75,334.0,453.0
2007-09-10 21:00:00+00:00,334.0,336.0,331.9,334.5,407.0
2007-09-11 21:00:00+00:00,334.0,336.5,333.0,334.0,336.0
2007-09-12 21:00:00+00:00,334.0,335.0,327.0,331.0,487.0
2007-09-13 21:00:00+00:00,332.0,334.0,323.5,328.5,777.0
2007-09-14 21:00:00+00:00,329.5,332.0,328.5,332.0,49.0
2007-09-15 21:00:00+00:00,332.0,332.0,332.0,332.0,2.0
2007-09-16 21:00:00+00:00,329.0,333.0,326.5,330.0,366.0
2007-09-17 21:00:00+00:00,330.5,332.0,329.5,330.5,257.0
2007-09-18 21:00:00+00:00,331.0,334.5,330.0,332.5,694.0
2007-09-19 21:00:00+00:00,333.0,341.5,332.0,339.5,408.0
2007-09-20 21:00:00+00:00,338.0,342.5,336.0,339.0,466.0
2007-09-21 21:00:00+00:00,338.5,340.0,337.0,340.0,88.0
2007-09-22 21:00:00+00:00,340.0,340.0,340.0,340.0,2.0
2007-09-23 21:00:00+00:00,339.0,342.5,338.5,340.5,245.0
2007-09-24 21:00:00+00:00,342.0,342.5,336.5,339.5,280.0
2007-09-25 21:00:00+00:00,339.0,341.5,337.5,340.5,358.0
2007-09-26 21:00:00+00:00,340.0,345.5,340.0,344.0,417.0
2007-09-27 21:00:00+00:00,344.0,349.5,341.0,348.0,380.0
2007-09-28 21:00:00+00:00,348.5,349.5,345.5,345.5,84.0
2007-09-29 21:00:00+00:00,345.5,345.5,345.5,345.5,1.0
2007-09-30 21:00:00+00:00,346.5,358.5,345.5,357.5,429.0
2007-10-01 21:00:00+00:00,358.0,359.0,345.0,349.0,600.0
2007-10-02 21:00:00+00:00,348.0,357.5,346.0,357.5,327.0
2007-10-03 21:00:00+00:00,357.5,367.0,346.0,367.0,480.0
2007-10-04 21:00:00+00:00,367.5,372.0,363.0,364.5,447.0
2007-10-05 21:00:00+00:00,363.5,369.0,363.5,369.0,11.0
2007-10-06 21:00:00+00:00,369.0,369.0,365.5,369.0,3.0
2007-10-07 21:00:00+00:00,365.0,369.0,358.5,360.5,319.0
2007-10-08 21:00:00+00:00,360.5,364.0,356.5,363.0,384.0
2007-10-09 21:00:00+00:00,363.5,376.0,362.5,374.5,640.0
2007-10-10 21:00:00+00:00,374.5,385.0,372.0,381.0,803.0
2007-10-11 21:00:00+00:00,381.0,382.0,373.5,375.5,708.0
2007-10-12 21:00:00+00:00,374.5,379.0,373.0,379.0,72.0
2007-10-13 21:00:00+00:00,379.0,379.0,379.0,379.0,1.0
2007-10-14 21:00:00+00:00,374.5,382.5,369.5,374.0,578.0
2007-10-15 21:00:00+00:00,374.5,374.5,362.5,371.5,737.0
2007-10-16 21:00:00+00:00,372.0,373.5,364.0,370.5,544.0
2007-10-17 21:00:00+00:00,370.5,373.0,368.0,369.0,407.0
2007-10-18 21:00:00+00:00,369.5,373.5,364.5,367.5,374.0
2007-10-19 21:00:00+00:00,367.0,368.0,366.0,368.0,54.0
2007-10-20 21:00:00+00:00,368.0,368.0,368.0,368.0,1.0
2007-10-21 21:00:00+00:00,367.0,369.5,354.5,360.5,442.0
2007-10-22 21:00:00+00:00,361.5,364.5,358.5,363.5,230.0
2007-10-23 21:00:00+00:00,362.0,363.0,358.18,360.0,262.0
2007-10-24 21:00:00+00:00,360.5,367.0,357.5,365.5,345.0
2007-10-25 21:00:00+00:00,365.0,374.5,362.5,371.0,612.0
2007-10-26 21:00:00+00:00,372.0,374.0,371.5,374.0,33.0
2007-10-27 21:00:00+00:00,374.0,374.0,374.0,374.0,1.0
2007-10-28 21:00:00+00:00,372.5,377.5,368.0,372.5,593.0
2007-10-29 21:00:00+00:00,373.0,373.5,366.5,369.0,515.0
2007-10-30 21:00:00+00:00,369.0,371.5,367.5,371.5,405.0
2007-10-31 21:00:00+00:00,371.0,374.5,369.5,374.0,591.0
2007-11-01 21:00:00+00:00,373.0,376.5,365.5,373.0,589.0
2007-11-02 21:00:00+00:00,373.0,376.5,372.0,375.0,186.0
2007-11-03 21:00:00+00:00,375.0,375.5,374.5,375.0,4.0
2007-11-04 22:00:00+00:00,375.5,376.5,369.0,371.5,861.0
2007-11-05 22:00:00+00:00,372.0,381.0,369.5,376.5,668.0
2007-11-06 22:00:00+00:00,378.0,387.0,372.5,374.5,776.0
2007-11-07 22:00:00+00:00,374.5,381.5,369.0,373.0,742.0
2007-11-08 22:00:00+00:00,373.0,374.5,367.5,371.5,673.0
2007-11-09 22:00:00+00:00,371.0,374.0,371.0,372.5,151.0
2007-11-10 22:00:00+00:00,371.0,371.0,371.0,371.0,1.0
2007-11-11 22:00:00+00:00,373.0,373.5,360.0,367.5,356.0
2007-11-12 22:00:00+00:00,368.0,374.0,362.5,369.5,462.0
2007-11-13 22:00:00+00:00,371.5,373.5,369.5,371.5,421.0
2007-11-14 22:00:00+00:00,371.0,373.5,363.0,369.5,522.0
2007-11-15 22:00:00+00:00,369.0,371.5,361.0,361.0,376.0
2007-11-16 22:00:00+00:00,361.5,366.5,361.5,366.5,40.0
2007-11-17 22:00:00+00:00,366.5,366.5,366.5,366.5,1.0
2007-11-18 22:00:00+00:00,362.0,366.5,356.5,358.0,276.0
2007-11-19 22:00:00+00:00,358.5,363.5,356.0,362.0,409.0
2007-11-20 22:00:00+00:00,362.0,365.0,354.0,355.5,461.0
2007-11-21 22:00:00+00:00,355.0,359.5,349.0,351.5,274.0
2007-11-22 22:00:00+00:00,352.5,358.5,349.5,358.0,274.0
2007-11-23 22:00:00+00:00,358.0,359.0,355.0,355.0,28.0
2007-11-24 22:00:00+00:00,359.0,359.5,359.0,359.5,2.0
2007-11-25 22:00:00+00:00,357.0,363.5,355.0,357.5,248.0
2007-11-26 22:00:00+00:00,358.0,359.0,345.5,350.0,382.0
2007-11-27 22:00:00+00:00,349.0,353.5,342.5,343.0,431.0
2007-11-28 22:00:00+00:00,343.5,346.5,342.0,344.0,400.0
2007-11-29 22:00:00+00:00,344.0,349.0,343.0,348.0,387.0
2007-11-30 22:00:00+00:00,348.0,349.0,347.0,349.0,51.0
2007-12-01 22:00:00+00:00,349.0,349.0,349.0,349.0,1.0
2007-12-02 22:00:00+00:00,348.0,351.0,344.5,345.5,161.0
2007-12-03 22:00:00+00:00,345.5,350.0,345.5,348.0,105.0
2007-12-04 22:00:00+00:00,348.5,350.0,346.0,347.0,186.0
2007-12-05 22:00:00+00:00,347.5,349.5,342.0,346.5,205.0
2007-12-06 22:00:00+00:00,347.0,349.0,341.5,344.5,145.0
2007-12-07 22:00:00+00:00,345.0,347.0,344.0,347.0,41.0
2007-12-09 22:00:00+00:00,344.0,347.0,343.0,346.5,127.0
2007-12-10 22:00:00+00:00,346.5,347.5,345.5,347.0,94.0
2007-12-11 22:00:00+00:00,346.5,350.5,345.0,347.5,233.0
2007-12-12 22:00:00+00:00,347.5,349.5,344.0,345.5,218.0
2007-12-13 22:00:00+00:00,345.5,355.0,345.0,350.5,185.0
2007-12-14 22:00:00+00:00,350.0,354.0,350.0,354.0,48.0
2007-12-16 22:00:00+00:00,353.5,355.5,349.0,355.5,271.0
2007-12-17 22:00:00+00:00,355.0,360.0,352.5,357.5,387.0
2007-12-18 22:00:00+00:00,358.0,360.0,353.5,356.5,279.0
2007-12-19 22:00:00+00:00,357.0,359.0,353.0,354.5,286.0
2007-12-20 22:00:00+00:00,355.0,356.5,353.5,354.5,289.0
2007-12-21 22:00:00+00:00,354.5,356.5,353.0,354.0,66.0
2007-12-22 22:00:00+00:00,354.0,354.0,354.0,354.0,1.0
2007-12-23 22:00:00+00:00,355.5,360.5,355.0,360.5,162.0
2007-12-24 22:00:00+00:00,361.5,361.5,354.0,358.0,57.0
2007-12-25 22:00:00+00:00,354.0,363.0,354.0,362.5,187.0
2007-12-26 22:00:00+00:00,363.0,366.5,359.5,363.5,329.0
2007-12-27 22:00:00+00:00,362.5,365.0,359.5,364.5,303.0
2007-12-28 22:00:00+00:00,364.5,365.0,363.0,364.5,34.0
2007-12-29 22:00:00+00:00,364.5,364.5,364.5,364.5,2.0
2007-12-30 22:00:00+00:00,364.5,371.0,364.5,368.0,199.0
2007-12-31 22:00:00+00:00,368.5,372.5,364.5,364.5,55.0
2008-01-01 22:00:00+00:00,372.5,376.0,364.5,373.5,332.0
2008-01-02 22:00:00+00:00,372.5,376.5,370.0,373.5,653.0
2008-01-03 22:00:00+00:00,373.0,375.5,369.5,371.5,732.0
2008-01-04 22:00:00+00:00,371.0,372.5,364.5,371.5,110.0
2008-01-06 22:00:00+00:00,371.5,372.0,364.5,369.5,446.0
2008-01-07 22:00:00+00:00,370.0,377.0,369.0,376.0,591.0
2008-01-08 22:00:00+00:00,375.5,380.0,372.0,375.5,676.0
2008-01-09 22:00:00+00:00,375.5,377.5,369.5,374.5,666.0
2008-01-10 22:00:00+00:00,373.5,380.0,372.0,377.0,625.0
2008-01-11 22:00:00+00:00,377.0,378.5,376.5,378.0,121.0
2008-01-13 22:00:00+00:00,378.5,383.5,375.5,380.0,631.0
2008-01-14 22:00:00+00:00,379.5,382.0,376.5,381.0,459.0
2008-01-15 22:00:00+00:00,380.0,381.0,368.5,371.5,703.0
2008-01-16 22:00:00+00:00,373.0,373.5,368.0,368.5,654.0
2008-01-17 22:00:00+00:00,370.0,372.5,366.0,368.0,454.0
2008-01-18 22:00:00+00:00,367.5,370.5,367.5,369.5,115.0
2008-01-20 22:00:00+00:00,370.5,371.5,363.0,363.0,201.0
2008-01-21 22:00:00+00:00,363.5,367.5,361.0,366.0,359.0
2008-01-22 22:00:00+00:00,367.5,370.5,362.5,366.5,258.0
2008-01-23 22:00:00+00:00,367.0,372.5,364.5,371.0,257.0
2008-01-24 22:00:00+00:00,372.5,391.0,370.5,381.0,534.0
2008-01-25 22:00:00+00:00,381.5,382.5,380.0,381.0,36.0
2008-01-27 22:00:00+00:00,379.5,386.0,378.0,385.5,260.0
2008-01-28 22:00:00+00:00,386.0,389.5,384.5,388.5,280.0
2008-01-29 22:00:00+00:00,389.0,393.0,386.0,388.5,267.0
2008-01-30 22:00:00+00:00,389.0,393.5,381.5,391.0,269.0
2008-01-31 22:00:00+00:00,391.0,415.5,387.5,408.5,528.0
2008-02-01 22:00:00+00:00,409.0,418.0,409.0,411.5,142.0
2008-02-02 22:00:00+00:00,411.5,411.5,411.5,411.5,3.0
2008-02-03 22:00:00+00:00,414.5,428.5,412.0,423.0,664.0
2008-02-04 22:00:00+00:00,422.5,429.5,409.5,418.5,671.0
2008-02-05 22:00:00+00:00,420.0,422.5,410.5,419.5,493.0
2008-02-06 22:00:00+00:00,421.0,432.5,417.0,422.0,410.0
2008-02-07 22:00:00+00:00,421.5,440.0,421.0,436.5,398.0
2008-02-08 22:00:00+00:00,436.5,440.0,435.0,437.5,59.0
2008-02-10 22:00:00+00:00,439.0,447.5,436.0,442.5,341.0
2008-02-11 22:00:00+00:00,443.0,449.5,431.5,435.0,416.0
2008-02-12 22:00:00+00:00,434.5,435.5,421.5,434.0,432.0
2008-02-13 22:00:00+00:00,434.0,447.5,432.5,438.0,416.0
2008-02-14 22:00:00+00:00,438.5,444.0,434.0,443.0,691.0
2008-02-15 22:00:00+00:00,443.0,444.0,440.5,440.5,101.0
2008-02-17 22:00:00+00:00,444.0,471.5,440.5,469.0,633.0
2008-02-18 22:00:00+00:00,469.5,494.0,469.5,494.0,941.0
2008-02-19 22:00:00+00:00,492.5,497.5,467.5,486.5,1003.0
2008-02-20 22:00:00+00:00,487.0,527.5,482.5,516.0,1216.0
2008-02-21 22:00:00+00:00,516.0,524.0,493.0,507.0,1055.0
2008-02-22 22:00:00+00:00,506.5,517.5,500.5,500.5,189.0
2008-02-23 22:00:00+00:00,500.5,500.5,500.5,500.5,1.0
2008-02-24 22:00:00+00:00,513.5,527.0,500.5,519.5,705.0
2008-02-25 22:00:00+00:00,520.5,532.0,505.5,528.0,784.0
2008-02-26 22:00:00+00:00,528.5,562.5,525.5,549.5,1283.0
2008-02-27 22:00:00+00:00,549.5,566.5,537.27,565.5,1004.0
2008-02-28 22:00:00+00:00,565.5,586.5,552.0,564.0,1296.0
2008-02-29 22:00:00+00:00,564.5,568.0,563.0,567.5,169.0
2008-03-02 22:00:00+00:00,566.0,586.0,566.0,582.5,550.0
2008-03-03 22:00:00+00:00,582.0,595.0,541.5,553.5,753.0
2008-03-04 22:00:00+00:00,553.0,580.0,517.0,554.5,1460.0
2008-03-05 22:00:00+00:00,554.0,556.0,517.0,519.5,1389.0
2008-03-06 22:00:00+00:00,518.5,524.5,495.0,498.0,1329.0
2008-03-07 22:00:00+00:00,497.5,497.5,485.0,497.5,271.0
2008-03-08 22:00:00+00:00,497.5,497.5,497.5,497.5,1.0
2008-03-09 21:00:00+00:00,488.0,500.5,459.5,474.0,752.0
2008-03-10 21:00:00+00:00,475.0,497.5,465.5,491.0,603.0
2008-03-11 21:00:00+00:00,491.0,506.0,481.0,503.5,545.0
2008-03-12 21:00:00+00:00,505.5,517.5,497.0,505.5,620.0
2008-03-13 21:00:00+00:00,508.5,515.0,501.5,505.0,397.0
2008-03-14 21:00:00+00:00,508.0,511.5,504.5,511.5,50.0
2008-03-16 21:00:00+00:00,506.0,513.0,466.5,477.5,580.0
2008-03-17 21:00:00+00:00,476.0,489.5,459.5,484.5,449.0
2008-03-18 21:00:00+00:00,483.0,487.0,457.5,461.0,573.0
2008-03-19 21:00:00+00:00,461.5,462.0,419.5,439.5,999.0
2008-03-20 21:00:00+00:00,441.5,443.5,435.0,437.5,37.0
2008-03-21 21:00:00+00:00,437.5,437.5,435.5,437.5,4.0
2008-03-22 21:00:00+00:00,437.5,437.5,437.5,437.5,1.0
2008-03-23 21:00:00+00:00,435.5,437.5,426.5,430.0,470.0
2008-03-24 21:00:00+00:00,431.5,451.0,429.0,450.0,530.0
2008-03-25 21:00:00+00:00,448.0,458.0,444.5,451.5,674.0
2008-03-26 21:00:00+00:00,452.0,457.5,443.0,444.0,728.0
2008-03-27 21:00:00+00:00,443.0,450.5,434.0,450.5,612.0
2008-03-28 21:00:00+00:00,449.0,449.0,443.0,443.0,80.0
2008-03-29 21:00:00+00:00,443.0,443.0,443.0,443.0,1.0
2008-03-30 21:00:00+00:00,443.5,447.5,435.0,441.5,282.0
2008-03-31 21:00:00+00:00,439.5,442.0,420.5,437.5,533.0
2008-04-01 21:00:00+00:00,438.5,441.0,424.5,438.5,441.0
2008-04-02 21:00:00+00:00,440.0,447.0,433.0,437.5,581.0
2008-04-03 21:00:00+00:00,438.5,441.5,435.5,440.0,396.0
2008-04-04 21:00:00+00:00,439.5,442.0,436.5,436.5,56.0
2008-04-06 21:00:00+00:00,440.5,459.5,440.0,451.5,617.0
2008-04-07 21:00:00+00:00,451.0,455.5,448.0,451.0,633.0
2008-04-08 21:00:00+00:00,451.0,458.5,441.5,458.5,583.0
2008-04-09 21:00:00+00:00,457.5,464.0,456.0,461.5,1152.0
2008-04-10 21:00:00+00:00,462.5,471.0,458.5,470.5,758.0
2008-04-11 21:00:00+00:00,471.5,471.5,468.0,468.5,84.0
2008-04-13 21:00:00+00:00,468.0,468.0,450.5,458.0,780.0
2008-04-14 21:00:00+00:00,457.5,466.0,449.5,450.0,901.0
2008-04-15 21:00:00+00:00,450.5,468.5,449.0,456.5,877.0
2008-04-16 21:00:00+00:00,455.5,468.0,452.0,458.0,786.0
2008-04-17 21:00:00+00:00,458.5,463.0,444.5,456.0,839.0
2008-04-18 21:00:00+00:00,455.5,462.0,452.5,452.5,176.0
2008-04-20 21:00:00+00:00,458.5,461.5,450.5,454.5,765.0
2008-04-21 21:00:00+00:00,455.0,457.5,450.5,456.5,718.0
2008-04-22 21:00:00+00:00,456.0,458.5,444.5,445.0,958.0
2008-04-23 21:00:00+00:00,444.0,449.0,434.5,438.5,906.0
2008-04-24 21:00:00+00:00,439.0,443.0,430.5,441.5,778.0
2008-04-25 21:00:00+00:00,442.0,443.5,438.0,441.5,119.0
2008-04-26 21:00:00+00:00,441.5,441.5,441.5,441.5,4.0
2008-04-27 21:00:00+00:00,440.5,446.0,431.5,437.5,480.0
2008-04-28 21:00:00+00:00,438.0,440.0,426.5,428.0,442.0
2008-04-29 21:00:00+00:00,429.5,430.0,412.5,418.5,984.0
2008-04-30 21:00:00+00:00,418.0,422.5,401.0,405.0,790.0
2008-05-01 21:00:00+00:00,410.0,417.5,401.5,416.5,916.0
2008-05-02 21:00:00+00:00,417.0,418.0,414.5,414.5,176.0
2008-05-03 21:00:00+00:00,417.5,417.5,417.5,417.5,2.0
2008-05-04 21:00:00+00:00,417.5,423.0,414.0,419.5,797.0
2008-05-05 21:00:00+00:00,420.5,432.5,419.0,429.0,821.0
2008-05-06 21:00:00+00:00,429.5,432.5,417.0,421.5,815.0
2008-05-07 21:00:00+00:00,422.5,435.0,421.5,435.0,566.0
2008-05-08 21:00:00+00:00,435.0,446.0,431.0,441.0,820.0
2008-05-09 21:00:00+00:00,441.5,443.5,437.5,443.0,115.0
2008-05-10 21:00:00+00:00,437.5,437.5,437.5,437.5,1.0
2008-05-11 21:00:00+00:00,442.5,443.5,436.5,442.5,500.0
2008-05-12 21:00:00+00:00,442.5,443.5,430.0,437.0,574.0
2008-05-13 21:00:00+00:00,437.0,439.0,429.0,432.0,580.0
2008-05-14 21:00:00+00:00,433.0,440.5,428.5,432.5,575.0
2008-05-15 21:00:00+00:00,435.0,454.5,433.0,448.0,879.0
2008-05-16 21:00:00+00:00,448.0,451.5,446.0,451.5,91.0
2008-05-17 21:00:00+00:00,451.5,451.5,447.0,447.0,3.0
2008-05-18 21:00:00+00:00,447.0,454.5,441.5,444.0,630.0
2008-05-19 21:00:00+00:00,444.0,452.5,441.0,446.5,923.0
2008-05-20 21:00:00+00:00,447.0,457.0,444.5,454.0,779.0
2008-05-21 21:00:00+00:00,455.0,460.0,450.0,454.5,1217.0
2008-05-22 21:00:00+00:00,454.5,456.0,448.5,450.0,473.0
2008-05-23 21:00:00+00:00,452.0,452.5,452.0,452.5,10.0
2008-05-24 21:00:00+00:00,452.5,452.5,452.0,452.0,7.0
2008-05-25 21:00:00+00:00,453.5,455.5,450.0,454.0,194.0
2008-05-26 21:00:00+00:00,454.0,454.5,441.5,442.5,623.0
2008-05-27 21:00:00+00:00,442.5,443.0,432.5,435.5,655.0
2008-05-28 21:00:00+00:00,435.5,441.5,426.0,426.5,546.0
2008-05-29 21:00:00+00:00,426.5,436.0,423.0,436.0,576.0
2008-05-30 21:00:00+00:00,435.5,436.0,433.0,433.0,42.0
2008-05-31 21:00:00+00:00,433.0,435.5,433.0,435.5,5.0
2008-06-01 21:00:00+00:00,435.5,438.0,429.0,437.0,499.0
2008-06-02 21:00:00+00:00,436.5,439.0,427.0,434.0,547.0
2008-06-03 21:00:00+00:00,434.0,434.5,426.0,428.5,499.0
2008-06-04 21:00:00+00:00,428.5,431.5,417.5,425.5,574.0
2008-06-05 21:00:00+00:00,423.5,436.0,423.5,432.0,538.0
2008-06-06 21:00:00+00:00,432.0,435.5,432.0,435.5,76.0
2008-06-07 21:00:00+00:00,435.5,435.5,433.0,433.0,3.0
2008-06-08 21:00:00+00:00,432.5,438.0,427.0,429.0,293.0
2008-06-09 21:00:00+00:00,427.0,429.0,421.5,426.0,329.0
2008-06-10 21:00:00+00:00,426.5,431.0,420.5,431.0,408.0
2008-06-11 21:00:00+00:00,432.0,443.0,424.0,438.5,481.0
2008-06-12 21:00:00+00:00,440.0,455.0,430.0,450.0,964.0
2008-06-13 21:00:00+00:00,450.0,452.0,447.0,452.0,91.0
2008-06-14 21:00:00+00:00,452.0,452.0,452.0,452.0,1.0
2008-06-15 21:00:00+00:00,448.5,464.0,445.5,463.0,711.0
2008-06-16 21:00:00+00:00,463.0,466.5,455.5,461.0,1063.0
2008-06-17 21:00:00+00:00,460.5,472.5,459.5,467.5,483.0
2008-06-18 21:00:00+00:00,467.5,480.5,460.5,476.0,624.0
2008-06-19 21:00:00+00:00,476.0,478.0,467.5,475.5,531.0
2008-06-20 21:00:00+00:00,474.5,476.0,472.0,476.0,42.0
2008-06-21 21:00:00+00:00,476.0,476.0,473.5,473.5,3.0
2008-06-22 21:00:00+00:00,477.0,478.0,468.0,469.5,440.0
2008-06-23 21:00:00+00:00,470.5,473.0,463.5,466.0,529.0
2008-06-24 21:00:00+00:00,466.5,468.0,458.0,463.0,739.0
2008-06-25 21:00:00+00:00,462.5,473.0,462.0,468.5,937.0
2008-06-26 21:00:00+00:00,468.5,471.5,463.0,467.5,697.0
2008-06-27 21:00:00+00:00,467.5,470.5,466.0,467.0,119.0
2008-06-28 21:00:00+00:00,467.0,469.0,467.0,469.0,3.0
2008-06-29 21:00:00+00:00,469.0,472.5,465.5,466.0,513.0
2008-06-30 21:00:00+00:00,464.5,474.5,462.5,470.0,699.0
2008-07-01 21:00:00+00:00,469.5,472.5,464.5,468.0,471.0
2008-07-02 21:00:00+00:00,468.0,470.5,461.5,462.0,629.0
2008-07-03 21:00:00+00:00,462.0,466.0,452.0,455.5,350.0
2008-07-04 21:00:00+00:00,455.5,455.5,453.5,453.5,13.0
2008-07-05 21:00:00+00:00,455.5,455.5,453.5,455.5,4.0
2008-07-06 21:00:00+00:00,456.5,456.5,444.5,448.0,679.0
2008-07-07 21:00:00+00:00,448.0,451.5,439.5,439.5,582.0
2008-07-08 21:00:00+00:00,439.5,448.0,438.5,447.5,765.0
2008-07-09 21:00:00+00:00,446.5,454.5,443.0,451.0,690.0
2008-07-10 21:00:00+00:00,451.0,457.5,448.5,453.5,892.0
2008-07-11 21:00:00+00:00,453.0,454.5,452.5,452.5,72.0
2008-07-12 21:00:00+00:00,452.5,452.5,452.5,452.5,7.0
2008-07-13 21:00:00+00:00,452.5,456.5,448.0,451.5,676.0
2008-07-14 21:00:00+00:00,454.5,455.0,441.0,442.5,1004.0
2008-07-15 21:00:00+00:00,443.0,446.5,428.5,432.0,1158.0
2008-07-16 21:00:00+00:00,431.5,435.5,421.0,426.0,1095.0
2008-07-17 21:00:00+00:00,425.0,427.0,415.0,416.0,991.0
2008-07-18 21:00:00+00:00,416.0,417.5,415.0,415.0,124.0
2008-07-19 21:00:00+00:00,417.0,417.0,417.0,417.0,2.0
2008-07-20 21:00:00+00:00,417.0,423.0,413.0,414.5,810.0
2008-07-21 21:00:00+00:00,414.0,425.0,410.0,411.5,1038.0
2008-07-22 21:00:00+00:00,412.0,412.5,381.5,392.5,1563.0
2008-07-23 21:00:00+00:00,392.5,392.5,375.5,386.5,989.0
2008-07-24 21:00:00+00:00,386.5,394.0,380.0,383.5,836.0
2008-07-25 21:00:00+00:00,383.0,386.0,383.0,385.0,130.0
2008-07-26 21:00:00+00:00,385.0,385.0,385.0,385.0,4.0
2008-07-27 21:00:00+00:00,385.0,393.5,384.5,391.0,697.0
2008-07-28 21:00:00+00:00,391.0,393.5,382.0,384.0,633.0
2008-07-29 21:00:00+00:00,384.5,387.0,366.0,376.5,903.0
2008-07-30 21:00:00+00:00,376.0,384.5,372.0,383.5,929.0
2008-07-31 21:00:00+00:00,383.0,384.5,360.0,371.5,1068.0
2008-08-01 21:00:00+00:00,371.5,372.0,367.5,367.5,95.0
2008-08-02 21:00:00+00:00,367.5,368.0,367.5,368.0,3.0
2008-08-03 21:00:00+00:00,367.5,371.0,349.5,354.5,973.0
2008-08-04 21:00:00+00:00,355.0,359.0,343.0,354.5,1171.0
2008-08-05 21:00:00+00:00,354.5,373.5,350.0,353.0,912.0
2008-08-06 21:00:00+00:00,353.0,357.5,349.0,351.0,416.0
2008-08-07 21:00:00+00:00,351.0,351.0,327.5,330.5,355.0
2008-08-08 21:00:00+00:00,331.5,337.5,330.5,332.5,99.0
2008-08-09 21:00:00+00:00,331.5,331.5,331.5,331.5,2.0
2008-08-10 21:00:00+00:00,332.5,339.5,322.5,322.5,482.0
2008-08-11 21:00:00+00:00,321.5,324.0,302.0,312.0,626.0
2008-08-12 21:00:00+00:00,311.0,318.0,305.0,316.5,408.0
2008-08-13 21:00:00+00:00,316.5,328.0,307.0,309.0,479.0
2008-08-14 21:00:00+00:00,309.0,311.5,283.5,285.0,493.0
2008-08-15 21:00:00+00:00,284.5,287.0,282.0,285.0,103.0
2008-08-16 21:00:00+00:00,285.0,285.0,285.0,285.0,1.0
2008-08-17 21:00:00+00:00,283.5,298.5,279.0,286.0,460.0
2008-08-18 21:00:00+00:00,286.0,289.0,268.5,285.5,533.0
2008-08-19 21:00:00+00:00,284.0,290.5,277.0,279.0,364.0
2008-08-20 21:00:00+00:00,279.0,296.5,278.5,288.5,321.0
2008-08-21 21:00:00+00:00,288.5,297.5,286.0,290.5,865.0
2008-08-22 21:00:00+00:00,290.5,292.5,286.0,287.0,141.0
2008-08-23 21:00:00+00:00,287.0,287.0,287.0,287.0,3.0
2008-08-24 21:00:00+00:00,286.5,293.5,282.5,287.5,646.0
2008-08-25 21:00:00+00:00,287.5,293.5,284.0,285.5,965.0
2008-08-26 21:00:00+00:00,285.0,297.5,284.5,290.0,886.0
2008-08-27 21:00:00+00:00,291.0,300.0,288.5,293.0,905.0
2008-08-28 21:00:00+00:00,293.5,307.5,291.5,307.0,944.0
2008-08-29 21:00:00+00:00,306.5,307.5,306.0,306.5,123.0
2008-08-30 21:00:00+00:00,306.5,306.5,306.5,306.5,2.0
2008-08-31 21:00:00+00:00,306.5,306.5,298.0,303.5,436.0
2008-09-01 21:00:00+00:00,301.0,303.5,284.5,291.5,957.0
2008-09-02 21:00:00+00:00,291.5,294.5,284.5,287.0,1061.0
2008-09-03 21:00:00+00:00,286.0,295.0,279.5,288.5,1031.0
2008-09-04 21:00:00+00:00,288.5,288.5,271.0,271.0,994.0
2008-09-05 21:00:00+00:00,271.5,274.5,270.5,274.5,149.0
2008-09-06 21:00:00+00:00,274.5,274.5,271.5,271.5,3.0
2008-09-07 21:00:00+00:00,271.0,279.5,264.0,264.0,702.0
2008-09-08 21:00:00+00:00,264.5,266.5,236.0,242.5,1272.0
2008-09-09 21:00:00+00:00,242.5,245.0,223.5,229.0,1232.0
2008-09-10 21:00:00+00:00,228.5,234.0,216.5,231.5,1104.0
2008-09-11 21:00:00+00:00,230.5,249.0,226.5,243.0,1080.0
2008-09-12 21:00:00+00:00,243.0,246.5,240.0,243.0,119.0
2008-09-13 21:00:00+00:00,243.0,243.0,243.0,243.0,1.0
2008-09-14 21:00:00+00:00,246.0,250.0,227.0,237.0,960.0
2008-09-15 21:00:00+00:00,236.0,238.0,222.0,224.0,920.0
2008-09-16 21:00:00+00:00,223.0,233.0,222.5,225.5,1052.0
2008-09-17 21:00:00+00:00,225.0,251.0,224.5,237.0,1313.0
2008-09-18 21:00:00+00:00,237.0,241.5,227.5,237.0,712.0
2008-09-19 21:00:00+00:00,237.0,237.0,234.0,234.0,113.0
2008-09-20 21:00:00+00:00,234.0,234.0,234.0,234.0,1.0
2008-09-21 21:00:00+00:00,236.5,259.0,236.0,254.0,957.0
2008-09-22 21:00:00+00:00,254.0,258.5,244.5,248.5,947.0
2008-09-23 21:00:00+00:00,248.5,254.0,246.0,253.0,1056.0
2008-09-24 21:00:00+00:00,253.5,253.5,234.5,238.0,724.0
2008-09-25 21:00:00+00:00,238.0,242.5,223.5,223.5,418.0
2008-09-26 21:00:00+00:00,224.0,227.5,224.0,226.0,78.0
2008-09-27 21:00:00+00:00,226.0,227.5,226.0,226.0,7.0
2008-09-28 21:00:00+00:00,226.0,226.5,208.0,215.0,684.0
2008-09-29 21:00:00+00:00,214.5,218.5,196.0,199.0,967.0
2008-09-30 21:00:00+00:00,199.0,219.0,196.0,209.5,1052.0
2008-10-01 21:00:00+00:00,210.0,212.0,200.0,201.0,894.0
2008-10-02 21:00:00+00:00,201.5,206.0,193.5,200.0,661.0
2008-10-03 21:00:00+00:00,200.0,202.5,195.0,202.5,203.0
2008-10-04 21:00:00+00:00,202.5,202.5,202.5,202.5,2.0
2008-10-05 21:00:00+00:00,199.5,203.5,195.0,199.5,855.0
2008-10-06 21:00:00+00:00,200.0,206.0,194.25,197.5,1187.0
2008-10-07 21:00:00+00:00,197.0,203.5,195.25,198.0,882.0
2008-10-08 21:00:00+00:00,196.5,205.0,195.5,203.5,626.0
2008-10-09 21:00:00+00:00,203.5,204.5,189.5,195.0,529.0
2008-10-10 21:00:00+00:00,192.5,195.0,191.0,195.0,37.0
2008-10-11 21:00:00+00:00,195.0,195.0,192.5,192.5,2.0
2008-10-12 21:00:00+00:00,190.5,205.5,186.5,202.0,350.0
2008-10-13 21:00:00+00:00,203.0,209.5,199.5,202.5,373.0
2008-10-14 21:00:00+00:00,202.5,204.0,195.0,198.5,297.0
2008-10-15 21:00:00+00:00,198.5,198.5,164.0,173.0,467.0
2008-10-16 21:00:00+00:00,172.5,182.5,166.0,172.0,421.0
2008-10-17 21:00:00+00:00,173.0,175.0,172.0,172.5,41.0
2008-10-18 21:00:00+00:00,174.5,174.5,172.5,172.5,3.0
2008-10-19 21:00:00+00:00,176.0,184.5,172.5,179.5,367.0
2008-10-20 21:00:00+00:00,178.5,187.0,178.5,182.5,366.0
2008-10-21 21:00:00+00:00,184.0,184.5,176.5,180.0,321.0
2008-10-22 21:00:00+00:00,180.0,180.5,168.5,171.5,393.0
2008-10-23 21:00:00+00:00,171.0,178.0,167.0,171.5,335.0
2008-10-24 21:00:00+00:00,170.5,172.5,168.0,170.0,42.0
2008-10-25 21:00:00+00:00,170.0,172.0,170.0,172.0,4.0
2008-10-26 21:00:00+00:00,172.0,175.0,166.0,174.0,262.0
2008-10-27 21:00:00+00:00,171.0,183.5,158.0,181.0,756.0
2008-10-28 21:00:00+00:00,180.5,204.0,178.0,196.5,895.0
2008-10-29 21:00:00+00:00,191.5,206.0,191.5,197.5,874.0
2008-10-30 21:00:00+00:00,197.5,203.0,191.5,199.5,734.0
2008-10-31 21:00:00+00:00,200.0,202.0,198.0,198.0,82.0
2008-11-02 22:00:00+00:00,198.5,203.0,197.5,202.5,418.0
2008-11-03 22:00:00+00:00,202.0,216.0,198.5,211.5,947.0
2008-11-04 22:00:00+00:00,209.5,221.0,207.5,218.5,655.0
2008-11-05 22:00:00+00:00,218.0,237.5,214.0,222.0,1027.0
2008-11-06 22:00:00+00:00,221.0,233.0,218.0,224.0,787.0
2008-11-07 22:00:00+00:00,224.0,225.5,223.0,224.0,112.0
2008-11-08 22:00:00+00:00,224.0,225.0,224.0,225.0,3.0
2008-11-09 22:00:00+00:00,225.5,230.5,222.0,224.0,521.0
2008-11-10 22:00:00+00:00,225.0,225.5,216.5,219.0,688.0
2008-11-11 22:00:00+00:00,219.0,222.0,212.5,216.5,829.0
2008-11-12 22:00:00+00:00,216.0,220.0,207.5,217.0,930.0
2008-11-13 22:00:00+00:00,217.0,222.0,211.5,217.0,670.0
2008-11-14 22:00:00+00:00,216.5,220.5,215.5,217.0,147.0
2008-11-15 22:00:00+00:00,217.0,218.5,217.0,217.0,7.0
2008-11-16 22:00:00+00:00,217.0,222.5,210.5,218.5,524.0
2008-11-17 22:00:00+00:00,218.5,221.0,212.0,216.0,693.0
2008-11-18 22:00:00+00:00,216.0,221.0,202.0,203.5,805.0
2008-11-19 22:00:00+00:00,203.5,203.5,174.0,175.5,1251.0
2008-11-20 22:00:00+00:00,175.5,186.5,174.0,179.5,559.0
2008-11-21 22:00:00+00:00,180.0,187.5,179.0,179.5,106.0
2008-11-22 22:00:00+00:00,185.0,185.0,185.0,185.0,1.0
2008-11-23 22:00:00+00:00,185.0,198.5,179.5,195.5,267.0
2008-11-24 22:00:00+00:00,195.5,204.0,193.5,196.5,255.0
2008-11-25 22:00:00+00:00,196.5,200.5,189.5,190.0,249.0
2008-11-26 22:00:00+00:00,190.0,195.5,185.0,191.0,276.0
2008-11-27 22:00:00+00:00,190.5,192.5,187.0,187.0,150.0
2008-11-28 22:00:00+00:00,192.0,193.5,187.5,189.5,31.0
2008-11-30 22:00:00+00:00,187.5,187.5,168.0,176.5,170.0
2008-12-01 22:00:00+00:00,176.0,178.0,167.5,172.5,441.0
2008-12-02 22:00:00+00:00,173.0,177.0,169.0,176.0,269.0
2008-12-03 22:00:00+00:00,175.0,177.0,171.5,175.5,257.0
2008-12-04 22:00:00+00:00,175.0,175.5,160.5,162.0,259.0
2008-12-05 22:00:00+00:00,162.5,165.0,161.0,164.5,52.0
2008-12-06 22:00:00+00:00,162.5,162.5,162.5,162.5,1.0
2008-12-07 22:00:00+00:00,164.5,183.0,164.0,172.5,286.0
2008-12-08 22:00:00+00:00,176.5,182.5,172.0,179.5,208.0
2008-12-09 22:00:00+00:00,179.5,183.0,176.0,182.0,225.0
2008-12-10 22:00:00+00:00,182.0,186.0,178.5,181.5,276.0
2008-12-11 22:00:00+00:00,181.5,184.5,167.0,174.0,272.0
2008-12-12 22:00:00+00:00,174.0,175.0,172.5,174.0,62.0
2008-12-14 22:00:00+00:00,173.0,180.5,172.5,178.0,201.0
2008-12-15 22:00:00+00:00,178.0,178.5,173.5,176.5,219.0
2008-12-16 22:00:00+00:00,177.0,182.0,175.5,176.5,287.0
2008-12-17 22:00:00+00:00,176.5,182.0,176.0,178.0,274.0
2008-12-18 22:00:00+00:00,178.0,179.0,175.0,176.0,294.0
2008-12-19 22:00:00+00:00,177.5,178.0,175.5,176.0,56.0
2008-12-20 22:00:00+00:00,176.0,176.0,176.0,176.0,1.0
2008-12-21 22:00:00+00:00,176.5,180.0,173.0,173.5,219.0
2008-12-22 22:00:00+00:00,173.5,175.5,171.0,174.0,276.0
2008-12-23 22:00:00+00:00,174.0,177.0,170.0,176.5,199.0
2008-12-24 22:00:00+00:00,176.5,177.0,176.0,177.0,26.0
2008-12-25 22:00:00+00:00,174.0,177.0,173.5,174.5,87.0
2008-12-26 22:00:00+00:00,174.0,178.0,174.0,174.0,73.0
2008-12-28 22:00:00+00:00,179.0,190.5,174.0,185.5,289.0
2008-12-29 22:00:00+00:00,185.5,188.5,182.0,184.0,363.0
2008-12-30 22:00:00+00:00,185.0,189.0,181.5,187.0,140.0
2008-12-31 22:00:00+00:00,188.0,195.0,184.0,184.0,107.0
2009-01-01 22:00:00+00:00,187.5,193.0,184.0,192.5,220.0
2009-01-02 22:00:00+00:00,193.0,193.5,189.5,189.5,79.0
2009-01-03 22:00:00+00:00,189.5,189.5,189.5,189.5,1.0
2009-01-04 22:00:00+00:00,194.5,197.0,181.0,184.5,253.0
2009-01-05 22:00:00+00:00,184.5,200.5,183.0,194.5,239.0
2009-01-06 22:00:00+00:00,200.0,207.5,192.5,200.5,302.0
2009-01-07 22:00:00+00:00,200.5,201.0,193.0,197.5,298.0
2009-01-08 22:00:00+00:00,197.5,198.0,185.0,192.5,256.0
2009-01-09 22:00:00+00:00,192.5,195.5,191.0,191.0,56.0
2009-01-10 22:00:00+00:00,193.5,193.5,193.5,193.5,2.0
2009-01-11 22:00:00+00:00,193.5,198.5,185.5,188.0,208.0
2009-01-12 22:00:00+00:00,188.0,190.0,181.5,185.0,258.0
2009-01-13 22:00:00+00:00,183.5,188.5,179.5,181.5,252.0
2009-01-14 22:00:00+00:00,181.5,184.0,175.0,178.0,224.0
2009-01-15 22:00:00+00:00,178.5,186.5,178.0,185.0,276.0
2009-01-16 22:00:00+00:00,185.5,186.5,184.5,185.0,94.0
2009-01-17 22:00:00+00:00,185.0,185.5,185.0,185.5,3.0
2009-01-18 22:00:00+00:00,186.0,188.5,183.0,183.0,207.0
2009-01-19 22:00:00+00:00,183.0,185.5,180.5,184.0,256.0
2009-01-20 22:00:00+00:00,184.0,186.0,181.5,184.0,258.0
2009-01-21 22:00:00+00:00,184.0,188.0,184.0,185.5,190.0
2009-01-22 22:00:00+00:00,185.5,192.5,181.5,192.0,194.0
2009-01-23 22:00:00+00:00,192.5,198.5,192.0,197.5,77.0
2009-01-25 22:00:00+00:00,194.5,197.5,189.5,193.0,226.0
2009-01-26 22:00:00+00:00,193.0,194.0,188.5,191.5,267.0
2009-01-27 22:00:00+00:00,191.5,193.5,189.0,192.5,162.0
2009-01-28 22:00:00+00:00,191.5,193.0,187.0,191.5,262.0
2009-01-29 22:00:00+00:00,191.5,197.5,189.5,191.5,319.0
2009-01-30 22:00:00+00:00,191.5,194.0,191.5,193.0,62.0
2009-02-01 22:00:00+00:00,193.5,197.5,192.0,197.5,218.0
2009-02-02 22:00:00+00:00,196.0,197.0,191.5,192.5,238.0
2009-02-03 22:00:00+00:00,192.0,201.5,190.5,200.0,232.0
2009-02-04 22:00:00+00:00,199.5,205.5,195.0,200.5,298.0
2009-02-05 22:00:00+00:00,200.0,214.0,200.0,210.5,347.0
2009-02-06 22:00:00+00:00,211.0,214.0,210.5,210.5,63.0
2009-02-07 22:00:00+00:00,212.5,212.5,212.5,212.5,2.0
2009-02-08 22:00:00+00:00,212.5,215.5,205.0,211.0,266.0
2009-02-09 22:00:00+00:00,210.5,218.5,205.0,212.5,408.0
2009-02-10 22:00:00+00:00,212.5,216.5,208.5,214.5,235.0
2009-02-11 22:00:00+00:00,215.5,219.5,214.0,219.0,293.0
2009-02-12 22:00:00+00:00,219.0,219.0,211.5,212.5,197.0
2009-02-13 22:00:00+00:00,215.0,218.0,214.5,214.5,66.0
2009-02-14 22:00:00+00:00,214.5,216.5,214.5,216.5,6.0
2009-02-15 22:00:00+00:00,216.5,218.5,212.5,215.0,179.0
2009-02-16 22:00:00+00:00,215.0,221.0,211.5,217.0,188.0
2009-02-17 22:00:00+00:00,216.5,221.5,216.5,218.5,247.0
2009-02-18 22:00:00+00:00,219.0,220.5,213.0,217.5,230.0
2009-02-19 22:00:00+00:00,217.5,218.0,214.0,216.0,167.0
2009-02-20 22:00:00+00:00,216.0,216.5,215.0,216.5,24.0
2009-02-21 22:00:00+00:00,215.0,215.0,215.0,215.0,1.0
2009-02-22 22:00:00+00:00,213.5,216.0,197.5,200.5,216.0
2009-02-23 22:00:00+00:00,200.5,209.0,197.0,200.5,458.0
2009-02-24 22:00:00+00:00,199.5,203.0,198.0,199.0,265.0
2009-02-25 22:00:00+00:00,199.0,200.5,194.5,196.5,313.0
2009-02-26 22:00:00+00:00,198.0,199.0,192.0,194.5,232.0
2009-02-27 22:00:00+00:00,194.5,197.0,194.5,194.5,46.0
2009-02-28 22:00:00+00:00,196.0,196.0,196.0,196.0,1.0
2009-03-01 22:00:00+00:00,196.5,199.5,193.5,195.0,154.0
2009-03-02 22:00:00+00:00,195.0,195.5,190.0,191.5,211.0
2009-03-03 22:00:00+00:00,191.5,197.0,191.0,196.0,260.0
2009-03-04 22:00:00+00:00,195.5,201.5,195.0,198.5,401.0
2009-03-05 22:00:00+00:00,198.5,205.0,198.0,201.0,307.0
2009-03-06 22:00:00+00:00,201.0,205.5,201.0,201.0,61.0
2009-03-08 21:00:00+00:00,202.5,204.0,197.0,198.0,195.0
2009-03-09 21:00:00+00:00,198.0,199.0,194.5,197.0,267.0
2009-03-10 21:00:00+00:00,196.5,200.0,196.0,197.5,244.0
2009-03-11 21:00:00+00:00,198.0,199.5,197.0,198.0,156.0
2009-03-12 21:00:00+00:00,197.0,202.0,196.5,199.5,124.0
2009-03-13 21:00:00+00:00,199.5,199.5,199.0,199.0,15.0
2009-03-14 21:00:00+00:00,199.0,199.0,199.0,199.0,1.0
2009-03-15 21:00:00+00:00,198.5,200.0,197.5,199.0,131.0
2009-03-16 21:00:00+00:00,199.5,202.0,192.5,195.5,183.0
2009-03-17 21:00:00+00:00,195.5,197.5,193.5,194.5,179.0
2009-03-18 21:00:00+00:00,193.0,210.0,192.5,204.0,373.0
2009-03-19 21:00:00+00:00,204.0,210.0,204.0,209.5,293.0
2009-03-20 21:00:00+00:00,208.5,210.0,205.5,210.0,70.0
2009-03-21 21:00:00+00:00,207.0,207.0,207.0,207.0,1.0
2009-03-22 21:00:00+00:00,207.5,213.5,205.5,213.0,317.0
2009-03-23 21:00:00+00:00,212.0,214.0,204.5,206.5,320.0
2009-03-24 21:00:00+00:00,206.5,213.0,204.5,212.0,303.0
2009-03-25 21:00:00+00:00,211.5,227.0,211.5,223.0,295.0
2009-03-26 21:00:00+00:00,223.0,224.0,211.5,223.5,340.0
2009-03-27 21:00:00+00:00,223.0,223.0,220.0,221.5,23.0
2009-03-28 21:00:00+00:00,220.0,220.0,220.0,220.0,1.0
2009-03-29 21:00:00+00:00,220.0,222.0,211.0,216.5,275.0
2009-03-30 21:00:00+00:00,216.0,219.0,213.5,217.5,216.0
2009-03-31 21:00:00+00:00,217.5,221.5,212.0,220.0,341.0
2009-04-01 21:00:00+00:00,219.5,225.0,215.0,222.5,332.0
2009-04-02 21:00:00+00:00,222.0,224.0,219.0,222.5,288.0
2009-04-03 21:00:00+00:00,222.5,222.5,220.0,220.5,25.0
2009-04-04 21:00:00+00:00,220.5,220.5,220.5,220.5,1.0
2009-04-05 21:00:00+00:00,220.5,225.0,217.5,224.0,218.0
2009-04-06 21:00:00+00:00,224.5,227.5,223.0,224.5,222.0
2009-04-07 21:00:00+00:00,225.0,234.5,224.0,234.5,294.0
2009-04-08 21:00:00+00:00,234.5,238.5,230.0,231.5,331.0
2009-04-09 21:00:00+00:00,232.0,236.5,231.5,236.0,95.0
2009-04-11 21:00:00+00:00,236.0,236.0,236.0,236.0,1.0
2009-04-12 21:00:00+00:00,236.0,241.5,234.5,241.5,154.0
2009-04-13 21:00:00+00:00,242.0,242.0,234.5,236.0,835.0
2009-04-14 21:00:00+00:00,236.0,238.0,232.5,237.5,995.0
2009-04-15 21:00:00+00:00,237.5,240.0,232.5,234.5,1045.0
2009-04-16 21:00:00+00:00,234.5,235.0,232.5,233.0,696.0
2009-04-17 21:00:00+00:00,233.0,234.0,232.0,234.0,159.0
2009-04-18 21:00:00+00:00,234.0,234.0,234.0,234.0,1.0
2009-04-19 21:00:00+00:00,234.0,235.5,223.5,225.0,1088.0
2009-04-20 21:00:00+00:00,225.0,229.5,221.0,221.5,810.0
2009-04-21 21:00:00+00:00,221.0,234.0,221.0,232.0,532.0
2009-04-22 21:00:00+00:00,233.0,234.0,229.5,232.0,299.0
2009-04-23 21:00:00+00:00,232.0,236.0,232.0,234.0,208.0
2009-04-24 21:00:00+00:00,234.0,234.5,232.5,233.5,39.0
2009-04-25 21:00:00+00:00,233.5,233.5,233.5,233.5,1.0
2009-04-26 21:00:00+00:00,233.5,235.0,225.0,227.5,181.0
2009-04-27 21:00:00+00:00,227.5,227.5,212.5,216.0,382.0
2009-04-28 21:00:00+00:00,215.5,223.5,214.5,222.5,258.0
2009-04-29 21:00:00+00:00,222.0,224.0,216.0,217.5,288.0
2009-04-30 21:00:00+00:00,217.5,219.5,210.5,214.0,182.0
2009-05-01 21:00:00+00:00,215.0,216.5,214.5,215.5,48.0
2009-05-02 21:00:00+00:00,215.5,215.5,215.5,215.5,1.0
2009-05-03 21:00:00+00:00,215.5,222.0,210.0,222.0,226.0
2009-05-04 21:00:00+00:00,222.0,224.5,217.0,222.5,426.0
2009-05-05 21:00:00+00:00,221.5,228.0,220.0,227.5,217.0
2009-05-06 21:00:00+00:00,229.0,243.0,227.5,239.0,318.0
2009-05-07 21:00:00+00:00,239.5,244.5,236.5,243.0,355.0
2009-05-08 21:00:00+00:00,242.5,242.5,241.0,242.5,42.0
2009-05-09 21:00:00+00:00,241.0,241.0,241.0,241.0,1.0
2009-05-10 21:00:00+00:00,241.0,245.0,235.0,236.0,312.0
2009-05-11 21:00:00+00:00,236.0,240.0,233.5,234.0,279.0
2009-05-12 21:00:00+00:00,234.0,237.0,223.0,225.0,217.0
2009-05-13 21:00:00+00:00,226.0,226.0,220.0,225.0,318.0
2009-05-14 21:00:00+00:00,225.0,227.0,224.0,225.5,249.0
2009-05-15 21:00:00+00:00,225.5,225.5,223.5,225.0,49.0
2009-05-16 21:00:00+00:00,225.5,225.5,225.0,225.0,3.0
2009-05-17 21:00:00+00:00,225.5,229.5,223.5,229.0,193.0
2009-05-18 21:00:00+00:00,230.0,234.5,227.0,233.5,228.0
2009-05-19 21:00:00+00:00,233.0,236.5,232.0,235.0,267.0
2009-05-20 21:00:00+00:00,234.5,236.0,230.5,234.5,239.0
2009-05-21 21:00:00+00:00,234.5,236.5,232.0,233.0,329.0
2009-05-22 21:00:00+00:00,233.5,234.5,232.5,234.5,59.0
2009-05-24 21:00:00+00:00,232.5,237.5,232.0,234.0,127.0
2009-05-25 21:00:00+00:00,234.0,234.5,229.5,231.0,227.0
2009-05-26 21:00:00+00:00,232.0,232.0,224.0,226.5,282.0
2009-05-27 21:00:00+00:00,226.5,234.0,222.5,232.0,328.0
2009-05-28 21:00:00+00:00,232.0,237.5,228.5,236.5,340.0
2009-05-29 21:00:00+00:00,236.5,238.0,234.0,236.0,55.0
2009-05-30 21:00:00+00:00,234.5,236.5,234.5,236.5,2.0
2009-05-31 21:00:00+00:00,236.5,242.5,235.5,242.5,105.0
2009-06-01 21:00:00+00:00,242.5,253.0,236.5,250.0,332.0
2009-06-02 21:00:00+00:00,250.0,253.0,240.5,241.5,411.0
2009-06-03 21:00:00+00:00,242.5,255.0,241.0,254.0,301.0
2009-06-04 21:00:00+00:00,254.0,265.5,251.5,259.0,353.0
2009-06-05 21:00:00+00:00,258.5,260.0,254.0,260.0,57.0
2009-06-06 21:00:00+00:00,255.5,255.5,255.5,255.5,1.0
2009-06-07 21:00:00+00:00,256.0,260.0,246.0,251.0,275.0
2009-06-08 21:00:00+00:00,251.0,257.5,247.0,255.5,396.0
2009-06-09 21:00:00+00:00,256.0,264.0,251.5,258.0,322.0
2009-06-10 21:00:00+00:00,257.5,261.5,253.0,255.0,332.0
2009-06-11 21:00:00+00:00,255.0,257.5,251.0,253.0,297.0
2009-06-12 21:00:00+00:00,252.5,253.5,251.0,253.0,49.0
2009-06-13 21:00:00+00:00,253.0,253.0,253.0,253.0,1.0
2009-06-14 21:00:00+00:00,253.0,253.0,243.5,244.0,303.0
2009-06-15 21:00:00+00:00,244.5,249.0,241.5,241.5,261.0
2009-06-16 21:00:00+00:00,242.0,246.0,237.5,243.0,263.0
2009-06-17 21:00:00+00:00,242.5,245.0,238.0,238.0,257.0
2009-06-18 21:00:00+00:00,238.0,247.5,238.0,245.0,271.0
2009-06-19 21:00:00+00:00,245.0,247.0,244.0,244.0,45.0
2009-06-21 21:00:00+00:00,247.0,247.0,231.0,232.0,301.0
2009-06-22 21:00:00+00:00,233.0,237.0,230.5,236.5,411.0
2009-06-23 21:00:00+00:00,236.0,240.5,231.0,237.0,341.0
2009-06-24 21:00:00+00:00,237.5,246.5,234.5,244.5,279.0
2009-06-25 21:00:00+00:00,244.5,248.0,243.5,246.5,307.0
2009-06-26 21:00:00+00:00,246.5,247.0,245.0,245.0,25.0
2009-06-27 21:00:00+00:00,246.0,246.0,246.0,246.0,1.0
2009-06-28 21:00:00+00:00,246.0,251.0,245.5,249.0,210.0
2009-06-29 21:00:00+00:00,252.0,253.0,246.5,249.5,416.0
2009-06-30 21:00:00+00:00,251.5,254.0,248.0,253.5,417.0
2009-07-01 21:00:00+00:00,253.5,255.0,247.0,251.5,316.0
2009-07-02 21:00:00+00:00,252.0,253.5,249.0,250.0,268.0
2009-07-03 21:00:00+00:00,249.5,250.0,249.0,249.5,36.0
2009-07-05 21:00:00+00:00,244.0,246.5,242.0,246.5,292.0
2009-07-06 21:00:00+00:00,241.5,246.0,240.0,241.5,629.0
2009-07-07 21:00:00+00:00,241.5,242.5,234.5,235.0,655.0
2009-07-08 21:00:00+00:00,235.5,240.0,233.0,236.0,700.0
2009-07-09 21:00:00+00:00,236.5,238.0,233.0,234.5,506.0
2009-07-10 21:00:00+00:00,235.0,235.0,234.0,234.5,18.0
2009-07-11 21:00:00+00:00,234.5,234.5,234.5,234.5,3.0
2009-07-12 21:00:00+00:00,235.0,235.0,227.0,234.5,592.0
2009-07-13 21:00:00+00:00,234.0,243.0,234.0,243.0,629.0
2009-07-14 21:00:00+00:00,243.0,248.0,239.0,247.0,700.0
2009-07-15 21:00:00+00:00,248.0,249.5,244.0,248.5,596.0
2009-07-16 21:00:00+00:00,248.5,249.5,244.0,248.0,532.0
2009-07-17 21:00:00+00:00,249.0,250.0,248.0,249.0,76.0
2009-07-18 21:00:00+00:00,248.5,248.5,248.5,248.5,1.0
2009-07-19 21:00:00+00:00,249.0,256.5,248.0,255.0,730.0
2009-07-20 21:00:00+00:00,254.5,260.0,252.0,256.5,555.0
2009-07-21 21:00:00+00:00,257.0,257.0,252.0,255.5,448.0
2009-07-22 21:00:00+00:00,255.5,259.5,254.5,259.0,497.0
2009-07-23 21:00:00+00:00,259.0,260.5,256.0,260.5,468.0
2009-07-24 21:00:00+00:00,260.5,261.0,259.0,259.0,87.0
2009-07-25 21:00:00+00:00,261.0,261.0,261.0,261.0,1.0
2009-07-26 21:00:00+00:00,261.5,263.5,258.0,262.0,469.0
2009-07-27 21:00:00+00:00,262.0,264.5,257.0,259.5,562.0
2009-07-28 21:00:00+00:00,260.0,260.5,252.5,255.5,602.0
2009-07-29 21:00:00+00:00,253.5,260.0,253.0,260.0,378.0
2009-07-30 21:00:00+00:00,259.5,264.5,256.0,264.0,391.0
2009-07-31 21:00:00+00:00,263.5,264.5,263.5,264.0,59.0
2009-08-01 21:00:00+00:00,264.0,264.0,264.0,264.0,2.0
2009-08-02 21:00:00+00:00,264.0,274.5,261.5,274.0,340.0
2009-08-03 21:00:00+00:00,274.0,280.5,269.5,279.5,509.0
2009-08-04 21:00:00+00:00,279.0,282.5,274.5,278.0,559.0
2009-08-05 21:00:00+00:00,277.0,278.5,268.0,270.0,507.0
2009-08-06 21:00:00+00:00,271.5,279.5,268.0,279.0,489.0
2009-08-07 21:00:00+00:00,279.0,279.0,274.0,275.5,77.0
2009-08-09 21:00:00+00:00,274.5,278.5,271.0,275.0,305.0
2009-08-10 21:00:00+00:00,275.0,276.0,271.0,276.0,315.0
2009-08-11 21:00:00+00:00,276.0,276.0,266.5,272.5,370.0
2009-08-12 21:00:00+00:00,272.0,280.5,271.5,277.0,414.0
2009-08-13 21:00:00+00:00,277.5,279.5,274.5,276.5,383.0
2009-08-14 21:00:00+00:00,276.0,276.5,275.5,276.0,71.0
2009-08-15 21:00:00+00:00,276.0,276.0,276.0,276.0,2.0
2009-08-16 21:00:00+00:00,275.5,277.0,265.5,267.0,433.0
2009-08-17 21:00:00+00:00,266.5,272.5,265.0,272.0,377.0
2009-08-18 21:00:00+00:00,272.0,275.0,268.0,272.0,434.0
2009-08-19 21:00:00+00:00,272.0,275.5,271.0,275.0,343.0
2009-08-20 21:00:00+00:00,274.5,284.0,271.0,282.5,420.0
2009-08-21 21:00:00+00:00,282.5,283.0,280.0,281.0,104.0
2009-08-22 21:00:00+00:00,281.0,281.0,281.0,281.0,1.0
2009-08-23 21:00:00+00:00,281.0,285.0,279.0,283.5,266.0
2009-08-24 21:00:00+00:00,284.0,290.0,282.0,289.0,365.0
2009-08-25 21:00:00+00:00,289.5,289.5,284.0,285.0,387.0
2009-08-26 21:00:00+00:00,285.0,288.0,282.0,284.0,353.0
2009-08-27 21:00:00+00:00,285.5,290.5,284.0,289.5,466.0
2009-08-28 21:00:00+00:00,289.5,290.5,287.5,289.5,87.0
2009-08-29 21:00:00+00:00,289.5,289.5,289.5,289.5,1.0
2009-08-30 21:00:00+00:00,289.5,292.5,286.5,290.5,338.0
2009-08-31 21:00:00+00:00,291.0,294.0,287.0,287.0,535.0
2009-09-01 21:00:00+00:00,286.5,290.5,281.0,287.5,498.0
2009-09-02 21:00:00+00:00,288.0,294.5,285.5,293.0,372.0
2009-09-03 21:00:00+00:00,293.0,294.5,289.0,293.5,243.0
2009-09-04 21:00:00+00:00,293.5,293.5,292.0,292.5,54.0
2009-09-05 21:00:00+00:00,292.5,292.5,292.5,292.5,1.0
2009-09-06 21:00:00+00:00,292.5,295.0,291.0,294.0,360.0
2009-09-07 21:00:00+00:00,294.0,298.5,293.5,296.5,322.0
2009-09-08 21:00:00+00:00,295.5,297.5,290.5,294.0,455.0
2009-09-09 21:00:00+00:00,294.0,294.0,290.5,291.0,584.0
2009-09-10 21:00:00+00:00,291.5,297.0,290.5,293.5,510.0
2009-09-11 21:00:00+00:00,292.5,292.5,291.0,292.5,77.0
2009-09-12 21:00:00+00:00,292.5,292.5,292.5,292.5,2.0
2009-09-13 21:00:00+00:00,292.5,294.5,289.5,293.5,382.0
2009-09-14 21:00:00+00:00,293.5,294.5,288.5,293.0,436.0
2009-09-15 21:00:00+00:00,293.0,299.5,292.5,298.0,439.0
2009-09-16 21:00:00+00:00,298.0,305.0,297.0,303.0,433.0
2009-09-17 21:00:00+00:00,303.0,306.0,300.0,302.0,400.0
2009-09-18 21:00:00+00:00,302.5,302.5,300.5,302.0,41.0
2009-09-19 21:00:00+00:00,302.0,302.0,302.0,302.0,3.0
2009-09-20 21:00:00+00:00,302.0,304.5,294.0,297.5,253.0
2009-09-21 21:00:00+00:00,297.0,304.0,295.0,302.0,360.0
2009-09-22 21:00:00+00:00,302.5,303.5,294.5,295.5,508.0
2009-09-23 21:00:00+00:00,295.0,301.0,291.5,295.5,567.0
2009-09-24 21:00:00+00:00,295.5,296.0,291.5,292.5,622.0
2009-09-25 21:00:00+00:00,293.0,296.5,291.0,296.5,100.0
2009-09-26 21:00:00+00:00,296.5,296.5,296.5,296.5,1.0
2009-09-27 21:00:00+00:00,291.5,294.0,286.0,292.5,439.0
2009-09-28 21:00:00+00:00,292.0,293.0,287.0,288.5,726.0
2009-09-29 21:00:00+00:00,288.5,298.0,287.0,298.0,533.0
2009-09-30 21:00:00+00:00,297.0,298.0,290.5,291.0,598.0
2009-10-01 21:00:00+00:00,291.5,297.5,289.5,296.5,542.0
2009-10-02 21:00:00+00:00,297.5,298.0,295.0,296.5,139.0
2009-10-04 21:00:00+00:00,295.5,301.0,295.0,300.5,390.0
2009-10-05 21:00:00+00:00,300.5,311.0,298.5,309.0,381.0
2009-10-06 21:00:00+00:00,306.0,316.0,306.0,311.0,739.0
2009-10-07 21:00:00+00:00,311.5,321.0,311.5,321.0,721.0
2009-10-08 21:00:00+00:00,320.5,324.5,316.5,321.5,709.0
2009-10-09 21:00:00+00:00,321.5,321.5,320.0,320.0,89.0
2009-10-10 21:00:00+00:00,320.0,320.0,320.0,320.0,1.0
2009-10-11 21:00:00+00:00,320.5,331.0,319.0,328.5,379.0
2009-10-12 21:00:00+00:00,328.5,335.5,326.0,328.0,627.0
2009-10-13 21:00:00+00:00,328.0,332.5,322.0,328.5,631.0
2009-10-14 21:00:00+00:00,328.5,331.0,324.0,327.0,707.0
2009-10-15 21:00:00+00:00,327.0,330.0,325.0,330.0,429.0
2009-10-16 21:00:00+00:00,329.5,330.0,328.5,329.0,101.0
2009-10-17 21:00:00+00:00,329.0,329.0,329.0,329.0,1.0
2009-10-18 21:00:00+00:00,329.0,335.0,328.0,332.0,333.0
2009-10-19 21:00:00+00:00,333.0,340.5,333.0,337.0,513.0
2009-10-20 21:00:00+00:00,336.0,340.0,333.0,339.0,563.0
2009-10-21 21:00:00+00:00,338.5,340.0,334.5,338.0,410.0
2009-10-22 21:00:00+00:00,338.0,339.0,335.0,337.5,387.0
2009-10-23 21:00:00+00:00,337.0,337.0,335.0,336.0,58.0
2009-10-24 21:00:00+00:00,335.5,335.5,335.5,335.5,1.0
2009-10-25 21:00:00+00:00,336.0,337.5,331.5,333.0,446.0
2009-10-26 21:00:00+00:00,333.0,334.0,326.5,328.5,474.0
2009-10-27 21:00:00+00:00,328.5,331.0,314.5,316.0,764.0
2009-10-28 21:00:00+00:00,315.5,328.5,315.0,327.5,883.0
2009-10-29 21:00:00+00:00,327.5,332.5,321.0,323.0,592.0
2009-10-30 21:00:00+00:00,321.5,322.5,320.5,321.0,229.0
2009-10-31 21:00:00+00:00,321.0,321.0,321.0,321.0,1.0
2009-11-01 22:00:00+00:00,324.0,327.0,321.0,327.0,342.0
2009-11-02 22:00:00+00:00,327.0,328.0,315.5,325.0,614.0
2009-11-03 22:00:00+00:00,325.0,334.0,325.0,330.5,613.0
2009-11-04 22:00:00+00:00,331.0,332.0,326.0,331.5,647.0
2009-11-05 22:00:00+00:00,331.5,333.0,327.5,329.0,555.0
2009-11-06 22:00:00+00:00,328.5,331.0,327.5,330.0,151.0
2009-11-07 22:00:00+00:00,330.0,330.0,330.0,330.0,1.0
2009-11-08 22:00:00+00:00,330.0,334.0,329.5,333.5,417.0
2009-11-09 22:00:00+00:00,334.5,335.0,330.0,333.0,596.0
2009-11-10 22:00:00+00:00,333.0,348.0,332.0,343.0,696.0
2009-11-11 22:00:00+00:00,343.0,357.5,342.5,351.5,556.0
2009-11-12 22:00:00+00:00,351.5,356.0,348.0,354.0,382.0
2009-11-13 22:00:00+00:00,354.5,358.0,354.0,356.0,122.0
2009-11-14 22:00:00+00:00,356.0,356.0,356.0,356.0,2.0
2009-11-15 22:00:00+00:00,356.0,376.5,355.5,374.5,552.0
2009-11-16 22:00:00+00:00,374.5,377.5,367.0,370.0,706.0
2009-11-17 22:00:00+00:00,371.0,378.5,371.0,377.0,478.0
2009-11-18 22:00:00+00:00,376.5,376.5,362.0,367.5,641.0
2009-11-19 22:00:00+00:00,367.5,370.5,352.5,363.5,530.0
2009-11-20 22:00:00+00:00,364.0,365.0,362.0,364.0,133.0
2009-11-21 22:00:00+00:00,362.5,362.5,362.5,362.5,1.0
2009-11-22 22:00:00+00:00,363.0,375.0,362.5,372.5,463.0
2009-11-23 22:00:00+00:00,373.5,375.5,366.5,370.0,579.0
2009-11-24 22:00:00+00:00,369.5,375.5,366.0,372.0,639.0
2009-11-25 22:00:00+00:00,371.5,375.5,366.5,366.5,632.0
2009-11-26 22:00:00+00:00,368.5,372.0,353.0,367.0,572.0
2009-11-27 22:00:00+00:00,366.0,366.0,363.0,364.5,100.0
2009-11-28 22:00:00+00:00,364.5,364.5,364.5,364.5,1.0
2009-11-29 22:00:00+00:00,364.5,369.5,358.5,365.5,557.0
2009-11-30 22:00:00+00:00,366.0,386.5,363.0,382.0,726.0
2009-12-01 22:00:00+00:00,382.0,392.5,379.5,389.5,730.0
2009-12-02 22:00:00+00:00,390.0,391.5,384.0,389.5,709.0
2009-12-03 22:00:00+00:00,389.0,390.0,368.5,371.5,693.0
2009-12-04 22:00:00+00:00,372.5,379.0,370.0,373.5,407.0
2009-12-05 22:00:00+00:00,373.5,373.5,373.5,373.5,1.0
2009-12-06 22:00:00+00:00,373.5,377.5,364.5,369.5,473.0
2009-12-07 22:00:00+00:00,369.5,379.5,369.5,376.0,737.0
2009-12-08 22:00:00+00:00,376.5,376.5,360.5,368.0,724.0
2009-12-09 22:00:00+00:00,367.5,368.0,360.0,363.0,607.0
2009-12-10 22:00:00+00:00,363.0,369.0,360.0,361.0,540.0
2009-12-11 22:00:00+00:00,362.0,367.0,360.0,360.0,213.0
2009-12-13 22:00:00+00:00,362.5,367.0,360.5,366.5,392.0
2009-12-14 22:00:00+00:00,366.5,367.65,355.0,361.0,414.0
2009-12-15 22:00:00+00:00,361.5,376.5,360.0,372.0,574.0
2009-12-16 22:00:00+00:00,372.5,374.5,366.0,366.5,858.0
2009-12-17 22:00:00+00:00,366.0,371.0,360.5,365.5,650.0
2009-12-18 22:00:00+00:00,365.5,367.0,362.0,362.0,237.0
2009-12-20 22:00:00+00:00,363.5,369.5,363.0,365.0,170.0
2009-12-21 22:00:00+00:00,365.5,365.5,353.5,358.5,394.0
2009-12-22 22:00:00+00:00,358.5,361.5,346.0,361.5,535.0
2009-12-23 22:00:00+00:00,361.5,387.5,356.0,386.5,703.0
2009-12-24 22:00:00+00:00,386.5,387.5,386.0,386.5,46.0
2009-12-27 22:00:00+00:00,387.5,389.0,381.0,388.5,241.0
2009-12-28 22:00:00+00:00,389.0,390.5,386.0,388.0,345.0
2009-12-29 22:00:00+00:00,387.5,398.5,385.0,395.5,346.0
2009-12-30 22:00:00+00:00,395.5,408.5,392.0,408.0,531.0
2009-12-31 22:00:00+00:00,407.5,408.0,405.5,408.0,81.0
2010-01-03 22:00:00+00:00,407.5,425.0,407.0,419.5,432.0
2010-01-04 22:00:00+00:00,420.0,426.5,418.0,423.0,389.0
2010-01-05 22:00:00+00:00,423.5,430.0,418.5,427.5,683.0
2010-01-06 22:00:00+00:00,427.5,435.0,423.0,425.5,554.0
2010-01-07 22:00:00+00:00,425.5,431.5,422.75,424.5,539.0
2010-01-08 22:00:00+00:00,426.0,429.0,424.5,428.0,170.0
2010-01-10 22:00:00+00:00,428.0,433.5,426.0,432.5,311.0
2010-01-11 22:00:00+00:00,432.0,443.5,430.0,432.0,729.0
2010-01-12 22:00:00+00:00,431.5,431.5,415.5,422.0,937.0
2010-01-13 22:00:00+00:00,422.0,448.0,420.5,443.5,675.0
2010-01-14 22:00:00+00:00,444.0,452.5,440.0,449.0,608.0
2010-01-15 22:00:00+00:00,448.5,455.5,447.5,455.0,170.0
2010-01-17 22:00:00+00:00,453.5,459.5,452.5,459.5,377.0
2010-01-18 22:00:00+00:00,458.5,464.0,455.0,461.5,510.0
2010-01-19 22:00:00+00:00,461.5,468.5,450.0,456.0,859.0
2010-01-20 22:00:00+00:00,456.0,474.5,450.0,456.0,955.0
2010-01-21 22:00:00+00:00,455.5,457.5,426.0,439.0,1088.0
2010-01-22 22:00:00+00:00,439.0,442.5,432.5,433.0,226.0
2010-01-24 22:00:00+00:00,435.5,445.0,433.0,438.5,701.0
2010-01-25 22:00:00+00:00,438.5,444.5,424.0,429.5,825.0
2010-01-26 22:00:00+00:00,429.0,431.0,417.5,420.5,800.0
2010-01-27 22:00:00+00:00,420.0,428.0,411.0,419.5,1005.0
2010-01-28 22:00:00+00:00,419.0,424.0,410.0,413.5,527.0
2010-01-29 22:00:00+00:00,413.0,419.0,412.5,415.5,236.0
2010-01-31 22:00:00+00:00,415.0,427.0,415.0,423.5,511.0
2010-02-01 22:00:00+00:00,428.0,444.0,426.25,441.0,727.0
2010-02-02 22:00:00+00:00,441.0,449.0,438.5,440.5,648.0
2010-02-03 22:00:00+00:00,440.0,441.5,405.0,412.0,937.0
2010-02-04 22:00:00+00:00,410.5,413.5,383.0,392.0,1237.0
2010-02-05 22:00:00+00:00,392.5,406.0,390.0,405.0,380.0
2010-02-07 22:00:00+00:00,404.0,409.0,398.75,405.0,709.0
2010-02-08 22:00:00+00:00,405.0,419.0,404.5,417.0,839.0
2010-02-09 22:00:00+00:00,416.5,424.0,408.0,411.0,995.0
2010-02-10 22:00:00+00:00,411.0,421.0,409.5,421.0,799.0
2010-02-11 22:00:00+00:00,420.5,422.5,410.0,417.0,711.0
2010-02-12 22:00:00+00:00,417.5,420.0,416.0,417.0,250.0
2010-02-14 22:00:00+00:00,419.0,421.0,417.5,421.0,194.0
2010-02-15 22:00:00+00:00,421.0,434.0,420.5,433.0,472.0
2010-02-16 22:00:00+00:00,432.0,441.5,430.5,436.5,597.0
2010-02-17 22:00:00+00:00,437.0,439.5,426.5,435.0,658.0
2010-02-18 22:00:00+00:00,435.5,441.0,427.0,441.0,603.0
2010-02-19 22:00:00+00:00,441.5,448.0,438.5,439.5,217.0
2010-02-21 22:00:00+00:00,445.0,447.0,435.0,438.0,538.0
2010-02-22 22:00:00+00:00,438.0,449.25,434.5,434.5,844.0
2010-02-23 22:00:00+00:00,431.5,435.0,425.5,426.0,862.0
2010-02-24 22:00:00+00:00,426.0,428.0,416.75,422.5,855.0
2010-02-25 22:00:00+00:00,422.5,434.0,419.5,433.0,773.0
2010-02-26 22:00:00+00:00,432.5,433.0,430.0,432.5,203.0
2010-02-28 22:00:00+00:00,434.5,441.5,432.0,438.0,518.0
2010-03-01 22:00:00+00:00,438.5,444.5,434.0,444.5,799.0
2010-03-02 22:00:00+00:00,444.5,450.0,441.0,449.0,476.0
2010-03-03 22:00:00+00:00,450.0,463.0,447.0,458.5,853.0
2010-03-04 22:00:00+00:00,458.5,477.0,457.5,473.0,730.0
2010-03-05 22:00:00+00:00,473.0,482.5,472.0,478.0,184.0
2010-03-07 22:00:00+00:00,477.5,481.0,469.0,471.5,595.0
2010-03-08 22:00:00+00:00,471.0,475.0,455.0,472.0,917.0
2010-03-09 22:00:00+00:00,466.0,477.0,462.5,466.5,916.0
2010-03-10 22:00:00+00:00,465.5,466.0,447.0,461.0,1157.0
2010-03-11 22:00:00+00:00,461.0,469.5,455.5,462.5,785.0
2010-03-12 22:00:00+00:00,461.5,464.5,461.0,462.5,165.0
2010-03-14 21:00:00+00:00,461.5,465.5,456.5,460.0,500.0
2010-03-15 21:00:00+00:00,460.0,476.0,459.25,473.5,604.0
2010-03-16 21:00:00+00:00,473.0,478.5,468.75,477.5,646.0
2010-03-17 21:00:00+00:00,477.0,482.0,473.0,479.5,781.0
2010-03-18 21:00:00+00:00,479.0,481.0,465.5,469.5,557.0
2010-03-19 21:00:00+00:00,469.5,471.0,469.0,469.5,66.0
2010-03-21 21:00:00+00:00,469.7,470.7,453.0,460.5,592.0
2010-03-22 21:00:00+00:00,461.0,466.0,449.5,464.0,909.0
2010-03-23 21:00:00+00:00,464.5,467.0,446.5,454.0,961.0
2010-03-24 21:00:00+00:00,453.5,453.5,440.25,453.0,723.0
2010-03-25 21:00:00+00:00,453.5,462.0,449.0,455.5,800.0
2010-03-26 21:00:00+00:00,455.0,458.5,454.5,458.5,116.0
2010-03-28 21:00:00+00:00,460.0,477.0,454.5,474.5,539.0
2010-03-29 21:00:00+00:00,474.0,475.5,470.0,470.5,429.0
2010-03-30 21:00:00+00:00,470.5,486.0,469.0,479.0,699.0
2010-03-31 21:00:00+00:00,478.5,495.5,476.5,491.0,820.0
2010-04-01 21:00:00+00:00,491.5,493.0,488.0,492.5,90.0
2010-04-02 21:00:00+00:00,492.0,492.5,492.0,492.0,4.0
2010-04-04 21:00:00+00:00,489.0,512.0,489.0,507.0,454.0
2010-04-05 21:00:00+00:00,507.5,511.0,496.0,508.0,608.0
2010-04-06 21:00:00+00:00,507.5,514.0,504.0,512.0,621.0
2010-04-07 21:00:00+00:00,512.5,512.5,498.0,502.0,684.0
2010-04-08 21:00:00+00:00,501.5,513.0,501.0,512.5,511.0
2010-04-09 21:00:00+00:00,512.5,513.0,511.0,512.5,111.0
2010-04-11 21:00:00+00:00,512.5,525.0,512.0,523.0,512.0
2010-04-12 21:00:00+00:00,523.0,523.5,509.0,520.0,742.0
2010-04-13 21:00:00+00:00,521.0,550.5,521.0,547.0,819.0
2010-04-14 21:00:00+00:00,546.5,550.0,540.5,546.0,626.0
2010-04-15 21:00:00+00:00,545.0,546.0,525.5,532.5,803.0
2010-04-16 21:00:00+00:00,531.5,532.5,528.0,529.5,223.0
2010-04-18 21:00:00+00:00,529.0,534.5,518.5,533.0,691.0
2010-04-19 21:00:00+00:00,533.5,553.0,531.5,551.5,769.0
2010-04-20 21:00:00+00:00,550.5,571.0,550.0,568.0,638.0
2010-04-21 21:00:00+00:00,568.0,571.5,552.0,563.5,716.0
2010-04-22 21:00:00+00:00,566.5,567.0,553.0,563.0,641.0
2010-04-23 21:00:00+00:00,562.0,563.5,561.0,563.0,69.0
2010-04-25 21:00:00+00:00,562.0,573.0,562.0,565.0,412.0
2010-04-26 21:00:00+00:00,563.5,570.5,546.0,549.0,693.0
2010-04-27 21:00:00+00:00,551.5,554.0,534.0,541.5,685.0
2010-04-28 21:00:00+00:00,541.5,552.5,539.0,548.5,771.0
2010-04-29 21:00:00+00:00,548.5,559.0,548.5,554.5,650.0
2010-04-30 21:00:00+00:00,554.5,555.0,546.0,550.5,108.0
2010-05-02 21:00:00+00:00,552.5,554.0,540.5,548.0,307.0
2010-05-03 21:00:00+00:00,547.5,548.0,512.0,515.5,670.0
2010-05-04 21:00:00+00:00,515.0,522.5,485.5,508.0,684.0
2010-05-05 21:00:00+00:00,508.0,517.5,502.0,513.5,652.0
2010-05-06 21:00:00+00:00,513.5,514.5,494.5,510.0,689.0
2010-05-07 21:00:00+00:00,511.0,523.0,510.5,512.5,80.0
2010-05-09 21:00:00+00:00,512.0,534.0,512.0,525.0,478.0
2010-05-10 21:00:00+00:00,524.5,533.0,512.5,532.0,627.0
2010-05-11 21:00:00+00:00,532.0,549.0,526.0,546.5,636.0
2010-05-12 21:00:00+00:00,545.5,549.0,535.5,542.5,707.0
2010-05-13 21:00:00+00:00,542.5,543.5,522.0,526.5,809.0
2010-05-14 21:00:00+00:00,528.0,528.0,525.5,526.0,75.0
2010-05-16 21:00:00+00:00,525.5,527.0,499.5,504.5,567.0
2010-05-17 21:00:00+00:00,505.0,510.0,498.5,507.5,626.0
2010-05-18 21:00:00+00:00,505.0,506.0,452.75,459.5,777.0
2010-05-19 21:00:00+00:00,460.75,464.75,407.5,409.5,860.0
2010-05-20 21:00:00+00:00,409.0,447.25,395.5,438.0,869.0
2010-05-21 21:00:00+00:00,437.5,438.25,432.0,436.0,137.0
2010-05-23 21:00:00+00:00,435.5,457.0,431.75,453.5,707.0
2010-05-24 21:00:00+00:00,454.0,454.5,423.25,429.25,857.0
2010-05-25 21:00:00+00:00,429.0,453.5,427.5,446.5,746.0
2010-05-26 21:00:00+00:00,447.0,464.0,434.0,463.0,678.0
2010-05-27 21:00:00+00:00,463.5,472.5,453.5,462.5,591.0
2010-05-28 21:00:00+00:00,463.0,464.0,458.25,458.5,87.0
2010-05-30 21:00:00+00:00,459.5,469.0,454.75,468.5,303.0
2010-05-31 21:00:00+00:00,469.0,469.5,453.0,461.5,505.0
2010-06-01 21:00:00+00:00,462.5,463.0,447.0,452.5,828.0
2010-06-02 21:00:00+00:00,452.5,464.5,446.5,450.0,717.0
2010-06-03 21:00:00+00:00,450.0,453.5,426.0,431.0,652.0
2010-06-04 21:00:00+00:00,432.0,432.0,425.75,426.25,156.0
2010-06-06 21:00:00+00:00,426.0,429.0,419.0,428.5,560.0
2010-06-07 21:00:00+00:00,431.0,443.5,427.0,442.0,537.0
2010-06-08 21:00:00+00:00,441.5,457.5,439.0,454.5,680.0
2010-06-09 21:00:00+00:00,455.0,457.5,445.5,448.0,587.0
2010-06-10 21:00:00+00:00,448.0,459.5,446.0,447.5,625.0
2010-06-11 21:00:00+00:00,447.0,450.0,445.5,448.5,92.0
2010-06-13 21:00:00+00:00,449.0,462.5,449.0,462.0,417.0
2010-06-14 21:00:00+00:00,462.5,474.5,456.0,473.0,662.0
2010-06-15 21:00:00+00:00,473.5,475.0,466.5,474.0,485.0
2010-06-16 21:00:00+00:00,474.5,483.0,467.5,480.5,441.0
2010-06-17 21:00:00+00:00,481.0,492.0,475.5,490.0,588.0
2010-06-18 21:00:00+00:00,490.0,491.0,488.0,490.0,100.0
2010-06-20 21:00:00+00:00,492.5,506.0,490.5,494.5,591.0
2010-06-21 21:00:00+00:00,494.5,496.0,478.0,489.0,695.0
2010-06-22 21:00:00+00:00,489.5,489.5,471.0,474.5,592.0
2010-06-23 21:00:00+00:00,475.0,480.0,464.5,471.0,652.0
2010-06-24 21:00:00+00:00,472.0,478.0,465.0,478.0,578.0
2010-06-25 21:00:00+00:00,477.5,479.5,477.0,478.5,55.0
2010-06-27 21:00:00+00:00,480.5,484.0,471.5,472.0,428.0
2010-06-28 21:00:00+00:00,472.5,473.0,453.5,456.0,647.0
2010-06-29 21:00:00+00:00,456.5,462.0,441.0,444.0,787.0
2010-06-30 21:00:00+00:00,444.0,446.0,425.0,430.5,687.0
2010-07-01 21:00:00+00:00,431.0,440.0,427.5,427.5,800.0
2010-07-02 21:00:00+00:00,428.5,434.0,426.5,432.5,83.0
2010-07-04 21:00:00+00:00,432.0,433.0,428.25,430.5,488.0
2010-07-05 21:00:00+00:00,431.0,444.5,429.0,441.0,549.0
2010-07-06 21:00:00+00:00,441.0,443.0,428.5,441.5,715.0
2010-07-07 21:00:00+00:00,441.0,453.5,436.0,445.0,544.0
2010-07-08 21:00:00+00:00,443.5,459.5,443.0,456.0,523.0
2010-07-09 21:00:00+00:00,457.5,460.5,457.5,459.5,104.0
2010-07-11 21:00:00+00:00,459.0,460.0,451.0,453.5,407.0
2010-07-12 21:00:00+00:00,454.0,469.0,452.5,469.0,492.0
2010-07-13 21:00:00+00:00,468.5,470.5,463.0,465.0,415.0
2010-07-14 21:00:00+00:00,464.5,472.0,464.5,467.0,360.0
2010-07-15 21:00:00+00:00,466.5,469.5,447.0,449.0,505.0
2010-07-16 21:00:00+00:00,449.5,453.5,448.5,449.0,115.0
2010-07-18 21:00:00+00:00,449.0,457.0,441.5,445.0,429.0
2010-07-19 21:00:00+00:00,445.0,452.0,435.5,450.5,570.0
2010-07-20 21:00:00+00:00,450.0,455.5,448.0,453.0,497.0
2010-07-21 21:00:00+00:00,453.0,458.5,444.5,456.5,462.0
2010-07-22 21:00:00+00:00,456.5,467.5,456.0,466.0,572.0
2010-07-23 21:00:00+00:00,466.0,468.5,463.0,464.5,105.0
2010-07-25 21:00:00+00:00,464.5,478.5,464.5,474.0,483.0
2010-07-26 21:00:00+00:00,474.0,478.5,465.5,465.5,471.0
2010-07-27 21:00:00+00:00,467.0,473.0,465.0,469.5,490.0
2010-07-28 21:00:00+00:00,469.0,490.5,468.0,490.5,416.0
2010-07-29 21:00:00+00:00,490.0,499.5,481.0,498.5,496.0
2010-07-30 21:00:00+00:00,497.5,498.0,493.5,498.0,121.0
2010-08-01 21:00:00+00:00,498.0,516.5,496.75,514.5,450.0
2010-08-02 21:00:00+00:00,513.5,515.5,505.5,505.5,610.0
2010-08-03 21:00:00+00:00,505.0,508.0,497.0,499.5,737.0
2010-08-04 21:00:00+00:00,500.0,501.5,489.0,497.0,625.0
2010-08-05 21:00:00+00:00,496.0,508.75,487.5,487.5,598.0
2010-08-06 21:00:00+00:00,486.5,492.0,486.5,491.0,139.0
2010-08-08 21:00:00+00:00,489.0,493.0,479.5,480.5,389.0
2010-08-09 21:00:00+00:00,480.0,483.25,472.5,473.5,560.0
2010-08-10 21:00:00+00:00,472.0,481.5,465.0,465.0,525.0
2010-08-11 21:00:00+00:00,465.0,475.5,459.25,471.0,458.0
2010-08-12 21:00:00+00:00,471.0,476.5,468.25,476.5,413.0
2010-08-13 21:00:00+00:00,477.0,478.5,475.5,477.5,76.0
2010-08-15 21:00:00+00:00,477.0,485.5,476.5,485.0,291.0
2010-08-16 21:00:00+00:00,485.0,498.0,480.0,496.5,531.0
2010-08-17 21:00:00+00:00,497.0,498.25,482.5,490.5,429.0
2010-08-18 21:00:00+00:00,491.0,496.5,485.0,485.0,423.0
2010-08-19 21:00:00+00:00,484.5,487.0,474.0,476.5,463.0
2010-08-20 21:00:00+00:00,477.0,480.0,475.5,475.5,98.0
2010-08-22 21:00:00+00:00,477.5,483.5,476.5,482.5,309.0
2010-08-23 21:00:00+00:00,484.0,487.0,473.5,484.5,536.0
2010-08-24 21:00:00+00:00,484.0,491.5,483.5,491.5,412.0
2010-08-25 21:00:00+00:00,491.5,507.5,491.5,503.5,493.0
2010-08-26 21:00:00+00:00,503.5,505.0,498.0,501.5,459.0
2010-08-27 21:00:00+00:00,501.0,505.5,501.0,504.5,81.0
2010-08-29 21:00:00+00:00,502.0,508.0,498.5,499.0,385.0
2010-08-30 21:00:00+00:00,499.0,504.0,487.0,502.0,491.0
2010-08-31 21:00:00+00:00,501.5,527.0,499.0,519.0,553.0
2010-09-01 21:00:00+00:00,519.0,524.5,515.0,523.0,332.0
2010-09-02 21:00:00+00:00,524.5,532.5,521.5,531.0,362.0
2010-09-03 21:00:00+00:00,531.0,531.0,528.5,530.5,49.0
2010-09-05 21:00:00+00:00,531.5,532.0,527.0,527.0,260.0
2010-09-06 21:00:00+00:00,527.5,529.5,520.5,521.5,248.0
2010-09-07 21:00:00+00:00,521.5,528.0,519.5,527.0,282.0
2010-09-08 21:00:00+00:00,527.5,528.5,519.5,521.0,506.0
2010-09-09 21:00:00+00:00,521.5,525.0,512.0,519.5,470.0
2010-09-10 21:00:00+00:00,519.5,521.5,518.5,520.5,105.0
2010-09-12 21:00:00+00:00,520.5,529.0,515.0,529.0,381.0
2010-09-13 21:00:00+00:00,529.5,553.5,527.5,552.0,651.0
2010-09-14 21:00:00+00:00,552.0,563.5,540.5,561.5,504.0
2010-09-15 21:00:00+00:00,557.0,563.5,549.0,549.5,595.0
2010-09-16 21:00:00+00:00,549.0,556.5,542.0,546.0,523.0
2010-09-17 21:00:00+00:00,545.5,546.5,542.5,542.5,79.0
2010-09-20 21:00:00+00:00,547.5,547.5,543.0,543.0,5.0
2010-09-21 21:00:00+00:00,537.5,547.0,533.5,543.5,486.0
2010-09-22 21:00:00+00:00,540.5,556.5,535.5,556.5,478.0
2010-09-23 21:00:00+00:00,558.0,562.5,551.5,560.5,472.0
2010-09-24 21:00:00+00:00,560.5,561.0,558.5,559.5,96.0
2010-09-26 21:00:00+00:00,559.75,562.5,552.5,552.5,372.0
2010-09-27 21:00:00+00:00,552.5,560.0,540.0,560.0,475.0
2010-09-28 21:00:00+00:00,560.5,572.0,560.0,567.0,527.0
2010-09-29 21:00:00+00:00,567.0,580.0,557.0,566.0,549.0
2010-09-30 21:00:00+00:00,568.0,578.5,562.5,573.5,629.0
2010-10-01 21:00:00+00:00,574.0,575.0,570.0,574.0,96.0
2010-10-03 21:00:00+00:00,573.0,574.0,560.0,560.0,426.0
2010-10-04 21:00:00+00:00,560.5,578.0,555.5,578.0,529.0
2010-10-05 21:00:00+00:00,578.0,593.0,577.5,588.0,562.0
2010-10-06 21:00:00+00:00,588.0,604.0,580.0,587.0,691.0
2010-10-07 21:00:00+00:00,585.0,592.0,570.0,587.0,834.0
2010-10-08 21:00:00+00:00,587.5,588.0,584.0,585.0,95.0
2010-10-10 21:00:00+00:00,584.0,592.0,583.0,584.5,504.0
2010-10-11 21:00:00+00:00,588.0,592.0,576.0,580.0,585.0
2010-10-12 21:00:00+00:00,580.5,595.5,578.0,594.0,643.0
2010-10-13 21:00:00+00:00,594.5,604.25,593.0,601.0,664.0
2010-10-14 21:00:00+00:00,601.0,604.75,587.0,589.0,753.0
2010-10-15 21:00:00+00:00,588.5,590.5,586.5,589.0,93.0
2010-10-17 21:00:00+00:00,590.5,592.5,567.5,587.5,603.0
2010-10-18 21:00:00+00:00,588.5,593.0,568.5,578.0,707.0
2010-10-19 21:00:00+00:00,577.5,590.5,569.75,590.0,742.0
2010-10-20 21:00:00+00:00,591.0,599.5,584.0,588.0,758.0
2010-10-21 21:00:00+00:00,586.5,594.0,578.5,589.5,868.0
2010-10-22 21:00:00+00:00,591.5,592.5,589.0,590.5,140.0
2010-10-24 21:00:00+00:00,590.0,620.0,590.0,609.0,601.0
2010-10-25 21:00:00+00:00,609.0,626.5,603.5,625.5,687.0
2010-10-26 21:00:00+00:00,625.0,638.25,617.5,618.0,868.0
2010-10-27 21:00:00+00:00,619.0,631.5,613.5,629.0,772.0
2010-10-28 21:00:00+00:00,628.5,646.5,627.25,645.5,768.0
2010-10-29 21:00:00+00:00,644.5,648.0,640.0,647.5,119.0
2010-10-31 21:00:00+00:00,652.5,656.0,645.5,649.0,539.0
2010-11-01 21:00:00+00:00,649.5,655.0,643.0,645.0,783.0
2010-11-02 21:00:00+00:00,645.0,647.5,632.75,642.0,759.0
2010-11-03 21:00:00+00:00,641.75,676.0,634.0,674.5,797.0
2010-11-04 21:00:00+00:00,675.5,699.5,669.5,685.0,921.0
2010-11-05 21:00:00+00:00,685.5,687.0,683.0,684.5,168.0
2010-11-07 22:00:00+00:00,680.0,712.5,680.0,712.5,520.0
2010-11-08 22:00:00+00:00,713.0,736.5,703.5,735.5,859.0
2010-11-09 22:00:00+00:00,735.0,743.0,676.5,711.5,925.0
2010-11-10 22:00:00+00:00,711.5,722.0,693.0,707.5,793.0
2010-11-11 22:00:00+00:00,707.5,714.0,677.0,680.0,829.0
2010-11-12 22:00:00+00:00,681.0,682.25,672.0,678.0,177.0
2010-11-14 22:00:00+00:00,675.0,689.0,665.0,685.5,750.0
2010-11-15 22:00:00+00:00,685.0,685.5,637.5,643.5,979.0
2010-11-16 22:00:00+00:00,644.0,663.5,627.0,656.5,1021.0
2010-11-17 22:00:00+00:00,657.0,696.5,651.0,692.0,972.0
2010-11-18 22:00:00+00:00,693.5,706.5,687.5,697.5,1013.0
2010-11-19 22:00:00+00:00,699.0,704.5,699.0,702.5,214.0
2010-11-21 22:00:00+00:00,711.5,714.0,684.5,686.0,718.0
2010-11-22 22:00:00+00:00,685.0,694.5,660.0,684.5,843.0
2010-11-23 22:00:00+00:00,684.0,701.0,683.5,694.5,771.0
2010-11-24 22:00:00+00:00,695.0,700.0,692.0,698.5,507.0
2010-11-25 22:00:00+00:00,697.5,701.0,666.0,677.5,500.0
2010-11-26 22:00:00+00:00,678.5,684.0,677.5,680.5,69.0
2010-11-28 22:00:00+00:00,676.5,693.5,669.75,691.5,780.0
2010-11-29 22:00:00+00:00,691.5,706.5,686.0,699.5,710.0
2010-11-30 22:00:00+00:00,700.5,729.0,694.25,727.0,721.0
2010-12-01 22:00:00+00:00,727.5,770.0,726.5,768.0,747.0
2010-12-02 22:00:00+00:00,765.0,778.5,755.5,767.5,622.0
2010-12-03 22:00:00+00:00,767.0,771.5,761.0,768.5,186.0
2010-12-05 22:00:00+00:00,769.0,775.0,755.5,756.5,515.0
2010-12-06 22:00:00+00:00,757.0,774.0,745.5,747.0,830.0
2010-12-07 22:00:00+00:00,746.0,746.0,716.5,729.5,686.0
2010-12-08 22:00:00+00:00,730.0,752.0,725.5,744.5,731.0
2010-12-09 22:00:00+00:00,744.0,747.0,726.0,736.5,712.0
2010-12-10 22:00:00+00:00,737.0,739.5,730.0,734.5,181.0
2010-12-12 22:00:00+00:00,734.5,765.5,733.0,754.5,547.0
2010-12-13 22:00:00+00:00,757.0,764.0,752.0,758.0,593.0
2010-12-14 22:00:00+00:00,758.5,768.0,755.5,761.0,300.0
2011-01-02 22:00:00+00:00,798.5,808.0,795.25,804.5,428.0
2011-01-03 22:00:00+00:00,805.0,805.0,766.5,778.0,872.0
2011-01-04 22:00:00+00:00,776.0,780.0,750.0,765.5,859.0
2011-01-05 22:00:00+00:00,765.5,778.0,759.5,765.0,757.0
2011-01-06 22:00:00+00:00,763.5,765.5,740.0,758.0,819.0
2011-01-07 22:00:00+00:00,758.0,761.5,750.0,751.0,205.0
2011-01-09 22:00:00+00:00,751.0,763.5,748.0,754.0,477.0
2011-01-10 22:00:00+00:00,754.0,782.5,746.5,781.5,462.0
2011-01-11 22:00:00+00:00,781.5,806.5,779.5,803.0,389.0
2011-01-12 22:00:00+00:00,804.5,822.5,803.0,811.5,412.0
2011-01-13 22:00:00+00:00,813.0,815.0,787.5,791.5,429.0
2011-01-14 22:00:00+00:00,790.5,797.0,788.5,794.0,117.0
2011-01-16 22:00:00+00:00,794.5,801.0,784.0,796.0,347.0
2011-01-17 22:00:00+00:00,795.5,810.75,790.5,810.5,369.0
2011-01-18 22:00:00+00:00,808.75,828.0,806.25,821.5,365.0
2011-01-19 22:00:00+00:00,822.5,822.5,795.5,808.5,400.0
2011-01-20 22:00:00+00:00,814.5,820.0,803.0,814.5,382.0
2011-01-21 22:00:00+00:00,815.0,824.0,814.0,822.25,135.0
2011-01-23 22:00:00+00:00,821.0,828.0,810.0,819.0,292.0
2011-01-24 22:00:00+00:00,818.5,819.0,778.5,779.0,458.0
2011-01-25 22:00:00+00:00,780.5,800.0,778.5,795.0,427.0
2011-01-26 22:00:00+00:00,793.5,817.5,793.5,806.5,410.0
2011-01-27 22:00:00+00:00,813.0,815.5,791.5,815.0,459.0
2011-01-28 22:00:00+00:00,816.0,816.5,810.0,816.0,96.0
2011-01-30 22:00:00+00:00,816.0,817.0,804.5,813.0,377.0
2011-01-31 22:00:00+00:00,815.5,824.5,810.5,820.5,340.0
2011-02-01 22:00:00+00:00,823.0,828.0,816.0,816.0,379.0
2011-02-02 22:00:00+00:00,815.5,817.0,806.0,812.5,334.0
2011-02-03 22:00:00+00:00,817.5,828.0,813.0,819.0,362.0
2011-02-04 22:00:00+00:00,817.0,820.5,813.5,814.0,83.0
2011-02-06 22:00:00+00:00,813.5,824.0,813.0,819.0,247.0
2011-02-07 22:00:00+00:00,819.5,837.5,816.0,837.5,312.0
2011-02-08 22:00:00+00:00,836.0,839.25,827.0,827.5,355.0
2011-02-09 22:00:00+00:00,830.0,834.25,816.25,824.75,388.0
2011-02-10 22:00:00+00:00,825.0,828.0,816.0,816.0,359.0
2011-02-11 22:00:00+00:00,810.0,816.0,807.0,813.5,102.0
2011-02-13 22:00:00+00:00,809.5,835.5,809.5,832.0,382.0
2011-02-14 22:00:00+00:00,831.5,849.5,827.5,838.0,451.0
2011-02-15 22:00:00+00:00,837.5,845.5,836.0,840.5,378.0
2011-02-16 22:00:00+00:00,841.5,846.0,835.5,842.0,387.0
2011-02-17 22:00:00+00:00,841.5,856.5,840.5,855.0,349.0
2011-02-18 22:00:00+00:00,854.0,857.0,846.5,850.75,128.0
2011-02-20 22:00:00+00:00,847.0,862.0,847.0,861.5,341.0
2011-02-21 22:00:00+00:00,858.0,860.5,819.5,819.5,286.0
2011-02-22 22:00:00+00:00,808.5,817.0,785.5,795.0,366.0
2011-02-23 22:00:00+00:00,795.5,795.5,760.25,776.75,477.0
2011-02-24 22:00:00+00:00,776.5,790.5,773.25,790.5,473.0
2011-02-25 22:00:00+00:00,788.25,793.5,786.5,790.5,126.0
2011-02-27 22:00:00+00:00,790.5,803.75,788.75,795.0,345.0
2011-02-28 22:00:00+00:00,795.0,814.5,795.0,814.0,381.0
2011-03-01 22:00:00+00:00,814.0,825.0,809.0,823.5,321.0
2011-03-02 22:00:00+00:00,821.0,823.25,815.0,820.0,399.0
2011-03-03 22:00:00+00:00,820.5,821.0,799.75,808.0,551.0
2011-03-04 22:00:00+00:00,809.0,814.5,806.5,812.0,132.0
2011-03-06 22:00:00+00:00,811.5,819.5,782.5,787.0,265.0
2011-03-07 22:00:00+00:00,789.5,793.0,775.5,788.5,391.0
2011-03-08 22:00:00+00:00,787.5,800.5,784.0,787.0,435.0
2011-03-09 22:00:00+00:00,786.0,786.0,761.5,767.0,335.0
2011-03-10 22:00:00+00:00,767.0,772.75,744.0,758.0,415.0
2011-03-11 22:00:00+00:00,758.5,766.0,756.5,760.0,104.0
2011-03-13 21:00:00+00:00,759.0,760.0,746.5,747.5,278.0
2011-03-14 21:00:00+00:00,748.0,749.0,695.0,705.5,392.0
2011-03-15 21:00:00+00:00,705.5,720.5,699.0,702.0,354.0
2011-03-16 21:00:00+00:00,706.0,719.5,687.0,716.5,315.0
2011-03-17 21:00:00+00:00,716.5,732.0,707.5,732.0,358.0
2011-03-18 21:00:00+00:00,732.0,732.0,729.0,730.5,52.0
2011-03-20 21:00:00+00:00,733.5,746.25,733.0,743.75,287.0
2011-03-21 21:00:00+00:00,741.0,749.0,732.5,737.0,393.0
2011-03-22 21:00:00+00:00,737.5,751.0,735.5,749.0,321.0
2011-03-23 21:00:00+00:00,748.0,760.5,744.5,752.0,375.0
2011-03-24 21:00:00+00:00,754.0,756.0,745.5,750.0,361.0
2011-03-25 21:00:00+00:00,751.0,752.5,746.5,750.0,83.0
2011-03-27 21:00:00+00:00,750.0,750.0,736.5,745.5,277.0
2011-03-28 21:00:00+00:00,746.0,757.0,739.5,750.0,370.0
2011-03-29 21:00:00+00:00,754.0,761.0,747.5,758.0,345.0
2011-03-30 21:00:00+00:00,758.0,771.0,751.5,768.0,371.0
2011-03-31 21:00:00+00:00,767.0,776.5,762.0,774.5,358.0
2011-04-01 21:00:00+00:00,773.5,775.5,773.25,774.5,47.0
2011-04-03 21:00:00+00:00,775.0,788.5,774.5,784.0,294.0
2011-04-04 21:00:00+00:00,783.0,793.0,778.5,793.0,372.0
2011-04-05 21:00:00+00:00,792.0,798.5,784.0,784.0,420.0
2011-04-06 21:00:00+00:00,781.5,792.5,775.5,780.0,403.0
2011-04-07 21:00:00+00:00,780.0,803.0,768.5,795.0,410.0
2011-04-08 21:00:00+00:00,796.5,798.0,793.5,796.5,105.0
2011-04-10 21:00:00+00:00,782.5,804.75,779.5,789.0,389.0
2011-04-11 21:00:00+00:00,786.5,787.5,765.5,769.5,393.0
2011-04-12 21:00:00+00:00,770.0,775.5,760.0,765.0,324.0
2011-04-13 21:00:00+00:00,765.5,774.5,757.0,774.0,333.0
2011-04-14 21:00:00+00:00,774.5,778.5,767.5,769.0,342.0
2011-04-15 21:00:00+00:00,768.5,769.0,764.5,767.0,86.0
2011-04-16 21:00:00+00:00,767.0,767.0,767.0,767.0,1.0
2011-04-17 21:00:00+00:00,765.0,769.5,735.5,739.0,280.0
2011-04-18 21:00:00+00:00,737.0,746.0,726.5,733.0,443.0
2011-04-19 21:00:00+00:00,731.0,761.5,730.5,758.5,406.0
2011-04-20 21:00:00+00:00,757.0,770.5,754.5,768.5,343.0
2011-04-21 21:00:00+00:00,768.5,771.0,765.0,766.5,75.0
2011-04-22 21:00:00+00:00,766.0,766.5,765.0,765.5,39.0
2011-04-24 21:00:00+00:00,771.0,776.5,750.0,764.0,240.0
2011-04-25 21:00:00+00:00,762.0,765.5,747.5,756.0,337.0
2011-04-26 21:00:00+00:00,756.5,759.5,750.0,759.0,307.0
2011-04-27 21:00:00+00:00,758.5,780.5,758.5,775.0,296.0
2011-04-28 21:00:00+00:00,775.5,793.0,770.0,792.0,339.0
2011-04-29 21:00:00+00:00,793.0,797.0,789.5,794.5,107.0
2011-05-01 21:00:00+00:00,793.5,799.5,767.5,784.0,322.0
2011-05-02 21:00:00+00:00,784.5,786.5,768.5,783.0,259.0
2011-05-03 21:00:00+00:00,781.5,783.0,744.0,746.5,255.0
2011-05-04 21:00:00+00:00,747.0,753.25,701.75,711.5,381.0
2011-05-05 21:00:00+00:00,711.5,731.5,705.5,715.75,333.0
2011-05-06 21:00:00+00:00,714.5,721.5,712.5,718.0,64.0
2011-05-08 21:00:00+00:00,711.5,735.0,711.5,728.5,330.0
2011-05-09 21:00:00+00:00,730.0,740.5,726.5,732.5,324.0
2011-05-10 21:00:00+00:00,733.5,737.0,716.5,717.5,341.0
2011-05-11 21:00:00+00:00,716.5,720.5,698.0,716.0,324.0
2011-05-12 21:00:00+00:00,718.5,723.0,703.5,710.0,336.0
2011-05-13 21:00:00+00:00,707.5,712.0,706.5,710.5,74.0
2011-05-15 21:00:00+00:00,708.5,719.5,706.5,715.0,279.0
2011-05-16 21:00:00+00:00,715.0,722.5,706.5,712.5,295.0
2011-05-17 21:00:00+00:00,716.0,738.0,716.0,738.0,239.0
2011-05-18 21:00:00+00:00,738.0,739.0,725.0,730.0,281.0
2011-05-19 21:00:00+00:00,730.0,740.0,724.5,737.0,235.0
2011-05-20 21:00:00+00:00,736.25,737.25,733.0,735.0,56.0
2011-05-22 21:00:00+00:00,736.5,739.0,723.5,733.0,250.0
2011-05-23 21:00:00+00:00,732.25,744.0,731.0,737.0,230.0
2011-05-24 21:00:00+00:00,736.0,751.0,735.5,748.0,234.0
2011-05-25 21:00:00+00:00,749.5,757.5,745.0,757.5,298.0
2011-05-26 21:00:00+00:00,758.5,761.5,753.0,760.0,278.0
2011-05-27 21:00:00+00:00,760.0,762.5,758.5,761.0,81.0
2011-05-29 21:00:00+00:00,760.5,763.0,758.0,759.5,207.0
2011-05-30 21:00:00+00:00,760.0,783.5,759.0,780.5,249.0
2011-05-31 21:00:00+00:00,780.5,789.5,773.25,788.5,287.0
2011-06-01 21:00:00+00:00,779.5,781.0,769.0,772.5,248.0
2011-06-02 21:00:00+00:00,770.5,784.0,761.5,783.5,278.0
2011-06-03 21:00:00+00:00,786.0,787.5,781.5,784.5,92.0
2011-06-05 21:00:00+00:00,784.5,796.5,782.5,796.5,188.0
2011-06-06 21:00:00+00:00,795.5,809.5,785.5,809.0,341.0
2011-06-07 21:00:00+00:00,809.0,810.0,795.5,804.5,251.0
2011-06-08 21:00:00+00:00,804.5,819.0,799.75,818.0,259.0
2011-06-09 21:00:00+00:00,816.5,819.25,807.25,816.5,236.0
2011-06-10 21:00:00+00:00,816.0,816.5,811.25,812.5,59.0
2011-06-12 21:00:00+00:00,810.75,811.25,797.5,801.5,135.0
2011-06-13 21:00:00+00:00,799.5,805.5,789.0,792.5,276.0
2011-06-14 21:00:00+00:00,792.5,799.0,776.0,779.5,238.0
2011-06-15 21:00:00+00:00,777.0,778.5,753.0,764.0,252.0
2011-06-16 21:00:00+00:00,763.0,764.75,744.75,747.75,252.0
2011-06-17 21:00:00+00:00,743.75,749.0,743.75,745.0,54.0
2011-06-19 21:00:00+00:00,745.0,750.0,733.75,746.25,219.0
2011-06-20 21:00:00+00:00,747.0,766.5,746.75,762.5,256.0
2011-06-21 21:00:00+00:00,767.0,775.5,761.0,770.25,219.0
2011-06-22 21:00:00+00:00,769.5,770.5,742.5,744.5,270.0
2011-06-23 21:00:00+00:00,743.0,752.0,730.75,730.75,249.0
2011-06-24 21:00:00+00:00,732.75,735.0,730.75,735.0,63.0
2011-06-26 21:00:00+00:00,730.5,734.5,723.5,725.0,190.0
2011-06-27 21:00:00+00:00,725.5,739.5,725.5,734.5,220.0
2011-06-28 21:00:00+00:00,735.0,751.0,733.5,751.0,280.0
2011-06-29 21:00:00+00:00,752.0,762.75,748.0,759.25,261.0
2011-06-30 21:00:00+00:00,758.0,761.0,749.0,758.0,251.0
2011-07-01 21:00:00+00:00,756.0,759.5,755.75,758.0,69.0
2011-07-03 21:00:00+00:00,755.5,761.5,753.0,761.5,154.0
2011-07-04 21:00:00+00:00,762.0,775.0,754.5,775.0,167.0
2011-07-05 21:00:00+00:00,775.0,779.5,769.5,772.75,204.0
2011-07-06 21:00:00+00:00,772.25,786.0,764.75,786.0,139.0
2011-07-07 21:00:00+00:00,786.5,788.5,772.5,778.0,227.0
2011-07-08 21:00:00+00:00,776.0,780.5,775.5,777.5,53.0
2011-07-10 21:00:00+00:00,777.5,777.5,765.5,768.5,325.0
2011-07-11 21:00:00+00:00,768.0,769.5,748.0,767.0,284.0
2011-07-12 21:00:00+00:00,767.0,788.5,764.5,781.5,248.0
2011-07-13 21:00:00+00:00,783.5,789.75,775.5,781.5,310.0
2011-07-14 21:00:00+00:00,778.0,784.5,770.0,782.5,281.0
2011-07-15 21:00:00+00:00,780.75,783.5,779.5,783.0,72.0
2011-07-17 21:00:00+00:00,783.5,795.5,780.75,793.75,236.0
2011-07-18 21:00:00+00:00,794.5,803.0,791.25,798.25,238.0
2011-07-19 21:00:00+00:00,797.5,798.75,786.75,793.5,261.0
2011-07-20 21:00:00+00:00,794.25,808.5,793.5,808.5,253.0
2011-07-21 21:00:00+00:00,808.25,812.5,801.25,806.25,230.0
2011-07-22 21:00:00+00:00,806.5,808.75,805.5,805.5,40.0
2011-07-24 21:00:00+00:00,807.0,809.5,801.25,808.5,203.0
2011-07-25 21:00:00+00:00,808.5,832.25,805.5,831.75,232.0
2011-07-26 21:00:00+00:00,837.75,846.25,835.0,839.0,278.0
2011-07-27 21:00:00+00:00,831.0,833.0,824.25,827.5,255.0
2011-07-28 21:00:00+00:00,828.0,832.5,821.5,825.75,233.0
2011-07-29 21:00:00+00:00,827.0,831.0,826.0,831.0,57.0
2011-07-31 21:00:00+00:00,828.05,849.25,828.0,829.75,205.0
2011-08-01 21:00:00+00:00,828.75,833.0,822.0,827.0,214.0
2011-08-02 21:00:00+00:00,826.0,829.25,794.5,794.5,198.0
2011-08-03 21:00:00+00:00,796.75,797.5,745.0,754.5,267.0
2011-08-04 21:00:00+00:00,754.0,757.5,723.5,731.5,248.0
2011-08-05 21:00:00+00:00,744.0,746.0,739.5,744.0,46.0
2011-08-07 21:00:00+00:00,719.5,740.5,715.0,727.5,185.0
2011-08-08 21:00:00+00:00,726.5,738.5,709.5,735.5,200.0
2011-08-09 21:00:00+00:00,736.0,750.0,724.5,725.25,253.0
2011-08-10 21:00:00+00:00,728.0,739.5,727.75,731.5,192.0
2011-08-11 21:00:00+00:00,733.5,750.0,729.0,746.0,211.0
2011-08-12 21:00:00+00:00,749.0,749.0,746.0,747.0,56.0
2011-08-14 21:00:00+00:00,743.0,759.0,742.5,745.5,972.0
2011-08-15 21:00:00+00:00,745.0,758.0,742.0,756.5,1410.0
2011-08-16 21:00:00+00:00,756.0,784.5,750.0,775.5,1255.0
2011-08-17 21:00:00+00:00,775.5,780.5,753.0,755.0,1023.0
2011-08-18 21:00:00+00:00,754.5,761.5,742.5,748.0,1297.0
2011-08-19 21:00:00+00:00,747.5,754.0,744.0,753.0,236.0
2011-08-21 21:00:00+00:00,750.0,764.5,747.0,764.5,1243.0
2011-08-22 21:00:00+00:00,765.5,768.0,758.0,764.0,1249.0
2011-08-23 21:00:00+00:00,767.0,769.5,743.0,744.0,1291.0
2011-08-24 21:00:00+00:00,744.0,756.0,743.0,753.0,1515.0
2011-08-25 21:00:00+00:00,752.0,760.0,746.0,757.0,1385.0
2011-08-26 21:00:00+00:00,757.5,761.5,757.0,760.0,150.0
2011-08-28 21:00:00+00:00,757.0,759.5,753.0,754.0,680.0
2011-08-29 21:00:00+00:00,753.25,776.0,752.0,776.0,1158.0
2011-08-30 21:00:00+00:00,779.5,788.5,772.5,788.5,1136.0
2011-08-31 21:00:00+00:00,790.5,790.5,772.5,787.5,1310.0
2011-09-01 21:00:00+00:00,788.25,792.5,775.5,780.5,1309.0
2011-09-02 21:00:00+00:00,781.0,781.0,773.5,776.5,268.0
2011-09-04 21:00:00+00:00,779.0,780.5,762.0,765.0,307.0
2011-09-05 21:00:00+00:00,765.0,769.5,748.5,749.0,148.0
2011-09-06 21:00:00+00:00,749.5,757.0,746.0,752.5,211.0
2011-09-07 21:00:00+00:00,751.0,764.5,751.0,763.5,225.0
2011-09-08 21:00:00+00:00,763.0,764.0,738.0,738.5,162.0
2011-09-09 21:00:00+00:00,739.0,741.5,738.0,739.0,30.0
2011-09-11 21:00:00+00:00,730.5,735.5,710.5,710.5,171.0
2011-09-12 21:00:00+00:00,708.5,724.5,702.5,723.5,255.0
2011-09-13 21:00:00+00:00,727.5,733.0,717.5,719.75,225.0
2011-09-14 21:00:00+00:00,719.5,727.5,713.5,720.75,210.0
2011-09-15 21:00:00+00:00,722.5,740.25,718.5,731.0,392.0
2011-09-16 21:00:00+00:00,731.25,733.5,729.0,730.5,50.0
2011-09-18 21:00:00+00:00,726.5,733.0,710.0,710.0,188.0
2011-09-19 21:00:00+00:00,711.5,721.5,710.5,716.25,285.0
2011-09-20 21:00:00+00:00,716.75,724.5,708.5,711.0,223.0
2011-09-21 21:00:00+00:00,712.5,712.5,652.0,661.75,266.0
2011-09-22 21:00:00+00:00,661.25,664.0,640.75,641.0,299.0
2011-09-23 21:00:00+00:00,637.5,641.0,630.0,636.0,70.0
2011-09-25 21:00:00+00:00,632.5,645.5,606.0,626.5,206.0
2011-09-26 21:00:00+00:00,626.0,657.0,622.5,647.5,285.0
2011-09-27 21:00:00+00:00,648.25,654.5,634.0,634.0,262.0
2011-09-28 21:00:00+00:00,633.5,634.0,617.5,623.0,311.0
2011-09-29 21:00:00+00:00,624.5,635.5,609.75,615.5,261.0
2011-09-30 21:00:00+00:00,612.75,615.5,608.0,610.5,55.0
2011-10-02 21:00:00+00:00,610.5,613.0,588.25,594.25,182.0
2011-10-03 21:00:00+00:00,592.25,594.0,563.25,564.25,240.0
2011-10-04 21:00:00+00:00,561.0,576.5,538.5,564.5,223.0
2011-10-05 21:00:00+00:00,573.0,599.0,564.0,597.75,245.0
2011-10-06 21:00:00+00:00,600.0,616.25,587.25,587.25,258.0
2011-10-07 21:00:00+00:00,588.25,596.25,588.0,588.0,59.0
2011-10-09 21:00:00+00:00,586.0,620.0,581.0,612.5,193.0
2011-10-10 21:00:00+00:00,614.5,618.0,599.0,602.5,218.0
2011-10-11 21:00:00+00:00,606.5,615.5,602.75,609.5,297.0
2011-10-12 21:00:00+00:00,611.5,616.5,589.0,593.0,257.0
2011-10-13 21:00:00+00:00,593.0,618.5,591.0,618.5,286.0
2011-10-14 21:00:00+00:00,621.5,627.0,619.25,625.0,50.0
2011-10-15 21:00:00+00:00,625.0,625.0,625.0,625.0,1.0
2011-10-16 21:00:00+00:00,626.0,645.75,616.5,619.25,291.0
2011-10-17 21:00:00+00:00,615.5,619.5,600.0,619.5,280.0
2011-10-18 21:00:00+00:00,621.5,628.5,607.0,608.0,318.0
2011-10-19 21:00:00+00:00,608.5,611.5,581.25,585.0,563.0
2011-10-20 21:00:00+00:00,584.0,622.5,584.0,616.5,342.0
2011-10-21 21:00:00+00:00,618.25,618.75,614.25,615.5,66.0
2011-10-23 21:00:00+00:00,617.0,637.5,616.0,636.25,244.0
2011-10-24 21:00:00+00:00,639.25,650.75,633.75,649.5,286.0
2011-10-25 21:00:00+00:00,651.0,658.75,640.75,644.75,273.0
2011-10-26 21:00:00+00:00,646.25,673.0,643.25,670.0,252.0
2011-10-27 21:00:00+00:00,671.0,674.0,651.5,662.0,273.0
2011-10-28 21:00:00+00:00,666.5,666.5,666.5,666.5,1.0
2011-10-30 21:00:00+00:00,662.0,665.0,645.0,653.25,209.0
2011-10-31 21:00:00+00:00,651.0,652.5,622.5,637.0,259.0
2011-11-01 21:00:00+00:00,634.5,653.0,633.0,649.25,229.0
2011-11-02 21:00:00+00:00,648.0,672.5,637.5,663.0,232.0
2011-11-03 21:00:00+00:00,662.0,664.0,650.75,651.5,280.0
2011-11-04 21:00:00+00:00,653.0,658.0,652.0,656.5,39.0
2011-11-06 22:00:00+00:00,657.5,663.5,649.5,660.5,203.0
2011-11-07 22:00:00+00:00,662.0,677.5,657.0,673.0,285.0
2011-11-08 22:00:00+00:00,673.0,678.0,647.5,655.75,304.0
2011-11-09 22:00:00+00:00,655.0,657.0,637.0,651.0,269.0
2011-11-10 22:00:00+00:00,649.5,660.5,643.5,659.5,229.0
2011-11-11 22:00:00+00:00,661.0,662.5,658.5,661.0,55.0
2011-11-13 22:00:00+00:00,664.02,667.0,655.5,663.5,184.0
2011-11-14 22:00:00+00:00,663.0,669.0,657.75,658.0,261.0
2011-11-15 22:00:00+00:00,660.0,669.75,649.5,659.5,262.0
2011-11-16 22:00:00+00:00,660.0,660.0,620.0,624.0,233.0
2011-11-17 22:00:00+00:00,623.5,623.5,602.5,604.0,236.0
2011-11-18 22:00:00+00:00,603.75,608.25,599.0,604.0,57.0
2011-11-20 22:00:00+00:00,598.0,603.0,585.0,588.5,200.0
2011-11-21 22:00:00+00:00,589.0,595.0,584.5,593.5,242.0
2011-11-22 22:00:00+00:00,594.0,609.0,582.75,587.0,221.0
2011-11-23 22:00:00+00:00,587.0,592.0,578.0,582.5,233.0
2011-11-24 22:00:00+00:00,582.0,586.0,571.5,572.0,203.0
2011-11-25 22:00:00+00:00,571.0,573.0,567.0,568.0,26.0
2011-11-27 22:00:00+00:00,569.0,595.5,568.0,585.5,215.0
2011-11-28 22:00:00+00:00,585.0,589.0,578.75,584.0,234.0
2011-11-29 22:00:00+00:00,585.0,623.0,571.0,607.5,262.0
2011-11-30 22:00:00+00:00,608.5,641.5,606.0,633.5,211.0
2011-12-01 22:00:00+00:00,632.25,660.0,628.25,647.0,271.0
2011-12-02 22:00:00+00:00,643.5,645.0,641.5,644.0,60.0
2011-12-04 22:00:00+00:00,647.0,653.0,643.5,645.0,162.0
2011-12-05 22:00:00+00:00,645.0,665.0,630.5,662.0,248.0
2011-12-06 22:00:00+00:00,662.0,688.5,662.0,683.0,311.0
2011-12-07 22:00:00+00:00,684.5,684.75,663.75,669.25,274.0
2011-12-08 22:00:00+00:00,673.0,685.5,660.0,681.5,281.0
2011-12-09 22:00:00+00:00,682.0,688.0,682.0,686.0,60.0
2011-12-11 22:00:00+00:00,684.0,684.0,653.0,660.0,237.0
2011-12-12 22:00:00+00:00,657.0,671.0,649.5,663.75,274.0
2011-12-13 22:00:00+00:00,664.0,664.0,600.75,612.5,313.0
2011-12-14 22:00:00+00:00,610.5,626.75,608.25,616.75,295.0
2011-12-15 22:00:00+00:00,617.5,629.5,615.5,621.5,322.0
2011-12-16 22:00:00+00:00,624.5,626.5,619.5,624.5,60.0
2011-12-18 22:00:00+00:00,623.5,630.0,614.0,619.5,275.0
2011-12-19 22:00:00+00:00,623.75,626.0,608.0,625.5,222.0
2011-12-20 22:00:00+00:00,623.5,641.0,623.5,633.5,241.0
2011-12-21 22:00:00+00:00,633.5,639.5,627.5,639.5,241.0
2011-12-22 22:00:00+00:00,638.5,665.25,638.5,665.25,261.0
2011-12-23 22:00:00+00:00,664.75,666.0,659.5,663.0,78.0
2011-12-25 22:00:00+00:00,666.0,666.0,662.0,663.0,30.0
2011-12-26 22:00:00+00:00,664.0,664.0,652.0,654.0,209.0
2011-12-27 22:00:00+00:00,654.5,667.5,641.0,642.75,270.0
2011-12-28 22:00:00+00:00,643.0,649.75,624.5,629.0,287.0
2011-12-29 22:00:00+00:00,630.5,657.0,622.5,654.5,279.0
2011-12-30 22:00:00+00:00,653.75,656.25,645.5,656.0,71.0
2012-01-01 22:00:00+00:00,657.0,658.0,656.0,656.0,63.0
2012-01-02 22:00:00+00:00,657.0,666.5,651.0,666.5,136.0
2012-01-03 22:00:00+00:00,662.5,667.5,646.0,647.5,285.0
2012-01-04 22:00:00+00:00,648.0,657.5,637.5,637.5,231.0
2012-01-05 22:00:00+00:00,636.0,644.5,621.75,622.25,195.0
2012-01-06 22:00:00+00:00,614.5,616.5,613.25,615.5,49.0
2012-01-08 22:00:00+00:00,613.0,620.0,608.0,618.5,167.0
2012-01-09 22:00:00+00:00,619.5,644.5,616.5,636.5,280.0
2012-01-10 22:00:00+00:00,636.25,648.0,631.5,643.5,241.0
2012-01-11 22:00:00+00:00,642.0,648.0,634.5,636.5,261.0
2012-01-12 22:00:00+00:00,644.075,644.075,624.0,634.0,395.0
2012-01-13 22:00:00+00:00,633.5,640.5,632.26,638.0,75.0
2012-01-15 22:00:00+00:00,634.0,643.0,631.0,642.5,117.0
2012-01-16 22:00:00+00:00,642.0,663.0,640.0,652.5,172.0
2012-01-17 22:00:00+00:00,654.0,665.0,646.5,665.0,188.0
2012-01-18 22:00:00+00:00,665.0,681.0,664.0,679.0,225.0
2012-01-19 22:00:00+00:00,678.5,678.5,665.0,674.0,219.0
2012-01-20 22:00:00+00:00,674.0,678.5,673.5,678.0,61.0
2012-01-22 22:00:00+00:00,674.0,687.0,673.0,687.0,156.0
2012-01-23 22:00:00+00:00,686.0,689.5,671.0,681.5,179.0
2012-01-24 22:00:00+00:00,682.5,685.0,670.5,681.0,226.0
2012-01-25 22:00:00+00:00,681.0,700.5,679.5,693.0,203.0
2012-01-26 22:00:00+00:00,690.0,694.75,683.0,687.0,218.0
2012-01-27 22:00:00+00:00,689.0,691.0,688.0,690.5,46.0
2012-01-29 22:00:00+00:00,691.0,694.0,679.5,687.52,182.0
2012-01-30 22:00:00+00:00,687.5,695.5,686.0,686.0,201.0
2012-01-31 22:00:00+00:00,684.5,696.5,684.5,695.5,253.0
2012-02-01 22:00:00+00:00,695.0,707.5,693.5,707.5,244.0
2012-02-02 22:00:00+00:00,707.5,715.5,702.5,706.5,302.0
2012-02-03 22:00:00+00:00,705.0,709.0,704.5,707.5,71.0
2012-02-05 22:00:00+00:00,706.0,708.5,693.0,703.5,241.0
2012-02-06 22:00:00+00:00,706.0,707.5,696.0,707.5,254.0
2012-02-07 22:00:00+00:00,708.5,712.01,705.0,711.5,299.0
2012-02-08 22:00:00+00:00,710.5,718.0,708.755,715.5,310.0
2012-02-09 22:00:00+00:00,714.5,714.5,696.0,702.0,296.0
2012-02-10 22:00:00+00:00,702.0,704.01,702.0,702.87,35.0
2012-02-12 22:00:00+00:00,704.5,706.5,697.0,700.505,185.0
2012-02-13 22:00:00+00:00,699.5,700.5,683.5,688.0,218.0
2012-02-14 22:00:00+00:00,687.5,694.0,682.0,685.5,210.0
2012-02-15 22:00:00+00:00,686.0,696.0,678.0,696.0,206.0
2012-02-16 22:00:00+00:00,697.0,698.5,687.0,691.22,185.0
2012-02-17 22:00:00+00:00,691.49,691.57,686.0,686.485,71.0
2012-02-19 22:00:00+00:00,686.0,698.5,686.0,697.5,176.0
2012-02-20 22:00:00+00:00,697.0,710.75,694.5,710.5,149.0
2012-02-21 22:00:00+00:00,712.0,720.5,707.5,717.5,248.0
2012-02-22 22:00:00+00:00,716.5,725.5,714.75,719.0,234.0
2012-02-23 22:00:00+00:00,719.0,720.0,707.145,716.5,272.0
2012-02-24 22:00:00+00:00,716.75,716.75,709.25,711.5,76.0
2012-02-26 22:00:00+00:00,712.5,715.5,704.0,705.0,210.0
2012-02-27 22:00:00+00:00,706.5,719.465,701.25,717.25,247.0
2012-02-28 22:00:00+00:00,720.75,723.75,706.0,708.93,227.0
2012-02-29 22:00:00+00:00,709.5,712.0,697.5,710.55,281.0
2012-03-01 22:00:00+00:00,712.5,719.37,708.5,713.75,352.0
2012-03-02 22:00:00+00:00,712.25,715.5,709.76,713.5,73.0
2012-03-04 22:00:00+00:00,712.0,713.5,703.5,706.5,190.0
2012-03-05 22:00:00+00:00,706.5,708.5,671.0,677.0,1889.0
2012-03-06 22:00:00+00:00,677.0,685.5,663.75,681.0,1644.0
2012-03-07 22:00:00+00:00,682.0,698.5,679.0,693.0,1377.0
2012-03-08 22:00:00+00:00,692.5,705.0,688.0,702.5,1636.0
2012-03-09 22:00:00+00:00,700.28,710.5,700.28,709.5,375.0
2012-03-11 21:00:00+00:00,709.5,709.5,700.5,702.0,1229.0
2012-03-12 21:00:00+00:00,701.5,707.5,696.5,707.5,1312.0
2012-03-13 21:00:00+00:00,708.0,709.5,694.5,695.0,1756.0
2012-03-14 21:00:00+00:00,695.0,709.5,689.0,709.5,1658.0
2012-03-15 21:00:00+00:00,709.5,709.5,696.0,700.0,1411.0
2012-03-16 21:00:00+00:00,700.5,701.5,698.0,700.51,130.0
2012-03-18 21:00:00+00:00,700.0,705.5,697.0,705.5,457.0
2012-03-19 21:00:00+00:00,705.5,707.5,693.5,697.0,791.0
2012-03-20 21:00:00+00:00,695.0,699.5,683.5,688.5,799.0
2012-03-21 21:00:00+00:00,688.0,690.68,650.25,652.0,1019.0
2012-03-22 21:00:00+00:00,654.12,664.0,650.75,659.0,1003.0
2012-03-23 21:00:00+00:00,659.25,660.0,656.005,656.255,178.0
2012-03-25 21:00:00+00:00,657.0,674.0,657.0,667.0,1346.0
2012-03-26 21:00:00+00:00,666.75,673.0,657.13,662.0,1689.0
2012-03-27 21:00:00+00:00,662.0,662.25,644.75,648.5,1799.0
2012-03-28 21:00:00+00:00,647.25,655.0,640.5,644.0,1489.0
2012-03-29 21:00:00+00:00,644.0,655.0,642.5,654.75,1499.0
2012-03-30 21:00:00+00:00,655.0,655.25,651.275,654.5,300.0
2012-04-01 21:00:00+00:00,652.5,666.25,652.0,657.0,1383.0
2012-04-02 21:00:00+00:00,658.25,664.865,651.75,659.0,1708.0
2012-04-03 21:00:00+00:00,659.0,660.25,632.5,635.475,1672.0
2012-04-04 21:00:00+00:00,633.75,645.325,629.5,644.5,1551.0
2012-04-05 21:00:00+00:00,645.715,647.0,643.0,645.5,258.0
2012-04-08 21:00:00+00:00,643.5,653.0,642.0,643.5,302.0
2012-04-09 21:00:00+00:00,645.0,653.5,629.5,636.5,218.0
2012-04-10 21:00:00+00:00,637.5,645.0,632.885,635.5,301.0
2012-04-11 21:00:00+00:00,635.5,652.75,633.635,652.75,205.0
2012-04-12 21:00:00+00:00,653.0,655.5,641.75,647.0,249.0
2012-04-13 21:00:00+00:00,648.0,648.0,642.5,644.49,72.0
2012-04-15 21:00:00+00:00,645.0,649.25,639.0,649.25,213.0
2012-04-16 21:00:00+00:00,652.0,662.25,649.0,660.25,233.0
2012-04-17 21:00:00+00:00,658.885,665.0,657.205,660.0,340.0
2012-04-18 21:00:00+00:00,657.0,667.0,653.75,663.0,292.0
2012-04-19 21:00:00+00:00,662.75,676.0,659.0,673.13,289.0
2012-04-20 21:00:00+00:00,678.25,679.12,670.0,670.0,63.0
2012-04-22 21:00:00+00:00,677.0,678.0,662.945,670.255,1967.0
2012-04-23 21:00:00+00:00,670.22,677.685,664.95,665.94,12272.0
2012-04-24 21:00:00+00:00,665.98,671.51,652.15,655.63,10529.0
2012-04-25 21:00:00+00:00,655.66,673.675,655.55,673.475,12976.0
2012-04-26 21:00:00+00:00,673.725,682.91,666.6,680.93,11135.0
2012-04-27 21:00:00+00:00,680.885,683.5,680.1,683.0,1348.0
2012-04-29 21:00:00+00:00,680.6,684.33,675.25,682.53,9351.0
2012-04-30 21:00:00+00:00,682.4,685.45,674.45,680.5,15220.0
2012-05-01 21:00:00+00:00,680.5,681.25,666.5,669.0,21675.0
2012-05-02 21:00:00+00:00,669.05,672.0,659.85,660.7,23952.0
2012-05-03 21:00:00+00:00,660.7,665.4,649.4,650.75,22534.0
2012-05-04 21:00:00+00:00,650.75,651.35,650.65,650.85,264.0
2012-05-05 21:00:00+00:00,650.85,650.9,650.85,650.9,331.0
2012-05-06 21:00:00+00:00,650.9,654.8,643.45,646.6,25001.0
2012-05-07 21:00:00+00:00,646.6,651.6,619.7,620.5,24884.0
2012-05-08 21:00:00+00:00,620.5,628.75,609.35,614.2,33166.0
2012-05-09 21:00:00+00:00,614.2,622.3,611.5,614.65,24019.0
2012-05-10 21:00:00+00:00,614.55,616.8,600.1,602.6,26357.0
2012-05-11 21:00:00+00:00,602.6,602.75,602.0,602.6,235.0
2012-05-12 21:00:00+00:00,602.55,602.6,602.55,602.6,386.0
2012-05-13 21:00:00+00:00,602.6,609.5,590.1,590.3,27963.0
2012-05-14 21:00:00+00:00,590.3,605.45,590.1,595.4,27055.0
2012-05-15 21:00:00+00:00,595.4,600.0,587.45,592.7,39031.0
2012-05-16 21:00:00+00:00,592.35,609.85,592.3,602.15,32763.0
2012-05-17 21:00:00+00:00,602.1,612.0,595.65,604.1,31627.0
2012-05-18 21:00:00+00:00,604.15,605.05,603.3,604.1,143.0
2012-05-19 21:00:00+00:00,604.1,604.1,604.1,604.1,270.0
2012-05-20 21:00:00+00:00,604.1,619.45,600.6,613.7,26818.0
2012-05-21 21:00:00+00:00,613.8,617.05,607.15,611.15,26573.0
2012-05-22 21:00:00+00:00,611.1,612.95,586.6,592.95,31567.0
2012-05-23 21:00:00+00:00,593.0,601.15,583.35,587.25,27543.0
2012-05-24 21:00:00+00:00,587.2,595.579,583.7,591.15,21807.0
2012-05-25 21:00:00+00:00,591.15,591.15,591.15,591.15,1.0
2012-05-26 21:00:00+00:00,589.6,589.6,589.6,589.6,1.0
2012-05-27 21:00:00+00:00,590.3,608.5,588.15,606.35,13417.0
2012-05-28 21:00:00+00:00,605.65,613.82,598.7,605.5,20291.0
2012-05-29 21:00:00+00:00,605.6,608.375,590.3,606.834,19530.0
2012-05-30 21:00:00+00:00,606.865,614.228,601.4,611.55,14943.0
2012-05-31 21:00:00+00:00,611.6,615.912,596.85,612.775,10729.0
2012-06-01 21:00:00+00:00,612.775,612.775,612.775,612.775,1.0
2012-06-02 21:00:00+00:00,612.775,612.775,612.775,612.775,4.0
2012-06-03 21:00:00+00:00,611.23,615.37,604.919,612.459,6954.0
2012-06-04 21:00:00+00:00,612.4,624.335,610.528,623.232,5843.0
2012-06-05 21:00:00+00:00,623.351,632.421,619.9,626.734,7164.0
2012-06-06 21:00:00+00:00,626.805,632.165,619.875,622.881,6992.0
2012-06-07 21:00:00+00:00,622.929,628.544,608.147,614.0,7336.0
2012-06-09 21:00:00+00:00,614.05,614.05,613.95,613.95,2.0
2012-06-10 21:00:00+00:00,613.865,629.874,613.715,621.679,13490.0
2012-06-11 21:00:00+00:00,621.621,626.12,614.753,624.733,6933.0
2012-06-12 21:00:00+00:00,624.796,627.311,616.937,618.167,9725.0
2012-06-13 21:00:00+00:00,618.251,636.951,617.288,634.15,9115.0
2012-06-14 21:00:00+00:00,634.2,641.013,623.718,628.2,6922.0
2012-06-16 21:00:00+00:00,628.2,628.2,628.2,628.2,5.0
2012-06-17 21:00:00+00:00,628.2,635.85,625.935,632.885,7559.0
2012-06-18 21:00:00+00:00,632.965,636.85,626.02,629.1,4208.0
2012-06-19 21:00:00+00:00,629.05,631.247,614.131,619.198,7633.0
2012-06-20 21:00:00+00:00,619.065,622.05,605.43,608.085,9136.0
2012-06-21 21:00:00+00:00,606.25,610.6,604.1,607.2,2963.0
2012-06-22 21:00:00+00:00,607.2,607.2,607.2,607.2,1.0
2012-06-24 21:00:00+00:00,608.215,610.66,603.45,607.8,5967.0
2012-06-25 21:00:00+00:00,607.85,608.3,590.875,594.785,5505.0
2012-06-26 21:00:00+00:00,596.45,596.75,574.175,575.82,6905.0
2012-06-27 21:00:00+00:00,579.65,581.4,560.68,565.271,7965.0
2012-06-28 21:00:00+00:00,565.321,587.5,564.85,583.005,11245.0
2012-06-30 21:00:00+00:00,582.2,582.2,582.2,582.2,1.0
2012-07-01 21:00:00+00:00,582.45,586.025,575.937,578.85,3417.0
2012-07-02 21:00:00+00:00,578.8,599.936,574.795,599.358,4397.0
2012-07-03 21:00:00+00:00,599.316,605.48,594.2,594.2,3946.0
2012-07-04 21:00:00+00:00,594.25,601.543,584.602,585.7,4331.0
2012-07-05 21:00:00+00:00,585.762,588.256,574.85,576.9,4520.0
2012-07-06 21:00:00+00:00,576.9,576.9,576.9,576.9,1.0
2012-07-08 21:00:00+00:00,576.8,584.648,575.1,583.395,3074.0
2012-07-09 21:00:00+00:00,583.485,587.1,574.243,575.11,4691.0
2012-07-10 21:00:00+00:00,575.225,583.415,574.45,582.7,5367.0
2012-07-11 21:00:00+00:00,579.05,581.265,571.7,578.43,6877.0
2012-07-12 21:00:00+00:00,576.35,585.26,575.05,583.45,5308.0
2012-07-13 21:00:00+00:00,583.45,583.45,583.45,583.45,1.0
2012-07-15 21:00:00+00:00,583.45,584.75,575.81,577.575,5082.0
2012-07-16 21:00:00+00:00,583.35,586.225,575.0,580.75,5785.0
2012-07-17 21:00:00+00:00,580.8,584.09,575.265,575.365,6035.0
2012-07-18 21:00:00+00:00,575.61,585.25,575.16,580.35,5170.0
2012-07-19 21:00:00+00:00,580.3,586.05,574.122,575.614,2796.0
2012-07-22 21:00:00+00:00,575.614,577.94,563.256,571.006,3770.0
2012-07-23 21:00:00+00:00,570.95,574.995,556.211,562.666,6779.0
2012-07-24 21:00:00+00:00,562.604,569.043,560.868,565.987,4289.0
2012-07-25 21:00:00+00:00,565.959,574.85,564.79,570.541,5321.0
2012-07-26 21:00:00+00:00,570.459,579.584,569.659,578.2,3606.0
2012-07-29 21:00:00+00:00,578.2,589.757,569.356,588.228,3275.0
2012-07-30 21:00:00+00:00,589.05,593.555,587.094,589.381,4269.0
2012-07-31 21:00:00+00:00,589.55,591.932,579.9,581.979,4032.0
2012-08-01 21:00:00+00:00,581.98,588.625,566.662,570.129,6292.0
2012-08-02 21:00:00+00:00,570.043,582.93,567.968,579.381,3587.0
2012-08-03 21:00:00+00:00,579.381,579.381,579.381,579.381,1.0
2012-08-05 21:00:00+00:00,579.381,582.486,573.708,579.35,3878.0
2012-08-06 21:00:00+00:00,579.351,589.2,577.975,586.961,2789.0
2012-08-07 21:00:00+00:00,586.6,588.4,581.908,586.461,2036.0
2012-08-08 21:00:00+00:00,586.515,590.444,584.305,585.08,2046.0
2012-08-09 21:00:00+00:00,584.656,587.37,575.89,582.5,2545.0
2012-08-12 21:00:00+00:00,582.5,583.068,572.672,573.755,3792.0
2012-08-13 21:00:00+00:00,573.756,581.05,573.708,577.251,4249.0
2012-08-14 21:00:00+00:00,577.95,580.932,573.616,575.351,2809.0
2012-08-15 21:00:00+00:00,576.2,588.15,575.083,583.561,2672.0
2012-08-16 21:00:00+00:00,583.673,608.175,582.683,607.676,7332.0
2012-08-17 21:00:00+00:00,607.676,607.676,607.676,607.676,1.0
2012-08-19 21:00:00+00:00,608.455,608.971,597.777,608.172,3571.0
2012-08-20 21:00:00+00:00,607.808,626.149,600.965,624.119,5045.0
2012-08-21 21:00:00+00:00,624.269,634.912,622.506,631.253,5992.0
2012-08-22 21:00:00+00:00,631.254,657.836,629.802,654.18,5999.0
2012-08-23 21:00:00+00:00,654.95,656.773,635.768,652.0,7287.0
2012-08-26 21:00:00+00:00,652.0,656.193,645.555,650.008,2836.0
2012-08-27 21:00:00+00:00,651.258,652.394,636.304,639.117,3363.0
2012-08-28 21:00:00+00:00,639.072,640.707,630.436,631.086,3071.0
2012-08-29 21:00:00+00:00,631.011,635.731,612.925,618.861,3890.0
2012-08-30 21:00:00+00:00,618.6,629.197,608.131,629.021,5144.0
2012-09-02 21:00:00+00:00,628.96,636.9,628.298,636.805,2492.0
2012-09-03 21:00:00+00:00,631.3,642.348,631.3,641.189,7267.0
2012-09-04 21:00:00+00:00,641.1,646.762,633.105,644.584,5148.0
2012-09-05 21:00:00+00:00,644.8,652.025,641.065,646.143,5165.0
2012-09-06 21:00:00+00:00,646.7,656.1,639.94,653.568,4388.0
2012-09-08 21:00:00+00:00,653.568,653.568,653.568,653.568,1.0
2012-09-09 21:00:00+00:00,653.7,672.732,652.9,667.205,5313.0
2012-09-10 21:00:00+00:00,667.4,678.427,666.75,670.2,4254.0
2012-09-11 21:00:00+00:00,670.2,682.95,665.832,677.719,4953.0
2012-09-12 21:00:00+00:00,677.6,695.5,676.253,688.71,6366.0
2012-09-13 21:00:00+00:00,689.5,705.35,686.205,696.4,6872.0
2012-09-16 21:00:00+00:00,697.93,700.029,677.199,680.668,5444.0
2012-09-17 21:00:00+00:00,680.8,686.137,663.715,667.1,6367.0
2012-09-18 21:00:00+00:00,667.1,676.489,663.305,672.2,6598.0
2012-09-19 21:00:00+00:00,672.15,672.3,657.005,663.3,7185.0
2012-09-20 21:00:00+00:00,663.25,677.34,660.83,672.9,6736.0
2012-09-21 21:00:00+00:00,672.9,672.9,672.9,672.9,3.0
2012-09-23 21:00:00+00:00,672.59,672.59,634.9,644.95,6367.0
2012-09-24 21:00:00+00:00,644.9,648.7,635.47,638.8,5748.0
2012-09-25 21:00:00+00:00,639.2,640.85,617.067,629.3,5051.0
2012-09-26 21:00:00+00:00,629.3,637.417,626.338,635.2,4690.0
2012-09-27 21:00:00+00:00,635.15,643.61,634.8,637.2,5022.0
2012-09-29 21:00:00+00:00,637.2,637.2,637.2,637.2,1.0
2012-09-30 21:00:00+00:00,637.65,658.091,626.928,644.9,7831.0
2012-10-01 21:00:00+00:00,644.85,656.0,641.305,652.632,5315.0
2012-10-02 21:00:00+00:00,652.1,658.035,646.846,652.4,4340.0
2012-10-03 21:00:00+00:00,652.45,676.66,652.45,671.85,5158.0
2012-10-04 21:00:00+00:00,671.8,672.995,658.175,661.7,5351.0
2012-10-07 21:00:00+00:00,661.15,661.3,648.36,659.0,4217.0
2012-10-08 21:00:00+00:00,659.05,666.49,654.448,657.65,4182.0
2012-10-09 21:00:00+00:00,657.8,657.95,648.102,649.85,4719.0
2012-10-10 21:00:00+00:00,649.9,656.66,646.43,650.93,6950.0
2012-10-11 21:00:00+00:00,650.93,653.265,633.28,634.65,7905.0
2012-10-14 21:00:00+00:00,633.655,643.141,626.275,634.2,7050.0
2012-10-15 21:00:00+00:00,634.35,642.006,631.359,638.95,4575.0
2012-10-16 21:00:00+00:00,638.8,654.399,638.15,653.45,4964.0
2012-10-17 21:00:00+00:00,653.5,655.829,642.71,643.65,6797.0
2012-10-18 21:00:00+00:00,643.6,645.855,620.933,625.5,7596.0
2012-10-21 21:00:00+00:00,624.4,631.462,618.89,625.25,6659.0
2012-10-22 21:00:00+00:00,625.3,626.954,590.981,596.65,6996.0
2012-10-23 21:00:00+00:00,597.0,603.4,587.895,595.05,7886.0
2012-10-24 21:00:00+00:00,595.1,609.825,595.0,604.05,4916.0
2012-10-25 21:00:00+00:00,604.0,609.074,594.78,596.35,6001.0
2012-10-26 21:00:00+00:00,596.35,596.35,596.35,596.35,1.0
2012-10-28 21:00:00+00:00,597.805,601.815,586.7,590.1,6133.0
2012-10-29 21:00:00+00:00,590.05,598.376,588.0,594.3,6526.0
2012-10-30 21:00:00+00:00,594.15,612.065,593.9,604.95,8513.0
2012-10-31 21:00:00+00:00,605.0,618.089,604.75,613.1,5982.0
2012-11-01 21:00:00+00:00,613.05,613.55,599.435,600.85,4946.0
2012-11-02 21:00:00+00:00,600.85,600.85,600.85,600.85,2.0
2012-11-04 22:00:00+00:00,600.03,611.657,596.485,610.95,6501.0
2012-11-05 22:00:00+00:00,610.95,621.733,610.923,617.45,4298.0
2012-11-06 22:00:00+00:00,617.45,625.45,602.92,612.15,20750.0
2012-11-07 22:00:00+00:00,612.15,616.525,605.164,614.45,4785.0
2012-11-08 22:00:00+00:00,614.45,618.576,605.942,607.15,5790.0
2012-11-09 22:00:00+00:00,607.15,607.15,607.15,607.15,1.0
2012-11-11 22:00:00+00:00,607.435,614.6,606.295,608.09,4814.0
2012-11-12 22:00:00+00:00,608.09,637.997,603.232,636.25,6561.0
2012-11-13 22:00:00+00:00,636.3,649.77,634.165,637.55,7006.0
2012-11-14 22:00:00+00:00,637.5,642.135,628.75,631.35,11833.0
2012-11-15 22:00:00+00:00,631.6,634.06,620.164,627.15,6531.0
2012-11-18 22:00:00+00:00,628.1,646.558,627.835,642.05,4294.0
2012-11-19 22:00:00+00:00,642.3,644.71,635.35,636.557,3831.0
2012-11-20 22:00:00+00:00,636.05,654.835,630.9,646.45,4616.0
2012-11-21 22:00:00+00:00,646.4,657.69,646.05,657.425,1419.0
2012-11-22 22:00:00+00:00,656.75,669.836,652.784,668.86,2535.0
2012-11-23 22:00:00+00:00,668.86,668.86,668.86,668.86,1.0
2012-11-25 22:00:00+00:00,665.75,671.147,659.7,664.0,5225.0
2012-11-26 22:00:00+00:00,663.95,672.744,663.75,667.9,4855.0
2012-11-27 22:00:00+00:00,668.05,674.429,646.43,673.35,7716.0
2012-11-28 22:00:00+00:00,673.9,690.64,668.205,685.45,7281.0
2012-11-29 22:00:00+00:00,685.5,691.4,676.09,683.4,7701.0
2012-12-02 22:00:00+00:00,683.4,692.2,679.198,691.25,3601.0
2012-12-03 22:00:00+00:00,691.2,691.2,678.147,682.3,4538.0
2012-12-04 22:00:00+00:00,682.35,688.815,672.743,685.25,5033.0
2012-12-05 22:00:00+00:00,685.35,699.375,682.39,694.937,3707.0
2012-12-06 22:00:00+00:00,695.05,701.379,687.875,698.15,4272.0
2012-12-07 22:00:00+00:00,698.15,698.15,698.15,698.15,1.0
2012-12-09 22:00:00+00:00,696.605,705.17,694.159,701.25,2494.0
2012-12-10 22:00:00+00:00,701.35,701.907,692.453,694.35,2663.0
2012-12-11 22:00:00+00:00,694.3,701.044,692.777,694.95,2486.0
2012-12-12 22:00:00+00:00,695.0,695.431,679.95,691.05,3611.0
2012-12-13 22:00:00+00:00,691.0,704.277,690.195,702.15,2854.0
2012-12-16 22:00:00+00:00,703.375,703.911,694.452,700.05,2564.0
2012-12-17 22:00:00+00:00,699.95,703.439,686.9,688.65,3181.0
2012-12-18 22:00:00+00:00,688.9,699.25,686.825,695.45,3959.0
2012-12-19 22:00:00+00:00,695.5,696.026,672.928,681.6,4688.0
2012-12-20 22:00:00+00:00,681.65,686.49,673.1,680.3,5491.0
2012-12-23 22:00:00+00:00,681.68,689.55,681.29,686.15,1854.0
2012-12-25 22:00:00+00:00,686.15,692.55,685.985,692.55,1093.0
2012-12-26 22:00:00+00:00,692.65,710.05,689.7,708.35,4211.0
2012-12-27 22:00:00+00:00,708.35,710.366,694.065,697.85,2695.0
2012-12-30 22:00:00+00:00,696.7,706.335,696.1,703.385,1796.0
2013-01-01 22:00:00+00:00,699.328,718.117,699.328,706.65,3707.0
2013-01-02 22:00:00+00:00,706.6,707.27,690.79,693.45,3089.0
2013-01-03 22:00:00+00:00,693.45,693.5,681.15,688.7,4107.0
2013-01-04 22:00:00+00:00,688.7,688.7,688.7,688.7,1.0
2013-01-06 22:00:00+00:00,689.9,692.05,665.426,671.35,6464.0
2013-01-07 22:00:00+00:00,671.2,679.053,665.211,675.15,4118.0
2013-01-08 22:00:00+00:00,675.25,692.55,673.7,688.25,7581.0
2013-01-09 22:00:00+00:00,688.15,704.928,686.492,701.25,4951.0
2013-01-10 22:00:00+00:00,701.3,704.4,689.886,702.55,4975.0
2013-01-11 22:00:00+00:00,702.55,702.55,702.55,702.55,1.0
2013-01-13 22:00:00+00:00,702.57,709.674,696.53,704.4,4308.0
2013-01-14 22:00:00+00:00,704.95,720.565,703.293,711.0,6383.0
2013-01-15 22:00:00+00:00,711.05,727.76,705.88,721.7,6683.0
2013-01-16 22:00:00+00:00,721.65,729.603,717.78,725.95,6892.0
2013-01-17 22:00:00+00:00,725.8,732.86,713.735,720.3,6115.0
2013-01-18 22:00:00+00:00,720.3,720.3,720.3,720.3,3.0
2013-01-20 22:00:00+00:00,721.42,723.483,714.863,718.75,2445.0
2013-01-21 22:00:00+00:00,718.75,732.226,716.91,726.65,5029.0
2013-01-22 22:00:00+00:00,726.6,728.729,722.745,726.26,3087.0
2013-01-23 22:00:00+00:00,726.2,728.539,716.63,727.15,4275.0
2013-01-24 22:00:00+00:00,727.1,741.987,723.099,741.45,4505.0
2013-01-27 22:00:00+00:00,739.58,749.233,736.827,739.05,5077.0
2013-01-28 22:00:00+00:00,739.05,751.85,734.434,750.95,3615.0
2013-01-29 22:00:00+00:00,750.9,760.54,746.728,748.9,6021.0
2013-01-30 22:00:00+00:00,748.95,751.312,735.793,743.25,6654.0
2013-01-31 22:00:00+00:00,743.2,758.557,739.763,756.35,5346.0
2013-02-01 22:00:00+00:00,756.35,756.35,756.35,756.35,1.0
2013-02-03 22:00:00+00:00,755.9,761.954,748.742,759.45,4952.0
2013-02-04 22:00:00+00:00,759.4,769.17,747.7,767.15,9607.0
2013-02-05 22:00:00+00:00,767.1,773.2,758.4,764.05,6170.0
2013-02-06 22:00:00+00:00,764.0,768.477,749.443,750.65,5702.0
2013-02-07 22:00:00+00:00,750.5,758.206,740.445,754.45,5684.0
2013-02-08 22:00:00+00:00,754.45,754.45,754.45,754.45,1.0
2013-02-10 22:00:00+00:00,752.105,762.144,744.61,758.65,6365.0
2013-02-11 22:00:00+00:00,758.7,774.584,752.795,772.45,5543.0
2013-02-12 22:00:00+00:00,772.5,777.516,766.331,767.95,4512.0
2013-02-13 22:00:00+00:00,767.9,772.495,762.689,765.55,5811.0
2013-02-14 22:00:00+00:00,765.1,765.676,748.28,756.15,5681.0
2013-02-15 22:00:00+00:00,756.15,756.15,756.15,756.15,2.0
2013-02-17 22:00:00+00:00,758.205,764.804,751.097,764.281,3045.0
2013-02-18 22:00:00+00:00,763.35,767.295,760.776,764.4,3830.0
2013-02-19 22:00:00+00:00,764.35,766.305,729.158,738.8,6847.0
2013-02-20 22:00:00+00:00,738.95,742.715,709.483,733.65,9611.0
2013-02-21 22:00:00+00:00,733.7,741.107,728.368,738.3,5208.0
2013-02-24 22:00:00+00:00,738.595,752.221,735.25,736.85,5732.0
2013-02-25 22:00:00+00:00,736.9,746.628,729.365,745.95,6574.0
2013-02-27 22:00:00+00:00,744.0,748.907,725.845,729.75,5478.0
2013-02-28 22:00:00+00:00,729.45,730.388,714.55,721.1,5419.0
2013-03-01 22:00:00+00:00,721.1,721.1,721.1,721.1,1.0
2013-03-03 22:00:00+00:00,719.615,725.268,711.888,717.4,4411.0
2013-03-04 22:00:00+00:00,717.45,737.56,716.605,735.0,4841.0
2013-03-05 22:00:00+00:00,734.95,747.7,734.5,746.9,3758.0
2013-03-06 22:00:00+00:00,746.85,760.331,742.972,758.15,3975.0
2013-03-07 22:00:00+00:00,758.05,786.971,756.742,783.1,5406.0
2013-03-08 22:00:00+00:00,783.1,783.1,783.1,783.1,1.0
2013-03-10 21:00:00+00:00,782.525,783.48,769.754,779.15,3373.0
2013-03-11 21:00:00+00:00,779.2,780.95,770.275,773.2,4603.0
2013-03-12 21:00:00+00:00,773.15,776.3,767.55,772.1,3683.0
2013-03-13 21:00:00+00:00,772.15,773.455,756.605,770.6,4954.0
2013-03-14 21:00:00+00:00,770.55,775.602,768.869,775.3,3881.0
2013-03-15 21:00:00+00:00,775.3,775.3,775.3,775.3,1.0
2013-03-17 21:00:00+00:00,776.994,777.48,752.751,762.75,5766.0
2013-03-18 21:00:00+00:00,762.7,765.611,727.159,736.85,7162.0
2013-03-19 21:00:00+00:00,736.9,763.496,733.05,759.65,5794.0
2013-03-20 21:00:00+00:00,759.6,766.897,753.802,755.55,4465.0
2013-03-21 21:00:00+00:00,755.6,761.901,750.495,761.15,4042.0
2013-03-24 21:00:00+00:00,761.85,765.31,755.4,758.55,4388.0
2013-03-25 21:00:00+00:00,758.6,763.931,753.72,763.45,3902.0
2013-03-26 21:00:00+00:00,763.35,770.85,754.235,767.305,4707.0
2013-03-27 21:00:00+00:00,767.305,774.629,761.08,771.35,5891.0
2013-03-28 21:00:00+00:00,771.35,771.35,771.35,771.35,1.0
2013-03-31 21:00:00+00:00,771.405,784.097,766.985,781.2,3168.0
2013-04-01 21:00:00+00:00,780.9,781.8,764.65,765.75,4709.0
2013-04-02 21:00:00+00:00,765.8,772.69,751.035,752.55,6540.0
2013-04-03 21:00:00+00:00,752.45,753.552,722.821,727.55,10620.0
2013-04-04 21:00:00+00:00,727.5,733.933,716.448,727.9,6927.0
2013-04-07 21:00:00+00:00,728.45,738.39,721.29,732.25,6481.0
2013-04-08 21:00:00+00:00,732.15,737.632,723.597,725.95,6754.0
2013-04-09 21:00:00+00:00,725.9,727.983,705.692,719.95,7331.0
2013-04-10 21:00:00+00:00,719.45,738.2,715.04,730.9,6413.0
2013-04-11 21:00:00+00:00,731.0,733.35,704.703,706.95,9115.0
2013-04-12 21:00:00+00:00,706.95,706.95,706.95,706.95,2.0
2013-04-14 21:00:00+00:00,706.345,707.08,652.189,652.75,16979.0
2013-04-15 21:00:00+00:00,652.15,687.189,647.107,676.9,10471.0
2013-04-16 21:00:00+00:00,676.65,682.508,658.35,662.95,8312.0
2013-04-17 21:00:00+00:00,662.75,676.353,653.313,668.05,7000.0
2013-04-18 21:00:00+00:00,667.95,681.258,665.198,676.55,8119.0
2013-04-21 21:00:00+00:00,674.805,685.08,674.74,682.45,5686.0
2013-04-22 21:00:00+00:00,682.55,684.685,666.695,673.45,6173.0
2013-04-23 21:00:00+00:00,673.2,683.434,666.75,669.05,4432.0
2013-04-24 21:00:00+00:00,669.0,683.782,668.753,681.85,4697.0
2013-04-25 21:00:00+00:00,681.9,686.489,676.303,680.55,6808.0
2013-04-28 21:00:00+00:00,682.88,702.651,678.523,700.3,4730.0
2013-04-29 21:00:00+00:00,700.2,703.287,694.846,699.05,4270.0
2013-04-30 21:00:00+00:00,699.1,700.036,672.817,687.4,7509.0
2013-05-01 21:00:00+00:00,687.35,695.821,682.872,694.45,7494.0
2013-05-02 21:00:00+00:00,694.35,704.817,686.338,693.0,5672.0
2013-05-05 21:00:00+00:00,693.11,696.926,689.663,695.7,5046.0
2013-05-06 21:00:00+00:00,695.35,695.733,677.807,683.15,6484.0
2013-05-07 21:00:00+00:00,683.2,698.855,681.313,694.75,4121.0
2013-05-08 21:00:00+00:00,694.7,716.492,690.799,708.55,7155.0
2013-05-09 21:00:00+00:00,708.3,711.643,696.916,707.25,9865.0
2013-05-12 21:00:00+00:00,708.985,718.955,700.457,716.25,6146.0
2013-05-13 21:00:00+00:00,716.3,732.162,708.207,730.25,7956.0
2013-05-14 21:00:00+00:00,730.2,731.599,717.446,727.5,7670.0
2013-05-15 21:00:00+00:00,727.55,742.486,715.95,738.75,7946.0
2013-05-16 21:00:00+00:00,738.7,743.26,733.065,738.45,6509.0
2013-05-19 21:00:00+00:00,739.57,754.722,732.15,750.35,6393.0
2013-05-20 21:00:00+00:00,750.3,751.1,736.428,746.774,8797.0
2013-05-21 21:00:00+00:00,746.774,754.243,744.355,746.25,8448.0
2013-05-22 21:00:00+00:00,746.3,747.101,734.39,737.205,9267.0
2013-05-23 21:00:00+00:00,737.205,740.327,722.1,726.366,6843.0
2013-05-26 21:00:00+00:00,725.79,740.665,725.79,738.11,1898.0
2013-05-27 21:00:00+00:00,737.591,764.065,727.197,754.8,7740.0
2013-05-28 21:00:00+00:00,754.85,757.05,744.81,749.6,7706.0
2013-05-29 21:00:00+00:00,748.6,761.857,745.4,757.65,10677.0
2013-05-30 21:00:00+00:00,758.4,758.9,741.537,750.35,10013.0
2013-06-02 21:00:00+00:00,748.987,762.2,747.959,757.45,11466.0
2013-06-03 21:00:00+00:00,757.3,758.45,745.27,750.85,11541.0
2013-06-04 21:00:00+00:00,750.8,759.39,750.536,758.15,8705.0
2013-06-05 21:00:00+00:00,758.2,763.463,750.955,760.65,9429.0
2013-06-06 21:00:00+00:00,760.65,762.061,745.716,756.813,9708.0
2013-06-09 21:00:00+00:00,756.91,770.745,753.005,768.7,7737.0
2013-06-10 21:00:00+00:00,768.75,770.588,749.234,752.35,8251.0
2013-06-11 21:00:00+00:00,752.3,758.135,749.745,756.75,9351.0
2013-06-12 21:00:00+00:00,756.7,759.79,725.875,733.7,8707.0
2013-06-13 21:00:00+00:00,733.65,735.355,724.67,731.2,7926.0
2013-06-16 21:00:00+00:00,731.06,732.022,712.864,713.15,5394.0
2013-06-17 21:00:00+00:00,713.25,715.347,697.28,710.25,15007.0
2013-06-18 21:00:00+00:00,709.95,713.3,692.765,693.45,16120.0
2013-06-19 21:00:00+00:00,693.5,695.05,660.78,663.0,14349.0
2013-06-20 21:00:00+00:00,662.8,679.7,655.015,676.6,11354.0
2013-06-23 21:00:00+00:00,674.465,676.615,649.87,661.7,11514.0
2013-06-24 21:00:00+00:00,661.75,676.158,659.263,666.45,15949.0
2013-06-25 21:00:00+00:00,666.45,667.15,630.6,633.45,14163.0
2013-06-26 21:00:00+00:00,633.35,655.373,630.655,646.3,24382.0
2013-06-27 21:00:00+00:00,646.25,661.902,633.443,659.0,9492.0
2013-06-30 21:00:00+00:00,658.015,688.43,656.6,685.15,15836.0
2013-07-01 21:00:00+00:00,685.1,695.361,682.468,685.35,8642.0
2013-07-02 21:00:00+00:00,685.45,688.545,680.616,685.4,6404.0
2013-07-03 21:00:00+00:00,685.35,687.835,675.568,676.385,5315.0
2013-07-04 21:00:00+00:00,677.25,682.795,667.775,682.3,7493.0
2013-07-07 21:00:00+00:00,679.86,701.768,673.549,696.55,18936.0
2013-07-08 21:00:00+00:00,696.5,704.828,692.024,699.85,15138.0
2013-07-09 21:00:00+00:00,699.85,714.75,697.871,713.95,12056.0
2013-07-10 21:00:00+00:00,714.05,730.823,714.05,720.05,9185.0
2013-07-11 21:00:00+00:00,720.0,724.748,711.077,722.05,8441.0
2013-07-14 21:00:00+00:00,721.595,733.429,721.595,732.75,7046.0
2013-07-15 21:00:00+00:00,732.65,737.033,727.101,736.05,7740.0
2013-07-16 21:00:00+00:00,736.05,739.054,730.256,733.95,13303.0
2013-07-17 21:00:00+00:00,733.9,752.0,727.25,743.9,13872.0
2013-07-18 21:00:00+00:00,743.95,749.964,741.708,746.85,13005.0
2013-07-21 21:00:00+00:00,747.61,753.674,744.958,746.95,7264.0
2013-07-22 21:00:00+00:00,747.0,747.419,731.298,739.957,4564.0
2013-07-23 21:00:00+00:00,740.77,750.257,735.857,747.45,5887.0
2013-07-24 21:00:00+00:00,747.5,749.45,734.22,739.4,6871.0
2013-07-25 21:00:00+00:00,739.35,742.18,715.6,725.55,6621.0
2013-07-28 21:00:00+00:00,726.725,747.317,722.125,742.35,5360.0
2013-07-29 21:00:00+00:00,742.55,743.462,723.762,729.2,5139.0
2013-07-30 21:00:00+00:00,729.15,739.25,722.543,728.55,7194.0
2013-07-31 21:00:00+00:00,728.6,738.145,726.807,732.25,5345.0
2013-08-01 21:00:00+00:00,732.2,735.983,722.03,729.95,6373.0
2013-08-04 21:00:00+00:00,729.045,737.224,727.505,732.75,4489.0
2013-08-05 21:00:00+00:00,733.2,733.35,716.81,723.05,6376.0
2013-08-06 21:00:00+00:00,723.1,725.345,712.36,723.85,13799.0
2013-08-07 21:00:00+00:00,723.9,744.8,723.237,738.85,6380.0
2013-08-08 21:00:00+00:00,738.8,743.567,736.637,741.2,5433.0
2013-08-11 21:00:00+00:00,740.98,747.095,736.698,737.45,7211.0
2013-08-12 21:00:00+00:00,737.5,742.785,735.857,739.05,14678.0
2013-08-13 21:00:00+00:00,739.1,741.75,733.75,740.65,6234.0
2013-08-14 21:00:00+00:00,740.7,767.604,740.323,762.75,10621.0
2013-08-15 21:00:00+00:00,762.85,765.634,752.586,762.8,10423.0
2013-08-18 21:00:00+00:00,763.765,764.437,748.541,751.7,8377.0
2013-08-19 21:00:00+00:00,751.75,756.654,743.971,748.95,7923.0
2013-08-20 21:00:00+00:00,748.9,750.545,741.805,744.75,6429.0
2013-08-21 21:00:00+00:00,744.65,755.72,740.84,754.75,7910.0
2013-08-22 21:00:00+00:00,754.8,756.797,748.943,751.45,4635.0
2013-08-25 21:00:00+00:00,752.41,755.187,743.949,748.15,2642.0
2013-08-26 21:00:00+00:00,748.2,752.061,743.755,744.6,4653.0
2013-08-27 21:00:00+00:00,743.6,749.72,735.399,746.5,4295.0
2013-08-28 21:00:00+00:00,746.5,746.5,735.936,736.6,3709.0
2013-08-29 21:00:00+00:00,736.0,736.55,719.923,723.3,3619.0
2013-09-01 21:00:00+00:00,723.68,729.08,712.96,714.248,3382.0
2013-09-02 21:00:00+00:00,715.5,724.93,713.565,718.25,4340.0
2013-09-03 21:00:00+00:00,718.25,719.2,692.71,696.8,6080.0
2013-09-04 21:00:00+00:00,696.85,697.6,684.852,685.75,5649.0
2013-09-05 21:00:00+00:00,685.7,703.61,684.594,697.25,5706.0
2013-09-08 21:00:00+00:00,696.52,699.915,681.31,687.3,6371.0
2013-09-09 21:00:00+00:00,687.3,695.529,683.42,693.75,6292.0
2013-09-10 21:00:00+00:00,693.8,702.755,687.071,692.75,5165.0
2013-09-11 21:00:00+00:00,692.85,695.73,685.221,688.75,5191.0
2013-09-12 21:00:00+00:00,688.6,701.596,686.69,700.55,6374.0
2013-09-15 21:00:00+00:00,702.1,714.65,701.95,704.2,10131.0
2013-09-16 21:00:00+00:00,704.25,709.591,697.045,704.5,6485.0
2013-09-17 21:00:00+00:00,704.55,720.116,695.267,718.55,12186.0
2013-09-18 21:00:00+00:00,718.5,738.217,716.893,734.65,12451.0
2013-09-19 21:00:00+00:00,734.6,737.945,715.538,716.55,9293.0
2013-09-22 21:00:00+00:00,720.13,722.397,707.28,715.05,5920.0
2013-09-23 21:00:00+00:00,715.15,722.242,711.176,720.05,7251.0
2013-09-24 21:00:00+00:00,720.1,725.871,717.25,723.25,5051.0
2013-09-25 21:00:00+00:00,723.25,725.991,720.572,721.15,3570.0
2013-09-26 21:00:00+00:00,721.1,734.368,720.095,728.95,5226.0
2013-09-27 21:00:00+00:00,728.85,728.95,728.85,728.95,3.0
2013-09-29 21:00:00+00:00,730.635,733.85,722.898,723.15,5585.0
2013-09-30 21:00:00+00:00,723.2,728.568,713.4,718.9,6123.0
2013-10-01 21:00:00+00:00,718.85,721.914,711.551,718.25,6284.0
2013-10-02 21:00:00+00:00,718.2,720.016,697.277,701.95,7140.0
2013-10-03 21:00:00+00:00,701.9,708.66,691.69,700.45,6338.0
2013-10-06 21:00:00+00:00,699.68,705.18,694.795,704.5,5224.0
2013-10-07 21:00:00+00:00,704.55,716.267,702.155,712.05,6179.0
2013-10-08 21:00:00+00:00,712.1,713.286,700.31,701.75,6106.0
2013-10-09 21:00:00+00:00,701.8,712.547,701.014,706.95,7024.0
2013-10-10 21:00:00+00:00,706.9,716.537,706.287,712.45,6140.0
2013-10-13 21:00:00+00:00,713.21,718.66,710.316,714.45,5354.0
2013-10-14 21:00:00+00:00,714.4,714.933,702.308,707.25,6820.0
2013-10-15 21:00:00+00:00,707.2,719.066,704.259,717.6,7004.0
2013-10-16 21:00:00+00:00,717.55,740.57,713.115,739.3,8564.0
2013-10-17 21:00:00+00:00,739.25,742.075,734.193,740.85,5396.0
2013-10-20 21:00:00+00:00,741.2,751.618,741.068,748.3,6122.0
2013-10-21 21:00:00+00:00,748.4,754.126,742.223,753.05,7175.0
2013-10-22 21:00:00+00:00,753.05,753.634,744.578,746.05,7093.0
2013-10-23 21:00:00+00:00,746.0,750.795,743.568,747.15,6663.0
2013-10-24 21:00:00+00:00,747.1,747.947,733.552,742.85,6264.0
2013-10-27 21:00:00+00:00,743.825,750.827,741.05,746.55,5189.0
2013-10-28 21:00:00+00:00,746.65,747.79,740.877,746.281,5305.0
2013-10-29 21:00:00+00:00,746.281,752.1,743.018,746.35,4714.0
2013-10-30 21:00:00+00:00,746.55,746.684,735.337,736.85,6870.0
2013-10-31 21:00:00+00:00,736.9,741.93,732.674,740.65,5875.0
2013-11-03 22:00:00+00:00,740.585,749.891,739.46,748.15,3699.0
2013-11-04 22:00:00+00:00,748.2,754.624,742.679,749.15,5567.0
2013-11-05 22:00:00+00:00,749.2,764.498,748.8,763.8,7017.0
2013-11-06 22:00:00+00:00,763.85,764.052,753.051,761.65,7149.0
2013-11-07 22:00:00+00:00,761.7,764.194,753.243,758.65,6736.0
2013-11-10 22:00:00+00:00,758.405,758.9,746.465,754.15,6591.0
2013-11-11 22:00:00+00:00,754.2,754.3,738.902,740.35,4162.0
2013-11-12 22:00:00+00:00,740.4,743.4,730.645,733.45,4108.0
2013-11-13 22:00:00+00:00,733.4,741.615,732.95,738.9,6162.0
2013-11-14 22:00:00+00:00,738.85,743.771,722.898,733.05,4639.0
2013-11-17 22:00:00+00:00,731.06,732.5,716.156,716.95,19625.0
2013-11-18 22:00:00+00:00,716.9,725.699,713.028,720.45,4675.0
2013-11-19 22:00:00+00:00,720.4,723.725,709.92,712.85,5646.0
2013-11-20 22:00:00+00:00,712.9,719.739,711.558,713.95,6166.0
2013-11-21 22:00:00+00:00,713.9,725.079,712.87,715.4,5093.0
2013-11-24 22:00:00+00:00,714.91,724.617,709.443,720.75,9105.0
2013-11-25 22:00:00+00:00,720.7,724.577,711.884,717.262,5763.0
2013-11-26 22:00:00+00:00,717.15,725.15,714.271,717.25,7723.0
2013-11-27 22:00:00+00:00,719.9,721.605,716.325,721.513,7080.0
2013-11-28 22:00:00+00:00,715.45,724.725,715.45,718.376,3487.0
2013-12-01 22:00:00+00:00,718.225,720.3,710.18,712.05,7413.0
2013-12-02 22:00:00+00:00,711.85,716.8,709.411,716.4,3343.0
2013-12-03 22:00:00+00:00,716.3,731.968,713.435,726.9,7884.0
2013-12-04 22:00:00+00:00,726.95,737.471,723.85,735.85,4239.0
2013-12-05 22:00:00+00:00,735.95,742.117,726.165,735.0,8338.0
2013-12-08 22:00:00+00:00,734.23,740.055,731.06,736.05,3203.0
2013-12-09 22:00:00+00:00,736.1,743.144,732.841,738.15,6255.0
2013-12-10 22:00:00+00:00,738.2,741.493,735.802,737.6,4446.0
2013-12-11 22:00:00+00:00,737.55,737.598,714.002,717.9,10414.0
2013-12-12 22:00:00+00:00,717.85,725.205,714.71,716.45,8285.0
2013-12-15 22:00:00+00:00,716.27,720.322,713.48,716.65,6739.0
2013-12-16 22:00:00+00:00,716.6,719.869,698.205,700.85,9777.0
2013-12-17 22:00:00+00:00,700.9,710.123,696.893,698.25,7470.0
2013-12-18 22:00:00+00:00,698.15,701.892,694.953,696.65,8849.0
2013-12-19 22:00:00+00:00,696.85,700.931,695.648,698.65,6083.0
2013-12-22 22:00:00+00:00,699.045,702.13,693.041,696.35,7468.0
2013-12-23 22:00:00+00:00,696.4,698.5,692.59,695.666,5109.0
2013-12-25 22:00:00+00:00,694.9,704.635,694.245,700.25,2471.0
2013-12-26 22:00:00+00:00,700.15,716.906,698.426,712.2,8710.0
2013-12-29 22:00:00+00:00,710.885,716.685,708.74,709.65,3005.0
2013-12-30 22:00:00+00:00,709.75,719.005,706.436,717.408,2535.0
2014-01-01 22:00:00+00:00,716.05,732.583,716.05,729.85,5691.0
2014-01-02 22:00:00+00:00,730.05,733.291,725.313,727.35,4084.0
2014-01-05 22:00:00+00:00,730.555,739.55,726.866,739.55,5008.0
2014-01-06 22:00:00+00:00,739.6,743.453,733.608,740.95,3559.0
2014-01-07 22:00:00+00:00,740.9,742.723,733.551,736.45,4502.0
2014-01-08 22:00:00+00:00,736.45,740.948,735.2,736.75,4847.0
2014-01-09 22:00:00+00:00,736.7,748.135,735.009,743.65,4812.0
2014-01-12 22:00:00+00:00,744.21,746.69,737.15,740.05,5244.0
2014-01-13 22:00:00+00:00,740.05,741.487,735.012,737.9,3923.0
2014-01-14 22:00:00+00:00,737.95,747.252,733.803,742.15,4655.0
2014-01-15 22:00:00+00:00,742.1,746.069,738.006,743.7,3478.0
2014-01-16 22:00:00+00:00,743.65,753.169,741.426,747.7,6911.0
2014-01-19 22:00:00+00:00,748.915,751.91,746.161,749.12,2838.0
2014-01-20 22:00:00+00:00,748.85,749.81,740.843,747.35,4805.0
2014-01-21 22:00:00+00:00,747.3,749.388,743.099,747.35,5221.0
2014-01-22 22:00:00+00:00,747.4,748.49,742.217,745.75,5828.0
2014-01-23 22:00:00+00:00,745.7,748.3,733.305,735.55,5445.0
2014-01-26 22:00:00+00:00,735.545,737.4,721.925,723.35,5288.0
2014-01-27 22:00:00+00:00,723.25,725.9,714.651,717.1,4840.0
2014-01-28 22:00:00+00:00,717.05,722.55,708.35,714.25,5995.0
2014-01-29 22:00:00+00:00,714.3,718.438,705.828,707.15,7383.0
2014-01-30 22:00:00+00:00,707.25,709.3,701.124,704.15,6528.0
2014-02-02 22:00:00+00:00,703.595,713.705,701.435,701.85,6145.0
2014-02-03 22:00:00+00:00,701.8,705.25,696.579,701.2,5398.0
2014-02-04 22:00:00+00:00,701.15,718.181,700.909,708.85,6841.0
2014-02-05 22:00:00+00:00,708.8,716.368,708.143,710.45,5230.0
2014-02-06 22:00:00+00:00,710.35,715.59,709.137,710.45,5331.0
2014-02-09 22:00:00+00:00,711.645,723.323,709.962,717.951,6937.0
2014-02-10 22:00:00+00:00,717.8,724.405,716.739,719.406,6802.0
2014-02-11 22:00:00+00:00,719.9,731.15,718.32,729.0,7106.0
2014-02-12 22:00:00+00:00,729.0,733.409,723.5,732.963,5413.0
2014-02-13 22:00:00+00:00,732.85,741.879,731.567,736.95,6303.0
2014-02-16 22:00:00+00:00,737.011,743.026,736.737,742.616,3231.0
2014-02-17 22:00:00+00:00,741.199,742.083,730.708,737.145,3637.0
2014-02-18 22:00:00+00:00,737.2,741.11,732.089,733.925,3539.0
2014-02-19 22:00:00+00:00,733.25,738.468,729.587,737.429,3002.0
2014-02-20 22:00:00+00:00,737.25,742.893,735.8,740.75,2022.0
2014-02-23 22:00:00+00:00,740.56,744.622,735.334,742.868,4639.0
2014-02-24 22:00:00+00:00,742.75,744.572,733.854,734.75,4642.0
2014-02-25 22:00:00+00:00,735.1,738.093,727.525,732.326,5854.0
2014-02-26 22:00:00+00:00,731.4,744.213,726.641,742.25,4803.0
2014-02-27 22:00:00+00:00,742.25,746.774,740.458,743.0,4073.0
2014-03-02 22:00:00+00:00,743.97,750.08,742.9,749.05,4456.0
2014-03-03 22:00:00+00:00,749.85,765.09,744.708,763.11,5903.0
2014-03-04 22:00:00+00:00,762.95,781.236,761.911,772.662,7364.0
2014-03-05 22:00:00+00:00,772.75,783.105,771.102,781.162,6290.0
2014-03-06 22:00:00+00:00,781.05,783.121,771.839,782.25,4793.0
2014-03-09 21:00:00+00:00,781.18,782.054,771.91,775.788,5294.0
2014-03-10 21:00:00+00:00,775.738,779.349,764.577,769.015,4998.0
2014-03-11 21:00:00+00:00,768.963,778.575,761.762,775.808,7601.0
2014-03-12 21:00:00+00:00,776.05,779.608,772.016,776.841,5130.0
2014-03-13 21:00:00+00:00,777.15,786.989,767.715,773.45,7160.0
2014-03-16 21:00:00+00:00,773.615,780.271,769.405,772.807,5740.0
2014-03-17 21:00:00+00:00,772.95,774.199,758.767,768.205,4974.0
2014-03-18 21:00:00+00:00,768.15,773.204,762.226,763.326,5130.0
2014-03-19 21:00:00+00:00,763.55,772.03,746.143,769.476,8148.0
2014-03-20 21:00:00+00:00,769.25,799.15,768.062,794.05,6574.0
2014-03-23 21:00:00+00:00,794.665,801.778,781.748,794.785,8902.0
2014-03-24 21:00:00+00:00,794.7,796.864,783.147,788.784,5432.0
2014-03-25 21:00:00+00:00,788.55,788.812,774.484,780.606,8943.0
2014-03-26 21:00:00+00:00,780.55,781.666,756.276,758.915,7775.0
2014-03-27 21:00:00+00:00,758.962,774.828,758.175,774.65,4755.0
2014-03-30 21:00:00+00:00,774.276,779.986,770.985,776.268,4417.0
2014-03-31 21:00:00+00:00,776.45,782.422,766.698,780.34,6671.0
2014-04-01 21:00:00+00:00,780.7,790.7,777.2,785.785,4803.0
2014-04-02 21:00:00+00:00,786.25,791.911,782.691,788.925,3515.0
2014-04-03 21:00:00+00:00,787.65,792.515,783.399,790.35,4186.0
2014-04-06 21:00:00+00:00,789.827,791.495,761.479,766.096,7158.0
2014-04-07 21:00:00+00:00,765.65,779.167,764.95,775.662,4310.0
2014-04-08 21:00:00+00:00,776.05,784.105,774.076,782.248,4095.0
2014-04-09 21:00:00+00:00,782.15,794.438,779.969,790.95,4363.0
2014-04-10 21:00:00+00:00,790.75,812.1,785.105,804.85,6907.0
2014-04-13 21:00:00+00:00,808.465,816.722,808.381,809.05,5507.0
2014-04-14 21:00:00+00:00,809.1,809.902,786.673,794.392,6427.0
2014-04-15 21:00:00+00:00,794.75,803.988,790.22,801.778,8580.0
2014-04-16 21:00:00+00:00,801.778,808.575,793.26,796.057,7802.0
2014-04-17 21:00:00+00:00,795.7,796.3,795.7,796.25,8.0
2014-04-20 21:00:00+00:00,801.19,801.618,764.7,779.406,8826.0
2014-04-21 21:00:00+00:00,779.35,789.684,779.036,784.515,3756.0
2014-04-22 21:00:00+00:00,784.35,787.347,782.779,785.95,3830.0
2014-04-23 21:00:00+00:00,786.85,805.02,777.905,801.713,7622.0
2014-04-24 21:00:00+00:00,801.55,812.367,800.502,810.55,5322.0
2014-04-27 21:00:00+00:00,810.148,813.575,794.719,801.699,4922.0
2014-04-28 21:00:00+00:00,802.15,809.338,795.463,806.0,5888.0
2014-04-29 21:00:00+00:00,805.9,812.696,798.31,809.85,5895.0
2014-04-30 21:00:00+00:00,809.75,819.068,806.433,814.1,5053.0
2014-05-01 21:00:00+00:00,814.05,819.35,808.335,811.4,6481.0
2014-05-04 21:00:00+00:00,811.689,817.98,809.334,816.861,4385.0
2014-05-05 21:00:00+00:00,817.1,821.404,812.352,818.346,3244.0
2014-05-06 21:00:00+00:00,818.3,818.815,795.662,796.088,5671.0
2014-05-07 21:00:00+00:00,796.2,807.134,795.85,804.086,4995.0
2014-05-08 21:00:00+00:00,803.9,806.259,798.288,801.45,4488.0
2014-05-11 21:00:00+00:00,800.178,809.5,796.85,806.35,2588.0
2014-05-12 21:00:00+00:00,805.95,818.548,803.309,817.168,5959.0
2014-05-13 21:00:00+00:00,817.05,829.191,815.218,827.681,5353.0
2014-05-14 21:00:00+00:00,827.55,828.05,810.301,811.674,6380.0
2014-05-15 21:00:00+00:00,811.45,817.664,805.912,815.959,4908.0
2014-05-18 21:00:00+00:00,814.59,824.551,814.22,815.991,3794.0
2014-05-19 21:00:00+00:00,815.9,830.313,814.476,825.726,3817.0
2014-05-20 21:00:00+00:00,825.8,834.476,825.552,829.124,3718.0
2014-05-21 21:00:00+00:00,829.2,839.176,827.675,835.899,3451.0
2014-05-22 21:00:00+00:00,835.85,838.565,827.392,830.7,6379.0
2014-05-25 21:00:00+00:00,831.081,834.655,828.996,834.139,2061.0
2014-05-26 21:00:00+00:00,831.65,835.714,827.471,833.25,4782.0
2014-05-27 21:00:00+00:00,833.5,845.0,831.702,836.15,4930.0
2014-05-28 21:00:00+00:00,836.55,840.205,827.691,834.901,4785.0
2014-05-29 21:00:00+00:00,834.75,837.496,829.565,837.25,4275.0
2014-06-01 21:00:00+00:00,835.78,837.218,830.811,831.957,4507.0
2014-06-02 21:00:00+00:00,832.25,838.892,831.912,838.482,3644.0
2014-06-03 21:00:00+00:00,838.85,839.05,832.975,836.914,3904.0
2014-06-04 21:00:00+00:00,837.35,840.003,833.169,839.8,3100.0
2014-06-05 21:00:00+00:00,839.9,846.25,836.804,845.75,5269.0
2014-06-08 21:00:00+00:00,844.77,846.314,840.267,842.161,1687.0
2014-06-09 21:00:00+00:00,842.25,855.833,841.325,854.884,4049.0
2014-06-10 21:00:00+00:00,855.55,864.114,851.88,861.666,3642.0
2014-06-11 21:00:00+00:00,862.05,863.15,818.809,822.074,9882.0
2014-06-12 21:00:00+00:00,821.95,831.203,807.305,814.6,7555.0
2014-06-15 21:00:00+00:00,816.419,823.547,808.673,810.35,4907.0
2014-06-16 21:00:00+00:00,811.25,818.985,808.098,818.587,4531.0
2014-06-17 21:00:00+00:00,818.65,833.877,817.236,825.581,3967.0
2014-06-18 21:00:00+00:00,826.0,838.862,824.918,837.893,4197.0
2014-06-19 21:00:00+00:00,838.0,838.15,819.082,821.946,6099.0
2014-06-22 21:00:00+00:00,820.375,823.164,810.712,822.69,4851.0
2014-06-23 21:00:00+00:00,822.85,834.52,819.271,828.95,4256.0
2014-06-24 21:00:00+00:00,827.95,834.484,822.227,833.787,3227.0
2014-06-25 21:00:00+00:00,833.7,837.505,827.708,836.163,3889.0
2014-06-26 21:00:00+00:00,837.15,843.609,835.11,842.55,3072.0
2014-06-29 21:00:00+00:00,842.517,847.729,840.316,843.375,2453.0
2014-06-30 21:00:00+00:00,844.35,855.208,843.075,853.036,3254.0
2014-07-01 21:00:00+00:00,852.75,862.152,849.529,857.35,4074.0
2014-07-02 21:00:00+00:00,858.65,866.464,848.759,859.491,4007.0
2014-07-03 21:00:00+00:00,859.6,866.835,856.192,865.365,1657.0
2014-07-06 21:00:00+00:00,864.7,869.053,861.288,868.715,2421.0
2014-07-07 21:00:00+00:00,868.95,875.404,865.67,873.257,2817.0
2014-07-08 21:00:00+00:00,873.55,875.54,869.95,873.075,3207.0
2014-07-09 21:00:00+00:00,874.05,877.162,861.35,870.8,4395.0
2014-07-10 21:00:00+00:00,872.1,875.295,864.876,874.05,3084.0
2014-07-13 21:00:00+00:00,873.904,874.414,867.382,870.345,4408.0
2014-07-14 21:00:00+00:00,870.1,875.366,862.47,867.232,3966.0
2014-07-15 21:00:00+00:00,868.05,876.669,866.525,873.45,2425.0
2014-07-16 21:00:00+00:00,874.55,889.522,874.227,883.5,3711.0
2014-07-17 21:00:00+00:00,884.7,886.816,872.638,881.276,4316.0
2014-07-20 21:00:00+00:00,881.276,885.777,875.768,876.646,3576.0
2014-07-21 21:00:00+00:00,876.85,877.069,866.257,872.925,4669.0
2014-07-22 21:00:00+00:00,873.75,877.848,870.768,871.366,2328.0
2014-07-23 21:00:00+00:00,871.3,874.699,866.986,871.096,3769.0
2014-07-24 21:00:00+00:00,871.05,880.26,870.177,880.163,2771.0
2014-07-27 21:00:00+00:00,880.4,889.131,877.253,881.325,3385.0
2014-07-28 21:00:00+00:00,879.95,885.948,877.66,879.709,2998.0
2014-07-29 21:00:00+00:00,880.05,882.833,876.809,880.75,3115.0
2014-07-30 21:00:00+00:00,880.8,883.141,869.914,873.35,3126.0
2014-07-31 21:00:00+00:00,873.3,875.33,861.259,865.152,3407.0
2014-08-03 21:00:00+00:00,864.1,870.256,853.493,855.3,3882.0
2014-08-04 21:00:00+00:00,855.25,859.03,837.601,845.633,5559.0
2014-08-05 21:00:00+00:00,845.55,850.291,839.876,850.2,4486.0
2014-08-06 21:00:00+00:00,849.9,860.011,846.962,856.789,6196.0
2014-08-07 21:00:00+00:00,857.05,864.084,854.458,860.7,3820.0
2014-08-10 21:00:00+00:00,865.142,876.527,857.355,875.9,3598.0
2014-08-11 21:00:00+00:00,875.95,883.718,872.252,878.4,3119.0
2014-08-12 21:00:00+00:00,878.55,882.646,875.418,881.638,2672.0
2014-08-13 21:00:00+00:00,881.8,886.974,877.722,883.2,4034.0
2014-08-14 21:00:00+00:00,883.15,895.799,873.871,894.5,5374.0
2014-08-17 21:00:00+00:00,894.95,901.801,891.983,893.265,2909.0
2014-08-18 21:00:00+00:00,893.65,897.21,876.83,881.959,2923.0
2014-08-19 21:00:00+00:00,882.25,882.977,865.486,867.375,3346.0
2014-08-20 21:00:00+00:00,866.25,880.4,864.781,880.3,2785.0
2014-08-21 21:00:00+00:00,880.15,888.591,879.618,887.8,2261.0
2014-08-24 21:00:00+00:00,885.875,891.15,880.498,889.661,2959.0
2014-08-25 21:00:00+00:00,890.4,890.45,883.962,887.65,3274.0
2014-08-26 21:00:00+00:00,887.7,893.583,884.943,892.774,3536.0
2014-08-27 21:00:00+00:00,893.0,900.125,891.844,895.999,2738.0
2014-08-28 21:00:00+00:00,896.15,908.904,894.75,904.497,4462.0
2014-08-31 21:00:00+00:00,908.84,911.719,905.125,907.249,2392.0
2014-09-01 21:00:00+00:00,907.967,909.96,881.049,881.475,5505.0
2014-09-02 21:00:00+00:00,882.75,887.278,869.474,875.36,5414.0
2014-09-03 21:00:00+00:00,875.05,890.652,873.292,889.006,4781.0
2014-09-04 21:00:00+00:00,888.95,891.782,883.0,890.45,3190.0
2014-09-07 21:00:00+00:00,891.465,895.925,881.174,884.15,3066.0
2014-09-08 21:00:00+00:00,884.15,886.962,856.573,860.075,5130.0
2014-09-09 21:00:00+00:00,861.8,864.105,845.559,852.156,4371.0
2014-09-10 21:00:00+00:00,852.2,853.212,830.106,832.513,5545.0
2014-09-11 21:00:00+00:00,833.1,837.935,821.238,837.87,4088.0
2014-09-14 21:00:00+00:00,837.069,849.78,833.594,834.325,3264.0
2014-09-15 21:00:00+00:00,833.45,846.091,832.442,842.9,4205.0
2014-09-16 21:00:00+00:00,841.85,845.776,832.534,834.55,2827.0
2014-09-17 21:00:00+00:00,834.6,834.6,819.844,829.3,3767.0
2014-09-18 21:00:00+00:00,828.45,832.762,807.588,810.85,4477.0
2014-09-21 21:00:00+00:00,811.725,815.992,800.6,800.7,5688.0
2014-09-22 21:00:00+00:00,800.75,818.284,800.7,815.225,4750.0
2014-09-23 21:00:00+00:00,814.05,825.216,813.816,816.389,4408.0
2014-09-24 21:00:00+00:00,815.9,816.769,795.282,801.85,7375.0
2014-09-25 21:00:00+00:00,802.65,809.419,778.17,781.55,6333.0
2014-09-28 21:00:00+00:00,780.326,792.596,778.998,790.85,7039.0
2014-09-29 21:00:00+00:00,789.95,792.786,766.933,773.225,7903.0
2014-09-30 21:00:00+00:00,774.05,784.698,763.325,778.225,8349.0
2014-10-01 21:00:00+00:00,777.25,786.621,767.753,768.187,6844.0
2014-10-02 21:00:00+00:00,767.95,773.282,751.87,755.4,7400.0
2014-10-05 21:00:00+00:00,757.739,767.907,735.289,767.3,8373.0
2014-10-06 21:00:00+00:00,767.35,789.385,767.35,785.851,8032.0
2014-10-07 21:00:00+00:00,785.75,804.064,783.73,803.128,6120.0
2014-10-08 21:00:00+00:00,803.35,811.784,794.876,795.0,7671.0
2014-10-09 21:00:00+00:00,794.65,796.39,780.726,785.75,5395.0
2014-10-12 21:00:00+00:00,785.313,793.366,781.518,785.296,5995.0
2014-10-13 21:00:00+00:00,785.4,796.499,784.724,793.375,7760.0
2014-10-14 21:00:00+00:00,791.95,793.247,762.013,767.352,9726.0
2014-10-15 21:00:00+00:00,767.8,770.76,729.658,742.996,10162.0
2014-10-16 21:00:00+00:00,743.15,761.082,741.932,755.95,7513.0
2014-10-19 21:00:00+00:00,755.27,764.628,753.561,763.1,6078.0
2014-10-20 21:00:00+00:00,762.15,777.576,758.91,776.443,5012.0
2014-10-21 21:00:00+00:00,776.3,783.5,768.575,769.525,5927.0
2014-10-22 21:00:00+00:00,768.25,782.666,764.894,779.725,6326.0
2014-10-23 21:00:00+00:00,780.75,789.842,778.411,780.55,5145.0
2014-10-26 21:00:00+00:00,780.54,788.433,777.413,785.6,5280.0
2014-10-27 21:00:00+00:00,785.7,801.232,780.275,792.65,5390.0
2014-10-28 21:00:00+00:00,792.7,802.635,791.36,793.9,6499.0
2014-10-29 21:00:00+00:00,793.65,795.215,775.294,780.8,7153.0
2014-10-30 21:00:00+00:00,780.8,795.231,771.118,793.5,9574.0
2014-11-02 22:00:00+00:00,792.245,808.762,788.855,803.45,6175.0
2014-11-03 22:00:00+00:00,803.75,804.953,784.006,785.95,7128.0
2014-11-04 22:00:00+00:00,785.95,787.508,755.45,759.2,8259.0
2014-11-05 22:00:00+00:00,759.1,762.365,747.04,752.15,7304.0
2014-11-06 22:00:00+00:00,752.1,776.003,749.163,772.25,6849.0
2014-11-09 22:00:00+00:00,771.965,776.591,760.688,762.15,5801.0
2014-11-10 22:00:00+00:00,762.2,774.568,755.292,772.35,4826.0
2014-11-11 22:00:00+00:00,772.65,783.629,770.317,775.75,5514.0
2014-11-12 22:00:00+00:00,775.8,780.279,765.236,769.25,4635.0
2014-11-13 22:00:00+00:00,769.3,773.665,752.929,766.35,9135.0
2014-11-16 22:00:00+00:00,765.84,775.659,761.82,769.35,8022.0
2014-11-17 22:00:00+00:00,769.25,777.814,766.08,773.25,4665.0
2014-11-18 22:00:00+00:00,773.3,780.243,763.848,764.55,6649.0
2014-11-19 22:00:00+00:00,764.4,773.17,761.967,772.45,5386.0
2014-11-20 22:00:00+00:00,772.4,795.798,770.86,790.35,6370.0
2014-11-23 22:00:00+00:00,791.315,800.262,787.146,792.05,4669.0
2014-11-24 22:00:00+00:00,793.15,800.233,790.45,793.95,7484.0
2014-11-25 22:00:00+00:00,794.3,804.949,791.638,804.1,4772.0
2014-11-26 22:00:00+00:00,804.6,808.422,794.047,806.848,4544.0
2014-11-27 22:00:00+00:00,806.098,815.793,799.226,809.857,6315.0
2014-11-30 22:00:00+00:00,809.905,812.524,791.965,807.7,12803.0
2014-12-01 22:00:00+00:00,807.45,811.66,796.354,802.485,7182.0
2014-12-02 22:00:00+00:00,802.485,814.153,794.016,797.75,6906.0
2014-12-03 22:00:00+00:00,797.65,806.414,795.734,798.45,6226.0
2014-12-04 22:00:00+00:00,798.4,806.506,797.03,801.35,6225.0
2014-12-07 22:00:00+00:00,803.7,807.437,796.472,801.35,5206.0
2014-12-08 22:00:00+00:00,801.1,812.318,796.503,809.6,7045.0
2014-12-09 22:00:00+00:00,809.05,822.533,808.231,815.7,5214.0
2014-12-10 22:00:00+00:00,815.6,822.914,814.311,819.85,4491.0
2014-12-11 22:00:00+00:00,819.5,819.95,812.915,815.85,4374.0
2014-12-14 22:00:00+00:00,815.7,817.6,796.948,798.75,3795.0
2014-12-15 22:00:00+00:00,799.1,807.681,782.078,782.9,5971.0
2014-12-16 22:00:00+00:00,783.1,793.047,775.274,779.6,6539.0
2014-12-17 22:00:00+00:00,779.65,795.816,779.55,792.65,6126.0
2014-12-18 22:00:00+00:00,792.9,807.904,788.582,805.7,4325.0
2014-12-21 22:00:00+00:00,806.03,816.378,804.204,810.0,4150.0
2014-12-22 22:00:00+00:00,810.05,816.171,808.255,812.95,4100.0
2014-12-23 22:00:00+00:00,813.4,815.635,805.853,808.337,2222.0
2014-12-25 22:00:00+00:00,810.17,819.466,809.242,818.65,1695.0
2014-12-28 22:00:00+00:00,817.825,819.36,808.646,811.15,3561.0
2014-12-29 22:00:00+00:00,811.15,814.33,799.7,805.15,3783.0
2014-12-30 22:00:00+00:00,805.8,807.46,795.473,796.454,2720.0
2015-01-01 22:00:00+00:00,796.73,802.947,791.581,796.15,3292.0
2015-01-04 22:00:00+00:00,797.69,804.2,792.359,795.2,5243.0
2015-01-05 22:00:00+00:00,794.95,809.794,794.407,804.05,5944.0
2015-01-06 22:00:00+00:00,803.95,804.2,785.868,790.45,5440.0
2015-01-07 22:00:00+00:00,790.5,796.822,786.213,790.85,4125.0
2015-01-08 22:00:00+00:00,790.85,802.95,790.85,802.95,4048.0
2015-01-11 22:00:00+00:00,802.735,814.556,800.508,810.75,3792.0
2015-01-12 22:00:00+00:00,810.6,819.777,807.463,815.5,4397.0
2015-01-13 22:00:00+00:00,815.55,817.156,766.599,776.15,8541.0
2015-01-14 22:00:00+00:00,776.05,789.904,764.8,765.85,8200.0
2015-01-15 22:00:00+00:00,765.9,774.495,746.22,757.85,6550.0
2015-01-18 22:00:00+00:00,757.85,768.779,751.727,756.502,2813.0
2015-01-19 22:00:00+00:00,759.474,783.099,759.31,776.3,5107.0
2015-01-20 22:00:00+00:00,776.2,782.956,764.82,767.45,2789.0
2015-01-21 22:00:00+00:00,767.5,777.38,758.893,775.85,3878.0
2015-01-22 22:00:00+00:00,776.1,776.826,763.106,776.05,3375.0
2015-01-25 22:00:00+00:00,774.15,781.981,758.33,779.95,5516.0
2015-01-26 22:00:00+00:00,779.9,784.099,773.72,780.25,2992.0
2015-01-27 22:00:00+00:00,780.1,798.11,775.853,796.05,4095.0
2015-01-28 22:00:00+00:00,796.1,797.25,767.798,774.0,6159.0
2015-01-29 22:00:00+00:00,773.95,784.171,770.82,772.95,5762.0
2015-02-01 22:00:00+00:00,773.35,788.704,768.12,785.75,4497.0
2015-02-02 22:00:00+00:00,785.85,797.08,784.125,785.8,3891.0
2015-02-03 22:00:00+00:00,785.75,799.216,784.3,793.15,4834.0
2015-02-04 22:00:00+00:00,793.2,797.616,785.45,793.15,4610.0
2015-02-05 22:00:00+00:00,793.1,797.474,781.615,785.15,4852.0
2015-02-08 22:00:00+00:00,784.515,787.765,776.662,780.85,3224.0
2015-02-09 22:00:00+00:00,780.95,784.345,765.704,772.0,3772.0
2015-02-10 22:00:00+00:00,772.65,780.085,765.132,767.25,4447.0
2015-02-11 22:00:00+00:00,767.2,779.296,766.35,773.75,2838.0
2015-02-12 22:00:00+00:00,773.6,795.44,773.3,790.75,4577.0
2015-02-15 22:00:00+00:00,792.265,795.049,784.454,789.735,2082.0
2015-02-16 22:00:00+00:00,788.35,790.254,777.064,783.2,4581.0
2015-02-17 22:00:00+00:00,783.25,785.819,776.159,777.8,3194.0
2015-02-18 22:00:00+00:00,777.55,790.13,775.8,785.9,2480.0
2015-02-19 22:00:00+00:00,785.95,788.496,777.041,780.45,3675.0
2015-02-22 22:00:00+00:00,780.755,787.995,775.82,786.9,3068.0
2015-02-23 22:00:00+00:00,786.8,796.944,783.723,793.75,2856.0
2015-02-24 22:00:00+00:00,793.65,809.502,792.505,809.25,3017.0
2015-02-25 22:00:00+00:00,809.2,815.986,806.825,811.3,3344.0
2015-02-26 22:00:00+00:00,811.25,819.553,804.4,818.35,3052.0
2015-03-01 22:00:00+00:00,817.745,833.266,813.925,829.1,3194.0
2015-03-02 22:00:00+00:00,828.65,832.841,821.472,830.4,3520.0
2015-03-03 22:00:00+00:00,830.45,832.747,821.737,828.25,3943.0
2015-03-04 22:00:00+00:00,828.2,832.158,822.358,827.5,3032.0
2015-03-05 22:00:00+00:00,827.4,829.925,813.909,819.65,4539.0
2015-03-08 21:00:00+00:00,819.155,828.904,819.035,820.95,3781.0
2015-03-09 21:00:00+00:00,821.05,823.176,801.022,803.45,5140.0
2015-03-10 21:00:00+00:00,803.7,808.345,787.145,789.2,4536.0
2015-03-11 21:00:00+00:00,789.1,799.226,785.684,790.05,3811.0
2015-03-12 21:00:00+00:00,790.0,798.116,787.644,793.45,3583.0
2015-03-15 21:00:00+00:00,794.75,794.75,779.12,780.3,2959.0
2015-03-16 21:00:00+00:00,780.25,782.82,755.7,762.75,4088.0
2015-03-17 21:00:00+00:00,762.85,788.765,758.107,783.5,5138.0
2015-03-18 21:00:00+00:00,783.7,788.024,765.763,767.5,4453.0
2015-03-19 21:00:00+00:00,767.75,780.954,766.339,777.45,4100.0
2015-03-22 21:00:00+00:00,778.235,782.396,770.643,776.6,4639.0
2015-03-23 21:00:00+00:00,776.65,777.398,763.582,764.15,3969.0
2015-03-24 21:00:00+00:00,764.1,770.137,762.455,766.1,3805.0
2015-03-25 21:00:00+00:00,765.6,779.413,762.85,771.55,4441.0
2015-03-26 21:00:00+00:00,771.1,771.952,738.887,741.1,5367.0
2015-03-29 21:00:00+00:00,740.92,747.107,723.84,731.3,5794.0
2015-03-30 21:00:00+00:00,730.0,739.9,725.006,736.7,4167.0
2015-03-31 21:00:00+00:00,735.65,751.31,734.489,748.75,5389.0
2015-04-01 21:00:00+00:00,748.65,755.56,742.14,747.8,3984.0
2015-04-02 21:00:00+00:00,747.1,748.5,746.85,747.15,20.0
2015-04-05 21:00:00+00:00,755.85,775.755,755.255,769.38,5141.0
2015-04-06 21:00:00+00:00,769.43,778.496,765.625,770.3,3570.0
2015-04-07 21:00:00+00:00,769.9,773.525,754.951,756.25,3724.0
2015-04-08 21:00:00+00:00,756.4,765.164,753.12,763.45,4157.0
2015-04-09 21:00:00+00:00,763.35,779.437,760.839,778.0,3199.0
2015-04-12 21:00:00+00:00,779.45,787.93,766.315,770.2,5929.0
2015-04-13 21:00:00+00:00,770.25,771.675,756.3,764.8,5209.0
2015-04-14 21:00:00+00:00,764.65,773.888,759.45,770.9,3603.0
2015-04-15 21:00:00+00:00,770.95,783.395,768.95,780.7,4520.0
2015-04-16 21:00:00+00:00,780.9,786.78,778.163,786.55,3287.0
2015-04-19 21:00:00+00:00,786.5,788.487,765.56,774.75,4306.0
2015-04-20 21:00:00+00:00,774.05,778.95,769.513,770.05,4483.0
2015-04-21 21:00:00+00:00,769.9,774.788,755.85,755.85,6625.0
2015-04-22 21:00:00+00:00,755.9,777.374,755.75,771.2,4977.0
2015-04-23 21:00:00+00:00,771.3,778.552,768.87,771.2,4581.0
2015-04-26 21:00:00+00:00,773.91,785.98,767.9,778.3,7037.0
2015-04-27 21:00:00+00:00,778.35,783.256,771.75,777.75,5404.0
2015-04-28 21:00:00+00:00,777.25,785.839,773.4,782.05,6074.0
2015-04-29 21:00:00+00:00,782.797,784.677,769.8,777.55,4803.0
2015-04-30 21:00:00+00:00,778.719,781.576,771.512,775.3,4575.0
2015-05-03 21:00:00+00:00,773.68,784.896,773.617,783.4,5910.0
2015-05-04 21:00:00+00:00,783.2,798.518,778.655,791.75,5515.0
2015-05-05 21:00:00+00:00,791.7,797.377,788.78,793.9,3785.0
2015-05-06 21:00:00+00:00,793.85,794.666,779.4,781.65,3533.0
2015-05-07 21:00:00+00:00,781.4,802.75,780.727,798.0,6447.0
2015-05-10 21:00:00+00:00,800.74,802.735,774.275,782.25,4408.0
2015-05-11 21:00:00+00:00,782.2,789.913,781.65,785.8,3434.0
2015-05-12 21:00:00+00:00,785.75,793.581,782.945,785.9,3658.0
2015-05-13 21:00:00+00:00,785.95,791.102,776.254,782.65,4266.0
2015-05-14 21:00:00+00:00,782.7,796.544,781.45,794.15,4572.0
2015-05-17 21:00:00+00:00,791.588,799.479,784.635,786.3,3265.0
2015-05-18 21:00:00+00:00,786.5,788.904,775.676,777.45,5632.0
2015-05-19 21:00:00+00:00,777.25,787.276,773.87,777.8,3835.0
2015-05-20 21:00:00+00:00,777.95,781.845,775.126,780.15,3215.0
2015-05-21 21:00:00+00:00,780.45,785.674,770.422,784.3,3588.0
2015-05-24 21:00:00+00:00,783.49,789.935,777.982,788.955,813.0
2015-05-25 21:00:00+00:00,789.95,790.2,780.215,781.9,4158.0
2015-05-26 21:00:00+00:00,782.05,787.978,780.951,786.25,2753.0
2015-05-27 21:00:00+00:00,786.25,789.055,781.311,787.3,3002.0
2015-05-28 21:00:00+00:00,787.35,787.5,776.502,778.2,3896.0
2015-05-31 21:00:00+00:00,777.26,779.699,772.266,772.95,3779.0
2015-06-01 21:00:00+00:00,773.0,776.778,764.989,767.35,3794.0
2015-06-02 21:00:00+00:00,767.2,769.85,752.9,759.75,3027.0
2015-06-03 21:00:00+00:00,759.8,761.115,754.035,755.55,3184.0
2015-06-04 21:00:00+00:00,755.25,757.91,747.51,753.05,3887.0
2015-06-07 21:00:00+00:00,752.69,754.907,742.759,744.8,2695.0
2015-06-08 21:00:00+00:00,744.25,752.089,740.348,741.35,4158.0
2015-06-09 21:00:00+00:00,741.45,749.464,739.743,744.4,3171.0
2015-06-10 21:00:00+00:00,744.35,748.09,738.789,744.05,3826.0
2015-06-11 21:00:00+00:00,743.95,746.85,733.9,734.2,4083.0
2015-06-14 21:00:00+00:00,738.31,740.885,733.65,734.15,3655.0
2015-06-15 21:00:00+00:00,734.25,741.716,732.25,732.45,2312.0
2015-06-16 21:00:00+00:00,732.45,734.427,719.0,723.45,3074.0
2015-06-17 21:00:00+00:00,723.45,727.668,717.576,720.7,3912.0
2015-06-18 21:00:00+00:00,720.85,720.941,706.681,708.55,2470.0
2015-06-21 21:00:00+00:00,707.8,709.67,691.737,697.25,3261.0
2015-06-22 21:00:00+00:00,697.25,705.016,694.111,698.4,2207.0
2015-06-23 21:00:00+00:00,698.45,704.129,694.3,695.05,2083.0
2015-06-24 21:00:00+00:00,695.15,699.498,671.765,679.6,3909.0
2015-06-25 21:00:00+00:00,679.55,681.712,670.287,679.35,3200.0
2015-06-28 21:00:00+00:00,679.24,682.448,666.362,667.85,3711.0
2015-06-29 21:00:00+00:00,667.75,676.5,665.485,676.5,3278.0
2015-06-30 21:00:00+00:00,676.55,703.543,676.55,698.5,5125.0
2015-07-01 21:00:00+00:00,698.55,704.005,693.85,693.85,3496.0
2015-07-02 21:00:00+00:00,693.85,696.945,679.142,685.1,1758.0
2015-07-05 21:00:00+00:00,683.825,686.756,666.585,682.6,5397.0
2015-07-06 21:00:00+00:00,682.85,684.818,642.815,648.85,8265.0
2015-07-07 21:00:00+00:00,648.75,656.64,630.838,655.65,7560.0
2015-07-08 21:00:00+00:00,655.65,665.189,637.438,639.85,6181.0
2015-07-09 21:00:00+00:00,639.85,656.113,638.6,653.05,5213.0
2015-07-12 21:00:00+00:00,653.36,668.872,642.745,661.0,6108.0
2015-07-13 21:00:00+00:00,660.95,666.606,652.66,654.15,4453.0
2015-07-14 21:00:00+00:00,654.15,660.655,638.54,643.55,4720.0
2015-07-15 21:00:00+00:00,643.45,648.839,626.556,632.4,4738.0
2015-07-16 21:00:00+00:00,632.55,632.733,615.25,616.0,3244.0
2015-07-19 21:00:00+00:00,618.32,620.205,596.991,607.15,6530.0
2015-07-20 21:00:00+00:00,607.2,631.89,601.99,626.35,7079.0
2015-07-21 21:00:00+00:00,626.35,631.1,613.92,626.9,6892.0
2015-07-22 21:00:00+00:00,626.95,640.55,615.491,619.25,5786.0
2015-07-23 21:00:00+00:00,619.25,629.1,611.546,625.8,6484.0
2015-07-26 21:00:00+00:00,626.56,632.785,613.159,614.15,5354.0
2015-07-27 21:00:00+00:00,614.25,624.579,613.635,622.35,3515.0
2015-07-28 21:00:00+00:00,622.0,628.375,615.142,623.2,5017.0
2015-07-29 21:00:00+00:00,623.35,626.285,618.081,621.65,5290.0
2015-07-30 21:00:00+00:00,622.2,622.379,608.26,611.45,5355.0
2015-08-02 21:00:00+00:00,614.135,627.825,595.565,600.0,5554.0
2015-08-03 21:00:00+00:00,599.95,604.082,589.075,599.7,6520.0
2015-08-04 21:00:00+00:00,599.75,601.335,593.166,594.3,4723.0
2015-08-05 21:00:00+00:00,594.2,603.438,593.752,600.6,3432.0
2015-08-06 21:00:00+00:00,600.55,608.926,598.61,600.4,6091.0
2015-08-09 21:00:00+00:00,600.38,617.15,596.445,609.75,7302.0
2015-08-10 21:00:00+00:00,609.75,622.692,600.262,601.4,6825.0
2015-08-11 21:00:00+00:00,601.4,628.655,597.525,626.3,6830.0
2015-08-12 21:00:00+00:00,626.25,627.25,615.099,616.65,5149.0
2015-08-13 21:00:00+00:00,616.65,625.219,612.92,618.95,4008.0
2015-08-16 21:00:00+00:00,618.685,621.354,611.145,614.95,3443.0
2015-08-17 21:00:00+00:00,614.95,615.125,591.103,597.3,5301.0
2015-08-18 21:00:00+00:00,597.35,613.895,591.508,613.0,5346.0
2015-08-19 21:00:00+00:00,612.75,624.3,610.967,623.1,5664.0
2015-08-20 21:00:00+00:00,623.15,625.805,600.498,602.65,4841.0
2015-08-23 21:00:00+00:00,602.86,604.444,565.765,575.7,7660.0
2015-08-24 21:00:00+00:00,575.7,576.422,531.6,538.15,7915.0
2015-08-25 21:00:00+00:00,538.15,548.66,521.81,532.5,5797.0
2015-08-26 21:00:00+00:00,532.55,550.081,532.55,548.55,3239.0
2015-08-27 21:00:00+00:00,548.55,592.775,548.55,588.149,7469.0
2015-08-28 21:00:00+00:00,588.149,588.149,588.149,588.149,2.0
2015-08-30 21:00:00+00:00,577.87,605.7,577.87,601.4,2751.0
2015-08-31 21:00:00+00:00,601.35,601.35,570.406,573.15,9872.0
2015-09-01 21:00:00+00:00,573.15,588.188,568.97,583.4,6815.0
2015-09-02 21:00:00+00:00,583.4,592.58,577.1,581.4,5524.0
2015-09-03 21:00:00+00:00,581.4,583.737,572.131,574.6,7484.0
2015-09-06 21:00:00+00:00,575.78,583.65,572.725,582.475,9967.0
2015-09-07 21:00:00+00:00,583.982,598.884,581.039,589.4,5005.0
2015-09-08 21:00:00+00:00,589.4,595.61,576.54,579.1,6430.0
2015-09-09 21:00:00+00:00,579.05,593.756,575.395,589.25,7671.0
2015-09-10 21:00:00+00:00,589.25,597.3,577.567,595.25,6685.0
2015-09-13 21:00:00+00:00,592.36,599.035,583.71,588.12,10913.0
2015-09-14 21:00:00+00:00,588.35,603.91,580.51,601.55,6312.0
2015-09-15 21:00:00+00:00,601.65,613.215,594.45,611.5,7845.0
2015-09-16 21:00:00+00:00,611.5,618.44,595.2,608.95,6580.0
2015-09-17 21:00:00+00:00,609.35,612.874,602.865,606.95,5900.0
2015-09-20 21:00:00+00:00,605.415,610.403,603.508,606.25,1469.0
2015-09-21 21:00:00+00:00,606.25,616.01,594.74,608.85,6757.0
2015-09-22 21:00:00+00:00,608.85,651.79,606.45,647.8,9770.0
2015-09-23 21:00:00+00:00,647.8,662.35,638.042,654.7,6679.0
2015-09-24 21:00:00+00:00,654.75,677.742,650.65,665.1,7161.0
2015-09-27 21:00:00+00:00,663.975,670.633,645.565,649.15,6497.0
2015-09-28 21:00:00+00:00,648.85,659.987,638.643,658.35,4967.0
2015-09-29 21:00:00+00:00,658.35,669.7,648.568,652.9,6658.0
2015-09-30 21:00:00+00:00,652.65,681.365,651.138,676.45,5099.0
2015-10-01 21:00:00+00:00,676.0,698.8,675.05,697.8,5457.0
2015-10-04 21:00:00+00:00,699.381,712.905,684.805,693.7,8330.0
2015-10-05 21:00:00+00:00,692.599,714.419,686.135,708.2,8328.0
2015-10-06 21:00:00+00:00,706.292,713.8,694.101,697.8,1047.0
2015-10-07 21:00:00+00:00,695.96,708.959,687.395,701.9,9726.0
2015-10-08 21:00:00+00:00,703.121,724.495,701.255,710.95,8750.0
2015-10-11 21:00:00+00:00,709.336,717.8,692.4,695.2,7514.0
2015-10-12 21:00:00+00:00,695.5,698.619,681.23,683.65,8506.0
2015-10-13 21:00:00+00:00,683.2,703.896,683.075,699.35,8324.0
2015-10-14 21:00:00+00:00,699.35,707.58,695.06,704.05,6370.0
2015-10-15 21:00:00+00:00,703.35,704.27,693.325,696.0,10014.0
2015-10-18 21:00:00+00:00,698.005,698.005,677.677,686.05,6988.0
2015-10-19 21:00:00+00:00,685.8,699.75,681.76,695.15,6509.0
2015-10-20 21:00:00+00:00,694.45,696.65,672.868,677.3,7802.0
2015-10-21 21:00:00+00:00,677.0,686.388,667.634,685.85,5048.0
2015-10-22 21:00:00+00:00,686.046,702.812,685.611,695.2,5908.0
2015-10-25 21:00:00+00:00,691.61,694.229,678.216,683.85,5803.0
2015-10-26 21:00:00+00:00,683.5,684.335,675.217,677.55,3170.0
2015-10-27 21:00:00+00:00,678.214,692.63,672.094,680.75,9633.0
2015-10-28 21:00:00+00:00,679.205,682.305,668.395,671.7,4362.0
2015-10-29 21:00:00+00:00,672.15,689.657,670.355,677.4,5318.0
2015-11-01 22:00:00+00:00,676.35,676.4,646.079,650.3,5021.0
2015-11-02 22:00:00+00:00,650.5,655.6,640.225,644.35,5040.0
2015-11-03 22:00:00+00:00,642.1,651.252,622.225,630.25,5323.0
2015-11-04 22:00:00+00:00,629.5,632.05,602.85,605.65,5756.0
2015-11-05 22:00:00+00:00,604.8,625.5,597.8,622.15,7159.0
2015-11-08 22:00:00+00:00,620.035,621.126,595.421,597.45,5765.0
2015-11-09 22:00:00+00:00,599.2,615.33,595.585,595.95,4581.0
2015-11-10 22:00:00+00:00,596.53,602.736,574.8,574.9,4508.0
2015-11-11 22:00:00+00:00,576.371,582.95,557.875,562.15,4994.0
2015-11-12 22:00:00+00:00,563.1,564.745,533.538,539.2,9061.0
2015-11-15 22:00:00+00:00,542.52,553.58,540.085,549.9,5895.0
2015-11-16 22:00:00+00:00,549.1,557.671,536.768,543.8,5957.0
2015-11-17 22:00:00+00:00,542.657,550.45,527.491,535.4,4117.0
2015-11-18 22:00:00+00:00,535.913,548.95,526.46,541.3,6967.0
2015-11-19 22:00:00+00:00,543.7,562.915,542.571,561.2,5372.0
2015-11-22 22:00:00+00:00,562.82,563.315,537.53,539.45,5990.0
2015-11-23 22:00:00+00:00,543.519,544.34,531.5,538.15,6394.0
2015-11-24 22:00:00+00:00,538.3,561.604,528.555,554.6,7385.0
2015-11-25 22:00:00+00:00,555.914,569.564,550.425,557.25,7126.0
2015-11-26 22:00:00+00:00,558.3,561.317,547.233,550.75,5687.0
2015-11-29 22:00:00+00:00,549.675,551.4,539.817,545.55,4714.0
2015-11-30 22:00:00+00:00,543.6,554.65,537.881,539.75,6123.0
2015-12-01 22:00:00+00:00,540.1,543.18,525.6,526.4,5746.0
2015-12-02 22:00:00+00:00,526.95,539.312,524.7,537.75,5317.0
2015-12-03 22:00:00+00:00,537.415,573.69,536.179,565.7,9162.0
2015-12-06 22:00:00+00:00,568.3,569.925,551.05,552.25,4605.0
2015-12-07 22:00:00+00:00,551.9,561.116,547.329,549.45,4803.0
2015-12-08 22:00:00+00:00,549.2,556.304,544.684,551.85,5215.0
2015-12-09 22:00:00+00:00,551.25,557.169,540.888,542.65,4384.0
2015-12-10 22:00:00+00:00,543.3,549.276,540.75,543.7,3848.0
2015-12-13 22:00:00+00:00,543.47,551.205,542.565,547.3,4746.0
2015-12-14 22:00:00+00:00,546.7,568.83,546.485,566.15,4737.0
2015-12-15 22:00:00+00:00,565.6,573.722,561.1,570.2,5643.0
2015-12-16 22:00:00+00:00,568.5,570.02,551.775,555.4,4995.0
2015-12-17 22:00:00+00:00,555.4,563.28,545.333,556.8,3956.0
2015-12-20 22:00:00+00:00,559.06,561.558,550.0,551.1,3357.0
2015-12-21 22:00:00+00:00,550.1,558.59,549.8,555.35,2393.0
2015-12-22 22:00:00+00:00,556.25,560.486,549.4,551.65,3219.0
2015-12-23 22:00:00+00:00,551.65,560.351,551.65,559.65,2158.0
2015-12-27 22:00:00+00:00,559.43,564.649,555.85,556.15,2305.0
2015-12-28 22:00:00+00:00,556.15,558.7,555.404,558.65,637.0
2015-12-29 22:00:00+00:00,558.128,562.244,541.846,545.1,3058.0
2015-12-30 22:00:00+00:00,545.191,562.826,544.66,561.696,2824.0
2015-12-31 22:00:00+00:00,563.5,563.5,563.0,563.0,3.0
2016-01-03 22:00:00+00:00,562.5,563.692,538.477,540.1,5726.0
2016-01-04 22:00:00+00:00,540.65,548.4,534.337,534.95,4785.0
2016-01-05 22:00:00+00:00,535.35,538.359,504.043,509.75,5367.0
2016-01-06 22:00:00+00:00,510.05,512.05,484.737,494.25,7200.0
2016-01-07 22:00:00+00:00,494.625,505.374,489.185,495.55,3881.0
2016-01-10 22:00:00+00:00,495.85,496.408,473.8,478.25,4334.0
2016-01-11 22:00:00+00:00,480.7,481.859,452.557,471.75,7056.0
2016-01-12 22:00:00+00:00,470.4,498.681,468.45,485.6,6934.0
2016-01-13 22:00:00+00:00,485.45,494.705,480.061,492.85,5642.0
2016-01-14 22:00:00+00:00,492.85,498.261,484.201,494.05,2948.0
2016-01-17 22:00:00+00:00,492.505,497.346,488.36,495.85,2827.0
2016-01-18 22:00:00+00:00,495.0,505.817,492.14,495.75,4951.0
2016-01-19 22:00:00+00:00,495.75,496.8,483.954,496.7,4594.0
2016-01-20 22:00:00+00:00,495.95,501.33,492.51,498.05,5404.0
2016-01-21 22:00:00+00:00,498.15,508.793,496.05,496.15,3817.0
2016-01-24 22:00:00+00:00,499.22,502.425,489.545,490.45,5091.0
2016-01-25 22:00:00+00:00,490.35,501.695,488.26,493.7,4136.0
2016-01-26 22:00:00+00:00,494.005,503.69,492.435,498.65,5023.0
2016-01-27 22:00:00+00:00,499.75,505.67,490.62,491.25,5938.0
2016-01-28 22:00:00+00:00,491.4,502.895,490.6,499.75,4480.0
2016-01-31 22:00:00+00:00,498.345,506.25,495.343,504.5,2871.0
2016-02-01 22:00:00+00:00,504.75,504.927,489.9,490.85,2543.0
2016-02-02 22:00:00+00:00,491.55,515.55,489.2,509.15,3254.0
2016-02-03 22:00:00+00:00,509.15,517.07,505.683,512.75,3156.0
2016-02-04 22:00:00+00:00,514.65,518.278,497.705,502.9,3698.0
2016-02-07 22:00:00+00:00,503.07,518.705,493.801,514.15,3164.0
2016-02-08 22:00:00+00:00,515.5,518.14,509.45,516.4,3174.0
2016-02-09 22:00:00+00:00,517.828,524.526,507.282,522.2,3583.0
2016-02-10 22:00:00+00:00,522.85,530.647,520.227,522.55,4732.0
2016-02-11 22:00:00+00:00,523.9,530.523,519.2,524.3,3642.0
2016-02-14 22:00:00+00:00,522.81,523.705,510.181,513.326,2438.0
2016-02-15 22:00:00+00:00,513.8,513.85,506.199,509.15,2369.0
2016-02-16 22:00:00+00:00,509.195,515.669,508.565,513.95,3535.0
2016-02-17 22:00:00+00:00,514.084,517.757,497.885,503.1,2772.0
2016-02-18 22:00:00+00:00,503.35,504.973,496.82,499.59,2157.0
2016-02-21 22:00:00+00:00,500.88,502.87,496.149,498.15,2530.0
2016-02-22 22:00:00+00:00,497.0,501.828,494.415,500.2,2480.0
2016-02-23 22:00:00+00:00,500.2,500.8,485.517,488.55,3147.0
2016-02-24 22:00:00+00:00,487.375,494.195,480.44,485.885,2657.0
2016-02-25 22:00:00+00:00,483.875,494.025,480.9,483.4,3769.0
2016-02-28 22:00:00+00:00,486.3,498.989,483.435,494.25,3265.0
2016-02-29 22:00:00+00:00,492.921,523.04,492.705,514.9,5014.0
2016-03-01 22:00:00+00:00,514.15,521.71,509.317,518.05,3809.0
2016-03-02 22:00:00+00:00,517.7,543.97,513.035,539.2,6355.0
2016-03-03 22:00:00+00:00,540.6,562.919,534.65,555.55,5983.0
2016-03-06 22:00:00+00:00,557.485,579.085,553.0,577.65,4032.0
2016-03-07 22:00:00+00:00,577.3,580.0,557.61,559.35,4840.0
2016-03-08 22:00:00+00:00,560.65,570.682,548.851,566.5,4679.0
2016-03-09 22:00:00+00:00,566.6,575.187,558.555,572.05,5583.0
2016-03-10 22:00:00+00:00,570.562,585.475,568.94,574.85,4597.0
2016-03-13 21:00:00+00:00,576.68,577.013,564.569,568.86,5240.0
2016-03-14 21:00:00+00:00,570.606,571.006,558.813,567.96,3180.0
2016-03-15 21:00:00+00:00,567.498,584.178,563.66,581.474,3887.0
2016-03-16 21:00:00+00:00,581.338,597.75,578.521,593.265,4030.0
2016-03-17 21:00:00+00:00,592.3,596.505,583.95,589.267,2916.0
2016-03-20 21:00:00+00:00,590.92,603.226,584.4,602.55,3202.0
2016-03-21 21:00:00+00:00,601.9,606.995,597.882,605.35,3665.0
2016-03-22 21:00:00+00:00,606.2,606.55,579.973,582.75,4882.0
2016-03-23 21:00:00+00:00,582.95,586.45,570.675,574.85,4201.0
2016-03-27 21:00:00+00:00,574.876,584.88,566.216,570.3,3255.0
2016-03-28 21:00:00+00:00,569.567,579.55,556.642,578.3,4445.0
2016-03-29 21:00:00+00:00,578.15,579.372,563.336,565.3,4554.0
2016-03-30 21:00:00+00:00,565.6,575.85,562.373,564.1,5120.0
2016-03-31 21:00:00+00:00,565.744,574.559,556.75,565.8,5232.0
2016-04-03 21:00:00+00:00,563.937,564.56,558.05,560.95,895.0
2016-04-04 21:00:00+00:00,560.95,560.95,541.253,545.6,2838.0
2016-04-05 21:00:00+00:00,547.3,555.615,537.122,542.15,5564.0
2016-04-06 21:00:00+00:00,542.829,544.785,533.5,536.1,4382.0
2016-04-07 21:00:00+00:00,535.65,543.31,534.84,541.6,5497.0
2016-04-10 21:00:00+00:00,543.05,552.83,540.505,547.55,2423.0
2016-04-11 21:00:00+00:00,548.0,555.274,541.6,546.35,4134.0
2016-04-12 21:00:00+00:00,546.5,551.53,537.95,545.3,5307.0
2016-04-13 21:00:00+00:00,544.85,565.9,535.44,560.3,7570.0
2016-04-14 21:00:00+00:00,561.3,570.1,558.25,568.5,2445.0
2016-04-17 21:00:00+00:00,568.6,570.025,561.188,565.75,4111.0
2016-04-18 21:00:00+00:00,566.45,585.986,564.383,582.9,4796.0
2016-04-19 21:00:00+00:00,582.9,599.13,580.67,594.6,4934.0
2016-04-20 21:00:00+00:00,594.959,616.998,591.965,606.55,6929.0
2016-04-21 21:00:00+00:00,605.882,619.11,601.975,603.45,6882.0
2016-04-24 21:00:00+00:00,601.342,608.465,597.25,603.35,5755.0
2016-04-25 21:00:00+00:00,603.5,609.786,593.624,604.45,4650.0
2016-04-26 21:00:00+00:00,604.8,614.724,599.818,611.15,4984.0
2016-04-27 21:00:00+00:00,611.3,626.768,608.355,622.95,5447.0
2016-04-28 21:00:00+00:00,623.05,635.635,622.4,622.4,6094.0
2016-05-01 21:00:00+00:00,624.7,631.16,617.09,621.25,5339.0
2016-05-02 21:00:00+00:00,620.769,625.536,600.324,607.75,5524.0
2016-05-03 21:00:00+00:00,607.7,608.613,593.55,600.55,4494.0
2016-05-04 21:00:00+00:00,599.2,609.38,596.925,600.2,4822.0
2016-05-05 21:00:00+00:00,600.85,608.65,598.1,608.6,4363.0
2016-05-08 21:00:00+00:00,604.319,606.775,578.497,584.1,5222.0
2016-05-09 21:00:00+00:00,584.1,596.822,579.717,595.85,4198.0
2016-05-10 21:00:00+00:00,596.4,611.441,594.057,608.1,4734.0
2016-05-11 21:00:00+00:00,608.662,612.333,593.85,594.85,5851.0
2016-05-12 21:00:00+00:00,594.85,601.34,588.838,593.65,4868.0
2016-05-15 21:00:00+00:00,592.47,597.665,588.65,590.25,4129.0
2016-05-16 21:00:00+00:00,590.3,594.8,581.652,584.55,4209.0
2016-05-17 21:00:00+00:00,584.45,585.79,572.71,575.35,5553.0
2016-05-18 21:00:00+00:00,575.35,577.72,557.169,560.15,5081.0
2016-05-19 21:00:00+00:00,559.35,567.5,557.65,559.85,4443.0
2016-05-22 21:00:00+00:00,560.15,560.75,547.6,550.6,3731.0
2016-05-23 21:00:00+00:00,550.8,551.547,532.895,533.65,3518.0
2016-05-24 21:00:00+00:00,533.65,539.015,523.346,531.95,4298.0
2016-05-25 21:00:00+00:00,533.05,546.54,533.05,543.55,4941.0
2016-05-26 21:00:00+00:00,543.672,552.017,533.585,537.65,4090.0
2016-05-29 21:00:00+00:00,536.018,542.3,532.15,542.15,2053.0
2016-05-30 21:00:00+00:00,541.75,549.545,537.8,546.3,3723.0
2016-05-31 21:00:00+00:00,546.25,549.86,542.25,545.35,4047.0
2016-06-01 21:00:00+00:00,545.1,548.468,532.379,534.55,3049.0
2016-06-02 21:00:00+00:00,534.55,559.88,534.446,554.25,5156.0
2016-06-05 21:00:00+00:00,555.735,558.917,550.99,556.85,2560.0
2016-06-06 21:00:00+00:00,556.9,560.035,544.25,554.0,3137.0
2016-06-07 21:00:00+00:00,554.0,569.71,552.9,560.35,5327.0
2016-06-08 21:00:00+00:00,560.45,565.024,552.822,560.0,5975.0
2016-06-09 21:00:00+00:00,560.3,560.754,543.225,544.8,1282.0
2016-06-12 21:00:00+00:00,543.55,551.8,541.031,542.75,2787.0
2016-06-13 21:00:00+00:00,542.8,543.19,533.25,533.8,3619.0
2016-06-14 21:00:00+00:00,533.238,545.654,530.495,532.45,4453.0
2016-06-15 21:00:00+00:00,532.45,540.866,528.729,533.75,6032.0
2016-06-16 21:00:00+00:00,533.088,543.786,528.0,533.3,4793.0
2016-06-19 21:00:00+00:00,531.496,550.74,531.349,547.05,4931.0
2016-06-20 21:00:00+00:00,547.8,553.745,540.38,550.75,4935.0
2016-06-21 21:00:00+00:00,551.15,563.48,548.45,560.25,3744.0
2016-06-22 21:00:00+00:00,560.3,566.567,556.605,565.3,3796.0
2016-06-23 21:00:00+00:00,565.6,567.269,542.7,550.1,5792.0
2016-06-26 21:00:00+00:00,551.165,558.58,546.743,557.45,5857.0
2016-06-27 21:00:00+00:00,557.45,572.028,555.415,569.85,4627.0
2016-06-28 21:00:00+00:00,571.94,591.685,570.572,588.2,3797.0
2016-06-29 21:00:00+00:00,587.3,600.05,583.142,599.65,4527.0
2016-06-30 21:00:00+00:00,599.3,606.332,591.642,605.85,5116.0
2016-07-03 21:00:00+00:00,603.65,616.7,597.914,614.9,5260.0
2016-07-04 21:00:00+00:00,610.52,614.065,590.2,602.65,5863.0
2016-07-05 21:00:00+00:00,602.5,610.447,591.155,607.65,4465.0
2016-07-06 21:00:00+00:00,606.992,612.655,600.486,610.95,4406.0
2016-07-07 21:00:00+00:00,610.576,619.8,600.153,618.85,4573.0
2016-07-10 21:00:00+00:00,618.171,626.47,614.9,625.25,3999.0
2016-07-11 21:00:00+00:00,623.956,630.74,614.7,628.65,6149.0
2016-07-12 21:00:00+00:00,627.767,648.03,623.525,646.45,5497.0
2016-07-13 21:00:00+00:00,646.8,652.282,636.03,651.7,8073.0
2016-07-14 21:00:00+00:00,650.9,653.395,641.593,649.05,5029.0
2016-07-17 21:00:00+00:00,646.35,648.288,632.331,645.65,4808.0
2016-07-18 21:00:00+00:00,646.4,658.7,641.79,657.85,4131.0
2016-07-19 21:00:00+00:00,656.85,676.359,653.635,673.25,1847.0
2016-07-20 21:00:00+00:00,672.15,686.569,667.705,685.1,4639.0
2016-07-21 21:00:00+00:00,685.1,687.913,679.947,684.75,3760.0
2016-07-24 21:00:00+00:00,683.354,688.542,675.377,686.55,1842.0
2016-07-25 21:00:00+00:00,686.3,694.589,681.779,687.9,3590.0
2016-07-26 21:00:00+00:00,687.95,706.05,685.37,700.95,3747.0
2016-07-27 21:00:00+00:00,701.8,708.543,695.687,696.8,5025.0
2016-07-28 21:00:00+00:00,696.7,714.402,691.643,709.35,4627.0
2016-07-31 21:00:00+00:00,712.143,722.993,706.555,716.35,4158.0
2016-08-01 21:00:00+00:00,715.449,723.255,712.896,715.8,4874.0
2016-08-02 21:00:00+00:00,716.703,716.775,704.693,711.75,4634.0
2016-08-03 21:00:00+00:00,710.672,714.022,698.846,704.35,4740.0
2016-08-04 21:00:00+00:00,704.35,707.305,691.161,695.85,4966.0
2016-08-07 21:00:00+00:00,693.95,699.292,688.65,692.15,3489.0
2016-08-08 21:00:00+00:00,692.1,696.878,686.024,693.45,2920.0
2016-08-09 21:00:00+00:00,693.4,746.836,693.35,724.1,7153.0
2016-08-10 21:00:00+00:00,723.612,726.874,687.784,689.05,5419.0
2016-08-11 21:00:00+00:00,688.9,699.17,681.881,684.5,4116.0
2016-08-14 21:00:00+00:00,683.2,695.476,682.426,691.45,3302.0
2016-08-15 21:00:00+00:00,692.2,706.053,691.125,701.45,3721.0
2016-08-16 21:00:00+00:00,700.65,702.395,686.542,695.25,4324.0
2016-08-17 21:00:00+00:00,694.95,718.395,693.55,712.3,4306.0
2016-08-18 21:00:00+00:00,711.35,711.891,704.511,710.0,4388.0
2016-08-21 21:00:00+00:00,708.65,710.795,690.312,692.0,4218.0
2016-08-22 21:00:00+00:00,691.75,702.65,683.097,698.1,3730.0
2016-08-23 21:00:00+00:00,699.05,701.505,679.822,683.55,3553.0
2016-08-24 21:00:00+00:00,682.6,689.6,680.7,687.34,3384.0
2016-08-25 21:00:00+00:00,688.82,702.12,682.5,688.1,6334.0
2016-08-28 21:00:00+00:00,687.2,699.17,682.84,698.05,6163.0
2016-08-29 21:00:00+00:00,698.05,701.513,673.42,679.25,4769.0
2016-08-30 21:00:00+00:00,677.45,688.84,667.985,673.0,3975.0
2016-08-31 21:00:00+00:00,671.066,676.78,656.35,666.95,3705.0
2016-09-01 21:00:00+00:00,666.016,679.1,664.775,678.75,2883.0
2016-09-04 21:00:00+00:00,677.925,681.555,674.859,680.1,1541.0
2016-09-05 21:00:00+00:00,677.5,700.637,676.945,698.65,4905.0
2016-09-06 21:00:00+00:00,697.85,709.85,687.182,689.8,6249.0
2016-09-07 21:00:00+00:00,689.5,697.546,682.974,686.1,7764.0
2016-09-08 21:00:00+00:00,686.15,691.801,674.194,674.85,7063.0
2016-09-11 21:00:00+00:00,674.735,676.402,653.27,665.1,7578.0
2016-09-12 21:00:00+00:00,664.5,669.15,651.395,654.1,7771.0
2016-09-13 21:00:00+00:00,653.8,662.551,652.35,654.9,6675.0
2016-09-14 21:00:00+00:00,654.85,662.1,652.13,657.0,7954.0
2016-09-15 21:00:00+00:00,657.2,676.937,651.82,672.15,6351.0
2016-09-18 21:00:00+00:00,672.7,694.165,671.6,684.75,5604.0
2016-09-19 21:00:00+00:00,684.05,690.314,678.39,682.95,7209.0
2016-09-20 21:00:00+00:00,682.55,694.752,676.695,684.65,8020.0
2016-09-21 21:00:00+00:00,683.55,701.29,682.0,693.05,4793.0
2016-09-22 21:00:00+00:00,692.95,706.3,689.85,700.8,6771.0
2016-09-25 21:00:00+00:00,700.77,701.061,687.302,693.85,5464.0
2016-09-26 21:00:00+00:00,695.128,702.664,691.62,700.75,6710.0
2016-09-27 21:00:00+00:00,701.3,716.689,699.205,714.3,5516.0
2016-09-28 21:00:00+00:00,714.95,722.283,709.835,716.15,7272.0
2016-09-29 21:00:00+00:00,715.55,726.85,714.37,721.65,6710.0
2016-10-02 21:00:00+00:00,723.15,725.947,707.42,714.85,7589.0
2016-10-03 21:00:00+00:00,714.5,714.75,696.848,698.85,8992.0
2016-10-04 21:00:00+00:00,698.7,702.6,675.251,677.65,6803.0
2016-10-05 21:00:00+00:00,677.45,681.19,661.78,668.55,7693.0
2016-10-06 21:00:00+00:00,668.3,679.098,662.015,669.4,10069.0
2016-10-09 21:00:00+00:00,668.55,676.978,662.112,668.3,5526.0
2016-10-10 21:00:00+00:00,668.482,671.88,646.335,646.85,7111.0
2016-10-11 21:00:00+00:00,647.748,656.424,646.107,648.95,5079.0
2016-10-12 21:00:00+00:00,650.1,650.7,636.195,638.55,6921.0
2016-10-13 21:00:00+00:00,638.2,649.667,631.4,645.4,6562.0
2016-10-16 21:00:00+00:00,644.9,655.075,634.66,638.55,4250.0
2016-10-17 21:00:00+00:00,638.25,647.869,636.85,637.45,5123.0
2016-10-18 21:00:00+00:00,639.35,645.04,634.903,636.15,4013.0
2016-10-19 21:00:00+00:00,636.065,640.722,626.313,631.45,4419.0
2016-10-20 21:00:00+00:00,631.55,632.193,615.224,623.55,3937.0
2016-10-23 21:00:00+00:00,621.7,634.207,617.061,633.95,4504.0
2016-10-24 21:00:00+00:00,633.5,643.176,633.448,634.2,5952.0
2016-10-25 21:00:00+00:00,634.55,639.81,619.08,622.65,5245.0
2016-10-26 21:00:00+00:00,622.75,626.95,611.318,613.0,5129.0
2016-10-27 21:00:00+00:00,612.45,623.43,611.011,619.9,4687.0
2016-10-30 21:00:00+00:00,623.082,623.79,611.057,620.089,4842.0
2016-10-31 21:00:00+00:00,620.7,636.284,619.008,632.386,7451.0
2016-11-01 21:00:00+00:00,632.912,636.085,627.744,628.26,8279.0
2016-11-02 21:00:00+00:00,628.75,632.597,617.087,618.823,9253.0
2016-11-03 21:00:00+00:00,618.85,635.271,617.344,627.503,8924.0
2016-11-06 22:00:00+00:00,622.057,657.872,621.177,652.42,10119.0
2016-11-07 22:00:00+00:00,653.307,669.089,645.516,664.95,12077.0
2016-11-08 22:00:00+00:00,665.888,684.701,652.763,679.283,19470.0
2016-11-09 22:00:00+00:00,679.283,698.493,674.559,690.326,13306.0
2016-11-10 22:00:00+00:00,690.266,698.639,669.997,676.0,22555.0
2016-11-13 22:00:00+00:00,677.344,701.338,668.942,698.67,14970.0
2016-11-14 22:00:00+00:00,697.5,709.398,691.608,707.975,10041.0
2016-11-15 22:00:00+00:00,708.3,721.591,693.075,718.315,9138.0
2016-11-16 22:00:00+00:00,718.95,735.358,713.447,728.126,9499.0
2016-11-17 22:00:00+00:00,728.071,729.778,704.44,725.15,12164.0
2016-11-20 22:00:00+00:00,726.081,733.192,722.974,729.391,8024.0
2016-11-21 22:00:00+00:00,729.156,749.692,727.678,742.164,8290.0
2016-11-22 22:00:00+00:00,742.563,745.985,725.005,734.677,7863.0
2016-11-23 22:00:00+00:00,734.819,741.147,730.319,733.293,4128.0
2016-11-24 22:00:00+00:00,734.268,744.859,725.738,744.46,5972.0
2016-11-27 22:00:00+00:00,743.772,761.3,743.772,757.32,7043.0
2016-11-28 22:00:00+00:00,757.79,766.933,754.681,762.87,8018.0
2016-11-29 22:00:00+00:00,764.1,775.209,761.943,771.45,6630.0
2016-11-30 22:00:00+00:00,771.35,775.606,746.15,753.05,9783.0
2016-12-01 22:00:00+00:00,753.74,756.785,736.522,743.54,6833.0
2016-12-04 22:00:00+00:00,743.354,751.734,727.0,746.14,9318.0
2016-12-05 22:00:00+00:00,745.6,754.461,732.808,737.878,7445.0
2016-12-06 22:00:00+00:00,737.65,739.568,728.274,733.703,7815.0
2016-12-07 22:00:00+00:00,733.825,745.762,716.418,738.557,9224.0
2016-12-08 22:00:00+00:00,738.512,749.262,730.019,730.95,7454.0
2016-12-11 22:00:00+00:00,732.615,738.126,722.61,722.675,6358.0
2016-12-12 22:00:00+00:00,723.25,735.048,722.923,730.1,7400.0
2016-12-13 22:00:00+00:00,728.3,734.754,721.675,721.92,6955.0
2016-12-14 22:00:00+00:00,724.22,730.16,697.724,702.11,12285.0
2016-12-15 22:00:00+00:00,702.315,704.755,680.373,695.15,13027.0
2016-12-18 22:00:00+00:00,694.199,697.455,676.303,678.562,7306.0
2016-12-19 22:00:00+00:00,678.428,680.734,663.883,666.407,6782.0
2016-12-20 22:00:00+00:00,666.671,668.547,656.34,658.5,6508.0
2016-12-21 22:00:00+00:00,658.437,663.428,652.651,655.303,6398.0
2016-12-22 22:00:00+00:00,655.461,660.28,653.744,659.07,3823.0
2016-12-26 22:00:00+00:00,659.225,677.674,657.977,672.05,4941.0
2016-12-27 22:00:00+00:00,671.7,679.281,666.088,668.13,6604.0
2016-12-28 22:00:00+00:00,668.25,676.627,667.992,673.873,4310.0
2016-12-29 22:00:00+00:00,673.873,687.372,670.397,680.05,5786.0
2017-01-02 22:00:00+00:00,687.516,718.885,682.631,709.465,10827.0
2017-01-03 22:00:00+00:00,710.705,743.554,708.225,738.541,11649.0
2017-01-04 22:00:00+00:00,737.606,749.043,727.361,739.276,15076.0
2017-01-05 22:00:00+00:00,738.888,759.129,734.882,755.6,9709.0
2017-01-08 22:00:00+00:00,760.25,768.619,754.332,759.387,6461.0
2017-01-09 22:00:00+00:00,758.86,765.488,756.394,765.253,5354.0
2017-01-10 22:00:00+00:00,765.45,766.538,744.291,756.567,9303.0
2017-01-11 22:00:00+00:00,755.518,765.083,753.549,758.834,7190.0
2017-01-12 22:00:00+00:00,758.854,758.901,744.084,750.67,7225.0
2017-01-15 22:00:00+00:00,751.424,754.349,736.524,744.75,3337.0
2017-01-16 22:00:00+00:00,745.2,759.928,741.097,749.78,6349.0
2017-01-17 22:00:00+00:00,750.2,753.676,742.11,748.6,5479.0
2017-01-18 22:00:00+00:00,749.05,754.833,744.113,753.437,7206.0
2017-01-19 22:00:00+00:00,753.16,793.366,750.499,788.779,11587.0
2017-01-22 22:00:00+00:00,787.044,796.478,769.31,778.015,10346.0
2017-01-23 22:00:00+00:00,777.033,796.999,772.851,788.356,7518.0
2017-01-24 22:00:00+00:00,788.195,790.535,730.556,730.67,13925.0
2017-01-25 22:00:00+00:00,731.273,744.201,713.65,723.05,10022.0
2017-01-26 22:00:00+00:00,724.3,743.79,711.759,740.671,10794.0
2017-01-29 22:00:00+00:00,739.455,742.624,725.818,740.66,9418.0
2017-01-30 22:00:00+00:00,739.429,758.296,738.164,753.877,9350.0
2017-01-31 22:00:00+00:00,755.071,766.487,753.706,763.735,9155.0
2017-02-01 22:00:00+00:00,763.317,770.651,757.53,758.665,7714.0
2017-02-02 22:00:00+00:00,759.91,760.565,742.24,750.738,9361.0
2017-02-05 22:00:00+00:00,747.28,774.749,746.189,772.379,8349.0
2017-02-06 22:00:00+00:00,773.12,774.446,754.833,763.747,8440.0
2017-02-07 22:00:00+00:00,763.263,773.1,759.138,771.244,6717.0
2017-02-08 22:00:00+00:00,770.79,778.613,767.45,770.048,8894.0
2017-02-09 22:00:00+00:00,769.863,786.933,764.297,784.659,11407.0
2017-02-12 22:00:00+00:00,784.442,787.733,772.62,776.038,7135.0
2017-02-13 22:00:00+00:00,775.618,784.275,774.116,781.905,5243.0
2017-02-14 22:00:00+00:00,781.6,791.608,777.52,789.789,7180.0
2017-02-15 22:00:00+00:00,789.183,795.598,787.103,793.232,5049.0
2017-02-16 22:00:00+00:00,793.232,795.33,773.948,777.983,6681.0
2017-02-19 22:00:00+00:00,778.177,781.101,766.221,772.7,5058.0
2017-02-20 22:00:00+00:00,772.804,782.276,763.993,782.267,6492.0
2017-02-21 22:00:00+00:00,782.25,785.155,765.668,769.919,7217.0
2017-02-22 22:00:00+00:00,769.795,780.67,763.23,774.114,6077.0
2017-02-23 22:00:00+00:00,773.96,786.389,770.052,772.4,6286.0
2017-02-26 22:00:00+00:00,772.219,789.068,769.183,783.24,9020.0
2017-02-27 22:00:00+00:00,782.476,786.101,768.29,771.387,9112.0
2017-02-28 22:00:00+00:00,771.229,783.13,769.332,777.272,11255.0
2017-03-01 22:00:00+00:00,776.668,776.852,766.081,767.855,8663.0
2017-03-02 22:00:00+00:00,768.141,774.683,754.866,774.404,10175.0
2017-03-05 22:00:00+00:00,773.378,777.804,765.73,773.035,9423.0
2017-03-06 22:00:00+00:00,773.412,777.541,763.07,772.826,9494.0
2017-03-07 22:00:00+00:00,771.363,774.372,765.496,769.515,9291.0
2017-03-08 22:00:00+00:00,769.185,771.388,746.929,747.699,17296.0
2017-03-09 22:00:00+00:00,747.069,753.508,741.926,746.634,13323.0
2017-03-12 21:00:00+00:00,746.634,758.392,745.926,754.683,8064.0
2017-03-13 21:00:00+00:00,753.474,754.665,741.056,742.011,6542.0
2017-03-14 21:00:00+00:00,742.955,766.006,742.096,761.922,8828.0
2017-03-15 21:00:00+00:00,762.17,775.865,761.348,766.927,11126.0
2017-03-16 21:00:00+00:00,766.75,780.276,764.477,776.772,9158.0
2017-03-19 21:00:00+00:00,777.4,786.073,773.294,782.347,7932.0
2017-03-20 21:00:00+00:00,782.05,794.02,777.948,786.373,9361.0
2017-03-21 21:00:00+00:00,786.3,795.571,782.239,789.204,8866.0
2017-03-22 21:00:00+00:00,788.397,809.482,787.216,802.15,8144.0
2017-03-23 21:00:00+00:00,802.05,815.736,799.657,808.919,5926.0
2017-03-26 21:00:00+00:00,809.85,812.405,793.668,795.015,8424.0
2017-03-27 21:00:00+00:00,795.6,798.031,786.518,792.612,11007.0
2017-03-28 21:00:00+00:00,791.9,795.062,785.135,791.837,8526.0
2017-03-29 21:00:00+00:00,790.7,804.732,786.996,796.479,9970.0
2017-03-30 21:00:00+00:00,794.129,802.08,792.2,798.921,6070.0
2017-04-02 21:00:00+00:00,798.457,805.717,795.436,802.928,5564.0
2017-04-03 21:00:00+00:00,802.4,811.179,802.076,806.81,4756.0
2017-04-04 21:00:00+00:00,807.724,816.415,802.427,807.887,7764.0
2017-04-05 21:00:00+00:00,808.1,812.461,797.093,806.3,8194.0
2017-04-06 21:00:00+00:00,805.7,813.605,799.48,803.126,9693.0
2017-04-09 21:00:00+00:00,801.9,802.696,787.552,789.541,6644.0
2017-04-10 21:00:00+00:00,788.4,807.688,788.4,806.525,6766.0
2017-04-11 21:00:00+00:00,804.9,807.74,790.31,801.528,6792.0
2017-04-12 21:00:00+00:00,800.9,810.771,793.022,796.391,11824.0
2017-04-16 21:00:00+00:00,795.3,799.415,788.851,790.257,4354.0
2017-04-17 21:00:00+00:00,789.884,794.98,771.549,773.698,8778.0
2017-04-18 21:00:00+00:00,774.65,780.15,773.204,778.286,5812.0
2017-04-19 21:00:00+00:00,777.75,806.44,777.696,804.03,9865.0
2017-04-20 21:00:00+00:00,803.3,808.189,792.023,795.707,6650.0
2017-04-23 21:00:00+00:00,792.927,802.954,792.15,797.45,6753.0
2017-04-24 21:00:00+00:00,797.45,802.004,791.65,801.068,6073.0
2017-04-25 21:00:00+00:00,800.057,812.374,799.388,811.599,6165.0
2017-04-26 21:00:00+00:00,810.084,818.247,803.134,816.712,8022.0
2017-04-27 21:00:00+00:00,816.157,832.159,815.993,827.506,8540.0
2017-04-30 21:00:00+00:00,827.3,830.263,815.315,816.185,4945.0
2017-05-01 21:00:00+00:00,817.485,820.525,812.459,819.482,5448.0
2017-05-02 21:00:00+00:00,819.285,825.32,796.228,799.852,14694.0
2017-05-03 21:00:00+00:00,799.288,807.01,788.52,804.231,9325.0
2017-05-04 21:00:00+00:00,804.649,817.112,801.813,815.89,10522.0
2017-05-07 21:00:00+00:00,812.982,820.131,804.858,810.494,6755.0
2017-05-08 21:00:00+00:00,810.128,811.789,793.497,798.798,7225.0
2017-05-09 21:00:00+00:00,798.363,806.665,794.168,797.81,7897.0
2017-05-10 21:00:00+00:00,798.425,811.673,795.48,802.935,7511.0
2017-05-11 21:00:00+00:00,803.925,809.628,803.105,806.555,5256.0
2017-05-14 21:00:00+00:00,807.974,820.823,796.457,797.031,7450.0
2017-05-15 21:00:00+00:00,797.347,809.709,787.46,796.236,9477.0
2017-05-16 21:00:00+00:00,796.236,800.506,778.389,784.735,10275.0
2017-05-17 21:00:00+00:00,785.2,785.845,758.023,763.805,10177.0
2017-05-18 21:00:00+00:00,763.237,769.682,759.087,760.7,9114.0
2017-05-21 21:00:00+00:00,760.9,774.874,751.882,771.804,9339.0
2017-05-22 21:00:00+00:00,772.15,779.763,769.096,776.28,9829.0
2017-05-23 21:00:00+00:00,775.477,775.756,759.587,766.992,8348.0
2017-05-24 21:00:00+00:00,766.298,773.769,764.254,773.769,6861.0
2017-05-25 21:00:00+00:00,773.1,793.55,769.822,791.6,12957.0
2017-05-28 21:00:00+00:00,793.835,802.773,792.388,800.675,4404.0
2017-05-29 21:00:00+00:00,799.2,808.527,793.771,807.925,7729.0
2017-05-30 21:00:00+00:00,807.264,822.927,805.522,819.691,8274.0
2017-05-31 21:00:00+00:00,819.905,829.0,812.786,828.35,8329.0
2017-06-01 21:00:00+00:00,826.95,843.185,824.94,841.65,6912.0
2017-06-04 21:00:00+00:00,843.275,849.783,838.998,845.194,8081.0
2017-06-05 21:00:00+00:00,844.8,859.41,842.947,855.27,7499.0
2017-06-06 21:00:00+00:00,854.75,860.094,832.329,835.6,9451.0
2017-06-07 21:00:00+00:00,835.2,863.92,834.777,860.95,8759.0
2017-06-08 21:00:00+00:00,863.117,917.825,855.356,884.1,12091.0
2017-06-11 21:00:00+00:00,886.05,908.295,884.3,896.95,10595.0
2017-06-12 21:00:00+00:00,895.05,895.8,881.35,882.1,6888.0
2017-06-13 21:00:00+00:00,883.32,887.85,860.9,864.7,13046.0
2017-06-14 21:00:00+00:00,867.105,872.85,854.39,871.3,7068.0
2017-06-15 21:00:00+00:00,871.3,879.325,865.182,870.12,5644.0
2017-06-18 21:00:00+00:00,868.847,874.235,859.05,862.85,4017.0
2017-06-19 21:00:00+00:00,863.086,876.55,859.819,875.807,4589.0
2017-06-20 21:00:00+00:00,874.3,890.45,868.913,890.25,2349.0
2017-06-21 21:00:00+00:00,888.74,895.225,882.64,888.05,1963.0
2017-06-22 21:00:00+00:00,888.475,897.71,860.85,863.55,4514.0
2017-06-25 21:00:00+00:00,863.5,873.2,853.2,873.1,5787.0
2017-06-26 21:00:00+00:00,872.553,874.2,858.4,860.15,4632.0
2017-06-27 21:00:00+00:00,859.9,867.77,856.25,859.45,4028.0
2017-06-28 21:00:00+00:00,860.05,865.761,848.85,851.3,4467.0
2017-06-29 21:00:00+00:00,851.75,852.546,837.424,844.15,4563.0
2017-07-02 21:00:00+00:00,844.7,849.8,838.69,849.75,4879.0
2017-07-03 21:00:00+00:00,847.718,861.89,847.277,854.576,2706.0
2017-07-04 21:00:00+00:00,854.423,859.606,835.75,843.2,4426.0
2017-07-05 21:00:00+00:00,842.715,847.512,832.179,835.3,4140.0
2017-07-06 21:00:00+00:00,837.312,842.807,829.281,841.921,6100.0
2017-07-09 21:00:00+00:00,840.179,844.206,831.121,843.888,5826.0
2017-07-10 21:00:00+00:00,843.361,855.132,837.953,851.901,5425.0
2017-07-11 21:00:00+00:00,851.8,869.138,851.732,864.904,5332.0
2017-07-12 21:00:00+00:00,865.817,873.8,854.348,857.679,6240.0
2017-07-13 21:00:00+00:00,857.7,869.409,857.7,861.326,6247.0
2017-07-16 21:00:00+00:00,861.2,869.839,854.983,868.35,5013.0
2017-07-17 21:00:00+00:00,867.682,870.81,862.873,866.125,6265.0
2017-07-18 21:00:00+00:00,866.682,873.895,860.825,861.396,5148.0
2017-07-19 21:00:00+00:00,859.775,860.437,838.3,847.4,5461.0
2017-07-20 21:00:00+00:00,846.9,858.495,843.047,846.22,3358.0
2017-07-23 21:00:00+00:00,846.225,854.973,840.98,854.2,4498.0
2017-07-24 21:00:00+00:00,852.67,867.368,851.815,860.529,6317.0
2017-07-25 21:00:00+00:00,860.244,870.6,853.825,869.3,5756.0
2017-07-26 21:00:00+00:00,869.25,887.639,868.45,879.5,5686.0
2017-07-27 21:00:00+00:00,878.675,885.75,871.325,884.3,5257.0
2017-07-30 21:00:00+00:00,884.775,900.327,880.973,887.409,6994.0
2017-07-31 21:00:00+00:00,885.579,901.889,884.654,895.25,6349.0
2017-08-01 21:00:00+00:00,893.919,906.829,892.268,896.782,2716.0
2017-08-02 21:00:00+00:00,896.065,898.178,883.01,886.268,4294.0
2017-08-03 21:00:00+00:00,886.491,889.849,877.095,879.55,6631.0
2017-08-06 21:00:00+00:00,878.363,889.373,868.758,888.5,4837.0
2017-08-07 21:00:00+00:00,888.255,900.67,885.69,899.156,7388.0
2017-08-08 21:00:00+00:00,898.366,899.357,889.642,892.028,6073.0
2017-08-09 21:00:00+00:00,891.933,906.334,891.173,899.382,5117.0
2017-08-10 21:00:00+00:00,899.65,902.725,893.637,896.1,4275.0
2017-08-13 21:00:00+00:00,897.25,901.99,894.08,897.947,5148.0
2017-08-14 21:00:00+00:00,898.036,898.602,881.65,888.2,6057.0
2017-08-15 21:00:00+00:00,888.2,916.153,886.573,916.0,7328.0
2017-08-16 21:00:00+00:00,916.05,930.905,915.751,923.784,7978.0
2017-08-17 21:00:00+00:00,922.28,934.638,922.113,924.69,6644.0
2017-08-20 21:00:00+00:00,925.2,940.831,922.242,938.964,7100.0
2017-08-21 21:00:00+00:00,938.787,939.649,929.034,930.4,7191.0
2017-08-22 21:00:00+00:00,931.35,936.596,925.776,934.912,4898.0
2017-08-23 21:00:00+00:00,934.129,937.749,930.625,934.5,3813.0
2017-08-24 21:00:00+00:00,935.25,941.942,928.055,929.227,5312.0
2017-08-27 21:00:00+00:00,929.227,938.991,927.457,936.8,4972.0
2017-08-28 21:00:00+00:00,937.455,950.175,936.761,944.85,7508.0
2017-08-29 21:00:00+00:00,945.825,948.165,930.68,932.035,7229.0
2017-08-30 21:00:00+00:00,932.45,940.992,930.76,937.946,6556.0
2017-08-31 21:00:00+00:00,938.682,987.1,934.067,984.055,11435.0
2017-09-03 21:00:00+00:00,984.1,1001.75,971.898,974.726,6517.0
2017-09-04 21:00:00+00:00,977.5,991.895,957.754,959.65,10380.0
2017-09-05 21:00:00+00:00,960.13,969.133,936.613,941.685,12824.0
2017-09-06 21:00:00+00:00,942.9,961.24,938.479,957.381,10577.0
2017-09-07 21:00:00+00:00,957.381,965.49,934.39,936.18,6747.0
2017-09-10 21:00:00+00:00,934.15,954.817,933.75,936.851,9017.0
2017-09-11 21:00:00+00:00,936.35,958.869,935.353,956.4,7054.0
2017-09-12 21:00:00+00:00,957.75,957.75,937.943,940.139,6879.0
2017-09-13 21:00:00+00:00,939.833,946.176,917.862,928.031,9561.0
2017-09-14 21:00:00+00:00,928.031,932.15,918.444,925.45,7826.0
2017-09-17 21:00:00+00:00,924.275,940.753,922.94,936.643,11838.0
2017-09-18 21:00:00+00:00,937.3,939.372,907.571,911.6,10610.0
2017-09-19 21:00:00+00:00,912.4,917.9,902.746,916.422,11079.0
2017-09-20 21:00:00+00:00,914.343,921.792,908.876,914.264,8495.0
2017-09-21 21:00:00+00:00,913.95,924.875,909.194,922.735,5848.0
2017-09-24 21:00:00+00:00,921.85,927.47,910.864,914.051,11953.0
2017-09-25 21:00:00+00:00,914.65,921.052,910.467,917.13,8899.0
2017-09-26 21:00:00+00:00,916.3,935.408,911.432,930.2,7981.0
2017-09-27 21:00:00+00:00,930.6,939.345,925.085,933.2,9694.0
2017-09-28 21:00:00+00:00,933.0,940.508,931.087,937.25,8418.0
2017-10-01 21:00:00+00:00,938.53,940.95,910.034,912.961,8618.0
2017-10-02 21:00:00+00:00,912.6,922.949,907.873,919.14,5054.0
2017-10-03 21:00:00+00:00,919.14,928.462,917.924,926.8,4752.0
2017-10-04 21:00:00+00:00,926.8,944.724,923.723,943.193,5849.0
2017-10-05 21:00:00+00:00,942.174,946.362,919.21,923.383,9443.0
2017-10-06 21:00:00+00:00,923.383,923.383,923.383,923.383,1.0
2017-10-08 21:00:00+00:00,922.85,931.56,921.742,928.95,6028.0
2017-10-09 21:00:00+00:00,929.2,941.216,929.1,935.875,8412.0
2017-10-10 21:00:00+00:00,934.463,963.516,934.463,962.147,8575.0
2017-10-11 21:00:00+00:00,961.75,987.031,957.459,975.97,9059.0
2017-10-12 21:00:00+00:00,975.925,997.928,972.11,989.77,8221.0
2017-10-15 21:00:00+00:00,988.9,1009.172,971.8,973.759,10978.0
2017-10-16 21:00:00+00:00,975.389,992.494,974.35,982.271,8817.0
2017-10-17 21:00:00+00:00,982.15,991.318,955.17,957.633,10468.0
2017-10-18 21:00:00+00:00,958.587,968.06,949.413,960.35,10158.0
2017-10-19 21:00:00+00:00,961.442,978.577,960.791,976.126,7614.0
2017-10-20 21:00:00+00:00,976.126,976.126,976.126,976.126,1.0
2017-10-22 21:00:00+00:00,976.755,976.755,954.595,958.541,9077.0
2017-10-23 21:00:00+00:00,958.72,968.797,956.676,967.0,7677.0
2017-10-24 21:00:00+00:00,967.0,972.89,954.358,962.85,8891.0
2017-10-25 21:00:00+00:00,962.987,974.79,961.511,971.542,12271.0
2017-10-26 21:00:00+00:00,971.501,972.599,963.001,971.55,15103.0
2017-10-29 21:00:00+00:00,971.55,977.03,963.703,965.286,5691.0
2017-10-30 21:00:00+00:00,966.1,985.025,965.881,983.467,7260.0
2017-10-31 21:00:00+00:00,983.869,1007.705,982.79,1003.762,9945.0
2017-11-01 21:00:00+00:00,1004.414,1008.093,990.407,996.659,6555.0
2017-11-02 21:00:00+00:00,997.35,1003.225,991.138,1001.145,9544.0
2017-11-05 22:00:00+00:00,1001.145,1006.78,993.83,1002.0,5660.0
2017-11-06 22:00:00+00:00,1001.85,1003.722,994.405,996.202,7365.0
2017-11-07 22:00:00+00:00,998.478,1020.207,996.593,1016.45,7667.0
2017-11-08 22:00:00+00:00,1017.006,1027.128,1006.475,1013.035,10774.0
2017-11-09 22:00:00+00:00,1013.632,1014.814,996.11,996.165,6726.0
2017-11-12 22:00:00+00:00,998.157,1004.244,990.257,991.613,6146.0
2017-11-13 22:00:00+00:00,990.8,999.343,977.194,989.175,12063.0
2017-11-14 22:00:00+00:00,989.175,992.247,976.341,987.279,11077.0
2017-11-15 22:00:00+00:00,987.13,991.436,982.163,990.007,7916.0
2017-11-16 22:00:00+00:00,989.371,998.933,989.047,996.85,6753.0
2017-11-19 22:00:00+00:00,995.485,1001.261,987.339,990.75,8833.0
2017-11-20 22:00:00+00:00,991.35,1003.935,988.825,1001.75,7621.0
2017-11-21 22:00:00+00:00,1001.75,1008.485,999.232,1006.75,9023.0
2017-11-22 22:00:00+00:00,1006.25,1015.451,1002.044,1014.49,2565.0
2017-11-23 22:00:00+00:00,1005.65,1014.357,998.425,1005.65,3156.0
2017-11-26 22:00:00+00:00,999.2,1009.039,994.683,1008.45,4371.0
2017-11-27 22:00:00+00:00,1008.0,1030.51,1001.723,1029.3,6374.0
2017-11-28 22:00:00+00:00,1029.7,1031.135,1012.265,1015.446,8553.0
2017-11-29 22:00:00+00:00,1015.513,1023.3,1007.175,1009.522,6041.0
2017-11-30 22:00:00+00:00,1009.35,1025.385,1007.9,1023.529,8830.0
2017-12-03 22:00:00+00:00,1021.4,1024.449,994.1,995.264,7170.0
2017-12-04 22:00:00+00:00,995.264,1002.427,983.245,986.923,8668.0
2017-12-05 22:00:00+00:00,987.099,998.582,986.35,997.388,6731.0
2017-12-06 22:00:00+00:00,997.388,1022.275,994.25,1016.278,7166.0
2017-12-07 22:00:00+00:00,1016.419,1019.574,1000.55,1009.312,6799.0
2017-12-10 22:00:00+00:00,1009.312,1015.917,1004.2,1012.65,6157.0
2017-12-11 22:00:00+00:00,1012.85,1015.588,1004.074,1014.875,5963.0
2017-12-12 22:00:00+00:00,1014.93,1019.275,1007.73,1018.25,6747.0
2017-12-13 22:00:00+00:00,1018.35,1038.825,1006.248,1034.682,7704.0
2017-12-14 22:00:00+00:00,1034.682,1037.847,1020.895,1024.974,8981.0
2017-12-17 22:00:00+00:00,1025.85,1028.613,1014.72,1019.7,9331.0
2017-12-18 22:00:00+00:00,1019.789,1027.875,1018.1,1025.35,3176.0
2017-12-19 22:00:00+00:00,1024.7,1036.625,1022.85,1028.561,3692.0
2017-12-20 22:00:00+00:00,1029.138,1040.595,1027.15,1038.5,4165.0
2017-12-21 22:00:00+00:00,1038.985,1043.05,1030.25,1040.4,3454.0
2017-12-25 22:00:00+00:00,1037.993,1054.106,1037.477,1052.441,1910.0
2017-12-26 22:00:00+00:00,1052.974,1069.983,1050.95,1064.44,5278.0
2017-12-27 22:00:00+00:00,1064.298,1071.55,1056.788,1068.2,4004.0
2017-12-28 22:00:00+00:00,1069.08,1070.825,1054.498,1062.646,6459.0
2018-01-01 22:00:00+00:00,1062.646,1097.563,1062.646,1094.558,6115.0
2018-01-02 22:00:00+00:00,1094.2,1095.799,1082.0,1085.736,4938.0
2018-01-03 22:00:00+00:00,1086.706,1108.677,1081.38,1100.876,6475.0
2018-01-04 22:00:00+00:00,1100.684,1103.715,1087.638,1093.236,4547.0
2018-01-07 22:00:00+00:00,1092.65,1103.193,1090.314,1101.154,4417.0
2018-01-08 22:00:00+00:00,1100.91,1113.293,1099.147,1101.4,5184.0
2018-01-09 22:00:00+00:00,1101.05,1105.625,1082.958,1086.076,6606.0
2018-01-10 22:00:00+00:00,1086.076,1093.282,1078.463,1086.197,5075.0
2018-01-11 22:00:00+00:00,1086.908,1130.072,1086.538,1124.85,7353.0
2018-01-14 22:00:00+00:00,1126.015,1139.45,1122.075,1131.539,2929.0
2018-01-15 22:00:00+00:00,1129.65,1133.839,1090.591,1096.35,8508.0
2018-01-16 22:00:00+00:00,1096.4,1121.069,1095.807,1117.7,8347.0
2018-01-17 22:00:00+00:00,1117.455,1119.811,1099.642,1101.45,7300.0
2018-01-18 22:00:00+00:00,1101.859,1116.817,1101.718,1106.94,6642.0
2018-01-21 22:00:00+00:00,1107.15,1110.935,1085.742,1100.578,8263.0
2018-01-22 22:00:00+00:00,1098.28,1102.2,1088.961,1095.111,7405.0
2018-01-23 22:00:00+00:00,1095.711,1115.135,1094.203,1112.35,8520.0
2018-01-24 22:00:00+00:00,1111.387,1115.457,1095.161,1097.585,9009.0
2018-01-25 22:00:00+00:00,1096.07,1101.77,1082.986,1091.983,7623.0
2018-01-28 22:00:00+00:00,1093.66,1094.538,1082.814,1088.051,5584.0
2018-01-29 22:00:00+00:00,1088.051,1090.344,1049.881,1056.366,10139.0
2018-01-30 22:00:00+00:00,1057.856,1063.585,1025.364,1030.574,10115.0
2018-01-31 22:00:00+00:00,1030.1,1042.207,1016.376,1041.48,10361.0
2018-02-01 22:00:00+00:00,1040.445,1054.896,1037.482,1048.206,9586.0
2018-02-04 22:00:00+00:00,1048.398,1049.535,1027.733,1031.71,10337.0
2018-02-05 22:00:00+00:00,1029.55,1031.417,1002.328,1012.439,14207.0
2018-02-06 22:00:00+00:00,1011.7,1015.452,981.838,987.6,11122.0
2018-02-07 22:00:00+00:00,987.4,988.941,961.592,964.85,10122.0
2018-02-08 22:00:00+00:00,964.565,980.28,959.966,979.331,14838.0
2018-02-11 22:00:00+00:00,977.633,991.607,977.633,984.77,9416.0
2018-02-12 22:00:00+00:00,983.919,996.133,982.894,987.728,6927.0
2018-02-13 22:00:00+00:00,986.696,1005.969,981.284,1003.334,10809.0
2018-02-14 22:00:00+00:00,1003.334,1022.223,1002.497,1020.45,9352.0
2018-02-15 22:00:00+00:00,1019.5,1048.395,1018.234,1046.129,7682.0
2018-02-18 22:00:00+00:00,1045.82,1051.546,1032.603,1033.066,3983.0
2018-02-19 22:00:00+00:00,1034.706,1044.209,1027.875,1034.846,9403.0
2018-02-20 22:00:00+00:00,1034.3,1037.161,1020.822,1024.315,7031.0
2018-02-21 22:00:00+00:00,1024.624,1041.972,1020.248,1041.125,7295.0
2018-02-22 22:00:00+00:00,1041.402,1050.57,1036.793,1048.895,3738.0
2018-02-25 22:00:00+00:00,1048.05,1068.337,1047.608,1061.45,6889.0
2018-02-26 22:00:00+00:00,1061.808,1064.873,1036.462,1038.49,9851.0
2018-02-27 22:00:00+00:00,1039.676,1049.74,1038.554,1043.9,8289.0
2018-02-28 22:00:00+00:00,1046.143,1046.652,978.202,991.862,16641.0
2018-03-01 22:00:00+00:00,991.415,999.968,979.395,994.9,11490.0
2018-03-04 22:00:00+00:00,998.755,1002.019,979.95,986.25,7973.0
2018-03-05 22:00:00+00:00,987.45,995.512,976.947,987.23,8661.0
2018-03-06 22:00:00+00:00,988.41,988.9,965.575,971.33,8535.0
2018-03-07 22:00:00+00:00,971.052,990.378,966.475,978.126,10496.0
2018-03-08 22:00:00+00:00,978.124,998.403,971.094,997.85,10050.0
2018-03-11 21:00:00+00:00,998.725,998.725,972.147,977.95,6558.0
2018-03-12 21:00:00+00:00,978.821,999.138,976.326,991.05,8677.0
2018-03-13 21:00:00+00:00,993.55,1007.978,988.879,990.762,8603.0
2018-03-14 21:00:00+00:00,991.381,995.624,982.098,989.55,6579.0
2018-03-15 21:00:00+00:00,989.493,998.785,983.358,998.15,5018.0
2018-03-18 21:00:00+00:00,997.908,1000.106,988.126,989.736,8256.0
2018-03-19 21:00:00+00:00,990.615,995.91,978.217,983.65,6647.0
2018-03-20 21:00:00+00:00,982.03,995.734,980.481,990.513,11477.0
2018-03-21 21:00:00+00:00,990.134,997.152,974.717,984.659,10455.0
2018-03-22 21:00:00+00:00,985.3,990.695,975.196,976.969,8605.0
2018-03-25 21:00:00+00:00,976.44,987.194,972.381,977.8,9577.0
2018-03-26 21:00:00+00:00,977.15,985.01,972.687,973.498,9709.0
2018-03-27 21:00:00+00:00,973.518,978.712,965.204,969.115,9742.0
2018-03-28 21:00:00+00:00,968.92,973.365,941.41,952.17,12172.0
2018-04-01 21:00:00+00:00,951.6,958.975,931.295,937.829,7842.0
2018-04-02 21:00:00+00:00,937.829,945.569,931.706,933.544,9591.0
2018-04-03 21:00:00+00:00,934.526,935.082,916.663,928.65,9354.0
2018-04-04 21:00:00+00:00,928.717,932.376,902.667,908.25,8682.0
2018-04-05 21:00:00+00:00,909.928,917.199,898.808,905.55,7893.0
2018-04-08 21:00:00+00:00,905.3,940.448,905.129,931.3,10843.0
2018-04-09 21:00:00+00:00,931.876,961.787,930.882,950.85,10009.0
2018-04-10 21:00:00+00:00,951.822,972.341,950.094,966.122,9958.0
2018-04-11 21:00:00+00:00,966.075,971.504,944.999,966.717,10132.0
2018-04-12 21:00:00+00:00,966.997,992.442,964.565,988.0,8498.0
2018-04-15 21:00:00+00:00,989.299,1013.178,985.533,1003.34,8923.0
2018-04-16 21:00:00+00:00,1003.1,1016.633,985.95,1014.489,10234.0
2018-04-17 21:00:00+00:00,1014.489,1046.779,1011.62,1038.05,9751.0
2018-04-18 21:00:00+00:00,1038.092,1057.712,1024.338,1033.005,12469.0
2018-04-19 21:00:00+00:00,1035.235,1042.519,1016.675,1029.6,9332.0
2018-04-22 21:00:00+00:00,1030.75,1036.479,974.449,982.308,12653.0
2018-04-23 21:00:00+00:00,982.05,988.554,964.094,974.7,13197.0
2018-04-24 21:00:00+00:00,975.44,977.6,959.097,977.6,8235.0
2018-04-25 21:00:00+00:00,977.675,995.264,968.301,986.445,9116.0
2018-04-26 21:00:00+00:00,986.811,990.409,968.84,971.775,6484.0
2018-04-29 21:00:00+00:00,971.5,976.917,958.985,966.9,13530.0
2018-04-30 21:00:00+00:00,967.325,968.316,941.854,947.14,11061.0
2018-05-01 21:00:00+00:00,947.4,975.202,945.213,962.6,18145.0
2018-05-02 21:00:00+00:00,962.25,976.573,961.705,964.355,14056.0
2018-05-03 21:00:00+00:00,965.025,970.85,959.722,970.85,11163.0
2018-05-06 21:00:00+00:00,969.7,981.2,968.618,973.085,8935.0
2018-05-07 21:00:00+00:00,973.45,979.162,967.005,973.075,13938.0
2018-05-08 21:00:00+00:00,973.2,984.262,970.676,978.8,8082.0
2018-05-09 21:00:00+00:00,978.189,1003.55,976.606,999.725,10855.0
2018-05-10 21:00:00+00:00,1001.35,1009.392,988.454,992.3,13637.0
2018-05-13 21:00:00+00:00,989.95,1003.444,989.4,997.29,8001.0
2018-05-14 21:00:00+00:00,996.965,998.941,961.102,983.45,18099.0
2018-05-15 21:00:00+00:00,983.95,990.815,979.494,987.635,11100.0
2018-05-16 21:00:00+00:00,987.985,990.645,977.672,979.15,10196.0
2018-05-17 21:00:00+00:00,979.3,983.869,962.326,969.87,7984.0
2018-05-20 21:00:00+00:00,969.581,998.364,969.05,993.77,11418.0
2018-05-21 21:00:00+00:00,994.0,1006.966,989.61,991.975,16927.0
2018-05-22 21:00:00+00:00,993.965,995.341,967.565,981.24,18114.0
2018-05-23 21:00:00+00:00,981.678,984.952,969.456,976.12,16503.0
2018-05-24 21:00:00+00:00,976.4,984.241,969.917,981.625,14570.0
2018-05-27 21:00:00+00:00,981.2,985.855,978.832,985.855,6984.0
2018-05-28 21:00:00+00:00,984.3,991.902,975.727,978.25,12588.0
2018-05-29 21:00:00+00:00,977.606,987.215,974.65,986.9,13202.0
2018-05-30 21:00:00+00:00,987.77,992.389,985.043,988.9,8725.0
2018-05-31 21:00:00+00:00,988.968,1006.25,985.943,1003.16,10905.0
2018-06-03 21:00:00+00:00,999.88,1011.38,994.923,997.98,10423.0
2018-06-04 21:00:00+00:00,996.1,997.744,979.898,994.92,10311.0
2018-06-05 21:00:00+00:00,994.85,1025.383,989.25,1019.86,13141.0
2018-06-06 21:00:00+00:00,1019.688,1031.266,1010.683,1014.525,12126.0
2018-06-07 21:00:00+00:00,1014.35,1020.878,1007.068,1014.35,8971.0
2018-06-10 21:00:00+00:00,1018.3,1026.37,1010.154,1023.935,9031.0
2018-06-11 21:00:00+00:00,1023.939,1024.764,1018.054,1022.15,8516.0
2018-06-12 21:00:00+00:00,1021.76,1022.8,997.021,1011.855,13629.0
2018-06-13 21:00:00+00:00,1012.4,1018.942,1003.492,1010.67,8823.0
2018-06-14 21:00:00+00:00,1010.267,1012.217,986.875,990.4,15420.0
2018-06-17 21:00:00+00:00,985.64,1000.357,982.893,990.95,10842.0
2018-06-18 21:00:00+00:00,991.8,993.774,966.27,969.125,11697.0
2018-06-19 21:00:00+00:00,969.82,980.052,963.063,964.65,10968.0
2018-06-20 21:00:00+00:00,965.117,969.2,950.786,951.91,15720.0
2018-06-21 21:00:00+00:00,950.416,962.401,950.416,958.685,10248.0
2018-06-24 21:00:00+00:00,957.35,960.282,938.953,943.14,11102.0
2018-06-25 21:00:00+00:00,941.432,964.044,932.041,961.3,14232.0
2018-06-26 21:00:00+00:00,960.9,963.404,942.105,951.825,11214.0
2018-06-27 21:00:00+00:00,951.863,955.124,933.398,945.57,13394.0
2018-06-28 21:00:00+00:00,945.57,959.002,941.251,955.96,8418.0
2018-07-01 21:00:00+00:00,956.001,958.199,938.283,947.62,9326.0
2018-07-02 21:00:00+00:00,947.7,954.616,939.749,944.075,10964.0
2018-07-03 21:00:00+00:00,944.15,953.306,942.755,951.057,3971.0
2018-07-04 21:00:00+00:00,950.908,953.055,942.39,949.73,11588.0
2018-07-05 21:00:00+00:00,950.0,955.85,940.751,953.8,9519.0
2018-07-08 21:00:00+00:00,953.845,968.591,953.845,960.81,6626.0
2018-07-09 21:00:00+00:00,960.7,962.4,940.44,943.5,8429.0
2018-07-10 21:00:00+00:00,942.8,946.297,934.771,939.12,11472.0
2018-07-11 21:00:00+00:00,939.75,954.896,936.169,951.62,9796.0
2018-07-12 21:00:00+00:00,951.65,952.2,936.987,940.245,8899.0
2018-07-15 21:00:00+00:00,940.245,945.336,917.931,920.335,9858.0
2018-07-16 21:00:00+00:00,920.05,929.887,908.25,914.25,11266.0
2018-07-17 21:00:00+00:00,914.85,916.375,906.53,909.97,9650.0
2018-07-18 21:00:00+00:00,909.65,912.223,861.15,873.35,18808.0
2018-07-19 21:00:00+00:00,873.25,899.29,872.501,896.15,18699.0
2018-07-22 21:00:00+00:00,884.2,915.496,884.2,914.7,13758.0
2018-07-23 21:00:00+00:00,914.75,927.815,908.096,914.555,10867.0
2018-07-24 21:00:00+00:00,914.35,942.826,913.017,940.95,13655.0
2018-07-25 21:00:00+00:00,939.23,942.766,925.056,929.3,12282.0
2018-07-26 21:00:00+00:00,930.15,936.35,919.438,926.44,8766.0
2018-07-29 21:00:00+00:00,927.2,934.924,923.304,930.1,9480.0
2018-07-30 21:00:00+00:00,930.15,940.196,925.809,935.3,10648.0
2018-07-31 21:00:00+00:00,935.15,936.224,912.65,919.32,11751.0
2018-08-01 21:00:00+00:00,918.55,925.763,909.3,916.035,10834.0
2018-08-02 21:00:00+00:00,916.75,925.427,911.25,913.55,9262.0
2018-08-05 21:00:00+00:00,913.35,918.391,903.726,907.35,11614.0
2018-08-06 21:00:00+00:00,907.65,922.884,906.3,909.55,10380.0
2018-08-07 21:00:00+00:00,910.3,915.146,892.981,900.835,14904.0
2018-08-08 21:00:00+00:00,903.05,909.0,894.55,906.95,9871.0
2018-08-09 21:00:00+00:00,906.969,913.8,899.616,909.955,14503.0
2018-08-12 21:00:00+00:00,911.75,912.15,886.533,893.3,18677.0
2018-08-13 21:00:00+00:00,893.95,899.95,887.234,898.1,13025.0
2018-08-14 21:00:00+00:00,898.1,899.054,837.45,844.975,28537.0
2018-08-15 21:00:00+00:00,846.47,906.9,833.34,887.55,32622.0
2018-08-16 21:00:00+00:00,888.05,914.385,887.1,911.5,25459.0
2018-08-19 21:00:00+00:00,908.55,924.85,908.4,916.3,20894.0
2018-08-20 21:00:00+00:00,916.35,921.6,911.15,913.9,15568.0
2018-08-21 21:00:00+00:00,913.7,928.524,910.165,926.35,18035.0
2018-08-22 21:00:00+00:00,927.1,927.25,912.95,915.55,17921.0
2018-08-23 21:00:00+00:00,915.4,942.0,913.996,936.77,17407.0
2018-08-26 21:00:00+00:00,940.2,952.175,933.4,950.42,13286.0
2018-08-27 21:00:00+00:00,949.309,954.99,939.95,942.76,13620.0
2018-08-28 21:00:00+00:00,943.45,969.35,938.95,966.45,15588.0
2018-08-29 21:00:00+00:00,964.3,986.75,956.95,969.27,21659.0
2018-08-30 21:00:00+00:00,968.65,987.95,968.1,982.85,17752.0
2018-09-02 21:00:00+00:00,983.75,987.25,973.2,982.85,7525.0
2018-09-03 21:00:00+00:00,982.85,991.45,956.294,982.175,19116.0
2018-09-04 21:00:00+00:00,982.35,989.325,970.2,973.95,17384.0
2018-09-05 21:00:00+00:00,974.6,989.502,973.74,976.235,21601.0
2018-09-06 21:00:00+00:00,976.235,992.05,973.0,979.735,19451.0
2018-09-09 21:00:00+00:00,980.35,994.05,975.75,978.735,13354.0
2018-09-10 21:00:00+00:00,978.735,985.999,965.9,977.55,15207.0
2018-09-11 21:00:00+00:00,977.55,982.038,969.65,977.45,13515.0
2018-09-12 21:00:00+00:00,975.35,985.35,973.45,982.725,15884.0
2018-09-13 21:00:00+00:00,984.85,989.05,975.45,979.05,17716.0
2018-09-16 21:00:00+00:00,978.6,989.8,975.65,989.75,16573.0
2018-09-17 21:00:00+00:00,988.8,1016.35,983.85,1014.075,18587.0
2018-09-18 21:00:00+00:00,1014.9,1043.75,1013.555,1038.71,15652.0
2018-09-19 21:00:00+00:00,1040.5,1056.35,1034.25,1054.32,20203.0
2018-09-20 21:00:00+00:00,1053.3,1060.8,1038.15,1055.65,20948.0
2018-09-23 21:00:00+00:00,1052.6,1063.425,1044.5,1062.0,13440.0
2018-09-24 21:00:00+00:00,1062.25,1070.56,1052.885,1063.05,15212.0
2018-09-25 21:00:00+00:00,1062.05,1075.955,1057.45,1069.07,21052.0
2018-09-26 21:00:00+00:00,1068.5,1086.373,1061.05,1085.525,21273.0
2018-09-27 21:00:00+00:00,1083.9,1096.447,1073.423,1075.52,14202.0
2018-09-30 21:00:00+00:00,1072.55,1077.75,1047.907,1059.45,25487.0
2018-10-01 21:00:00+00:00,1060.35,1069.2,1043.232,1055.75,22119.0
2018-10-02 21:00:00+00:00,1056.5,1068.784,1049.415,1059.95,17215.0
2018-10-03 21:00:00+00:00,1060.136,1067.69,1051.95,1056.6,20394.0
2018-10-04 21:00:00+00:00,1057.7,1079.406,1053.552,1073.325,25788.0
2018-10-07 21:00:00+00:00,1069.454,1078.5,1058.548,1078.285,30823.0
2018-10-08 21:00:00+00:00,1077.8,1086.23,1067.436,1072.97,15864.0
2018-10-09 21:00:00+00:00,1071.9,1081.965,1063.595,1068.35,22650.0
2018-10-10 21:00:00+00:00,1069.2,1098.483,1067.242,1080.8,41631.0
2018-10-11 21:00:00+00:00,1081.3,1090.756,1066.375,1068.15,31102.0
2018-10-14 21:00:00+00:00,1067.56,1090.582,1066.87,1085.52,25891.0
2018-10-15 21:00:00+00:00,1087.091,1090.3,1076.088,1079.7,20350.0
2018-10-16 21:00:00+00:00,1079.0,1084.626,1071.552,1071.7,23883.0
2018-10-17 21:00:00+00:00,1072.65,1081.508,1067.537,1071.375,17956.0
2018-10-18 21:00:00+00:00,1071.375,1092.13,1071.375,1082.97,13138.0
2018-10-21 21:00:00+00:00,1082.15,1125.615,1082.15,1124.36,15724.0
2018-10-22 21:00:00+00:00,1124.651,1150.859,1118.416,1143.185,21883.0
2018-10-23 21:00:00+00:00,1142.75,1145.0,1125.9,1127.0,20928.0
2018-10-24 21:00:00+00:00,1127.7,1131.041,1101.37,1102.62,26384.0
2018-10-25 21:00:00+00:00,1103.45,1110.517,1082.2,1105.515,23501.0
2018-10-28 21:00:00+00:00,1105.68,1121.737,1088.959,1090.65,17480.0
2018-10-29 21:00:00+00:00,1090.95,1100.105,1069.696,1078.05,15490.0
2018-10-30 21:00:00+00:00,1077.65,1089.935,1071.35,1080.2,16509.0
2018-10-31 21:00:00+00:00,1080.105,1102.66,1078.25,1095.85,23632.0
2018-11-01 21:00:00+00:00,1095.968,1125.103,1093.585,1116.9,21243.0
2018-11-04 22:00:00+00:00,1118.842,1139.546,1112.926,1135.62,15286.0
2018-11-05 22:00:00+00:00,1135.723,1135.919,1102.896,1117.4,17582.0
2018-11-06 22:00:00+00:00,1117.05,1140.156,1112.995,1134.4,16166.0
2018-11-07 22:00:00+00:00,1134.2,1138.776,1114.09,1125.95,17316.0
2018-11-08 22:00:00+00:00,1125.65,1130.637,1109.697,1116.17,24568.0
2018-11-11 22:00:00+00:00,1117.15,1121.934,1096.108,1097.82,23135.0
2018-11-12 22:00:00+00:00,1099.925,1117.014,1099.79,1112.845,27973.0
2018-11-13 22:00:00+00:00,1114.664,1135.655,1103.937,1128.21,22793.0
2018-11-14 22:00:00+00:00,1127.354,1179.494,1123.481,1157.06,25678.0
2018-11-15 22:00:00+00:00,1160.5,1186.875,1153.584,1176.55,22197.0
2018-11-18 22:00:00+00:00,1180.0,1186.941,1159.584,1163.55,27331.0
2018-11-19 22:00:00+00:00,1164.183,1173.746,1136.859,1143.665,13351.0
2018-11-20 22:00:00+00:00,1143.665,1159.626,1143.321,1150.61,10200.0
2018-11-21 22:00:00+00:00,1150.184,1156.138,1147.159,1156.138,2296.0
2018-11-22 22:00:00+00:00,1156.51,1156.938,1117.5,1123.4,7548.0
2018-11-25 22:00:00+00:00,1125.95,1154.016,1124.9,1147.77,8585.0
2018-11-26 22:00:00+00:00,1147.765,1157.527,1137.285,1153.1,6711.0
2018-11-27 22:00:00+00:00,1153.342,1187.81,1150.708,1186.5,10878.0
2018-11-28 22:00:00+00:00,1184.601,1184.601,1168.93,1182.75,8055.0
2018-11-29 22:00:00+00:00,1184.25,1202.646,1176.781,1182.025,9020.0
2018-12-02 22:00:00+00:00,1187.737,1224.66,1186.989,1206.325,12651.0
2018-12-03 22:00:00+00:00,1206.95,1240.5,1206.9,1233.85,14815.0
2018-12-04 22:00:00+00:00,1232.85,1261.9,1230.01,1237.2,5724.0
2018-12-05 22:00:00+00:00,1239.05,1248.2,1188.9,1210.8,12800.0
2018-12-06 22:00:00+00:00,1213.932,1230.1,1193.45,1228.8,11932.0
2018-12-09 22:00:00+00:00,1225.5,1238.8,1215.747,1226.75,9195.0
2018-12-10 22:00:00+00:00,1227.6,1259.8,1223.7,1247.0,13681.0
2018-12-11 22:00:00+00:00,1249.8,1269.328,1248.25,1265.3,6350.0
2018-12-12 22:00:00+00:00,1265.6,1277.2,1253.7,1259.45,7614.0
2018-12-13 22:00:00+00:00,1261.4,1262.25,1216.7,1241.0,13275.0
2018-12-16 22:00:00+00:00,1240.6,1269.35,1237.95,1254.485,5924.0
2018-12-17 22:00:00+00:00,1256.5,1266.2,1245.906,1247.75,4421.0
2018-12-18 22:00:00+00:00,1250.3,1282.326,1247.04,1262.05,10393.0
2018-12-19 22:00:00+00:00,1267.25,1277.401,1251.343,1264.05,7928.0
2018-12-20 22:00:00+00:00,1267.15,1267.3,1221.825,1222.625,9800.0
2018-12-23 22:00:00+00:00,1229.625,1251.834,1228.755,1246.45,5671.0
2018-12-25 22:00:00+00:00,1247.725,1262.05,1247.725,1260.35,5725.0
2018-12-26 22:00:00+00:00,1262.45,1274.05,1254.28,1267.32,8960.0
2018-12-27 22:00:00+00:00,1266.2,1274.55,1249.2,1255.085,11077.0
2018-12-30 22:00:00+00:00,1258.25,1267.8,1254.15,1266.98,5809.0
2019-01-01 22:00:00+00:00,1267.35,1270.2,1259.262,1262.1,8590.0
2019-01-02 22:00:00+00:00,1261.9,1270.2,1258.7,1268.4,6639.0
2019-01-03 22:00:00+00:00,1268.45,1314.3,1264.4,1303.375,11562.0
2019-01-06 22:00:00+00:00,1304.9,1315.8,1298.75,1304.35,7055.0
2019-01-07 22:00:00+00:00,1306.65,1331.25,1300.723,1329.2,10628.0
2019-01-08 22:00:00+00:00,1330.85,1344.55,1323.921,1330.1,9392.0
2019-01-09 22:00:00+00:00,1330.75,1334.889,1317.11,1330.1,8800.0
2019-01-10 22:00:00+00:00,1326.0,1340.75,1315.25,1317.75,10676.0
2019-01-13 22:00:00+00:00,1317.9,1338.85,1311.25,1327.97,9871.0
2019-01-14 22:00:00+00:00,1327.85,1339.8,1316.2,1322.65,5861.0
2019-01-15 22:00:00+00:00,1322.95,1368.235,1322.85,1367.455,11988.0
2019-01-16 22:00:00+00:00,1368.0,1438.8,1364.265,1400.7,24101.0
2019-01-17 22:00:00+00:00,1400.25,1427.35,1369.2,1383.035,17353.0
2019-01-20 22:00:00+00:00,1384.75,1403.6,1356.2,1361.95,7720.0
2019-01-21 22:00:00+00:00,1365.95,1371.95,1336.25,1351.6,14398.0
2019-01-22 22:00:00+00:00,1352.4,1366.5,1340.35,1354.2,8646.0
2019-01-23 22:00:00+00:00,1354.55,1358.8,1314.25,1326.5,6188.0
2019-01-24 22:00:00+00:00,1326.95,1367.1,1312.526,1367.1,10142.0
2019-01-27 22:00:00+00:00,1356.85,1366.5,1328.35,1335.385,9950.0
2019-01-28 22:00:00+00:00,1335.6,1359.25,1325.8,1345.25,9986.0
2019-01-29 22:00:00+00:00,1346.3,1362.45,1334.25,1362.25,7829.0
2019-01-30 22:00:00+00:00,1360.65,1387.05,1334.593,1344.65,11690.0
2019-01-31 22:00:00+00:00,1340.3,1377.9,1340.1,1355.56,12068.0
2019-02-03 22:00:00+00:00,1358.45,1375.45,1346.8,1366.68,11107.0
2019-02-04 22:00:00+00:00,1367.2,1381.3,1364.75,1380.775,7023.0
2019-02-05 22:00:00+00:00,1380.5,1388.14,1365.804,1376.575,5775.0
2019-02-06 22:00:00+00:00,1376.85,1396.45,1368.75,1386.125,8883.0
2019-02-07 22:00:00+00:00,1385.2,1407.25,1382.2,1405.78,8689.0
2019-02-10 22:00:00+00:00,1406.25,1409.07,1373.75,1388.9,8961.0
2019-02-11 22:00:00+00:00,1389.05,1406.795,1386.1,1406.18,5961.0
2019-02-12 22:00:00+00:00,1406.55,1415.6,1397.65,1400.725,6969.0
2019-02-13 22:00:00+00:00,1400.4,1422.141,1400.0,1420.835,7166.0
2019-02-14 22:00:00+00:00,1420.4,1439.2,1411.79,1437.465,8046.0
2019-02-17 22:00:00+00:00,1436.55,1463.259,1434.35,1459.65,3850.0
2019-02-18 22:00:00+00:00,1461.15,1490.85,1460.1,1479.8,16300.0
2019-02-19 22:00:00+00:00,1480.1,1506.2,1476.4,1485.375,13923.0
2019-02-20 22:00:00+00:00,1485.2,1504.9,1457.25,1473.7,12495.0
2019-02-21 22:00:00+00:00,1476.65,1499.55,1473.75,1499.11,6807.0
2019-02-24 22:00:00+00:00,1492.35,1544.025,1492.05,1542.32,8122.0
2019-02-25 22:00:00+00:00,1541.3,1569.15,1534.924,1567.5,11098.0
2019-02-26 22:00:00+00:00,1558.45,1570.0,1516.659,1532.0,13337.0
2019-02-27 22:00:00+00:00,1533.45,1553.4,1528.45,1541.415,10762.0
2019-02-28 22:00:00+00:00,1541.415,1564.3,1528.759,1546.77,13509.0
2019-03-03 22:00:00+00:00,1549.05,1564.15,1512.75,1532.95,16533.0
2019-03-04 22:00:00+00:00,1532.3,1535.6,1502.955,1517.19,15314.0
2019-03-05 22:00:00+00:00,1517.05,1541.7,1504.25,1536.31,9935.0
2019-03-06 22:00:00+00:00,1534.238,1550.65,1513.1,1530.065,11308.0
2019-03-07 22:00:00+00:00,1529.3,1529.32,1499.919,1516.005,11116.0
2019-03-10 21:00:00+00:00,1517.0,1538.55,1508.6,1532.825,10071.0
2019-03-11 21:00:00+00:00,1534.36,1549.25,1529.002,1537.745,6536.0
2019-03-12 21:00:00+00:00,1537.485,1553.0,1530.237,1551.125,5793.0
2019-03-13 21:00:00+00:00,1550.6,1558.21,1538.3,1553.9,6556.0
2019-03-14 21:00:00+00:00,1552.1,1564.35,1550.1,1554.31,6877.0
2019-03-17 21:00:00+00:00,1554.31,1581.962,1541.95,1579.1,8280.0
2019-03-18 21:00:00+00:00,1580.35,1601.83,1575.752,1589.9,10057.0
2019-03-19 21:00:00+00:00,1591.3,1605.85,1586.0,1598.5,7258.0
2019-03-20 21:00:00+00:00,1600.725,1615.3,1587.327,1602.55,8211.0
2019-03-21 21:00:00+00:00,1602.6,1605.198,1547.05,1555.43,13700.0
2019-03-24 21:00:00+00:00,1556.75,1578.348,1531.2,1575.37,10033.0
2019-03-25 21:00:00+00:00,1575.45,1580.912,1533.65,1543.39,10506.0
2019-03-26 21:00:00+00:00,1542.875,1551.875,1435.0,1451.05,17945.0
2019-03-27 21:00:00+00:00,1451.15,1458.35,1335.031,1347.26,17380.0
2019-03-28 21:00:00+00:00,1350.8,1398.4,1342.1,1384.185,14134.0
2019-03-31 21:00:00+00:00,1379.35,1428.042,1374.1,1423.26,7051.0
2019-04-01 21:00:00+00:00,1423.2,1440.282,1397.2,1432.16,9061.0
2019-04-02 21:00:00+00:00,1432.3,1448.5,1381.7,1407.435,12516.0
2019-04-03 21:00:00+00:00,1407.9,1415.317,1361.45,1365.7,10597.0
2019-04-04 21:00:00+00:00,1366.93,1386.47,1327.45,1371.88,15428.0
2019-04-07 21:00:00+00:00,1371.25,1391.985,1362.78,1385.45,10297.0
2019-04-08 21:00:00+00:00,1385.45,1401.0,1370.843,1391.72,8902.0
2019-04-09 21:00:00+00:00,1391.27,1400.0,1382.935,1390.05,6147.0
2019-04-10 21:00:00+00:00,1389.465,1400.9,1353.198,1369.43,8956.0
2019-04-11 21:00:00+00:00,1368.815,1383.355,1364.015,1374.7,7382.0
2019-04-14 21:00:00+00:00,1376.1,1377.065,1359.53,1363.33,7392.0
2019-04-15 21:00:00+00:00,1363.335,1375.87,1350.885,1354.92,6330.0
2019-04-16 21:00:00+00:00,1354.87,1403.05,1353.25,1398.12,13174.0
2019-04-17 21:00:00+00:00,1398.565,1424.65,1374.0,1424.53,7571.0
2019-04-21 21:00:00+00:00,1422.41,1432.6,1376.75,1390.1,6099.0
2019-04-22 21:00:00+00:00,1393.15,1398.85,1367.4,1393.67,9657.0
2019-04-23 21:00:00+00:00,1393.365,1425.09,1386.1,1418.78,10332.0
2019-04-24 21:00:00+00:00,1420.185,1426.53,1412.313,1419.78,8103.0
2019-04-25 21:00:00+00:00,1421.6,1465.67,1409.408,1465.07,13154.0
2019-04-28 21:00:00+00:00,1464.0,1466.065,1361.0,1371.58,31944.0
2019-04-29 21:00:00+00:00,1376.685,1393.83,1353.08,1388.03,25661.0
2019-04-30 21:00:00+00:00,1386.815,1387.23,1309.85,1351.08,18949.0
2019-05-01 21:00:00+00:00,1362.485,1365.0,1335.665,1356.735,16177.0
2019-05-02 21:00:00+00:00,1358.065,1379.06,1341.933,1370.885,9874.0
2019-05-05 21:00:00+00:00,1365.55,1371.685,1329.75,1343.815,18232.0
2019-05-06 21:00:00+00:00,1339.285,1357.39,1315.15,1329.615,19255.0
2019-05-07 21:00:00+00:00,1330.3,1342.145,1314.4,1319.75,11937.0
2019-05-08 21:00:00+00:00,1320.4,1327.202,1268.184,1299.9,14534.0
2019-05-09 21:00:00+00:00,1300.44,1360.008,1295.25,1353.585,19898.0
2019-05-12 21:00:00+00:00,1351.635,1352.865,1317.6,1322.75,6772.0
2019-05-13 21:00:00+00:00,1322.7,1343.39,1315.55,1338.265,8054.0
2019-05-14 21:00:00+00:00,1336.8,1355.472,1307.615,1343.4,10778.0
2019-05-15 21:00:00+00:00,1342.2,1345.65,1326.185,1335.285,6517.0
2019-05-16 21:00:00+00:00,1335.765,1335.92,1310.15,1316.915,7476.0
2019-05-19 21:00:00+00:00,1315.9,1339.64,1313.45,1334.085,7315.0
2019-05-20 21:00:00+00:00,1333.235,1341.765,1317.05,1321.465,6285.0
2019-05-21 21:00:00+00:00,1321.515,1329.546,1299.674,1317.95,6567.0
2019-05-22 21:00:00+00:00,1318.415,1323.7,1307.05,1311.05,7779.0
2019-05-23 21:00:00+00:00,1309.15,1340.256,1309.035,1336.85,7358.0
2019-05-26 21:00:00+00:00,1331.765,1340.632,1321.25,1335.026,2798.0
2019-05-27 21:00:00+00:00,1337.015,1349.917,1331.2,1340.23,5454.0
2019-05-28 21:00:00+00:00,1340.0,1349.32,1325.75,1344.55,3198.0
2019-05-29 21:00:00+00:00,1353.575,1379.5,1330.015,1368.25,9121.0
2019-05-30 21:00:00+00:00,1368.78,1378.65,1319.998,1330.15,9269.0
2019-06-02 21:00:00+00:00,1330.765,1351.609,1311.3,1330.565,10866.0
2019-06-03 21:00:00+00:00,1331.47,1356.015,1319.674,1348.865,10814.0
2019-06-04 21:00:00+00:00,1350.885,1351.4,1318.615,1327.05,11835.0
2019-06-05 21:00:00+00:00,1332.965,1357.03,1329.85,1351.3,6924.0
2019-06-06 21:00:00+00:00,1355.235,1375.151,1332.95,1359.635,8897.0
2019-06-09 21:00:00+00:00,1360.68,1394.375,1349.735,1382.135,8551.0
2019-06-10 21:00:00+00:00,1383.0,1400.626,1378.62,1395.017,9351.0
2019-06-11 21:00:00+00:00,1395.485,1416.6,1388.3,1411.058,8958.0
2019-06-12 21:00:00+00:00,1413.415,1449.918,1406.216,1449.632,9664.0
2019-06-13 21:00:00+00:00,1449.315,1470.55,1444.559,1468.75,7778.0
2019-06-16 21:00:00+00:00,1470.3,1472.615,1446.8,1458.685,6853.0
2019-06-17 21:00:00+00:00,1457.92,1492.9,1457.57,1482.2,8569.0
2019-06-18 21:00:00+00:00,1485.615,1504.718,1482.7,1504.219,6535.0
2019-06-19 21:00:00+00:00,1503.95,1534.564,1471.315,1486.837,9485.0
2019-06-20 21:00:00+00:00,1485.685,1516.586,1475.851,1504.554,8596.0
2019-06-23 21:00:00+00:00,1504.115,1546.685,1503.93,1538.85,6178.0
2019-06-24 21:00:00+00:00,1539.97,1549.962,1509.741,1530.65,13723.0
2019-06-25 21:00:00+00:00,1530.23,1542.55,1520.55,1521.25,11147.0
2019-06-26 21:00:00+00:00,1521.25,1550.6,1518.805,1550.6,6014.0
2019-06-27 21:00:00+00:00,1552.135,1567.867,1520.35,1539.696,9500.0
2019-06-30 21:00:00+00:00,1542.774,1557.483,1532.4,1548.53,7746.0
2019-07-01 21:00:00+00:00,1548.715,1564.25,1545.846,1562.938,5167.0
2019-07-02 21:00:00+00:00,1564.197,1575.436,1555.945,1575.062,4832.0
2019-07-03 21:00:00+00:00,1574.8,1575.935,1556.635,1566.0,6090.0
2019-07-04 21:00:00+00:00,1565.435,1579.15,1556.332,1571.376,7319.0
2019-07-07 21:00:00+00:00,1568.443,1573.731,1558.392,1562.859,4586.0
2019-07-08 21:00:00+00:00,1562.2,1563.0,1540.122,1548.717,6137.0
2019-07-09 21:00:00+00:00,1547.765,1597.238,1543.114,1591.202,10252.0
2019-07-10 21:00:00+00:00,1588.785,1603.672,1553.85,1561.0,11690.0
2019-07-11 21:00:00+00:00,1561.765,1563.565,1532.099,1544.6,12376.0
2019-07-14 21:00:00+00:00,1546.915,1572.276,1544.0,1566.215,5935.0
2019-07-15 21:00:00+00:00,1565.085,1568.65,1507.563,1525.2,8999.0
2019-07-16 21:00:00+00:00,1528.0,1550.429,1517.17,1537.574,10026.0
2019-07-17 21:00:00+00:00,1539.05,1551.446,1510.521,1530.956,9922.0
2019-07-18 21:00:00+00:00,1530.565,1539.2,1500.1,1505.982,10546.0
2019-07-21 21:00:00+00:00,1508.6,1533.659,1497.57,1528.772,7714.0
2019-07-22 21:00:00+00:00,1528.285,1530.67,1514.472,1525.005,6356.0
2019-07-23 21:00:00+00:00,1525.005,1542.244,1520.43,1542.037,5440.0
2019-07-24 21:00:00+00:00,1541.512,1546.605,1526.908,1531.107,7238.0
2019-07-25 21:00:00+00:00,1531.05,1539.586,1523.143,1532.362,5389.0
2019-07-28 21:00:00+00:00,1531.303,1560.012,1517.521,1552.638,6363.0
2019-07-29 21:00:00+00:00,1553.0,1555.35,1509.09,1516.47,7173.0
2019-07-30 21:00:00+00:00,1514.615,1539.964,1514.565,1519.64,8577.0
2019-07-31 21:00:00+00:00,1517.65,1522.842,1412.368,1429.812,15539.0
2019-08-01 21:00:00+00:00,1432.387,1446.929,1381.9,1409.712,13736.0
2019-08-04 21:00:00+00:00,1410.265,1453.415,1396.217,1422.1,11321.0
2019-08-05 21:00:00+00:00,1423.04,1448.9,1420.95,1447.05,13937.0
2019-08-06 21:00:00+00:00,1443.4,1447.263,1399.55,1419.108,10708.0
2019-08-07 21:00:00+00:00,1418.05,1437.547,1414.632,1423.372,6266.0
2019-08-08 21:00:00+00:00,1424.665,1437.385,1420.452,1422.6,7829.0
2019-08-11 21:00:00+00:00,1425.706,1444.485,1420.03,1432.6,12931.0
2019-08-12 21:00:00+00:00,1426.05,1464.775,1422.135,1455.185,14588.0
2019-08-13 21:00:00+00:00,1455.3,1460.72,1422.044,1428.409,7701.0
2019-08-14 21:00:00+00:00,1427.165,1451.044,1425.019,1445.85,5588.0
2019-08-15 21:00:00+00:00,1444.8,1455.2,1441.8,1448.3,3436.0
2019-08-18 21:00:00+00:00,1448.0,1484.6,1446.35,1480.466,5267.0
2019-08-19 21:00:00+00:00,1480.935,1499.615,1476.5,1490.816,5044.0
2019-08-20 21:00:00+00:00,1491.95,1496.142,1464.5,1472.817,5732.0
2019-08-21 21:00:00+00:00,1472.7,1494.65,1460.394,1486.643,7762.0
2019-08-22 21:00:00+00:00,1487.95,1491.325,1456.53,1462.427,7538.0
2019-08-25 21:00:00+00:00,1466.455,1483.8,1461.65,1477.55,5623.0
2019-08-26 21:00:00+00:00,1475.55,1489.22,1474.5,1481.972,4951.0
2019-08-27 21:00:00+00:00,1481.1,1485.87,1461.053,1472.7,3510.0
2019-08-28 21:00:00+00:00,1472.485,1491.55,1468.585,1475.442,8719.0
2019-08-29 21:00:00+00:00,1474.8,1547.29,1473.785,1534.5,10342.0
2019-09-01 21:00:00+00:00,1545.935,1547.1,1521.35,1537.392,4126.0
2019-09-02 21:00:00+00:00,1535.208,1548.065,1520.3,1543.965,8149.0
2019-09-03 21:00:00+00:00,1544.55,1564.763,1539.2,1557.253,7452.0
2019-09-04 21:00:00+00:00,1558.7,1569.495,1543.495,1563.328,9876.0
2019-09-05 21:00:00+00:00,1563.75,1565.565,1519.1,1539.85,8289.0
2019-09-08 21:00:00+00:00,1532.3,1564.515,1532.3,1543.1,10297.0
2019-09-09 21:00:00+00:00,1546.045,1564.835,1536.55,1558.499,5702.0
2019-09-10 21:00:00+00:00,1560.165,1591.002,1556.25,1574.083,7282.0
2019-09-11 21:00:00+00:00,1572.835,1622.696,1570.4,1619.465,10433.0
2019-09-12 21:00:00+00:00,1619.565,1620.485,1595.111,1610.3,8391.0
2019-09-15 21:00:00+00:00,1614.693,1627.967,1587.007,1605.518,10434.0
2019-09-16 21:00:00+00:00,1607.08,1616.38,1592.651,1599.388,6379.0
2019-09-17 21:00:00+00:00,1600.197,1608.385,1573.75,1592.313,6711.0
2019-09-18 21:00:00+00:00,1594.47,1630.753,1586.048,1623.55,7209.0
2019-09-19 21:00:00+00:00,1623.365,1655.15,1620.95,1642.72,10127.0
2019-09-22 21:00:00+00:00,1645.78,1665.148,1645.72,1656.735,11429.0
2019-09-23 21:00:00+00:00,1655.265,1675.917,1653.5,1674.135,9646.0
2019-09-24 21:00:00+00:00,1674.03,1677.77,1629.75,1638.35,9746.0
2019-09-25 21:00:00+00:00,1643.885,1673.45,1641.785,1668.168,8382.0
2019-09-26 21:00:00+00:00,1668.6,1694.18,1649.05,1685.95,11467.0
2019-09-29 21:00:00+00:00,1685.07,1702.33,1658.961,1676.407,12438.0
2019-09-30 21:00:00+00:00,1677.65,1685.915,1650.328,1653.742,9590.0
2019-10-01 21:00:00+00:00,1656.835,1697.165,1641.37,1689.2,10617.0
2019-10-02 21:00:00+00:00,1688.9,1694.485,1644.672,1655.641,10380.0
2019-10-03 21:00:00+00:00,1652.7,1684.716,1651.65,1662.15,6685.0
2019-10-06 21:00:00+00:00,1667.35,1672.588,1649.835,1662.914,7258.0
2019-10-07 21:00:00+00:00,1667.03,1679.15,1631.93,1674.631,10307.0
2019-10-08 21:00:00+00:00,1675.82,1692.55,1656.662,1684.465,8048.0
2019-10-09 21:00:00+00:00,1684.4,1705.34,1673.65,1702.418,9557.0
2019-10-10 21:00:00+00:00,1701.195,1708.35,1684.55,1698.65,6337.0
2019-10-13 21:00:00+00:00,1702.69,1722.402,1690.248,1713.55,5141.0
2019-10-14 21:00:00+00:00,1713.045,1741.366,1709.782,1738.964,8482.0
2019-10-15 21:00:00+00:00,1737.835,1781.5,1733.348,1770.15,12706.0
2019-10-16 21:00:00+00:00,1769.97,1786.553,1753.585,1765.9,10537.0
2019-10-17 21:00:00+00:00,1761.065,1768.05,1746.365,1756.9,8917.0
2019-10-20 21:00:00+00:00,1756.9,1777.39,1750.491,1761.165,10078.0
2019-10-21 21:00:00+00:00,1760.115,1770.163,1751.035,1756.615,11188.0
2019-10-22 21:00:00+00:00,1757.465,1763.0,1733.145,1744.529,11683.0
2019-10-23 21:00:00+00:00,1745.1,1783.079,1742.535,1773.28,7844.0
2019-10-24 21:00:00+00:00,1773.885,1783.95,1765.85,1765.85,16415.0
2019-10-27 21:00:00+00:00,1767.19,1809.5,1766.4,1801.421,9467.0
2019-10-28 21:00:00+00:00,1800.8,1804.442,1776.81,1779.497,11109.0
2019-10-29 21:00:00+00:00,1780.45,1825.248,1778.115,1808.015,14570.0
2019-10-30 21:00:00+00:00,1808.335,1823.95,1776.186,1795.51,15377.0
2019-10-31 21:00:00+00:00,1794.115,1818.351,1785.792,1810.95,13495.0
2019-11-03 22:00:00+00:00,1810.615,1822.1,1773.35,1778.276,13272.0
2019-11-04 22:00:00+00:00,1780.035,1789.685,1759.056,1777.611,15971.0
2019-11-05 22:00:00+00:00,1777.95,1802.931,1768.5,1794.765,9967.0
2019-11-06 22:00:00+00:00,1795.065,1813.6,1787.35,1800.142,10112.0
2019-11-07 22:00:00+00:00,1799.9,1802.341,1737.485,1742.832,11197.0
2019-11-10 22:00:00+00:00,1739.546,1754.517,1679.085,1689.589,14848.0
2019-11-11 22:00:00+00:00,1689.75,1718.22,1688.143,1699.778,14456.0
2019-11-12 22:00:00+00:00,1700.815,1732.467,1692.95,1707.35,15811.0
2019-11-13 22:00:00+00:00,1711.15,1740.435,1705.3,1738.25,9636.0
2019-11-14 22:00:00+00:00,1737.15,1747.817,1701.37,1707.206,10267.0
2019-11-17 22:00:00+00:00,1707.206,1743.337,1705.718,1737.317,11111.0
2019-11-18 22:00:00+00:00,1737.735,1774.54,1717.23,1763.347,12611.0
2019-11-19 22:00:00+00:00,1764.2,1780.176,1756.916,1768.036,6877.0
2019-11-20 22:00:00+00:00,1767.8,1772.37,1757.7,1763.12,7007.0
2019-11-21 22:00:00+00:00,1763.715,1776.809,1758.45,1775.56,8150.0
2019-11-24 22:00:00+00:00,1775.013,1816.798,1774.96,1797.703,11864.0
2019-11-25 22:00:00+00:00,1796.215,1824.05,1783.73,1812.5,9274.0
2019-11-26 22:00:00+00:00,1815.4,1835.07,1799.545,1834.013,9557.0
2019-11-27 22:00:00+00:00,1834.315,1841.513,1826.62,1837.783,5386.0
2019-11-28 22:00:00+00:00,1840.235,1846.223,1825.55,1841.196,11600.0
2019-12-01 22:00:00+00:00,1841.015,1862.136,1837.62,1851.335,9053.0
2019-12-02 22:00:00+00:00,1851.325,1860.955,1842.149,1855.945,17091.0
2019-12-03 22:00:00+00:00,1855.745,1874.414,1850.228,1870.748,21098.0
2019-12-04 22:00:00+00:00,1870.825,1877.335,1848.565,1873.928,26589.0
2019-12-05 22:00:00+00:00,1874.721,1882.173,1863.634,1880.25,25528.0
2019-12-08 22:00:00+00:00,1880.25,1898.21,1873.165,1883.347,16103.0
2019-12-09 22:00:00+00:00,1884.165,1905.393,1879.8,1900.0,19931.0
2019-12-10 22:00:00+00:00,1899.62,1919.5,1894.877,1914.466,18945.0
2019-12-11 22:00:00+00:00,1913.785,1946.045,1910.875,1942.662,27334.0
2019-12-12 22:00:00+00:00,1943.064,1986.446,1914.36,1932.75,47135.0
2019-12-15 22:00:00+00:00,1936.8,1997.0,1936.8,1979.973,25665.0
2019-12-16 22:00:00+00:00,1981.9,2002.005,1932.81,1955.47,31136.0
2019-12-17 22:00:00+00:00,1955.2,1956.091,1918.253,1921.825,23798.0
2019-12-18 22:00:00+00:00,1921.825,1943.035,1913.9,1938.175,24682.0
2019-12-19 22:00:00+00:00,1939.15,1949.835,1834.21,1855.765,35589.0
2019-12-22 22:00:00+00:00,1854.5,1888.935,1811.4,1874.41,31906.0
2019-12-23 22:00:00+00:00,1877.585,1894.965,1861.077,1885.556,16142.0
2019-12-25 22:00:00+00:00,1884.7,1905.1,1881.52,1902.035,15890.0
2019-12-26 22:00:00+00:00,1900.0,1913.734,1894.35,1904.855,22389.0
2019-12-29 22:00:00+00:00,1908.45,1917.859,1903.505,1909.351,18407.0
2019-12-30 22:00:00+00:00,1909.959,1945.897,1908.858,1944.58,25724.0
2020-01-02 22:00:00+00:00,1957.7,1987.993,1956.377,1982.85,28933.0
2020-01-05 22:00:00+00:00,2003.85,2031.4,1999.565,2031.265,33221.0
2020-01-06 22:00:00+00:00,2029.855,2056.72,2014.35,2055.022,29037.0
2020-01-07 22:00:00+00:00,2056.767,2109.19,2023.95,2104.754,45441.0
2020-01-08 22:00:00+00:00,2103.365,2154.455,2061.01,2112.817,47874.0
2020-01-09 22:00:00+00:00,2110.055,2134.606,2100.907,2118.7,18519.0
2020-01-12 22:00:00+00:00,2118.7,2144.501,2108.047,2135.285,29248.0
2020-01-13 22:00:00+00:00,2131.05,2190.25,2124.63,2188.75,32019.0
2020-01-14 22:00:00+00:00,2186.035,2253.315,2179.715,2251.215,36856.0
2020-01-15 22:00:00+00:00,2250.135,2292.4,2248.4,2272.55,5525.0
2020-01-16 22:00:00+00:00,2293.45,2523.25,2292.4,2404.23,27946.0
2020-01-19 22:00:00+00:00,2419.735,2520.795,2413.715,2485.55,1982.0
2020-01-20 22:00:00+00:00,2528.466,2531.105,2350.395,2363.2,20624.0
2020-01-21 22:00:00+00:00,2360.774,2498.81,2356.965,2490.56,22836.0
2020-01-22 22:00:00+00:00,2518.718,2519.95,2397.08,2458.35,28764.0
2020-01-23 22:00:00+00:00,2458.65,2489.15,2381.78,2423.0,27910.0
2020-01-26 22:00:00+00:00,2411.73,2415.1,2261.94,2264.95,44033.0
2020-01-27 22:00:00+00:00,2285.825,2305.27,2272.07,2284.984,9148.0
2020-01-28 22:00:00+00:00,2293.085,2332.83,2256.8,2296.186,24756.0
2020-01-29 22:00:00+00:00,2303.335,2317.4,2258.35,2312.6,29700.0
2020-01-30 22:00:00+00:00,2319.5,2326.966,2270.86,2271.87,11762.0
2020-02-02 22:00:00+00:00,2274.5,2330.35,2259.55,2327.65,34587.0
2020-02-03 22:00:00+00:00,2346.995,2443.25,2332.165,2430.5,42618.0
2020-02-04 22:00:00+00:00,2437.5,2501.82,2418.315,2451.9,50663.0
2020-02-05 22:00:00+00:00,2449.285,2481.3,2333.1,2333.7,36758.0
2020-02-06 22:00:00+00:00,2348.386,2357.085,2284.1,2310.25,28972.0
2020-02-09 22:00:00+00:00,2334.336,2388.45,2332.558,2354.23,8373.0
2020-02-10 22:00:00+00:00,2353.236,2368.7,2312.2,2343.25,12191.0
2020-02-11 22:00:00+00:00,2345.868,2411.126,2322.1,2401.475,13410.0
2020-02-12 22:00:00+00:00,2409.01,2445.154,2376.87,2428.85,16496.0
2020-02-13 22:00:00+00:00,2442.01,2461.25,2407.33,2434.95,11361.0
2020-02-16 22:00:00+00:00,2438.765,2528.198,2434.002,2522.77,12441.0
2020-02-17 22:00:00+00:00,2522.77,2639.34,2509.22,2633.165,21570.0
2020-02-18 22:00:00+00:00,2640.75,2845.356,2621.01,2714.32,34606.0
2020-02-19 22:00:00+00:00,2765.556,2776.865,2650.76,2698.286,17510.0
2020-02-20 22:00:00+00:00,2713.571,2732.22,2678.47,2708.72,19445.0
2020-02-23 22:00:00+00:00,2720.265,2728.5,2592.345,2637.493,34713.0
2020-02-24 22:00:00+00:00,2638.787,2737.424,2637.298,2718.63,25999.0
2020-02-25 22:00:00+00:00,2683.415,2812.6,2672.15,2790.62,27169.0
2020-02-26 22:00:00+00:00,2808.91,2880.47,2734.24,2853.514,23602.0
2020-02-27 22:00:00+00:00,2863.67,2875.0,2478.1,2612.815,43859.0
2020-03-01 22:00:00+00:00,2542.25,2683.418,2502.546,2535.768,36670.0
2020-03-02 22:00:00+00:00,2557.46,2576.21,2466.42,2489.328,30667.0
2020-03-03 22:00:00+00:00,2489.53,2561.94,2419.38,2541.355,29960.0
2020-03-04 22:00:00+00:00,2539.65,2549.866,2454.964,2530.945,26651.0
2020-03-05 22:00:00+00:00,2540.68,2637.85,2408.7,2568.91,30430.0
2020-03-08 21:00:00+00:00,2506.19,2526.37,2348.017,2495.1,22579.0
2020-03-09 21:00:00+00:00,2486.1,2539.176,2402.86,2419.45,31203.0
2020-03-10 21:00:00+00:00,2425.34,2433.685,2297.3,2306.885,27811.0
2020-03-11 21:00:00+00:00,2307.1,2313.13,1662.15,1828.465,28766.0
2020-03-12 21:00:00+00:00,1849.17,2060.02,1596.21,1822.2,21511.0
2020-03-15 21:00:00+00:00,1723.315,1825.3,1494.05,1608.64,17662.0
2020-03-16 21:00:00+00:00,1657.13,1812.28,1526.41,1650.171,14366.0
2020-03-17 21:00:00+00:00,1652.625,1695.26,1540.51,1584.05,30210.0
2020-03-18 21:00:00+00:00,1583.75,1720.95,1490.445,1637.819,12896.0
2020-03-19 21:00:00+00:00,1642.025,1742.43,1582.7,1638.1,11358.0
2020-03-22 21:00:00+00:00,1598.022,1720.33,1590.89,1703.705,14376.0
2020-03-23 21:00:00+00:00,1736.54,1977.82,1736.54,1938.31,18242.0
2020-03-24 21:00:00+00:00,1960.42,2412.87,1932.98,2316.925,22926.0
2020-03-25 21:00:00+00:00,2329.146,2368.36,2209.0,2345.965,16551.0
2020-03-26 21:00:00+00:00,2332.43,2391.19,2208.875,2281.745,10256.0
2020-03-29 21:00:00+00:00,2289.69,2335.4,2206.195,2322.22,11431.0
2020-03-30 21:00:00+00:00,2317.02,2453.32,2291.77,2352.05,19603.0
2020-03-31 21:00:00+00:00,2344.7,2371.08,2212.79,2225.267,16103.0
2020-04-01 21:00:00+00:00,2269.845,2311.85,2125.475,2218.665,23477.0
2020-04-02 21:00:00+00:00,2228.725,2268.38,2123.28,2177.04,14038.0
2020-04-05 21:00:00+00:00,2183.705,2206.66,2103.225,2171.415,15832.0
2020-04-06 21:00:00+00:00,2148.09,2289.83,2119.61,2173.512,18000.0
2020-04-07 21:00:00+00:00,2179.032,2215.1,2153.7,2172.69,11165.0
2020-04-08 21:00:00+00:00,2181.864,2195.998,2145.554,2169.445,12157.0
2020-04-12 21:00:00+00:00,2223.645,2289.19,2124.82,2194.07,17049.0
2020-04-13 21:00:00+00:00,2193.285,2312.51,2177.75,2239.875,25526.0
2020-04-14 21:00:00+00:00,2203.37,2241.005,2127.175,2183.49,27129.0
2020-04-15 21:00:00+00:00,2198.71,2244.19,2128.285,2179.04,24322.0
2020-04-16 21:00:00+00:00,2179.23,2215.046,2152.755,2153.69,21186.0
2020-04-19 21:00:00+00:00,2165.92,2228.355,2153.956,2167.94,19112.0
2020-04-20 21:00:00+00:00,2171.06,2181.63,1849.505,1932.46,19213.0
2020-04-21 21:00:00+00:00,1956.771,1978.9,1913.605,1934.945,17567.0
2020-04-22 21:00:00+00:00,1938.32,2081.65,1936.14,1986.501,24457.0
2020-04-23 21:00:00+00:00,2007.135,2058.604,1986.5,2042.88,15532.0
2020-04-26 21:00:00+00:00,2031.61,2059.105,1898.15,1918.535,15097.0
2020-04-27 21:00:00+00:00,1925.125,1962.465,1882.01,1917.425,16598.0
2020-04-28 21:00:00+00:00,1923.785,1994.583,1914.05,1950.744,14683.0
2020-04-29 21:00:00+00:00,1953.805,2091.01,1945.785,1963.435,25925.0
2020-04-30 21:00:00+00:00,1961.405,1963.996,1877.25,1911.33,15805.0
2020-05-03 21:00:00+00:00,1904.0,1928.39,1841.256,1859.62,20058.0
2020-05-04 21:00:00+00:00,1867.81,1873.146,1763.13,1807.93,23786.0
2020-05-05 21:00:00+00:00,1811.83,1849.775,1765.48,1795.875,20575.0
2020-05-06 21:00:00+00:00,1794.815,1882.17,1786.705,1870.2,22578.0
2020-05-07 21:00:00+00:00,1893.49,1923.372,1832.923,1886.45,24470.0
2020-05-10 21:00:00+00:00,1893.626,1951.807,1840.0,1894.212,46179.0
2020-05-11 21:00:00+00:00,1906.67,1918.877,1842.31,1852.24,26827.0
2020-05-12 21:00:00+00:00,1859.13,1868.795,1774.59,1835.29,38582.0
2020-05-13 21:00:00+00:00,1830.675,1843.056,1771.45,1837.16,35623.0
2020-05-14 21:00:00+00:00,1827.785,1890.05,1802.858,1874.6,36527.0
2020-05-17 21:00:00+00:00,1878.7,2054.028,1875.775,1993.7,34320.0
2020-05-18 21:00:00+00:00,2008.14,2125.266,1963.35,2031.545,36339.0
2020-05-19 21:00:00+00:00,2030.495,2110.245,2022.115,2085.785,25866.0
2020-05-20 21:00:00+00:00,2091.095,2096.9,1986.478,2022.41,31496.0
2020-05-21 21:00:00+00:00,2022.725,2042.945,1910.2,1949.85,36571.0
2020-05-24 21:00:00+00:00,1972.55,2027.73,1941.4,1984.9,9375.0
2020-05-25 21:00:00+00:00,2000.136,2045.45,1942.93,1983.4,41414.0
2020-05-26 21:00:00+00:00,1955.375,2003.0,1876.71,1991.6,14442.0
2020-05-27 21:00:00+00:00,1970.975,2000.83,1878.21,1940.535,12819.0
2020-05-28 21:00:00+00:00,1937.925,1965.36,1902.26,1962.175,10091.0
2020-05-31 21:00:00+00:00,1962.175,1978.9,1907.1,1966.415,8294.0
2020-06-01 21:00:00+00:00,1970.005,2006.885,1937.003,1969.67,10873.0
2020-06-02 21:00:00+00:00,1968.675,1989.164,1924.2,1925.45,3573.0
2020-06-03 21:00:00+00:00,1944.765,1976.8,1822.405,1932.93,14734.0
2020-06-04 21:00:00+00:00,1933.885,1991.13,1913.12,1967.25,13596.0
2020-06-07 21:00:00+00:00,1959.465,2041.655,1921.606,2018.475,20543.0
2020-06-08 21:00:00+00:00,2024.035,2045.5,1918.78,1954.72,17708.0
2020-06-09 21:00:00+00:00,1945.895,1987.9,1909.035,1965.25,21263.0
2020-06-10 21:00:00+00:00,1944.35,1983.25,1893.8,1926.65,17169.0
2020-06-11 21:00:00+00:00,1924.75,1966.0,1912.986,1964.1,19775.0
2020-06-14 21:00:00+00:00,1918.0,1954.34,1888.065,1938.75,7075.0
2020-06-15 21:00:00+00:00,1949.02,1975.635,1922.23,1940.562,10452.0
2020-06-16 21:00:00+00:00,1939.212,1948.55,1896.6,1941.385,9746.0
2020-06-17 21:00:00+00:00,1947.345,1955.885,1878.15,1909.106,9444.0
2020-06-18 21:00:00+00:00,1910.095,1925.145,1886.85,1898.18,6991.0
2020-06-21 21:00:00+00:00,1906.456,1957.35,1894.876,1941.67,9093.0
2020-06-22 21:00:00+00:00,1942.745,1958.93,1918.515,1938.515,9148.0
2020-06-23 21:00:00+00:00,1945.425,1957.45,1857.781,1871.935,14414.0
2020-06-24 21:00:00+00:00,1877.79,1895.91,1831.164,1840.2,8085.0
2020-06-25 21:00:00+00:00,1854.51,1900.694,1836.966,1889.25,12462.0
2020-06-28 21:00:00+00:00,1889.125,1930.012,1872.72,1913.55,6989.0
2020-06-29 21:00:00+00:00,1917.16,1971.335,1902.865,1962.285,12571.0
2020-06-30 21:00:00+00:00,1944.77,1947.396,1898.83,1924.475,8430.0
2020-07-01 21:00:00+00:00,1923.855,1933.73,1898.825,1921.8,5672.0
2020-07-02 21:00:00+00:00,1909.25,1934.75,1888.45,1923.7,2852.0
2020-07-05 21:00:00+00:00,1920.025,1956.95,1911.575,1955.35,6580.0
2020-07-06 21:00:00+00:00,1926.685,1945.45,1904.0,1926.9,6899.0
2020-07-07 21:00:00+00:00,1929.92,1961.1,1910.045,1910.045,16312.0
2020-07-08 21:00:00+00:00,1934.93,2009.05,1928.94,1954.85,13514.0
2020-07-09 21:00:00+00:00,1963.7,1999.45,1940.7,1985.9,4121.0
2020-07-12 21:00:00+00:00,1985.9,2061.379,1966.188,1978.249,30386.0
2020-07-13 21:00:00+00:00,1975.216,1993.435,1932.52,1969.75,27397.0
2020-07-14 21:00:00+00:00,1968.18,1995.17,1955.9,1983.92,19929.0
2020-07-15 21:00:00+00:00,1984.365,2035.106,1962.25,1992.712,39472.0
2020-07-16 21:00:00+00:00,1986.543,2052.95,1972.75,2027.15,27564.0
2020-07-19 21:00:00+00:00,2027.67,2081.9,2016.3,2055.0,42618.0
2020-07-20 21:00:00+00:00,2051.57,2175.75,2051.52,2142.92,64074.0
2020-07-21 21:00:00+00:00,2177.5,2184.4,2114.145,2175.45,78831.0
2020-07-22 21:00:00+00:00,2157.295,2182.834,2128.737,2144.66,88408.0
2020-07-23 21:00:00+00:00,2133.04,2258.2,2120.46,2250.65,51162.0
2020-07-26 21:00:00+00:00,2216.45,2345.8,2200.89,2303.5,104264.0
2020-07-27 21:00:00+00:00,2253.0,2339.73,2222.49,2300.9,30292.0
2020-07-28 21:00:00+00:00,2288.95,2292.85,2080.676,2162.35,34554.0
2020-07-29 21:00:00+00:00,2171.95,2171.95,2027.95,2084.74,54923.0
2020-07-30 21:00:00+00:00,2065.03,2143.594,2049.82,2096.09,56286.0
2020-08-02 21:00:00+00:00,2069.65,2123.806,2062.625,2101.55,8929.0
2020-08-03 21:00:00+00:00,2098.395,2157.27,2087.48,2148.83,11534.0
2020-08-04 21:00:00+00:00,2127.815,2199.178,2116.675,2186.405,12810.0
2020-08-05 21:00:00+00:00,2195.685,2272.0,2187.718,2233.1,11644.0
2020-08-06 21:00:00+00:00,2208.75,2226.35,2107.34,2162.45,20334.0
2020-08-09 21:00:00+00:00,2190.375,2313.74,2168.36,2225.24,16343.0
2020-08-10 21:00:00+00:00,2237.1,2251.355,2065.46,2085.805,20555.0
2020-08-11 21:00:00+00:00,2075.225,2183.25,2068.275,2146.875,13753.0
2020-08-12 21:00:00+00:00,2174.738,2203.35,2124.86,2175.638,10188.0
2020-08-13 21:00:00+00:00,2170.425,2175.35,2108.375,2128.65,9152.0
2020-08-16 21:00:00+00:00,2135.05,2222.05,2128.2,2203.875,11466.0
2020-08-17 21:00:00+00:00,2175.126,2236.076,2144.4,2209.7,10682.0
2020-08-18 21:00:00+00:00,2199.625,2201.2,2147.975,2152.722,7883.0
2020-08-19 21:00:00+00:00,2162.325,2200.422,2143.0,2185.55,7802.0
2020-08-20 21:00:00+00:00,2192.35,2216.8,2166.399,2179.475,8080.0
2020-08-23 21:00:00+00:00,2182.485,2200.764,2151.25,2158.325,8668.0
2020-08-25 21:00:00+00:00,2172.55,2202.41,2142.579,2197.52,7679.0
2020-08-26 21:00:00+00:00,2192.08,2224.5,2150.63,2157.075,5678.0
2020-08-27 21:00:00+00:00,2169.74,2235.365,2166.435,2234.95,8354.0
2020-08-30 21:00:00+00:00,2223.125,2318.55,2208.466,2276.35,5268.0
2020-08-31 21:00:00+00:00,2252.875,2333.5,2252.875,2280.705,7352.0
2020-09-01 21:00:00+00:00,2281.06,2282.685,2239.28,2244.954,7397.0
2020-09-02 21:00:00+00:00,2248.41,2389.84,2241.51,2305.265,12337.0
2020-09-03 21:00:00+00:00,2318.82,2334.27,2273.645,2278.45,8996.0
2020-09-06 21:00:00+00:00,2308.2,2327.325,2297.416,2302.85,2108.0
2020-09-07 21:00:00+00:00,2306.71,2318.505,2236.468,2286.688,7674.0
2020-09-08 21:00:00+00:00,2278.03,2309.61,2254.375,2304.505,6565.0
2020-09-09 21:00:00+00:00,2299.525,2335.8,2278.6,2309.9,6986.0
2020-09-10 21:00:00+00:00,2300.15,2360.2,2288.4,2360.2,6132.0
2020-09-13 21:00:00+00:00,2333.9,2352.94,2307.3,2312.1,5587.0
2020-09-14 21:00:00+00:00,2317.675,2424.271,2316.27,2405.505,9701.0
2020-09-15 21:00:00+00:00,2397.526,2419.1,2362.1,2394.509,9749.0
2020-09-16 21:00:00+00:00,2394.275,2395.485,2292.07,2330.25,11024.0
2020-09-17 21:00:00+00:00,2331.15,2370.824,2309.04,2362.316,13047.0
2020-09-20 21:00:00+00:00,2356.476,2394.662,2239.6,2274.2,11515.0
2020-09-21 21:00:00+00:00,2288.95,2306.656,2221.27,2225.0,6396.0
2020-09-22 21:00:00+00:00,2228.586,2289.245,2185.8,2226.2,14014.0
2020-09-23 21:00:00+00:00,2227.1,2242.4,2187.2,2232.45,12579.0
2020-09-24 21:00:00+00:00,2228.8,2247.985,2186.836,2222.2,7528.0
2020-09-27 21:00:00+00:00,2228.1,2280.065,2207.13,2270.093,7082.0
2020-09-28 21:00:00+00:00,2276.925,2325.733,2252.258,2315.02,9453.0
2020-09-29 21:00:00+00:00,2321.75,2349.576,2302.216,2304.75,9258.0
2020-09-30 21:00:00+00:00,2313.426,2342.77,2305.2,2323.43,6986.0
2020-10-01 21:00:00+00:00,2322.25,2331.299,2299.48,2310.0,6557.0
2020-10-04 21:00:00+00:00,2313.25,2374.97,2298.8,2367.5,8226.0
2020-10-05 21:00:00+00:00,2365.5,2388.3,2339.35,2351.486,9015.0
2020-10-06 21:00:00+00:00,2355.7,2385.925,2352.782,2364.8,7146.0
2020-10-07 21:00:00+00:00,2361.795,2421.15,2356.976,2375.7,8472.0
2020-10-08 21:00:00+00:00,2383.7,2480.768,2383.7,2442.9,10313.0
2020-10-11 21:00:00+00:00,2444.35,2464.179,2395.558,2408.092,8906.0
2020-10-12 21:00:00+00:00,2411.838,2427.35,2294.6,2313.46,10960.0
2020-10-13 21:00:00+00:00,2315.106,2367.926,2310.356,2350.7,5775.0
2020-10-14 21:00:00+00:00,2345.25,2367.72,2319.55,2355.45,6645.0
2020-10-15 21:00:00+00:00,2359.076,2366.51,2319.6,2332.95,5827.0
2020-10-18 21:00:00+00:00,2340.55,2367.185,2332.65,2344.8,5296.0
2020-10-19 21:00:00+00:00,2351.774,2418.503,2345.4,2407.65,9359.0
2020-10-20 21:00:00+00:00,2407.09,2420.21,2395.5,2414.71,8720.0
2020-10-21 21:00:00+00:00,2400.626,2420.3,2355.896,2384.95,11645.0
2020-10-22 21:00:00+00:00,2386.124,2406.626,2367.15,2404.415,7761.0
2020-10-25 21:00:00+00:00,2381.56,2390.16,2357.9,2360.9,15160.0
2020-10-26 21:00:00+00:00,2365.575,2392.525,2318.453,2332.8,12277.0
2020-10-27 21:00:00+00:00,2333.9,2364.765,2207.05,2246.176,16356.0
2020-10-28 21:00:00+00:00,2260.04,2279.38,2182.95,2198.95,18096.0
2020-10-29 21:00:00+00:00,2210.775,2259.97,2188.936,2203.65,18276.0
2020-11-01 22:00:00+00:00,2225.996,2270.061,2199.66,2220.316,34202.0
2020-11-02 22:00:00+00:00,2226.726,2308.395,2222.28,2295.12,29930.0
2020-11-03 22:00:00+00:00,2296.324,2322.7,2231.24,2294.595,50351.0
2020-11-04 22:00:00+00:00,2287.7,2432.708,2278.05,2383.534,39497.0
2020-11-05 22:00:00+00:00,2379.734,2511.366,2372.15,2492.4,46195.0
2020-11-08 22:00:00+00:00,2496.394,2517.0,2434.47,2483.279,33008.0
2020-11-09 22:00:00+00:00,2488.74,2501.955,2453.693,2463.382,20005.0
2020-11-10 22:00:00+00:00,2464.285,2473.963,2304.585,2317.8,21681.0
2020-11-11 22:00:00+00:00,2324.485,2364.938,2322.794,2337.1,19610.0
2020-11-12 22:00:00+00:00,2337.53,2359.16,2315.61,2328.7,19358.0
2020-11-15 22:00:00+00:00,2329.205,2363.399,2303.95,2334.92,29665.0
2020-11-16 22:00:00+00:00,2333.275,2348.222,2310.28,2322.976,33863.0
2020-11-17 22:00:00+00:00,2323.022,2380.07,2318.925,2337.509,87372.0
2020-11-18 22:00:00+00:00,2335.626,2348.27,2274.526,2327.49,63969.0
2020-11-19 22:00:00+00:00,2323.85,2345.194,2319.074,2325.15,75753.0
2020-11-22 22:00:00+00:00,2329.4,2361.9,2326.525,2354.221,9858.0
2020-11-23 22:00:00+00:00,2355.3,2362.657,2321.372,2353.502,8356.0
2020-11-24 22:00:00+00:00,2347.575,2356.726,2325.906,2348.5,8067.0
2020-11-25 22:00:00+00:00,2345.966,2400.276,2340.376,2390.7,5683.0
2020-11-26 22:00:00+00:00,2392.746,2432.122,2347.78,2426.647,10572.0
2020-11-29 22:00:00+00:00,2429.378,2431.271,2365.892,2375.277,17321.0
2020-11-30 22:00:00+00:00,2378.098,2436.57,2374.38,2414.982,11651.0
2020-12-01 22:00:00+00:00,2412.9,2432.792,2383.55,2411.831,11718.0
2020-12-02 22:00:00+00:00,2410.242,2421.831,2215.95,2316.25,16488.0
2020-12-03 22:00:00+00:00,2315.746,2391.708,2312.25,2354.85,18491.0
2020-12-06 22:00:00+00:00,2355.256,2386.15,2317.312,2338.587,15012.0
2020-12-07 22:00:00+00:00,2349.55,2352.715,2298.312,2318.062,14421.0
2020-12-08 22:00:00+00:00,2320.516,2326.474,2260.641,2269.795,9762.0
2020-12-09 22:00:00+00:00,2267.353,2378.046,2264.334,2341.0,12259.0
2020-12-10 22:00:00+00:00,2343.0,2366.302,2316.008,2321.5,9589.0
2020-12-13 22:00:00+00:00,2329.883,2338.163,2299.639,2301.624,8505.0
2020-12-14 22:00:00+00:00,2304.827,2365.974,2296.01,2322.375,11882.0
2020-12-15 22:00:00+00:00,2320.5,2352.53,2312.962,2334.507,9306.0
2020-12-16 22:00:00+00:00,2334.44,2362.072,2326.67,2344.779,8615.0
2020-12-17 22:00:00+00:00,2341.418,2388.9,2330.29,2362.084,8271.0
2020-12-20 22:00:00+00:00,2356.9,2398.0,2299.4,2315.75,7796.0
2020-12-21 22:00:00+00:00,2320.35,2354.2,2307.3,2315.75,4191.0
2020-12-22 22:00:00+00:00,2316.0,2345.0,2314.0,2333.5,2519.0
2020-12-23 22:00:00+00:00,2339.75,2350.5,2319.0,2344.25,2585.0
2020-12-27 22:00:00+00:00,2344.25,2472.25,2337.3,2343.0,7620.0
2020-12-28 22:00:00+00:00,2357.5,2372.0,2321.0,2340.75,3059.0
2020-12-29 22:00:00+00:00,2338.25,2380.25,2333.25,2363.0,2858.0
2020-12-30 22:00:00+00:00,2365.4,2461.0,2361.75,2445.85,3997.0
2021-01-03 22:00:00+00:00,2459.05,2484.15,2365.15,2384.05,7153.0
2021-01-04 22:00:00+00:00,2383.75,2531.0,2376.35,2474.5,6644.0
2021-01-05 22:00:00+00:00,2475.8,2491.75,2398.3,2441.5,6083.0
2021-01-06 22:00:00+00:00,2442.25,2459.25,2405.75,2427.0,3235.0
2021-01-07 22:00:00+00:00,2424.25,2444.55,2337.3,2368.4,7263.0
2021-01-10 22:00:00+00:00,2374.85,2400.75,2342.5,2370.65,5860.0
2021-01-11 22:00:00+00:00,2379.75,2400.5,2359.95,2397.25,3549.0
2021-01-12 22:00:00+00:00,2398.5,2406.25,2375.5,2393.5,10202.0
2021-01-13 22:00:00+00:00,2387.25,2422.9,2372.45,2411.0,18624.0
2021-01-14 22:00:00+00:00,2410.25,2461.05,2374.75,2388.05,15028.0
2021-01-17 22:00:00+00:00,2394.75,2403.85,2361.05,2376.25,18447.0
2021-01-18 22:00:00+00:00,2369.5,2392.45,2351.75,2360.7,23811.0
2021-01-19 22:00:00+00:00,2359.85,2402.0,2344.4,2375.8,24108.0
2021-01-20 22:00:00+00:00,2383.3,2412.0,2364.35,2369.05,30088.0
2021-01-21 22:00:00+00:00,2368.9,2385.6,2349.45,2364.5,42972.0
2021-01-24 22:00:00+00:00,2365.0,2382.05,2323.9,2339.9,37974.0
2021-01-25 22:00:00+00:00,2339.5,2348.9,2314.95,2327.3,22136.0
2021-01-26 22:00:00+00:00,2327.5,2331.25,2306.15,2310.5,12379.0
2021-01-27 22:00:00+00:00,2311.0,2359.5,2278.55,2339.75,21050.0
2021-01-28 22:00:00+00:00,2342.25,2366.1,2194.0,2230.95,16456.0
2021-01-31 22:00:00+00:00,2239.7,2285.5,2218.3,2246.25,13202.0
2021-02-01 22:00:00+00:00,2248.5,2279.1,2220.15,2244.5,18800.0
2021-02-02 22:00:00+00:00,2240.05,2287.05,2232.75,2276.75,29933.0
2021-02-03 22:00:00+00:00,2278.75,2300.9,2244.0,2287.2,25432.0
2021-02-04 22:00:00+00:00,2289.9,2353.4,2288.25,2349.5,19630.0
2021-02-07 22:00:00+00:00,2349.85,2367.5,2332.25,2339.4,24940.0
2021-02-08 22:00:00+00:00,2338.9,2358.35,2310.0,2327.45,21550.0
2021-02-09 22:00:00+00:00,2325.65,2394.25,2325.0,2369.25,19500.0
2021-02-10 22:00:00+00:00,2365.45,2380.15,2344.2,2354.0,34582.0
2021-02-11 22:00:00+00:00,2358.75,2397.3,2345.85,2396.75,22596.0
2021-02-14 22:00:00+00:00,2397.0,2417.0,2378.0,2400.3,22130.0
2021-02-15 22:00:00+00:00,2401.55,2426.2,2362.0,2389.25,46379.0
2021-02-16 22:00:00+00:00,2383.5,2394.25,2364.85,2377.25,25333.0
2021-02-17 22:00:00+00:00,2386.3,2396.9,2339.55,2356.5,29871.0
2021-02-18 22:00:00+00:00,2353.85,2385.55,2338.85,2385.55,30039.0
2021-02-21 22:00:00+00:00,2427.75,2431.75,2377.75,2404.15,28547.0
2021-02-22 22:00:00+00:00,2407.75,2410.0,2293.3,2350.3,48890.0
2021-02-23 22:00:00+00:00,2351.15,2453.4,2335.75,2448.5,30887.0
2021-02-24 22:00:00+00:00,2451.8,2497.7,2409.7,2415.7,73460.0
2021-02-25 22:00:00+00:00,2412.65,2442.55,2307.25,2326.95,41256.0
2021-02-28 22:00:00+00:00,2333.15,2393.35,2332.25,2361.5,24985.0
2021-03-01 22:00:00+00:00,2356.7,2385.6,2341.0,2373.75,25732.0
2021-03-02 22:00:00+00:00,2372.8,2389.5,2339.55,2353.25,27503.0
2021-03-03 22:00:00+00:00,2352.0,2386.0,2334.0,2339.1,6988.0
2021-03-04 22:00:00+00:00,2340.2,2374.5,2326.4,2338.1,5704.0
2021-03-07 22:00:00+00:00,2340.6,2362.0,2317.55,2319.5,4961.0
2021-03-08 22:00:00+00:00,2323.25,2330.5,2275.4,2304.65,12460.0
2021-03-09 22:00:00+00:00,2303.6,2315.3,2288.0,2314.85,6479.0
2021-03-10 22:00:00+00:00,2315.25,2377.1,2301.35,2354.25,7123.0
2021-03-11 22:00:00+00:00,2351.75,2380.75,2328.2,2375.65,6164.0
2021-03-14 21:00:00+00:00,2372.75,2405.35,2348.5,2393.0,6084.0
2021-03-15 21:00:00+00:00,2393.75,2541.0,2383.5,2500.3,14391.0
2021-03-16 21:00:00+00:00,2500.5,2585.25,2462.6,2578.5,7711.0
2021-03-17 21:00:00+00:00,2586.5,2755.9,2586.0,2680.35,15403.0
2021-03-18 21:00:00+00:00,2681.7,2695.65,2605.85,2640.45,9389.0
2021-03-21 21:00:00+00:00,2624.35,2662.0,2563.55,2625.5,4347.0
2021-03-22 21:00:00+00:00,2631.5,2659.25,2576.0,2615.5,4641.0
2021-03-23 21:00:00+00:00,2614.75,2655.25,2605.25,2643.25,3343.0
2021-03-24 21:00:00+00:00,2649.0,2657.0,2611.15,2623.0,3399.0
2021-03-25 21:00:00+00:00,2628.3,2693.05,2619.9,2684.5,3519.0
2021-03-28 21:00:00+00:00,2686.95,2689.75,2521.0,2539.75,4798.0
2021-03-29 21:00:00+00:00,2542.5,2609.5,2528.1,2587.25,3830.0
2021-03-30 21:00:00+00:00,2584.6,2632.0,2584.6,2627.5,2724.0
2021-03-31 21:00:00+00:00,2625.5,2676.5,2618.0,2671.25,2876.0
2021-04-04 21:00:00+00:00,2671.0,2677.25,2627.5,2667.0,3881.0
2021-04-05 21:00:00+00:00,2668.75,2703.65,2651.5,2688.25,4093.0
2021-04-06 21:00:00+00:00,2683.5,2689.25,2588.5,2627.5,4448.0
2021-04-07 21:00:00+00:00,2619.0,2654.25,2614.75,2633.25,3693.0
2021-04-08 21:00:00+00:00,2625.6,2651.8,2622.25,2639.95,4041.0
2021-04-11 21:00:00+00:00,2643.75,2688.9,2622.25,2680.75,7607.0
2021-04-12 21:00:00+00:00,2683.15,2712.25,2678.0,2696.0,4608.0
2021-04-13 21:00:00+00:00,2703.5,2703.5,2674.0,2681.3,5927.0
2021-04-14 21:00:00+00:00,2687.75,2764.85,2687.75,2742.0,7011.0
2021-04-15 21:00:00+00:00,2743.75,2786.0,2734.0,2779.65,5311.0
2021-04-18 21:00:00+00:00,2774.85,2851.65,2759.0,2812.1,6402.0
2021-04-19 21:00:00+00:00,2809.75,2818.3,2724.9,2762.75,6100.0
2021-04-20 21:00:00+00:00,2756.25,2896.95,2756.25,2880.0,7151.0
2021-04-21 21:00:00+00:00,2880.25,2897.05,2817.65,2842.8,8778.0
2021-04-22 21:00:00+00:00,2839.15,2930.7,2830.6,2862.15,14689.0
2021-04-25 21:00:00+00:00,2853.4,2950.75,2853.4,2929.4,6321.0
2021-04-26 21:00:00+00:00,2925.0,2965.5,2891.85,2947.25,6469.0
2021-04-27 21:00:00+00:00,2949.0,2952.25,2901.75,2938.8,8597.0
2021-04-28 21:00:00+00:00,2941.35,2984.5,2925.65,2957.0,8882.0
2021-04-29 21:00:00+00:00,2962.25,3010.5,2933.75,2941.3,7139.0
2021-05-02 21:00:00+00:00,2941.3,2998.45,2941.3,2976.25,4645.0
2021-05-03 21:00:00+00:00,2984.0,3019.5,2965.05,2986.5,3394.0
2021-05-04 21:00:00+00:00,2990.95,3009.55,2953.5,2974.5,6534.0
2021-05-05 21:00:00+00:00,2973.2,2992.25,2900.9,2949.25,8821.0
2021-05-06 21:00:00+00:00,2941.3,2966.2,2826.7,2930.65,10891.0
2021-05-09 21:00:00+00:00,2926.15,3002.75,2922.15,2965.0,8878.0
2021-05-10 21:00:00+00:00,2961.35,2986.95,2915.55,2940.0,10071.0
2021-05-11 21:00:00+00:00,2944.8,2961.55,2849.75,2856.95,12094.0
2021-05-12 21:00:00+00:00,2860.1,2905.3,2806.9,2867.25,11402.0
2021-05-13 21:00:00+00:00,2863.65,2929.25,2857.0,2895.65,9817.0
2021-05-16 21:00:00+00:00,2891.2,2915.0,2881.85,2901.05,13057.0
2021-05-17 21:00:00+00:00,2898.55,2945.15,2892.55,2907.75,9163.0
2021-05-18 21:00:00+00:00,2907.45,2918.65,2851.5,2875.95,13184.0
2021-05-19 21:00:00+00:00,2874.75,2902.75,2854.25,2856.25,11181.0
2021-05-20 21:00:00+00:00,2862.85,2880.95,2771.5,2783.95,13805.0
2021-05-23 21:00:00+00:00,2783.95,2822.5,2727.3,2735.8,8956.0
2021-05-24 21:00:00+00:00,2740.1,2791.3,2734.25,2773.55,11589.0
2021-05-25 21:00:00+00:00,2769.85,2809.25,2733.25,2741.75,11995.0
2021-05-26 21:00:00+00:00,2745.2,2843.3,2732.5,2807.4,13039.0
2021-05-27 21:00:00+00:00,2803.85,2838.55,2778.9,2823.8,7194.0
2021-05-30 21:00:00+00:00,2823.8,2852.25,2823.8,2831.0,1154.0
2021-05-31 21:00:00+00:00,2845.15,2869.9,2810.55,2861.5,6667.0
2021-06-01 21:00:00+00:00,2870.05,2870.65,2832.4,2859.45,7500.0
2021-06-02 21:00:00+00:00,2856.1,2869.4,2795.85,2839.3,8247.0
2021-06-03 21:00:00+00:00,2837.8,2846.95,2811.0,2845.85,7052.0
2021-06-06 21:00:00+00:00,2838.75,2845.25,2821.4,2835.15,6602.0
2021-06-07 21:00:00+00:00,2831.0,2841.0,2748.25,2805.5,5978.0
2021-06-08 21:00:00+00:00,2808.55,2822.0,2767.15,2777.7,7612.0
2021-06-09 21:00:00+00:00,2777.0,2785.75,2738.5,2778.75,6495.0
2021-06-10 21:00:00+00:00,2770.4,2811.0,2765.0,2777.55,6412.0
2021-06-13 21:00:00+00:00,2772.05,2775.25,2744.75,2756.0,9344.0
2021-06-14 21:00:00+00:00,2761.1,2767.75,2740.25,2765.0,6310.0
2021-06-15 21:00:00+00:00,2763.5,2843.75,2758.25,2803.7,10230.0
2021-06-16 21:00:00+00:00,2806.7,2808.5,2492.25,2496.0,19601.0
2021-06-17 21:00:00+00:00,2492.45,2596.65,2459.0,2474.3,16981.0
2021-06-20 21:00:00+00:00,2482.85,2594.85,2476.15,2590.25,15216.0
2021-06-21 21:00:00+00:00,2588.8,2614.4,2548.45,2561.5,32164.0
2021-06-22 21:00:00+00:00,2560.45,2640.0,2550.75,2619.0,17228.0
2021-06-23 21:00:00+00:00,2624.0,2655.9,2610.6,2647.0,18606.0
2021-06-24 21:00:00+00:00,2645.65,2661.25,2611.55,2642.05,9685.0
2021-06-27 21:00:00+00:00,2641.6,2704.45,2629.25,2691.0,8179.0
2021-06-28 21:00:00+00:00,2690.75,2700.2,2666.5,2685.65,7859.0
2021-06-29 21:00:00+00:00,2685.75,2792.9,2673.15,2783.5,12541.0
2021-06-30 21:00:00+00:00,2784.5,2803.0,2753.5,2769.5,11399.0
2021-07-01 21:00:00+00:00,2762.45,2812.0,2755.3,2790.35,14478.0
2021-07-04 21:00:00+00:00,2801.85,2824.05,2790.5,2819.25,8273.0
2021-07-05 21:00:00+00:00,2823.5,2882.85,2769.0,2796.25,11140.0
2021-07-06 21:00:00+00:00,2798.8,2872.5,2771.5,2853.0,15358.0
2021-07-07 21:00:00+00:00,2861.25,2867.15,2781.75,2805.25,13574.0
2021-07-08 21:00:00+00:00,2802.0,2823.75,2786.75,2813.65,10232.0
2021-07-11 21:00:00+00:00,2813.5,2867.25,2793.0,2857.0,14229.0
2021-07-12 21:00:00+00:00,2853.05,2857.05,2824.3,2828.5,13319.0
2021-07-13 21:00:00+00:00,2833.4,2847.5,2798.15,2829.25,11738.0
2021-07-14 21:00:00+00:00,2826.55,2833.2,2695.0,2731.95,13357.0
2021-07-15 21:00:00+00:00,2731.5,2753.25,2615.25,2630.7,18913.0
2021-07-18 21:00:00+00:00,2633.25,2649.5,2573.5,2593.6,24911.0
2021-07-19 21:00:00+00:00,2598.15,2655.85,2567.25,2640.65,19140.0
2021-07-20 21:00:00+00:00,2638.0,2679.35,2636.5,2664.2,16063.0
2021-07-21 21:00:00+00:00,2666.7,2735.85,2661.0,2722.5,13906.0
2021-07-22 21:00:00+00:00,2723.25,2739.75,2650.2,2676.7,17061.0
2021-07-25 21:00:00+00:00,2666.25,2708.75,2656.1,2660.85,15713.0
2021-07-26 21:00:00+00:00,2656.5,2669.0,2591.1,2606.5,19467.0
2021-07-27 21:00:00+00:00,2599.85,2634.75,2598.2,2628.95,17947.0
2021-07-28 21:00:00+00:00,2628.4,2679.25,2623.05,2647.5,12537.0
2021-07-29 21:00:00+00:00,2647.75,2669.65,2629.1,2662.85,14923.0
2021-08-01 21:00:00+00:00,2668.0,2697.75,2658.0,2683.5,16354.0
2021-08-02 21:00:00+00:00,2683.85,2709.25,2636.0,2647.25,15634.0
2021-08-03 21:00:00+00:00,2646.75,2679.75,2645.0,2651.0,12679.0
2021-08-04 21:00:00+00:00,2650.4,2671.45,2637.75,2653.75,13348.0
2021-08-05 21:00:00+00:00,2654.0,2675.25,2627.75,2630.4,10626.0
2021-08-08 21:00:00+00:00,2636.55,2640.5,2601.1,2605.75,14618.0
2021-08-09 21:00:00+00:00,2605.9,2666.75,2596.75,2648.0,11454.0
2021-08-10 21:00:00+00:00,2646.2,2663.5,2612.4,2638.5,12913.0
2021-08-11 21:00:00+00:00,2636.65,2649.8,2619.25,2627.7,18152.0
2021-08-12 21:00:00+00:00,2631.75,2664.5,2608.0,2648.7,14070.0
2021-08-15 21:00:00+00:00,2647.0,2654.25,2578.75,2606.05,21640.0
2021-08-16 21:00:00+00:00,2606.0,2613.5,2469.65,2489.5,20346.0
2021-08-17 21:00:00+00:00,2487.5,2540.7,2417.35,2424.1,23728.0
2021-08-18 21:00:00+00:00,2428.85,2437.25,2299.35,2313.25,24087.0
2021-08-19 21:00:00+00:00,2326.1,2343.95,2273.5,2277.05,19898.0
2021-08-22 21:00:00+00:00,2281.45,2434.95,2269.75,2397.5,16843.0
2021-08-23 21:00:00+00:00,2405.25,2477.8,2393.0,2472.85,20972.0
2021-08-24 21:00:00+00:00,2467.05,2485.9,2427.1,2431.0,15789.0
2021-08-25 21:00:00+00:00,2430.75,2433.8,2366.05,2393.35,16387.0
2021-08-26 21:00:00+00:00,2393.1,2443.5,2392.4,2425.2,10208.0
2021-08-29 21:00:00+00:00,2423.25,2503.75,2409.05,2496.55,9954.0
2021-08-30 21:00:00+00:00,2494.15,2502.25,2467.9,2469.45,10861.0
2021-08-31 21:00:00+00:00,2473.25,2502.0,2435.2,2446.25,12520.0
2021-09-01 21:00:00+00:00,2451.45,2451.5,2390.6,2408.95,9434.0
2021-09-02 21:00:00+00:00,2407.75,2440.45,2389.55,2421.0,11792.0
2021-09-05 21:00:00+00:00,2429.75,2438.85,2394.0,2413.5,10791.0
2021-09-06 21:00:00+00:00,2411.5,2415.75,2351.35,2374.25,12549.0
2021-09-07 21:00:00+00:00,2376.75,2389.95,2218.35,2251.0,16489.0
2021-09-08 21:00:00+00:00,2250.65,2276.0,2147.0,2182.05,14549.0
2021-09-09 21:00:00+00:00,2192.7,2226.2,2128.55,2140.95,16560.0
2021-09-12 21:00:00+00:00,2095.5,2171.066,2075.0,2086.966,13394.0
2021-09-13 21:00:00+00:00,2084.476,2103.45,1934.5,1976.361,15631.0
2021-09-14 21:00:00+00:00,1975.328,2047.955,1956.75,2007.756,10584.0
2021-09-15 21:00:00+00:00,2006.05,2097.344,2002.779,2035.744,12378.0
2021-09-16 21:00:00+00:00,2035.628,2058.538,1986.886,2013.22,16382.0
2021-09-19 21:00:00+00:00,2013.22,2033.1,1849.35,1883.75,16456.0
2021-09-20 21:00:00+00:00,1887.3,1958.6,1884.7,1908.55,14178.0
2021-09-21 21:00:00+00:00,1904.8,2075.9,1904.0,2028.25,14332.0
2021-09-22 21:00:00+00:00,2032.8,2083.75,1962.75,1986.65,16233.0
2021-09-23 21:00:00+00:00,1987.2,2028.5,1938.85,1969.3,9630.0
2021-09-26 21:00:00+00:00,1963.25,1995.7,1941.7,1966.65,9429.0
2021-09-27 21:00:00+00:00,1966.15,1970.5,1860.25,1876.8,13150.0
2021-09-28 21:00:00+00:00,1880.25,1916.65,1846.0,1857.05,11197.0
2021-09-29 21:00:00+00:00,1858.75,1923.8,1856.0,1913.5,10459.0
2021-09-30 21:00:00+00:00,1908.1,1939.25,1864.5,1921.3,17300.0
2021-10-03 21:00:00+00:00,1930.75,1935.95,1880.75,1905.75,13131.0
2021-10-04 21:00:00+00:00,1907.85,1930.3,1891.6,1916.4,7727.0
2021-10-05 21:00:00+00:00,1913.5,1915.5,1849.25,1892.4,15102.0
2021-10-06 21:00:00+00:00,1892.5,2005.15,1881.75,1962.7,14853.0
2021-10-07 21:00:00+00:00,1962.2,2093.9,1951.0,2080.8,13068.0
2021-10-10 21:00:00+00:00,2128.575,2186.988,2113.0,2117.075,8749.0
2021-10-11 21:00:00+00:00,2115.65,2129.64,2036.25,2046.878,9525.0
2021-10-12 21:00:00+00:00,2046.96,2153.0,2044.136,2112.854,10633.0
2021-10-13 21:00:00+00:00,2111.85,2209.744,2085.535,2131.864,8670.0
2021-10-14 21:00:00+00:00,2131.476,2158.75,2068.62,2076.307,8501.0
2021-10-17 21:00:00+00:00,2076.307,2076.307,2076.307,2076.307,1.0
2021-10-24 21:00:00+00:00,2076.307,2076.37,2023.362,2052.366,27664.0
2021-10-25 21:00:00+00:00,2058.616,2059.366,1954.094,2003.602,53514.0
2021-10-26 21:00:00+00:00,2002.351,2020.352,1934.834,1959.088,46548.0
2021-10-27 21:00:00+00:00,1959.838,2010.208,1949.836,1988.338,37763.0
2021-10-28 21:00:00+00:00,1990.088,2008.339,1936.076,2001.835,39296.0
2021-10-31 21:00:00+00:00,1992.072,2073.696,1972.566,2053.326,41391.0
2021-11-01 21:00:00+00:00,2054.076,2054.574,2005.064,2010.564,28368.0
2021-11-02 21:00:00+00:00,2013.45,2023.814,1977.305,2003.557,40863.0
2021-11-23 22:00:00+00:00,2003.557,2003.557,2003.557,2003.557,2.0
2021-11-24 22:00:00+00:00,2003.557,2003.557,2003.557,2003.557,1.0
2021-11-25 22:00:00+00:00,2003.557,2003.557,1698.155,1743.158,14098.0
2021-11-28 22:00:00+00:00,1719.396,1799.65,1713.396,1783.059,57315.0
2021-11-29 22:00:00+00:00,1787.299,1794.545,1693.326,1727.992,48901.0
2021-11-30 22:00:00+00:00,1725.999,1777.126,1721.76,1734.513,31638.0
2021-12-01 22:00:00+00:00,1735.263,1774.198,1701.872,1770.459,27755.0
2021-12-02 22:00:00+00:00,1772.455,1865.99,1762.238,1805.658,30138.0
2021-12-05 22:00:00+00:00,1805.409,1852.16,1744.664,1842.934,34837.0
2021-12-06 22:00:00+00:00,1846.678,1880.864,1820.64,1845.22,23962.0
2021-12-07 22:00:00+00:00,1848.464,1870.04,1827.285,1848.003,23630.0
2021-12-08 22:00:00+00:00,1851.746,1864.225,1740.791,1807.891,27310.0
2021-12-09 22:00:00+00:00,1805.148,1815.126,1729.611,1752.812,29369.0
2021-12-12 22:00:00+00:00,1756.382,1782.326,1653.65,1678.6,27893.0
2021-12-13 22:00:00+00:00,1675.858,1688.595,1575.114,1618.026,26585.0
2021-12-14 22:00:00+00:00,1612.041,1629.758,1528.006,1588.13,29846.0
2021-12-15 22:00:00+00:00,1584.14,1725.1,1584.14,1721.364,34890.0
2021-12-16 22:00:00+00:00,1721.864,1854.588,1702.167,1776.278,43150.0
2021-12-19 22:00:00+00:00,1775.36,1775.36,1684.46,1741.72,28527.0
2021-12-20 22:00:00+00:00,1750.204,1822.821,1733.993,1788.658,46643.0
2021-12-21 22:00:00+00:00,1784.418,1898.706,1775.938,1879.005,30368.0
2021-12-22 22:00:00+00:00,1879.005,1956.876,1828.62,1943.91,45901.0
2021-12-26 22:00:00+00:00,1955.516,1994.716,1930.583,1967.533,28889.0
2021-12-27 22:00:00+00:00,1963.294,2015.722,1884.715,1988.784,41684.0
2021-12-28 22:00:00+00:00,1984.544,1992.796,1942.904,1979.596,61589.0
2021-12-29 22:00:00+00:00,1981.708,2014.061,1943.434,1963.171,36529.0
2021-12-30 22:00:00+00:00,1963.672,1963.672,1850.419,1896.343,40787.0
2022-01-02 22:00:00+00:00,1898.175,1902.688,1813.862,1820.859,13688.0
2022-01-03 22:00:00+00:00,1821.609,1892.004,1819.363,1868.81,18637.0
2022-01-04 22:00:00+00:00,1869.062,1918.742,1842.871,1862.363,11670.0
2022-01-05 22:00:00+00:00,1860.868,1892.582,1824.708,1868.144,26029.0
2022-01-06 22:00:00+00:00,1869.144,1940.548,1853.438,1925.083,30662.0
2022-01-09 22:00:00+00:00,1929.911,1962.627,1884.252,1901.002,28650.0
2022-01-10 22:00:00+00:00,1898.258,1934.708,1850.768,1919.262,29940.0
2022-01-11 22:00:00+00:00,1917.88,1944.5,1893.073,1909.57,23755.0
2022-01-12 22:00:00+00:00,1906.578,1912.844,1859.435,1885.152,23137.0
2022-01-13 22:00:00+00:00,1882.908,1913.636,1849.622,1877.456,30285.0
2022-01-16 22:00:00+00:00,1873.047,1893.28,1863.066,1867.84,10264.0
2022-01-17 22:00:00+00:00,1867.84,1924.534,1864.852,1900.586,24739.0
2022-01-18 22:00:00+00:00,1898.091,2033.912,1873.144,1997.73,44984.0
2022-01-19 22:00:00+00:00,1997.982,2078.882,1976.766,2055.688,66200.0
2022-01-20 22:00:00+00:00,2053.444,2136.85,2026.484,2098.67,73066.0
2022-01-23 22:00:00+00:00,2094.406,2145.237,2080.544,2138.752,64832.0
2022-01-24 22:00:00+00:00,2139.368,2202.665,2121.544,2186.982,77634.0
2022-01-25 22:00:00+00:00,2194.474,2374.266,2172.014,2320.348,87390.0
2022-01-26 22:00:00+00:00,2315.358,2385.304,2233.748,2363.592,70091.0
2022-01-27 22:00:00+00:00,2364.344,2379.862,2249.522,2368.887,93516.0
2022-01-30 22:00:00+00:00,2369.492,2445.007,2339.577,2343.325,80378.0
2022-01-31 22:00:00+00:00,2341.579,2389.906,2297.39,2351.366,66845.0
2022-02-01 22:00:00+00:00,2353.366,2420.433,2336.886,2367.898,113965.0
2022-02-02 22:00:00+00:00,2362.906,2389.383,2275.046,2324.252,102441.0
2022-02-03 22:00:00+00:00,2323.816,2353.49,2271.098,2286.096,98961.0
2022-02-06 22:00:00+00:00,2290.195,2304.433,2166.362,2258.527,57194.0
2022-02-07 22:00:00+00:00,2258.527,2278.16,2199.61,2236.85,139949.0
2022-02-08 22:00:00+00:00,2234.605,2293.578,2226.128,2274.61,111058.0
2022-02-09 22:00:00+00:00,2277.108,2328.088,2243.19,2252.432,80025.0
2022-02-10 22:00:00+00:00,2249.571,2354.622,2175.544,2305.678,145522.0
2022-02-13 22:00:00+00:00,2308.278,2387.208,2250.864,2364.524,130467.0
2022-02-14 22:00:00+00:00,2356.284,2372.552,2183.977,2245.186,76039.0
2022-02-15 22:00:00+00:00,2242.92,2310.888,2212.88,2275.562,79440.0
2022-02-16 22:00:00+00:00,2282.798,2414.786,2270.077,2362.662,84032.0
2022-02-17 22:00:00+00:00,2364.41,2377.386,2285.348,2340.498,27566.0
2022-02-20 22:00:00+00:00,2344.07,2384.766,2296.428,2381.524,27176.0
2022-02-21 22:00:00+00:00,2386.769,2428.696,2342.398,2347.138,86811.0
2022-02-22 22:00:00+00:00,2348.886,2478.156,2339.408,2476.162,35321.0
2022-02-23 22:00:00+00:00,2464.687,2713.703,2309.982,2405.348,155899.0
2022-02-24 22:00:00+00:00,2411.088,2477.216,2310.316,2354.988,125944.0
2022-02-27 22:00:00+00:00,2437.022,2516.999,2433.426,2483.352,76308.0
2022-02-28 22:00:00+00:00,2490.09,2711.331,2476.374,2579.454,79024.0
2022-03-01 22:00:00+00:00,2576.08,2665.328,2545.794,2663.334,68089.0
2022-03-02 22:00:00+00:00,2661.09,2781.378,2614.936,2763.435,80034.0
2022-03-03 22:00:00+00:00,2763.32,2986.306,2756.952,2974.828,135799.0
2022-03-06 22:00:00+00:00,3004.872,3410.11,2797.788,2957.008,218672.0
2022-03-07 22:00:00+00:00,2951.388,3193.114,2852.223,3154.194,155016.0
2022-03-08 22:00:00+00:00,3149.704,3280.216,2861.016,2942.631,35172.0
2022-03-09 22:00:00+00:00,2905.452,2975.102,2845.588,2929.953,63564.0
2022-03-10 22:00:00+00:00,2910.24,2976.507,2702.89,2796.49,91388.0
2022-03-13 21:00:00+00:00,2774.87,2785.602,2304.972,2371.617,80216.0
2022-03-14 21:00:00+00:00,2375.862,2488.685,2345.919,2412.086,68202.0
2022-03-15 21:00:00+00:00,2407.846,2483.234,2352.221,2378.433,53727.0
2022-03-16 21:00:00+00:00,2385.672,2531.456,2364.209,2512.495,115794.0
2022-03-17 21:00:00+00:00,2506.757,2627.812,2468.35,2484.084,113303.0
2022-03-20 21:00:00+00:00,2477.678,2602.486,2462.228,2587.289,154731.0
2022-03-21 21:00:00+00:00,2582.548,2603.524,2461.772,2485.745,98365.0
2022-03-22 21:00:00+00:00,2498.227,2582.863,2479.784,2522.228,120224.0
2022-03-23 21:00:00+00:00,2528.836,2557.454,2482.568,2524.016,66266.0
2022-03-24 21:00:00+00:00,2528.395,2545.74,2280.686,2344.838,53190.0
2022-03-27 21:00:00+00:00,2331.686,2387.614,2155.47,2225.134,137472.0
2022-03-28 21:00:00+00:00,2231.128,2296.786,2026.342,2144.791,104862.0
2022-03-29 21:00:00+00:00,2143.794,2265.397,2124.088,2263.401,65451.0
2022-03-30 21:00:00+00:00,2262.154,2291.139,2191.524,2256.199,67845.0
2022-03-31 21:00:00+00:00,2240.474,2338.586,2209.284,2270.716,98598.0
2022-04-03 21:00:00+00:00,2271.041,2331.476,2263.302,2275.82,74307.0
2022-04-04 21:00:00+00:00,2281.314,2313.045,2206.202,2225.926,61865.0
2022-04-05 21:00:00+00:00,2235.914,2271.25,2162.041,2189.762,129719.0
2022-04-06 21:00:00+00:00,2179.278,2272.927,2179.028,2229.994,86148.0
2022-04-07 21:00:00+00:00,2236.986,2462.826,2224.794,2409.042,61921.0
2022-04-10 21:00:00+00:00,2416.364,2528.737,2400.66,2422.394,107037.0
2022-04-11 21:00:00+00:00,2410.448,2454.368,2297.822,2319.564,64647.0
2022-04-12 21:00:00+00:00,2313.324,2413.964,2301.122,2308.117,122450.0
2022-04-13 21:00:00+00:00,2315.609,2377.656,2304.897,2352.6,117996.0
2022-04-17 21:00:00+00:00,2357.712,2462.368,2331.243,2422.423,65913.0
2022-04-18 21:00:00+00:00,2428.418,2440.903,2343.042,2367.026,66942.0
2022-04-19 21:00:00+00:00,2377.266,2486.42,2354.43,2449.722,76838.0
2022-04-20 21:00:00+00:00,2442.232,2477.708,2370.594,2412.803,36045.0
2022-04-21 21:00:00+00:00,2408.31,2444.786,2356.888,2367.144,79604.0
2022-04-24 21:00:00+00:00,2356.484,2357.483,2056.325,2123.766,60015.0
2022-04-25 21:00:00+00:00,2124.018,2241.42,2123.268,2173.75,28782.0
2022-04-26 21:00:00+00:00,2151.024,2245.95,2151.024,2194.764,37170.0
2022-04-27 21:00:00+00:00,2192.268,2278.944,2189.52,2221.023,33130.0
2022-04-28 21:00:00+00:00,2221.524,2314.448,2218.528,2305.726,36132.0
2022-05-01 21:00:00+00:00,2305.726,2310.55,2146.229,2198.94,40964.0
2022-05-02 21:00:00+00:00,2192.198,2273.148,2185.204,2247.682,44087.0
2022-05-03 21:00:00+00:00,2252.429,2279.42,2211.988,2248.468,28460.0
2022-05-04 21:00:00+00:00,2245.472,2273.203,2158.326,2177.318,45387.0
2022-05-05 21:00:00+00:00,2183.564,2183.564,1981.268,2029.982,55939.0
2022-05-08 21:00:00+00:00,2228.982,2228.982,1984.606,2069.55,30298.0
2022-05-09 21:00:00+00:00,2057.062,2144.251,2020.114,2043.354,49035.0
2022-05-10 21:00:00+00:00,2045.354,2072.344,1998.169,2006.417,47639.0
2022-05-11 21:00:00+00:00,2010.915,2012.664,1839.07,1881.796,36890.0
2022-05-12 21:00:00+00:00,1888.792,1950.757,1864.824,1918.8,27028.0
2022-05-15 21:00:00+00:00,1917.614,2016.572,1888.898,2000.086,38491.0
2022-05-16 21:00:00+00:00,1999.588,2069.314,1968.87,2031.598,23668.0
2022-05-17 21:00:00+00:00,2028.601,2100.066,1966.422,1989.16,26937.0
2022-05-18 21:00:00+00:00,1989.411,2010.406,1927.966,1979.949,36471.0
2022-05-19 21:00:00+00:00,1980.699,2014.938,1913.767,1945.253,30359.0
2022-05-22 21:00:00+00:00,1946.818,2022.29,1946.818,1980.578,19313.0
2022-05-23 21:00:00+00:00,1982.578,2015.073,1963.612,1992.854,16388.0
2022-05-24 21:00:00+00:00,1994.104,2034.594,1944.152,1993.636,19424.0
2022-05-25 21:00:00+00:00,1999.634,2006.064,1971.67,2004.317,12274.0
2022-05-26 21:00:00+00:00,2002.322,2063.993,1997.085,2063.993,31470.0
2022-05-29 21:00:00+00:00,2055.565,2080.288,2020.643,2023.892,18751.0
2022-05-30 21:00:00+00:00,2025.394,2085.054,1966.012,1992.973,33680.0
2022-05-31 21:00:00+00:00,1987.734,2030.924,1971.283,1986.262,27492.0
2022-06-01 21:00:00+00:00,1985.514,2048.434,1978.526,2042.948,32704.0
2022-06-02 21:00:00+00:00,2041.7,2061.422,1953.114,1966.848,43780.0
2022-06-05 21:00:00+00:00,1958.416,2021.576,1956.418,1997.63,34599.0
2022-06-06 21:00:00+00:00,1994.886,2011.621,1929.504,1968.952,36475.0
2022-06-07 21:00:00+00:00,1972.946,1985.936,1915.302,1924.298,42133.0
2022-06-08 21:00:00+00:00,1926.046,1951.016,1899.354,1911.343,44925.0
2022-06-09 21:00:00+00:00,1911.344,1929.326,1851.452,1919.607,55510.0
2022-06-12 21:00:00+00:00,1922.157,1925.154,1768.906,1772.152,34308.0
2022-06-13 21:00:00+00:00,1770.906,1827.83,1760.67,1790.15,34334.0
2022-06-14 21:00:00+00:00,1802.134,1861.82,1794.656,1836.858,24176.0
2022-06-15 21:00:00+00:00,1846.844,1868.834,1816.15,1863.346,12884.0
2022-06-16 21:00:00+00:00,1864.844,1894.31,1789.723,1794.968,16699.0
2022-06-19 21:00:00+00:00,1796.266,1859.444,1790.524,1833.236,12707.0
2022-06-20 21:00:00+00:00,1837.734,1893.175,1825.015,1859.478,14122.0
2022-06-21 21:00:00+00:00,1856.483,1869.979,1828.278,1842.776,22671.0
2022-06-22 21:00:00+00:00,1840.03,1881.986,1816.084,1822.828,14991.0
2022-06-23 21:00:00+00:00,1827.074,1867.038,1821.332,1858.556,13955.0
2022-06-26 21:00:00+00:00,1863.102,1946.504,1849.122,1855.636,11131.0
2022-06-27 21:00:00+00:00,1858.634,1898.342,1841.423,1858.158,8755.0
2022-06-28 21:00:00+00:00,1857.16,2003.993,1856.412,1945.574,22394.0
2022-06-29 21:00:00+00:00,1946.075,1974.545,1851.709,1913.392,23784.0
2022-06-30 21:00:00+00:00,1917.388,1943.126,1853.726,1935.89,14491.0
2022-07-03 21:00:00+00:00,1939.19,1951.938,1906.751,1913.742,10072.0
2022-07-04 21:00:00+00:00,1925.482,1928.488,1874.31,1916.768,16057.0
2022-07-05 21:00:00+00:00,1914.772,1949.748,1883.08,1897.566,12049.0
2022-07-06 21:00:00+00:00,1905.808,2004.716,1895.82,1986.742,13093.0
2022-07-07 21:00:00+00:00,1985.993,2170.062,1970.022,2162.322,12592.0
2022-07-10 21:00:00+00:00,2162.322,2185.876,2081.726,2144.18,12945.0
2022-07-11 21:00:00+00:00,2139.936,2142.685,2007.601,2020.342,22149.0
2022-07-12 21:00:00+00:00,2026.336,2030.09,1933.204,1972.42,20809.0
2022-07-13 21:00:00+00:00,1977.915,1977.915,1866.3,1896.026,20698.0
2022-07-14 21:00:00+00:00,1909.514,1910.77,1820.626,1822.628,12999.0
2022-07-17 21:00:00+00:00,1829.172,1889.125,1829.172,1847.928,18197.0
2022-07-18 21:00:00+00:00,1854.672,1883.656,1838.702,1869.682,11640.0
2022-07-19 21:00:00+00:00,1867.435,1896.91,1839.973,1852.224,12060.0
2022-07-20 21:00:00+00:00,1855.222,1881.469,1831.263,1878.974,21834.0
2022-07-21 21:00:00+00:00,1879.475,2044.59,1873.741,2028.361,24596.0
2022-07-24 21:00:00+00:00,2024.92,2032.914,1966.983,2001.468,25224.0
2022-07-25 21:00:00+00:00,1997.223,2018.215,1968.266,2007.99,14697.0
2022-07-26 21:00:00+00:00,2005.244,2032.994,1988.53,2024.004,10543.0
2022-07-27 21:00:00+00:00,2027.502,2091.21,2020.508,2074.988,23752.0
2022-07-28 21:00:00+00:00,2080.734,2134.962,2037.031,2125.225,15366.0
2022-07-31 21:00:00+00:00,2123.536,2221.976,2084.326,2189.76,12906.0
2022-08-01 21:00:00+00:00,2189.262,2217.993,2039.65,2051.149,41732.0
2022-08-02 21:00:00+00:00,2052.649,2090.377,1982.724,2007.71,15406.0
2022-08-03 21:00:00+00:00,2017.954,2094.166,1986.978,2062.447,18023.0
2022-08-04 21:00:00+00:00,2059.45,2143.158,2053.205,2123.43,23369.0
2022-08-07 21:00:00+00:00,2130.984,2249.922,2115.751,2234.19,17400.0
2022-08-08 21:00:00+00:00,2231.942,2254.7,2181.488,2213.984,12690.0
2022-08-09 21:00:00+00:00,2218.232,2259.974,2186.771,2244.494,14112.0
2022-08-10 21:00:00+00:00,2241.247,2294.98,2224.768,2280.252,14849.0
2022-08-11 21:00:00+00:00,2282.751,2288.248,2200.084,2220.57,12082.0
2022-08-14 21:00:00+00:00,2217.635,2232.88,2129.21,2149.455,13106.0
2022-08-15 21:00:00+00:00,2147.208,2169.214,2099.001,2155.73,15985.0
2022-08-16 21:00:00+00:00,2158.73,2162.228,2126.016,2137.02,12584.0
2022-08-17 21:00:00+00:00,2140.77,2185.76,2128.29,2156.789,14095.0
2022-08-18 21:00:00+00:00,2157.79,2161.788,2102.092,2124.087,11597.0
2022-08-21 21:00:00+00:00,2121.898,2145.892,1952.754,1991.241,13454.0
2022-08-22 21:00:00+00:00,1987.494,2021.98,1964.277,1972.278,15229.0
2022-08-23 21:00:00+00:00,1977.526,2040.515,1957.048,2026.486,18066.0
2022-08-24 21:00:00+00:00,2062.418,2156.93,2018.632,2137.638,16011.0
2022-08-25 21:00:00+00:00,2140.37,2192.756,2084.254,2094.672,15241.0
2022-08-28 21:00:00+00:00,2094.672,2147.781,2078.685,2122.136,34136.0
2022-08-29 21:00:00+00:00,2125.612,2148.732,2041.936,2069.738,26507.0
2022-08-30 21:00:00+00:00,2072.223,2116.148,2040.359,2062.2,23228.0
2022-08-31 21:00:00+00:00,2062.702,2080.124,1971.574,1983.264,18430.0
2022-09-01 21:00:00+00:00,1990.708,2037.636,1979.396,2003.984,22743.0
2022-09-04 21:00:00+00:00,1995.845,2020.698,1983.696,2011.34,8782.0
2022-09-05 21:00:00+00:00,2012.106,2049.597,1927.163,1975.787,16639.0
2022-09-06 21:00:00+00:00,1970.833,2027.744,1950.522,2013.378,22674.0
2022-09-07 21:00:00+00:00,2019.584,2160.814,1998.28,2119.926,45535.0
2022-09-08 21:00:00+00:00,2116.46,2171.402,2077.054,2161.502,22612.0
2022-09-11 21:00:00+00:00,2169.507,2262.662,2142.022,2254.506,19347.0
2022-09-12 21:00:00+00:00,2248.806,2260.222,2075.498,2088.674,29707.0
2022-09-13 21:00:00+00:00,2086.943,2161.252,2055.489,2151.106,17762.0
2022-09-14 21:00:00+00:00,2149.375,2165.85,2108.263,2125.946,19568.0
2022-09-15 21:00:00+00:00,2124.218,2132.05,2066.239,2126.346,18440.0
2022-09-18 21:00:00+00:00,2126.903,2225.831,2082.53,2215.169,11012.0
2022-09-19 21:00:00+00:00,2209.218,2211.454,2100.344,2155.996,17394.0
2022-09-20 21:00:00+00:00,2153.272,2194.044,2097.537,2142.496,25093.0
2022-09-21 21:00:00+00:00,2152.184,2179.098,2073.044,2160.524,18618.0
2022-09-22 21:00:00+00:00,2161.275,2161.275,2048.185,2055.4,18146.0
2022-09-23 21:00:00+00:00,2055.4,2055.4,2055.4,2055.4,1.0
2022-09-25 21:00:00+00:00,2062.652,2085.03,2013.346,2027.776,28259.0
2022-09-26 21:00:00+00:00,2031.258,2115.802,2010.458,2065.175,12967.0
2022-09-27 21:00:00+00:00,2054.75,2159.93,2029.224,2137.354,18293.0
2022-09-28 21:00:00+00:00,2142.824,2243.518,2105.37,2195.135,20504.0
2022-09-29 21:00:00+00:00,2198.122,2225.553,2153.792,2158.773,18848.0
2022-10-02 21:00:00+00:00,2169.274,2249.636,2154.898,2217.377,22407.0
2022-10-03 21:00:00+00:00,2217.377,2344.482,2211.174,2316.932,25070.0
2022-10-04 21:00:00+00:00,2317.436,2323.716,2190.312,2250.993,25962.0
2022-10-05 21:00:00+00:00,2242.8,2299.566,2235.35,2252.644,16860.0
2022-10-06 21:00:00+00:00,2256.628,2289.282,2170.03,2182.466,17932.0
2022-10-09 21:00:00+00:00,2183.778,2259.444,2140.398,2171.0,20752.0
2022-10-10 21:00:00+00:00,2166.781,2191.458,2104.763,2118.448,26483.0
2022-10-11 21:00:00+00:00,2118.448,2172.462,2094.694,2128.296,15439.0
2022-10-12 21:00:00+00:00,2128.552,2150.518,2003.824,2101.096,25741.0
2022-10-13 21:00:00+00:00,2101.102,2127.016,1979.374,1987.356,20068.0
2022-10-16 21:00:00+00:00,1983.416,2029.272,1979.785,1982.806,21028.0
2022-10-17 21:00:00+00:00,1989.776,2026.434,1988.284,2007.572,15884.0
2022-10-18 21:00:00+00:00,2006.086,2020.546,1943.736,1989.306,14887.0
2022-10-19 21:00:00+00:00,1988.318,2082.963,1962.226,2050.646,23743.0
2022-10-20 21:00:00+00:00,2045.18,2054.193,1943.266,2004.02,24253.0
2022-10-23 21:00:00+00:00,2009.536,2061.546,1951.92,1957.167,22623.0
2022-10-24 21:00:00+00:00,1958.417,1985.838,1866.922,1915.248,18636.0
2022-10-25 21:00:00+00:00,1919.734,1965.135,1918.988,1953.215,16923.0
2022-10-26 21:00:00+00:00,1954.714,1985.636,1898.81,1934.438,26130.0
2022-10-27 21:00:00+00:00,1934.438,1955.149,1872.8,1889.522,21850.0
2022-10-30 21:00:00+00:00,1890.543,1908.751,1801.999,1828.181,14801.0
2022-10-31 21:00:00+00:00,1830.926,1937.572,1828.941,1868.149,17221.0
2022-11-01 21:00:00+00:00,1876.372,1903.322,1834.65,1842.385,16228.0
2022-11-02 21:00:00+00:00,1848.118,1860.609,1753.075,1785.989,29048.0
2022-11-03 21:00:00+00:00,1792.468,1904.368,1783.255,1858.835,30231.0
2022-11-06 22:00:00+00:00,1849.646,1901.76,1830.044,1890.873,14432.0
2022-11-07 22:00:00+00:00,1885.15,1929.597,1841.115,1912.93,20464.0
2022-11-08 22:00:00+00:00,1910.444,1939.895,1825.11,1856.015,26081.0
2022-11-09 22:00:00+00:00,1851.536,1966.756,1797.04,1956.553,31647.0
2022-11-10 22:00:00+00:00,1959.3,2038.916,1928.188,2038.668,24623.0
2022-11-13 22:00:00+00:00,2027.003,2035.596,1947.334,2021.658,26168.0
2022-11-14 22:00:00+00:00,2021.914,2105.742,2012.98,2094.828,23997.0
2022-11-15 22:00:00+00:00,2092.84,2105.556,2045.086,2069.802,12620.0
2022-11-16 22:00:00+00:00,2068.313,2070.065,1970.194,2003.644,14978.0
2022-11-17 22:00:00+00:00,2004.896,2021.627,1926.484,1932.49,15562.0
2022-11-20 22:00:00+00:00,1928.282,1941.0,1823.404,1857.102,17888.0
2022-11-21 22:00:00+00:00,1860.599,1889.339,1841.23,1853.993,12486.0
2022-11-22 22:00:00+00:00,1867.464,1894.444,1852.53,1877.316,11698.0
2022-11-23 22:00:00+00:00,1880.814,1905.809,1874.69,1880.678,7827.0
2022-11-24 22:00:00+00:00,1883.192,1884.694,1795.237,1847.637,8548.0
2022-11-27 22:00:00+00:00,1828.966,1868.434,1809.598,1831.634,29003.0
2022-11-28 22:00:00+00:00,1827.67,1869.137,1797.734,1821.585,16303.0
2022-11-29 22:00:00+00:00,1821.838,1919.642,1820.35,1867.594,23648.0
2022-11-30 22:00:00+00:00,1872.561,1937.412,1848.081,1931.72,23697.0
2022-12-01 22:00:00+00:00,1927.012,1930.292,1854.896,1887.687,17047.0
2022-12-04 22:00:00+00:00,1893.15,1923.472,1840.892,1868.208,14337.0
2022-12-05 22:00:00+00:00,1861.266,1883.89,1831.091,1834.582,23908.0
2022-12-06 22:00:00+00:00,1836.325,1868.628,1826.49,1836.44,14129.0
2022-12-07 22:00:00+00:00,1839.175,1930.107,1828.769,1915.98,15427.0
2022-12-08 22:00:00+00:00,1914.496,1958.278,1898.906,1944.897,20368.0
2022-12-11 22:00:00+00:00,1942.676,1946.206,1864.34,1874.28,20751.0
2022-12-12 22:00:00+00:00,1874.782,1987.328,1866.346,1921.822,24208.0
2022-12-13 22:00:00+00:00,1927.29,1931.81,1897.082,1912.018,20527.0
2022-12-14 22:00:00+00:00,1913.264,1913.264,1750.488,1780.298,18452.0
2022-12-15 22:00:00+00:00,1782.536,1812.124,1692.492,1694.498,25447.0
2022-12-18 22:00:00+00:00,1697.457,1728.794,1643.912,1653.851,19605.0
2022-12-19 22:00:00+00:00,1656.34,1733.41,1641.504,1714.316,17682.0
2022-12-20 22:00:00+00:00,1719.786,1728.522,1650.074,1676.424,16672.0
2022-12-21 22:00:00+00:00,1669.722,1726.151,1645.215,1667.592,14868.0
2022-12-22 22:00:00+00:00,1662.38,1741.485,1629.882,1737.758,16832.0
2022-12-26 22:00:00+00:00,1739.846,1822.7,1739.846,1817.485,17015.0
2022-12-27 22:00:00+00:00,1812.52,1829.464,1741.532,1779.582,12410.0
2022-12-28 22:00:00+00:00,1776.605,1830.13,1743.125,1804.054,11728.0
2022-12-29 22:00:00+00:00,1804.806,1817.769,1746.726,1782.052,13624.0
2023-01-02 22:00:00+00:00,1795.834,1807.517,1667.646,1697.497,17552.0
2023-01-03 22:00:00+00:00,1693.027,1795.804,1693.027,1781.644,16992.0
2023-01-04 22:00:00+00:00,1784.632,1816.764,1713.114,1731.038,15790.0
2023-01-05 22:00:00+00:00,1733.28,1805.489,1725.33,1797.792,15871.0
2023-01-08 22:00:00+00:00,1799.277,1830.164,1749.628,1765.566,19208.0
2023-01-09 22:00:00+00:00,1765.571,1802.703,1757.702,1769.413,14932.0
2023-01-10 22:00:00+00:00,1772.9,1783.644,1737.662,1765.55,13753.0
2023-01-11 22:00:00+00:00,1764.062,1788.283,1726.826,1783.824,14038.0
2023-01-12 22:00:00+00:00,1779.85,1799.032,1723.202,1781.702,15024.0
2023-01-15 22:00:00+00:00,1780.947,1781.447,1737.48,1743.972,9968.0
2023-01-16 22:00:00+00:00,1742.496,1753.704,1699.026,1729.666,11191.0
2023-01-17 22:00:00+00:00,1731.91,1785.983,1683.474,1707.383,19861.0
2023-01-18 22:00:00+00:00,1700.918,1768.448,1654.2,1744.826,23966.0
2023-01-19 22:00:00+00:00,1747.319,1751.843,1706.08,1719.554,13433.0
2023-01-22 22:00:00+00:00,1722.523,1737.468,1683.761,1700.227,24157.0
2023-01-23 22:00:00+00:00,1701.477,1739.396,1678.398,1732.454,17058.0
2023-01-24 22:00:00+00:00,1729.72,1732.006,1670.049,1683.023,12905.0
2023-01-25 22:00:00+00:00,1684.522,1696.542,1653.735,1662.219,18372.0
2023-01-26 22:00:00+00:00,1656.994,1669.203,1591.346,1604.311,14566.0
2023-01-29 22:00:00+00:00,1601.538,1639.169,1599.61,1625.547,16305.0
2023-01-30 22:00:00+00:00,1630.034,1655.026,1576.804,1633.126,17283.0
2023-01-31 22:00:00+00:00,1631.138,1691.486,1615.28,1651.914,23991.0
2023-02-01 22:00:00+00:00,1648.93,1682.876,1624.102,1644.8,20262.0
2023-02-02 22:00:00+00:00,1648.292,1687.698,1584.349,1607.789,22579.0
2023-02-05 22:00:00+00:00,1603.77,1615.76,1534.078,1579.204,19375.0
2023-02-06 22:00:00+00:00,1582.198,1651.8,1551.842,1628.645,20922.0
2023-02-07 22:00:00+00:00,1632.886,1668.316,1619.252,1629.25,14597.0
2023-02-08 22:00:00+00:00,1629.006,1662.442,1587.22,1612.41,15674.0
2023-02-09 22:00:00+00:00,1611.418,1622.393,1517.56,1518.308,15820.0
2023-02-12 22:00:00+00:00,1521.254,1558.704,1510.818,1546.028,15180.0
2023-02-13 22:00:00+00:00,1544.038,1571.772,1450.131,1476.078,18634.0
2023-02-14 22:00:00+00:00,1477.578,1485.316,1410.324,1441.52,15406.0
2023-02-15 22:00:00+00:00,1450.001,1526.868,1428.598,1496.966,17726.0
2023-02-16 22:00:00+00:00,1501.956,1502.206,1437.911,1488.836,15451.0
2023-02-19 22:00:00+00:00,1488.786,1534.482,1475.822,1502.836,8103.0
2023-02-20 22:00:00+00:00,1506.59,1531.596,1477.69,1518.408,15755.0
2023-02-21 22:00:00+00:00,1518.911,1527.958,1471.864,1473.362,13904.0
2023-02-22 22:00:00+00:00,1475.611,1489.097,1420.313,1437.788,14738.0
2023-02-23 22:00:00+00:00,1441.783,1445.284,1353.036,1401.486,21603.0
2023-02-26 22:00:00+00:00,1390.352,1458.898,1386.876,1416.053,16279.0
2023-02-27 22:00:00+00:00,1414.559,1435.752,1384.432,1410.111,11040.0
2023-02-28 22:00:00+00:00,1411.857,1447.02,1403.386,1434.32,11527.0
2023-03-01 22:00:00+00:00,1430.834,1441.58,1407.674,1439.094,10468.0
2023-03-02 22:00:00+00:00,1432.618,1455.824,1412.204,1444.617,9623.0
2023-03-05 22:00:00+00:00,1435.974,1441.714,1399.864,1426.044,9786.0
2023-03-06 22:00:00+00:00,1422.806,1432.786,1360.774,1365.022,10301.0
2023-03-07 22:00:00+00:00,1365.522,1392.216,1342.623,1351.601,9077.0
2023-03-08 22:00:00+00:00,1343.626,1388.271,1329.185,1370.58,9367.0
2023-03-09 22:00:00+00:00,1370.582,1393.784,1342.948,1362.392,13729.0
2023-03-12 21:00:00+00:00,1362.392,1480.152,1360.491,1463.208,20082.0
2023-03-13 21:00:00+00:00,1467.447,1527.052,1429.066,1502.384,15355.0
2023-03-14 21:00:00+00:00,1495.156,1510.62,1411.422,1455.31,18062.0
2023-03-15 21:00:00+00:00,1453.816,1464.798,1399.752,1417.458,16254.0
2023-03-16 21:00:00+00:00,1414.468,1442.403,1372.863,1408.024,15767.0
2023-03-19 21:00:00+00:00,1416.828,1417.576,1371.728,1402.156,11293.0
2023-03-20 21:00:00+00:00,1401.16,1408.408,1372.518,1392.222,13489.0
2023-03-21 21:00:00+00:00,1391.475,1457.824,1357.338,1441.876,13574.0
2023-03-22 21:00:00+00:00,1438.886,1458.102,1410.486,1425.46,11520.0
2023-03-23 21:00:00+00:00,1423.466,1431.47,1383.346,1408.044,11995.0
2023-03-26 21:00:00+00:00,1411.115,1419.368,1384.948,1411.402,10009.0
2023-03-27 21:00:00+00:00,1413.398,1416.671,1383.25,1412.188,8277.0
2023-03-28 21:00:00+00:00,1414.684,1446.888,1400.734,1431.43,9463.0
2023-03-29 21:00:00+00:00,1427.191,1490.31,1420.21,1454.662,9495.0
2023-03-30 21:00:00+00:00,1452.668,1500.316,1452.169,1452.457,10616.0
2023-04-02 21:00:00+00:00,1456.029,1495.214,1436.587,1458.811,11354.0
2023-04-03 21:00:00+00:00,1457.816,1485.274,1430.66,1458.352,8915.0
2023-04-04 21:00:00+00:00,1456.857,1471.094,1412.494,1421.228,9677.0
2023-04-05 21:00:00+00:00,1416.99,1464.162,1405.282,1456.686,8131.0
2023-04-09 21:00:00+00:00,1458.304,1465.044,1399.712,1406.704,16103.0
2023-04-10 21:00:00+00:00,1407.454,1455.378,1407.454,1443.164,7331.0
2023-04-11 21:00:00+00:00,1442.668,1464.654,1430.46,1458.172,12093.0
2023-04-12 21:00:00+00:00,1459.422,1520.826,1441.478,1504.865,11316.0
2023-04-13 21:00:00+00:00,1506.864,1520.094,1470.966,1498.919,12937.0
2023-04-16 21:00:00+00:00,1494.013,1569.892,1481.044,1559.672,9791.0
2023-04-17 21:00:00+00:00,1562.668,1645.287,1559.429,1614.608,13755.0
2023-04-18 21:00:00+00:00,1613.612,1631.096,1576.955,1613.156,11728.0
2023-04-19 21:00:00+00:00,1610.163,1623.417,1574.266,1588.496,11720.0
2023-04-20 21:00:00+00:00,1593.488,1628.2,1575.788,1599.519,9546.0
2023-04-23 21:00:00+00:00,1599.858,1606.35,1508.554,1533.518,14204.0
2023-04-24 21:00:00+00:00,1534.768,1537.768,1464.671,1483.398,14446.0
2023-04-25 21:00:00+00:00,1480.655,1524.598,1478.908,1498.164,10497.0
2023-04-26 21:00:00+00:00,1498.914,1524.884,1457.012,1488.72,9602.0
2023-04-27 21:00:00+00:00,1486.227,1527.186,1478.257,1495.001,13656.0
2023-04-30 21:00:00+00:00,1498.58,1512.083,1436.962,1449.197,12292.0
2023-05-01 21:00:00+00:00,1445.454,1457.45,1414.786,1429.517,12047.0
2023-05-02 21:00:00+00:00,1423.03,1440.528,1402.341,1416.576,10624.0
2023-05-03 21:00:00+00:00,1415.58,1450.31,1403.623,1443.075,15150.0
2023-05-04 21:00:00+00:00,1444.076,1499.525,1433.608,1484.554,10311.0
2023-05-07 21:00:00+00:00,1485.386,1577.535,1483.888,1550.084,21288.0
2023-05-08 21:00:00+00:00,1552.083,1587.561,1531.63,1569.6,14409.0
2023-05-09 21:00:00+00:00,1567.604,1622.808,1560.384,1606.094,11619.0
2023-05-10 21:00:00+00:00,1608.094,1621.852,1537.22,1554.955,12371.0
2023-05-11 21:00:00+00:00,1555.456,1573.202,1502.564,1504.563,13068.0
2023-05-14 21:00:00+00:00,1504.148,1544.88,1502.654,1521.166,10715.0
2023-05-15 21:00:00+00:00,1522.416,1531.674,1490.984,1492.742,10863.0
2023-05-16 21:00:00+00:00,1491.494,1502.993,1474.292,1479.798,10728.0
2023-05-17 21:00:00+00:00,1483.045,1486.052,1447.118,1463.606,11462.0
2023-05-18 21:00:00+00:00,1463.858,1532.056,1458.864,1514.341,12261.0
2023-05-21 21:00:00+00:00,1513.176,1525.186,1482.744,1484.495,10464.0
2023-05-22 21:00:00+00:00,1482.998,1492.24,1440.074,1450.57,11754.0
2023-05-23 21:00:00+00:00,1452.07,1460.575,1389.407,1410.398,13719.0
2023-05-24 21:00:00+00:00,1413.396,1435.156,1384.692,1417.43,13897.0
2023-05-25 21:00:00+00:00,1415.932,1448.426,1407.694,1418.16,10223.0
2023-05-28 21:00:00+00:00,1419.727,1432.452,1403.302,1409.288,7174.0
2023-05-29 21:00:00+00:00,1411.537,1442.7,1381.648,1398.858,9587.0
2023-05-30 21:00:00+00:00,1397.364,1417.317,1349.527,1357.763,8231.0
2023-05-31 21:00:00+00:00,1355.77,1396.926,1353.278,1388.706,7866.0
2023-06-01 21:00:00+00:00,1391.699,1432.601,1381.494,1417.657,7730.0
2023-06-04 21:00:00+00:00,1420.47,1442.922,1388.336,1405.546,5863.0
2023-06-05 21:00:00+00:00,1403.304,1428.004,1380.89,1405.581,6144.0
2023-06-06 21:00:00+00:00,1405.832,1413.824,1377.188,1385.172,7505.0
2023-06-07 21:00:00+00:00,1387.418,1388.664,1341.57,1352.546,7018.0
2023-06-08 21:00:00+00:00,1348.558,1358.292,1289.246,1313.684,8911.0
2023-06-11 21:00:00+00:00,1313.252,1348.683,1293.574,1342.206,7488.0
2023-06-12 21:00:00+00:00,1341.71,1381.126,1331.75,1350.218,8961.0
2023-06-13 21:00:00+00:00,1345.233,1401.364,1343.251,1381.172,8450.0
2023-06-14 21:00:00+00:00,1385.662,1395.667,1354.505,1391.18,9365.0
2023-06-15 21:00:00+00:00,1385.946,1422.38,1383.468,1409.168,9689.0
2023-06-18 21:00:00+00:00,1410.237,1412.741,1382.578,1402.286,5312.0
2023-06-19 21:00:00+00:00,1400.796,1409.524,1348.448,1379.132,6363.0
2023-06-20 21:00:00+00:00,1375.89,1379.883,1335.017,1344.25,7968.0
2023-06-21 21:00:00+00:00,1345.248,1346.75,1262.224,1275.697,7693.0
2023-06-22 21:00:00+00:00,1276.696,1288.428,1265.744,1275.978,7077.0
2023-06-25 21:00:00+00:00,1278.287,1341.662,1272.052,1301.514,9395.0
2023-06-26 21:00:00+00:00,1301.764,1317.242,1283.828,1291.319,7967.0
2023-06-27 21:00:00+00:00,1293.316,1296.064,1202.042,1255.681,8942.0
2023-06-28 21:00:00+00:00,1254.684,1257.682,1211.8,1220.54,8076.0
2023-06-29 21:00:00+00:00,1222.038,1256.232,1215.32,1222.068,9098.0
2023-07-02 21:00:00+00:00,1222.378,1252.084,1210.666,1237.874,6583.0
2023-07-03 21:00:00+00:00,1236.378,1257.096,1227.666,1240.895,3911.0
2023-07-04 21:00:00+00:00,1240.9,1261.382,1221.21,1249.411,12297.0
2023-07-05 21:00:00+00:00,1247.916,1269.14,1219.246,1236.22,9094.0
2023-07-06 21:00:00+00:00,1233.476,1254.951,1214.778,1239.244,6667.0
2023-07-09 21:00:00+00:00,1238.058,1247.542,1185.181,1231.85,8862.0
2023-07-10 21:00:00+00:00,1232.101,1249.328,1211.41,1242.858,8041.0
2023-07-11 21:00:00+00:00,1243.608,1293.784,1235.886,1278.073,10767.0
2023-07-12 21:00:00+00:00,1279.322,1302.54,1262.872,1286.089,8310.0
2023-07-13 21:00:00+00:00,1283.096,1286.342,1253.922,1268.154,8484.0
2023-07-16 21:00:00+00:00,1264.724,1295.942,1247.256,1282.722,8856.0
2023-07-17 21:00:00+00:00,1279.23,1321.68,1273.493,1313.7,11031.0
2023-07-18 21:00:00+00:00,1312.952,1318.447,1281.776,1302.502,9772.0
2023-07-19 21:00:00+00:00,1303.75,1308.746,1261.595,1274.082,10084.0
2023-07-20 21:00:00+00:00,1271.338,1296.564,1270.104,1286.093,5967.0
2023-07-23 21:00:00+00:00,1285.409,1294.417,1262.721,1273.708,9215.0
2023-07-24 21:00:00+00:00,1269.716,1295.693,1267.74,1281.477,7943.0
2023-07-25 21:00:00+00:00,1283.726,1285.974,1230.828,1254.052,9279.0
2023-07-26 21:00:00+00:00,1256.05,1268.286,1214.884,1234.862,9806.0
2023-07-27 21:00:00+00:00,1233.116,1262.592,1217.159,1240.384,9106.0
2023-07-30 21:00:00+00:00,1235.204,1281.912,1232.722,1279.67,9610.0
2023-07-31 21:00:00+00:00,1275.178,1283.916,1220.528,1236.262,8466.0
2023-08-01 21:00:00+00:00,1236.262,1252.01,1222.055,1239.288,8321.0
2023-08-02 21:00:00+00:00,1240.538,1260.782,1219.082,1252.052,8007.0
2023-08-03 21:00:00+00:00,1250.306,1269.054,1237.843,1253.082,8584.0
2023-08-06 21:00:00+00:00,1254.143,1268.388,1224.702,1236.944,8921.0
2023-08-07 21:00:00+00:00,1237.695,1237.695,1195.516,1222.243,10215.0
2023-08-08 21:00:00+00:00,1219.498,1235.256,1202.038,1232.511,12659.0
2023-08-09 21:00:00+00:00,1228.766,1307.198,1228.766,1287.726,10936.0
2023-08-10 21:00:00+00:00,1289.725,1342.683,1286.729,1300.992,8966.0
2023-08-13 21:00:00+00:00,1298.81,1314.806,1247.388,1271.37,8596.0
2023-08-14 21:00:00+00:00,1268.626,1270.878,1232.188,1237.188,10789.0
2023-08-15 21:00:00+00:00,1239.188,1246.692,1205.741,1208.248,9348.0
2023-08-16 21:00:00+00:00,1209.748,1239.985,1204.508,1221.266,10041.0
2023-08-17 21:00:00+00:00,1223.764,1262.001,1213.044,1256.76,7787.0
2023-08-20 21:00:00+00:00,1260.32,1271.328,1228.874,1245.114,8774.0
2023-08-21 21:00:00+00:00,1243.368,1294.841,1241.87,1259.632,8795.0
2023-08-22 21:00:00+00:00,1258.135,1300.867,1257.136,1281.894,8420.0
2023-08-23 21:00:00+00:00,1283.144,1287.644,1233.516,1244.98,8379.0
2023-08-24 21:00:00+00:00,1247.473,1252.728,1216.602,1229.816,6539.0
2023-08-27 21:00:00+00:00,1231.38,1263.796,1222.424,1252.094,4087.0
2023-08-28 21:00:00+00:00,1252.344,1264.07,1220.721,1250.882,9604.0
2023-08-29 21:00:00+00:00,1249.638,1252.629,1223.749,1230.234,8427.0
2023-08-30 21:00:00+00:00,1229.986,1236.474,1211.821,1228.024,5049.0
2023-08-31 21:00:00+00:00,1228.276,1235.008,1216.596,1217.094,5368.0
2023-09-03 21:00:00+00:00,1217.909,1233.132,1217.66,1222.174,3233.0
2023-09-04 21:00:00+00:00,1222.927,1224.176,1179.582,1215.981,5093.0
2023-09-05 21:00:00+00:00,1217.726,1217.726,1177.873,1215.018,5726.0
2023-09-06 21:00:00+00:00,1215.018,1222.02,1188.366,1211.561,5255.0
2023-09-07 21:00:00+00:00,1213.308,1229.02,1187.163,1195.394,6008.0
2023-09-10 21:00:00+00:00,1195.958,1222.652,1191.224,1215.682,5440.0
2023-09-11 21:00:00+00:00,1216.93,1246.622,1205.234,1241.141,5177.0
2023-09-12 21:00:00+00:00,1241.142,1263.604,1225.948,1251.894,5191.0
2023-09-13 21:00:00+00:00,1249.403,1269.611,1246.938,1249.685,6589.0
2023-09-14 21:00:00+00:00,1252.428,1277.131,1231.74,1246.978,6349.0
2023-09-17 21:00:00+00:00,1254.277,1256.78,1224.88,1248.326,4484.0
2023-09-18 21:00:00+00:00,1246.582,1276.77,1241.856,1264.068,4965.0
2023-09-19 21:00:00+00:00,1263.57,1298.248,1261.838,1264.102,5604.0
2023-09-20 21:00:00+00:00,1267.096,1270.849,1232.708,1265.384,5000.0
2023-09-21 21:00:00+00:00,1266.134,1287.348,1249.704,1254.696,4940.0
2023-09-24 21:00:00+00:00,1255.764,1255.764,1227.114,1230.612,4970.0
2023-09-25 21:00:00+00:00,1230.862,1239.614,1207.692,1227.652,3804.0
2023-09-26 21:00:00+00:00,1228.9,1250.608,1211.47,1221.202,5116.0
2023-09-27 21:00:00+00:00,1222.7,1284.072,1217.722,1270.863,6409.0
2023-09-28 21:00:00+00:00,1277.348,1295.078,1245.207,1247.954,7276.0
2023-10-01 21:00:00+00:00,1252.762,1256.508,1198.416,1206.654,7778.0
2023-10-02 21:00:00+00:00,1206.656,1213.155,1165.024,1176.258,9814.0
2023-10-03 21:00:00+00:00,1177.008,1189.0,1154.832,1167.56,8261.0
2023-10-04 21:00:00+00:00,1168.31,1183.284,1139.15,1149.384,7389.0
2023-10-05 21:00:00+00:00,1148.636,1171.11,1134.432,1159.144,8148.0
2023-10-08 21:00:00+00:00,1156.464,1166.702,1115.576,1138.284,7104.0
2023-10-09 21:00:00+00:00,1135.791,1178.475,1119.344,1169.498,7189.0
2023-10-10 21:00:00+00:00,1166.756,1186.477,1149.81,1171.276,6926.0
2023-10-11 21:00:00+00:00,1172.027,1181.519,1131.139,1137.13,7142.0
2023-10-12 21:00:00+00:00,1138.378,1159.854,1126.924,1149.636,7237.0
2023-10-15 21:00:00+00:00,1145.958,1157.948,1128.757,1148.732,5462.0
2023-10-16 21:00:00+00:00,1146.737,1150.99,1119.062,1139.781,6075.0
2023-10-17 21:00:00+00:00,1138.036,1150.018,1110.61,1130.829,6502.0
2023-10-18 21:00:00+00:00,1135.073,1135.073,1096.91,1116.887,7090.0
2023-10-19 21:00:00+00:00,1116.888,1119.654,1099.688,1100.448,5784.0
2023-10-22 21:00:00+00:00,1104.003,1143.955,1086.799,1122.499,6558.0
2023-10-23 21:00:00+00:00,1121.502,1141.479,1109.794,1129.268,6049.0
2023-10-24 21:00:00+00:00,1128.77,1148.758,1116.308,1131.046,6314.0
2023-10-25 21:00:00+00:00,1127.554,1151.036,1113.346,1141.06,7200.0
2023-10-26 21:00:00+00:00,1140.812,1151.814,1120.618,1129.86,6912.0
2023-10-29 21:00:00+00:00,1131.92,1165.136,1125.194,1135.943,7407.0
2023-10-30 21:00:00+00:00,1136.444,1148.944,1121.99,1128.736,5408.0
2023-10-31 21:00:00+00:00,1132.481,1147.979,1110.04,1117.534,6331.0
2023-11-01 21:00:00+00:00,1118.534,1129.538,1107.574,1120.81,5019.0
2023-11-02 21:00:00+00:00,1119.562,1138.554,1110.598,1126.582,4799.0
2023-11-05 22:00:00+00:00,1127.146,1136.648,1098.462,1113.944,4894.0
2023-11-06 22:00:00+00:00,1107.953,1111.949,1055.296,1059.798,5178.0
2023-11-07 22:00:00+00:00,1060.798,1063.568,1011.628,1053.086,6362.0
2023-11-08 22:00:00+00:00,1052.588,1058.332,992.442,995.441,6322.0
2023-11-09 22:00:00+00:00,996.44,1002.436,949.516,966.506,5784.0
2023-11-12 22:00:00+00:00,966.31,987.548,948.098,985.812,4959.0
2023-11-13 22:00:00+00:00,985.064,1034.024,972.095,1017.551,5526.0
2023-11-14 22:00:00+00:00,1017.303,1052.532,1004.336,1034.809,5843.0
2023-11-15 22:00:00+00:00,1040.054,1054.308,1022.328,1043.578,5993.0
2023-11-16 22:00:00+00:00,1037.586,1064.572,1035.098,1060.838,5270.0
2023-11-19 22:00:00+00:00,1058.649,1096.132,1051.408,1086.649,6721.0
2023-11-20 22:00:00+00:00,1087.4,1099.652,1066.18,1086.928,5487.0
2023-11-21 22:00:00+00:00,1080.686,1088.693,1049.737,1063.864,4811.0
2023-11-22 22:00:00+00:00,1064.114,1066.856,1047.489,1052.22,3836.0
2023-11-23 22:00:00+00:00,1050.984,1082.846,1044.79,1080.36,3102.0
2023-11-26 22:00:00+00:00,1080.464,1093.918,1060.36,1080.51,3892.0
2023-11-27 22:00:00+00:00,1079.765,1084.762,1046.97,1061.16,7355.0
2023-11-28 22:00:00+00:00,1061.41,1072.866,1023.888,1034.098,8190.0
2023-11-29 22:00:00+00:00,1032.856,1035.096,1009.496,1011.262,6288.0
2023-11-30 22:00:00+00:00,1011.262,1025.21,991.142,1005.584,7014.0
2023-12-03 22:00:00+00:00,1005.426,1016.124,961.178,975.368,8054.0
2023-12-04 22:00:00+00:00,970.395,982.586,922.913,936.106,7275.0
2023-12-05 22:00:00+00:00,936.108,974.696,933.123,944.854,6233.0
2023-12-06 22:00:00+00:00,945.602,993.644,938.898,971.765,5560.0
2023-12-07 22:00:00+00:00,974.752,986.223,941.695,946.43,6847.0
2023-12-10 22:00:00+00:00,947.261,969.192,934.83,961.982,4885.0
2023-12-11 22:00:00+00:00,962.482,989.63,960.492,979.194,5885.0
2023-12-12 22:00:00+00:00,983.426,1006.858,954.096,993.422,5274.0
2023-12-13 22:00:00+00:00,996.659,1119.134,993.684,1111.924,8219.0
2023-12-14 22:00:00+00:00,1113.918,1200.564,1087.552,1180.166,8766.0
2023-12-17 22:00:00+00:00,1182.76,1221.375,1153.144,1189.778,7304.0
2023-12-18 22:00:00+00:00,1191.523,1250.802,1173.88,1233.89,6823.0
2023-12-19 22:00:00+00:00,1232.896,1239.628,1197.1,1207.308,9518.0
2023-12-20 22:00:00+00:00,1209.053,1230.245,1192.658,1220.555,6756.0
2023-12-21 22:00:00+00:00,1224.292,1253.951,1202.648,1212.642,6826.0
2023-12-25 22:00:00+00:00,1214.795,1223.019,1181.725,1185.465,5047.0
2023-12-26 22:00:00+00:00,1187.708,1208.89,1151.145,1158.624,7368.0
2023-12-27 22:00:00+00:00,1161.614,1169.838,1126.542,1135.018,8320.0
2023-12-28 22:00:00+00:00,1135.519,1138.514,1097.215,1100.951,6835.0
2024-01-01 22:00:00+00:00,1102.592,1116.812,1071.5,1080.72,7561.0
2024-01-02 22:00:00+00:00,1080.722,1097.674,1052.355,1067.566,8125.0
2024-01-03 22:00:00+00:00,1071.554,1076.308,1032.483,1040.711,6226.0
2024-01-04 22:00:00+00:00,1043.702,1052.952,1017.076,1026.558,7628.0
2024-01-07 22:00:00+00:00,1031.134,1035.622,991.06,997.046,7264.0
2024-01-08 22:00:00+00:00,997.296,1011.002,969.423,979.4,6442.0
2024-01-09 22:00:00+00:00,979.65,1016.302,977.674,1003.362,10620.0
2024-01-10 22:00:00+00:00,1000.622,1025.068,978.482,990.448,11549.0
2024-01-11 22:00:00+00:00,989.952,1002.688,969.304,974.046,7406.0
2024-01-14 22:00:00+00:00,974.632,995.326,960.951,971.926,7207.0
2024-01-15 22:00:00+00:00,973.927,976.669,930.596,936.833,9293.0
2024-01-16 22:00:00+00:00,936.586,941.34,902.218,916.188,9918.0
2024-01-17 22:00:00+00:00,916.688,944.13,913.201,939.159,7613.0
2024-01-18 22:00:00+00:00,940.656,954.133,927.974,948.672,6556.0
2024-01-21 22:00:00+00:00,946.513,952.749,912.631,937.578,7765.0
2024-01-22 22:00:00+00:00,938.079,960.044,926.884,949.586,6080.0
2024-01-23 22:00:00+00:00,949.338,976.788,941.372,965.085,9733.0
2024-01-24 22:00:00+00:00,965.834,969.846,931.212,941.192,6583.0
2024-01-25 22:00:00+00:00,941.194,964.416,927.248,959.185,6615.0
2024-01-28 22:00:00+00:00,958.772,988.238,945.327,987.49,7473.0
2024-01-29 22:00:00+00:00,987.99,994.492,970.064,978.057,6762.0
2024-01-30 22:00:00+00:00,976.812,997.046,969.606,982.339,6729.0
2024-01-31 22:00:00+00:00,980.096,986.334,949.198,965.672,7095.0
2024-02-01 22:00:00+00:00,964.427,983.903,930.04,948.007,9068.0
2024-02-04 22:00:00+00:00,948.092,959.598,923.67,953.618,9247.0
2024-02-05 22:00:00+00:00,953.87,965.61,933.686,951.166,7096.0
2024-02-06 22:00:00+00:00,951.418,954.664,894.08,895.826,7436.0
2024-02-07 22:00:00+00:00,894.082,907.082,858.432,889.629,14764.0
2024-02-08 22:00:00+00:00,891.626,898.372,858.223,858.982,8701.0
2024-02-11 22:00:00+00:00,860.056,902.496,856.826,895.773,10457.0
2024-02-12 22:00:00+00:00,897.522,914.508,849.889,860.878,14955.0
2024-02-13 22:00:00+00:00,862.377,939.767,853.897,936.528,12137.0
2024-02-14 22:00:00+00:00,937.526,980.474,921.062,955.534,18963.0
2024-02-15 22:00:00+00:00,957.282,966.546,932.602,949.088,22497.0
2024-02-18 22:00:00+00:00,949.92,966.413,936.97,952.952,11195.0
2024-02-19 22:00:00+00:00,949.962,990.43,936.252,975.212,13339.0
2024-02-20 22:00:00+00:00,977.211,991.705,927.819,952.79,11121.0
2024-02-21 22:00:00+00:00,950.546,975.788,944.83,966.562,11742.0
2024-02-22 22:00:00+00:00,969.558,998.048,953.85,973.704,8276.0
2024-02-25 22:00:00+00:00,974.104,976.581,943.938,955.102,6074.0
2024-02-26 22:00:00+00:00,954.115,973.472,936.598,937.093,11164.0
2024-02-27 22:00:00+00:00,937.839,940.074,908.901,925.273,9554.0
2024-02-28 22:00:00+00:00,925.524,947.618,920.572,940.21,9340.0
2024-02-29 22:00:00+00:00,943.434,959.841,928.613,952.918,7098.0
2024-03-03 22:00:00+00:00,957.28,970.697,941.712,960.076,6350.0
2024-03-04 22:00:00+00:00,962.805,963.798,927.414,944.536,6747.0
2024-03-05 22:00:00+00:00,944.043,1064.306,942.56,1045.24,8574.0
2024-03-06 22:00:00+00:00,1047.226,1058.43,1020.01,1039.123,14677.0
2024-03-07 22:00:00+00:00,1037.392,1062.972,1009.194,1020.858,7755.0
2024-03-10 21:00:00+00:00,1022.751,1042.88,1017.319,1031.256,7511.0
2024-03-11 21:00:00+00:00,1031.012,1045.455,1002.047,1039.27,10626.0
2024-03-12 21:00:00+00:00,1040.762,1075.533,1033.588,1061.422,10946.0
2024-03-13 21:00:00+00:00,1063.657,1097.687,1053.514,1066.463,10266.0
2024-03-14 21:00:00+00:00,1068.203,1111.164,1058.79,1079.691,10714.0
2024-03-17 21:00:00+00:00,1078.62,1083.592,1023.354,1031.81,9138.0
2024-03-18 21:00:00+00:00,1033.302,1033.55,975.052,994.424,11394.0
2024-03-19 21:00:00+00:00,992.195,1026.01,977.091,1023.532,12468.0
2024-03-20 21:00:00+00:00,1025.52,1041.426,995.8,1010.954,14023.0
2024-03-21 21:00:00+00:00,1010.462,1016.21,982.492,984.974,14499.0
2024-03-24 21:00:00+00:00,982.895,1027.128,981.406,1004.81,10768.0
2024-03-25 21:00:00+00:00,1008.537,1020.501,991.728,993.965,11067.0
2024-03-26 21:00:00+00:00,994.961,995.709,966.712,991.31,7864.0
2024-03-27 21:00:00+00:00,986.1,1023.144,985.61,1014.974,8211.0
2024-03-31 21:00:00+00:00,1018.934,1031.885,989.934,1006.592,11100.0
2024-04-01 21:00:00+00:00,1004.36,1028.742,994.488,1004.682,12367.0
2024-04-02 21:00:00+00:00,1006.672,1029.332,990.812,1019.414,12756.0
2024-04-03 21:00:00+00:00,1017.928,1044.31,1006.538,1021.231,12232.0
2024-04-04 21:00:00+00:00,1022.725,1025.21,984.52,1003.92,12849.0
2024-04-07 21:00:00+00:00,1004.325,1054.079,990.42,1047.636,17523.0
2024-04-08 21:00:00+00:00,1048.634,1094.684,1047.64,1094.684,17295.0
2024-04-09 21:00:00+00:00,1092.7,1103.684,1041.062,1050.282,20754.0
2024-04-10 21:00:00+00:00,1048.297,1075.934,1028.47,1050.114,13876.0
2024-04-11 21:00:00+00:00,1047.88,1087.952,1047.391,1052.68,22972.0
2024-04-14 21:00:00+00:00,1060.303,1063.287,1021.325,1037.258,20160.0
2024-04-15 21:00:00+00:00,1038.754,1040.744,1000.265,1016.95,19168.0
2024-04-16 21:00:00+00:00,1017.202,1048.836,1008.282,1028.964,16925.0
2024-04-17 21:00:00+00:00,1026.978,1051.398,1020.774,1025.312,16886.0
2024-04-18 21:00:00+00:00,1026.062,1041.741,998.752,1030.614,21018.0
2024-04-21 21:00:00+00:00,1027.542,1031.032,1001.97,1010.702,12672.0
2024-04-22 21:00:00+00:00,1010.206,1028.918,989.337,1021.228,22445.0
2024-04-23 21:00:00+00:00,1019.987,1033.694,1000.158,1000.904,14565.0
2024-04-24 21:00:00+00:00,1000.41,1012.132,974.34,986.55,18228.0
2024-04-25 21:00:00+00:00,987.05,992.546,953.27,954.526,13190.0
2024-04-28 21:00:00+00:00,955.671,981.359,945.228,975.652,14545.0
2024-04-29 21:00:00+00:00,975.656,977.904,932.15,953.823,15822.0
2024-04-30 21:00:00+00:00,954.573,959.366,934.947,951.158,22644.0
2024-05-01 21:00:00+00:00,952.655,957.394,918.349,934.8,14261.0
2024-05-02 21:00:00+00:00,934.056,955.761,925.122,947.071,17764.0
2024-05-05 21:00:00+00:00,950.457,987.615,938.512,979.662,9300.0
2024-05-06 21:00:00+00:00,980.413,987.395,968.499,972.515,10548.0
2024-05-07 21:00:00+00:00,972.27,977.273,946.915,955.155,8783.0
2024-05-08 21:00:00+00:00,954.412,975.135,943.745,969.426,10967.0
2024-05-09 21:00:00+00:00,968.434,1002.109,968.434,978.468,11509.0
2024-05-12 21:00:00+00:00,980.614,991.612,959.246,963.495,10146.0
2024-05-13 21:00:00+00:00,964.494,989.712,960.806,982.008,17967.0
2024-05-14 21:00:00+00:00,981.014,1020.682,980.266,1011.488,16939.0
2024-05-15 21:00:00+00:00,1010.495,1022.254,985.378,991.378,8504.0
2024-05-16 21:00:00+00:00,990.136,1013.88,968.22,1009.15,12725.0
2024-05-19 21:00:00+00:00,1010.555,1041.784,994.397,1027.83,15496.0
2024-05-20 21:00:00+00:00,1030.826,1044.842,1006.663,1026.662,17591.0
2024-05-21 21:00:00+00:00,1029.658,1037.65,993.822,996.324,16920.0
2024-05-22 21:00:00+00:00,997.074,999.32,965.72,970.966,18394.0
2024-05-23 21:00:00+00:00,971.218,977.976,961.04,966.052,11199.0
2024-05-26 21:00:00+00:00,967.95,1003.92,967.452,992.456,9179.0
2024-05-27 21:00:00+00:00,994.214,996.98,969.817,983.311,16064.0
2024-05-28 21:00:00+00:00,984.811,985.061,946.943,955.048,13329.0
2024-05-29 21:00:00+00:00,952.832,957.592,926.26,944.548,11257.0
2024-05-30 21:00:00+00:00,945.046,951.526,898.996,909.621,13449.0
2024-06-02 21:00:00+00:00,907.608,933.344,891.368,919.306,9886.0
2024-06-03 21:00:00+00:00,922.272,928.946,898.876,908.302,10890.0
2024-06-04 21:00:00+00:00,906.578,932.32,906.086,927.904,8682.0
2024-06-05 21:00:00+00:00,927.909,940.026,920.569,925.787,11450.0
2024-06-06 21:00:00+00:00,928.014,930.488,895.992,908.114,13246.0
2024-06-09 21:00:00+00:00,908.816,921.441,881.475,903.974,7880.0
2024-06-10 21:00:00+00:00,902.497,902.75,876.628,883.326,9448.0
2024-06-11 21:00:00+00:00,883.825,925.389,877.212,898.989,13194.0
2024-06-12 21:00:00+00:00,899.735,904.737,871.147,880.56,9527.0
2024-06-13 21:00:00+00:00,881.305,893.702,873.709,884.118,8962.0
2024-06-16 21:00:00+00:00,884.568,889.522,866.839,884.663,6406.0
2024-06-17 21:00:00+00:00,883.679,886.67,861.246,882.29,8677.0
2024-06-18 21:00:00+00:00,883.036,903.864,878.6,894.988,5022.0
2024-06-19 21:00:00+00:00,894.755,915.106,889.626,907.709,7416.0
2024-06-20 21:00:00+00:00,905.736,956.996,905.736,911.52,9082.0
2024-06-23 21:00:00+00:00,914.946,979.33,909.018,963.777,7360.0
2024-06-24 21:00:00+00:00,964.524,979.176,915.862,927.022,9794.0
2024-06-25 21:00:00+00:00,928.016,947.612,905.816,918.96,8568.0
2024-06-26 21:00:00+00:00,917.48,926.206,901.442,919.806,11990.0
2024-06-27 21:00:00+00:00,920.058,973.844,919.316,963.714,11649.0
2024-06-30 21:00:00+00:00,964.926,988.763,958.32,972.208,7630.0
2024-07-01 21:00:00+00:00,969.738,1014.63,964.582,1007.972,10691.0
2024-07-02 21:00:00+00:00,1007.977,1051.88,1003.56,1021.952,6603.0
2024-07-03 21:00:00+00:00,1020.224,1027.422,1008.134,1014.378,4991.0
2024-07-04 21:00:00+00:00,1017.119,1038.467,1010.508,1025.649,8325.0
2024-07-07 21:00:00+00:00,1023.16,1024.399,992.234,1006.174,6593.0
2024-07-08 21:00:00+00:00,1007.912,1017.866,969.587,975.312,12502.0
2024-07-09 21:00:00+00:00,975.318,990.011,966.93,984.096,7419.0
2024-07-10 21:00:00+00:00,984.348,1005.73,972.766,987.924,8312.0
2024-07-11 21:00:00+00:00,988.672,988.672,953.296,961.512,8604.0
2024-07-14 21:00:00+00:00,962.228,962.776,938.516,941.255,10710.0
2024-07-15 21:00:00+00:00,940.516,954.727,922.479,950.784,7777.0
2024-07-16 21:00:00+00:00,952.525,971.432,941.689,943.947,10540.0
2024-07-17 21:00:00+00:00,941.223,956.641,913.288,918.256,11526.0
2024-07-18 21:00:00+00:00,918.509,920.245,893.547,895.289,8461.0
2024-07-21 21:00:00+00:00,897.728,909.397,876.946,886.16,11466.0
2024-07-22 21:00:00+00:00,886.164,908.822,869.826,906.362,15924.0
2024-07-23 21:00:00+00:00,904.63,926.041,899.694,908.946,15283.0
2024-07-24 21:00:00+00:00,911.682,911.682,876.991,888.444,13849.0
2024-07-25 21:00:00+00:00,888.448,898.148,872.63,881.593,14501.0
2024-07-28 21:00:00+00:00,884.775,901.726,878.36,885.366,9827.0
2024-07-29 21:00:00+00:00,886.116,886.912,863.084,873.792,10388.0
2024-07-30 21:00:00+00:00,874.79,921.32,872.804,912.642,16716.0
2024-07-31 21:00:00+00:00,913.144,919.369,882.666,892.373,10019.0
2024-08-01 21:00:00+00:00,894.116,902.6,871.826,878.062,10367.0
2024-08-04 21:00:00+00:00,877.518,882.245,809.231,830.886,29493.0
2024-08-05 21:00:00+00:00,831.138,859.804,820.498,849.125,20297.0
2024-08-06 21:00:00+00:00,848.88,886.975,842.672,863.888,15446.0
2024-08-07 21:00:00+00:00,863.395,908.49,859.666,907.992,18594.0
2024-08-08 21:00:00+00:00,906.504,918.23,885.704,890.439,19151.0
2024-08-11 21:00:00+00:00,891.39,917.8,885.696,898.948,21818.0
2024-08-12 21:00:00+00:00,897.21,927.376,896.002,923.676,21727.0
2024-08-13 21:00:00+00:00,921.69,936.182,910.078,916.566,20919.0
2024-08-14 21:00:00+00:00,917.316,936.798,909.17,932.096,22315.0
2024-08-15 21:00:00+00:00,931.354,941.841,922.702,938.172,17889.0
2024-08-18 21:00:00+00:00,937.89,938.138,899.872,915.835,14994.0
2024-08-19 21:00:00+00:00,915.093,932.085,904.173,912.203,13499.0
2024-08-20 21:00:00+00:00,912.457,954.601,905.777,937.205,15492.0
2024-08-21 21:00:00+00:00,935.716,943.487,906.409,910.665,16335.0
2024-08-22 21:00:00+00:00,911.168,948.124,910.669,947.626,10281.0
2024-08-25 21:00:00+00:00,949.338,961.115,939.4,947.696,6597.0
2024-08-26 21:00:00+00:00,949.944,967.46,942.732,957.77,6878.0
2024-08-27 21:00:00+00:00,957.77,961.268,925.706,928.224,6110.0
2024-08-28 21:00:00+00:00,929.972,972.924,928.976,967.798,6832.0
2024-08-29 21:00:00+00:00,968.544,984.956,949.718,955.438,8686.0
2024-09-01 21:00:00+00:00,954.558,968.26,951.588,967.766,3780.0
2024-09-02 21:00:00+00:00,967.526,970.258,918.888,934.548,8939.0
2024-09-03 21:00:00+00:00,935.544,938.562,917.188,924.17,9450.0
2024-09-04 21:00:00+00:00,923.924,944.824,918.728,927.7,8999.0
2024-09-05 21:00:00+00:00,928.696,950.34,890.735,897.202,18411.0
2024-09-08 21:00:00+00:00,896.562,937.346,895.834,933.876,11829.0
2024-09-09 21:00:00+00:00,933.88,961.756,933.139,961.756,11638.0
2024-09-10 21:00:00+00:00,960.766,1010.512,955.83,1008.772,14661.0
2024-09-11 21:00:00+00:00,1008.775,1050.32,998.365,1046.599,16797.0
2024-09-12 21:00:00+00:00,1046.354,1075.218,1034.7,1066.539,15913.0
2024-09-15 21:00:00+00:00,1067.908,1080.105,1058.968,1076.416,14666.0
2024-09-16 21:00:00+00:00,1078.159,1119.477,1074.22,1118.483,12035.0
2024-09-17 21:00:00+00:00,1118.238,1120.25,1049.194,1053.423,22961.0
2024-09-18 21:00:00+00:00,1052.68,1096.974,1036.78,1077.845,26181.0
2024-09-19 21:00:00+00:00,1080.334,1087.307,1056.012,1063.737,17543.0
2024-09-22 21:00:00+00:00,1061.126,1062.868,1031.834,1035.576,19795.0
2024-09-23 21:00:00+00:00,1036.076,1063.704,1030.612,1058.014,20683.0
2024-09-24 21:00:00+00:00,1057.519,1059.511,1025.49,1038.43,24852.0
2024-09-25 21:00:00+00:00,1037.935,1069.798,1035.7,1045.701,19436.0
2024-09-26 21:00:00+00:00,1045.704,1046.704,1006.214,1010.696,22555.0
2024-09-29 21:00:00+00:00,1015.788,1021.286,973.794,994.95,20264.0
2024-09-30 21:00:00+00:00,992.217,1007.677,981.313,1000.232,24032.0
2024-10-01 21:00:00+00:00,997.0,1019.426,991.546,1014.718,23285.0
2024-10-02 21:00:00+00:00,1014.97,1017.708,977.938,1001.342,25915.0
2024-10-03 21:00:00+00:00,999.106,1012.582,991.676,1006.375,22429.0
2024-10-06 21:00:00+00:00,1007.986,1025.204,1000.06,1020.236,16049.0
2024-10-07 21:00:00+00:00,1018.994,1025.469,987.91,1017.308,21861.0
2024-10-08 21:00:00+00:00,1017.062,1044.978,1007.886,1038.768,13347.0
2024-10-09 21:00:00+00:00,1038.024,1073.667,1036.288,1070.187,13940.0
2024-10-10 21:00:00+00:00,1069.444,1086.381,1058.039,1062.782,13443.0
2024-10-13 21:00:00+00:00,1065.396,1065.396,1022.375,1027.367,7830.0
2024-10-14 21:00:00+00:00,1026.872,1030.36,996.539,1008.506,10596.0
2024-10-15 21:00:00+00:00,1008.26,1027.718,1006.522,1023.253,10995.0
2024-10-16 21:00:00+00:00,1024.251,1045.707,1015.807,1041.238,11156.0
2024-10-17 21:00:00+00:00,1039.747,1085.365,1037.258,1081.386,10935.0
2024-10-20 21:00:00+00:00,1083.008,1091.486,1045.699,1054.926,10330.0
2024-10-21 21:00:00+00:00,1055.676,1083.87,1052.944,1079.892,12430.0
2024-10-22 21:00:00+00:00,1081.14,1083.401,1052.293,1063.515,11165.0
2024-10-23 21:00:00+00:00,1065.012,1168.428,1064.016,1158.726,14128.0
2024-10-24 21:00:00+00:00,1157.732,1215.566,1124.383,1198.647,11555.0
2024-10-27 21:00:00+00:00,1192.56,1225.242,1182.106,1216.792,10368.0
2024-10-28 21:00:00+00:00,1216.297,1250.475,1204.896,1214.37,13666.0
2024-10-29 21:00:00+00:00,1214.37,1216.125,1130.451,1147.664,13982.0
2024-10-30 21:00:00+00:00,1148.414,1148.414,1105.358,1118.077,15826.0
2024-10-31 21:00:00+00:00,1119.824,1139.55,1100.697,1100.698,12007.0
2024-11-03 22:00:00+00:00,1102.076,1120.532,1053.772,1075.218,12559.0
2024-11-04 22:00:00+00:00,1077.464,1094.204,1069.04,1076.028,16753.0
2024-11-05 22:00:00+00:00,1075.283,1076.28,1023.972,1032.966,27168.0
2024-11-06 22:00:00+00:00,1033.468,1043.226,1015.566,1024.8,19572.0
2024-11-07 22:00:00+00:00,1023.806,1027.3,985.706,989.458,18945.0
2024-11-10 22:00:00+00:00,983.342,998.308,975.153,980.154,13485.0
2024-11-11 22:00:00+00:00,979.408,984.9,937.312,943.056,13396.0
2024-11-12 22:00:00+00:00,944.057,955.308,924.646,928.148,13698.0
2024-11-13 22:00:00+00:00,927.652,940.418,910.48,932.941,19650.0
2024-11-14 22:00:00+00:00,937.681,962.15,931.7,944.217,18415.0
2024-11-17 22:00:00+00:00,946.572,1008.976,946.323,1004.246,11519.0
2024-11-18 22:00:00+00:00,1003.75,1043.452,993.048,1036.732,15569.0
2024-11-19 22:00:00+00:00,1038.731,1044.504,1008.835,1023.82,10642.0
2024-11-20 22:00:00+00:00,1020.579,1044.537,1020.106,1030.648,12240.0
2024-11-21 22:00:00+00:00,1032.884,1047.05,1010.362,1014.83,10986.0
2024-11-24 22:00:00+00:00,1014.211,1037.041,978.53,981.51,10242.0
2024-11-25 22:00:00+00:00,981.762,1001.403,970.864,983.555,5034.0
2024-11-26 22:00:00+00:00,984.303,1000.706,973.886,978.898,15936.0
2024-11-27 22:00:00+00:00,978.405,989.104,974.688,981.434,8842.0
2024-11-28 22:00:00+00:00,982.684,996.85,965.844,983.976,8661.0
2024-12-01 22:00:00+00:00,982.116,999.532,967.244,986.642,10633.0
2024-12-02 22:00:00+00:00,986.396,1000.08,973.79,973.79,11524.0
2024-12-03 22:00:00+00:00,971.806,995.438,959.178,985.023,9572.0
2024-12-04 22:00:00+00:00,984.528,990.262,965.698,967.204,10267.0
2024-12-05 22:00:00+00:00,966.958,981.868,957.818,958.072,21601.0
2024-12-08 22:00:00+00:00,961.916,1002.192,960.688,981.594,19054.0
2024-12-09 22:00:00+00:00,982.342,989.055,956.3,973.953,18934.0
2024-12-10 22:00:00+00:00,973.706,1007.786,961.556,1002.578,20412.0
2024-12-11 22:00:00+00:00,1001.09,1016.267,982.253,983.014,19265.0
2024-12-12 22:00:00+00:00,980.532,983.79,947.286,956.738,20517.0
2024-12-15 22:00:00+00:00,956.856,960.832,939.504,946.226,12695.0
2024-12-16 22:00:00+00:00,947.222,949.962,923.899,934.106,11270.0
2024-12-17 22:00:00+00:00,934.855,937.347,894.646,899.868,16339.0
2024-12-18 22:00:00+00:00,902.107,916.296,894.192,903.65,17374.0
2024-12-19 22:00:00+00:00,902.658,918.11,892.244,913.398,18709.0
2024-12-22 22:00:00+00:00,915.498,933.195,907.3,928.976,9885.0
2024-12-23 22:00:00+00:00,928.978,951.625,928.978,946.674,13413.0
2024-12-25 22:00:00+00:00,945.996,950.226,915.21,919.944,13311.0
2024-12-26 22:00:00+00:00,921.686,925.668,901.336,908.562,11863.0
2024-12-29 22:00:00+00:00,910.662,916.412,891.552,895.544,40447.0
2024-12-30 22:00:00+00:00,894.304,911.254,891.579,903.558,32320.0
2025-01-01 22:00:00+00:00,902.37,922.056,899.908,907.646,37711.0
2025-01-02 22:00:00+00:00,907.648,923.852,903.936,918.894,16765.0
2025-01-05 22:00:00+00:00,917.266,940.436,906.586,913.588,34386.0
2025-01-06 22:00:00+00:00,913.838,931.785,909.867,923.843,21562.0
2025-01-07 22:00:00+00:00,924.344,934.074,911.194,924.894,33064.0
2025-01-08 22:00:00+00:00,925.395,933.406,916.457,930.674,27046.0
2025-01-09 22:00:00+00:00,929.93,969.285,929.432,962.086,27807.0
2025-01-12 22:00:00+00:00,962.204,969.176,928.395,944.587,46163.0
2025-01-13 22:00:00+00:00,946.332,956.323,935.666,944.146,41630.0
2025-01-14 22:00:00+00:00,944.896,978.787,940.424,967.852,42764.0
2025-01-15 22:00:00+00:00,970.592,972.342,946.003,946.999,41325.0
2025-01-16 22:00:00+00:00,946.005,965.964,941.295,961.495,29769.0
2025-01-19 22:00:00+00:00,962.859,964.862,937.746,952.699,45703.0
2025-01-20 22:00:00+00:00,950.715,974.916,933.81,972.933,40323.0
2025-01-21 22:00:00+00:00,972.687,1006.599,967.964,996.651,31894.0
2025-01-22 22:00:00+00:00,996.653,1015.879,985.958,1012.65,24507.0
2025-01-23 22:00:00+00:00,1013.151,1030.622,1003.237,1003.246,27350.0
2025-01-26 22:00:00+00:00,1003.12,1003.62,964.305,969.05,23517.0
2025-01-27 22:00:00+00:00,968.554,977.299,957.631,961.136,24577.0
2025-01-28 22:00:00+00:00,961.388,983.353,956.166,974.897,23983.0
2025-01-29 22:00:00+00:00,974.9,1019.801,974.65,1018.808,29691.0
2025-01-30 22:00:00+00:00,1019.807,1073.678,1010.612,1067.209,32012.0
2025-02-02 22:00:00+00:00,1052.388,1071.08,1022.276,1046.218,31843.0
2025-02-03 22:00:00+00:00,1046.72,1059.192,1005.402,1007.65,29968.0
2025-02-04 22:00:00+00:00,1006.406,1022.642,998.45,1013.194,32625.0
2025-02-05 22:00:00+00:00,1014.443,1020.93,986.828,993.314,31579.0
2025-02-06 22:00:00+00:00,990.824,1001.818,975.674,975.676,29479.0
2025-02-09 22:00:00+00:00,972.554,1012.986,971.564,1001.78,18344.0
2025-02-10 22:00:00+00:00,1001.284,1006.53,976.124,990.87,6969.0
2025-02-11 22:00:00+00:00,990.873,993.874,973.712,985.194,6888.0
2025-02-12 22:00:00+00:00,984.948,1023.392,984.948,1022.16,8444.0
2025-02-13 22:00:00+00:00,1021.914,1035.902,988.057,989.553,7983.0
2025-02-16 22:00:00+00:00,992.17,1009.906,989.676,998.955,4318.0
2025-02-17 22:00:00+00:00,999.212,1011.732,994.51,1008.002,5141.0
2025-02-18 22:00:00+00:00,1009.5,1015.524,983.6,986.858,5057.0
2025-02-19 22:00:00+00:00,988.606,1008.112,983.874,999.89,5882.0
2025-02-20 22:00:00+00:00,1002.636,1004.14,979.492,980.24,6069.0
2025-02-23 22:00:00+00:00,980.362,988.346,937.496,938.246,7620.0
2025-02-24 22:00:00+00:00,938.998,944.265,912.834,926.618,9951.0
2025-02-25 22:00:00+00:00,927.612,942.758,916.77,919.506,6653.0
2025-02-26 22:00:00+00:00,919.508,922.756,901.472,906.942,8076.0
2025-02-27 22:00:00+00:00,907.688,912.212,893.611,908.002,6967.0
2025-03-02 22:00:00+00:00,912.852,954.29,912.356,943.895,8387.0
2025-03-03 22:00:00+00:00,942.164,953.132,927.344,948.18,8748.0
2025-03-04 22:00:00+00:00,948.68,962.588,937.076,946.022,8454.0
2025-03-05 22:00:00+00:00,947.017,954.5,931.187,943.368,11345.0
2025-03-06 22:00:00+00:00,943.124,956.557,935.485,948.151,9397.0
2025-03-09 21:00:00+00:00,945.568,963.217,932.247,933.737,11546.0
2025-03-10 21:00:00+00:00,933.492,954.368,926.311,940.752,12685.0
2025-03-11 21:00:00+00:00,942.986,954.686,937.062,947.519,11976.0
2025-03-12 21:00:00+00:00,947.77,963.959,934.175,963.711,10970.0
2025-03-13 21:00:00+00:00,963.219,987.323,960.051,965.025,9816.0
2025-03-16 21:00:00+00:00,965.921,976.377,960.509,966.736,8025.0
2025-03-17 21:00:00+00:00,965.995,980.178,960.589,965.073,9561.0
2025-03-18 21:00:00+00:00,965.325,966.589,950.721,954.23,9561.0
2025-03-19 21:00:00+00:00,954.234,958.71,937.402,946.86,8499.0
2025-03-20 21:00:00+00:00,947.11,957.352,938.202,955.37,8256.0
2025-03-23 21:00:00+00:00,957.008,968.705,946.387,950.128,5374.0
2025-03-24 21:00:00+00:00,950.876,964.332,948.898,953.676,5973.0
2025-03-25 21:00:00+00:00,954.92,971.852,944.278,964.176,8079.0
2025-03-26 21:00:00+00:00,965.42,984.092,958.222,978.898,6998.0
2025-03-27 21:00:00+00:00,979.894,996.324,966.292,975.248,20302.0
2025-03-30 21:00:00+00:00,974.904,997.567,974.168,994.842,18324.0
2025-03-31 21:00:00+00:00,994.598,1002.346,985.702,991.938,16413.0
2025-04-01 21:00:00+00:00,991.197,1000.4,973.13,986.054,17964.0
2025-04-02 21:00:00+00:00,983.076,983.076,919.555,925.272,20777.0
2025-04-03 21:00:00+00:00,923.04,926.278,899.738,902.986,48423.0
2025-04-06 21:00:00+00:00,874.555,917.084,866.364,893.006,45656.0
2025-04-07 21:00:00+00:00,895.494,902.978,877.416,883.135,22073.0
2025-04-08 21:00:00+00:00,882.392,909.794,872.711,909.296,27233.0
2025-04-09 21:00:00+00:00,908.306,917.276,884.748,898.928,21767.0
2025-04-10 21:00:00+00:00,897.44,913.133,895.458,901.98,22892.0
2025-04-13 21:00:00+00:00,904.856,954.378,904.608,949.173,10774.0
2025-04-14 21:00:00+00:00,950.42,974.346,937.765,973.611,11415.0
2025-04-15 21:00:00+00:00,972.869,981.864,965.194,972.194,15565.0
2025-04-16 21:00:00+00:00,971.451,973.444,943.148,958.344,8965.0
2025-04-20 21:00:00+00:00,955.334,963.072,924.3,927.544,13839.0
2025-04-21 21:00:00+00:00,927.051,943.0,920.9,922.144,15055.0
2025-04-22 21:00:00+00:00,919.66,944.832,918.914,934.902,16694.0
2025-04-23 21:00:00+00:00,936.149,950.629,930.71,946.667,11240.0
2025-04-24 21:00:00+00:00,947.416,948.164,928.554,935.046,9962.0
2025-04-27 21:00:00+00:00,936.436,957.889,930.475,945.962,5618.0
2025-04-28 21:00:00+00:00,946.712,949.463,928.845,932.594,5990.0
2025-04-29 21:00:00+00:00,932.1,936.149,918.204,935.404,7024.0
2025-04-30 21:00:00+00:00,935.905,950.642,929.455,941.947,9406.0
2025-05-01 21:00:00+00:00,942.698,956.44,938.499,953.969,13072.0
2025-05-04 21:00:00+00:00,950.633,963.617,935.008,940.742,6135.0
2025-05-05 21:00:00+00:00,940.745,979.153,937.018,976.425,10800.0
2025-05-06 21:00:00+00:00,977.175,987.68,963.296,965.791,14086.0
2025-05-07 21:00:00+00:00,967.537,985.773,958.856,975.827,8944.0
2025-05-08 21:00:00+00:00,977.574,986.085,974.888,979.638,6149.0
2025-05-11 21:00:00+00:00,978.796,990.532,937.003,941.746,10504.0
2025-05-12 21:00:00+00:00,941.998,956.254,931.296,952.78,8843.0
2025-05-13 21:00:00+00:00,952.784,966.536,941.124,950.362,7935.0
2025-05-14 21:00:00+00:00,950.116,972.589,934.946,960.402,7675.0
2025-05-15 21:00:00+00:00,960.156,967.932,950.99,963.466,9520.0
2025-05-18 21:00:00+00:00,964.366,980.38,956.436,977.399,6042.0
2025-05-19 21:00:00+00:00,976.904,1023.832,971.954,1023.592,5551.0
2025-05-20 21:00:00+00:00,1024.094,1051.574,1004.928,1033.144,9759.0
2025-05-21 21:00:00+00:00,1034.893,1041.156,1008.27,1015.458,8832.0
2025-05-22 21:00:00+00:00,1016.205,1025.641,992.495,997.224,8145.0
2025-05-25 21:00:00+00:00,997.138,1005.073,984.566,988.292,3015.0
2025-05-26 21:00:00+00:00,989.294,990.048,970.772,974.019,5109.0
2025-05-27 21:00:00+00:00,974.022,982.718,956.998,958.992,7806.0
2025-05-28 21:00:00+00:00,959.491,977.118,954.544,970.954,12833.0
2025-05-29 21:00:00+00:00,971.206,971.206,952.684,967.07,5995.0
2025-06-01 21:00:00+00:00,966.978,991.558,959.064,988.85,7990.0
2025-06-02 21:00:00+00:00,988.11,1016.908,983.92,1015.436,7393.0
2025-06-03 21:00:00+00:00,1016.43,1017.422,992.21,994.954,5404.0
2025-06-04 21:00:00+00:00,996.692,1026.46,994.238,1003.456,8627.0
2025-06-05 21:00:00+00:00,1001.726,1057.293,1000.239,1055.572,10512.0
2025-06-08 21:00:00+00:00,1056.486,1099.15,1050.053,1086.06,11176.0
2025-06-09 21:00:00+00:00,1085.32,1088.816,1059.096,1067.804,9592.0
2025-06-10 21:00:00+00:00,1066.568,1094.858,1065.834,1071.855,9969.0
2025-06-11 21:00:00+00:00,1073.594,1078.31,1043.386,1062.024,8941.0
2025-06-12 21:00:00+00:00,1061.036,1067.489,1027.151,1027.399,14047.0
2025-06-15 21:00:00+00:00,1025.334,1051.921,1022.854,1030.62,8404.0
2025-06-16 21:00:00+00:00,1031.615,1053.994,1020.99,1051.038,11315.0
2025-06-17 21:00:00+00:00,1048.809,1060.252,1044.17,1048.393,9682.0
2025-06-18 21:00:00+00:00,1048.149,1061.816,1028.095,1047.475,9965.0
2025-06-19 21:00:00+00:00,1046.495,1051.497,1035.103,1044.838,5957.0
2025-06-22 21:00:00+00:00,1045.504,1085.025,1033.099,1078.832,8111.0
2025-06-23 21:00:00+00:00,1078.836,1081.572,1055.824,1067.254,8142.0
2025-06-24 21:00:00+00:00,1067.755,1075.729,1040.758,1067.34,6704.0
2025-06-25 21:00:00+00:00,1067.591,1155.516,1066.598,1138.652,10214.0
2025-06-26 21:00:00+00:00,1140.642,1184.58,1109.661,1138.494,11899.0
2025-06-29 21:00:00+00:00,1139.92,1165.786,1094.312,1106.74,8461.0
2025-06-30 21:00:00+00:00,1106.744,1138.082,1102.34,1107.573,8643.0
2025-07-01 21:00:00+00:00,1108.57,1166.504,1105.84,1163.528,8055.0
2025-07-02 21:00:00+00:00,1164.277,1167.014,1116.408,1140.278,7614.0
2025-07-03 21:00:00+00:00,1140.53,1152.214,1123.706,1139.858,5983.0
2025-07-06 21:00:00+00:00,1140.057,1147.014,1099.378,1114.062,8217.0
2025-07-07 21:00:00+00:00,1114.563,1132.254,1100.966,1116.138,8251.0
2025-07-08 21:00:00+00:00,1116.639,1138.572,1096.058,1137.096,8769.0
2025-07-09 21:00:00+00:00,1137.348,1207.74,1126.684,1194.579,9922.0
2025-07-10 21:00:00+00:00,1195.576,1282.87,1182.424,1280.647,10680.0
2025-07-13 21:00:00+00:00,1261.47,1313.701,1216.806,1229.753,10608.0
2025-07-14 21:00:00+00:00,1229.758,1271.822,1207.928,1233.331,8802.0
2025-07-15 21:00:00+00:00,1241.786,1284.368,1223.188,1284.138,7299.0
2025-07-16 21:00:00+00:00,1283.397,1315.548,1245.924,1309.348,8064.0
2025-07-17 21:00:00+00:00,1310.347,1365.847,1279.866,1280.115,11027.0
2025-07-20 21:00:00+00:00,1282.064,1314.955,1271.638,1296.086,9455.0
2025-07-21 21:00:00+00:00,1295.345,1327.26,1274.009,1319.566,10812.0
2025-07-22 21:00:00+00:00,1320.815,1349.244,1301.731,1335.341,10610.0
2025-07-23 21:00:00+00:00,1336.34,1338.62,1280.96,1284.456,10219.0
2025-07-24 21:00:00+00:00,1282.72,1289.946,1244.489,1253.962,11112.0
2025-07-27 21:00:00+00:00,1254.912,1295.526,1254.912,1286.854,10688.0
2025-07-28 21:00:00+00:00,1287.606,1295.832,1259.308,1286.958,9222.0
2025-07-29 21:00:00+00:00,1288.952,1311.16,1186.27,1234.552,14666.0
2025-07-30 21:00:00+00:00,1232.814,1258.218,1192.072,1213.246,11542.0
2025-07-31 21:00:00+00:00,1212.754,1238.698,1175.973,1222.054,11802.0
2025-08-03 21:00:00+00:00,1222.75,1226.302,1179.991,1216.619,12161.0
2025-08-04 21:00:00+00:00,1215.378,1231.567,1180.088,1185.595,11303.0
2025-08-05 21:00:00+00:00,1185.599,1188.874,1138.116,1152.573,10816.0
2025-08-06 21:00:00+00:00,1156.81,1180.526,1150.375,1173.831,11211.0
2025-08-07 21:00:00+00:00,1170.847,1177.321,1130.836,1132.585,12214.0
2025-08-10 21:00:00+00:00,1134.264,1162.229,1119.082,1152.284,8846.0
2025-08-11 21:00:00+00:00,1152.288,1172.01,1128.436,1133.194,8200.0
2025-08-12 21:00:00+00:00,1131.204,1145.453,1122.542,1141.506,8566.0
2025-08-13 21:00:00+00:00,1142.256,1156.526,1133.326,1152.558,8388.0
2025-08-14 21:00:00+00:00,1150.569,1155.582,1112.524,1112.782,9944.0
2025-08-17 21:00:00+00:00,1114.21,1132.219,1102.0,1124.263,10154.0
2025-08-18 21:00:00+00:00,1124.018,1142.516,1106.895,1112.638,8403.0
2025-08-19 21:00:00+00:00,1113.14,1131.644,1089.973,1120.702,8038.0
2025-08-20 21:00:00+00:00,1121.454,1122.218,1098.08,1113.314,6616.0
2025-08-21 21:00:00+00:00,1112.569,1150.776,1108.862,1135.34,7886.0
2025-08-24 21:00:00+00:00,1135.525,1140.514,1091.708,1094.216,6932.0
2025-08-25 21:00:00+00:00,1093.971,1100.776,1078.549,1100.286,9627.0
2025-08-26 21:00:00+00:00,1100.046,1103.76,1072.085,1089.594,9293.0
2025-08-27 21:00:00+00:00,1089.354,1114.308,1085.665,1110.656,10752.0
2025-08-28 21:00:00+00:00,1110.662,1114.238,1089.58,1110.794,8753.0
2025-08-31 21:00:00+00:00,1111.574,1156.248,1111.328,1151.59,12249.0
2025-09-01 21:00:00+00:00,1150.134,1153.358,1109.83,1139.68,12026.0
2025-09-02 21:00:00+00:00,1140.672,1177.228,1134.55,1163.226,8729.0
2025-09-03 21:00:00+00:00,1163.972,1163.972,1121.448,1125.678,8593.0
2025-09-04 21:00:00+00:00,1124.699,1139.083,1094.968,1110.789,11319.0
2025-09-07 21:00:00+00:00,1109.596,1148.888,1101.958,1141.281,12717.0
2025-09-08 21:00:00+00:00,1141.534,1155.222,1124.884,1153.259,11553.0
2025-09-09 21:00:00+00:00,1153.758,1212.537,1146.612,1196.305,11100.0
2025-09-10 21:00:00+00:00,1195.325,1222.075,1186.973,1213.717,11518.0
2025-09-11 21:00:00+00:00,1213.477,1260.192,1209.184,1210.91,10732.0
2025-09-14 21:00:00+00:00,1206.782,1229.048,1185.174,1210.874,10680.0
2025-09-15 21:00:00+00:00,1213.102,1229.232,1178.424,1191.041,9801.0
2025-09-16 21:00:00+00:00,1189.32,1198.704,1145.772,1163.058,14830.0
2025-09-17 21:00:00+00:00,1163.558,1175.264,1139.948,1166.906,11404.0
2025-09-18 21:00:00+00:00,1168.64,1179.545,1146.524,1159.156,7620.0
2025-09-21 21:00:00+00:00,1158.219,1207.207,1153.802,1199.843,10636.0
2025-09-22 21:00:00+00:00,1201.578,1251.067,1192.969,1227.901,14974.0
2025-09-23 21:00:00+00:00,1229.883,1259.572,1213.965,1217.682,16826.0
2025-09-24 21:00:00+00:00,1217.194,1272.159,1210.081,1263.288,17383.0
2025-09-25 21:00:00+00:00,1264.777,1305.92,1249.045,1288.4,16799.0
2025-09-28 21:00:00+00:00,1287.002,1323.138,1263.378,1287.65,19509.0
2025-09-29 21:00:00+00:00,1290.377,1305.512,1232.612,1277.679,19552.0
2025-09-30 21:00:00+00:00,1275.956,1290.32,1249.07,1270.67,17271.0
2025-10-01 21:00:00+00:00,1270.43,1300.894,1214.174,1256.49,25253.0
2025-10-02 21:00:00+00:00,1255.756,1285.54,1243.184,1267.528,16203.0
2025-10-05 21:00:00+00:00,1269.338,1342.926,1262.184,1336.282,17375.0
2025-10-06 21:00:00+00:00,1337.031,1393.558,1327.201,1368.859,22022.0
2025-10-07 21:00:00+00:00,1368.124,1495.706,1364.683,1467.508,15373.0
2025-10-08 21:00:00+00:00,1468.011,1531.725,1427.822,1446.164,21564.0
2025-10-09 21:00:00+00:00,1450.132,1507.428,1394.25,1437.436,34020.0
2025-10-12 21:00:00+00:00,1445.233,1536.728,1444.986,1518.94,23122.0
2025-10-13 21:00:00+00:00,1520.929,1587.44,1475.19,1565.932,39529.0
2025-10-14 21:00:00+00:00,1568.911,1611.62,1554.459,1585.197,27372.0
2025-10-15 21:00:00+00:00,1585.702,1678.732,1554.56,1661.93,29307.0
2025-10-16 21:00:00+00:00,1667.388,1676.556,1496.903,1502.366,43413.0
2025-10-19 21:00:00+00:00,1506.47,1539.848,1448.753,1528.457,30179.0
2025-10-20 21:00:00+00:00,1526.483,1536.184,1397.252,1418.612,41122.0
2025-10-21 21:00:00+00:00,1419.114,1527.84,1380.715,1495.628,43182.0
2025-10-22 21:00:00+00:00,1500.842,1519.192,1457.994,1473.01,23230.0
2025-10-23 21:00:00+00:00,1475.498,1491.003,1411.615,1446.667,17599.0
2025-10-26 21:00:00+00:00,1449.519,1476.116,1401.287,1420.179,19444.0
2025-10-27 21:00:00+00:00,1421.675,1427.404,1345.858,1413.165,24212.0
2025-10-28 21:00:00+00:00,1415.156,1441.824,1391.378,1408.63,19275.0
2025-10-29 21:00:00+00:00,1406.404,1471.319,1400.232,1467.114,18912.0
2025-10-30 21:00:00+00:00,1465.136,1498.418,1442.2,1447.446,19720.0
2025-11-02 22:00:00+00:00,1444.352,1475.75,1422.772,1456.192,18463.0
2025-11-03 22:00:00+00:00,1456.698,1457.939,1398.966,1404.736,17308.0
2025-11-04 22:00:00+00:00,1405.736,1445.094,1380.176,1431.481,16154.0
2025-11-05 22:00:00+00:00,1433.476,1452.668,1366.559,1380.256,15826.0
2025-11-06 22:00:00+00:00,1384.237,1411.188,1372.07,1398.561,18232.0
2025-11-09 22:00:00+00:00,1401.157,1444.033,1401.157,1429.153,12911.0
2025-11-10 22:00:00+00:00,1431.149,1474.549,1430.155,1465.613,12381.0
2025-11-11 22:00:00+00:00,1465.124,1504.046,1442.868,1495.124,13926.0
2025-11-12 22:00:00+00:00,1498.612,1532.987,1435.9,1438.392,29311.0
2025-11-13 22:00:00+00:00,1438.898,1460.556,1376.622,1407.252,31444.0
2025-11-16 22:00:00+00:00,1405.376,1423.098,1380.414,1403.058,18006.0
2025-11-17 22:00:00+00:00,1402.818,1419.372,1372.036,1403.982,19174.0
2025-11-18 22:00:00+00:00,1400.01,1442.888,1384.994,1390.229,21632.0
2025-11-19 22:00:00+00:00,1389.739,1439.86,1373.716,1381.2,29627.0
2025-11-20 22:00:00+00:00,1382.7,1396.244,1337.485,1379.134,32521.0
2025-11-23 22:00:00+00:00,1383.47,1408.404,1372.104,1398.656,17428.0
2025-11-24 22:00:00+00:00,1401.108,1413.35,1376.608,1397.218,14120.0
2025-11-25 22:00:00+00:00,1392.592,1433.85,1387.486,1429.722,13097.0
2025-11-26 22:00:00+00:00,1429.491,1446.202,1418.91,1440.474,12559.0
2025-11-27 22:00:00+00:00,1440.027,1478.585,1432.742,1465.673,3042.0
2025-11-30 22:00:00+00:00,1473.614,1530.835,1423.51,1427.936,34852.0
2025-12-01 22:00:00+00:00,1425.992,1482.474,1416.58,1481.997,26285.0
2025-12-02 22:00:00+00:00,1480.298,1504.532,1446.258,1490.11,22101.0
2025-12-03 22:00:00+00:00,1494.279,1495.502,1439.694,1452.98,24130.0
2025-12-04 22:00:00+00:00,1449.569,1485.711,1444.45,1469.897,27938.0
2025-12-07 22:00:00+00:00,1474.152,1508.844,1461.713,1485.196,19835.0
2025-12-08 22:00:00+00:00,1480.312,1524.834,1465.468,1517.308,19842.0
2025-12-09 22:00:00+00:00,1517.322,1520.997,1454.396,1475.978,22712.0
2025-12-10 22:00:00+00:00,1478.929,1517.352,1472.495,1507.368,20553.0
2025-12-11 22:00:00+00:00,1507.626,1564.15,1487.756,1515.255,35919.0
2025-12-14 22:00:00+00:00,1516.836,1608.704,1496.999,1590.892,25634.0
2025-12-15 22:00:00+00:00,1590.415,1642.114,1579.166,1630.668,30413.0
2025-12-16 22:00:00+00:00,1629.212,1696.38,1610.356,1692.282,34733.0
2025-12-17 22:00:00+00:00,1694.258,1757.81,1680.04,1744.6,37896.0
2025-12-18 22:00:00+00:00,1745.596,1762.6,1709.751,1760.883,29544.0
2025-12-21 22:00:00+00:00,1765.018,1866.17,1765.018,1826.458,31104.0
2025-12-22 22:00:00+00:00,1825.982,1948.202,1800.984,1929.666,34541.0
2025-12-23 22:00:00+00:00,1933.364,2022.108,1727.654,1787.837,34199.0
2025-12-25 22:00:00+00:00,1828.03,2028.79,1794.879,2027.073,81186.0
2025-12-28 22:00:00+00:00,2047.29,2092.258,1648.966,1667.48,78674.0
2025-12-29 22:00:00+00:00,1667.74,1741.208,1601.876,1658.218,32125.0
2025-12-30 22:00:00+00:00,1655.282,1663.396,1501.736,1634.938,78300.0
2026-01-01 22:00:00+00:00,1638.958,1695.93,1626.171,1668.777,49222.0
2026-01-04 22:00:00+00:00,1683.958,1765.874,1656.438,1744.564,47848.0
2026-01-05 22:00:00+00:00,1753.438,1861.572,1692.188,1859.852,51503.0
2026-01-06 22:00:00+00:00,1860.851,1887.934,1718.056,1790.049,75412.0
2026-01-07 22:00:00+00:00,1793.264,1818.913,1711.959,1808.126,30911.0
2026-01-08 22:00:00+00:00,1805.186,1908.07,1765.576,1845.666,30163.0
2026-01-11 22:00:00+00:00,1858.719,1944.246,1841.226,1886.172,30227.0
2026-01-12 22:00:00+00:00,1885.202,1924.668,1804.902,1861.891,50784.0
2026-01-13 22:00:00+00:00,1870.286,1941.849,1846.473,1856.336,52136.0
2026-01-14 22:00:00+00:00,1859.31,1862.761,1759.995,1842.642,28121.0
2026-01-15 22:00:00+00:00,1844.384,1847.1,1734.122,1821.298,34950.0
2026-01-18 22:00:00+00:00,1826.708,1870.672,1807.072,1858.844,17018.0
2026-01-19 22:00:00+00:00,1860.131,1893.67,1811.824,1886.145,27703.0
2026-01-20 22:00:00+00:00,1885.668,1919.018,1826.008,1851.705,34192.0
2026-01-21 22:00:00+00:00,1854.682,1928.11,1799.416,1921.94,24523.0
2026-01-22 22:00:00+00:00,1923.684,2038.033,1901.114,2020.849,31995.0
2026-01-25 22:00:00+00:00,2037.71,2169.726,1956.294,1968.407,55939.0
2026-01-26 22:00:00+00:00,1963.482,2056.334,1845.406,1929.494,47799.0
2026-01-27 22:00:00+00:00,1921.848,2077.938,1898.868,2072.996,41297.0
2026-01-28 22:00:00+00:00,2074.497,2148.682,1919.017,2009.114,68826.0
2026-01-29 22:00:00+00:00,2012.594,2043.03,1564.336,1682.584,92273.0
2026-02-01 22:00:00+00:00,1673.852,1755.951,1512.398,1695.936,103903.0
2026-02-02 22:00:00+00:00,1718.222,1822.378,1688.332,1730.915,59449.0
2026-02-03 22:00:00+00:00,1734.394,1833.362,1698.761,1753.282,53658.0
2026-02-04 22:00:00+00:00,1761.222,1780.549,1610.517,1628.099,91662.0
2026-02-05 22:00:00+00:00,1623.656,1730.876,1535.284,1697.504,61426.0
2026-02-08 22:00:00+00:00,1718.988,1757.149,1661.454,1733.678,47972.0
2026-02-09 22:00:00+00:00,1739.144,1752.001,1696.717,1704.276,21852.0
2026-02-10 22:00:00+00:00,1706.026,1772.166,1700.096,1715.018,31067.0
2026-02-11 22:00:00+00:00,1719.246,1732.865,1621.132,1625.604,43666.0
2026-02-12 22:00:00+00:00,1628.594,1728.544,1612.239,1707.006,42509.0
2026-02-15 22:00:00+00:00,1708.925,1768.968,1686.434,1755.108,17879.0
2026-02-16 22:00:00+00:00,1756.398,1760.12,1637.254,1696.422,35687.0
2026-02-17 22:00:00+00:00,1696.933,1767.618,1686.771,1721.573,24514.0
2026-02-18 22:00:00+00:00,1721.587,1748.28,1662.957,1694.102,18464.0
2026-02-19 22:00:00+00:00,1697.344,1778.346,1669.851,1772.152,35420.0
2026-02-22 22:00:00+00:00,1771.614,1805.657,1743.04,1760.018,33435.0
2026-02-23 22:00:00+00:00,1760.529,1811.75,1721.554,1796.888,36956.0
2026-02-24 22:00:00+00:00,1794.668,1891.306,1790.217,1801.712,20700.0
2026-02-25 22:00:00+00:00,1798.993,1832.578,1717.698,1767.855,33949.0
2026-02-26 22:00:00+00:00,1765.443,1822.442,1753.806,1778.482,31646.0
2026-03-01 22:00:00+00:00,1783.714,1829.348,1724.148,1752.736,52151.0
2026-03-02 22:00:00+00:00,1748.131,1789.524,1571.282,1628.81,82698.0
2026-03-03 22:00:00+00:00,1625.42,1685.494,1620.814,1655.234,54836.0
2026-03-04 22:00:00+00:00,1645.76,1683.278,1590.354,1606.206,54848.0
2026-03-05 22:00:00+00:00,1604.762,1639.668,1590.15,1614.62,38777.0
2026-03-08 21:00:00+00:00,1627.807,1673.006,1533.818,1668.62,34826.0
2026-03-09 21:00:00+00:00,1666.932,1680.524,1628.782,1636.842,24346.0
2026-03-10 21:00:00+00:00,1637.834,1659.336,1587.873,1607.242,21189.0
2026-03-11 21:00:00+00:00,1606.04,1648.44,1583.636,1596.161,25178.0
2026-03-12 21:00:00+00:00,1592.764,1627.212,1520.678,1523.856,38764.0
2026-03-15 21:00:00+00:00,1523.858,1588.378,1477.917,1583.022,31405.0
2026-03-16 21:00:00+00:00,1582.061,1609.898,1559.408,1579.976,24494.0
2026-03-17 21:00:00+00:00,1578.528,1596.154,1455.564,1460.21,37484.0
2026-03-18 21:00:00+00:00,1463.156,1483.956,1379.848,1433.932,57496.0
2026-03-19 21:00:00+00:00,1436.878,1468.292,1372.131,1382.967,52565.0
2026-03-22 21:00:00+00:00,1372.634,1442.279,1285.484,1406.436,103728.0
2026-03-23 21:00:00+00:00,1385.426,1414.049,1355.077,1412.146,79286.0
2026-03-24 21:00:00+00:00,1413.873,1457.202,1387.042,1387.776,53197.0
2026-03-25 21:00:00+00:00,1394.394,1408.133,1314.678,1333.548,70471.0
2026-03-26 21:00:00+00:00,1343.592,1390.422,1336.193,1355.64,34327.0
2026-03-29 21:00:00+00:00,1349.927,1418.918,1332.571,1384.758,38293.0
2026-03-30 21:00:00+00:00,1389.916,1466.875,1374.52,1457.829,55341.0
2026-03-31 21:00:00+00:00,1461.028,1488.713,1434.057,1452.537,40319.0
2026-04-01 21:00:00+00:00,1452.797,1488.818,1397.786,1483.265,66949.0
2026-04-05 21:00:00+00:00,1459.07,1499.206,1448.265,1462.588,27780.0
2026-04-06 21:00:00+00:00,1463.094,1482.626,1403.726,1447.966,44598.0
2026-04-07 21:00:00+00:00,1461.966,1604.483,1447.744,1546.71,46264.0
2026-04-08 21:00:00+00:00,1543.044,1562.652,1512.422,1535.292,33379.0
2026-04-09 21:00:00+00:00,1532.118,1546.899,1498.965,1510.612,32943.0
2026-04-12 21:00:00+00:00,1482.355,1566.466,1478.672,1564.747,20860.0
2026-04-13 21:00:00+00:00,1566.974,1593.896,1541.406,1573.224,16781.0
2026-04-14 21:00:00+00:00,1571.766,1595.177,1548.032,1548.278,21429.0
2026-04-15 21:00:00+00:00,1547.802,1579.146,1532.814,1537.58,25073.0
2026-04-16 21:00:00+00:00,1536.366,1589.216,1522.06,1548.27,29089.0
2026-04-19 21:00:00+00:00,1523.428,1550.84,1515.704,1550.102,27105.0
2026-04-20 21:00:00+00:00,1552.825,1560.93,1503.934,1527.822,37103.0
2026-04-21 21:00:00+00:00,1526.607,1562.964,1523.655,1535.568,20986.0
2026-04-22 21:00:00+00:00,1535.338,1542.522,1441.812,1451.708,32219.0
2026-04-23 21:00:00+00:00,1451.708,1491.634,1432.639,1484.071,25655.0
2026-04-26 21:00:00+00:00,1475.668,1489.318,1453.252,1458.498,25803.0
2026-04-27 21:00:00+00:00,1460.486,1468.404,1415.569,1449.966,37520.0
2026-04-28 21:00:00+00:00,1448.008,1460.847,1419.372,1445.869,35096.0
2026-04-29 21:00:00+00:00,1447.611,1528.538,1445.148,1522.43,30326.0
2026-04-30 21:00:00+00:00,1522.692,1547.331,1498.928,1517.854,22425.0
2026-05-03 21:00:00+00:00,1524.508,1536.605,1453.594,1477.446,30657.0
2026-05-04 21:00:00+00:00,1474.252,1515.451,1472.056,1484.463,19242.0
2026-05-05 21:00:00+00:00,1488.182,1554.811,1479.792,1533.227,30590.0
2026-05-06 21:00:00+00:00,1535.713,1558.839,1476.731,1477.256,29224.0
2026-05-07 21:00:00+00:00,1475.047,1502.838,1463.666,1485.758,19992.0
2026-05-10 21:00:00+00:00,1477.078,1519.622,1456.557,1509.808,29640.0
2026-05-11 21:00:00+00:00,1507.598,1523.438,1447.748,1494.084,31145.0
2026-05-12 21:00:00+00:00,1490.142,1530.988,1481.31,1503.096,25478.0
2026-05-13 21:00:00+00:00,1503.112,1517.754,1439.508,1447.767,25264.0
2026-05-14 21:00:00+00:00,1445.554,1446.793,1399.63,1414.938,43457.0
2026-05-17 21:00:00+00:00,1414.628,1430.67,1383.468,1413.708,42714.0
2026-05-18 21:00:00+00:00,1397.126,1421.186,1339.641,1352.098,26425.0
2026-05-19 21:00:00+00:00,1348.89,1378.858,1339.928,1365.798,26053.0
2026-05-20 21:00:00+00:00,1365.318,1393.842,1334.526,1387.191,26766.0
2026-05-21 21:00:00+00:00,1385.222,1396.388,1337.348,1346.606,16159.0
2026-05-24 21:00:00+00:00,1361.642,1398.372,1361.642,1396.403,11685.0
2026-05-25 21:00:00+00:00,1393.724,1399.144,1365.594,1382.124,13429.0
2026-05-26 21:00:00+00:00,1379.905,1389.62,1352.487,1381.544,16122.0
2026-05-27 21:00:00+00:00,1384.24,1386.682,1321.199,1357.892,20886.0
2026-05-28 21:00:00+00:00,1360.1,1378.112,1326.112,1337.648,14059.0
2026-05-31 21:00:00+00:00,1342.087,1364.288,1328.34,1351.376,18357.0
2026-06-01 21:00:00+00:00,1346.745,1387.164,1344.344,1360.19,13340.0
2026-06-02 21:00:00+00:00,1363.377,1365.332,1285.429,1287.629,18870.0
2026-06-03 21:00:00+00:00,1293.016,1313.698,1286.676,1298.634,18154.0
2026-06-04 21:00:00+00:00,1297.912,1310.528,1209.406,1212.832,35245.0
2026-06-07 21:00:00+00:00,1213.07,1228.996,1174.581,1194.949,22071.0
2026-06-08 21:00:00+00:00,1195.693,1241.828,1186.913,1212.308,18441.0
2026-06-09 21:00:00+00:00,1213.296,1245.51,1175.892,1198.839,36755.0
2026-06-10 21:00:00+00:00,1200.318,1267.1,1189.073,1255.612,40543.0
2026-06-11 21:00:00+00:00,1259.05,1298.576,1242.329,1269.32,22594.0
2026-06-14 21:00:00+00:00,1295.539,1351.566,1292.356,1321.01,20813.0
2026-06-15 21:00:00+00:00,1322.246,1355.49,1304.653,1337.437,11521.0
2026-06-16 21:00:00+00:00,1336.223,1345.991,1285.489,1299.96,24784.0
2026-06-17 21:00:00+00:00,1294.825,1320.098,1255.758,1266.144,20440.0
2026-06-18 21:00:00+00:00,1267.136,1267.136,1220.484,1240.366,10250.0
2026-06-21 21:00:00+00:00,1232.316,1271.89,1232.316,1247.507,17333.0
2026-06-22 21:00:00+00:00,1253.16,1253.926,1203.208,1214.63,14656.0
2026-06-23 21:00:00+00:00,1214.394,1224.78,1134.6,1155.485,23717.0
2026-06-24 21:00:00+00:00,1160.647,1185.331,1138.156,1166.754,26492.0
2026-06-25 21:00:00+00:00,1158.419,1202.998,1143.494,1192.019,19346.0
2026-06-28 21:00:00+00:00,1190.528,1217.647,1180.734,1204.995,13351.0
2026-06-29 21:00:00+00:00,1205.987,1228.718,1182.192,1192.209,22770.0
2026-06-30 21:00:00+00:00,1198.606,1215.466,1158.158,1196.618,18524.0
2026-07-01 21:00:00+00:00,1198.348,1261.168,1195.664,1246.986,23370.0
2026-07-02 21:00:00+00:00,1249.208,1272.834,1247.254,1254.07,8406.0
2026-07-05 21:00:00+00:00,1257.068,1272.417,1239.266,1251.89,13136.0
2026-07-06 21:00:00+00:00,1250.671,1270.743,1230.346,1247.706,15343.0
2026-07-07 21:00:00+00:00,1247.224,1257.153,1186.589,1200.954,20069.0
2026-07-08 21:00:00+00:00,1199.734,1242.478,1198.503,1232.441,9314.0
2026-07-09 21:00:00+00:00,1232.451,1269.293,1231.492,1260.986,17389.0
2026-07-12 21:00:00+00:00,1254.101,1255.93,1227.096,1233.4,15419.0
2026-07-13 21:00:00+00:00,1233.41,1306.739,1225.068,1286.354,22857.0
2026-07-14 21:00:00+00:00,1285.872,1307.775,1267.096,1302.866,16422.0
2026-07-15 21:00:00+00:00,1301.645,1305.095,1235.35,1236.09,18237.0
2026-07-16 21:00:00+00:00,1241.522,1246.728,1207.667,1232.634,15690.0
2026-07-19 21:00:00+00:00,1231.89,1262.851,1216.435,1238.778,20643.0
2026-07-20 21:00:00+00:00,1242.242,1278.594,1237.35,1263.932,13483.0
2026-07-21 21:00:00+00:00,1265.176,1311.099,1264.438,1279.474,15947.0
2026-07-22 21:00:00+00:00,1276.525,1291.396,1236.462,1240.982,20201.0
2026-07-23 21:00:00+00:00,1242.226,1249.072,1217.376,1229.622,9623.0
2026-07-26 21:00:00+00:00,1248.136,1287.587,1245.173,1275.039,13848.0
2026-07-27 21:00:00+00:00,1275.05,1277.273,1234.175,1250.093,20306.0
2026-07-28 21:00:00+00:00,1253.808,1274.28,1226.557,1244.9,29985.0
2026-07-29 21:00:00+00:00,1252.816,1306.908,1228.687,1305.434,24875.0
2026-07-30 21:00:00+00:00,1298.28,1306.954,1248.034,1264.91,23170.0
2026-08-02 21:00:00+00:00,1280.741,1289.921,1228.476,1252.292,10479.0
2026-08-03 21:00:00+00:00,1249.336,1350.192,1247.882,1335.644,24949.0
2026-08-04 21:00:00+00:00,1338.375,1382.998,1320.846,1353.468,24042.0
