datetime,open,high,low,close,volume
2006-04-24 21:00:00+00:00,0.7441,0.7482,0.743,0.7459,6037.0
2006-04-25 21:00:00+00:00,0.7459,0.7547,0.7431,0.7529,7712.0
2006-04-26 21:00:00+00:00,0.7529,0.758,0.7491,0.7563,6796.0
2006-04-27 21:00:00+00:00,0.7563,0.76065,0.75345,0.7596,6231.0
2006-04-28 21:00:00+00:00,0.7599,0.7599,0.7599,0.7599,1.0
2006-04-29 21:00:00+00:00,0.7598,0.7598,0.759,0.7591,226.0
2006-04-30 21:00:00+00:00,0.7591,0.76375,0.7575,0.75995,6539.0
2006-05-01 21:00:00+00:00,0.75965,0.7635,0.75525,0.7618,6588.0
2006-05-02 21:00:00+00:00,0.7619,0.7717,0.76,0.7709,8320.0
2006-05-03 21:00:00+00:00,0.7708,0.7729,0.7652,0.7718,6372.0
2006-05-04 21:00:00+00:00,0.7717,0.7744,0.76765,0.7726,6608.0
2006-05-05 21:00:00+00:00,0.7728,0.7728,0.7728,0.7728,1.0
2006-05-06 21:00:00+00:00,0.7725,0.7734,0.7724,0.7726,166.0
2006-05-07 21:00:00+00:00,0.7726,0.7743,0.768,0.7687,5945.0
2006-05-08 21:00:00+00:00,0.7688,0.7742,0.7633,0.7739,7002.0
2006-05-09 21:00:00+00:00,0.774,0.7769,0.77095,0.7746,9587.0
2006-05-10 21:00:00+00:00,0.7745,0.7793,0.768,0.7757,12049.0
2006-05-11 21:00:00+00:00,0.7757,0.779,0.7698,0.7727,11821.0
2006-05-12 21:00:00+00:00,0.7729,0.7729,0.7729,0.7729,1.0
2006-05-13 21:00:00+00:00,0.7738,0.7748,0.7735,0.7746,252.0
2006-05-14 21:00:00+00:00,0.7747,0.7749,0.7594,0.7606,12735.0
2006-05-15 21:00:00+00:00,0.7606,0.769,0.7598,0.7676,11247.0
2006-05-16 21:00:00+00:00,0.7675,0.7727,0.7576,0.7585,12183.0
2006-05-17 21:00:00+00:00,0.7585,0.7674,0.7574,0.7643,11901.0
2006-05-18 21:00:00+00:00,0.7644,0.7657,0.7524,0.7582,10794.0
2006-05-20 21:00:00+00:00,0.7579,0.7592,0.7563,0.7567,78.0
2006-05-21 21:00:00+00:00,0.7567,0.7576,0.7466,0.7536,11236.0
2006-05-22 21:00:00+00:00,0.7537,0.7594,0.7514,0.7519,11405.0
2006-05-23 21:00:00+00:00,0.752,0.7562,0.7492,0.7526,14093.0
2006-05-24 21:00:00+00:00,0.7524,0.7611,0.7507,0.7603,10492.0
2006-05-25 21:00:00+00:00,0.7604,0.7622,0.756,0.7575,8710.0
2006-05-27 21:00:00+00:00,0.757,0.7572,0.7565,0.7565,131.0
2006-05-28 21:00:00+00:00,0.7565,0.75955,0.7565,0.75835,4480.0
2006-05-29 21:00:00+00:00,0.75835,0.7647,0.7568,0.7625,9399.0
2006-05-30 21:00:00+00:00,0.7625,0.76535,0.7511,0.7521,10631.0
2006-05-31 21:00:00+00:00,0.7522,0.753,0.744,0.7466,11352.0
2006-06-01 21:00:00+00:00,0.7465,0.7524,0.7445,0.7521,9836.0
2006-06-02 21:00:00+00:00,0.7519,0.7519,0.7519,0.7519,1.0
2006-06-03 21:00:00+00:00,0.7508,0.752,0.7508,0.7517,20.0
2006-06-04 21:00:00+00:00,0.7517,0.7547,0.7469,0.7482,9068.0
2006-06-05 21:00:00+00:00,0.7482,0.7487,0.7396,0.7404,9940.0
2006-06-06 21:00:00+00:00,0.7404,0.7432,0.7393,0.7407,9031.0
2006-06-07 21:00:00+00:00,0.7407,0.7465,0.7405,0.7412,11776.0
2006-06-08 21:00:00+00:00,0.7412,0.7504,0.7412,0.7481,9940.0
2006-06-10 21:00:00+00:00,0.7477,0.7484,0.7472,0.7475,61.0
2006-06-11 21:00:00+00:00,0.7475,0.7498,0.7457,0.7462,7230.0
2006-06-12 21:00:00+00:00,0.7462,0.7479,0.7366,0.7373,12059.0
2006-06-13 21:00:00+00:00,0.7376,0.741,0.7346,0.737,11005.0
2006-06-14 21:00:00+00:00,0.7371,0.7429,0.7363,0.7427,9059.0
2006-06-15 21:00:00+00:00,0.7427,0.74465,0.7373,0.738,8905.0
2006-06-17 21:00:00+00:00,0.7385,0.7391,0.7383,0.7384,133.0
2006-06-18 21:00:00+00:00,0.7384,0.7387,0.7358,0.7365,6519.0
2006-06-19 21:00:00+00:00,0.7365,0.7405,0.7359,0.7376,7626.0
2006-06-20 21:00:00+00:00,0.7375,0.7404,0.7341,0.7399,8301.0
2006-06-21 21:00:00+00:00,0.7399,0.7424,0.7323,0.7337,8703.0
2006-06-22 21:00:00+00:00,0.7337,0.73525,0.7306,0.7317,8328.0
2006-06-24 21:00:00+00:00,0.7319,0.7322,0.7313,0.7313,207.0
2006-06-25 21:00:00+00:00,0.7313,0.7343,0.7294,0.7325,8312.0
2006-06-26 21:00:00+00:00,0.7325,0.7352,0.7316,0.7324,8023.0
2006-06-27 21:00:00+00:00,0.7326,0.733,0.727,0.7293,8614.0
2006-06-28 21:00:00+00:00,0.7294,0.74,0.7272,0.7389,9388.0
2006-06-29 21:00:00+00:00,0.7389,0.7451,0.7378,0.7429,10772.0
2006-07-01 21:00:00+00:00,0.7431,0.7439,0.7431,0.7434,240.0
2006-07-02 21:00:00+00:00,0.7434,0.7461,0.74125,0.7423,8104.0
2006-07-03 21:00:00+00:00,0.7423,0.7471,0.742,0.745,6514.0
2006-07-04 21:00:00+00:00,0.745,0.74755,0.74,0.7418,9154.0
2006-07-05 21:00:00+00:00,0.7419,0.7471,0.7409,0.7463,7423.0
2006-07-06 21:00:00+00:00,0.7463,0.753,0.7454,0.7514,8624.0
2006-07-08 21:00:00+00:00,0.752,0.752,0.7516,0.7517,165.0
2006-07-09 21:00:00+00:00,0.7517,0.7532,0.7461,0.7462,7718.0
2006-07-10 21:00:00+00:00,0.7462,0.7534,0.7462,0.753,8501.0
2006-07-11 21:00:00+00:00,0.753,0.7556,0.7511,0.7518,9426.0
2006-07-12 21:00:00+00:00,0.7519,0.7567,0.7516,0.7542,9008.0
2006-07-13 21:00:00+00:00,0.7541,0.755,0.74815,0.7533,9341.0
2006-07-15 21:00:00+00:00,0.7531,0.7533,0.7523,0.7532,197.0
2006-07-16 21:00:00+00:00,0.753,0.754,0.7467,0.7476,9945.0
2006-07-17 21:00:00+00:00,0.7476,0.753,0.7445,0.7463,9812.0
2006-07-18 21:00:00+00:00,0.7462,0.7511,0.7406,0.7502,10650.0
2006-07-19 21:00:00+00:00,0.7501,0.753,0.749,0.7509,11539.0
2006-07-20 21:00:00+00:00,0.7508,0.7545,0.74905,0.7523,9661.0
2006-07-22 21:00:00+00:00,0.75235,0.753,0.7519,0.7528,223.0
2006-07-23 21:00:00+00:00,0.7527,0.7552,0.7504,0.7547,8620.0
2006-07-24 21:00:00+00:00,0.7547,0.75655,0.752,0.7533,10391.0
2006-07-25 21:00:00+00:00,0.7533,0.762,0.7525,0.7618,12333.0
2006-07-26 21:00:00+00:00,0.7619,0.7659,0.7602,0.7629,13039.0
2006-07-27 21:00:00+00:00,0.7629,0.7676,0.7594,0.7675,11029.0
2006-07-29 21:00:00+00:00,0.7669,0.7678,0.7666,0.7674,243.0
2006-07-30 21:00:00+00:00,0.7674,0.7675,0.7645,0.7664,10845.0
2006-07-31 21:00:00+00:00,0.7664,0.7665,0.75975,0.76595,12952.0
2006-08-01 21:00:00+00:00,0.76595,0.76815,0.7631,0.76375,11285.0
2006-08-02 21:00:00+00:00,0.76355,0.76485,0.7586,0.7609,13148.0
2006-08-03 21:00:00+00:00,0.7608,0.7672,0.7587,0.7654,12151.0
2006-08-05 21:00:00+00:00,0.7664,0.7665,0.7659,0.766,205.0
2006-08-06 21:00:00+00:00,0.766,0.7668,0.7616,0.7633,8771.0
2006-08-07 21:00:00+00:00,0.7633,0.7641,0.7585,0.7604,11874.0
2006-08-08 21:00:00+00:00,0.7604,0.7667,0.7566,0.7651,11295.0
2006-08-09 21:00:00+00:00,0.7654,0.7716,0.7644,0.7675,12917.0
2006-08-10 21:00:00+00:00,0.7674,0.7703,0.76505,0.7662,10578.0
2006-08-11 21:00:00+00:00,0.7663,0.7663,0.7663,0.7663,1.0
2006-08-12 21:00:00+00:00,0.7663,0.7663,0.7654,0.7654,154.0
2006-08-13 21:00:00+00:00,0.7654,0.768,0.759,0.7593,9703.0
2006-08-14 21:00:00+00:00,0.7593,0.7654,0.7587,0.7653,10111.0
2006-08-15 21:00:00+00:00,0.7653,0.77,0.7627,0.7676,8952.0
2006-08-16 21:00:00+00:00,0.7676,0.769,0.7601,0.7618,10492.0
2006-08-17 21:00:00+00:00,0.7618,0.7623,0.7562,0.7594,10995.0
2006-08-19 21:00:00+00:00,0.7596,0.76,0.7573,0.7589,237.0
2006-08-20 21:00:00+00:00,0.759,0.7644,0.7581,0.7632,8294.0
2006-08-21 21:00:00+00:00,0.7632,0.7638,0.761,0.7624,8628.0
2006-08-22 21:00:00+00:00,0.7624,0.767,0.7617,0.7629,8593.0
2006-08-23 21:00:00+00:00,0.7631,0.7644,0.7597,0.7615,8215.0
2006-08-24 21:00:00+00:00,0.7615,0.7617,0.7552,0.7572,8860.0
2006-08-25 21:00:00+00:00,0.7572,0.7572,0.7572,0.7572,1.0
2006-08-26 21:00:00+00:00,0.7569,0.7573,0.7565,0.757,76.0
2006-08-27 21:00:00+00:00,0.757,0.76,0.7564,0.7591,5884.0
2006-08-28 21:00:00+00:00,0.7591,0.7641,0.7585,0.7639,7610.0
2006-08-29 21:00:00+00:00,0.7643,0.7655,0.76125,0.7628,8154.0
2006-08-30 21:00:00+00:00,0.7628,0.7648,0.761,0.7636,8737.0
2006-08-31 21:00:00+00:00,0.7635,0.7671,0.7627,0.767,8299.0
2006-09-02 21:00:00+00:00,0.7669,0.7669,0.7667,0.7668,18.0
2006-09-03 21:00:00+00:00,0.7667,0.7721,0.7666,0.7706,6507.0
2006-09-04 21:00:00+00:00,0.7705,0.7721,0.7684,0.7713,8314.0
2006-09-05 21:00:00+00:00,0.7713,0.7715,0.765,0.7664,10066.0
2006-09-06 21:00:00+00:00,0.7664,0.7683,0.7579,0.7582,11103.0
2006-09-07 21:00:00+00:00,0.7582,0.76515,0.753,0.754,9704.0
2006-09-08 21:00:00+00:00,0.7538,0.7538,0.7538,0.7538,1.0
2006-09-09 21:00:00+00:00,0.7542,0.7542,0.7534,0.7535,172.0
2006-09-10 21:00:00+00:00,0.7535,0.7546,0.7502,0.7511,8085.0
2006-09-11 21:00:00+00:00,0.751,0.754,0.7502,0.7505,8662.0
2006-09-12 21:00:00+00:00,0.7504,0.7541,0.7482,0.7528,9272.0
2006-09-13 21:00:00+00:00,0.7529,0.7567,0.75125,0.7548,10413.0
2006-09-14 21:00:00+00:00,0.7549,0.75635,0.7505,0.7529,10272.0
2006-09-16 21:00:00+00:00,0.753,0.753,0.7516,0.7522,146.0
2006-09-17 21:00:00+00:00,0.7522,0.7558,0.751,0.7556,7773.0
2006-09-18 21:00:00+00:00,0.7555,0.7575,0.7509,0.7517,9669.0
2006-09-19 21:00:00+00:00,0.7517,0.7546,0.7506,0.7523,8935.0
2006-09-20 21:00:00+00:00,0.7523,0.7579,0.7523,0.7572,9388.0
2006-09-21 21:00:00+00:00,0.7573,0.7576,0.7495,0.7506,8793.0
2006-09-23 21:00:00+00:00,0.7512,0.7512,0.7493,0.7499,208.0
2006-09-24 21:00:00+00:00,0.7499,0.7538,0.74915,0.7533,10534.0
2006-09-25 21:00:00+00:00,0.7535,0.7558,0.7504,0.7521,10718.0
2006-09-26 21:00:00+00:00,0.7519,0.75275,0.7474,0.751,11637.0
2006-09-27 21:00:00+00:00,0.7503,0.7515,0.7464,0.7484,10185.0
2006-09-28 21:00:00+00:00,0.7484,0.7492,0.7434,0.7462,11859.0
2006-09-29 21:00:00+00:00,0.7461,0.7461,0.7461,0.7461,2.0
2006-09-30 21:00:00+00:00,0.7462,0.7463,0.7451,0.7452,141.0
2006-10-01 21:00:00+00:00,0.7452,0.7492,0.7435,0.7489,8100.0
2006-10-02 21:00:00+00:00,0.7489,0.7491,0.7426,0.7433,8331.0
2006-10-03 21:00:00+00:00,0.7433,0.7464,0.7421,0.7459,9592.0
2006-10-04 21:00:00+00:00,0.746,0.7477,0.744,0.7463,8134.0
2006-10-05 21:00:00+00:00,0.7463,0.74845,0.7417,0.7426,8594.0
2006-10-07 21:00:00+00:00,0.7425,0.743,0.7423,0.7423,153.0
2006-10-08 21:00:00+00:00,0.7424,0.7453,0.7418,0.7444,7583.0
2006-10-09 21:00:00+00:00,0.7444,0.7463,0.7424,0.7441,9223.0
2006-10-10 21:00:00+00:00,0.7438,0.7461,0.7419,0.7422,8965.0
2006-10-11 21:00:00+00:00,0.7421,0.7516,0.7416,0.7511,10554.0
2006-10-12 21:00:00+00:00,0.7511,0.75325,0.749,0.751,8328.0
2006-10-14 21:00:00+00:00,0.7507,0.7509,0.7506,0.7507,153.0
2006-10-15 21:00:00+00:00,0.7507,0.7547,0.74925,0.7537,7578.0
2006-10-16 21:00:00+00:00,0.7537,0.7555,0.7525,0.7536,7802.0
2006-10-17 21:00:00+00:00,0.7536,0.7553,0.7523,0.7549,7728.0
2006-10-18 21:00:00+00:00,0.7549,0.76,0.7543,0.7592,6988.0
2006-10-19 21:00:00+00:00,0.7591,0.7605,0.7577,0.7586,6642.0
2006-10-20 21:00:00+00:00,0.7581,0.7584,0.7581,0.7584,5.0
2006-10-21 21:00:00+00:00,0.7584,0.7593,0.7584,0.7587,225.0
2006-10-22 21:00:00+00:00,0.7587,0.7616,0.7566,0.7572,7408.0
2006-10-23 21:00:00+00:00,0.7572,0.7589,0.7559,0.7584,6401.0
2006-10-24 21:00:00+00:00,0.7583,0.7624,0.7574,0.7613,8889.0
2006-10-25 21:00:00+00:00,0.7613,0.7644,0.7607,0.7644,7073.0
2006-10-26 21:00:00+00:00,0.7644,0.7696,0.7624,0.7685,7916.0
2006-10-28 21:00:00+00:00,0.7683,0.7689,0.7683,0.7685,399.0
2006-10-29 22:00:00+00:00,0.7684,0.7703,0.7674,0.7693,7100.0
2006-10-30 22:00:00+00:00,0.7693,0.7754,0.7674,0.7736,8823.0
2006-10-31 22:00:00+00:00,0.7737,0.7767,0.7731,0.7749,9706.0
2006-11-01 22:00:00+00:00,0.7749,0.7754,0.7707,0.7743,8711.0
2006-11-02 22:00:00+00:00,0.7743,0.7748,0.7687,0.7698,7935.0
2006-11-04 22:00:00+00:00,0.7696,0.7702,0.7694,0.7699,512.0
2006-11-05 22:00:00+00:00,0.7699,0.7718,0.7671,0.7714,7166.0
2006-11-06 22:00:00+00:00,0.7714,0.776,0.7704,0.7739,7725.0
2006-11-07 22:00:00+00:00,0.7738,0.77505,0.7678,0.7706,9625.0
2006-11-08 22:00:00+00:00,0.7705,0.7709,0.7647,0.7679,10331.0
2006-11-09 22:00:00+00:00,0.7676,0.7699,0.7661,0.7676,8333.0
2006-11-11 22:00:00+00:00,0.767,0.7676,0.7664,0.7675,433.0
2006-11-12 22:00:00+00:00,0.7675,0.7678,0.7616,0.762,7410.0
2006-11-13 22:00:00+00:00,0.762,0.7674,0.7619,0.7654,9341.0
2006-11-14 22:00:00+00:00,0.7653,0.7661,0.7633,0.7652,7595.0
2006-11-15 22:00:00+00:00,0.7651,0.7698,0.7643,0.7665,8739.0
2006-11-16 22:00:00+00:00,0.7665,0.7694,0.7643,0.769,7990.0
2006-11-18 22:00:00+00:00,0.7685,0.7693,0.7682,0.7691,369.0
2006-11-19 22:00:00+00:00,0.7692,0.7706,0.7677,0.7703,6749.0
2006-11-20 22:00:00+00:00,0.7703,0.7716,0.7682,0.7716,7321.0
2006-11-21 22:00:00+00:00,0.7715,0.7766,0.7707,0.7754,7624.0
2006-11-22 22:00:00+00:00,0.7754,0.7754,0.7733,0.7733,5502.0
2006-11-23 22:00:00+00:00,0.7734,0.7791,0.7733,0.7789,7212.0
2006-11-25 22:00:00+00:00,0.7787,0.78195,0.7785,0.78185,817.0
2006-11-26 22:00:00+00:00,0.78175,0.78175,0.7763,0.7782,7625.0
2006-11-27 22:00:00+00:00,0.7783,0.7842,0.7777,0.7835,9024.0
2006-11-28 22:00:00+00:00,0.7836,0.7855,0.7819,0.7832,8559.0
2006-11-29 22:00:00+00:00,0.7833,0.7902,0.7825,0.7889,9470.0
2006-11-30 22:00:00+00:00,0.7889,0.7926,0.7874,0.7889,9810.0
2006-12-01 22:00:00+00:00,0.789,0.7891,0.789,0.7891,2.0
2006-12-02 22:00:00+00:00,0.7889,0.7902,0.7887,0.7899,516.0
2006-12-03 22:00:00+00:00,0.7899,0.79075,0.7849,0.7896,8808.0
2006-12-04 22:00:00+00:00,0.7896,0.79,0.7844,0.7865,8553.0
2006-12-05 22:00:00+00:00,0.7866,0.789,0.7843,0.7844,8688.0
2006-12-06 22:00:00+00:00,0.7845,0.7912,0.7837,0.7893,9358.0
2006-12-07 22:00:00+00:00,0.7894,0.793,0.785,0.7856,11250.0
2006-12-09 22:00:00+00:00,0.7856,0.7863,0.7848,0.7849,433.0
2006-12-10 22:00:00+00:00,0.7849,0.786,0.7813,0.7847,8789.0
2006-12-11 22:00:00+00:00,0.7847,0.7878,0.7837,0.7868,8233.0
2006-12-12 22:00:00+00:00,0.7867,0.7894,0.7846,0.7854,7511.0
2006-12-13 22:00:00+00:00,0.7852,0.7875,0.7813,0.7829,10781.0
2006-12-14 22:00:00+00:00,0.7829,0.7844,0.7795,0.7817,8749.0
2006-12-16 22:00:00+00:00,0.7808,0.7819,0.7805,0.7816,234.0
2006-12-17 22:00:00+00:00,0.7816,0.7838,0.7781,0.7799,7842.0
2006-12-18 22:00:00+00:00,0.7799,0.7853,0.7799,0.7842,9258.0
2006-12-19 22:00:00+00:00,0.7842,0.788,0.7823,0.7856,8549.0
2006-12-20 22:00:00+00:00,0.7856,0.7869,0.7824,0.7842,8270.0
2006-12-21 22:00:00+00:00,0.7842,0.7873,0.78255,0.7838,8047.0
2006-12-23 22:00:00+00:00,0.7781,0.7781,0.7781,0.7781,1.0
2006-12-24 22:00:00+00:00,0.7785,0.7852,0.7785,0.7852,1248.0
2006-12-25 22:00:00+00:00,0.7852,0.78625,0.78095,0.78145,4295.0
2006-12-26 22:00:00+00:00,0.78145,0.78645,0.78075,0.7844,6824.0
2006-12-27 22:00:00+00:00,0.7844,0.79165,0.78415,0.7909,7915.0
2006-12-28 22:00:00+00:00,0.7909,0.79235,0.78525,0.7888,6162.0
2006-12-31 22:00:00+00:00,0.7886,0.7896,0.7886,0.7893,57.0
2007-01-01 22:00:00+00:00,0.7893,0.797,0.7888,0.796,6744.0
2007-01-02 22:00:00+00:00,0.796,0.7979,0.7905,0.7912,8490.0
2007-01-03 22:00:00+00:00,0.7911,0.7922,0.783,0.7845,8901.0
2007-01-04 22:00:00+00:00,0.7844,0.7853,0.7784,0.7787,10739.0
2007-01-06 22:00:00+00:00,0.7796,0.7798,0.7793,0.7793,82.0
2007-01-07 22:00:00+00:00,0.7794,0.7823,0.7781,0.7802,7251.0
2007-01-08 22:00:00+00:00,0.7802,0.7837,0.7788,0.7806,7697.0
2007-01-09 22:00:00+00:00,0.7805,0.7813,0.7761,0.7773,8698.0
2007-01-10 22:00:00+00:00,0.7774,0.7842,0.7768,0.7809,9900.0
2007-01-11 22:00:00+00:00,0.7811,0.7838,0.77805,0.7838,7862.0
2007-01-12 22:00:00+00:00,0.7837,0.7837,0.7837,0.7837,1.0
2007-01-13 22:00:00+00:00,0.7835,0.7847,0.7833,0.7843,149.0
2007-01-14 22:00:00+00:00,0.7842,0.78615,0.7828,0.7838,6149.0
2007-01-15 22:00:00+00:00,0.7838,0.7853,0.7821,0.7829,8442.0
2007-01-16 22:00:00+00:00,0.7829,0.7873,0.7814,0.7861,8844.0
2007-01-17 22:00:00+00:00,0.7861,0.7898,0.7856,0.7894,9671.0
2007-01-18 22:00:00+00:00,0.7894,0.79055,0.7862,0.7897,8380.0
2007-01-20 22:00:00+00:00,0.7898,0.7899,0.7895,0.7895,82.0
2007-01-21 22:00:00+00:00,0.7895,0.7907,0.7875,0.7878,7295.0
2007-01-22 22:00:00+00:00,0.7876,0.7937,0.7874,0.7928,9594.0
2007-01-23 22:00:00+00:00,0.7928,0.7928,0.779,0.7815,14081.0
2007-01-24 22:00:00+00:00,0.7814,0.782,0.7729,0.7732,11503.0
2007-01-25 22:00:00+00:00,0.7732,0.7749,0.772,0.7739,8072.0
2007-01-27 22:00:00+00:00,0.7735,0.7741,0.7734,0.7737,49.0
2007-01-28 22:00:00+00:00,0.7737,0.77445,0.7708,0.7723,8579.0
2007-01-29 22:00:00+00:00,0.7722,0.7737,0.7701,0.7725,9344.0
2007-01-30 22:00:00+00:00,0.7724,0.7772,0.7697,0.777,11451.0
2007-01-31 22:00:00+00:00,0.777,0.7771,0.7735,0.774,9229.0
2007-02-01 22:00:00+00:00,0.774,0.77565,0.7715,0.775,10297.0
2007-02-03 22:00:00+00:00,0.7739,0.7746,0.7738,0.7745,101.0
2007-02-04 22:00:00+00:00,0.7745,0.7768,0.7726,0.7755,7888.0
2007-02-05 22:00:00+00:00,0.7755,0.7782,0.77435,0.7774,7592.0
2007-02-06 22:00:00+00:00,0.7775,0.7789,0.7759,0.7787,7920.0
2007-02-07 22:00:00+00:00,0.7787,0.7819,0.7761,0.7814,10046.0
2007-02-08 22:00:00+00:00,0.7814,0.7821,0.7752,0.7764,8912.0
2007-02-09 22:00:00+00:00,0.7765,0.7765,0.7761,0.7761,6.0
2007-02-10 22:00:00+00:00,0.7764,0.7771,0.7754,0.7759,121.0
2007-02-11 22:00:00+00:00,0.7759,0.7778,0.7712,0.7716,9137.0
2007-02-12 22:00:00+00:00,0.7718,0.7797,0.7708,0.7797,10421.0
2007-02-13 22:00:00+00:00,0.7796,0.7849,0.7785,0.7837,11779.0
2007-02-14 22:00:00+00:00,0.7838,0.7864,0.7825,0.7843,10280.0
2007-02-15 22:00:00+00:00,0.7843,0.7872,0.7832,0.7869,8671.0
2007-02-17 22:00:00+00:00,0.7869,0.7882,0.7869,0.7878,435.0
2007-02-18 22:00:00+00:00,0.7878,0.78865,0.7846,0.7863,7027.0
2007-02-19 22:00:00+00:00,0.7863,0.7872,0.785,0.7864,6953.0
2007-02-20 22:00:00+00:00,0.7863,0.7921,0.78535,0.7917,9677.0
2007-02-21 22:00:00+00:00,0.7915,0.7917,0.7874,0.789,7947.0
2007-02-22 22:00:00+00:00,0.789,0.7924,0.7883,0.7917,7689.0
2007-02-24 22:00:00+00:00,0.7909,0.7917,0.7909,0.7912,76.0
2007-02-25 22:00:00+00:00,0.7912,0.7944,0.7912,0.7934,6714.0
2007-02-26 22:00:00+00:00,0.7934,0.7947,0.7875,0.7876,10810.0
2007-02-27 22:00:00+00:00,0.7876,0.7894,0.7854,0.7878,11729.0
2007-02-28 22:00:00+00:00,0.7876,0.7885,0.7842,0.7846,11269.0
2007-03-01 22:00:00+00:00,0.7845,0.78615,0.7812,0.7824,11262.0
2007-03-03 22:00:00+00:00,0.7823,0.7823,0.7811,0.7812,145.0
2007-03-04 22:00:00+00:00,0.7812,0.78235,0.7703,0.7704,15146.0
2007-03-05 22:00:00+00:00,0.7704,0.7756,0.7682,0.7749,11810.0
2007-03-06 22:00:00+00:00,0.7746,0.7795,0.7741,0.7771,10586.0
2007-03-07 22:00:00+00:00,0.777,0.7791,0.7752,0.7773,10029.0
2007-03-08 22:00:00+00:00,0.7773,0.7816,0.777,0.7801,9568.0
2007-03-10 22:00:00+00:00,0.7831,0.7834,0.7812,0.7816,174.0
2007-03-11 21:00:00+00:00,0.7815,0.7865,0.7798,0.7861,8239.0
2007-03-12 21:00:00+00:00,0.786,0.7884,0.7809,0.7816,9873.0
2007-03-13 21:00:00+00:00,0.7817,0.7875,0.7799,0.7867,10202.0
2007-03-14 21:00:00+00:00,0.7868,0.7897,0.7849,0.7896,9739.0
2007-03-15 21:00:00+00:00,0.7896,0.7978,0.7878,0.7962,10587.0
2007-03-17 21:00:00+00:00,0.795,0.7952,0.7934,0.7946,317.0
2007-03-18 21:00:00+00:00,0.7946,0.8002,0.7936,0.7998,9441.0
2007-03-19 21:00:00+00:00,0.7998,0.804,0.7964,0.8033,11219.0
2007-03-20 21:00:00+00:00,0.8033,0.8082,0.8001,0.8078,9993.0
2007-03-21 21:00:00+00:00,0.8078,0.8091,0.8052,0.8064,10554.0
2007-03-22 21:00:00+00:00,0.8064,0.8078,0.8043,0.8049,10199.0
2007-03-24 21:00:00+00:00,0.8053,0.8059,0.8053,0.8057,124.0
2007-03-25 21:00:00+00:00,0.8058,0.8107,0.80285,0.8098,12258.0
2007-03-26 21:00:00+00:00,0.8098,0.81075,0.8066,0.8084,11706.0
2007-03-27 21:00:00+00:00,0.8084,0.809,0.80375,0.8055,14476.0
2007-03-28 21:00:00+00:00,0.8055,0.8102,0.8049,0.8066,11500.0
2007-03-29 21:00:00+00:00,0.8066,0.8127,0.8057,0.80854,12841.0
2007-03-31 21:00:00+00:00,0.8093,0.81,0.8088,0.81,130.0
2007-04-01 21:00:00+00:00,0.81,0.81809,0.80822,0.81689,15003.0
2007-04-02 21:00:00+00:00,0.81694,0.81735,0.81137,0.8131,14207.0
2007-04-03 21:00:00+00:00,0.8131,0.81935,0.80645,0.8189,13214.0
2007-04-04 21:00:00+00:00,0.8185,0.821,0.81644,0.8197,10272.0
2007-04-05 21:00:00+00:00,0.8199,0.82005,0.81515,0.81624,6326.0
2007-04-06 21:00:00+00:00,0.81634,0.81634,0.81634,0.81634,1.0
2007-04-07 21:00:00+00:00,0.816,0.8166,0.816,0.8164,105.0
2007-04-08 21:00:00+00:00,0.81635,0.81747,0.81495,0.8166,6599.0
2007-04-09 21:00:00+00:00,0.8166,0.8267,0.81595,0.82664,15966.0
2007-04-10 21:00:00+00:00,0.8266,0.8268,0.82345,0.82433,9644.0
2007-04-11 21:00:00+00:00,0.82433,0.8297,0.82327,0.8289,10600.0
2007-04-12 21:00:00+00:00,0.8289,0.83392,0.8287,0.8334,12756.0
2007-04-14 21:00:00+00:00,0.8331,0.8337,0.83265,0.8336,210.0
2007-04-15 21:00:00+00:00,0.8336,0.83587,0.8312,0.8326,13677.0
2007-04-16 21:00:00+00:00,0.8326,0.83864,0.83148,0.83715,12295.0
2007-04-17 21:00:00+00:00,0.83713,0.83883,0.83155,0.83818,9927.0
2007-04-18 21:00:00+00:00,0.8382,0.83925,0.82815,0.83565,14198.0
2007-04-19 21:00:00+00:00,0.83565,0.83796,0.834,0.83761,9636.0
2007-04-20 21:00:00+00:00,0.83761,0.83761,0.83761,0.83761,1.0
2007-04-21 21:00:00+00:00,0.83755,0.8378,0.83755,0.8376,175.0
2007-04-22 21:00:00+00:00,0.8376,0.83778,0.83175,0.83205,8803.0
2007-04-23 21:00:00+00:00,0.8321,0.83395,0.82335,0.82768,16579.0
2007-04-24 21:00:00+00:00,0.82753,0.83497,0.82722,0.83343,12732.0
2007-04-25 21:00:00+00:00,0.83343,0.8359,0.8249,0.82635,11668.0
2007-04-26 21:00:00+00:00,0.82635,0.8339,0.82399,0.82999,17215.0
2007-04-27 21:00:00+00:00,0.82999,0.82999,0.82994,0.82994,2.0
2007-04-28 21:00:00+00:00,0.83016,0.8309,0.82855,0.82865,323.0
2007-04-29 21:00:00+00:00,0.82865,0.83295,0.82572,0.8301,13412.0
2007-04-30 21:00:00+00:00,0.83015,0.83275,0.82723,0.82743,14776.0
2007-05-01 21:00:00+00:00,0.82738,0.82837,0.82197,0.82488,13379.0
2007-05-02 21:00:00+00:00,0.82488,0.8259,0.82236,0.82397,12488.0
2007-05-03 21:00:00+00:00,0.8238,0.824,0.81715,0.82142,16051.0
2007-05-05 21:00:00+00:00,0.82148,0.82153,0.82073,0.82153,88.0
2007-05-06 21:00:00+00:00,0.82155,0.82666,0.82053,0.8247,9013.0
2007-05-07 21:00:00+00:00,0.8247,0.83101,0.8243,0.8291,15410.0
2007-05-08 21:00:00+00:00,0.82905,0.83057,0.82651,0.82755,13768.0
2007-05-09 21:00:00+00:00,0.82755,0.83359,0.82625,0.82683,16705.0
2007-05-10 21:00:00+00:00,0.82685,0.83287,0.823,0.83145,15971.0
2007-05-12 21:00:00+00:00,0.8324,0.8324,0.83155,0.83173,21.0
2007-05-13 21:00:00+00:00,0.83168,0.83525,0.83132,0.8321,12002.0
2007-05-14 21:00:00+00:00,0.83195,0.83483,0.83027,0.83388,12928.0
2007-05-15 21:00:00+00:00,0.83409,0.83438,0.82351,0.82428,16271.0
2007-05-16 21:00:00+00:00,0.82433,0.82695,0.82031,0.8237,13056.0
2007-05-17 21:00:00+00:00,0.82368,0.82582,0.8206,0.82283,12397.0
2007-05-18 21:00:00+00:00,0.82283,0.82283,0.82283,0.82283,1.0
2007-05-19 21:00:00+00:00,0.82315,0.82463,0.82315,0.82453,175.0
2007-05-20 21:00:00+00:00,0.82468,0.8251,0.81814,0.822,14248.0
2007-05-21 21:00:00+00:00,0.82205,0.82305,0.81871,0.81908,12580.0
2007-05-22 21:00:00+00:00,0.81898,0.8267,0.81881,0.82373,16258.0
2007-05-23 21:00:00+00:00,0.8237,0.82399,0.81821,0.81861,13213.0
2007-05-24 21:00:00+00:00,0.81861,0.8218,0.81752,0.81791,14245.0
2007-05-26 21:00:00+00:00,0.81823,0.8189,0.81798,0.81868,51.0
2007-05-27 21:00:00+00:00,0.81873,0.81978,0.81813,0.81955,4191.0
2007-05-28 21:00:00+00:00,0.81953,0.8211,0.8163,0.81878,13713.0
2007-05-29 21:00:00+00:00,0.81876,0.82365,0.81724,0.8235,14520.0
2007-05-30 21:00:00+00:00,0.82355,0.82921,0.82174,0.82785,15059.0
2007-05-31 21:00:00+00:00,0.82785,0.8331,0.82695,0.8331,15653.0
2007-06-02 21:00:00+00:00,0.83305,0.83305,0.83225,0.83285,42.0
2007-06-03 21:00:00+00:00,0.83275,0.83475,0.83105,0.8343,10414.0
2007-06-04 21:00:00+00:00,0.83425,0.84072,0.8337,0.83748,11896.0
2007-06-05 21:00:00+00:00,0.83708,0.84399,0.83673,0.8409,11930.0
2007-06-06 21:00:00+00:00,0.84095,0.8477,0.84013,0.8406,15814.0
2007-06-07 21:00:00+00:00,0.84035,0.84495,0.83665,0.84492,16209.0
2007-06-09 21:00:00+00:00,0.84445,0.84455,0.8442,0.8443,145.0
2007-06-10 21:00:00+00:00,0.8443,0.8447,0.83931,0.8437,11095.0
2007-06-11 21:00:00+00:00,0.8438,0.8446,0.84012,0.84012,10148.0
2007-06-12 21:00:00+00:00,0.84012,0.84273,0.83592,0.84055,14049.0
2007-06-13 21:00:00+00:00,0.8407,0.84097,0.83331,0.83566,13035.0
2007-06-14 21:00:00+00:00,0.83566,0.84213,0.83509,0.84213,11014.0
2007-06-16 21:00:00+00:00,0.8427,0.8427,0.83975,0.8399,219.0
2007-06-17 21:00:00+00:00,0.8398,0.84533,0.83975,0.84252,11427.0
2007-06-18 21:00:00+00:00,0.84257,0.847,0.84218,0.84655,10618.0
2007-06-19 21:00:00+00:00,0.8466,0.84758,0.84318,0.84435,12806.0
2007-06-20 21:00:00+00:00,0.84432,0.84748,0.84288,0.84741,11417.0
2007-06-21 21:00:00+00:00,0.84743,0.84939,0.84546,0.84715,12946.0
2007-06-23 21:00:00+00:00,0.8472,0.84825,0.84715,0.84775,57.0
2007-06-24 21:00:00+00:00,0.84765,0.85008,0.84625,0.84731,8391.0
2007-06-25 21:00:00+00:00,0.8473,0.85116,0.84515,0.84558,11058.0
2007-06-26 21:00:00+00:00,0.84556,0.8461,0.83555,0.83855,17016.0
2007-06-27 21:00:00+00:00,0.83848,0.84709,0.83778,0.84634,12649.0
2007-06-28 21:00:00+00:00,0.84634,0.85218,0.84604,0.84928,12597.0
2007-06-29 21:00:00+00:00,0.84935,0.84935,0.84935,0.84935,1.0
2007-06-30 21:00:00+00:00,0.84905,0.84918,0.8477,0.8491,221.0
2007-07-01 21:00:00+00:00,0.8491,0.85983,0.84905,0.85872,11370.0
2007-07-02 21:00:00+00:00,0.85863,0.85968,0.85385,0.85437,10980.0
2007-07-03 21:00:00+00:00,0.85432,0.85875,0.85425,0.85765,7145.0
2007-07-04 21:00:00+00:00,0.85765,0.86096,0.85538,0.856,10446.0
2007-07-05 21:00:00+00:00,0.8559,0.8589,0.8549,0.8581,9296.0
2007-07-07 21:00:00+00:00,0.85806,0.85815,0.85765,0.85795,258.0
2007-07-08 21:00:00+00:00,0.85795,0.8615,0.8568,0.85983,8345.0
2007-07-09 21:00:00+00:00,0.85983,0.86368,0.85657,0.862,11269.0
2007-07-10 21:00:00+00:00,0.862,0.86406,0.85741,0.86275,12178.0
2007-07-11 21:00:00+00:00,0.86275,0.86638,0.86035,0.86628,10646.0
2007-07-12 21:00:00+00:00,0.86628,0.87176,0.86553,0.8712,10084.0
2007-07-13 21:00:00+00:00,0.87122,0.87122,0.87122,0.87122,1.0
2007-07-14 21:00:00+00:00,0.87124,0.87154,0.8705,0.8709,203.0
2007-07-15 21:00:00+00:00,0.8709,0.87609,0.86935,0.87183,9484.0
2007-07-16 21:00:00+00:00,0.87183,0.87518,0.87088,0.87267,8400.0
2007-07-17 21:00:00+00:00,0.87267,0.87889,0.8719,0.8775,10224.0
2007-07-18 21:00:00+00:00,0.87765,0.88103,0.87625,0.88005,10123.0
2007-07-19 21:00:00+00:00,0.88002,0.88335,0.87539,0.88029,11338.0
2007-07-21 21:00:00+00:00,0.88025,0.8804,0.8797,0.8798,92.0
2007-07-22 21:00:00+00:00,0.8798,0.88428,0.87875,0.88333,8401.0
2007-07-23 21:00:00+00:00,0.88333,0.88629,0.88072,0.88208,10480.0
2007-07-24 21:00:00+00:00,0.88218,0.88719,0.87885,0.88348,13926.0
2007-07-25 21:00:00+00:00,0.88348,0.88685,0.87058,0.87117,15546.0
2007-07-26 21:00:00+00:00,0.8712,0.87679,0.85111,0.85188,25466.0
2007-07-28 21:00:00+00:00,0.8517,0.8517,0.8503,0.8507,348.0
2007-07-29 21:00:00+00:00,0.8507,0.85774,0.84598,0.85638,19492.0
2007-07-30 21:00:00+00:00,0.85643,0.8615,0.8511,0.8516,16626.0
2007-07-31 21:00:00+00:00,0.85157,0.85599,0.84464,0.85589,18421.0
2007-08-01 21:00:00+00:00,0.85584,0.8604,0.84919,0.85862,16970.0
2007-08-02 21:00:00+00:00,0.85872,0.8603,0.85368,0.85475,14015.0
2007-08-04 21:00:00+00:00,0.85435,0.8555,0.85288,0.85323,390.0
2007-08-05 21:00:00+00:00,0.8532,0.85851,0.8521,0.85839,12012.0
2007-08-06 21:00:00+00:00,0.85848,0.85916,0.85129,0.85467,13643.0
2007-08-07 21:00:00+00:00,0.85467,0.86357,0.85338,0.86225,13003.0
2007-08-08 21:00:00+00:00,0.8622,0.86625,0.8486,0.8497,16486.0
2007-08-09 21:00:00+00:00,0.8497,0.85095,0.84001,0.8445,17533.0
2007-08-10 21:00:00+00:00,0.8445,0.8445,0.84446,0.8445,8.0
2007-08-11 21:00:00+00:00,0.8443,0.8462,0.84405,0.8452,271.0
2007-08-12 21:00:00+00:00,0.8452,0.85066,0.84068,0.8423,15212.0
2007-08-13 21:00:00+00:00,0.8423,0.84285,0.83405,0.83451,17974.0
2007-08-14 21:00:00+00:00,0.83453,0.83478,0.81993,0.82003,21675.0
2007-08-15 21:00:00+00:00,0.82003,0.82028,0.78212,0.7911,33394.0
2007-08-16 21:00:00+00:00,0.7911,0.80085,0.76735,0.7976,28128.0
2007-08-18 21:00:00+00:00,0.7992,0.8,0.79675,0.79675,329.0
2007-08-19 21:00:00+00:00,0.79675,0.8095,0.7891,0.80623,19675.0
2007-08-20 21:00:00+00:00,0.8063,0.80787,0.7955,0.80163,19694.0
2007-08-21 21:00:00+00:00,0.80163,0.80714,0.79708,0.8066,16558.0
2007-08-22 21:00:00+00:00,0.80663,0.82162,0.80663,0.82097,20291.0
2007-08-23 21:00:00+00:00,0.82097,0.82727,0.81537,0.82721,18906.0
2007-08-25 21:00:00+00:00,0.82686,0.82876,0.82676,0.8287,182.0
2007-08-26 21:00:00+00:00,0.82875,0.83349,0.82695,0.82794,11089.0
2007-08-27 21:00:00+00:00,0.82789,0.82864,0.81537,0.81567,18271.0
2007-08-28 21:00:00+00:00,0.81578,0.8234,0.80517,0.82165,16100.0
2007-08-29 21:00:00+00:00,0.82165,0.8235,0.81265,0.8157,16569.0
2007-08-30 21:00:00+00:00,0.8157,0.82518,0.81076,0.81853,16791.0
2007-09-01 21:00:00+00:00,0.81691,0.8171,0.8156,0.8161,295.0
2007-09-02 21:00:00+00:00,0.8161,0.82392,0.81595,0.82305,9215.0
2007-09-03 21:00:00+00:00,0.82315,0.82715,0.8199,0.82457,14930.0
2007-09-04 21:00:00+00:00,0.82457,0.82866,0.81815,0.8217,17823.0
2007-09-05 21:00:00+00:00,0.8217,0.82975,0.81885,0.82924,15426.0
2007-09-06 21:00:00+00:00,0.82919,0.83096,0.82295,0.8266,13889.0
2007-09-08 21:00:00+00:00,0.82645,0.82675,0.82605,0.8262,189.0
2007-09-09 21:00:00+00:00,0.8262,0.8273,0.81725,0.8259,14792.0
2007-09-10 21:00:00+00:00,0.8259,0.83472,0.8237,0.83472,14795.0
2007-09-11 21:00:00+00:00,0.83462,0.84345,0.8326,0.84165,16044.0
2007-09-12 21:00:00+00:00,0.84165,0.84388,0.83665,0.8385,18316.0
2007-09-13 21:00:00+00:00,0.83848,0.84322,0.83425,0.842,16149.0
2007-09-15 21:00:00+00:00,0.84187,0.84237,0.84172,0.84197,79.0
2007-09-16 21:00:00+00:00,0.84192,0.84603,0.83117,0.83365,15124.0
2007-09-17 21:00:00+00:00,0.83365,0.85295,0.8276,0.85265,17960.0
2007-09-18 21:00:00+00:00,0.8527,0.85701,0.84868,0.85653,19275.0
2007-09-19 21:00:00+00:00,0.85658,0.86592,0.85517,0.86221,16451.0
2007-09-20 21:00:00+00:00,0.86216,0.87026,0.86053,0.86662,15196.0
2007-09-22 21:00:00+00:00,0.86696,0.86696,0.86594,0.86664,150.0
2007-09-23 21:00:00+00:00,0.86664,0.86974,0.86555,0.86797,11482.0
2007-09-24 21:00:00+00:00,0.86802,0.87395,0.86116,0.87315,15033.0
2007-09-25 21:00:00+00:00,0.87315,0.87695,0.87127,0.8765,13210.0
2007-09-26 21:00:00+00:00,0.8765,0.88337,0.87475,0.8802,15235.0
2007-09-27 21:00:00+00:00,0.88019,0.88869,0.87855,0.88789,13761.0
2007-09-29 21:00:00+00:00,0.88825,0.88899,0.88748,0.88829,311.0
2007-09-30 21:00:00+00:00,0.88829,0.89493,0.88532,0.89429,12673.0
2007-10-01 21:00:00+00:00,0.89432,0.89485,0.88075,0.88361,17041.0
2007-10-02 21:00:00+00:00,0.88358,0.89167,0.88076,0.88298,16520.0
2007-10-03 21:00:00+00:00,0.88298,0.89007,0.87955,0.88792,14530.0
2007-10-04 21:00:00+00:00,0.88792,0.9006,0.88657,0.89753,14888.0
2007-10-06 21:00:00+00:00,0.89768,0.90005,0.8975,0.8995,460.0
2007-10-07 21:00:00+00:00,0.8995,0.90345,0.89191,0.89371,12097.0
2007-10-08 21:00:00+00:00,0.89366,0.9009,0.89131,0.90063,15715.0
2007-10-09 21:00:00+00:00,0.9007,0.9013,0.89408,0.89815,13164.0
2007-10-10 21:00:00+00:00,0.89813,0.90607,0.89668,0.90062,17496.0
2007-10-11 21:00:00+00:00,0.90062,0.90523,0.89522,0.90455,16621.0
2007-10-12 21:00:00+00:00,0.90498,0.90498,0.90455,0.90455,4.0
2007-10-13 21:00:00+00:00,0.90455,0.905,0.90374,0.9049,346.0
2007-10-14 21:00:00+00:00,0.905,0.90785,0.89598,0.89886,15196.0
2007-10-15 21:00:00+00:00,0.89896,0.90125,0.88225,0.8883,21911.0
2007-10-16 21:00:00+00:00,0.8883,0.89732,0.88163,0.89131,25289.0
2007-10-17 21:00:00+00:00,0.89128,0.89738,0.88808,0.89636,20352.0
2007-10-18 21:00:00+00:00,0.8963,0.89942,0.88927,0.89034,17959.0
2007-10-20 21:00:00+00:00,0.89075,0.89134,0.89074,0.89134,4.0
2007-10-21 21:00:00+00:00,0.89064,0.89165,0.87507,0.88625,24652.0
2007-10-22 21:00:00+00:00,0.88623,0.89867,0.8855,0.89857,20883.0
2007-10-23 21:00:00+00:00,0.89857,0.90495,0.89364,0.90299,23879.0
2007-10-24 21:00:00+00:00,0.90313,0.90913,0.90102,0.9089,20607.0
2007-10-25 21:00:00+00:00,0.90888,0.91876,0.9077,0.91843,15895.0
2007-10-27 21:00:00+00:00,0.91843,0.91976,0.91791,0.91946,454.0
2007-10-28 21:00:00+00:00,0.91941,0.92729,0.91863,0.92138,16898.0
2007-10-29 21:00:00+00:00,0.92138,0.92373,0.91465,0.91881,29120.0
2007-10-30 21:00:00+00:00,0.91887,0.93482,0.91802,0.93412,30522.0
2007-10-31 21:00:00+00:00,0.93415,0.93415,0.91083,0.91233,31908.0
2007-11-01 21:00:00+00:00,0.91223,0.92504,0.91143,0.92319,38505.0
2007-11-03 21:00:00+00:00,0.92184,0.92325,0.91986,0.9212,268.0
2007-11-04 22:00:00+00:00,0.9213,0.92255,0.91567,0.92065,30679.0
2007-11-05 22:00:00+00:00,0.92065,0.92935,0.92035,0.92869,23405.0
2007-11-06 22:00:00+00:00,0.92875,0.94006,0.92706,0.92806,31482.0
2007-11-07 22:00:00+00:00,0.92806,0.93309,0.91891,0.9269,29292.0
2007-11-08 22:00:00+00:00,0.927,0.93205,0.91008,0.91165,28813.0
2007-11-10 22:00:00+00:00,0.9107,0.91075,0.90108,0.90575,1279.0
2007-11-11 22:00:00+00:00,0.9057,0.909,0.87588,0.87598,29154.0
2007-11-12 22:00:00+00:00,0.87598,0.89773,0.87533,0.89531,32917.0
2007-11-13 22:00:00+00:00,0.89536,0.90695,0.89471,0.89507,35483.0
2007-11-14 22:00:00+00:00,0.89505,0.9016,0.88514,0.88575,32972.0
2007-11-15 22:00:00+00:00,0.88575,0.89418,0.88164,0.89295,26186.0
2007-11-16 22:00:00+00:00,0.89287,0.89313,0.89287,0.89295,11.0
2007-11-17 22:00:00+00:00,0.89285,0.8983,0.89145,0.89625,691.0
2007-11-18 22:00:00+00:00,0.89625,0.89983,0.8828,0.8841,22239.0
2007-11-19 22:00:00+00:00,0.88405,0.89325,0.87588,0.89245,31053.0
2007-11-20 22:00:00+00:00,0.8925,0.89535,0.86534,0.87075,30169.0
2007-11-21 22:00:00+00:00,0.87075,0.87885,0.8681,0.87138,13890.0
2007-11-22 22:00:00+00:00,0.8714,0.8779,0.86855,0.8778,17268.0
2007-11-24 22:00:00+00:00,0.87664,0.88489,0.8755,0.8806,1288.0
2007-11-25 22:00:00+00:00,0.8806,0.88693,0.86679,0.86994,24274.0
2007-11-26 22:00:00+00:00,0.87001,0.8814,0.86865,0.87747,30299.0
2007-11-27 22:00:00+00:00,0.87732,0.8921,0.87196,0.8897,26714.0
2007-11-28 22:00:00+00:00,0.88955,0.8904,0.87755,0.8814,28753.0
2007-11-29 22:00:00+00:00,0.88135,0.88952,0.88052,0.8843,26415.0
2007-11-30 22:00:00+00:00,0.88444,0.88444,0.88444,0.88444,2.0
2007-12-01 22:00:00+00:00,0.88424,0.88474,0.88274,0.88299,378.0
2007-12-02 22:00:00+00:00,0.88299,0.88539,0.87865,0.8807,22755.0
2007-12-03 22:00:00+00:00,0.8807,0.88132,0.87111,0.87367,26492.0
2007-12-04 22:00:00+00:00,0.87367,0.87402,0.86603,0.87005,22516.0
2007-12-05 22:00:00+00:00,0.87005,0.87895,0.86913,0.87875,18125.0
2007-12-06 22:00:00+00:00,0.87875,0.88277,0.87414,0.87602,21441.0
2007-12-08 22:00:00+00:00,0.87581,0.87655,0.8741,0.8741,588.0
2007-12-09 22:00:00+00:00,0.8742,0.88615,0.87272,0.88477,18668.0
2007-12-10 22:00:00+00:00,0.88485,0.88957,0.87117,0.87345,20607.0
2007-12-11 22:00:00+00:00,0.87342,0.8908,0.87257,0.88298,20731.0
2007-12-12 22:00:00+00:00,0.8831,0.88738,0.8735,0.87607,20490.0
2007-12-13 22:00:00+00:00,0.876,0.87942,0.86037,0.8607,26502.0
2007-12-14 22:00:00+00:00,0.86065,0.86065,0.86065,0.86065,1.0
2007-12-15 22:00:00+00:00,0.86067,0.86293,0.86033,0.86265,542.0
2007-12-16 22:00:00+00:00,0.86263,0.86513,0.85588,0.8573,23591.0
2007-12-17 22:00:00+00:00,0.85734,0.86443,0.85545,0.86027,22037.0
2007-12-18 22:00:00+00:00,0.86027,0.86366,0.85592,0.85901,20288.0
2007-12-19 22:00:00+00:00,0.85903,0.86043,0.8571,0.85912,17675.0
2007-12-20 22:00:00+00:00,0.85912,0.86976,0.85798,0.86736,18556.0
2007-12-22 22:00:00+00:00,0.86722,0.86814,0.86716,0.86814,112.0
2007-12-23 22:00:00+00:00,0.86818,0.87187,0.86734,0.87165,7703.0
2007-12-24 22:00:00+00:00,0.87164,0.87166,0.86886,0.87045,520.0
2007-12-25 22:00:00+00:00,0.87075,0.87451,0.8697,0.874,5972.0
2007-12-26 22:00:00+00:00,0.874,0.8792,0.87114,0.8778,16718.0
2007-12-27 22:00:00+00:00,0.87774,0.87878,0.87215,0.87616,16691.0
2007-12-29 22:00:00+00:00,0.87614,0.87745,0.87614,0.87709,240.0
2007-12-30 22:00:00+00:00,0.87705,0.88269,0.87447,0.87509,9532.0
2007-12-31 22:00:00+00:00,0.8765,0.8765,0.8751,0.87611,282.0
2008-01-01 22:00:00+00:00,0.87615,0.88505,0.87585,0.88358,13641.0
2008-01-02 22:00:00+00:00,0.8836,0.88477,0.87877,0.88025,18742.0
2008-01-03 22:00:00+00:00,0.88025,0.88384,0.87006,0.87216,22798.0
2008-01-05 22:00:00+00:00,0.87232,0.87322,0.87037,0.87167,416.0
2008-01-06 22:00:00+00:00,0.87167,0.87489,0.86842,0.87285,24192.0
2008-01-07 22:00:00+00:00,0.87285,0.88386,0.87067,0.87869,23173.0
2008-01-08 22:00:00+00:00,0.87865,0.8858,0.87865,0.88303,26023.0
2008-01-09 22:00:00+00:00,0.88311,0.89754,0.88123,0.89532,24269.0
2008-01-10 22:00:00+00:00,0.89538,0.89707,0.88995,0.89095,23796.0
2008-01-12 22:00:00+00:00,0.89095,0.89095,0.88737,0.88914,788.0
2008-01-13 22:00:00+00:00,0.88915,0.90035,0.88894,0.89963,17055.0
2008-01-14 22:00:00+00:00,0.89963,0.90181,0.88049,0.88084,23164.0
2008-01-15 22:00:00+00:00,0.88082,0.88685,0.87446,0.87968,40188.0
2008-01-16 22:00:00+00:00,0.87965,0.88802,0.87614,0.87669,36345.0
2008-01-17 22:00:00+00:00,0.87659,0.8852,0.8701,0.87913,31565.0
2008-01-19 22:00:00+00:00,0.87939,0.87969,0.8769,0.87905,389.0
2008-01-20 22:00:00+00:00,0.87898,0.88203,0.85945,0.86127,24873.0
2008-01-21 22:00:00+00:00,0.86133,0.87208,0.85145,0.86837,33245.0
2008-01-22 22:00:00+00:00,0.86833,0.87474,0.8612,0.87307,39403.0
2008-01-23 22:00:00+00:00,0.87302,0.88207,0.8692,0.88206,30824.0
2008-01-24 22:00:00+00:00,0.88208,0.88539,0.87725,0.87957,33586.0
2008-01-26 22:00:00+00:00,0.87943,0.87975,0.8781,0.8782,366.0
2008-01-27 22:00:00+00:00,0.8782,0.88917,0.8768,0.88913,22108.0
2008-01-28 22:00:00+00:00,0.88915,0.89047,0.886,0.88915,19146.0
2008-01-29 22:00:00+00:00,0.88915,0.90158,0.88603,0.89318,21145.0
2008-01-30 22:00:00+00:00,0.89313,0.89815,0.88213,0.89555,35094.0
2008-01-31 22:00:00+00:00,0.89554,0.90471,0.89435,0.90425,28134.0
2008-02-02 22:00:00+00:00,0.90395,0.9043,0.9022,0.90325,521.0
2008-02-03 22:00:00+00:00,0.90325,0.91006,0.90231,0.90819,21837.0
2008-02-04 22:00:00+00:00,0.90815,0.90905,0.89418,0.8973,33340.0
2008-02-05 22:00:00+00:00,0.8973,0.89974,0.89088,0.89584,29837.0
2008-02-06 22:00:00+00:00,0.89587,0.89761,0.88747,0.89452,29208.0
2008-02-07 22:00:00+00:00,0.89455,0.8986,0.89162,0.89555,23613.0
2008-02-09 22:00:00+00:00,0.89535,0.8971,0.89535,0.8959,500.0
2008-02-10 22:00:00+00:00,0.8959,0.90577,0.89519,0.90354,23743.0
2008-02-11 22:00:00+00:00,0.90358,0.90849,0.90207,0.903,22310.0
2008-02-12 22:00:00+00:00,0.903,0.90465,0.89241,0.89633,28011.0
2008-02-13 22:00:00+00:00,0.89632,0.90658,0.89536,0.9022,24010.0
2008-02-14 22:00:00+00:00,0.90213,0.90965,0.90045,0.90904,23691.0
2008-02-16 22:00:00+00:00,0.90838,0.90838,0.90545,0.90822,895.0
2008-02-17 22:00:00+00:00,0.90825,0.91409,0.90698,0.91372,14617.0
2008-02-18 22:00:00+00:00,0.91362,0.92392,0.91362,0.91896,23793.0
2008-02-19 22:00:00+00:00,0.91897,0.92122,0.91127,0.91828,25794.0
2008-02-20 22:00:00+00:00,0.91828,0.92087,0.91663,0.91876,21439.0
2008-02-21 22:00:00+00:00,0.91876,0.92507,0.91718,0.92385,23682.0
2008-02-23 22:00:00+00:00,0.92365,0.92458,0.92337,0.92397,352.0
2008-02-24 22:00:00+00:00,0.92397,0.92745,0.9217,0.92698,21398.0
2008-02-25 22:00:00+00:00,0.92698,0.93397,0.92533,0.9338,25421.0
2008-02-26 22:00:00+00:00,0.93384,0.94325,0.93182,0.94169,29940.0
2008-02-27 22:00:00+00:00,0.94166,0.94978,0.93665,0.94904,25404.0
2008-02-28 22:00:00+00:00,0.94903,0.94906,0.93038,0.93088,29331.0
2008-03-01 22:00:00+00:00,0.93064,0.93398,0.93008,0.93316,760.0
2008-03-02 22:00:00+00:00,0.93316,0.94217,0.92758,0.93963,22622.0
2008-03-03 22:00:00+00:00,0.93961,0.94083,0.92183,0.92755,30294.0
2008-03-04 22:00:00+00:00,0.92755,0.93477,0.92299,0.93477,26715.0
2008-03-05 22:00:00+00:00,0.93517,0.93852,0.92477,0.92661,26248.0
2008-03-06 22:00:00+00:00,0.9266,0.93763,0.92479,0.92681,27071.0
2008-03-08 22:00:00+00:00,0.9268,0.9268,0.9262,0.92678,303.0
2008-03-09 21:00:00+00:00,0.92678,0.9313,0.91605,0.91649,27183.0
2008-03-10 21:00:00+00:00,0.91652,0.92933,0.91492,0.92869,30906.0
2008-03-11 21:00:00+00:00,0.92868,0.93677,0.9276,0.93338,29543.0
2008-03-12 21:00:00+00:00,0.93338,0.94714,0.93159,0.94705,30516.0
2008-03-13 21:00:00+00:00,0.94703,0.94725,0.93532,0.93729,30742.0
2008-03-15 21:00:00+00:00,0.93752,0.93795,0.9352,0.93795,312.0
2008-03-16 21:00:00+00:00,0.93798,0.94479,0.91291,0.92172,30377.0
2008-03-17 21:00:00+00:00,0.92161,0.9307,0.91663,0.92678,27595.0
2008-03-18 21:00:00+00:00,0.92667,0.93539,0.91179,0.91415,31091.0
2008-03-19 21:00:00+00:00,0.91415,0.9168,0.89538,0.8997,32046.0
2008-03-20 21:00:00+00:00,0.89966,0.90318,0.89863,0.90208,4947.0
2008-03-22 21:00:00+00:00,0.9021,0.9021,0.90078,0.90138,242.0
2008-03-23 21:00:00+00:00,0.90138,0.90838,0.89792,0.90586,13055.0
2008-03-24 21:00:00+00:00,0.9058,0.91773,0.90545,0.9177,24281.0
2008-03-25 21:00:00+00:00,0.91768,0.92429,0.91224,0.92037,22834.0
2008-03-26 21:00:00+00:00,0.92054,0.92535,0.91675,0.91878,25820.0
2008-03-27 21:00:00+00:00,0.9187,0.92432,0.91509,0.9173,23508.0
2008-03-29 21:00:00+00:00,0.91723,0.91738,0.91593,0.91624,285.0
2008-03-30 21:00:00+00:00,0.91623,0.91816,0.9104,0.91315,25691.0
2008-03-31 21:00:00+00:00,0.91308,0.91485,0.903,0.90718,26001.0
2008-04-01 21:00:00+00:00,0.90721,0.91583,0.90554,0.91422,31581.0
2008-04-02 21:00:00+00:00,0.91419,0.91772,0.90929,0.91628,27879.0
2008-04-03 21:00:00+00:00,0.91629,0.9229,0.91011,0.92283,27164.0
2008-04-05 21:00:00+00:00,0.92283,0.92283,0.92175,0.92203,98.0
2008-04-06 21:00:00+00:00,0.92203,0.92844,0.91787,0.9258,21194.0
2008-04-07 21:00:00+00:00,0.92578,0.9322,0.92423,0.93185,24140.0
2008-04-08 21:00:00+00:00,0.93183,0.93212,0.92615,0.92845,27340.0
2008-04-09 21:00:00+00:00,0.92843,0.93462,0.92837,0.93204,27698.0
2008-04-10 21:00:00+00:00,0.93202,0.93407,0.92741,0.92787,25867.0
2008-04-11 21:00:00+00:00,0.92788,0.92788,0.92788,0.92788,2.0
2008-04-12 21:00:00+00:00,0.92662,0.92807,0.92532,0.92705,478.0
2008-04-13 21:00:00+00:00,0.92705,0.92713,0.9206,0.92674,30318.0
2008-04-14 21:00:00+00:00,0.92676,0.9307,0.92335,0.92652,28270.0
2008-04-15 21:00:00+00:00,0.92655,0.94014,0.92515,0.93968,27923.0
2008-04-16 21:00:00+00:00,0.93971,0.93971,0.93373,0.93761,29872.0
2008-04-17 21:00:00+00:00,0.93738,0.93958,0.92715,0.93467,25357.0
2008-04-19 21:00:00+00:00,0.93418,0.93423,0.93153,0.93233,206.0
2008-04-20 21:00:00+00:00,0.93233,0.94432,0.93209,0.94289,26813.0
2008-04-21 21:00:00+00:00,0.94285,0.94732,0.93919,0.9447,27593.0
2008-04-22 21:00:00+00:00,0.9447,0.95423,0.94375,0.9492,27007.0
2008-04-23 21:00:00+00:00,0.9492,0.94945,0.93734,0.93975,32290.0
2008-04-24 21:00:00+00:00,0.9398,0.94208,0.92921,0.93335,29865.0
2008-04-26 21:00:00+00:00,0.93355,0.93358,0.933,0.9335,57.0
2008-04-27 21:00:00+00:00,0.9335,0.94041,0.93315,0.93883,21621.0
2008-04-28 21:00:00+00:00,0.93869,0.93925,0.92938,0.93374,28898.0
2008-04-29 21:00:00+00:00,0.9338,0.94715,0.93104,0.94355,25850.0
2008-04-30 21:00:00+00:00,0.94355,0.94425,0.93077,0.93351,21300.0
2008-05-01 21:00:00+00:00,0.9335,0.93857,0.92755,0.93466,29030.0
2008-05-03 21:00:00+00:00,0.93457,0.93657,0.93457,0.93592,248.0
2008-05-04 21:00:00+00:00,0.93592,0.94678,0.93427,0.94677,17402.0
2008-05-05 21:00:00+00:00,0.94678,0.95066,0.94332,0.9497,21774.0
2008-05-06 21:00:00+00:00,0.94998,0.9506,0.94079,0.94214,23488.0
2008-05-07 21:00:00+00:00,0.94219,0.9456,0.93478,0.94365,31579.0
2008-05-08 21:00:00+00:00,0.94365,0.94555,0.93832,0.94344,25054.0
2008-05-10 21:00:00+00:00,0.94247,0.94247,0.94053,0.94053,186.0
2008-05-11 21:00:00+00:00,0.94053,0.9479,0.93571,0.94775,23074.0
2008-05-12 21:00:00+00:00,0.94775,0.9479,0.93858,0.94038,23208.0
2008-05-13 21:00:00+00:00,0.94036,0.9427,0.93041,0.93428,25202.0
2008-05-14 21:00:00+00:00,0.93415,0.94198,0.92912,0.9406,25697.0
2008-05-15 21:00:00+00:00,0.94055,0.95603,0.9391,0.95574,22528.0
2008-05-17 21:00:00+00:00,0.95508,0.95693,0.95496,0.95663,302.0
2008-05-18 21:00:00+00:00,0.95663,0.95703,0.95116,0.95348,19805.0
2008-05-19 21:00:00+00:00,0.95347,0.96182,0.95183,0.9587,27249.0
2008-05-20 21:00:00+00:00,0.9587,0.96547,0.9558,0.96239,21477.0
2008-05-21 21:00:00+00:00,0.96237,0.96518,0.9544,0.95575,25847.0
2008-05-22 21:00:00+00:00,0.95593,0.96373,0.95549,0.95915,18063.0
2008-05-24 21:00:00+00:00,0.95912,0.95995,0.95897,0.95935,110.0
2008-05-25 21:00:00+00:00,0.95935,0.96176,0.95815,0.96097,8605.0
2008-05-26 21:00:00+00:00,0.96092,0.9635,0.95805,0.95858,19909.0
2008-05-27 21:00:00+00:00,0.95854,0.96292,0.95625,0.96287,22857.0
2008-05-28 21:00:00+00:00,0.96287,0.96372,0.95369,0.95558,24061.0
2008-05-29 21:00:00+00:00,0.95546,0.95797,0.95129,0.95588,23022.0
2008-05-31 21:00:00+00:00,0.95569,0.95579,0.95368,0.95443,308.0
2008-06-01 21:00:00+00:00,0.95446,0.95677,0.95029,0.95528,21700.0
2008-06-02 21:00:00+00:00,0.95531,0.96129,0.95085,0.95245,24845.0
2008-06-03 21:00:00+00:00,0.95247,0.96292,0.94844,0.95752,26919.0
2008-06-04 21:00:00+00:00,0.95737,0.95925,0.95118,0.95888,26877.0
2008-06-05 21:00:00+00:00,0.95891,0.96427,0.95657,0.96266,21806.0
2008-06-06 21:00:00+00:00,0.96269,0.96269,0.96269,0.96269,2.0
2008-06-07 21:00:00+00:00,0.96306,0.96306,0.9608,0.9615,331.0
2008-06-08 21:00:00+00:00,0.9615,0.96472,0.9482,0.95032,23831.0
2008-06-09 21:00:00+00:00,0.95043,0.95256,0.94418,0.94619,26048.0
2008-06-10 21:00:00+00:00,0.94619,0.9493,0.94355,0.94711,20747.0
2008-06-11 21:00:00+00:00,0.94695,0.94897,0.93278,0.93417,26177.0
2008-06-12 21:00:00+00:00,0.93417,0.94105,0.93349,0.93892,24964.0
2008-06-13 21:00:00+00:00,0.93878,0.93878,0.93855,0.93855,5.0
2008-06-14 21:00:00+00:00,0.93852,0.94127,0.93852,0.93922,422.0
2008-06-15 21:00:00+00:00,0.93922,0.94252,0.93705,0.94041,18498.0
2008-06-16 21:00:00+00:00,0.94044,0.94539,0.93897,0.94373,23500.0
2008-06-17 21:00:00+00:00,0.9437,0.94735,0.94036,0.94717,22846.0
2008-06-18 21:00:00+00:00,0.94713,0.95182,0.9448,0.95095,22180.0
2008-06-19 21:00:00+00:00,0.95105,0.95674,0.94901,0.95334,21270.0
2008-06-20 21:00:00+00:00,0.9534,0.95347,0.9534,0.95347,2.0
2008-06-21 21:00:00+00:00,0.95344,0.95424,0.95264,0.95379,206.0
2008-06-22 21:00:00+00:00,0.95379,0.95609,0.94936,0.95255,21191.0
2008-06-23 21:00:00+00:00,0.95254,0.95863,0.94999,0.95536,19868.0
2008-06-24 21:00:00+00:00,0.95536,0.96018,0.95327,0.95995,22017.0
2008-06-25 21:00:00+00:00,0.95993,0.96093,0.95513,0.95582,24688.0
2008-06-26 21:00:00+00:00,0.95583,0.96334,0.95413,0.961,24667.0
2008-06-28 21:00:00+00:00,0.96149,0.96149,0.96084,0.96084,7.0
2008-06-29 21:00:00+00:00,0.96074,0.96677,0.95535,0.95854,20171.0
2008-06-30 21:00:00+00:00,0.95857,0.95945,0.9512,0.95509,24096.0
2008-07-01 21:00:00+00:00,0.95509,0.96507,0.9534,0.96192,22693.0
2008-07-02 21:00:00+00:00,0.96192,0.96335,0.95834,0.96028,20797.0
2008-07-03 21:00:00+00:00,0.96032,0.96395,0.95912,0.96345,14144.0
2008-07-05 21:00:00+00:00,0.96295,0.9634,0.96272,0.96275,73.0
2008-07-06 21:00:00+00:00,0.9628,0.96334,0.95173,0.95653,22161.0
2008-07-07 21:00:00+00:00,0.95652,0.95671,0.95023,0.9535,23265.0
2008-07-08 21:00:00+00:00,0.9536,0.95912,0.94767,0.95697,28029.0
2008-07-09 21:00:00+00:00,0.95698,0.96395,0.95454,0.96195,25971.0
2008-07-10 21:00:00+00:00,0.96195,0.9718,0.95971,0.9663,23148.0
2008-07-11 21:00:00+00:00,0.96638,0.96638,0.96638,0.96638,1.0
2008-07-12 21:00:00+00:00,0.96755,0.97084,0.96755,0.97064,331.0
2008-07-13 21:00:00+00:00,0.97065,0.97358,0.96645,0.97175,20866.0
2008-07-14 21:00:00+00:00,0.97174,0.98503,0.97086,0.97928,26873.0
2008-07-15 21:00:00+00:00,0.97925,0.98163,0.97287,0.97482,26127.0
2008-07-16 21:00:00+00:00,0.97482,0.97918,0.96782,0.97217,25435.0
2008-07-17 21:00:00+00:00,0.97214,0.97385,0.96994,0.97023,21202.0
2008-07-18 21:00:00+00:00,0.97023,0.97023,0.97023,0.97023,1.0
2008-07-19 21:00:00+00:00,0.97151,0.97369,0.97149,0.97286,314.0
2008-07-20 21:00:00+00:00,0.97292,0.97715,0.97063,0.97705,19845.0
2008-07-21 21:00:00+00:00,0.97705,0.97933,0.96852,0.97126,22593.0
2008-07-22 21:00:00+00:00,0.97124,0.97441,0.96009,0.96204,26629.0
2008-07-23 21:00:00+00:00,0.96203,0.9637,0.95393,0.95848,27784.0
2008-07-24 21:00:00+00:00,0.95849,0.96074,0.95456,0.95623,25076.0
2008-07-26 21:00:00+00:00,0.95603,0.95603,0.95519,0.9553,82.0
2008-07-27 21:00:00+00:00,0.95537,0.95944,0.95282,0.95683,21208.0
2008-07-28 21:00:00+00:00,0.95683,0.95856,0.94996,0.95283,21817.0
2008-07-29 21:00:00+00:00,0.95283,0.95283,0.94122,0.94425,28656.0
2008-07-30 21:00:00+00:00,0.94426,0.94778,0.93975,0.94224,25870.0
2008-07-31 21:00:00+00:00,0.94223,0.94223,0.92859,0.92912,27176.0
2008-08-02 21:00:00+00:00,0.92961,0.93098,0.92866,0.92881,128.0
2008-08-03 21:00:00+00:00,0.92883,0.93465,0.9286,0.92929,20829.0
2008-08-04 21:00:00+00:00,0.92927,0.92985,0.91332,0.91617,31009.0
2008-08-05 21:00:00+00:00,0.91619,0.92053,0.90646,0.90826,26854.0
2008-08-06 21:00:00+00:00,0.90828,0.91294,0.90513,0.90663,25765.0
2008-08-07 21:00:00+00:00,0.90663,0.90738,0.88673,0.88854,35536.0
2008-08-09 21:00:00+00:00,0.88922,0.88926,0.88489,0.88507,312.0
2008-08-10 21:00:00+00:00,0.88518,0.89524,0.87937,0.8839,26489.0
2008-08-11 21:00:00+00:00,0.88392,0.88458,0.87041,0.8734,33096.0
2008-08-12 21:00:00+00:00,0.8734,0.87718,0.8593,0.87442,37637.0
2008-08-13 21:00:00+00:00,0.87438,0.87957,0.86676,0.87216,31788.0
2008-08-14 21:00:00+00:00,0.87218,0.87218,0.86083,0.86618,30018.0
2008-08-16 21:00:00+00:00,0.86688,0.86708,0.8661,0.86678,98.0
2008-08-17 21:00:00+00:00,0.86671,0.87581,0.86532,0.8681,26878.0
2008-08-18 21:00:00+00:00,0.86812,0.87344,0.86256,0.87177,30426.0
2008-08-19 21:00:00+00:00,0.87177,0.87435,0.86738,0.87362,27251.0
2008-08-20 21:00:00+00:00,0.87361,0.88083,0.86499,0.88079,30471.0
2008-08-21 21:00:00+00:00,0.8808,0.8813,0.86499,0.8664,24731.0
2008-08-23 21:00:00+00:00,0.86612,0.86682,0.86533,0.86547,33.0
2008-08-24 21:00:00+00:00,0.8655,0.86898,0.86124,0.86286,23182.0
2008-08-25 21:00:00+00:00,0.86285,0.86466,0.84938,0.8559,31323.0
2008-08-26 21:00:00+00:00,0.85588,0.86379,0.85318,0.85876,32020.0
2008-08-27 21:00:00+00:00,0.85883,0.86942,0.85762,0.86252,30501.0
2008-08-28 21:00:00+00:00,0.8625,0.86589,0.85555,0.85794,25974.0
2008-08-30 21:00:00+00:00,0.85744,0.85757,0.85578,0.85653,213.0
2008-08-31 21:00:00+00:00,0.85666,0.85806,0.8481,0.85038,17220.0
2008-09-01 21:00:00+00:00,0.85036,0.85342,0.82693,0.83801,37708.0
2008-09-02 21:00:00+00:00,0.83801,0.84026,0.82334,0.83602,38608.0
2008-09-03 21:00:00+00:00,0.83602,0.83945,0.82152,0.82272,33424.0
2008-09-04 21:00:00+00:00,0.82272,0.82361,0.80292,0.81591,38927.0
2008-09-06 21:00:00+00:00,0.81769,0.82722,0.81677,0.82709,887.0
2008-09-07 21:00:00+00:00,0.82704,0.83528,0.80754,0.81633,39163.0
2008-09-08 21:00:00+00:00,0.81633,0.81773,0.80042,0.80237,38265.0
2008-09-09 21:00:00+00:00,0.80237,0.81318,0.79808,0.80137,38831.0
2008-09-10 21:00:00+00:00,0.80135,0.80741,0.79006,0.80705,34621.0
2008-09-11 21:00:00+00:00,0.80705,0.82416,0.8006,0.8237,36741.0
2008-09-13 21:00:00+00:00,0.82323,0.824,0.81723,0.8205,956.0
2008-09-14 21:00:00+00:00,0.8206,0.8262,0.80116,0.80663,38381.0
2008-09-15 21:00:00+00:00,0.80663,0.80755,0.78528,0.8003,40499.0
2008-09-16 21:00:00+00:00,0.8003,0.80748,0.78014,0.79075,38130.0
2008-09-17 21:00:00+00:00,0.79075,0.8098,0.78355,0.8047,34820.0
2008-09-18 21:00:00+00:00,0.8047,0.83623,0.801,0.83393,35579.0
2008-09-19 21:00:00+00:00,0.8339,0.8339,0.8339,0.8339,2.0
2008-09-20 21:00:00+00:00,0.834,0.83783,0.834,0.83675,328.0
2008-09-21 21:00:00+00:00,0.83675,0.85201,0.82835,0.84417,36425.0
2008-09-22 21:00:00+00:00,0.84417,0.84692,0.82796,0.83292,36917.0
2008-09-23 21:00:00+00:00,0.83292,0.8429,0.829,0.83427,37297.0
2008-09-24 21:00:00+00:00,0.83427,0.84266,0.83176,0.8353,37632.0
2008-09-25 21:00:00+00:00,0.8353,0.83786,0.82401,0.83105,33016.0
2008-09-27 21:00:00+00:00,0.8317,0.83435,0.8276,0.8277,248.0
2008-09-28 21:00:00+00:00,0.82795,0.83315,0.80026,0.80458,32623.0
2008-09-29 21:00:00+00:00,0.80458,0.80974,0.7867,0.79238,36531.0
2008-09-30 21:00:00+00:00,0.79238,0.80216,0.78695,0.7874,32980.0
2008-10-01 21:00:00+00:00,0.7874,0.79438,0.76982,0.77244,34068.0
2008-10-02 21:00:00+00:00,0.77244,0.78169,0.77129,0.774,33775.0
2008-10-03 21:00:00+00:00,0.77415,0.77415,0.77415,0.77415,1.0
2008-10-04 21:00:00+00:00,0.77116,0.77277,0.76735,0.7718,616.0
2008-10-05 21:00:00+00:00,0.7718,0.77387,0.69895,0.72235,39739.0
2008-10-06 21:00:00+00:00,0.72235,0.7356,0.70076,0.7058,42041.0
2008-10-07 21:00:00+00:00,0.7058,0.71578,0.64457,0.6645,50172.0
2008-10-08 21:00:00+00:00,0.6645,0.71345,0.66325,0.6842,43041.0
2008-10-09 21:00:00+00:00,0.6843,0.6887,0.63245,0.64325,48698.0
2008-10-11 21:00:00+00:00,0.66025,0.6729,0.6554,0.67248,1129.0
2008-10-12 21:00:00+00:00,0.6724,0.70011,0.65444,0.6987,41064.0
2008-10-13 21:00:00+00:00,0.6987,0.72382,0.6934,0.697,50762.0
2008-10-14 21:00:00+00:00,0.697,0.70767,0.65875,0.6618,44768.0
2008-10-15 21:00:00+00:00,0.6618,0.69113,0.64993,0.69103,43370.0
2008-10-16 21:00:00+00:00,0.69103,0.7009,0.67306,0.68885,39646.0
2008-10-18 21:00:00+00:00,0.68885,0.699,0.68885,0.6955,212.0
2008-10-19 21:00:00+00:00,0.6949,0.70495,0.68822,0.70445,36252.0
2008-10-20 21:00:00+00:00,0.70445,0.70645,0.67075,0.6711,39132.0
2008-10-21 21:00:00+00:00,0.6711,0.6826,0.66298,0.67303,48600.0
2008-10-22 21:00:00+00:00,0.67303,0.67626,0.6529,0.66953,40687.0
2008-10-23 21:00:00+00:00,0.66953,0.67523,0.60518,0.62252,77547.0
2008-10-25 21:00:00+00:00,0.62252,0.62625,0.61765,0.6187,169.0
2008-10-26 21:00:00+00:00,0.61868,0.62473,0.60093,0.60135,40169.0
2008-10-27 21:00:00+00:00,0.60135,0.64453,0.60103,0.64128,39085.0
2008-10-28 21:00:00+00:00,0.64128,0.67976,0.63355,0.6681,42444.0
2008-10-29 21:00:00+00:00,0.6681,0.68944,0.66178,0.68227,41661.0
2008-10-30 21:00:00+00:00,0.68244,0.68252,0.65497,0.6677,38774.0
2008-11-01 21:00:00+00:00,0.66765,0.6717,0.6672,0.66771,540.0
2008-11-02 22:00:00+00:00,0.6677,0.68618,0.66434,0.6764,46616.0
2008-11-03 22:00:00+00:00,0.6764,0.70146,0.66025,0.69878,73103.0
2008-11-04 22:00:00+00:00,0.69878,0.7013,0.6808,0.68165,76402.0
2008-11-05 22:00:00+00:00,0.68165,0.6904,0.66377,0.6656,68061.0
2008-11-06 22:00:00+00:00,0.6656,0.67894,0.65426,0.6743,47406.0
2008-11-08 22:00:00+00:00,0.6745,0.68653,0.6745,0.68625,438.0
2008-11-09 22:00:00+00:00,0.68575,0.69871,0.66524,0.66968,50949.0
2008-11-10 22:00:00+00:00,0.66968,0.67572,0.64765,0.65685,32788.0
2008-11-11 22:00:00+00:00,0.65685,0.66645,0.63466,0.6403,51800.0
2008-11-12 22:00:00+00:00,0.6403,0.6685,0.63422,0.66637,83716.0
2008-11-13 22:00:00+00:00,0.6663,0.66978,0.6463,0.6488,76074.0
2008-11-15 22:00:00+00:00,0.6481,0.649,0.63668,0.63693,606.0
2008-11-16 22:00:00+00:00,0.63705,0.65968,0.63628,0.64887,67023.0
2008-11-17 22:00:00+00:00,0.6488,0.65786,0.64111,0.6525,64362.0
2008-11-18 22:00:00+00:00,0.6525,0.65976,0.63581,0.63632,63017.0
2008-11-19 22:00:00+00:00,0.63628,0.64176,0.60746,0.6111,73711.0
2008-11-20 22:00:00+00:00,0.6111,0.63323,0.60765,0.6326,72794.0
2008-11-22 22:00:00+00:00,0.6326,0.63535,0.6304,0.63335,413.0
2008-11-23 22:00:00+00:00,0.63336,0.65416,0.62315,0.65396,36750.0
2008-11-24 22:00:00+00:00,0.654,0.66184,0.63316,0.64922,83584.0
2008-11-25 22:00:00+00:00,0.64918,0.65526,0.6429,0.65192,67585.0
2008-11-26 22:00:00+00:00,0.65192,0.66069,0.64788,0.65675,29663.0
2008-11-27 22:00:00+00:00,0.65675,0.65969,0.64919,0.65475,60963.0
2008-11-28 22:00:00+00:00,0.65475,0.65475,0.65475,0.65475,1.0
2008-11-29 22:00:00+00:00,0.65475,0.65475,0.6525,0.6534,233.0
2008-11-30 22:00:00+00:00,0.6534,0.65385,0.63702,0.64015,49399.0
2008-12-01 22:00:00+00:00,0.64015,0.64982,0.63335,0.64277,79786.0
2008-12-02 22:00:00+00:00,0.64272,0.64882,0.63946,0.64881,56128.0
2008-12-03 22:00:00+00:00,0.64887,0.65358,0.6393,0.64433,48677.0
2008-12-04 22:00:00+00:00,0.64426,0.64888,0.62904,0.64635,47712.0
2008-12-05 22:00:00+00:00,0.64783,0.64783,0.64783,0.64783,6.0
2008-12-06 22:00:00+00:00,0.64773,0.6487,0.64535,0.64865,74.0
2008-12-07 22:00:00+00:00,0.64858,0.66912,0.64548,0.66465,45701.0
2008-12-08 22:00:00+00:00,0.66465,0.6666,0.64946,0.65855,48973.0
2008-12-09 22:00:00+00:00,0.65866,0.66422,0.6521,0.65629,50741.0
2008-12-10 22:00:00+00:00,0.65645,0.68004,0.65456,0.6717,63575.0
2008-12-11 22:00:00+00:00,0.6717,0.67345,0.64889,0.66433,57751.0
2008-12-13 22:00:00+00:00,0.6636,0.66453,0.66228,0.66348,269.0
2008-12-14 22:00:00+00:00,0.66343,0.67452,0.66118,0.66855,34565.0
2008-12-15 22:00:00+00:00,0.6687,0.69834,0.6663,0.69399,59935.0
2008-12-16 22:00:00+00:00,0.694,0.70517,0.68609,0.70384,43314.0
2008-12-17 22:00:00+00:00,0.70384,0.71382,0.67631,0.68682,55259.0
2008-12-18 22:00:00+00:00,0.68682,0.69278,0.67682,0.68025,51311.0
2008-12-20 22:00:00+00:00,0.68025,0.68355,0.68025,0.68345,328.0
2008-12-21 22:00:00+00:00,0.6834,0.68948,0.67992,0.68386,37184.0
2008-12-22 22:00:00+00:00,0.68392,0.68527,0.6779,0.68035,21736.0
2008-12-23 22:00:00+00:00,0.68035,0.68392,0.67566,0.68329,14614.0
2008-12-24 22:00:00+00:00,0.68325,0.6848,0.6802,0.68445,1111.0
2008-12-25 22:00:00+00:00,0.6841,0.68745,0.67954,0.6839,6946.0
2008-12-27 22:00:00+00:00,0.6839,0.688,0.6839,0.68625,111.0
2008-12-28 22:00:00+00:00,0.68625,0.69692,0.6836,0.68522,22691.0
2008-12-29 22:00:00+00:00,0.68522,0.69437,0.68498,0.69145,19524.0
2008-12-30 22:00:00+00:00,0.69145,0.71187,0.68509,0.703,18967.0
2008-12-31 22:00:00+00:00,0.70265,0.70697,0.70048,0.70548,246.0
2009-01-01 22:00:00+00:00,0.70545,0.71181,0.69175,0.71115,19175.0
2009-01-03 22:00:00+00:00,0.7138,0.71575,0.71115,0.7117,557.0
2009-01-04 22:00:00+00:00,0.71171,0.7206,0.70626,0.71743,27580.0
2009-01-05 22:00:00+00:00,0.71743,0.72685,0.70333,0.72326,48288.0
2009-01-06 22:00:00+00:00,0.72316,0.72696,0.70929,0.71253,38029.0
2009-01-07 22:00:00+00:00,0.71253,0.71415,0.6954,0.71216,45346.0
2009-01-08 22:00:00+00:00,0.71216,0.71226,0.7012,0.7033,36860.0
2009-01-10 22:00:00+00:00,0.70363,0.70391,0.69815,0.6991,346.0
2009-01-11 22:00:00+00:00,0.69915,0.70025,0.67878,0.68175,27259.0
2009-01-12 22:00:00+00:00,0.68175,0.68218,0.65748,0.66461,44788.0
2009-01-13 22:00:00+00:00,0.6646,0.68106,0.6581,0.66138,51506.0
2009-01-14 22:00:00+00:00,0.6612,0.67016,0.65372,0.66285,61919.0
2009-01-15 22:00:00+00:00,0.6628,0.67963,0.6627,0.67323,42113.0
2009-01-17 22:00:00+00:00,0.67264,0.67708,0.67264,0.67658,471.0
2009-01-18 22:00:00+00:00,0.67658,0.68431,0.66655,0.66683,30605.0
2009-01-19 22:00:00+00:00,0.66683,0.6684,0.64708,0.65083,51633.0
2009-01-20 22:00:00+00:00,0.6508,0.66594,0.64565,0.66179,79474.0
2009-01-21 22:00:00+00:00,0.66179,0.66506,0.6492,0.65536,44101.0
2009-01-22 22:00:00+00:00,0.65541,0.65872,0.64167,0.6539,49395.0
2009-01-24 22:00:00+00:00,0.6549,0.65848,0.6546,0.656,230.0
2009-01-25 22:00:00+00:00,0.65601,0.66448,0.64928,0.6596,37363.0
2009-01-26 22:00:00+00:00,0.6596,0.67186,0.65715,0.66105,37801.0
2009-01-27 22:00:00+00:00,0.66105,0.67333,0.6595,0.66608,39021.0
2009-01-28 22:00:00+00:00,0.66608,0.66815,0.65167,0.65222,28931.0
2009-01-29 22:00:00+00:00,0.65222,0.65245,0.6346,0.63557,36087.0
2009-01-30 22:00:00+00:00,0.63555,0.63555,0.63555,0.63555,1.0
2009-01-31 22:00:00+00:00,0.63555,0.63725,0.63408,0.63655,517.0
2009-02-01 22:00:00+00:00,0.63655,0.63782,0.62488,0.63155,34049.0
2009-02-02 22:00:00+00:00,0.63155,0.65462,0.6296,0.6514,45453.0
2009-02-03 22:00:00+00:00,0.65126,0.65375,0.63542,0.64346,53300.0
2009-02-04 22:00:00+00:00,0.64346,0.65826,0.64026,0.65245,46405.0
2009-02-05 22:00:00+00:00,0.65259,0.68035,0.64754,0.67533,42711.0
2009-02-06 22:00:00+00:00,0.6747,0.6747,0.6746,0.6747,3.0
2009-02-07 22:00:00+00:00,0.6749,0.676,0.672,0.6738,439.0
2009-02-08 22:00:00+00:00,0.67381,0.68494,0.66286,0.67857,30543.0
2009-02-09 22:00:00+00:00,0.67857,0.67987,0.6484,0.6548,43935.0
2009-02-10 22:00:00+00:00,0.6548,0.66025,0.64817,0.6564,38786.0
2009-02-11 22:00:00+00:00,0.6564,0.66164,0.64312,0.65243,55303.0
2009-02-12 22:00:00+00:00,0.65273,0.6643,0.6523,0.65677,33089.0
2009-02-13 22:00:00+00:00,0.65677,0.65702,0.65677,0.65702,2.0
2009-02-14 22:00:00+00:00,0.65702,0.65702,0.65165,0.65165,586.0
2009-02-15 22:00:00+00:00,0.6516,0.65405,0.64746,0.65022,31561.0
2009-02-16 22:00:00+00:00,0.65022,0.65329,0.63428,0.63478,30269.0
2009-02-17 22:00:00+00:00,0.63421,0.64337,0.6331,0.637,43208.0
2009-02-18 22:00:00+00:00,0.637,0.6523,0.636,0.64362,34320.0
2009-02-19 22:00:00+00:00,0.64362,0.64996,0.63538,0.64521,33022.0
2009-02-21 22:00:00+00:00,0.64388,0.64521,0.64164,0.64481,281.0
2009-02-22 22:00:00+00:00,0.64492,0.6548,0.6403,0.64166,36821.0
2009-02-23 22:00:00+00:00,0.6417,0.65268,0.63895,0.65118,41430.0
2009-02-24 22:00:00+00:00,0.65118,0.65554,0.6455,0.647,41399.0
2009-02-25 22:00:00+00:00,0.647,0.6555,0.64615,0.6476,45360.0
2009-02-26 22:00:00+00:00,0.6476,0.64831,0.6339,0.63893,43751.0
2009-02-28 22:00:00+00:00,0.63815,0.63952,0.6361,0.6393,455.0
2009-03-01 22:00:00+00:00,0.63936,0.64003,0.62902,0.63016,37356.0
2009-03-02 22:00:00+00:00,0.63,0.64646,0.6286,0.63775,44764.0
2009-03-03 22:00:00+00:00,0.63775,0.65288,0.62857,0.64938,51738.0
2009-03-04 22:00:00+00:00,0.64938,0.64938,0.6356,0.63826,39439.0
2009-03-05 22:00:00+00:00,0.63826,0.64718,0.6369,0.6403,71742.0
2009-03-07 22:00:00+00:00,0.64036,0.64098,0.63985,0.6402,14.0
2009-03-08 21:00:00+00:00,0.6402,0.645,0.6307,0.63178,38242.0
2009-03-09 21:00:00+00:00,0.63178,0.64892,0.63078,0.64586,54279.0
2009-03-10 21:00:00+00:00,0.6459,0.65264,0.63992,0.6523,51975.0
2009-03-11 21:00:00+00:00,0.6523,0.65778,0.64116,0.65468,56974.0
2009-03-12 21:00:00+00:00,0.65468,0.66047,0.64864,0.65812,38903.0
2009-03-13 21:00:00+00:00,0.65817,0.65817,0.65817,0.65817,1.0
2009-03-14 21:00:00+00:00,0.65757,0.65795,0.6543,0.65484,454.0
2009-03-15 21:00:00+00:00,0.65485,0.66379,0.65279,0.65913,36570.0
2009-03-16 21:00:00+00:00,0.65913,0.66244,0.65666,0.6619,37506.0
2009-03-17 21:00:00+00:00,0.6618,0.68032,0.65664,0.67643,38916.0
2009-03-18 21:00:00+00:00,0.67643,0.69448,0.67238,0.68516,76605.0
2009-03-19 21:00:00+00:00,0.68516,0.69326,0.68458,0.68687,48390.0
2009-03-21 21:00:00+00:00,0.68697,0.69027,0.68677,0.68972,1659.0
2009-03-22 21:00:00+00:00,0.68973,0.70586,0.68927,0.70524,36314.0
2009-03-23 21:00:00+00:00,0.70524,0.7095,0.69338,0.69555,51028.0
2009-03-24 21:00:00+00:00,0.6955,0.70512,0.69032,0.69776,43074.0
2009-03-25 21:00:00+00:00,0.69776,0.70408,0.69608,0.7016,48745.0
2009-03-26 21:00:00+00:00,0.7016,0.70321,0.6866,0.69415,46493.0
2009-03-28 21:00:00+00:00,0.69356,0.69356,0.68967,0.68967,65.0
2009-03-29 21:00:00+00:00,0.68955,0.69288,0.67703,0.6814,44683.0
2009-03-30 21:00:00+00:00,0.6814,0.69708,0.6788,0.69122,38340.0
2009-03-31 21:00:00+00:00,0.69122,0.69974,0.68558,0.69926,42610.0
2009-04-01 21:00:00+00:00,0.69926,0.71988,0.6976,0.71513,57703.0
2009-04-02 21:00:00+00:00,0.71518,0.72307,0.70582,0.71499,48166.0
2009-04-04 21:00:00+00:00,0.71499,0.71641,0.71383,0.7154,671.0
2009-04-05 21:00:00+00:00,0.7154,0.72093,0.70792,0.71388,43297.0
2009-04-06 21:00:00+00:00,0.71388,0.71696,0.70443,0.71097,43130.0
2009-04-07 21:00:00+00:00,0.71097,0.71284,0.70326,0.71016,61914.0
2009-04-08 21:00:00+00:00,0.71016,0.7203,0.70527,0.71927,54259.0
2009-04-09 21:00:00+00:00,0.71907,0.72074,0.71742,0.71957,12160.0
2009-04-11 21:00:00+00:00,0.7196,0.72993,0.71893,0.72715,1471.0
2009-04-12 21:00:00+00:00,0.7273,0.73286,0.7186,0.73185,17025.0
2009-04-13 21:00:00+00:00,0.73185,0.7326,0.72302,0.7237,47585.0
2009-04-14 21:00:00+00:00,0.7237,0.7294,0.7147,0.7288,59246.0
2009-04-15 21:00:00+00:00,0.7288,0.7316,0.71368,0.72048,50326.0
2009-04-16 21:00:00+00:00,0.72048,0.7229,0.71674,0.72252,34182.0
2009-04-18 21:00:00+00:00,0.72211,0.72485,0.72211,0.72472,534.0
2009-04-19 21:00:00+00:00,0.72472,0.72481,0.69532,0.69651,41609.0
2009-04-20 21:00:00+00:00,0.69651,0.71312,0.69648,0.71153,65476.0
2009-04-21 21:00:00+00:00,0.71151,0.71215,0.70029,0.70538,66753.0
2009-04-22 21:00:00+00:00,0.70538,0.7157,0.70299,0.71475,49267.0
2009-04-23 21:00:00+00:00,0.71475,0.72409,0.71066,0.7233,58060.0
2009-04-25 21:00:00+00:00,0.72309,0.72387,0.72192,0.72207,516.0
2009-04-26 21:00:00+00:00,0.72207,0.72207,0.70889,0.71005,43256.0
2009-04-27 21:00:00+00:00,0.71005,0.7102,0.69896,0.70612,55851.0
2009-04-28 21:00:00+00:00,0.70612,0.73008,0.70487,0.7271,51517.0
2009-04-29 21:00:00+00:00,0.7271,0.73847,0.7233,0.7256,65786.0
2009-04-30 21:00:00+00:00,0.7256,0.73462,0.72422,0.73066,43869.0
2009-05-02 21:00:00+00:00,0.72987,0.73199,0.72987,0.73196,218.0
2009-05-03 21:00:00+00:00,0.73196,0.7411,0.73145,0.73988,34767.0
2009-05-04 21:00:00+00:00,0.73983,0.74804,0.73775,0.74258,44990.0
2009-05-05 21:00:00+00:00,0.7426,0.75032,0.73365,0.74829,48066.0
2009-05-06 21:00:00+00:00,0.74829,0.76162,0.74585,0.7539,61865.0
2009-05-07 21:00:00+00:00,0.7539,0.77088,0.7507,0.76865,64847.0
2009-05-09 21:00:00+00:00,0.76791,0.76953,0.7676,0.76893,336.0
2009-05-10 21:00:00+00:00,0.76888,0.77138,0.75814,0.75866,52828.0
2009-05-11 21:00:00+00:00,0.75866,0.76815,0.75612,0.76509,55465.0
2009-05-12 21:00:00+00:00,0.76499,0.77042,0.75082,0.75326,72121.0
2009-05-13 21:00:00+00:00,0.75326,0.7618,0.74666,0.7602,71534.0
2009-05-14 21:00:00+00:00,0.7602,0.76085,0.7477,0.74908,54288.0
2009-05-16 21:00:00+00:00,0.74935,0.74952,0.74688,0.74868,110.0
2009-05-17 21:00:00+00:00,0.74868,0.76686,0.74508,0.76576,52382.0
2009-05-18 21:00:00+00:00,0.76576,0.77844,0.76291,0.77465,67975.0
2009-05-19 21:00:00+00:00,0.77465,0.78091,0.76859,0.77503,60022.0
2009-05-20 21:00:00+00:00,0.77508,0.77935,0.76694,0.77837,70309.0
2009-05-21 21:00:00+00:00,0.77842,0.78683,0.77696,0.78277,48944.0
2009-05-23 21:00:00+00:00,0.78275,0.78275,0.77939,0.78075,469.0
2009-05-24 21:00:00+00:00,0.78091,0.78372,0.77735,0.78219,12632.0
2009-05-25 21:00:00+00:00,0.78218,0.78838,0.77027,0.7862,47578.0
2009-05-26 21:00:00+00:00,0.7862,0.78914,0.77471,0.77565,73692.0
2009-05-27 21:00:00+00:00,0.77565,0.78692,0.77435,0.78398,82653.0
2009-05-28 21:00:00+00:00,0.78398,0.80164,0.783,0.80119,73352.0
2009-05-29 21:00:00+00:00,0.80097,0.80097,0.80097,0.80097,2.0
2009-05-30 21:00:00+00:00,0.80073,0.80718,0.80073,0.80413,1181.0
2009-05-31 21:00:00+00:00,0.80413,0.81543,0.7991,0.81008,63408.0
2009-06-01 21:00:00+00:00,0.81008,0.82321,0.8051,0.82092,72039.0
2009-06-02 21:00:00+00:00,0.82092,0.82648,0.79327,0.80072,85854.0
2009-06-03 21:00:00+00:00,0.80072,0.80912,0.78904,0.80184,69565.0
2009-06-04 21:00:00+00:00,0.80184,0.8124,0.7918,0.79325,64908.0
2009-06-06 21:00:00+00:00,0.79325,0.79606,0.79325,0.79581,474.0
2009-06-07 21:00:00+00:00,0.79548,0.79867,0.78284,0.78914,49128.0
2009-06-08 21:00:00+00:00,0.78898,0.80442,0.78542,0.80144,29932.0
2009-06-09 21:00:00+00:00,0.80142,0.81352,0.79686,0.80324,29205.0
2009-06-10 21:00:00+00:00,0.80319,0.82376,0.80087,0.81918,33342.0
2009-06-11 21:00:00+00:00,0.81915,0.82124,0.8059,0.81241,28984.0
2009-06-13 21:00:00+00:00,0.8124,0.81382,0.80897,0.80922,167.0
2009-06-14 21:00:00+00:00,0.80936,0.8101,0.79052,0.79506,29145.0
2009-06-15 21:00:00+00:00,0.79516,0.80684,0.78606,0.79343,34701.0
2009-06-16 21:00:00+00:00,0.79339,0.7997,0.78512,0.79447,37041.0
2009-06-17 21:00:00+00:00,0.79437,0.80544,0.79131,0.79849,31539.0
2009-06-18 21:00:00+00:00,0.79845,0.81186,0.7981,0.8064,24350.0
2009-06-20 21:00:00+00:00,0.80631,0.80962,0.80432,0.805,165.0
2009-06-21 21:00:00+00:00,0.80481,0.80635,0.78516,0.78575,28177.0
2009-06-22 21:00:00+00:00,0.7858,0.79774,0.77898,0.79395,36539.0
2009-06-23 21:00:00+00:00,0.79385,0.8055,0.79178,0.79685,33175.0
2009-06-24 21:00:00+00:00,0.79681,0.80392,0.79329,0.80256,30127.0
2009-06-25 21:00:00+00:00,0.8026,0.80872,0.80249,0.80733,25153.0
2009-06-26 21:00:00+00:00,0.80733,0.80733,0.80733,0.80733,1.0
2009-06-27 21:00:00+00:00,0.80733,0.80858,0.80619,0.80759,86.0
2009-06-28 21:00:00+00:00,0.80774,0.80968,0.79846,0.8083,18885.0
2009-06-29 21:00:00+00:00,0.80827,0.81558,0.80394,0.80644,26793.0
2009-06-30 21:00:00+00:00,0.80642,0.81088,0.80242,0.8085,26225.0
2009-07-01 21:00:00+00:00,0.80847,0.81001,0.79356,0.79382,25139.0
2009-07-02 21:00:00+00:00,0.79379,0.80074,0.79028,0.7969,14387.0
2009-07-04 21:00:00+00:00,0.7969,0.797,0.79467,0.79476,156.0
2009-07-05 21:00:00+00:00,0.79471,0.79806,0.78798,0.7977,23718.0
2009-07-06 21:00:00+00:00,0.79755,0.80386,0.78839,0.78908,26109.0
2009-07-07 21:00:00+00:00,0.78903,0.78976,0.77238,0.77842,34824.0
2009-07-08 21:00:00+00:00,0.77847,0.78615,0.77553,0.78295,29656.0
2009-07-09 21:00:00+00:00,0.783,0.78494,0.77394,0.77878,28675.0
2009-07-11 21:00:00+00:00,0.77878,0.77948,0.77805,0.77881,126.0
2009-07-12 21:00:00+00:00,0.77891,0.78354,0.77032,0.7831,26790.0
2009-07-13 21:00:00+00:00,0.7832,0.7938,0.78136,0.79281,27961.0
2009-07-14 21:00:00+00:00,0.79291,0.80568,0.79255,0.80309,22018.0
2009-07-15 21:00:00+00:00,0.8029,0.80722,0.79606,0.80619,28096.0
2009-07-16 21:00:00+00:00,0.80628,0.80639,0.79712,0.80241,23193.0
2009-07-18 21:00:00+00:00,0.80138,0.80172,0.80012,0.80092,134.0
2009-07-19 21:00:00+00:00,0.80081,0.81754,0.80042,0.81658,20648.0
2009-07-20 21:00:00+00:00,0.81654,0.81934,0.8091,0.81829,21574.0
2009-07-21 21:00:00+00:00,0.81826,0.82138,0.80998,0.81569,22591.0
2009-07-22 21:00:00+00:00,0.81563,0.82226,0.81088,0.81208,22131.0
2009-07-23 21:00:00+00:00,0.81215,0.81892,0.81205,0.81718,18350.0
2009-07-25 21:00:00+00:00,0.81623,0.81962,0.81623,0.81887,140.0
2009-07-26 21:00:00+00:00,0.81884,0.82598,0.81458,0.82268,18564.0
2009-07-27 21:00:00+00:00,0.82258,0.83381,0.82009,0.82683,22141.0
2009-07-28 21:00:00+00:00,0.82693,0.82787,0.8126,0.8175,26553.0
2009-07-29 21:00:00+00:00,0.81738,0.82869,0.81438,0.82574,23452.0
2009-07-30 21:00:00+00:00,0.82571,0.83662,0.82386,0.83585,21276.0
2009-08-01 21:00:00+00:00,0.83601,0.83615,0.83529,0.8357,95.0
2009-08-02 21:00:00+00:00,0.83562,0.84401,0.83405,0.84198,22538.0
2009-08-03 21:00:00+00:00,0.84204,0.84715,0.83859,0.84442,24757.0
2009-08-04 21:00:00+00:00,0.84446,0.84562,0.8362,0.84046,22834.0
2009-08-05 21:00:00+00:00,0.84044,0.84618,0.83697,0.83966,23516.0
2009-08-06 21:00:00+00:00,0.83906,0.84539,0.83459,0.83724,25189.0
2009-08-07 21:00:00+00:00,0.83724,0.83724,0.83724,0.83724,4.0
2009-08-08 21:00:00+00:00,0.83724,0.83734,0.83307,0.83397,608.0
2009-08-09 21:00:00+00:00,0.83394,0.84301,0.8332,0.83736,22442.0
2009-08-10 21:00:00+00:00,0.83748,0.83894,0.82764,0.82908,19694.0
2009-08-11 21:00:00+00:00,0.82925,0.8371,0.81804,0.83368,24257.0
2009-08-12 21:00:00+00:00,0.83361,0.84541,0.83171,0.84281,24311.0
2009-08-13 21:00:00+00:00,0.84276,0.84784,0.82764,0.8326,23782.0
2009-08-15 21:00:00+00:00,0.83235,0.83245,0.82856,0.8288,211.0
2009-08-16 21:00:00+00:00,0.82931,0.8316,0.81562,0.82044,26125.0
2009-08-17 21:00:00+00:00,0.82048,0.82743,0.81958,0.82686,21531.0
2009-08-18 21:00:00+00:00,0.82679,0.8314,0.81762,0.82867,23359.0
2009-08-19 21:00:00+00:00,0.82864,0.8333,0.82696,0.83127,20150.0
2009-08-20 21:00:00+00:00,0.83146,0.83965,0.8216,0.83487,22507.0
2009-08-22 21:00:00+00:00,0.83487,0.83676,0.83487,0.83655,44.0
2009-08-23 21:00:00+00:00,0.83635,0.84295,0.83589,0.83894,18205.0
2009-08-24 21:00:00+00:00,0.83891,0.84283,0.83384,0.8356,20325.0
2009-08-25 21:00:00+00:00,0.83549,0.83886,0.82535,0.82832,21706.0
2009-08-26 21:00:00+00:00,0.82723,0.84178,0.82389,0.83925,22790.0
2009-08-27 21:00:00+00:00,0.8393,0.84719,0.83769,0.841,20460.0
2009-08-29 21:00:00+00:00,0.8417,0.84235,0.84142,0.84151,53.0
2009-08-30 21:00:00+00:00,0.84162,0.846,0.83406,0.84397,20569.0
2009-08-31 21:00:00+00:00,0.84418,0.84514,0.82448,0.82608,26341.0
2009-09-01 21:00:00+00:00,0.82595,0.83732,0.82406,0.83372,26177.0
2009-09-02 21:00:00+00:00,0.8338,0.84274,0.83164,0.84024,20420.0
2009-09-03 21:00:00+00:00,0.84014,0.85362,0.83787,0.85066,17842.0
2009-09-05 21:00:00+00:00,0.85167,0.85188,0.85075,0.85144,160.0
2009-09-06 21:00:00+00:00,0.85153,0.85774,0.85115,0.85576,9914.0
2009-09-07 21:00:00+00:00,0.85573,0.86587,0.85294,0.86164,19388.0
2009-09-08 21:00:00+00:00,0.86149,0.86683,0.85663,0.86237,21689.0
2009-09-09 21:00:00+00:00,0.86233,0.86445,0.85464,0.86396,21691.0
2009-09-10 21:00:00+00:00,0.86393,0.86759,0.86072,0.86336,21163.0
2009-09-11 21:00:00+00:00,0.86343,0.86356,0.86343,0.86356,2.0
2009-09-12 21:00:00+00:00,0.86348,0.86447,0.86216,0.86229,169.0
2009-09-13 21:00:00+00:00,0.86224,0.86315,0.85442,0.86218,20323.0
2009-09-14 21:00:00+00:00,0.86214,0.86466,0.85642,0.86336,20412.0
2009-09-15 21:00:00+00:00,0.86342,0.87496,0.86254,0.87346,19665.0
2009-09-16 21:00:00+00:00,0.87342,0.87752,0.86916,0.87274,18686.0
2009-09-17 21:00:00+00:00,0.87264,0.87334,0.86543,0.86748,18678.0
2009-09-19 21:00:00+00:00,0.86789,0.86789,0.86707,0.86707,16.0
2009-09-20 21:00:00+00:00,0.86702,0.86833,0.8591,0.863,17496.0
2009-09-21 21:00:00+00:00,0.86296,0.87591,0.8625,0.87339,16641.0
2009-09-22 21:00:00+00:00,0.87336,0.8789,0.86875,0.86972,19937.0
2009-09-23 21:00:00+00:00,0.86994,0.87698,0.86211,0.86496,23117.0
2009-09-24 21:00:00+00:00,0.86489,0.87138,0.86086,0.86801,27076.0
2009-09-26 21:00:00+00:00,0.86769,0.86982,0.86769,0.86855,342.0
2009-09-27 21:00:00+00:00,0.86839,0.8756,0.8587,0.87241,19536.0
2009-09-28 21:00:00+00:00,0.87231,0.87616,0.86762,0.87033,19673.0
2009-09-29 21:00:00+00:00,0.87028,0.88472,0.87028,0.88268,21504.0
2009-09-30 21:00:00+00:00,0.88274,0.88599,0.86769,0.86971,21055.0
2009-10-01 21:00:00+00:00,0.86966,0.87122,0.8569,0.86524,23356.0
2009-10-02 21:00:00+00:00,0.86475,0.86475,0.86474,0.86474,5.0
2009-10-03 21:00:00+00:00,0.86474,0.86873,0.86451,0.86675,144.0
2009-10-04 21:00:00+00:00,0.86684,0.87977,0.86477,0.87784,16467.0
2009-10-05 21:00:00+00:00,0.87777,0.89205,0.87591,0.89032,19477.0
2009-10-06 21:00:00+00:00,0.89036,0.89503,0.88663,0.89119,18654.0
2009-10-07 21:00:00+00:00,0.89113,0.90908,0.89012,0.90619,19397.0
2009-10-08 21:00:00+00:00,0.90615,0.9084,0.9013,0.90372,19128.0
2009-10-10 21:00:00+00:00,0.90391,0.90469,0.90328,0.9042,313.0
2009-10-11 21:00:00+00:00,0.90425,0.90826,0.89838,0.90722,12951.0
2009-10-12 21:00:00+00:00,0.90744,0.91262,0.90328,0.90885,18183.0
2009-10-13 21:00:00+00:00,0.90881,0.91572,0.9053,0.91486,18485.0
2009-10-14 21:00:00+00:00,0.9148,0.92273,0.91455,0.92052,17682.0
2009-10-15 21:00:00+00:00,0.92065,0.92693,0.9124,0.91658,20333.0
2009-10-16 21:00:00+00:00,0.91647,0.91651,0.91647,0.91651,3.0
2009-10-17 21:00:00+00:00,0.91691,0.91727,0.91382,0.91396,322.0
2009-10-18 21:00:00+00:00,0.91402,0.92934,0.91136,0.92919,18395.0
2009-10-19 21:00:00+00:00,0.92926,0.9311,0.91824,0.92387,18939.0
2009-10-20 21:00:00+00:00,0.92381,0.93282,0.91926,0.92905,22380.0
2009-10-21 21:00:00+00:00,0.9289,0.92985,0.91852,0.92679,21701.0
2009-10-22 21:00:00+00:00,0.92691,0.92952,0.91996,0.92243,20639.0
2009-10-23 21:00:00+00:00,0.92247,0.92247,0.92247,0.92247,1.0
2009-10-24 21:00:00+00:00,0.92222,0.92222,0.91922,0.92037,297.0
2009-10-25 21:00:00+00:00,0.92029,0.92769,0.91258,0.91616,18485.0
2009-10-26 21:00:00+00:00,0.91621,0.92181,0.91225,0.91659,21500.0
2009-10-27 21:00:00+00:00,0.91663,0.92075,0.89617,0.89702,27818.0
2009-10-28 21:00:00+00:00,0.89716,0.91819,0.89441,0.91504,22500.0
2009-10-29 21:00:00+00:00,0.91499,0.9176,0.89793,0.89956,25242.0
2009-10-30 21:00:00+00:00,0.89963,0.89963,0.89963,0.89963,1.0
2009-10-31 21:00:00+00:00,0.899,0.90074,0.89544,0.89671,1114.0
2009-11-01 22:00:00+00:00,0.89678,0.9121,0.89068,0.90399,26857.0
2009-11-02 22:00:00+00:00,0.90395,0.90915,0.89164,0.90243,29155.0
2009-11-03 22:00:00+00:00,0.90252,0.91438,0.89573,0.90987,25218.0
2009-11-04 22:00:00+00:00,0.9101,0.91242,0.90252,0.91017,22511.0
2009-11-05 22:00:00+00:00,0.91021,0.9198,0.90913,0.91888,22731.0
2009-11-06 22:00:00+00:00,0.91896,0.91896,0.91896,0.91896,1.0
2009-11-07 22:00:00+00:00,0.91856,0.92371,0.91825,0.92274,814.0
2009-11-08 22:00:00+00:00,0.92286,0.93082,0.91957,0.9297,18754.0
2009-11-09 22:00:00+00:00,0.92965,0.93235,0.92555,0.93041,20554.0
2009-11-10 22:00:00+00:00,0.93032,0.93437,0.92707,0.92982,20869.0
2009-11-11 22:00:00+00:00,0.92987,0.93703,0.9211,0.9235,25024.0
2009-11-12 22:00:00+00:00,0.9234,0.9343,0.92239,0.93296,17771.0
2009-11-13 22:00:00+00:00,0.93353,0.93353,0.93346,0.93346,2.0
2009-11-14 22:00:00+00:00,0.93346,0.9347,0.93213,0.93389,339.0
2009-11-15 22:00:00+00:00,0.93385,0.94061,0.93168,0.93688,16572.0
2009-11-16 22:00:00+00:00,0.93682,0.93761,0.92378,0.93052,21048.0
2009-11-17 22:00:00+00:00,0.93048,0.93374,0.92664,0.92944,17081.0
2009-11-18 22:00:00+00:00,0.9294,0.93023,0.91318,0.91852,21695.0
2009-11-19 22:00:00+00:00,0.91856,0.92148,0.9061,0.91464,23865.0
2009-11-20 22:00:00+00:00,0.91475,0.91508,0.91475,0.91508,4.0
2009-11-21 22:00:00+00:00,0.91463,0.91543,0.91438,0.91486,181.0
2009-11-22 22:00:00+00:00,0.91468,0.9277,0.91125,0.92383,17338.0
2009-11-23 22:00:00+00:00,0.92387,0.92558,0.9132,0.91912,19568.0
2009-11-24 22:00:00+00:00,0.91928,0.93214,0.91888,0.93192,18398.0
2009-11-25 22:00:00+00:00,0.93188,0.93212,0.90944,0.91372,22609.0
2009-11-26 22:00:00+00:00,0.9138,0.91386,0.89468,0.90627,34071.0
2009-11-27 22:00:00+00:00,0.90623,0.90623,0.90623,0.90623,2.0
2009-11-28 22:00:00+00:00,0.90703,0.91723,0.90703,0.91253,1573.0
2009-11-29 22:00:00+00:00,0.9127,0.91938,0.90941,0.91588,27187.0
2009-11-30 22:00:00+00:00,0.916,0.92708,0.9106,0.92482,22719.0
2009-12-01 22:00:00+00:00,0.9247,0.92958,0.92318,0.92482,17883.0
2009-12-02 22:00:00+00:00,0.925,0.93221,0.92318,0.92382,19409.0
2009-12-03 22:00:00+00:00,0.92366,0.92935,0.91088,0.91468,21909.0
2009-12-04 22:00:00+00:00,0.91473,0.91473,0.91473,0.91473,2.0
2009-12-05 22:00:00+00:00,0.91573,0.9159,0.9128,0.9132,392.0
2009-12-06 22:00:00+00:00,0.91325,0.9188,0.90528,0.91268,23644.0
2009-12-07 22:00:00+00:00,0.91272,0.91642,0.90203,0.90368,23802.0
2009-12-08 22:00:00+00:00,0.90374,0.91136,0.90152,0.90854,21825.0
2009-12-09 22:00:00+00:00,0.9086,0.91902,0.90806,0.9165,19826.0
2009-12-10 22:00:00+00:00,0.91644,0.91955,0.9091,0.91271,16990.0
2009-12-11 22:00:00+00:00,0.91263,0.9128,0.91263,0.9128,2.0
2009-12-12 22:00:00+00:00,0.91184,0.91275,0.9105,0.9116,357.0
2009-12-13 22:00:00+00:00,0.91135,0.91746,0.90556,0.91668,18333.0
2009-12-14 22:00:00+00:00,0.91698,0.91742,0.90342,0.90618,15619.0
2009-12-15 22:00:00+00:00,0.90612,0.90701,0.89559,0.90068,21486.0
2009-12-16 22:00:00+00:00,0.90062,0.90124,0.88465,0.88672,22457.0
2009-12-17 22:00:00+00:00,0.88668,0.89167,0.88108,0.88999,20532.0
2009-12-19 22:00:00+00:00,0.89019,0.89363,0.89,0.89096,692.0
2009-12-20 22:00:00+00:00,0.891,0.89118,0.8806,0.88148,15379.0
2009-12-21 22:00:00+00:00,0.88128,0.88345,0.87508,0.87589,15021.0
2009-12-22 22:00:00+00:00,0.87572,0.88186,0.87349,0.87993,12386.0
2009-12-23 22:00:00+00:00,0.87986,0.88605,0.87823,0.88295,7043.0
2009-12-24 22:00:00+00:00,0.88299,0.88572,0.88194,0.8844,1256.0
2009-12-26 22:00:00+00:00,0.88445,0.88525,0.88445,0.88505,45.0
2009-12-27 22:00:00+00:00,0.88495,0.88912,0.88264,0.88702,5252.0
2009-12-28 22:00:00+00:00,0.88698,0.89933,0.88574,0.89484,10860.0
2009-12-29 22:00:00+00:00,0.89488,0.89592,0.8902,0.89446,10513.0
2009-12-30 22:00:00+00:00,0.89428,0.9012,0.89303,0.89775,10861.0
2009-12-31 22:00:00+00:00,0.89765,0.898,0.8975,0.89775,5.0
2010-01-02 22:00:00+00:00,0.8977,0.89909,0.8968,0.89856,330.0
2010-01-03 22:00:00+00:00,0.8986,0.91367,0.89389,0.91266,15449.0
2010-01-04 22:00:00+00:00,0.9127,0.91742,0.90927,0.91184,17119.0
2010-01-05 22:00:00+00:00,0.91176,0.92172,0.90989,0.91972,16740.0
2010-01-06 22:00:00+00:00,0.9196,0.92666,0.91596,0.9174,18321.0
2010-01-07 22:00:00+00:00,0.91752,0.92537,0.91236,0.92471,18262.0
2010-01-08 22:00:00+00:00,0.92471,0.92471,0.92471,0.92471,1.0
2010-01-09 22:00:00+00:00,0.92509,0.92998,0.92494,0.9291,1052.0
2010-01-10 22:00:00+00:00,0.92908,0.93252,0.92752,0.92964,15548.0
2010-01-11 22:00:00+00:00,0.9296,0.93061,0.91714,0.91998,21139.0
2010-01-12 22:00:00+00:00,0.92018,0.92674,0.91898,0.92414,18858.0
2010-01-13 22:00:00+00:00,0.92436,0.933,0.92164,0.93174,17895.0
2010-01-14 22:00:00+00:00,0.93182,0.93188,0.92154,0.92271,17260.0
2010-01-16 22:00:00+00:00,0.92259,0.92272,0.92048,0.92086,370.0
2010-01-17 22:00:00+00:00,0.9209,0.92796,0.91749,0.92628,10329.0
2010-01-18 22:00:00+00:00,0.92632,0.92744,0.91756,0.92316,16516.0
2010-01-19 22:00:00+00:00,0.9232,0.92424,0.90729,0.91006,24731.0
2010-01-20 22:00:00+00:00,0.9102,0.91464,0.89972,0.89988,26802.0
2010-01-21 22:00:00+00:00,0.89996,0.90928,0.89833,0.90061,25300.0
2010-01-22 22:00:00+00:00,0.90057,0.90057,0.90057,0.90057,1.0
2010-01-23 22:00:00+00:00,0.90098,0.90388,0.89963,0.90344,919.0
2010-01-24 22:00:00+00:00,0.90338,0.90932,0.90144,0.90414,18012.0
2010-01-25 22:00:00+00:00,0.90404,0.90844,0.89382,0.89856,23897.0
2010-01-26 22:00:00+00:00,0.8985,0.90456,0.89104,0.89532,27250.0
2010-01-27 22:00:00+00:00,0.89524,0.90478,0.89295,0.89464,25429.0
2010-01-28 22:00:00+00:00,0.89442,0.89626,0.88339,0.88374,27815.0
2010-01-29 22:00:00+00:00,0.88374,0.88374,0.88374,0.88374,1.0
2010-01-30 22:00:00+00:00,0.88396,0.8841,0.87784,0.87985,1371.0
2010-01-31 22:00:00+00:00,0.87996,0.8919,0.87886,0.89134,20427.0
2010-02-01 22:00:00+00:00,0.8913,0.89272,0.8781,0.88638,21439.0
2010-02-02 22:00:00+00:00,0.88628,0.8916,0.88134,0.88294,18419.0
2010-02-03 22:00:00+00:00,0.88284,0.88288,0.86074,0.86458,23897.0
2010-02-04 22:00:00+00:00,0.86446,0.87182,0.85785,0.86836,31208.0
2010-02-05 22:00:00+00:00,0.86845,0.86845,0.86845,0.86845,2.0
2010-02-06 22:00:00+00:00,0.86865,0.8725,0.86753,0.86762,1483.0
2010-02-07 22:00:00+00:00,0.86767,0.87089,0.86406,0.86464,19523.0
2010-02-08 22:00:00+00:00,0.86478,0.87972,0.86142,0.87874,25036.0
2010-02-09 22:00:00+00:00,0.8787,0.87966,0.87097,0.87548,23454.0
2010-02-10 22:00:00+00:00,0.8754,0.89206,0.875,0.89034,23995.0
2010-02-11 22:00:00+00:00,0.8903,0.89158,0.87848,0.88774,22324.0
2010-02-12 22:00:00+00:00,0.8877,0.8877,0.8877,0.8877,1.0
2010-02-13 22:00:00+00:00,0.8875,0.88875,0.88651,0.88835,329.0
2010-02-14 22:00:00+00:00,0.88839,0.89096,0.88482,0.8883,8577.0
2010-02-15 22:00:00+00:00,0.8882,0.90273,0.88774,0.9021,16315.0
2010-02-16 22:00:00+00:00,0.90202,0.9036,0.89738,0.89942,15453.0
2010-02-17 22:00:00+00:00,0.89938,0.90264,0.8924,0.89418,20543.0
2010-02-18 22:00:00+00:00,0.89442,0.89897,0.88786,0.89889,25123.0
2010-02-19 22:00:00+00:00,0.89894,0.89894,0.89894,0.89894,1.0
2010-02-20 22:00:00+00:00,0.89923,0.90201,0.89863,0.90132,637.0
2010-02-21 22:00:00+00:00,0.90127,0.90244,0.89735,0.90042,15888.0
2010-02-22 22:00:00+00:00,0.90038,0.90713,0.88788,0.8913,23088.0
2010-02-23 22:00:00+00:00,0.89122,0.8956,0.88576,0.89368,21150.0
2010-02-24 22:00:00+00:00,0.89352,0.89526,0.88006,0.88832,25163.0
2010-02-25 22:00:00+00:00,0.88838,0.89792,0.88627,0.89541,20564.0
2010-02-27 22:00:00+00:00,0.89537,0.89884,0.89512,0.89609,584.0
2010-02-28 22:00:00+00:00,0.89622,0.90158,0.89354,0.90096,20637.0
2010-03-01 22:00:00+00:00,0.9009,0.90596,0.89568,0.90352,23468.0
2010-03-02 22:00:00+00:00,0.90342,0.90854,0.90084,0.90582,20573.0
2010-03-03 22:00:00+00:00,0.90588,0.90634,0.89788,0.90014,20700.0
2010-03-04 22:00:00+00:00,0.89982,0.90934,0.89842,0.90767,16867.0
2010-03-06 22:00:00+00:00,0.90727,0.90847,0.90608,0.90834,451.0
2010-03-07 22:00:00+00:00,0.90802,0.91335,0.90768,0.90922,14818.0
2010-03-08 22:00:00+00:00,0.90918,0.91474,0.90555,0.914,17497.0
2010-03-09 22:00:00+00:00,0.91406,0.91934,0.91267,0.91548,16466.0
2010-03-10 22:00:00+00:00,0.91522,0.91702,0.91106,0.91534,16877.0
2010-03-11 22:00:00+00:00,0.9153,0.91941,0.91408,0.91523,15909.0
2010-03-12 22:00:00+00:00,0.91529,0.91529,0.91529,0.91529,1.0
2010-03-13 22:00:00+00:00,0.91567,0.92033,0.91548,0.9182,740.0
2010-03-14 21:00:00+00:00,0.91815,0.91834,0.90959,0.91474,17369.0
2010-03-15 21:00:00+00:00,0.91462,0.91924,0.912,0.91852,16008.0
2010-03-16 21:00:00+00:00,0.91864,0.92519,0.91741,0.9236,15535.0
2010-03-17 21:00:00+00:00,0.92352,0.92426,0.91801,0.9207,14765.0
2010-03-18 21:00:00+00:00,0.92052,0.92244,0.9129,0.91539,16999.0
2010-03-20 21:00:00+00:00,0.91551,0.91605,0.91375,0.9157,209.0
2010-03-21 21:00:00+00:00,0.91555,0.9184,0.90852,0.91828,16495.0
2010-03-22 21:00:00+00:00,0.91816,0.91984,0.91365,0.91874,13451.0
2010-03-23 21:00:00+00:00,0.9187,0.91972,0.90714,0.90736,19445.0
2010-03-24 21:00:00+00:00,0.9074,0.91402,0.9066,0.90734,18362.0
2010-03-25 21:00:00+00:00,0.90752,0.9117,0.90016,0.90404,18688.0
2010-03-27 21:00:00+00:00,0.90372,0.90647,0.90372,0.90533,743.0
2010-03-28 21:00:00+00:00,0.90517,0.91788,0.90332,0.9177,14597.0
2010-03-29 21:00:00+00:00,0.91776,0.92156,0.91596,0.9195,14126.0
2010-03-30 21:00:00+00:00,0.9194,0.92067,0.91311,0.91708,16905.0
2010-03-31 21:00:00+00:00,0.91702,0.9217,0.91508,0.92108,14151.0
2010-04-01 21:00:00+00:00,0.9212,0.9214,0.91829,0.91915,4862.0
2010-04-02 21:00:00+00:00,0.9194,0.9194,0.9194,0.9194,1.0
2010-04-03 21:00:00+00:00,0.9194,0.92035,0.9194,0.9202,115.0
2010-04-04 21:00:00+00:00,0.92025,0.9221,0.91867,0.92136,5574.0
2010-04-05 21:00:00+00:00,0.9214,0.92888,0.91657,0.92822,15094.0
2010-04-06 21:00:00+00:00,0.92806,0.92976,0.92487,0.92674,12303.0
2010-04-07 21:00:00+00:00,0.92682,0.92904,0.92239,0.92878,12066.0
2010-04-08 21:00:00+00:00,0.9287,0.93462,0.92654,0.93308,11815.0
2010-04-09 21:00:00+00:00,0.93325,0.93325,0.93325,0.93325,1.0
2010-04-10 21:00:00+00:00,0.9347,0.9389,0.93345,0.93839,868.0
2010-04-11 21:00:00+00:00,0.93847,0.93887,0.92526,0.92744,12741.0
2010-04-12 21:00:00+00:00,0.92756,0.92944,0.92235,0.92922,12626.0
2010-04-13 21:00:00+00:00,0.92926,0.93605,0.92735,0.93506,12214.0
2010-04-14 21:00:00+00:00,0.9351,0.93641,0.9311,0.9345,10671.0
2010-04-15 21:00:00+00:00,0.93456,0.9354,0.92318,0.92415,16776.0
2010-04-17 21:00:00+00:00,0.92395,0.9241,0.92109,0.92137,672.0
2010-04-18 21:00:00+00:00,0.92125,0.92446,0.91579,0.92388,17338.0
2010-04-19 21:00:00+00:00,0.92394,0.93239,0.9239,0.93176,14279.0
2010-04-20 21:00:00+00:00,0.93182,0.93378,0.92595,0.92684,13866.0
2010-04-21 21:00:00+00:00,0.92648,0.93046,0.92278,0.92744,15902.0
2010-04-22 21:00:00+00:00,0.92756,0.92792,0.91711,0.9278,17566.0
2010-04-23 21:00:00+00:00,0.92785,0.92785,0.92765,0.92765,2.0
2010-04-24 21:00:00+00:00,0.92745,0.92787,0.92444,0.92589,207.0
2010-04-25 21:00:00+00:00,0.92593,0.93126,0.92528,0.9269,11385.0
2010-04-26 21:00:00+00:00,0.9268,0.92868,0.91357,0.9154,16888.0
2010-04-27 21:00:00+00:00,0.91546,0.92664,0.91364,0.92525,23187.0
2010-04-28 21:00:00+00:00,0.92526,0.92943,0.92225,0.92772,13379.0
2010-04-29 21:00:00+00:00,0.92766,0.93244,0.92361,0.92431,15872.0
2010-05-01 21:00:00+00:00,0.92325,0.92377,0.92098,0.92373,968.0
2010-05-02 21:00:00+00:00,0.92365,0.92748,0.92183,0.92612,11156.0
2010-05-03 21:00:00+00:00,0.926,0.92734,0.90838,0.90888,19496.0
2010-05-04 21:00:00+00:00,0.90884,0.91184,0.90207,0.90614,24910.0
2010-05-05 21:00:00+00:00,0.906,0.9093,0.87098,0.88506,47943.0
2010-05-06 21:00:00+00:00,0.8851,0.89381,0.88034,0.88765,58216.0
2010-05-08 21:00:00+00:00,0.88723,0.90173,0.88723,0.90115,1653.0
2010-05-09 21:00:00+00:00,0.90118,0.90784,0.89234,0.9028,33651.0
2010-05-10 21:00:00+00:00,0.90286,0.90362,0.89332,0.8951,27631.0
2010-05-11 21:00:00+00:00,0.89514,0.89801,0.88892,0.89362,22687.0
2010-05-12 21:00:00+00:00,0.89342,0.9026,0.89312,0.8961,21818.0
2010-05-13 21:00:00+00:00,0.89582,0.89738,0.88505,0.8858,25314.0
2010-05-15 21:00:00+00:00,0.88628,0.88629,0.88431,0.88508,206.0
2010-05-16 21:00:00+00:00,0.88512,0.88618,0.86861,0.87734,33085.0
2010-05-17 21:00:00+00:00,0.87742,0.87893,0.86258,0.8645,32900.0
2010-05-18 21:00:00+00:00,0.8645,0.8645,0.83569,0.84716,51779.0
2010-05-19 21:00:00+00:00,0.84702,0.84987,0.81513,0.81732,56680.0
2010-05-20 21:00:00+00:00,0.8169,0.83664,0.80732,0.83272,62859.0
2010-05-22 21:00:00+00:00,0.83312,0.83647,0.83164,0.83176,707.0
2010-05-23 21:00:00+00:00,0.83184,0.83581,0.81847,0.82652,36817.0
2010-05-24 21:00:00+00:00,0.82656,0.82782,0.8067,0.82772,42630.0
2010-05-25 21:00:00+00:00,0.82764,0.83906,0.81886,0.82154,40638.0
2010-05-26 21:00:00+00:00,0.82162,0.85294,0.82026,0.85142,37766.0
2010-05-27 21:00:00+00:00,0.85146,0.85514,0.84298,0.84743,34649.0
2010-05-29 21:00:00+00:00,0.84743,0.84743,0.84358,0.84549,254.0
2010-05-30 21:00:00+00:00,0.84568,0.85146,0.83828,0.84587,16272.0
2010-05-31 21:00:00+00:00,0.84548,0.84748,0.82822,0.8312,37899.0
2010-06-01 21:00:00+00:00,0.83106,0.84242,0.82764,0.84206,36055.0
2010-06-02 21:00:00+00:00,0.842,0.85228,0.83644,0.84482,29357.0
2010-06-03 21:00:00+00:00,0.84478,0.84773,0.82136,0.82338,34227.0
2010-06-04 21:00:00+00:00,0.82333,0.82333,0.82333,0.82333,1.0
2010-06-05 21:00:00+00:00,0.82338,0.82386,0.82007,0.82012,331.0
2010-06-06 21:00:00+00:00,0.82008,0.8228,0.80968,0.81032,37233.0
2010-06-07 21:00:00+00:00,0.81036,0.82857,0.80822,0.82768,39549.0
2010-06-08 21:00:00+00:00,0.82772,0.83582,0.81947,0.82788,30695.0
2010-06-09 21:00:00+00:00,0.82808,0.85096,0.8263,0.8502,36057.0
2010-06-10 21:00:00+00:00,0.85012,0.85067,0.84257,0.85037,29161.0
2010-06-11 21:00:00+00:00,0.85047,0.85047,0.85037,0.85037,2.0
2010-06-12 21:00:00+00:00,0.85052,0.85395,0.85052,0.85315,535.0
2010-06-13 21:00:00+00:00,0.8531,0.86672,0.85101,0.85868,23670.0
2010-06-14 21:00:00+00:00,0.85872,0.86613,0.85062,0.86554,26638.0
2010-06-15 21:00:00+00:00,0.8655,0.86739,0.8582,0.86394,24125.0
2010-06-16 21:00:00+00:00,0.86402,0.86866,0.8582,0.86862,26234.0
2010-06-17 21:00:00+00:00,0.86868,0.87304,0.86524,0.87204,18737.0
2010-06-18 21:00:00+00:00,0.87196,0.87196,0.87196,0.87196,1.0
2010-06-19 21:00:00+00:00,0.87245,0.883,0.87235,0.88143,1788.0
2010-06-20 21:00:00+00:00,0.88156,0.88594,0.87528,0.87634,24763.0
2010-06-21 21:00:00+00:00,0.8764,0.88329,0.87136,0.87158,26148.0
2010-06-22 21:00:00+00:00,0.87164,0.87815,0.86608,0.8739,30659.0
2010-06-23 21:00:00+00:00,0.87376,0.87713,0.86419,0.8667,26836.0
2010-06-24 21:00:00+00:00,0.86674,0.87584,0.8596,0.87388,26356.0
2010-06-26 21:00:00+00:00,0.87398,0.87472,0.87314,0.87356,116.0
2010-06-27 21:00:00+00:00,0.87364,0.87772,0.87077,0.87214,20059.0
2010-06-28 21:00:00+00:00,0.87126,0.8721,0.84722,0.8487,27824.0
2010-06-29 21:00:00+00:00,0.84864,0.85658,0.84028,0.84072,28530.0
2010-06-30 21:00:00+00:00,0.8409,0.84486,0.83163,0.84338,34226.0
2010-07-01 21:00:00+00:00,0.8433,0.85103,0.84029,0.8416,28925.0
2010-07-02 21:00:00+00:00,0.84163,0.84175,0.84114,0.84114,4.0
2010-07-03 21:00:00+00:00,0.84115,0.84204,0.84035,0.84166,56.0
2010-07-04 21:00:00+00:00,0.84174,0.84673,0.83709,0.83933,12254.0
2010-07-05 21:00:00+00:00,0.83945,0.85601,0.83174,0.85262,25618.0
2010-07-06 21:00:00+00:00,0.85268,0.86637,0.84496,0.8643,23226.0
2010-07-07 21:00:00+00:00,0.86422,0.87907,0.86221,0.87736,22807.0
2010-07-08 21:00:00+00:00,0.87742,0.87873,0.87278,0.87762,16403.0
2010-07-10 21:00:00+00:00,0.8777,0.87921,0.87638,0.87754,279.0
2010-07-11 21:00:00+00:00,0.8775,0.87805,0.87022,0.87468,15371.0
2010-07-12 21:00:00+00:00,0.8758,0.88414,0.8683,0.88316,20311.0
2010-07-13 21:00:00+00:00,0.8832,0.88714,0.87857,0.88498,20033.0
2010-07-14 21:00:00+00:00,0.88504,0.88574,0.87282,0.88441,27162.0
2010-07-15 21:00:00+00:00,0.88455,0.88455,0.8682,0.86894,24338.0
2010-07-16 21:00:00+00:00,0.86887,0.86887,0.86872,0.86876,4.0
2010-07-17 21:00:00+00:00,0.8688,0.8688,0.86603,0.86637,303.0
2010-07-18 21:00:00+00:00,0.86631,0.87194,0.86336,0.86844,18910.0
2010-07-19 21:00:00+00:00,0.86838,0.88462,0.86682,0.88388,22487.0
2010-07-20 21:00:00+00:00,0.884,0.88589,0.8763,0.87808,23369.0
2010-07-21 21:00:00+00:00,0.87826,0.89524,0.87378,0.89336,23581.0
2010-07-22 21:00:00+00:00,0.89342,0.89711,0.88962,0.89565,26723.0
2010-07-23 21:00:00+00:00,0.89538,0.89538,0.89538,0.89538,1.0
2010-07-24 21:00:00+00:00,0.89538,0.89622,0.8932,0.89578,287.0
2010-07-25 21:00:00+00:00,0.89582,0.90352,0.89288,0.9026,20720.0
2010-07-26 21:00:00+00:00,0.90272,0.90689,0.90004,0.9024,18062.0
2010-07-27 21:00:00+00:00,0.90246,0.90252,0.89077,0.89318,22236.0
2010-07-28 21:00:00+00:00,0.89318,0.90434,0.89058,0.90044,20648.0
2010-07-29 21:00:00+00:00,0.9005,0.90669,0.89657,0.90421,23416.0
2010-07-30 21:00:00+00:00,0.90406,0.90406,0.90406,0.90406,1.0
2010-07-31 21:00:00+00:00,0.90406,0.90654,0.90328,0.90561,457.0
2010-08-01 21:00:00+00:00,0.90552,0.91455,0.9046,0.91366,16131.0
2010-08-02 21:00:00+00:00,0.91376,0.91494,0.90711,0.91274,17875.0
2010-08-03 21:00:00+00:00,0.91278,0.91836,0.90952,0.9166,18267.0
2010-08-04 21:00:00+00:00,0.91654,0.9176,0.91169,0.91564,15973.0
2010-08-05 21:00:00+00:00,0.91588,0.92218,0.91356,0.91825,18799.0
2010-08-06 21:00:00+00:00,0.9183,0.9183,0.9183,0.9183,1.0
2010-08-07 21:00:00+00:00,0.91821,0.91922,0.91821,0.91918,48.0
2010-08-08 21:00:00+00:00,0.9191,0.92054,0.91535,0.91648,12546.0
2010-08-09 21:00:00+00:00,0.91652,0.91662,0.90585,0.9136,20206.0
2010-08-10 21:00:00+00:00,0.91352,0.91416,0.89674,0.89702,22655.0
2010-08-11 21:00:00+00:00,0.8971,0.9008,0.89145,0.8963,24993.0
2010-08-12 21:00:00+00:00,0.89614,0.90355,0.89223,0.89288,18912.0
2010-08-14 21:00:00+00:00,0.89378,0.89429,0.89253,0.89318,108.0
2010-08-15 21:00:00+00:00,0.89313,0.89942,0.88593,0.89814,19394.0
2010-08-16 21:00:00+00:00,0.89808,0.90799,0.89455,0.9053,18849.0
2010-08-17 21:00:00+00:00,0.90518,0.90591,0.89733,0.89826,17938.0
2010-08-18 21:00:00+00:00,0.89832,0.90183,0.89059,0.8927,21580.0
2010-08-19 21:00:00+00:00,0.89266,0.89425,0.88414,0.89387,21132.0
2010-08-20 21:00:00+00:00,0.89391,0.89391,0.89391,0.89391,1.0
2010-08-21 21:00:00+00:00,0.89361,0.89391,0.884,0.88695,1234.0
2010-08-22 21:00:00+00:00,0.88671,0.89825,0.88608,0.89132,16589.0
2010-08-23 21:00:00+00:00,0.89144,0.89144,0.87959,0.88166,21941.0
2010-08-24 21:00:00+00:00,0.8816,0.8895,0.87709,0.88408,23226.0
2010-08-25 21:00:00+00:00,0.88402,0.89182,0.8832,0.88632,19832.0
2010-08-26 21:00:00+00:00,0.88614,0.89993,0.88454,0.89904,19103.0
2010-08-27 21:00:00+00:00,0.89914,0.89981,0.89914,0.89981,2.0
2010-08-28 21:00:00+00:00,0.89952,0.90321,0.89885,0.90206,393.0
2010-08-29 21:00:00+00:00,0.90195,0.90314,0.89178,0.89178,13035.0
2010-08-30 21:00:00+00:00,0.89188,0.89565,0.8861,0.89062,22772.0
2010-08-31 21:00:00+00:00,0.89058,0.91162,0.8901,0.91162,20415.0
2010-09-01 21:00:00+00:00,0.91158,0.9121,0.9054,0.91098,17213.0
2010-09-02 21:00:00+00:00,0.91102,0.91762,0.90667,0.91665,15935.0
2010-09-03 21:00:00+00:00,0.91665,0.91665,0.91665,0.91665,1.0
2010-09-04 21:00:00+00:00,0.91676,0.91676,0.91421,0.91553,334.0
2010-09-05 21:00:00+00:00,0.91559,0.91807,0.91468,0.91752,8133.0
2010-09-06 21:00:00+00:00,0.91746,0.91783,0.90924,0.91066,17891.0
2010-09-07 21:00:00+00:00,0.91062,0.91936,0.90978,0.9182,17447.0
2010-09-08 21:00:00+00:00,0.91832,0.92772,0.91712,0.92298,17256.0
2010-09-09 21:00:00+00:00,0.9231,0.92688,0.92057,0.9265,14859.0
2010-09-10 21:00:00+00:00,0.92638,0.92653,0.92638,0.92653,3.0
2010-09-11 21:00:00+00:00,0.92655,0.93105,0.92655,0.92962,1095.0
2010-09-12 21:00:00+00:00,0.92972,0.9362,0.92886,0.93594,12999.0
2010-09-13 21:00:00+00:00,0.93606,0.94573,0.93136,0.93962,17233.0
2010-09-14 21:00:00+00:00,0.93958,0.94299,0.9343,0.93817,20099.0
2010-09-15 21:00:00+00:00,0.93822,0.93956,0.93308,0.93686,18115.0
2010-09-16 21:00:00+00:00,0.93692,0.94686,0.93511,0.93621,17558.0
2010-09-17 21:00:00+00:00,0.93634,0.93634,0.93634,0.93634,1.0
2010-09-18 21:00:00+00:00,0.93641,0.93824,0.93579,0.93795,276.0
2010-09-19 21:00:00+00:00,0.9379,0.94941,0.9362,0.94728,13117.0
2010-09-20 21:00:00+00:00,0.94734,0.95644,0.94424,0.95522,17210.0
2010-09-21 21:00:00+00:00,0.95536,0.96005,0.95097,0.9568,18969.0
2010-09-22 21:00:00+00:00,0.95636,0.95749,0.94676,0.94898,20808.0
2010-09-23 21:00:00+00:00,0.9489,0.96148,0.94633,0.95903,20267.0
2010-09-25 21:00:00+00:00,0.95886,0.96242,0.95886,0.96139,399.0
2010-09-26 21:00:00+00:00,0.96129,0.96441,0.95739,0.96094,15794.0
2010-09-27 21:00:00+00:00,0.96086,0.96868,0.95598,0.9675,18604.0
2010-09-28 21:00:00+00:00,0.96754,0.97295,0.9659,0.96964,18860.0
2010-09-29 21:00:00+00:00,0.9697,0.97339,0.96247,0.96708,23304.0
2010-09-30 21:00:00+00:00,0.96714,0.97505,0.96366,0.97275,19145.0
2010-10-01 21:00:00+00:00,0.97279,0.97279,0.97279,0.97279,1.0
2010-10-02 21:00:00+00:00,0.97239,0.97369,0.97156,0.97284,293.0
2010-10-03 21:00:00+00:00,0.9727,0.9732,0.96529,0.96828,15996.0
2010-10-04 21:00:00+00:00,0.96825,0.97264,0.95419,0.97181,22830.0
2010-10-05 21:00:00+00:00,0.97184,0.97911,0.9694,0.97744,17584.0
2010-10-06 21:00:00+00:00,0.9772,0.99176,0.97567,0.98248,20548.0
2010-10-07 21:00:00+00:00,0.9823,0.98724,0.97092,0.98495,24429.0
2010-10-09 21:00:00+00:00,0.9849,0.98992,0.9849,0.98967,499.0
2010-10-10 21:00:00+00:00,0.98963,0.99065,0.98222,0.98386,14226.0
2010-10-11 21:00:00+00:00,0.9838,0.98774,0.97672,0.98622,21132.0
2010-10-12 21:00:00+00:00,0.9863,0.9937,0.98346,0.99048,16687.0
2010-10-13 21:00:00+00:00,0.9903,0.99942,0.98922,0.99416,20849.0
2010-10-14 21:00:00+00:00,0.9942,1.00024,0.98629,0.99082,25217.0
2010-10-16 21:00:00+00:00,0.99077,0.99462,0.99031,0.99289,1088.0
2010-10-17 21:00:00+00:00,0.99285,0.99444,0.98011,0.9889,21775.0
2010-10-18 21:00:00+00:00,0.98886,0.99576,0.96617,0.96862,33113.0
2010-10-19 21:00:00+00:00,0.96866,0.98898,0.96638,0.98714,28661.0
2010-10-20 21:00:00+00:00,0.9871,0.98917,0.97427,0.97726,28580.0
2010-10-21 21:00:00+00:00,0.9774,0.9854,0.97584,0.98275,19162.0
2010-10-22 21:00:00+00:00,0.98313,0.98313,0.98313,0.98313,1.0
2010-10-23 21:00:00+00:00,0.98238,0.98782,0.98238,0.98727,664.0
2010-10-24 21:00:00+00:00,0.98738,0.9974,0.98246,0.99046,20891.0
2010-10-25 21:00:00+00:00,0.99042,0.99271,0.98149,0.98536,21273.0
2010-10-26 21:00:00+00:00,0.98532,0.98682,0.9652,0.97196,26183.0
2010-10-27 21:00:00+00:00,0.97204,0.98202,0.9716,0.97892,21046.0
2010-10-28 21:00:00+00:00,0.97886,0.98386,0.96792,0.98357,23133.0
2010-10-29 21:00:00+00:00,0.98376,0.98376,0.98376,0.98376,1.0
2010-10-30 21:00:00+00:00,0.98375,0.98553,0.98246,0.98541,459.0
2010-10-31 21:00:00+00:00,0.98537,0.99148,0.98147,0.98714,18016.0
2010-11-01 21:00:00+00:00,0.9871,1.00236,0.98657,0.99954,20916.0
2010-11-02 21:00:00+00:00,0.99962,1.00634,0.9893,1.00616,26066.0
2010-11-03 21:00:00+00:00,1.00614,1.01762,1.00216,1.01486,21388.0
2010-11-04 21:00:00+00:00,1.01452,1.01829,1.00861,1.01586,26193.0
2010-11-06 21:00:00+00:00,1.01522,1.01555,1.01256,1.01536,495.0
2010-11-07 22:00:00+00:00,1.01539,1.01657,1.00786,1.01358,20886.0
2010-11-08 22:00:00+00:00,1.0135,1.01735,0.99989,1.00358,27207.0
2010-11-09 22:00:00+00:00,1.00342,1.00721,0.99756,1.00532,31118.0
2010-11-10 22:00:00+00:00,1.0049,1.00932,0.99564,0.99784,24331.0
2010-11-11 22:00:00+00:00,0.99788,1.0004,0.98256,0.98465,34624.0
2010-11-12 22:00:00+00:00,0.9844,0.9844,0.9844,0.9844,1.0
2010-11-13 22:00:00+00:00,0.98386,0.98928,0.98386,0.98905,813.0
2010-11-14 22:00:00+00:00,0.98891,0.99199,0.9813,0.9853,24709.0
2010-11-15 22:00:00+00:00,0.98526,0.98931,0.9725,0.97664,29564.0
2010-11-16 22:00:00+00:00,0.97674,0.98347,0.97264,0.97966,23627.0
2010-11-17 22:00:00+00:00,0.9797,0.99052,0.97876,0.98988,20197.0
2010-11-18 22:00:00+00:00,0.98966,0.9912,0.98128,0.98645,19787.0
2010-11-19 22:00:00+00:00,0.98651,0.98651,0.98651,0.98651,1.0
2010-11-20 22:00:00+00:00,0.98611,0.98889,0.98533,0.98728,768.0
2010-11-21 22:00:00+00:00,0.98733,0.99541,0.98228,0.98868,21314.0
2010-11-22 22:00:00+00:00,0.9886,0.98902,0.97084,0.97202,31620.0
2010-11-23 22:00:00+00:00,0.97208,0.98534,0.9719,0.9817,27034.0
2010-11-24 22:00:00+00:00,0.98166,0.98505,0.97619,0.98082,16344.0
2010-11-25 22:00:00+00:00,0.98078,0.98178,0.96129,0.96457,26341.0
2010-11-27 22:00:00+00:00,0.96468,0.97137,0.96467,0.96826,1433.0
2010-11-28 22:00:00+00:00,0.96822,0.96991,0.95662,0.96312,27967.0
2010-11-29 22:00:00+00:00,0.96308,0.96607,0.95444,0.95872,31484.0
2010-11-30 22:00:00+00:00,0.95876,0.96977,0.95375,0.96834,28380.0
2010-12-01 22:00:00+00:00,0.96826,0.97788,0.96234,0.97704,27178.0
2010-12-02 22:00:00+00:00,0.97708,0.99381,0.97396,0.99308,23567.0
2010-12-03 22:00:00+00:00,0.99313,0.99313,0.99313,0.99313,1.0
2010-12-04 22:00:00+00:00,0.99146,0.99274,0.98944,0.99004,596.0
2010-12-05 22:00:00+00:00,0.99011,0.9927,0.98494,0.98996,21386.0
2010-12-06 22:00:00+00:00,0.98974,0.99654,0.98222,0.98292,25146.0
2010-12-07 22:00:00+00:00,0.98265,0.98554,0.97518,0.97962,25391.0
2010-12-08 22:00:00+00:00,0.9795,0.98843,0.97762,0.98366,22311.0
2010-12-09 22:00:00+00:00,0.9837,0.98974,0.98286,0.98536,17328.0
2010-12-11 22:00:00+00:00,0.98496,0.98569,0.98354,0.98407,406.0
2010-12-12 22:00:00+00:00,0.98377,0.9985,0.98331,0.9962,14771.0
2010-12-13 22:00:00+00:00,0.99616,1.00288,0.99429,0.999,19891.0
2010-12-14 22:00:00+00:00,0.99896,0.9995,0.98412,0.98698,22445.0
2010-12-15 22:00:00+00:00,0.98694,0.99074,0.98314,0.99016,18868.0
2010-12-16 22:00:00+00:00,0.9901,0.99266,0.98408,0.988,16512.0
2010-12-17 22:00:00+00:00,0.98806,0.98806,0.98806,0.98806,1.0
2010-12-18 22:00:00+00:00,0.98871,0.98963,0.9864,0.98877,536.0
2010-12-19 22:00:00+00:00,0.98883,0.99493,0.98628,0.99346,16328.0
2010-12-20 22:00:00+00:00,0.9935,0.99932,0.99184,0.99792,15401.0
2010-12-21 22:00:00+00:00,0.9978,1.00105,0.99508,0.99896,13394.0
2010-12-22 22:00:00+00:00,0.99891,1.00666,0.99855,1.00421,12645.0
2010-12-23 22:00:00+00:00,1.00417,1.0052,1.00214,1.0047,6440.0
2010-12-25 22:00:00+00:00,1.0044,1.0047,0.99937,1.00057,542.0
2010-12-26 22:00:00+00:00,1.00082,1.00577,0.99885,1.00456,10334.0
2010-12-27 22:00:00+00:00,1.00455,1.01521,1.00407,1.01003,13450.0
2010-12-28 22:00:00+00:00,1.00998,1.01834,1.00889,1.01782,13706.0
2010-12-29 22:00:00+00:00,1.01792,1.01979,1.01187,1.01732,14112.0
2010-12-30 22:00:00+00:00,1.0174,1.02568,1.01513,1.02324,11245.0
2011-01-01 22:00:00+00:00,1.02305,1.02563,1.0198,1.02031,434.0
2011-01-02 22:00:00+00:00,1.02041,1.0225,1.01554,1.01672,9509.0
2011-01-03 22:00:00+00:00,1.0167,1.01713,1.0029,1.00518,19899.0
2011-01-04 22:00:00+00:00,1.00504,1.00763,0.99606,0.99952,22346.0
2011-01-05 22:00:00+00:00,0.99958,1.0015,0.9933,0.99436,17923.0
2011-01-06 22:00:00+00:00,0.99432,0.99928,0.99076,0.99586,20265.0
2011-01-08 22:00:00+00:00,0.99591,0.99719,0.99268,0.99282,708.0
2011-01-09 22:00:00+00:00,0.99286,0.99823,0.98835,0.9956,17429.0
2011-01-10 22:00:00+00:00,0.99558,0.99564,0.98206,0.98716,20640.0
2011-01-11 22:00:00+00:00,0.98721,0.99669,0.98044,0.99659,21405.0
2011-01-12 22:00:00+00:00,0.99648,1.00204,0.99171,0.9976,19408.0
2011-01-13 22:00:00+00:00,0.99765,0.99935,0.98568,0.98875,19575.0
2011-01-14 22:00:00+00:00,0.98895,0.98895,0.98895,0.98895,1.0
2011-01-15 22:00:00+00:00,0.98895,0.9914,0.98895,0.99073,485.0
2011-01-16 22:00:00+00:00,0.99068,0.99685,0.98631,0.9938,13526.0
2011-01-17 22:00:00+00:00,0.99384,1.00056,0.9898,0.99942,17234.0
2011-01-18 22:00:00+00:00,0.99927,1.00771,0.99632,1.00087,20908.0
2011-01-19 22:00:00+00:00,1.0006,1.00082,0.98328,0.98706,24422.0
2011-01-20 22:00:00+00:00,0.98702,0.99186,0.98398,0.98976,19939.0
2011-01-21 22:00:00+00:00,0.98968,0.98986,0.98946,0.98946,14.0
2011-01-22 22:00:00+00:00,0.98946,0.9902,0.98779,0.98805,353.0
2011-01-23 22:00:00+00:00,0.98811,1.00221,0.98639,0.99737,15853.0
2011-01-24 22:00:00+00:00,0.99742,0.99934,0.98901,0.99662,22290.0
2011-01-25 22:00:00+00:00,0.9965,0.99981,0.99299,0.99926,17113.0
2011-01-26 22:00:00+00:00,0.99918,1.00016,0.98766,0.99196,20428.0
2011-01-27 22:00:00+00:00,0.99206,0.99866,0.9884,0.99395,18914.0
2011-01-28 22:00:00+00:00,0.9942,0.9942,0.9942,0.9942,13.0
2011-01-29 22:00:00+00:00,0.9942,0.99425,0.98883,0.98924,974.0
2011-01-30 22:00:00+00:00,0.9892,0.99892,0.98668,0.99744,17087.0
2011-01-31 22:00:00+00:00,0.9974,1.01479,0.99639,1.01106,22159.0
2011-02-01 22:00:00+00:00,1.011,1.01338,1.00552,1.01008,15743.0
2011-02-02 22:00:00+00:00,1.01006,1.01632,1.00832,1.01532,17370.0
2011-02-03 22:00:00+00:00,1.01526,1.02002,1.01115,1.0138,17233.0
2011-02-04 22:00:00+00:00,1.0138,1.0138,1.0138,1.0138,2.0
2011-02-05 22:00:00+00:00,1.0138,1.0138,1.01137,1.0133,294.0
2011-02-06 22:00:00+00:00,1.01326,1.01613,1.01049,1.01346,14401.0
2011-02-07 22:00:00+00:00,1.01344,1.01894,1.01142,1.0146,16003.0
2011-02-08 22:00:00+00:00,1.01452,1.01522,1.00888,1.0125,15497.0
2011-02-09 22:00:00+00:00,1.01246,1.01394,1.00099,1.00442,18092.0
2011-02-10 22:00:00+00:00,1.00438,1.00438,0.99608,1.00192,17014.0
2011-02-11 22:00:00+00:00,1.00182,1.00182,1.00182,1.00182,12.0
2011-02-12 22:00:00+00:00,1.00182,1.00416,0.99838,0.99841,894.0
2011-02-13 22:00:00+00:00,0.99835,1.00741,0.99814,1.0029,13666.0
2011-02-14 22:00:00+00:00,1.00284,1.00582,0.99439,0.99644,15830.0
2011-02-15 22:00:00+00:00,0.9964,1.0056,0.99598,1.00328,17345.0
2011-02-16 22:00:00+00:00,1.00322,1.01302,1.00185,1.01192,15684.0
2011-02-17 22:00:00+00:00,1.01184,1.01578,1.00891,1.0146,13262.0
2011-02-18 22:00:00+00:00,1.0146,1.0146,1.0146,1.0146,11.0
2011-02-19 22:00:00+00:00,1.0146,1.01566,1.01251,1.01387,520.0
2011-02-20 22:00:00+00:00,1.0139,1.01518,1.00739,1.0094,9567.0
2011-02-21 22:00:00+00:00,1.00945,1.00963,0.99678,0.99886,21470.0
2011-02-22 22:00:00+00:00,0.9988,1.00594,0.99828,1.00225,18513.0
2011-02-23 22:00:00+00:00,1.0022,1.01233,1.00018,1.00882,21945.0
2011-02-24 22:00:00+00:00,1.00886,1.01787,1.00878,1.01766,13749.0
2011-02-25 22:00:00+00:00,1.0177,1.0177,1.0177,1.0177,1.0
2011-02-26 22:00:00+00:00,1.0177,1.0177,1.01416,1.01509,473.0
2011-02-27 22:00:00+00:00,1.01523,1.01928,1.01206,1.01855,14705.0
2011-02-28 22:00:00+00:00,1.0185,1.02024,1.01247,1.01338,16176.0
2011-03-01 22:00:00+00:00,1.01334,1.01818,1.0086,1.0169,16900.0
2011-03-02 22:00:00+00:00,1.01675,1.01892,1.01256,1.01456,14248.0
2011-03-03 22:00:00+00:00,1.0146,1.01504,1.00755,1.0138,15005.0
2011-03-04 22:00:00+00:00,1.014,1.014,1.014,1.014,7.0
2011-03-05 22:00:00+00:00,1.014,1.01535,1.01253,1.01474,573.0
2011-03-06 22:00:00+00:00,1.0147,1.01848,1.0091,1.01186,13047.0
2011-03-07 22:00:00+00:00,1.0119,1.01341,1.0054,1.00986,13648.0
2011-03-08 22:00:00+00:00,1.00988,1.0132,1.0061,1.01082,13137.0
2011-03-09 22:00:00+00:00,1.01078,1.01185,0.99911,1.00078,21312.0
2011-03-10 22:00:00+00:00,1.00076,1.01587,0.9969,1.01384,21043.0
2011-03-11 22:00:00+00:00,1.01384,1.01384,1.01384,1.01384,12.0
2011-03-12 22:00:00+00:00,1.01384,1.01593,1.0126,1.0145,972.0
2011-03-13 21:00:00+00:00,1.01445,1.01529,1.00474,1.0098,20901.0
2011-03-14 21:00:00+00:00,1.00976,1.01063,0.98154,0.99094,36502.0
2011-03-15 21:00:00+00:00,0.99088,0.99632,0.97622,0.98388,34284.0
2011-03-16 21:00:00+00:00,0.98383,0.98732,0.97064,0.98032,35907.0
2011-03-17 21:00:00+00:00,0.9802,0.99784,0.97814,0.99588,26532.0
2011-03-18 21:00:00+00:00,0.99588,0.99588,0.99588,0.99588,13.0
2011-03-19 21:00:00+00:00,0.99588,0.99619,0.99295,0.99586,568.0
2011-03-20 21:00:00+00:00,0.99582,1.00698,0.99394,1.00632,16273.0
2011-03-21 21:00:00+00:00,1.0064,1.0128,1.00376,1.01028,13850.0
2011-03-22 21:00:00+00:00,1.01036,1.01565,1.00649,1.01316,16760.0
2011-03-23 21:00:00+00:00,1.01286,1.02288,1.01131,1.02116,16565.0
2011-03-24 21:00:00+00:00,1.0212,1.0294,1.01872,1.02599,16217.0
2011-03-25 21:00:00+00:00,1.02599,1.02599,1.02599,1.02599,12.0
2011-03-26 21:00:00+00:00,1.02599,1.02633,1.02265,1.0238,687.0
2011-03-27 21:00:00+00:00,1.02425,1.03144,1.02342,1.02442,13913.0
2011-03-28 21:00:00+00:00,1.02446,1.02962,1.02046,1.0291,15107.0
2011-03-29 21:00:00+00:00,1.02914,1.03376,1.02695,1.03292,14139.0
2011-03-30 21:00:00+00:00,1.03286,1.03728,1.03106,1.03282,13405.0
2011-03-31 21:00:00+00:00,1.03279,1.03971,1.0314,1.0384,14485.0
2011-04-01 21:00:00+00:00,1.0384,1.0384,1.0384,1.0384,12.0
2011-04-02 21:00:00+00:00,1.0384,1.04224,1.0384,1.03995,409.0
2011-04-03 21:00:00+00:00,1.03999,1.04172,1.03366,1.03631,11862.0
2011-04-04 21:00:00+00:00,1.03627,1.03736,1.02888,1.03292,16168.0
2011-04-05 21:00:00+00:00,1.03294,1.04512,1.03154,1.0441,15733.0
2011-04-06 21:00:00+00:00,1.04402,1.0508,1.04126,1.04695,19338.0
2011-04-07 21:00:00+00:00,1.04689,1.05829,1.04526,1.05638,15814.0
2011-04-08 21:00:00+00:00,1.05638,1.05638,1.05638,1.05638,13.0
2011-04-09 21:00:00+00:00,1.05638,1.05757,1.05478,1.05666,539.0
2011-04-10 21:00:00+00:00,1.0566,1.0581,1.0485,1.04964,14814.0
2011-04-11 21:00:00+00:00,1.0496,1.0523,1.039,1.04374,24782.0
2011-04-12 21:00:00+00:00,1.04371,1.05394,1.04288,1.05068,19767.0
2011-04-13 21:00:00+00:00,1.05062,1.05492,1.04577,1.05436,20478.0
2011-04-14 21:00:00+00:00,1.05424,1.05786,1.05112,1.05665,17114.0
2011-04-15 21:00:00+00:00,1.05665,1.05665,1.05665,1.05665,12.0
2011-04-16 21:00:00+00:00,1.05665,1.05694,1.05357,1.05624,430.0
2011-04-17 21:00:00+00:00,1.05627,1.0573,1.04546,1.05091,22817.0
2011-04-18 21:00:00+00:00,1.05101,1.0533,1.04436,1.05258,19244.0
2011-04-19 21:00:00+00:00,1.05254,1.07286,1.0519,1.07138,20187.0
2011-04-20 21:00:00+00:00,1.07134,1.07746,1.06774,1.07472,17208.0
2011-04-21 21:00:00+00:00,1.0748,1.07563,1.0721,1.07352,3277.0
2011-04-22 21:00:00+00:00,1.07352,1.07352,1.07352,1.07352,12.0
2011-04-23 21:00:00+00:00,1.07352,1.07439,1.07276,1.07426,94.0
2011-04-24 21:00:00+00:00,1.07422,1.07759,1.06848,1.07212,11357.0
2011-04-25 21:00:00+00:00,1.07208,1.07922,1.06776,1.07842,16144.0
2011-04-26 21:00:00+00:00,1.07846,1.08783,1.07755,1.08721,20170.0
2011-04-27 21:00:00+00:00,1.08728,1.09474,1.08518,1.09286,19426.0
2011-04-28 21:00:00+00:00,1.09282,1.09777,1.08818,1.09747,14141.0
2011-04-29 21:00:00+00:00,1.09747,1.09747,1.09747,1.09747,4.0
2011-04-30 21:00:00+00:00,1.09747,1.09747,1.09747,1.09747,13.0
2011-05-01 21:00:00+00:00,1.09747,1.10119,1.09219,1.09445,17441.0
2011-05-02 21:00:00+00:00,1.09449,1.09526,1.08385,1.08456,22911.0
2011-05-03 21:00:00+00:00,1.08463,1.0877,1.07298,1.07472,25242.0
2011-05-04 21:00:00+00:00,1.07464,1.0771,1.05367,1.05796,33576.0
2011-05-05 21:00:00+00:00,1.05802,1.08028,1.05794,1.07021,42567.0
2011-05-06 21:00:00+00:00,1.07021,1.07021,1.07021,1.07021,12.0
2011-05-07 21:00:00+00:00,1.07021,1.07261,1.07021,1.07178,277.0
2011-05-08 21:00:00+00:00,1.07181,1.08122,1.0697,1.08072,25498.0
2011-05-09 21:00:00+00:00,1.08075,1.08498,1.07369,1.08373,25771.0
2011-05-10 21:00:00+00:00,1.08384,1.08889,1.06643,1.07008,28824.0
2011-05-11 21:00:00+00:00,1.07004,1.07144,1.05676,1.0678,35857.0
2011-05-12 21:00:00+00:00,1.06777,1.07166,1.05207,1.05727,31603.0
2011-05-13 21:00:00+00:00,1.05727,1.05727,1.05727,1.05727,12.0
2011-05-14 21:00:00+00:00,1.05727,1.05773,1.05488,1.05773,298.0
2011-05-15 21:00:00+00:00,1.05777,1.06424,1.05136,1.05549,31100.0
2011-05-16 21:00:00+00:00,1.05545,1.06284,1.05058,1.06272,34367.0
2011-05-17 21:00:00+00:00,1.06269,1.06654,1.05698,1.06282,28275.0
2011-05-18 21:00:00+00:00,1.06278,1.06814,1.05949,1.06697,26845.0
2011-05-19 21:00:00+00:00,1.0669,1.0711,1.06102,1.06592,25852.0
2011-05-20 21:00:00+00:00,1.06592,1.06592,1.06592,1.06592,12.0
2011-05-21 21:00:00+00:00,1.06592,1.06592,1.06377,1.06426,75.0
2011-05-22 21:00:00+00:00,1.06432,1.06569,1.04795,1.05049,30119.0
2011-05-23 21:00:00+00:00,1.05043,1.0583,1.04797,1.05589,28718.0
2011-05-24 21:00:00+00:00,1.05592,1.05611,1.04412,1.05326,31153.0
2011-05-25 21:00:00+00:00,1.05333,1.06482,1.05107,1.06452,27327.0
2011-05-26 21:00:00+00:00,1.06448,1.07187,1.06089,1.07059,27253.0
2011-05-27 21:00:00+00:00,1.07059,1.07059,1.07059,1.07059,13.0
2011-05-28 21:00:00+00:00,1.07059,1.07371,1.07059,1.07256,729.0
2011-05-29 21:00:00+00:00,1.07244,1.07253,1.06752,1.06912,8663.0
2011-05-30 21:00:00+00:00,1.0691,1.07574,1.06432,1.0672,22738.0
2011-05-31 21:00:00+00:00,1.06722,1.07534,1.0603,1.06146,27925.0
2011-06-01 21:00:00+00:00,1.0614,1.06891,1.05878,1.06696,28998.0
2011-06-02 21:00:00+00:00,1.06702,1.07748,1.0595,1.0716,25782.0
2011-06-03 21:00:00+00:00,1.0716,1.0716,1.0716,1.0716,12.0
2011-06-04 21:00:00+00:00,1.0716,1.07279,1.07036,1.07171,505.0
2011-06-05 21:00:00+00:00,1.07174,1.07675,1.06926,1.07124,22027.0
2011-06-06 21:00:00+00:00,1.0712,1.0762,1.06723,1.07214,20983.0
2011-06-07 21:00:00+00:00,1.07218,1.07258,1.05888,1.06237,23629.0
2011-06-08 21:00:00+00:00,1.06241,1.0663,1.05635,1.06272,23874.0
2011-06-09 21:00:00+00:00,1.06262,1.0653,1.0526,1.05368,25138.0
2011-06-10 21:00:00+00:00,1.05368,1.05368,1.05368,1.05368,13.0
2011-06-11 21:00:00+00:00,1.05368,1.05383,1.05208,1.05333,460.0
2011-06-12 21:00:00+00:00,1.05324,1.0637,1.05244,1.06019,21377.0
2011-06-13 21:00:00+00:00,1.06016,1.07154,1.05685,1.06854,21721.0
2011-06-14 21:00:00+00:00,1.0685,1.0714,1.05362,1.05772,23979.0
2011-06-15 21:00:00+00:00,1.05768,1.05909,1.04776,1.05584,31331.0
2011-06-16 21:00:00+00:00,1.05588,1.06352,1.05061,1.06231,24380.0
2011-06-17 21:00:00+00:00,1.06231,1.06231,1.06231,1.06231,12.0
2011-06-18 21:00:00+00:00,1.06231,1.06231,1.05955,1.06032,143.0
2011-06-19 21:00:00+00:00,1.06032,1.06178,1.0497,1.05818,22196.0
2011-06-20 21:00:00+00:00,1.05815,1.06199,1.05329,1.0605,21118.0
2011-06-21 21:00:00+00:00,1.06044,1.06502,1.05658,1.05764,22675.0
2011-06-22 21:00:00+00:00,1.05752,1.05774,1.04554,1.05234,28885.0
2011-06-23 21:00:00+00:00,1.0523,1.0601,1.04868,1.04905,25746.0
2011-06-24 21:00:00+00:00,1.04905,1.04905,1.04905,1.04905,12.0
2011-06-25 21:00:00+00:00,1.04905,1.04995,1.04768,1.04816,673.0
2011-06-26 21:00:00+00:00,1.04826,1.04886,1.03908,1.04432,24689.0
2011-06-27 21:00:00+00:00,1.04438,1.0544,1.04364,1.05406,22987.0
2011-06-28 21:00:00+00:00,1.05412,1.06862,1.05195,1.06822,22589.0
2011-06-29 21:00:00+00:00,1.06816,1.07506,1.06683,1.07216,20733.0
2011-06-30 21:00:00+00:00,1.0722,1.079,1.06743,1.07697,20047.0
2011-07-01 21:00:00+00:00,1.07697,1.07717,1.07697,1.07717,13.0
2011-07-02 21:00:00+00:00,1.07717,1.07916,1.07645,1.07754,528.0
2011-07-03 21:00:00+00:00,1.07758,1.07858,1.07129,1.07336,12274.0
2011-07-04 21:00:00+00:00,1.07342,1.07474,1.06644,1.06928,19484.0
2011-07-05 21:00:00+00:00,1.06932,1.07334,1.06549,1.07002,20916.0
2011-07-06 21:00:00+00:00,1.07006,1.078,1.06866,1.0776,18761.0
2011-07-07 21:00:00+00:00,1.07764,1.0788,1.07045,1.07549,19510.0
2011-07-08 21:00:00+00:00,1.07549,1.07549,1.07549,1.07549,12.0
2011-07-09 21:00:00+00:00,1.07549,1.07644,1.07092,1.07114,758.0
2011-07-10 21:00:00+00:00,1.07119,1.0733,1.06313,1.06564,23575.0
2011-07-11 21:00:00+00:00,1.0656,1.06651,1.05256,1.05976,36685.0
2011-07-12 21:00:00+00:00,1.05972,1.07783,1.05797,1.07582,27702.0
2011-07-13 21:00:00+00:00,1.0758,1.08024,1.06944,1.07239,31138.0
2011-07-14 21:00:00+00:00,1.07235,1.07464,1.06194,1.06407,24502.0
2011-07-15 21:00:00+00:00,1.06407,1.06407,1.06407,1.06407,2.0
2011-07-16 21:00:00+00:00,1.06407,1.06525,1.06259,1.0629,248.0
2011-07-17 21:00:00+00:00,1.06295,1.06543,1.05606,1.06072,24156.0
2011-07-18 21:00:00+00:00,1.06068,1.07418,1.05984,1.0733,22669.0
2011-07-19 21:00:00+00:00,1.07332,1.07604,1.0711,1.07504,19155.0
2011-07-20 21:00:00+00:00,1.075,1.0857,1.06942,1.0841,24272.0
2011-07-21 21:00:00+00:00,1.08406,1.08747,1.08205,1.08516,15991.0
2011-07-22 21:00:00+00:00,1.08516,1.08516,1.08516,1.08516,12.0
2011-07-23 21:00:00+00:00,1.08516,1.08619,1.08257,1.08312,521.0
2011-07-24 21:00:00+00:00,1.08315,1.08769,1.07958,1.0845,17039.0
2011-07-25 21:00:00+00:00,1.08444,1.0969,1.08219,1.09562,17645.0
2011-07-26 21:00:00+00:00,1.0956,1.10802,1.0938,1.10208,19639.0
2011-07-27 21:00:00+00:00,1.10202,1.10752,1.09766,1.10026,17865.0
2011-07-28 21:00:00+00:00,1.10022,1.10196,1.09108,1.09963,22265.0
2011-07-29 21:00:00+00:00,1.09963,1.09993,1.09963,1.09993,12.0
2011-07-30 21:00:00+00:00,1.09993,1.10313,1.09904,1.10309,395.0
2011-07-31 21:00:00+00:00,1.10305,1.10653,1.09223,1.09706,25470.0
2011-08-01 21:00:00+00:00,1.09702,1.10071,1.07784,1.07798,25006.0
2011-08-02 21:00:00+00:00,1.07792,1.07862,1.06796,1.07548,30218.0
2011-08-03 21:00:00+00:00,1.0754,1.07796,1.04576,1.0464,36975.0
2011-08-04 21:00:00+00:00,1.04644,1.0527,1.03757,1.04441,54451.0
2011-08-05 21:00:00+00:00,1.04441,1.04641,1.04441,1.04541,18.0
2011-08-06 21:00:00+00:00,1.04541,1.04685,1.03839,1.04296,3364.0
2011-08-07 21:00:00+00:00,1.0429,1.04599,1.01812,1.0188,57245.0
2011-08-08 21:00:00+00:00,1.01882,1.03788,0.99282,1.03569,86121.0
2011-08-09 21:00:00+00:00,1.03573,1.04152,1.01682,1.01783,59472.0
2011-08-10 21:00:00+00:00,1.01792,1.03589,1.01112,1.03524,58163.0
2011-08-11 21:00:00+00:00,1.0353,1.03624,1.02459,1.03553,35850.0
2011-08-12 21:00:00+00:00,1.03553,1.03553,1.03553,1.03553,12.0
2011-08-13 21:00:00+00:00,1.03553,1.03765,1.03308,1.03673,413.0
2011-08-14 21:00:00+00:00,1.03677,1.05128,1.0353,1.05068,21797.0
2011-08-15 21:00:00+00:00,1.05064,1.05132,1.04065,1.04856,27660.0
2011-08-16 21:00:00+00:00,1.04858,1.06018,1.04337,1.05498,22861.0
2011-08-17 21:00:00+00:00,1.05484,1.05581,1.03527,1.03908,32416.0
2011-08-18 21:00:00+00:00,1.03911,1.04813,1.03158,1.04064,38209.0
2011-08-19 21:00:00+00:00,1.04064,1.04064,1.04064,1.04064,12.0
2011-08-20 21:00:00+00:00,1.04064,1.04064,1.03833,1.03834,111.0
2011-08-21 21:00:00+00:00,1.03831,1.0473,1.0363,1.04094,26951.0
2011-08-22 21:00:00+00:00,1.041,1.05343,1.03869,1.05264,27120.0
2011-08-23 21:00:00+00:00,1.05262,1.05326,1.04476,1.04736,23828.0
2011-08-24 21:00:00+00:00,1.04732,1.0513,1.04234,1.04308,25724.0
2011-08-25 21:00:00+00:00,1.04298,1.05925,1.04184,1.05727,27046.0
2011-08-26 21:00:00+00:00,1.05727,1.05727,1.05727,1.05727,12.0
2011-08-27 21:00:00+00:00,1.05727,1.05895,1.05659,1.05876,299.0
2011-08-28 21:00:00+00:00,1.05885,1.06609,1.05616,1.06565,16469.0
2011-08-29 21:00:00+00:00,1.0656,1.07201,1.06214,1.06826,19855.0
2011-08-30 21:00:00+00:00,1.06816,1.07207,1.06478,1.07068,18872.0
2011-08-31 21:00:00+00:00,1.07062,1.07646,1.06614,1.07217,20765.0
2011-09-01 21:00:00+00:00,1.07214,1.07336,1.06268,1.06439,21922.0
2011-09-02 21:00:00+00:00,1.06439,1.06439,1.06439,1.06439,10.0
2011-09-03 21:00:00+00:00,1.06439,1.06452,1.06037,1.06065,605.0
2011-09-04 21:00:00+00:00,1.06068,1.06191,1.05128,1.05512,15680.0
2011-09-05 21:00:00+00:00,1.05508,1.06274,1.04828,1.04844,32300.0
2011-09-06 21:00:00+00:00,1.04846,1.06616,1.04839,1.06616,21184.0
2011-09-07 21:00:00+00:00,1.0661,1.06612,1.05664,1.05754,19506.0
2011-09-08 21:00:00+00:00,1.05758,1.06352,1.04219,1.04678,25373.0
2011-09-09 21:00:00+00:00,1.04678,1.04678,1.04678,1.04678,12.0
2011-09-10 21:00:00+00:00,1.04678,1.04739,1.04233,1.04321,1453.0
2011-09-11 21:00:00+00:00,1.04317,1.04409,1.02564,1.03466,33412.0
2011-09-12 21:00:00+00:00,1.0347,1.03754,1.02628,1.0312,35036.0
2011-09-13 21:00:00+00:00,1.03116,1.0371,1.01781,1.02831,36830.0
2011-09-14 21:00:00+00:00,1.02824,1.03466,1.01831,1.03282,30914.0
2011-09-15 21:00:00+00:00,1.03286,1.03986,1.02952,1.03615,22508.0
2011-09-16 21:00:00+00:00,1.03615,1.03615,1.03615,1.03615,2.0
2011-09-17 21:00:00+00:00,1.03615,1.03749,1.02977,1.03022,820.0
2011-09-18 21:00:00+00:00,1.03011,1.0316,1.01676,1.02224,27173.0
2011-09-19 21:00:00+00:00,1.0223,1.03126,1.01493,1.02766,31801.0
2011-09-20 21:00:00+00:00,1.0277,1.02922,1.00346,1.00428,36440.0
2011-09-21 21:00:00+00:00,1.00432,1.00797,0.96918,0.9742,53618.0
2011-09-22 21:00:00+00:00,0.97416,0.98668,0.9669,0.97856,50980.0
2011-09-23 21:00:00+00:00,0.97856,0.97856,0.97856,0.97856,5.0
2011-09-24 21:00:00+00:00,0.97856,0.98664,0.97776,0.9811,1031.0
2011-09-25 21:00:00+00:00,0.98103,0.98374,0.96225,0.98326,45157.0
2011-09-26 21:00:00+00:00,0.98322,0.99858,0.9777,0.99136,32684.0
2011-09-27 21:00:00+00:00,0.99142,0.99548,0.97756,0.97812,32128.0
2011-09-28 21:00:00+00:00,0.97808,0.98785,0.97021,0.9782,39197.0
2011-09-29 21:00:00+00:00,0.97811,0.98094,0.96617,0.96617,35110.0
2011-09-30 21:00:00+00:00,0.96617,0.96617,0.96617,0.96617,12.0
2011-10-01 21:00:00+00:00,0.96617,0.96739,0.96518,0.96579,401.0
2011-10-02 21:00:00+00:00,0.96585,0.97004,0.9527,0.95276,39657.0
2011-10-03 21:00:00+00:00,0.9527,0.95964,0.93879,0.95722,50648.0
2011-10-04 21:00:00+00:00,0.95717,0.96648,0.9488,0.96588,37973.0
2011-10-05 21:00:00+00:00,0.96584,0.97678,0.96222,0.97462,41414.0
2011-10-06 21:00:00+00:00,0.97468,0.98794,0.97286,0.97715,36893.0
2011-10-07 21:00:00+00:00,0.97715,0.97715,0.97715,0.97715,12.0
2011-10-08 21:00:00+00:00,0.97715,0.97715,0.97297,0.9754,581.0
2011-10-09 21:00:00+00:00,0.97531,1.00148,0.97525,0.99885,25994.0
2011-10-10 21:00:00+00:00,0.9989,1.00056,0.99062,0.99524,30750.0
2011-10-11 21:00:00+00:00,0.99532,1.02064,0.98656,1.01586,34527.0
2011-10-12 21:00:00+00:00,1.0159,1.02273,1.01022,1.01916,39111.0
2011-10-13 21:00:00+00:00,1.01912,1.03454,1.01448,1.0341,32661.0
2011-10-14 21:00:00+00:00,1.0341,1.0341,1.0341,1.0341,13.0
2011-10-15 21:00:00+00:00,1.0341,1.0341,1.03225,1.03268,151.0
2011-10-16 21:00:00+00:00,1.03277,1.03717,1.01488,1.01574,34649.0
2011-10-17 21:00:00+00:00,1.0157,1.03266,1.01188,1.0264,41307.0
2011-10-18 21:00:00+00:00,1.02634,1.03533,1.02052,1.02241,38828.0
2011-10-19 21:00:00+00:00,1.02232,1.02988,1.01478,1.02308,50900.0
2011-10-20 21:00:00+00:00,1.02304,1.03787,1.02038,1.03748,36343.0
2011-10-21 21:00:00+00:00,1.03748,1.03748,1.03748,1.03748,12.0
2011-10-22 21:00:00+00:00,1.03748,1.03748,1.0314,1.03355,260.0
2011-10-23 21:00:00+00:00,1.03346,1.05006,1.03158,1.04748,34543.0
2011-10-24 21:00:00+00:00,1.0475,1.04975,1.03974,1.04282,40464.0
2011-10-25 21:00:00+00:00,1.04276,1.04359,1.03216,1.03991,38501.0
2011-10-26 21:00:00+00:00,1.03994,1.07532,1.03827,1.07299,41250.0
2011-10-27 21:00:00+00:00,1.07302,1.0732,1.06558,1.07014,35890.0
2011-10-28 21:00:00+00:00,1.07014,1.07014,1.07014,1.07014,1.0
2011-10-29 21:00:00+00:00,1.06965,1.07153,1.06895,1.07011,205.0
2011-10-30 21:00:00+00:00,1.07018,1.0717,1.0507,1.05298,39755.0
2011-10-31 21:00:00+00:00,1.053,1.05666,1.02716,1.03296,55954.0
2011-11-01 21:00:00+00:00,1.03298,1.04277,1.02811,1.03472,44505.0
2011-11-02 21:00:00+00:00,1.03474,1.04462,1.0203,1.04162,50848.0
2011-11-03 21:00:00+00:00,1.04165,1.04393,1.03158,1.03718,36784.0
2011-11-05 21:00:00+00:00,1.03768,1.04136,1.0356,1.041,220.0
2011-11-06 22:00:00+00:00,1.0409,1.04266,1.02764,1.03792,35426.0
2011-11-07 22:00:00+00:00,1.03796,1.04042,1.02816,1.03926,32824.0
2011-11-08 22:00:00+00:00,1.03922,1.03981,1.01377,1.01436,44017.0
2011-11-09 22:00:00+00:00,1.01434,1.02089,1.00522,1.01558,45003.0
2011-11-10 22:00:00+00:00,1.01552,1.03042,1.01058,1.02751,28356.0
2011-11-11 22:00:00+00:00,1.02751,1.02751,1.02751,1.02751,2.0
2011-11-12 22:00:00+00:00,1.02812,1.03506,1.02734,1.0346,722.0
2011-11-13 22:00:00+00:00,1.03452,1.03452,1.01616,1.02046,31545.0
2011-11-14 22:00:00+00:00,1.0205,1.02265,1.01135,1.0178,34375.0
2011-11-15 22:00:00+00:00,1.01784,1.01842,1.00608,1.00827,39400.0
2011-11-16 22:00:00+00:00,1.0082,1.01173,0.9974,1.0,46444.0
2011-11-17 22:00:00+00:00,1.00004,1.01074,0.9965,1.00065,34697.0
2011-11-19 22:00:00+00:00,1.0008,1.00192,0.99778,0.99957,410.0
2011-11-20 22:00:00+00:00,0.99964,1.00136,0.98094,0.98416,32802.0
2011-11-21 22:00:00+00:00,0.9841,0.98988,0.98136,0.98336,29332.0
2011-11-22 22:00:00+00:00,0.98332,0.98562,0.96639,0.96884,32897.0
2011-11-23 22:00:00+00:00,0.9689,0.97858,0.96836,0.97347,19231.0
2011-11-24 22:00:00+00:00,0.9735,0.97732,0.96678,0.9711,25934.0
2011-11-25 22:00:00+00:00,0.9711,0.9711,0.9711,0.9711,2.0
2011-11-26 22:00:00+00:00,0.9711,0.98282,0.9711,0.98202,1181.0
2011-11-27 22:00:00+00:00,0.9821,0.99758,0.9791,0.99052,28409.0
2011-11-28 22:00:00+00:00,0.99056,1.00776,0.98636,1.00002,32882.0
2011-11-29 22:00:00+00:00,0.99998,1.03307,0.99436,1.02828,40062.0
2011-11-30 22:00:00+00:00,1.02822,1.02838,1.01512,1.02432,30175.0
2011-12-01 22:00:00+00:00,1.0243,1.03252,1.01971,1.0216,26621.0
2011-12-02 22:00:00+00:00,1.0216,1.0216,1.0216,1.0216,2.0
2011-12-03 22:00:00+00:00,1.0206,1.02705,1.0183,1.02539,626.0
2011-12-04 22:00:00+00:00,1.02532,1.03044,1.0203,1.0272,26834.0
2011-12-05 22:00:00+00:00,1.02714,1.02722,1.01564,1.02444,28210.0
2011-12-06 22:00:00+00:00,1.02448,1.03043,1.02334,1.02942,25810.0
2011-12-07 22:00:00+00:00,1.02938,1.03801,1.01464,1.01664,36021.0
2011-12-08 22:00:00+00:00,1.01666,1.02244,1.00486,1.0219,37685.0
2011-12-10 22:00:00+00:00,1.02157,1.02195,1.01911,1.0209,406.0
2011-12-11 22:00:00+00:00,1.02097,1.02157,1.00517,1.00732,29821.0
2011-12-12 22:00:00+00:00,1.00736,1.01625,0.99803,1.0016,32985.0
2011-12-13 22:00:00+00:00,1.00164,1.00453,0.98846,0.991,30410.0
2011-12-14 22:00:00+00:00,0.99104,0.9989,0.98616,0.99224,26928.0
2011-12-15 22:00:00+00:00,0.99228,1.00274,0.99206,0.99823,23062.0
2011-12-17 22:00:00+00:00,0.99777,0.99915,0.99707,0.99886,161.0
2011-12-18 22:00:00+00:00,0.9988,0.9988,0.98835,0.98964,21301.0
2011-12-19 22:00:00+00:00,0.9896,1.00946,0.98952,1.00804,19111.0
2011-12-20 22:00:00+00:00,1.00798,1.02192,1.00519,1.01034,25322.0
2011-12-21 22:00:00+00:00,1.01036,1.01486,1.00617,1.01292,18473.0
2011-12-22 22:00:00+00:00,1.01296,1.01812,1.01276,1.01502,9924.0
2011-12-24 22:00:00+00:00,1.01275,1.0136,1.01275,1.0136,3.0
2011-12-25 22:00:00+00:00,1.0136,1.01724,1.01354,1.0169,921.0
2011-12-26 22:00:00+00:00,1.01684,1.01754,1.01373,1.01572,6741.0
2011-12-27 22:00:00+00:00,1.01568,1.0203,1.00714,1.00936,13282.0
2011-12-28 22:00:00+00:00,1.0094,1.01455,1.00448,1.01368,16880.0
2011-12-29 22:00:00+00:00,1.01366,1.02684,1.01274,1.02054,13516.0
2011-12-31 22:00:00+00:00,1.02062,1.02237,1.02049,1.02213,86.0
2012-01-01 22:00:00+00:00,1.02222,1.02367,1.01958,1.02341,1796.0
2012-01-02 22:00:00+00:00,1.02335,1.03861,1.02335,1.03778,16439.0
2012-01-03 22:00:00+00:00,1.03766,1.03806,1.03045,1.03684,18725.0
2012-01-04 22:00:00+00:00,1.0368,1.03718,1.02326,1.02634,22588.0
2012-01-05 22:00:00+00:00,1.0263,1.02729,1.02018,1.02289,20963.0
2012-01-06 22:00:00+00:00,1.02289,1.02289,1.02289,1.02289,1.0
2012-01-07 22:00:00+00:00,1.02211,1.02211,1.01856,1.02017,419.0
2012-01-08 22:00:00+00:00,1.02022,1.02568,1.01458,1.02396,20065.0
2012-01-09 22:00:00+00:00,1.02398,1.03513,1.02296,1.03136,19064.0
2012-01-10 22:00:00+00:00,1.03132,1.03283,1.02632,1.03104,20340.0
2012-01-11 22:00:00+00:00,1.031,1.03775,1.02868,1.03332,20641.0
2012-01-12 22:00:00+00:00,1.0333,1.03676,1.02326,1.03259,23214.0
2012-01-14 22:00:00+00:00,1.02961,1.03096,1.02858,1.02896,195.0
2012-01-15 22:00:00+00:00,1.02904,1.03375,1.02547,1.03144,14842.0
2012-01-16 22:00:00+00:00,1.0314,1.04494,1.03028,1.03762,22540.0
2012-01-17 22:00:00+00:00,1.03766,1.04378,1.0359,1.04364,23880.0
2012-01-18 22:00:00+00:00,1.04358,1.04358,1.03714,1.04192,21232.0
2012-01-19 22:00:00+00:00,1.04194,1.04883,1.03836,1.04851,17385.0
2012-01-20 22:00:00+00:00,1.04851,1.04851,1.04851,1.04851,2.0
2012-01-21 22:00:00+00:00,1.04798,1.04812,1.04536,1.0479,498.0
2012-01-22 22:00:00+00:00,1.04796,1.05731,1.04592,1.05246,17120.0
2012-01-23 22:00:00+00:00,1.0525,1.05368,1.04286,1.04918,18932.0
2012-01-24 22:00:00+00:00,1.04922,1.06194,1.04448,1.0597,22464.0
2012-01-25 22:00:00+00:00,1.05974,1.06878,1.05887,1.06316,19171.0
2012-01-26 22:00:00+00:00,1.0632,1.06696,1.05928,1.06573,22362.0
2012-01-28 22:00:00+00:00,1.06573,1.06607,1.06321,1.06387,336.0
2012-01-29 22:00:00+00:00,1.06393,1.06532,1.05267,1.0599,21231.0
2012-01-30 22:00:00+00:00,1.05986,1.06848,1.05772,1.06216,21929.0
2012-01-31 22:00:00+00:00,1.0622,1.074,1.05696,1.07052,21459.0
2012-02-01 22:00:00+00:00,1.07048,1.07566,1.06796,1.07122,21874.0
2012-02-02 22:00:00+00:00,1.07118,1.07938,1.0672,1.07705,20655.0
2012-02-04 22:00:00+00:00,1.07705,1.07747,1.07066,1.07554,1014.0
2012-02-05 22:00:00+00:00,1.07562,1.07698,1.06834,1.07262,18381.0
2012-02-06 22:00:00+00:00,1.07266,1.08222,1.06989,1.0808,23111.0
2012-02-07 22:00:00+00:00,1.08076,1.08441,1.07684,1.07988,17915.0
2012-02-08 22:00:00+00:00,1.07984,1.08243,1.074,1.07854,26896.0
2012-02-09 22:00:00+00:00,1.07848,1.07902,1.06404,1.06739,19720.0
2012-02-10 22:00:00+00:00,1.06732,1.06732,1.06732,1.06732,2.0
2012-02-11 22:00:00+00:00,1.06732,1.06985,1.06652,1.06894,361.0
2012-02-12 22:00:00+00:00,1.06904,1.07782,1.068,1.0732,20263.0
2012-02-13 22:00:00+00:00,1.07324,1.07386,1.06288,1.0692,22256.0
2012-02-14 22:00:00+00:00,1.06916,1.07764,1.06684,1.06964,25148.0
2012-02-15 22:00:00+00:00,1.06958,1.07734,1.06461,1.07546,26406.0
2012-02-16 22:00:00+00:00,1.0755,1.07991,1.06888,1.07063,18832.0
2012-02-17 22:00:00+00:00,1.07063,1.07163,1.07063,1.07163,7.0
2012-02-18 22:00:00+00:00,1.07163,1.07882,1.07163,1.07647,796.0
2012-02-19 22:00:00+00:00,1.07654,1.08158,1.074,1.07556,13462.0
2012-02-20 22:00:00+00:00,1.0756,1.07576,1.06549,1.06624,26381.0
2012-02-21 22:00:00+00:00,1.06628,1.06861,1.06053,1.06378,24125.0
2012-02-22 22:00:00+00:00,1.06374,1.0719,1.05976,1.07172,20008.0
2012-02-23 22:00:00+00:00,1.07176,1.07548,1.06882,1.06957,17843.0
2012-02-24 22:00:00+00:00,1.06957,1.06957,1.06957,1.06957,1.0
2012-02-25 22:00:00+00:00,1.06917,1.07106,1.06841,1.0706,501.0
2012-02-26 22:00:00+00:00,1.07054,1.07844,1.06506,1.07564,18972.0
2012-02-27 22:00:00+00:00,1.0756,1.07872,1.0729,1.07664,17733.0
2012-02-28 22:00:00+00:00,1.07666,1.08566,1.07158,1.07318,25830.0
2012-02-29 22:00:00+00:00,1.07322,1.0812,1.07238,1.0809,21886.0
2012-03-01 22:00:00+00:00,1.08086,1.08176,1.07277,1.0733,17168.0
2012-03-02 22:00:00+00:00,1.0733,1.0733,1.0733,1.0733,1.0
2012-03-03 22:00:00+00:00,1.0729,1.07431,1.07252,1.07415,202.0
2012-03-04 22:00:00+00:00,1.0741,1.0744,1.06562,1.06704,17828.0
2012-03-05 22:00:00+00:00,1.06708,1.06914,1.05257,1.0553,23405.0
2012-03-06 22:00:00+00:00,1.05526,1.05933,1.05098,1.05834,20805.0
2012-03-07 22:00:00+00:00,1.0583,1.067,1.05342,1.06436,21031.0
2012-03-08 22:00:00+00:00,1.0644,1.06632,1.05651,1.05765,21020.0
2012-03-10 22:00:00+00:00,1.05715,1.05851,1.05526,1.05576,392.0
2012-03-11 21:00:00+00:00,1.05582,1.05758,1.0474,1.0516,15941.0
2012-03-12 21:00:00+00:00,1.05154,1.05613,1.04854,1.0553,20384.0
2012-03-13 21:00:00+00:00,1.05526,1.05561,1.04283,1.04528,19773.0
2012-03-14 21:00:00+00:00,1.04532,1.05545,1.04235,1.05254,20862.0
2012-03-15 21:00:00+00:00,1.05258,1.05973,1.05095,1.05892,16600.0
2012-03-16 21:00:00+00:00,1.05892,1.05892,1.05892,1.05892,1.0
2012-03-17 21:00:00+00:00,1.05871,1.05955,1.05797,1.05939,72.0
2012-03-18 21:00:00+00:00,1.05933,1.06371,1.05583,1.06076,13824.0
2012-03-19 21:00:00+00:00,1.06072,1.06253,1.04574,1.04806,18785.0
2012-03-20 21:00:00+00:00,1.04802,1.05274,1.04218,1.04588,19205.0
2012-03-21 21:00:00+00:00,1.04592,1.04836,1.03364,1.0389,22058.0
2012-03-22 21:00:00+00:00,1.03886,1.04824,1.0372,1.04682,19216.0
2012-03-23 21:00:00+00:00,1.04682,1.04682,1.04682,1.04682,1.0
2012-03-24 21:00:00+00:00,1.04575,1.04694,1.04539,1.04639,51.0
2012-03-25 21:00:00+00:00,1.04631,1.05458,1.04267,1.05338,16457.0
2012-03-26 21:00:00+00:00,1.05342,1.05579,1.0453,1.04608,15269.0
2012-03-27 21:00:00+00:00,1.04604,1.04684,1.03564,1.0389,19415.0
2012-03-28 21:00:00+00:00,1.03894,1.04046,1.0305,1.03828,20175.0
2012-03-29 21:00:00+00:00,1.03832,1.04154,1.03484,1.03484,16225.0
2012-03-30 21:00:00+00:00,1.03484,1.03484,1.03484,1.03484,1.0
2012-03-31 21:00:00+00:00,1.03484,1.04618,1.03484,1.04497,972.0
2012-04-01 21:00:00+00:00,1.04504,1.04537,1.03668,1.0419,15724.0
2012-04-02 21:00:00+00:00,1.04194,1.04659,1.03018,1.03312,20832.0
2012-04-03 21:00:00+00:00,1.0331,1.0339,1.02442,1.02696,22145.0
2012-04-04 21:00:00+00:00,1.02702,1.03232,1.02528,1.03002,15342.0
2012-04-05 21:00:00+00:00,1.03006,1.03362,1.02727,1.03045,7231.0
2012-04-07 21:00:00+00:00,1.03015,1.03075,1.02977,1.02977,32.0
2012-04-08 21:00:00+00:00,1.02985,1.03322,1.02576,1.03132,7960.0
2012-04-09 21:00:00+00:00,1.03128,1.03563,1.0248,1.02514,18638.0
2012-04-10 21:00:00+00:00,1.02512,1.03328,1.02264,1.02998,16469.0
2012-04-11 21:00:00+00:00,1.02994,1.045,1.02994,1.04388,18332.0
2012-04-12 21:00:00+00:00,1.04384,1.04524,1.03564,1.03727,18556.0
2012-04-13 21:00:00+00:00,1.03727,1.03747,1.03727,1.03747,2.0
2012-04-14 21:00:00+00:00,1.03747,1.03868,1.03697,1.03734,196.0
2012-04-15 21:00:00+00:00,1.03742,1.03808,1.03117,1.0356,19003.0
2012-04-16 21:00:00+00:00,1.03562,1.04184,1.0305,1.03902,14888.0
2012-04-17 21:00:00+00:00,1.03906,1.04162,1.03408,1.03586,15032.0
2012-04-18 21:00:00+00:00,1.0359,1.0391,1.03136,1.0331,19052.0
2012-04-19 21:00:00+00:00,1.03312,1.03836,1.03092,1.03786,13521.0
2012-04-20 21:00:00+00:00,1.03786,1.03861,1.03786,1.03861,3.0
2012-04-21 21:00:00+00:00,1.03786,1.03878,1.03679,1.03701,87.0
2012-04-22 21:00:00+00:00,1.0371,1.03842,1.0272,1.0319,13230.0
2012-04-23 21:00:00+00:00,1.03192,1.03255,1.02476,1.03146,16282.0
2012-04-24 21:00:00+00:00,1.0315,1.03646,1.03067,1.0353,14719.0
2012-04-25 21:00:00+00:00,1.0353,1.03996,1.03508,1.03904,12765.0
2012-04-26 21:00:00+00:00,1.039,1.04742,1.03538,1.04715,14902.0
2012-04-27 21:00:00+00:00,1.04715,1.04715,1.04715,1.04715,2.0
2012-04-28 21:00:00+00:00,1.04665,1.04682,1.04577,1.04598,92.0
2012-04-29 21:00:00+00:00,1.0459,1.04698,1.04066,1.0429,10095.0
2012-04-30 21:00:00+00:00,1.04286,1.04302,1.03055,1.03338,9415.0
2012-05-01 21:00:00+00:00,1.03342,1.0355,1.0285,1.03332,11762.0
2012-05-02 21:00:00+00:00,1.0333,1.03356,1.02398,1.02646,12843.0
2012-05-03 21:00:00+00:00,1.0265,1.02784,1.01706,1.01826,13166.0
2012-05-04 21:00:00+00:00,1.01826,1.019,1.0175,1.019,5.0
2012-05-05 21:00:00+00:00,1.018,1.018,1.01514,1.01533,384.0
2012-05-06 21:00:00+00:00,1.01526,1.02203,1.01107,1.01974,13938.0
2012-05-07 21:00:00+00:00,1.0197,1.02183,1.00886,1.01214,14465.0
2012-05-08 21:00:00+00:00,1.01218,1.01264,1.00212,1.0051,19919.0
2012-05-09 21:00:00+00:00,1.00514,1.01432,1.00346,1.0081,17742.0
2012-05-10 21:00:00+00:00,1.00808,1.00848,1.00187,1.00201,17142.0
2012-05-11 21:00:00+00:00,1.00201,1.00281,1.00201,1.00281,3.0
2012-05-12 21:00:00+00:00,1.00281,1.0097,1.00123,1.00137,800.0
2012-05-13 21:00:00+00:00,1.0013,1.00348,0.99572,0.99582,13862.0
2012-05-14 21:00:00+00:00,0.99578,1.00154,0.99218,0.99366,15892.0
2012-05-15 21:00:00+00:00,0.9936,0.99682,0.98706,0.99136,18895.0
2012-05-16 21:00:00+00:00,0.99141,0.99639,0.98838,0.98884,17373.0
2012-05-17 21:00:00+00:00,0.98888,0.98994,0.97951,0.98441,21189.0
2012-05-18 21:00:00+00:00,0.98441,0.98441,0.98441,0.98441,1.0
2012-05-19 21:00:00+00:00,0.98411,0.98445,0.98189,0.98384,293.0
2012-05-20 21:00:00+00:00,0.98384,0.99184,0.98036,0.99154,16429.0
2012-05-21 21:00:00+00:00,0.9915,0.99352,0.97884,0.98094,16465.0
2012-05-22 21:00:00+00:00,0.98098,0.98102,0.96901,0.97465,22943.0
2012-05-23 21:00:00+00:00,0.97473,0.98136,0.9712,0.97626,23587.0
2012-05-24 21:00:00+00:00,0.9763,0.97992,0.97265,0.97586,16768.0
2012-05-25 21:00:00+00:00,0.97586,0.97586,0.97586,0.97586,1.0
2012-05-26 21:00:00+00:00,0.97633,0.9824,0.97633,0.98179,497.0
2012-05-27 21:00:00+00:00,0.9817,0.98884,0.97968,0.9853,11155.0
2012-05-28 21:00:00+00:00,0.98534,0.98975,0.98008,0.98476,19817.0
2012-05-29 21:00:00+00:00,0.98482,0.9854,0.9704,0.97046,22404.0
2012-05-30 21:00:00+00:00,0.9705,0.97704,0.96738,0.97334,24144.0
2012-05-31 21:00:00+00:00,0.97328,0.97328,0.95818,0.9699,28335.0
2012-06-02 21:00:00+00:00,0.9699,0.97093,0.96718,0.96995,245.0
2012-06-03 21:00:00+00:00,0.97002,0.9747,0.9628,0.97276,20931.0
2012-06-04 21:00:00+00:00,0.97272,0.98036,0.97111,0.97422,22599.0
2012-06-05 21:00:00+00:00,0.97426,0.99324,0.97375,0.9927,24514.0
2012-06-06 21:00:00+00:00,0.99266,1.00026,0.98754,0.9894,24683.0
2012-06-07 21:00:00+00:00,0.98936,0.99403,0.98212,0.99167,24352.0
2012-06-08 21:00:00+00:00,0.99167,0.99167,0.99152,0.99152,7.0
2012-06-09 21:00:00+00:00,0.99217,1.00011,0.99167,0.99842,1161.0
2012-06-10 21:00:00+00:00,0.99836,1.00071,0.98632,0.98636,21386.0
2012-06-11 21:00:00+00:00,0.98642,0.99676,0.98509,0.99582,23438.0
2012-06-12 21:00:00+00:00,0.99578,1.00041,0.9928,0.99337,20300.0
2012-06-13 21:00:00+00:00,0.9933,1.00332,0.99222,1.00237,22407.0
2012-06-14 21:00:00+00:00,1.0024,1.00894,0.99946,1.0083,18185.0
2012-06-16 21:00:00+00:00,1.0083,1.01247,1.0083,1.01166,661.0
2012-06-17 21:00:00+00:00,1.0116,1.01425,1.0057,1.01244,25875.0
2012-06-18 21:00:00+00:00,1.01248,1.02012,1.01044,1.01886,21073.0
2012-06-19 21:00:00+00:00,1.01882,1.02242,1.01336,1.01938,24022.0
2012-06-20 21:00:00+00:00,1.01942,1.02049,1.0029,1.00344,26030.0
2012-06-21 21:00:00+00:00,1.00335,1.00772,1.00086,1.00641,21313.0
2012-06-22 21:00:00+00:00,1.00641,1.00641,1.00641,1.00641,1.0
2012-06-23 21:00:00+00:00,1.00577,1.00577,1.00381,1.00463,132.0
2012-06-24 21:00:00+00:00,1.00457,1.00537,0.99692,1.001,16218.0
2012-06-25 21:00:00+00:00,1.00098,1.00844,0.99976,1.00646,19833.0
2012-06-26 21:00:00+00:00,1.00648,1.00896,1.00407,1.00806,16703.0
2012-06-27 21:00:00+00:00,1.0081,1.01264,0.99966,1.00452,23556.0
2012-06-28 21:00:00+00:00,1.00456,1.02578,1.00192,1.0239,28682.0
2012-06-30 21:00:00+00:00,1.02345,1.02686,1.02306,1.02641,294.0
2012-07-01 21:00:00+00:00,1.02648,1.02779,1.02131,1.02484,18057.0
2012-07-02 21:00:00+00:00,1.02486,1.02963,1.02299,1.02824,14270.0
2012-07-03 21:00:00+00:00,1.02822,1.03206,1.0261,1.02759,11251.0
2012-07-04 21:00:00+00:00,1.02763,1.0329,1.02428,1.02882,21496.0
2012-07-05 21:00:00+00:00,1.02878,1.0293,1.01796,1.02116,18939.0
2012-07-06 21:00:00+00:00,1.02116,1.02116,1.02116,1.02116,1.0
2012-07-07 21:00:00+00:00,1.01818,1.02013,1.01813,1.01974,196.0
2012-07-08 21:00:00+00:00,1.01981,1.02126,1.01551,1.02078,14874.0
2012-07-09 21:00:00+00:00,1.02074,1.02448,1.01607,1.01916,16615.0
2012-07-10 21:00:00+00:00,1.01912,1.02816,1.01796,1.02512,17950.0
2012-07-11 21:00:00+00:00,1.0251,1.02601,1.01004,1.0139,18392.0
2012-07-12 21:00:00+00:00,1.01394,1.02299,1.01228,1.02264,15975.0
2012-07-13 21:00:00+00:00,1.02264,1.02264,1.02264,1.02264,1.0
2012-07-14 21:00:00+00:00,1.02264,1.02556,1.02264,1.02486,210.0
2012-07-15 21:00:00+00:00,1.0248,1.02594,1.02027,1.02486,12080.0
2012-07-16 21:00:00+00:00,1.02482,1.03192,1.02358,1.03164,17251.0
2012-07-17 21:00:00+00:00,1.03168,1.03732,1.02888,1.0363,16966.0
2012-07-18 21:00:00+00:00,1.03634,1.04442,1.03566,1.04274,16531.0
2012-07-19 21:00:00+00:00,1.04276,1.04292,1.03628,1.03784,16199.0
2012-07-21 21:00:00+00:00,1.03784,1.03784,1.03523,1.03577,297.0
2012-07-22 21:00:00+00:00,1.03584,1.03656,1.02436,1.02589,19265.0
2012-07-23 21:00:00+00:00,1.02585,1.03164,1.02155,1.02212,20640.0
2012-07-24 21:00:00+00:00,1.02214,1.03371,1.01766,1.03082,21938.0
2012-07-25 21:00:00+00:00,1.03078,1.04224,1.0292,1.0397,23310.0
2012-07-26 21:00:00+00:00,1.03968,1.04869,1.03842,1.04841,22044.0
2012-07-28 21:00:00+00:00,1.04841,1.04968,1.04645,1.04743,502.0
2012-07-29 21:00:00+00:00,1.04739,1.0508,1.04494,1.05032,14576.0
2012-07-30 21:00:00+00:00,1.05028,1.05384,1.04887,1.05034,16754.0
2012-07-31 21:00:00+00:00,1.05028,1.05424,1.04478,1.04614,19201.0
2012-08-01 21:00:00+00:00,1.0461,1.05809,1.04363,1.04642,27071.0
2012-08-02 21:00:00+00:00,1.04646,1.0571,1.0446,1.05695,18527.0
2012-08-03 21:00:00+00:00,1.05695,1.05695,1.05695,1.05695,1.0
2012-08-04 21:00:00+00:00,1.05695,1.05732,1.05564,1.0572,100.0
2012-08-05 21:00:00+00:00,1.05726,1.05932,1.05367,1.0569,12314.0
2012-08-06 21:00:00+00:00,1.05694,1.06037,1.0548,1.05544,12895.0
2012-08-07 21:00:00+00:00,1.0554,1.05824,1.05309,1.05728,12482.0
2012-08-08 21:00:00+00:00,1.05716,1.06135,1.05534,1.05796,14029.0
2012-08-09 21:00:00+00:00,1.05802,1.05814,1.04974,1.05764,13195.0
2012-08-11 21:00:00+00:00,1.05764,1.05764,1.05492,1.05544,274.0
2012-08-12 21:00:00+00:00,1.05544,1.0574,1.0497,1.0517,11298.0
2012-08-13 21:00:00+00:00,1.05176,1.05414,1.04804,1.04894,12936.0
2012-08-14 21:00:00+00:00,1.04898,1.05146,1.04553,1.05052,10798.0
2012-08-15 21:00:00+00:00,1.05056,1.05255,1.04749,1.05108,11039.0
2012-08-16 21:00:00+00:00,1.05104,1.0529,1.0411,1.04192,11571.0
2012-08-17 21:00:00+00:00,1.04192,1.04192,1.04192,1.04192,1.0
2012-08-18 21:00:00+00:00,1.04192,1.04342,1.04192,1.04338,109.0
2012-08-19 21:00:00+00:00,1.04324,1.04686,1.0419,1.04442,9679.0
2012-08-20 21:00:00+00:00,1.04444,1.0521,1.0442,1.0487,11044.0
2012-08-21 21:00:00+00:00,1.04854,1.05174,1.04134,1.05048,15857.0
2012-08-22 21:00:00+00:00,1.05046,1.0545,1.04358,1.04406,14358.0
2012-08-23 21:00:00+00:00,1.0441,1.04449,1.03758,1.04039,13744.0
2012-08-25 21:00:00+00:00,1.04039,1.04303,1.04039,1.04254,207.0
2012-08-26 21:00:00+00:00,1.04246,1.04262,1.0367,1.03692,8566.0
2012-08-27 21:00:00+00:00,1.03688,1.03895,1.03457,1.03768,10765.0
2012-08-28 21:00:00+00:00,1.03762,1.0398,1.03486,1.03514,8893.0
2012-08-29 21:00:00+00:00,1.03518,1.03518,1.02768,1.0289,10167.0
2012-08-30 21:00:00+00:00,1.02886,1.03552,1.02784,1.03227,15410.0
2012-09-01 21:00:00+00:00,1.03227,1.03227,1.02719,1.02862,256.0
2012-09-02 21:00:00+00:00,1.02868,1.02998,1.02324,1.02462,8210.0
2012-09-03 21:00:00+00:00,1.02456,1.02875,1.02157,1.0225,12974.0
2012-09-04 21:00:00+00:00,1.02254,1.02313,1.01673,1.01934,15376.0
2012-09-05 21:00:00+00:00,1.01936,1.03002,1.01666,1.02844,16358.0
2012-09-06 21:00:00+00:00,1.02848,1.04004,1.02763,1.0385,14699.0
2012-09-08 21:00:00+00:00,1.0385,1.0386,1.03626,1.03708,235.0
2012-09-09 21:00:00+00:00,1.03716,1.03856,1.03336,1.03354,8704.0
2012-09-10 21:00:00+00:00,1.03358,1.04495,1.03231,1.04338,11596.0
2012-09-11 21:00:00+00:00,1.04342,1.05058,1.04275,1.04667,15785.0
2012-09-12 21:00:00+00:00,1.04671,1.05681,1.04288,1.05474,18219.0
2012-09-13 21:00:00+00:00,1.0547,1.06244,1.05309,1.0548,16962.0
2012-09-15 21:00:00+00:00,1.0548,1.05641,1.05438,1.05548,204.0
2012-09-16 21:00:00+00:00,1.05548,1.05585,1.04555,1.04768,12623.0
2012-09-17 21:00:00+00:00,1.04764,1.04862,1.04106,1.04568,14928.0
2012-09-18 21:00:00+00:00,1.04572,1.0497,1.04183,1.04796,13972.0
2012-09-19 21:00:00+00:00,1.04788,1.04822,1.03676,1.04364,16141.0
2012-09-20 21:00:00+00:00,1.04362,1.0519,1.04249,1.04578,15216.0
2012-09-21 21:00:00+00:00,1.04578,1.04578,1.04578,1.04578,3.0
2012-09-22 21:00:00+00:00,1.04578,1.04578,1.04461,1.04472,59.0
2012-09-23 21:00:00+00:00,1.04466,1.04584,1.03868,1.04254,12074.0
2012-09-24 21:00:00+00:00,1.0426,1.04622,1.0381,1.03902,13613.0
2012-09-25 21:00:00+00:00,1.03908,1.03936,1.03287,1.0371,14317.0
2012-09-26 21:00:00+00:00,1.03706,1.04584,1.03648,1.04418,14839.0
2012-09-27 21:00:00+00:00,1.04416,1.04739,1.03662,1.03786,15690.0
2012-09-29 21:00:00+00:00,1.03786,1.03786,1.0362,1.03651,95.0
2012-09-30 21:00:00+00:00,1.03658,1.04031,1.03266,1.03612,14332.0
2012-10-01 21:00:00+00:00,1.03616,1.03761,1.0252,1.02666,15719.0
2012-10-02 21:00:00+00:00,1.02662,1.0268,1.01964,1.02157,14076.0
2012-10-03 21:00:00+00:00,1.02162,1.02728,1.01828,1.02406,16127.0
2012-10-04 21:00:00+00:00,1.0241,1.02748,1.01524,1.0186,12800.0
2012-10-06 21:00:00+00:00,1.0186,1.0186,1.01511,1.01566,313.0
2012-10-07 21:00:00+00:00,1.01563,1.02194,1.01496,1.019,11020.0
2012-10-08 21:00:00+00:00,1.01896,1.02473,1.01758,1.02054,14587.0
2012-10-09 21:00:00+00:00,1.02058,1.02631,1.01836,1.02342,14641.0
2012-10-10 21:00:00+00:00,1.02338,1.02938,1.02097,1.02644,14995.0
2012-10-11 21:00:00+00:00,1.0264,1.02895,1.02168,1.02332,13193.0
2012-10-13 21:00:00+00:00,1.02332,1.02621,1.02332,1.02576,228.0
2012-10-14 21:00:00+00:00,1.02572,1.0259,1.02026,1.0253,13359.0
2012-10-15 21:00:00+00:00,1.02534,1.02894,1.02435,1.02754,12099.0
2012-10-16 21:00:00+00:00,1.0275,1.03887,1.02726,1.03828,13786.0
2012-10-17 21:00:00+00:00,1.03832,1.04113,1.03562,1.0366,13838.0
2012-10-18 21:00:00+00:00,1.03664,1.03825,1.03184,1.03311,11061.0
2012-10-20 21:00:00+00:00,1.03311,1.03311,1.03093,1.03165,272.0
2012-10-21 21:00:00+00:00,1.03168,1.03395,1.02968,1.03202,10225.0
2012-10-22 21:00:00+00:00,1.03206,1.03384,1.0236,1.02652,11817.0
2012-10-23 21:00:00+00:00,1.02646,1.03667,1.02554,1.03548,13378.0
2012-10-24 21:00:00+00:00,1.0355,1.0397,1.03328,1.0347,12449.0
2012-10-25 21:00:00+00:00,1.03476,1.03856,1.03057,1.03736,13427.0
2012-10-26 21:00:00+00:00,1.03736,1.03736,1.03736,1.03736,1.0
2012-10-27 21:00:00+00:00,1.03678,1.03714,1.03612,1.0365,79.0
2012-10-28 21:00:00+00:00,1.03658,1.03692,1.0327,1.03324,6405.0
2012-10-29 21:00:00+00:00,1.0332,1.03836,1.03258,1.03644,6364.0
2012-10-30 21:00:00+00:00,1.03642,1.03993,1.0353,1.03758,9940.0
2012-10-31 21:00:00+00:00,1.03752,1.04097,1.03556,1.04006,9921.0
2012-11-01 21:00:00+00:00,1.04002,1.04194,1.03314,1.03372,12066.0
2012-11-02 21:00:00+00:00,1.03372,1.03372,1.03372,1.03372,2.0
2012-11-03 21:00:00+00:00,1.03388,1.03451,1.03377,1.03405,73.0
2012-11-04 22:00:00+00:00,1.03401,1.03704,1.03335,1.03652,8373.0
2012-11-05 22:00:00+00:00,1.0365,1.0448,1.03646,1.04348,10316.0
2012-11-06 22:00:00+00:00,1.04344,1.04806,1.04006,1.04078,17549.0
2012-11-07 22:00:00+00:00,1.04073,1.04432,1.03894,1.0405,14103.0
2012-11-08 22:00:00+00:00,1.04046,1.04352,1.03594,1.03858,13756.0
2012-11-09 22:00:00+00:00,1.03858,1.03858,1.03858,1.03858,1.0
2012-11-10 22:00:00+00:00,1.03933,1.04026,1.03916,1.03998,194.0
2012-11-11 22:00:00+00:00,1.03992,1.044,1.03857,1.04282,7796.0
2012-11-12 22:00:00+00:00,1.04278,1.04461,1.0397,1.04344,11293.0
2012-11-13 22:00:00+00:00,1.04348,1.04584,1.03668,1.03754,10719.0
2012-11-14 22:00:00+00:00,1.03758,1.03869,1.03075,1.0332,12588.0
2012-11-15 22:00:00+00:00,1.03312,1.03516,1.02876,1.03396,11830.0
2012-11-17 22:00:00+00:00,1.03396,1.03583,1.03396,1.03524,338.0
2012-11-18 22:00:00+00:00,1.0352,1.04174,1.03486,1.04122,8032.0
2012-11-19 22:00:00+00:00,1.04126,1.04244,1.0358,1.03896,9691.0
2012-11-20 22:00:00+00:00,1.0389,1.0394,1.03387,1.03692,9644.0
2012-11-21 22:00:00+00:00,1.03688,1.04014,1.03526,1.03905,5991.0
2012-11-22 22:00:00+00:00,1.03896,1.04708,1.03762,1.04607,6844.0
2012-11-23 22:00:00+00:00,1.04607,1.04607,1.04607,1.04607,1.0
2012-11-24 22:00:00+00:00,1.04557,1.04591,1.04536,1.04579,42.0
2012-11-25 22:00:00+00:00,1.04584,1.04676,1.04392,1.04648,6986.0
2012-11-26 22:00:00+00:00,1.04646,1.049,1.04363,1.04462,9580.0
2012-11-27 22:00:00+00:00,1.04458,1.04813,1.04276,1.04762,9813.0
2012-11-28 22:00:00+00:00,1.04772,1.04802,1.04184,1.0435,8886.0
2012-11-29 22:00:00+00:00,1.04346,1.04473,1.04026,1.04264,9121.0
2012-12-02 22:00:00+00:00,1.04264,1.04465,1.03934,1.0421,8430.0
2012-12-03 22:00:00+00:00,1.04206,1.04845,1.04112,1.04716,9647.0
2012-12-04 22:00:00+00:00,1.04724,1.04846,1.04424,1.0456,8037.0
2012-12-05 22:00:00+00:00,1.04484,1.05156,1.04414,1.04858,9509.0
2012-12-06 22:00:00+00:00,1.04846,1.0497,1.04602,1.04878,7629.0
2012-12-07 22:00:00+00:00,1.04878,1.04878,1.04878,1.04878,1.0
2012-12-09 22:00:00+00:00,1.04884,1.05053,1.04654,1.0488,5242.0
2012-12-10 22:00:00+00:00,1.04874,1.05321,1.04618,1.05282,5778.0
2012-12-11 22:00:00+00:00,1.05288,1.05855,1.05234,1.05546,19315.0
2012-12-12 22:00:00+00:00,1.05546,1.05644,1.05088,1.0528,11827.0
2012-12-13 22:00:00+00:00,1.0528,1.05776,1.05105,1.05663,28694.0
2012-12-15 22:00:00+00:00,1.05473,1.05544,1.05448,1.05519,607.0
2012-12-16 22:00:00+00:00,1.05518,1.05731,1.05266,1.05513,23971.0
2012-12-17 22:00:00+00:00,1.0551,1.05574,1.05163,1.05346,22310.0
2012-12-18 22:00:00+00:00,1.05348,1.05348,1.0477,1.04814,25361.0
2012-12-19 22:00:00+00:00,1.04812,1.04998,1.04614,1.04826,25009.0
2012-12-20 22:00:00+00:00,1.0483,1.04867,1.03948,1.0402,29186.0
2012-12-22 22:00:00+00:00,1.03975,1.0402,1.03923,1.03988,602.0
2012-12-23 22:00:00+00:00,1.03986,1.04162,1.03579,1.0366,14632.0
2012-12-25 22:00:00+00:00,1.0366,1.03862,1.03452,1.03776,7541.0
2012-12-26 22:00:00+00:00,1.03776,1.03891,1.03458,1.03771,23134.0
2012-12-27 22:00:00+00:00,1.0377,1.03961,1.03615,1.03726,22686.0
2012-12-29 22:00:00+00:00,1.03666,1.03709,1.03631,1.03695,231.0
2012-12-30 22:00:00+00:00,1.03694,1.04092,1.03646,1.03831,18040.0
2013-01-01 22:00:00+00:00,1.04129,1.05236,1.04117,1.05044,38783.0
2013-01-02 22:00:00+00:00,1.05044,1.05275,1.04614,1.04666,27717.0
2013-01-03 22:00:00+00:00,1.04666,1.04878,1.03948,1.04808,32438.0
2013-01-04 22:00:00+00:00,1.04808,1.04808,1.04808,1.04808,1.0
2013-01-05 22:00:00+00:00,1.0471,1.04807,1.04702,1.04764,703.0
2013-01-06 22:00:00+00:00,1.04766,1.05126,1.04674,1.05051,28452.0
2013-01-07 22:00:00+00:00,1.05055,1.05166,1.04696,1.05039,29352.0
2013-01-08 22:00:00+00:00,1.05041,1.05353,1.04866,1.05145,31356.0
2013-01-09 22:00:00+00:00,1.05143,1.05986,1.04938,1.05978,35197.0
2013-01-10 22:00:00+00:00,1.05976,1.05987,1.05309,1.05361,30906.0
2013-01-11 22:00:00+00:00,1.05361,1.05361,1.05361,1.05361,1.0
2013-01-12 22:00:00+00:00,1.05422,1.05536,1.05404,1.05521,550.0
2013-01-13 22:00:00+00:00,1.05518,1.05776,1.0522,1.05664,26563.0
2013-01-14 22:00:00+00:00,1.05664,1.05699,1.05262,1.05648,31018.0
2013-01-15 22:00:00+00:00,1.0565,1.05804,1.05316,1.0572,31616.0
2013-01-16 22:00:00+00:00,1.05714,1.0576,1.04941,1.0546,39012.0
2013-01-17 22:00:00+00:00,1.05461,1.0558,1.04856,1.05106,36412.0
2013-01-18 22:00:00+00:00,1.05106,1.05106,1.05106,1.05106,3.0
2013-01-19 22:00:00+00:00,1.05093,1.0514,1.05066,1.05072,589.0
2013-01-20 22:00:00+00:00,1.05074,1.05254,1.0493,1.05164,20777.0
2013-01-21 22:00:00+00:00,1.0516,1.05782,1.05046,1.05658,32751.0
2013-01-22 22:00:00+00:00,1.05657,1.05748,1.05276,1.05546,29020.0
2013-01-23 22:00:00+00:00,1.05547,1.05547,1.04447,1.04523,37712.0
2013-01-24 22:00:00+00:00,1.0452,1.04684,1.04036,1.04236,33211.0
2013-01-26 22:00:00+00:00,1.04128,1.042,1.04103,1.04163,344.0
2013-01-27 22:00:00+00:00,1.04162,1.04297,1.03845,1.04174,28417.0
2013-01-28 22:00:00+00:00,1.0417,1.04768,1.04058,1.04752,30964.0
2013-01-29 22:00:00+00:00,1.04751,1.04758,1.0399,1.04169,33549.0
2013-01-30 22:00:00+00:00,1.04166,1.0451,1.03802,1.04243,32055.0
2013-01-31 22:00:00+00:00,1.04244,1.04457,1.03614,1.04067,38228.0
2013-02-01 22:00:00+00:00,1.04067,1.04067,1.04067,1.04067,1.0
2013-02-02 22:00:00+00:00,1.04064,1.04312,1.04054,1.04256,1468.0
2013-02-03 22:00:00+00:00,1.04256,1.04424,1.04094,1.0438,28671.0
2013-02-04 22:00:00+00:00,1.0438,1.0458,1.03705,1.03893,35473.0
2013-02-05 22:00:00+00:00,1.03896,1.04006,1.02965,1.03198,35964.0
2013-02-06 22:00:00+00:00,1.03196,1.0339,1.02736,1.02815,36920.0
2013-02-07 22:00:00+00:00,1.02814,1.03484,1.02557,1.03187,34270.0
2013-02-08 22:00:00+00:00,1.03187,1.03187,1.03187,1.03187,1.0
2013-02-10 22:00:00+00:00,1.03122,1.03252,1.02514,1.0256,48826.0
2013-02-11 22:00:00+00:00,1.02562,1.03216,1.02271,1.03058,62095.0
2013-02-12 22:00:00+00:00,1.03058,1.03724,1.03055,1.03696,57519.0
2013-02-13 22:00:00+00:00,1.03694,1.03729,1.03266,1.03592,56665.0
2013-02-14 22:00:00+00:00,1.03592,1.0375,1.02878,1.03052,60759.0
2013-02-15 22:00:00+00:00,1.03052,1.03052,1.03052,1.03052,2.0
2013-02-17 22:00:00+00:00,1.02918,1.03154,1.02752,1.03062,45478.0
2013-02-18 22:00:00+00:00,1.03066,1.03678,1.03013,1.03569,57268.0
2013-02-19 22:00:00+00:00,1.03568,1.03675,1.02378,1.02562,72595.0
2013-02-20 22:00:00+00:00,1.0256,1.02648,1.0221,1.02454,72186.0
2013-02-21 22:00:00+00:00,1.02458,1.03406,1.0236,1.03198,74422.0
2013-02-24 22:00:00+00:00,1.03044,1.03282,1.02508,1.0258,102395.0
2013-02-25 22:00:00+00:00,1.0258,1.02924,1.02006,1.02292,113786.0
2013-02-27 22:00:00+00:00,1.02298,1.02899,1.01977,1.02148,95595.0
2013-02-28 22:00:00+00:00,1.0215,1.02418,1.01824,1.02037,87320.0
2013-03-01 22:00:00+00:00,1.02037,1.02037,1.02037,1.02037,1.0
2013-03-03 22:00:00+00:00,1.02012,1.02055,1.01154,1.01961,74295.0
2013-03-04 22:00:00+00:00,1.01964,1.02631,1.01878,1.02582,84952.0
2013-03-05 22:00:00+00:00,1.0258,1.03014,1.02326,1.0233,74153.0
2013-03-06 22:00:00+00:00,1.02331,1.029,1.02194,1.02677,77534.0
2013-03-07 22:00:00+00:00,1.02678,1.02842,1.02116,1.02354,77678.0
2013-03-08 22:00:00+00:00,1.02354,1.02354,1.02354,1.02354,1.0
2013-03-10 21:00:00+00:00,1.02058,1.02842,1.02044,1.02804,64680.0
2013-03-11 21:00:00+00:00,1.02804,1.03356,1.02666,1.0324,87175.0
2013-03-12 21:00:00+00:00,1.03239,1.03342,1.02822,1.02986,93827.0
2013-03-13 21:00:00+00:00,1.02987,1.04013,1.02878,1.03834,108886.0
2013-03-14 21:00:00+00:00,1.03833,1.04144,1.03612,1.04092,82343.0
2013-03-15 21:00:00+00:00,1.04092,1.04092,1.04092,1.04092,1.0
2013-03-17 21:00:00+00:00,1.03551,1.04098,1.03446,1.04018,98403.0
2013-03-18 21:00:00+00:00,1.04017,1.04056,1.03511,1.037,91087.0
2013-03-19 21:00:00+00:00,1.037,1.04058,1.03552,1.03797,84674.0
2013-03-20 21:00:00+00:00,1.03797,1.04584,1.03632,1.04396,88178.0
2013-03-21 21:00:00+00:00,1.04398,1.04602,1.04215,1.04438,44744.0
2013-03-22 21:00:00+00:00,1.04436,1.04436,1.04436,1.04436,1.0
2013-03-24 21:00:00+00:00,1.04442,1.04798,1.04326,1.04656,57890.0
2013-03-25 21:00:00+00:00,1.04656,1.04972,1.04478,1.0485,47587.0
2013-03-26 21:00:00+00:00,1.0485,1.04855,1.04178,1.04448,46629.0
2013-03-27 21:00:00+00:00,1.04448,1.04574,1.03968,1.0415,46642.0
2013-03-28 21:00:00+00:00,1.04155,1.04277,1.04025,1.04196,28580.0
2013-03-31 21:00:00+00:00,1.0421,1.04317,1.03864,1.04234,24663.0
2013-04-01 21:00:00+00:00,1.04234,1.04792,1.04214,1.04496,43898.0
2013-04-02 21:00:00+00:00,1.04496,1.04976,1.04464,1.04614,40437.0
2013-04-03 21:00:00+00:00,1.04614,1.0492,1.03862,1.04365,62258.0
2013-04-04 21:00:00+00:00,1.04366,1.04384,1.03549,1.03832,59325.0
2013-04-07 21:00:00+00:00,1.03689,1.04236,1.03484,1.04124,46269.0
2013-04-08 21:00:00+00:00,1.04125,1.05096,1.04057,1.04893,53839.0
2013-04-09 21:00:00+00:00,1.04893,1.05524,1.04745,1.05425,52936.0
2013-04-10 21:00:00+00:00,1.05424,1.05823,1.05008,1.05448,54634.0
2013-04-11 21:00:00+00:00,1.05444,1.05613,1.04794,1.05084,54718.0
2013-04-12 21:00:00+00:00,1.05083,1.05083,1.05083,1.05083,2.0
2013-04-14 21:00:00+00:00,1.05056,1.05238,1.02913,1.03135,95567.0
2013-04-15 21:00:00+00:00,1.03132,1.03978,1.02951,1.03896,83524.0
2013-04-16 21:00:00+00:00,1.03896,1.03944,1.0277,1.02964,80464.0
2013-04-17 21:00:00+00:00,1.02966,1.03379,1.0269,1.03014,82336.0
2013-04-18 21:00:00+00:00,1.03015,1.03584,1.02757,1.02771,65294.0
2013-04-21 21:00:00+00:00,1.02806,1.03077,1.02358,1.02743,62379.0
2013-04-22 21:00:00+00:00,1.02742,1.02768,1.02212,1.02578,66207.0
2013-04-23 21:00:00+00:00,1.02576,1.02964,1.02316,1.02778,62884.0
2013-04-24 21:00:00+00:00,1.02771,1.03396,1.02718,1.02916,51875.0
2013-04-25 21:00:00+00:00,1.02916,1.03364,1.02634,1.02761,59440.0
2013-04-28 21:00:00+00:00,1.0282,1.0358,1.02725,1.03509,40047.0
2013-04-29 21:00:00+00:00,1.03508,1.03848,1.03292,1.03708,51355.0
2013-04-30 21:00:00+00:00,1.03708,1.03822,1.02658,1.02786,53559.0
2013-05-01 21:00:00+00:00,1.02784,1.02844,1.0222,1.02485,63765.0
2013-05-02 21:00:00+00:00,1.02486,1.0323,1.02425,1.03186,54487.0
2013-05-05 21:00:00+00:00,1.03066,1.03134,1.02226,1.02539,40954.0
2013-05-06 21:00:00+00:00,1.0254,1.02548,1.0155,1.01851,57847.0
2013-05-07 21:00:00+00:00,1.01851,1.02082,1.01555,1.01702,50912.0
2013-05-08 21:00:00+00:00,1.017,1.0254,1.00464,1.00928,72925.0
2013-05-09 21:00:00+00:00,1.00928,1.00962,0.99611,1.00246,85451.0
2013-05-12 21:00:00+00:00,1.00022,1.00154,0.99404,0.99524,64423.0
2013-05-13 21:00:00+00:00,0.99526,1.00035,0.98771,0.98902,70730.0
2013-05-14 21:00:00+00:00,0.98896,0.99194,0.98526,0.98974,70100.0
2013-05-15 21:00:00+00:00,0.98976,0.99132,0.97972,0.9809,83113.0
2013-05-16 21:00:00+00:00,0.98089,0.98308,0.97112,0.97323,70833.0
2013-05-19 21:00:00+00:00,0.9756,0.98276,0.97375,0.9809,66459.0
2013-05-20 21:00:00+00:00,0.98093,0.98424,0.97518,0.98021,77417.0
2013-05-21 21:00:00+00:00,0.98014,0.98282,0.96619,0.9699,95945.0
2013-05-22 21:00:00+00:00,0.96991,0.97786,0.95936,0.97497,108923.0
2013-05-23 21:00:00+00:00,0.97498,0.97516,0.96339,0.96519,78674.0
2013-05-26 21:00:00+00:00,0.96422,0.96658,0.96155,0.96346,45615.0
2013-05-27 21:00:00+00:00,0.96348,0.96958,0.95964,0.96158,72117.0
2013-05-28 21:00:00+00:00,0.96159,0.96705,0.95282,0.96336,89314.0
2013-05-29 21:00:00+00:00,0.96336,0.96972,0.95836,0.96612,94571.0
2013-05-30 21:00:00+00:00,0.9661,0.96854,0.9549,0.95711,89696.0
2013-06-02 21:00:00+00:00,0.96225,0.97918,0.95912,0.97706,87801.0
2013-06-03 21:00:00+00:00,0.97706,0.97716,0.96106,0.96507,83578.0
2013-06-04 21:00:00+00:00,0.96511,0.96574,0.95115,0.95418,92298.0
2013-06-05 21:00:00+00:00,0.95418,0.96739,0.94347,0.95962,113574.0
2013-06-06 21:00:00+00:00,0.95962,0.9597,0.94286,0.9497,122701.0
2013-06-09 21:00:00+00:00,0.94068,0.94808,0.93937,0.94647,86002.0
2013-06-10 21:00:00+00:00,0.94644,0.94716,0.9326,0.9427,115270.0
2013-06-11 21:00:00+00:00,0.94268,0.95638,0.94158,0.94844,101648.0
2013-06-12 21:00:00+00:00,0.94842,0.96582,0.94291,0.96392,107919.0
2013-06-13 21:00:00+00:00,0.9639,0.9666,0.95673,0.95702,93291.0
2013-06-16 21:00:00+00:00,0.95639,0.96414,0.95092,0.9544,65859.0
2013-06-17 21:00:00+00:00,0.95443,0.95743,0.94402,0.94861,75070.0
2013-06-18 21:00:00+00:00,0.94862,0.9557,0.92844,0.92941,92677.0
2013-06-19 21:00:00+00:00,0.92943,0.93132,0.91632,0.91972,124385.0
2013-06-20 21:00:00+00:00,0.91972,0.92595,0.91829,0.92191,95904.0
2013-06-23 21:00:00+00:00,0.92086,0.92992,0.91478,0.92487,113152.0
2013-06-24 21:00:00+00:00,0.92486,0.92975,0.91973,0.92593,96804.0
2013-06-25 21:00:00+00:00,0.92594,0.9345,0.92364,0.92778,92668.0
2013-06-26 21:00:00+00:00,0.92776,0.93392,0.92624,0.92759,76601.0
2013-06-27 21:00:00+00:00,0.92758,0.92872,0.91132,0.91394,92221.0
2013-06-30 21:00:00+00:00,0.91136,0.9253,0.91134,0.92392,70390.0
2013-07-01 21:00:00+00:00,0.92388,0.92502,0.91301,0.91465,86629.0
2013-07-02 21:00:00+00:00,0.91466,0.91902,0.90365,0.90874,97099.0
2013-07-03 21:00:00+00:00,0.90878,0.91808,0.9073,0.91465,84853.0
2013-07-04 21:00:00+00:00,0.91461,0.91804,0.90484,0.90654,79165.0
2013-07-07 21:00:00+00:00,0.90537,0.91454,0.9042,0.91337,52807.0
2013-07-08 21:00:00+00:00,0.91338,0.9201,0.90832,0.91763,75049.0
2013-07-09 21:00:00+00:00,0.91762,0.92344,0.90929,0.91724,98373.0
2013-07-10 21:00:00+00:00,0.91723,0.93058,0.91194,0.91878,129576.0
2013-07-11 21:00:00+00:00,0.91881,0.91904,0.89988,0.90488,84202.0
2013-07-14 21:00:00+00:00,0.90672,0.9122,0.90356,0.9098,70294.0
2013-07-15 21:00:00+00:00,0.90981,0.9261,0.90864,0.92528,76922.0
2013-07-16 21:00:00+00:00,0.92526,0.92924,0.91914,0.9237,82900.0
2013-07-17 21:00:00+00:00,0.92368,0.92508,0.91382,0.91702,72148.0
2013-07-18 21:00:00+00:00,0.91704,0.92356,0.91554,0.9172,65501.0
2013-07-21 21:00:00+00:00,0.91782,0.92705,0.91744,0.92491,58681.0
2013-07-22 21:00:00+00:00,0.92489,0.9299,0.92228,0.92976,66796.0
2013-07-23 21:00:00+00:00,0.92862,0.93188,0.91322,0.91633,89093.0
2013-07-24 21:00:00+00:00,0.9163,0.92814,0.91288,0.92468,84585.0
2013-07-25 21:00:00+00:00,0.92466,0.92953,0.92277,0.92633,69071.0
2013-07-28 21:00:00+00:00,0.92534,0.9287,0.91883,0.92059,66394.0
2013-07-29 21:00:00+00:00,0.9206,0.92114,0.90436,0.90628,79558.0
2013-07-30 21:00:00+00:00,0.90626,0.90767,0.89364,0.89822,90741.0
2013-07-31 21:00:00+00:00,0.89824,0.89936,0.89076,0.89257,84774.0
2013-08-01 21:00:00+00:00,0.89256,0.89698,0.88704,0.89042,85205.0
2013-08-04 21:00:00+00:00,0.89204,0.89345,0.88482,0.8929,58566.0
2013-08-05 21:00:00+00:00,0.89288,0.90057,0.89068,0.89852,68883.0
2013-08-06 21:00:00+00:00,0.89844,0.90254,0.892,0.90002,64714.0
2013-08-07 21:00:00+00:00,0.90003,0.91352,0.8973,0.91045,78907.0
2013-08-08 21:00:00+00:00,0.91044,0.92148,0.90872,0.92038,60771.0
2013-08-11 21:00:00+00:00,0.91906,0.92208,0.91343,0.91486,51370.0
2013-08-12 21:00:00+00:00,0.91487,0.9149,0.90735,0.9114,65201.0
2013-08-13 21:00:00+00:00,0.91141,0.91604,0.90814,0.91222,53472.0
2013-08-14 21:00:00+00:00,0.91222,0.91898,0.90582,0.91426,82933.0
2013-08-15 21:00:00+00:00,0.91426,0.92153,0.91248,0.91846,62848.0
2013-08-18 21:00:00+00:00,0.9187,0.92332,0.9103,0.91094,70276.0
2013-08-19 21:00:00+00:00,0.91092,0.91326,0.90272,0.90716,71368.0
2013-08-20 21:00:00+00:00,0.9071,0.90735,0.89656,0.89692,84160.0
2013-08-21 21:00:00+00:00,0.89694,0.90434,0.8932,0.90089,76705.0
2013-08-22 21:00:00+00:00,0.90088,0.90502,0.89712,0.90259,67907.0
2013-08-25 21:00:00+00:00,0.90362,0.90704,0.90032,0.90302,50011.0
2013-08-26 21:00:00+00:00,0.90303,0.90383,0.89338,0.89838,67134.0
2013-08-27 21:00:00+00:00,0.89837,0.89874,0.88926,0.89407,73546.0
2013-08-28 21:00:00+00:00,0.89406,0.89789,0.89162,0.893,57614.0
2013-08-29 21:00:00+00:00,0.89301,0.8958,0.88924,0.89007,56480.0
2013-09-01 21:00:00+00:00,0.8945,0.90142,0.89248,0.8978,62730.0
2013-09-02 21:00:00+00:00,0.89781,0.90722,0.8973,0.90627,72154.0
2013-09-03 21:00:00+00:00,0.90626,0.91874,0.90379,0.91728,63723.0
2013-09-04 21:00:00+00:00,0.9173,0.91885,0.91162,0.91221,60975.0
2013-09-05 21:00:00+00:00,0.91219,0.9217,0.91162,0.91868,58208.0
2013-09-08 21:00:00+00:00,0.92033,0.92422,0.91675,0.92279,47459.0
2013-09-09 21:00:00+00:00,0.92276,0.93192,0.92172,0.93124,55544.0
2013-09-10 21:00:00+00:00,0.93124,0.93385,0.92764,0.93286,53162.0
2013-09-11 21:00:00+00:00,0.93288,0.93546,0.92288,0.9272,61329.0
2013-09-12 21:00:00+00:00,0.92716,0.92732,0.92238,0.9245,50108.0
2013-09-15 21:00:00+00:00,0.93302,0.93942,0.93053,0.93181,58518.0
2013-09-16 21:00:00+00:00,0.93182,0.93666,0.92856,0.9356,46796.0
2013-09-17 21:00:00+00:00,0.9356,0.95288,0.93364,0.95196,65727.0
2013-09-18 21:00:00+00:00,0.95197,0.95244,0.94273,0.94375,64023.0
2013-09-19 21:00:00+00:00,0.94376,0.94585,0.93778,0.93934,48195.0
2013-09-22 21:00:00+00:00,0.93684,0.94576,0.93668,0.94311,50842.0
2013-09-23 21:00:00+00:00,0.94314,0.94316,0.93639,0.93912,44046.0
2013-09-24 21:00:00+00:00,0.9391,0.93935,0.93384,0.93676,44280.0
2013-09-25 21:00:00+00:00,0.93672,0.9402,0.93402,0.93652,42342.0
2013-09-26 21:00:00+00:00,0.93654,0.93748,0.92821,0.93172,42971.0
2013-09-27 21:00:00+00:00,0.93727,0.93727,0.93727,0.93727,2.0
2013-09-29 21:00:00+00:00,0.93118,0.93544,0.92812,0.93171,50827.0
2013-09-30 21:00:00+00:00,0.9317,0.94355,0.92889,0.93986,61260.0
2013-10-01 21:00:00+00:00,0.93986,0.94112,0.9334,0.93852,52029.0
2013-10-02 21:00:00+00:00,0.93853,0.94152,0.93673,0.93948,49793.0
2013-10-03 21:00:00+00:00,0.9395,0.94589,0.93888,0.94343,40035.0
2013-10-06 21:00:00+00:00,0.94362,0.94494,0.93881,0.9429,31946.0
2013-10-07 21:00:00+00:00,0.94286,0.94845,0.94116,0.94238,45276.0
2013-10-08 21:00:00+00:00,0.94238,0.94645,0.94134,0.94445,52886.0
2013-10-09 21:00:00+00:00,0.94446,0.94734,0.93893,0.94525,54571.0
2013-10-10 21:00:00+00:00,0.94525,0.9485,0.94339,0.94676,44585.0
2013-10-13 21:00:00+00:00,0.94251,0.95072,0.94246,0.9489,39536.0
2013-10-14 21:00:00+00:00,0.94888,0.95476,0.94784,0.95258,50214.0
2013-10-15 21:00:00+00:00,0.9526,0.95574,0.9499,0.95516,49887.0
2013-10-16 21:00:00+00:00,0.95516,0.96468,0.95275,0.96352,58819.0
2013-10-17 21:00:00+00:00,0.96351,0.96792,0.96046,0.96777,46974.0
2013-10-20 21:00:00+00:00,0.96728,0.96794,0.9643,0.96528,35761.0
2013-10-21 21:00:00+00:00,0.96529,0.97308,0.96436,0.97076,42156.0
2013-10-22 21:00:00+00:00,0.97076,0.97578,0.96074,0.96262,62967.0
2013-10-23 21:00:00+00:00,0.96256,0.96712,0.9572,0.96225,58084.0
2013-10-24 21:00:00+00:00,0.96226,0.96246,0.95722,0.95858,45739.0
2013-10-27 21:00:00+00:00,0.95862,0.96226,0.95558,0.9573,36064.0
2013-10-28 21:00:00+00:00,0.95729,0.95751,0.94722,0.94798,58518.0
2013-10-29 21:00:00+00:00,0.94796,0.95162,0.94414,0.94836,57767.0
2013-10-30 21:00:00+00:00,0.94836,0.95259,0.94513,0.9457,59824.0
2013-10-31 21:00:00+00:00,0.9457,0.94896,0.94215,0.94388,52704.0
2013-11-03 22:00:00+00:00,0.94592,0.95146,0.9444,0.95108,43325.0
2013-11-04 22:00:00+00:00,0.95105,0.95377,0.94636,0.95078,54831.0
2013-11-05 22:00:00+00:00,0.95075,0.95434,0.94864,0.95268,43629.0
2013-11-06 22:00:00+00:00,0.95266,0.95288,0.94389,0.94556,68729.0
2013-11-07 22:00:00+00:00,0.94549,0.94818,0.93524,0.93856,67316.0
2013-11-10 22:00:00+00:00,0.93868,0.93904,0.93446,0.93596,37981.0
2013-11-11 22:00:00+00:00,0.93598,0.93681,0.92686,0.93018,53579.0
2013-11-12 22:00:00+00:00,0.93017,0.93712,0.92787,0.93599,49213.0
2013-11-13 22:00:00+00:00,0.93594,0.93864,0.92812,0.93164,59735.0
2013-11-14 22:00:00+00:00,0.93164,0.93748,0.93056,0.93681,41572.0
2013-11-17 22:00:00+00:00,0.9377,0.9419,0.93588,0.93772,42718.0
2013-11-18 22:00:00+00:00,0.9377,0.94474,0.93524,0.94332,49544.0
2013-11-19 22:00:00+00:00,0.94335,0.94478,0.93164,0.93348,64513.0
2013-11-20 22:00:00+00:00,0.93349,0.93358,0.91983,0.92336,70033.0
2013-11-21 22:00:00+00:00,0.92334,0.92497,0.91434,0.91795,55270.0
2013-11-24 22:00:00+00:00,0.91648,0.91884,0.91202,0.91612,44805.0
2013-11-25 22:00:00+00:00,0.91612,0.92046,0.90887,0.9127,54069.0
2013-11-26 22:00:00+00:00,0.9127,0.91378,0.90652,0.90793,51652.0
2013-11-27 22:00:00+00:00,0.90796,0.91497,0.90758,0.91003,43558.0
2013-11-28 22:00:00+00:00,0.91005,0.91414,0.90557,0.91083,55029.0
2013-12-01 22:00:00+00:00,0.9129,0.91686,0.90895,0.91052,53068.0
2013-12-02 22:00:00+00:00,0.91054,0.91466,0.9057,0.91358,56156.0
2013-12-03 22:00:00+00:00,0.9136,0.91408,0.8999,0.90295,67596.0
2013-12-04 22:00:00+00:00,0.90294,0.90773,0.90034,0.9063,53503.0
2013-12-05 22:00:00+00:00,0.9063,0.91176,0.89898,0.90993,60998.0
2013-12-08 22:00:00+00:00,0.91228,0.91294,0.90701,0.91114,42231.0
2013-12-09 22:00:00+00:00,0.91114,0.9167,0.90756,0.91506,46335.0
2013-12-10 22:00:00+00:00,0.91506,0.91526,0.90466,0.90494,47918.0
2013-12-11 22:00:00+00:00,0.9049,0.9082,0.89166,0.89369,65012.0
2013-12-12 22:00:00+00:00,0.89368,0.89692,0.89097,0.89636,45267.0
2013-12-15 22:00:00+00:00,0.89611,0.89698,0.89206,0.89478,39928.0
2013-12-16 22:00:00+00:00,0.89477,0.89584,0.88824,0.88986,46150.0
2013-12-17 22:00:00+00:00,0.88986,0.89442,0.8821,0.88609,71843.0
2013-12-18 22:00:00+00:00,0.88609,0.88754,0.88229,0.88669,52721.0
2013-12-19 22:00:00+00:00,0.88668,0.89342,0.88552,0.89216,47108.0
2013-12-22 22:00:00+00:00,0.89222,0.89582,0.8917,0.89342,33627.0
2013-12-23 22:00:00+00:00,0.89342,0.8941,0.89064,0.89254,23151.0
2013-12-25 22:00:00+00:00,0.89248,0.89286,0.88758,0.88957,36650.0
2013-12-26 22:00:00+00:00,0.88959,0.8929,0.88622,0.88688,43355.0
2013-12-29 22:00:00+00:00,0.88628,0.893,0.88335,0.89037,38551.0
2013-12-30 22:00:00+00:00,0.89032,0.89524,0.8899,0.89272,30292.0
2014-01-01 22:00:00+00:00,0.8887,0.89438,0.88428,0.8911,70682.0
2014-01-02 22:00:00+00:00,0.89111,0.90048,0.88855,0.89468,63043.0
2014-01-05 22:00:00+00:00,0.89576,0.89826,0.89352,0.89674,50090.0
2014-01-06 22:00:00+00:00,0.89674,0.8971,0.88936,0.89271,51253.0
2014-01-07 22:00:00+00:00,0.89272,0.89526,0.88968,0.89014,51690.0
2014-01-08 22:00:00+00:00,0.89014,0.8913,0.88651,0.88994,50761.0
2014-01-09 22:00:00+00:00,0.88994,0.90052,0.88758,0.8996,57509.0
2014-01-12 22:00:00+00:00,0.89984,0.90864,0.89855,0.90536,50156.0
2014-01-13 22:00:00+00:00,0.90536,0.9058,0.89556,0.89658,46149.0
2014-01-14 22:00:00+00:00,0.8966,0.89706,0.88879,0.89156,45057.0
2014-01-15 22:00:00+00:00,0.89156,0.8917,0.87769,0.88208,52775.0
2014-01-16 22:00:00+00:00,0.88208,0.88281,0.87637,0.87816,40049.0
2014-01-19 22:00:00+00:00,0.87724,0.88208,0.87568,0.88112,30914.0
2014-01-20 22:00:00+00:00,0.8811,0.88375,0.87757,0.88058,41013.0
2014-01-21 22:00:00+00:00,0.88058,0.88882,0.87876,0.88518,44427.0
2014-01-22 22:00:00+00:00,0.88516,0.88524,0.87318,0.87682,59495.0
2014-01-23 22:00:00+00:00,0.87684,0.87754,0.86604,0.86824,58675.0
2014-01-26 22:00:00+00:00,0.86936,0.87596,0.86776,0.87388,50035.0
2014-01-27 22:00:00+00:00,0.87388,0.88206,0.87266,0.87786,45976.0
2014-01-28 22:00:00+00:00,0.87792,0.8826,0.8725,0.87389,66320.0
2014-01-29 22:00:00+00:00,0.87388,0.88006,0.87106,0.87946,50267.0
2014-01-30 22:00:00+00:00,0.87947,0.88234,0.86947,0.8755,53923.0
2014-02-02 22:00:00+00:00,0.87681,0.88335,0.87387,0.8752,48678.0
2014-02-03 22:00:00+00:00,0.8752,0.89418,0.87305,0.8925,63900.0
2014-02-04 22:00:00+00:00,0.89247,0.89386,0.88736,0.89106,48465.0
2014-02-05 22:00:00+00:00,0.89106,0.89806,0.89096,0.8959,46720.0
2014-02-06 22:00:00+00:00,0.89591,0.89984,0.89226,0.8959,46221.0
2014-02-09 22:00:00+00:00,0.89561,0.8959,0.89068,0.89492,27444.0
2014-02-10 22:00:00+00:00,0.8949,0.90478,0.89416,0.90381,43594.0
2014-02-11 22:00:00+00:00,0.90346,0.90673,0.90112,0.90267,36183.0
2014-02-12 22:00:00+00:00,0.90272,0.90314,0.89277,0.8979,42420.0
2014-02-13 22:00:00+00:00,0.89782,0.9044,0.89664,0.9034,40403.0
2014-02-16 22:00:00+00:00,0.90624,0.90694,0.9023,0.90325,32019.0
2014-02-17 22:00:00+00:00,0.90308,0.90808,0.90018,0.9027,42229.0
2014-02-18 22:00:00+00:00,0.90272,0.90443,0.89908,0.90015,42249.0
2014-02-19 22:00:00+00:00,0.90015,0.90224,0.8937,0.90062,47018.0
2014-02-20 22:00:00+00:00,0.90059,0.90148,0.89522,0.89766,35686.0
2014-02-23 22:00:00+00:00,0.89814,0.90491,0.89382,0.9035,40246.0
2014-02-24 22:00:00+00:00,0.90356,0.90442,0.90041,0.90196,37337.0
2014-02-25 22:00:00+00:00,0.902,0.90258,0.8944,0.89686,40575.0
2014-02-26 22:00:00+00:00,0.89685,0.89698,0.89042,0.89652,40021.0
2014-02-27 22:00:00+00:00,0.89654,0.89896,0.89158,0.89272,43037.0
2014-03-02 22:00:00+00:00,0.8896,0.89466,0.88907,0.89376,42618.0
2014-03-03 22:00:00+00:00,0.89362,0.89695,0.89095,0.89503,38227.0
2014-03-04 22:00:00+00:00,0.89504,0.89972,0.89366,0.8985,38767.0
2014-03-05 22:00:00+00:00,0.89859,0.91132,0.89734,0.909,45068.0
2014-03-06 22:00:00+00:00,0.90896,0.91335,0.90616,0.90682,38672.0
2014-03-09 21:00:00+00:00,0.90371,0.90635,0.90124,0.90204,31301.0
2014-03-10 21:00:00+00:00,0.90218,0.90506,0.89618,0.89766,35327.0
2014-03-11 21:00:00+00:00,0.89766,0.89932,0.89242,0.8988,42293.0
2014-03-12 21:00:00+00:00,0.89869,0.91036,0.89864,0.90294,50842.0
2014-03-13 21:00:00+00:00,0.90304,0.90496,0.89968,0.90316,42259.0
2014-03-16 21:00:00+00:00,0.90038,0.90982,0.90024,0.90873,31988.0
2014-03-17 21:00:00+00:00,0.90866,0.9136,0.90642,0.91268,37564.0
2014-03-18 21:00:00+00:00,0.91245,0.91384,0.90205,0.90421,44191.0
2014-03-19 21:00:00+00:00,0.904,0.90519,0.89952,0.90396,38598.0
2014-03-20 21:00:00+00:00,0.90424,0.91004,0.90329,0.90823,31024.0
2014-03-23 21:00:00+00:00,0.91026,0.91496,0.90486,0.91314,35323.0
2014-03-24 21:00:00+00:00,0.91308,0.91744,0.91198,0.91664,34288.0
2014-03-25 21:00:00+00:00,0.91646,0.92453,0.91542,0.9226,38667.0
2014-03-26 21:00:00+00:00,0.92234,0.92716,0.92144,0.9259,34401.0
2014-03-27 21:00:00+00:00,0.9259,0.92954,0.92376,0.92487,30497.0
2014-03-30 21:00:00+00:00,0.92406,0.92779,0.92184,0.92642,33788.0
2014-03-31 21:00:00+00:00,0.92658,0.93041,0.92302,0.92474,35871.0
2014-04-01 21:00:00+00:00,0.92453,0.92636,0.92226,0.92486,30525.0
2014-04-02 21:00:00+00:00,0.9249,0.92548,0.92058,0.92322,38624.0
2014-04-03 21:00:00+00:00,0.9232,0.9308,0.92234,0.92922,38017.0
2014-04-06 21:00:00+00:00,0.92852,0.92954,0.92542,0.92701,26846.0
2014-04-07 21:00:00+00:00,0.92705,0.93665,0.92622,0.93612,38295.0
2014-04-08 21:00:00+00:00,0.93594,0.93992,0.93354,0.93904,36625.0
2014-04-09 21:00:00+00:00,0.93882,0.94612,0.93706,0.94136,43660.0
2014-04-10 21:00:00+00:00,0.9413,0.94264,0.9363,0.93936,39833.0
2014-04-13 21:00:00+00:00,0.93895,0.94256,0.93764,0.94242,30883.0
2014-04-14 21:00:00+00:00,0.94242,0.94246,0.93368,0.93619,40885.0
2014-04-15 21:00:00+00:00,0.93562,0.9388,0.93326,0.9371,41476.0
2014-04-16 21:00:00+00:00,0.93698,0.93906,0.93212,0.93328,29662.0
2014-04-17 21:00:00+00:00,0.93271,0.93418,0.93238,0.93317,18129.0
2014-04-20 21:00:00+00:00,0.93362,0.93468,0.93157,0.93271,16518.0
2014-04-21 21:00:00+00:00,0.93253,0.93784,0.93218,0.93668,29483.0
2014-04-22 21:00:00+00:00,0.93667,0.93774,0.92676,0.92906,37179.0
2014-04-23 21:00:00+00:00,0.92902,0.93012,0.92526,0.92641,30880.0
2014-04-24 21:00:00+00:00,0.92641,0.92983,0.92542,0.92765,24400.0
2014-04-27 21:00:00+00:00,0.92759,0.93168,0.92442,0.92584,33229.0
2014-04-28 21:00:00+00:00,0.92553,0.92821,0.92278,0.92682,32515.0
2014-04-29 21:00:00+00:00,0.9268,0.93012,0.92527,0.92874,41291.0
2014-04-30 21:00:00+00:00,0.92901,0.93127,0.92607,0.92739,29302.0
2014-05-01 21:00:00+00:00,0.92729,0.92804,0.92025,0.92766,41921.0
2014-05-04 21:00:00+00:00,0.92869,0.92896,0.92527,0.92744,29628.0
2014-05-05 21:00:00+00:00,0.92728,0.93678,0.9271,0.93512,39528.0
2014-05-06 21:00:00+00:00,0.93474,0.93548,0.93188,0.93274,38270.0
2014-05-07 21:00:00+00:00,0.93243,0.93944,0.93188,0.93756,43310.0
2014-05-08 21:00:00+00:00,0.93744,0.9379,0.93472,0.93633,31744.0
2014-05-11 21:00:00+00:00,0.93633,0.93862,0.93488,0.93625,24076.0
2014-05-12 21:00:00+00:00,0.93626,0.93824,0.93332,0.93613,28718.0
2014-05-13 21:00:00+00:00,0.93622,0.94092,0.93537,0.9379,31883.0
2014-05-14 21:00:00+00:00,0.93774,0.93936,0.9327,0.93562,34658.0
2014-05-15 21:00:00+00:00,0.93576,0.93711,0.93349,0.9357,24303.0
2014-05-18 21:00:00+00:00,0.93742,0.93758,0.93257,0.93298,24393.0
2014-05-19 21:00:00+00:00,0.933,0.93358,0.92416,0.92432,35162.0
2014-05-20 21:00:00+00:00,0.9242,0.92526,0.9209,0.9251,31199.0
2014-05-21 21:00:00+00:00,0.92507,0.92742,0.92148,0.92249,32145.0
2014-05-22 21:00:00+00:00,0.92271,0.92498,0.9214,0.92298,25528.0
2014-05-25 21:00:00+00:00,0.92352,0.92494,0.9231,0.92371,17040.0
2014-05-26 21:00:00+00:00,0.92414,0.92788,0.92335,0.9259,28124.0
2014-05-27 21:00:00+00:00,0.9259,0.92711,0.92144,0.92354,26371.0
2014-05-28 21:00:00+00:00,0.92348,0.93127,0.92094,0.93065,36604.0
2014-05-29 21:00:00+00:00,0.93079,0.93298,0.9289,0.93095,28950.0
2014-06-01 21:00:00+00:00,0.931,0.93141,0.92348,0.92449,31721.0
2014-06-02 21:00:00+00:00,0.92475,0.92874,0.92286,0.92662,33889.0
2014-06-03 21:00:00+00:00,0.92652,0.93022,0.92525,0.9278,28650.0
2014-06-04 21:00:00+00:00,0.92783,0.93468,0.92576,0.93404,40661.0
2014-06-05 21:00:00+00:00,0.93404,0.9359,0.9319,0.93347,30897.0
2014-06-08 21:00:00+00:00,0.93378,0.93636,0.93344,0.93554,19296.0
2014-06-09 21:00:00+00:00,0.93528,0.93841,0.93412,0.93726,28943.0
2014-06-10 21:00:00+00:00,0.9372,0.94064,0.9365,0.93844,27249.0
2014-06-11 21:00:00+00:00,0.93847,0.94378,0.93497,0.94268,38940.0
2014-06-12 21:00:00+00:00,0.94252,0.94274,0.93756,0.94019,27929.0
2014-06-15 21:00:00+00:00,0.93938,0.94167,0.93739,0.94006,23416.0
2014-06-16 21:00:00+00:00,0.94014,0.94036,0.933,0.93374,28726.0
2014-06-17 21:00:00+00:00,0.93348,0.94125,0.9322,0.94089,33528.0
2014-06-18 21:00:00+00:00,0.94031,0.94318,0.93906,0.93992,28351.0
2014-06-19 21:00:00+00:00,0.94015,0.94148,0.93781,0.93884,27188.0
2014-06-22 21:00:00+00:00,0.93767,0.94452,0.93754,0.94216,22735.0
2014-06-23 21:00:00+00:00,0.94195,0.94314,0.93663,0.93686,25386.0
2014-06-24 21:00:00+00:00,0.93678,0.94083,0.93546,0.94078,27365.0
2014-06-25 21:00:00+00:00,0.94054,0.94189,0.9396,0.94137,25670.0
2014-06-26 21:00:00+00:00,0.94165,0.94415,0.94058,0.94339,22022.0
2014-06-29 21:00:00+00:00,0.94233,0.94394,0.93876,0.94334,26253.0
2014-06-30 21:00:00+00:00,0.94334,0.95051,0.94139,0.94977,30488.0
2014-07-01 21:00:00+00:00,0.94972,0.94992,0.94287,0.94439,29872.0
2014-07-02 21:00:00+00:00,0.9443,0.94437,0.93286,0.9347,38135.0
2014-07-03 21:00:00+00:00,0.93464,0.93693,0.93432,0.9364,22660.0
2014-07-06 21:00:00+00:00,0.93649,0.93766,0.93416,0.93726,20814.0
2014-07-07 21:00:00+00:00,0.93726,0.94148,0.9366,0.93995,24613.0
2014-07-08 21:00:00+00:00,0.93997,0.94246,0.93824,0.94124,26984.0
2014-07-09 21:00:00+00:00,0.94116,0.9459,0.93612,0.93944,31985.0
2014-07-10 21:00:00+00:00,0.93952,0.94088,0.9376,0.93906,22754.0
2014-07-13 21:00:00+00:00,0.93784,0.94034,0.9376,0.9394,17816.0
2014-07-14 21:00:00+00:00,0.9392,0.94016,0.93488,0.9371,33477.0
2014-07-15 21:00:00+00:00,0.93718,0.93744,0.93299,0.93672,28128.0
2014-07-16 21:00:00+00:00,0.93686,0.93915,0.93466,0.93518,30721.0
2014-07-17 21:00:00+00:00,0.93498,0.94111,0.93362,0.93894,31792.0
2014-07-20 21:00:00+00:00,0.93929,0.9401,0.93712,0.93742,18823.0
2014-07-21 21:00:00+00:00,0.93733,0.94228,0.93609,0.93941,30904.0
2014-07-22 21:00:00+00:00,0.93952,0.94616,0.93808,0.94571,30259.0
2014-07-23 21:00:00+00:00,0.9457,0.9478,0.94114,0.94184,32816.0
2014-07-24 21:00:00+00:00,0.94152,0.94246,0.93927,0.93976,23619.0
2014-07-27 21:00:00+00:00,0.93958,0.94134,0.93846,0.94062,19786.0
2014-07-28 21:00:00+00:00,0.94054,0.94162,0.93744,0.93838,26006.0
2014-07-29 21:00:00+00:00,0.93824,0.93884,0.93034,0.933,39179.0
2014-07-30 21:00:00+00:00,0.93299,0.93326,0.92796,0.92952,30051.0
2014-07-31 21:00:00+00:00,0.92936,0.93356,0.92757,0.93119,40171.0
2014-08-03 21:00:00+00:00,0.931,0.93362,0.93064,0.93338,19514.0
2014-08-04 21:00:00+00:00,0.93338,0.93432,0.92936,0.93046,26047.0
2014-08-05 21:00:00+00:00,0.9305,0.93744,0.9292,0.93547,27007.0
2014-08-06 21:00:00+00:00,0.93558,0.93578,0.9259,0.92714,35596.0
2014-08-07 21:00:00+00:00,0.92714,0.92871,0.92395,0.92771,32094.0
2014-08-10 21:00:00+00:00,0.9276,0.92864,0.92592,0.92618,3353.0
2014-08-11 21:00:00+00:00,0.92618,0.92769,0.92476,0.92688,4303.0
2014-08-12 21:00:00+00:00,0.92688,0.93196,0.92638,0.93049,5232.0
2014-08-13 21:00:00+00:00,0.93041,0.93276,0.92878,0.93192,4299.0
2014-08-14 21:00:00+00:00,0.93192,0.93344,0.92983,0.93211,4807.0
2014-08-17 21:00:00+00:00,0.93144,0.93342,0.93089,0.93244,2952.0
2014-08-18 21:00:00+00:00,0.9326,0.93437,0.93022,0.93032,4592.0
2014-08-19 21:00:00+00:00,0.93032,0.93179,0.92756,0.92891,8437.0
2014-08-20 21:00:00+00:00,0.92854,0.93108,0.92376,0.93024,5814.0
2014-08-21 21:00:00+00:00,0.93024,0.93292,0.92931,0.93161,6074.0
2014-08-24 21:00:00+00:00,0.93105,0.93235,0.92896,0.92974,4608.0
2014-08-25 21:00:00+00:00,0.92974,0.93306,0.9272,0.93067,4639.0
2014-08-26 21:00:00+00:00,0.93029,0.93514,0.93024,0.93365,5339.0
2014-08-27 21:00:00+00:00,0.93365,0.93741,0.93322,0.93564,5984.0
2014-08-28 21:00:00+00:00,0.93544,0.93626,0.93319,0.93407,4687.0
2014-08-31 21:00:00+00:00,0.93263,0.93518,0.93201,0.93328,2931.0
2014-09-01 21:00:00+00:00,0.93321,0.93376,0.92685,0.92756,6187.0
2014-09-02 21:00:00+00:00,0.92756,0.93512,0.92634,0.93458,7057.0
2014-09-03 21:00:00+00:00,0.9347,0.93929,0.93303,0.93498,8073.0
2014-09-04 21:00:00+00:00,0.93475,0.94021,0.93326,0.93766,6715.0
2014-09-07 21:00:00+00:00,0.93647,0.93746,0.92778,0.92818,6369.0
2014-09-08 21:00:00+00:00,0.92818,0.92886,0.91884,0.92031,10582.0
2014-09-09 21:00:00+00:00,0.92011,0.92175,0.91128,0.91578,11015.0
2014-09-10 21:00:00+00:00,0.91586,0.92182,0.9089,0.90994,13473.0
2014-09-11 21:00:00+00:00,0.90994,0.91092,0.90305,0.90368,9576.0
2014-09-14 21:00:00+00:00,0.90094,0.90496,0.89838,0.90282,8150.0
2014-09-15 21:00:00+00:00,0.90302,0.91124,0.89893,0.90935,11548.0
2014-09-16 21:00:00+00:00,0.90949,0.90967,0.8951,0.89593,17168.0
2014-09-17 21:00:00+00:00,0.89575,0.8997,0.89276,0.89906,11276.0
2014-09-18 21:00:00+00:00,0.89906,0.9002,0.89212,0.89238,13520.0
2014-09-21 21:00:00+00:00,0.89314,0.89498,0.8853,0.88731,9508.0
2014-09-22 21:00:00+00:00,0.88721,0.89272,0.88316,0.88424,11665.0
2014-09-23 21:00:00+00:00,0.88398,0.88974,0.88392,0.88854,9704.0
2014-09-24 21:00:00+00:00,0.88835,0.8885,0.87741,0.87878,13973.0
2014-09-25 21:00:00+00:00,0.87878,0.88132,0.87481,0.87651,11304.0
2014-09-28 21:00:00+00:00,0.87533,0.87612,0.86841,0.87179,12727.0
2014-09-29 21:00:00+00:00,0.87213,0.87675,0.86939,0.8747,13317.0
2014-09-30 21:00:00+00:00,0.87507,0.87507,0.86634,0.87384,15851.0
2014-10-01 21:00:00+00:00,0.87237,0.88266,0.8722,0.8803,19759.0
2014-10-02 21:00:00+00:00,0.88013,0.88065,0.86428,0.86744,13453.0
2014-10-05 21:00:00+00:00,0.8677,0.87841,0.8653,0.87636,11693.0
2014-10-06 21:00:00+00:00,0.87642,0.88339,0.87264,0.88174,17292.0
2014-10-07 21:00:00+00:00,0.88154,0.8851,0.87343,0.88406,19827.0
2014-10-08 21:00:00+00:00,0.88421,0.88988,0.87648,0.87821,19473.0
2014-10-09 21:00:00+00:00,0.87803,0.87854,0.86807,0.8685,16171.0
2014-10-12 21:00:00+00:00,0.86925,0.87872,0.8652,0.87723,15405.0
2014-10-13 21:00:00+00:00,0.87716,0.88126,0.86942,0.87132,14294.0
2014-10-14 21:00:00+00:00,0.87132,0.88608,0.86753,0.88287,26429.0
2014-10-15 21:00:00+00:00,0.88277,0.88287,0.86859,0.87568,25522.0
2014-10-16 21:00:00+00:00,0.87584,0.88122,0.87342,0.87456,16170.0
2014-10-19 21:00:00+00:00,0.87582,0.8802,0.87474,0.87842,8980.0
2014-10-20 21:00:00+00:00,0.87867,0.88326,0.8757,0.87802,14519.0
2014-10-21 21:00:00+00:00,0.87786,0.88152,0.87435,0.87786,11041.0
2014-10-22 21:00:00+00:00,0.87768,0.88063,0.87492,0.87625,12756.0
2014-10-23 21:00:00+00:00,0.8761,0.8824,0.8719,0.87973,9537.0
2014-10-26 21:00:00+00:00,0.88022,0.88244,0.87892,0.88014,9480.0
2014-10-27 21:00:00+00:00,0.88024,0.88822,0.87955,0.88563,11545.0
2014-10-28 21:00:00+00:00,0.88526,0.89114,0.87764,0.8798,17235.0
2014-10-29 21:00:00+00:00,0.87961,0.88404,0.87558,0.88345,17491.0
2014-10-30 21:00:00+00:00,0.88334,0.88531,0.87648,0.87973,26295.0
2014-11-02 22:00:00+00:00,0.87532,0.87614,0.86778,0.86802,19723.0
2014-11-03 22:00:00+00:00,0.86796,0.87498,0.86451,0.87394,22131.0
2014-11-04 22:00:00+00:00,0.87362,0.87616,0.85648,0.85938,25399.0
2014-11-05 22:00:00+00:00,0.85925,0.8627,0.85536,0.85601,28135.0
2014-11-06 22:00:00+00:00,0.85571,0.86574,0.85408,0.86332,28643.0
2014-11-09 22:00:00+00:00,0.8648,0.86828,0.86092,0.86224,16878.0
2014-11-10 22:00:00+00:00,0.86192,0.8719,0.85908,0.8686,17612.0
2014-11-11 22:00:00+00:00,0.86884,0.87447,0.86652,0.87185,15783.0
2014-11-12 22:00:00+00:00,0.87185,0.87644,0.86722,0.87191,13538.0
2014-11-13 22:00:00+00:00,0.87172,0.87735,0.86486,0.8752,14179.0
2014-11-16 22:00:00+00:00,0.878,0.87958,0.86952,0.87095,13090.0
2014-11-17 22:00:00+00:00,0.87095,0.87464,0.86823,0.87204,11239.0
2014-11-18 22:00:00+00:00,0.87204,0.87217,0.86019,0.8619,15921.0
2014-11-19 22:00:00+00:00,0.8619,0.86412,0.85662,0.86208,16930.0
2014-11-20 22:00:00+00:00,0.86182,0.87228,0.86056,0.867,17698.0
2014-11-23 22:00:00+00:00,0.86789,0.87007,0.86024,0.86184,8778.0
2014-11-24 22:00:00+00:00,0.86169,0.86194,0.85138,0.85284,15818.0
2014-11-25 22:00:00+00:00,0.85304,0.8565,0.848,0.85508,14424.0
2014-11-26 22:00:00+00:00,0.85467,0.86154,0.85297,0.85441,10495.0
2014-11-27 22:00:00+00:00,0.85424,0.85478,0.84858,0.8506,11346.0
2014-11-30 22:00:00+00:00,0.84708,0.85319,0.84174,0.84878,17699.0
2014-12-01 22:00:00+00:00,0.84937,0.85427,0.84332,0.84448,13605.0
2014-12-02 22:00:00+00:00,0.8448,0.8467,0.83886,0.8405,13775.0
2014-12-03 22:00:00+00:00,0.8403,0.84294,0.83558,0.83838,16685.0
2014-12-04 22:00:00+00:00,0.83825,0.83939,0.83152,0.83224,11867.0
2014-12-07 22:00:00+00:00,0.83071,0.83238,0.82602,0.82942,11009.0
2014-12-08 22:00:00+00:00,0.82924,0.83715,0.82246,0.82931,16940.0
2014-12-09 22:00:00+00:00,0.82931,0.83482,0.82648,0.83188,14192.0
2014-12-10 22:00:00+00:00,0.8317,0.83759,0.82151,0.82725,20422.0
2014-12-11 22:00:00+00:00,0.8268,0.82988,0.82275,0.8247,13037.0
2014-12-14 22:00:00+00:00,0.82474,0.82679,0.82014,0.82107,13662.0
2014-12-15 22:00:00+00:00,0.82125,0.82742,0.82001,0.82184,16820.0
2014-12-16 22:00:00+00:00,0.82176,0.82358,0.81072,0.81225,22347.0
2014-12-17 22:00:00+00:00,0.8128,0.82034,0.81162,0.81643,14741.0
2014-12-18 22:00:00+00:00,0.81604,0.81924,0.81224,0.81438,10685.0
2014-12-21 22:00:00+00:00,0.81432,0.81734,0.81264,0.81364,6313.0
2014-12-22 22:00:00+00:00,0.81308,0.81444,0.80881,0.81049,6237.0
2014-12-23 22:00:00+00:00,0.81049,0.81242,0.8097,0.81088,5364.0
2014-12-25 22:00:00+00:00,0.81164,0.81328,0.81056,0.81204,9678.0
2014-12-28 22:00:00+00:00,0.81238,0.81624,0.81108,0.81327,6230.0
2014-12-29 22:00:00+00:00,0.81327,0.82033,0.81222,0.81846,6682.0
2014-12-30 22:00:00+00:00,0.81846,0.82157,0.81592,0.81622,5939.0
2015-01-01 22:00:00+00:00,0.81827,0.81856,0.80783,0.80894,8789.0
2015-01-04 22:00:00+00:00,0.80734,0.81074,0.80353,0.8083,12273.0
2015-01-05 22:00:00+00:00,0.80855,0.81574,0.8082,0.80844,14749.0
2015-01-06 22:00:00+00:00,0.80828,0.80902,0.8033,0.8079,13727.0
2015-01-07 22:00:00+00:00,0.80756,0.81308,0.80709,0.81231,9792.0
2015-01-08 22:00:00+00:00,0.81198,0.82089,0.81054,0.82032,14705.0
2015-01-11 22:00:00+00:00,0.82106,0.8255,0.81308,0.81562,11243.0
2015-01-12 22:00:00+00:00,0.8158,0.81981,0.81278,0.81664,12084.0
2015-01-13 22:00:00+00:00,0.81664,0.81896,0.80681,0.81486,16847.0
2015-01-14 22:00:00+00:00,0.81508,0.82952,0.8133,0.82176,31259.0
2015-01-15 22:00:00+00:00,0.82176,0.82561,0.81682,0.82251,17282.0
2015-01-18 22:00:00+00:00,0.82216,0.82438,0.81962,0.82123,10156.0
2015-01-19 22:00:00+00:00,0.82099,0.82182,0.81602,0.8172,12340.0
2015-01-20 22:00:00+00:00,0.81685,0.82343,0.8078,0.80856,16855.0
2015-01-21 22:00:00+00:00,0.80873,0.81365,0.79954,0.8027,20381.0
2015-01-22 22:00:00+00:00,0.8027,0.80544,0.78812,0.79133,23308.0
2015-01-25 22:00:00+00:00,0.78813,0.79338,0.78584,0.79233,15133.0
2015-01-26 22:00:00+00:00,0.79199,0.79748,0.7906,0.79373,14392.0
2015-01-27 22:00:00+00:00,0.79362,0.80253,0.78842,0.78904,21711.0
2015-01-28 22:00:00+00:00,0.78904,0.79072,0.77203,0.77631,17792.0
2015-01-29 22:00:00+00:00,0.77608,0.77973,0.7731,0.77691,16569.0
2015-02-01 22:00:00+00:00,0.77556,0.78303,0.77496,0.78032,13911.0
2015-02-02 22:00:00+00:00,0.78007,0.78532,0.76264,0.77906,30531.0
2015-02-03 22:00:00+00:00,0.7792,0.78512,0.77434,0.77526,22137.0
2015-02-04 22:00:00+00:00,0.77543,0.78248,0.77337,0.7798,15507.0
2015-02-05 22:00:00+00:00,0.78018,0.78766,0.77786,0.77977,19133.0
2015-02-08 22:00:00+00:00,0.77624,0.78348,0.77482,0.78022,10981.0
2015-02-09 22:00:00+00:00,0.78022,0.78418,0.77474,0.7771,13975.0
2015-02-10 22:00:00+00:00,0.77693,0.77946,0.7694,0.77188,12945.0
2015-02-11 22:00:00+00:00,0.77156,0.77793,0.76442,0.77346,19391.0
2015-02-12 22:00:00+00:00,0.77362,0.77927,0.77239,0.77674,13418.0
2015-02-15 22:00:00+00:00,0.77728,0.77948,0.77518,0.77724,8666.0
2015-02-16 22:00:00+00:00,0.77736,0.7829,0.77422,0.7818,11781.0
2015-02-17 22:00:00+00:00,0.78196,0.7839,0.77737,0.78112,12082.0
2015-02-18 22:00:00+00:00,0.78096,0.78433,0.77572,0.77927,12375.0
2015-02-19 22:00:00+00:00,0.77927,0.78488,0.77885,0.78414,12284.0
2015-02-22 22:00:00+00:00,0.78488,0.78496,0.77808,0.78022,9055.0
2015-02-23 22:00:00+00:00,0.78045,0.7837,0.77397,0.78314,13375.0
2015-02-24 22:00:00+00:00,0.78298,0.79016,0.7824,0.78852,12438.0
2015-02-25 22:00:00+00:00,0.78867,0.79132,0.77858,0.78006,14133.0
2015-02-26 22:00:00+00:00,0.78008,0.78344,0.77774,0.78106,11982.0
2015-03-01 22:00:00+00:00,0.78074,0.78092,0.77562,0.7765,10029.0
2015-03-02 22:00:00+00:00,0.77656,0.78446,0.7752,0.7817,13117.0
2015-03-03 22:00:00+00:00,0.78149,0.78608,0.77956,0.78182,10611.0
2015-03-04 22:00:00+00:00,0.78188,0.78406,0.77544,0.77823,12155.0
2015-03-05 22:00:00+00:00,0.77823,0.78458,0.77064,0.77162,14606.0
2015-03-08 21:00:00+00:00,0.77078,0.77401,0.7684,0.77024,9570.0
2015-03-09 21:00:00+00:00,0.77024,0.7708,0.7604,0.76252,18773.0
2015-03-10 21:00:00+00:00,0.7624,0.76446,0.75608,0.7596,17860.0
2015-03-11 21:00:00+00:00,0.75943,0.77312,0.75736,0.77076,21073.0
2015-03-12 21:00:00+00:00,0.77099,0.77102,0.761,0.76364,15299.0
2015-03-15 21:00:00+00:00,0.76208,0.76795,0.76138,0.76402,11617.0
2015-03-16 21:00:00+00:00,0.76395,0.76653,0.76056,0.76172,13179.0
2015-03-17 21:00:00+00:00,0.76158,0.78477,0.75909,0.77772,22083.0
2015-03-18 21:00:00+00:00,0.77726,0.78086,0.7612,0.76496,26185.0
2015-03-19 21:00:00+00:00,0.76476,0.78028,0.76446,0.7773,18615.0
2015-03-22 21:00:00+00:00,0.77819,0.78988,0.77635,0.78805,22922.0
2015-03-23 21:00:00+00:00,0.78785,0.79382,0.78359,0.78774,20847.0
2015-03-24 21:00:00+00:00,0.78782,0.79044,0.78293,0.7844,15927.0
2015-03-25 21:00:00+00:00,0.78433,0.78843,0.7801,0.78282,18176.0
2015-03-26 21:00:00+00:00,0.78274,0.78354,0.77453,0.77509,16271.0
2015-03-29 21:00:00+00:00,0.77343,0.77475,0.76336,0.76534,13790.0
2015-03-30 21:00:00+00:00,0.76512,0.76644,0.75912,0.76067,13992.0
2015-03-31 21:00:00+00:00,0.7606,0.76638,0.75828,0.75996,16245.0
2015-04-01 21:00:00+00:00,0.7599,0.76111,0.7533,0.7592,14917.0
2015-04-02 21:00:00+00:00,0.75902,0.76953,0.75707,0.76321,10495.0
2015-04-05 21:00:00+00:00,0.76403,0.76674,0.75799,0.75903,7756.0
2015-04-06 21:00:00+00:00,0.75916,0.77114,0.75769,0.76338,16520.0
2015-04-07 21:00:00+00:00,0.76338,0.77278,0.76324,0.76841,16692.0
2015-04-08 21:00:00+00:00,0.76807,0.77386,0.76601,0.76926,13838.0
2015-04-09 21:00:00+00:00,0.7692,0.77218,0.76378,0.76786,13012.0
2015-04-12 21:00:00+00:00,0.76688,0.76788,0.7553,0.75894,15561.0
2015-04-13 21:00:00+00:00,0.75878,0.76488,0.75553,0.7627,16240.0
2015-04-14 21:00:00+00:00,0.76264,0.7701,0.75718,0.76822,18571.0
2015-04-15 21:00:00+00:00,0.76796,0.78224,0.76735,0.78033,21544.0
2015-04-16 21:00:00+00:00,0.78025,0.78427,0.77592,0.77808,18123.0
2015-04-19 21:00:00+00:00,0.78265,0.78315,0.77071,0.7725,13967.0
2015-04-20 21:00:00+00:00,0.77237,0.7754,0.76832,0.77108,14074.0
2015-04-21 21:00:00+00:00,0.7709,0.78076,0.77062,0.7755,15510.0
2015-04-22 21:00:00+00:00,0.77564,0.77906,0.77112,0.77782,16150.0
2015-04-23 21:00:00+00:00,0.7777,0.78406,0.77646,0.78218,14864.0
2015-04-26 21:00:00+00:00,0.78234,0.78722,0.77914,0.78592,14042.0
2015-04-27 21:00:00+00:00,0.78568,0.80272,0.78337,0.8022,15717.0
2015-04-28 21:00:00+00:00,0.80226,0.80756,0.79766,0.80086,22515.0
2015-04-29 21:00:00+00:00,0.80079,0.80224,0.78634,0.79055,21729.0
2015-04-30 21:00:00+00:00,0.79068,0.7919,0.78037,0.78504,15232.0
2015-05-03 21:00:00+00:00,0.78325,0.78518,0.78022,0.78368,10227.0
2015-05-04 21:00:00+00:00,0.78362,0.7956,0.77874,0.7943,18735.0
2015-05-05 21:00:00+00:00,0.79421,0.80306,0.7919,0.79674,17841.0
2015-05-06 21:00:00+00:00,0.79748,0.8005,0.78907,0.79068,16109.0
2015-05-07 21:00:00+00:00,0.79082,0.7968,0.78633,0.79333,21261.0
2015-05-10 21:00:00+00:00,0.79293,0.79336,0.78765,0.78904,12013.0
2015-05-11 21:00:00+00:00,0.78898,0.8,0.78864,0.79766,12850.0
2015-05-12 21:00:00+00:00,0.79761,0.81242,0.79481,0.81132,15646.0
2015-05-13 21:00:00+00:00,0.81102,0.81634,0.80636,0.80804,16179.0
2015-05-14 21:00:00+00:00,0.80819,0.80892,0.79966,0.80352,13220.0
2015-05-17 21:00:00+00:00,0.8039,0.80522,0.79774,0.79905,11351.0
2015-05-18 21:00:00+00:00,0.7992,0.80104,0.79066,0.79145,13946.0
2015-05-19 21:00:00+00:00,0.79158,0.79348,0.78615,0.78752,15974.0
2015-05-20 21:00:00+00:00,0.78731,0.79134,0.7866,0.78958,12105.0
2015-05-21 21:00:00+00:00,0.78946,0.79316,0.78108,0.78297,13712.0
2015-05-24 21:00:00+00:00,0.78263,0.784,0.7804,0.78243,7391.0
2015-05-25 21:00:00+00:00,0.78243,0.78398,0.77272,0.77349,14312.0
2015-05-26 21:00:00+00:00,0.77356,0.77686,0.76912,0.77298,13881.0
2015-05-27 21:00:00+00:00,0.77268,0.77612,0.76179,0.76494,19017.0
2015-05-28 21:00:00+00:00,0.76444,0.76743,0.76298,0.76444,14582.0
2015-05-31 21:00:00+00:00,0.76379,0.76685,0.75986,0.76062,12670.0
2015-06-01 21:00:00+00:00,0.76074,0.77907,0.76044,0.77725,18497.0
2015-06-02 21:00:00+00:00,0.77748,0.78191,0.77516,0.77865,15865.0
2015-06-03 21:00:00+00:00,0.77862,0.77879,0.76645,0.76886,15787.0
2015-06-04 21:00:00+00:00,0.76893,0.77348,0.75991,0.76283,15755.0
2015-06-07 21:00:00+00:00,0.76244,0.77128,0.76034,0.77021,14262.0
2015-06-08 21:00:00+00:00,0.76991,0.77232,0.76464,0.76909,15214.0
2015-06-09 21:00:00+00:00,0.76898,0.77852,0.76358,0.77589,21286.0
2015-06-10 21:00:00+00:00,0.77607,0.77934,0.7693,0.7755,17618.0
2015-06-11 21:00:00+00:00,0.7756,0.77588,0.76782,0.77286,13174.0
2015-06-14 21:00:00+00:00,0.7754,0.7777,0.7704,0.77655,10149.0
2015-06-15 21:00:00+00:00,0.77646,0.77807,0.77221,0.77524,9486.0
2015-06-16 21:00:00+00:00,0.7757,0.77697,0.76461,0.77498,14845.0
2015-06-17 21:00:00+00:00,0.77514,0.78488,0.77106,0.77996,14767.0
2015-06-18 21:00:00+00:00,0.78,0.78147,0.77371,0.77716,9897.0
2015-06-21 21:00:00+00:00,0.7767,0.77964,0.7721,0.77284,9072.0
2015-06-22 21:00:00+00:00,0.77256,0.77486,0.76798,0.77365,11618.0
2015-06-23 21:00:00+00:00,0.77372,0.7771,0.76832,0.77042,10411.0
2015-06-24 21:00:00+00:00,0.77036,0.77521,0.76976,0.77386,8685.0
2015-06-25 21:00:00+00:00,0.77352,0.77397,0.76307,0.76554,9006.0
2015-06-28 21:00:00+00:00,0.76246,0.77124,0.75874,0.76792,19003.0
2015-06-29 21:00:00+00:00,0.76808,0.77244,0.76598,0.7706,13768.0
2015-06-30 21:00:00+00:00,0.77053,0.7739,0.76389,0.76453,12063.0
2015-07-01 21:00:00+00:00,0.76436,0.76576,0.75899,0.76324,12035.0
2015-07-02 21:00:00+00:00,0.76362,0.76489,0.75094,0.75181,10598.0
2015-07-05 21:00:00+00:00,0.74814,0.75327,0.74637,0.74992,13132.0
2015-07-06 21:00:00+00:00,0.74978,0.7502,0.73981,0.74542,14939.0
2015-07-07 21:00:00+00:00,0.74518,0.74592,0.73722,0.74294,15555.0
2015-07-08 21:00:00+00:00,0.74258,0.74918,0.73923,0.74472,13878.0
2015-07-09 21:00:00+00:00,0.745,0.74965,0.74098,0.74448,12754.0
2015-07-12 21:00:00+00:00,0.74156,0.7469,0.73834,0.7406,12508.0
2015-07-13 21:00:00+00:00,0.74086,0.74786,0.73879,0.74517,11854.0
2015-07-14 21:00:00+00:00,0.74531,0.74889,0.73541,0.73788,14929.0
2015-07-15 21:00:00+00:00,0.73778,0.7437,0.735,0.74047,11113.0
2015-07-16 21:00:00+00:00,0.74062,0.74188,0.73675,0.73746,7848.0
2015-07-19 21:00:00+00:00,0.73814,0.73978,0.73282,0.73721,9795.0
2015-07-20 21:00:00+00:00,0.73734,0.74497,0.73416,0.74195,10253.0
2015-07-21 21:00:00+00:00,0.74182,0.7439,0.73609,0.73758,12979.0
2015-07-22 21:00:00+00:00,0.73773,0.74176,0.73522,0.73561,10656.0
2015-07-23 21:00:00+00:00,0.73556,0.7362,0.72602,0.7283,12311.0
2015-07-26 21:00:00+00:00,0.72714,0.7325,0.72659,0.72701,11111.0
2015-07-27 21:00:00+00:00,0.72686,0.73444,0.72572,0.73364,12074.0
2015-07-28 21:00:00+00:00,0.73357,0.7351,0.72828,0.72956,12640.0
2015-07-29 21:00:00+00:00,0.7295,0.73228,0.72553,0.72929,11451.0
2015-07-30 21:00:00+00:00,0.72917,0.73663,0.7235,0.7303,15496.0
2015-08-02 21:00:00+00:00,0.73214,0.73214,0.72601,0.72857,10547.0
2015-08-03 21:00:00+00:00,0.72861,0.74286,0.72638,0.73794,14691.0
2015-08-04 21:00:00+00:00,0.73787,0.73955,0.73345,0.73558,11999.0
2015-08-05 21:00:00+00:00,0.73568,0.73939,0.73154,0.73468,10496.0
2015-08-06 21:00:00+00:00,0.73454,0.74199,0.7334,0.7419,13475.0
2015-08-09 21:00:00+00:00,0.7414,0.74223,0.73537,0.74124,8925.0
2015-08-10 21:00:00+00:00,0.74128,0.74394,0.72836,0.73041,17171.0
2015-08-11 21:00:00+00:00,0.73024,0.73877,0.72158,0.73784,22960.0
2015-08-12 21:00:00+00:00,0.73764,0.74092,0.73232,0.73599,14852.0
2015-08-13 21:00:00+00:00,0.73612,0.73976,0.7355,0.73774,11385.0
2015-08-16 21:00:00+00:00,0.7378,0.73889,0.73442,0.73714,7380.0
2015-08-17 21:00:00+00:00,0.73722,0.73862,0.73204,0.73408,8871.0
2015-08-18 21:00:00+00:00,0.7343,0.73755,0.73124,0.73485,12244.0
2015-08-19 21:00:00+00:00,0.73512,0.73733,0.72847,0.73384,11540.0
2015-08-20 21:00:00+00:00,0.73371,0.73602,0.72872,0.73158,14383.0
2015-08-23 21:00:00+00:00,0.72982,0.7312,0.70429,0.71556,34637.0
2015-08-24 21:00:00+00:00,0.71579,0.72505,0.71237,0.71293,23760.0
2015-08-25 21:00:00+00:00,0.71293,0.71576,0.707,0.71221,21093.0
2015-08-26 21:00:00+00:00,0.71187,0.71813,0.70991,0.71659,14802.0
2015-08-27 21:00:00+00:00,0.71666,0.7206,0.71211,0.71726,12450.0
2015-08-28 21:00:00+00:00,0.71726,0.71726,0.71726,0.71726,2.0
2015-08-30 21:00:00+00:00,0.71533,0.71638,0.70828,0.71136,10339.0
2015-08-31 21:00:00+00:00,0.71115,0.7154,0.70146,0.70186,16576.0
2015-09-01 21:00:00+00:00,0.70171,0.70493,0.69826,0.70387,14617.0
2015-09-02 21:00:00+00:00,0.70398,0.70628,0.69927,0.7018,11732.0
2015-09-03 21:00:00+00:00,0.70164,0.70213,0.69083,0.69094,14377.0
2015-09-06 21:00:00+00:00,0.69294,0.695,0.69131,0.69237,9773.0
2015-09-07 21:00:00+00:00,0.69241,0.70396,0.69232,0.70176,10190.0
2015-09-08 21:00:00+00:00,0.70168,0.707,0.7006,0.70189,9975.0
2015-09-09 21:00:00+00:00,0.70181,0.70994,0.69462,0.70724,19737.0
2015-09-10 21:00:00+00:00,0.70702,0.70924,0.70356,0.70912,8449.0
2015-09-13 21:00:00+00:00,0.70816,0.71514,0.70634,0.7138,8773.0
2015-09-14 21:00:00+00:00,0.71364,0.71661,0.70856,0.71412,8643.0
2015-09-15 21:00:00+00:00,0.71424,0.72,0.71236,0.71965,8032.0
2015-09-16 21:00:00+00:00,0.71944,0.72755,0.7138,0.71743,18591.0
2015-09-17 21:00:00+00:00,0.71677,0.72794,0.71638,0.71884,14291.0
2015-09-20 21:00:00+00:00,0.71832,0.71971,0.71218,0.71318,8407.0
2015-09-21 21:00:00+00:00,0.71325,0.71588,0.70567,0.70896,9056.0
2015-09-22 21:00:00+00:00,0.70908,0.70912,0.69892,0.70038,10302.0
2015-09-23 21:00:00+00:00,0.70064,0.70426,0.69388,0.70252,14293.0
2015-09-24 21:00:00+00:00,0.70093,0.70425,0.69792,0.7026,13451.0
2015-09-27 21:00:00+00:00,0.70291,0.70362,0.69792,0.69893,8776.0
2015-09-28 21:00:00+00:00,0.69888,0.7024,0.69369,0.69846,11732.0
2015-09-29 21:00:00+00:00,0.69856,0.70384,0.69836,0.70168,10498.0
2015-09-30 21:00:00+00:00,0.70189,0.70847,0.69986,0.70302,12407.0
2015-10-01 21:00:00+00:00,0.7028,0.70706,0.70026,0.70513,13042.0
2015-10-04 21:00:00+00:00,0.70558,0.71112,0.70426,0.70836,9467.0
2015-10-05 21:00:00+00:00,0.70856,0.71754,0.70669,0.71649,11356.0
2015-10-06 21:00:00+00:00,0.71668,0.72348,0.71498,0.7208,11484.0
2015-10-07 21:00:00+00:00,0.72068,0.72716,0.71651,0.72584,11836.0
2015-10-08 21:00:00+00:00,0.7256,0.73442,0.72487,0.7335,12603.0
2015-10-11 21:00:00+00:00,0.73178,0.73822,0.73054,0.73622,8721.0
2015-10-12 21:00:00+00:00,0.73612,0.7364,0.72447,0.72447,12040.0
2015-10-13 21:00:00+00:00,0.72453,0.7317,0.7199,0.73002,15390.0
2015-10-14 21:00:00+00:00,0.73008,0.73634,0.7266,0.73292,17405.0
2015-10-15 21:00:00+00:00,0.73312,0.73375,0.72496,0.72658,10770.0
2015-10-18 21:00:00+00:00,0.7258,0.73076,0.72394,0.72486,8921.0
2015-10-19 21:00:00+00:00,0.72458,0.72982,0.72424,0.72601,7813.0
2015-10-20 21:00:00+00:00,0.72607,0.72762,0.72028,0.72086,9133.0
2015-10-21 21:00:00+00:00,0.72107,0.72395,0.7183,0.72078,11828.0
2015-10-22 21:00:00+00:00,0.72072,0.7297,0.7198,0.72178,13560.0
2015-10-25 21:00:00+00:00,0.72183,0.72697,0.72082,0.72486,7911.0
2015-10-26 21:00:00+00:00,0.72476,0.72584,0.71792,0.7193,8377.0
2015-10-27 21:00:00+00:00,0.71924,0.72071,0.7081,0.7112,15727.0
2015-10-28 21:00:00+00:00,0.71176,0.71191,0.70678,0.70724,10340.0
2015-10-29 21:00:00+00:00,0.70706,0.71483,0.70692,0.7137,12742.0
2015-11-01 22:00:00+00:00,0.71162,0.71535,0.71156,0.7146,8253.0
2015-11-02 22:00:00+00:00,0.71469,0.72189,0.71134,0.7186,12152.0
2015-11-03 22:00:00+00:00,0.7185,0.72241,0.71362,0.71482,11125.0
2015-11-04 22:00:00+00:00,0.71468,0.71698,0.71257,0.71434,9670.0
2015-11-05 22:00:00+00:00,0.71422,0.71701,0.7023,0.70434,12703.0
2015-11-08 22:00:00+00:00,0.70273,0.70702,0.7027,0.70478,9222.0
2015-11-09 22:00:00+00:00,0.70452,0.70646,0.70161,0.70312,8648.0
2015-11-10 22:00:00+00:00,0.70294,0.70784,0.70254,0.70616,8302.0
2015-11-11 22:00:00+00:00,0.70606,0.71543,0.70606,0.71264,13429.0
2015-11-12 22:00:00+00:00,0.71273,0.7159,0.71065,0.71252,8801.0
2015-11-15 22:00:00+00:00,0.71205,0.71325,0.70806,0.70968,7597.0
2015-11-16 22:00:00+00:00,0.70962,0.714,0.70724,0.71113,10077.0
2015-11-17 22:00:00+00:00,0.71112,0.71178,0.70694,0.71109,9528.0
2015-11-18 22:00:00+00:00,0.71104,0.72146,0.71022,0.71944,11211.0
2015-11-19 22:00:00+00:00,0.7194,0.72504,0.71841,0.7238,10097.0
2015-11-22 22:00:00+00:00,0.7231,0.72338,0.71592,0.71925,9343.0
2015-11-23 22:00:00+00:00,0.71962,0.72565,0.71853,0.72565,9024.0
2015-11-24 22:00:00+00:00,0.72576,0.72829,0.72276,0.7252,10728.0
2015-11-25 22:00:00+00:00,0.72532,0.72626,0.72107,0.7227,9180.0
2015-11-26 22:00:00+00:00,0.72248,0.724,0.71854,0.71932,7561.0
2015-11-29 22:00:00+00:00,0.71924,0.725,0.71707,0.72271,7658.0
2015-11-30 22:00:00+00:00,0.72282,0.73361,0.72228,0.73232,11603.0
2015-12-01 22:00:00+00:00,0.73215,0.7343,0.72936,0.73104,10838.0
2015-12-02 22:00:00+00:00,0.73094,0.73628,0.72842,0.73404,16118.0
2015-12-03 22:00:00+00:00,0.73434,0.73853,0.72798,0.734,13917.0
2015-12-06 22:00:00+00:00,0.73408,0.73428,0.72568,0.7268,8297.0
2015-12-07 22:00:00+00:00,0.72673,0.72706,0.71869,0.72158,9982.0
2015-12-08 22:00:00+00:00,0.72144,0.72453,0.71724,0.72308,11531.0
2015-12-09 22:00:00+00:00,0.72294,0.73344,0.7222,0.7281,12563.0
2015-12-10 22:00:00+00:00,0.72803,0.7282,0.71852,0.71878,10931.0
2015-12-13 22:00:00+00:00,0.7205,0.72702,0.716,0.72421,11152.0
2015-12-14 22:00:00+00:00,0.72447,0.7283,0.71606,0.71916,11545.0
2015-12-15 22:00:00+00:00,0.71922,0.72802,0.71768,0.72319,16474.0
2015-12-16 22:00:00+00:00,0.72309,0.72546,0.7097,0.7128,12683.0
2015-12-17 22:00:00+00:00,0.71263,0.72005,0.71122,0.71747,10727.0
2015-12-20 22:00:00+00:00,0.71694,0.71953,0.71553,0.71898,6711.0
2015-12-21 22:00:00+00:00,0.71908,0.72491,0.71822,0.7236,7000.0
2015-12-22 22:00:00+00:00,0.7235,0.7248,0.72094,0.72338,5741.0
2015-12-23 22:00:00+00:00,0.7233,0.72806,0.72268,0.72658,5625.0
2015-12-27 22:00:00+00:00,0.72658,0.72826,0.72484,0.72492,4400.0
2015-12-28 22:00:00+00:00,0.72501,0.73032,0.72454,0.72962,4885.0
2015-12-29 22:00:00+00:00,0.72978,0.73036,0.72714,0.72868,6037.0
2015-12-30 22:00:00+00:00,0.72864,0.73278,0.72668,0.72938,5932.0
2016-01-03 22:00:00+00:00,0.72866,0.73014,0.7156,0.71905,11571.0
2016-01-04 22:00:00+00:00,0.719,0.72147,0.71324,0.71612,9687.0
2016-01-05 22:00:00+00:00,0.71638,0.71718,0.70485,0.70722,14613.0
2016-01-06 22:00:00+00:00,0.70713,0.70864,0.69809,0.70112,17632.0
2016-01-07 22:00:00+00:00,0.70106,0.70768,0.69512,0.69526,20458.0
2016-01-10 22:00:00+00:00,0.69712,0.70362,0.69279,0.69935,18010.0
2016-01-11 22:00:00+00:00,0.69968,0.7021,0.69404,0.69868,15454.0
2016-01-12 22:00:00+00:00,0.69861,0.70488,0.69501,0.69557,14271.0
2016-01-13 22:00:00+00:00,0.69564,0.6997,0.69104,0.6983,20156.0
2016-01-14 22:00:00+00:00,0.69847,0.7002,0.68274,0.68631,20093.0
2016-01-17 22:00:00+00:00,0.6838,0.69284,0.6838,0.68654,13882.0
2016-01-18 22:00:00+00:00,0.6865,0.69576,0.68388,0.69084,18436.0
2016-01-19 22:00:00+00:00,0.69093,0.69254,0.68284,0.69076,21391.0
2016-01-20 22:00:00+00:00,0.69084,0.70172,0.68756,0.69988,23242.0
2016-01-21 22:00:00+00:00,0.70002,0.7046,0.69862,0.70036,15332.0
2016-01-24 22:00:00+00:00,0.70058,0.70316,0.69499,0.69544,11780.0
2016-01-25 22:00:00+00:00,0.69526,0.70213,0.6919,0.70044,13419.0
2016-01-26 22:00:00+00:00,0.70063,0.70817,0.69928,0.70264,21063.0
2016-01-27 22:00:00+00:00,0.70272,0.71285,0.70082,0.70838,16595.0
2016-01-28 22:00:00+00:00,0.7085,0.71408,0.70591,0.70836,21576.0
2016-01-31 22:00:00+00:00,0.70836,0.71208,0.70429,0.71148,12616.0
2016-02-01 22:00:00+00:00,0.71142,0.71296,0.70348,0.70384,13553.0
2016-02-02 22:00:00+00:00,0.70396,0.71893,0.70032,0.7168,17690.0
2016-02-03 22:00:00+00:00,0.71664,0.72428,0.71538,0.72014,14682.0
2016-02-04 22:00:00+00:00,0.72004,0.72208,0.70631,0.70675,15704.0
2016-02-07 22:00:00+00:00,0.70714,0.71288,0.70508,0.70868,12466.0
2016-02-08 22:00:00+00:00,0.70842,0.7096,0.69738,0.707,18439.0
2016-02-09 22:00:00+00:00,0.70712,0.71254,0.70379,0.70954,19037.0
2016-02-10 22:00:00+00:00,0.70951,0.71536,0.6984,0.71092,26582.0
2016-02-11 22:00:00+00:00,0.71083,0.71284,0.70639,0.7109,16398.0
2016-02-14 22:00:00+00:00,0.70988,0.71718,0.70988,0.71387,11023.0
2016-02-15 22:00:00+00:00,0.71379,0.71822,0.70818,0.71115,13677.0
2016-02-16 22:00:00+00:00,0.71103,0.71869,0.70844,0.71848,15334.0
2016-02-17 22:00:00+00:00,0.71826,0.71844,0.71332,0.7157,13520.0
2016-02-18 22:00:00+00:00,0.71574,0.71624,0.70694,0.71481,12578.0
2016-02-21 22:00:00+00:00,0.71564,0.7247,0.71362,0.72268,9934.0
2016-02-22 22:00:00+00:00,0.72264,0.72594,0.72006,0.72024,12412.0
2016-02-23 22:00:00+00:00,0.72016,0.72132,0.7146,0.7195,14772.0
2016-02-24 22:00:00+00:00,0.71967,0.72434,0.71567,0.72362,14026.0
2016-02-25 22:00:00+00:00,0.72381,0.72565,0.71186,0.71278,12727.0
2016-02-28 22:00:00+00:00,0.71217,0.71678,0.7109,0.71412,13359.0
2016-02-29 22:00:00+00:00,0.71421,0.71924,0.71094,0.71744,13965.0
2016-03-01 22:00:00+00:00,0.71758,0.73014,0.7165,0.72949,15018.0
2016-03-02 22:00:00+00:00,0.72934,0.7374,0.72817,0.73518,12314.0
2016-03-03 22:00:00+00:00,0.73506,0.74428,0.73402,0.74408,17149.0
2016-03-06 22:00:00+00:00,0.74029,0.74846,0.73925,0.74677,11432.0
2016-03-07 22:00:00+00:00,0.74713,0.74727,0.74106,0.74386,12792.0
2016-03-08 22:00:00+00:00,0.74379,0.75282,0.74124,0.74861,16995.0
2016-03-09 22:00:00+00:00,0.7487,0.7512,0.74274,0.74541,24710.0
2016-03-10 22:00:00+00:00,0.74559,0.75834,0.74469,0.75643,15743.0
2016-03-13 21:00:00+00:00,0.75454,0.75937,0.74922,0.7514,12026.0
2016-03-14 21:00:00+00:00,0.75136,0.75282,0.74454,0.7457,13847.0
2016-03-15 21:00:00+00:00,0.74563,0.75609,0.74148,0.75522,18452.0
2016-03-16 21:00:00+00:00,0.75553,0.76569,0.75336,0.76493,22252.0
2016-03-17 21:00:00+00:00,0.76457,0.76804,0.75952,0.76027,13581.0
2016-03-20 21:00:00+00:00,0.75956,0.76267,0.75692,0.75778,11914.0
2016-03-21 21:00:00+00:00,0.75784,0.76431,0.75515,0.76215,13224.0
2016-03-22 21:00:00+00:00,0.76219,0.7649,0.75196,0.7532,14625.0
2016-03-23 21:00:00+00:00,0.75299,0.75372,0.74774,0.75275,11273.0
2016-03-24 21:00:00+00:00,0.75258,0.75352,0.74989,0.75078,8213.0
2016-03-27 21:00:00+00:00,0.75133,0.7558,0.74936,0.75441,6587.0
2016-03-28 21:00:00+00:00,0.75424,0.76454,0.75104,0.7628,14760.0
2016-03-29 21:00:00+00:00,0.76265,0.77089,0.76154,0.76708,17503.0
2016-03-30 21:00:00+00:00,0.76712,0.77232,0.76343,0.76573,14989.0
2016-03-31 21:00:00+00:00,0.76578,0.77012,0.7599,0.76775,17703.0
2016-04-03 21:00:00+00:00,0.76704,0.76786,0.75985,0.76039,11372.0
2016-04-04 21:00:00+00:00,0.76062,0.76324,0.75104,0.7544,16987.0
2016-04-05 21:00:00+00:00,0.75432,0.76194,0.7533,0.75992,15204.0
2016-04-06 21:00:00+00:00,0.75985,0.76376,0.74918,0.75055,17873.0
2016-04-07 21:00:00+00:00,0.75046,0.75796,0.75003,0.75544,13418.0
2016-04-10 21:00:00+00:00,0.75464,0.76303,0.75281,0.75962,13097.0
2016-04-11 21:00:00+00:00,0.75979,0.76896,0.75834,0.76838,14771.0
2016-04-12 21:00:00+00:00,0.76818,0.77162,0.76343,0.76526,15158.0
2016-04-13 21:00:00+00:00,0.7654,0.77371,0.76194,0.76954,15174.0
2016-04-14 21:00:00+00:00,0.76935,0.77343,0.76808,0.77243,12554.0
2016-04-17 21:00:00+00:00,0.76509,0.77596,0.76316,0.77501,16628.0
2016-04-18 21:00:00+00:00,0.7748,0.7826,0.77466,0.78133,13593.0
2016-04-19 21:00:00+00:00,0.78142,0.78292,0.77674,0.77942,13679.0
2016-04-20 21:00:00+00:00,0.77977,0.78346,0.77332,0.77382,17053.0
2016-04-21 21:00:00+00:00,0.77361,0.77748,0.7694,0.77096,14880.0
2016-04-24 21:00:00+00:00,0.7697,0.77291,0.76914,0.7715,9713.0
2016-04-25 21:00:00+00:00,0.77162,0.77653,0.76968,0.77482,12096.0
2016-04-26 21:00:00+00:00,0.77504,0.77655,0.75488,0.75919,20465.0
2016-04-27 21:00:00+00:00,0.7591,0.7658,0.7573,0.76256,18235.0
2016-04-28 21:00:00+00:00,0.76249,0.76684,0.75875,0.76054,13369.0
2016-05-01 21:00:00+00:00,0.75975,0.76716,0.75926,0.76666,10742.0
2016-05-02 21:00:00+00:00,0.7665,0.77197,0.7483,0.74842,19755.0
2016-05-03 21:00:00+00:00,0.74852,0.75176,0.74471,0.74565,17959.0
2016-05-04 21:00:00+00:00,0.74548,0.75142,0.74532,0.7465,13018.0
2016-05-05 21:00:00+00:00,0.74638,0.74784,0.7338,0.73672,17202.0
2016-05-08 21:00:00+00:00,0.73566,0.73852,0.73077,0.73159,12210.0
2016-05-09 21:00:00+00:00,0.7315,0.73742,0.73002,0.73632,12169.0
2016-05-10 21:00:00+00:00,0.73628,0.74022,0.7336,0.73746,12851.0
2016-05-11 21:00:00+00:00,0.73739,0.738,0.73101,0.7324,12523.0
2016-05-12 21:00:00+00:00,0.73221,0.73239,0.72542,0.72693,12767.0
2016-05-15 21:00:00+00:00,0.725,0.73089,0.72494,0.72897,9181.0
2016-05-16 21:00:00+00:00,0.72875,0.73666,0.72824,0.73256,12655.0
2016-05-17 21:00:00+00:00,0.73249,0.73324,0.72219,0.72291,13922.0
2016-05-18 21:00:00+00:00,0.72296,0.72424,0.71764,0.72276,14715.0
2016-05-19 21:00:00+00:00,0.72272,0.72496,0.7212,0.72222,9040.0
2016-05-22 21:00:00+00:00,0.72237,0.72598,0.71952,0.72235,9280.0
2016-05-23 21:00:00+00:00,0.7224,0.72282,0.71454,0.71836,10943.0
2016-05-24 21:00:00+00:00,0.7182,0.72188,0.71738,0.71984,10260.0
2016-05-25 21:00:00+00:00,0.7197,0.72436,0.71622,0.72258,10767.0
2016-05-26 21:00:00+00:00,0.72246,0.72354,0.71724,0.71848,9023.0
2016-05-29 21:00:00+00:00,0.71772,0.71874,0.71489,0.71827,5528.0
2016-05-30 21:00:00+00:00,0.71844,0.72671,0.71808,0.72326,10162.0
2016-05-31 21:00:00+00:00,0.72346,0.72991,0.72276,0.72572,12545.0
2016-06-01 21:00:00+00:00,0.72592,0.72697,0.72016,0.72292,10936.0
2016-06-02 21:00:00+00:00,0.72288,0.73686,0.72184,0.73666,13368.0
2016-06-05 21:00:00+00:00,0.73701,0.73804,0.73156,0.73668,11403.0
2016-06-06 21:00:00+00:00,0.73648,0.74637,0.736,0.74589,10396.0
2016-06-07 21:00:00+00:00,0.74575,0.74821,0.74306,0.74712,9582.0
2016-06-08 21:00:00+00:00,0.74703,0.75046,0.74206,0.74315,13530.0
2016-06-09 21:00:00+00:00,0.74327,0.7438,0.73703,0.73748,10082.0
2016-06-12 21:00:00+00:00,0.73756,0.74108,0.73595,0.73873,10708.0
2016-06-13 21:00:00+00:00,0.73886,0.74048,0.73306,0.73582,11808.0
2016-06-14 21:00:00+00:00,0.73575,0.74461,0.73344,0.74076,13908.0
2016-06-15 21:00:00+00:00,0.7408,0.74407,0.72854,0.73628,17023.0
2016-06-16 21:00:00+00:00,0.73619,0.7411,0.73614,0.73949,12027.0
2016-06-19 21:00:00+00:00,0.74352,0.74812,0.74072,0.7457,10665.0
2016-06-20 21:00:00+00:00,0.74577,0.75126,0.74498,0.74509,10983.0
2016-06-21 21:00:00+00:00,0.74496,0.75268,0.74418,0.75014,10475.0
2016-06-22 21:00:00+00:00,0.74984,0.76172,0.74978,0.76146,17605.0
2016-06-23 21:00:00+00:00,0.76139,0.76476,0.7307,0.74733,66346.0
2016-06-26 21:00:00+00:00,0.74154,0.74515,0.73249,0.73284,23578.0
2016-06-27 21:00:00+00:00,0.73328,0.74154,0.73312,0.73881,13944.0
2016-06-28 21:00:00+00:00,0.73855,0.74563,0.73814,0.74508,14734.0
2016-06-29 21:00:00+00:00,0.74514,0.74727,0.73716,0.74502,19189.0
2016-06-30 21:00:00+00:00,0.7451,0.75028,0.74375,0.74984,12069.0
2016-07-03 21:00:00+00:00,0.74498,0.75448,0.74468,0.75392,8084.0
2016-07-04 21:00:00+00:00,0.75378,0.75448,0.74538,0.74626,13770.0
2016-07-05 21:00:00+00:00,0.74608,0.7529,0.74082,0.75205,18559.0
2016-07-06 21:00:00+00:00,0.75219,0.75385,0.7467,0.74795,17066.0
2016-07-07 21:00:00+00:00,0.7481,0.75729,0.74706,0.75684,15367.0
2016-07-10 21:00:00+00:00,0.75656,0.75756,0.7522,0.75316,11484.0
2016-07-11 21:00:00+00:00,0.75336,0.7658,0.75313,0.76231,12902.0
2016-07-12 21:00:00+00:00,0.76156,0.76384,0.75782,0.76072,13688.0
2016-07-13 21:00:00+00:00,0.76076,0.76533,0.75916,0.76316,13600.0
2016-07-14 21:00:00+00:00,0.76326,0.76761,0.75609,0.75767,14701.0
2016-07-17 21:00:00+00:00,0.75978,0.76068,0.75754,0.75906,9705.0
2016-07-18 21:00:00+00:00,0.75911,0.75918,0.74762,0.75043,12320.0
2016-07-19 21:00:00+00:00,0.75065,0.75174,0.74622,0.7477,9609.0
2016-07-20 21:00:00+00:00,0.74718,0.75139,0.74542,0.74942,13465.0
2016-07-21 21:00:00+00:00,0.74952,0.75083,0.74429,0.74648,8065.0
2016-07-24 21:00:00+00:00,0.7462,0.74923,0.7454,0.747,6853.0
2016-07-25 21:00:00+00:00,0.74688,0.754,0.74632,0.75026,9612.0
2016-07-26 21:00:00+00:00,0.75032,0.75656,0.74214,0.74914,16500.0
2016-07-27 21:00:00+00:00,0.74904,0.75492,0.7487,0.75042,7712.0
2016-07-28 21:00:00+00:00,0.75026,0.761,0.74934,0.76008,13340.0
2016-07-31 21:00:00+00:00,0.75975,0.76156,0.7529,0.75356,8534.0
2016-08-01 21:00:00+00:00,0.75335,0.76378,0.74902,0.76093,13917.0
2016-08-02 21:00:00+00:00,0.76121,0.76154,0.75684,0.7588,9730.0
2016-08-03 21:00:00+00:00,0.75886,0.76404,0.75842,0.7628,9671.0
2016-08-04 21:00:00+00:00,0.76268,0.76642,0.75978,0.7619,9962.0
2016-08-07 21:00:00+00:00,0.76177,0.76724,0.75976,0.76506,6699.0
2016-08-08 21:00:00+00:00,0.7651,0.76866,0.76221,0.76726,7586.0
2016-08-09 21:00:00+00:00,0.76722,0.77558,0.76622,0.77027,10824.0
2016-08-10 21:00:00+00:00,0.77046,0.77534,0.76917,0.76994,9517.0
2016-08-11 21:00:00+00:00,0.76981,0.77245,0.76466,0.76502,9546.0
2016-08-14 21:00:00+00:00,0.76587,0.76916,0.76368,0.7674,6869.0
2016-08-15 21:00:00+00:00,0.76731,0.77492,0.76538,0.76946,13092.0
2016-08-16 21:00:00+00:00,0.76964,0.77084,0.76098,0.76561,13548.0
2016-08-17 21:00:00+00:00,0.76555,0.77232,0.76497,0.76862,13765.0
2016-08-18 21:00:00+00:00,0.76874,0.76916,0.75994,0.76261,10435.0
2016-08-21 21:00:00+00:00,0.76038,0.76399,0.75838,0.76261,10049.0
2016-08-22 21:00:00+00:00,0.76235,0.7655,0.76138,0.7615,10695.0
2016-08-23 21:00:00+00:00,0.7615,0.76338,0.75887,0.76136,9605.0
2016-08-24 21:00:00+00:00,0.76125,0.7639,0.76021,0.7618,7764.0
2016-08-25 21:00:00+00:00,0.76188,0.76922,0.75516,0.75633,18084.0
2016-08-28 21:00:00+00:00,0.75607,0.75814,0.75252,0.75688,10565.0
2016-08-29 21:00:00+00:00,0.757,0.75799,0.75006,0.75099,9145.0
2016-08-30 21:00:00+00:00,0.75108,0.75334,0.74904,0.75172,10640.0
2016-08-31 21:00:00+00:00,0.75178,0.75588,0.75046,0.75513,11602.0
2016-09-01 21:00:00+00:00,0.75524,0.76158,0.75364,0.75718,15375.0
2016-09-04 21:00:00+00:00,0.75684,0.76064,0.75631,0.75834,7015.0
2016-09-05 21:00:00+00:00,0.75826,0.7688,0.75818,0.76868,10655.0
2016-09-06 21:00:00+00:00,0.76878,0.76976,0.76512,0.76726,10184.0
2016-09-07 21:00:00+00:00,0.76748,0.77323,0.76365,0.76436,12931.0
2016-09-08 21:00:00+00:00,0.76424,0.7657,0.75378,0.75402,12164.0
2016-09-11 21:00:00+00:00,0.75394,0.75668,0.7494,0.75658,15021.0
2016-09-12 21:00:00+00:00,0.7565,0.75679,0.74422,0.74637,15344.0
2016-09-13 21:00:00+00:00,0.74646,0.74957,0.74513,0.74686,12964.0
2016-09-14 21:00:00+00:00,0.747,0.75228,0.74463,0.75146,16636.0
2016-09-15 21:00:00+00:00,0.75188,0.7527,0.74755,0.74928,11572.0
2016-09-18 21:00:00+00:00,0.74822,0.75728,0.74793,0.7534,7361.0
2016-09-19 21:00:00+00:00,0.75388,0.7565,0.75306,0.75555,8080.0
2016-09-20 21:00:00+00:00,0.75566,0.76303,0.75346,0.7624,18049.0
2016-09-21 21:00:00+00:00,0.76254,0.76748,0.7608,0.76437,10516.0
2016-09-22 21:00:00+00:00,0.76429,0.76533,0.76094,0.76229,8794.0
2016-09-25 21:00:00+00:00,0.76184,0.76492,0.76032,0.76364,8986.0
2016-09-26 21:00:00+00:00,0.76357,0.76954,0.76119,0.7667,10919.0
2016-09-27 21:00:00+00:00,0.76658,0.7693,0.76452,0.76922,9964.0
2016-09-28 21:00:00+00:00,0.76928,0.77102,0.76236,0.76359,12516.0
2016-09-29 21:00:00+00:00,0.76366,0.76716,0.75902,0.76595,11496.0
2016-10-02 21:00:00+00:00,0.76628,0.76813,0.76406,0.7673,7186.0
2016-10-03 21:00:00+00:00,0.76799,0.7691,0.76082,0.762,11998.0
2016-10-04 21:00:00+00:00,0.76166,0.76449,0.75928,0.76217,10100.0
2016-10-05 21:00:00+00:00,0.76224,0.76238,0.75624,0.75853,9279.0
2016-10-06 21:00:00+00:00,0.7585,0.76245,0.75532,0.75875,18371.0
2016-10-09 21:00:00+00:00,0.761,0.76285,0.75804,0.76067,6694.0
2016-10-10 21:00:00+00:00,0.76084,0.76108,0.75336,0.7539,10836.0
2016-10-11 21:00:00+00:00,0.7537,0.75925,0.75344,0.75622,11314.0
2016-10-12 21:00:00+00:00,0.75659,0.75814,0.75067,0.75688,12861.0
2016-10-13 21:00:00+00:00,0.75683,0.76476,0.75564,0.76165,12813.0
2016-10-16 21:00:00+00:00,0.76222,0.76286,0.75815,0.76285,8152.0
2016-10-17 21:00:00+00:00,0.76272,0.76898,0.76251,0.76654,8967.0
2016-10-18 21:00:00+00:00,0.76688,0.77292,0.76596,0.77216,8719.0
2016-10-19 21:00:00+00:00,0.7723,0.77346,0.76216,0.7627,10658.0
2016-10-20 21:00:00+00:00,0.76281,0.76511,0.75876,0.76074,7404.0
2016-10-23 21:00:00+00:00,0.76101,0.76406,0.75916,0.76104,6103.0
2016-10-24 21:00:00+00:00,0.7612,0.76548,0.75892,0.7645,9657.0
2016-10-25 21:00:00+00:00,0.7644,0.77088,0.76283,0.7651,11283.0
2016-10-26 21:00:00+00:00,0.76499,0.76523,0.75818,0.75904,10024.0
2016-10-27 21:00:00+00:00,0.75914,0.76082,0.7558,0.75994,13098.0
2016-10-30 21:00:00+00:00,0.75872,0.76192,0.75835,0.76092,7200.0
2016-10-31 21:00:00+00:00,0.76136,0.76891,0.75984,0.76524,10735.0
2016-11-01 21:00:00+00:00,0.76511,0.76782,0.76126,0.76604,11754.0
2016-11-02 21:00:00+00:00,0.7661,0.76876,0.76372,0.76835,9819.0
2016-11-03 21:00:00+00:00,0.76823,0.76972,0.76522,0.76732,10875.0
2016-11-06 22:00:00+00:00,0.76797,0.77294,0.76592,0.7727,9096.0
2016-11-07 22:00:00+00:00,0.77278,0.77783,0.76893,0.77618,9361.0
2016-11-08 22:00:00+00:00,0.77606,0.77722,0.75794,0.76346,47869.0
2016-11-09 22:00:00+00:00,0.76359,0.77422,0.75682,0.7614,22033.0
2016-11-10 22:00:00+00:00,0.7611,0.76298,0.75254,0.75476,23704.0
2016-11-13 22:00:00+00:00,0.75461,0.75656,0.75242,0.75549,20226.0
2016-11-14 22:00:00+00:00,0.75562,0.75815,0.75117,0.75592,18626.0
2016-11-15 22:00:00+00:00,0.75571,0.75712,0.74606,0.74799,18294.0
2016-11-16 22:00:00+00:00,0.74788,0.75024,0.73968,0.74078,17232.0
2016-11-17 22:00:00+00:00,0.7406,0.74179,0.73304,0.7335,17580.0
2016-11-20 22:00:00+00:00,0.73309,0.73816,0.7311,0.7368,15901.0
2016-11-21 22:00:00+00:00,0.7366,0.74134,0.73646,0.74018,12820.0
2016-11-22 22:00:00+00:00,0.74009,0.7445,0.73728,0.73866,14258.0
2016-11-23 22:00:00+00:00,0.73834,0.74186,0.73646,0.74079,12098.0
2016-11-24 22:00:00+00:00,0.74066,0.74684,0.74008,0.74433,15749.0
2016-11-27 22:00:00+00:00,0.74447,0.74934,0.74332,0.74824,11822.0
2016-11-28 22:00:00+00:00,0.74846,0.74976,0.74328,0.74836,12382.0
2016-11-29 22:00:00+00:00,0.74845,0.74972,0.73743,0.73839,16363.0
2016-11-30 22:00:00+00:00,0.73827,0.74215,0.73704,0.74144,13335.0
2016-12-01 22:00:00+00:00,0.74158,0.7469,0.74011,0.74566,11888.0
2016-12-04 22:00:00+00:00,0.74525,0.74979,0.7413,0.74716,16665.0
2016-12-05 22:00:00+00:00,0.74722,0.74833,0.74316,0.74612,9268.0
2016-12-06 22:00:00+00:00,0.74598,0.74832,0.74167,0.74821,9038.0
2016-12-07 22:00:00+00:00,0.7481,0.75081,0.7429,0.74634,15813.0
2016-12-08 22:00:00+00:00,0.74642,0.74961,0.7435,0.74484,10596.0
2016-12-11 22:00:00+00:00,0.74472,0.7504,0.7431,0.7495,9215.0
2016-12-12 22:00:00+00:00,0.74982,0.75234,0.74757,0.74994,9443.0
2016-12-13 22:00:00+00:00,0.74984,0.75248,0.73942,0.74062,15216.0
2016-12-14 22:00:00+00:00,0.74052,0.74307,0.73375,0.73582,19351.0
2016-12-15 22:00:00+00:00,0.736,0.73694,0.72664,0.73035,12827.0
2016-12-18 22:00:00+00:00,0.72832,0.7313,0.72424,0.72435,10599.0
2016-12-19 22:00:00+00:00,0.72463,0.72626,0.72232,0.72594,8136.0
2016-12-20 22:00:00+00:00,0.72601,0.72796,0.72348,0.72382,7095.0
2016-12-21 22:00:00+00:00,0.7232,0.72578,0.71976,0.7217,8395.0
2016-12-22 22:00:00+00:00,0.72164,0.72274,0.71602,0.71758,6054.0
2016-12-26 22:00:00+00:00,0.71866,0.71968,0.71727,0.71844,3950.0
2016-12-27 22:00:00+00:00,0.71833,0.72198,0.71638,0.71774,5602.0
2016-12-28 22:00:00+00:00,0.71724,0.72236,0.71714,0.7219,6805.0
2016-12-29 22:00:00+00:00,0.72216,0.7247,0.72006,0.72012,11673.0
2017-01-02 22:00:00+00:00,0.7198,0.7241,0.71927,0.72196,10195.0
2017-01-03 22:00:00+00:00,0.72184,0.72868,0.72148,0.7284,13257.0
2017-01-04 22:00:00+00:00,0.72833,0.73569,0.72728,0.73384,18328.0
2017-01-05 22:00:00+00:00,0.73418,0.73551,0.72886,0.72975,14837.0
2017-01-08 22:00:00+00:00,0.72968,0.73738,0.72887,0.73539,11071.0
2017-01-09 22:00:00+00:00,0.73566,0.73846,0.73312,0.73695,13679.0
2017-01-10 22:00:00+00:00,0.73676,0.74718,0.73524,0.74413,21536.0
2017-01-11 22:00:00+00:00,0.74419,0.75184,0.74302,0.74844,16099.0
2017-01-12 22:00:00+00:00,0.74829,0.75086,0.74492,0.75007,13906.0
2017-01-15 22:00:00+00:00,0.74807,0.75056,0.74584,0.74768,9833.0
2017-01-16 22:00:00+00:00,0.74757,0.75686,0.7465,0.75672,17795.0
2017-01-17 22:00:00+00:00,0.75655,0.75663,0.75028,0.75055,12292.0
2017-01-18 22:00:00+00:00,0.7507,0.75748,0.74936,0.75614,17301.0
2017-01-19 22:00:00+00:00,0.75598,0.75886,0.75177,0.75568,16540.0
2017-01-22 22:00:00+00:00,0.75573,0.75896,0.75502,0.7583,13253.0
2017-01-23 22:00:00+00:00,0.75864,0.76092,0.75536,0.75814,11140.0
2017-01-24 22:00:00+00:00,0.75838,0.75986,0.75154,0.75734,15346.0
2017-01-25 22:00:00+00:00,0.75674,0.7585,0.75219,0.75339,12382.0
2017-01-26 22:00:00+00:00,0.75362,0.7573,0.75116,0.75484,13044.0
2017-01-29 22:00:00+00:00,0.7561,0.7567,0.7528,0.75543,9924.0
2017-01-30 22:00:00+00:00,0.75554,0.76056,0.75422,0.75847,12857.0
2017-01-31 22:00:00+00:00,0.75875,0.7597,0.75515,0.75858,12217.0
2017-02-01 22:00:00+00:00,0.75848,0.7696,0.75777,0.76578,11476.0
2017-02-02 22:00:00+00:00,0.76586,0.76954,0.76208,0.76844,13192.0
2017-02-05 22:00:00+00:00,0.76765,0.76839,0.76296,0.76605,9417.0
2017-02-06 22:00:00+00:00,0.7659,0.76808,0.76059,0.76272,10725.0
2017-02-07 22:00:00+00:00,0.76277,0.76658,0.76116,0.76445,9736.0
2017-02-08 22:00:00+00:00,0.7646,0.76639,0.76107,0.76251,9877.0
2017-02-09 22:00:00+00:00,0.76243,0.76886,0.76184,0.76772,9522.0
2017-02-12 22:00:00+00:00,0.76806,0.76807,0.76311,0.76398,7126.0
2017-02-13 22:00:00+00:00,0.76372,0.76965,0.76181,0.76629,10137.0
2017-02-14 22:00:00+00:00,0.76637,0.77196,0.76372,0.77115,10018.0
2017-02-15 22:00:00+00:00,0.77098,0.7732,0.76848,0.76956,11033.0
2017-02-16 22:00:00+00:00,0.76934,0.77128,0.76561,0.76645,7527.0
2017-02-19 22:00:00+00:00,0.76742,0.76902,0.76594,0.76883,4543.0
2017-02-20 22:00:00+00:00,0.76891,0.76908,0.76496,0.76754,6173.0
2017-02-21 22:00:00+00:00,0.76742,0.77148,0.7667,0.77028,8497.0
2017-02-22 22:00:00+00:00,0.76996,0.77406,0.76654,0.77154,8286.0
2017-02-23 22:00:00+00:00,0.77144,0.77204,0.76645,0.76715,7203.0
2017-02-26 22:00:00+00:00,0.76818,0.7708,0.76628,0.76736,6842.0
2017-02-27 22:00:00+00:00,0.76728,0.76947,0.76468,0.7657,7352.0
2017-02-28 22:00:00+00:00,0.7656,0.77,0.76368,0.76763,12259.0
2017-03-01 22:00:00+00:00,0.76768,0.76823,0.75578,0.75728,8189.0
2017-03-02 22:00:00+00:00,0.7572,0.75979,0.75428,0.75966,10375.0
2017-03-05 22:00:00+00:00,0.75892,0.76094,0.75703,0.75806,6552.0
2017-03-06 22:00:00+00:00,0.75769,0.7633,0.75769,0.7587,7436.0
2017-03-07 22:00:00+00:00,0.75884,0.76088,0.75258,0.75278,8128.0
2017-03-08 22:00:00+00:00,0.75268,0.75343,0.74912,0.7505,9020.0
2017-03-09 22:00:00+00:00,0.7506,0.75572,0.74984,0.75423,9904.0
2017-03-12 21:00:00+00:00,0.75489,0.75922,0.75342,0.75716,8638.0
2017-03-13 21:00:00+00:00,0.7572,0.75794,0.75404,0.75586,8331.0
2017-03-14 21:00:00+00:00,0.756,0.77196,0.75555,0.77092,21274.0
2017-03-15 21:00:00+00:00,0.7708,0.77172,0.7664,0.76783,16186.0
2017-03-16 21:00:00+00:00,0.76774,0.77177,0.76636,0.77054,9702.0
2017-03-19 21:00:00+00:00,0.76931,0.77478,0.76931,0.77296,8640.0
2017-03-20 21:00:00+00:00,0.77306,0.77497,0.76833,0.76903,11418.0
2017-03-21 21:00:00+00:00,0.76872,0.769,0.76394,0.76774,12318.0
2017-03-22 21:00:00+00:00,0.76795,0.76795,0.76227,0.76274,10870.0
2017-03-23 21:00:00+00:00,0.76266,0.76404,0.76038,0.76238,9953.0
2017-03-26 21:00:00+00:00,0.76358,0.76483,0.76084,0.76168,10583.0
2017-03-27 21:00:00+00:00,0.76174,0.76548,0.75876,0.76342,8597.0
2017-03-28 21:00:00+00:00,0.76324,0.76754,0.76304,0.76696,8216.0
2017-03-29 21:00:00+00:00,0.76693,0.76796,0.76399,0.76412,7962.0
2017-03-30 21:00:00+00:00,0.76395,0.76626,0.76226,0.7629,9980.0
2017-04-02 21:00:00+00:00,0.7634,0.76404,0.75912,0.76061,7661.0
2017-04-03 21:00:00+00:00,0.76063,0.76151,0.7545,0.75648,8370.0
2017-04-04 21:00:00+00:00,0.75643,0.75875,0.75588,0.7569,8672.0
2017-04-05 21:00:00+00:00,0.75684,0.7577,0.75328,0.75451,8809.0
2017-04-06 21:00:00+00:00,0.75438,0.75467,0.7494,0.75008,12499.0
2017-04-09 21:00:00+00:00,0.74931,0.75088,0.74764,0.75018,7861.0
2017-04-10 21:00:00+00:00,0.75027,0.75149,0.74746,0.74998,8488.0
2017-04-11 21:00:00+00:00,0.7499,0.75286,0.74734,0.75226,11046.0
2017-04-12 21:00:00+00:00,0.75262,0.75954,0.75202,0.75688,11810.0
2017-04-13 21:00:00+00:00,0.75631,0.75839,0.75574,0.75781,13633.0
2017-04-16 21:00:00+00:00,0.75771,0.76108,0.75704,0.75898,5358.0
2017-04-17 21:00:00+00:00,0.75867,0.75963,0.75342,0.75598,9271.0
2017-04-18 21:00:00+00:00,0.75612,0.75631,0.74916,0.74964,7862.0
2017-04-19 21:00:00+00:00,0.7498,0.7547,0.74926,0.75267,7673.0
2017-04-20 21:00:00+00:00,0.75293,0.7546,0.7516,0.75446,7382.0
2017-04-23 21:00:00+00:00,0.75887,0.75887,0.75392,0.75688,9127.0
2017-04-24 21:00:00+00:00,0.75707,0.7572,0.75204,0.75352,7487.0
2017-04-25 21:00:00+00:00,0.75362,0.75581,0.74549,0.74742,12301.0
2017-04-26 21:00:00+00:00,0.74755,0.74923,0.74402,0.74662,9838.0
2017-04-27 21:00:00+00:00,0.74668,0.74908,0.74478,0.74886,8223.0
2017-04-30 21:00:00+00:00,0.74718,0.75402,0.74712,0.75239,5317.0
2017-05-01 21:00:00+00:00,0.75228,0.75562,0.75106,0.75358,6798.0
2017-05-02 21:00:00+00:00,0.75354,0.75462,0.742,0.74234,10030.0
2017-05-03 21:00:00+00:00,0.74224,0.74306,0.7383,0.74082,9560.0
2017-05-04 21:00:00+00:00,0.74062,0.74267,0.73677,0.74192,10836.0
2017-05-07 21:00:00+00:00,0.74128,0.74245,0.73778,0.7387,8356.0
2017-05-08 21:00:00+00:00,0.73885,0.73988,0.73294,0.73438,9865.0
2017-05-09 21:00:00+00:00,0.73414,0.73944,0.73388,0.73658,9630.0
2017-05-10 21:00:00+00:00,0.73689,0.73832,0.73336,0.73787,11441.0
2017-05-11 21:00:00+00:00,0.73776,0.74208,0.73686,0.73872,9948.0
2017-05-14 21:00:00+00:00,0.73924,0.7446,0.73852,0.7414,8712.0
2017-05-15 21:00:00+00:00,0.74143,0.7438,0.7395,0.74264,8387.0
2017-05-16 21:00:00+00:00,0.74258,0.74436,0.7389,0.7432,11179.0
2017-05-17 21:00:00+00:00,0.74309,0.74672,0.74088,0.74194,17009.0
2017-05-18 21:00:00+00:00,0.74166,0.74694,0.74067,0.74566,8752.0
2017-05-21 21:00:00+00:00,0.74532,0.74886,0.74352,0.7477,7571.0
2017-05-22 21:00:00+00:00,0.7479,0.75172,0.74665,0.7478,10465.0
2017-05-23 21:00:00+00:00,0.74832,0.75075,0.74427,0.75034,12472.0
2017-05-24 21:00:00+00:00,0.75052,0.7516,0.74509,0.74543,10169.0
2017-05-25 21:00:00+00:00,0.7455,0.74615,0.74222,0.74465,10935.0
2017-05-28 21:00:00+00:00,0.74398,0.74506,0.74274,0.74398,6086.0
2017-05-29 21:00:00+00:00,0.74412,0.74698,0.74164,0.74652,8805.0
2017-05-30 21:00:00+00:00,0.74656,0.74757,0.74246,0.74305,9340.0
2017-05-31 21:00:00+00:00,0.74312,0.74546,0.7373,0.73754,11652.0
2017-06-01 21:00:00+00:00,0.73742,0.74464,0.73728,0.74424,10602.0
2017-06-04 21:00:00+00:00,0.74252,0.74984,0.74225,0.74854,7672.0
2017-06-05 21:00:00+00:00,0.74878,0.75222,0.74576,0.75067,11295.0
2017-06-06 21:00:00+00:00,0.75064,0.75668,0.74999,0.75501,10981.0
2017-06-07 21:00:00+00:00,0.75507,0.75542,0.75248,0.75477,9091.0
2017-06-08 21:00:00+00:00,0.75448,0.75478,0.75194,0.753,9352.0
2017-06-11 21:00:00+00:00,0.75326,0.75474,0.7522,0.75416,5152.0
2017-06-12 21:00:00+00:00,0.75405,0.75649,0.75244,0.7537,6398.0
2017-06-13 21:00:00+00:00,0.75382,0.7636,0.75325,0.7589,15816.0
2017-06-14 21:00:00+00:00,0.75854,0.76314,0.75682,0.75792,11445.0
2017-06-15 21:00:00+00:00,0.75772,0.76301,0.75766,0.76221,8138.0
2017-06-18 21:00:00+00:00,0.76198,0.76293,0.75853,0.75986,7191.0
2017-06-19 21:00:00+00:00,0.76008,0.76238,0.75706,0.758,6820.0
2017-06-20 21:00:00+00:00,0.75812,0.75866,0.75432,0.75528,7618.0
2017-06-21 21:00:00+00:00,0.75539,0.75749,0.75352,0.75414,7698.0
2017-06-22 21:00:00+00:00,0.75439,0.75828,0.75379,0.7568,5130.0
2017-06-25 21:00:00+00:00,0.75643,0.75991,0.75628,0.75852,6021.0
2017-06-26 21:00:00+00:00,0.75817,0.76246,0.7577,0.75832,7191.0
2017-06-27 21:00:00+00:00,0.75824,0.76448,0.75774,0.76396,9721.0
2017-06-28 21:00:00+00:00,0.76404,0.76864,0.76351,0.76834,8539.0
2017-06-29 21:00:00+00:00,0.76852,0.77123,0.76674,0.76888,9523.0
2017-07-02 21:00:00+00:00,0.76847,0.76952,0.76446,0.76608,8151.0
2017-07-03 21:00:00+00:00,0.76591,0.76833,0.75914,0.76036,11064.0
2017-07-04 21:00:00+00:00,0.76024,0.76322,0.75712,0.76037,8156.0
2017-07-05 21:00:00+00:00,0.76041,0.76147,0.75771,0.75844,7614.0
2017-07-06 21:00:00+00:00,0.75838,0.76234,0.75726,0.76046,9211.0
2017-07-09 21:00:00+00:00,0.76014,0.76147,0.75867,0.76067,4644.0
2017-07-10 21:00:00+00:00,0.76049,0.76429,0.7603,0.76384,5549.0
2017-07-11 21:00:00+00:00,0.76375,0.76851,0.76348,0.7678,8285.0
2017-07-12 21:00:00+00:00,0.76794,0.774,0.76748,0.77315,7118.0
2017-07-13 21:00:00+00:00,0.7731,0.78342,0.77262,0.78282,9415.0
2017-07-16 21:00:00+00:00,0.78273,0.78384,0.77922,0.77986,8980.0
2017-07-17 21:00:00+00:00,0.78006,0.79428,0.77862,0.79174,18023.0
2017-07-18 21:00:00+00:00,0.79168,0.7959,0.79094,0.79526,9309.0
2017-07-19 21:00:00+00:00,0.79496,0.79902,0.78976,0.79578,16160.0
2017-07-20 21:00:00+00:00,0.79536,0.79594,0.78747,0.79146,15218.0
2017-07-23 21:00:00+00:00,0.79056,0.79674,0.79034,0.7924,9991.0
2017-07-24 21:00:00+00:00,0.79256,0.79705,0.79028,0.79368,9544.0
2017-07-25 21:00:00+00:00,0.79372,0.8014,0.7878,0.80052,22840.0
2017-07-26 21:00:00+00:00,0.80032,0.80658,0.79562,0.79682,15132.0
2017-07-27 21:00:00+00:00,0.79669,0.80075,0.79371,0.79862,15350.0
2017-07-30 21:00:00+00:00,0.79822,0.80044,0.7956,0.80039,12270.0
2017-07-31 21:00:00+00:00,0.80026,0.80432,0.79606,0.7969,14981.0
2017-08-01 21:00:00+00:00,0.79674,0.79932,0.79416,0.79686,11930.0
2017-08-02 21:00:00+00:00,0.7968,0.79694,0.79145,0.79485,13743.0
2017-08-03 21:00:00+00:00,0.7949,0.79796,0.78915,0.79298,15282.0
2017-08-06 21:00:00+00:00,0.79181,0.79487,0.7899,0.7913,8748.0
2017-08-07 21:00:00+00:00,0.79096,0.7943,0.78873,0.79136,9445.0
2017-08-08 21:00:00+00:00,0.7915,0.79161,0.78556,0.78876,12893.0
2017-08-09 21:00:00+00:00,0.78848,0.79106,0.7867,0.78769,11030.0
2017-08-10 21:00:00+00:00,0.78738,0.79096,0.78393,0.78936,13080.0
2017-08-13 21:00:00+00:00,0.78934,0.79194,0.78449,0.78516,8548.0
2017-08-14 21:00:00+00:00,0.7851,0.78767,0.78076,0.78208,8574.0
2017-08-15 21:00:00+00:00,0.78237,0.7934,0.78168,0.79252,10511.0
2017-08-16 21:00:00+00:00,0.79258,0.79626,0.78802,0.78857,12145.0
2017-08-17 21:00:00+00:00,0.78844,0.79444,0.787,0.7928,11736.0
2017-08-20 21:00:00+00:00,0.79279,0.79504,0.79112,0.79394,5575.0
2017-08-21 21:00:00+00:00,0.79372,0.79509,0.78979,0.79114,7012.0
2017-08-22 21:00:00+00:00,0.79128,0.7917,0.78821,0.79038,8742.0
2017-08-23 21:00:00+00:00,0.79068,0.79163,0.78666,0.79018,8021.0
2017-08-24 21:00:00+00:00,0.79047,0.79544,0.78854,0.79336,14892.0
2017-08-27 21:00:00+00:00,0.79254,0.79733,0.79254,0.7964,6578.0
2017-08-28 21:00:00+00:00,0.79706,0.79831,0.79058,0.79518,20360.0
2017-08-29 21:00:00+00:00,0.79622,0.79956,0.78904,0.79056,15147.0
2017-08-30 21:00:00+00:00,0.79068,0.79501,0.78713,0.79457,18652.0
2017-08-31 21:00:00+00:00,0.79474,0.79956,0.7922,0.79694,22467.0
2017-09-03 21:00:00+00:00,0.7946,0.79726,0.79419,0.79446,12544.0
2017-09-04 21:00:00+00:00,0.79466,0.80284,0.79424,0.79966,19097.0
2017-09-05 21:00:00+00:00,0.79961,0.80212,0.79634,0.8001,17770.0
2017-09-06 21:00:00+00:00,0.80003,0.8049,0.79746,0.80478,18622.0
2017-09-07 21:00:00+00:00,0.80464,0.81252,0.80432,0.80534,18906.0
2017-09-10 21:00:00+00:00,0.80568,0.80588,0.80187,0.80292,12352.0
2017-09-11 21:00:00+00:00,0.80268,0.8049,0.79984,0.80196,13179.0
2017-09-12 21:00:00+00:00,0.8019,0.80444,0.79706,0.79857,13211.0
2017-09-13 21:00:00+00:00,0.79834,0.80162,0.79562,0.80047,23144.0
2017-09-14 21:00:00+00:00,0.80037,0.80362,0.79866,0.80044,16285.0
2017-09-17 21:00:00+00:00,0.79996,0.8035,0.79399,0.79605,11328.0
2017-09-18 21:00:00+00:00,0.79571,0.80203,0.79571,0.80089,14194.0
2017-09-19 21:00:00+00:00,0.80099,0.81042,0.7986,0.80311,28316.0
2017-09-20 21:00:00+00:00,0.80308,0.80368,0.79168,0.79325,16974.0
2017-09-21 21:00:00+00:00,0.79296,0.79862,0.79084,0.79623,12316.0
2017-09-24 21:00:00+00:00,0.79516,0.79736,0.79264,0.79359,12633.0
2017-09-25 21:00:00+00:00,0.79368,0.79489,0.78593,0.78882,15471.0
2017-09-26 21:00:00+00:00,0.78854,0.78888,0.78364,0.78488,15705.0
2017-09-27 21:00:00+00:00,0.78503,0.786,0.77997,0.78576,14137.0
2017-09-28 21:00:00+00:00,0.78561,0.78586,0.78169,0.78346,13532.0
2017-10-01 21:00:00+00:00,0.78359,0.78481,0.77956,0.7827,10356.0
2017-10-02 21:00:00+00:00,0.78244,0.78388,0.77853,0.78357,11138.0
2017-10-03 21:00:00+00:00,0.78357,0.78753,0.78302,0.78645,10707.0
2017-10-04 21:00:00+00:00,0.7862,0.78654,0.77868,0.77944,9727.0
2017-10-05 21:00:00+00:00,0.77944,0.77986,0.77329,0.77735,15360.0
2017-10-06 21:00:00+00:00,0.77735,0.77735,0.77735,0.77735,1.0
2017-10-08 21:00:00+00:00,0.77716,0.77826,0.77474,0.77538,5896.0
2017-10-09 21:00:00+00:00,0.77523,0.7797,0.77498,0.77777,8693.0
2017-10-10 21:00:00+00:00,0.77777,0.78093,0.77708,0.77876,9379.0
2017-10-11 21:00:00+00:00,0.77876,0.78357,0.77858,0.782,9310.0
2017-10-12 21:00:00+00:00,0.78164,0.78974,0.78163,0.78899,11766.0
2017-10-15 21:00:00+00:00,0.7888,0.78896,0.78434,0.78512,8209.0
2017-10-16 21:00:00+00:00,0.78512,0.7861,0.78184,0.78453,9613.0
2017-10-17 21:00:00+00:00,0.78453,0.78584,0.78191,0.78462,7687.0
2017-10-18 21:00:00+00:00,0.78462,0.78838,0.78409,0.78792,15659.0
2017-10-19 21:00:00+00:00,0.78792,0.78824,0.78081,0.7816,13085.0
2017-10-20 21:00:00+00:00,0.7816,0.7816,0.7816,0.7816,1.0
2017-10-22 21:00:00+00:00,0.78204,0.78346,0.77964,0.78065,8964.0
2017-10-23 21:00:00+00:00,0.78066,0.7825,0.77705,0.77758,12209.0
2017-10-24 21:00:00+00:00,0.77759,0.77838,0.76904,0.77036,14784.0
2017-10-25 21:00:00+00:00,0.77044,0.77189,0.76557,0.76595,15954.0
2017-10-26 21:00:00+00:00,0.76596,0.76788,0.76254,0.76774,17054.0
2017-10-29 21:00:00+00:00,0.76753,0.76912,0.76558,0.76878,8365.0
2017-10-30 21:00:00+00:00,0.7686,0.76988,0.764,0.76556,8879.0
2017-10-31 21:00:00+00:00,0.76557,0.76958,0.76481,0.76762,14898.0
2017-11-01 21:00:00+00:00,0.76782,0.77301,0.76732,0.7713,13167.0
2017-11-02 21:00:00+00:00,0.77148,0.77162,0.76391,0.76502,12660.0
2017-11-05 22:00:00+00:00,0.76492,0.7692,0.76384,0.7691,6912.0
2017-11-06 22:00:00+00:00,0.76909,0.7701,0.76276,0.76442,9108.0
2017-11-07 22:00:00+00:00,0.76376,0.76848,0.76354,0.76763,8198.0
2017-11-08 22:00:00+00:00,0.768,0.76939,0.76494,0.76803,9028.0
2017-11-09 22:00:00+00:00,0.76778,0.7695,0.76542,0.76624,8671.0
2017-11-12 22:00:00+00:00,0.76521,0.76659,0.76168,0.76244,6038.0
2017-11-13 22:00:00+00:00,0.76216,0.765,0.76095,0.76308,9382.0
2017-11-14 22:00:00+00:00,0.76308,0.7633,0.75732,0.75896,12454.0
2017-11-15 22:00:00+00:00,0.75886,0.76098,0.75684,0.75881,8955.0
2017-11-16 22:00:00+00:00,0.7588,0.7608,0.75361,0.7565,8783.0
2017-11-19 22:00:00+00:00,0.7565,0.75737,0.75439,0.75496,7464.0
2017-11-20 22:00:00+00:00,0.75501,0.75905,0.75322,0.75785,8869.0
2017-11-21 22:00:00+00:00,0.75784,0.76235,0.75552,0.7617,9638.0
2017-11-22 22:00:00+00:00,0.76162,0.76384,0.76038,0.76248,12007.0
2017-11-23 22:00:00+00:00,0.76248,0.76324,0.7607,0.76201,10429.0
2017-11-26 22:00:00+00:00,0.76164,0.76447,0.75935,0.76026,7542.0
2017-11-27 22:00:00+00:00,0.7603,0.76198,0.7588,0.75962,8421.0
2017-11-28 22:00:00+00:00,0.75932,0.7608,0.75524,0.757,9029.0
2017-11-29 22:00:00+00:00,0.75732,0.75948,0.75565,0.75663,10038.0
2017-11-30 22:00:00+00:00,0.75664,0.76392,0.75513,0.76127,18667.0
2017-12-03 22:00:00+00:00,0.75956,0.76144,0.75798,0.75974,8895.0
2017-12-04 22:00:00+00:00,0.75982,0.76537,0.7596,0.76076,9390.0
2017-12-05 22:00:00+00:00,0.76076,0.76343,0.75584,0.75636,9547.0
2017-12-06 22:00:00+00:00,0.75614,0.757,0.75053,0.75116,8525.0
2017-12-07 22:00:00+00:00,0.75091,0.75334,0.75014,0.75097,8765.0
2017-12-10 22:00:00+00:00,0.75104,0.75454,0.75031,0.75264,6822.0
2017-12-11 22:00:00+00:00,0.75264,0.75804,0.75192,0.75603,7115.0
2017-12-12 22:00:00+00:00,0.75603,0.76394,0.75527,0.76372,12507.0
2017-12-13 22:00:00+00:00,0.76353,0.76798,0.76272,0.76658,12170.0
2017-12-14 22:00:00+00:00,0.76658,0.76945,0.7638,0.76448,9442.0
2017-12-17 22:00:00+00:00,0.7644,0.76779,0.76406,0.76646,7062.0
2017-12-18 22:00:00+00:00,0.76595,0.76841,0.7646,0.76633,7215.0
2017-12-19 22:00:00+00:00,0.76616,0.76796,0.76512,0.76672,7428.0
2017-12-20 22:00:00+00:00,0.76647,0.77072,0.76534,0.77024,6887.0
2017-12-21 22:00:00+00:00,0.77048,0.7721,0.77004,0.77122,6812.0
2017-12-25 22:00:00+00:00,0.7718,0.77294,0.77127,0.77286,2699.0
2017-12-26 22:00:00+00:00,0.77266,0.77791,0.77237,0.77688,5630.0
2017-12-27 22:00:00+00:00,0.77663,0.78095,0.77655,0.77961,5164.0
2017-12-28 22:00:00+00:00,0.77984,0.78251,0.77886,0.78069,6801.0
2018-01-01 22:00:00+00:00,0.78067,0.78446,0.77937,0.78296,9947.0
2018-01-02 22:00:00+00:00,0.78296,0.78448,0.78054,0.78356,8015.0
2018-01-03 22:00:00+00:00,0.78362,0.78667,0.78147,0.78638,8093.0
2018-01-04 22:00:00+00:00,0.78638,0.78748,0.7835,0.78628,9614.0
2018-01-07 22:00:00+00:00,0.78645,0.78726,0.78268,0.78406,6310.0
2018-01-08 22:00:00+00:00,0.78434,0.78648,0.78076,0.7823,7872.0
2018-01-09 22:00:00+00:00,0.78239,0.78678,0.78083,0.78426,13002.0
2018-01-10 22:00:00+00:00,0.78426,0.78946,0.78376,0.78912,12129.0
2018-01-11 22:00:00+00:00,0.78918,0.79251,0.78483,0.79162,13612.0
2018-01-14 22:00:00+00:00,0.79022,0.79788,0.79022,0.79653,14120.0
2018-01-15 22:00:00+00:00,0.79653,0.79751,0.79369,0.79594,10315.0
2018-01-16 22:00:00+00:00,0.79594,0.80231,0.79404,0.79705,16272.0
2018-01-17 22:00:00+00:00,0.79728,0.8007,0.79415,0.79992,15447.0
2018-01-18 22:00:00+00:00,0.79992,0.80386,0.79836,0.79941,12736.0
2018-01-21 22:00:00+00:00,0.79994,0.8027,0.7979,0.80162,8112.0
2018-01-22 22:00:00+00:00,0.80176,0.80298,0.79566,0.8,11616.0
2018-01-23 22:00:00+00:00,0.80023,0.8083,0.79935,0.80634,15248.0
2018-01-24 22:00:00+00:00,0.80592,0.8119,0.8012,0.8025,33455.0
2018-01-25 22:00:00+00:00,0.80256,0.81357,0.80046,0.81108,23594.0
2018-01-28 22:00:00+00:00,0.81018,0.81182,0.80744,0.80949,16155.0
2018-01-29 22:00:00+00:00,0.8093,0.81136,0.80428,0.80834,15590.0
2018-01-30 22:00:00+00:00,0.80808,0.81167,0.80353,0.80568,24186.0
2018-01-31 22:00:00+00:00,0.80568,0.80672,0.79876,0.8038,17809.0
2018-02-01 22:00:00+00:00,0.80418,0.8044,0.79182,0.79219,26496.0
2018-02-04 22:00:00+00:00,0.79148,0.79538,0.78752,0.78778,29720.0
2018-02-05 22:00:00+00:00,0.78778,0.79099,0.78356,0.79066,34794.0
2018-02-06 22:00:00+00:00,0.79052,0.79094,0.78169,0.78212,17026.0
2018-02-07 22:00:00+00:00,0.78232,0.78433,0.7776,0.77814,25180.0
2018-02-08 22:00:00+00:00,0.77796,0.78308,0.77592,0.78116,27613.0
2018-02-11 22:00:00+00:00,0.78156,0.78636,0.78096,0.78622,13647.0
2018-02-12 22:00:00+00:00,0.786,0.78768,0.7828,0.78594,12918.0
2018-02-13 22:00:00+00:00,0.78584,0.79346,0.77734,0.79259,29686.0
2018-02-14 22:00:00+00:00,0.79265,0.79668,0.78918,0.79449,23293.0
2018-02-15 22:00:00+00:00,0.79418,0.79884,0.78924,0.79093,19783.0
2018-02-18 22:00:00+00:00,0.79078,0.79356,0.78983,0.79127,13537.0
2018-02-19 22:00:00+00:00,0.7915,0.79336,0.7874,0.78841,18864.0
2018-02-20 22:00:00+00:00,0.78817,0.79038,0.78029,0.78042,25055.0
2018-02-21 22:00:00+00:00,0.78036,0.78598,0.77908,0.7846,15789.0
2018-02-22 22:00:00+00:00,0.7846,0.78478,0.78044,0.78408,13055.0
2018-02-25 22:00:00+00:00,0.78415,0.78935,0.78258,0.78542,13551.0
2018-02-26 22:00:00+00:00,0.78559,0.78688,0.77836,0.77894,19393.0
2018-02-27 22:00:00+00:00,0.77887,0.7819,0.77607,0.77614,15826.0
2018-02-28 22:00:00+00:00,0.77586,0.77696,0.77126,0.77561,25206.0
2018-03-01 22:00:00+00:00,0.77561,0.77737,0.77375,0.77627,18147.0
2018-03-04 22:00:00+00:00,0.77654,0.77704,0.77258,0.77662,14639.0
2018-03-05 22:00:00+00:00,0.77628,0.78426,0.77565,0.78298,17263.0
2018-03-06 22:00:00+00:00,0.78281,0.783,0.77719,0.78242,20717.0
2018-03-07 22:00:00+00:00,0.78242,0.78389,0.77728,0.77864,15701.0
2018-03-08 22:00:00+00:00,0.77864,0.78538,0.77764,0.78469,14497.0
2018-03-11 21:00:00+00:00,0.78499,0.788,0.78462,0.78724,8577.0
2018-03-12 21:00:00+00:00,0.78724,0.78978,0.78461,0.78591,14515.0
2018-03-13 21:00:00+00:00,0.78591,0.79164,0.78513,0.78775,12946.0
2018-03-14 21:00:00+00:00,0.78775,0.78852,0.77944,0.77977,11066.0
2018-03-15 21:00:00+00:00,0.77998,0.7804,0.77096,0.77138,11143.0
2018-03-18 21:00:00+00:00,0.77186,0.77258,0.76868,0.77178,12534.0
2018-03-19 21:00:00+00:00,0.77153,0.7721,0.7679,0.76828,11342.0
2018-03-20 21:00:00+00:00,0.76828,0.77798,0.76725,0.77656,23892.0
2018-03-21 21:00:00+00:00,0.77656,0.77859,0.76874,0.76928,18571.0
2018-03-22 21:00:00+00:00,0.76904,0.77438,0.76871,0.76973,19779.0
2018-03-25 21:00:00+00:00,0.77033,0.77506,0.76946,0.7748,10033.0
2018-03-26 21:00:00+00:00,0.77466,0.77576,0.76754,0.76791,11421.0
2018-03-27 21:00:00+00:00,0.76791,0.77023,0.76538,0.7663,15363.0
2018-03-28 21:00:00+00:00,0.76582,0.76894,0.76428,0.76778,10038.0
2018-03-29 21:00:00+00:00,0.76751,0.7707,0.76724,0.76822,51428.0
2018-04-01 21:00:00+00:00,0.76917,0.76963,0.765,0.7661,8684.0
2018-04-02 21:00:00+00:00,0.76601,0.7707,0.76518,0.76844,11596.0
2018-04-03 21:00:00+00:00,0.76844,0.77216,0.76626,0.77164,14857.0
2018-04-04 21:00:00+00:00,0.77157,0.77268,0.76739,0.7683,11220.0
2018-04-05 21:00:00+00:00,0.7683,0.76994,0.76576,0.76745,16079.0
2018-04-08 21:00:00+00:00,0.7681,0.77112,0.76522,0.76969,10527.0
2018-04-09 21:00:00+00:00,0.76969,0.7768,0.7694,0.77624,11988.0
2018-04-10 21:00:00+00:00,0.77608,0.7773,0.77398,0.77567,11584.0
2018-04-11 21:00:00+00:00,0.77576,0.77716,0.7738,0.77562,10071.0
2018-04-12 21:00:00+00:00,0.77562,0.78099,0.77524,0.77638,9571.0
2018-04-15 21:00:00+00:00,0.77692,0.7784,0.77525,0.77801,7073.0
2018-04-16 21:00:00+00:00,0.77808,0.77915,0.77602,0.7766,7781.0
2018-04-17 21:00:00+00:00,0.77677,0.77976,0.77446,0.77838,8084.0
2018-04-18 21:00:00+00:00,0.77848,0.78128,0.77193,0.77293,11857.0
2018-04-19 21:00:00+00:00,0.77293,0.7732,0.76554,0.76704,10323.0
2018-04-22 21:00:00+00:00,0.76736,0.76831,0.75996,0.76041,9791.0
2018-04-23 21:00:00+00:00,0.76059,0.76208,0.7579,0.76032,13172.0
2018-04-24 21:00:00+00:00,0.76038,0.76064,0.75522,0.75644,10662.0
2018-04-25 21:00:00+00:00,0.75657,0.75889,0.75468,0.75532,15483.0
2018-04-26 21:00:00+00:00,0.75522,0.7584,0.75319,0.75818,11849.0
2018-04-29 21:00:00+00:00,0.75776,0.75821,0.75254,0.75292,10470.0
2018-04-30 21:00:00+00:00,0.75314,0.75464,0.74726,0.74907,11634.0
2018-05-01 21:00:00+00:00,0.74884,0.75374,0.74755,0.74924,19493.0
2018-05-02 21:00:00+00:00,0.74924,0.7543,0.74856,0.75326,16165.0
2018-05-03 21:00:00+00:00,0.75305,0.75608,0.7492,0.75389,14021.0
2018-05-06 21:00:00+00:00,0.75427,0.75434,0.74934,0.75172,9432.0
2018-05-07 21:00:00+00:00,0.75147,0.75279,0.74336,0.74533,15306.0
2018-05-08 21:00:00+00:00,0.74533,0.74728,0.74126,0.74601,12064.0
2018-05-09 21:00:00+00:00,0.7458,0.75396,0.74514,0.75339,18307.0
2018-05-10 21:00:00+00:00,0.75322,0.75671,0.75227,0.75426,12417.0
2018-05-13 21:00:00+00:00,0.75438,0.75653,0.7525,0.75264,10204.0
2018-05-14 21:00:00+00:00,0.75257,0.75376,0.74482,0.74722,15259.0
2018-05-15 21:00:00+00:00,0.74697,0.75228,0.74473,0.75139,15252.0
2018-05-16 21:00:00+00:00,0.75155,0.75479,0.74978,0.75101,13539.0
2018-05-17 21:00:00+00:00,0.75146,0.75285,0.74884,0.75109,11096.0
2018-05-20 21:00:00+00:00,0.75232,0.75866,0.75031,0.75804,11322.0
2018-05-21 21:00:00+00:00,0.75821,0.76057,0.75661,0.75766,10232.0
2018-05-22 21:00:00+00:00,0.75766,0.7583,0.75228,0.75596,17710.0
2018-05-23 21:00:00+00:00,0.75596,0.7583,0.75423,0.75766,15619.0
2018-05-24 21:00:00+00:00,0.75766,0.75902,0.75428,0.75485,12814.0
2018-05-27 21:00:00+00:00,0.75608,0.75814,0.754,0.75461,12367.0
2018-05-28 21:00:00+00:00,0.75461,0.75527,0.74979,0.75054,15089.0
2018-05-29 21:00:00+00:00,0.75054,0.75838,0.74762,0.75779,16831.0
2018-05-30 21:00:00+00:00,0.75764,0.7593,0.75525,0.75677,16923.0
2018-05-31 21:00:00+00:00,0.75664,0.75735,0.75142,0.75688,14800.0
2018-06-03 21:00:00+00:00,0.75688,0.76662,0.75607,0.76481,11378.0
2018-06-04 21:00:00+00:00,0.76504,0.76562,0.7595,0.76171,12011.0
2018-06-05 21:00:00+00:00,0.76142,0.7677,0.76131,0.76675,12148.0
2018-06-06 21:00:00+00:00,0.76654,0.76732,0.76126,0.76229,10933.0
2018-06-07 21:00:00+00:00,0.76242,0.76272,0.75608,0.75979,12017.0
2018-06-10 21:00:00+00:00,0.75923,0.76216,0.75901,0.76106,7020.0
2018-06-11 21:00:00+00:00,0.76071,0.76238,0.75658,0.75721,10261.0
2018-06-12 21:00:00+00:00,0.75698,0.76088,0.75291,0.75788,14742.0
2018-06-13 21:00:00+00:00,0.75757,0.7583,0.74748,0.74768,13443.0
2018-06-14 21:00:00+00:00,0.74768,0.74808,0.74394,0.7443,11069.0
2018-06-17 21:00:00+00:00,0.74433,0.74544,0.74137,0.74238,6818.0
2018-06-18 21:00:00+00:00,0.74216,0.74271,0.73474,0.73826,13990.0
2018-06-19 21:00:00+00:00,0.73796,0.74091,0.73667,0.7368,11247.0
2018-06-20 21:00:00+00:00,0.73727,0.73938,0.73459,0.73776,14459.0
2018-06-21 21:00:00+00:00,0.73769,0.7444,0.73728,0.74401,12351.0
2018-06-24 21:00:00+00:00,0.74406,0.74428,0.73966,0.74142,10508.0
2018-06-25 21:00:00+00:00,0.74126,0.74232,0.73799,0.73924,11535.0
2018-06-26 21:00:00+00:00,0.73961,0.74069,0.73236,0.73418,16201.0
2018-06-27 21:00:00+00:00,0.73412,0.7362,0.73301,0.73535,14164.0
2018-06-28 21:00:00+00:00,0.73535,0.74092,0.73358,0.7407,16468.0
2018-07-01 21:00:00+00:00,0.74128,0.74128,0.73107,0.73402,10914.0
2018-07-02 21:00:00+00:00,0.73388,0.74045,0.73147,0.73872,12951.0
2018-07-03 21:00:00+00:00,0.73859,0.74248,0.73746,0.7383,14980.0
2018-07-04 21:00:00+00:00,0.73852,0.74082,0.73615,0.73876,11608.0
2018-07-05 21:00:00+00:00,0.73854,0.7444,0.73762,0.74293,11398.0
2018-07-08 21:00:00+00:00,0.74333,0.74838,0.74282,0.74658,7844.0
2018-07-09 21:00:00+00:00,0.74666,0.74838,0.74306,0.74597,11900.0
2018-07-10 21:00:00+00:00,0.7453,0.74552,0.73636,0.73666,18240.0
2018-07-11 21:00:00+00:00,0.73666,0.74196,0.73603,0.74078,10424.0
2018-07-12 21:00:00+00:00,0.74078,0.74248,0.73684,0.74231,10987.0
2018-07-15 21:00:00+00:00,0.74226,0.74424,0.74091,0.74205,9520.0
2018-07-16 21:00:00+00:00,0.74197,0.74384,0.73758,0.73902,11286.0
2018-07-17 21:00:00+00:00,0.7388,0.74074,0.73434,0.73976,9938.0
2018-07-18 21:00:00+00:00,0.73976,0.74414,0.73229,0.73579,18746.0
2018-07-19 21:00:00+00:00,0.73572,0.74309,0.73182,0.74167,19906.0
2018-07-22 21:00:00+00:00,0.74183,0.74376,0.73718,0.73812,11805.0
2018-07-23 21:00:00+00:00,0.7379,0.7434,0.73596,0.74176,11381.0
2018-07-24 21:00:00+00:00,0.7423,0.74644,0.7392,0.74535,16106.0
2018-07-25 21:00:00+00:00,0.74547,0.74634,0.73721,0.73778,13990.0
2018-07-26 21:00:00+00:00,0.73814,0.74149,0.73702,0.74014,10508.0
2018-07-29 21:00:00+00:00,0.74039,0.74134,0.73856,0.74068,6557.0
2018-07-30 21:00:00+00:00,0.74068,0.74411,0.74042,0.74299,12087.0
2018-07-31 21:00:00+00:00,0.74247,0.74294,0.739,0.74042,12415.0
2018-08-01 21:00:00+00:00,0.74042,0.7412,0.73552,0.7362,9274.0
2018-08-02 21:00:00+00:00,0.73607,0.74115,0.73484,0.74004,13573.0
2018-08-05 21:00:00+00:00,0.73985,0.74056,0.73742,0.73869,6866.0
2018-08-06 21:00:00+00:00,0.73869,0.74398,0.7381,0.74218,8213.0
2018-08-07 21:00:00+00:00,0.74242,0.74394,0.73832,0.74323,8176.0
2018-08-08 21:00:00+00:00,0.74228,0.7453,0.73728,0.73731,10326.0
2018-08-09 21:00:00+00:00,0.73746,0.73807,0.72809,0.72998,23325.0
2018-08-12 21:00:00+00:00,0.72767,0.72998,0.72568,0.72728,18387.0
2018-08-13 21:00:00+00:00,0.72728,0.72836,0.72241,0.72392,12622.0
2018-08-14 21:00:00+00:00,0.7242,0.72476,0.72022,0.72392,14181.0
2018-08-15 21:00:00+00:00,0.72371,0.72868,0.72154,0.72595,16529.0
2018-08-16 21:00:00+00:00,0.72588,0.73196,0.72528,0.73145,13394.0
2018-08-19 21:00:00+00:00,0.73166,0.7344,0.72959,0.73388,9114.0
2018-08-20 21:00:00+00:00,0.73412,0.73819,0.73334,0.73652,12426.0
2018-08-21 21:00:00+00:00,0.73634,0.73706,0.73336,0.7352,13140.0
2018-08-22 21:00:00+00:00,0.73485,0.73587,0.72402,0.72486,12030.0
2018-08-23 21:00:00+00:00,0.72494,0.73446,0.7238,0.73275,15245.0
2018-08-26 21:00:00+00:00,0.7328,0.73565,0.73074,0.73482,10470.0
2018-08-27 21:00:00+00:00,0.73518,0.73626,0.73215,0.73384,10826.0
2018-08-28 21:00:00+00:00,0.73368,0.73488,0.72748,0.73106,13535.0
2018-08-29 21:00:00+00:00,0.73106,0.73153,0.72497,0.7265,13998.0
2018-08-30 21:00:00+00:00,0.72634,0.7268,0.71762,0.71907,16597.0
2018-09-02 21:00:00+00:00,0.7194,0.72233,0.71662,0.72144,11610.0
2018-09-03 21:00:00+00:00,0.72144,0.72358,0.71576,0.71788,13674.0
2018-09-04 21:00:00+00:00,0.71772,0.7219,0.7144,0.7195,14977.0
2018-09-05 21:00:00+00:00,0.71926,0.7211,0.7166,0.7198,14255.0
2018-09-06 21:00:00+00:00,0.72018,0.7205,0.7099,0.71056,18900.0
2018-09-09 21:00:00+00:00,0.71018,0.71318,0.70988,0.71131,8683.0
2018-09-10 21:00:00+00:00,0.7117,0.71288,0.70854,0.71184,11660.0
2018-09-11 21:00:00+00:00,0.71226,0.71826,0.70935,0.71702,12499.0
2018-09-12 21:00:00+00:00,0.71676,0.72294,0.71638,0.71912,14423.0
2018-09-13 21:00:00+00:00,0.71931,0.72163,0.71506,0.71536,11487.0
2018-09-16 21:00:00+00:00,0.71549,0.71966,0.71422,0.71782,7513.0
2018-09-17 21:00:00+00:00,0.7179,0.72237,0.7144,0.7219,17219.0
2018-09-18 21:00:00+00:00,0.72111,0.72754,0.72111,0.72633,13550.0
2018-09-19 21:00:00+00:00,0.72609,0.7293,0.72538,0.72918,11628.0
2018-09-20 21:00:00+00:00,0.72918,0.7304,0.72628,0.72894,10627.0
2018-09-23 21:00:00+00:00,0.7264,0.72815,0.72505,0.72505,8826.0
2018-09-24 21:00:00+00:00,0.72528,0.72629,0.7236,0.72496,8207.0
2018-09-25 21:00:00+00:00,0.72513,0.7316,0.72406,0.72584,16679.0
2018-09-26 21:00:00+00:00,0.72618,0.72685,0.72054,0.72072,11512.0
2018-09-27 21:00:00+00:00,0.7206,0.72414,0.7202,0.72195,9074.0
2018-09-30 21:00:00+00:00,0.72272,0.72324,0.72071,0.72234,8157.0
2018-10-01 21:00:00+00:00,0.72234,0.72384,0.71625,0.71878,11488.0
2018-10-02 21:00:00+00:00,0.71878,0.71967,0.71018,0.71036,12692.0
2018-10-03 21:00:00+00:00,0.71015,0.71121,0.70656,0.7077,11723.0
2018-10-04 21:00:00+00:00,0.70748,0.70871,0.70424,0.70526,14708.0
2018-10-07 21:00:00+00:00,0.70562,0.70818,0.70411,0.70776,9851.0
2018-10-08 21:00:00+00:00,0.70776,0.7106,0.70541,0.71028,10130.0
2018-10-09 21:00:00+00:00,0.71008,0.71306,0.70428,0.70563,12730.0
2018-10-10 21:00:00+00:00,0.70503,0.7129,0.70445,0.71232,24045.0
2018-10-11 21:00:00+00:00,0.71221,0.71398,0.7102,0.71154,12915.0
2018-10-14 21:00:00+00:00,0.7113,0.71488,0.70991,0.7131,9620.0
2018-10-15 21:00:00+00:00,0.71297,0.71512,0.71116,0.71409,10395.0
2018-10-16 21:00:00+00:00,0.71409,0.71596,0.71064,0.71089,10036.0
2018-10-17 21:00:00+00:00,0.71089,0.7151,0.70973,0.70996,12331.0
2018-10-18 21:00:00+00:00,0.70967,0.71503,0.70894,0.71184,11873.0
2018-10-21 21:00:00+00:00,0.71162,0.71284,0.70762,0.70814,9508.0
2018-10-22 21:00:00+00:00,0.70814,0.7091,0.70554,0.70866,11979.0
2018-10-23 21:00:00+00:00,0.70866,0.71064,0.70596,0.70637,12095.0
2018-10-24 21:00:00+00:00,0.70601,0.70998,0.70554,0.70802,11904.0
2018-10-25 21:00:00+00:00,0.70802,0.71042,0.7021,0.70896,15303.0
2018-10-28 21:00:00+00:00,0.70971,0.71087,0.70506,0.70571,11223.0
2018-10-29 21:00:00+00:00,0.70555,0.71222,0.70528,0.71062,11077.0
2018-10-30 21:00:00+00:00,0.7105,0.7107,0.7068,0.70729,11883.0
2018-10-31 21:00:00+00:00,0.70738,0.72128,0.70722,0.72058,12999.0
2018-11-01 21:00:00+00:00,0.72068,0.72586,0.71826,0.71937,17655.0
2018-11-04 22:00:00+00:00,0.71934,0.72176,0.7183,0.721,8699.0
2018-11-05 22:00:00+00:00,0.72096,0.7247,0.72053,0.72466,9563.0
2018-11-06 22:00:00+00:00,0.72438,0.73,0.72128,0.72756,19615.0
2018-11-07 22:00:00+00:00,0.72773,0.73024,0.72472,0.72566,11756.0
2018-11-08 22:00:00+00:00,0.72554,0.72702,0.7219,0.72256,11538.0
2018-11-11 22:00:00+00:00,0.72196,0.72374,0.71724,0.71742,10169.0
2018-11-12 22:00:00+00:00,0.71729,0.72243,0.71642,0.72185,13450.0
2018-11-13 22:00:00+00:00,0.72185,0.72538,0.71881,0.72325,17429.0
2018-11-14 22:00:00+00:00,0.72342,0.72984,0.72292,0.7276,18822.0
2018-11-15 22:00:00+00:00,0.7276,0.73378,0.72502,0.73342,12944.0
2018-11-18 22:00:00+00:00,0.73088,0.73256,0.72776,0.72942,9062.0
2018-11-19 22:00:00+00:00,0.72933,0.73004,0.72112,0.7213,14693.0
2018-11-20 22:00:00+00:00,0.72114,0.72774,0.72028,0.7263,12433.0
2018-11-21 22:00:00+00:00,0.72616,0.72681,0.72342,0.72533,12393.0
2018-11-22 22:00:00+00:00,0.72533,0.72584,0.72186,0.72328,11502.0
2018-11-25 22:00:00+00:00,0.72292,0.7276,0.72132,0.7221,8619.0
2018-11-26 22:00:00+00:00,0.7219,0.72695,0.71994,0.72254,11673.0
2018-11-27 22:00:00+00:00,0.72239,0.73278,0.72212,0.73062,14216.0
2018-11-28 22:00:00+00:00,0.7308,0.73445,0.72953,0.73186,14397.0
2018-11-29 22:00:00+00:00,0.73186,0.73258,0.72846,0.73102,9945.0
2018-12-02 22:00:00+00:00,0.73785,0.73933,0.73466,0.73582,11500.0
2018-12-03 22:00:00+00:00,0.7363,0.73934,0.73262,0.73378,12813.0
2018-12-04 22:00:00+00:00,0.73378,0.73556,0.726,0.72692,11042.0
2018-12-05 22:00:00+00:00,0.72677,0.72739,0.7192,0.72348,18609.0
2018-12-06 22:00:00+00:00,0.72366,0.7242,0.71984,0.72048,16678.0
2018-12-09 22:00:00+00:00,0.71865,0.72266,0.7178,0.71891,13031.0
2018-12-10 22:00:00+00:00,0.71923,0.72252,0.71842,0.72038,13061.0
2018-12-11 22:00:00+00:00,0.72046,0.72379,0.71978,0.72188,13093.0
2018-12-12 22:00:00+00:00,0.72211,0.72466,0.72108,0.72263,10830.0
2018-12-13 22:00:00+00:00,0.72268,0.72295,0.71516,0.71762,11060.0
2018-12-16 22:00:00+00:00,0.71746,0.71874,0.71688,0.7178,5935.0
2018-12-17 22:00:00+00:00,0.7179,0.72036,0.71652,0.71818,8428.0
2018-12-18 22:00:00+00:00,0.71771,0.72007,0.70878,0.71084,13434.0
2018-12-19 22:00:00+00:00,0.71073,0.7149,0.70862,0.71075,12524.0
2018-12-20 22:00:00+00:00,0.71075,0.71234,0.7031,0.70346,10603.0
2018-12-23 22:00:00+00:00,0.704,0.7069,0.70342,0.70476,12898.0
2018-12-25 22:00:00+00:00,0.70476,0.70714,0.7033,0.70673,4264.0
2018-12-26 22:00:00+00:00,0.7062,0.70778,0.7017,0.70319,9541.0
2018-12-27 22:00:00+00:00,0.70296,0.70693,0.70282,0.704,7186.0
2018-12-30 22:00:00+00:00,0.7041,0.70714,0.7033,0.70506,5616.0
2019-01-01 22:00:00+00:00,0.70506,0.70532,0.69818,0.6985,10017.0
2019-01-02 22:00:00+00:00,0.69856,0.70196,0.67268,0.7005,17976.0
2019-01-03 22:00:00+00:00,0.70039,0.71243,0.69938,0.71168,11779.0
2019-01-06 22:00:00+00:00,0.71152,0.71498,0.71096,0.7148,7398.0
2019-01-07 22:00:00+00:00,0.71473,0.71494,0.71164,0.714,8221.0
2019-01-08 22:00:00+00:00,0.714,0.71938,0.71346,0.71708,10882.0
2019-01-09 22:00:00+00:00,0.71699,0.71976,0.71462,0.71861,8345.0
2019-01-10 22:00:00+00:00,0.71886,0.72352,0.71826,0.72154,8627.0
2019-01-13 22:00:00+00:00,0.72132,0.72179,0.71756,0.7197,6440.0
2019-01-14 22:00:00+00:00,0.7197,0.72256,0.71802,0.72016,8767.0
2019-01-15 22:00:00+00:00,0.72035,0.72123,0.7162,0.71682,6500.0
2019-01-16 22:00:00+00:00,0.71694,0.72214,0.71468,0.71928,8459.0
2019-01-17 22:00:00+00:00,0.71928,0.72148,0.71606,0.71638,7689.0
2019-01-20 22:00:00+00:00,0.71665,0.71826,0.714,0.71591,5899.0
2019-01-21 22:00:00+00:00,0.71582,0.71607,0.71162,0.71218,5884.0
2019-01-22 22:00:00+00:00,0.71236,0.71443,0.71176,0.71414,5731.0
2019-01-23 22:00:00+00:00,0.7143,0.71666,0.70812,0.70934,8727.0
2019-01-24 22:00:00+00:00,0.70934,0.71854,0.7076,0.71816,7913.0
2019-01-27 22:00:00+00:00,0.71768,0.72038,0.71608,0.71653,5175.0
2019-01-28 22:00:00+00:00,0.71674,0.71765,0.71384,0.71557,6727.0
2019-01-29 22:00:00+00:00,0.7157,0.7273,0.71502,0.72476,11456.0
2019-01-30 22:00:00+00:00,0.72476,0.7295,0.72426,0.72744,8761.0
2019-01-31 22:00:00+00:00,0.72754,0.72841,0.72368,0.72488,8666.0
2019-02-03 22:00:00+00:00,0.72477,0.72544,0.72114,0.72262,5938.0
2019-02-04 22:00:00+00:00,0.72262,0.72646,0.71938,0.72342,6730.0
2019-02-05 22:00:00+00:00,0.72349,0.72456,0.71038,0.71056,8991.0
2019-02-06 22:00:00+00:00,0.71062,0.71176,0.70894,0.71028,6696.0
2019-02-07 22:00:00+00:00,0.71013,0.71052,0.70606,0.7088,7726.0
2019-02-10 22:00:00+00:00,0.70886,0.7108,0.70572,0.70616,6165.0
2019-02-11 22:00:00+00:00,0.70642,0.71026,0.70542,0.70954,6349.0
2019-02-12 22:00:00+00:00,0.70942,0.71362,0.70864,0.70894,7376.0
2019-02-13 22:00:00+00:00,0.70894,0.71314,0.70718,0.71044,9023.0
2019-02-14 22:00:00+00:00,0.71051,0.71484,0.70795,0.71394,6729.0
2019-02-17 22:00:00+00:00,0.71354,0.71606,0.71248,0.713,4188.0
2019-02-18 22:00:00+00:00,0.71309,0.71738,0.71036,0.71654,6784.0
2019-02-19 22:00:00+00:00,0.71654,0.7183,0.71414,0.7164,8179.0
2019-02-20 22:00:00+00:00,0.71631,0.72067,0.70702,0.709,14783.0
2019-02-21 22:00:00+00:00,0.7091,0.71504,0.70826,0.71288,10063.0
2019-02-24 22:00:00+00:00,0.7138,0.71844,0.71314,0.7168,7619.0
2019-02-25 22:00:00+00:00,0.7168,0.71947,0.71422,0.71874,7242.0
2019-02-26 22:00:00+00:00,0.71868,0.7199,0.71274,0.71404,7629.0
2019-02-27 22:00:00+00:00,0.71364,0.71664,0.70902,0.7094,9175.0
2019-02-28 22:00:00+00:00,0.70953,0.71217,0.70696,0.70802,6911.0
2019-03-03 22:00:00+00:00,0.71112,0.71112,0.70754,0.70926,6597.0
2019-03-04 22:00:00+00:00,0.70904,0.70964,0.7059,0.70847,7305.0
2019-03-05 22:00:00+00:00,0.70847,0.70922,0.70216,0.70322,7314.0
2019-03-06 22:00:00+00:00,0.70318,0.70514,0.70052,0.70158,5879.0
2019-03-07 22:00:00+00:00,0.70158,0.70524,0.70034,0.70452,7083.0
2019-03-10 21:00:00+00:00,0.70316,0.70766,0.70267,0.70704,4921.0
2019-03-11 21:00:00+00:00,0.70698,0.7092,0.70576,0.70816,5618.0
2019-03-12 21:00:00+00:00,0.70816,0.70979,0.70494,0.70946,5796.0
2019-03-13 21:00:00+00:00,0.7094,0.70977,0.70416,0.70644,6021.0
2019-03-14 21:00:00+00:00,0.70644,0.70973,0.7062,0.70848,5046.0
2019-03-17 21:00:00+00:00,0.70874,0.71196,0.70784,0.7104,4281.0
2019-03-18 21:00:00+00:00,0.71032,0.71106,0.70853,0.70882,5146.0
2019-03-19 21:00:00+00:00,0.70873,0.71496,0.70568,0.71158,7382.0
2019-03-20 21:00:00+00:00,0.71158,0.71682,0.70898,0.71126,9224.0
2019-03-21 21:00:00+00:00,0.71116,0.71188,0.70758,0.70807,8959.0
2019-03-24 21:00:00+00:00,0.70797,0.71168,0.70658,0.7112,6586.0
2019-03-25 21:00:00+00:00,0.71124,0.71476,0.7108,0.71349,5937.0
2019-03-26 21:00:00+00:00,0.71349,0.7142,0.70688,0.70847,8479.0
2019-03-27 21:00:00+00:00,0.70842,0.7106,0.70638,0.70762,7817.0
2019-03-28 21:00:00+00:00,0.70751,0.71046,0.70732,0.70964,6979.0
2019-03-31 21:00:00+00:00,0.71216,0.71318,0.7104,0.71126,6197.0
2019-04-01 21:00:00+00:00,0.71096,0.71298,0.7053,0.70712,7320.0
2019-04-02 21:00:00+00:00,0.70708,0.71296,0.70546,0.71122,6806.0
2019-04-03 21:00:00+00:00,0.71126,0.7127,0.70978,0.71129,5259.0
2019-04-04 21:00:00+00:00,0.71136,0.71316,0.70924,0.71054,5611.0
2019-04-07 21:00:00+00:00,0.7105,0.71307,0.70877,0.71266,4226.0
2019-04-08 21:00:00+00:00,0.71261,0.71522,0.71194,0.71246,4513.0
2019-04-09 21:00:00+00:00,0.7124,0.71748,0.71094,0.71712,6662.0
2019-04-10 21:00:00+00:00,0.71684,0.71716,0.71168,0.71238,5041.0
2019-04-11 21:00:00+00:00,0.71238,0.71923,0.71161,0.71728,5866.0
2019-04-14 21:00:00+00:00,0.71788,0.71822,0.7164,0.7173,4697.0
2019-04-15 21:00:00+00:00,0.7173,0.71792,0.71398,0.71754,5830.0
2019-04-16 21:00:00+00:00,0.71738,0.72056,0.71531,0.71789,6774.0
2019-04-17 21:00:00+00:00,0.71758,0.71993,0.71369,0.71496,6557.0
2019-04-18 21:00:00+00:00,0.71496,0.71593,0.71437,0.71518,1451.0
2019-04-21 21:00:00+00:00,0.7153,0.71542,0.71284,0.71348,2481.0
2019-04-22 21:00:00+00:00,0.71337,0.71396,0.70811,0.7102,4229.0
2019-04-23 21:00:00+00:00,0.7102,0.7103,0.70044,0.70147,7965.0
2019-04-24 21:00:00+00:00,0.70129,0.70226,0.69884,0.70158,5519.0
2019-04-25 21:00:00+00:00,0.70149,0.70613,0.70074,0.70434,6867.0
2019-04-28 21:00:00+00:00,0.7038,0.70609,0.70377,0.70564,3538.0
2019-04-29 21:00:00+00:00,0.70554,0.70692,0.70308,0.70498,6122.0
2019-04-30 21:00:00+00:00,0.70476,0.7061,0.70074,0.7014,7062.0
2019-05-01 21:00:00+00:00,0.70147,0.70292,0.69952,0.69994,5240.0
2019-05-02 21:00:00+00:00,0.70004,0.70246,0.6985,0.7023,5487.0
2019-05-05 21:00:00+00:00,0.6969,0.70026,0.69629,0.69914,8213.0
2019-05-06 21:00:00+00:00,0.69914,0.70483,0.69806,0.70119,9102.0
2019-05-07 21:00:00+00:00,0.70119,0.7027,0.69862,0.69888,9259.0
2019-05-08 21:00:00+00:00,0.69924,0.69979,0.69647,0.69888,8481.0
2019-05-09 21:00:00+00:00,0.69894,0.70186,0.69786,0.7,12386.0
2019-05-12 21:00:00+00:00,0.69928,0.70047,0.6941,0.69437,7236.0
2019-05-13 21:00:00+00:00,0.69442,0.69596,0.69351,0.69442,5549.0
2019-05-14 21:00:00+00:00,0.69431,0.69476,0.69148,0.69282,6335.0
2019-05-15 21:00:00+00:00,0.69276,0.69331,0.68867,0.6892,6247.0
2019-05-16 21:00:00+00:00,0.68906,0.68972,0.6865,0.68678,5476.0
2019-05-19 21:00:00+00:00,0.69122,0.69342,0.68902,0.69078,5118.0
2019-05-20 21:00:00+00:00,0.69068,0.69292,0.68665,0.68836,6999.0
2019-05-21 21:00:00+00:00,0.68836,0.68968,0.68716,0.6881,4325.0
2019-05-22 21:00:00+00:00,0.68816,0.69006,0.6865,0.69003,5551.0
2019-05-23 21:00:00+00:00,0.68992,0.69347,0.68814,0.69274,5010.0
2019-05-26 21:00:00+00:00,0.6931,0.69386,0.69132,0.69174,2998.0
2019-05-27 21:00:00+00:00,0.6918,0.69357,0.69166,0.69238,4508.0
2019-05-28 21:00:00+00:00,0.69252,0.69316,0.69043,0.69173,5063.0
2019-05-29 21:00:00+00:00,0.69179,0.69368,0.68989,0.69122,4249.0
2019-05-30 21:00:00+00:00,0.69144,0.69443,0.69012,0.69368,7922.0
2019-06-02 21:00:00+00:00,0.693,0.69826,0.69274,0.69774,8053.0
2019-06-03 21:00:00+00:00,0.69768,0.7004,0.6957,0.69912,9088.0
2019-06-04 21:00:00+00:00,0.69916,0.70074,0.69629,0.69691,7903.0
2019-06-05 21:00:00+00:00,0.697,0.69944,0.69637,0.69773,7710.0
2019-06-06 21:00:00+00:00,0.69773,0.70219,0.69643,0.70006,6775.0
2019-06-09 21:00:00+00:00,0.70092,0.70092,0.69572,0.69606,5363.0
2019-06-10 21:00:00+00:00,0.69606,0.69664,0.69473,0.69612,5757.0
2019-06-11 21:00:00+00:00,0.69616,0.69634,0.69254,0.6929,6186.0
2019-06-12 21:00:00+00:00,0.6929,0.69386,0.69015,0.69154,5825.0
2019-06-13 21:00:00+00:00,0.69154,0.69182,0.68616,0.68714,5422.0
2019-06-16 21:00:00+00:00,0.6875,0.68846,0.6849,0.6853,3211.0
2019-06-17 21:00:00+00:00,0.6853,0.68819,0.68318,0.68768,5479.0
2019-06-18 21:00:00+00:00,0.68768,0.69092,0.68552,0.68834,7094.0
2019-06-19 21:00:00+00:00,0.68814,0.69358,0.68797,0.69236,7762.0
2019-06-20 21:00:00+00:00,0.69224,0.69379,0.69036,0.69266,5813.0
2019-06-23 21:00:00+00:00,0.69322,0.69684,0.69291,0.69636,5279.0
2019-06-24 21:00:00+00:00,0.69626,0.69782,0.6942,0.6961,8579.0
2019-06-25 21:00:00+00:00,0.69566,0.69948,0.6951,0.69852,6630.0
2019-06-26 21:00:00+00:00,0.69852,0.7009,0.6984,0.70087,3873.0
2019-06-27 21:00:00+00:00,0.70087,0.70228,0.69983,0.70214,3948.0
2019-06-30 21:00:00+00:00,0.70314,0.70348,0.69562,0.69652,5047.0
2019-07-01 21:00:00+00:00,0.69658,0.70002,0.69582,0.6994,4878.0
2019-07-02 21:00:00+00:00,0.69946,0.70392,0.69856,0.70298,4031.0
2019-07-03 21:00:00+00:00,0.7029,0.70478,0.70156,0.7023,2289.0
2019-07-04 21:00:00+00:00,0.70218,0.70288,0.69578,0.69802,4233.0
2019-07-07 21:00:00+00:00,0.69784,0.69941,0.69673,0.69728,2732.0
2019-07-08 21:00:00+00:00,0.69722,0.69751,0.69204,0.69284,3428.0
2019-07-09 21:00:00+00:00,0.69284,0.6969,0.69107,0.696,5823.0
2019-07-10 21:00:00+00:00,0.69578,0.69881,0.69542,0.69752,5098.0
2019-07-11 21:00:00+00:00,0.69752,0.70247,0.69713,0.70206,4521.0
2019-07-14 21:00:00+00:00,0.70158,0.70399,0.70124,0.70396,3387.0
2019-07-15 21:00:00+00:00,0.70384,0.70446,0.70107,0.7012,4225.0
2019-07-16 21:00:00+00:00,0.70126,0.70248,0.69964,0.70096,3295.0
2019-07-17 21:00:00+00:00,0.70096,0.70764,0.70064,0.70754,5421.0
2019-07-18 21:00:00+00:00,0.70758,0.70822,0.70376,0.7043,5659.0
2019-07-21 21:00:00+00:00,0.70424,0.70574,0.70312,0.70356,3261.0
2019-07-22 21:00:00+00:00,0.70352,0.70358,0.69965,0.70054,3599.0
2019-07-23 21:00:00+00:00,0.70049,0.7008,0.69728,0.69776,3463.0
2019-07-24 21:00:00+00:00,0.69771,0.69841,0.69427,0.69514,5180.0
2019-07-25 21:00:00+00:00,0.69524,0.69552,0.6903,0.69109,2930.0
2019-07-28 21:00:00+00:00,0.69058,0.69163,0.6895,0.69015,2131.0
2019-07-29 21:00:00+00:00,0.69019,0.69084,0.68687,0.68726,2768.0
2019-07-30 21:00:00+00:00,0.68736,0.68994,0.68322,0.68452,9938.0
2019-07-31 21:00:00+00:00,0.68446,0.6868,0.67956,0.68018,9722.0
2019-08-01 21:00:00+00:00,0.68001,0.68188,0.67633,0.67996,8796.0
2019-08-04 21:00:00+00:00,0.67955,0.6804,0.67482,0.67564,8630.0
2019-08-05 21:00:00+00:00,0.67569,0.68006,0.67503,0.676,8427.0
2019-08-06 21:00:00+00:00,0.67586,0.67827,0.66774,0.67584,11165.0
2019-08-07 21:00:00+00:00,0.67568,0.68222,0.67464,0.68016,7192.0
2019-08-08 21:00:00+00:00,0.68022,0.68182,0.67788,0.67862,7724.0
2019-08-11 21:00:00+00:00,0.67842,0.67958,0.67453,0.67502,4834.0
2019-08-12 21:00:00+00:00,0.67519,0.68184,0.67474,0.67973,9037.0
2019-08-13 21:00:00+00:00,0.67988,0.68087,0.67356,0.67476,7838.0
2019-08-14 21:00:00+00:00,0.67472,0.67904,0.67466,0.6776,8259.0
2019-08-15 21:00:00+00:00,0.67766,0.67952,0.67708,0.67789,4718.0
2019-08-18 21:00:00+00:00,0.6782,0.6789,0.6762,0.67648,3746.0
2019-08-19 21:00:00+00:00,0.67642,0.67952,0.67548,0.67774,3626.0
2019-08-20 21:00:00+00:00,0.67779,0.67991,0.67731,0.67808,3396.0
2019-08-21 21:00:00+00:00,0.67812,0.67872,0.67511,0.67561,4295.0
2019-08-22 21:00:00+00:00,0.67568,0.67778,0.67358,0.67532,7780.0
2019-08-25 21:00:00+00:00,0.67398,0.67882,0.66897,0.67755,12350.0
2019-08-26 21:00:00+00:00,0.67749,0.678,0.67467,0.6752,5019.0
2019-08-27 21:00:00+00:00,0.67514,0.67623,0.67326,0.6733,4741.0
2019-08-28 21:00:00+00:00,0.67333,0.67532,0.67172,0.67282,4953.0
2019-08-29 21:00:00+00:00,0.67288,0.67402,0.67063,0.67358,4974.0
2019-09-01 21:00:00+00:00,0.67286,0.67348,0.67102,0.67162,3195.0
2019-09-02 21:00:00+00:00,0.67167,0.67636,0.66876,0.67614,6029.0
2019-09-03 21:00:00+00:00,0.67602,0.68008,0.6755,0.67975,4588.0
2019-09-04 21:00:00+00:00,0.6797,0.68298,0.67946,0.68147,5509.0
2019-09-05 21:00:00+00:00,0.68154,0.68618,0.68073,0.6848,4847.0
2019-09-08 21:00:00+00:00,0.68432,0.68758,0.68376,0.68629,3592.0
2019-09-09 21:00:00+00:00,0.68618,0.68702,0.68489,0.68608,3706.0
2019-09-10 21:00:00+00:00,0.68614,0.68849,0.68487,0.68626,3503.0
2019-09-11 21:00:00+00:00,0.68616,0.68948,0.68604,0.68655,6234.0
2019-09-12 21:00:00+00:00,0.68662,0.68904,0.68592,0.68802,3339.0
2019-09-15 21:00:00+00:00,0.68625,0.68836,0.68542,0.68654,4362.0
2019-09-16 21:00:00+00:00,0.68659,0.68701,0.68308,0.6866,4632.0
2019-09-17 21:00:00+00:00,0.68664,0.68692,0.68127,0.68284,5756.0
2019-09-18 21:00:00+00:00,0.68288,0.68311,0.67805,0.67926,4800.0
2019-09-19 21:00:00+00:00,0.67919,0.68086,0.67602,0.67654,4184.0
2019-09-22 21:00:00+00:00,0.67704,0.67816,0.6765,0.67736,3295.0
2019-09-23 21:00:00+00:00,0.6773,0.68062,0.67653,0.68008,4984.0
2019-09-24 21:00:00+00:00,0.68016,0.6804,0.67393,0.67504,4792.0
2019-09-25 21:00:00+00:00,0.67498,0.6781,0.67461,0.67484,4548.0
2019-09-26 21:00:00+00:00,0.6749,0.67792,0.67436,0.67654,5050.0
2019-09-29 21:00:00+00:00,0.67628,0.67707,0.67412,0.67499,4653.0
2019-09-30 21:00:00+00:00,0.67494,0.67762,0.66722,0.67038,8009.0
2019-10-01 21:00:00+00:00,0.67042,0.67186,0.66708,0.67073,5153.0
2019-10-02 21:00:00+00:00,0.67066,0.6753,0.67026,0.67418,5723.0
2019-10-03 21:00:00+00:00,0.67423,0.67738,0.6739,0.67696,5671.0
2019-10-06 21:00:00+00:00,0.67562,0.67654,0.673,0.6733,4365.0
2019-10-07 21:00:00+00:00,0.67336,0.67573,0.67233,0.67284,5432.0
2019-10-08 21:00:00+00:00,0.67286,0.67498,0.67226,0.67242,3827.0
2019-10-09 21:00:00+00:00,0.6725,0.67746,0.67104,0.67613,7771.0
2019-10-10 21:00:00+00:00,0.6761,0.68104,0.67536,0.67926,7208.0
2019-10-13 21:00:00+00:00,0.67894,0.68014,0.67514,0.67762,5010.0
2019-10-14 21:00:00+00:00,0.67756,0.67887,0.67427,0.67546,5579.0
2019-10-15 21:00:00+00:00,0.67538,0.67656,0.67236,0.67588,5855.0
2019-10-16 21:00:00+00:00,0.67576,0.68332,0.67512,0.68244,6376.0
2019-10-17 21:00:00+00:00,0.68255,0.68568,0.68216,0.68566,4200.0
2019-10-20 21:00:00+00:00,0.68566,0.68804,0.68555,0.6868,2983.0
2019-10-21 21:00:00+00:00,0.68684,0.68828,0.68508,0.68564,4525.0
2019-10-22 21:00:00+00:00,0.68572,0.68624,0.68342,0.68538,3805.0
2019-10-23 21:00:00+00:00,0.6853,0.68577,0.6811,0.68184,4608.0
2019-10-24 21:00:00+00:00,0.68189,0.68362,0.68093,0.68224,3148.0
2019-10-27 21:00:00+00:00,0.68214,0.68452,0.6811,0.68384,2932.0
2019-10-28 21:00:00+00:00,0.6838,0.68718,0.68358,0.68647,3646.0
2019-10-29 21:00:00+00:00,0.68643,0.69046,0.68487,0.6903,6883.0
2019-10-30 21:00:00+00:00,0.6902,0.69296,0.68834,0.68942,6749.0
2019-10-31 21:00:00+00:00,0.68938,0.69214,0.68828,0.69138,5439.0
2019-11-03 22:00:00+00:00,0.69136,0.6925,0.68774,0.68844,3952.0
2019-11-04 22:00:00+00:00,0.68836,0.6928,0.68769,0.6893,7268.0
2019-11-05 22:00:00+00:00,0.68934,0.69075,0.68692,0.6884,4649.0
2019-11-06 22:00:00+00:00,0.68836,0.69132,0.6862,0.68982,6644.0
2019-11-07 22:00:00+00:00,0.6897,0.69063,0.68477,0.68594,4802.0
2019-11-10 22:00:00+00:00,0.68576,0.68654,0.68472,0.68508,3112.0
2019-11-11 22:00:00+00:00,0.68504,0.68572,0.68318,0.68413,4911.0
2019-11-12 22:00:00+00:00,0.68406,0.68572,0.68213,0.6838,5612.0
2019-11-13 22:00:00+00:00,0.68386,0.68411,0.67697,0.67864,5394.0
2019-11-14 22:00:00+00:00,0.67861,0.6822,0.67806,0.68206,3555.0
2019-11-17 22:00:00+00:00,0.68148,0.68223,0.67988,0.681,3259.0
2019-11-18 22:00:00+00:00,0.67972,0.68348,0.6774,0.68278,4089.0
2019-11-19 22:00:00+00:00,0.68284,0.6831,0.67902,0.68022,4213.0
2019-11-20 22:00:00+00:00,0.68014,0.6814,0.67834,0.67874,5018.0
2019-11-21 22:00:00+00:00,0.6787,0.68032,0.67808,0.67854,3406.0
2019-11-24 22:00:00+00:00,0.67906,0.67993,0.67683,0.67778,2920.0
2019-11-25 22:00:00+00:00,0.67788,0.67956,0.67686,0.67871,4444.0
2019-11-26 22:00:00+00:00,0.67881,0.67912,0.67722,0.67753,3291.0
2019-11-27 22:00:00+00:00,0.67762,0.67779,0.67592,0.67702,2614.0
2019-11-28 22:00:00+00:00,0.67713,0.67794,0.67544,0.67618,2678.0
2019-12-01 22:00:00+00:00,0.67691,0.68258,0.67617,0.68189,3238.0
2019-12-02 22:00:00+00:00,0.68186,0.6862,0.68152,0.68478,4240.0
2019-12-03 22:00:00+00:00,0.6847,0.68552,0.68134,0.68484,4882.0
2019-12-04 22:00:00+00:00,0.6848,0.68547,0.68209,0.68322,3490.0
2019-12-05 22:00:00+00:00,0.6833,0.68573,0.68238,0.68412,3520.0
2019-12-08 22:00:00+00:00,0.68412,0.68412,0.68206,0.6823,2422.0
2019-12-09 22:00:00+00:00,0.68237,0.68371,0.68005,0.68098,3194.0
2019-12-10 22:00:00+00:00,0.68089,0.68894,0.68047,0.68774,3941.0
2019-12-11 22:00:00+00:00,0.68761,0.69133,0.68678,0.69092,5447.0
2019-12-12 22:00:00+00:00,0.69164,0.69389,0.6864,0.68748,9449.0
2019-12-15 22:00:00+00:00,0.68852,0.68978,0.68684,0.6885,3548.0
2019-12-16 22:00:00+00:00,0.68844,0.68857,0.68385,0.68516,4500.0
2019-12-17 22:00:00+00:00,0.68512,0.68644,0.68388,0.68534,3187.0
2019-12-18 22:00:00+00:00,0.68538,0.68884,0.68487,0.68854,4260.0
2019-12-19 22:00:00+00:00,0.6886,0.69067,0.6883,0.69008,3205.0
2019-12-22 22:00:00+00:00,0.68944,0.69286,0.6892,0.69225,3056.0
2019-12-23 22:00:00+00:00,0.69229,0.69302,0.69127,0.69226,2922.0
2019-12-25 22:00:00+00:00,0.69226,0.69496,0.69186,0.69458,863.0
2019-12-26 22:00:00+00:00,0.6945,0.6987,0.69415,0.6983,3415.0
2019-12-29 22:00:00+00:00,0.69752,0.70046,0.69752,0.69943,3670.0
2019-12-30 22:00:00+00:00,0.69948,0.7032,0.69939,0.70165,3634.0
2020-01-02 22:00:00+00:00,0.69928,0.6994,0.69304,0.6948,5767.0
2020-01-05 22:00:00+00:00,0.69418,0.69577,0.69256,0.69401,4939.0
2020-01-06 22:00:00+00:00,0.69395,0.69426,0.68592,0.68695,5805.0
2020-01-07 22:00:00+00:00,0.6867,0.68856,0.6849,0.68656,9618.0
2020-01-08 22:00:00+00:00,0.68662,0.68806,0.68505,0.68586,4151.0
2020-01-09 22:00:00+00:00,0.68583,0.69112,0.68509,0.69002,5188.0
2020-01-12 22:00:00+00:00,0.69002,0.692,0.68937,0.69032,4088.0
2020-01-13 22:00:00+00:00,0.69004,0.69098,0.68854,0.69022,4927.0
2020-01-14 22:00:00+00:00,0.69032,0.69165,0.68775,0.69057,4176.0
2020-01-15 22:00:00+00:00,0.6905,0.69336,0.68881,0.68976,4074.0
2020-01-16 22:00:00+00:00,0.68981,0.69111,0.6871,0.68734,3841.0
2020-01-19 22:00:00+00:00,0.68737,0.68884,0.68556,0.68728,2780.0
2020-01-20 22:00:00+00:00,0.68722,0.68806,0.68426,0.68449,4757.0
2020-01-21 22:00:00+00:00,0.68452,0.68562,0.6827,0.68438,4195.0
2020-01-22 22:00:00+00:00,0.6846,0.68788,0.68298,0.68478,6434.0
2020-01-23 22:00:00+00:00,0.68472,0.68572,0.68176,0.68254,4801.0
2020-01-26 22:00:00+00:00,0.68136,0.68194,0.67523,0.67606,5775.0
2020-01-27 22:00:00+00:00,0.67609,0.67652,0.67372,0.67624,4810.0
2020-01-28 22:00:00+00:00,0.67644,0.67772,0.67356,0.67536,5339.0
2020-01-29 22:00:00+00:00,0.67524,0.67549,0.67004,0.67212,6890.0
2020-01-30 22:00:00+00:00,0.67222,0.67298,0.6683,0.6687,6642.0
2020-02-02 22:00:00+00:00,0.66846,0.6707,0.6684,0.66924,6790.0
2020-02-03 22:00:00+00:00,0.66917,0.67418,0.66788,0.67382,6986.0
2020-02-04 22:00:00+00:00,0.6739,0.67742,0.67238,0.67467,6896.0
2020-02-05 22:00:00+00:00,0.67464,0.6765,0.67271,0.67307,5524.0
2020-02-06 22:00:00+00:00,0.67296,0.67368,0.66624,0.66735,6071.0
2020-02-09 22:00:00+00:00,0.66674,0.67074,0.66666,0.66866,6286.0
2020-02-10 22:00:00+00:00,0.66848,0.67365,0.6681,0.67131,5014.0
2020-02-11 22:00:00+00:00,0.67142,0.67499,0.67122,0.67372,5109.0
2020-02-12 22:00:00+00:00,0.67366,0.6745,0.6707,0.67193,6341.0
2020-02-13 22:00:00+00:00,0.6718,0.67314,0.67094,0.67139,3760.0
2020-02-16 22:00:00+00:00,0.67221,0.67334,0.67118,0.6714,2656.0
2020-02-17 22:00:00+00:00,0.67144,0.6716,0.66739,0.66883,4483.0
2020-02-18 22:00:00+00:00,0.66869,0.67078,0.66654,0.66772,3856.0
2020-02-19 22:00:00+00:00,0.66754,0.66954,0.66104,0.66132,7695.0
2020-02-20 22:00:00+00:00,0.66146,0.6639,0.65862,0.66269,6659.0
2020-02-23 22:00:00+00:00,0.65868,0.66196,0.65853,0.66046,8605.0
2020-02-24 22:00:00+00:00,0.66042,0.66226,0.65864,0.66016,7869.0
2020-02-25 22:00:00+00:00,0.66028,0.66069,0.65429,0.65448,9249.0
2020-02-26 22:00:00+00:00,0.65439,0.65918,0.65436,0.65688,10642.0
2020-02-27 22:00:00+00:00,0.65699,0.65854,0.64339,0.65099,19444.0
2020-03-01 22:00:00+00:00,0.64661,0.65682,0.64638,0.6541,19583.0
2020-03-02 22:00:00+00:00,0.65419,0.66458,0.65098,0.65834,21033.0
2020-03-03 22:00:00+00:00,0.6584,0.66276,0.65772,0.66266,10491.0
2020-03-04 22:00:00+00:00,0.66258,0.66368,0.65841,0.66124,7903.0
2020-03-05 22:00:00+00:00,0.66146,0.66575,0.65854,0.66422,12483.0
2020-03-08 21:00:00+00:00,0.6609,0.6685,0.63065,0.65879,52345.0
2020-03-09 21:00:00+00:00,0.65879,0.6613,0.6463,0.65054,27094.0
2020-03-10 21:00:00+00:00,0.65054,0.65394,0.64789,0.64842,20886.0
2020-03-11 21:00:00+00:00,0.64842,0.6492,0.62133,0.62357,43910.0
2020-03-12 21:00:00+00:00,0.62357,0.63258,0.61238,0.61872,46601.0
2020-03-15 21:00:00+00:00,0.61452,0.63068,0.6079,0.61182,52250.0
2020-03-16 21:00:00+00:00,0.61182,0.61488,0.59592,0.59996,37816.0
2020-03-17 21:00:00+00:00,0.59996,0.6028,0.57014,0.5774,45377.0
2020-03-18 21:00:00+00:00,0.5774,0.59644,0.55084,0.57444,81779.0
2020-03-19 21:00:00+00:00,0.57444,0.59862,0.56646,0.58078,59136.0
2020-03-22 21:00:00+00:00,0.5807,0.58458,0.57002,0.58388,90049.0
2020-03-23 21:00:00+00:00,0.58388,0.59754,0.58138,0.59578,58771.0
2020-03-24 21:00:00+00:00,0.59578,0.60739,0.5931,0.59594,46359.0
2020-03-25 21:00:00+00:00,0.59594,0.60876,0.58708,0.60632,42915.0
2020-03-26 21:00:00+00:00,0.60632,0.62003,0.6023,0.61627,48188.0
2020-03-29 21:00:00+00:00,0.61582,0.61847,0.61118,0.61708,45865.0
2020-03-30 21:00:00+00:00,0.61708,0.6214,0.60733,0.61345,53790.0
2020-03-31 21:00:00+00:00,0.61345,0.61854,0.6039,0.60725,37778.0
2020-04-01 21:00:00+00:00,0.60725,0.61192,0.60071,0.606,33870.0
2020-04-02 21:00:00+00:00,0.60594,0.60756,0.59803,0.5994,25851.0
2020-04-05 21:00:00+00:00,0.60156,0.61064,0.59915,0.60872,22372.0
2020-04-06 21:00:00+00:00,0.60872,0.62084,0.6076,0.61692,25475.0
2020-04-07 21:00:00+00:00,0.61692,0.62451,0.61158,0.62294,23619.0
2020-04-08 21:00:00+00:00,0.62294,0.6364,0.61956,0.63404,22569.0
2020-04-09 21:00:00+00:00,0.63404,0.63682,0.63132,0.63496,5821.0
2020-04-12 21:00:00+00:00,0.6349,0.64094,0.63259,0.63825,13619.0
2020-04-13 21:00:00+00:00,0.63825,0.64448,0.63746,0.64419,15718.0
2020-04-14 21:00:00+00:00,0.64419,0.64436,0.62844,0.63183,16297.0
2020-04-15 21:00:00+00:00,0.63183,0.63342,0.6264,0.6326,22979.0
2020-04-16 21:00:00+00:00,0.6326,0.63854,0.63146,0.6365,22963.0
2020-04-19 21:00:00+00:00,0.6367,0.63974,0.63331,0.63352,16607.0
2020-04-20 21:00:00+00:00,0.63359,0.63468,0.62535,0.6282,20728.0
2020-04-21 21:00:00+00:00,0.62798,0.63541,0.62768,0.63222,15901.0
2020-04-22 21:00:00+00:00,0.63234,0.64062,0.62831,0.63704,17911.0
2020-04-23 21:00:00+00:00,0.63692,0.63986,0.63375,0.63919,12652.0
2020-04-26 21:00:00+00:00,0.63833,0.64718,0.63824,0.64641,11730.0
2020-04-27 21:00:00+00:00,0.64654,0.65142,0.64346,0.64908,13114.0
2020-04-28 21:00:00+00:00,0.6492,0.65578,0.64874,0.65567,12892.0
2020-04-29 21:00:00+00:00,0.65572,0.657,0.64902,0.65127,18280.0
2020-04-30 21:00:00+00:00,0.65138,0.65145,0.64104,0.6419,13662.0
2020-05-03 21:00:00+00:00,0.64134,0.6435,0.6373,0.64267,14273.0
2020-05-04 21:00:00+00:00,0.64258,0.64761,0.64171,0.6433,13004.0
2020-05-05 21:00:00+00:00,0.64304,0.64528,0.63938,0.64042,12517.0
2020-05-06 21:00:00+00:00,0.64036,0.6506,0.63786,0.64957,14062.0
2020-05-07 21:00:00+00:00,0.64966,0.65479,0.64938,0.65324,11811.0
2020-05-10 21:00:00+00:00,0.65326,0.65616,0.64566,0.64894,13764.0
2020-05-11 21:00:00+00:00,0.64911,0.65361,0.64325,0.6472,15727.0
2020-05-12 21:00:00+00:00,0.6474,0.65242,0.64388,0.64557,21064.0
2020-05-13 21:00:00+00:00,0.64552,0.64698,0.64038,0.64619,17365.0
2020-05-14 21:00:00+00:00,0.64626,0.64736,0.64024,0.64144,14649.0
2020-05-17 21:00:00+00:00,0.64212,0.65273,0.64112,0.65246,12523.0
2020-05-18 21:00:00+00:00,0.65268,0.65851,0.651,0.65378,15053.0
2020-05-19 21:00:00+00:00,0.65386,0.66162,0.65254,0.65976,12122.0
2020-05-20 21:00:00+00:00,0.65971,0.65995,0.65492,0.65654,13945.0
2020-05-21 21:00:00+00:00,0.65648,0.65724,0.65062,0.65367,12508.0
2020-05-24 21:00:00+00:00,0.65344,0.655,0.65199,0.65457,6798.0
2020-05-25 21:00:00+00:00,0.65433,0.66752,0.6538,0.66545,12447.0
2020-05-26 21:00:00+00:00,0.66526,0.66802,0.65674,0.66237,19370.0
2020-05-27 21:00:00+00:00,0.6623,0.66674,0.65885,0.6637,17187.0
2020-05-28 21:00:00+00:00,0.66363,0.66833,0.66122,0.66689,22240.0
2020-05-31 21:00:00+00:00,0.66689,0.68034,0.66485,0.67976,19680.0
2020-06-01 21:00:00+00:00,0.67979,0.68988,0.6775,0.68974,17725.0
2020-06-02 21:00:00+00:00,0.68966,0.69832,0.68568,0.69227,26598.0
2020-06-03 21:00:00+00:00,0.6922,0.69876,0.68824,0.69427,23542.0
2020-06-04 21:00:00+00:00,0.6942,0.7013,0.6931,0.69688,22983.0
2020-06-07 21:00:00+00:00,0.69666,0.70296,0.69616,0.70206,15799.0
2020-06-08 21:00:00+00:00,0.70196,0.70426,0.68986,0.69609,21136.0
2020-06-09 21:00:00+00:00,0.69618,0.70644,0.69328,0.69984,28034.0
2020-06-10 21:00:00+00:00,0.69968,0.7005,0.68394,0.6854,34479.0
2020-06-11 21:00:00+00:00,0.68564,0.69116,0.67998,0.68667,38195.0
2020-06-14 21:00:00+00:00,0.6845,0.69253,0.67768,0.69197,37595.0
2020-06-15 21:00:00+00:00,0.69172,0.6977,0.68338,0.68884,35983.0
2020-06-16 21:00:00+00:00,0.68872,0.69226,0.68522,0.68846,27061.0
2020-06-17 21:00:00+00:00,0.68795,0.69024,0.68362,0.68526,24831.0
2020-06-18 21:00:00+00:00,0.6852,0.69114,0.68291,0.6834,17859.0
2020-06-21 21:00:00+00:00,0.68134,0.69226,0.68112,0.69086,16375.0
2020-06-22 21:00:00+00:00,0.69077,0.69748,0.68584,0.693,22551.0
2020-06-23 21:00:00+00:00,0.69292,0.6962,0.68628,0.68684,21340.0
2020-06-24 21:00:00+00:00,0.68691,0.68927,0.68477,0.68872,18273.0
2020-06-25 21:00:00+00:00,0.68885,0.68954,0.68408,0.68654,12996.0
2020-06-28 21:00:00+00:00,0.68617,0.68908,0.68417,0.68674,13518.0
2020-06-29 21:00:00+00:00,0.68661,0.69122,0.6833,0.6903,13936.0
2020-06-30 21:00:00+00:00,0.69024,0.69433,0.68771,0.69151,13466.0
2020-07-01 21:00:00+00:00,0.69162,0.69523,0.69019,0.69269,13943.0
2020-07-02 21:00:00+00:00,0.69219,0.69478,0.69142,0.69408,11746.0
2020-07-05 21:00:00+00:00,0.69323,0.69876,0.69292,0.69737,9831.0
2020-07-06 21:00:00+00:00,0.69727,0.69976,0.69221,0.6947,12979.0
2020-07-07 21:00:00+00:00,0.6948,0.69865,0.69276,0.69805,13229.0
2020-07-08 21:00:00+00:00,0.6982,0.70012,0.695,0.69638,15592.0
2020-07-09 21:00:00+00:00,0.6962,0.69693,0.69239,0.69499,12492.0
2020-07-12 21:00:00+00:00,0.69586,0.6993,0.69387,0.69397,12392.0
2020-07-13 21:00:00+00:00,0.69413,0.69776,0.69216,0.69752,16242.0
2020-07-14 21:00:00+00:00,0.69746,0.70378,0.69712,0.70084,12928.0
2020-07-15 21:00:00+00:00,0.70074,0.70173,0.69634,0.69723,12444.0
2020-07-16 21:00:00+00:00,0.69706,0.7005,0.69682,0.69947,7598.0
2020-07-19 21:00:00+00:00,0.6989,0.70174,0.6973,0.70164,8619.0
2020-07-20 21:00:00+00:00,0.7013,0.7147,0.7013,0.71285,11902.0
2020-07-21 21:00:00+00:00,0.7128,0.71828,0.71122,0.71402,17033.0
2020-07-22 21:00:00+00:00,0.71462,0.71619,0.70906,0.70985,17217.0
2020-07-23 21:00:00+00:00,0.70978,0.71252,0.7064,0.7106,16734.0
2020-07-26 21:00:00+00:00,0.70909,0.71502,0.70873,0.71498,13301.0
2020-07-27 21:00:00+00:00,0.7148,0.71771,0.71132,0.71579,15419.0
2020-07-28 21:00:00+00:00,0.71561,0.71968,0.7149,0.71876,15292.0
2020-07-29 21:00:00+00:00,0.71868,0.71978,0.71208,0.71946,16062.0
2020-07-30 21:00:00+00:00,0.7196,0.72272,0.71335,0.7143,19501.0
2020-08-02 21:00:00+00:00,0.71427,0.715,0.70766,0.71234,14513.0
2020-08-03 21:00:00+00:00,0.71246,0.71671,0.71061,0.71612,13105.0
2020-08-04 21:00:00+00:00,0.71573,0.72408,0.7154,0.7191,13057.0
2020-08-05 21:00:00+00:00,0.71918,0.72394,0.71742,0.72355,15993.0
2020-08-06 21:00:00+00:00,0.7234,0.72432,0.71448,0.71575,15992.0
2020-08-09 21:00:00+00:00,0.7163,0.71841,0.71404,0.71486,11201.0
2020-08-10 21:00:00+00:00,0.71494,0.71897,0.71352,0.71428,12556.0
2020-08-11 21:00:00+00:00,0.71412,0.71758,0.71094,0.71624,14814.0
2020-08-12 21:00:00+00:00,0.71612,0.71878,0.7136,0.71488,11857.0
2020-08-13 21:00:00+00:00,0.71497,0.71752,0.71321,0.71712,8525.0
2020-08-16 21:00:00+00:00,0.71678,0.72276,0.71631,0.72144,7350.0
2020-08-17 21:00:00+00:00,0.72158,0.72646,0.7209,0.72427,9931.0
2020-08-18 21:00:00+00:00,0.72392,0.72757,0.71795,0.71822,12580.0
2020-08-19 21:00:00+00:00,0.71815,0.72027,0.71361,0.71924,12712.0
2020-08-20 21:00:00+00:00,0.71934,0.72161,0.71394,0.71614,11651.0
2020-08-23 21:00:00+00:00,0.71695,0.72042,0.71502,0.7162,8650.0
2020-08-24 21:00:00+00:00,0.71668,0.71978,0.71508,0.71952,8992.0
2020-08-25 21:00:00+00:00,0.71966,0.72396,0.71874,0.72336,8502.0
2020-08-26 21:00:00+00:00,0.72329,0.72905,0.72169,0.72595,18022.0
2020-08-27 21:00:00+00:00,0.72655,0.73678,0.72552,0.73658,14756.0
2020-08-30 21:00:00+00:00,0.73632,0.74032,0.73405,0.73754,11855.0
2020-08-31 21:00:00+00:00,0.73737,0.74138,0.73596,0.73724,16873.0
2020-09-01 21:00:00+00:00,0.73708,0.73815,0.73016,0.73378,13504.0
2020-09-02 21:00:00+00:00,0.7337,0.73386,0.72652,0.72734,15235.0
2020-09-03 21:00:00+00:00,0.72716,0.72988,0.72222,0.72816,16920.0
2020-09-06 21:00:00+00:00,0.72896,0.72982,0.72704,0.72768,7829.0
2020-09-07 21:00:00+00:00,0.72762,0.73094,0.72108,0.72141,14796.0
2020-09-08 21:00:00+00:00,0.72148,0.7288,0.71925,0.72833,12774.0
2020-09-09 21:00:00+00:00,0.72807,0.73246,0.72477,0.72578,14405.0
2020-09-10 21:00:00+00:00,0.72572,0.7306,0.72524,0.72844,10088.0
2020-09-13 21:00:00+00:00,0.72826,0.73035,0.72643,0.72888,7888.0
2020-09-14 21:00:00+00:00,0.72932,0.73426,0.7267,0.73018,9678.0
2020-09-15 21:00:00+00:00,0.73026,0.73452,0.72786,0.73057,16985.0
2020-09-16 21:00:00+00:00,0.73072,0.73155,0.72542,0.73121,16815.0
2020-09-17 21:00:00+00:00,0.73129,0.73341,0.72826,0.72911,11518.0
2020-09-20 21:00:00+00:00,0.72984,0.7324,0.71992,0.72232,14737.0
2020-09-21 21:00:00+00:00,0.72284,0.72352,0.71544,0.71692,15554.0
2020-09-22 21:00:00+00:00,0.71719,0.71775,0.70686,0.70728,15231.0
2020-09-23 21:00:00+00:00,0.70738,0.70868,0.70162,0.70456,17236.0
2020-09-24 21:00:00+00:00,0.70522,0.7087,0.7006,0.70302,12985.0
2020-09-27 21:00:00+00:00,0.70318,0.70743,0.70307,0.70716,11628.0
2020-09-28 21:00:00+00:00,0.7072,0.71382,0.70696,0.71318,10420.0
2020-09-29 21:00:00+00:00,0.71326,0.71752,0.71006,0.7162,14880.0
2020-09-30 21:00:00+00:00,0.7158,0.72092,0.71548,0.71826,14070.0
2020-10-01 21:00:00+00:00,0.71832,0.71885,0.71312,0.7162,17456.0
2020-10-04 21:00:00+00:00,0.71694,0.7193,0.71579,0.71816,8505.0
2020-10-05 21:00:00+00:00,0.71802,0.7209,0.71002,0.71012,14589.0
2020-10-06 21:00:00+00:00,0.71024,0.71516,0.70958,0.71386,10543.0
2020-10-07 21:00:00+00:00,0.71378,0.717,0.71234,0.71682,8117.0
2020-10-08 21:00:00+00:00,0.71689,0.72434,0.71618,0.72408,7554.0
2020-10-11 21:00:00+00:00,0.7221,0.72366,0.72034,0.72091,7591.0
2020-10-12 21:00:00+00:00,0.72084,0.72128,0.71504,0.71612,10224.0
2020-10-13 21:00:00+00:00,0.71606,0.71907,0.71526,0.71624,8529.0
2020-10-14 21:00:00+00:00,0.71612,0.71694,0.70562,0.70939,12943.0
2020-10-15 21:00:00+00:00,0.70945,0.70984,0.70708,0.70804,8443.0
2020-10-18 21:00:00+00:00,0.70799,0.71148,0.70586,0.70678,7998.0
2020-10-19 21:00:00+00:00,0.7069,0.70726,0.70209,0.70477,8233.0
2020-10-20 21:00:00+00:00,0.70494,0.71368,0.70471,0.71176,9920.0
2020-10-21 21:00:00+00:00,0.7116,0.71252,0.70851,0.71172,9677.0
2020-10-22 21:00:00+00:00,0.71182,0.71581,0.71012,0.7139,9208.0
2020-10-25 21:00:00+00:00,0.71354,0.71464,0.7103,0.71232,10502.0
2020-10-26 21:00:00+00:00,0.71186,0.71471,0.71158,0.71288,7399.0
2020-10-27 21:00:00+00:00,0.71276,0.71571,0.70386,0.70461,12534.0
2020-10-28 21:00:00+00:00,0.7047,0.70759,0.70026,0.70278,13223.0
2020-10-29 21:00:00+00:00,0.70268,0.7072,0.70114,0.70284,13990.0
2020-11-01 22:00:00+00:00,0.7025,0.70578,0.69913,0.70574,12039.0
2020-11-02 22:00:00+00:00,0.70547,0.71748,0.7028,0.7164,11763.0
2020-11-03 22:00:00+00:00,0.71632,0.72222,0.70487,0.7177,55714.0
2020-11-04 22:00:00+00:00,0.71764,0.72894,0.7145,0.72834,24041.0
2020-11-05 22:00:00+00:00,0.72841,0.72876,0.72392,0.72597,21141.0
2020-11-08 22:00:00+00:00,0.7278,0.73399,0.72666,0.72806,29179.0
2020-11-09 22:00:00+00:00,0.72825,0.72944,0.72527,0.72854,20287.0
2020-11-10 22:00:00+00:00,0.72844,0.73182,0.72604,0.72802,13471.0
2020-11-11 22:00:00+00:00,0.72796,0.72938,0.72236,0.72328,11720.0
2020-11-12 22:00:00+00:00,0.72322,0.72732,0.72216,0.727,9065.0
2020-11-15 22:00:00+00:00,0.72698,0.73265,0.72648,0.73208,11359.0
2020-11-16 22:00:00+00:00,0.73201,0.73398,0.72891,0.72999,9623.0
2020-11-17 22:00:00+00:00,0.73004,0.73306,0.7272,0.73065,9842.0
2020-11-18 22:00:00+00:00,0.73058,0.73058,0.72547,0.7283,10698.0
2020-11-19 22:00:00+00:00,0.72816,0.73239,0.72665,0.73037,9890.0
2020-11-22 22:00:00+00:00,0.73032,0.73374,0.72656,0.72864,7764.0
2020-11-23 22:00:00+00:00,0.72874,0.73676,0.72838,0.73612,10361.0
2020-11-24 22:00:00+00:00,0.73601,0.73734,0.7325,0.73658,9327.0
2020-11-25 22:00:00+00:00,0.73599,0.73744,0.73538,0.73598,4693.0
2020-11-26 22:00:00+00:00,0.73607,0.73988,0.73526,0.73857,6625.0
2020-11-29 22:00:00+00:00,0.73856,0.74076,0.73392,0.7344,9499.0
2020-11-30 22:00:00+00:00,0.73426,0.73734,0.73416,0.7372,9061.0
2020-12-01 22:00:00+00:00,0.73703,0.74201,0.73516,0.74164,10105.0
2020-12-02 22:00:00+00:00,0.74158,0.74496,0.73983,0.74422,8635.0
2020-12-03 22:00:00+00:00,0.74392,0.74438,0.74103,0.74258,9616.0
2020-12-06 22:00:00+00:00,0.7432,0.74535,0.73725,0.74217,8482.0
2020-12-07 22:00:00+00:00,0.7421,0.74353,0.73994,0.7409,8677.0
2020-12-08 22:00:00+00:00,0.74097,0.74854,0.7405,0.74426,8857.0
2020-12-09 22:00:00+00:00,0.74446,0.75398,0.74272,0.75363,11549.0
2020-12-10 22:00:00+00:00,0.75354,0.75722,0.75204,0.75328,9663.0
2020-12-13 22:00:00+00:00,0.75506,0.75782,0.75248,0.7533,8482.0
2020-12-14 22:00:00+00:00,0.75348,0.75714,0.75076,0.75574,7956.0
2020-12-15 22:00:00+00:00,0.75562,0.75786,0.75388,0.75772,9242.0
2020-12-16 22:00:00+00:00,0.75762,0.76398,0.75674,0.76242,8055.0
2020-12-17 22:00:00+00:00,0.76272,0.7629,0.7583,0.76213,8378.0
2020-12-20 22:00:00+00:00,0.75876,0.76065,0.7462,0.75868,19751.0
2020-12-21 22:00:00+00:00,0.75861,0.7591,0.75175,0.75218,13003.0
2020-12-22 22:00:00+00:00,0.7521,0.75916,0.7517,0.75774,12356.0
2020-12-23 22:00:00+00:00,0.75748,0.7607,0.75693,0.75916,7950.0
2020-12-27 22:00:00+00:00,0.76026,0.76224,0.75576,0.75814,9510.0
2020-12-28 22:00:00+00:00,0.75804,0.7625,0.75788,0.76072,8185.0
2020-12-29 22:00:00+00:00,0.76088,0.76863,0.76028,0.76852,9023.0
2020-12-30 22:00:00+00:00,0.76847,0.77422,0.76768,0.76926,10320.0
2021-01-03 22:00:00+00:00,0.77046,0.77408,0.76426,0.76666,18062.0
2021-01-04 22:00:00+00:00,0.76654,0.77778,0.76609,0.77606,17470.0
2021-01-05 22:00:00+00:00,0.77598,0.78201,0.77333,0.78029,26103.0
2021-01-06 22:00:00+00:00,0.78036,0.78174,0.77258,0.77677,16931.0
2021-01-07 22:00:00+00:00,0.77659,0.77986,0.77285,0.77597,21206.0
2021-01-10 22:00:00+00:00,0.77546,0.77652,0.76662,0.76958,17884.0
2021-01-11 22:00:00+00:00,0.7697,0.77773,0.76869,0.77723,14747.0
2021-01-12 22:00:00+00:00,0.77729,0.77815,0.77214,0.77338,12776.0
2021-01-13 22:00:00+00:00,0.77343,0.78052,0.77289,0.77781,13397.0
2021-01-14 22:00:00+00:00,0.77774,0.77886,0.76818,0.77022,14248.0
2021-01-17 22:00:00+00:00,0.77086,0.77106,0.76591,0.76808,11229.0
2021-01-18 22:00:00+00:00,0.76799,0.77254,0.76736,0.76962,11259.0
2021-01-19 22:00:00+00:00,0.76951,0.77608,0.76918,0.77465,11083.0
2021-01-20 22:00:00+00:00,0.77459,0.77822,0.77409,0.77632,11811.0
2021-01-21 22:00:00+00:00,0.77623,0.777,0.77022,0.77156,12187.0
2021-01-24 22:00:00+00:00,0.77174,0.77474,0.76831,0.77134,14903.0
2021-01-25 22:00:00+00:00,0.77124,0.77544,0.7669,0.77473,11426.0
2021-01-26 22:00:00+00:00,0.77479,0.77638,0.7644,0.76627,19611.0
2021-01-27 22:00:00+00:00,0.76634,0.76978,0.7592,0.76756,22020.0
2021-01-28 22:00:00+00:00,0.76767,0.77038,0.76314,0.76443,23362.0
2021-01-31 22:00:00+00:00,0.7622,0.76625,0.76059,0.76212,16409.0
2021-02-01 22:00:00+00:00,0.76232,0.7662,0.75638,0.76069,13928.0
2021-02-02 22:00:00+00:00,0.76072,0.76265,0.76017,0.76188,10754.0
2021-02-03 22:00:00+00:00,0.76206,0.76476,0.75883,0.76004,10764.0
2021-02-04 22:00:00+00:00,0.75978,0.76789,0.75829,0.76782,9680.0
2021-02-07 22:00:00+00:00,0.76695,0.77148,0.76514,0.7701,8433.0
2021-02-08 22:00:00+00:00,0.77029,0.77402,0.77016,0.7739,8463.0
2021-02-09 22:00:00+00:00,0.77354,0.7756,0.77174,0.77218,10944.0
2021-02-10 22:00:00+00:00,0.77215,0.77716,0.7713,0.77524,7568.0
2021-02-11 22:00:00+00:00,0.77529,0.77646,0.77184,0.77609,6804.0
2021-02-14 22:00:00+00:00,0.7767,0.77888,0.77597,0.77802,5571.0
2021-02-15 22:00:00+00:00,0.7781,0.78052,0.7745,0.7754,10601.0
2021-02-16 22:00:00+00:00,0.77572,0.77716,0.77246,0.77502,12082.0
2021-02-17 22:00:00+00:00,0.7751,0.77896,0.77314,0.7769,11569.0
2021-02-18 22:00:00+00:00,0.77676,0.78771,0.77578,0.78698,11458.0
2021-02-21 22:00:00+00:00,0.78715,0.79292,0.78554,0.79162,13366.0
2021-02-22 22:00:00+00:00,0.79146,0.79347,0.78804,0.79115,12973.0
2021-02-23 22:00:00+00:00,0.79129,0.79732,0.78954,0.79682,16711.0
2021-02-24 22:00:00+00:00,0.79676,0.80072,0.7859,0.78719,23842.0
2021-02-25 22:00:00+00:00,0.78798,0.78835,0.76924,0.77038,33193.0
2021-02-28 22:00:00+00:00,0.7712,0.7787,0.77082,0.77732,17924.0
2021-03-01 22:00:00+00:00,0.77721,0.78376,0.77359,0.782,18307.0
2021-03-02 22:00:00+00:00,0.7819,0.78382,0.77707,0.77748,17193.0
2021-03-03 22:00:00+00:00,0.77764,0.7815,0.7709,0.77218,27187.0
2021-03-04 22:00:00+00:00,0.77244,0.77298,0.76222,0.76879,28905.0
2021-03-07 22:00:00+00:00,0.76944,0.77222,0.76364,0.7649,21057.0
2021-03-08 22:00:00+00:00,0.76425,0.77258,0.76216,0.77182,18751.0
2021-03-09 22:00:00+00:00,0.77152,0.77458,0.76687,0.77355,16511.0
2021-03-10 22:00:00+00:00,0.77346,0.77938,0.77234,0.7789,11931.0
2021-03-11 22:00:00+00:00,0.77905,0.78006,0.77247,0.77606,14321.0
2021-03-14 21:00:00+00:00,0.77624,0.77758,0.77059,0.77553,11784.0
2021-03-15 21:00:00+00:00,0.77516,0.77588,0.77107,0.77468,10432.0
2021-03-16 21:00:00+00:00,0.77453,0.78104,0.76996,0.77964,14367.0
2021-03-17 21:00:00+00:00,0.77976,0.78494,0.77496,0.77595,18553.0
2021-03-18 21:00:00+00:00,0.77575,0.77787,0.77178,0.77397,16638.0
2021-03-21 21:00:00+00:00,0.77076,0.77566,0.77049,0.77462,10917.0
2021-03-22 21:00:00+00:00,0.7747,0.77499,0.76174,0.76242,12377.0
2021-03-23 21:00:00+00:00,0.76236,0.76363,0.75792,0.75818,13093.0
2021-03-24 21:00:00+00:00,0.75832,0.76139,0.75632,0.75804,14205.0
2021-03-25 21:00:00+00:00,0.7579,0.76448,0.75774,0.76357,10444.0
2021-03-28 21:00:00+00:00,0.76357,0.76609,0.7615,0.76331,10780.0
2021-03-29 21:00:00+00:00,0.76316,0.76639,0.75849,0.75972,11350.0
2021-03-30 21:00:00+00:00,0.75968,0.76366,0.75884,0.75964,10002.0
2021-03-31 21:00:00+00:00,0.75978,0.76198,0.75321,0.76172,11427.0
2021-04-01 21:00:00+00:00,0.76168,0.76376,0.7595,0.76092,4741.0
2021-04-04 21:00:00+00:00,0.76092,0.76605,0.75987,0.76518,6487.0
2021-04-05 21:00:00+00:00,0.76492,0.76683,0.76058,0.7664,8862.0
2021-04-06 21:00:00+00:00,0.76631,0.76772,0.76008,0.76132,10791.0
2021-04-07 21:00:00+00:00,0.76114,0.76602,0.76028,0.76525,8403.0
2021-04-08 21:00:00+00:00,0.76514,0.7661,0.75883,0.76186,10095.0
2021-04-11 21:00:00+00:00,0.7622,0.76357,0.7595,0.76232,8219.0
2021-04-12 21:00:00+00:00,0.76237,0.76486,0.75851,0.76436,10108.0
2021-04-13 21:00:00+00:00,0.7643,0.7738,0.76348,0.77235,10269.0
2021-04-14 21:00:00+00:00,0.77246,0.77612,0.77057,0.77517,10848.0
2021-04-15 21:00:00+00:00,0.7753,0.7759,0.77241,0.77356,8620.0
2021-04-18 21:00:00+00:00,0.77303,0.77844,0.77062,0.77616,9411.0
2021-04-19 21:00:00+00:00,0.77662,0.78159,0.77092,0.77282,10701.0
2021-04-20 21:00:00+00:00,0.773,0.77622,0.76995,0.77529,10548.0
2021-04-21 21:00:00+00:00,0.77554,0.77647,0.76906,0.77059,12112.0
2021-04-22 21:00:00+00:00,0.77053,0.77604,0.76984,0.77467,9787.0
2021-04-25 21:00:00+00:00,0.77407,0.78151,0.77399,0.77992,9621.0
2021-04-26 21:00:00+00:00,0.7798,0.78046,0.77616,0.77678,8467.0
2021-04-27 21:00:00+00:00,0.77682,0.78012,0.77253,0.77914,11979.0
2021-04-28 21:00:00+00:00,0.77908,0.78181,0.77504,0.77668,10610.0
2021-04-29 21:00:00+00:00,0.7766,0.77842,0.76961,0.7712,11275.0
2021-05-02 21:00:00+00:00,0.77236,0.77668,0.77062,0.77622,8699.0
2021-05-03 21:00:00+00:00,0.77609,0.77647,0.76751,0.7708,12687.0
2021-05-04 21:00:00+00:00,0.77066,0.77546,0.77042,0.77474,9007.0
2021-05-05 21:00:00+00:00,0.77478,0.7788,0.77011,0.77843,11093.0
2021-05-06 21:00:00+00:00,0.77808,0.78626,0.77614,0.78441,12906.0
2021-05-09 21:00:00+00:00,0.78596,0.7891,0.78271,0.78338,10467.0
2021-05-10 21:00:00+00:00,0.78325,0.78564,0.78202,0.78436,13972.0
2021-05-11 21:00:00+00:00,0.78444,0.7846,0.77198,0.77257,18821.0
2021-05-12 21:00:00+00:00,0.77272,0.77463,0.76882,0.77283,15779.0
2021-05-13 21:00:00+00:00,0.77276,0.77873,0.77142,0.7776,11822.0
2021-05-16 21:00:00+00:00,0.77704,0.779,0.77306,0.7766,10654.0
2021-05-17 21:00:00+00:00,0.77628,0.78136,0.77605,0.77909,9744.0
2021-05-18 21:00:00+00:00,0.77916,0.78022,0.7711,0.77269,19095.0
2021-05-19 21:00:00+00:00,0.77275,0.77815,0.77164,0.77757,11799.0
2021-05-20 21:00:00+00:00,0.7774,0.77828,0.77191,0.77344,11314.0
2021-05-23 21:00:00+00:00,0.77303,0.77578,0.77062,0.7753,8950.0
2021-05-24 21:00:00+00:00,0.77522,0.77764,0.7733,0.77538,10311.0
2021-05-25 21:00:00+00:00,0.77502,0.77958,0.77313,0.77428,10910.0
2021-05-26 21:00:00+00:00,0.77418,0.77577,0.77235,0.77432,10083.0
2021-05-27 21:00:00+00:00,0.77372,0.77472,0.76775,0.77131,9771.0
2021-05-30 21:00:00+00:00,0.77125,0.77414,0.77008,0.7734,5598.0
2021-05-31 21:00:00+00:00,0.77332,0.77693,0.7731,0.77524,8901.0
2021-06-01 21:00:00+00:00,0.77518,0.77736,0.77154,0.7752,7704.0
2021-06-02 21:00:00+00:00,0.77537,0.77538,0.76456,0.76596,9445.0
2021-06-03 21:00:00+00:00,0.76528,0.77452,0.76513,0.774,9953.0
2021-06-06 21:00:00+00:00,0.77348,0.77658,0.77266,0.77548,6247.0
2021-06-07 21:00:00+00:00,0.7756,0.77635,0.77318,0.77379,7233.0
2021-06-08 21:00:00+00:00,0.77388,0.77623,0.77244,0.77318,5814.0
2021-06-09 21:00:00+00:00,0.7733,0.77635,0.77169,0.77546,10083.0
2021-06-10 21:00:00+00:00,0.7757,0.77755,0.76883,0.77059,6678.0
2021-06-13 21:00:00+00:00,0.77061,0.77259,0.76939,0.77116,5986.0
2021-06-14 21:00:00+00:00,0.77124,0.77166,0.76744,0.76876,7391.0
2021-06-15 21:00:00+00:00,0.76882,0.77157,0.76071,0.76096,16090.0
2021-06-16 21:00:00+00:00,0.7608,0.76458,0.754,0.75513,15774.0
2021-06-17 21:00:00+00:00,0.75517,0.75612,0.74786,0.74786,17054.0
2021-06-20 21:00:00+00:00,0.74852,0.75462,0.74636,0.75386,14702.0
2021-06-21 21:00:00+00:00,0.75343,0.75646,0.74942,0.75536,10470.0
2021-06-22 21:00:00+00:00,0.75453,0.75992,0.75382,0.75761,10444.0
2021-06-23 21:00:00+00:00,0.75749,0.75916,0.75658,0.7583,9080.0
2021-06-24 21:00:00+00:00,0.75822,0.76166,0.75799,0.75909,8738.0
2021-06-27 21:00:00+00:00,0.75766,0.76056,0.75547,0.75666,8073.0
2021-06-28 21:00:00+00:00,0.75662,0.75706,0.75076,0.7511,7866.0
2021-06-29 21:00:00+00:00,0.75117,0.75272,0.7492,0.74999,8192.0
2021-06-30 21:00:00+00:00,0.74984,0.7508,0.74606,0.74738,8671.0
2021-07-01 21:00:00+00:00,0.74698,0.75331,0.74446,0.75254,11019.0
2021-07-04 21:00:00+00:00,0.75242,0.75374,0.7509,0.75297,6332.0
2021-07-05 21:00:00+00:00,0.7528,0.75992,0.74808,0.7494,13299.0
2021-07-06 21:00:00+00:00,0.74932,0.75338,0.74628,0.74826,11890.0
2021-07-07 21:00:00+00:00,0.74846,0.74899,0.74168,0.74316,15715.0
2021-07-08 21:00:00+00:00,0.74306,0.74941,0.74097,0.74867,9978.0
2021-07-11 21:00:00+00:00,0.74811,0.7496,0.74484,0.74776,8100.0
2021-07-12 21:00:00+00:00,0.74764,0.75033,0.74265,0.74468,10465.0
2021-07-13 21:00:00+00:00,0.74458,0.7486,0.74313,0.74812,10609.0
2021-07-14 21:00:00+00:00,0.74829,0.74874,0.74104,0.74224,9956.0
2021-07-15 21:00:00+00:00,0.74242,0.7443,0.73924,0.74009,10026.0
2021-07-18 21:00:00+00:00,0.74027,0.74059,0.73218,0.7345,14745.0
2021-07-19 21:00:00+00:00,0.73436,0.73572,0.73,0.73296,12175.0
2021-07-20 21:00:00+00:00,0.73314,0.73628,0.72896,0.73566,8568.0
2021-07-21 21:00:00+00:00,0.73588,0.73975,0.73424,0.73804,9503.0
2021-07-22 21:00:00+00:00,0.73843,0.74008,0.73571,0.73648,7204.0
2021-07-25 21:00:00+00:00,0.73662,0.73904,0.7331,0.73816,8387.0
2021-07-26 21:00:00+00:00,0.73822,0.7389,0.7337,0.73594,10999.0
2021-07-27 21:00:00+00:00,0.73633,0.73818,0.73172,0.7375,15368.0
2021-07-28 21:00:00+00:00,0.73743,0.74136,0.73594,0.73966,8503.0
2021-07-29 21:00:00+00:00,0.73957,0.74044,0.7331,0.73438,10219.0
2021-08-01 21:00:00+00:00,0.73344,0.73822,0.73293,0.73632,8000.0
2021-08-02 21:00:00+00:00,0.7362,0.74083,0.73577,0.7395,9825.0
2021-08-03 21:00:00+00:00,0.73936,0.74267,0.73702,0.73798,8293.0
2021-08-04 21:00:00+00:00,0.73804,0.74157,0.73758,0.74052,6946.0
2021-08-05 21:00:00+00:00,0.74045,0.74066,0.73465,0.73562,8526.0
2021-08-08 21:00:00+00:00,0.73598,0.7364,0.73282,0.733,7894.0
2021-08-09 21:00:00+00:00,0.73308,0.7356,0.73162,0.73494,6797.0
2021-08-10 21:00:00+00:00,0.73476,0.73894,0.73233,0.73748,7574.0
2021-08-11 21:00:00+00:00,0.73768,0.73768,0.7332,0.73371,5346.0
2021-08-12 21:00:00+00:00,0.73364,0.73815,0.73335,0.7372,4733.0
2021-08-15 21:00:00+00:00,0.73686,0.7373,0.73194,0.73374,6170.0
2021-08-16 21:00:00+00:00,0.73368,0.73411,0.72426,0.7254,10054.0
2021-08-17 21:00:00+00:00,0.72531,0.72697,0.72288,0.72334,10516.0
2021-08-18 21:00:00+00:00,0.72344,0.72503,0.71426,0.7147,13650.0
2021-08-19 21:00:00+00:00,0.7148,0.71564,0.71064,0.71382,11441.0
2021-08-22 21:00:00+00:00,0.71226,0.72178,0.71209,0.72104,8753.0
2021-08-23 21:00:00+00:00,0.72122,0.7271,0.72008,0.7258,7127.0
2021-08-24 21:00:00+00:00,0.72576,0.72802,0.72372,0.72764,7256.0
2021-08-25 21:00:00+00:00,0.72772,0.72796,0.72344,0.72369,8384.0
2021-08-26 21:00:00+00:00,0.72362,0.7317,0.72219,0.73139,10178.0
2021-08-29 21:00:00+00:00,0.73072,0.73184,0.72846,0.72964,5930.0
2021-08-30 21:00:00+00:00,0.7295,0.73412,0.72881,0.73154,9625.0
2021-08-31 21:00:00+00:00,0.73158,0.73839,0.73084,0.7367,8522.0
2021-09-01 21:00:00+00:00,0.7368,0.74094,0.73558,0.74,6412.0
2021-09-02 21:00:00+00:00,0.74004,0.74782,0.73955,0.74558,10777.0
2021-09-05 21:00:00+00:00,0.74607,0.74623,0.74267,0.74396,9533.0
2021-09-06 21:00:00+00:00,0.74402,0.74686,0.73746,0.73875,10587.0
2021-09-07 21:00:00+00:00,0.73856,0.7404,0.73452,0.73656,10265.0
2021-09-08 21:00:00+00:00,0.73675,0.73944,0.73469,0.73687,9990.0
2021-09-09 21:00:00+00:00,0.73694,0.74096,0.73488,0.73546,8364.0
2021-09-12 21:00:00+00:00,0.73573,0.73758,0.73362,0.73702,8522.0
2021-09-13 21:00:00+00:00,0.73718,0.73734,0.73134,0.73214,10667.0
2021-09-14 21:00:00+00:00,0.73223,0.73392,0.73012,0.73336,9204.0
2021-09-15 21:00:00+00:00,0.73316,0.73479,0.72741,0.72927,9558.0
2021-09-16 21:00:00+00:00,0.72858,0.73216,0.72624,0.7271,9012.0
2021-09-19 21:00:00+00:00,0.72637,0.72684,0.72205,0.72523,12009.0
2021-09-20 21:00:00+00:00,0.72486,0.7283,0.72217,0.72322,12137.0
2021-09-21 21:00:00+00:00,0.72313,0.72962,0.7224,0.7241,20338.0
2021-09-22 21:00:00+00:00,0.72423,0.73156,0.72232,0.72965,11553.0
2021-09-23 21:00:00+00:00,0.72957,0.73166,0.72362,0.72544,9982.0
2021-09-26 21:00:00+00:00,0.72564,0.7294,0.72498,0.72872,9725.0
2021-09-27 21:00:00+00:00,0.72866,0.73111,0.72256,0.72382,15342.0
2021-09-28 21:00:00+00:00,0.72392,0.72641,0.71706,0.71758,13439.0
2021-09-29 21:00:00+00:00,0.71766,0.72571,0.71736,0.72272,15328.0
2021-09-30 21:00:00+00:00,0.7228,0.72764,0.71921,0.72599,16099.0
2021-10-03 21:00:00+00:00,0.72596,0.7304,0.72514,0.72823,13575.0
2021-10-04 21:00:00+00:00,0.72831,0.73008,0.72492,0.7292,10868.0
2021-10-05 21:00:00+00:00,0.72901,0.7295,0.7226,0.7272,15927.0
2021-10-06 21:00:00+00:00,0.72716,0.73243,0.72698,0.7313,9902.0
2021-10-07 21:00:00+00:00,0.73123,0.7338,0.72883,0.73075,14206.0
2021-10-10 21:00:00+00:00,0.7307,0.73728,0.72923,0.73478,9560.0
2021-10-11 21:00:00+00:00,0.73496,0.73847,0.73324,0.735,11255.0
2021-10-12 21:00:00+00:00,0.73508,0.73818,0.73236,0.73782,11461.0
2021-10-13 21:00:00+00:00,0.73774,0.74266,0.7372,0.74156,7558.0
2021-10-14 21:00:00+00:00,0.74148,0.74399,0.74036,0.74223,8761.0
2021-10-17 21:00:00+00:00,0.74164,0.74376,0.7379,0.74118,9387.0
2021-10-18 21:00:00+00:00,0.74126,0.74856,0.74077,0.7473,8303.0
2021-10-19 21:00:00+00:00,0.74721,0.75228,0.74654,0.75174,7667.0
2021-10-20 21:00:00+00:00,0.75166,0.75464,0.74587,0.74668,9918.0
2021-10-21 21:00:00+00:00,0.74673,0.75123,0.74538,0.7467,11790.0
2021-10-24 21:00:00+00:00,0.74675,0.7505,0.74642,0.74921,7944.0
2021-10-25 21:00:00+00:00,0.74934,0.75256,0.74846,0.75026,7969.0
2021-10-26 21:00:00+00:00,0.7502,0.7536,0.74874,0.75172,10269.0
2021-10-27 21:00:00+00:00,0.75183,0.75556,0.74799,0.75438,11487.0
2021-10-28 21:00:00+00:00,0.75431,0.7555,0.75005,0.75167,11525.0
2021-10-31 21:00:00+00:00,0.75102,0.75361,0.74863,0.75225,7335.0
2021-11-01 21:00:00+00:00,0.75212,0.75319,0.74205,0.743,10268.0
2021-11-02 21:00:00+00:00,0.74287,0.74585,0.74126,0.74473,13483.0
2021-11-03 21:00:00+00:00,0.74484,0.74706,0.73828,0.73998,8755.0
2021-11-04 21:00:00+00:00,0.73992,0.74122,0.736,0.7399,10256.0
2021-11-07 22:00:00+00:00,0.73943,0.74312,0.73846,0.74231,6403.0
2021-11-08 22:00:00+00:00,0.74243,0.74316,0.7361,0.73784,8681.0
2021-11-09 22:00:00+00:00,0.73788,0.73936,0.73242,0.7327,11673.0
2021-11-10 22:00:00+00:00,0.73274,0.73412,0.72874,0.72934,8575.0
2021-11-11 22:00:00+00:00,0.72963,0.73352,0.7277,0.73304,6872.0
2021-11-14 22:00:00+00:00,0.7325,0.73704,0.73234,0.73466,6451.0
2021-11-15 22:00:00+00:00,0.73474,0.73679,0.72922,0.73033,8807.0
2021-11-16 22:00:00+00:00,0.73046,0.73052,0.72588,0.72668,9071.0
2021-11-17 22:00:00+00:00,0.7266,0.72932,0.72496,0.72768,8229.0
2021-11-18 22:00:00+00:00,0.72763,0.72914,0.72272,0.72308,10903.0
2021-11-21 22:00:00+00:00,0.72358,0.72734,0.72212,0.72249,10259.0
2021-11-22 22:00:00+00:00,0.72266,0.72365,0.7207,0.72272,10932.0
2021-11-23 22:00:00+00:00,0.72268,0.72278,0.71842,0.7195,10659.0
2021-11-24 22:00:00+00:00,0.71958,0.72092,0.71803,0.7189,5931.0
2021-11-25 22:00:00+00:00,0.71903,0.71988,0.71128,0.7121,19005.0
2021-11-28 22:00:00+00:00,0.71382,0.71595,0.71138,0.71427,10706.0
2021-11-29 22:00:00+00:00,0.7143,0.71706,0.70628,0.71288,19490.0
2021-11-30 22:00:00+00:00,0.7127,0.7173,0.70948,0.71079,14232.0
2021-12-01 22:00:00+00:00,0.71062,0.71196,0.70845,0.70928,12866.0
2021-12-02 22:00:00+00:00,0.70922,0.71042,0.69932,0.69987,15034.0
2021-12-05 22:00:00+00:00,0.70025,0.70544,0.7,0.70514,8673.0
2021-12-06 22:00:00+00:00,0.70518,0.71226,0.70398,0.71192,8570.0
2021-12-07 22:00:00+00:00,0.71208,0.71838,0.71154,0.71715,10819.0
2021-12-08 22:00:00+00:00,0.71734,0.71868,0.71357,0.71472,6526.0
2021-12-09 22:00:00+00:00,0.71486,0.71826,0.71321,0.7173,7721.0
2021-12-12 22:00:00+00:00,0.7169,0.71762,0.71108,0.71351,6152.0
2021-12-13 22:00:00+00:00,0.71316,0.71357,0.70903,0.71064,7184.0
2021-12-14 22:00:00+00:00,0.71036,0.71774,0.70922,0.71734,13889.0
2021-12-15 22:00:00+00:00,0.71722,0.72236,0.71457,0.71845,11829.0
2021-12-16 22:00:00+00:00,0.71836,0.71849,0.71229,0.71256,9479.0
2021-12-19 22:00:00+00:00,0.71294,0.71328,0.70825,0.71096,9811.0
2021-12-20 22:00:00+00:00,0.71114,0.71562,0.70988,0.71536,6492.0
2021-12-21 22:00:00+00:00,0.71548,0.72202,0.71209,0.72141,6082.0
2021-12-22 22:00:00+00:00,0.7213,0.72516,0.71962,0.72438,5596.0
2021-12-23 22:00:00+00:00,0.72446,0.72452,0.72188,0.72238,5319.0
2021-12-26 22:00:00+00:00,0.72279,0.72449,0.7206,0.72401,4054.0
2021-12-27 22:00:00+00:00,0.72404,0.72639,0.72188,0.72276,4497.0
2021-12-28 22:00:00+00:00,0.72276,0.72724,0.7213,0.72482,5920.0
2021-12-29 22:00:00+00:00,0.72492,0.7276,0.72438,0.72503,5137.0
2021-12-30 22:00:00+00:00,0.72504,0.72774,0.72439,0.72685,5989.0
2022-01-02 22:00:00+00:00,0.72636,0.72771,0.71842,0.71904,6396.0
2022-01-03 22:00:00+00:00,0.71908,0.72491,0.71853,0.72396,6567.0
2022-01-04 22:00:00+00:00,0.72397,0.72724,0.72154,0.72222,8649.0
2022-01-05 22:00:00+00:00,0.72216,0.72226,0.7146,0.7163,9673.0
2022-01-06 22:00:00+00:00,0.71627,0.71879,0.71298,0.71814,8602.0
2022-01-09 22:00:00+00:00,0.71761,0.72026,0.71488,0.71736,8090.0
2022-01-10 22:00:00+00:00,0.71744,0.72132,0.71548,0.72104,8428.0
2022-01-11 22:00:00+00:00,0.7212,0.72924,0.72006,0.72838,8453.0
2022-01-12 22:00:00+00:00,0.72856,0.7314,0.72738,0.72798,8319.0
2022-01-13 22:00:00+00:00,0.72826,0.72937,0.71984,0.72101,10826.0
2022-01-16 22:00:00+00:00,0.72181,0.72294,0.71958,0.721,6552.0
2022-01-17 22:00:00+00:00,0.72104,0.7228,0.717,0.71849,11283.0
2022-01-18 22:00:00+00:00,0.71856,0.72382,0.71771,0.72117,10345.0
2022-01-19 22:00:00+00:00,0.72118,0.72765,0.72076,0.72273,11156.0
2022-01-20 22:00:00+00:00,0.7226,0.72297,0.71717,0.7175,15328.0
2022-01-23 22:00:00+00:00,0.71738,0.71876,0.70906,0.71452,16040.0
2022-01-24 22:00:00+00:00,0.7143,0.71769,0.71216,0.71514,15563.0
2022-01-25 22:00:00+00:00,0.71514,0.71815,0.70958,0.71163,18915.0
2022-01-26 22:00:00+00:00,0.71146,0.71213,0.70238,0.70354,16930.0
2022-01-27 22:00:00+00:00,0.70323,0.7046,0.69676,0.69952,16980.0
2022-01-30 22:00:00+00:00,0.69924,0.70768,0.69875,0.70672,11201.0
2022-01-31 22:00:00+00:00,0.70674,0.71306,0.70337,0.71294,12914.0
2022-02-01 22:00:00+00:00,0.71276,0.71597,0.71182,0.71378,10070.0
2022-02-02 22:00:00+00:00,0.71378,0.71684,0.711,0.71397,12995.0
2022-02-03 22:00:00+00:00,0.7138,0.71515,0.7052,0.70766,13795.0
2022-02-06 22:00:00+00:00,0.70798,0.71304,0.70653,0.7126,10138.0
2022-02-07 22:00:00+00:00,0.71262,0.71468,0.71067,0.71468,8672.0
2022-02-08 22:00:00+00:00,0.71462,0.71947,0.71418,0.71802,6469.0
2022-02-09 22:00:00+00:00,0.71791,0.72486,0.7147,0.71682,17273.0
2022-02-10 22:00:00+00:00,0.71684,0.71852,0.71088,0.71309,23935.0
2022-02-13 22:00:00+00:00,0.71292,0.71505,0.70864,0.71283,135744.0
2022-02-14 22:00:00+00:00,0.7127,0.71567,0.71019,0.71518,95540.0
2022-02-15 22:00:00+00:00,0.71502,0.72051,0.71435,0.71948,87253.0
2022-02-16 22:00:00+00:00,0.71934,0.72175,0.71497,0.71878,126647.0
2022-02-17 22:00:00+00:00,0.71866,0.7228,0.7165,0.71788,95013.0
2022-02-20 22:00:00+00:00,0.71784,0.72227,0.71672,0.71888,95545.0
2022-02-21 22:00:00+00:00,0.719,0.72336,0.7172,0.72182,129454.0
2022-02-22 22:00:00+00:00,0.72198,0.72839,0.72176,0.72326,89561.0
2022-02-23 22:00:00+00:00,0.72324,0.72331,0.70948,0.71618,233259.0
2022-02-24 22:00:00+00:00,0.71639,0.72378,0.7139,0.72307,153295.0
2022-02-27 22:00:00+00:00,0.71894,0.72658,0.71678,0.72638,139748.0
2022-02-28 22:00:00+00:00,0.72622,0.72899,0.7238,0.72542,102852.0
2022-03-01 22:00:00+00:00,0.72516,0.73066,0.72436,0.72976,109894.0
2022-03-02 22:00:00+00:00,0.72964,0.73478,0.72762,0.73281,93190.0
2022-03-03 22:00:00+00:00,0.73292,0.73807,0.73006,0.7375,115655.0
2022-03-06 22:00:00+00:00,0.73768,0.74414,0.73116,0.73147,155341.0
2022-03-07 22:00:00+00:00,0.73174,0.73482,0.72452,0.72698,155197.0
2022-03-08 22:00:00+00:00,0.72692,0.73374,0.72644,0.73219,99249.0
2022-03-09 22:00:00+00:00,0.73212,0.73677,0.72876,0.73588,98832.0
2022-03-10 22:00:00+00:00,0.73571,0.73674,0.72825,0.72915,94125.0
2022-03-13 21:00:00+00:00,0.72898,0.72988,0.71867,0.71868,102655.0
2022-03-14 21:00:00+00:00,0.72046,0.72276,0.71652,0.71948,89263.0
2022-03-15 21:00:00+00:00,0.71933,0.7297,0.71807,0.72917,117632.0
2022-03-16 21:00:00+00:00,0.72904,0.73934,0.72825,0.73756,100209.0
2022-03-17 21:00:00+00:00,0.73758,0.7418,0.73608,0.74138,73906.0
2022-03-20 21:00:00+00:00,0.74104,0.74248,0.73738,0.74002,75425.0
2022-03-21 21:00:00+00:00,0.73966,0.74716,0.73757,0.74694,71193.0
2022-03-22 21:00:00+00:00,0.74678,0.75072,0.74504,0.74998,72114.0
2022-03-23 21:00:00+00:00,0.74994,0.75279,0.74663,0.75132,78389.0
2022-03-24 21:00:00+00:00,0.7512,0.7537,0.74949,0.75155,75455.0
2022-03-27 21:00:00+00:00,0.75072,0.75402,0.74668,0.74915,87530.0
2022-03-28 21:00:00+00:00,0.74908,0.75192,0.74563,0.7508,96536.0
2022-03-29 21:00:00+00:00,0.75059,0.75366,0.75024,0.75109,83596.0
2022-03-30 21:00:00+00:00,0.7509,0.7525,0.74706,0.74835,91445.0
2022-03-31 21:00:00+00:00,0.74822,0.75246,0.74726,0.74992,83877.0
2022-04-03 21:00:00+00:00,0.749,0.75565,0.7483,0.75446,60763.0
2022-04-04 21:00:00+00:00,0.75433,0.76613,0.7536,0.75773,81461.0
2022-04-05 21:00:00+00:00,0.75776,0.75932,0.7486,0.75099,92495.0
2022-04-06 21:00:00+00:00,0.75097,0.75192,0.74664,0.74788,82012.0
2022-04-07 21:00:00+00:00,0.74794,0.74928,0.74264,0.74602,73960.0
2022-04-10 21:00:00+00:00,0.74588,0.7466,0.74134,0.74191,69634.0
2022-04-11 21:00:00+00:00,0.74178,0.74936,0.73995,0.74538,87529.0
2022-04-12 21:00:00+00:00,0.7454,0.74751,0.73918,0.74539,83428.0
2022-04-13 21:00:00+00:00,0.74525,0.74686,0.73972,0.74172,76601.0
2022-04-14 21:00:00+00:00,0.74176,0.74216,0.7391,0.73952,45128.0
2022-04-17 21:00:00+00:00,0.73925,0.74038,0.73429,0.73513,51175.0
2022-04-18 21:00:00+00:00,0.73492,0.73998,0.73453,0.73766,67829.0
2022-04-19 21:00:00+00:00,0.73756,0.74577,0.73726,0.74516,74932.0
2022-04-20 21:00:00+00:00,0.74496,0.74583,0.7365,0.73696,75155.0
2022-04-21 21:00:00+00:00,0.73726,0.73792,0.72348,0.72447,85197.0
2022-04-24 21:00:00+00:00,0.72501,0.72547,0.71348,0.71813,118011.0
2022-04-25 21:00:00+00:00,0.7179,0.7229,0.71189,0.71231,103789.0
2022-04-26 21:00:00+00:00,0.71227,0.7191,0.71012,0.71272,115006.0
2022-04-27 21:00:00+00:00,0.71252,0.71621,0.7055,0.70984,117395.0
2022-04-28 21:00:00+00:00,0.70978,0.718,0.70593,0.7061,104660.0
2022-05-01 21:00:00+00:00,0.70707,0.70822,0.703,0.70516,107313.0
2022-05-02 21:00:00+00:00,0.70501,0.71482,0.7047,0.70946,107214.0
2022-05-03 21:00:00+00:00,0.70958,0.7183,0.70888,0.7129,88034.0
2022-05-04 21:00:00+00:00,0.7129,0.72496,0.70772,0.7114,118528.0
2022-05-05 21:00:00+00:00,0.7112,0.71354,0.70586,0.70766,170733.0
2022-05-08 21:00:00+00:00,0.70688,0.70745,0.69452,0.69474,143727.0
2022-05-09 21:00:00+00:00,0.69503,0.69865,0.69108,0.69402,169317.0
2022-05-10 21:00:00+00:00,0.69386,0.70536,0.69278,0.69402,170373.0
2022-05-11 21:00:00+00:00,0.69371,0.69534,0.6829,0.68548,154645.0
2022-05-12 21:00:00+00:00,0.6857,0.69412,0.68544,0.69391,106520.0
2022-05-15 21:00:00+00:00,0.69277,0.69827,0.68723,0.69696,116853.0
2022-05-16 21:00:00+00:00,0.697,0.70406,0.69678,0.703,113103.0
2022-05-17 21:00:00+00:00,0.70282,0.70466,0.69498,0.69531,99271.0
2022-05-18 21:00:00+00:00,0.6954,0.70728,0.69524,0.70471,161675.0
2022-05-19 21:00:00+00:00,0.70518,0.70737,0.70022,0.7046,116638.0
2022-05-22 21:00:00+00:00,0.70525,0.71271,0.7044,0.71096,105414.0
2022-05-23 21:00:00+00:00,0.71074,0.7113,0.7057,0.71079,109437.0
2022-05-24 21:00:00+00:00,0.71062,0.71192,0.70356,0.70879,117695.0
2022-05-25 21:00:00+00:00,0.70881,0.71098,0.70572,0.7099,88246.0
2022-05-26 21:00:00+00:00,0.70964,0.71668,0.70894,0.71602,79512.0
2022-05-29 21:00:00+00:00,0.71612,0.72,0.7152,0.71974,55424.0
2022-05-30 21:00:00+00:00,0.71976,0.72039,0.71498,0.71769,99897.0
2022-05-31 21:00:00+00:00,0.71759,0.72305,0.71558,0.7175,95228.0
2022-06-01 21:00:00+00:00,0.71748,0.72698,0.7141,0.7266,79887.0
2022-06-02 21:00:00+00:00,0.72653,0.7283,0.72021,0.72078,77367.0
2022-06-05 21:00:00+00:00,0.72141,0.72318,0.7187,0.71945,68358.0
2022-06-06 21:00:00+00:00,0.71938,0.7248,0.71571,0.72318,97964.0
2022-06-07 21:00:00+00:00,0.72323,0.7235,0.71758,0.7191,88076.0
2022-06-08 21:00:00+00:00,0.71906,0.71991,0.70935,0.7096,106528.0
2022-06-09 21:00:00+00:00,0.70968,0.7138,0.70375,0.70434,122023.0
2022-06-12 21:00:00+00:00,0.70392,0.70594,0.69114,0.69254,144116.0
2022-06-13 21:00:00+00:00,0.6924,0.69706,0.68506,0.68714,147568.0
2022-06-14 21:00:00+00:00,0.68718,0.70244,0.68709,0.7004,133724.0
2022-06-15 21:00:00+00:00,0.70034,0.70691,0.69436,0.70494,117425.0
2022-06-16 21:00:00+00:00,0.70474,0.70522,0.68976,0.69351,108112.0
2022-06-19 21:00:00+00:00,0.69227,0.6996,0.69227,0.69524,58231.0
2022-06-20 21:00:00+00:00,0.69518,0.69938,0.69347,0.69724,72303.0
2022-06-21 21:00:00+00:00,0.69726,0.69726,0.68815,0.69258,83339.0
2022-06-22 21:00:00+00:00,0.69252,0.6928,0.68693,0.68942,84882.0
2022-06-23 21:00:00+00:00,0.6895,0.69575,0.68887,0.69396,71148.0
2022-06-26 21:00:00+00:00,0.69484,0.69589,0.69072,0.69248,78393.0
2022-06-27 21:00:00+00:00,0.69248,0.69646,0.69044,0.69053,82309.0
2022-06-28 21:00:00+00:00,0.69067,0.692,0.68616,0.68792,89671.0
2022-06-29 21:00:00+00:00,0.68788,0.69192,0.68537,0.69046,92694.0
2022-06-30 21:00:00+00:00,0.69028,0.69045,0.6764,0.68162,101978.0
2022-07-03 21:00:00+00:00,0.68134,0.68887,0.67938,0.6865,50302.0
2022-07-04 21:00:00+00:00,0.68656,0.6895,0.67616,0.6798,101508.0
2022-07-05 21:00:00+00:00,0.68008,0.68261,0.6762,0.67828,110837.0
2022-07-06 21:00:00+00:00,0.67792,0.68484,0.67646,0.68415,79907.0
2022-07-07 21:00:00+00:00,0.6838,0.68745,0.67918,0.68525,92980.0
2022-07-10 21:00:00+00:00,0.68452,0.68566,0.67146,0.6735,83790.0
2022-07-11 21:00:00+00:00,0.67348,0.6779,0.67108,0.67576,93487.0
2022-07-12 21:00:00+00:00,0.67564,0.68036,0.67258,0.67571,114345.0
2022-07-13 21:00:00+00:00,0.67572,0.67879,0.66816,0.67482,120726.0
2022-07-14 21:00:00+00:00,0.67489,0.68064,0.67192,0.67934,94496.0
2022-07-17 21:00:00+00:00,0.67891,0.68545,0.67886,0.6813,76871.0
2022-07-18 21:00:00+00:00,0.6814,0.69125,0.68026,0.68995,81685.0
2022-07-19 21:00:00+00:00,0.68982,0.69305,0.68732,0.68886,82430.0
2022-07-20 21:00:00+00:00,0.68872,0.69368,0.68591,0.69352,98702.0
2022-07-21 21:00:00+00:00,0.69334,0.69775,0.68934,0.6925,88564.0
2022-07-24 21:00:00+00:00,0.6926,0.69654,0.68787,0.69572,76410.0
2022-07-25 21:00:00+00:00,0.69568,0.69833,0.6922,0.69374,68489.0
2022-07-26 21:00:00+00:00,0.69388,0.70124,0.69124,0.6994,80238.0
2022-07-27 21:00:00+00:00,0.69934,0.7014,0.69548,0.69912,87161.0
2022-07-28 21:00:00+00:00,0.69922,0.70318,0.6911,0.69901,83453.0
2022-07-31 21:00:00+00:00,0.69976,0.7047,0.69686,0.70255,71292.0
2022-08-01 21:00:00+00:00,0.70218,0.70323,0.69124,0.69188,96724.0
2022-08-02 21:00:00+00:00,0.69199,0.69558,0.68863,0.69499,79040.0
2022-08-03 21:00:00+00:00,0.69504,0.699,0.69352,0.69684,71193.0
2022-08-04 21:00:00+00:00,0.69701,0.6975,0.687,0.6912,75270.0
2022-08-07 21:00:00+00:00,0.69094,0.70094,0.68981,0.69836,63034.0
2022-08-08 21:00:00+00:00,0.69812,0.69947,0.69531,0.69636,57871.0
2022-08-09 21:00:00+00:00,0.69636,0.71092,0.69468,0.7081,74477.0
2022-08-10 21:00:00+00:00,0.70812,0.71368,0.70631,0.71074,79866.0
2022-08-11 21:00:00+00:00,0.71052,0.71284,0.70848,0.71228,68924.0
2022-08-14 21:00:00+00:00,0.71191,0.7125,0.70114,0.70224,62055.0
2022-08-15 21:00:00+00:00,0.7022,0.70402,0.69912,0.70238,66508.0
2022-08-16 21:00:00+00:00,0.70218,0.70265,0.6911,0.69372,84952.0
2022-08-17 21:00:00+00:00,0.6937,0.697,0.68991,0.69152,80330.0
2022-08-18 21:00:00+00:00,0.69154,0.69196,0.68592,0.68775,70252.0
2022-08-21 21:00:00+00:00,0.68692,0.6929,0.68624,0.68792,70264.0
2022-08-22 21:00:00+00:00,0.6876,0.69636,0.68562,0.69278,84030.0
2022-08-23 21:00:00+00:00,0.69298,0.69318,0.68792,0.69076,75501.0
2022-08-24 21:00:00+00:00,0.69096,0.69914,0.69025,0.69794,79921.0
2022-08-25 21:00:00+00:00,0.69792,0.70092,0.68886,0.68919,96087.0
2022-08-28 21:00:00+00:00,0.68762,0.6926,0.68411,0.69008,87308.0
2022-08-29 21:00:00+00:00,0.69012,0.69562,0.68459,0.68538,99945.0
2022-08-30 21:00:00+00:00,0.68534,0.6904,0.68349,0.68424,91066.0
2022-08-31 21:00:00+00:00,0.68429,0.68491,0.67712,0.67884,95685.0
2022-09-01 21:00:00+00:00,0.6788,0.68551,0.67796,0.68119,91800.0
2022-09-04 21:00:00+00:00,0.67804,0.6804,0.6773,0.67988,65094.0
2022-09-05 21:00:00+00:00,0.67995,0.68326,0.67277,0.67361,99134.0
2022-09-06 21:00:00+00:00,0.67364,0.67696,0.66992,0.67687,95468.0
2022-09-07 21:00:00+00:00,0.67689,0.67742,0.67134,0.67503,110291.0
2022-09-08 21:00:00+00:00,0.67508,0.68772,0.67476,0.68446,88730.0
2022-09-11 21:00:00+00:00,0.68332,0.68996,0.68243,0.68886,80579.0
2022-09-12 21:00:00+00:00,0.68892,0.69162,0.67268,0.67316,90074.0
2022-09-13 21:00:00+00:00,0.67294,0.67604,0.6705,0.67473,104888.0
2022-09-14 21:00:00+00:00,0.67484,0.67704,0.66962,0.67009,85605.0
2022-09-15 21:00:00+00:00,0.67009,0.67243,0.66698,0.67212,89731.0
2022-09-18 21:00:00+00:00,0.6718,0.67342,0.66724,0.67264,70648.0
2022-09-19 21:00:00+00:00,0.67272,0.67476,0.66766,0.66899,80050.0
2022-09-20 21:00:00+00:00,0.66894,0.67052,0.66215,0.6632,108178.0
2022-09-21 21:00:00+00:00,0.66296,0.66709,0.65738,0.66434,113562.0
2022-09-22 21:00:00+00:00,0.6643,0.66559,0.65116,0.6531,107844.0
2022-09-25 21:00:00+00:00,0.65182,0.65381,0.6438,0.6455,148859.0
2022-09-26 21:00:00+00:00,0.64544,0.6513,0.64142,0.64342,116293.0
2022-09-27 21:00:00+00:00,0.64344,0.65311,0.63633,0.6522,143918.0
2022-09-28 21:00:00+00:00,0.65215,0.65258,0.64358,0.6499,132352.0
2022-09-29 21:00:00+00:00,0.65002,0.6524,0.63914,0.64041,134437.0
2022-10-02 21:00:00+00:00,0.64062,0.65222,0.64023,0.65166,111477.0
2022-10-03 21:00:00+00:00,0.65169,0.65474,0.64507,0.65026,112152.0
2022-10-04 21:00:00+00:00,0.65006,0.65262,0.64166,0.64901,106447.0
2022-10-05 21:00:00+00:00,0.64895,0.6541,0.63894,0.64114,128007.0
2022-10-06 21:00:00+00:00,0.64098,0.64324,0.63545,0.63645,111295.0
2022-10-09 21:00:00+00:00,0.63651,0.63803,0.6275,0.62986,105564.0
2022-10-10 21:00:00+00:00,0.63,0.63461,0.62474,0.62722,132831.0
2022-10-11 21:00:00+00:00,0.62728,0.6299,0.62358,0.6278,134551.0
2022-10-12 21:00:00+00:00,0.62776,0.63168,0.61702,0.6298,136316.0
2022-10-13 21:00:00+00:00,0.62982,0.6347,0.61942,0.6204,140462.0
2022-10-16 21:00:00+00:00,0.62102,0.63123,0.6204,0.62936,108599.0
2022-10-17 21:00:00+00:00,0.6291,0.63399,0.62656,0.6309,117381.0
2022-10-18 21:00:00+00:00,0.63106,0.63253,0.62514,0.62696,112752.0
2022-10-19 21:00:00+00:00,0.62668,0.63562,0.62286,0.62828,118485.0
2022-10-20 21:00:00+00:00,0.62795,0.63932,0.62104,0.63845,149965.0
2022-10-23 21:00:00+00:00,0.63935,0.64116,0.62725,0.63122,152569.0
2022-10-24 21:00:00+00:00,0.63125,0.64123,0.63024,0.63938,98221.0
2022-10-25 21:00:00+00:00,0.63975,0.65112,0.63726,0.64982,116098.0
2022-10-26 21:00:00+00:00,0.65002,0.6522,0.64258,0.64539,127033.0
2022-10-27 21:00:00+00:00,0.64512,0.648,0.63892,0.64132,108723.0
2022-10-30 21:00:00+00:00,0.6403,0.64281,0.63682,0.63968,95399.0
2022-10-31 21:00:00+00:00,0.63953,0.6464,0.63772,0.63934,116826.0
2022-11-01 21:00:00+00:00,0.63956,0.64928,0.63476,0.63486,122292.0
2022-11-02 21:00:00+00:00,0.6351,0.63722,0.62722,0.62884,114055.0
2022-11-03 21:00:00+00:00,0.62924,0.6483,0.6285,0.64712,134629.0
2022-11-06 22:00:00+00:00,0.64202,0.64908,0.64064,0.64795,112206.0
2022-11-07 22:00:00+00:00,0.64786,0.65514,0.64444,0.65056,101653.0
2022-11-08 22:00:00+00:00,0.64968,0.65223,0.64146,0.64311,125019.0
2022-11-09 22:00:00+00:00,0.64304,0.66318,0.63864,0.66198,137404.0
2022-11-10 22:00:00+00:00,0.66193,0.67171,0.65782,0.67045,129847.0
2022-11-13 22:00:00+00:00,0.67014,0.6724,0.66638,0.67006,126464.0
2022-11-14 22:00:00+00:00,0.67017,0.67978,0.66856,0.67564,160436.0
2022-11-15 22:00:00+00:00,0.676,0.67928,0.67196,0.6741,137082.0
2022-11-16 22:00:00+00:00,0.67306,0.67514,0.66344,0.66909,118806.0
2022-11-17 22:00:00+00:00,0.66858,0.67306,0.66614,0.66749,103397.0
2022-11-20 22:00:00+00:00,0.66681,0.66835,0.65851,0.66056,97657.0
2022-11-21 22:00:00+00:00,0.66027,0.66517,0.66012,0.66479,83998.0
2022-11-22 22:00:00+00:00,0.6647,0.67388,0.66342,0.6733,97101.0
2022-11-23 22:00:00+00:00,0.67314,0.67782,0.67252,0.67649,69377.0
2022-11-24 22:00:00+00:00,0.67648,0.67812,0.67207,0.67522,82020.0
2022-11-27 22:00:00+00:00,0.6722,0.67304,0.6642,0.66524,97909.0
2022-11-28 22:00:00+00:00,0.66507,0.67489,0.66404,0.66878,103942.0
2022-11-29 22:00:00+00:00,0.6687,0.68012,0.66701,0.67872,110226.0
2022-11-30 22:00:00+00:00,0.67846,0.68456,0.67824,0.68118,123956.0
2022-12-01 22:00:00+00:00,0.68108,0.68364,0.67424,0.67949,111402.0
2022-12-04 22:00:00+00:00,0.67842,0.68512,0.66874,0.66984,98206.0
2022-12-05 22:00:00+00:00,0.66966,0.67444,0.66811,0.6688,95346.0
2022-12-06 22:00:00+00:00,0.6688,0.67424,0.6669,0.67246,101011.0
2022-12-07 22:00:00+00:00,0.67248,0.67808,0.66986,0.67694,89549.0
2022-12-08 22:00:00+00:00,0.67679,0.68138,0.67433,0.67965,92963.0
2022-12-11 22:00:00+00:00,0.67998,0.68015,0.67289,0.67464,83616.0
2022-12-12 22:00:00+00:00,0.6748,0.68934,0.67402,0.6854,122203.0
2022-12-13 22:00:00+00:00,0.68538,0.68819,0.68104,0.68642,122166.0
2022-12-14 22:00:00+00:00,0.68636,0.687,0.66768,0.67008,102033.0
2022-12-15 22:00:00+00:00,0.67022,0.6736,0.66754,0.66862,98548.0
2022-12-18 22:00:00+00:00,0.67022,0.67325,0.66829,0.66996,84127.0
2022-12-19 22:00:00+00:00,0.67051,0.67442,0.66292,0.66802,125450.0
2022-12-20 22:00:00+00:00,0.66786,0.67282,0.6657,0.67082,98870.0
2022-12-21 22:00:00+00:00,0.67044,0.67674,0.66503,0.66711,89694.0
2022-12-22 22:00:00+00:00,0.66726,0.6725,0.66606,0.67136,83554.0
2022-12-26 22:00:00+00:00,0.67278,0.6776,0.67232,0.67342,73147.0
2022-12-27 22:00:00+00:00,0.6729,0.68012,0.67192,0.67395,83881.0
2022-12-28 22:00:00+00:00,0.67368,0.67876,0.67106,0.67768,73600.0
2022-12-29 22:00:00+00:00,0.67766,0.68212,0.67542,0.68181,85931.0
2023-01-01 22:00:00+00:00,0.68194,0.68204,0.67932,0.68017,23359.0
2023-01-02 22:00:00+00:00,0.68017,0.68347,0.6688,0.67278,110922.0
2023-01-03 22:00:00+00:00,0.67266,0.68865,0.6717,0.68388,116731.0
2023-01-04 22:00:00+00:00,0.68382,0.68453,0.67354,0.67511,104119.0
2023-01-05 22:00:00+00:00,0.67552,0.6887,0.67222,0.68754,113677.0
2023-01-08 22:00:00+00:00,0.68789,0.695,0.68751,0.6913,99372.0
2023-01-09 22:00:00+00:00,0.69145,0.6928,0.68598,0.68934,100541.0
2023-01-10 22:00:00+00:00,0.68857,0.69256,0.68732,0.69066,86718.0
2023-01-11 22:00:00+00:00,0.69022,0.69848,0.6875,0.69687,124096.0
2023-01-12 22:00:00+00:00,0.69678,0.69944,0.69154,0.6976,100913.0
2023-01-15 22:00:00+00:00,0.6972,0.70193,0.69412,0.6956,77558.0
2023-01-16 22:00:00+00:00,0.69548,0.69974,0.69298,0.69858,104916.0
2023-01-17 22:00:00+00:00,0.69873,0.70638,0.69358,0.69406,131373.0
2023-01-18 22:00:00+00:00,0.69421,0.6948,0.68718,0.69104,108758.0
2023-01-19 22:00:00+00:00,0.69104,0.69738,0.69065,0.69684,96332.0
2023-01-22 22:00:00+00:00,0.69672,0.70401,0.69622,0.70283,97492.0
2023-01-23 22:00:00+00:00,0.70272,0.70578,0.69937,0.70458,88739.0
2023-01-24 22:00:00+00:00,0.7047,0.71227,0.70324,0.71032,96405.0
2023-01-25 22:00:00+00:00,0.71041,0.71426,0.70794,0.71144,101519.0
2023-01-26 22:00:00+00:00,0.71082,0.71298,0.70824,0.71092,86192.0
2023-01-29 22:00:00+00:00,0.71017,0.71203,0.70514,0.70603,97300.0
2023-01-30 22:00:00+00:00,0.70608,0.70663,0.69838,0.70536,98101.0
2023-01-31 22:00:00+00:00,0.70552,0.71448,0.70365,0.71368,110651.0
2023-02-01 22:00:00+00:00,0.71372,0.71578,0.7069,0.70764,117852.0
2023-02-02 22:00:00+00:00,0.70724,0.70818,0.69192,0.69219,111962.0
2023-02-05 22:00:00+00:00,0.6905,0.69484,0.68556,0.68832,87684.0
2023-02-06 22:00:00+00:00,0.68822,0.69886,0.68818,0.69588,117861.0
2023-02-07 22:00:00+00:00,0.69572,0.69962,0.69192,0.69235,92855.0
2023-02-08 22:00:00+00:00,0.69258,0.70114,0.69214,0.69362,85658.0
2023-02-09 22:00:00+00:00,0.69362,0.69603,0.69091,0.69188,100939.0
2023-02-12 22:00:00+00:00,0.69226,0.69738,0.68904,0.6966,84615.0
2023-02-13 22:00:00+00:00,0.6968,0.70301,0.69216,0.69861,124065.0
2023-02-14 22:00:00+00:00,0.69874,0.69892,0.6865,0.69035,97395.0
2023-02-15 22:00:00+00:00,0.69008,0.6936,0.68402,0.68794,109769.0
2023-02-16 22:00:00+00:00,0.68741,0.68846,0.68118,0.68786,92521.0
2023-02-19 22:00:00+00:00,0.68704,0.69208,0.68628,0.69103,64068.0
2023-02-20 22:00:00+00:00,0.69077,0.69199,0.68474,0.68558,101314.0
2023-02-21 22:00:00+00:00,0.68546,0.68649,0.67946,0.6805,100552.0
2023-02-22 22:00:00+00:00,0.68048,0.68418,0.67815,0.6807,83258.0
2023-02-23 22:00:00+00:00,0.68072,0.68242,0.67186,0.67264,93850.0
2023-02-26 22:00:00+00:00,0.67318,0.67448,0.66982,0.67388,76634.0
2023-02-27 22:00:00+00:00,0.67361,0.67578,0.67039,0.6729,80514.0
2023-02-28 22:00:00+00:00,0.67324,0.67838,0.66951,0.6759,95304.0
2023-03-01 22:00:00+00:00,0.676,0.67662,0.67066,0.67297,88341.0
2023-03-02 22:00:00+00:00,0.67308,0.6775,0.6726,0.67694,79991.0
2023-03-05 22:00:00+00:00,0.6753,0.67698,0.67162,0.67316,73469.0
2023-03-06 22:00:00+00:00,0.6727,0.67482,0.65804,0.65848,98380.0
2023-03-07 22:00:00+00:00,0.65853,0.66292,0.65678,0.65884,82890.0
2023-03-08 22:00:00+00:00,0.65922,0.66362,0.65762,0.65892,68822.0
2023-03-09 22:00:00+00:00,0.65902,0.66405,0.65644,0.65831,130200.0
2023-03-12 21:00:00+00:00,0.66125,0.67168,0.65998,0.66681,184877.0
2023-03-13 21:00:00+00:00,0.66681,0.66962,0.66318,0.66823,128604.0
2023-03-14 21:00:00+00:00,0.66822,0.67116,0.65902,0.66196,139512.0
2023-03-15 21:00:00+00:00,0.6615,0.6668,0.66114,0.66552,127211.0
2023-03-16 21:00:00+00:00,0.66566,0.67246,0.66468,0.67008,91013.0
2023-03-19 21:00:00+00:00,0.67159,0.67302,0.6666,0.6719,103873.0
2023-03-20 21:00:00+00:00,0.67185,0.67264,0.66498,0.66703,70246.0
2023-03-21 21:00:00+00:00,0.66682,0.6759,0.66616,0.66826,79112.0
2023-03-22 21:00:00+00:00,0.66852,0.67556,0.66698,0.66857,86453.0
2023-03-23 21:00:00+00:00,0.66852,0.66944,0.66252,0.66445,80985.0
2023-03-26 21:00:00+00:00,0.66526,0.6666,0.6634,0.66509,64741.0
2023-03-27 21:00:00+00:00,0.665,0.67104,0.66462,0.67082,58746.0
2023-03-28 21:00:00+00:00,0.67085,0.67133,0.66616,0.66847,60471.0
2023-03-29 21:00:00+00:00,0.66842,0.67184,0.66616,0.67132,57020.0
2023-03-30 21:00:00+00:00,0.67092,0.6738,0.66704,0.6685,59390.0
2023-04-02 21:00:00+00:00,0.66867,0.679,0.66512,0.6786,73934.0
2023-04-03 21:00:00+00:00,0.67783,0.67934,0.67207,0.67514,69198.0
2023-04-04 21:00:00+00:00,0.6752,0.67805,0.66768,0.67212,71311.0
2023-04-05 21:00:00+00:00,0.67196,0.67255,0.66533,0.66724,53546.0
2023-04-06 21:00:00+00:00,0.66711,0.66914,0.6641,0.6669,32555.0
2023-04-09 21:00:00+00:00,0.666,0.66804,0.66194,0.6642,45514.0
2023-04-10 21:00:00+00:00,0.66338,0.66799,0.66278,0.66535,54168.0
2023-04-11 21:00:00+00:00,0.66526,0.67235,0.66484,0.66929,65489.0
2023-04-12 21:00:00+00:00,0.66968,0.67969,0.66854,0.67838,61938.0
2023-04-13 21:00:00+00:00,0.6783,0.68064,0.66952,0.67102,66891.0
2023-04-16 21:00:00+00:00,0.67045,0.67194,0.66812,0.67016,56475.0
2023-04-17 21:00:00+00:00,0.67001,0.67476,0.66961,0.67284,56038.0
2023-04-18 21:00:00+00:00,0.67244,0.67414,0.66901,0.67134,52933.0
2023-04-19 21:00:00+00:00,0.67211,0.67718,0.66971,0.67428,57278.0
2023-04-20 21:00:00+00:00,0.67411,0.67466,0.66778,0.66934,52788.0
2023-04-23 21:00:00+00:00,0.66962,0.6698,0.66656,0.6696,47895.0
2023-04-24 21:00:00+00:00,0.66944,0.67056,0.66144,0.66268,51162.0
2023-04-25 21:00:00+00:00,0.66271,0.66393,0.65916,0.6603,67950.0
2023-04-26 21:00:00+00:00,0.66016,0.66355,0.65955,0.66298,65527.0
2023-04-27 21:00:00+00:00,0.66275,0.66423,0.6574,0.66165,70691.0
2023-04-30 21:00:00+00:00,0.66151,0.66684,0.66075,0.66304,49228.0
2023-05-01 21:00:00+00:00,0.66341,0.67172,0.66208,0.66626,70845.0
2023-05-02 21:00:00+00:00,0.66627,0.67036,0.66494,0.66728,72404.0
2023-05-03 21:00:00+00:00,0.66764,0.67064,0.66404,0.66934,85209.0
2023-05-04 21:00:00+00:00,0.66936,0.67571,0.66908,0.67525,64260.0
2023-05-07 21:00:00+00:00,0.67473,0.68037,0.674,0.67809,45162.0
2023-05-08 21:00:00+00:00,0.6781,0.67869,0.67467,0.6762,48787.0
2023-05-09 21:00:00+00:00,0.67626,0.68182,0.67443,0.6779,59499.0
2023-05-10 21:00:00+00:00,0.67769,0.67961,0.6689,0.67023,66557.0
2023-05-11 21:00:00+00:00,0.67039,0.67064,0.66362,0.66425,53398.0
2023-05-14 21:00:00+00:00,0.6649,0.67089,0.66418,0.66999,47699.0
2023-05-15 21:00:00+00:00,0.66956,0.67098,0.66514,0.66548,54435.0
2023-05-16 21:00:00+00:00,0.66599,0.66733,0.66291,0.6659,52731.0
2023-05-17 21:00:00+00:00,0.66612,0.66678,0.6605,0.66224,56806.0
2023-05-18 21:00:00+00:00,0.6619,0.66751,0.66168,0.66506,65965.0
2023-05-21 21:00:00+00:00,0.66466,0.66678,0.66275,0.66518,57954.0
2023-05-22 21:00:00+00:00,0.66489,0.6662,0.66074,0.66094,57644.0
2023-05-23 21:00:00+00:00,0.66114,0.66154,0.65298,0.65436,64406.0
2023-05-24 21:00:00+00:00,0.6542,0.65486,0.64986,0.65048,61362.0
2023-05-25 21:00:00+00:00,0.65082,0.65444,0.64904,0.65175,56943.0
2023-05-28 21:00:00+00:00,0.65214,0.65542,0.65204,0.65396,29678.0
2023-05-29 21:00:00+00:00,0.65397,0.65594,0.6503,0.65172,58337.0
2023-05-30 21:00:00+00:00,0.65134,0.65397,0.64583,0.65034,63659.0
2023-05-31 21:00:00+00:00,0.64978,0.65818,0.64846,0.65728,60051.0
2023-06-01 21:00:00+00:00,0.65691,0.66388,0.65687,0.66056,57507.0
2023-06-04 21:00:00+00:00,0.66094,0.66377,0.65794,0.66172,51487.0
2023-06-05 21:00:00+00:00,0.6623,0.66856,0.66098,0.66714,56074.0
2023-06-06 21:00:00+00:00,0.66718,0.67174,0.66419,0.6653,55825.0
2023-06-07 21:00:00+00:00,0.66559,0.67182,0.6652,0.67159,50288.0
2023-06-08 21:00:00+00:00,0.67126,0.67509,0.66928,0.67437,49938.0
2023-06-11 21:00:00+00:00,0.67379,0.67736,0.67314,0.67512,41703.0
2023-06-12 21:00:00+00:00,0.67518,0.68071,0.67382,0.67668,60152.0
2023-06-13 21:00:00+00:00,0.67735,0.68358,0.6756,0.67956,60611.0
2023-06-14 21:00:00+00:00,0.68038,0.6893,0.6766,0.68834,58127.0
2023-06-15 21:00:00+00:00,0.68849,0.68999,0.68552,0.68751,55883.0
2023-06-18 21:00:00+00:00,0.68844,0.68845,0.68339,0.68497,42020.0
2023-06-19 21:00:00+00:00,0.68485,0.68554,0.67532,0.67876,62358.0
2023-06-20 21:00:00+00:00,0.67848,0.68046,0.6741,0.67965,69764.0
2023-06-21 21:00:00+00:00,0.67938,0.68063,0.67446,0.6756,64132.0
2023-06-22 21:00:00+00:00,0.6753,0.67678,0.6663,0.66776,66979.0
2023-06-25 21:00:00+00:00,0.66813,0.6694,0.66676,0.66749,55437.0
2023-06-26 21:00:00+00:00,0.66751,0.6721,0.66701,0.66864,67256.0
2023-06-27 21:00:00+00:00,0.66854,0.66894,0.65971,0.6601,64671.0
2023-06-28 21:00:00+00:00,0.66053,0.66406,0.65953,0.6617,62668.0
2023-06-29 21:00:00+00:00,0.66188,0.66717,0.66034,0.66591,48988.0
2023-07-02 21:00:00+00:00,0.66637,0.6692,0.66371,0.66716,41186.0
2023-07-03 21:00:00+00:00,0.66711,0.67056,0.66415,0.66922,32494.0
2023-07-04 21:00:00+00:00,0.66902,0.66984,0.66532,0.6654,41351.0
2023-07-05 21:00:00+00:00,0.6655,0.6688,0.65992,0.66256,50387.0
2023-07-06 21:00:00+00:00,0.66202,0.67008,0.66195,0.66921,50028.0
2023-07-09 21:00:00+00:00,0.66832,0.6696,0.66238,0.66756,45385.0
2023-07-10 21:00:00+00:00,0.66736,0.6695,0.66509,0.6685,44844.0
2023-07-11 21:00:00+00:00,0.66828,0.67963,0.66826,0.67891,59840.0
2023-07-12 21:00:00+00:00,0.67818,0.68948,0.67818,0.68896,51569.0
2023-07-13 21:00:00+00:00,0.68824,0.68951,0.68305,0.6838,49608.0
2023-07-16 21:00:00+00:00,0.68378,0.68425,0.67876,0.68166,46484.0
2023-07-17 21:00:00+00:00,0.68217,0.68372,0.67892,0.6812,66033.0
2023-07-18 21:00:00+00:00,0.68096,0.68202,0.67505,0.6771,62713.0
2023-07-19 21:00:00+00:00,0.67673,0.68469,0.67653,0.67788,62316.0
2023-07-20 21:00:00+00:00,0.67808,0.67879,0.67226,0.67319,55722.0
2023-07-23 21:00:00+00:00,0.67332,0.67562,0.6715,0.67406,53238.0
2023-07-24 21:00:00+00:00,0.67371,0.6795,0.67253,0.67922,54337.0
2023-07-25 21:00:00+00:00,0.67862,0.67938,0.67298,0.67587,74194.0
2023-07-26 21:00:00+00:00,0.67581,0.68212,0.66983,0.67074,70209.0
2023-07-27 21:00:00+00:00,0.67068,0.67136,0.66226,0.66476,73905.0
2023-07-30 21:00:00+00:00,0.66571,0.67395,0.66488,0.6718,56838.0
2023-07-31 21:00:00+00:00,0.6722,0.67236,0.66021,0.66134,56403.0
2023-08-01 21:00:00+00:00,0.66132,0.663,0.6527,0.65386,59661.0
2023-08-02 21:00:00+00:00,0.6538,0.65686,0.65141,0.65506,67450.0
2023-08-03 21:00:00+00:00,0.65478,0.66096,0.65433,0.65701,68466.0
2023-08-06 21:00:00+00:00,0.65728,0.6593,0.65552,0.65744,54297.0
2023-08-07 21:00:00+00:00,0.65721,0.65762,0.64966,0.65446,62004.0
2023-08-08 21:00:00+00:00,0.65432,0.65712,0.652,0.65284,62302.0
2023-08-09 21:00:00+00:00,0.653,0.6617,0.65145,0.65152,65421.0
2023-08-10 21:00:00+00:00,0.65186,0.65336,0.64861,0.64964,62657.0
2023-08-13 21:00:00+00:00,0.64966,0.6503,0.64539,0.6487,61781.0
2023-08-14 21:00:00+00:00,0.64912,0.65224,0.64516,0.64543,71316.0
2023-08-15 21:00:00+00:00,0.64598,0.64806,0.64159,0.64238,72440.0
2023-08-16 21:00:00+00:00,0.64324,0.64504,0.63646,0.64028,72182.0
2023-08-17 21:00:00+00:00,0.64055,0.6429,0.6379,0.64052,53764.0
2023-08-20 21:00:00+00:00,0.641,0.64216,0.63872,0.64137,48870.0
2023-08-21 21:00:00+00:00,0.64124,0.64578,0.64036,0.64228,51937.0
2023-08-22 21:00:00+00:00,0.64218,0.64818,0.6411,0.64808,48544.0
2023-08-23 21:00:00+00:00,0.64774,0.64882,0.64127,0.64164,49300.0
2023-08-24 21:00:00+00:00,0.64177,0.64416,0.638,0.64028,55610.0
2023-08-27 21:00:00+00:00,0.64065,0.644,0.6402,0.64296,39365.0
2023-08-28 21:00:00+00:00,0.64236,0.64868,0.64013,0.64796,49841.0
2023-08-29 21:00:00+00:00,0.64752,0.65223,0.64494,0.64751,51223.0
2023-08-30 21:00:00+00:00,0.64766,0.65078,0.64612,0.6484,50328.0
2023-08-31 21:00:00+00:00,0.64802,0.65222,0.64384,0.64503,53879.0
2023-09-03 21:00:00+00:00,0.64462,0.64806,0.64441,0.64611,25428.0
2023-09-04 21:00:00+00:00,0.64601,0.64646,0.63575,0.63777,49504.0
2023-09-05 21:00:00+00:00,0.638,0.64048,0.63574,0.63828,49413.0
2023-09-06 21:00:00+00:00,0.63795,0.6395,0.63623,0.63756,42210.0
2023-09-07 21:00:00+00:00,0.63772,0.64148,0.63672,0.63772,38957.0
2023-09-10 21:00:00+00:00,0.63867,0.64494,0.63773,0.64312,40520.0
2023-09-11 21:00:00+00:00,0.64294,0.64398,0.64084,0.64266,38537.0
2023-09-12 21:00:00+00:00,0.64219,0.64342,0.63805,0.64214,49611.0
2023-09-13 21:00:00+00:00,0.64226,0.64596,0.64176,0.64406,52860.0
2023-09-14 21:00:00+00:00,0.64338,0.64735,0.6425,0.6431,45339.0
2023-09-17 21:00:00+00:00,0.6444,0.6449,0.64166,0.6437,35097.0
2023-09-18 21:00:00+00:00,0.6438,0.64738,0.64278,0.64532,34929.0
2023-09-19 21:00:00+00:00,0.64558,0.65112,0.64398,0.64479,49397.0
2023-09-20 21:00:00+00:00,0.6444,0.64526,0.63854,0.64155,46740.0
2023-09-21 21:00:00+00:00,0.6418,0.64654,0.64039,0.64412,45349.0
2023-09-24 21:00:00+00:00,0.6445,0.64468,0.64043,0.64238,38128.0
2023-09-25 21:00:00+00:00,0.64192,0.64306,0.63872,0.6397,47965.0
2023-09-26 21:00:00+00:00,0.63996,0.64091,0.63315,0.63527,43770.0
2023-09-27 21:00:00+00:00,0.63596,0.64324,0.63448,0.64278,55942.0
2023-09-28 21:00:00+00:00,0.64193,0.6501,0.64193,0.64328,50161.0
2023-10-01 21:00:00+00:00,0.64226,0.6445,0.63623,0.63626,44547.0
2023-10-02 21:00:00+00:00,0.63645,0.63674,0.62856,0.63018,56662.0
2023-10-03 21:00:00+00:00,0.63038,0.63426,0.62865,0.63246,58010.0
2023-10-04 21:00:00+00:00,0.63228,0.63776,0.6321,0.63708,53969.0
2023-10-05 21:00:00+00:00,0.63692,0.64004,0.63124,0.63846,59681.0
2023-10-08 21:00:00+00:00,0.63599,0.6415,0.63428,0.64118,47934.0
2023-10-09 21:00:00+00:00,0.64125,0.64331,0.63904,0.64318,55001.0
2023-10-10 21:00:00+00:00,0.64247,0.64452,0.63882,0.64136,52158.0
2023-10-11 21:00:00+00:00,0.64086,0.64311,0.63072,0.63136,50681.0
2023-10-12 21:00:00+00:00,0.63138,0.63345,0.62864,0.62956,52248.0
2023-10-15 21:00:00+00:00,0.63034,0.6345,0.6301,0.63423,40185.0
2023-10-16 21:00:00+00:00,0.6336,0.63798,0.6335,0.63656,48927.0
2023-10-17 21:00:00+00:00,0.6361,0.63934,0.63281,0.63364,48329.0
2023-10-18 21:00:00+00:00,0.63338,0.6357,0.62961,0.63284,64991.0
2023-10-19 21:00:00+00:00,0.6329,0.63298,0.62974,0.63143,47822.0
2023-10-22 21:00:00+00:00,0.63174,0.63488,0.6289,0.6335,42234.0
2023-10-23 21:00:00+00:00,0.63388,0.6379,0.63326,0.63558,47452.0
2023-10-24 21:00:00+00:00,0.63534,0.63997,0.63054,0.63086,50901.0
2023-10-25 21:00:00+00:00,0.63126,0.63308,0.62705,0.63222,56862.0
2023-10-26 21:00:00+00:00,0.63234,0.6368,0.63202,0.63338,47752.0
2023-10-29 21:00:00+00:00,0.63388,0.63839,0.63326,0.6375,40609.0
2023-10-30 21:00:00+00:00,0.63724,0.63772,0.63146,0.63364,46578.0
2023-10-31 21:00:00+00:00,0.63342,0.63994,0.63184,0.63928,57536.0
2023-11-01 21:00:00+00:00,0.63933,0.6456,0.63898,0.64344,44432.0
2023-11-02 21:00:00+00:00,0.64342,0.65184,0.64199,0.65128,47554.0
2023-11-05 22:00:00+00:00,0.65082,0.6523,0.64851,0.64894,35541.0
2023-11-06 22:00:00+00:00,0.64909,0.65034,0.6404,0.64362,42087.0
2023-11-07 22:00:00+00:00,0.6434,0.64496,0.63973,0.64029,41106.0
2023-11-08 22:00:00+00:00,0.64036,0.64284,0.63634,0.63665,46905.0
2023-11-09 22:00:00+00:00,0.63684,0.6371,0.63386,0.63594,37848.0
2023-11-12 22:00:00+00:00,0.63576,0.63915,0.63523,0.63771,31909.0
2023-11-13 22:00:00+00:00,0.63803,0.65124,0.63604,0.65074,43547.0
2023-11-14 22:00:00+00:00,0.64983,0.65425,0.64836,0.65094,47241.0
2023-11-15 22:00:00+00:00,0.65048,0.65248,0.64609,0.64718,46675.0
2023-11-16 22:00:00+00:00,0.64708,0.65162,0.64524,0.65146,43779.0
2023-11-19 22:00:00+00:00,0.65066,0.65651,0.6501,0.65569,45384.0
2023-11-20 22:00:00+00:00,0.65587,0.65896,0.65444,0.65557,48087.0
2023-11-21 22:00:00+00:00,0.65577,0.65697,0.65215,0.65432,47389.0
2023-11-22 22:00:00+00:00,0.65454,0.65748,0.65393,0.65584,29007.0
2023-11-23 22:00:00+00:00,0.65576,0.65912,0.65498,0.65842,33747.0
2023-11-26 22:00:00+00:00,0.65808,0.66142,0.65668,0.66066,38378.0
2023-11-27 22:00:00+00:00,0.66054,0.6666,0.65964,0.6649,47287.0
2023-11-28 22:00:00+00:00,0.66473,0.66767,0.66058,0.66178,54502.0
2023-11-29 22:00:00+00:00,0.66184,0.66504,0.6571,0.66054,57783.0
2023-11-30 22:00:00+00:00,0.66058,0.66758,0.65995,0.66752,52745.0
2023-12-03 22:00:00+00:00,0.6669,0.66906,0.66048,0.66197,53475.0
2023-12-04 22:00:00+00:00,0.66179,0.66224,0.65441,0.6552,58619.0
2023-12-05 22:00:00+00:00,0.6551,0.65973,0.65476,0.65488,46614.0
2023-12-06 22:00:00+00:00,0.65525,0.66204,0.65255,0.66018,54893.0
2023-12-07 22:00:00+00:00,0.65975,0.66196,0.65582,0.65751,64559.0
2023-12-10 22:00:00+00:00,0.65707,0.65832,0.65502,0.65673,44169.0
2023-12-11 22:00:00+00:00,0.65658,0.66124,0.65398,0.65597,45146.0
2023-12-12 22:00:00+00:00,0.65584,0.66734,0.65416,0.66606,55120.0
2023-12-13 22:00:00+00:00,0.66602,0.67286,0.6656,0.66978,72147.0
2023-12-14 22:00:00+00:00,0.66974,0.67286,0.66632,0.67038,58700.0
2023-12-17 22:00:00+00:00,0.6701,0.67354,0.66904,0.67066,42116.0
2023-12-18 22:00:00+00:00,0.67069,0.67746,0.67006,0.67624,47582.0
2023-12-19 22:00:00+00:00,0.67642,0.67792,0.67242,0.6731,46522.0
2023-12-20 22:00:00+00:00,0.67341,0.68038,0.67256,0.68028,54946.0
2023-12-21 22:00:00+00:00,0.68004,0.6825,0.67733,0.67997,53138.0
2023-12-25 22:00:00+00:00,0.68082,0.68274,0.67916,0.6824,24799.0
2023-12-26 22:00:00+00:00,0.6824,0.68517,0.6818,0.68474,32934.0
2023-12-27 22:00:00+00:00,0.68457,0.68711,0.68242,0.68292,41799.0
2023-12-28 22:00:00+00:00,0.6833,0.68464,0.67812,0.68119,41818.0
2024-01-01 22:00:00+00:00,0.68116,0.68392,0.67572,0.67608,51124.0
2024-01-02 22:00:00+00:00,0.67684,0.67708,0.6702,0.67312,60411.0
2024-01-03 22:00:00+00:00,0.67235,0.67602,0.66966,0.67065,51219.0
2024-01-04 22:00:00+00:00,0.67074,0.6748,0.66406,0.67162,67430.0
2024-01-07 22:00:00+00:00,0.6717,0.67348,0.66776,0.67194,46736.0
2024-01-08 22:00:00+00:00,0.67202,0.67345,0.66772,0.6687,46992.0
2024-01-09 22:00:00+00:00,0.66859,0.67129,0.66801,0.67004,41228.0
2024-01-10 22:00:00+00:00,0.66965,0.67258,0.66471,0.6688,61919.0
2024-01-11 22:00:00+00:00,0.66862,0.67289,0.66782,0.66858,54869.0
2024-01-14 22:00:00+00:00,0.66868,0.67046,0.66502,0.66598,30654.0
2024-01-15 22:00:00+00:00,0.66582,0.66632,0.65762,0.65837,62139.0
2024-01-16 22:00:00+00:00,0.65847,0.65948,0.6525,0.6552,55787.0
2024-01-17 22:00:00+00:00,0.65547,0.65748,0.6526,0.65737,54397.0
2024-01-18 22:00:00+00:00,0.65689,0.66017,0.65654,0.65972,45050.0
2024-01-21 22:00:00+00:00,0.65948,0.66138,0.65662,0.65696,47907.0
2024-01-22 22:00:00+00:00,0.65705,0.66124,0.65516,0.658,48377.0
2024-01-23 22:00:00+00:00,0.65821,0.66211,0.6566,0.65772,56342.0
2024-01-24 22:00:00+00:00,0.65745,0.66098,0.65661,0.6585,54965.0
2024-01-25 22:00:00+00:00,0.65816,0.66098,0.65762,0.65762,45388.0
2024-01-28 22:00:00+00:00,0.65725,0.66158,0.65701,0.66103,40444.0
2024-01-29 22:00:00+00:00,0.66111,0.66244,0.6575,0.66028,47894.0
2024-01-30 22:00:00+00:00,0.66002,0.66226,0.65515,0.65672,73516.0
2024-01-31 22:00:00+00:00,0.65667,0.6579,0.65082,0.65725,59532.0
2024-02-01 22:00:00+00:00,0.65709,0.66104,0.65024,0.65126,53813.0
2024-02-04 22:00:00+00:00,0.65112,0.65202,0.64688,0.64825,49072.0
2024-02-05 22:00:00+00:00,0.64819,0.65252,0.64782,0.65227,45458.0
2024-02-06 22:00:00+00:00,0.65236,0.65402,0.65156,0.6521,42216.0
2024-02-07 22:00:00+00:00,0.65213,0.65321,0.64804,0.64922,38444.0
2024-02-08 22:00:00+00:00,0.64928,0.65342,0.64873,0.65242,38957.0
2024-02-11 22:00:00+00:00,0.6521,0.6543,0.65124,0.65306,29805.0
2024-02-12 22:00:00+00:00,0.65273,0.6537,0.64428,0.64536,41792.0
2024-02-13 22:00:00+00:00,0.64522,0.64956,0.64466,0.64914,38386.0
2024-02-14 22:00:00+00:00,0.64896,0.65294,0.64776,0.65251,41972.0
2024-02-15 22:00:00+00:00,0.6524,0.65446,0.64966,0.65308,37284.0
2024-02-18 22:00:00+00:00,0.65311,0.65518,0.6527,0.65404,24068.0
2024-02-19 22:00:00+00:00,0.65359,0.65791,0.65215,0.6549,38677.0
2024-02-20 22:00:00+00:00,0.6549,0.65734,0.65332,0.65523,42260.0
2024-02-21 22:00:00+00:00,0.65499,0.6595,0.65404,0.6557,40970.0
2024-02-22 22:00:00+00:00,0.65574,0.65804,0.65498,0.65642,35460.0
2024-02-25 22:00:00+00:00,0.65658,0.6567,0.6531,0.65402,34031.0
2024-02-26 22:00:00+00:00,0.6542,0.65578,0.6525,0.65442,35308.0
2024-02-27 22:00:00+00:00,0.65443,0.65496,0.64887,0.64956,41456.0
2024-02-28 22:00:00+00:00,0.64959,0.65312,0.6487,0.64975,47620.0
2024-02-29 22:00:00+00:00,0.64988,0.6534,0.64896,0.65247,44448.0
2024-03-03 22:00:00+00:00,0.65266,0.65354,0.65076,0.65094,34316.0
2024-03-04 22:00:00+00:00,0.65124,0.65208,0.64775,0.65041,38191.0
2024-03-05 22:00:00+00:00,0.65053,0.65816,0.64927,0.65642,46058.0
2024-03-06 22:00:00+00:00,0.65636,0.66246,0.65608,0.66202,44744.0
2024-03-07 22:00:00+00:00,0.66183,0.66677,0.66131,0.66251,52673.0
2024-03-10 21:00:00+00:00,0.66274,0.66279,0.65968,0.66136,38658.0
2024-03-11 21:00:00+00:00,0.66106,0.6639,0.65844,0.6606,45823.0
2024-03-12 21:00:00+00:00,0.66052,0.66351,0.66003,0.66216,32961.0
2024-03-13 21:00:00+00:00,0.66218,0.66318,0.65695,0.65814,39747.0
2024-03-14 21:00:00+00:00,0.658,0.6585,0.6552,0.65602,35272.0
2024-03-17 21:00:00+00:00,0.65614,0.65741,0.65508,0.65596,27592.0
2024-03-18 21:00:00+00:00,0.65575,0.6564,0.6504,0.6532,42016.0
2024-03-19 21:00:00+00:00,0.65332,0.6587,0.65117,0.65866,43504.0
2024-03-20 21:00:00+00:00,0.6587,0.66347,0.65611,0.65702,42992.0
2024-03-21 21:00:00+00:00,0.65698,0.6577,0.65102,0.65146,37871.0
2024-03-24 21:00:00+00:00,0.65145,0.65469,0.65102,0.65403,32090.0
2024-03-25 21:00:00+00:00,0.65378,0.65591,0.65305,0.65334,29002.0
2024-03-26 21:00:00+00:00,0.65334,0.65388,0.65114,0.65346,33656.0
2024-03-27 21:00:00+00:00,0.65342,0.6541,0.64854,0.65158,33117.0
2024-03-28 21:00:00+00:00,0.6518,0.65336,0.65054,0.6516,21042.0
2024-03-31 21:00:00+00:00,0.65184,0.65389,0.64809,0.64901,26000.0
2024-04-01 21:00:00+00:00,0.64884,0.6524,0.64831,0.6518,31905.0
2024-04-02 21:00:00+00:00,0.65194,0.65698,0.65033,0.65653,32706.0
2024-04-03 21:00:00+00:00,0.65606,0.6619,0.65606,0.65875,28282.0
2024-04-04 21:00:00+00:00,0.65878,0.65928,0.65493,0.65792,42511.0
2024-04-07 21:00:00+00:00,0.65748,0.66102,0.65594,0.66045,38648.0
2024-04-08 21:00:00+00:00,0.6604,0.66444,0.65986,0.66286,34018.0
2024-04-09 21:00:00+00:00,0.66296,0.66314,0.64988,0.65125,51105.0
2024-04-10 21:00:00+00:00,0.6516,0.6553,0.6502,0.65376,50872.0
2024-04-11 21:00:00+00:00,0.65378,0.65433,0.64561,0.64622,45995.0
2024-04-14 21:00:00+00:00,0.6466,0.64932,0.64378,0.64425,48356.0
2024-04-15 21:00:00+00:00,0.64428,0.64448,0.63896,0.64014,55541.0
2024-04-16 21:00:00+00:00,0.64033,0.64462,0.64,0.64352,45854.0
2024-04-17 21:00:00+00:00,0.64369,0.64564,0.64166,0.6421,45352.0
2024-04-18 21:00:00+00:00,0.64218,0.6433,0.63623,0.64176,65707.0
2024-04-21 21:00:00+00:00,0.64148,0.64554,0.64133,0.64492,36162.0
2024-04-22 21:00:00+00:00,0.64485,0.64903,0.64411,0.64874,37071.0
2024-04-23 21:00:00+00:00,0.64836,0.65297,0.64828,0.64977,34885.0
2024-04-24 21:00:00+00:00,0.64946,0.65392,0.64854,0.65185,39120.0
2024-04-25 21:00:00+00:00,0.65182,0.65544,0.65173,0.65338,40598.0
2024-04-28 21:00:00+00:00,0.6531,0.65867,0.65293,0.65662,44369.0
2024-04-29 21:00:00+00:00,0.65658,0.65677,0.64718,0.64729,39780.0
2024-04-30 21:00:00+00:00,0.64796,0.654,0.64653,0.65232,45758.0
2024-05-01 21:00:00+00:00,0.6524,0.65732,0.65156,0.65654,46004.0
2024-05-02 21:00:00+00:00,0.65637,0.66494,0.65637,0.66097,48832.0
2024-05-05 21:00:00+00:00,0.66188,0.66384,0.66052,0.66256,29661.0
2024-05-06 21:00:00+00:00,0.66238,0.66439,0.65868,0.6598,33048.0
2024-05-07 21:00:00+00:00,0.65979,0.65994,0.6558,0.65794,23913.0
2024-05-08 21:00:00+00:00,0.65787,0.66213,0.65654,0.66197,28509.0
2024-05-09 21:00:00+00:00,0.66178,0.6623,0.65963,0.66034,28185.0
2024-05-12 21:00:00+00:00,0.66025,0.66289,0.65858,0.66082,27345.0
2024-05-13 21:00:00+00:00,0.6608,0.66279,0.65794,0.66271,31830.0
2024-05-14 21:00:00+00:00,0.66248,0.6695,0.66218,0.66934,32870.0
2024-05-15 21:00:00+00:00,0.66926,0.67141,0.6654,0.66787,33822.0
2024-05-16 21:00:00+00:00,0.66762,0.6701,0.66488,0.66935,28828.0
2024-05-19 21:00:00+00:00,0.66944,0.67094,0.66621,0.66673,28029.0
2024-05-20 21:00:00+00:00,0.66691,0.6679,0.66465,0.66654,33931.0
2024-05-21 21:00:00+00:00,0.66645,0.66855,0.66081,0.6619,35642.0
2024-05-22 21:00:00+00:00,0.66157,0.66528,0.65976,0.6607,43094.0
2024-05-23 21:00:00+00:00,0.66053,0.66365,0.65922,0.6628,31886.0
2024-05-26 21:00:00+00:00,0.66264,0.66599,0.66224,0.66542,21480.0
2024-05-27 21:00:00+00:00,0.66545,0.66799,0.66426,0.66494,33283.0
2024-05-28 21:00:00+00:00,0.66532,0.66662,0.66095,0.66104,40018.0
2024-05-29 21:00:00+00:00,0.66114,0.66476,0.65908,0.66333,39526.0
2024-05-30 21:00:00+00:00,0.66366,0.66728,0.66266,0.66536,44477.0
2024-06-02 21:00:00+00:00,0.66547,0.6695,0.66326,0.66894,42605.0
2024-06-03 21:00:00+00:00,0.6682,0.66986,0.6631,0.66498,51492.0
2024-06-04 21:00:00+00:00,0.66487,0.66646,0.66261,0.66477,43101.0
2024-06-05 21:00:00+00:00,0.66487,0.66836,0.66334,0.66665,39791.0
2024-06-06 21:00:00+00:00,0.66665,0.66814,0.6579,0.65802,50724.0
2024-06-09 21:00:00+00:00,0.65804,0.66112,0.65761,0.66109,36246.0
2024-06-10 21:00:00+00:00,0.6611,0.66136,0.65886,0.66058,36797.0
2024-06-11 21:00:00+00:00,0.66078,0.67043,0.65971,0.66631,58416.0
2024-06-12 21:00:00+00:00,0.66648,0.66753,0.66261,0.66364,42925.0
2024-06-13 21:00:00+00:00,0.66346,0.66416,0.65915,0.6615,51466.0
2024-06-16 21:00:00+00:00,0.66078,0.66182,0.65854,0.66126,31612.0
2024-06-17 21:00:00+00:00,0.66104,0.66578,0.66001,0.66564,40785.0
2024-06-18 21:00:00+00:00,0.66552,0.66774,0.66544,0.6672,16404.0
2024-06-19 21:00:00+00:00,0.6673,0.66794,0.66476,0.6656,34263.0
2024-06-20 21:00:00+00:00,0.66542,0.66698,0.66316,0.66406,35112.0
2024-06-23 21:00:00+00:00,0.664,0.66677,0.66262,0.66564,35353.0
2024-06-24 21:00:00+00:00,0.6655,0.66727,0.66352,0.66472,36096.0
2024-06-25 21:00:00+00:00,0.66456,0.66886,0.6636,0.66478,41944.0
2024-06-26 21:00:00+00:00,0.66492,0.66726,0.664,0.66472,36440.0
2024-06-27 21:00:00+00:00,0.6648,0.66845,0.66198,0.66699,48536.0
2024-06-30 21:00:00+00:00,0.66822,0.66892,0.6644,0.66592,42744.0
2024-07-01 21:00:00+00:00,0.66572,0.66707,0.66342,0.66669,47357.0
2024-07-02 21:00:00+00:00,0.66671,0.67336,0.66652,0.67056,42243.0
2024-07-03 21:00:00+00:00,0.67058,0.6732,0.67034,0.67262,25926.0
2024-07-04 21:00:00+00:00,0.6727,0.6753,0.67108,0.6749,52016.0
2024-07-07 21:00:00+00:00,0.67372,0.6761,0.67318,0.67376,46819.0
2024-07-08 21:00:00+00:00,0.6736,0.67478,0.6724,0.67412,49599.0
2024-07-09 21:00:00+00:00,0.67414,0.67522,0.67321,0.67472,46892.0
2024-07-10 21:00:00+00:00,0.6748,0.67986,0.67442,0.67594,75483.0
2024-07-11 21:00:00+00:00,0.67602,0.67939,0.67542,0.67842,68351.0
2024-07-14 21:00:00+00:00,0.6773,0.67888,0.67526,0.676,67843.0
2024-07-15 21:00:00+00:00,0.67594,0.67644,0.67148,0.67337,63506.0
2024-07-16 21:00:00+00:00,0.6734,0.67548,0.6721,0.67292,72577.0
2024-07-17 21:00:00+00:00,0.67294,0.67437,0.66978,0.67062,76540.0
2024-07-18 21:00:00+00:00,0.6705,0.67093,0.66802,0.66848,68202.0
2024-07-21 21:00:00+00:00,0.66915,0.67024,0.66314,0.66422,66640.0
2024-07-22 21:00:00+00:00,0.66424,0.66461,0.66113,0.66157,57375.0
2024-07-23 21:00:00+00:00,0.66146,0.66175,0.65776,0.6581,71009.0
2024-07-24 21:00:00+00:00,0.65808,0.65827,0.65138,0.6538,91492.0
2024-07-25 21:00:00+00:00,0.65379,0.65685,0.65356,0.65472,62709.0
2024-07-28 21:00:00+00:00,0.655,0.65686,0.65241,0.65494,65291.0
2024-07-29 21:00:00+00:00,0.65472,0.65624,0.65292,0.65374,71063.0
2024-07-30 21:00:00+00:00,0.65365,0.65558,0.64796,0.65417,95713.0
2024-07-31 21:00:00+00:00,0.65397,0.65601,0.64888,0.65016,87974.0
2024-08-01 21:00:00+00:00,0.64981,0.65476,0.64868,0.65112,105544.0
2024-08-04 21:00:00+00:00,0.65126,0.65204,0.63484,0.64959,195599.0
2024-08-05 21:00:00+00:00,0.64976,0.65417,0.64724,0.65186,146630.0
2024-08-06 21:00:00+00:00,0.65236,0.65748,0.65095,0.65192,117270.0
2024-08-07 21:00:00+00:00,0.6519,0.6594,0.65074,0.65925,106121.0
2024-08-08 21:00:00+00:00,0.65904,0.66054,0.65667,0.65718,83317.0
2024-08-11 21:00:00+00:00,0.65684,0.6605,0.6565,0.65861,68654.0
2024-08-12 21:00:00+00:00,0.65853,0.66382,0.65792,0.66339,71617.0
2024-08-13 21:00:00+00:00,0.66314,0.66428,0.65955,0.65966,80948.0
2024-08-14 21:00:00+00:00,0.66011,0.66347,0.6564,0.6611,72060.0
2024-08-15 21:00:00+00:00,0.66115,0.66714,0.66077,0.66699,58919.0
2024-08-18 21:00:00+00:00,0.66656,0.67338,0.66581,0.67322,67946.0
2024-08-19 21:00:00+00:00,0.67294,0.67493,0.67132,0.67468,69838.0
2024-08-20 21:00:00+00:00,0.67446,0.6761,0.67308,0.67442,65860.0
2024-08-21 21:00:00+00:00,0.67456,0.67529,0.66972,0.67053,67102.0
2024-08-22 21:00:00+00:00,0.6705,0.67986,0.67022,0.67968,76756.0
2024-08-25 21:00:00+00:00,0.6792,0.67974,0.67666,0.67714,59410.0
2024-08-26 21:00:00+00:00,0.67728,0.67958,0.67618,0.6793,59394.0
2024-08-27 21:00:00+00:00,0.6792,0.68131,0.67644,0.67849,73395.0
2024-08-28 21:00:00+00:00,0.67844,0.68239,0.67811,0.67985,75968.0
2024-08-29 21:00:00+00:00,0.67986,0.68165,0.67516,0.67654,66722.0
2024-09-01 21:00:00+00:00,0.6766,0.67948,0.67569,0.6791,39886.0
2024-09-02 21:00:00+00:00,0.67912,0.67926,0.67079,0.67115,72096.0
2024-09-03 21:00:00+00:00,0.67116,0.67496,0.66857,0.67252,74720.0
2024-09-04 21:00:00+00:00,0.67216,0.67418,0.67136,0.67408,72780.0
2024-09-05 21:00:00+00:00,0.67402,0.67674,0.666,0.66702,89603.0
2024-09-08 21:00:00+00:00,0.66681,0.66892,0.66479,0.66608,63083.0
2024-09-09 21:00:00+00:00,0.66612,0.66766,0.66412,0.66524,60743.0
2024-09-10 21:00:00+00:00,0.66545,0.6676,0.66222,0.66741,79815.0
2024-09-11 21:00:00+00:00,0.66736,0.67254,0.66569,0.67231,70914.0
2024-09-12 21:00:00+00:00,0.67212,0.67328,0.66924,0.67046,70816.0
2024-09-15 21:00:00+00:00,0.67072,0.67536,0.67036,0.67518,53576.0
2024-09-16 21:00:00+00:00,0.67531,0.67688,0.67416,0.67559,66733.0
2024-09-17 21:00:00+00:00,0.67567,0.68204,0.67426,0.6764,91689.0
2024-09-18 21:00:00+00:00,0.67615,0.68391,0.67378,0.68143,96580.0
2024-09-19 21:00:00+00:00,0.68138,0.68288,0.6783,0.68073,81016.0
2024-09-22 21:00:00+00:00,0.68016,0.68538,0.68004,0.68372,65194.0
2024-09-23 21:00:00+00:00,0.68379,0.68933,0.68144,0.68922,76731.0
2024-09-24 21:00:00+00:00,0.6892,0.69082,0.68182,0.68232,74477.0
2024-09-25 21:00:00+00:00,0.6823,0.69049,0.68191,0.68954,78131.0
2024-09-26 21:00:00+00:00,0.68869,0.69373,0.68682,0.69019,82102.0
2024-09-29 21:00:00+00:00,0.69006,0.69426,0.68978,0.69139,79582.0
2024-09-30 21:00:00+00:00,0.69117,0.69348,0.68564,0.68832,91385.0
2024-10-01 21:00:00+00:00,0.68896,0.69158,0.68756,0.68856,79004.0
2024-10-02 21:00:00+00:00,0.68849,0.68886,0.68302,0.68408,85097.0
2024-10-03 21:00:00+00:00,0.68406,0.68524,0.67856,0.6794,73964.0
2024-10-06 21:00:00+00:00,0.67928,0.68102,0.67433,0.67569,76028.0
2024-10-07 21:00:00+00:00,0.67572,0.67696,0.67152,0.67476,95446.0
2024-10-08 21:00:00+00:00,0.67462,0.6762,0.67079,0.67182,83244.0
2024-10-09 21:00:00+00:00,0.67178,0.67424,0.67015,0.67409,86705.0
2024-10-10 21:00:00+00:00,0.67408,0.67594,0.67249,0.67509,56745.0
2024-10-13 21:00:00+00:00,0.67412,0.67464,0.67023,0.67266,63833.0
2024-10-14 21:00:00+00:00,0.67228,0.67328,0.66982,0.67038,67511.0
2024-10-15 21:00:00+00:00,0.67034,0.67058,0.66584,0.66664,66976.0
2024-10-16 21:00:00+00:00,0.66643,0.67104,0.66595,0.66962,81387.0
2024-10-17 21:00:00+00:00,0.66945,0.67194,0.66942,0.67066,80434.0
2024-10-20 21:00:00+00:00,0.67044,0.67234,0.6653,0.66587,78842.0
2024-10-21 21:00:00+00:00,0.66564,0.66952,0.66508,0.66826,83964.0
2024-10-22 21:00:00+00:00,0.66822,0.66918,0.66141,0.6634,89182.0
2024-10-23 21:00:00+00:00,0.66332,0.66614,0.66208,0.66402,84071.0
2024-10-24 21:00:00+00:00,0.66394,0.66468,0.66012,0.66045,72886.0
2024-10-27 21:00:00+00:00,0.66149,0.66171,0.65796,0.6583,65875.0
2024-10-28 21:00:00+00:00,0.65846,0.65856,0.6545,0.65608,84313.0
2024-10-29 21:00:00+00:00,0.6561,0.65963,0.65369,0.65728,94282.0
2024-10-30 21:00:00+00:00,0.6572,0.65844,0.65398,0.65815,96699.0
2024-10-31 21:00:00+00:00,0.65816,0.65914,0.65538,0.65594,100747.0
2024-11-03 22:00:00+00:00,0.66099,0.66192,0.65798,0.6585,100406.0
2024-11-04 22:00:00+00:00,0.65842,0.66418,0.6579,0.66383,85795.0
2024-11-05 22:00:00+00:00,0.66348,0.6645,0.65124,0.65718,258330.0
2024-11-06 22:00:00+00:00,0.6569,0.6688,0.65643,0.66806,133951.0
2024-11-07 22:00:00+00:00,0.66764,0.66816,0.65583,0.65826,118242.0
2024-11-10 22:00:00+00:00,0.65866,0.65984,0.65627,0.65746,84941.0
2024-11-11 22:00:00+00:00,0.65753,0.65818,0.65142,0.65335,112868.0
2024-11-12 22:00:00+00:00,0.65356,0.65462,0.64804,0.6486,122228.0
2024-11-13 22:00:00+00:00,0.64874,0.64976,0.64408,0.64546,127990.0
2024-11-14 22:00:00+00:00,0.64556,0.64816,0.6443,0.64618,118012.0
2024-11-17 22:00:00+00:00,0.64642,0.65114,0.6448,0.6508,96769.0
2024-11-18 22:00:00+00:00,0.65058,0.6534,0.64824,0.65319,118396.0
2024-11-19 22:00:00+00:00,0.65296,0.65446,0.64844,0.65059,94224.0
2024-11-20 22:00:00+00:00,0.65054,0.65327,0.64972,0.65113,111650.0
2024-11-21 22:00:00+00:00,0.65122,0.65214,0.64712,0.65008,134402.0
2024-11-24 22:00:00+00:00,0.65345,0.65498,0.64874,0.65044,114617.0
2024-11-25 22:00:00+00:00,0.65024,0.65078,0.64342,0.64744,137803.0
2024-11-26 22:00:00+00:00,0.64722,0.65008,0.64594,0.64972,120362.0
2024-11-27 22:00:00+00:00,0.64942,0.65096,0.64772,0.64989,74285.0
2024-11-28 22:00:00+00:00,0.64932,0.65282,0.64928,0.65142,110784.0
2024-12-01 22:00:00+00:00,0.65134,0.6516,0.6443,0.64763,126754.0
2024-12-02 22:00:00+00:00,0.64742,0.65048,0.64554,0.64866,97166.0
2024-12-03 22:00:00+00:00,0.64831,0.64884,0.63992,0.643,109461.0
2024-12-04 22:00:00+00:00,0.64294,0.6455,0.64214,0.64533,74713.0
2024-12-05 22:00:00+00:00,0.64541,0.64558,0.63728,0.63892,94332.0
2024-12-08 22:00:00+00:00,0.63919,0.64716,0.63798,0.644,70684.0
2024-12-09 22:00:00+00:00,0.64369,0.64432,0.63655,0.63778,83346.0
2024-12-10 22:00:00+00:00,0.63776,0.63894,0.63368,0.63696,95253.0
2024-12-11 22:00:00+00:00,0.63694,0.64295,0.6361,0.63683,99248.0
2024-12-12 22:00:00+00:00,0.63732,0.63838,0.63518,0.63624,76776.0
2024-12-15 22:00:00+00:00,0.63529,0.63828,0.63451,0.63708,66885.0
2024-12-16 22:00:00+00:00,0.63686,0.6378,0.63316,0.63358,66498.0
2024-12-17 22:00:00+00:00,0.63389,0.634,0.62141,0.62174,92302.0
2024-12-18 22:00:00+00:00,0.62182,0.62654,0.6199,0.62387,103477.0
2024-12-19 22:00:00+00:00,0.6236,0.62746,0.6215,0.62511,96242.0
2024-12-22 22:00:00+00:00,0.62574,0.62651,0.62188,0.62487,69836.0
2024-12-23 22:00:00+00:00,0.62478,0.62661,0.62246,0.62398,53431.0
2024-12-25 22:00:00+00:00,0.62465,0.62544,0.62156,0.62211,61760.0
2024-12-26 22:00:00+00:00,0.62252,0.62287,0.62006,0.6217,72206.0
2024-12-29 22:00:00+00:00,0.62185,0.62468,0.6202,0.62218,65473.0
2024-12-30 22:00:00+00:00,0.62211,0.62318,0.61792,0.61881,67875.0
2025-01-01 22:00:00+00:00,0.61865,0.62228,0.61834,0.62038,80279.0
2025-01-02 22:00:00+00:00,0.62014,0.62258,0.61969,0.62171,64839.0
2025-01-05 22:00:00+00:00,0.62148,0.63022,0.62073,0.62457,100946.0
2025-01-06 22:00:00+00:00,0.62437,0.62882,0.62279,0.62312,83384.0
2025-01-07 22:00:00+00:00,0.62302,0.62423,0.61874,0.62165,89251.0
2025-01-08 22:00:00+00:00,0.62138,0.62175,0.61721,0.61955,58718.0
2025-01-09 22:00:00+00:00,0.61966,0.62062,0.61394,0.61462,96167.0
2025-01-12 22:00:00+00:00,0.61495,0.61782,0.61311,0.61778,80136.0
2025-01-13 22:00:00+00:00,0.6178,0.62074,0.6166,0.61944,86171.0
2025-01-14 22:00:00+00:00,0.61948,0.62467,0.61811,0.62272,77100.0
2025-01-15 22:00:00+00:00,0.62232,0.62466,0.61922,0.62126,83141.0
2025-01-16 22:00:00+00:00,0.62115,0.62274,0.61644,0.61914,75222.0
2025-01-19 22:00:00+00:00,0.6199,0.62869,0.61902,0.62746,96060.0
2025-01-20 22:00:00+00:00,0.62718,0.6289,0.62083,0.62734,119846.0
2025-01-21 22:00:00+00:00,0.6275,0.62957,0.62529,0.62736,79149.0
2025-01-22 22:00:00+00:00,0.6273,0.62998,0.6255,0.6285,80886.0
2025-01-23 22:00:00+00:00,0.62856,0.63308,0.62786,0.63142,94625.0
2025-01-26 22:00:00+00:00,0.6304,0.6308,0.62749,0.62922,99135.0
2025-01-27 22:00:00+00:00,0.62914,0.62946,0.62366,0.62522,79461.0
2025-01-28 22:00:00+00:00,0.62512,0.62556,0.62102,0.62322,86665.0
2025-01-29 22:00:00+00:00,0.62296,0.62436,0.61989,0.62098,83409.0
2025-01-30 22:00:00+00:00,0.62102,0.62628,0.62031,0.62108,108304.0
2025-02-02 22:00:00+00:00,0.61596,0.62378,0.60878,0.62266,194835.0
2025-02-03 22:00:00+00:00,0.6225,0.6262,0.61706,0.62556,95460.0
2025-02-04 22:00:00+00:00,0.62539,0.6297,0.62403,0.6285,84479.0
2025-02-05 22:00:00+00:00,0.62854,0.62882,0.62552,0.62836,66629.0
2025-02-06 22:00:00+00:00,0.62786,0.63018,0.62532,0.62726,100685.0
2025-02-09 22:00:00+00:00,0.62403,0.62875,0.62396,0.62782,61405.0
2025-02-10 22:00:00+00:00,0.62776,0.6302,0.62606,0.62949,73353.0
2025-02-11 22:00:00+00:00,0.62956,0.63096,0.62352,0.62789,92526.0
2025-02-12 22:00:00+00:00,0.62816,0.6323,0.62548,0.63176,99487.0
2025-02-13 22:00:00+00:00,0.63174,0.63678,0.63104,0.63516,74468.0
2025-02-16 22:00:00+00:00,0.63476,0.6374,0.63472,0.6357,60479.0
2025-02-17 22:00:00+00:00,0.6356,0.63678,0.63346,0.63518,68798.0
2025-02-18 22:00:00+00:00,0.63521,0.63701,0.63368,0.63449,70226.0
2025-02-19 22:00:00+00:00,0.6347,0.64044,0.63277,0.6401,81874.0
2025-02-20 22:00:00+00:00,0.63971,0.64086,0.63518,0.63567,79237.0
2025-02-23 22:00:00+00:00,0.63612,0.63922,0.63443,0.63488,86528.0
2025-02-24 22:00:00+00:00,0.63498,0.63566,0.63224,0.6344,84969.0
2025-02-25 22:00:00+00:00,0.63434,0.63538,0.6296,0.63054,85751.0
2025-02-26 22:00:00+00:00,0.63044,0.63146,0.62319,0.62362,104573.0
2025-02-27 22:00:00+00:00,0.62352,0.62384,0.61926,0.62094,96823.0
2025-03-02 22:00:00+00:00,0.62156,0.62546,0.62038,0.62246,113481.0
2025-03-03 22:00:00+00:00,0.62218,0.62721,0.6187,0.62713,149106.0
2025-03-04 22:00:00+00:00,0.62678,0.63424,0.6234,0.63352,142510.0
2025-03-05 22:00:00+00:00,0.6331,0.63641,0.63226,0.63332,130926.0
2025-03-06 22:00:00+00:00,0.63294,0.63377,0.62822,0.63066,123692.0
2025-03-09 21:00:00+00:00,0.631,0.6331,0.62646,0.62794,111758.0
2025-03-10 21:00:00+00:00,0.62788,0.63118,0.6259,0.62986,123387.0
2025-03-11 21:00:00+00:00,0.62984,0.6323,0.62766,0.632,98335.0
2025-03-12 21:00:00+00:00,0.63199,0.63338,0.62692,0.62834,89347.0
2025-03-13 21:00:00+00:00,0.62844,0.63314,0.6278,0.63268,82485.0
2025-03-16 21:00:00+00:00,0.63203,0.6391,0.63202,0.63848,62153.0
2025-03-17 21:00:00+00:00,0.63836,0.63909,0.6344,0.6361,52733.0
2025-03-18 21:00:00+00:00,0.63617,0.63666,0.63206,0.63576,71991.0
2025-03-19 21:00:00+00:00,0.63572,0.63639,0.62712,0.6303,74175.0
2025-03-20 21:00:00+00:00,0.62996,0.63063,0.6258,0.62728,57398.0
2025-03-23 21:00:00+00:00,0.62733,0.63054,0.62677,0.6286,57505.0
2025-03-24 21:00:00+00:00,0.62858,0.63256,0.62786,0.63034,52139.0
2025-03-25 21:00:00+00:00,0.63026,0.63307,0.62785,0.62976,62903.0
2025-03-26 21:00:00+00:00,0.62993,0.63186,0.62792,0.6305,63481.0
2025-03-27 21:00:00+00:00,0.63043,0.63122,0.62809,0.62878,54553.0
2025-03-30 21:00:00+00:00,0.62884,0.63006,0.62189,0.62464,69263.0
2025-03-31 21:00:00+00:00,0.62458,0.62831,0.62318,0.6278,68194.0
2025-04-01 21:00:00+00:00,0.62779,0.6341,0.62578,0.62966,76862.0
2025-04-02 21:00:00+00:00,0.6293,0.6389,0.62262,0.63285,167092.0
2025-04-03 21:00:00+00:00,0.63281,0.63322,0.59868,0.60401,263109.0
2025-04-06 21:00:00+00:00,0.59987,0.61278,0.59329,0.59862,382451.0
2025-04-07 21:00:00+00:00,0.59831,0.60855,0.59468,0.59566,218177.0
2025-04-08 21:00:00+00:00,0.59586,0.61758,0.5914,0.61545,335142.0
2025-04-09 21:00:00+00:00,0.61552,0.62494,0.61156,0.62238,274757.0
2025-04-10 21:00:00+00:00,0.62274,0.63009,0.6181,0.62902,325910.0
2025-04-13 21:00:00+00:00,0.63017,0.63428,0.62752,0.63264,171103.0
2025-04-14 21:00:00+00:00,0.63224,0.63832,0.63161,0.63446,117831.0
2025-04-15 21:00:00+00:00,0.63443,0.63917,0.63224,0.63713,134079.0
2025-04-16 21:00:00+00:00,0.63711,0.63942,0.63332,0.63916,103443.0
2025-04-17 21:00:00+00:00,0.63863,0.63943,0.63673,0.6376,699651.0
2025-04-20 21:00:00+00:00,0.63724,0.64378,0.63698,0.64164,84207.0
2025-04-21 21:00:00+00:00,0.64138,0.64394,0.63613,0.6365,98376.0
2025-04-22 21:00:00+00:00,0.63692,0.6436,0.63492,0.63594,129006.0
2025-04-23 21:00:00+00:00,0.63602,0.64136,0.63436,0.64096,86906.0
2025-04-24 21:00:00+00:00,0.64043,0.64209,0.63746,0.63968,76069.0
2025-04-27 21:00:00+00:00,0.63924,0.64352,0.63678,0.6432,72076.0
2025-04-28 21:00:00+00:00,0.64302,0.64498,0.63761,0.63838,73549.0
2025-04-29 21:00:00+00:00,0.63848,0.64179,0.63561,0.64024,82292.0
2025-04-30 21:00:00+00:00,0.64,0.64273,0.63657,0.63834,73337.0
2025-05-01 21:00:00+00:00,0.63763,0.64698,0.63736,0.6445,93943.0
2025-05-04 21:00:00+00:00,0.64553,0.64939,0.64344,0.64688,71482.0
2025-05-05 21:00:00+00:00,0.64637,0.65018,0.64378,0.64946,69136.0
2025-05-06 21:00:00+00:00,0.64944,0.65149,0.64212,0.6425,96633.0
2025-05-07 21:00:00+00:00,0.64248,0.64646,0.63953,0.63996,82933.0
2025-05-08 21:00:00+00:00,0.64018,0.64325,0.63712,0.64114,60505.0
2025-05-11 21:00:00+00:00,0.6421,0.64616,0.63565,0.63718,115324.0
2025-05-12 21:00:00+00:00,0.63697,0.6479,0.63614,0.64706,81010.0
2025-05-13 21:00:00+00:00,0.64688,0.65012,0.64224,0.64286,89407.0
2025-05-14 21:00:00+00:00,0.64314,0.64582,0.63905,0.6407,77688.0
2025-05-15 21:00:00+00:00,0.64052,0.64363,0.63878,0.64034,59754.0
2025-05-18 21:00:00+00:00,0.64029,0.64651,0.6398,0.64576,69477.0
2025-05-19 21:00:00+00:00,0.64573,0.64592,0.63918,0.64243,61038.0
2025-05-20 21:00:00+00:00,0.64244,0.64694,0.64182,0.64373,76385.0
2025-05-21 21:00:00+00:00,0.64382,0.6459,0.64073,0.64105,75910.0
2025-05-22 21:00:00+00:00,0.64136,0.64996,0.64084,0.64954,73337.0
2025-05-25 21:00:00+00:00,0.64916,0.65376,0.64826,0.64876,48510.0
2025-05-26 21:00:00+00:00,0.64912,0.64958,0.64349,0.64427,59271.0
2025-05-27 21:00:00+00:00,0.64451,0.6454,0.641,0.64268,65412.0
2025-05-28 21:00:00+00:00,0.6426,0.64602,0.64073,0.64422,92876.0
2025-05-29 21:00:00+00:00,0.64449,0.64526,0.64075,0.64319,82221.0
2025-06-01 21:00:00+00:00,0.64346,0.65004,0.64334,0.64968,63607.0
2025-06-02 21:00:00+00:00,0.6492,0.65,0.6447,0.64626,63668.0
2025-06-03 21:00:00+00:00,0.64589,0.65048,0.64506,0.64921,62186.0
2025-06-04 21:00:00+00:00,0.64912,0.65382,0.6486,0.65056,74548.0
2025-06-05 21:00:00+00:00,0.65085,0.65172,0.64795,0.64931,74376.0
2025-06-08 21:00:00+00:00,0.64982,0.6534,0.6494,0.65164,45219.0
2025-06-09 21:00:00+00:00,0.65146,0.65331,0.649,0.65222,67880.0
2025-06-10 21:00:00+00:00,0.65244,0.6546,0.6496,0.6501,70207.0
2025-06-11 21:00:00+00:00,0.65036,0.65339,0.64773,0.65326,77823.0
2025-06-12 21:00:00+00:00,0.6533,0.65336,0.64562,0.6487,121637.0
2025-06-15 21:00:00+00:00,0.64823,0.65522,0.64664,0.6524,85133.0
2025-06-16 21:00:00+00:00,0.65261,0.65439,0.6466,0.64764,93516.0
2025-06-17 21:00:00+00:00,0.64824,0.65376,0.64687,0.65084,103691.0
2025-06-18 21:00:00+00:00,0.65059,0.65119,0.64458,0.64808,79530.0
2025-06-19 21:00:00+00:00,0.64707,0.64957,0.6448,0.64492,74116.0
2025-06-22 21:00:00+00:00,0.64294,0.64636,0.63726,0.64592,114486.0
2025-06-23 21:00:00+00:00,0.6458,0.65195,0.64564,0.64892,97632.0
2025-06-24 21:00:00+00:00,0.6491,0.65152,0.64844,0.65134,77390.0
2025-06-25 21:00:00+00:00,0.6512,0.6564,0.6506,0.65466,94984.0
2025-06-26 21:00:00+00:00,0.65454,0.65611,0.65084,0.65309,89843.0
2025-06-29 21:00:00+00:00,0.6537,0.65834,0.65229,0.65814,76643.0
2025-06-30 21:00:00+00:00,0.65812,0.65904,0.65538,0.6583,74756.0
2025-07-01 21:00:00+00:00,0.65778,0.65888,0.65434,0.6584,72257.0
2025-07-02 21:00:00+00:00,0.65834,0.65878,0.6537,0.65711,67502.0
2025-07-03 21:00:00+00:00,0.65719,0.65791,0.6546,0.65539,94070.0
2025-07-06 21:00:00+00:00,0.6565,0.6565,0.64854,0.64906,73868.0
2025-07-07 21:00:00+00:00,0.64965,0.65586,0.6491,0.65304,87829.0
2025-07-08 21:00:00+00:00,0.65286,0.6548,0.65097,0.65346,79218.0
2025-07-09 21:00:00+00:00,0.65322,0.65916,0.65313,0.65893,54529.0
2025-07-10 21:00:00+00:00,0.65786,0.65953,0.65564,0.6576,77152.0
2025-07-13 21:00:00+00:00,0.65642,0.65877,0.65428,0.65456,51496.0
2025-07-14 21:00:00+00:00,0.65496,0.65758,0.65078,0.65142,64299.0
2025-07-15 21:00:00+00:00,0.65164,0.65546,0.64952,0.65282,85657.0
2025-07-16 21:00:00+00:00,0.65301,0.65332,0.64542,0.64876,58289.0
2025-07-17 21:00:00+00:00,0.64846,0.6541,0.64815,0.65067,43585.0
2025-07-20 21:00:00+00:00,0.65164,0.65376,0.6498,0.65246,42705.0
2025-07-21 21:00:00+00:00,0.6528,0.65581,0.6504,0.65554,51490.0
2025-07-22 21:00:00+00:00,0.65542,0.66032,0.6548,0.6603,65461.0
2025-07-23 21:00:00+00:00,0.66,0.66253,0.65863,0.65904,61964.0
2025-07-24 21:00:00+00:00,0.65949,0.65988,0.6551,0.6566,62530.0
2025-07-27 21:00:00+00:00,0.65746,0.65863,0.65129,0.6521,68211.0
2025-07-28 21:00:00+00:00,0.6521,0.653,0.64962,0.65099,64317.0
2025-07-29 21:00:00+00:00,0.65121,0.6529,0.6426,0.64338,90220.0
2025-07-30 21:00:00+00:00,0.64346,0.64764,0.6424,0.6425,70276.0
2025-07-31 21:00:00+00:00,0.64287,0.64935,0.6419,0.64688,103863.0
2025-08-03 21:00:00+00:00,0.64677,0.64898,0.64595,0.64672,71865.0
2025-08-04 21:00:00+00:00,0.64718,0.64796,0.64496,0.64726,65171.0
2025-08-05 21:00:00+00:00,0.64676,0.65089,0.64657,0.65038,50403.0
2025-08-06 21:00:00+00:00,0.6505,0.65414,0.64896,0.65232,66653.0
2025-08-07 21:00:00+00:00,0.65169,0.65348,0.65116,0.6522,47733.0
2025-08-10 21:00:00+00:00,0.65239,0.65288,0.65012,0.65132,43193.0
2025-08-11 21:00:00+00:00,0.65105,0.65406,0.64818,0.65296,72884.0
2025-08-12 21:00:00+00:00,0.65265,0.65629,0.65163,0.65461,42976.0
2025-08-13 21:00:00+00:00,0.6545,0.65688,0.64828,0.6496,59196.0
2025-08-14 21:00:00+00:00,0.64914,0.65229,0.6488,0.6508,46195.0
2025-08-17 21:00:00+00:00,0.65102,0.65244,0.64816,0.64919,36354.0
2025-08-18 21:00:00+00:00,0.64972,0.64979,0.64498,0.6454,44089.0
2025-08-19 21:00:00+00:00,0.64607,0.64607,0.64238,0.64334,50874.0
2025-08-20 21:00:00+00:00,0.64314,0.64369,0.64146,0.64212,50889.0
2025-08-21 21:00:00+00:00,0.64224,0.6501,0.64152,0.64914,63899.0
2025-08-24 21:00:00+00:00,0.64922,0.6505,0.64718,0.64833,39587.0
2025-08-25 21:00:00+00:00,0.64788,0.6501,0.64702,0.64944,53112.0
2025-08-26 21:00:00+00:00,0.64912,0.6513,0.64624,0.65057,47021.0
2025-08-27 21:00:00+00:00,0.65038,0.65376,0.6503,0.65325,42051.0
2025-08-28 21:00:00+00:00,0.65274,0.65487,0.65229,0.6539,45675.0
2025-08-31 21:00:00+00:00,0.65461,0.65601,0.6535,0.65544,33562.0
2025-09-01 21:00:00+00:00,0.6551,0.65587,0.64832,0.65206,64742.0
2025-09-02 21:00:00+00:00,0.65177,0.65544,0.65022,0.65437,57557.0
2025-09-03 21:00:00+00:00,0.65395,0.65499,0.65014,0.65177,50031.0
2025-09-04 21:00:00+00:00,0.65132,0.65888,0.6513,0.65565,60533.0
2025-09-07 21:00:00+00:00,0.65528,0.65987,0.6546,0.65926,49802.0
2025-09-08 21:00:00+00:00,0.65894,0.66198,0.65822,0.65854,52791.0
2025-09-09 21:00:00+00:00,0.65864,0.66357,0.65802,0.66132,55681.0
2025-09-10 21:00:00+00:00,0.66174,0.66652,0.65906,0.66606,61502.0
2025-09-11 21:00:00+00:00,0.6659,0.6669,0.66308,0.665,49179.0
2025-09-14 21:00:00+00:00,0.66415,0.66749,0.66357,0.66702,41673.0
2025-09-15 21:00:00+00:00,0.6669,0.66883,0.666,0.66848,50377.0
2025-09-16 21:00:00+00:00,0.66822,0.67071,0.66414,0.66526,72679.0
2025-09-17 21:00:00+00:00,0.665,0.666,0.6607,0.66126,66599.0
2025-09-18 21:00:00+00:00,0.66158,0.66197,0.6586,0.65929,53933.0
2025-09-21 21:00:00+00:00,0.65949,0.66026,0.65748,0.65995,44625.0
2025-09-22 21:00:00+00:00,0.65976,0.66156,0.65814,0.65989,45457.0
2025-09-23 21:00:00+00:00,0.65974,0.66281,0.65748,0.65833,52757.0
2025-09-24 21:00:00+00:00,0.65849,0.6604,0.6526,0.65405,63900.0
2025-09-25 21:00:00+00:00,0.65354,0.65515,0.65206,0.6547,61143.0
2025-09-28 21:00:00+00:00,0.65494,0.65812,0.65468,0.65773,47333.0
2025-09-29 21:00:00+00:00,0.65768,0.66286,0.65712,0.66134,65647.0
2025-09-30 21:00:00+00:00,0.66121,0.6629,0.65894,0.66134,67238.0
2025-10-01 21:00:00+00:00,0.6614,0.66246,0.65769,0.65966,47314.0
2025-10-02 21:00:00+00:00,0.65943,0.66142,0.65891,0.66022,47242.0
2025-10-05 21:00:00+00:00,0.65838,0.66207,0.65836,0.66178,62692.0
2025-10-06 21:00:00+00:00,0.66173,0.66245,0.65787,0.6581,54925.0
2025-10-07 21:00:00+00:00,0.65826,0.65894,0.65566,0.65868,59843.0
2025-10-08 21:00:00+00:00,0.65828,0.66124,0.654,0.6555,75269.0
2025-10-09 21:00:00+00:00,0.65563,0.6573,0.64702,0.64735,85754.0
2025-10-12 21:00:00+00:00,0.65054,0.65328,0.64912,0.65152,74526.0
2025-10-13 21:00:00+00:00,0.6516,0.65213,0.64404,0.64864,88564.0
2025-10-14 21:00:00+00:00,0.64852,0.65233,0.64829,0.65123,68330.0
2025-10-15 21:00:00+00:00,0.65051,0.65159,0.64712,0.64848,91598.0
2025-10-16 21:00:00+00:00,0.64847,0.65027,0.64437,0.64958,102540.0
2025-10-19 21:00:00+00:00,0.64924,0.65213,0.64846,0.6513,60218.0
2025-10-20 21:00:00+00:00,0.65142,0.65251,0.64729,0.64884,70305.0
2025-10-21 21:00:00+00:00,0.64888,0.65122,0.64784,0.64892,74363.0
2025-10-22 21:00:00+00:00,0.64891,0.6518,0.64789,0.65133,54548.0
2025-10-23 21:00:00+00:00,0.65104,0.6529,0.64928,0.65141,59613.0
2025-10-26 21:00:00+00:00,0.65388,0.65596,0.65284,0.65562,58025.0
2025-10-27 21:00:00+00:00,0.65526,0.65908,0.65444,0.65854,51508.0
2025-10-28 21:00:00+00:00,0.65833,0.66178,0.65573,0.65748,93459.0
2025-10-29 21:00:00+00:00,0.65698,0.65978,0.65326,0.65544,86646.0
2025-10-30 21:00:00+00:00,0.65552,0.65604,0.65334,0.65447,60987.0
2025-11-02 22:00:00+00:00,0.65446,0.65625,0.65176,0.65377,51388.0
2025-11-03 22:00:00+00:00,0.65356,0.65408,0.6481,0.64894,71537.0
2025-11-04 22:00:00+00:00,0.64894,0.65129,0.64586,0.65066,63989.0
2025-11-05 22:00:00+00:00,0.65056,0.65187,0.64633,0.64794,69597.0
2025-11-06 22:00:00+00:00,0.64804,0.64992,0.64675,0.64931,74923.0
2025-11-09 22:00:00+00:00,0.64975,0.65403,0.64904,0.65363,55294.0
2025-11-10 22:00:00+00:00,0.65333,0.6538,0.65148,0.65272,55732.0
2025-11-11 22:00:00+00:00,0.65232,0.65501,0.65158,0.65416,59029.0
2025-11-12 22:00:00+00:00,0.65408,0.65804,0.6524,0.65308,85377.0
2025-11-13 22:00:00+00:00,0.65294,0.65514,0.65036,0.65353,92429.0
2025-11-16 22:00:00+00:00,0.65346,0.65376,0.6482,0.64935,68138.0
2025-11-17 22:00:00+00:00,0.64928,0.65184,0.6465,0.6508,86716.0
2025-11-18 22:00:00+00:00,0.65061,0.65118,0.64512,0.64787,81248.0
2025-11-19 22:00:00+00:00,0.64752,0.65028,0.64363,0.64399,100878.0
2025-11-20 22:00:00+00:00,0.64424,0.64608,0.64214,0.64557,100698.0
2025-11-23 22:00:00+00:00,0.6461,0.64684,0.64423,0.64648,67173.0
2025-11-24 22:00:00+00:00,0.64628,0.64758,0.64363,0.64698,80956.0
2025-11-25 22:00:00+00:00,0.64668,0.65212,0.64659,0.65182,82367.0
2025-11-26 22:00:00+00:00,0.65173,0.654,0.65168,0.65342,41172.0
2025-11-27 22:00:00+00:00,0.65328,0.65596,0.65204,0.65496,202594.0
2025-11-30 22:00:00+00:00,0.65409,0.65666,0.65371,0.65437,82142.0
2025-12-01 22:00:00+00:00,0.65447,0.65708,0.65367,0.65658,55721.0
2025-12-02 22:00:00+00:00,0.65632,0.6602,0.65526,0.66014,63025.0
2025-12-03 22:00:00+00:00,0.65986,0.6624,0.65986,0.66099,73762.0
2025-12-04 22:00:00+00:00,0.66108,0.6649,0.66054,0.66411,54082.0
2025-12-07 22:00:00+00:00,0.66354,0.6649,0.66144,0.66242,58646.0
2025-12-08 22:00:00+00:00,0.66206,0.66544,0.66084,0.6642,66499.0
2025-12-09 22:00:00+00:00,0.66374,0.6686,0.6629,0.66754,81762.0
2025-12-10 22:00:00+00:00,0.66763,0.6679,0.66266,0.66642,75276.0
2025-12-11 22:00:00+00:00,0.66655,0.66771,0.66326,0.66533,70535.0
2025-12-14 22:00:00+00:00,0.6644,0.66566,0.66322,0.66408,69686.0
2025-12-15 22:00:00+00:00,0.66412,0.66618,0.66182,0.66326,78816.0
2025-12-16 22:00:00+00:00,0.6632,0.66352,0.65992,0.66048,73041.0
2025-12-17 22:00:00+00:00,0.66071,0.66318,0.65926,0.6613,75997.0
2025-12-18 22:00:00+00:00,0.6611,0.66251,0.66002,0.66116,53862.0
2025-12-21 22:00:00+00:00,0.66145,0.66605,0.66056,0.66579,53136.0
2025-12-22 22:00:00+00:00,0.66552,0.67027,0.66552,0.67018,58416.0
2025-12-23 22:00:00+00:00,0.66995,0.67176,0.6698,0.67051,55252.0
2025-12-25 22:00:00+00:00,0.67006,0.67248,0.66972,0.67152,80690.0
2025-12-28 22:00:00+00:00,0.67037,0.67274,0.66831,0.66937,70425.0
2025-12-29 22:00:00+00:00,0.66942,0.6718,0.66878,0.66964,54076.0
2025-12-30 22:00:00+00:00,0.66946,0.67014,0.666,0.66734,63624.0
2026-01-01 22:00:00+00:00,0.66717,0.67072,0.66678,0.6695,58729.0
2026-01-04 22:00:00+00:00,0.66831,0.67192,0.6663,0.67149,74415.0
2026-01-05 22:00:00+00:00,0.67128,0.67419,0.67034,0.67384,59581.0
2026-01-06 22:00:00+00:00,0.67358,0.67666,0.67171,0.67208,68738.0
2026-01-07 22:00:00+00:00,0.67226,0.67254,0.66818,0.66992,60164.0
2026-01-08 22:00:00+00:00,0.67005,0.67042,0.66636,0.66865,64390.0
2026-01-11 22:00:00+00:00,0.66786,0.67223,0.66786,0.671,59080.0
2026-01-12 22:00:00+00:00,0.67104,0.67275,0.66731,0.6681,63415.0
2026-01-13 22:00:00+00:00,0.66834,0.67024,0.66731,0.66826,71452.0
2026-01-14 22:00:00+00:00,0.66822,0.67098,0.66674,0.66988,61029.0
2026-01-15 22:00:00+00:00,0.66976,0.67096,0.66711,0.66836,54738.0
2026-01-18 22:00:00+00:00,0.66718,0.67174,0.66684,0.67142,48121.0
2026-01-19 22:00:00+00:00,0.67112,0.67472,0.67068,0.67372,82035.0
2026-01-20 22:00:00+00:00,0.67326,0.67782,0.67276,0.67623,84846.0
2026-01-21 22:00:00+00:00,0.67613,0.68444,0.6754,0.6841,67581.0
2026-01-22 22:00:00+00:00,0.68388,0.6899,0.68344,0.68963,72035.0
2026-01-25 22:00:00+00:00,0.69234,0.6941,0.69062,0.69165,85719.0
2026-01-26 22:00:00+00:00,0.69146,0.70164,0.69016,0.7012,89992.0
2026-01-27 22:00:00+00:00,0.70097,0.70432,0.69769,0.7041,126291.0
2026-01-28 22:00:00+00:00,0.70376,0.70942,0.69688,0.705,165479.0
2026-01-29 22:00:00+00:00,0.70464,0.70554,0.694,0.6963,190143.0
2026-02-01 22:00:00+00:00,0.69531,0.69708,0.69086,0.69481,186639.0
2026-02-02 22:00:00+00:00,0.6954,0.70504,0.69456,0.70218,151283.0
2026-02-03 22:00:00+00:00,0.70203,0.70431,0.69716,0.69985,127931.0
2026-02-04 22:00:00+00:00,0.69966,0.70074,0.69274,0.69282,157633.0
2026-02-05 22:00:00+00:00,0.69301,0.7025,0.6897,0.70133,105166.0
2026-02-08 22:00:00+00:00,0.70206,0.70989,0.70101,0.70939,90236.0
2026-02-09 22:00:00+00:00,0.70892,0.70952,0.70646,0.70744,79761.0
2026-02-10 22:00:00+00:00,0.70708,0.71433,0.7069,0.71274,121016.0
2026-02-11 22:00:00+00:00,0.71239,0.71472,0.70758,0.7091,119694.0
2026-02-12 22:00:00+00:00,0.70881,0.70974,0.70437,0.70735,127112.0
2026-02-15 22:00:00+00:00,0.70653,0.70967,0.70578,0.70726,48833.0
2026-02-16 22:00:00+00:00,0.70716,0.70902,0.70282,0.7086,111285.0
2026-02-17 22:00:00+00:00,0.70834,0.70878,0.7035,0.70428,73066.0
2026-02-18 22:00:00+00:00,0.70423,0.70802,0.70244,0.7058,91553.0
2026-02-19 22:00:00+00:00,0.70548,0.70946,0.70156,0.70841,151941.0
2026-02-22 22:00:00+00:00,0.70794,0.71122,0.70485,0.70555,100608.0
2026-02-23 22:00:00+00:00,0.70521,0.70737,0.70266,0.70582,82298.0
2026-02-24 22:00:00+00:00,0.70612,0.7126,0.70574,0.71235,77207.0
2026-02-25 22:00:00+00:00,0.71215,0.71366,0.7067,0.71057,93291.0
2026-02-26 22:00:00+00:00,0.71034,0.71322,0.70866,0.7116,94441.0
2026-03-01 22:00:00+00:00,0.70454,0.71168,0.7044,0.70948,163972.0
2026-03-02 22:00:00+00:00,0.70909,0.71228,0.69444,0.70344,226871.0
2026-03-03 22:00:00+00:00,0.70364,0.70834,0.69846,0.70758,190317.0
2026-03-04 22:00:00+00:00,0.70738,0.70893,0.69739,0.7008,191399.0
2026-03-05 22:00:00+00:00,0.7009,0.70474,0.6977,0.703,200686.0
2026-03-08 21:00:00+00:00,0.69861,0.70788,0.69562,0.70773,246264.0
2026-03-09 21:00:00+00:00,0.70731,0.71686,0.70536,0.7119,186696.0
2026-03-10 21:00:00+00:00,0.71188,0.71876,0.71128,0.71526,153579.0
2026-03-11 21:00:00+00:00,0.71526,0.7161,0.70723,0.70763,144815.0
2026-03-12 21:00:00+00:00,0.70783,0.70924,0.69798,0.69812,149994.0
2026-03-15 21:00:00+00:00,0.69926,0.70826,0.69862,0.70716,113096.0
2026-03-16 21:00:00+00:00,0.70712,0.71184,0.70492,0.71047,106086.0
2026-03-17 21:00:00+00:00,0.71048,0.71234,0.70182,0.70236,112708.0
2026-03-18 21:00:00+00:00,0.70247,0.7109,0.69998,0.70882,199833.0
2026-03-19 21:00:00+00:00,0.70881,0.70972,0.70053,0.70216,144004.0
2026-03-22 21:00:00+00:00,0.70042,0.70627,0.69107,0.70106,366145.0
2026-03-23 21:00:00+00:00,0.70162,0.70248,0.69384,0.69974,235203.0
2026-03-24 21:00:00+00:00,0.69914,0.7004,0.69429,0.69468,152737.0
2026-03-25 21:00:00+00:00,0.69509,0.6957,0.68758,0.68876,127824.0
2026-03-26 21:00:00+00:00,0.68908,0.69122,0.68642,0.68732,114447.0
2026-03-29 21:00:00+00:00,0.6866,0.68744,0.68334,0.68526,127991.0
2026-03-30 21:00:00+00:00,0.68496,0.69039,0.68342,0.69005,182422.0
2026-03-31 21:00:00+00:00,0.68962,0.69627,0.68957,0.6929,138438.0
2026-04-01 21:00:00+00:00,0.69238,0.6941,0.68598,0.69106,160618.0
2026-04-02 21:00:00+00:00,0.68997,0.6916,0.68852,0.6895,31324.0
2026-04-05 21:00:00+00:00,0.68882,0.69381,0.68762,0.69182,108560.0
2026-04-06 21:00:00+00:00,0.69168,0.6979,0.68985,0.69761,144995.0
2026-04-07 21:00:00+00:00,0.69702,0.70847,0.69654,0.70436,184464.0
2026-04-08 21:00:00+00:00,0.70452,0.70949,0.70222,0.70837,105088.0
2026-04-09 21:00:00+00:00,0.70802,0.70938,0.70535,0.70639,84868.0
2026-04-12 21:00:00+00:00,0.69946,0.71006,0.69927,0.7096,99042.0
2026-04-13 21:00:00+00:00,0.7092,0.7148,0.70772,0.71266,79871.0
2026-04-14 21:00:00+00:00,0.71199,0.71778,0.71186,0.71706,76249.0
2026-04-15 21:00:00+00:00,0.71648,0.71976,0.71522,0.71621,91865.0
2026-04-16 21:00:00+00:00,0.71633,0.7222,0.7154,0.71674,101581.0
2026-04-19 21:00:00+00:00,0.71272,0.71802,0.71166,0.71784,102564.0
2026-04-20 21:00:00+00:00,0.71748,0.71862,0.71303,0.71542,112671.0
2026-04-21 21:00:00+00:00,0.7151,0.71764,0.71464,0.7161,73565.0
2026-04-22 21:00:00+00:00,0.71582,0.71669,0.71112,0.71284,127233.0
2026-04-23 21:00:00+00:00,0.71324,0.71554,0.71148,0.71478,86289.0
2026-04-26 21:00:00+00:00,0.71311,0.72002,0.71304,0.71857,62785.0
2026-04-27 21:00:00+00:00,0.7183,0.71948,0.7151,0.71819,88536.0
2026-04-28 21:00:00+00:00,0.71788,0.71898,0.71018,0.71164,102410.0
2026-04-29 21:00:00+00:00,0.71132,0.72034,0.71102,0.72017,121439.0
2026-04-30 21:00:00+00:00,0.71951,0.7228,0.71836,0.72024,79969.0
2026-05-03 21:00:00+00:00,0.72163,0.72204,0.71534,0.7167,103565.0
2026-05-04 21:00:00+00:00,0.71706,0.71979,0.71358,0.71826,72078.0
2026-05-05 21:00:00+00:00,0.71812,0.72777,0.71796,0.72375,115948.0
2026-05-06 21:00:00+00:00,0.72381,0.72642,0.72045,0.7206,97906.0
2026-05-07 21:00:00+00:00,0.72087,0.72492,0.72002,0.72473,83591.0
2026-05-10 21:00:00+00:00,0.72233,0.72596,0.72189,0.72496,66011.0
2026-05-11 21:00:00+00:00,0.72494,0.72522,0.72089,0.72403,83549.0
2026-05-12 21:00:00+00:00,0.72404,0.72718,0.72308,0.72582,72779.0
2026-05-13 21:00:00+00:00,0.72614,0.72644,0.7216,0.72202,73478.0
2026-05-14 21:00:00+00:00,0.7222,0.7223,0.71399,0.71482,103433.0
2026-05-17 21:00:00+00:00,0.71528,0.71845,0.71187,0.71688,113016.0
2026-05-18 21:00:00+00:00,0.7165,0.71768,0.70796,0.71073,98906.0
2026-05-19 21:00:00+00:00,0.71094,0.71746,0.7087,0.71528,99642.0
2026-05-20 21:00:00+00:00,0.71492,0.71686,0.71,0.71492,120664.0
2026-05-21 21:00:00+00:00,0.71542,0.71554,0.71166,0.71281,73604.0
2026-05-24 21:00:00+00:00,0.71577,0.71822,0.71521,0.71754,38007.0
2026-05-25 21:00:00+00:00,0.7172,0.71766,0.71554,0.71672,61142.0
2026-05-26 21:00:00+00:00,0.71698,0.71798,0.71238,0.71416,79865.0
2026-05-27 21:00:00+00:00,0.71409,0.71698,0.70979,0.71628,84572.0
2026-05-28 21:00:00+00:00,0.71644,0.72006,0.71493,0.71842,76039.0
2026-05-31 21:00:00+00:00,0.71711,0.71903,0.71347,0.7161,72615.0
2026-06-01 21:00:00+00:00,0.71662,0.7188,0.71528,0.71794,58219.0
2026-06-02 21:00:00+00:00,0.71802,0.7182,0.7127,0.71278,65346.0
2026-06-03 21:00:00+00:00,0.71313,0.71492,0.71226,0.71332,67682.0
2026-06-04 21:00:00+00:00,0.71363,0.71439,0.70376,0.70452,91855.0
2026-06-07 21:00:00+00:00,0.70276,0.70784,0.70244,0.7045,127119.0
2026-06-08 21:00:00+00:00,0.70435,0.70706,0.70052,0.70277,132523.0
2026-06-09 21:00:00+00:00,0.70304,0.70375,0.69948,0.69971,156921.0
2026-06-10 21:00:00+00:00,0.69984,0.7055,0.69789,0.7052,161485.0
2026-06-11 21:00:00+00:00,0.70478,0.70599,0.70212,0.70452,131467.0
2026-06-14 21:00:00+00:00,0.70436,0.70884,0.70422,0.70706,65922.0
2026-06-15 21:00:00+00:00,0.7073,0.70798,0.70421,0.70671,58626.0
2026-06-16 21:00:00+00:00,0.7068,0.70754,0.69951,0.70136,98163.0
2026-06-17 21:00:00+00:00,0.70155,0.70416,0.7001,0.7014,83137.0
2026-06-18 21:00:00+00:00,0.702,0.70244,0.69895,0.70138,81599.0
2026-06-21 21:00:00+00:00,0.7011,0.70194,0.6994,0.70008,75917.0
2026-06-22 21:00:00+00:00,0.7004,0.70053,0.6907,0.69164,72502.0
2026-06-23 21:00:00+00:00,0.69177,0.69236,0.68825,0.69004,83916.0
2026-06-24 21:00:00+00:00,0.68941,0.69276,0.68869,0.69105,85999.0
2026-06-25 21:00:00+00:00,0.69118,0.69172,0.68754,0.68947,77815.0
2026-06-28 21:00:00+00:00,0.68921,0.69044,0.68774,0.68869,65216.0
2026-06-29 21:00:00+00:00,0.6889,0.69298,0.68654,0.69196,61075.0
