datetime,open,high,low,close,volume
2006-04-24 21:00:00+00:00,100.815,101.605,100.535,101.485,18603.0
2006-04-25 21:00:00+00:00,101.485,102.13,101.425,101.705,19130.0
2006-04-26 21:00:00+00:00,101.715,102.025,101.205,101.615,18331.0
2006-04-27 21:00:00+00:00,101.615,101.975,101.395,101.92,18038.0
2006-04-28 21:00:00+00:00,101.91,101.91,101.91,101.91,2.0
2006-04-29 21:00:00+00:00,101.91,102.0,101.74,101.81,613.0
2006-04-30 21:00:00+00:00,101.81,102.02,100.83,101.82,17142.0
2006-05-01 21:00:00+00:00,101.81,102.785,101.8,102.485,18356.0
2006-05-02 21:00:00+00:00,102.495,102.845,102.275,102.465,17357.0
2006-05-03 21:00:00+00:00,102.485,102.855,102.215,102.655,18659.0
2006-05-04 21:00:00+00:00,102.655,102.93,101.33,101.85,16098.0
2006-05-06 21:00:00+00:00,101.85,101.85,101.24,101.27,929.0
2006-05-07 21:00:00+00:00,101.26,101.47,100.085,100.435,18116.0
2006-05-08 21:00:00+00:00,100.435,101.315,100.015,101.005,19084.0
2006-05-09 21:00:00+00:00,101.005,101.105,100.085,100.435,26299.0
2006-05-10 21:00:00+00:00,100.435,100.975,100.185,100.405,35390.0
2006-05-11 21:00:00+00:00,100.385,100.455,99.12,99.18,39006.0
2006-05-12 21:00:00+00:00,99.2,99.2,99.2,99.2,1.0
2006-05-13 21:00:00+00:00,99.2,99.2,98.82,98.86,1115.0
2006-05-14 21:00:00+00:00,98.86,99.335,98.315,99.285,38548.0
2006-05-15 21:00:00+00:00,99.285,99.455,98.675,99.185,34125.0
2006-05-16 21:00:00+00:00,99.175,100.065,98.575,99.565,39878.0
2006-05-17 21:00:00+00:00,99.565,99.935,98.475,98.935,38900.0
2006-05-18 21:00:00+00:00,98.935,99.97,98.755,99.9,37739.0
2006-05-20 21:00:00+00:00,99.91,99.91,99.69,99.72,735.0
2006-05-21 21:00:00+00:00,99.72,100.335,99.59,100.035,35208.0
2006-05-22 21:00:00+00:00,100.035,100.185,99.275,99.565,33680.0
2006-05-23 21:00:00+00:00,99.555,100.895,99.425,100.865,43441.0
2006-05-24 21:00:00+00:00,100.845,101.275,100.425,100.965,34491.0
2006-05-25 21:00:00+00:00,100.975,101.93,100.615,101.88,33005.0
2006-05-27 21:00:00+00:00,101.87,101.89,101.56,101.7,287.0
2006-05-28 21:00:00+00:00,101.7,102.1,101.43,101.68,14100.0
2006-05-29 21:00:00+00:00,101.67,102.225,101.305,102.105,35308.0
2006-05-30 21:00:00+00:00,102.105,102.575,101.665,102.265,34555.0
2006-05-31 21:00:00+00:00,102.265,102.565,101.785,102.185,32928.0
2006-06-01 21:00:00+00:00,102.195,102.325,101.28,101.49,30576.0
2006-06-02 21:00:00+00:00,101.48,101.48,101.46,101.46,3.0
2006-06-03 21:00:00+00:00,101.39,101.59,101.29,101.41,371.0
2006-06-04 21:00:00+00:00,101.41,101.815,101.19,101.305,26306.0
2006-06-05 21:00:00+00:00,101.305,101.885,101.155,101.775,30148.0
2006-06-06 21:00:00+00:00,101.775,102.155,101.495,102.025,27363.0
2006-06-07 21:00:00+00:00,102.025,102.47,101.57,101.71,36708.0
2006-06-08 21:00:00+00:00,101.72,103.11,101.43,103.01,33355.0
2006-06-10 21:00:00+00:00,102.96,103.25,102.96,103.19,352.0
2006-06-11 21:00:00+00:00,103.19,104.165,103.01,104.055,25842.0
2006-06-12 21:00:00+00:00,104.055,104.315,103.545,103.675,35746.0
2006-06-13 21:00:00+00:00,103.675,103.715,102.985,103.285,29946.0
2006-06-14 21:00:00+00:00,103.285,103.415,102.685,103.265,28875.0
2006-06-15 21:00:00+00:00,103.265,103.375,102.215,102.59,26115.0
2006-06-17 21:00:00+00:00,102.53,102.62,102.4,102.59,385.0
2006-06-18 21:00:00+00:00,102.59,103.185,102.51,103.155,24069.0
2006-06-19 21:00:00+00:00,103.145,103.155,102.175,102.795,26765.0
2006-06-20 21:00:00+00:00,102.795,104.055,102.555,103.635,25031.0
2006-06-21 21:00:00+00:00,103.625,104.115,103.465,103.925,26928.0
2006-06-22 21:00:00+00:00,103.925,104.005,102.955,103.8,28169.0
2006-06-23 21:00:00+00:00,103.79,103.79,103.79,103.79,2.0
2006-06-24 21:00:00+00:00,103.78,104.17,103.71,104.17,360.0
2006-06-25 21:00:00+00:00,104.17,104.18,103.295,103.475,23736.0
2006-06-26 21:00:00+00:00,103.475,103.895,103.295,103.515,26489.0
2006-06-27 21:00:00+00:00,103.525,103.855,103.205,103.685,23897.0
2006-06-28 21:00:00+00:00,103.665,104.485,103.385,103.725,28203.0
2006-06-29 21:00:00+00:00,103.725,103.865,102.395,102.51,30495.0
2006-07-01 21:00:00+00:00,102.48,102.65,102.39,102.52,320.0
2006-07-02 21:00:00+00:00,102.52,103.545,102.12,103.175,26930.0
2006-07-03 21:00:00+00:00,103.175,103.805,102.845,103.775,18062.0
2006-07-04 21:00:00+00:00,103.775,104.225,103.545,104.055,32138.0
2006-07-05 21:00:00+00:00,104.055,104.095,103.355,103.435,26214.0
2006-07-06 21:00:00+00:00,103.435,103.725,102.2,102.38,27554.0
2006-07-07 21:00:00+00:00,102.39,102.39,102.39,102.39,1.0
2006-07-08 21:00:00+00:00,102.34,102.4,102.24,102.34,405.0
2006-07-09 21:00:00+00:00,102.34,102.35,101.135,101.715,28158.0
2006-07-10 21:00:00+00:00,101.705,101.895,100.635,100.895,26534.0
2006-07-11 21:00:00+00:00,100.905,101.905,100.835,101.845,28025.0
2006-07-12 21:00:00+00:00,101.845,102.165,101.595,102.005,26353.0
2006-07-13 21:00:00+00:00,101.995,103.295,101.955,102.89,29612.0
2006-07-15 21:00:00+00:00,102.93,102.99,102.9,102.96,789.0
2006-07-16 21:00:00+00:00,102.96,103.785,102.91,103.145,23285.0
2006-07-17 21:00:00+00:00,103.155,103.655,102.855,103.225,27278.0
2006-07-18 21:00:00+00:00,103.225,103.615,102.845,102.995,27671.0
2006-07-19 21:00:00+00:00,102.995,103.535,102.835,103.335,24751.0
2006-07-20 21:00:00+00:00,103.335,103.395,101.915,102.09,26038.0
2006-07-22 21:00:00+00:00,102.01,102.26,102.01,102.12,600.0
2006-07-23 21:00:00+00:00,102.12,102.505,101.855,102.245,24755.0
2006-07-24 21:00:00+00:00,102.235,102.825,102.155,102.685,26774.0
2006-07-25 21:00:00+00:00,102.685,102.925,102.215,102.465,27476.0
2006-07-26 21:00:00+00:00,102.465,102.665,101.705,101.975,31549.0
2006-07-27 21:00:00+00:00,101.975,102.155,101.27,101.31,30099.0
2006-07-28 21:00:00+00:00,101.32,101.34,101.32,101.34,3.0
2006-07-29 21:00:00+00:00,101.33,101.53,101.14,101.47,571.0
2006-07-30 21:00:00+00:00,101.47,101.86,101.09,101.38,27151.0
2006-07-31 21:00:00+00:00,101.39,101.68,101.08,101.34,27818.0
2006-08-01 21:00:00+00:00,101.34,101.91,101.07,101.76,25394.0
2006-08-02 21:00:00+00:00,101.76,102.495,101.675,102.205,27270.0
2006-08-03 21:00:00+00:00,102.205,102.53,101.025,101.52,27278.0
2006-08-05 21:00:00+00:00,101.49,101.5,101.3,101.35,502.0
2006-08-06 21:00:00+00:00,101.35,102.935,101.32,102.865,21795.0
2006-08-07 21:00:00+00:00,102.865,103.065,102.285,102.645,25681.0
2006-08-08 21:00:00+00:00,102.635,103.075,102.535,102.935,24837.0
2006-08-09 21:00:00+00:00,102.955,103.095,102.205,102.215,28820.0
2006-08-10 21:00:00+00:00,102.215,103.85,102.115,103.4,28274.0
2006-08-11 21:00:00+00:00,103.4,103.41,103.4,103.4,3.0
2006-08-12 21:00:00+00:00,103.28,103.42,103.28,103.39,378.0
2006-08-13 21:00:00+00:00,103.39,103.855,103.3,103.565,21624.0
2006-08-14 21:00:00+00:00,103.575,103.595,102.845,103.515,24738.0
2006-08-15 21:00:00+00:00,103.515,103.865,103.24,103.505,22282.0
2006-08-16 21:00:00+00:00,103.515,103.575,103.01,103.365,23942.0
2006-08-17 21:00:00+00:00,103.365,103.475,102.755,102.89,22530.0
2006-08-18 21:00:00+00:00,102.87,102.87,102.87,102.87,1.0
2006-08-19 21:00:00+00:00,102.86,102.96,102.84,102.87,516.0
2006-08-20 21:00:00+00:00,102.87,103.755,102.79,103.645,22237.0
2006-08-21 21:00:00+00:00,103.655,104.715,103.605,104.475,23886.0
2006-08-22 21:00:00+00:00,104.475,105.235,104.165,104.615,23400.0
2006-08-23 21:00:00+00:00,104.615,105.12,104.535,105.045,21947.0
2006-08-24 21:00:00+00:00,105.035,106.1,104.89,105.76,23556.0
2006-08-25 21:00:00+00:00,105.76,105.76,105.76,105.76,1.0
2006-08-26 21:00:00+00:00,105.68,105.74,105.66,105.71,245.0
2006-08-27 21:00:00+00:00,105.71,105.91,105.36,105.43,17131.0
2006-08-28 21:00:00+00:00,105.43,105.7,105.015,105.31,26304.0
2006-08-29 21:00:00+00:00,105.31,105.86,105.19,105.58,23112.0
2006-08-30 21:00:00+00:00,105.58,106.385,105.43,106.375,27112.0
2006-08-31 21:00:00+00:00,106.375,106.405,105.875,106.04,24048.0
2006-09-02 21:00:00+00:00,106.05,106.08,106.03,106.03,159.0
2006-09-03 21:00:00+00:00,106.03,106.03,104.67,104.82,17330.0
2006-09-04 21:00:00+00:00,104.82,104.96,103.965,104.42,24549.0
2006-09-05 21:00:00+00:00,104.42,105.695,104.315,105.5,23630.0
2006-09-06 21:00:00+00:00,105.5,105.945,104.775,104.89,29876.0
2006-09-07 21:00:00+00:00,104.89,104.975,104.185,104.35,25766.0
2006-09-08 21:00:00+00:00,104.35,104.35,104.35,104.35,1.0
2006-09-09 21:00:00+00:00,104.34,104.38,104.28,104.29,308.0
2006-09-10 21:00:00+00:00,104.29,105.045,104.02,104.92,26004.0
2006-09-11 21:00:00+00:00,104.92,105.555,104.71,105.345,25162.0
2006-09-12 21:00:00+00:00,105.345,105.365,104.665,105.065,24611.0
2006-09-13 21:00:00+00:00,105.065,105.745,104.855,105.305,24578.0
2006-09-14 21:00:00+00:00,105.285,105.68,104.675,105.06,25568.0
2006-09-16 21:00:00+00:00,105.04,105.04,104.49,104.74,1362.0
2006-09-17 21:00:00+00:00,104.74,105.835,104.74,105.525,24266.0
2006-09-18 21:00:00+00:00,105.525,105.655,104.195,104.505,29061.0
2006-09-19 21:00:00+00:00,104.505,104.505,103.695,104.135,24751.0
2006-09-20 21:00:00+00:00,104.115,104.425,103.775,103.925,27159.0
2006-09-21 21:00:00+00:00,103.925,104.535,103.715,104.28,25016.0
2006-09-23 21:00:00+00:00,104.25,104.28,104.21,104.23,282.0
2006-09-24 21:00:00+00:00,104.22,104.605,103.995,104.395,20340.0
2006-09-25 21:00:00+00:00,104.415,105.275,104.105,105.095,25449.0
2006-09-26 21:00:00+00:00,105.085,105.935,104.805,105.715,25879.0
2006-09-27 21:00:00+00:00,105.705,106.305,105.555,106.015,25500.0
2006-09-28 21:00:00+00:00,106.005,106.195,105.445,105.7,30042.0
2006-09-30 21:00:00+00:00,105.65,105.72,105.62,105.71,419.0
2006-10-01 21:00:00+00:00,105.71,105.93,105.265,105.475,24449.0
2006-10-02 21:00:00+00:00,105.475,105.535,105.005,105.065,20571.0
2006-10-03 21:00:00+00:00,105.065,105.335,104.445,104.615,25625.0
2006-10-04 21:00:00+00:00,104.625,104.775,104.165,104.605,24023.0
2006-10-05 21:00:00+00:00,104.605,105.77,104.495,105.73,25300.0
2006-10-07 21:00:00+00:00,105.71,105.73,105.53,105.63,423.0
2006-10-08 21:00:00+00:00,105.63,106.255,105.5,105.975,15323.0
2006-10-09 21:00:00+00:00,105.965,106.215,105.535,105.685,25279.0
2006-10-10 21:00:00+00:00,105.685,105.685,105.075,105.225,23897.0
2006-10-11 21:00:00+00:00,105.225,105.365,104.995,105.305,19991.0
2006-10-12 21:00:00+00:00,105.305,105.465,105.005,105.14,20296.0
2006-10-13 21:00:00+00:00,105.13,105.13,105.13,105.13,2.0
2006-10-14 21:00:00+00:00,105.17,105.32,105.17,105.25,446.0
2006-10-15 21:00:00+00:00,105.25,105.38,104.615,104.665,20961.0
2006-10-16 21:00:00+00:00,104.665,104.785,104.055,104.085,24102.0
2006-10-17 21:00:00+00:00,104.085,104.815,103.775,104.645,22244.0
2006-10-18 21:00:00+00:00,104.645,104.885,104.205,104.845,21944.0
2006-10-19 21:00:00+00:00,104.835,105.705,104.765,105.51,18951.0
2006-10-20 21:00:00+00:00,105.51,105.51,105.5,105.5,4.0
2006-10-21 21:00:00+00:00,105.52,105.6,105.39,105.56,560.0
2006-10-22 21:00:00+00:00,105.56,105.995,105.38,105.735,18543.0
2006-10-23 21:00:00+00:00,105.735,106.025,105.605,105.935,18446.0
2006-10-24 21:00:00+00:00,105.935,106.015,105.495,105.995,19922.0
2006-10-25 21:00:00+00:00,105.995,106.045,104.945,105.405,22988.0
2006-10-26 21:00:00+00:00,105.405,105.785,104.735,105.03,22149.0
2006-10-28 21:00:00+00:00,105.06,105.06,104.89,104.92,1906.0
2006-10-29 22:00:00+00:00,104.92,105.045,104.225,104.375,20533.0
2006-10-30 22:00:00+00:00,104.375,104.715,103.975,104.235,24277.0
2006-10-31 22:00:00+00:00,104.235,104.36,103.06,103.385,27076.0
2006-11-01 22:00:00+00:00,103.385,103.755,102.945,103.355,22260.0
2006-11-02 22:00:00+00:00,103.385,104.655,103.115,104.44,18777.0
2006-11-04 22:00:00+00:00,104.45,104.58,104.44,104.51,798.0
2006-11-05 22:00:00+00:00,104.51,104.865,104.125,104.725,16558.0
2006-11-06 22:00:00+00:00,104.725,104.795,103.975,104.165,21197.0
2006-11-07 22:00:00+00:00,104.165,104.535,103.885,104.315,19049.0
2006-11-08 22:00:00+00:00,104.345,104.785,104.155,104.415,20658.0
2006-11-09 22:00:00+00:00,104.415,104.455,103.645,103.9,23623.0
2006-11-11 22:00:00+00:00,103.88,103.93,103.79,103.89,1008.0
2006-11-12 22:00:00+00:00,103.89,104.065,103.53,103.875,21118.0
2006-11-13 22:00:00+00:00,103.875,103.905,103.075,103.405,26540.0
2006-11-14 22:00:00+00:00,103.405,103.785,103.265,103.645,22631.0
2006-11-15 22:00:00+00:00,103.645,103.795,103.435,103.475,22636.0
2006-11-16 22:00:00+00:00,103.475,103.695,102.53,102.67,23966.0
2006-11-18 22:00:00+00:00,102.69,102.89,102.58,102.8,1036.0
2006-11-19 22:00:00+00:00,102.8,103.325,102.71,102.975,17146.0
2006-11-20 22:00:00+00:00,102.985,103.165,102.675,102.855,18126.0
2006-11-21 22:00:00+00:00,102.845,102.915,102.055,102.285,23762.0
2006-11-22 22:00:00+00:00,102.285,102.325,101.625,101.865,15433.0
2006-11-23 22:00:00+00:00,101.855,102.355,101.605,102.13,22116.0
2006-11-24 22:00:00+00:00,102.13,102.13,102.13,102.13,1.0
2006-11-25 22:00:00+00:00,102.09,102.3,101.99,102.11,1943.0
2006-11-26 22:00:00+00:00,102.11,102.705,101.86,102.425,21642.0
2006-11-27 22:00:00+00:00,102.425,103.025,102.285,102.745,24692.0
2006-11-28 22:00:00+00:00,102.755,102.825,101.83,102.295,29866.0
2006-11-29 22:00:00+00:00,102.295,102.375,101.165,101.555,29435.0
2006-11-30 22:00:00+00:00,101.555,102.095,100.585,100.84,27850.0
2006-12-02 22:00:00+00:00,100.79,100.92,100.75,100.84,1101.0
2006-12-03 22:00:00+00:00,100.84,101.365,100.6,101.075,23973.0
2006-12-04 22:00:00+00:00,101.075,101.175,100.335,100.585,24749.0
2006-12-05 22:00:00+00:00,100.585,100.825,100.165,100.445,22806.0
2006-12-06 22:00:00+00:00,100.445,100.535,100.005,100.275,22646.0
2006-12-07 22:00:00+00:00,100.265,101.38,100.045,101.2,32427.0
2006-12-09 22:00:00+00:00,101.2,101.39,101.1,101.34,1475.0
2006-12-10 22:00:00+00:00,101.35,102.035,101.07,101.925,24571.0
2006-12-11 22:00:00+00:00,101.925,102.075,101.225,101.325,28133.0
2006-12-12 22:00:00+00:00,101.325,101.875,101.225,101.655,25879.0
2006-12-13 22:00:00+00:00,101.655,101.975,101.365,101.835,30945.0
2006-12-14 22:00:00+00:00,101.835,102.435,101.475,102.07,32589.0
2006-12-15 22:00:00+00:00,102.07,102.07,102.07,102.07,1.0
2006-12-16 22:00:00+00:00,102.09,102.09,101.87,101.89,483.0
2006-12-17 22:00:00+00:00,101.89,102.295,101.705,102.105,20944.0
2006-12-18 22:00:00+00:00,102.105,102.545,101.895,102.475,30114.0
2006-12-19 22:00:00+00:00,102.475,103.325,102.335,103.105,29470.0
2006-12-20 22:00:00+00:00,103.115,103.245,102.375,102.465,28048.0
2006-12-21 22:00:00+00:00,102.455,102.805,102.365,102.58,23943.0
2006-12-23 22:00:00+00:00,102.54,102.6,102.54,102.6,7.0
2006-12-24 22:00:00+00:00,102.62,102.69,102.5,102.575,3585.0
2006-12-25 22:00:00+00:00,102.555,102.72,102.48,102.575,11766.0
2006-12-26 22:00:00+00:00,102.575,102.615,101.705,102.275,23972.0
2006-12-27 22:00:00+00:00,102.265,102.645,102.095,102.475,25890.0
2006-12-28 22:00:00+00:00,102.475,102.745,101.995,102.11,23979.0
2006-12-31 22:00:00+00:00,102.1,102.1,102.07,102.08,84.0
2007-01-01 22:00:00+00:00,102.08,102.22,101.775,101.945,20808.0
2007-01-02 22:00:00+00:00,101.955,102.305,101.715,101.735,26049.0
2007-01-03 22:00:00+00:00,101.735,101.915,101.045,101.105,28273.0
2007-01-04 22:00:00+00:00,101.105,101.23,100.225,101.11,33893.0
2007-01-06 22:00:00+00:00,101.11,101.15,101.08,101.11,275.0
2007-01-07 22:00:00+00:00,101.11,101.19,100.555,101.085,22508.0
2007-01-08 22:00:00+00:00,101.095,101.565,101.045,101.415,26940.0
2007-01-09 22:00:00+00:00,101.405,101.935,101.145,101.855,27786.0
2007-01-10 22:00:00+00:00,101.855,102.915,101.76,102.295,34345.0
2007-01-11 22:00:00+00:00,102.295,103.025,102.125,102.8,29371.0
2007-01-13 22:00:00+00:00,102.82,103.02,102.82,102.94,143.0
2007-01-14 22:00:00+00:00,102.94,103.315,102.58,103.085,18872.0
2007-01-15 22:00:00+00:00,103.105,103.445,102.445,102.615,27869.0
2007-01-16 22:00:00+00:00,102.625,102.945,102.445,102.875,25466.0
2007-01-17 22:00:00+00:00,102.875,103.535,102.705,103.245,30954.0
2007-01-18 22:00:00+00:00,103.245,103.675,103.165,103.37,24499.0
2007-01-19 22:00:00+00:00,103.38,103.41,103.37,103.41,5.0
2007-01-20 22:00:00+00:00,103.43,103.45,103.34,103.42,447.0
2007-01-21 22:00:00+00:00,103.42,103.695,102.785,102.905,20919.0
2007-01-22 22:00:00+00:00,102.915,103.14,102.27,103.025,26477.0
2007-01-23 22:00:00+00:00,103.025,103.165,102.075,102.805,34726.0
2007-01-24 22:00:00+00:00,102.805,102.865,101.965,102.485,37076.0
2007-01-25 22:00:00+00:00,102.485,103.125,102.445,103.04,29507.0
2007-01-27 22:00:00+00:00,103.02,103.04,102.94,102.98,181.0
2007-01-28 22:00:00+00:00,102.98,103.49,102.905,102.905,29971.0
2007-01-29 22:00:00+00:00,102.895,103.285,102.755,103.115,25233.0
2007-01-30 22:00:00+00:00,103.115,103.225,102.175,102.565,31576.0
2007-01-31 22:00:00+00:00,102.565,102.855,102.115,102.495,30231.0
2007-02-01 22:00:00+00:00,102.485,102.555,102.045,102.29,28100.0
2007-02-02 22:00:00+00:00,102.33,102.33,102.33,102.33,1.0
2007-02-03 22:00:00+00:00,102.3,102.41,102.21,102.23,165.0
2007-02-04 22:00:00+00:00,102.23,102.32,101.595,101.785,24485.0
2007-02-05 22:00:00+00:00,101.775,102.005,101.425,101.655,25027.0
2007-02-06 22:00:00+00:00,101.645,102.155,101.515,101.905,24215.0
2007-02-07 22:00:00+00:00,101.905,102.425,101.735,102.335,27371.0
2007-02-08 22:00:00+00:00,102.335,103.89,102.285,103.83,28152.0
2007-02-09 22:00:00+00:00,103.87,103.91,103.87,103.91,8.0
2007-02-10 22:00:00+00:00,103.95,103.95,103.78,103.83,171.0
2007-02-11 22:00:00+00:00,103.83,104.125,103.535,103.755,23814.0
2007-02-12 22:00:00+00:00,103.735,103.935,103.235,103.865,27922.0
2007-02-13 22:00:00+00:00,103.865,103.98,103.425,103.595,30504.0
2007-02-14 22:00:00+00:00,103.585,103.655,102.485,102.575,34724.0
2007-02-15 22:00:00+00:00,102.575,102.705,102.335,102.65,27538.0
2007-02-17 22:00:00+00:00,102.67,102.67,102.48,102.54,1443.0
2007-02-18 22:00:00+00:00,102.54,102.875,102.41,102.675,20214.0
2007-02-19 22:00:00+00:00,102.675,103.305,102.435,102.575,23547.0
2007-02-20 22:00:00+00:00,102.575,104.265,102.315,104.245,30209.0
2007-02-21 22:00:00+00:00,104.235,104.735,104.105,104.595,25887.0
2007-02-22 22:00:00+00:00,104.595,104.805,104.29,104.39,28095.0
2007-02-23 22:00:00+00:00,104.39,104.39,104.39,104.39,3.0
2007-02-24 22:00:00+00:00,104.37,104.42,104.34,104.37,377.0
2007-02-25 22:00:00+00:00,104.37,104.44,103.815,103.945,24149.0
2007-02-26 22:00:00+00:00,103.955,104.065,100.755,101.075,34914.0
2007-02-27 22:00:00+00:00,101.075,101.705,100.725,101.345,38006.0
2007-02-28 22:00:00+00:00,101.345,101.575,99.565,100.335,37230.0
2007-03-01 22:00:00+00:00,100.295,100.565,99.025,99.18,35690.0
2007-03-03 22:00:00+00:00,99.17,99.24,99.06,99.22,298.0
2007-03-04 22:00:00+00:00,99.23,99.26,97.565,97.825,44346.0
2007-03-05 22:00:00+00:00,97.815,99.225,97.505,99.075,38031.0
2007-03-06 22:00:00+00:00,99.075,99.435,98.395,98.415,29286.0
2007-03-07 22:00:00+00:00,98.415,99.515,98.075,99.315,34938.0
2007-03-08 22:00:00+00:00,99.315,101.105,99.24,100.93,33007.0
2007-03-09 22:00:00+00:00,100.94,100.95,100.94,100.95,4.0
2007-03-10 22:00:00+00:00,100.81,100.97,100.81,100.89,311.0
2007-03-11 21:00:00+00:00,100.89,101.085,100.175,100.455,29781.0
2007-03-12 21:00:00+00:00,100.445,100.52,98.92,98.97,32339.0
2007-03-13 21:00:00+00:00,98.98,99.595,98.54,99.485,36287.0
2007-03-14 21:00:00+00:00,99.485,100.135,99.435,99.84,31397.0
2007-03-15 21:00:00+00:00,99.84,99.91,99.16,99.24,31181.0
2007-03-17 21:00:00+00:00,99.25,99.25,98.82,98.89,893.0
2007-03-18 21:00:00+00:00,98.9,100.185,98.77,99.845,27810.0
2007-03-19 21:00:00+00:00,99.845,101.085,99.715,100.925,30998.0
2007-03-20 21:00:00+00:00,100.925,101.825,100.835,101.685,27902.0
2007-03-21 21:00:00+00:00,101.685,102.135,101.37,102.025,27987.0
2007-03-22 21:00:00+00:00,102.025,102.18,101.405,101.74,26736.0
2007-03-24 21:00:00+00:00,101.63,101.76,101.61,101.71,379.0
2007-03-25 21:00:00+00:00,101.71,101.925,101.27,101.685,29685.0
2007-03-26 21:00:00+00:00,101.685,102.395,101.615,101.805,30173.0
2007-03-27 21:00:00+00:00,101.805,102.045,100.465,100.795,35635.0
2007-03-28 21:00:00+00:00,100.785,101.955,100.605,101.825,32873.0
2007-03-29 21:00:00+00:00,101.825,102.755,101.43,102.09,36921.0
2007-03-31 21:00:00+00:00,101.961,102.07,101.822,102.025,599.0
2007-04-01 21:00:00+00:00,102.025,102.464,101.711,101.91,20922.0
2007-04-02 21:00:00+00:00,101.91,102.736,101.768,102.67,24442.0
2007-04-03 21:00:00+00:00,102.67,103.01,102.33,102.364,19021.0
2007-04-04 21:00:00+00:00,102.347,103.3,102.202,103.16,19189.0
2007-04-05 21:00:00+00:00,103.16,103.785,103.03,103.58,11714.0
2007-04-06 21:00:00+00:00,103.59,103.59,103.59,103.59,1.0
2007-04-07 21:00:00+00:00,103.55,103.644,103.55,103.635,178.0
2007-04-08 21:00:00+00:00,103.644,103.745,103.445,103.5,10717.0
2007-04-09 21:00:00+00:00,103.5,103.981,103.209,103.76,20929.0
2007-04-10 21:00:00+00:00,103.76,104.786,103.635,104.773,18952.0
2007-04-11 21:00:00+00:00,104.771,105.073,104.51,105.02,19762.0
2007-04-12 21:00:00+00:00,105.013,105.109,104.19,104.813,21357.0
2007-04-14 21:00:00+00:00,105.131,105.188,104.813,105.027,1120.0
2007-04-15 21:00:00+00:00,105.022,106.029,104.764,105.818,25682.0
2007-04-16 21:00:00+00:00,105.822,105.878,105.105,105.163,23897.0
2007-04-17 21:00:00+00:00,105.163,105.348,104.438,105.234,21572.0
2007-04-18 21:00:00+00:00,105.24,105.256,104.025,104.886,26419.0
2007-04-19 21:00:00+00:00,104.88,105.959,104.711,105.598,21205.0
2007-04-21 21:00:00+00:00,105.612,105.767,105.612,105.718,143.0
2007-04-22 21:00:00+00:00,105.71,105.945,105.265,105.752,17408.0
2007-04-23 21:00:00+00:00,105.747,106.246,105.13,105.737,23606.0
2007-04-24 21:00:00+00:00,105.746,106.615,105.473,106.505,20633.0
2007-04-25 21:00:00+00:00,106.511,106.865,106.282,106.606,21755.0
2007-04-26 21:00:00+00:00,106.599,107.367,106.374,107.164,27379.0
2007-04-28 21:00:00+00:00,107.014,107.014,106.77,106.937,876.0
2007-04-29 21:00:00+00:00,106.939,108.163,106.687,107.708,23241.0
2007-04-30 21:00:00+00:00,107.721,108.247,107.526,107.907,22398.0
2007-05-01 21:00:00+00:00,107.902,108.507,107.517,108.323,20319.0
2007-05-02 21:00:00+00:00,108.32,108.87,108.253,108.736,21932.0
2007-05-03 21:00:00+00:00,108.727,109.056,108.45,108.493,21328.0
2007-05-05 21:00:00+00:00,108.498,108.631,108.462,108.486,118.0
2007-05-06 21:00:00+00:00,108.501,109.041,108.297,108.988,17133.0
2007-05-07 21:00:00+00:00,108.985,109.054,108.186,108.642,27367.0
2007-05-08 21:00:00+00:00,108.64,108.704,108.08,108.704,26796.0
2007-05-09 21:00:00+00:00,108.691,108.94,107.836,107.892,25817.0
2007-05-10 21:00:00+00:00,107.885,108.267,107.15,108.233,27972.0
2007-05-11 21:00:00+00:00,108.231,108.231,108.229,108.229,3.0
2007-05-12 21:00:00+00:00,108.209,108.301,108.192,108.277,367.0
2007-05-13 21:00:00+00:00,108.282,108.872,108.024,108.828,23264.0
2007-05-14 21:00:00+00:00,108.834,109.82,108.5,109.48,25958.0
2007-05-15 21:00:00+00:00,109.45,109.784,109.114,109.39,24926.0
2007-05-16 21:00:00+00:00,109.386,110.542,109.33,110.29,21312.0
2007-05-17 21:00:00+00:00,110.29,111.324,110.07,111.262,23761.0
2007-05-19 21:00:00+00:00,111.159,111.236,111.072,111.154,270.0
2007-05-20 21:00:00+00:00,111.145,112.244,111.06,111.984,23968.0
2007-05-21 21:00:00+00:00,111.978,112.19,111.7,111.894,22193.0
2007-05-22 21:00:00+00:00,111.894,112.51,111.75,112.426,24883.0
2007-05-23 21:00:00+00:00,112.44,112.494,111.802,112.02,21368.0
2007-05-24 21:00:00+00:00,112.022,112.9,111.402,112.732,24698.0
2007-05-26 21:00:00+00:00,112.775,112.822,112.584,112.76,139.0
2007-05-27 21:00:00+00:00,112.755,112.86,112.519,112.708,8117.0
2007-05-28 21:00:00+00:00,112.692,113.712,112.062,113.318,27331.0
2007-05-29 21:00:00+00:00,113.322,113.864,112.914,113.246,27375.0
2007-05-30 21:00:00+00:00,113.252,114.07,113.104,113.894,21699.0
2007-05-31 21:00:00+00:00,113.888,115.228,113.666,115.107,21826.0
2007-06-02 21:00:00+00:00,115.087,115.277,115.039,115.048,362.0
2007-06-03 21:00:00+00:00,115.053,115.626,114.838,115.03,21805.0
2007-06-04 21:00:00+00:00,115.034,115.342,114.038,114.164,25945.0
2007-06-05 21:00:00+00:00,114.16,114.726,113.88,114.406,23254.0
2007-06-06 21:00:00+00:00,114.412,114.884,113.512,113.632,25095.0
2007-06-07 21:00:00+00:00,113.626,114.865,113.44,114.751,27564.0
2007-06-09 21:00:00+00:00,114.724,114.796,114.692,114.692,102.0
2007-06-10 21:00:00+00:00,114.687,114.946,114.326,114.854,16749.0
2007-06-11 21:00:00+00:00,114.85,114.984,113.954,113.966,18608.0
2007-06-12 21:00:00+00:00,113.976,115.152,113.84,115.136,25272.0
2007-06-13 21:00:00+00:00,115.142,115.484,114.792,115.074,19508.0
2007-06-14 21:00:00+00:00,115.068,116.44,114.954,115.61,19960.0
2007-06-16 21:00:00+00:00,115.682,115.717,115.664,115.71,163.0
2007-06-17 21:00:00+00:00,115.7,116.008,114.85,115.466,21810.0
2007-06-18 21:00:00+00:00,115.462,116.212,115.149,116.124,23827.0
2007-06-19 21:00:00+00:00,116.118,116.316,115.58,115.902,27071.0
2007-06-20 21:00:00+00:00,115.87,116.142,114.96,115.134,22170.0
2007-06-21 21:00:00+00:00,115.128,116.272,115.084,116.004,25340.0
2007-06-22 21:00:00+00:00,116.004,116.005,116.004,116.005,3.0
2007-06-23 21:00:00+00:00,115.835,115.858,115.743,115.771,160.0
2007-06-24 21:00:00+00:00,115.766,115.972,114.934,115.562,20465.0
2007-06-25 21:00:00+00:00,115.558,115.67,114.704,115.256,21513.0
2007-06-26 21:00:00+00:00,115.25,115.312,114.068,114.742,29284.0
2007-06-27 21:00:00+00:00,114.738,116.46,114.592,116.278,26292.0
2007-06-28 21:00:00+00:00,116.28,117.912,115.544,115.618,28623.0
2007-06-29 21:00:00+00:00,115.62,115.62,115.62,115.62,1.0
2007-06-30 21:00:00+00:00,115.656,115.87,115.646,115.813,307.0
2007-07-01 21:00:00+00:00,115.815,116.192,115.4,115.944,21137.0
2007-07-02 21:00:00+00:00,115.938,116.338,114.986,115.386,20758.0
2007-07-03 21:00:00+00:00,115.39,116.056,115.27,116.02,13666.0
2007-07-04 21:00:00+00:00,116.02,116.422,115.678,116.408,20799.0
2007-07-05 21:00:00+00:00,116.398,117.726,116.286,117.536,22501.0
2007-07-07 21:00:00+00:00,117.62,117.693,117.593,117.596,348.0
2007-07-08 21:00:00+00:00,117.6,118.238,117.468,117.54,16948.0
2007-07-09 21:00:00+00:00,117.554,117.758,115.426,115.496,25625.0
2007-07-10 21:00:00+00:00,115.49,116.248,114.494,116.158,31685.0
2007-07-11 21:00:00+00:00,116.148,117.218,115.764,117.068,23663.0
2007-07-12 21:00:00+00:00,117.068,117.254,116.284,116.382,20890.0
2007-07-14 21:00:00+00:00,116.368,116.415,116.315,116.335,492.0
2007-07-15 21:00:00+00:00,116.335,117.092,116.156,116.79,16249.0
2007-07-16 21:00:00+00:00,116.79,117.326,116.548,117.22,17214.0
2007-07-17 21:00:00+00:00,117.22,117.22,116.546,116.842,22436.0
2007-07-18 21:00:00+00:00,116.846,117.276,116.416,116.944,18477.0
2007-07-19 21:00:00+00:00,116.938,117.316,115.392,115.638,24961.0
2007-07-21 21:00:00+00:00,115.795,116.615,115.765,116.01,658.0
2007-07-22 21:00:00+00:00,116.01,116.406,115.3,115.678,24341.0
2007-07-23 21:00:00+00:00,115.678,116.712,115.084,116.108,28659.0
2007-07-24 21:00:00+00:00,116.108,116.222,115.082,115.674,31661.0
2007-07-25 21:00:00+00:00,115.68,115.856,112.306,112.648,31327.0
2007-07-26 21:00:00+00:00,112.642,113.27,111.306,111.457,47993.0
2007-07-28 21:00:00+00:00,111.47,111.475,111.185,111.315,573.0
2007-07-29 21:00:00+00:00,111.315,111.67,110.512,111.56,34329.0
2007-07-30 21:00:00+00:00,111.578,112.82,111.014,111.216,31767.0
2007-07-31 21:00:00+00:00,111.202,112.736,109.954,112.626,38207.0
2007-08-01 21:00:00+00:00,112.62,113.528,111.778,113.284,34720.0
2007-08-02 21:00:00+00:00,113.288,113.33,111.603,111.695,33228.0
2007-08-04 21:00:00+00:00,111.595,111.595,111.27,111.28,567.0
2007-08-05 21:00:00+00:00,111.285,113.292,110.891,112.936,37755.0
2007-08-06 21:00:00+00:00,112.934,113.312,111.694,112.626,33473.0
2007-08-07 21:00:00+00:00,112.634,114.342,112.52,114.16,26358.0
2007-08-08 21:00:00+00:00,114.166,114.266,111.128,111.702,34752.0
2007-08-09 21:00:00+00:00,111.696,112.686,111.012,112.413,42309.0
2007-08-10 21:00:00+00:00,112.423,112.424,112.423,112.423,7.0
2007-08-11 21:00:00+00:00,112.403,112.52,112.145,112.24,234.0
2007-08-12 21:00:00+00:00,112.24,112.932,111.424,112.192,27769.0
2007-08-13 21:00:00+00:00,112.188,112.248,110.132,110.16,42622.0
2007-08-14 21:00:00+00:00,110.15,110.19,108.058,108.098,48547.0
2007-08-15 21:00:00+00:00,108.1,108.148,104.059,105.82,61444.0
2007-08-16 21:00:00+00:00,105.835,108.5,103.411,107.893,54524.0
2007-08-17 21:00:00+00:00,107.837,107.879,107.837,107.879,2.0
2007-08-18 21:00:00+00:00,107.929,107.929,107.693,107.733,23.0
2007-08-19 21:00:00+00:00,107.723,109.186,107.1,108.864,37519.0
2007-08-20 21:00:00+00:00,108.86,109.104,107.23,107.736,35758.0
2007-08-21 21:00:00+00:00,107.722,109.088,107.044,108.598,30094.0
2007-08-22 21:00:00+00:00,108.6,111.342,108.442,110.336,37064.0
2007-08-23 21:00:00+00:00,110.326,110.734,109.346,110.68,37317.0
2007-08-24 21:00:00+00:00,110.675,110.685,110.675,110.68,3.0
2007-08-26 21:00:00+00:00,110.661,111.128,109.832,109.874,23794.0
2007-08-27 21:00:00+00:00,109.876,109.884,107.262,107.378,32503.0
2007-08-28 21:00:00+00:00,107.376,109.736,106.692,109.576,27360.0
2007-08-29 21:00:00+00:00,109.556,110.02,108.17,109.448,32630.0
2007-08-30 21:00:00+00:00,109.436,110.656,109.04,109.662,31288.0
2007-09-01 21:00:00+00:00,109.7,109.7,109.535,109.585,357.0
2007-09-02 21:00:00+00:00,109.585,110.345,109.585,110.152,16101.0
2007-09-03 21:00:00+00:00,110.158,110.97,109.182,110.869,26274.0
2007-09-04 21:00:00+00:00,110.859,111.008,109.13,109.405,29998.0
2007-09-05 21:00:00+00:00,109.405,109.8,108.872,109.666,29494.0
2007-09-06 21:00:00+00:00,109.666,109.971,107.01,107.451,31138.0
2007-09-08 21:00:00+00:00,107.351,107.385,107.161,107.2,276.0
2007-09-09 21:00:00+00:00,107.186,108.256,106.53,108.091,29976.0
2007-09-10 21:00:00+00:00,108.086,109.82,107.699,109.62,29141.0
2007-09-11 21:00:00+00:00,109.62,110.314,109.15,110.196,32346.0
2007-09-12 21:00:00+00:00,110.156,111.91,110.032,111.287,33950.0
2007-09-13 21:00:00+00:00,111.285,112.132,110.618,112.017,38669.0
2007-09-15 21:00:00+00:00,111.955,111.955,111.803,111.878,266.0
2007-09-16 21:00:00+00:00,111.878,112.568,111.268,112.016,29446.0
2007-09-17 21:00:00+00:00,112.006,114.796,111.584,114.606,28840.0
2007-09-18 21:00:00+00:00,114.601,114.914,113.694,114.365,34106.0
2007-09-19 21:00:00+00:00,114.365,115.09,113.86,114.475,32179.0
2007-09-20 21:00:00+00:00,114.471,116.076,114.354,115.4,31463.0
2007-09-21 21:00:00+00:00,115.403,115.403,115.379,115.379,3.0
2007-09-22 21:00:00+00:00,115.319,115.44,115.238,115.44,120.0
2007-09-23 21:00:00+00:00,115.347,115.59,114.474,114.605,21678.0
2007-09-24 21:00:00+00:00,114.605,114.722,113.786,114.346,27547.0
2007-09-25 21:00:00+00:00,114.34,115.226,113.816,115.106,29742.0
2007-09-26 21:00:00+00:00,115.12,115.648,114.796,115.458,30171.0
2007-09-27 21:00:00+00:00,115.458,115.978,114.698,115.704,30239.0
2007-09-29 21:00:00+00:00,115.704,115.704,115.346,115.518,355.0
2007-09-30 21:00:00+00:00,115.518,116.862,115.413,116.709,25303.0
2007-10-01 21:00:00+00:00,116.726,116.773,115.666,116.027,25815.0
2007-10-02 21:00:00+00:00,116.025,117.266,115.73,116.944,25364.0
2007-10-03 21:00:00+00:00,116.929,117.028,116.333,116.814,26973.0
2007-10-04 21:00:00+00:00,116.813,119.38,116.66,119.297,29201.0
2007-10-05 21:00:00+00:00,119.295,119.295,119.295,119.295,1.0
2007-10-06 21:00:00+00:00,119.195,119.32,119.13,119.284,311.0
2007-10-07 21:00:00+00:00,119.293,119.546,118.7,118.97,19168.0
2007-10-08 21:00:00+00:00,118.97,119.42,118.42,119.343,29088.0
2007-10-09 21:00:00+00:00,119.343,119.936,119.046,119.424,23442.0
2007-10-10 21:00:00+00:00,119.433,120.982,119.191,120.076,27412.0
2007-10-11 21:00:00+00:00,120.076,121.038,119.656,121.01,27620.0
2007-10-12 21:00:00+00:00,121.086,121.086,121.01,121.01,3.0
2007-10-13 21:00:00+00:00,121.036,121.06,120.805,120.92,331.0
2007-10-14 21:00:00+00:00,120.92,121.276,119.818,120.201,25478.0
2007-10-15 21:00:00+00:00,120.201,120.408,118.782,119.41,32637.0
2007-10-16 21:00:00+00:00,119.399,120.174,118.45,119.722,34930.0
2007-10-17 21:00:00+00:00,119.714,119.9,118.02,118.761,32941.0
2007-10-18 21:00:00+00:00,118.759,119.71,117.834,118.436,33543.0
2007-10-20 21:00:00+00:00,118.436,118.436,117.925,118.09,1495.0
2007-10-21 21:00:00+00:00,118.09,118.27,115.818,116.988,45174.0
2007-10-22 21:00:00+00:00,116.983,119.312,116.874,118.745,45991.0
2007-10-23 21:00:00+00:00,118.745,119.022,116.958,117.95,43957.0
2007-10-24 21:00:00+00:00,117.951,118.89,117.544,118.074,49282.0
2007-10-25 21:00:00+00:00,118.073,119.294,117.878,118.679,27841.0
2007-10-27 21:00:00+00:00,118.679,118.824,118.621,118.685,936.0
2007-10-28 21:00:00+00:00,118.685,120.484,118.491,120.181,32189.0
2007-10-29 21:00:00+00:00,120.173,120.608,119.62,120.161,33474.0
2007-10-30 21:00:00+00:00,120.182,122.486,120.062,122.418,38138.0
2007-10-31 21:00:00+00:00,122.4,122.864,120.315,120.575,43071.0
2007-11-01 21:00:00+00:00,120.575,123.536,120.252,122.873,47318.0
2007-11-03 21:00:00+00:00,122.951,122.951,122.6,122.702,935.0
2007-11-04 22:00:00+00:00,122.696,122.98,121.942,122.736,35932.0
2007-11-05 22:00:00+00:00,122.749,124.683,122.426,124.656,40891.0
2007-11-06 22:00:00+00:00,124.659,125.582,120.997,121.001,55051.0
2007-11-07 22:00:00+00:00,121.008,122.4,119.397,120.465,55577.0
2007-11-08 22:00:00+00:00,120.402,121.775,117.122,117.158,47351.0
2007-11-10 22:00:00+00:00,117.158,117.428,116.565,116.57,1537.0
2007-11-11 22:00:00+00:00,116.575,117.4,112.898,112.922,53328.0
2007-11-12 22:00:00+00:00,112.922,115.796,112.549,115.642,45267.0
2007-11-13 22:00:00+00:00,115.652,117.25,114.924,115.084,47377.0
2007-11-14 22:00:00+00:00,115.084,115.952,111.899,111.934,58934.0
2007-11-15 22:00:00+00:00,111.933,114.602,111.203,114.144,48414.0
2007-11-16 22:00:00+00:00,114.144,114.144,114.144,114.144,5.0
2007-11-17 22:00:00+00:00,114.144,114.144,113.305,113.505,1553.0
2007-11-18 22:00:00+00:00,113.495,114.37,111.454,111.58,49905.0
2007-11-19 22:00:00+00:00,111.575,113.226,111.222,112.296,63689.0
2007-11-20 22:00:00+00:00,112.306,112.432,109.228,109.874,56032.0
2007-11-21 22:00:00+00:00,109.872,111.362,109.666,110.014,30735.0
2007-11-22 22:00:00+00:00,110.013,110.497,109.018,109.577,37365.0
2007-11-24 22:00:00+00:00,109.349,109.838,109.324,109.82,1040.0
2007-11-25 22:00:00+00:00,109.815,110.734,108.148,108.468,44283.0
2007-11-26 22:00:00+00:00,108.452,110.776,108.094,109.362,59409.0
2007-11-27 22:00:00+00:00,109.36,112.024,108.59,111.651,52570.0
2007-11-28 22:00:00+00:00,111.654,111.934,109.66,110.115,53591.0
2007-11-29 22:00:00+00:00,110.129,111.554,109.961,111.401,50987.0
2007-11-30 22:00:00+00:00,111.401,111.401,111.401,111.401,1.0
2007-12-01 22:00:00+00:00,111.346,111.346,110.955,111.08,328.0
2007-12-02 22:00:00+00:00,111.085,111.195,109.796,110.55,39493.0
2007-12-03 22:00:00+00:00,110.542,110.594,107.963,108.727,48646.0
2007-12-04 22:00:00+00:00,108.732,109.622,107.872,109.622,35238.0
2007-12-05 22:00:00+00:00,109.625,110.53,108.788,110.423,46774.0
2007-12-06 22:00:00+00:00,110.421,111.536,109.738,111.082,36822.0
2007-12-08 22:00:00+00:00,111.082,111.2,110.954,110.963,931.0
2007-12-09 22:00:00+00:00,110.964,111.686,110.328,110.902,27941.0
2007-12-10 22:00:00+00:00,110.914,111.408,108.752,109.027,41794.0
2007-12-11 22:00:00+00:00,109.022,111.494,109.012,110.87,49809.0
2007-12-12 22:00:00+00:00,110.87,110.914,109.56,109.94,44174.0
2007-12-13 22:00:00+00:00,109.931,112.026,109.916,111.374,49728.0
2007-12-15 22:00:00+00:00,111.476,111.625,111.4,111.5,955.0
2007-12-16 22:00:00+00:00,111.5,112.94,110.762,112.35,44489.0
2007-12-17 22:00:00+00:00,112.35,113.06,111.805,112.749,40584.0
2007-12-18 22:00:00+00:00,112.734,113.232,111.766,113.152,40951.0
2007-12-19 22:00:00+00:00,113.169,113.676,112.418,112.971,37159.0
2007-12-20 22:00:00+00:00,112.969,115.176,112.864,114.99,34791.0
2007-12-22 22:00:00+00:00,115.019,115.086,114.884,115.081,153.0
2007-12-23 22:00:00+00:00,115.086,116.202,114.794,116.159,14497.0
2007-12-24 22:00:00+00:00,116.172,116.264,115.57,115.86,3193.0
2007-12-25 22:00:00+00:00,115.873,116.627,115.574,116.493,16523.0
2007-12-26 22:00:00+00:00,116.504,116.874,115.69,116.086,36158.0
2007-12-27 22:00:00+00:00,116.076,116.276,114.375,114.387,49360.0
2007-12-29 22:00:00+00:00,114.55,114.767,114.522,114.747,208.0
2007-12-30 22:00:00+00:00,114.76,115.12,111.71,111.871,23539.0
2007-12-31 22:00:00+00:00,111.849,112.565,111.827,112.495,707.0
2008-01-01 22:00:00+00:00,112.494,113.28,109.868,110.364,34791.0
2008-01-02 22:00:00+00:00,110.363,111.006,108.816,110.475,41130.0
2008-01-03 22:00:00+00:00,110.474,111.138,107.798,108.3,45684.0
2008-01-05 22:00:00+00:00,108.34,108.385,108.071,108.267,666.0
2008-01-06 22:00:00+00:00,108.265,109.5,108.032,108.668,45587.0
2008-01-07 22:00:00+00:00,108.662,109.988,108.032,108.19,43363.0
2008-01-08 22:00:00+00:00,108.192,109.38,107.956,108.943,49709.0
2008-01-09 22:00:00+00:00,108.944,109.264,107.706,108.233,50006.0
2008-01-10 22:00:00+00:00,108.22,108.741,106.497,106.836,49431.0
2008-01-12 22:00:00+00:00,106.771,106.771,106.512,106.52,587.0
2008-01-13 22:00:00+00:00,106.52,107.01,105.66,106.349,37046.0
2008-01-14 22:00:00+00:00,106.352,106.47,104.724,104.859,47558.0
2008-01-15 22:00:00+00:00,104.858,105.668,103.036,104.99,58290.0
2008-01-16 22:00:00+00:00,104.985,105.732,103.402,103.481,52403.0
2008-01-17 22:00:00+00:00,103.506,105.164,103.236,104.015,39114.0
2008-01-19 22:00:00+00:00,104.046,104.112,103.872,103.984,957.0
2008-01-20 22:00:00+00:00,103.983,104.144,102.248,102.402,37375.0
2008-01-21 22:00:00+00:00,102.422,104.632,101.96,103.391,54737.0
2008-01-22 22:00:00+00:00,103.391,104.637,101.84,104.202,63495.0
2008-01-23 22:00:00+00:00,104.2,107.007,103.676,106.788,59252.0
2008-01-24 22:00:00+00:00,106.79,107.514,105.843,105.861,53110.0
2008-01-26 22:00:00+00:00,105.945,105.956,105.611,105.758,1668.0
2008-01-27 22:00:00+00:00,105.761,106.606,104.859,106.515,49683.0
2008-01-28 22:00:00+00:00,106.515,107.786,105.774,107.285,38244.0
2008-01-29 22:00:00+00:00,107.28,108.582,106.62,106.95,47236.0
2008-01-30 22:00:00+00:00,106.945,107.444,105.054,106.119,64740.0
2008-01-31 22:00:00+00:00,106.125,107.505,105.658,106.991,52092.0
2008-02-01 22:00:00+00:00,107.061,107.061,107.061,107.061,1.0
2008-02-02 22:00:00+00:00,107.001,107.145,106.951,107.122,861.0
2008-02-03 22:00:00+00:00,107.125,107.65,106.708,107.424,40181.0
2008-02-04 22:00:00+00:00,107.414,107.878,105.94,105.968,49162.0
2008-02-05 22:00:00+00:00,105.952,106.596,105.12,105.902,49362.0
2008-02-06 22:00:00+00:00,105.894,106.966,104.73,106.542,50403.0
2008-02-07 22:00:00+00:00,106.548,108.038,106.112,107.453,45477.0
2008-02-09 22:00:00+00:00,107.163,107.392,107.06,107.345,453.0
2008-02-10 22:00:00+00:00,107.345,107.76,106.122,106.794,37992.0
2008-02-11 22:00:00+00:00,106.792,108.004,106.417,107.124,45205.0
2008-02-12 22:00:00+00:00,107.124,108.71,106.874,108.646,42981.0
2008-02-13 22:00:00+00:00,108.652,108.938,107.784,107.828,36331.0
2008-02-14 22:00:00+00:00,107.828,108.994,106.45,107.087,43375.0
2008-02-16 22:00:00+00:00,107.095,107.514,106.795,106.833,1125.0
2008-02-17 22:00:00+00:00,106.839,107.586,106.765,107.404,24892.0
2008-02-18 22:00:00+00:00,107.398,107.504,105.687,105.955,39859.0
2008-02-19 22:00:00+00:00,105.955,106.864,105.768,106.737,44217.0
2008-02-20 22:00:00+00:00,106.731,107.274,105.854,106.204,38364.0
2008-02-21 22:00:00+00:00,106.214,106.36,105.024,105.817,34780.0
2008-02-23 22:00:00+00:00,105.846,106.289,105.846,105.951,961.0
2008-02-24 22:00:00+00:00,105.948,108.654,105.802,108.468,38677.0
2008-02-25 22:00:00+00:00,108.458,109.65,108.058,109.313,36941.0
2008-02-26 22:00:00+00:00,109.295,109.53,108.076,108.629,48344.0
2008-02-27 22:00:00+00:00,108.619,109.01,107.734,108.026,42110.0
2008-02-28 22:00:00+00:00,108.032,108.039,104.837,105.01,48482.0
2008-03-01 22:00:00+00:00,105.052,105.299,105.051,105.11,1011.0
2008-03-02 22:00:00+00:00,105.13,105.13,103.73,104.525,45023.0
2008-03-03 22:00:00+00:00,104.52,104.77,103.068,104.037,45742.0
2008-03-04 22:00:00+00:00,104.031,105.728,103.822,105.67,40476.0
2008-03-05 22:00:00+00:00,105.667,105.667,103.894,104.167,42509.0
2008-03-06 22:00:00+00:00,104.169,104.742,103.236,103.629,47087.0
2008-03-08 22:00:00+00:00,103.541,103.685,103.457,103.528,221.0
2008-03-09 21:00:00+00:00,103.528,103.73,101.816,102.12,41747.0
2008-03-10 21:00:00+00:00,102.116,104.332,101.786,104.238,53666.0
2008-03-11 21:00:00+00:00,104.264,104.746,102.658,102.87,52463.0
2008-03-12 21:00:00+00:00,102.856,103.036,100.932,102.242,63833.0
2008-03-13 21:00:00+00:00,102.244,102.57,99.963,100.157,63026.0
2008-03-15 21:00:00+00:00,100.137,100.324,99.633,100.243,1337.0
2008-03-16 21:00:00+00:00,100.238,100.429,96.381,97.526,73385.0
2008-03-17 21:00:00+00:00,97.501,100.624,97.212,100.6,58505.0
2008-03-18 21:00:00+00:00,100.618,101.384,97.288,97.681,60090.0
2008-03-19 21:00:00+00:00,97.691,97.936,95.698,97.228,47609.0
2008-03-20 21:00:00+00:00,97.226,97.515,96.789,97.296,14600.0
2008-03-22 21:00:00+00:00,97.25,97.25,96.916,96.951,103.0
2008-03-23 21:00:00+00:00,96.955,99.179,96.819,99.032,32506.0
2008-03-24 21:00:00+00:00,99.022,99.37,97.522,98.354,42159.0
2008-03-25 21:00:00+00:00,98.364,98.504,97.238,97.454,43411.0
2008-03-26 21:00:00+00:00,97.45,98.774,96.924,97.828,52906.0
2008-03-27 21:00:00+00:00,97.828,98.714,97.019,97.041,47853.0
2008-03-29 21:00:00+00:00,96.978,97.144,96.959,96.968,341.0
2008-03-30 21:00:00+00:00,96.967,97.913,96.614,97.233,46648.0
2008-03-31 21:00:00+00:00,97.232,99.858,97.07,99.716,48612.0
2008-04-01 21:00:00+00:00,99.715,101.116,99.208,100.718,59432.0
2008-04-02 21:00:00+00:00,100.714,102.056,100.619,101.768,50551.0
2008-04-03 21:00:00+00:00,101.78,102.257,100.501,100.605,44559.0
2008-04-04 21:00:00+00:00,100.606,100.606,100.606,100.606,1.0
2008-04-05 21:00:00+00:00,100.606,100.658,100.47,100.55,7.0
2008-04-06 21:00:00+00:00,100.62,102.275,100.52,100.984,38132.0
2008-04-07 21:00:00+00:00,100.982,101.336,100.068,101.31,45267.0
2008-04-08 21:00:00+00:00,101.31,101.406,99.656,99.968,41298.0
2008-04-09 21:00:00+00:00,99.964,100.35,98.128,99.996,47117.0
2008-04-10 21:00:00+00:00,99.994,100.588,98.383,98.692,45459.0
2008-04-12 21:00:00+00:00,99.14,99.145,98.523,98.745,1217.0
2008-04-13 21:00:00+00:00,98.745,99.318,97.926,99.214,44908.0
2008-04-14 21:00:00+00:00,99.222,100.022,98.488,100.008,41159.0
2008-04-15 21:00:00+00:00,100.006,101.846,99.796,101.724,45496.0
2008-04-16 21:00:00+00:00,101.724,102.592,100.826,101.398,49034.0
2008-04-17 21:00:00+00:00,101.398,103.903,101.302,103.238,43090.0
2008-04-19 21:00:00+00:00,103.224,103.388,103.224,103.303,467.0
2008-04-20 21:00:00+00:00,103.318,103.568,102.188,102.642,40443.0
2008-04-21 21:00:00+00:00,102.718,102.782,101.82,102.186,47379.0
2008-04-22 21:00:00+00:00,102.186,102.532,100.91,101.656,38163.0
2008-04-23 21:00:00+00:00,101.652,103.078,101.45,102.776,46949.0
2008-04-24 21:00:00+00:00,102.736,103.016,102.28,103.016,42509.0
2008-04-26 21:00:00+00:00,102.951,103.094,102.867,102.98,196.0
2008-04-27 21:00:00+00:00,102.97,103.935,102.548,102.868,35738.0
2008-04-28 21:00:00+00:00,102.888,103.148,101.774,102.726,40112.0
2008-04-29 21:00:00+00:00,102.726,104.114,102.33,103.058,43945.0
2008-04-30 21:00:00+00:00,103.058,103.374,101.608,102.472,35127.0
2008-05-01 21:00:00+00:00,102.37,103.774,102.254,103.379,44087.0
2008-05-03 21:00:00+00:00,103.423,103.423,103.153,103.207,212.0
2008-05-04 21:00:00+00:00,103.202,103.947,103.197,103.547,26491.0
2008-05-05 21:00:00+00:00,103.547,104.762,102.797,104.502,39188.0
2008-05-06 21:00:00+00:00,104.514,105.388,103.686,103.754,40048.0
2008-05-07 21:00:00+00:00,103.754,103.932,101.918,101.974,51236.0
2008-05-08 21:00:00+00:00,101.974,102.848,101.606,102.323,42336.0
2008-05-10 21:00:00+00:00,102.413,102.498,102.226,102.409,465.0
2008-05-11 21:00:00+00:00,102.414,103.564,101.924,103.284,41200.0
2008-05-12 21:00:00+00:00,103.324,104.584,102.658,104.356,44657.0
2008-05-13 21:00:00+00:00,104.356,105.594,104.088,104.66,44702.0
2008-05-14 21:00:00+00:00,104.66,105.006,104.372,104.75,39930.0
2008-05-15 21:00:00+00:00,104.76,105.308,103.8,104.13,41852.0
2008-05-17 21:00:00+00:00,104.2,104.2,104.042,104.057,229.0
2008-05-18 21:00:00+00:00,104.057,105.632,103.992,105.222,40419.0
2008-05-19 21:00:00+00:00,105.226,105.31,104.146,104.484,49252.0
2008-05-20 21:00:00+00:00,104.484,105.206,104.088,104.75,41040.0
2008-05-21 21:00:00+00:00,104.744,105.89,104.44,105.688,45937.0
2008-05-22 21:00:00+00:00,105.698,105.834,104.256,104.439,34450.0
2008-05-24 21:00:00+00:00,104.524,104.524,104.341,104.427,142.0
2008-05-25 21:00:00+00:00,104.418,104.706,104.146,104.362,14298.0
2008-05-26 21:00:00+00:00,104.326,105.346,104.15,104.88,35626.0
2008-05-27 21:00:00+00:00,104.876,105.902,104.522,105.738,39052.0
2008-05-28 21:00:00+00:00,105.738,107.112,105.66,106.812,38810.0
2008-05-29 21:00:00+00:00,106.816,106.87,105.892,106.215,39821.0
2008-05-31 21:00:00+00:00,106.147,106.154,105.419,105.641,1134.0
2008-06-01 21:00:00+00:00,105.641,106.086,103.856,104.284,40240.0
2008-06-02 21:00:00+00:00,104.28,105.016,103.854,104.15,44058.0
2008-06-03 21:00:00+00:00,104.154,104.334,103.233,103.518,41679.0
2008-06-04 21:00:00+00:00,103.514,104.42,103.432,104.084,43493.0
2008-06-05 21:00:00+00:00,104.09,104.484,102.899,102.909,46424.0
2008-06-06 21:00:00+00:00,102.919,102.919,102.91,102.91,4.0
2008-06-07 21:00:00+00:00,102.905,102.923,102.568,102.76,966.0
2008-06-08 21:00:00+00:00,102.758,104.118,102.523,103.874,42844.0
2008-06-09 21:00:00+00:00,103.874,105.12,103.356,105.12,44186.0
2008-06-10 21:00:00+00:00,105.116,105.59,104.72,104.882,43836.0
2008-06-11 21:00:00+00:00,104.878,105.798,104.676,105.422,40570.0
2008-06-12 21:00:00+00:00,105.426,105.74,104.814,105.108,40547.0
2008-06-13 21:00:00+00:00,105.107,105.133,105.07,105.107,12.0
2008-06-14 21:00:00+00:00,104.782,105.176,104.78,105.06,566.0
2008-06-15 21:00:00+00:00,105.06,106.136,104.964,105.718,36977.0
2008-06-16 21:00:00+00:00,105.716,106.276,105.306,105.948,38562.0
2008-06-17 21:00:00+00:00,105.942,106.374,105.726,106.06,40866.0
2008-06-18 21:00:00+00:00,106.054,106.728,105.626,106.344,45108.0
2008-06-19 21:00:00+00:00,106.35,106.507,105.09,105.61,39572.0
2008-06-20 21:00:00+00:00,105.605,105.616,105.605,105.616,2.0
2008-06-21 21:00:00+00:00,105.459,105.46,105.344,105.354,190.0
2008-06-22 21:00:00+00:00,105.354,106.328,105.349,106.166,35914.0
2008-06-23 21:00:00+00:00,106.168,106.654,105.944,106.618,36498.0
2008-06-24 21:00:00+00:00,106.624,107.096,106.3,106.796,34949.0
2008-06-25 21:00:00+00:00,106.792,107.078,105.246,105.332,36883.0
2008-06-26 21:00:00+00:00,105.322,106.072,104.618,105.015,46774.0
2008-06-27 21:00:00+00:00,105.02,105.02,105.005,105.005,2.0
2008-06-28 21:00:00+00:00,104.98,105.086,104.887,105.042,197.0
2008-06-29 21:00:00+00:00,105.042,105.426,103.894,103.972,41453.0
2008-06-30 21:00:00+00:00,103.97,104.308,103.138,103.826,39583.0
2008-07-01 21:00:00+00:00,103.82,104.958,103.606,104.594,39550.0
2008-07-02 21:00:00+00:00,104.618,105.072,104.321,104.829,38878.0
2008-07-03 21:00:00+00:00,104.827,105.316,104.552,104.741,25326.0
2008-07-05 21:00:00+00:00,104.651,104.676,104.619,104.641,65.0
2008-07-06 21:00:00+00:00,104.84,105.902,104.651,105.4,46769.0
2008-07-07 21:00:00+00:00,105.4,105.532,104.434,105.482,48811.0
2008-07-08 21:00:00+00:00,105.474,106.236,105.068,105.53,53828.0
2008-07-09 21:00:00+00:00,105.534,106.23,105.396,106.162,43390.0
2008-07-10 21:00:00+00:00,106.16,106.226,104.51,105.311,46678.0
2008-07-12 21:00:00+00:00,105.172,105.394,105.092,105.167,640.0
2008-07-13 21:00:00+00:00,105.161,106.01,105.161,105.464,52359.0
2008-07-14 21:00:00+00:00,105.474,105.612,104.136,104.548,63321.0
2008-07-15 21:00:00+00:00,104.544,104.998,103.642,104.924,55176.0
2008-07-16 21:00:00+00:00,104.918,106.456,104.628,105.67,53096.0
2008-07-17 21:00:00+00:00,105.674,106.522,105.448,106.346,51532.0
2008-07-18 21:00:00+00:00,106.346,106.346,106.346,106.346,1.0
2008-07-19 21:00:00+00:00,106.318,106.422,106.257,106.297,269.0
2008-07-20 21:00:00+00:00,106.297,106.692,105.844,106.464,45221.0
2008-07-21 21:00:00+00:00,106.464,106.548,105.842,106.456,59199.0
2008-07-22 21:00:00+00:00,106.456,107.166,106.322,106.788,59902.0
2008-07-23 21:00:00+00:00,106.788,106.93,105.674,105.754,61390.0
2008-07-24 21:00:00+00:00,105.758,106.306,105.052,105.748,59655.0
2008-07-26 21:00:00+00:00,105.772,105.777,105.675,105.723,307.0
2008-07-27 21:00:00+00:00,105.723,105.99,104.838,105.082,63904.0
2008-07-28 21:00:00+00:00,105.082,105.646,105.004,105.596,58807.0
2008-07-29 21:00:00+00:00,105.596,105.816,105.31,105.656,58815.0
2008-07-30 21:00:00+00:00,105.646,105.942,104.918,105.308,53663.0
2008-07-31 21:00:00+00:00,105.297,105.469,104.388,104.835,60415.0
2008-08-01 21:00:00+00:00,104.835,104.835,104.835,104.835,1.0
2008-08-02 21:00:00+00:00,104.899,104.945,104.835,104.876,479.0
2008-08-03 21:00:00+00:00,104.87,105.072,104.344,104.444,62523.0
2008-08-04 21:00:00+00:00,104.444,104.46,103.216,103.842,67061.0
2008-08-05 21:00:00+00:00,103.842,104.816,103.76,104.64,71431.0
2008-08-06 21:00:00+00:00,104.63,104.768,103.848,103.926,62688.0
2008-08-07 21:00:00+00:00,103.93,104.232,102.765,103.302,62728.0
2008-08-08 21:00:00+00:00,103.284,103.284,103.284,103.284,1.0
2008-08-09 21:00:00+00:00,103.308,103.461,103.253,103.31,963.0
2008-08-10 21:00:00+00:00,103.31,103.436,102.695,102.944,66510.0
2008-08-11 21:00:00+00:00,102.944,103.356,102.608,102.724,55503.0
2008-08-12 21:00:00+00:00,102.72,103.204,101.514,103.066,62565.0
2008-08-13 21:00:00+00:00,103.062,103.766,102.568,103.164,53162.0
2008-08-14 21:00:00+00:00,103.168,104.418,102.83,104.333,52652.0
2008-08-16 21:00:00+00:00,104.273,104.338,104.205,104.285,653.0
2008-08-17 21:00:00+00:00,104.288,104.458,103.324,103.446,54844.0
2008-08-18 21:00:00+00:00,103.446,103.548,102.904,103.376,55469.0
2008-08-19 21:00:00+00:00,103.376,104.125,103.122,103.652,47580.0
2008-08-20 21:00:00+00:00,103.642,104.04,102.603,103.966,54175.0
2008-08-21 21:00:00+00:00,103.97,105.31,103.792,105.12,44720.0
2008-08-22 21:00:00+00:00,105.118,105.121,105.117,105.121,4.0
2008-08-23 21:00:00+00:00,104.867,104.973,104.808,104.912,237.0
2008-08-24 21:00:00+00:00,104.931,105.248,103.878,103.964,39165.0
2008-08-25 21:00:00+00:00,103.964,105.418,103.722,104.528,73396.0
2008-08-26 21:00:00+00:00,104.528,104.998,104.05,104.676,53965.0
2008-08-27 21:00:00+00:00,104.656,104.922,103.886,104.159,59807.0
2008-08-28 21:00:00+00:00,104.167,104.303,102.095,102.269,58484.0
2008-08-30 21:00:00+00:00,102.39,102.39,102.04,102.074,612.0
2008-08-31 21:00:00+00:00,102.065,102.262,100.864,101.372,38324.0
2008-09-01 21:00:00+00:00,101.372,102.108,100.864,101.762,59077.0
2008-09-02 21:00:00+00:00,101.76,102.636,100.706,101.902,65854.0
2008-09-03 21:00:00+00:00,101.894,102.882,100.068,100.094,66649.0
2008-09-04 21:00:00+00:00,100.098,101.436,98.594,101.397,73065.0
2008-09-06 21:00:00+00:00,101.704,102.791,101.541,102.679,2491.0
2008-09-07 21:00:00+00:00,102.674,103.268,100.69,101.678,85898.0
2008-09-08 21:00:00+00:00,101.678,101.98,99.554,99.694,86598.0
2008-09-09 21:00:00+00:00,99.694,100.95,99.466,100.522,66624.0
2008-09-10 21:00:00+00:00,100.514,100.644,98.382,99.654,82966.0
2008-09-11 21:00:00+00:00,99.656,101.897,99.41,101.821,89422.0
2008-09-13 21:00:00+00:00,100.45,100.623,99.254,99.447,3256.0
2008-09-14 21:00:00+00:00,99.451,100.393,97.711,97.772,81595.0
2008-09-15 21:00:00+00:00,97.772,99.68,96.498,98.903,83746.0
2008-09-16 21:00:00+00:00,98.903,99.934,96.807,97.525,101980.0
2008-09-17 21:00:00+00:00,97.536,99.766,97.035,99.446,87196.0
2008-09-18 21:00:00+00:00,99.468,102.803,99.297,102.71,59926.0
2008-09-19 21:00:00+00:00,102.713,102.713,102.713,102.713,2.0
2008-09-20 21:00:00+00:00,102.327,102.344,101.864,102.027,1003.0
2008-09-21 21:00:00+00:00,102.027,103.126,101.18,101.863,89554.0
2008-09-22 21:00:00+00:00,101.853,102.586,101.41,101.66,67646.0
2008-09-23 21:00:00+00:00,101.66,102.904,101.548,102.17,67110.0
2008-09-24 21:00:00+00:00,102.167,103.455,101.813,102.971,92010.0
2008-09-25 21:00:00+00:00,102.975,103.109,101.518,102.57,89587.0
2008-09-26 21:00:00+00:00,102.556,102.556,102.556,102.556,2.0
2008-09-27 21:00:00+00:00,102.628,102.846,102.314,102.618,774.0
2008-09-28 21:00:00+00:00,102.618,103.132,99.617,99.622,86016.0
2008-09-29 21:00:00+00:00,99.622,100.839,98.701,99.687,75000.0
2008-09-30 21:00:00+00:00,99.687,100.675,99.1,99.48,84839.0
2008-10-01 21:00:00+00:00,99.478,99.84,97.362,97.608,88660.0
2008-10-02 21:00:00+00:00,97.611,98.68,96.857,97.271,94569.0
2008-10-03 21:00:00+00:00,97.275,97.275,97.275,97.275,1.0
2008-10-04 21:00:00+00:00,97.089,97.359,96.499,96.929,2259.0
2008-10-05 21:00:00+00:00,96.933,97.199,90.608,92.614,88592.0
2008-10-06 21:00:00+00:00,92.614,94.158,91.241,91.753,95299.0
2008-10-07 21:00:00+00:00,91.753,92.169,87.88,87.88,93537.0
2008-10-08 21:00:00+00:00,87.896,90.641,86.608,86.799,91153.0
2008-10-09 21:00:00+00:00,86.797,87.028,82.124,85.813,96938.0
2008-10-10 21:00:00+00:00,85.813,85.813,85.813,85.813,4.0
2008-10-11 21:00:00+00:00,85.813,86.969,85.402,86.293,2337.0
2008-10-12 21:00:00+00:00,86.29,88.978,84.438,88.902,86212.0
2008-10-13 21:00:00+00:00,88.902,91.046,87.44,87.814,101618.0
2008-10-14 21:00:00+00:00,87.81,88.18,83.888,83.888,96159.0
2008-10-15 21:00:00+00:00,83.89,86.216,83.258,86.205,130509.0
2008-10-16 21:00:00+00:00,86.205,86.494,84.331,85.98,87408.0
2008-10-17 21:00:00+00:00,86.071,86.071,86.071,86.071,1.0
2008-10-18 21:00:00+00:00,85.83,86.01,85.813,85.968,484.0
2008-10-19 21:00:00+00:00,85.968,87.145,84.812,85.534,88446.0
2008-10-20 21:00:00+00:00,85.534,85.71,82.167,82.467,74623.0
2008-10-21 21:00:00+00:00,82.467,83.054,77.235,77.889,122693.0
2008-10-22 21:00:00+00:00,77.888,78.251,76.123,78.064,119573.0
2008-10-23 21:00:00+00:00,78.064,78.85,70.98,73.816,115517.0
2008-10-24 21:00:00+00:00,73.856,73.856,73.816,73.816,3.0
2008-10-25 21:00:00+00:00,73.821,73.86,73.277,73.277,533.0
2008-10-26 21:00:00+00:00,73.242,74.266,71.11,71.631,90394.0
2008-10-27 21:00:00+00:00,71.631,77.035,71.25,76.995,100823.0
2008-10-28 21:00:00+00:00,76.995,80.694,74.771,79.604,114989.0
2008-10-29 21:00:00+00:00,79.602,83.02,79.389,82.141,96418.0
2008-10-30 21:00:00+00:00,82.146,82.63,78.174,81.203,90324.0
2008-11-01 21:00:00+00:00,81.387,81.715,81.306,81.522,697.0
2008-11-02 22:00:00+00:00,81.566,84.058,81.066,83.9,68139.0
2008-11-03 22:00:00+00:00,83.9,87.494,82.87,86.684,78192.0
2008-11-04 22:00:00+00:00,86.684,86.958,83.68,83.728,81359.0
2008-11-05 22:00:00+00:00,83.724,84.332,81.434,81.584,97505.0
2008-11-06 22:00:00+00:00,81.588,84.2,80.54,82.585,89271.0
2008-11-08 22:00:00+00:00,82.579,84.436,82.52,84.347,1443.0
2008-11-09 22:00:00+00:00,84.326,85.258,81.44,82.06,82195.0
2008-11-10 22:00:00+00:00,82.057,82.386,80.454,80.898,72679.0
2008-11-11 22:00:00+00:00,80.898,81.83,76.443,76.733,88492.0
2008-11-12 22:00:00+00:00,76.733,81.058,76.165,80.668,134361.0
2008-11-13 22:00:00+00:00,80.668,80.975,78.25,78.444,126385.0
2008-11-15 22:00:00+00:00,78.343,78.393,77.38,77.412,1270.0
2008-11-16 22:00:00+00:00,77.408,80.246,77.243,78.66,114678.0
2008-11-17 22:00:00+00:00,78.663,79.603,77.795,78.813,114836.0
2008-11-18 22:00:00+00:00,78.813,79.009,76.259,76.293,78609.0
2008-11-19 22:00:00+00:00,76.29,76.668,72.15,72.235,104814.0
2008-11-20 22:00:00+00:00,72.237,75.756,72.198,75.754,113691.0
2008-11-22 22:00:00+00:00,75.566,75.771,75.391,75.625,964.0
2008-11-23 22:00:00+00:00,75.628,79.04,74.37,79.0,112645.0
2008-11-24 22:00:00+00:00,79.0,79.391,76.703,77.752,83674.0
2008-11-25 22:00:00+00:00,77.756,78.298,76.475,77.626,86855.0
2008-11-26 22:00:00+00:00,77.62,77.982,77.018,77.254,49954.0
2008-11-27 22:00:00+00:00,77.258,77.583,76.387,77.05,51638.0
2008-11-28 22:00:00+00:00,77.05,77.05,77.05,77.05,1.0
2008-11-29 22:00:00+00:00,77.05,77.454,77.05,77.193,278.0
2008-11-30 22:00:00+00:00,77.205,77.29,74.643,74.65,79829.0
2008-12-01 22:00:00+00:00,74.65,75.508,73.936,74.747,89062.0
2008-12-02 22:00:00+00:00,74.747,75.085,73.177,74.51,108245.0
2008-12-03 22:00:00+00:00,74.502,74.628,72.034,72.29,92052.0
2008-12-04 22:00:00+00:00,72.29,73.464,70.58,73.045,80088.0
2008-12-05 22:00:00+00:00,73.06,73.06,73.06,73.06,9.0
2008-12-06 22:00:00+00:00,73.044,73.476,72.935,73.063,632.0
2008-12-07 22:00:00+00:00,73.07,74.968,72.7,74.23,84877.0
2008-12-08 22:00:00+00:00,74.23,74.356,72.532,72.96,70652.0
2008-12-09 22:00:00+00:00,72.96,74.244,72.94,73.798,93742.0
2008-12-10 22:00:00+00:00,73.798,75.63,73.118,73.977,88294.0
2008-12-11 22:00:00+00:00,73.983,74.502,70.958,73.071,108712.0
2008-12-12 22:00:00+00:00,73.084,73.084,73.084,73.084,1.0
2008-12-13 22:00:00+00:00,73.342,73.692,73.145,73.3,1012.0
2008-12-14 22:00:00+00:00,73.3,74.128,72.684,73.479,60664.0
2008-12-15 22:00:00+00:00,73.479,74.437,72.727,74.105,58378.0
2008-12-16 22:00:00+00:00,74.105,74.254,72.376,73.208,74968.0
2008-12-17 22:00:00+00:00,73.202,75.513,73.096,74.216,74298.0
2008-12-18 22:00:00+00:00,74.219,74.569,71.513,73.503,71330.0
2008-12-20 22:00:00+00:00,73.378,73.384,73.248,73.29,269.0
2008-12-21 22:00:00+00:00,73.285,75.008,73.278,73.853,52881.0
2008-12-22 22:00:00+00:00,73.872,74.995,73.543,74.602,38539.0
2008-12-23 22:00:00+00:00,74.618,75.057,74.018,74.524,22749.0
2008-12-24 22:00:00+00:00,74.525,74.582,74.143,74.353,3024.0
2008-12-25 22:00:00+00:00,74.356,74.75,74.05,74.341,27746.0
2008-12-26 22:00:00+00:00,74.336,74.336,74.328,74.328,2.0
2008-12-27 22:00:00+00:00,74.225,74.37,74.053,74.353,330.0
2008-12-28 22:00:00+00:00,74.348,74.974,73.653,74.275,57702.0
2008-12-29 22:00:00+00:00,74.275,74.808,73.076,74.254,56775.0
2008-12-30 22:00:00+00:00,74.258,74.978,73.217,74.242,33802.0
2008-12-31 22:00:00+00:00,74.239,74.442,74.168,74.353,398.0
2009-01-01 22:00:00+00:00,74.368,76.258,74.118,76.223,46587.0
2009-01-03 22:00:00+00:00,76.369,76.481,76.09,76.238,1239.0
2009-01-04 22:00:00+00:00,76.238,78.692,75.689,78.565,58195.0
2009-01-05 22:00:00+00:00,78.572,80.452,77.755,79.099,76454.0
2009-01-06 22:00:00+00:00,79.222,79.426,77.014,77.564,73346.0
2009-01-07 22:00:00+00:00,77.557,77.625,75.816,77.299,88701.0
2009-01-08 22:00:00+00:00,77.304,77.468,75.412,76.241,88606.0
2009-01-09 22:00:00+00:00,76.25,76.25,76.25,76.25,1.0
2009-01-10 22:00:00+00:00,76.241,76.241,75.845,75.89,574.0
2009-01-11 22:00:00+00:00,75.89,75.898,73.11,73.22,95918.0
2009-01-12 22:00:00+00:00,73.223,73.562,72.192,73.007,97041.0
2009-01-13 22:00:00+00:00,73.007,74.166,71.19,71.29,108411.0
2009-01-14 22:00:00+00:00,71.284,72.088,70.612,71.704,113139.0
2009-01-15 22:00:00+00:00,71.712,73.613,71.552,72.986,89442.0
2009-01-17 22:00:00+00:00,72.97,73.34,72.923,73.188,1023.0
2009-01-18 22:00:00+00:00,73.176,73.748,71.77,72.298,64863.0
2009-01-19 22:00:00+00:00,72.298,72.523,70.742,70.843,80593.0
2009-01-20 22:00:00+00:00,70.855,71.522,68.384,71.297,74800.0
2009-01-21 22:00:00+00:00,71.295,71.312,69.287,70.839,83266.0
2009-01-22 22:00:00+00:00,70.842,72.528,69.689,72.11,77213.0
2009-01-24 22:00:00+00:00,72.078,72.122,71.955,72.007,145.0
2009-01-25 22:00:00+00:00,72.027,73.825,71.327,72.87,75864.0
2009-01-26 22:00:00+00:00,72.87,73.893,71.876,72.297,82606.0
2009-01-27 22:00:00+00:00,72.297,74.877,72.268,74.574,65152.0
2009-01-28 22:00:00+00:00,74.571,74.775,73.246,73.386,57627.0
2009-01-29 22:00:00+00:00,73.389,73.525,72.154,73.131,67873.0
2009-01-31 22:00:00+00:00,73.211,73.336,73.034,73.255,1035.0
2009-02-01 22:00:00+00:00,73.247,73.399,71.688,71.855,60660.0
2009-02-02 22:00:00+00:00,71.855,72.75,71.481,72.738,64910.0
2009-02-03 22:00:00+00:00,72.738,73.311,71.644,72.573,70725.0
2009-02-04 22:00:00+00:00,72.571,75.172,72.27,74.025,82153.0
2009-02-05 22:00:00+00:00,74.027,75.378,72.66,75.359,71228.0
2009-02-06 22:00:00+00:00,75.371,75.371,75.371,75.371,1.0
2009-02-07 22:00:00+00:00,75.371,75.47,75.08,75.088,1079.0
2009-02-08 22:00:00+00:00,75.088,75.825,74.165,75.132,60664.0
2009-02-09 22:00:00+00:00,75.132,75.292,72.181,72.741,71975.0
2009-02-10 22:00:00+00:00,72.743,73.058,71.994,72.998,53584.0
2009-02-11 22:00:00+00:00,72.994,73.299,72.044,73.113,66777.0
2009-02-12 22:00:00+00:00,73.118,74.722,72.828,74.357,62079.0
2009-02-13 22:00:00+00:00,74.357,74.357,74.357,74.357,1.0
2009-02-14 22:00:00+00:00,74.391,74.422,73.61,73.92,1582.0
2009-02-15 22:00:00+00:00,73.92,74.233,73.474,73.831,46562.0
2009-02-16 22:00:00+00:00,73.831,74.228,72.448,73.03,57986.0
2009-02-17 22:00:00+00:00,73.026,74.699,72.876,74.372,58475.0
2009-02-18 22:00:00+00:00,74.37,75.594,74.185,74.872,67007.0
2009-02-19 22:00:00+00:00,74.874,75.241,73.842,74.553,62327.0
2009-02-21 22:00:00+00:00,74.657,74.82,74.53,74.698,755.0
2009-02-22 22:00:00+00:00,74.698,76.406,74.152,75.672,71962.0
2009-02-23 22:00:00+00:00,75.672,78.155,75.262,77.8,64137.0
2009-02-24 22:00:00+00:00,77.8,78.252,76.868,77.469,66681.0
2009-02-25 22:00:00+00:00,77.467,79.407,77.422,78.582,56687.0
2009-02-26 22:00:00+00:00,78.584,78.716,76.302,76.461,82359.0
2009-02-27 22:00:00+00:00,76.446,76.446,76.446,76.446,1.0
2009-02-28 22:00:00+00:00,76.516,76.604,76.26,76.526,563.0
2009-03-01 22:00:00+00:00,76.533,76.786,75.265,75.333,55226.0
2009-03-02 22:00:00+00:00,75.333,76.488,75.117,75.921,64764.0
2009-03-03 22:00:00+00:00,75.921,78.076,75.731,77.884,60077.0
2009-03-04 22:00:00+00:00,77.884,78.046,75.772,75.947,95105.0
2009-03-05 22:00:00+00:00,75.947,76.74,75.119,76.335,86986.0
2009-03-07 22:00:00+00:00,76.463,76.524,76.4,76.524,39.0
2009-03-08 21:00:00+00:00,76.521,76.825,75.752,75.962,90073.0
2009-03-09 21:00:00+00:00,75.953,77.24,75.898,77.139,71211.0
2009-03-10 21:00:00+00:00,77.139,77.167,75.278,75.692,98158.0
2009-03-11 21:00:00+00:00,75.692,76.696,74.055,76.479,82541.0
2009-03-12 21:00:00+00:00,76.478,77.912,75.97,77.03,77906.0
2009-03-13 21:00:00+00:00,77.03,77.03,77.03,77.03,1.0
2009-03-14 21:00:00+00:00,77.017,77.163,77.013,77.121,48.0
2009-03-15 21:00:00+00:00,77.112,77.912,76.339,77.188,74596.0
2009-03-16 21:00:00+00:00,77.192,77.824,77.121,77.635,82802.0
2009-03-17 21:00:00+00:00,77.634,77.958,76.119,77.192,79548.0
2009-03-18 21:00:00+00:00,77.192,77.79,75.898,76.235,125537.0
2009-03-19 21:00:00+00:00,76.236,77.796,76.093,77.331,102213.0
2009-03-21 21:00:00+00:00,77.338,77.338,77.104,77.142,356.0
2009-03-22 21:00:00+00:00,77.142,79.604,77.083,79.358,73136.0
2009-03-23 21:00:00+00:00,79.358,80.672,79.064,79.429,89621.0
2009-03-24 21:00:00+00:00,79.429,80.113,78.673,79.181,92563.0
2009-03-25 21:00:00+00:00,79.181,80.416,79.137,80.223,92319.0
2009-03-26 21:00:00+00:00,80.223,80.463,78.394,78.789,84754.0
2009-03-27 21:00:00+00:00,78.802,78.802,78.795,78.802,3.0
2009-03-28 21:00:00+00:00,78.897,79.178,78.897,79.131,190.0
2009-03-29 21:00:00+00:00,79.143,79.392,76.592,77.048,79535.0
2009-03-30 21:00:00+00:00,77.048,78.946,77.03,78.523,86226.0
2009-03-31 21:00:00+00:00,78.525,78.881,77.44,78.177,84048.0
2009-04-01 21:00:00+00:00,78.177,80.526,78.008,80.398,87711.0
2009-04-02 21:00:00+00:00,80.398,81.593,79.941,81.568,81557.0
2009-04-03 21:00:00+00:00,81.578,81.578,81.578,81.578,1.0
2009-04-04 21:00:00+00:00,81.551,81.551,81.233,81.463,3988.0
2009-04-05 21:00:00+00:00,81.475,82.894,80.876,81.563,76117.0
2009-04-06 21:00:00+00:00,81.563,81.758,80.03,81.163,82198.0
2009-04-07 21:00:00+00:00,81.161,81.503,79.958,80.668,86628.0
2009-04-08 21:00:00+00:00,80.67,82.136,80.46,82.066,83042.0
2009-04-09 21:00:00+00:00,82.066,82.243,81.586,81.79,73488.0
2009-04-11 21:00:00+00:00,81.762,81.926,81.742,81.89,1647.0
2009-04-12 21:00:00+00:00,81.89,82.334,81.516,82.059,55320.0
2009-04-13 21:00:00+00:00,82.059,82.482,81.281,81.447,95770.0
2009-04-14 21:00:00+00:00,81.447,82.767,80.643,82.596,95774.0
2009-04-15 21:00:00+00:00,82.596,82.88,81.494,82.236,80860.0
2009-04-16 21:00:00+00:00,82.236,82.502,81.122,81.735,77304.0
2009-04-18 21:00:00+00:00,81.689,81.863,81.605,81.715,2547.0
2009-04-19 21:00:00+00:00,81.715,81.95,78.98,78.998,80265.0
2009-04-20 21:00:00+00:00,78.998,80.08,78.248,79.895,95631.0
2009-04-21 21:00:00+00:00,79.895,79.895,78.294,79.055,86725.0
2009-04-22 21:00:00+00:00,79.056,80.226,78.636,80.097,90575.0
2009-04-23 21:00:00+00:00,80.096,80.594,79.022,80.326,81087.0
2009-04-25 21:00:00+00:00,80.333,80.407,79.904,79.91,4009.0
2009-04-26 21:00:00+00:00,79.91,80.002,79.146,79.265,77939.0
2009-04-27 21:00:00+00:00,79.265,79.428,78.074,79.077,81767.0
2009-04-28 21:00:00+00:00,79.076,81.498,78.952,81.184,74516.0
2009-04-29 21:00:00+00:00,81.185,83.072,80.928,82.711,106279.0
2009-04-30 21:00:00+00:00,82.71,84.016,82.499,83.619,81066.0
2009-05-02 21:00:00+00:00,83.607,83.685,83.55,83.599,1017.0
2009-05-03 21:00:00+00:00,83.633,84.574,83.456,84.272,77656.0
2009-05-04 21:00:00+00:00,84.268,84.722,83.882,84.092,68016.0
2009-05-05 21:00:00+00:00,84.09,84.478,82.97,84.342,76276.0
2009-05-06 21:00:00+00:00,84.342,85.41,84.152,84.715,80890.0
2009-05-07 21:00:00+00:00,84.714,85.904,84.437,85.663,77300.0
2009-05-08 21:00:00+00:00,85.648,85.648,85.648,85.648,1.0
2009-05-09 21:00:00+00:00,85.601,85.875,85.517,85.738,3969.0
2009-05-10 21:00:00+00:00,85.738,85.939,83.435,83.545,72196.0
2009-05-11 21:00:00+00:00,83.545,84.35,82.364,82.958,87096.0
2009-05-12 21:00:00+00:00,82.958,83.588,80.92,81.177,89296.0
2009-05-13 21:00:00+00:00,81.177,82.01,80.85,81.941,81770.0
2009-05-14 21:00:00+00:00,81.94,82.176,80.442,80.848,93957.0
2009-05-16 21:00:00+00:00,80.9,80.9,80.408,80.515,815.0
2009-05-17 21:00:00+00:00,80.515,82.982,80.142,82.76,74147.0
2009-05-18 21:00:00+00:00,82.76,83.612,82.462,83.012,68217.0
2009-05-19 21:00:00+00:00,83.012,83.774,82.482,83.098,74885.0
2009-05-20 21:00:00+00:00,83.1,83.484,82.348,82.992,78929.0
2009-05-21 21:00:00+00:00,82.99,84.795,82.67,84.668,66622.0
2009-05-23 21:00:00+00:00,84.627,84.627,84.295,84.394,177.0
2009-05-24 21:00:00+00:00,84.439,84.813,83.972,84.367,32555.0
2009-05-25 21:00:00+00:00,84.374,85.202,83.53,85.136,62392.0
2009-05-26 21:00:00+00:00,85.136,85.888,84.864,84.868,74447.0
2009-05-27 21:00:00+00:00,84.867,87.114,84.84,87.006,80254.0
2009-05-28 21:00:00+00:00,87.008,87.666,86.516,87.347,81224.0
2009-05-29 21:00:00+00:00,87.353,87.353,87.327,87.327,4.0
2009-05-30 21:00:00+00:00,87.492,87.554,87.043,87.276,549.0
2009-05-31 21:00:00+00:00,87.276,89.09,86.812,88.312,59029.0
2009-06-01 21:00:00+00:00,88.276,89.082,87.724,88.579,59746.0
2009-06-02 21:00:00+00:00,88.579,89.176,86.194,86.445,80978.0
2009-06-03 21:00:00+00:00,86.446,88.392,86.047,88.044,107254.0
2009-06-04 21:00:00+00:00,88.043,89.076,87.38,88.172,75554.0
2009-06-06 21:00:00+00:00,88.195,88.203,87.989,88.038,134.0
2009-06-07 21:00:00+00:00,88.038,88.43,87.25,88.268,63769.0
2009-06-08 21:00:00+00:00,88.275,89.208,87.448,88.181,68726.0
2009-06-09 21:00:00+00:00,88.188,89.419,87.981,88.508,71161.0
2009-06-10 21:00:00+00:00,88.52,89.334,88.344,88.566,64458.0
2009-06-11 21:00:00+00:00,88.563,88.752,87.308,87.952,58522.0
2009-06-13 21:00:00+00:00,87.871,88.014,87.813,87.938,409.0
2009-06-14 21:00:00+00:00,87.945,88.018,85.978,86.317,54121.0
2009-06-15 21:00:00+00:00,86.315,86.574,84.824,84.88,63414.0
2009-06-16 21:00:00+00:00,84.876,85.758,83.692,84.6,63246.0
2009-06-17 21:00:00+00:00,84.603,85.682,84.172,85.234,58558.0
2009-06-18 21:00:00+00:00,85.237,86.076,84.626,84.87,46107.0
2009-06-19 21:00:00+00:00,84.867,84.867,84.867,84.867,1.0
2009-06-20 21:00:00+00:00,84.963,84.963,84.575,84.697,315.0
2009-06-21 21:00:00+00:00,84.731,84.932,82.922,82.992,48543.0
2009-06-22 21:00:00+00:00,82.989,83.536,82.076,82.829,60573.0
2009-06-23 21:00:00+00:00,82.832,83.525,82.56,82.634,60885.0
2009-06-24 21:00:00+00:00,82.652,83.714,82.54,83.115,56759.0
2009-06-25 21:00:00+00:00,83.122,83.563,82.394,82.592,47926.0
2009-06-26 21:00:00+00:00,82.592,82.592,82.592,82.592,1.0
2009-06-27 21:00:00+00:00,82.573,82.745,82.538,82.588,95.0
2009-06-28 21:00:00+00:00,82.583,83.184,82.269,83.076,38081.0
2009-06-29 21:00:00+00:00,83.08,83.392,82.613,82.894,46364.0
2009-06-30 21:00:00+00:00,82.898,84.458,82.763,84.078,44065.0
2009-07-01 21:00:00+00:00,84.08,84.306,82.424,82.492,44703.0
2009-07-02 21:00:00+00:00,82.495,83.083,82.304,82.742,28455.0
2009-07-04 21:00:00+00:00,82.87,82.935,82.701,82.761,388.0
2009-07-05 21:00:00+00:00,82.753,82.753,81.33,82.251,47642.0
2009-07-06 21:00:00+00:00,82.255,82.561,81.207,81.358,43975.0
2009-07-07 21:00:00+00:00,81.338,81.452,78.556,79.556,65367.0
2009-07-08 21:00:00+00:00,79.565,80.706,79.258,80.007,58102.0
2009-07-09 21:00:00+00:00,80.015,80.231,78.776,79.54,53343.0
2009-07-11 21:00:00+00:00,79.574,79.586,79.443,79.478,81.0
2009-07-12 21:00:00+00:00,79.47,80.82,78.787,80.817,53020.0
2009-07-13 21:00:00+00:00,80.81,82.798,80.563,82.538,61411.0
2009-07-14 21:00:00+00:00,82.542,84.955,82.346,84.687,50722.0
2009-07-15 21:00:00+00:00,84.69,84.762,83.33,84.083,57128.0
2009-07-16 21:00:00+00:00,84.088,84.647,83.518,84.596,44202.0
2009-07-18 21:00:00+00:00,84.55,84.55,84.361,84.437,62.0
2009-07-19 21:00:00+00:00,84.45,85.862,84.386,85.152,39993.0
2009-07-20 21:00:00+00:00,85.155,86.002,84.048,84.934,48952.0
2009-07-21 21:00:00+00:00,84.928,85.556,84.084,85.18,51016.0
2009-07-22 21:00:00+00:00,85.176,87.832,84.985,87.185,53867.0
2009-07-23 21:00:00+00:00,87.191,87.87,86.657,87.23,44271.0
2009-07-25 21:00:00+00:00,87.314,87.49,87.209,87.373,178.0
2009-07-26 21:00:00+00:00,87.37,88.398,87.049,88.037,40927.0
2009-07-27 21:00:00+00:00,88.045,88.477,86.252,87.43,50315.0
2009-07-28 21:00:00+00:00,87.429,87.716,86.418,87.183,62274.0
2009-07-29 21:00:00+00:00,87.188,88.594,86.949,88.197,49711.0
2009-07-30 21:00:00+00:00,88.185,88.959,87.428,87.861,55030.0
2009-08-01 21:00:00+00:00,87.877,88.032,87.834,88.021,340.0
2009-08-02 21:00:00+00:00,88.015,89.492,87.692,89.383,49313.0
2009-08-03 21:00:00+00:00,89.387,89.728,88.376,88.783,54659.0
2009-08-04 21:00:00+00:00,88.78,89.209,88.036,88.703,51941.0
2009-08-05 21:00:00+00:00,88.715,89.626,88.358,88.572,54396.0
2009-08-06 21:00:00+00:00,88.575,90.324,87.71,90.234,58353.0
2009-08-07 21:00:00+00:00,90.246,90.246,90.246,90.246,5.0
2009-08-08 21:00:00+00:00,90.246,90.246,90.069,90.163,1736.0
2009-08-09 21:00:00+00:00,90.167,90.274,88.844,89.239,62014.0
2009-08-10 21:00:00+00:00,89.258,89.296,86.762,87.129,50663.0
2009-08-11 21:00:00+00:00,87.125,88.839,85.94,88.178,60883.0
2009-08-12 21:00:00+00:00,88.183,89.158,87.252,87.821,56355.0
2009-08-13 21:00:00+00:00,87.817,87.948,86.016,86.446,52550.0
2009-08-15 21:00:00+00:00,86.366,86.366,86.159,86.166,690.0
2009-08-16 21:00:00+00:00,86.173,86.251,84.75,85.244,49883.0
2009-08-17 21:00:00+00:00,85.241,86.354,85.203,86.004,47345.0
2009-08-18 21:00:00+00:00,86.006,86.28,84.41,85.89,52179.0
2009-08-19 21:00:00+00:00,85.886,86.68,85.414,86.661,46648.0
2009-08-20 21:00:00+00:00,86.67,87.676,85.464,87.301,53396.0
2009-08-22 21:00:00+00:00,87.19,87.31,87.098,87.264,83.0
2009-08-23 21:00:00+00:00,87.303,88.414,87.27,87.866,47646.0
2009-08-24 21:00:00+00:00,87.863,88.057,86.43,86.663,52183.0
2009-08-25 21:00:00+00:00,86.67,86.982,85.63,85.894,47045.0
2009-08-26 21:00:00+00:00,85.9,86.332,84.876,85.994,54704.0
2009-08-27 21:00:00+00:00,85.991,86.94,85.561,85.752,46021.0
2009-08-29 21:00:00+00:00,85.553,85.569,85.427,85.451,549.0
2009-08-30 21:00:00+00:00,85.443,85.705,83.796,85.144,55478.0
2009-08-31 21:00:00+00:00,85.147,85.762,83.986,84.155,55821.0
2009-09-01 21:00:00+00:00,84.158,84.522,83.154,83.435,54658.0
2009-09-02 21:00:00+00:00,83.442,84.297,83.212,84.076,45375.0
2009-09-03 21:00:00+00:00,84.08,85.814,83.821,85.429,45872.0
2009-09-05 21:00:00+00:00,85.531,85.588,85.531,85.561,12.0
2009-09-06 21:00:00+00:00,85.589,86.56,85.485,86.338,28153.0
2009-09-07 21:00:00+00:00,86.33,86.403,85.25,85.621,46939.0
2009-09-08 21:00:00+00:00,85.61,85.912,84.89,85.345,45382.0
2009-09-09 21:00:00+00:00,85.343,85.55,84.448,85.169,45491.0
2009-09-10 21:00:00+00:00,85.222,85.227,83.802,84.249,49187.0
2009-09-11 21:00:00+00:00,84.263,84.278,84.255,84.255,8.0
2009-09-12 21:00:00+00:00,84.1,84.1,83.747,83.808,1497.0
2009-09-13 21:00:00+00:00,83.813,84.03,83.058,83.986,47485.0
2009-09-14 21:00:00+00:00,83.99,85.034,83.802,84.9,43283.0
2009-09-15 21:00:00+00:00,84.904,85.41,84.308,85.302,51953.0
2009-09-16 21:00:00+00:00,85.332,86.04,85.118,85.552,48342.0
2009-09-17 21:00:00+00:00,85.578,85.667,84.762,85.39,44388.0
2009-09-18 21:00:00+00:00,85.387,85.387,85.385,85.385,3.0
2009-09-19 21:00:00+00:00,85.374,85.412,85.359,85.395,74.0
2009-09-20 21:00:00+00:00,85.324,85.876,85.012,85.199,37635.0
2009-09-21 21:00:00+00:00,85.195,85.714,84.902,85.21,38250.0
2009-09-22 21:00:00+00:00,85.208,85.619,84.785,84.951,44302.0
2009-09-23 21:00:00+00:00,84.961,85.143,83.526,83.795,51857.0
2009-09-24 21:00:00+00:00,83.79,83.859,82.011,82.165,57752.0
2009-09-25 21:00:00+00:00,82.205,82.205,82.205,82.205,1.0
2009-09-26 21:00:00+00:00,82.209,82.294,82.076,82.098,541.0
2009-09-27 21:00:00+00:00,82.101,82.646,80.663,82.646,54195.0
2009-09-28 21:00:00+00:00,82.65,83.301,82.379,83.064,51279.0
2009-09-29 21:00:00+00:00,83.05,83.998,82.818,83.89,50699.0
2009-09-30 21:00:00+00:00,83.887,84.2,82.654,82.674,43943.0
2009-10-01 21:00:00+00:00,82.678,83.179,81.324,83.178,51308.0
2009-10-02 21:00:00+00:00,83.174,83.175,83.174,83.174,7.0
2009-10-03 21:00:00+00:00,83.096,83.236,82.685,82.783,1694.0
2009-10-04 21:00:00+00:00,82.793,84.032,82.725,83.722,39323.0
2009-10-05 21:00:00+00:00,83.731,84.16,83.194,83.852,44667.0
2009-10-06 21:00:00+00:00,83.858,84.314,83.238,83.497,48224.0
2009-10-07 21:00:00+00:00,83.491,84.23,83.306,84.038,45329.0
2009-10-08 21:00:00+00:00,84.036,86.219,83.968,86.145,50395.0
2009-10-09 21:00:00+00:00,86.14,86.14,86.11,86.11,2.0
2009-10-10 21:00:00+00:00,86.012,86.028,85.712,85.812,649.0
2009-10-11 21:00:00+00:00,85.805,87.326,85.805,86.795,30868.0
2009-10-12 21:00:00+00:00,86.824,87.242,86.514,86.931,43417.0
2009-10-13 21:00:00+00:00,86.935,87.391,86.478,87.38,47144.0
2009-10-14 21:00:00+00:00,87.377,88.242,87.118,87.593,49461.0
2009-10-15 21:00:00+00:00,87.596,88.308,87.213,87.648,56751.0
2009-10-16 21:00:00+00:00,87.645,87.645,87.64,87.64,3.0
2009-10-17 21:00:00+00:00,87.68,87.791,87.612,87.667,1202.0
2009-10-18 21:00:00+00:00,87.688,88.192,87.165,88.053,43112.0
2009-10-19 21:00:00+00:00,88.048,88.257,86.216,86.5,48075.0
2009-10-20 21:00:00+00:00,86.498,87.654,85.962,87.229,47673.0
2009-10-21 21:00:00+00:00,87.226,87.552,86.642,87.147,47000.0
2009-10-22 21:00:00+00:00,87.153,87.663,86.967,87.358,48443.0
2009-10-23 21:00:00+00:00,87.356,87.356,87.319,87.352,3.0
2009-10-24 21:00:00+00:00,87.403,87.625,87.219,87.571,1023.0
2009-10-25 21:00:00+00:00,87.574,87.682,86.171,86.228,57575.0
2009-10-26 21:00:00+00:00,86.226,86.66,85.73,86.215,51947.0
2009-10-27 21:00:00+00:00,86.218,86.286,83.869,83.954,58156.0
2009-10-28 21:00:00+00:00,83.956,85.88,83.568,85.705,45796.0
2009-10-29 21:00:00+00:00,85.709,85.82,82.969,83.049,52316.0
2009-10-30 21:00:00+00:00,83.053,83.053,83.053,83.053,1.0
2009-10-31 21:00:00+00:00,83.094,83.105,82.523,82.709,2181.0
2009-11-01 22:00:00+00:00,82.695,84.606,82.081,83.778,59157.0
2009-11-02 22:00:00+00:00,83.775,84.779,82.992,84.729,51823.0
2009-11-03 22:00:00+00:00,84.743,86.022,84.362,85.36,45794.0
2009-11-04 22:00:00+00:00,85.363,85.529,84.338,85.174,43792.0
2009-11-05 22:00:00+00:00,85.18,85.341,83.344,83.578,47513.0
2009-11-06 22:00:00+00:00,83.573,83.578,83.573,83.578,2.0
2009-11-07 22:00:00+00:00,83.571,83.982,83.341,83.965,2169.0
2009-11-08 22:00:00+00:00,83.958,85.366,83.559,85.209,41632.0
2009-11-09 22:00:00+00:00,85.202,85.687,84.55,85.566,43502.0
2009-11-10 22:00:00+00:00,85.571,86.138,85.05,86.031,38732.0
2009-11-11 22:00:00+00:00,86.033,86.356,85.272,85.604,42911.0
2009-11-12 22:00:00+00:00,85.616,85.896,84.97,85.263,39714.0
2009-11-13 22:00:00+00:00,85.266,85.266,85.195,85.195,7.0
2009-11-14 22:00:00+00:00,85.195,85.211,84.809,84.992,2169.0
2009-11-15 22:00:00+00:00,84.972,85.754,84.867,85.015,37125.0
2009-11-16 22:00:00+00:00,85.012,85.186,84.11,84.926,40493.0
2009-11-17 22:00:00+00:00,84.912,85.266,84.548,84.678,35600.0
2009-11-18 22:00:00+00:00,84.682,84.771,83.012,83.654,42132.0
2009-11-19 22:00:00+00:00,83.68,83.863,82.873,83.017,39547.0
2009-11-20 22:00:00+00:00,83.021,83.021,82.982,82.982,5.0
2009-11-21 22:00:00+00:00,82.977,83.072,82.96,82.975,343.0
2009-11-22 22:00:00+00:00,82.978,84.552,82.913,84.282,33606.0
2009-11-23 22:00:00+00:00,84.289,84.359,83.312,83.65,35756.0
2009-11-24 22:00:00+00:00,83.602,83.899,83.147,83.566,46380.0
2009-11-25 22:00:00+00:00,83.564,83.62,81.447,81.752,48014.0
2009-11-26 22:00:00+00:00,81.748,81.854,79.928,81.494,72627.0
2009-11-27 22:00:00+00:00,81.503,81.503,81.503,81.503,2.0
2009-11-28 22:00:00+00:00,81.659,82.463,81.653,81.891,2713.0
2009-11-29 22:00:00+00:00,81.901,82.295,81.23,81.806,58043.0
2009-11-30 22:00:00+00:00,81.812,83.34,81.621,82.862,51530.0
2009-12-01 22:00:00+00:00,82.876,83.746,82.74,83.14,42369.0
2009-12-02 22:00:00+00:00,83.144,84.074,83.106,83.474,42110.0
2009-12-03 22:00:00+00:00,83.468,85.823,83.234,85.594,49668.0
2009-12-04 22:00:00+00:00,85.59,85.608,85.59,85.593,5.0
2009-12-05 22:00:00+00:00,85.47,85.714,85.386,85.388,1607.0
2009-12-06 22:00:00+00:00,85.393,85.545,84.51,85.144,46265.0
2009-12-07 22:00:00+00:00,85.14,85.14,82.77,83.124,42399.0
2009-12-08 22:00:00+00:00,83.12,83.508,82.314,83.322,53699.0
2009-12-09 22:00:00+00:00,83.318,84.211,83.01,83.87,47597.0
2009-12-10 22:00:00+00:00,83.868,85.212,83.862,84.056,48232.0
2009-12-11 22:00:00+00:00,84.066,84.066,84.025,84.025,6.0
2009-12-12 22:00:00+00:00,84.032,84.042,83.784,83.887,680.0
2009-12-13 22:00:00+00:00,83.883,84.405,82.992,83.7,42004.0
2009-12-14 22:00:00+00:00,83.688,84.736,83.605,84.444,44073.0
2009-12-15 22:00:00+00:00,84.452,84.828,84.171,84.596,43917.0
2009-12-16 22:00:00+00:00,84.594,84.752,83.687,83.992,50042.0
2009-12-17 22:00:00+00:00,83.996,85.088,82.995,84.86,56481.0
2009-12-18 22:00:00+00:00,84.846,84.846,84.846,84.846,1.0
2009-12-19 22:00:00+00:00,84.846,84.956,84.544,84.619,1166.0
2009-12-20 22:00:00+00:00,84.623,86.11,84.509,85.832,35139.0
2009-12-21 22:00:00+00:00,85.836,87.058,85.587,86.846,36564.0
2009-12-22 22:00:00+00:00,86.842,87.512,86.651,87.376,27780.0
2009-12-23 22:00:00+00:00,87.378,87.642,86.915,87.206,25297.0
2009-12-24 22:00:00+00:00,87.197,87.405,86.959,87.037,6344.0
2009-12-26 22:00:00+00:00,87.099,87.209,87.092,87.139,110.0
2009-12-27 22:00:00+00:00,87.135,87.936,87.124,87.86,21531.0
2009-12-28 22:00:00+00:00,87.866,88.536,87.779,88.182,25591.0
2009-12-29 22:00:00+00:00,88.178,88.276,87.372,87.594,35234.0
2009-12-30 22:00:00+00:00,87.588,89.069,87.451,88.322,30315.0
2009-12-31 22:00:00+00:00,88.32,88.363,88.32,88.335,4.0
2010-01-02 22:00:00+00:00,88.302,88.468,88.252,88.373,429.0
2010-01-03 22:00:00+00:00,88.375,89.501,88.364,88.814,42723.0
2010-01-04 22:00:00+00:00,88.816,89.004,87.928,88.26,46027.0
2010-01-05 22:00:00+00:00,88.266,89.688,87.976,89.418,49735.0
2010-01-06 22:00:00+00:00,89.428,90.428,88.993,90.242,55565.0
2010-01-07 22:00:00+00:00,90.25,90.624,89.089,89.968,60067.0
2010-01-08 22:00:00+00:00,89.979,89.982,89.979,89.982,3.0
2010-01-09 22:00:00+00:00,89.982,90.083,89.711,90.058,1012.0
2010-01-10 22:00:00+00:00,90.047,90.108,88.93,89.098,41607.0
2010-01-11 22:00:00+00:00,89.086,89.3,87.29,87.574,50015.0
2010-01-12 22:00:00+00:00,87.578,88.819,87.356,88.636,50839.0
2010-01-13 22:00:00+00:00,88.632,89.338,88.458,89.124,49650.0
2010-01-14 22:00:00+00:00,89.128,89.186,88.094,88.202,44864.0
2010-01-16 22:00:00+00:00,88.186,88.271,88.026,88.112,605.0
2010-01-17 22:00:00+00:00,88.108,88.593,87.982,88.479,27492.0
2010-01-18 22:00:00+00:00,88.483,88.517,87.876,88.376,42928.0
2010-01-19 22:00:00+00:00,88.37,88.44,86.784,87.196,47542.0
2010-01-20 22:00:00+00:00,87.192,87.832,85.774,85.928,58240.0
2010-01-21 22:00:00+00:00,85.93,86.472,84.835,84.914,66318.0
2010-01-22 22:00:00+00:00,84.911,84.914,84.911,84.914,2.0
2010-01-23 22:00:00+00:00,84.902,85.459,84.822,85.303,2359.0
2010-01-24 22:00:00+00:00,85.286,85.678,84.836,85.358,39928.0
2010-01-25 22:00:00+00:00,85.364,85.853,83.756,84.362,56402.0
2010-01-26 22:00:00+00:00,84.358,84.608,83.666,84.572,54150.0
2010-01-27 22:00:00+00:00,84.574,85.648,84.148,84.326,54039.0
2010-01-28 22:00:00+00:00,84.322,85.404,83.865,84.328,57277.0
2010-01-29 22:00:00+00:00,84.339,84.339,84.339,84.339,2.0
2010-01-30 22:00:00+00:00,84.374,84.383,83.854,83.968,2277.0
2010-01-31 22:00:00+00:00,83.95,85.446,83.942,85.428,38304.0
2010-02-01 22:00:00+00:00,85.434,85.912,84.984,85.506,40904.0
2010-02-02 22:00:00+00:00,85.51,86.114,85.292,85.62,38313.0
2010-02-03 22:00:00+00:00,85.622,85.87,82.378,82.872,50532.0
2010-02-04 22:00:00+00:00,82.858,84.187,82.492,83.275,75247.0
2010-02-05 22:00:00+00:00,83.268,83.273,83.268,83.268,4.0
2010-02-06 22:00:00+00:00,83.403,83.807,83.403,83.739,1438.0
2010-02-07 22:00:00+00:00,83.728,84.026,82.942,82.964,44142.0
2010-02-08 22:00:00+00:00,82.97,84.282,82.812,84.176,55573.0
2010-02-09 22:00:00+00:00,84.182,84.832,83.634,84.678,53215.0
2010-02-10 22:00:00+00:00,84.66,85.658,84.529,85.492,49596.0
2010-02-11 22:00:00+00:00,85.496,86.042,84.787,85.656,53926.0
2010-02-12 22:00:00+00:00,85.651,85.651,85.627,85.627,4.0
2010-02-13 22:00:00+00:00,85.631,85.816,85.622,85.748,522.0
2010-02-14 22:00:00+00:00,85.74,85.992,85.568,85.786,20992.0
2010-02-15 22:00:00+00:00,85.77,86.894,85.657,86.426,37304.0
2010-02-16 22:00:00+00:00,86.422,87.368,86.207,87.212,44551.0
2010-02-17 22:00:00+00:00,87.216,87.876,86.514,87.676,46429.0
2010-02-18 22:00:00+00:00,87.688,88.323,87.168,88.067,57240.0
2010-02-19 22:00:00+00:00,88.075,88.075,88.075,88.075,1.0
2010-02-20 22:00:00+00:00,88.059,88.177,88.004,88.081,1146.0
2010-02-21 22:00:00+00:00,88.067,88.46,87.193,87.382,34778.0
2010-02-22 22:00:00+00:00,87.38,87.646,85.05,85.4,52038.0
2010-02-23 22:00:00+00:00,85.396,85.734,84.97,85.558,44973.0
2010-02-24 22:00:00+00:00,85.56,85.824,83.17,83.984,57452.0
2010-02-25 22:00:00+00:00,83.946,84.637,83.727,84.589,48426.0
2010-02-26 22:00:00+00:00,84.586,84.586,84.561,84.561,2.0
2010-02-27 22:00:00+00:00,84.499,84.499,84.097,84.245,1040.0
2010-02-28 22:00:00+00:00,84.251,85.752,84.251,85.58,46560.0
2010-03-01 22:00:00+00:00,85.596,86.522,85.442,85.804,47141.0
2010-03-02 22:00:00+00:00,85.806,86.238,85.478,85.73,48805.0
2010-03-03 22:00:00+00:00,85.732,86.672,85.302,86.282,46725.0
2010-03-04 22:00:00+00:00,86.286,88.22,86.26,87.756,40849.0
2010-03-05 22:00:00+00:00,87.747,87.747,87.692,87.692,12.0
2010-03-06 22:00:00+00:00,87.679,87.986,87.666,87.976,775.0
2010-03-07 22:00:00+00:00,87.973,88.292,87.658,87.926,39792.0
2010-03-08 22:00:00+00:00,87.932,87.956,86.952,87.682,42630.0
2010-03-09 22:00:00+00:00,87.676,88.73,87.418,88.346,38560.0
2010-03-10 22:00:00+00:00,88.356,88.542,87.56,88.396,39177.0
2010-03-11 22:00:00+00:00,88.4,89.606,88.216,88.844,47623.0
2010-03-12 22:00:00+00:00,88.847,88.849,88.847,88.849,2.0
2010-03-13 22:00:00+00:00,88.958,89.344,88.958,89.271,1154.0
2010-03-14 21:00:00+00:00,89.233,89.302,88.346,88.812,39312.0
2010-03-15 21:00:00+00:00,88.818,89.328,88.336,89.056,43544.0
2010-03-16 21:00:00+00:00,89.052,89.676,88.82,89.378,42805.0
2010-03-17 21:00:00+00:00,89.382,89.544,88.732,89.13,44708.0
2010-03-18 21:00:00+00:00,89.128,90.11,88.744,89.001,40039.0
2010-03-19 21:00:00+00:00,89.007,89.022,89.007,89.022,3.0
2010-03-20 21:00:00+00:00,88.995,89.138,88.827,89.094,436.0
2010-03-21 21:00:00+00:00,89.102,89.258,87.748,88.46,31146.0
2010-03-22 21:00:00+00:00,88.462,89.08,88.266,88.982,35195.0
2010-03-23 21:00:00+00:00,88.976,90.174,88.864,89.902,56087.0
2010-03-24 21:00:00+00:00,89.9,91.154,89.688,90.548,54891.0
2010-03-25 21:00:00+00:00,90.552,90.764,89.73,90.118,47959.0
2010-03-26 21:00:00+00:00,90.123,90.123,90.123,90.123,1.0
2010-03-27 21:00:00+00:00,90.029,90.181,89.718,90.168,1834.0
2010-03-28 21:00:00+00:00,90.152,91.04,89.942,90.552,38697.0
2010-03-29 21:00:00+00:00,90.558,91.498,90.178,90.944,38270.0
2010-03-30 21:00:00+00:00,90.938,92.134,90.938,92.058,58359.0
2010-03-31 21:00:00+00:00,92.056,93.262,91.966,93.022,44574.0
2010-04-01 21:00:00+00:00,93.026,93.834,92.565,93.574,24123.0
2010-04-02 21:00:00+00:00,93.558,93.558,93.558,93.558,1.0
2010-04-03 21:00:00+00:00,93.558,93.867,93.376,93.858,579.0
2010-04-04 21:00:00+00:00,93.868,94.242,93.584,94.16,26159.0
2010-04-05 21:00:00+00:00,94.156,94.248,93.456,93.648,45977.0
2010-04-06 21:00:00+00:00,93.646,94.302,92.638,92.77,46449.0
2010-04-07 21:00:00+00:00,92.758,93.226,92.016,93.182,45868.0
2010-04-08 21:00:00+00:00,93.186,93.824,92.578,92.931,37800.0
2010-04-09 21:00:00+00:00,92.951,92.956,92.951,92.956,2.0
2010-04-10 21:00:00+00:00,93.039,93.064,92.74,92.748,2677.0
2010-04-11 21:00:00+00:00,92.759,93.206,92.51,93.008,40117.0
2010-04-12 21:00:00+00:00,93.004,93.148,92.15,93.106,42758.0
2010-04-13 21:00:00+00:00,93.116,93.995,92.999,93.352,44558.0
2010-04-14 21:00:00+00:00,93.35,93.79,92.658,92.846,41174.0
2010-04-15 21:00:00+00:00,92.844,92.982,90.43,91.004,60073.0
2010-04-16 21:00:00+00:00,90.97,90.983,90.97,90.983,2.0
2010-04-17 21:00:00+00:00,90.961,91.001,90.577,90.609,1112.0
2010-04-18 21:00:00+00:00,90.613,91.136,89.968,91.078,49632.0
2010-04-19 21:00:00+00:00,91.086,93.6,91.02,93.36,46425.0
2010-04-20 21:00:00+00:00,93.358,93.978,92.948,93.214,43582.0
2010-04-21 21:00:00+00:00,93.212,93.66,92.46,93.458,54479.0
2010-04-22 21:00:00+00:00,93.46,94.152,93.078,94.057,55858.0
2010-04-23 21:00:00+00:00,94.061,94.061,94.061,94.061,1.0
2010-04-24 21:00:00+00:00,94.071,94.129,93.911,94.02,785.0
2010-04-25 21:00:00+00:00,94.026,94.492,93.812,93.87,39608.0
2010-04-26 21:00:00+00:00,93.874,93.985,91.174,91.648,60193.0
2010-04-27 21:00:00+00:00,91.652,93.618,91.44,93.13,71161.0
2010-04-28 21:00:00+00:00,93.144,93.992,92.808,93.55,43791.0
2010-04-29 21:00:00+00:00,93.546,94.184,92.199,92.207,56350.0
2010-04-30 21:00:00+00:00,92.195,92.195,92.185,92.185,3.0
2010-05-01 21:00:00+00:00,92.395,92.478,92.046,92.253,1579.0
2010-05-02 21:00:00+00:00,92.257,93.672,92.194,93.534,33861.0
2010-05-03 21:00:00+00:00,93.536,93.934,92.008,92.268,53242.0
2010-05-04 21:00:00+00:00,92.272,92.676,90.664,91.018,69251.0
2010-05-05 21:00:00+00:00,91.028,91.338,82.14,86.08,141735.0
2010-05-06 21:00:00+00:00,86.076,89.973,85.432,87.73,177484.0
2010-05-07 21:00:00+00:00,87.728,87.761,87.728,87.761,5.0
2010-05-08 21:00:00+00:00,87.761,89.47,87.761,89.331,2931.0
2010-05-09 21:00:00+00:00,89.327,91.516,88.505,91.184,112377.0
2010-05-10 21:00:00+00:00,91.18,91.688,89.76,90.644,89122.0
2010-05-11 21:00:00+00:00,90.646,91.818,90.272,91.476,72372.0
2010-05-12 21:00:00+00:00,91.488,92.556,90.772,90.924,69887.0
2010-05-13 21:00:00+00:00,90.932,91.094,88.49,89.284,83521.0
2010-05-14 21:00:00+00:00,89.316,89.316,89.252,89.309,9.0
2010-05-15 21:00:00+00:00,89.247,89.339,89.211,89.244,202.0
2010-05-16 21:00:00+00:00,89.181,89.722,87.978,89.668,87523.0
2010-05-17 21:00:00+00:00,89.674,90.556,88.512,88.758,85972.0
2010-05-18 21:00:00+00:00,88.768,88.836,86.364,87.876,126434.0
2010-05-19 21:00:00+00:00,87.874,88.26,83.019,83.798,139685.0
2010-05-20 21:00:00+00:00,83.796,85.573,83.079,84.938,134952.0
2010-05-21 21:00:00+00:00,84.936,84.955,84.925,84.936,5.0
2010-05-22 21:00:00+00:00,85.033,85.693,84.988,85.145,1589.0
2010-05-23 21:00:00+00:00,85.148,85.856,84.206,84.974,84941.0
2010-05-24 21:00:00+00:00,84.97,84.976,82.406,84.534,97916.0
2010-05-25 21:00:00+00:00,84.526,85.514,83.818,83.966,78880.0
2010-05-26 21:00:00+00:00,83.944,86.884,83.811,86.856,87732.0
2010-05-27 21:00:00+00:00,86.854,87.398,86.038,86.347,80668.0
2010-05-28 21:00:00+00:00,86.344,86.344,86.344,86.344,1.0
2010-05-29 21:00:00+00:00,86.374,86.501,86.213,86.473,400.0
2010-05-30 21:00:00+00:00,86.463,87.796,86.186,87.376,40812.0
2010-05-31 21:00:00+00:00,87.453,87.678,85.838,86.174,76613.0
2010-06-01 21:00:00+00:00,86.16,88.884,86.094,88.73,86054.0
2010-06-02 21:00:00+00:00,88.728,89.698,88.188,89.122,61221.0
2010-06-03 21:00:00+00:00,89.13,89.525,86.186,86.481,80075.0
2010-06-04 21:00:00+00:00,86.53,86.53,86.524,86.524,2.0
2010-06-05 21:00:00+00:00,86.559,86.772,86.221,86.328,1188.0
2010-06-06 21:00:00+00:00,86.363,87.53,85.192,86.064,91395.0
2010-06-07 21:00:00+00:00,86.074,87.396,85.806,87.312,91629.0
2010-06-08 21:00:00+00:00,87.308,88.368,86.794,87.402,71511.0
2010-06-09 21:00:00+00:00,87.393,88.764,87.224,88.688,66132.0
2010-06-10 21:00:00+00:00,88.706,89.04,88.0,88.784,73909.0
2010-06-11 21:00:00+00:00,88.79,88.79,88.766,88.766,3.0
2010-06-12 21:00:00+00:00,88.839,89.211,88.834,89.042,1231.0
2010-06-13 21:00:00+00:00,89.034,89.806,88.494,88.582,61780.0
2010-06-14 21:00:00+00:00,88.576,89.336,87.988,89.192,65540.0
2010-06-15 21:00:00+00:00,89.196,89.528,88.248,89.27,57700.0
2010-06-16 21:00:00+00:00,89.272,89.324,87.662,88.498,65562.0
2010-06-17 21:00:00+00:00,88.504,88.904,87.8,88.762,48396.0
2010-06-18 21:00:00+00:00,88.753,88.759,88.753,88.759,2.0
2010-06-19 21:00:00+00:00,88.719,88.837,88.188,88.623,3856.0
2010-06-20 21:00:00+00:00,88.612,90.048,88.515,88.952,62934.0
2010-06-21 21:00:00+00:00,88.956,89.184,87.778,87.972,57825.0
2010-06-22 21:00:00+00:00,87.968,88.166,86.06,86.388,63886.0
2010-06-23 21:00:00+00:00,86.386,86.692,85.276,85.912,61627.0
2010-06-24 21:00:00+00:00,85.926,86.504,85.682,86.201,59724.0
2010-06-25 21:00:00+00:00,86.19,86.198,86.19,86.198,3.0
2010-06-26 21:00:00+00:00,86.144,86.417,86.141,86.35,242.0
2010-06-27 21:00:00+00:00,86.345,86.558,85.912,86.284,48719.0
2010-06-28 21:00:00+00:00,86.28,86.384,83.641,83.908,67522.0
2010-06-29 21:00:00+00:00,83.912,84.764,82.994,83.124,66042.0
2010-06-30 21:00:00+00:00,83.202,83.308,81.614,82.668,80541.0
2010-07-01 21:00:00+00:00,82.67,83.542,81.984,82.597,66592.0
2010-07-03 21:00:00+00:00,82.676,82.676,82.592,82.601,80.0
2010-07-04 21:00:00+00:00,82.605,83.166,82.204,82.536,27393.0
2010-07-05 21:00:00+00:00,82.54,83.516,81.88,83.0,55151.0
2010-07-06 21:00:00+00:00,83.016,83.816,82.078,83.794,51920.0
2010-07-07 21:00:00+00:00,83.786,85.368,83.602,84.78,55353.0
2010-07-08 21:00:00+00:00,84.782,85.964,84.58,85.715,43140.0
2010-07-09 21:00:00+00:00,85.711,85.723,85.711,85.715,3.0
2010-07-10 21:00:00+00:00,85.7,86.032,85.7,85.979,639.0
2010-07-11 21:00:00+00:00,85.97,86.44,85.102,85.386,34961.0
2010-07-12 21:00:00+00:00,85.446,86.148,85.194,86.146,47614.0
2010-07-13 21:00:00+00:00,86.136,86.462,85.088,85.61,50172.0
2010-07-14 21:00:00+00:00,85.618,85.828,83.548,84.168,60724.0
2010-07-15 21:00:00+00:00,84.166,84.282,81.722,81.814,57764.0
2010-07-16 21:00:00+00:00,81.804,81.918,81.804,81.898,27.0
2010-07-17 21:00:00+00:00,81.886,81.962,81.816,81.899,384.0
2010-07-18 21:00:00+00:00,81.896,82.989,81.766,82.178,42886.0
2010-07-19 21:00:00+00:00,82.184,83.944,81.99,83.864,53570.0
2010-07-20 21:00:00+00:00,83.874,84.23,82.812,82.974,55292.0
2010-07-21 21:00:00+00:00,82.984,84.098,82.268,83.826,52395.0
2010-07-22 21:00:00+00:00,83.868,84.452,83.434,84.419,54885.0
2010-07-23 21:00:00+00:00,84.454,84.53,84.416,84.463,15.0
2010-07-24 21:00:00+00:00,84.378,84.664,84.263,84.283,1141.0
2010-07-25 21:00:00+00:00,84.292,84.772,83.78,84.166,44522.0
2010-07-26 21:00:00+00:00,84.168,85.414,84.114,84.898,47662.0
2010-07-27 21:00:00+00:00,84.892,85.506,83.992,84.195,52849.0
2010-07-28 21:00:00+00:00,84.198,84.708,83.371,83.718,44850.0
2010-07-29 21:00:00+00:00,83.732,84.256,83.06,84.003,55693.0
2010-07-30 21:00:00+00:00,84.008,84.008,83.994,84.008,3.0
2010-07-31 21:00:00+00:00,83.994,83.994,83.783,83.959,310.0
2010-08-01 21:00:00+00:00,83.953,84.956,83.896,84.562,40063.0
2010-08-02 21:00:00+00:00,84.556,84.72,83.518,83.82,43849.0
2010-08-03 21:00:00+00:00,83.81,84.86,83.194,84.724,45142.0
2010-08-04 21:00:00+00:00,84.722,85.23,84.242,84.402,44038.0
2010-08-05 21:00:00+00:00,84.416,84.836,82.724,83.233,47713.0
2010-08-06 21:00:00+00:00,83.243,83.243,83.243,83.243,1.0
2010-08-07 21:00:00+00:00,83.226,83.226,83.028,83.149,325.0
2010-08-08 21:00:00+00:00,83.145,83.684,82.953,83.67,30305.0
2010-08-09 21:00:00+00:00,83.68,83.76,82.452,82.828,45030.0
2010-08-10 21:00:00+00:00,82.838,82.91,81.122,81.53,53999.0
2010-08-11 21:00:00+00:00,81.534,82.48,81.064,82.408,54218.0
2010-08-12 21:00:00+00:00,82.396,83.224,82.082,82.715,44033.0
2010-08-13 21:00:00+00:00,82.726,82.735,82.726,82.735,3.0
2010-08-14 21:00:00+00:00,82.692,82.798,82.647,82.75,493.0
2010-08-15 21:00:00+00:00,82.753,82.866,81.476,81.77,36981.0
2010-08-16 21:00:00+00:00,81.776,83.056,81.562,82.866,41660.0
2010-08-17 21:00:00+00:00,82.872,83.197,82.526,83.008,34432.0
2010-08-18 21:00:00+00:00,82.984,83.524,81.794,82.078,42551.0
2010-08-19 21:00:00+00:00,82.086,82.306,81.17,81.732,38507.0
2010-08-20 21:00:00+00:00,81.75,81.75,81.75,81.75,1.0
2010-08-21 21:00:00+00:00,81.397,81.623,81.397,81.557,1002.0
2010-08-22 21:00:00+00:00,81.562,81.696,80.876,80.936,33310.0
2010-08-23 21:00:00+00:00,80.944,81.006,78.428,79.05,66050.0
2010-08-24 21:00:00+00:00,79.048,80.048,78.874,79.816,54827.0
2010-08-25 21:00:00+00:00,79.822,80.386,79.712,79.826,44146.0
2010-08-26 21:00:00+00:00,79.828,81.161,79.303,81.116,51111.0
2010-08-27 21:00:00+00:00,81.124,81.124,81.113,81.116,3.0
2010-08-28 21:00:00+00:00,81.101,81.437,81.079,81.34,1378.0
2010-08-29 21:00:00+00:00,81.33,81.988,79.726,79.832,40611.0
2010-08-30 21:00:00+00:00,79.816,79.872,78.57,79.016,52068.0
2010-08-31 21:00:00+00:00,79.068,80.742,78.932,80.448,50902.0
2010-09-01 21:00:00+00:00,80.444,80.522,79.758,80.076,37459.0
2010-09-02 21:00:00+00:00,80.07,81.682,79.808,81.156,41664.0
2010-09-03 21:00:00+00:00,81.158,81.158,81.151,81.151,4.0
2010-09-04 21:00:00+00:00,81.032,81.038,80.775,80.937,1312.0
2010-09-05 21:00:00+00:00,80.942,81.47,80.897,81.325,20884.0
2010-09-06 21:00:00+00:00,81.337,81.383,79.89,80.002,37324.0
2010-09-07 21:00:00+00:00,80.004,81.122,79.502,80.844,45799.0
2010-09-08 21:00:00+00:00,80.852,81.324,80.468,81.022,39379.0
2010-09-09 21:00:00+00:00,81.02,81.725,81.01,81.146,41594.0
2010-09-10 21:00:00+00:00,81.142,81.149,81.091,81.091,11.0
2010-09-11 21:00:00+00:00,81.078,81.741,81.078,81.498,1583.0
2010-09-12 21:00:00+00:00,81.509,81.776,81.15,81.492,34271.0
2010-09-13 21:00:00+00:00,81.488,81.5,80.644,80.806,48190.0
2010-09-14 21:00:00+00:00,80.808,83.56,80.712,83.552,73088.0
2010-09-15 21:00:00+00:00,83.548,83.728,82.928,83.556,45580.0
2010-09-16 21:00:00+00:00,83.552,84.072,82.774,83.11,46035.0
2010-09-17 21:00:00+00:00,83.102,83.102,83.079,83.079,3.0
2010-09-18 21:00:00+00:00,83.13,83.146,82.987,83.065,570.0
2010-09-19 21:00:00+00:00,83.07,83.524,82.866,83.334,30612.0
2010-09-20 21:00:00+00:00,83.33,83.352,82.6,82.864,48784.0
2010-09-21 21:00:00+00:00,82.846,83.106,81.458,81.96,52761.0
2010-09-22 21:00:00+00:00,81.964,82.248,81.216,81.584,47225.0
2010-09-23 21:00:00+00:00,81.59,82.684,81.542,82.228,62677.0
2010-09-24 21:00:00+00:00,82.231,82.231,82.231,82.231,1.0
2010-09-25 21:00:00+00:00,82.178,82.367,82.176,82.232,408.0
2010-09-26 21:00:00+00:00,82.218,82.43,81.81,81.89,40397.0
2010-09-27 21:00:00+00:00,81.894,81.944,81.012,81.448,49173.0
2010-09-28 21:00:00+00:00,81.432,81.818,80.89,81.058,46694.0
2010-09-29 21:00:00+00:00,81.062,81.652,80.486,81.144,60797.0
2010-09-30 21:00:00+00:00,81.154,81.836,80.814,81.614,50689.0
2010-10-02 21:00:00+00:00,81.61,81.734,81.542,81.698,729.0
2010-10-03 21:00:00+00:00,81.693,82.218,81.226,81.396,43039.0
2010-10-04 21:00:00+00:00,81.402,82.124,81.386,81.918,49922.0
2010-10-05 21:00:00+00:00,81.922,82.332,81.632,82.022,44070.0
2010-10-06 21:00:00+00:00,82.02,82.178,80.722,80.99,47054.0
2010-10-07 21:00:00+00:00,80.992,81.372,80.212,81.024,45592.0
2010-10-08 21:00:00+00:00,81.029,81.029,81.029,81.029,1.0
2010-10-09 21:00:00+00:00,80.972,81.485,80.942,81.125,1077.0
2010-10-10 21:00:00+00:00,81.136,81.264,80.541,80.954,26821.0
2010-10-11 21:00:00+00:00,80.952,81.248,80.376,80.9,43250.0
2010-10-12 21:00:00+00:00,80.896,81.732,80.854,81.528,36014.0
2010-10-13 21:00:00+00:00,81.534,81.624,80.833,81.15,45800.0
2010-10-14 21:00:00+00:00,81.152,81.22,80.334,80.611,49953.0
2010-10-16 21:00:00+00:00,80.614,80.645,80.189,80.421,1951.0
2010-10-17 21:00:00+00:00,80.426,80.502,79.45,79.898,38486.0
2010-10-18 21:00:00+00:00,79.894,79.986,78.752,78.932,51854.0
2010-10-19 21:00:00+00:00,78.936,79.45,78.676,79.418,44340.0
2010-10-20 21:00:00+00:00,79.4,79.718,78.9,79.21,52858.0
2010-10-21 21:00:00+00:00,79.214,79.534,78.844,79.317,35244.0
2010-10-22 21:00:00+00:00,79.327,79.327,79.327,79.327,1.0
2010-10-23 21:00:00+00:00,79.282,79.406,79.119,79.268,742.0
2010-10-24 21:00:00+00:00,79.279,79.434,78.906,79.23,41192.0
2010-10-25 21:00:00+00:00,79.242,79.624,79.136,79.536,49615.0
2010-10-26 21:00:00+00:00,79.538,79.812,78.938,79.524,57874.0
2010-10-27 21:00:00+00:00,79.53,79.588,78.852,79.34,48087.0
2010-10-28 21:00:00+00:00,79.344,79.522,78.716,78.875,50247.0
2010-10-29 21:00:00+00:00,78.863,78.869,78.85,78.85,4.0
2010-10-30 21:00:00+00:00,78.81,78.884,78.546,78.79,1143.0
2010-10-31 21:00:00+00:00,78.8,79.988,78.763,79.294,42129.0
2010-11-01 21:00:00+00:00,79.298,80.156,79.178,79.968,41162.0
2010-11-02 21:00:00+00:00,79.972,80.876,79.852,80.658,54198.0
2010-11-03 21:00:00+00:00,80.65,80.804,80.102,80.558,48554.0
2010-11-04 21:00:00+00:00,80.56,81.415,80.075,81.241,46374.0
2010-11-05 21:00:00+00:00,81.27,81.27,81.27,81.27,1.0
2010-11-06 21:00:00+00:00,81.245,81.325,81.13,81.211,1114.0
2010-11-07 22:00:00+00:00,81.2,81.283,80.644,80.89,40634.0
2010-11-08 22:00:00+00:00,80.896,81.484,80.206,81.042,57471.0
2010-11-09 22:00:00+00:00,81.046,82.564,80.912,82.206,57740.0
2010-11-10 22:00:00+00:00,82.2,82.387,81.848,82.214,43522.0
2010-11-11 22:00:00+00:00,82.22,82.288,80.608,81.517,68172.0
2010-11-12 22:00:00+00:00,81.509,81.509,81.509,81.509,1.0
2010-11-13 22:00:00+00:00,81.664,81.692,81.392,81.587,1304.0
2010-11-14 22:00:00+00:00,81.595,82.498,81.463,82.27,53149.0
2010-11-15 22:00:00+00:00,82.266,82.608,81.348,81.474,61752.0
2010-11-16 22:00:00+00:00,81.478,81.756,81.158,81.186,44562.0
2010-11-17 22:00:00+00:00,81.178,82.264,81.175,81.96,47240.0
2010-11-18 22:00:00+00:00,81.972,82.193,81.548,82.156,39414.0
2010-11-19 22:00:00+00:00,82.16,82.163,82.157,82.157,3.0
2010-11-20 22:00:00+00:00,82.164,82.176,81.838,82.146,1325.0
2010-11-21 22:00:00+00:00,82.143,82.44,81.642,81.8,35596.0
2010-11-22 22:00:00+00:00,81.802,82.156,80.719,81.162,57015.0
2010-11-23 22:00:00+00:00,81.156,82.732,81.156,82.718,58432.0
2010-11-24 22:00:00+00:00,82.714,83.0,82.46,82.84,32427.0
2010-11-25 22:00:00+00:00,82.844,83.134,81.72,82.356,42135.0
2010-11-26 22:00:00+00:00,82.358,82.364,82.272,82.272,4.0
2010-11-27 22:00:00+00:00,82.415,82.744,82.415,82.684,1885.0
2010-11-28 22:00:00+00:00,82.674,82.804,82.192,82.766,53368.0
2010-11-29 22:00:00+00:00,82.77,82.794,81.175,81.536,64384.0
2010-11-30 22:00:00+00:00,81.544,83.056,81.364,82.78,63467.0
2010-12-01 22:00:00+00:00,82.776,83.718,82.532,83.596,62190.0
2010-12-02 22:00:00+00:00,83.592,83.672,81.962,82.204,56377.0
2010-12-03 22:00:00+00:00,82.21,82.214,82.195,82.195,5.0
2010-12-04 22:00:00+00:00,82.195,82.439,82.179,82.354,572.0
2010-12-05 22:00:00+00:00,82.369,82.61,82.032,82.19,43859.0
2010-12-06 22:00:00+00:00,82.16,82.79,81.814,82.466,49273.0
2010-12-07 22:00:00+00:00,82.49,83.478,82.472,83.092,54558.0
2010-12-08 22:00:00+00:00,83.09,83.236,82.736,82.862,49882.0
2010-12-09 22:00:00+00:00,82.866,83.208,82.588,83.196,37031.0
2010-12-11 22:00:00+00:00,83.188,83.188,82.933,83.141,526.0
2010-12-12 22:00:00+00:00,83.148,83.676,82.594,82.77,45497.0
2010-12-13 22:00:00+00:00,82.762,83.264,82.296,83.15,50413.0
2010-12-14 22:00:00+00:00,83.146,84.2,83.038,83.828,52382.0
2010-12-15 22:00:00+00:00,83.836,84.002,83.358,83.392,49123.0
2010-12-16 22:00:00+00:00,83.398,83.618,82.793,82.82,40140.0
2010-12-17 22:00:00+00:00,82.823,82.823,82.789,82.796,4.0
2010-12-18 22:00:00+00:00,82.849,83.026,82.816,82.915,596.0
2010-12-19 22:00:00+00:00,82.92,83.051,81.996,82.39,30715.0
2010-12-20 22:00:00+00:00,82.398,82.474,81.952,82.334,29197.0
2010-12-21 22:00:00+00:00,82.34,82.538,82.032,82.466,34944.0
2010-12-22 22:00:00+00:00,82.46,82.527,81.701,82.144,28657.0
2010-12-23 22:00:00+00:00,82.15,82.506,81.99,82.202,18372.0
2010-12-24 22:00:00+00:00,82.205,82.215,82.205,82.215,2.0
2010-12-25 22:00:00+00:00,82.237,82.244,82.078,82.137,506.0
2010-12-26 22:00:00+00:00,82.134,82.324,82.04,82.26,15783.0
2010-12-27 22:00:00+00:00,82.258,82.496,81.816,82.3,26148.0
2010-12-28 22:00:00+00:00,82.296,82.418,81.54,81.548,23504.0
2010-12-29 22:00:00+00:00,81.554,81.864,81.214,81.53,22649.0
2010-12-30 22:00:00+00:00,81.526,81.792,81.301,81.301,21622.0
2010-12-31 22:00:00+00:00,81.293,81.38,81.287,81.37,6.0
2011-01-01 22:00:00+00:00,81.375,81.849,81.375,81.655,927.0
2011-01-02 22:00:00+00:00,81.653,82.516,81.433,82.244,24680.0
2011-01-03 22:00:00+00:00,82.248,82.862,81.434,82.166,45623.0
2011-01-04 22:00:00+00:00,82.16,83.818,81.888,83.61,50878.0
2011-01-05 22:00:00+00:00,83.608,83.786,83.153,83.6,44335.0
2011-01-06 22:00:00+00:00,83.602,84.371,83.168,83.692,56035.0
2011-01-08 22:00:00+00:00,83.75,83.936,83.602,83.787,964.0
2011-01-09 22:00:00+00:00,83.792,83.848,82.946,83.26,39943.0
2011-01-10 22:00:00+00:00,83.262,84.266,83.202,84.052,44826.0
2011-01-11 22:00:00+00:00,84.05,84.694,83.82,84.2,39214.0
2011-01-12 22:00:00+00:00,84.198,84.284,83.446,83.716,44065.0
2011-01-13 22:00:00+00:00,83.718,84.0,82.914,83.625,36530.0
2011-01-14 22:00:00+00:00,83.628,83.628,83.622,83.622,2.0
2011-01-15 22:00:00+00:00,83.615,83.882,83.441,83.791,805.0
2011-01-16 22:00:00+00:00,83.795,84.039,83.272,83.758,27687.0
2011-01-17 22:00:00+00:00,83.762,83.894,83.157,83.28,32244.0
2011-01-18 22:00:00+00:00,83.288,83.456,82.19,82.366,31360.0
2011-01-19 22:00:00+00:00,82.354,83.31,82.198,83.224,41478.0
2011-01-20 22:00:00+00:00,83.228,83.51,82.924,83.135,38071.0
2011-01-21 22:00:00+00:00,83.128,83.138,83.119,83.13,22.0
2011-01-22 22:00:00+00:00,83.13,83.244,83.055,83.097,930.0
2011-01-23 22:00:00+00:00,83.093,83.414,82.83,83.064,34370.0
2011-01-24 22:00:00+00:00,83.074,83.194,82.05,82.508,40264.0
2011-01-25 22:00:00+00:00,82.52,82.938,82.254,82.662,33317.0
2011-01-26 22:00:00+00:00,82.67,83.564,82.448,83.446,45754.0
2011-01-27 22:00:00+00:00,83.45,83.468,81.972,82.013,36676.0
2011-01-28 22:00:00+00:00,81.998,82.022,81.998,82.017,19.0
2011-01-29 22:00:00+00:00,82.017,82.106,81.654,81.867,2092.0
2011-01-30 22:00:00+00:00,81.863,82.412,81.48,81.964,34057.0
2011-01-31 22:00:00+00:00,81.968,82.274,81.614,82.126,31003.0
2011-02-01 22:00:00+00:00,82.13,82.82,82.104,82.558,31410.0
2011-02-02 22:00:00+00:00,82.562,82.956,82.188,82.352,30615.0
2011-02-03 22:00:00+00:00,82.356,83.366,81.627,83.237,35208.0
2011-02-04 22:00:00+00:00,83.232,83.247,83.232,83.247,4.0
2011-02-05 22:00:00+00:00,83.247,83.262,83.081,83.159,939.0
2011-02-06 22:00:00+00:00,83.163,83.57,83.04,83.088,27785.0
2011-02-07 22:00:00+00:00,83.086,83.21,82.362,82.76,30960.0
2011-02-08 22:00:00+00:00,82.758,83.11,82.638,82.862,30120.0
2011-02-09 22:00:00+00:00,82.864,83.734,82.761,83.614,32935.0
2011-02-10 22:00:00+00:00,83.612,84.646,83.596,84.494,25449.0
2011-02-11 22:00:00+00:00,84.494,84.494,84.494,84.494,11.0
2011-02-12 22:00:00+00:00,84.494,84.542,84.371,84.374,1241.0
2011-02-13 22:00:00+00:00,84.377,84.669,84.123,84.24,27538.0
2011-02-14 22:00:00+00:00,84.236,85.128,84.174,84.636,34409.0
2011-02-15 22:00:00+00:00,84.632,85.096,84.563,84.964,25297.0
2011-02-16 22:00:00+00:00,84.962,85.189,84.416,84.626,23558.0
2011-02-17 22:00:00+00:00,84.63,84.894,84.13,84.297,23182.0
2011-02-18 22:00:00+00:00,84.297,84.297,84.297,84.297,11.0
2011-02-19 22:00:00+00:00,84.297,84.345,84.178,84.314,387.0
2011-02-20 22:00:00+00:00,84.317,84.674,84.178,84.579,14411.0
2011-02-21 22:00:00+00:00,84.577,84.966,83.434,83.542,39275.0
2011-02-22 22:00:00+00:00,83.546,83.882,82.864,83.382,31016.0
2011-02-23 22:00:00+00:00,83.384,83.43,82.658,83.338,39261.0
2011-02-24 22:00:00+00:00,83.342,83.608,83.17,83.56,26702.0
2011-02-25 22:00:00+00:00,83.569,83.569,83.564,83.564,3.0
2011-02-26 22:00:00+00:00,83.564,83.564,83.358,83.463,513.0
2011-02-27 22:00:00+00:00,83.466,84.274,83.442,84.168,27656.0
2011-02-28 22:00:00+00:00,84.17,84.704,83.927,83.984,31779.0
2011-03-01 22:00:00+00:00,83.98,84.352,83.8,84.13,25340.0
2011-03-02 22:00:00+00:00,84.126,84.83,83.89,84.81,27147.0
2011-03-03 22:00:00+00:00,84.808,85.383,84.537,84.558,31041.0
2011-03-04 22:00:00+00:00,84.555,84.571,84.555,84.571,10.0
2011-03-05 22:00:00+00:00,84.571,84.655,84.488,84.591,599.0
2011-03-06 22:00:00+00:00,84.594,84.754,84.256,84.496,24528.0
2011-03-07 22:00:00+00:00,84.492,85.176,84.456,85.098,28881.0
2011-03-08 22:00:00+00:00,85.094,85.538,85.088,85.426,22415.0
2011-03-09 22:00:00+00:00,85.422,85.612,84.888,85.012,34575.0
2011-03-10 22:00:00+00:00,85.018,85.394,83.608,84.132,40952.0
2011-03-11 22:00:00+00:00,84.118,84.118,84.107,84.107,15.0
2011-03-12 22:00:00+00:00,84.107,84.428,83.887,83.897,2657.0
2011-03-13 21:00:00+00:00,83.9,84.63,82.868,83.822,52866.0
2011-03-14 21:00:00+00:00,83.82,84.11,80.984,81.874,77690.0
2011-03-15 21:00:00+00:00,81.842,82.543,80.168,80.284,63659.0
2011-03-16 21:00:00+00:00,80.282,80.503,77.336,80.107,111307.0
2011-03-17 21:00:00+00:00,80.109,83.532,79.989,81.864,79845.0
2011-03-18 21:00:00+00:00,81.869,81.873,81.869,81.873,15.0
2011-03-19 21:00:00+00:00,81.873,82.138,81.873,82.129,928.0
2011-03-20 21:00:00+00:00,82.127,83.37,81.94,82.858,32178.0
2011-03-21 21:00:00+00:00,82.875,83.174,82.458,82.531,28708.0
2011-03-22 21:00:00+00:00,82.558,82.665,82.143,82.43,31368.0
2011-03-23 21:00:00+00:00,82.426,83.104,82.335,83.032,28476.0
2011-03-24 21:00:00+00:00,83.034,83.482,82.826,82.852,26807.0
2011-03-25 21:00:00+00:00,82.852,82.852,82.852,82.852,12.0
2011-03-26 21:00:00+00:00,82.852,83.22,82.852,83.033,1313.0
2011-03-27 21:00:00+00:00,83.038,83.87,82.769,83.534,22193.0
2011-03-28 21:00:00+00:00,83.536,84.664,83.369,84.638,28273.0
2011-03-29 21:00:00+00:00,84.64,85.794,84.517,85.36,27200.0
2011-03-30 21:00:00+00:00,85.366,85.812,84.978,85.642,30129.0
2011-03-31 21:00:00+00:00,85.646,87.744,85.646,87.255,30780.0
2011-04-01 21:00:00+00:00,87.255,87.255,87.255,87.255,12.0
2011-04-02 21:00:00+00:00,87.255,87.381,87.18,87.341,562.0
2011-04-03 21:00:00+00:00,87.344,87.57,86.64,86.93,24205.0
2011-04-04 21:00:00+00:00,86.934,88.123,86.886,88.046,26382.0
2011-04-05 21:00:00+00:00,88.048,89.281,88.048,88.98,35816.0
2011-04-06 21:00:00+00:00,88.984,89.062,87.934,88.597,41727.0
2011-04-07 21:00:00+00:00,88.6,89.533,88.472,88.718,39467.0
2011-04-08 21:00:00+00:00,88.714,88.714,88.693,88.693,15.0
2011-04-09 21:00:00+00:00,88.693,88.933,88.693,88.844,785.0
2011-04-10 21:00:00+00:00,88.847,89.128,88.332,88.436,26950.0
2011-04-11 21:00:00+00:00,88.432,88.692,86.556,86.742,55113.0
2011-04-12 21:00:00+00:00,86.738,87.746,86.674,87.122,44474.0
2011-04-13 21:00:00+00:00,87.12,87.192,85.886,86.868,42548.0
2011-04-14 21:00:00+00:00,86.862,87.221,86.127,86.664,36740.0
2011-04-15 21:00:00+00:00,86.664,86.664,86.664,86.664,12.0
2011-04-16 21:00:00+00:00,86.664,86.825,86.563,86.786,336.0
2011-04-17 21:00:00+00:00,86.791,86.792,84.594,85.722,41451.0
2011-04-18 21:00:00+00:00,85.716,86.596,85.264,86.374,34716.0
2011-04-19 21:00:00+00:00,86.368,87.16,86.186,86.662,35792.0
2011-04-20 21:00:00+00:00,86.664,86.811,85.703,85.871,38201.0
2011-04-21 21:00:00+00:00,85.875,86.224,85.662,85.735,13391.0
2011-04-22 21:00:00+00:00,85.735,85.735,85.735,85.735,12.0
2011-04-23 21:00:00+00:00,85.735,85.923,85.735,85.902,128.0
2011-04-24 21:00:00+00:00,85.898,86.447,85.54,85.742,24573.0
2011-04-25 21:00:00+00:00,85.744,86.254,85.386,85.704,27695.0
2011-04-26 21:00:00+00:00,85.702,86.624,85.488,86.492,36419.0
2011-04-27 21:00:00+00:00,86.496,86.638,85.581,85.75,41858.0
2011-04-28 21:00:00+00:00,85.754,86.0,85.267,85.932,24493.0
2011-04-29 21:00:00+00:00,85.932,85.932,85.932,85.932,4.0
2011-04-30 21:00:00+00:00,85.932,85.932,85.932,85.932,13.0
2011-05-01 21:00:00+00:00,85.759,86.09,85.32,85.44,30910.0
2011-05-02 21:00:00+00:00,85.432,85.668,84.596,84.95,27680.0
2011-05-03 21:00:00+00:00,84.948,85.224,83.827,84.023,38632.0
2011-05-04 21:00:00+00:00,84.027,84.245,82.306,82.814,48888.0
2011-05-05 21:00:00+00:00,82.818,84.465,82.772,83.413,61790.0
2011-05-06 21:00:00+00:00,83.413,83.413,83.413,83.413,12.0
2011-05-07 21:00:00+00:00,83.413,83.55,83.338,83.383,604.0
2011-05-08 21:00:00+00:00,83.391,83.907,83.172,83.556,38114.0
2011-05-09 21:00:00+00:00,83.552,84.53,83.112,84.53,34618.0
2011-05-10 21:00:00+00:00,84.536,85.302,83.776,84.248,42642.0
2011-05-11 21:00:00+00:00,84.244,84.576,83.32,84.071,43518.0
2011-05-12 21:00:00+00:00,84.073,84.27,82.81,83.422,41732.0
2011-05-13 21:00:00+00:00,83.422,83.422,83.422,83.422,12.0
2011-05-14 21:00:00+00:00,83.422,83.494,83.34,83.472,483.0
2011-05-15 21:00:00+00:00,83.47,83.658,82.674,82.79,38754.0
2011-05-16 21:00:00+00:00,82.786,84.11,82.764,83.742,43234.0
2011-05-17 21:00:00+00:00,83.746,84.26,83.144,84.196,41385.0
2011-05-18 21:00:00+00:00,84.192,85.0,84.056,84.336,37541.0
2011-05-19 21:00:00+00:00,84.34,84.663,83.648,83.904,37422.0
2011-05-20 21:00:00+00:00,83.904,83.904,83.904,83.904,12.0
2011-05-21 21:00:00+00:00,83.904,84.113,83.904,83.967,329.0
2011-05-22 21:00:00+00:00,83.962,84.076,83.08,83.857,43187.0
2011-05-23 21:00:00+00:00,83.854,84.204,83.556,83.906,38587.0
2011-05-24 21:00:00+00:00,83.904,84.13,83.377,83.876,41005.0
2011-05-25 21:00:00+00:00,83.91,83.986,82.746,83.132,36657.0
2011-05-26 21:00:00+00:00,83.136,83.24,82.62,82.768,36559.0
2011-05-27 21:00:00+00:00,82.768,82.768,82.768,82.768,13.0
2011-05-28 21:00:00+00:00,82.768,82.805,82.526,82.563,327.0
2011-05-29 21:00:00+00:00,82.568,82.914,82.532,82.838,19642.0
2011-05-30 21:00:00+00:00,82.834,84.536,82.706,84.184,37987.0
2011-05-31 21:00:00+00:00,84.18,84.264,82.813,82.827,42155.0
2011-06-01 21:00:00+00:00,82.825,83.23,82.374,82.886,44171.0
2011-06-02 21:00:00+00:00,82.89,83.061,81.364,82.054,43388.0
2011-06-03 21:00:00+00:00,82.054,82.054,82.054,82.054,12.0
2011-06-04 21:00:00+00:00,82.054,82.075,81.973,82.01,299.0
2011-06-05 21:00:00+00:00,82.012,82.268,81.562,81.657,33706.0
2011-06-06 21:00:00+00:00,81.654,82.438,81.643,82.184,26794.0
2011-06-07 21:00:00+00:00,82.178,82.379,81.231,81.578,39967.0
2011-06-08 21:00:00+00:00,81.576,82.61,81.472,82.592,35176.0
2011-06-09 21:00:00+00:00,82.594,82.638,81.862,81.974,35627.0
2011-06-10 21:00:00+00:00,81.974,81.974,81.974,81.974,13.0
2011-06-11 21:00:00+00:00,81.974,82.107,81.921,82.001,532.0
2011-06-12 21:00:00+00:00,81.995,82.532,81.84,82.212,32210.0
2011-06-13 21:00:00+00:00,82.214,83.272,82.006,83.13,34399.0
2011-06-14 21:00:00+00:00,83.126,83.451,82.243,82.682,39504.0
2011-06-15 21:00:00+00:00,82.684,82.821,81.538,82.156,44592.0
2011-06-16 21:00:00+00:00,82.16,82.172,81.482,81.725,38403.0
2011-06-17 21:00:00+00:00,81.725,81.725,81.725,81.725,12.0
2011-06-18 21:00:00+00:00,81.725,81.84,81.532,81.635,421.0
2011-06-19 21:00:00+00:00,81.632,82.089,81.276,81.93,28483.0
2011-06-20 21:00:00+00:00,81.924,82.598,81.698,82.596,28103.0
2011-06-21 21:00:00+00:00,82.588,82.741,82.132,82.448,29375.0
2011-06-22 21:00:00+00:00,82.442,82.875,81.96,82.236,42886.0
2011-06-23 21:00:00+00:00,82.232,82.376,81.326,81.357,30818.0
2011-06-24 21:00:00+00:00,81.357,81.357,81.357,81.357,12.0
2011-06-25 21:00:00+00:00,81.357,81.487,81.286,81.381,835.0
2011-06-26 21:00:00+00:00,81.377,82.061,81.308,82.028,31459.0
2011-06-27 21:00:00+00:00,82.026,82.684,81.76,82.682,27604.0
2011-06-28 21:00:00+00:00,82.676,83.5,82.444,83.308,34828.0
2011-06-29 21:00:00+00:00,83.312,83.872,83.002,83.628,36129.0
2011-06-30 21:00:00+00:00,83.626,84.355,83.508,84.321,28662.0
2011-07-01 21:00:00+00:00,84.321,84.321,84.321,84.321,12.0
2011-07-02 21:00:00+00:00,84.321,84.362,84.208,84.22,590.0
2011-07-03 21:00:00+00:00,84.217,84.386,83.921,84.072,19931.0
2011-07-04 21:00:00+00:00,84.074,84.48,84.041,84.146,27477.0
2011-07-05 21:00:00+00:00,84.149,84.272,83.428,83.824,28097.0
2011-07-06 21:00:00+00:00,83.82,84.93,83.71,84.738,24568.0
2011-07-07 21:00:00+00:00,84.746,85.099,83.347,83.801,29287.0
2011-07-08 21:00:00+00:00,83.801,83.801,83.801,83.801,12.0
2011-07-09 21:00:00+00:00,83.801,83.92,83.739,83.76,881.0
2011-07-10 21:00:00+00:00,83.762,83.904,82.726,82.844,29565.0
2011-07-11 21:00:00+00:00,82.846,82.966,81.008,81.98,43836.0
2011-07-12 21:00:00+00:00,81.984,82.676,81.28,82.422,40931.0
2011-07-13 21:00:00+00:00,82.43,82.949,81.85,82.38,49098.0
2011-07-14 21:00:00+00:00,82.376,83.018,82.201,82.99,29292.0
2011-07-15 21:00:00+00:00,82.99,82.99,82.99,82.99,2.0
2011-07-16 21:00:00+00:00,82.99,83.001,82.766,82.862,881.0
2011-07-17 21:00:00+00:00,82.858,82.968,82.12,82.356,29014.0
2011-07-18 21:00:00+00:00,82.358,83.451,82.33,83.339,31531.0
2011-07-19 21:00:00+00:00,83.341,83.491,82.954,83.146,24660.0
2011-07-20 21:00:00+00:00,83.144,83.601,82.876,83.002,35486.0
2011-07-21 21:00:00+00:00,83.004,83.395,82.266,82.845,31159.0
2011-07-22 21:00:00+00:00,82.845,82.845,82.845,82.845,12.0
2011-07-23 21:00:00+00:00,82.845,82.845,82.362,82.534,1331.0
2011-07-24 21:00:00+00:00,82.536,82.989,82.172,82.654,26375.0
2011-07-25 21:00:00+00:00,82.658,83.248,82.348,82.474,27623.0
2011-07-26 21:00:00+00:00,82.478,82.687,82.056,82.096,26643.0
2011-07-27 21:00:00+00:00,82.098,82.272,81.632,81.816,27986.0
2011-07-28 21:00:00+00:00,81.82,81.944,80.22,80.357,36149.0
2011-07-29 21:00:00+00:00,80.357,80.357,80.357,80.357,12.0
2011-07-30 21:00:00+00:00,80.357,81.153,80.357,80.888,1580.0
2011-07-31 21:00:00+00:00,80.892,81.985,79.612,80.67,48283.0
2011-08-01 21:00:00+00:00,80.674,81.436,80.114,80.258,37835.0
2011-08-02 21:00:00+00:00,80.252,80.708,79.678,80.094,38125.0
2011-08-03 21:00:00+00:00,80.092,82.691,80.004,80.368,78727.0
2011-08-04 21:00:00+00:00,80.376,81.156,79.612,79.928,67922.0
2011-08-05 21:00:00+00:00,79.928,79.928,79.928,79.928,12.0
2011-08-06 21:00:00+00:00,79.928,79.928,78.831,79.433,4389.0
2011-08-07 21:00:00+00:00,79.427,79.925,78.02,78.192,76565.0
2011-08-08 21:00:00+00:00,78.19,78.81,76.923,78.752,96632.0
2011-08-09 21:00:00+00:00,78.756,79.115,76.862,77.258,65584.0
2011-08-10 21:00:00+00:00,77.256,78.076,76.809,78.068,71807.0
2011-08-11 21:00:00+00:00,78.07,78.192,77.306,77.698,37952.0
2011-08-12 21:00:00+00:00,77.698,77.698,77.698,77.698,12.0
2011-08-13 21:00:00+00:00,77.698,77.923,77.698,77.829,520.0
2011-08-14 21:00:00+00:00,77.831,78.486,77.558,78.468,27757.0
2011-08-15 21:00:00+00:00,78.464,78.492,77.686,78.18,32844.0
2011-08-16 21:00:00+00:00,78.184,78.324,77.803,78.108,27482.0
2011-08-17 21:00:00+00:00,78.11,78.18,76.943,77.312,36925.0
2011-08-18 21:00:00+00:00,77.316,77.674,77.014,77.307,40879.0
2011-08-19 21:00:00+00:00,77.307,77.307,77.307,77.307,12.0
2011-08-20 21:00:00+00:00,77.307,77.521,77.238,77.484,928.0
2011-08-21 21:00:00+00:00,77.481,78.124,77.273,77.528,37097.0
2011-08-22 21:00:00+00:00,77.53,77.834,77.23,77.64,29630.0
2011-08-23 21:00:00+00:00,77.642,78.048,77.31,77.98,31876.0
2011-08-24 21:00:00+00:00,77.982,78.796,77.774,78.374,31591.0
2011-08-25 21:00:00+00:00,78.376,78.471,77.184,78.154,30879.0
2011-08-26 21:00:00+00:00,78.154,78.154,78.154,78.154,12.0
2011-08-27 21:00:00+00:00,78.154,78.492,78.095,78.323,730.0
2011-08-28 21:00:00+00:00,78.319,78.914,77.99,78.644,23902.0
2011-08-29 21:00:00+00:00,78.646,78.853,78.122,78.478,25856.0
2011-08-30 21:00:00+00:00,78.48,78.888,78.1,78.406,22730.0
2011-08-31 21:00:00+00:00,78.404,79.114,78.294,78.742,30626.0
2011-09-01 21:00:00+00:00,78.744,78.868,77.912,77.967,27910.0
2011-09-02 21:00:00+00:00,77.967,77.967,77.967,77.967,10.0
2011-09-03 21:00:00+00:00,77.967,78.057,77.9,77.965,461.0
2011-09-04 21:00:00+00:00,77.962,78.024,77.406,77.612,18078.0
2011-09-05 21:00:00+00:00,77.618,78.542,77.392,78.398,43196.0
2011-09-06 21:00:00+00:00,78.402,78.57,77.938,78.566,32436.0
2011-09-07 21:00:00+00:00,78.564,78.66,78.272,78.328,28830.0
2011-09-08 21:00:00+00:00,78.326,78.532,77.359,77.853,32653.0
2011-09-09 21:00:00+00:00,77.853,77.853,77.853,77.853,12.0
2011-09-10 21:00:00+00:00,77.853,77.878,77.371,77.664,1739.0
2011-09-11 21:00:00+00:00,77.667,77.926,76.68,77.78,35955.0
2011-09-12 21:00:00+00:00,77.776,78.068,77.167,78.068,39738.0
2011-09-13 21:00:00+00:00,78.07,78.136,77.19,77.45,30037.0
2011-09-14 21:00:00+00:00,77.446,78.31,77.058,77.976,26407.0
2011-09-15 21:00:00+00:00,77.972,78.557,77.781,78.515,26772.0
2011-09-16 21:00:00+00:00,78.515,78.515,78.515,78.515,2.0
2011-09-17 21:00:00+00:00,78.515,78.816,78.363,78.421,920.0
2011-09-18 21:00:00+00:00,78.427,78.466,77.008,77.306,24287.0
2011-09-19 21:00:00+00:00,77.3,77.406,76.858,77.014,26590.0
2011-09-20 21:00:00+00:00,77.01,77.123,75.786,75.836,33208.0
2011-09-21 21:00:00+00:00,75.84,76.256,73.597,74.122,49708.0
2011-09-22 21:00:00+00:00,74.126,74.575,73.627,74.486,32678.0
2011-09-23 21:00:00+00:00,74.486,74.486,74.486,74.486,4.0
2011-09-24 21:00:00+00:00,74.486,74.621,74.276,74.386,389.0
2011-09-25 21:00:00+00:00,74.381,74.666,73.448,74.488,46744.0
2011-09-26 21:00:00+00:00,74.49,75.692,74.294,75.356,30559.0
2011-09-27 21:00:00+00:00,75.36,75.386,74.05,74.126,33967.0
2011-09-28 21:00:00+00:00,74.122,74.912,73.704,74.168,37854.0
2011-09-29 21:00:00+00:00,74.164,74.297,73.316,73.368,38215.0
2011-09-30 21:00:00+00:00,73.368,73.368,73.368,73.368,12.0
2011-10-01 21:00:00+00:00,73.368,73.566,73.368,73.491,686.0
2011-10-02 21:00:00+00:00,73.496,73.736,72.644,72.66,44924.0
2011-10-03 21:00:00+00:00,72.656,73.102,72.156,73.058,40223.0
2011-10-04 21:00:00+00:00,73.062,73.834,72.488,73.824,32455.0
2011-10-05 21:00:00+00:00,73.812,73.97,73.137,73.97,38241.0
2011-10-06 21:00:00+00:00,73.974,75.087,73.606,73.811,30232.0
2011-10-07 21:00:00+00:00,73.811,73.811,73.811,73.811,12.0
2011-10-08 21:00:00+00:00,73.811,73.926,73.664,73.922,652.0
2011-10-09 21:00:00+00:00,73.917,74.838,73.87,74.744,25653.0
2011-10-10 21:00:00+00:00,74.742,74.778,74.174,74.42,29447.0
2011-10-11 21:00:00+00:00,74.416,76.382,74.266,75.952,33563.0
2011-10-12 21:00:00+00:00,75.948,75.948,74.78,75.318,37109.0
2011-10-13 21:00:00+00:00,75.322,76.474,75.123,76.463,31350.0
2011-10-14 21:00:00+00:00,76.463,76.463,76.463,76.463,13.0
2011-10-15 21:00:00+00:00,76.463,76.542,76.073,76.23,736.0
2011-10-16 21:00:00+00:00,76.235,77.094,75.018,75.068,36192.0
2011-10-17 21:00:00+00:00,75.072,76.017,74.724,75.754,41140.0
2011-10-18 21:00:00+00:00,75.75,76.17,75.12,75.26,29336.0
2011-10-19 21:00:00+00:00,75.252,75.863,74.851,75.638,43131.0
2011-10-20 21:00:00+00:00,75.64,75.955,75.066,75.738,26527.0
2011-10-21 21:00:00+00:00,75.738,75.738,75.738,75.738,12.0
2011-10-22 21:00:00+00:00,75.738,75.778,75.449,75.481,447.0
2011-10-23 21:00:00+00:00,75.487,75.96,75.408,75.812,31104.0
2011-10-24 21:00:00+00:00,75.808,76.215,74.386,74.848,37182.0
2011-10-25 21:00:00+00:00,74.844,75.991,74.572,75.854,35056.0
2011-10-26 21:00:00+00:00,75.848,76.764,75.798,76.64,39476.0
2011-10-27 21:00:00+00:00,76.644,76.714,75.972,76.457,31295.0
2011-10-28 21:00:00+00:00,76.457,76.457,76.457,76.457,1.0
2011-10-29 21:00:00+00:00,76.345,76.349,75.919,76.267,1188.0
2011-10-30 21:00:00+00:00,76.271,79.653,76.114,78.108,66599.0
2011-10-31 21:00:00+00:00,78.112,79.086,76.724,76.806,53482.0
2011-11-01 21:00:00+00:00,76.804,77.214,76.486,77.0,41568.0
2011-11-02 21:00:00+00:00,77.002,77.536,76.385,77.534,44648.0
2011-11-03 21:00:00+00:00,77.538,77.54,76.472,76.799,29529.0
2011-11-05 21:00:00+00:00,76.769,76.928,76.762,76.902,269.0
2011-11-06 22:00:00+00:00,76.898,77.098,76.546,77.078,29073.0
2011-11-07 22:00:00+00:00,77.074,77.15,76.54,77.05,29720.0
2011-11-08 22:00:00+00:00,77.046,77.11,75.944,75.944,34142.0
2011-11-09 22:00:00+00:00,75.95,76.42,75.633,76.358,38837.0
2011-11-10 22:00:00+00:00,76.362,76.43,75.605,76.345,28754.0
2011-11-11 22:00:00+00:00,76.345,76.345,76.345,76.345,2.0
2011-11-12 22:00:00+00:00,76.357,76.663,76.221,76.64,765.0
2011-11-13 22:00:00+00:00,76.635,76.638,75.49,75.798,29434.0
2011-11-14 22:00:00+00:00,75.794,76.204,74.988,75.438,31602.0
2011-11-15 22:00:00+00:00,75.44,75.726,74.788,75.212,35012.0
2011-11-16 22:00:00+00:00,75.206,75.422,74.764,74.79,38734.0
2011-11-17 22:00:00+00:00,74.794,75.123,74.56,74.818,27296.0
2011-11-19 22:00:00+00:00,74.809,74.865,74.68,74.84,821.0
2011-11-20 22:00:00+00:00,74.821,74.88,73.867,73.92,28544.0
2011-11-21 22:00:00+00:00,73.918,74.48,73.918,74.13,28743.0
2011-11-22 22:00:00+00:00,74.134,74.212,73.718,73.722,28873.0
2011-11-23 22:00:00+00:00,73.726,73.888,73.498,73.65,19939.0
2011-11-24 22:00:00+00:00,73.646,74.384,73.594,74.244,27382.0
2011-11-25 22:00:00+00:00,74.244,74.244,74.244,74.244,2.0
2011-11-26 22:00:00+00:00,74.113,74.396,74.006,74.389,795.0
2011-11-27 22:00:00+00:00,74.379,75.838,74.166,75.418,27941.0
2011-11-28 22:00:00+00:00,75.414,75.82,75.16,75.498,30408.0
2011-11-29 22:00:00+00:00,75.502,76.588,75.196,76.29,37174.0
2011-11-30 22:00:00+00:00,76.286,76.684,75.953,76.632,28330.0
2011-12-01 22:00:00+00:00,76.634,77.377,76.436,76.501,26344.0
2011-12-02 22:00:00+00:00,76.501,76.501,76.501,76.501,2.0
2011-12-03 22:00:00+00:00,76.474,76.837,76.474,76.754,604.0
2011-12-04 22:00:00+00:00,76.743,76.944,76.284,76.556,24131.0
2011-12-05 22:00:00+00:00,76.56,77.037,76.138,76.958,26211.0
2011-12-06 22:00:00+00:00,76.96,77.169,76.732,76.92,23749.0
2011-12-07 22:00:00+00:00,76.916,76.973,75.876,75.88,32121.0
2011-12-08 22:00:00+00:00,75.882,76.352,75.654,76.288,28713.0
2011-12-10 22:00:00+00:00,76.282,76.282,76.017,76.226,537.0
2011-12-11 22:00:00+00:00,76.23,76.235,75.655,75.864,25108.0
2011-12-12 22:00:00+00:00,75.87,75.948,75.354,75.414,28351.0
2011-12-13 22:00:00+00:00,75.41,75.488,74.892,75.094,23023.0
2011-12-14 22:00:00+00:00,75.09,75.406,74.936,75.214,27176.0
2011-12-15 22:00:00+00:00,75.208,75.58,74.743,74.893,21790.0
2011-12-17 22:00:00+00:00,74.849,75.054,74.787,75.027,148.0
2011-12-18 22:00:00+00:00,75.022,75.366,74.797,75.12,22603.0
2011-12-19 22:00:00+00:00,75.118,75.754,75.11,75.636,17602.0
2011-12-20 22:00:00+00:00,75.638,76.127,75.534,76.03,26543.0
2011-12-21 22:00:00+00:00,76.036,76.618,75.928,76.606,16049.0
2011-12-22 22:00:00+00:00,76.602,76.732,76.408,76.508,12213.0
2011-12-25 22:00:00+00:00,76.512,76.576,76.193,76.412,3395.0
2011-12-26 22:00:00+00:00,76.408,76.65,76.182,76.454,8075.0
2011-12-27 22:00:00+00:00,76.452,76.618,76.036,76.082,19407.0
2011-12-28 22:00:00+00:00,76.078,76.174,75.826,76.11,19254.0
2011-12-29 22:00:00+00:00,76.106,76.214,75.268,75.268,21909.0
2011-12-31 22:00:00+00:00,75.407,75.467,74.801,75.367,1329.0
2012-01-01 22:00:00+00:00,75.371,75.719,75.328,75.47,3888.0
2012-01-02 22:00:00+00:00,75.465,76.194,75.382,75.942,19308.0
2012-01-03 22:00:00+00:00,75.938,75.994,75.552,75.752,21093.0
2012-01-04 22:00:00+00:00,75.748,75.904,75.352,75.616,26928.0
2012-01-05 22:00:00+00:00,75.618,75.86,74.824,74.831,20341.0
2012-01-06 22:00:00+00:00,74.831,74.831,74.831,74.831,1.0
2012-01-07 22:00:00+00:00,74.836,74.945,74.642,74.809,662.0
2012-01-08 22:00:00+00:00,74.813,75.136,74.538,75.076,19373.0
2012-01-09 22:00:00+00:00,75.082,75.676,75.044,75.676,19298.0
2012-01-10 22:00:00+00:00,75.678,75.878,75.334,75.382,20370.0
2012-01-11 22:00:00+00:00,75.378,75.794,75.156,75.314,21392.0
2012-01-12 22:00:00+00:00,75.316,75.478,74.87,75.219,25540.0
2012-01-14 22:00:00+00:00,75.228,75.305,75.13,75.217,602.0
2012-01-15 22:00:00+00:00,75.213,75.51,74.972,75.432,15428.0
2012-01-16 22:00:00+00:00,75.428,75.918,75.374,75.686,19838.0
2012-01-17 22:00:00+00:00,75.688,75.998,75.416,75.982,19354.0
2012-01-18 22:00:00+00:00,75.986,76.56,75.808,76.286,19993.0
2012-01-19 22:00:00+00:00,76.282,76.335,75.802,76.024,17103.0
2012-01-20 22:00:00+00:00,76.024,76.024,76.024,76.024,2.0
2012-01-21 22:00:00+00:00,76.033,76.048,75.832,75.854,688.0
2012-01-22 22:00:00+00:00,75.858,76.637,75.71,76.37,19575.0
2012-01-23 22:00:00+00:00,76.372,77.098,76.26,76.978,21774.0
2012-01-24 22:00:00+00:00,76.972,77.47,76.875,77.446,30658.0
2012-01-25 22:00:00+00:00,77.444,77.612,77.272,77.312,23110.0
2012-01-26 22:00:00+00:00,77.31,77.351,76.514,76.552,27869.0
2012-01-28 22:00:00+00:00,76.529,76.602,76.499,76.563,255.0
2012-01-29 22:00:00+00:00,76.569,76.654,75.874,76.234,20440.0
2012-01-30 22:00:00+00:00,76.23,76.658,75.912,76.072,23769.0
2012-01-31 22:00:00+00:00,76.076,76.554,75.774,76.306,19643.0
2012-02-01 22:00:00+00:00,76.302,76.39,76.04,76.272,18480.0
2012-02-02 22:00:00+00:00,76.27,77.145,75.978,77.118,13536.0
2012-02-04 22:00:00+00:00,77.056,77.099,76.813,77.036,808.0
2012-02-05 22:00:00+00:00,77.031,77.184,76.696,76.858,19099.0
2012-02-06 22:00:00+00:00,76.854,77.364,76.81,77.184,19782.0
2012-02-07 22:00:00+00:00,77.188,77.624,76.982,77.35,19801.0
2012-02-08 22:00:00+00:00,77.346,78.136,77.264,78.092,22728.0
2012-02-09 22:00:00+00:00,78.096,78.106,77.352,77.51,21330.0
2012-02-10 22:00:00+00:00,77.516,77.516,77.516,77.516,2.0
2012-02-11 22:00:00+00:00,77.544,77.643,77.454,77.47,219.0
2012-02-12 22:00:00+00:00,77.474,77.903,77.338,77.592,17665.0
2012-02-13 22:00:00+00:00,77.588,78.596,77.31,78.506,27092.0
2012-02-14 22:00:00+00:00,78.508,79.04,78.306,78.434,25546.0
2012-02-15 22:00:00+00:00,78.438,79.247,78.16,79.194,27348.0
2012-02-16 22:00:00+00:00,79.196,79.944,79.034,79.768,21940.0
2012-02-17 22:00:00+00:00,79.768,79.768,79.768,79.768,3.0
2012-02-18 22:00:00+00:00,79.699,80.178,79.623,80.152,1311.0
2012-02-19 22:00:00+00:00,80.148,80.562,79.837,80.152,20283.0
2012-02-20 22:00:00+00:00,80.15,80.38,79.84,79.988,23294.0
2012-02-21 22:00:00+00:00,79.992,80.516,79.918,80.308,25918.0
2012-02-22 22:00:00+00:00,80.304,80.596,80.035,80.198,19706.0
2012-02-23 22:00:00+00:00,80.194,81.271,80.11,81.258,22251.0
2012-02-24 22:00:00+00:00,81.258,81.258,81.258,81.258,1.0
2012-02-25 22:00:00+00:00,81.188,81.509,81.047,81.372,1811.0
2012-02-26 22:00:00+00:00,81.377,81.755,79.884,80.688,29308.0
2012-02-27 22:00:00+00:00,80.686,81.252,80.198,80.834,29454.0
2012-02-28 22:00:00+00:00,80.83,82.282,80.77,81.974,31673.0
2012-02-29 22:00:00+00:00,81.97,82.546,81.764,82.306,33637.0
2012-03-01 22:00:00+00:00,82.302,82.823,82.262,82.703,26677.0
2012-03-02 22:00:00+00:00,82.703,82.703,82.703,82.703,2.0
2012-03-03 22:00:00+00:00,82.698,82.764,82.636,82.645,209.0
2012-03-04 22:00:00+00:00,82.641,82.718,81.526,81.996,24104.0
2012-03-05 22:00:00+00:00,82.0,82.066,80.389,80.74,29377.0
2012-03-06 22:00:00+00:00,80.736,81.41,80.46,81.296,25994.0
2012-03-07 22:00:00+00:00,81.292,82.496,81.248,82.352,26236.0
2012-03-08 22:00:00+00:00,82.354,83.525,82.156,83.25,31793.0
2012-03-10 22:00:00+00:00,83.185,83.334,83.179,83.223,356.0
2012-03-11 21:00:00+00:00,83.218,83.337,82.676,82.858,20412.0
2012-03-12 21:00:00+00:00,82.852,83.956,82.71,83.906,31346.0
2012-03-13 21:00:00+00:00,83.902,84.674,83.769,84.35,28160.0
2012-03-14 21:00:00+00:00,84.348,84.728,83.642,84.26,31881.0
2012-03-15 21:00:00+00:00,84.262,84.586,83.818,84.131,28693.0
2012-03-16 21:00:00+00:00,84.131,84.131,84.131,84.131,1.0
2012-03-17 21:00:00+00:00,84.08,84.27,84.075,84.122,351.0
2012-03-18 21:00:00+00:00,84.129,84.616,83.664,84.45,22407.0
2012-03-19 21:00:00+00:00,84.446,84.69,83.796,84.418,22201.0
2012-03-20 21:00:00+00:00,84.414,84.968,83.964,84.054,25102.0
2012-03-21 21:00:00+00:00,84.058,84.142,82.34,82.594,39107.0
2012-03-22 21:00:00+00:00,82.598,82.976,81.867,82.529,31337.0
2012-03-23 21:00:00+00:00,82.529,82.529,82.529,82.529,1.0
2012-03-24 21:00:00+00:00,82.51,82.613,82.501,82.546,270.0
2012-03-25 21:00:00+00:00,82.551,83.668,82.517,83.604,24176.0
2012-03-26 21:00:00+00:00,83.608,84.118,83.336,83.602,25170.0
2012-03-27 21:00:00+00:00,83.598,83.602,82.758,83.036,32978.0
2012-03-28 21:00:00+00:00,83.032,83.116,81.824,82.746,32528.0
2012-03-29 21:00:00+00:00,82.742,83.127,82.034,82.978,32549.0
2012-03-30 21:00:00+00:00,82.978,82.978,82.978,82.978,1.0
2012-03-31 21:00:00+00:00,83.078,83.478,83.045,83.372,1289.0
2012-04-01 21:00:00+00:00,83.368,83.57,82.352,82.858,31113.0
2012-04-02 21:00:00+00:00,82.856,83.692,82.354,83.554,33040.0
2012-04-03 21:00:00+00:00,83.55,83.632,82.558,82.756,33655.0
2012-04-04 21:00:00+00:00,82.76,83.11,81.892,82.948,30075.0
2012-04-05 21:00:00+00:00,82.952,83.148,81.548,81.875,20220.0
2012-04-07 21:00:00+00:00,81.722,81.782,81.656,81.719,328.0
2012-04-08 21:00:00+00:00,81.726,81.978,81.254,81.686,17208.0
2012-04-09 21:00:00+00:00,81.688,82.178,80.306,80.316,32108.0
2012-04-10 21:00:00+00:00,80.32,81.032,80.226,80.55,30478.0
2012-04-11 21:00:00+00:00,80.552,81.362,80.518,81.344,28259.0
2012-04-12 21:00:00+00:00,81.348,81.67,80.918,80.94,25519.0
2012-04-13 21:00:00+00:00,80.94,80.94,80.94,80.94,1.0
2012-04-14 21:00:00+00:00,80.94,81.031,80.84,80.899,331.0
2012-04-15 21:00:00+00:00,80.906,81.082,80.182,80.46,28337.0
2012-04-16 21:00:00+00:00,80.464,81.873,80.326,81.636,23158.0
2012-04-17 21:00:00+00:00,81.638,82.457,81.606,81.978,27356.0
2012-04-18 21:00:00+00:00,81.974,82.626,81.754,81.956,28448.0
2012-04-19 21:00:00+00:00,81.952,82.508,81.922,82.15,19414.0
2012-04-21 21:00:00+00:00,82.156,82.25,82.078,82.161,520.0
2012-04-22 21:00:00+00:00,82.156,82.244,81.22,81.896,19191.0
2012-04-23 21:00:00+00:00,81.902,82.446,81.572,82.378,21417.0
2012-04-24 21:00:00+00:00,82.376,82.986,82.196,82.716,23572.0
2012-04-25 21:00:00+00:00,82.71,82.79,81.978,82.27,20351.0
2012-04-26 21:00:00+00:00,82.274,82.63,81.665,81.862,31280.0
2012-04-27 21:00:00+00:00,81.862,81.862,81.862,81.862,1.0
2012-04-28 21:00:00+00:00,81.868,81.956,81.811,81.824,247.0
2012-04-29 21:00:00+00:00,81.819,81.949,80.636,80.854,13195.0
2012-04-30 21:00:00+00:00,80.85,81.554,80.56,81.276,15511.0
2012-05-01 21:00:00+00:00,81.28,81.742,80.9,81.246,21003.0
2012-05-02 21:00:00+00:00,81.25,81.868,81.058,81.116,17916.0
2012-05-03 21:00:00+00:00,81.12,81.505,80.116,80.176,19172.0
2012-05-05 21:00:00+00:00,80.24,80.496,80.043,80.185,1215.0
2012-05-06 21:00:00+00:00,80.181,80.532,79.778,80.464,19796.0
2012-05-07 21:00:00+00:00,80.468,80.594,79.57,79.972,21639.0
2012-05-08 21:00:00+00:00,79.97,80.014,79.034,79.434,27946.0
2012-05-09 21:00:00+00:00,79.43,80.082,79.37,79.758,24509.0
2012-05-10 21:00:00+00:00,79.76,80.345,79.362,79.888,22849.0
2012-05-11 21:00:00+00:00,79.888,79.888,79.888,79.888,1.0
2012-05-12 21:00:00+00:00,79.888,80.082,79.888,79.969,317.0
2012-05-13 21:00:00+00:00,79.963,80.172,79.35,79.548,19016.0
2012-05-14 21:00:00+00:00,79.546,80.118,79.5,79.606,22745.0
2012-05-15 21:00:00+00:00,79.602,80.094,79.258,79.358,27160.0
2012-05-16 21:00:00+00:00,79.35,79.468,77.73,77.742,26286.0
2012-05-17 21:00:00+00:00,77.746,78.25,77.281,77.312,29134.0
2012-05-18 21:00:00+00:00,77.312,77.312,77.312,77.312,1.0
2012-05-19 21:00:00+00:00,77.42,77.448,77.269,77.404,303.0
2012-05-20 21:00:00+00:00,77.4,78.028,77.333,77.938,21251.0
2012-05-21 21:00:00+00:00,77.942,78.668,77.884,78.35,22539.0
2012-05-22 21:00:00+00:00,78.346,78.362,77.018,77.53,27604.0
2012-05-23 21:00:00+00:00,77.526,77.71,77.194,77.51,26269.0
2012-05-24 21:00:00+00:00,77.512,77.736,77.228,77.414,19794.0
2012-05-25 21:00:00+00:00,77.414,77.414,77.414,77.414,1.0
2012-05-26 21:00:00+00:00,77.384,77.65,77.303,77.644,563.0
2012-05-27 21:00:00+00:00,77.649,77.669,77.384,77.618,12014.0
2012-05-28 21:00:00+00:00,77.614,77.879,77.291,77.77,20039.0
2012-05-29 21:00:00+00:00,77.772,77.826,76.494,76.756,25633.0
2012-05-30 21:00:00+00:00,76.758,76.866,75.462,75.826,29436.0
2012-05-31 21:00:00+00:00,75.83,76.054,74.414,74.938,32869.0
2012-06-02 21:00:00+00:00,75.015,75.201,75.008,75.135,349.0
2012-06-03 21:00:00+00:00,75.139,75.43,74.742,75.38,23375.0
2012-06-04 21:00:00+00:00,75.384,76.117,75.035,75.858,25165.0
2012-06-05 21:00:00+00:00,75.854,77.134,75.794,77.068,25462.0
2012-06-06 21:00:00+00:00,77.064,78.064,76.988,77.462,28678.0
2012-06-07 21:00:00+00:00,77.458,77.646,76.428,77.385,28655.0
2012-06-09 21:00:00+00:00,77.385,77.954,77.385,77.885,1128.0
2012-06-10 21:00:00+00:00,77.881,78.098,76.986,77.006,24984.0
2012-06-11 21:00:00+00:00,77.008,77.562,76.752,77.476,27620.0
2012-06-12 21:00:00+00:00,77.48,77.732,77.047,77.15,25073.0
2012-06-13 21:00:00+00:00,77.148,77.61,77.059,77.588,22991.0
2012-06-14 21:00:00+00:00,77.59,77.678,76.708,77.055,20817.0
2012-06-16 21:00:00+00:00,77.055,77.273,77.003,77.185,752.0
2012-06-17 21:00:00+00:00,77.19,77.79,76.762,77.236,27464.0
2012-06-18 21:00:00+00:00,77.24,77.726,77.024,77.57,21430.0
2012-06-19 21:00:00+00:00,77.574,78.325,77.32,78.116,27916.0
2012-06-20 21:00:00+00:00,78.106,78.668,77.803,77.962,30071.0
2012-06-21 21:00:00+00:00,77.958,78.559,77.77,78.492,25011.0
2012-06-22 21:00:00+00:00,78.492,78.492,78.492,78.492,1.0
2012-06-23 21:00:00+00:00,78.469,78.484,78.285,78.291,223.0
2012-06-24 21:00:00+00:00,78.303,78.556,77.095,77.398,19613.0
2012-06-25 21:00:00+00:00,77.394,77.7,77.07,77.656,22626.0
2012-06-26 21:00:00+00:00,77.66,77.876,77.437,77.776,18298.0
2012-06-27 21:00:00+00:00,77.772,77.802,76.609,76.9,23483.0
2012-06-28 21:00:00+00:00,76.904,78.589,76.612,78.495,34786.0
2012-06-30 21:00:00+00:00,78.379,78.573,78.342,78.57,342.0
2012-07-01 21:00:00+00:00,78.574,78.66,77.798,78.168,21772.0
2012-07-02 21:00:00+00:00,78.172,78.918,78.088,78.83,17595.0
2012-07-03 21:00:00+00:00,78.826,78.918,78.574,78.838,12570.0
2012-07-04 21:00:00+00:00,78.836,79.12,78.487,78.794,23932.0
2012-07-05 21:00:00+00:00,78.796,78.855,78.012,78.13,21422.0
2012-07-06 21:00:00+00:00,78.13,78.13,78.13,78.13,1.0
2012-07-07 21:00:00+00:00,78.225,78.326,77.992,78.002,468.0
2012-07-08 21:00:00+00:00,78.008,78.298,77.88,78.06,15868.0
2012-07-09 21:00:00+00:00,78.058,78.166,77.592,77.672,19035.0
2012-07-10 21:00:00+00:00,77.668,78.248,77.484,78.214,18652.0
2012-07-11 21:00:00+00:00,78.218,78.436,77.31,77.82,22572.0
2012-07-12 21:00:00+00:00,77.816,78.215,77.706,78.101,16244.0
2012-07-13 21:00:00+00:00,78.101,78.101,78.101,78.101,1.0
2012-07-14 21:00:00+00:00,78.101,78.262,78.101,78.211,181.0
2012-07-15 21:00:00+00:00,78.215,78.245,77.43,77.704,12703.0
2012-07-16 21:00:00+00:00,77.702,78.176,77.586,78.132,18412.0
2012-07-17 21:00:00+00:00,78.134,78.191,77.791,78.0,15009.0
2012-07-18 21:00:00+00:00,77.998,78.105,77.761,78.006,16737.0
2012-07-19 21:00:00+00:00,78.002,78.174,77.456,77.499,17187.0
2012-07-21 21:00:00+00:00,77.499,77.499,77.303,77.358,391.0
2012-07-22 21:00:00+00:00,77.353,77.502,76.634,76.942,20164.0
2012-07-23 21:00:00+00:00,76.94,77.072,76.419,76.486,18886.0
2012-07-24 21:00:00+00:00,76.482,77.069,76.334,76.972,19908.0
2012-07-25 21:00:00+00:00,76.968,77.668,76.802,77.418,22193.0
2012-07-26 21:00:00+00:00,77.412,78.319,77.306,78.177,21125.0
2012-07-28 21:00:00+00:00,78.177,78.212,78.069,78.1,233.0
2012-07-29 21:00:00+00:00,78.107,78.231,77.743,78.046,15719.0
2012-07-30 21:00:00+00:00,78.042,78.233,77.835,77.878,16524.0
2012-07-31 21:00:00+00:00,77.882,78.191,77.638,78.0,18545.0
2012-08-01 21:00:00+00:00,77.994,78.268,77.552,77.666,23777.0
2012-08-02 21:00:00+00:00,77.662,78.848,77.498,78.342,21342.0
2012-08-03 21:00:00+00:00,78.342,78.342,78.342,78.342,1.0
2012-08-04 21:00:00+00:00,78.342,78.52,78.304,78.472,634.0
2012-08-05 21:00:00+00:00,78.468,78.633,78.152,78.226,13045.0
2012-08-06 21:00:00+00:00,78.222,79.016,78.09,78.846,15999.0
2012-08-07 21:00:00+00:00,78.842,78.992,78.44,78.888,15839.0
2012-08-08 21:00:00+00:00,78.886,79.476,78.732,79.268,17086.0
2012-08-09 21:00:00+00:00,79.272,79.316,78.48,78.971,16043.0
2012-08-11 21:00:00+00:00,78.971,78.971,78.838,78.885,172.0
2012-08-12 21:00:00+00:00,78.878,79.072,78.776,78.9,11423.0
2012-08-13 21:00:00+00:00,78.904,79.664,78.885,79.344,13316.0
2012-08-14 21:00:00+00:00,79.34,79.854,79.298,79.838,13379.0
2012-08-15 21:00:00+00:00,79.836,80.462,79.772,80.416,14711.0
2012-08-16 21:00:00+00:00,80.42,80.566,80.21,80.41,12637.0
2012-08-17 21:00:00+00:00,80.41,80.41,80.41,80.41,1.0
2012-08-18 21:00:00+00:00,80.41,80.463,80.35,80.449,112.0
2012-08-19 21:00:00+00:00,80.454,80.555,80.121,80.352,12673.0
2012-08-20 21:00:00+00:00,80.35,80.686,80.024,80.15,13359.0
2012-08-21 21:00:00+00:00,80.154,80.188,78.942,79.262,17080.0
2012-08-22 21:00:00+00:00,79.264,79.516,78.878,78.974,14985.0
2012-08-23 21:00:00+00:00,78.978,79.42,78.92,79.298,13319.0
2012-08-25 21:00:00+00:00,79.298,79.37,79.266,79.307,169.0
2012-08-26 21:00:00+00:00,79.301,79.596,79.289,79.478,8003.0
2012-08-27 21:00:00+00:00,79.48,79.824,79.174,79.438,12408.0
2012-08-28 21:00:00+00:00,79.442,79.804,79.298,79.548,10765.0
2012-08-29 21:00:00+00:00,79.544,79.605,79.044,79.218,10101.0
2012-08-30 21:00:00+00:00,79.22,79.512,79.0,79.476,17418.0
2012-09-01 21:00:00+00:00,79.4,79.429,79.293,79.31,267.0
2012-09-02 21:00:00+00:00,79.316,79.566,79.202,79.378,8267.0
2012-09-03 21:00:00+00:00,79.382,79.692,79.288,79.548,12246.0
2012-09-04 21:00:00+00:00,79.552,79.63,78.954,79.14,14547.0
2012-09-05 21:00:00+00:00,79.134,80.477,79.076,80.246,19091.0
2012-09-06 21:00:00+00:00,80.25,80.542,79.8,79.931,17785.0
2012-09-08 21:00:00+00:00,79.931,80.043,79.89,80.036,68.0
2012-09-09 21:00:00+00:00,80.042,80.25,79.89,80.072,9850.0
2012-09-10 21:00:00+00:00,80.076,80.388,79.844,79.918,13635.0
2012-09-11 21:00:00+00:00,79.914,80.17,79.69,79.75,17474.0
2012-09-12 21:00:00+00:00,79.742,80.179,79.192,80.008,21214.0
2012-09-13 21:00:00+00:00,80.01,81.06,79.952,80.638,20721.0
2012-09-15 21:00:00+00:00,80.638,80.797,80.638,80.751,139.0
2012-09-16 21:00:00+00:00,80.742,81.272,80.548,80.746,14953.0
2012-09-17 21:00:00+00:00,80.752,80.912,80.454,80.894,15473.0
2012-09-18 21:00:00+00:00,80.898,81.442,80.17,80.424,26613.0
2012-09-19 21:00:00+00:00,80.42,80.444,79.592,80.092,18858.0
2012-09-20 21:00:00+00:00,80.096,80.378,79.904,80.05,15956.0
2012-09-21 21:00:00+00:00,80.05,80.05,80.05,80.05,3.0
2012-09-22 21:00:00+00:00,80.05,80.16,80.032,80.055,126.0
2012-09-23 21:00:00+00:00,80.049,80.104,79.332,79.542,13634.0
2012-09-24 21:00:00+00:00,79.546,79.84,79.208,79.332,15275.0
2012-09-25 21:00:00+00:00,79.328,79.382,78.823,78.882,16071.0
2012-09-26 21:00:00+00:00,78.886,79.304,78.8,79.14,15505.0
2012-09-27 21:00:00+00:00,79.142,79.471,78.989,79.231,19297.0
2012-09-29 21:00:00+00:00,79.231,79.394,79.183,79.237,224.0
2012-09-30 21:00:00+00:00,79.241,79.67,79.047,79.396,15853.0
2012-10-01 21:00:00+00:00,79.39,79.686,79.302,79.414,13550.0
2012-10-02 21:00:00+00:00,79.418,79.659,79.154,79.476,15286.0
2012-10-03 21:00:00+00:00,79.473,80.074,79.446,80.04,15356.0
2012-10-04 21:00:00+00:00,80.042,80.969,79.85,80.387,16997.0
2012-10-06 21:00:00+00:00,80.368,80.483,80.269,80.465,273.0
2012-10-07 21:00:00+00:00,80.461,80.536,79.734,80.182,10667.0
2012-10-08 21:00:00+00:00,80.178,80.463,79.744,79.988,13850.0
2012-10-09 21:00:00+00:00,79.986,80.208,79.598,79.636,13807.0
2012-10-10 21:00:00+00:00,79.632,80.408,79.378,80.046,16561.0
2012-10-11 21:00:00+00:00,80.05,80.302,79.82,80.027,12622.0
2012-10-13 21:00:00+00:00,80.027,80.222,80.027,80.148,122.0
2012-10-14 21:00:00+00:00,80.142,80.706,79.846,80.19,13901.0
2012-10-15 21:00:00+00:00,80.196,80.5,79.86,79.956,17499.0
2012-10-16 21:00:00+00:00,79.952,80.86,79.67,80.728,16248.0
2012-10-17 21:00:00+00:00,80.724,81.128,80.264,80.452,19086.0
2012-10-18 21:00:00+00:00,80.444,80.632,79.744,79.825,13581.0
2012-10-20 21:00:00+00:00,79.772,79.777,79.684,79.712,94.0
2012-10-21 21:00:00+00:00,79.716,80.62,79.657,80.578,13779.0
2012-10-22 21:00:00+00:00,80.572,80.664,79.974,80.462,16923.0
2012-10-23 21:00:00+00:00,80.466,80.748,80.121,80.32,16897.0
2012-10-24 21:00:00+00:00,80.316,81.016,80.25,80.708,17233.0
2012-10-25 21:00:00+00:00,80.704,80.822,79.628,79.889,19583.0
2012-10-26 21:00:00+00:00,79.889,79.889,79.889,79.889,1.0
2012-10-27 21:00:00+00:00,79.803,79.847,79.722,79.78,267.0
2012-10-28 21:00:00+00:00,79.776,79.897,79.538,79.716,9162.0
2012-10-29 21:00:00+00:00,79.718,80.031,79.131,79.68,12214.0
2012-10-30 21:00:00+00:00,79.684,80.156,79.576,79.812,13494.0
2012-10-31 21:00:00+00:00,79.81,80.52,79.76,80.406,14836.0
2012-11-01 21:00:00+00:00,80.402,81.14,80.378,80.775,16538.0
2012-11-02 21:00:00+00:00,80.775,80.775,80.775,80.775,2.0
2012-11-03 21:00:00+00:00,80.821,80.874,80.767,80.775,120.0
2012-11-04 22:00:00+00:00,80.78,80.989,80.431,80.582,10884.0
2012-11-05 22:00:00+00:00,80.58,81.147,80.332,80.99,13501.0
2012-11-06 22:00:00+00:00,80.986,81.348,79.976,80.262,28975.0
2012-11-07 22:00:00+00:00,80.266,80.33,79.326,79.442,19603.0
2012-11-08 22:00:00+00:00,79.446,79.674,78.882,79.362,19704.0
2012-11-09 22:00:00+00:00,79.362,79.362,79.362,79.362,1.0
2012-11-10 22:00:00+00:00,79.421,79.517,79.377,79.487,180.0
2012-11-11 22:00:00+00:00,79.482,79.614,79.354,79.502,9877.0
2012-11-12 22:00:00+00:00,79.504,79.648,79.07,79.214,16412.0
2012-11-13 22:00:00+00:00,79.22,80.254,79.2,79.932,17759.0
2012-11-14 22:00:00+00:00,79.928,81.256,79.826,81.084,20572.0
2012-11-15 22:00:00+00:00,81.088,81.36,80.768,81.2,17738.0
2012-11-17 22:00:00+00:00,81.277,81.339,81.274,81.323,184.0
2012-11-18 22:00:00+00:00,81.329,81.728,81.124,81.71,14937.0
2012-11-19 22:00:00+00:00,81.72,82.006,81.366,81.93,16400.0
2012-11-20 22:00:00+00:00,81.926,82.834,81.812,82.824,18228.0
2012-11-21 22:00:00+00:00,82.82,83.158,82.437,82.7,13467.0
2012-11-22 22:00:00+00:00,82.704,83.108,82.276,82.981,14440.0
2012-11-23 22:00:00+00:00,82.981,82.981,82.981,82.981,1.0
2012-11-24 22:00:00+00:00,82.956,82.977,82.905,82.932,203.0
2012-11-25 22:00:00+00:00,82.939,83.236,82.436,82.62,15265.0
2012-11-26 22:00:00+00:00,82.63,83.01,82.416,82.606,15978.0
2012-11-27 22:00:00+00:00,82.608,82.744,82.03,82.728,17727.0
2012-11-28 22:00:00+00:00,82.732,82.89,82.46,82.73,15737.0
2012-11-29 22:00:00+00:00,82.736,83.352,82.63,82.944,18318.0
2012-12-02 22:00:00+00:00,82.944,83.122,82.52,82.648,14005.0
2012-12-03 22:00:00+00:00,82.65,82.68,82.228,82.49,14606.0
2012-12-04 22:00:00+00:00,82.494,83.186,82.368,83.158,16833.0
2012-12-05 22:00:00+00:00,83.156,83.26,82.99,83.114,13922.0
2012-12-06 22:00:00+00:00,83.118,83.822,82.842,83.461,16151.0
2012-12-07 22:00:00+00:00,83.461,83.461,83.461,83.461,1.0
2012-12-09 22:00:00+00:00,83.587,83.746,83.11,83.502,12474.0
2012-12-10 22:00:00+00:00,83.486,83.73,83.39,83.676,10909.0
2012-12-11 22:00:00+00:00,83.672,84.692,83.641,84.572,15845.0
2012-12-12 22:00:00+00:00,84.568,85.052,84.423,84.926,17029.0
2012-12-13 22:00:00+00:00,84.93,85.352,84.529,84.724,44213.0
2012-12-15 22:00:00+00:00,85.55,85.55,85.446,85.508,716.0
2012-12-16 22:00:00+00:00,85.51,85.51,84.642,85.296,44284.0
2012-12-17 22:00:00+00:00,85.297,85.504,85.124,85.424,31998.0
2012-12-18 22:00:00+00:00,85.427,85.822,85.24,85.366,38160.0
2012-12-19 22:00:00+00:00,85.366,85.529,84.766,85.424,46340.0
2012-12-20 22:00:00+00:00,85.424,85.49,84.512,84.798,47988.0
2012-12-22 22:00:00+00:00,84.937,84.956,84.886,84.917,716.0
2012-12-23 22:00:00+00:00,84.916,85.611,84.802,85.53,21102.0
2012-12-25 22:00:00+00:00,85.53,86.218,85.53,86.118,14210.0
2012-12-26 22:00:00+00:00,86.118,86.802,85.996,86.507,45073.0
2012-12-27 22:00:00+00:00,86.506,87.081,86.156,86.157,45862.0
2012-12-29 22:00:00+00:00,86.148,86.176,85.968,86.12,1005.0
2012-12-30 22:00:00+00:00,86.11,87.388,85.967,87.054,33012.0
2013-01-01 22:00:00+00:00,87.375,88.686,87.374,88.666,52812.0
2013-01-02 22:00:00+00:00,88.668,88.698,87.981,88.313,42968.0
2013-01-03 22:00:00+00:00,88.316,89.642,88.29,89.288,61256.0
2013-01-04 22:00:00+00:00,89.288,89.288,89.288,89.288,1.0
2013-01-05 22:00:00+00:00,89.26,89.332,89.256,89.314,510.0
2013-01-06 22:00:00+00:00,89.32,89.578,88.706,89.044,45177.0
2013-01-07 22:00:00+00:00,89.044,89.082,88.08,88.222,51502.0
2013-01-08 22:00:00+00:00,88.221,89.176,87.982,88.98,49168.0
2013-01-09 22:00:00+00:00,88.982,90.294,88.954,90.292,55268.0
2013-01-10 22:00:00+00:00,90.298,91.044,90.157,90.572,65193.0
2013-01-11 22:00:00+00:00,90.572,90.572,90.572,90.572,1.0
2013-01-12 22:00:00+00:00,90.69,90.736,90.631,90.724,915.0
2013-01-13 22:00:00+00:00,90.72,91.137,90.314,90.955,47889.0
2013-01-14 22:00:00+00:00,90.955,91.14,89.581,90.217,69443.0
2013-01-15 22:00:00+00:00,90.212,90.31,88.964,89.636,68674.0
2013-01-16 22:00:00+00:00,89.638,91.486,89.276,91.172,76524.0
2013-01-17 22:00:00+00:00,91.174,91.422,90.286,90.836,71630.0
2013-01-18 22:00:00+00:00,90.836,90.836,90.836,90.836,3.0
2013-01-19 22:00:00+00:00,90.818,90.93,90.804,90.813,1171.0
2013-01-20 22:00:00+00:00,90.816,90.958,90.011,90.239,51105.0
2013-01-21 22:00:00+00:00,90.238,90.875,88.936,89.433,86112.0
2013-01-22 22:00:00+00:00,89.436,89.511,88.474,88.68,62481.0
2013-01-23 22:00:00+00:00,88.682,90.306,88.387,90.087,70042.0
2013-01-24 22:00:00+00:00,90.088,90.65,89.926,90.358,66344.0
2013-01-26 22:00:00+00:00,90.462,90.496,90.421,90.455,750.0
2013-01-27 22:00:00+00:00,90.456,90.599,89.692,90.279,51836.0
2013-01-28 22:00:00+00:00,90.283,90.656,89.78,90.64,57721.0
2013-01-29 22:00:00+00:00,90.642,91.209,90.553,90.967,57300.0
2013-01-30 22:00:00+00:00,90.964,92.002,90.467,91.965,55284.0
2013-01-31 22:00:00+00:00,91.964,93.196,91.827,93.137,71109.0
2013-02-01 22:00:00+00:00,93.137,93.137,93.137,93.137,1.0
2013-02-02 22:00:00+00:00,93.064,93.116,93.038,93.092,766.0
2013-02-03 22:00:00+00:00,93.088,93.592,92.352,92.484,58576.0
2013-02-04 22:00:00+00:00,92.484,94.072,92.056,94.049,74125.0
2013-02-05 22:00:00+00:00,94.05,94.356,93.424,94.026,67902.0
2013-02-06 22:00:00+00:00,94.024,94.506,93.26,93.824,69470.0
2013-02-07 22:00:00+00:00,93.824,93.958,92.068,92.428,75115.0
2013-02-08 22:00:00+00:00,92.428,92.428,92.428,92.428,1.0
2013-02-10 22:00:00+00:00,92.493,94.046,91.998,93.862,115430.0
2013-02-11 22:00:00+00:00,93.864,93.958,92.696,93.265,163949.0
2013-02-12 22:00:00+00:00,93.268,93.426,92.636,93.218,119311.0
2013-02-13 22:00:00+00:00,93.216,93.561,92.566,92.776,130650.0
2013-02-14 22:00:00+00:00,92.778,93.299,92.05,92.908,164276.0
2013-02-15 22:00:00+00:00,92.908,92.908,92.908,92.908,2.0
2013-02-17 22:00:00+00:00,93.01,93.544,92.812,92.962,84915.0
2013-02-18 22:00:00+00:00,92.964,92.978,92.15,92.532,97927.0
2013-02-19 22:00:00+00:00,92.536,92.736,91.916,92.028,111274.0
2013-02-20 22:00:00+00:00,92.028,92.298,91.03,91.411,116588.0
2013-02-21 22:00:00+00:00,91.412,91.936,90.864,91.428,110823.0
2013-02-24 22:00:00+00:00,92.476,92.496,88.512,89.476,185433.0
2013-02-25 22:00:00+00:00,89.474,90.42,88.582,89.63,214571.0
2013-02-27 22:00:00+00:00,90.169,90.594,89.516,89.8,119006.0
2013-02-28 22:00:00+00:00,89.802,91.188,89.65,91.157,124813.0
2013-03-01 22:00:00+00:00,91.157,91.157,91.157,91.157,1.0
2013-03-03 22:00:00+00:00,91.15,91.171,90.444,90.996,94973.0
2013-03-04 22:00:00+00:00,91.0,91.11,90.537,90.848,93604.0
2013-03-05 22:00:00+00:00,90.85,91.254,90.514,91.15,94284.0
2013-03-06 22:00:00+00:00,91.152,92.304,90.882,92.107,110861.0
2013-03-07 22:00:00+00:00,92.108,94.288,92.075,93.35,138208.0
2013-03-08 22:00:00+00:00,93.35,93.35,93.35,93.35,1.0
2013-03-10 21:00:00+00:00,93.294,93.916,93.284,93.846,81963.0
2013-03-11 21:00:00+00:00,93.848,94.241,93.052,93.677,130208.0
2013-03-12 21:00:00+00:00,93.678,93.77,93.056,93.542,115335.0
2013-03-13 21:00:00+00:00,93.542,94.162,93.174,94.016,113785.0
2013-03-14 21:00:00+00:00,94.015,94.376,93.266,93.462,122284.0
2013-03-15 21:00:00+00:00,93.462,93.462,93.462,93.462,1.0
2013-03-17 21:00:00+00:00,92.322,93.552,92.031,93.15,140544.0
2013-03-18 21:00:00+00:00,93.15,93.682,92.2,92.678,124322.0
2013-03-19 21:00:00+00:00,92.679,93.771,92.34,93.576,112137.0
2013-03-20 21:00:00+00:00,93.575,93.701,92.258,92.572,138459.0
2013-03-21 21:00:00+00:00,92.57,92.912,91.81,92.338,96922.0
2013-03-24 21:00:00+00:00,92.258,93.144,91.464,92.198,104170.0
2013-03-25 21:00:00+00:00,92.202,93.063,91.902,92.948,93184.0
2013-03-26 21:00:00+00:00,92.95,93.278,92.331,92.95,88391.0
2013-03-27 21:00:00+00:00,92.954,93.002,92.297,92.644,82989.0
2013-03-28 21:00:00+00:00,92.642,92.794,92.44,92.582,48631.0
2013-03-31 21:00:00+00:00,92.64,92.776,91.579,91.691,65861.0
2013-04-01 21:00:00+00:00,91.692,92.227,91.19,92.076,83149.0
2013-04-02 21:00:00+00:00,92.078,92.342,91.376,91.705,78727.0
2013-04-03 21:00:00+00:00,91.706,95.215,91.432,95.122,153448.0
2013-04-04 21:00:00+00:00,95.121,96.264,93.918,95.868,163983.0
2013-04-07 21:00:00+00:00,96.456,97.733,96.454,97.733,130580.0
2013-04-08 21:00:00+00:00,97.736,98.006,97.002,97.426,124578.0
2013-04-09 21:00:00+00:00,97.423,98.464,97.378,98.373,109891.0
2013-04-10 21:00:00+00:00,98.37,98.884,97.884,98.638,113840.0
2013-04-11 21:00:00+00:00,98.642,98.778,96.752,97.083,126326.0
2013-04-12 21:00:00+00:00,97.083,97.083,97.083,97.083,2.0
2013-04-14 21:00:00+00:00,96.819,97.36,93.954,94.341,176229.0
2013-04-15 21:00:00+00:00,94.342,96.143,93.462,95.543,166435.0
2013-04-16 21:00:00+00:00,95.544,96.274,94.558,95.574,162181.0
2013-04-17 21:00:00+00:00,95.574,96.244,95.004,95.636,146609.0
2013-04-18 21:00:00+00:00,95.644,97.162,95.636,96.94,134579.0
2013-04-21 21:00:00+00:00,97.321,97.46,96.261,96.746,113484.0
2013-04-22 21:00:00+00:00,96.747,97.012,95.798,96.982,139478.0
2013-04-23 21:00:00+00:00,96.978,97.17,96.594,97.03,114536.0
2013-04-24 21:00:00+00:00,97.026,97.59,96.687,97.311,113465.0
2013-04-25 21:00:00+00:00,97.313,97.441,95.868,96.445,139961.0
2013-04-28 21:00:00+00:00,96.328,97.0,95.834,96.67,88081.0
2013-04-29 21:00:00+00:00,96.674,96.965,96.168,96.738,106760.0
2013-04-30 21:00:00+00:00,96.738,97.092,96.192,96.579,91811.0
2013-05-01 21:00:00+00:00,96.576,97.75,96.273,96.909,113229.0
2013-05-02 21:00:00+00:00,96.907,98.387,96.748,98.23,91991.0
2013-05-05 21:00:00+00:00,98.435,98.747,98.252,98.652,53027.0
2013-05-06 21:00:00+00:00,98.65,98.906,98.146,98.574,93926.0
2013-05-07 21:00:00+00:00,98.578,98.748,98.072,98.727,86107.0
2013-05-08 21:00:00+00:00,98.718,100.276,98.319,99.909,116421.0
2013-05-09 21:00:00+00:00,99.91,100.972,99.884,100.594,150046.0
2013-05-12 21:00:00+00:00,100.678,101.05,100.316,100.754,100765.0
2013-05-13 21:00:00+00:00,100.75,100.899,100.01,100.597,118553.0
2013-05-14 21:00:00+00:00,100.594,100.821,100.076,100.67,117547.0
2013-05-15 21:00:00+00:00,100.672,100.786,100.234,100.297,129308.0
2013-05-16 21:00:00+00:00,100.298,100.445,99.384,100.397,119800.0
2013-05-19 21:00:00+00:00,99.923,100.156,99.171,99.86,114377.0
2013-05-20 21:00:00+00:00,99.856,100.208,99.406,99.82,112692.0
2013-05-21 21:00:00+00:00,99.822,100.305,98.937,99.496,169012.0
2013-05-22 21:00:00+00:00,99.493,99.694,97.308,98.99,228139.0
2013-05-23 21:00:00+00:00,98.964,99.374,97.404,98.144,185660.0
2013-05-26 21:00:00+00:00,98.034,98.181,97.544,97.625,78662.0
2013-05-27 21:00:00+00:00,97.626,99.02,97.605,98.453,140444.0
2013-05-28 21:00:00+00:00,98.45,98.5,97.037,97.724,166957.0
2013-05-29 21:00:00+00:00,97.724,98.166,97.116,97.816,179310.0
2013-05-30 21:00:00+00:00,97.817,98.266,96.782,96.82,177948.0
2013-06-02 21:00:00+00:00,96.824,97.164,96.032,96.84,159464.0
2013-06-03 21:00:00+00:00,96.838,97.364,96.533,96.716,144760.0
2013-06-04 21:00:00+00:00,96.716,97.074,95.601,95.76,166823.0
2013-06-05 21:00:00+00:00,95.757,96.141,93.984,94.472,208600.0
2013-06-06 21:00:00+00:00,94.47,95.74,92.956,95.672,263171.0
2013-06-09 21:00:00+00:00,95.756,97.411,95.662,96.892,160710.0
2013-06-10 21:00:00+00:00,96.89,97.176,93.708,94.242,232407.0
2013-06-11 21:00:00+00:00,94.242,95.347,93.278,94.032,181452.0
2013-06-12 21:00:00+00:00,94.028,94.107,91.798,93.864,214164.0
2013-06-13 21:00:00+00:00,93.86,94.333,92.326,92.513,188699.0
2013-06-16 21:00:00+00:00,92.56,93.688,92.5,92.784,120319.0
2013-06-17 21:00:00+00:00,92.788,93.822,92.683,93.349,123247.0
2013-06-18 21:00:00+00:00,93.352,94.57,92.864,93.886,151742.0
2013-06-19 21:00:00+00:00,93.888,95.122,93.465,93.657,218065.0
2013-06-20 21:00:00+00:00,93.65,94.573,92.924,93.62,177351.0
2013-06-23 21:00:00+00:00,93.434,94.018,92.18,93.072,184620.0
2013-06-24 21:00:00+00:00,93.073,93.34,92.5,93.024,163164.0
2013-06-25 21:00:00+00:00,93.027,93.442,92.802,93.338,147804.0
2013-06-26 21:00:00+00:00,93.329,94.218,93.23,93.861,126678.0
2013-06-27 21:00:00+00:00,93.864,94.59,93.856,94.227,144505.0
2013-06-30 21:00:00+00:00,94.251,95.106,94.222,94.94,104697.0
2013-07-01 21:00:00+00:00,94.939,95.671,94.436,95.442,114711.0
2013-07-02 21:00:00+00:00,95.442,95.609,94.212,95.11,140960.0
2013-07-03 21:00:00+00:00,95.109,95.481,94.547,95.13,102909.0
2013-07-04 21:00:00+00:00,95.132,95.781,94.767,95.638,130224.0
2013-07-07 21:00:00+00:00,95.669,95.992,95.312,95.63,98365.0
2013-07-08 21:00:00+00:00,95.628,96.189,95.429,96.09,105493.0
2013-07-09 21:00:00+00:00,96.09,96.145,94.882,95.259,147790.0
2013-07-10 21:00:00+00:00,95.25,95.816,94.448,95.46,209695.0
2013-07-11 21:00:00+00:00,95.46,96.029,95.119,95.421,119586.0
2013-07-14 21:00:00+00:00,95.672,96.365,95.314,95.767,84024.0
2013-07-15 21:00:00+00:00,95.766,95.883,95.308,95.554,108738.0
2013-07-16 21:00:00+00:00,95.556,96.127,95.22,95.71,118876.0
2013-07-17 21:00:00+00:00,95.712,96.898,95.6,96.746,104068.0
2013-07-18 21:00:00+00:00,96.748,97.097,96.318,97.05,116996.0
2013-07-21 21:00:00+00:00,96.906,97.081,95.916,96.448,102188.0
2013-07-22 21:00:00+00:00,96.45,97.11,95.934,96.691,102559.0
2013-07-23 21:00:00+00:00,96.723,97.662,96.5,97.202,105892.0
2013-07-24 21:00:00+00:00,97.204,97.348,96.372,96.575,115223.0
2013-07-25 21:00:00+00:00,96.584,96.662,95.28,95.605,115679.0
2013-07-28 21:00:00+00:00,95.356,95.625,95.082,95.42,100163.0
2013-07-29 21:00:00+00:00,95.42,95.811,95.003,95.126,98279.0
2013-07-30 21:00:00+00:00,95.121,95.714,94.715,95.233,138287.0
2013-07-31 21:00:00+00:00,95.234,96.324,94.98,96.202,120923.0
2013-08-01 21:00:00+00:00,96.2,96.309,95.098,95.232,120805.0
2013-08-04 21:00:00+00:00,95.204,95.361,94.63,94.878,89395.0
2013-08-05 21:00:00+00:00,94.876,95.131,93.974,94.19,96376.0
2013-08-06 21:00:00+00:00,94.192,94.274,92.391,92.418,126340.0
2013-08-07 21:00:00+00:00,92.42,93.668,92.316,93.589,120223.0
2013-08-08 21:00:00+00:00,93.601,93.862,93.009,93.514,95145.0
2013-08-11 21:00:00+00:00,93.522,94.08,93.286,94.014,83768.0
2013-08-12 21:00:00+00:00,94.015,95.092,93.988,94.94,102745.0
2013-08-13 21:00:00+00:00,94.942,95.18,94.569,94.89,88636.0
2013-08-14 21:00:00+00:00,94.89,95.268,94.201,94.471,133709.0
2013-08-15 21:00:00+00:00,94.464,94.86,94.014,94.35,96063.0
2013-08-18 21:00:00+00:00,94.388,95.01,94.248,94.295,86566.0
2013-08-19 21:00:00+00:00,94.293,94.478,93.293,93.596,110376.0
2013-08-20 21:00:00+00:00,93.592,93.818,93.22,93.26,118250.0
2013-08-21 21:00:00+00:00,93.258,94.126,93.126,93.872,110265.0
2013-08-22 21:00:00+00:00,93.872,94.121,93.546,94.058,106943.0
2013-08-25 21:00:00+00:00,93.794,94.098,93.485,93.818,68070.0
2013-08-26 21:00:00+00:00,93.819,93.834,92.38,92.63,105985.0
2013-08-27 21:00:00+00:00,92.63,93.37,92.274,93.105,103146.0
2013-08-28 21:00:00+00:00,93.104,93.783,92.924,93.367,94092.0
2013-08-29 21:00:00+00:00,93.37,93.453,92.951,93.166,96052.0
2013-09-01 21:00:00+00:00,93.478,94.357,93.282,94.183,77129.0
2013-09-02 21:00:00+00:00,94.164,94.86,94.074,94.516,106145.0
2013-09-03 21:00:00+00:00,94.514,95.136,94.36,95.028,89546.0
2013-09-04 21:00:00+00:00,95.022,95.424,94.878,95.288,99882.0
2013-09-05 21:00:00+00:00,95.288,95.749,94.76,95.232,107411.0
2013-09-08 21:00:00+00:00,95.745,96.124,95.598,96.033,84239.0
2013-09-09 21:00:00+00:00,96.035,97.124,95.933,96.994,88702.0
2013-09-10 21:00:00+00:00,97.0,97.196,96.58,96.8,89045.0
2013-09-11 21:00:00+00:00,96.8,96.936,95.904,96.418,97391.0
2013-09-12 21:00:00+00:00,96.416,96.706,95.874,95.996,84880.0
2013-09-15 21:00:00+00:00,95.593,96.118,95.512,95.959,77846.0
2013-09-16 21:00:00+00:00,95.962,96.688,95.916,96.275,70124.0
2013-09-17 21:00:00+00:00,96.275,96.417,95.662,95.818,101609.0
2013-09-18 21:00:00+00:00,95.819,97.483,95.672,96.881,112643.0
2013-09-19 21:00:00+00:00,96.881,96.932,96.358,96.411,78332.0
2013-09-22 21:00:00+00:00,96.29,96.455,95.847,96.114,62794.0
2013-09-23 21:00:00+00:00,96.114,96.465,95.518,95.862,70950.0
2013-09-24 21:00:00+00:00,95.862,95.984,95.351,95.437,73320.0
2013-09-25 21:00:00+00:00,95.44,96.082,95.248,96.01,82400.0
2013-09-26 21:00:00+00:00,96.009,96.056,95.171,95.344,75582.0
2013-09-27 21:00:00+00:00,95.334,95.378,95.285,95.34,39.0
2013-09-29 21:00:00+00:00,94.662,95.646,94.624,95.316,97248.0
2013-09-30 21:00:00+00:00,95.323,95.612,94.694,94.933,108169.0
2013-10-01 21:00:00+00:00,94.932,94.944,93.976,94.183,96044.0
2013-10-02 21:00:00+00:00,94.184,94.756,93.902,94.124,93350.0
2013-10-03 21:00:00+00:00,94.122,94.708,93.862,94.678,82237.0
2013-10-06 21:00:00+00:00,94.423,94.534,93.689,93.77,68049.0
2013-10-07 21:00:00+00:00,93.772,94.321,93.39,93.434,82976.0
2013-10-08 21:00:00+00:00,93.44,93.946,93.323,93.65,84055.0
2013-10-09 21:00:00+00:00,93.647,94.561,93.645,94.39,80522.0
2013-10-10 21:00:00+00:00,94.39,95.24,94.118,95.236,81228.0
2013-10-13 21:00:00+00:00,94.736,95.289,94.652,95.202,41882.0
2013-10-14 21:00:00+00:00,95.201,95.36,94.424,94.54,76695.0
2013-10-15 21:00:00+00:00,94.542,95.656,94.534,95.628,86510.0
2013-10-16 21:00:00+00:00,95.627,95.858,94.858,95.15,91669.0
2013-10-17 21:00:00+00:00,95.15,95.322,94.834,95.002,62455.0
2013-10-20 21:00:00+00:00,95.106,95.432,95.013,95.284,52806.0
2013-10-21 21:00:00+00:00,95.286,95.74,95.077,95.41,64611.0
2013-10-22 21:00:00+00:00,95.412,95.425,93.566,93.788,90878.0
2013-10-23 21:00:00+00:00,93.786,94.105,93.28,93.34,75451.0
2013-10-24 21:00:00+00:00,93.341,93.512,92.898,93.206,76010.0
2013-10-27 21:00:00+00:00,93.554,93.609,93.305,93.504,51037.0
2013-10-28 21:00:00+00:00,93.506,93.947,93.25,93.789,65835.0
2013-10-29 21:00:00+00:00,93.788,94.121,93.734,94.002,73327.0
2013-10-30 21:00:00+00:00,94.001,94.437,93.705,94.282,82894.0
2013-10-31 21:00:00+00:00,94.284,94.754,93.802,94.678,78993.0
2013-11-03 22:00:00+00:00,94.854,94.901,94.541,94.584,47474.0
2013-11-04 22:00:00+00:00,94.585,94.662,93.94,94.204,66372.0
2013-11-05 22:00:00+00:00,94.203,94.809,94.108,94.699,63054.0
2013-11-06 22:00:00+00:00,94.7,95.22,93.462,93.754,107006.0
2013-11-07 22:00:00+00:00,93.756,94.65,93.71,94.54,90091.0
2013-11-10 22:00:00+00:00,94.649,94.774,94.412,94.654,44810.0
2013-11-11 22:00:00+00:00,94.654,95.176,94.65,94.932,73464.0
2013-11-12 22:00:00+00:00,94.932,95.086,94.692,94.904,66959.0
2013-11-13 22:00:00+00:00,94.908,95.584,94.868,95.574,95095.0
2013-11-14 22:00:00+00:00,95.575,96.027,95.508,95.962,69717.0
2013-11-17 22:00:00+00:00,96.064,96.172,95.646,95.886,63284.0
2013-11-18 22:00:00+00:00,95.884,95.962,95.43,95.642,73123.0
2013-11-19 22:00:00+00:00,95.641,95.969,95.421,95.698,90148.0
2013-11-20 22:00:00+00:00,95.698,96.456,95.642,96.176,87648.0
2013-11-21 22:00:00+00:00,96.176,96.345,95.702,96.297,75109.0
2013-11-24 22:00:00+00:00,96.186,96.515,95.951,96.434,71720.0
2013-11-25 22:00:00+00:00,96.436,96.524,95.906,96.077,68827.0
2013-11-26 22:00:00+00:00,96.079,96.681,95.95,96.424,75104.0
2013-11-27 22:00:00+00:00,96.424,96.75,96.272,96.699,51804.0
2013-11-28 22:00:00+00:00,96.698,96.854,96.358,96.506,76793.0
2013-12-01 22:00:00+00:00,96.488,97.014,96.238,96.707,72586.0
2013-12-02 22:00:00+00:00,96.708,97.098,95.766,96.264,90238.0
2013-12-03 22:00:00+00:00,96.266,96.465,95.178,95.806,116087.0
2013-12-04 22:00:00+00:00,95.806,95.985,95.389,95.535,106095.0
2013-12-05 22:00:00+00:00,95.534,96.76,95.417,96.72,99702.0
2013-12-08 22:00:00+00:00,96.76,97.193,96.55,97.177,73127.0
2013-12-09 22:00:00+00:00,97.18,97.27,96.646,96.993,78004.0
2013-12-10 22:00:00+00:00,96.994,97.059,96.308,96.721,83182.0
2013-12-11 22:00:00+00:00,96.722,97.376,96.588,97.156,90707.0
2013-12-12 22:00:00+00:00,97.156,97.61,96.831,97.534,92419.0
2013-12-15 22:00:00+00:00,97.481,97.536,96.959,97.214,72838.0
2013-12-16 22:00:00+00:00,97.215,97.473,96.65,96.788,61520.0
2013-12-17 22:00:00+00:00,96.787,97.595,96.488,97.442,115929.0
2013-12-18 22:00:00+00:00,97.445,97.772,96.822,97.748,92637.0
2013-12-19 22:00:00+00:00,97.75,98.005,97.198,97.852,89757.0
2013-12-22 22:00:00+00:00,97.732,98.331,97.592,98.158,46396.0
2013-12-23 22:00:00+00:00,98.162,98.362,98.014,98.2,39036.0
2013-12-25 22:00:00+00:00,98.186,98.69,98.185,98.419,50006.0
2013-12-26 22:00:00+00:00,98.42,98.64,98.02,98.215,68880.0
2013-12-29 22:00:00+00:00,98.28,98.806,98.08,98.719,52615.0
2013-12-30 22:00:00+00:00,98.727,99.089,98.436,99.026,39233.0
2014-01-01 22:00:00+00:00,98.882,99.15,98.087,98.212,86283.0
2014-01-02 22:00:00+00:00,98.215,98.64,97.716,98.586,69930.0
2014-01-05 22:00:00+00:00,98.56,98.694,97.5,97.806,86702.0
2014-01-06 22:00:00+00:00,97.804,98.017,96.956,97.162,88095.0
2014-01-07 22:00:00+00:00,97.158,97.274,96.787,96.905,98613.0
2014-01-08 22:00:00+00:00,96.904,96.972,96.32,96.662,85628.0
2014-01-09 22:00:00+00:00,96.662,96.828,95.106,95.624,108030.0
2014-01-12 22:00:00+00:00,95.328,95.468,94.58,94.818,91176.0
2014-01-13 22:00:00+00:00,94.814,95.257,94.674,95.208,91498.0
2014-01-14 22:00:00+00:00,95.208,95.676,94.964,95.628,83244.0
2014-01-15 22:00:00+00:00,95.627,95.904,95.294,95.458,82506.0
2014-01-16 22:00:00+00:00,95.46,95.51,94.95,95.168,68417.0
2014-01-19 22:00:00+00:00,95.059,95.238,94.812,95.154,54532.0
2014-01-20 22:00:00+00:00,95.148,95.582,94.78,95.104,77332.0
2014-01-21 22:00:00+00:00,95.103,95.362,94.17,94.264,89116.0
2014-01-22 22:00:00+00:00,94.263,94.359,92.418,93.006,134811.0
2014-01-23 22:00:00+00:00,93.01,93.266,92.034,92.339,150464.0
2014-01-26 22:00:00+00:00,92.374,93.234,91.942,92.258,127812.0
2014-01-27 22:00:00+00:00,92.258,92.896,91.854,92.3,96049.0
2014-01-28 22:00:00+00:00,92.3,92.829,91.288,91.57,141993.0
2014-01-29 22:00:00+00:00,91.569,92.204,91.257,92.054,108559.0
2014-01-30 22:00:00+00:00,92.054,92.196,91.074,91.652,121901.0
2014-02-02 22:00:00+00:00,91.758,92.22,90.816,90.819,119096.0
2014-02-03 22:00:00+00:00,90.82,91.976,90.818,91.718,117042.0
2014-02-04 22:00:00+00:00,91.719,91.826,91.052,91.534,114386.0
2014-02-05 22:00:00+00:00,91.534,92.367,91.112,92.234,92356.0
2014-02-06 22:00:00+00:00,92.236,93.39,91.932,92.782,101307.0
2014-02-09 22:00:00+00:00,92.89,92.98,92.279,92.49,65871.0
2014-02-10 22:00:00+00:00,92.487,93.307,92.11,93.22,74175.0
2014-02-11 22:00:00+00:00,93.206,93.416,92.9,93.193,70514.0
2014-02-12 22:00:00+00:00,93.18,93.286,92.293,93.058,82682.0
2014-02-13 22:00:00+00:00,93.108,93.338,92.644,92.696,81881.0
2014-02-16 22:00:00+00:00,92.513,93.022,92.343,92.952,48425.0
2014-02-17 22:00:00+00:00,92.946,93.72,92.893,93.47,85228.0
2014-02-18 22:00:00+00:00,93.474,93.581,92.213,92.33,83408.0
2014-02-19 22:00:00+00:00,92.352,92.456,91.8,92.122,92339.0
2014-02-20 22:00:00+00:00,92.154,92.388,91.6,92.228,80849.0
2014-02-23 22:00:00+00:00,92.271,92.736,91.875,92.662,67796.0
2014-02-24 22:00:00+00:00,92.671,92.792,92.023,92.23,67337.0
2014-02-25 22:00:00+00:00,92.215,92.443,91.898,91.997,79388.0
2014-02-26 22:00:00+00:00,91.964,92.054,91.361,91.816,68908.0
2014-02-27 22:00:00+00:00,91.811,92.466,91.259,91.972,97048.0
2014-03-02 22:00:00+00:00,91.6,91.872,91.11,91.592,87210.0
2014-03-03 22:00:00+00:00,91.578,92.169,91.516,92.135,76249.0
2014-03-04 22:00:00+00:00,92.166,92.786,92.074,92.754,71299.0
2014-03-05 22:00:00+00:00,92.724,94.094,92.71,93.812,80913.0
2014-03-06 22:00:00+00:00,93.834,93.916,93.014,93.136,77446.0
2014-03-09 21:00:00+00:00,92.886,93.18,92.573,92.98,63001.0
2014-03-10 21:00:00+00:00,92.976,93.269,92.576,92.758,64755.0
2014-03-11 21:00:00+00:00,92.748,92.823,92.019,92.403,74316.0
2014-03-12 21:00:00+00:00,92.41,92.92,91.768,91.981,95726.0
2014-03-13 21:00:00+00:00,91.97,92.045,91.186,91.29,93481.0
2014-03-16 21:00:00+00:00,91.216,92.176,91.186,92.058,68556.0
2014-03-17 21:00:00+00:00,92.06,92.224,90.938,91.088,84111.0
2014-03-18 21:00:00+00:00,91.044,91.368,90.66,91.048,94206.0
2014-03-19 21:00:00+00:00,91.062,91.236,90.782,91.058,77191.0
2014-03-20 21:00:00+00:00,91.087,91.513,90.662,91.106,62597.0
2014-03-23 21:00:00+00:00,91.132,91.4,90.988,91.354,69677.0
2014-03-24 21:00:00+00:00,91.346,91.704,91.135,91.57,68148.0
2014-03-25 21:00:00+00:00,91.588,92.039,91.55,91.916,71056.0
2014-03-26 21:00:00+00:00,91.911,92.744,91.663,92.632,91108.0
2014-03-27 21:00:00+00:00,92.62,93.154,92.534,92.96,68230.0
2014-03-30 21:00:00+00:00,93.068,93.912,92.936,93.424,81757.0
2014-03-31 21:00:00+00:00,93.422,94.026,93.252,94.008,70363.0
2014-04-01 21:00:00+00:00,94.024,94.263,93.912,94.148,66939.0
2014-04-02 21:00:00+00:00,94.14,94.478,94.081,94.174,68429.0
2014-04-03 21:00:00+00:00,94.161,94.897,93.948,94.058,81773.0
2014-04-06 21:00:00+00:00,94.054,94.216,93.676,93.951,62816.0
2014-04-07 21:00:00+00:00,93.944,93.989,92.914,93.206,99008.0
2014-04-08 21:00:00+00:00,93.228,93.864,93.156,93.742,78082.0
2014-04-09 21:00:00+00:00,93.73,93.866,92.774,92.84,93291.0
2014-04-10 21:00:00+00:00,92.85,93.182,92.34,92.556,90330.0
2014-04-13 21:00:00+00:00,92.577,93.007,92.289,92.9,69057.0
2014-04-14 21:00:00+00:00,92.906,92.973,92.381,92.834,84035.0
2014-04-15 21:00:00+00:00,92.797,93.284,92.704,92.824,81205.0
2014-04-16 21:00:00+00:00,92.82,93.107,92.59,93.042,60294.0
2014-04-17 21:00:00+00:00,93.018,93.164,92.862,92.91,27945.0
2014-04-20 21:00:00+00:00,92.933,93.262,92.893,93.174,30488.0
2014-04-21 21:00:00+00:00,93.166,93.219,92.939,93.061,52750.0
2014-04-22 21:00:00+00:00,93.041,93.108,92.564,92.945,60548.0
2014-04-23 21:00:00+00:00,92.944,93.104,92.565,92.816,59818.0
2014-04-24 21:00:00+00:00,92.822,92.961,92.386,92.581,58125.0
2014-04-27 21:00:00+00:00,92.558,93.118,92.442,92.93,60968.0
2014-04-28 21:00:00+00:00,92.936,93.792,92.916,93.786,59326.0
2014-04-29 21:00:00+00:00,93.778,93.781,93.054,93.269,81504.0
2014-04-30 21:00:00+00:00,93.262,93.377,92.993,93.375,50099.0
2014-05-01 21:00:00+00:00,93.361,93.714,93.022,93.139,74654.0
2014-05-04 21:00:00+00:00,93.021,93.276,92.728,93.233,46135.0
2014-05-05 21:00:00+00:00,93.247,93.464,93.022,93.363,59191.0
2014-05-06 21:00:00+00:00,93.344,93.552,93.19,93.492,68957.0
2014-05-07 21:00:00+00:00,93.49,93.938,93.358,93.85,73863.0
2014-05-08 21:00:00+00:00,93.872,94.058,93.246,93.442,64911.0
2014-05-11 21:00:00+00:00,93.468,93.868,93.402,93.717,46211.0
2014-05-12 21:00:00+00:00,93.742,93.917,93.627,93.774,57756.0
2014-05-13 21:00:00+00:00,93.775,93.801,93.314,93.582,56143.0
2014-05-14 21:00:00+00:00,93.564,93.977,93.058,93.314,76425.0
2014-05-15 21:00:00+00:00,93.334,93.532,93.152,93.459,57634.0
2014-05-18 21:00:00+00:00,93.49,93.56,93.004,93.334,56984.0
2014-05-19 21:00:00+00:00,93.334,93.428,92.754,92.894,57207.0
2014-05-20 21:00:00+00:00,92.916,92.963,92.48,92.886,74218.0
2014-05-21 21:00:00+00:00,92.873,93.49,92.821,93.404,61592.0
2014-05-22 21:00:00+00:00,93.399,93.88,93.25,93.862,51608.0
2014-05-25 21:00:00+00:00,93.762,93.901,93.738,93.871,22671.0
2014-05-26 21:00:00+00:00,93.867,94.064,93.826,93.904,53810.0
2014-05-27 21:00:00+00:00,93.897,93.978,93.512,93.632,53923.0
2014-05-28 21:00:00+00:00,93.655,93.942,93.347,93.918,59603.0
2014-05-29 21:00:00+00:00,93.922,93.934,93.552,93.787,56769.0
2014-06-01 21:00:00+00:00,93.948,94.069,93.654,93.93,57958.0
2014-06-02 21:00:00+00:00,93.936,94.014,93.717,93.979,50042.0
2014-06-03 21:00:00+00:00,93.982,94.004,93.629,93.914,58987.0
2014-06-04 21:00:00+00:00,93.915,93.978,93.452,93.732,70840.0
2014-06-05 21:00:00+00:00,93.748,93.864,93.437,93.758,61712.0
2014-06-08 21:00:00+00:00,93.812,94.104,93.7,94.018,39154.0
2014-06-09 21:00:00+00:00,94.01,94.056,93.69,93.874,50428.0
2014-06-10 21:00:00+00:00,93.876,93.939,93.548,93.922,52145.0
2014-06-11 21:00:00+00:00,93.922,94.041,93.598,93.676,54365.0
2014-06-12 21:00:00+00:00,93.696,94.064,93.646,93.985,52387.0
2014-06-15 21:00:00+00:00,94.011,94.017,93.576,93.902,44216.0
2014-06-16 21:00:00+00:00,93.914,94.204,93.837,94.046,44913.0
2014-06-17 21:00:00+00:00,94.044,94.135,93.776,94.066,54681.0
2014-06-18 21:00:00+00:00,94.038,94.268,93.974,94.229,47199.0
2014-06-19 21:00:00+00:00,94.218,94.997,94.121,94.882,47175.0
2014-06-22 21:00:00+00:00,94.894,95.094,94.82,94.972,41355.0
2014-06-23 21:00:00+00:00,95.004,95.162,94.852,94.913,44202.0
2014-06-24 21:00:00+00:00,94.917,95.04,94.752,95.026,47614.0
2014-06-25 21:00:00+00:00,95.018,95.176,94.72,95.175,47116.0
2014-06-26 21:00:00+00:00,95.181,95.181,94.758,95.05,46308.0
2014-06-29 21:00:00+00:00,95.079,95.139,94.772,94.957,41733.0
2014-06-30 21:00:00+00:00,94.954,95.513,94.892,95.49,40475.0
2014-07-01 21:00:00+00:00,95.48,95.584,95.365,95.42,39833.0
2014-07-02 21:00:00+00:00,95.424,96.228,95.385,96.098,49751.0
2014-07-03 21:00:00+00:00,96.086,96.122,95.746,95.831,25866.0
2014-07-06 21:00:00+00:00,95.849,95.886,95.33,95.332,34272.0
2014-07-07 21:00:00+00:00,95.348,95.392,95.019,95.12,38004.0
2014-07-08 21:00:00+00:00,95.132,95.54,95.054,95.425,40244.0
2014-07-09 21:00:00+00:00,95.417,95.443,94.677,95.158,48276.0
2014-07-10 21:00:00+00:00,95.162,95.326,94.316,94.377,44248.0
2014-07-13 21:00:00+00:00,94.426,94.851,94.346,94.774,32417.0
2014-07-14 21:00:00+00:00,94.782,94.81,94.352,94.508,46917.0
2014-07-15 21:00:00+00:00,94.502,94.838,94.236,94.666,38754.0
2014-07-16 21:00:00+00:00,94.661,94.664,93.986,94.002,43173.0
2014-07-17 21:00:00+00:00,94.006,94.593,93.914,94.405,45383.0
2014-07-20 21:00:00+00:00,94.402,94.501,94.198,94.421,27564.0
2014-07-21 21:00:00+00:00,94.42,94.577,94.394,94.478,40829.0
2014-07-22 21:00:00+00:00,94.493,94.678,94.444,94.586,36364.0
2014-07-23 21:00:00+00:00,94.587,94.89,94.447,94.75,39707.0
2014-07-24 21:00:00+00:00,94.766,94.785,94.046,94.16,43378.0
2014-07-27 21:00:00+00:00,94.108,94.34,94.086,94.326,31987.0
2014-07-28 21:00:00+00:00,94.324,94.382,93.994,94.1,43776.0
2014-07-29 21:00:00+00:00,94.102,94.463,93.999,94.281,56244.0
2014-07-30 21:00:00+00:00,94.263,94.483,94.138,94.254,52148.0
2014-07-31 21:00:00+00:00,94.28,94.323,93.816,93.998,66467.0
2014-08-03 21:00:00+00:00,93.93,94.072,93.782,94.054,30617.0
2014-08-04 21:00:00+00:00,94.041,94.078,93.418,93.596,45609.0
2014-08-05 21:00:00+00:00,93.596,93.694,93.138,93.518,53489.0
2014-08-06 21:00:00+00:00,93.544,93.832,93.346,93.45,54007.0
2014-08-07 21:00:00+00:00,93.415,93.458,92.756,92.976,67565.0
2014-08-10 21:00:00+00:00,93.14,93.586,92.974,93.566,36233.0
2014-08-11 21:00:00+00:00,93.558,93.65,93.344,93.604,39328.0
2014-08-12 21:00:00+00:00,93.603,93.88,93.564,93.832,43131.0
2014-08-13 21:00:00+00:00,93.846,94.069,93.811,93.97,37999.0
2014-08-14 21:00:00+00:00,93.962,94.515,93.554,93.914,53691.0
2014-08-17 21:00:00+00:00,93.994,94.275,93.94,94.209,25997.0
2014-08-18 21:00:00+00:00,94.202,94.239,93.952,94.064,34012.0
2014-08-19 21:00:00+00:00,94.061,94.665,94.034,94.578,49272.0
2014-08-20 21:00:00+00:00,94.602,94.912,94.504,94.902,40025.0
2014-08-21 21:00:00+00:00,94.902,95.066,94.46,94.985,51881.0
2014-08-24 21:00:00+00:00,95.084,95.218,94.659,94.736,39274.0
2014-08-25 21:00:00+00:00,94.717,95.142,94.548,95.018,40091.0
2014-08-26 21:00:00+00:00,95.016,95.958,94.99,95.607,50693.0
2014-08-27 21:00:00+00:00,95.616,95.75,95.318,95.499,47786.0
2014-08-28 21:00:00+00:00,95.51,96.094,95.482,95.684,43592.0
2014-08-31 21:00:00+00:00,95.805,96.042,95.732,95.993,23414.0
2014-09-01 21:00:00+00:00,95.982,96.296,95.912,96.158,49744.0
2014-09-02 21:00:00+00:00,96.172,96.491,95.968,96.253,52836.0
2014-09-03 21:00:00+00:00,96.233,97.002,96.135,96.795,58973.0
2014-09-04 21:00:00+00:00,96.788,97.076,96.168,96.577,62060.0
2014-09-07 21:00:00+00:00,96.504,96.672,96.4,96.634,53827.0
2014-09-08 21:00:00+00:00,96.628,96.783,96.285,96.698,72909.0
2014-09-09 21:00:00+00:00,96.714,97.716,96.678,97.695,71060.0
2014-09-10 21:00:00+00:00,97.695,97.705,96.764,97.046,79936.0
2014-09-11 21:00:00+00:00,97.014,97.169,96.638,96.768,69768.0
2014-09-14 21:00:00+00:00,96.707,97.092,96.608,96.974,53364.0
2014-09-15 21:00:00+00:00,96.975,97.71,96.77,97.64,75060.0
2014-09-16 21:00:00+00:00,97.632,98.558,97.569,98.536,90510.0
2014-09-17 21:00:00+00:00,98.536,99.408,98.345,99.376,78140.0
2014-09-18 21:00:00+00:00,99.378,99.82,99.068,99.443,96784.0
2014-09-21 21:00:00+00:00,99.403,99.66,98.529,98.548,71795.0
2014-09-22 21:00:00+00:00,98.566,98.739,98.19,98.29,78456.0
2014-09-23 21:00:00+00:00,98.312,98.672,97.778,98.598,79104.0
2014-09-24 21:00:00+00:00,98.606,98.729,97.832,97.878,94269.0
2014-09-25 21:00:00+00:00,97.88,98.29,97.674,97.964,84512.0
2014-09-28 21:00:00+00:00,98.002,98.373,97.861,98.068,86749.0
2014-09-29 21:00:00+00:00,98.092,98.382,97.802,97.924,85167.0
2014-09-30 21:00:00+00:00,97.924,98.126,97.476,97.541,95307.0
2014-10-01 21:00:00+00:00,97.514,98.12,96.768,97.17,130615.0
2014-10-02 21:00:00+00:00,97.183,97.712,97.074,97.606,91451.0
2014-10-05 21:00:00+00:00,97.512,97.824,97.315,97.716,79025.0
2014-10-06 21:00:00+00:00,97.716,97.75,96.614,96.674,114253.0
2014-10-07 21:00:00+00:00,96.663,97.483,96.578,97.294,122660.0
2014-10-08 21:00:00+00:00,97.258,97.494,96.372,96.41,128714.0
2014-10-09 21:00:00+00:00,96.418,96.667,95.995,96.13,104734.0
2014-10-12 21:00:00+00:00,96.2,96.207,95.386,95.408,85836.0
2014-10-13 21:00:00+00:00,95.41,95.842,94.464,94.762,104163.0
2014-10-14 21:00:00+00:00,94.761,94.955,93.384,94.131,169262.0
2014-10-15 21:00:00+00:00,94.144,94.614,92.909,94.433,161251.0
2014-10-16 21:00:00+00:00,94.455,95.166,94.231,94.764,102279.0
2014-10-19 21:00:00+00:00,94.974,95.335,94.632,94.768,76391.0
2014-10-20 21:00:00+00:00,94.755,95.36,94.356,95.348,88030.0
2014-10-21 21:00:00+00:00,95.356,95.875,94.966,95.35,86286.0
2014-10-22 21:00:00+00:00,95.349,96.426,95.152,96.394,81198.0
2014-10-23 21:00:00+00:00,96.393,96.543,96.036,96.268,73556.0
2014-10-26 21:00:00+00:00,96.494,96.495,95.702,95.857,66476.0
2014-10-27 21:00:00+00:00,95.852,96.87,95.816,96.854,71029.0
2014-10-28 21:00:00+00:00,96.846,97.38,96.692,97.376,78793.0
2014-10-29 21:00:00+00:00,97.322,97.848,97.212,97.608,94052.0
2014-10-30 21:00:00+00:00,97.615,99.869,97.52,99.704,154589.0
2014-11-02 22:00:00+00:00,99.876,100.968,99.694,100.396,106719.0
2014-11-03 22:00:00+00:00,100.36,100.38,99.288,99.581,103520.0
2014-11-04 22:00:00+00:00,99.581,100.77,99.47,100.682,122169.0
2014-11-05 22:00:00+00:00,100.662,101.208,100.066,100.843,153073.0
2014-11-06 22:00:00+00:00,100.87,101.488,100.523,101.15,131028.0
2014-11-09 22:00:00+00:00,101.117,101.346,100.529,100.918,89570.0
2014-11-10 22:00:00+00:00,100.894,102.214,100.822,102.125,98081.0
2014-11-11 22:00:00+00:00,102.154,102.33,101.427,101.999,125011.0
2014-11-12 22:00:00+00:00,102.08,102.347,101.593,101.824,95011.0
2014-11-13 22:00:00+00:00,101.804,103.224,101.689,102.981,120033.0
2014-11-16 22:00:00+00:00,103.225,103.662,102.418,103.14,108309.0
2014-11-17 22:00:00+00:00,103.194,103.792,102.99,103.434,91271.0
2014-11-18 22:00:00+00:00,103.456,104.081,103.186,104.016,103187.0
2014-11-19 22:00:00+00:00,104.004,104.718,103.946,104.572,121559.0
2014-11-20 22:00:00+00:00,104.528,105.32,103.884,104.918,131047.0
2014-11-23 22:00:00+00:00,104.958,105.297,104.656,104.833,75761.0
2014-11-24 22:00:00+00:00,104.82,104.988,104.26,104.78,112373.0
2014-11-25 22:00:00+00:00,104.786,104.873,104.242,104.689,84243.0
2014-11-26 22:00:00+00:00,104.68,104.692,103.742,103.876,77155.0
2014-11-27 22:00:00+00:00,103.9,104.286,103.576,103.892,101847.0
2014-11-30 22:00:00+00:00,103.898,104.554,103.466,104.526,125922.0
2014-12-01 22:00:00+00:00,104.511,104.937,104.402,104.507,90838.0
2014-12-02 22:00:00+00:00,104.542,105.499,104.474,105.388,92146.0
2014-12-03 22:00:00+00:00,105.358,105.703,104.91,105.229,106470.0
2014-12-04 22:00:00+00:00,105.213,106.42,105.109,106.246,107971.0
2014-12-07 22:00:00+00:00,106.294,106.515,104.942,105.15,103406.0
2014-12-08 22:00:00+00:00,105.143,105.278,103.464,104.572,158713.0
2014-12-09 22:00:00+00:00,104.548,104.665,102.547,102.601,157918.0
2014-12-10 22:00:00+00:00,102.643,103.674,102.43,103.002,154966.0
2014-12-11 22:00:00+00:00,103.02,103.344,102.058,102.592,147167.0
2014-12-14 22:00:00+00:00,102.37,102.829,100.908,100.942,164742.0
2014-12-15 22:00:00+00:00,100.967,101.273,99.138,100.123,201241.0
2014-12-16 22:00:00+00:00,100.122,102.062,99.964,101.976,181613.0
2014-12-17 22:00:00+00:00,101.999,102.795,101.724,102.648,139739.0
2014-12-18 22:00:00+00:00,102.584,103.228,102.353,102.994,110212.0
2014-12-21 22:00:00+00:00,102.986,103.482,102.78,103.212,68984.0
2014-12-22 22:00:00+00:00,103.188,103.994,103.112,103.886,67250.0
2014-12-23 22:00:00+00:00,103.895,103.941,103.44,103.566,51643.0
2014-12-25 22:00:00+00:00,103.314,103.776,103.3,103.521,50492.0
2014-12-28 22:00:00+00:00,103.588,103.852,103.426,103.688,62661.0
2014-12-29 22:00:00+00:00,103.688,103.71,102.277,102.89,78344.0
2014-12-30 22:00:00+00:00,102.904,103.673,102.808,103.214,52718.0
2015-01-01 22:00:00+00:00,103.129,103.5,102.201,102.252,84548.0
2015-01-04 22:00:00+00:00,102.258,102.322,101.246,101.736,124884.0
2015-01-05 22:00:00+00:00,101.702,101.723,99.915,100.019,142645.0
2015-01-06 22:00:00+00:00,100.065,101.179,100.02,100.934,136180.0
2015-01-07 22:00:00+00:00,100.892,101.585,100.834,101.134,104508.0
2015-01-08 22:00:00+00:00,101.142,101.358,99.782,99.912,131204.0
2015-01-11 22:00:00+00:00,99.75,100.441,98.794,98.84,109853.0
2015-01-12 22:00:00+00:00,98.82,99.436,98.163,98.617,141662.0
2015-01-13 22:00:00+00:00,98.636,98.694,97.107,98.185,163889.0
2015-01-14 22:00:00+00:00,98.194,98.786,97.094,97.114,225756.0
2015-01-15 22:00:00+00:00,97.109,98.338,96.744,98.054,176235.0
2015-01-18 22:00:00+00:00,98.05,98.576,97.654,98.453,83402.0
2015-01-19 22:00:00+00:00,98.486,99.065,97.726,98.072,130714.0
2015-01-20 22:00:00+00:00,98.109,98.114,95.066,95.586,151285.0
2015-01-21 22:00:00+00:00,95.586,95.774,94.881,95.685,143899.0
2015-01-22 22:00:00+00:00,95.685,96.102,94.663,94.806,136121.0
2015-01-25 22:00:00+00:00,94.445,95.428,94.12,94.96,103567.0
2015-01-26 22:00:00+00:00,94.964,95.266,94.236,95.068,116155.0
2015-01-27 22:00:00+00:00,95.046,95.211,93.574,93.784,125991.0
2015-01-28 22:00:00+00:00,93.786,94.304,93.326,93.73,122028.0
2015-01-29 22:00:00+00:00,93.74,93.933,91.744,92.348,125243.0
2015-02-01 22:00:00+00:00,92.064,93.632,92.059,93.576,121521.0
2015-02-02 22:00:00+00:00,93.493,94.902,92.446,94.692,142529.0
2015-02-03 22:00:00+00:00,94.713,95.025,93.064,93.234,120848.0
2015-02-04 22:00:00+00:00,93.284,94.822,93.113,94.498,114328.0
2015-02-05 22:00:00+00:00,94.504,95.528,94.06,95.142,116863.0
2015-02-08 22:00:00+00:00,94.926,95.534,94.64,95.154,92190.0
2015-02-09 22:00:00+00:00,95.154,95.796,94.478,94.868,99690.0
2015-02-10 22:00:00+00:00,94.883,95.468,94.707,95.357,97475.0
2015-02-11 22:00:00+00:00,95.356,95.703,94.384,95.218,137183.0
2015-02-12 22:00:00+00:00,95.22,95.588,94.732,95.432,107357.0
2015-02-15 22:00:00+00:00,95.188,95.477,94.774,95.042,69043.0
2015-02-16 22:00:00+00:00,95.042,96.42,94.821,96.254,98469.0
2015-02-17 22:00:00+00:00,96.254,96.338,95.356,95.376,105521.0
2015-02-18 22:00:00+00:00,95.372,95.416,94.712,95.195,98465.0
2015-02-19 22:00:00+00:00,95.183,95.529,94.181,94.942,108263.0
2015-02-22 22:00:00+00:00,95.042,95.056,94.267,94.514,80002.0
2015-02-23 22:00:00+00:00,94.49,95.296,94.169,95.262,108762.0
2015-02-24 22:00:00+00:00,95.244,95.876,95.084,95.576,87022.0
2015-02-25 22:00:00+00:00,95.552,95.87,95.162,95.412,98820.0
2015-02-26 22:00:00+00:00,95.384,95.852,95.296,95.655,91177.0
2015-03-01 22:00:00+00:00,95.752,95.988,95.39,95.815,71620.0
2015-03-02 22:00:00+00:00,95.836,96.268,95.462,95.814,89786.0
2015-03-03 22:00:00+00:00,95.827,96.493,95.313,96.334,92950.0
2015-03-04 22:00:00+00:00,96.312,96.826,95.958,96.194,89357.0
2015-03-05 22:00:00+00:00,96.194,96.376,95.634,95.708,104433.0
2015-03-08 21:00:00+00:00,95.768,96.364,95.67,96.094,78077.0
2015-03-09 21:00:00+00:00,96.122,96.479,95.442,95.483,126762.0
2015-03-10 21:00:00+00:00,95.476,95.881,94.898,95.254,123840.0
2015-03-11 21:00:00+00:00,95.274,95.735,95.204,95.6,119176.0
2015-03-12 21:00:00+00:00,95.58,95.65,94.535,94.969,109949.0
2015-03-15 21:00:00+00:00,94.89,95.236,94.636,94.988,94519.0
2015-03-16 21:00:00+00:00,95.004,95.152,94.713,94.904,85462.0
2015-03-17 21:00:00+00:00,94.906,96.046,94.386,95.589,135570.0
2015-03-18 21:00:00+00:00,95.594,95.76,94.748,94.986,154331.0
2015-03-19 21:00:00+00:00,94.988,95.876,94.98,95.64,119441.0
2015-03-22 21:00:00+00:00,95.48,95.902,95.134,95.618,114247.0
2015-03-23 21:00:00+00:00,95.609,95.985,95.448,95.865,118178.0
2015-03-24 21:00:00+00:00,95.829,95.874,95.26,95.453,98904.0
2015-03-25 21:00:00+00:00,95.46,95.784,95.077,95.488,125508.0
2015-03-26 21:00:00+00:00,95.514,95.604,94.404,94.437,102252.0
2015-03-29 21:00:00+00:00,94.6,94.936,94.418,94.722,79618.0
2015-03-30 21:00:00+00:00,94.65,94.832,93.758,94.715,94723.0
2015-03-31 21:00:00+00:00,94.686,95.025,94.321,94.87,111120.0
2015-04-01 21:00:00+00:00,94.876,95.379,94.564,95.328,87169.0
2015-04-02 21:00:00+00:00,95.296,95.614,95.046,95.257,54239.0
2015-04-05 21:00:00+00:00,95.295,95.778,95.178,95.768,54849.0
2015-04-06 21:00:00+00:00,95.743,96.503,95.694,96.17,85030.0
2015-04-07 21:00:00+00:00,96.17,96.644,95.645,95.743,106145.0
2015-04-08 21:00:00+00:00,95.745,95.912,95.388,95.841,85424.0
2015-04-09 21:00:00+00:00,95.77,95.873,95.026,95.638,82590.0
2015-04-12 21:00:00+00:00,95.665,95.704,94.928,95.383,88184.0
2015-04-13 21:00:00+00:00,95.378,95.804,94.895,95.639,99672.0
2015-04-14 21:00:00+00:00,95.622,96.948,94.921,96.934,118245.0
2015-04-15 21:00:00+00:00,96.949,97.936,96.747,97.628,129800.0
2015-04-16 21:00:00+00:00,97.689,98.43,96.849,97.115,118850.0
2015-04-19 21:00:00+00:00,97.468,97.92,97.156,97.435,86896.0
2015-04-20 21:00:00+00:00,97.472,97.75,97.2,97.43,89043.0
2015-04-21 21:00:00+00:00,97.457,98.081,97.418,97.98,108012.0
2015-04-22 21:00:00+00:00,97.974,98.696,97.672,98.464,113940.0
2015-04-23 21:00:00+00:00,98.47,98.634,97.602,97.659,108379.0
2015-04-26 21:00:00+00:00,97.526,98.689,97.526,98.496,91876.0
2015-04-27 21:00:00+00:00,98.483,98.935,98.285,98.809,107140.0
2015-04-28 21:00:00+00:00,98.812,99.494,98.637,99.022,134763.0
2015-04-29 21:00:00+00:00,99.02,99.186,98.486,98.852,133711.0
2015-04-30 21:00:00+00:00,98.884,99.184,98.412,98.859,86274.0
2015-05-03 21:00:00+00:00,98.907,99.378,98.554,99.33,65016.0
2015-05-04 21:00:00+00:00,99.317,99.998,99.032,99.325,93886.0
2015-05-05 21:00:00+00:00,99.328,99.918,98.962,99.171,103931.0
2015-05-06 21:00:00+00:00,99.19,99.287,98.236,98.72,105687.0
2015-05-07 21:00:00+00:00,98.723,99.441,98.617,99.192,115620.0
2015-05-10 21:00:00+00:00,99.06,99.402,98.73,99.238,66932.0
2015-05-11 21:00:00+00:00,99.252,100.042,99.204,99.731,82166.0
2015-05-12 21:00:00+00:00,99.73,100.094,99.392,99.644,89081.0
2015-05-13 21:00:00+00:00,99.633,99.92,99.214,99.446,89220.0
2015-05-14 21:00:00+00:00,99.433,99.778,99.104,99.333,85910.0
2015-05-17 21:00:00+00:00,99.366,99.57,98.516,98.666,68443.0
2015-05-18 21:00:00+00:00,98.666,98.904,98.34,98.659,101657.0
2015-05-19 21:00:00+00:00,98.676,99.515,98.608,99.412,112097.0
2015-05-20 21:00:00+00:00,99.422,99.504,98.906,99.196,97946.0
2015-05-21 21:00:00+00:00,99.225,99.304,98.634,98.964,98166.0
2015-05-24 21:00:00+00:00,98.878,99.039,98.631,98.718,41306.0
2015-05-25 21:00:00+00:00,98.7,99.472,98.672,99.03,113250.0
2015-05-26 21:00:00+00:00,98.992,99.51,98.931,99.31,120420.0
2015-05-27 21:00:00+00:00,99.284,99.804,99.116,99.682,132030.0
2015-05-28 21:00:00+00:00,99.68,99.819,99.008,99.708,121544.0
2015-05-31 21:00:00+00:00,99.732,99.776,99.133,99.656,100626.0
2015-06-01 21:00:00+00:00,99.626,100.227,99.504,100.076,114713.0
2015-06-02 21:00:00+00:00,100.068,100.082,99.656,99.768,122364.0
2015-06-03 21:00:00+00:00,99.763,99.992,99.406,99.477,116720.0
2015-06-04 21:00:00+00:00,99.481,101.048,99.459,101.009,111173.0
2015-06-07 21:00:00+00:00,101.005,101.006,100.274,100.317,106323.0
2015-06-08 21:00:00+00:00,100.334,101.002,99.992,100.792,123611.0
2015-06-09 21:00:00+00:00,100.794,100.913,99.515,100.111,161076.0
2015-06-10 21:00:00+00:00,100.111,100.604,99.946,100.391,130583.0
2015-06-11 21:00:00+00:00,100.396,100.668,100.026,100.207,106739.0
2015-06-14 21:00:00+00:00,100.056,100.394,99.894,100.132,87615.0
2015-06-15 21:00:00+00:00,100.204,100.424,99.943,100.328,80623.0
2015-06-16 21:00:00+00:00,100.384,101.006,100.249,100.952,103816.0
2015-06-17 21:00:00+00:00,100.884,101.151,100.423,100.58,125735.0
2015-06-18 21:00:00+00:00,100.575,100.824,99.763,99.993,96024.0
2015-06-21 21:00:00+00:00,100.282,100.832,99.962,100.218,89676.0
2015-06-22 21:00:00+00:00,100.215,100.578,100.138,100.536,82587.0
2015-06-23 21:00:00+00:00,100.55,100.856,99.843,100.014,92756.0
2015-06-24 21:00:00+00:00,100.006,100.388,99.601,100.302,83553.0
2015-06-25 21:00:00+00:00,100.304,100.602,99.795,100.533,80709.0
2015-06-28 21:00:00+00:00,99.454,99.848,98.73,98.804,150733.0
2015-06-29 21:00:00+00:00,98.807,99.05,97.619,98.036,120392.0
2015-06-30 21:00:00+00:00,98.038,98.504,97.77,97.842,96845.0
2015-07-01 21:00:00+00:00,97.829,98.161,97.616,98.118,97685.0
2015-07-02 21:00:00+00:00,98.128,98.148,97.356,97.644,74205.0
2015-07-05 21:00:00+00:00,96.782,97.574,96.604,96.881,111273.0
2015-07-06 21:00:00+00:00,96.876,96.996,95.6,96.424,115365.0
2015-07-07 21:00:00+00:00,96.446,96.46,94.544,94.697,145685.0
2015-07-08 21:00:00+00:00,94.711,95.861,94.529,95.478,120443.0
2015-07-09 21:00:00+00:00,95.477,97.024,95.454,96.99,120712.0
2015-07-12 21:00:00+00:00,96.193,97.126,96.191,96.872,102127.0
2015-07-13 21:00:00+00:00,96.882,96.994,96.352,96.938,91927.0
2015-07-14 21:00:00+00:00,96.928,97.03,95.562,95.828,104839.0
2015-07-15 21:00:00+00:00,95.829,96.06,95.676,95.8,84017.0
2015-07-16 21:00:00+00:00,95.755,95.82,95.364,95.652,67536.0
2015-07-19 21:00:00+00:00,95.576,95.85,95.476,95.632,54876.0
2015-07-20 21:00:00+00:00,95.636,96.04,95.554,95.681,86632.0
2015-07-21 21:00:00+00:00,95.679,95.73,94.974,95.119,81861.0
2015-07-22 21:00:00+00:00,95.12,95.685,94.898,95.052,86386.0
2015-07-23 21:00:00+00:00,95.027,95.246,94.492,94.907,77382.0
2015-07-26 21:00:00+00:00,94.906,95.036,94.417,94.538,87644.0
2015-07-27 21:00:00+00:00,94.54,95.71,94.382,95.614,86818.0
2015-07-28 21:00:00+00:00,95.611,96.176,95.325,95.737,95472.0
2015-07-29 21:00:00+00:00,95.727,95.937,95.344,95.47,95158.0
2015-07-30 21:00:00+00:00,95.453,95.561,94.633,94.658,121344.0
2015-08-02 21:00:00+00:00,94.652,94.764,94.166,94.28,84385.0
2015-08-03 21:00:00+00:00,94.277,94.606,94.098,94.29,96157.0
2015-08-04 21:00:00+00:00,94.287,95.02,94.176,94.75,98519.0
2015-08-05 21:00:00+00:00,94.741,95.236,94.58,95.152,82070.0
2015-08-06 21:00:00+00:00,95.137,95.458,94.486,94.588,98671.0
2015-08-09 21:00:00+00:00,94.642,95.89,94.518,95.852,82523.0
2015-08-10 21:00:00+00:00,95.797,96.016,94.984,95.402,103473.0
2015-08-11 21:00:00+00:00,95.416,95.79,94.978,95.686,121491.0
2015-08-12 21:00:00+00:00,95.695,95.986,95.012,95.268,91167.0
2015-08-13 21:00:00+00:00,95.27,95.418,94.892,94.928,76521.0
2015-08-16 21:00:00+00:00,94.92,95.232,94.68,95.092,64342.0
2015-08-17 21:00:00+00:00,95.074,95.368,94.688,95.276,66669.0
2015-08-18 21:00:00+00:00,95.275,95.39,94.183,94.299,91733.0
2015-08-19 21:00:00+00:00,94.305,94.785,94.041,94.304,90818.0
2015-08-20 21:00:00+00:00,94.303,94.432,92.462,92.572,123608.0
2015-08-23 21:00:00+00:00,92.474,92.576,87.449,89.135,239274.0
2015-08-24 21:00:00+00:00,89.127,91.354,88.824,89.114,218980.0
2015-08-25 21:00:00+00:00,89.114,90.417,88.774,90.188,186919.0
2015-08-26 21:00:00+00:00,90.189,92.05,90.086,91.702,150992.0
2015-08-27 21:00:00+00:00,91.693,92.228,90.812,92.194,140674.0
2015-08-28 21:00:00+00:00,92.194,92.194,92.194,92.194,2.0
2015-08-30 21:00:00+00:00,92.078,92.429,90.858,92.255,116320.0
2015-08-31 21:00:00+00:00,92.254,92.312,90.028,90.032,187349.0
2015-09-01 21:00:00+00:00,90.006,91.154,89.966,90.696,165332.0
2015-09-02 21:00:00+00:00,90.706,91.467,90.214,91.1,133508.0
2015-09-03 21:00:00+00:00,91.102,91.161,89.53,89.625,140607.0
2015-09-06 21:00:00+00:00,89.686,90.162,89.448,89.635,87617.0
2015-09-07 21:00:00+00:00,89.633,90.91,89.332,90.704,114407.0
2015-09-08 21:00:00+00:00,90.704,92.072,90.692,90.892,125759.0
2015-09-09 21:00:00+00:00,90.892,91.863,90.359,91.019,165048.0
2015-09-10 21:00:00+00:00,91.059,91.438,90.588,90.908,98836.0
2015-09-13 21:00:00+00:00,90.946,91.254,90.324,90.648,91306.0
2015-09-14 21:00:00+00:00,90.634,91.044,90.108,90.868,95376.0
2015-09-15 21:00:00+00:00,90.904,91.716,90.696,91.544,88171.0
2015-09-16 21:00:00+00:00,91.537,92.042,90.886,91.04,99147.0
2015-09-17 21:00:00+00:00,91.048,91.734,90.668,90.712,138418.0
2015-09-20 21:00:00+00:00,90.786,91.442,90.592,90.956,88764.0
2015-09-21 21:00:00+00:00,90.964,91.078,90.148,90.538,88501.0
2015-09-22 21:00:00+00:00,90.545,90.919,89.933,90.296,103068.0
2015-09-23 21:00:00+00:00,90.244,90.386,89.004,90.225,126554.0
2015-09-24 21:00:00+00:00,90.261,90.941,89.924,90.429,124041.0
2015-09-27 21:00:00+00:00,90.37,90.494,89.454,89.524,98852.0
2015-09-28 21:00:00+00:00,89.52,89.816,88.886,89.213,117164.0
2015-09-29 21:00:00+00:00,89.19,90.096,89.184,90.065,98093.0
2015-09-30 21:00:00+00:00,89.972,90.617,89.912,90.369,103886.0
2015-10-01 21:00:00+00:00,90.387,91.254,89.724,91.206,116725.0
2015-10-04 21:00:00+00:00,91.232,92.146,91.035,92.06,95538.0
2015-10-05 21:00:00+00:00,92.062,92.335,91.622,92.24,91469.0
2015-10-06 21:00:00+00:00,92.234,92.554,91.731,91.922,108712.0
2015-10-07 21:00:00+00:00,91.886,92.295,91.637,92.144,97620.0
2015-10-08 21:00:00+00:00,92.154,93.262,92.084,92.893,91723.0
2015-10-11 21:00:00+00:00,92.738,93.164,92.204,92.355,56967.0
2015-10-12 21:00:00+00:00,92.35,92.498,91.493,91.84,77859.0
2015-10-13 21:00:00+00:00,91.84,92.192,91.61,91.856,97023.0
2015-10-14 21:00:00+00:00,91.853,92.61,91.472,92.409,109292.0
2015-10-15 21:00:00+00:00,92.451,92.688,92.048,92.547,80900.0
2015-10-18 21:00:00+00:00,92.51,92.597,91.656,91.787,81313.0
2015-10-19 21:00:00+00:00,91.807,92.689,91.54,92.341,74152.0
2015-10-20 21:00:00+00:00,92.32,92.54,91.252,91.27,83601.0
2015-10-21 21:00:00+00:00,91.297,92.218,91.11,92.212,92852.0
2015-10-22 21:00:00+00:00,92.201,92.6,91.65,92.248,112647.0
2015-10-25 21:00:00+00:00,92.251,92.282,91.75,92.064,78416.0
2015-10-26 21:00:00+00:00,92.054,92.06,90.652,90.784,82828.0
2015-10-27 21:00:00+00:00,90.768,92.068,90.59,91.798,97251.0
2015-10-28 21:00:00+00:00,91.763,92.176,91.17,91.952,90158.0
2015-10-29 21:00:00+00:00,91.958,92.484,91.408,92.233,114574.0
2015-11-01 22:00:00+00:00,92.033,92.288,91.926,92.22,72826.0
2015-11-02 22:00:00+00:00,92.214,92.919,91.936,92.708,73707.0
2015-11-03 22:00:00+00:00,92.696,92.979,92.151,92.433,88664.0
2015-11-04 22:00:00+00:00,92.444,92.744,92.162,92.45,87180.0
2015-11-05 22:00:00+00:00,92.47,92.776,92.199,92.548,91876.0
2015-11-08 22:00:00+00:00,92.674,93.254,92.614,92.703,71637.0
2015-11-09 22:00:00+00:00,92.744,93.038,92.654,92.776,72448.0
2015-11-10 22:00:00+00:00,92.784,92.983,92.536,92.614,68309.0
2015-11-11 22:00:00+00:00,92.628,92.974,92.13,92.25,87667.0
2015-11-12 22:00:00+00:00,92.272,92.402,91.902,92.01,80279.0
2015-11-15 22:00:00+00:00,91.889,92.522,91.791,92.398,84476.0
2015-11-16 22:00:00+00:00,92.398,92.786,92.39,92.67,78638.0
2015-11-17 22:00:00+00:00,92.676,92.954,92.36,92.948,67730.0
2015-11-18 22:00:00+00:00,92.934,93.089,92.294,92.49,83233.0
2015-11-19 22:00:00+00:00,92.477,92.56,91.966,92.016,72482.0
2015-11-22 22:00:00+00:00,92.108,92.336,91.668,91.907,75804.0
2015-11-23 22:00:00+00:00,91.912,92.155,91.632,92.084,80545.0
2015-11-24 22:00:00+00:00,92.084,92.355,91.882,92.349,90217.0
2015-11-25 22:00:00+00:00,92.323,92.35,92.028,92.212,56919.0
2015-11-26 22:00:00+00:00,92.259,92.286,91.759,91.838,66580.0
2015-11-29 22:00:00+00:00,91.912,92.627,91.688,92.14,68166.0
2015-11-30 22:00:00+00:00,92.104,92.518,91.795,91.984,89946.0
2015-12-01 22:00:00+00:00,91.958,92.696,91.918,92.374,86933.0
2015-12-02 22:00:00+00:00,92.39,92.78,91.61,91.808,133506.0
2015-12-03 22:00:00+00:00,91.812,92.396,91.532,92.134,119515.0
2015-12-06 22:00:00+00:00,92.136,92.183,91.123,91.398,75819.0
2015-12-07 22:00:00+00:00,91.387,91.396,90.134,90.491,97838.0
2015-12-08 22:00:00+00:00,90.501,90.604,89.102,89.438,116899.0
2015-12-09 22:00:00+00:00,89.464,89.93,89.082,89.23,99165.0
2015-12-10 22:00:00+00:00,89.228,89.516,87.734,87.961,117104.0
2015-12-13 22:00:00+00:00,88.302,88.544,87.461,88.132,130629.0
2015-12-14 22:00:00+00:00,88.154,88.895,87.92,88.592,108204.0
2015-12-15 22:00:00+00:00,88.596,88.764,87.969,88.686,120777.0
2015-12-16 22:00:00+00:00,88.668,88.853,87.774,87.924,107505.0
2015-12-17 22:00:00+00:00,87.925,88.509,86.696,86.809,146229.0
2015-12-20 22:00:00+00:00,86.99,87.276,86.372,86.8,83463.0
2015-12-21 22:00:00+00:00,86.812,87.056,86.565,86.976,68082.0
2015-12-22 22:00:00+00:00,86.971,87.423,86.719,87.291,57930.0
2015-12-23 22:00:00+00:00,87.308,87.335,86.717,86.834,49547.0
2015-12-27 22:00:00+00:00,86.834,87.08,86.504,86.584,51375.0
2015-12-28 22:00:00+00:00,86.598,87.146,86.388,87.018,51678.0
2015-12-29 22:00:00+00:00,87.026,87.157,86.564,86.833,51815.0
2015-12-30 22:00:00+00:00,86.862,87.022,86.474,86.902,49617.0
2016-01-03 22:00:00+00:00,86.998,87.012,85.186,85.602,121056.0
2016-01-04 22:00:00+00:00,85.62,86.115,84.838,85.066,106864.0
2016-01-05 22:00:00+00:00,85.097,85.252,83.915,84.172,131636.0
2016-01-06 22:00:00+00:00,84.167,84.423,82.912,83.356,161028.0
2016-01-07 22:00:00+00:00,83.38,84.322,82.718,82.744,154149.0
2016-01-10 22:00:00+00:00,82.742,83.896,82.28,82.836,133699.0
2016-01-11 22:00:00+00:00,82.848,83.195,82.121,82.487,140565.0
2016-01-12 22:00:00+00:00,82.484,83.421,81.86,82.044,134071.0
2016-01-13 22:00:00+00:00,82.045,82.38,81.57,82.17,151878.0
2016-01-14 22:00:00+00:00,82.188,82.451,80.154,80.504,166909.0
2016-01-17 22:00:00+00:00,79.914,81.059,79.914,80.6,102218.0
2016-01-18 22:00:00+00:00,80.59,81.812,80.49,80.687,124890.0
2016-01-19 22:00:00+00:00,80.702,80.856,78.95,80.639,184034.0
2016-01-20 22:00:00+00:00,80.639,82.7,80.123,82.502,205002.0
2016-01-21 22:00:00+00:00,82.54,84.121,82.214,84.12,149366.0
2016-01-24 22:00:00+00:00,83.89,84.114,82.768,82.773,117824.0
2016-01-25 22:00:00+00:00,82.806,84.446,82.198,83.872,133183.0
2016-01-26 22:00:00+00:00,83.879,84.784,83.427,84.196,156933.0
2016-01-27 22:00:00+00:00,84.184,85.31,83.944,84.696,153342.0
2016-01-28 22:00:00+00:00,84.668,86.952,84.383,86.678,198273.0
2016-01-31 22:00:00+00:00,86.83,87.046,85.858,86.745,117873.0
2016-02-01 22:00:00+00:00,86.778,86.806,85.352,85.356,119570.0
2016-02-02 22:00:00+00:00,85.386,86.204,84.492,85.546,199835.0
2016-02-03 22:00:00+00:00,85.57,86.214,84.763,84.904,174991.0
2016-02-04 22:00:00+00:00,84.908,85.313,83.938,83.973,144903.0
2016-02-07 22:00:00+00:00,84.044,84.72,82.584,83.176,158336.0
2016-02-08 22:00:00+00:00,83.171,83.686,81.914,83.023,220796.0
2016-02-09 22:00:00+00:00,83.012,83.214,81.272,81.362,219900.0
2016-02-10 22:00:00+00:00,81.408,81.568,79.284,80.674,257455.0
2016-02-11 22:00:00+00:00,80.663,82.05,80.303,81.766,192465.0
2016-02-14 22:00:00+00:00,81.888,82.994,81.837,82.846,96760.0
2016-02-15 22:00:00+00:00,82.816,83.509,81.705,82.288,154206.0
2016-02-16 22:00:00+00:00,82.292,83.638,81.594,83.455,146222.0
2016-02-17 22:00:00+00:00,83.45,83.589,82.29,82.5,126979.0
2016-02-18 22:00:00+00:00,82.51,82.574,81.371,81.797,127647.0
2016-02-21 22:00:00+00:00,81.719,82.79,81.544,82.38,100941.0
2016-02-22 22:00:00+00:00,82.354,82.468,81.04,81.268,130354.0
2016-02-23 22:00:00+00:00,81.296,81.93,80.362,81.852,135328.0
2016-02-24 22:00:00+00:00,81.86,83.598,81.563,83.509,141932.0
2016-02-25 22:00:00+00:00,83.486,84.354,83.143,84.352,127487.0
2016-02-28 22:00:00+00:00,84.308,84.318,83.095,83.222,125354.0
2016-02-29 22:00:00+00:00,83.208,85.257,82.8,85.022,122603.0
2016-03-01 22:00:00+00:00,85.022,85.211,84.262,84.58,111708.0
2016-03-02 22:00:00+00:00,84.559,85.222,84.426,84.82,99478.0
2016-03-03 22:00:00+00:00,84.797,85.762,84.383,85.428,110720.0
2016-03-06 22:00:00+00:00,85.456,85.654,84.847,85.416,84669.0
2016-03-07 22:00:00+00:00,85.406,85.424,83.842,83.988,99922.0
2016-03-08 22:00:00+00:00,84.002,85.63,83.652,85.552,108295.0
2016-03-09 22:00:00+00:00,85.574,86.142,84.113,84.851,160597.0
2016-03-10 22:00:00+00:00,84.809,86.225,84.541,86.165,110233.0
2016-03-13 21:00:00+00:00,86.181,86.234,85.382,85.83,73703.0
2016-03-14 21:00:00+00:00,85.813,85.85,84.17,84.744,96766.0
2016-03-15 21:00:00+00:00,84.727,85.966,84.622,85.945,105510.0
2016-03-16 21:00:00+00:00,85.948,86.238,84.993,85.856,137258.0
2016-03-17 21:00:00+00:00,85.842,86.286,85.363,85.774,104575.0
2016-03-20 21:00:00+00:00,85.748,85.752,85.081,85.453,80637.0
2016-03-21 21:00:00+00:00,85.452,86.208,84.806,86.114,104534.0
2016-03-22 21:00:00+00:00,86.067,86.298,85.006,85.105,101254.0
2016-03-23 21:00:00+00:00,85.085,85.362,84.566,85.221,88531.0
2016-03-24 21:00:00+00:00,85.215,85.59,85.132,85.24,56015.0
2016-03-27 21:00:00+00:00,85.258,86.089,85.188,86.023,55848.0
2016-03-28 21:00:00+00:00,86.038,86.504,85.86,86.215,106984.0
2016-03-29 21:00:00+00:00,86.186,87.117,85.81,86.722,113618.0
2016-03-30 21:00:00+00:00,86.708,87.461,86.3,86.578,116695.0
2016-03-31 21:00:00+00:00,86.564,86.712,85.26,85.859,126781.0
2016-04-03 21:00:00+00:00,85.626,85.772,85.056,85.066,88057.0
2016-04-04 21:00:00+00:00,85.068,85.176,83.535,84.004,122835.0
2016-04-05 21:00:00+00:00,83.988,84.276,83.449,83.87,114677.0
2016-04-06 21:00:00+00:00,83.875,84.046,81.72,82.316,138853.0
2016-04-07 21:00:00+00:00,82.317,83.778,82.196,83.196,117698.0
2016-04-10 21:00:00+00:00,83.161,83.822,82.737,83.698,120584.0
2016-04-11 21:00:00+00:00,83.7,85.145,83.554,85.034,114660.0
2016-04-12 21:00:00+00:00,85.03,85.718,84.954,85.31,116897.0
2016-04-13 21:00:00+00:00,85.302,85.432,84.779,85.151,99138.0
2016-04-14 21:00:00+00:00,85.157,85.686,84.232,84.827,88307.0
2016-04-17 21:00:00+00:00,83.503,85.138,83.115,85.126,118565.0
2016-04-18 21:00:00+00:00,85.126,86.536,85.04,86.2,114876.0
2016-04-19 21:00:00+00:00,86.19,87.027,85.502,86.802,110162.0
2016-04-20 21:00:00+00:00,86.802,86.95,85.911,85.956,110919.0
2016-04-21 21:00:00+00:00,85.957,88.268,85.935,88.236,129983.0
2016-04-24 21:00:00+00:00,88.345,88.383,87.354,87.714,103421.0
2016-04-25 21:00:00+00:00,87.75,88.448,87.302,88.313,100573.0
2016-04-26 21:00:00+00:00,88.316,88.557,87.907,88.466,113207.0
2016-04-27 21:00:00+00:00,88.469,88.802,85.666,86.116,164050.0
2016-04-28 21:00:00+00:00,86.121,86.212,84.678,84.695,135907.0
2016-05-01 21:00:00+00:00,84.591,85.238,84.591,84.925,105139.0
2016-05-02 21:00:00+00:00,84.93,84.975,83.572,83.77,114688.0
2016-05-03 21:00:00+00:00,83.798,84.43,82.998,83.15,123415.0
2016-05-04 21:00:00+00:00,83.172,83.746,83.098,83.45,94355.0
2016-05-05 21:00:00+00:00,83.447,83.542,82.254,82.982,112116.0
2016-05-08 21:00:00+00:00,82.656,83.796,82.656,83.572,100125.0
2016-05-09 21:00:00+00:00,83.568,84.66,83.479,84.639,97528.0
2016-05-10 21:00:00+00:00,84.638,84.71,83.924,84.356,97263.0
2016-05-11 21:00:00+00:00,84.391,85.46,84.178,84.858,109311.0
2016-05-12 21:00:00+00:00,84.878,84.98,83.878,83.955,108429.0
2016-05-15 21:00:00+00:00,83.909,84.594,83.712,84.546,73345.0
2016-05-16 21:00:00+00:00,84.547,85.226,84.14,84.552,94895.0
2016-05-17 21:00:00+00:00,84.546,85.04,84.116,84.546,115858.0
2016-05-18 21:00:00+00:00,84.532,84.67,83.493,83.975,109819.0
2016-05-19 21:00:00+00:00,83.975,84.336,83.844,83.982,82700.0
2016-05-22 21:00:00+00:00,84.0,84.036,83.086,83.116,79120.0
2016-05-23 21:00:00+00:00,83.105,84.014,82.906,83.802,85035.0
2016-05-24 21:00:00+00:00,83.772,84.668,83.748,84.638,90360.0
2016-05-25 21:00:00+00:00,84.655,85.176,84.026,84.574,94012.0
2016-05-26 21:00:00+00:00,84.57,84.781,83.902,84.658,83793.0
2016-05-29 21:00:00+00:00,84.753,85.306,84.655,85.153,67521.0
2016-05-30 21:00:00+00:00,85.184,85.514,84.151,84.576,94153.0
2016-05-31 21:00:00+00:00,84.55,84.86,83.299,83.757,117613.0
2016-06-01 21:00:00+00:00,83.772,83.804,82.676,83.136,110997.0
2016-06-02 21:00:00+00:00,83.103,83.374,82.244,82.345,127078.0
2016-06-05 21:00:00+00:00,82.335,84.06,82.131,83.916,116457.0
2016-06-06 21:00:00+00:00,83.908,84.438,83.65,84.312,100551.0
2016-06-07 21:00:00+00:00,84.292,84.571,83.755,84.286,105718.0
2016-06-08 21:00:00+00:00,84.286,84.36,83.441,84.209,108866.0
2016-06-09 21:00:00+00:00,84.188,84.424,83.398,83.686,110826.0
2016-06-12 21:00:00+00:00,83.518,83.611,82.622,82.774,130903.0
2016-06-13 21:00:00+00:00,82.77,82.96,82.152,82.436,124806.0
2016-06-14 21:00:00+00:00,82.436,82.876,81.784,82.103,121689.0
2016-06-15 21:00:00+00:00,82.119,82.159,79.32,80.388,171615.0
2016-06-16 21:00:00+00:00,80.405,81.271,80.405,80.796,127903.0
2016-06-19 21:00:00+00:00,81.51,81.817,81.021,81.168,106428.0
2016-06-20 21:00:00+00:00,81.167,82.058,80.916,81.731,105640.0
2016-06-21 21:00:00+00:00,81.732,82.082,81.258,81.294,97686.0
2016-06-22 21:00:00+00:00,81.318,83.478,81.213,83.236,151291.0
2016-06-23 21:00:00+00:00,83.254,83.855,76.182,78.594,375675.0
2016-06-26 21:00:00+00:00,77.852,78.664,77.472,78.028,181212.0
2016-06-27 21:00:00+00:00,78.016,78.936,77.73,78.894,126865.0
2016-06-28 21:00:00+00:00,78.872,79.496,78.37,79.482,112114.0
2016-06-29 21:00:00+00:00,79.492,79.953,78.812,79.835,130765.0
2016-06-30 21:00:00+00:00,79.843,79.884,79.14,79.426,99143.0
2016-07-03 21:00:00+00:00,79.444,79.953,79.326,79.838,65420.0
2016-07-04 21:00:00+00:00,79.834,79.842,78.1,78.386,95394.0
2016-07-05 21:00:00+00:00,78.36,78.382,77.04,78.168,139912.0
2016-07-06 21:00:00+00:00,78.151,78.45,77.308,77.52,108859.0
2016-07-07 21:00:00+00:00,77.492,77.688,76.776,77.106,118704.0
2016-07-10 21:00:00+00:00,77.13,78.62,76.994,78.376,111118.0
2016-07-11 21:00:00+00:00,78.378,80.826,78.084,80.264,135730.0
2016-07-12 21:00:00+00:00,80.27,80.744,79.454,80.508,140355.0
2016-07-13 21:00:00+00:00,80.476,82.009,80.138,81.722,150039.0
2016-07-14 21:00:00+00:00,81.712,82.521,80.729,80.818,147423.0
2016-07-17 21:00:00+00:00,81.399,82.152,80.931,82.008,100362.0
2016-07-18 21:00:00+00:00,82.004,82.098,81.222,81.502,104830.0
2016-07-19 21:00:00+00:00,81.488,82.006,81.184,81.848,91328.0
2016-07-20 21:00:00+00:00,81.828,82.284,80.658,80.852,134505.0
2016-07-21 21:00:00+00:00,80.884,81.322,80.418,80.833,106669.0
2016-07-24 21:00:00+00:00,80.86,81.221,79.974,80.044,78276.0
2016-07-25 21:00:00+00:00,80.062,80.127,78.662,79.346,106679.0
2016-07-26 21:00:00+00:00,79.365,80.778,79.344,79.925,142793.0
2016-07-27 21:00:00+00:00,79.914,80.152,79.438,80.016,100442.0
2016-07-28 21:00:00+00:00,80.024,80.26,78.134,78.283,198238.0
2016-07-31 21:00:00+00:00,78.516,78.786,77.947,78.031,84640.0
2016-08-01 21:00:00+00:00,78.049,78.276,76.784,76.955,109725.0
2016-08-02 21:00:00+00:00,76.949,77.671,76.767,77.484,96587.0
2016-08-03 21:00:00+00:00,77.462,77.82,77.31,77.75,83437.0
2016-08-04 21:00:00+00:00,77.733,77.864,76.99,77.296,77100.0
2016-08-07 21:00:00+00:00,77.395,78.132,77.262,77.869,63845.0
2016-08-08 21:00:00+00:00,77.852,77.902,77.456,77.668,60305.0
2016-08-09 21:00:00+00:00,77.652,77.868,77.398,77.572,84497.0
2016-08-10 21:00:00+00:00,77.572,78.738,77.381,78.486,66629.0
2016-08-11 21:00:00+00:00,78.469,78.788,77.908,78.204,81885.0
2016-08-14 21:00:00+00:00,78.076,78.43,77.964,78.343,64210.0
2016-08-15 21:00:00+00:00,78.356,78.372,77.62,77.983,106213.0
2016-08-16 21:00:00+00:00,77.989,78.534,77.752,78.072,99695.0
2016-08-17 21:00:00+00:00,78.052,78.495,77.59,78.148,104706.0
2016-08-18 21:00:00+00:00,78.152,78.516,77.614,77.876,85446.0
2016-08-21 21:00:00+00:00,78.154,78.218,77.34,77.488,85853.0
2016-08-22 21:00:00+00:00,77.492,77.893,77.38,77.626,79048.0
2016-08-23 21:00:00+00:00,77.63,77.838,77.424,77.702,74115.0
2016-08-24 21:00:00+00:00,77.724,77.857,77.666,77.798,59782.0
2016-08-25 21:00:00+00:00,77.803,78.414,77.762,78.304,97169.0
2016-08-28 21:00:00+00:00,78.549,78.725,78.226,78.33,74515.0
2016-08-29 21:00:00+00:00,78.33,78.874,78.201,78.606,75811.0
2016-08-30 21:00:00+00:00,78.611,78.95,78.588,78.924,79170.0
2016-08-31 21:00:00+00:00,78.917,79.21,78.614,78.789,82651.0
2016-09-01 21:00:00+00:00,78.79,80.154,78.77,80.04,109754.0
2016-09-04 21:00:00+00:00,80.124,80.158,79.699,80.004,77640.0
2016-09-05 21:00:00+00:00,79.996,80.312,79.352,79.429,98653.0
2016-09-06 21:00:00+00:00,79.425,79.486,78.651,78.958,94303.0
2016-09-07 21:00:00+00:00,78.954,79.396,78.596,79.21,95584.0
2016-09-08 21:00:00+00:00,79.202,79.474,78.656,78.712,96722.0
2016-09-11 21:00:00+00:00,78.578,78.714,77.632,78.099,106263.0
2016-09-12 21:00:00+00:00,78.09,78.218,77.52,77.833,113905.0
2016-09-13 21:00:00+00:00,77.872,78.64,77.481,77.627,103905.0
2016-09-14 21:00:00+00:00,77.634,77.978,77.172,77.61,108896.0
2016-09-15 21:00:00+00:00,77.579,77.685,77.049,77.401,94894.0
2016-09-18 21:00:00+00:00,77.25,77.662,76.984,77.193,70912.0
2016-09-19 21:00:00+00:00,77.187,77.304,76.786,77.112,77731.0
2016-09-20 21:00:00+00:00,77.11,77.887,76.16,76.576,168401.0
2016-09-21 21:00:00+00:00,76.58,77.526,76.549,77.259,88203.0
2016-09-22 21:00:00+00:00,77.232,77.492,76.642,76.705,91887.0
2016-09-25 21:00:00+00:00,76.771,76.812,75.706,75.854,79004.0
2016-09-26 21:00:00+00:00,75.843,76.693,75.412,76.098,105629.0
2016-09-27 21:00:00+00:00,76.075,77.002,75.867,76.98,105451.0
2016-09-28 21:00:00+00:00,76.972,77.846,76.498,76.849,127412.0
2016-09-29 21:00:00+00:00,76.86,77.422,76.37,77.197,118920.0
2016-10-02 21:00:00+00:00,77.172,77.584,77.106,77.474,85660.0
2016-10-03 21:00:00+00:00,77.476,78.184,77.424,78.008,108511.0
2016-10-04 21:00:00+00:00,78.012,78.746,77.831,78.551,84798.0
2016-10-05 21:00:00+00:00,78.556,78.882,78.374,78.64,82574.0
2016-10-06 21:00:00+00:00,78.676,78.713,77.388,77.402,131705.0
2016-10-09 21:00:00+00:00,78.007,78.954,77.568,78.642,73272.0
2016-10-10 21:00:00+00:00,78.654,78.929,77.76,78.036,119970.0
2016-10-11 21:00:00+00:00,78.053,78.902,78.053,78.492,109955.0
2016-10-12 21:00:00+00:00,78.561,78.748,77.968,78.609,118278.0
2016-10-13 21:00:00+00:00,78.593,79.44,78.506,79.284,114004.0
2016-10-16 21:00:00+00:00,79.477,79.489,78.922,79.125,86355.0
2016-10-17 21:00:00+00:00,79.14,79.662,79.057,79.23,74857.0
2016-10-18 21:00:00+00:00,79.214,79.416,78.62,78.882,83444.0
2016-10-19 21:00:00+00:00,78.884,78.95,78.444,78.577,80637.0
2016-10-20 21:00:00+00:00,78.58,78.752,77.609,77.854,73766.0
2016-10-23 21:00:00+00:00,77.912,78.426,77.776,78.408,68693.0
2016-10-24 21:00:00+00:00,78.395,78.652,77.986,78.066,92064.0
2016-10-25 21:00:00+00:00,78.068,78.396,77.848,78.084,91042.0
2016-10-26 21:00:00+00:00,78.085,78.728,77.893,78.654,86469.0
2016-10-27 21:00:00+00:00,78.658,78.968,77.879,78.17,115693.0
2016-10-30 21:00:00+00:00,77.782,78.536,77.782,78.169,80732.0
2016-10-31 21:00:00+00:00,78.175,78.545,77.534,77.794,103676.0
2016-11-01 21:00:00+00:00,77.786,77.8,76.913,77.134,118641.0
2016-11-02 21:00:00+00:00,77.135,77.242,76.638,76.871,101966.0
2016-11-03 21:00:00+00:00,76.886,77.09,76.535,76.935,102866.0
2016-11-06 22:00:00+00:00,78.026,78.265,77.584,78.178,93690.0
2016-11-07 22:00:00+00:00,78.162,79.154,77.906,79.146,86758.0
2016-11-08 22:00:00+00:00,79.146,79.471,74.826,78.705,396487.0
2016-11-09 22:00:00+00:00,78.732,79.602,78.3,79.312,210384.0
2016-11-10 22:00:00+00:00,79.294,79.419,78.469,78.78,182995.0
2016-11-13 22:00:00+00:00,79.162,80.049,78.932,79.956,165397.0
2016-11-14 22:00:00+00:00,79.958,81.252,79.67,81.206,149209.0
2016-11-15 22:00:00+00:00,81.196,81.636,80.984,81.118,136889.0
2016-11-16 22:00:00+00:00,81.122,81.687,80.818,81.442,140725.0
2016-11-17 22:00:00+00:00,81.474,82.142,81.238,82.11,152728.0
2016-11-20 22:00:00+00:00,82.175,82.883,82.046,82.59,148110.0
2016-11-21 22:00:00+00:00,82.552,82.98,82.268,82.701,133307.0
2016-11-22 22:00:00+00:00,82.694,83.746,82.526,83.438,115778.0
2016-11-23 22:00:00+00:00,83.424,84.093,83.208,84.006,96326.0
2016-11-24 22:00:00+00:00,84.004,84.366,83.418,83.715,129016.0
2016-11-27 22:00:00+00:00,83.573,84.064,82.722,83.455,147757.0
2016-11-28 22:00:00+00:00,83.5,84.244,83.266,83.674,127968.0
2016-11-29 22:00:00+00:00,83.668,85.255,83.466,85.18,168573.0
2016-11-30 22:00:00+00:00,85.173,86.022,85.036,85.655,153319.0
2016-12-01 22:00:00+00:00,85.687,85.831,85.34,85.417,130651.0
2016-12-04 22:00:00+00:00,85.252,86.462,84.616,85.776,154968.0
2016-12-05 22:00:00+00:00,85.794,86.118,85.541,85.87,98480.0
2016-12-06 22:00:00+00:00,85.868,86.142,85.612,85.954,91737.0
2016-12-07 22:00:00+00:00,85.99,86.534,85.632,86.451,127801.0
2016-12-08 22:00:00+00:00,86.442,87.596,86.376,87.501,105045.0
2016-12-11 22:00:00+00:00,87.824,88.478,87.43,87.599,123682.0
2016-12-12 22:00:00+00:00,87.611,88.01,87.404,87.73,108677.0
2016-12-13 22:00:00+00:00,87.72,88.354,87.462,88.11,140453.0
2016-12-14 22:00:00+00:00,88.098,88.923,88.082,88.62,181304.0
2016-12-15 22:00:00+00:00,88.626,88.784,88.036,88.418,130095.0
2016-12-18 22:00:00+00:00,88.432,88.461,86.97,87.322,110189.0
2016-12-19 22:00:00+00:00,87.342,88.278,87.282,88.162,101724.0
2016-12-20 22:00:00+00:00,88.16,88.246,87.58,87.642,86157.0
2016-12-21 22:00:00+00:00,87.638,87.668,86.898,87.178,79691.0
2016-12-22 22:00:00+00:00,87.162,87.212,86.463,86.642,55805.0
2016-12-26 22:00:00+00:00,86.619,86.866,86.486,86.498,47230.0
2016-12-27 22:00:00+00:00,86.499,86.814,86.398,86.476,65166.0
2016-12-28 22:00:00+00:00,86.421,86.477,85.97,86.322,96369.0
2016-12-29 22:00:00+00:00,86.321,87.147,86.1,87.054,138382.0
2017-01-02 22:00:00+00:00,87.218,88.25,87.158,87.69,106703.0
2017-01-03 22:00:00+00:00,87.684,88.432,87.588,88.145,130002.0
2017-01-04 22:00:00+00:00,88.154,88.232,87.132,87.246,180017.0
2017-01-05 22:00:00+00:00,87.222,88.53,87.017,88.376,150938.0
2017-01-08 22:00:00+00:00,88.327,88.658,87.696,87.816,115875.0
2017-01-09 22:00:00+00:00,87.658,87.875,87.244,87.498,133434.0
2017-01-10 22:00:00+00:00,87.504,88.21,86.995,87.586,192754.0
2017-01-11 22:00:00+00:00,87.548,87.646,86.59,87.276,187511.0
2017-01-12 22:00:00+00:00,87.272,87.754,87.018,87.303,163148.0
2017-01-15 22:00:00+00:00,87.024,87.164,86.54,86.666,109928.0
2017-01-16 22:00:00+00:00,86.662,86.964,86.253,86.354,193151.0
2017-01-17 22:00:00+00:00,86.349,86.847,85.686,86.376,173794.0
2017-01-18 22:00:00+00:00,86.39,86.776,86.12,86.24,178513.0
2017-01-19 22:00:00+00:00,86.242,86.396,85.819,86.027,191697.0
2017-01-22 22:00:00+00:00,86.027,86.027,84.807,85.134,165823.0
2017-01-23 22:00:00+00:00,85.108,86.614,85.028,86.478,146271.0
2017-01-24 22:00:00+00:00,86.453,87.103,86.316,86.672,137533.0
2017-01-25 22:00:00+00:00,86.642,87.6,86.58,87.463,131849.0
2017-01-26 22:00:00+00:00,87.479,87.974,87.389,87.513,122351.0
2017-01-29 22:00:00+00:00,87.348,87.522,86.567,86.736,126129.0
2017-01-30 22:00:00+00:00,86.728,86.955,86.123,86.564,174545.0
2017-01-31 22:00:00+00:00,86.564,87.131,86.348,86.79,147739.0
2017-02-01 22:00:00+00:00,86.77,86.924,86.208,86.598,143442.0
2017-02-02 22:00:00+00:00,86.6,86.908,86.361,86.444,139728.0
2017-02-05 22:00:00+00:00,86.333,86.57,85.175,85.406,120949.0
2017-02-06 22:00:00+00:00,85.416,85.522,84.906,85.239,109117.0
2017-02-07 22:00:00+00:00,85.248,85.412,84.868,85.152,110848.0
2017-02-08 22:00:00+00:00,85.158,86.286,85.025,86.146,115342.0
2017-02-09 22:00:00+00:00,86.146,86.942,86.144,86.536,120716.0
2017-02-12 22:00:00+00:00,86.766,87.164,86.684,87.016,96406.0
2017-02-13 22:00:00+00:00,87.009,87.525,86.798,87.406,113336.0
2017-02-14 22:00:00+00:00,87.384,87.734,87.106,87.252,111117.0
2017-02-15 22:00:00+00:00,87.262,87.44,86.514,86.64,117946.0
2017-02-16 22:00:00+00:00,86.642,86.876,85.916,86.156,101303.0
2017-02-19 22:00:00+00:00,86.168,86.537,86.144,86.297,59551.0
2017-02-20 22:00:00+00:00,86.308,86.581,86.222,86.502,86334.0
2017-02-21 22:00:00+00:00,86.502,86.608,85.486,86.078,101717.0
2017-02-22 22:00:00+00:00,86.104,86.266,85.87,85.94,90188.0
2017-02-23 22:00:00+00:00,85.946,86.182,85.429,85.655,91798.0
2017-02-26 22:00:00+00:00,85.619,85.799,85.358,85.502,99362.0
2017-02-27 22:00:00+00:00,85.508,85.56,84.192,84.802,118429.0
2017-02-28 22:00:00+00:00,84.796,85.671,84.766,85.354,150149.0
2017-03-01 22:00:00+00:00,85.315,85.651,85.273,85.444,103047.0
2017-03-02 22:00:00+00:00,85.437,85.468,85.098,85.246,107358.0
2017-03-05 22:00:00+00:00,85.142,85.304,84.81,84.93,76627.0
2017-03-06 22:00:00+00:00,84.932,85.138,84.889,84.984,70252.0
2017-03-07 22:00:00+00:00,84.98,85.222,84.694,84.778,90513.0
2017-03-08 22:00:00+00:00,84.743,85.136,84.654,85.085,110006.0
2017-03-09 22:00:00+00:00,85.088,85.905,85.05,85.247,119340.0
2017-03-12 21:00:00+00:00,85.286,85.45,85.126,85.438,78939.0
2017-03-13 21:00:00+00:00,85.442,85.576,84.904,85.128,81948.0
2017-03-14 21:00:00+00:00,85.137,85.412,84.788,85.222,113893.0
2017-03-15 21:00:00+00:00,85.212,85.382,84.79,85.08,109350.0
2017-03-16 21:00:00+00:00,85.07,85.211,84.164,84.41,82504.0
2017-03-19 21:00:00+00:00,84.446,84.627,84.233,84.296,67358.0
2017-03-20 21:00:00+00:00,84.3,84.796,83.565,83.672,112184.0
2017-03-21 21:00:00+00:00,83.656,83.72,82.648,83.397,123614.0
2017-03-22 21:00:00+00:00,83.39,83.722,82.933,83.084,123644.0
2017-03-23 21:00:00+00:00,83.085,83.414,82.696,83.228,102627.0
2017-03-26 21:00:00+00:00,83.018,83.154,82.25,82.73,106865.0
2017-03-27 21:00:00+00:00,82.73,83.13,82.306,83.045,85719.0
2017-03-28 21:00:00+00:00,83.054,83.353,82.76,83.322,88260.0
2017-03-29 21:00:00+00:00,83.308,83.934,83.208,83.899,92826.0
2017-03-30 21:00:00+00:00,83.882,84.206,83.516,83.647,101934.0
2017-04-02 21:00:00+00:00,83.699,83.774,82.765,82.868,84333.0
2017-04-03 21:00:00+00:00,82.879,82.912,82.018,82.626,87780.0
2017-04-04 21:00:00+00:00,82.634,83.187,82.35,82.394,94668.0
2017-04-05 21:00:00+00:00,82.412,82.882,82.088,82.614,91834.0
2017-04-06 21:00:00+00:00,82.604,83.062,82.109,82.848,138272.0
2017-04-09 21:00:00+00:00,82.862,83.378,82.83,83.248,79487.0
2017-04-10 21:00:00+00:00,83.246,83.25,82.124,82.261,96121.0
2017-04-11 21:00:00+00:00,82.259,82.695,82.02,82.28,120477.0
2017-04-12 21:00:00+00:00,82.313,82.636,81.79,81.847,95105.0
2017-04-13 21:00:00+00:00,81.892,81.98,81.46,81.512,59151.0
2017-04-16 21:00:00+00:00,81.657,81.895,81.268,81.785,62837.0
2017-04-17 21:00:00+00:00,81.771,81.959,80.929,81.032,96746.0
2017-04-18 21:00:00+00:00,81.028,81.236,80.586,80.727,73441.0
2017-04-19 21:00:00+00:00,80.743,81.239,80.692,81.157,77068.0
2017-04-20 21:00:00+00:00,81.162,81.249,80.576,80.841,73236.0
2017-04-23 21:00:00+00:00,82.118,82.214,81.168,81.296,99971.0
2017-04-24 21:00:00+00:00,81.29,81.944,80.872,81.872,84432.0
2017-04-25 21:00:00+00:00,81.85,82.398,81.416,81.532,112021.0
2017-04-26 21:00:00+00:00,81.564,82.214,81.284,81.61,100085.0
2017-04-27 21:00:00+00:00,81.617,81.874,81.364,81.688,83198.0
2017-04-30 21:00:00+00:00,81.471,81.956,81.471,81.76,55450.0
2017-05-01 21:00:00+00:00,81.766,82.25,81.492,81.702,68545.0
2017-05-02 21:00:00+00:00,81.692,82.235,81.6,82.128,74053.0
2017-05-03 21:00:00+00:00,82.161,82.462,81.564,81.796,94513.0
2017-05-04 21:00:00+00:00,81.788,82.684,81.312,82.575,106590.0
2017-05-07 21:00:00+00:00,82.712,82.752,82.086,82.72,90643.0
2017-05-08 21:00:00+00:00,82.724,83.318,82.622,83.081,88190.0
2017-05-09 21:00:00+00:00,83.07,83.744,82.908,83.689,92742.0
2017-05-10 21:00:00+00:00,83.691,83.709,82.582,83.136,91526.0
2017-05-11 21:00:00+00:00,83.121,83.147,82.478,82.664,79816.0
2017-05-14 21:00:00+00:00,82.626,83.468,82.541,83.468,84943.0
2017-05-15 21:00:00+00:00,83.472,83.528,83.014,83.139,87411.0
2017-05-16 21:00:00+00:00,83.13,83.156,81.336,81.475,131436.0
2017-05-17 21:00:00+00:00,81.47,81.984,80.658,81.958,175486.0
2017-05-18 21:00:00+00:00,81.974,82.452,81.678,82.339,114782.0
2017-05-21 21:00:00+00:00,82.137,82.572,82.124,82.433,81878.0
2017-05-22 21:00:00+00:00,82.45,82.842,82.168,82.732,107118.0
2017-05-23 21:00:00+00:00,82.715,83.414,82.584,83.164,106197.0
2017-05-24 21:00:00+00:00,83.158,83.486,82.857,82.938,97002.0
2017-05-25 21:00:00+00:00,82.912,82.96,82.382,82.789,88885.0
2017-05-28 21:00:00+00:00,82.718,82.882,82.632,82.699,51855.0
2017-05-29 21:00:00+00:00,82.687,82.734,82.199,82.356,76707.0
2017-05-30 21:00:00+00:00,82.354,82.625,81.762,82.051,92111.0
2017-05-31 21:00:00+00:00,82.05,82.608,82.034,82.402,87730.0
2017-06-01 21:00:00+00:00,82.365,82.7,81.625,81.893,93112.0
2017-06-04 21:00:00+00:00,81.799,82.125,81.736,81.994,64569.0
2017-06-05 21:00:00+00:00,81.996,82.024,81.084,81.32,89130.0
2017-06-06 21:00:00+00:00,81.325,81.592,80.873,81.299,79683.0
2017-06-07 21:00:00+00:00,81.29,81.78,80.974,81.459,94569.0
2017-06-08 21:00:00+00:00,81.458,82.447,81.125,81.914,103850.0
2017-06-11 21:00:00+00:00,81.964,82.528,81.414,82.519,82174.0
2017-06-12 21:00:00+00:00,82.513,83.314,82.434,83.122,75328.0
2017-06-13 21:00:00+00:00,83.126,83.633,82.392,82.718,138499.0
2017-06-14 21:00:00+00:00,82.738,83.642,82.522,83.616,105272.0
2017-06-15 21:00:00+00:00,83.614,84.243,83.494,83.908,87652.0
2017-06-18 21:00:00+00:00,83.929,84.437,83.788,84.371,74480.0
2017-06-19 21:00:00+00:00,84.383,84.554,83.838,84.008,77964.0
2017-06-20 21:00:00+00:00,84.011,84.104,83.422,83.538,87348.0
2017-06-21 21:00:00+00:00,83.537,84.326,83.208,84.132,84295.0
2017-06-22 21:00:00+00:00,84.142,84.247,83.604,83.872,69978.0
2017-06-25 21:00:00+00:00,83.842,84.49,83.784,84.464,70651.0
2017-06-26 21:00:00+00:00,84.466,85.348,84.226,85.117,99717.0
2017-06-27 21:00:00+00:00,85.124,86.332,85.018,86.123,134709.0
2017-06-28 21:00:00+00:00,86.094,86.734,85.855,86.257,118932.0
2017-06-29 21:00:00+00:00,86.256,86.869,86.078,86.698,119492.0
2017-07-02 21:00:00+00:00,86.432,87.26,86.43,87.164,76511.0
2017-07-03 21:00:00+00:00,87.17,87.652,86.792,87.569,88626.0
2017-07-04 21:00:00+00:00,87.584,87.766,86.936,87.414,103357.0
2017-07-05 21:00:00+00:00,87.423,87.688,87.031,87.249,99733.0
2017-07-06 21:00:00+00:00,87.224,88.71,87.144,88.465,109441.0
2017-07-09 21:00:00+00:00,88.393,88.722,88.24,88.474,82837.0
2017-07-10 21:00:00+00:00,88.482,88.839,88.02,88.224,95038.0
2017-07-11 21:00:00+00:00,88.222,89.336,87.42,88.758,133662.0
2017-07-12 21:00:00+00:00,88.764,89.104,88.59,89.053,106572.0
2017-07-13 21:00:00+00:00,89.035,89.198,88.246,88.996,100837.0
2017-07-16 21:00:00+00:00,88.921,89.258,88.69,88.708,87627.0
2017-07-17 21:00:00+00:00,88.7,89.044,88.286,88.743,123091.0
2017-07-18 21:00:00+00:00,88.762,88.902,88.516,88.819,93493.0
2017-07-19 21:00:00+00:00,88.787,89.22,88.492,88.88,135500.0
2017-07-20 21:00:00+00:00,88.925,89.015,88.448,88.638,110931.0
2017-07-23 21:00:00+00:00,88.606,88.925,88.174,88.808,98022.0
2017-07-24 21:00:00+00:00,88.82,89.528,88.658,89.456,111340.0
2017-07-25 21:00:00+00:00,89.464,89.728,89.127,89.331,126301.0
2017-07-26 21:00:00+00:00,89.329,89.582,88.343,88.614,153761.0
2017-07-27 21:00:00+00:00,88.625,89.384,88.335,89.026,141034.0
2017-07-30 21:00:00+00:00,88.923,88.998,88.167,88.352,114738.0
2017-07-31 21:00:00+00:00,88.376,88.649,87.876,88.029,126640.0
2017-08-01 21:00:00+00:00,87.98,88.302,87.72,88.098,123773.0
2017-08-02 21:00:00+00:00,88.05,88.16,87.363,87.441,121151.0
2017-08-03 21:00:00+00:00,87.454,88.026,87.372,87.488,116533.0
2017-08-06 21:00:00+00:00,87.491,87.717,87.197,87.346,85046.0
2017-08-07 21:00:00+00:00,87.38,87.502,86.89,87.092,93394.0
2017-08-08 21:00:00+00:00,87.107,87.146,86.342,86.674,116339.0
2017-08-09 21:00:00+00:00,86.671,86.772,85.674,85.698,114756.0
2017-08-10 21:00:00+00:00,85.7,86.272,85.474,86.126,114232.0
2017-08-13 21:00:00+00:00,86.153,86.48,86.042,86.172,87146.0
2017-08-14 21:00:00+00:00,86.183,86.872,86.149,86.752,99146.0
2017-08-15 21:00:00+00:00,86.732,87.351,86.672,87.328,101821.0
2017-08-16 21:00:00+00:00,87.34,87.393,86.36,86.402,128336.0
2017-08-17 21:00:00+00:00,86.394,87.27,86.059,86.777,141156.0
2017-08-20 21:00:00+00:00,87.004,87.004,86.33,86.783,91669.0
2017-08-21 21:00:00+00:00,86.76,87.374,86.686,87.218,85551.0
2017-08-22 21:00:00+00:00,87.214,87.355,86.567,86.868,95425.0
2017-08-23 21:00:00+00:00,86.884,87.558,86.748,87.509,84924.0
2017-08-24 21:00:00+00:00,87.509,87.758,87.326,87.616,109374.0
2017-08-27 21:00:00+00:00,87.508,87.863,87.274,87.358,67176.0
2017-08-28 21:00:00+00:00,87.35,87.729,86.445,87.722,152623.0
2017-08-29 21:00:00+00:00,87.658,87.942,87.198,87.348,97511.0
2017-08-30 21:00:00+00:00,87.358,88.158,87.316,88.104,116178.0
2017-08-31 21:00:00+00:00,88.094,89.084,88.042,88.946,115707.0
2017-09-03 21:00:00+00:00,88.156,88.782,88.142,88.377,74907.0
2017-09-04 21:00:00+00:00,88.382,88.476,87.702,87.942,108723.0
2017-09-05 21:00:00+00:00,87.93,89.864,87.553,89.338,129343.0
2017-09-06 21:00:00+00:00,89.33,89.644,89.002,89.512,131067.0
2017-09-07 21:00:00+00:00,89.505,89.665,88.57,88.694,146892.0
2017-09-10 21:00:00+00:00,88.983,90.374,88.938,90.342,100055.0
2017-09-11 21:00:00+00:00,90.306,90.669,90.216,90.408,105187.0
2017-09-12 21:00:00+00:00,90.425,90.824,90.39,90.758,98364.0
2017-09-13 21:00:00+00:00,90.766,91.012,90.405,90.628,123883.0
2017-09-14 21:00:00+00:00,90.636,91.641,90.01,90.837,127371.0
2017-09-17 21:00:00+00:00,91.11,91.494,90.418,90.75,96722.0
2017-09-18 21:00:00+00:00,90.75,91.063,90.487,90.785,117545.0
2017-09-19 21:00:00+00:00,90.782,91.363,90.647,91.044,132824.0
2017-09-20 21:00:00+00:00,91.06,91.283,90.776,91.247,119519.0
2017-09-21 21:00:00+00:00,91.246,91.458,90.674,90.766,115208.0
2017-09-24 21:00:00+00:00,90.922,91.205,90.152,90.316,110815.0
2017-09-25 21:00:00+00:00,90.286,90.988,90.07,90.924,116877.0
2017-09-26 21:00:00+00:00,90.898,91.465,90.329,90.428,153318.0
2017-09-27 21:00:00+00:00,90.436,90.574,90.19,90.4,137095.0
2017-09-28 21:00:00+00:00,90.362,90.649,89.842,90.22,121091.0
2017-10-01 21:00:00+00:00,90.208,90.414,89.993,90.147,96771.0
2017-10-02 21:00:00+00:00,90.14,90.477,90.028,90.38,96962.0
2017-10-03 21:00:00+00:00,90.358,90.466,90.15,90.372,94973.0
2017-10-04 21:00:00+00:00,90.374,90.456,89.62,89.79,94979.0
2017-10-05 21:00:00+00:00,89.782,90.295,89.662,89.886,116369.0
2017-10-06 21:00:00+00:00,89.886,89.886,89.886,89.886,1.0
2017-10-08 21:00:00+00:00,89.842,89.902,89.616,89.779,52010.0
2017-10-09 21:00:00+00:00,89.773,90.03,89.635,89.852,92722.0
2017-10-10 21:00:00+00:00,89.848,90.308,89.592,90.292,92629.0
2017-10-11 21:00:00+00:00,90.29,90.352,89.926,90.006,93744.0
2017-10-12 21:00:00+00:00,89.986,90.026,89.378,89.696,97419.0
2017-10-15 21:00:00+00:00,89.585,89.787,89.003,89.622,84907.0
2017-10-16 21:00:00+00:00,89.629,89.703,89.208,89.602,91229.0
2017-10-17 21:00:00+00:00,89.594,90.639,89.567,90.594,103659.0
2017-10-18 21:00:00+00:00,90.576,90.779,90.034,90.138,121163.0
2017-10-19 21:00:00+00:00,90.13,90.765,89.794,89.9,114722.0
2017-10-20 21:00:00+00:00,89.9,89.9,89.9,89.9,1.0
2017-10-22 21:00:00+00:00,90.218,90.292,89.568,89.689,89568.0
2017-10-23 21:00:00+00:00,89.694,90.131,89.576,89.871,100837.0
2017-10-24 21:00:00+00:00,89.882,90.122,88.596,88.885,136234.0
2017-10-25 21:00:00+00:00,88.908,89.028,88.537,88.73,121734.0
2017-10-26 21:00:00+00:00,88.734,88.83,88.206,88.752,125611.0
2017-10-29 21:00:00+00:00,88.71,88.723,88.058,88.187,82842.0
2017-10-30 21:00:00+00:00,88.204,88.284,87.789,88.166,89708.0
2017-10-31 21:00:00+00:00,88.172,88.78,88.106,88.756,100370.0
2017-11-01 21:00:00+00:00,88.77,89.106,88.594,89.068,105489.0
2017-11-02 21:00:00+00:00,89.061,89.62,88.774,89.37,87639.0
2017-11-05 22:00:00+00:00,89.321,89.808,89.261,89.502,80118.0
2017-11-06 22:00:00+00:00,89.496,89.732,88.981,89.213,88889.0
2017-11-07 22:00:00+00:00,89.21,89.516,89.036,89.474,82043.0
2017-11-08 22:00:00+00:00,89.471,89.614,89.086,89.458,119009.0
2017-11-09 22:00:00+00:00,89.478,89.638,89.242,89.485,89983.0
2017-11-12 22:00:00+00:00,89.454,89.616,89.076,89.244,74360.0
2017-11-13 22:00:00+00:00,89.242,89.374,88.779,89.114,93779.0
2017-11-14 22:00:00+00:00,89.105,89.112,88.055,88.434,124031.0
2017-11-15 22:00:00+00:00,88.436,88.8,88.298,88.622,92976.0
2017-11-16 22:00:00+00:00,88.61,88.711,87.512,87.827,115705.0
2017-11-19 22:00:00+00:00,87.827,88.052,87.46,87.851,96167.0
2017-11-20 22:00:00+00:00,87.854,88.168,87.646,87.999,89318.0
2017-11-21 22:00:00+00:00,87.981,88.022,87.483,87.597,96571.0
2017-11-22 22:00:00+00:00,87.598,87.766,87.405,87.464,68433.0
2017-11-23 22:00:00+00:00,87.464,87.908,87.405,87.765,82280.0
2017-11-26 22:00:00+00:00,87.77,87.86,86.954,87.016,87635.0
2017-11-27 22:00:00+00:00,87.058,87.24,86.762,86.988,95383.0
2017-11-28 22:00:00+00:00,86.952,87.228,86.794,87.004,108220.0
2017-11-29 22:00:00+00:00,86.966,87.349,86.812,87.26,99148.0
2017-11-30 22:00:00+00:00,87.271,88.616,87.154,88.496,176335.0
2017-12-03 22:00:00+00:00,88.822,89.248,88.574,88.699,111780.0
2017-12-04 22:00:00+00:00,88.688,89.23,88.618,88.752,96335.0
2017-12-05 22:00:00+00:00,88.738,88.751,87.672,87.818,106769.0
2017-12-06 22:00:00+00:00,87.784,88.072,87.506,87.974,85859.0
2017-12-07 22:00:00+00:00,87.984,88.514,87.968,88.3,87787.0
2017-12-10 22:00:00+00:00,88.326,88.452,88.05,88.328,73976.0
2017-12-11 22:00:00+00:00,88.316,88.528,87.988,88.248,70045.0
2017-12-12 22:00:00+00:00,88.243,88.264,87.7,87.814,103405.0
2017-12-13 22:00:00+00:00,87.815,88.194,87.529,87.83,105494.0
2017-12-14 22:00:00+00:00,87.839,88.116,87.34,87.537,105473.0
2017-12-17 22:00:00+00:00,87.592,87.706,87.328,87.498,77948.0
2017-12-18 22:00:00+00:00,87.5,87.785,87.426,87.64,78013.0
2017-12-19 22:00:00+00:00,87.653,88.44,87.623,88.348,75868.0
2017-12-20 22:00:00+00:00,88.376,89.336,88.264,88.966,81917.0
2017-12-21 22:00:00+00:00,88.939,89.285,88.606,89.017,68427.0
2017-12-25 22:00:00+00:00,89.001,89.27,88.962,89.258,44209.0
2017-12-26 22:00:00+00:00,89.274,89.728,89.189,89.572,66188.0
2017-12-27 22:00:00+00:00,89.488,89.871,89.387,89.83,73075.0
2017-12-28 22:00:00+00:00,89.848,90.038,89.508,89.627,79617.0
2018-01-01 22:00:00+00:00,89.804,89.968,89.382,89.755,72691.0
2018-01-02 22:00:00+00:00,89.735,89.814,89.522,89.752,68706.0
2018-01-03 22:00:00+00:00,89.744,90.302,89.714,90.298,77144.0
2018-01-04 22:00:00+00:00,90.298,91.582,90.23,91.072,94104.0
2018-01-07 22:00:00+00:00,91.141,91.376,90.803,91.052,68099.0
2018-01-08 22:00:00+00:00,91.045,91.158,90.136,90.379,90794.0
2018-01-09 22:00:00+00:00,90.393,90.416,88.504,88.812,127239.0
2018-01-10 22:00:00+00:00,88.826,89.142,88.554,88.872,113999.0
2018-01-11 22:00:00+00:00,88.832,89.162,88.64,89.12,120958.0
2018-01-14 22:00:00+00:00,89.118,89.326,88.828,88.936,120983.0
2018-01-15 22:00:00+00:00,88.952,89.316,88.618,88.825,105586.0
2018-01-16 22:00:00+00:00,88.86,89.636,88.279,89.478,146219.0
2018-01-17 22:00:00+00:00,89.465,89.558,88.881,89.492,119116.0
2018-01-18 22:00:00+00:00,89.423,89.558,88.514,88.702,108409.0
2018-01-21 22:00:00+00:00,88.618,89.213,88.568,89.15,85876.0
2018-01-22 22:00:00+00:00,89.108,89.24,88.406,88.812,108797.0
2018-01-23 22:00:00+00:00,88.821,88.902,88.198,88.454,130380.0
2018-01-24 22:00:00+00:00,88.482,88.725,88.12,88.403,183815.0
2018-01-25 22:00:00+00:00,88.401,88.868,87.892,88.187,159792.0
2018-01-28 22:00:00+00:00,88.294,88.502,87.992,88.302,126550.0
2018-01-29 22:00:00+00:00,88.302,88.379,87.802,88.17,104749.0
2018-01-30 22:00:00+00:00,88.196,89.056,88.118,88.656,144979.0
2018-01-31 22:00:00+00:00,88.668,89.282,88.658,89.184,123021.0
2018-02-01 22:00:00+00:00,89.18,89.437,88.6,88.64,164395.0
2018-02-04 22:00:00+00:00,88.614,88.654,87.01,87.018,185483.0
2018-02-05 22:00:00+00:00,87.032,87.75,86.349,87.69,278040.0
2018-02-06 22:00:00+00:00,87.688,87.804,86.882,86.996,162111.0
2018-02-07 22:00:00+00:00,87.033,87.385,86.16,86.295,206536.0
2018-02-08 22:00:00+00:00,86.278,86.774,85.559,86.472,236616.0
2018-02-11 22:00:00+00:00,86.482,86.577,85.996,86.403,117102.0
2018-02-12 22:00:00+00:00,86.372,86.466,85.185,85.624,124296.0
2018-02-13 22:00:00+00:00,85.626,85.752,84.674,85.664,165760.0
2018-02-14 22:00:00+00:00,85.608,85.675,84.761,85.022,149028.0
2018-02-15 22:00:00+00:00,84.988,85.173,84.489,84.653,127384.0
2018-02-18 22:00:00+00:00,84.697,84.98,84.556,84.867,79610.0
2018-02-19 22:00:00+00:00,84.857,85.123,84.794,84.868,96052.0
2018-02-20 22:00:00+00:00,84.859,85.265,84.748,84.839,112824.0
2018-02-21 22:00:00+00:00,84.85,84.875,83.845,84.024,109708.0
2018-02-22 22:00:00+00:00,84.022,84.634,83.96,84.602,89925.0
2018-02-25 22:00:00+00:00,84.803,84.803,84.112,84.289,89595.0
2018-02-26 22:00:00+00:00,84.328,84.486,84.009,84.013,103215.0
2018-02-27 22:00:00+00:00,84.013,84.194,83.034,83.128,104864.0
2018-02-28 22:00:00+00:00,83.15,83.654,82.514,82.759,151888.0
2018-03-01 22:00:00+00:00,82.782,82.892,81.672,82.077,126006.0
2018-03-04 22:00:00+00:00,81.896,82.046,81.38,81.926,111879.0
2018-03-05 22:00:00+00:00,81.892,82.566,81.548,82.419,115681.0
2018-03-06 22:00:00+00:00,82.43,82.462,81.412,82.151,144565.0
2018-03-07 22:00:00+00:00,82.192,82.468,81.878,82.374,109478.0
2018-03-08 22:00:00+00:00,82.352,83.442,82.318,83.382,120358.0
2018-03-11 21:00:00+00:00,83.24,83.492,82.826,82.86,74905.0
2018-03-12 21:00:00+00:00,82.865,83.444,82.024,82.206,110225.0
2018-03-13 21:00:00+00:00,82.206,82.432,81.764,82.076,99396.0
2018-03-14 21:00:00+00:00,82.066,82.122,81.152,81.462,98816.0
2018-03-15 21:00:00+00:00,81.516,81.524,80.683,80.919,87107.0
2018-03-18 21:00:00+00:00,80.91,81.422,80.548,81.13,94079.0
2018-03-19 21:00:00+00:00,81.13,81.603,80.969,81.504,92239.0
2018-03-20 21:00:00+00:00,81.496,82.406,81.414,82.184,109364.0
2018-03-21 21:00:00+00:00,82.192,82.381,81.311,81.37,137459.0
2018-03-22 21:00:00+00:00,81.419,82.066,80.916,81.218,156779.0
2018-03-25 21:00:00+00:00,81.174,82.086,81.173,82.07,103723.0
2018-03-26 21:00:00+00:00,82.062,82.448,81.69,81.714,109034.0
2018-03-27 21:00:00+00:00,81.726,82.843,81.702,82.674,139686.0
2018-03-28 21:00:00+00:00,82.686,82.776,82.294,82.606,98772.0
2018-03-29 21:00:00+00:00,82.612,82.662,82.332,82.415,80007.0
2018-04-01 21:00:00+00:00,82.38,82.679,81.638,82.006,77641.0
2018-04-02 21:00:00+00:00,82.006,83.344,81.834,83.242,106594.0
2018-04-03 21:00:00+00:00,83.25,83.716,82.566,83.624,117643.0
2018-04-04 21:00:00+00:00,83.609,84.269,83.552,84.217,99313.0
2018-04-05 21:00:00+00:00,84.24,84.258,83.534,83.652,128821.0
2018-04-08 21:00:00+00:00,83.782,84.39,83.584,84.1,91223.0
2018-04-09 21:00:00+00:00,84.08,85.254,83.928,85.086,109840.0
2018-04-10 21:00:00+00:00,85.088,85.146,84.58,84.894,101782.0
2018-04-11 21:00:00+00:00,84.927,85.324,84.702,85.262,101251.0
2018-04-12 21:00:00+00:00,85.232,85.762,85.022,85.117,87390.0
2018-04-15 21:00:00+00:00,85.336,85.382,84.908,85.245,75755.0
2018-04-16 21:00:00+00:00,85.228,85.42,85.062,85.254,75291.0
2018-04-17 21:00:00+00:00,85.257,85.44,84.68,84.912,91518.0
2018-04-18 21:00:00+00:00,84.897,85.302,84.678,84.737,98030.0
2018-04-19 21:00:00+00:00,84.739,85.168,84.305,84.324,98239.0
2018-04-22 21:00:00+00:00,84.524,84.728,84.364,84.608,84008.0
2018-04-23 21:00:00+00:00,84.619,85.167,84.578,84.788,92564.0
2018-04-24 21:00:00+00:00,84.81,85.231,84.666,85.178,95278.0
2018-04-25 21:00:00+00:00,85.195,85.312,84.866,84.914,94861.0
2018-04-26 21:00:00+00:00,84.909,85.046,84.753,84.994,78062.0
2018-04-29 21:00:00+00:00,84.974,85.388,84.915,85.136,76778.0
2018-04-30 21:00:00+00:00,85.135,85.524,84.972,85.505,84389.0
2018-05-01 21:00:00+00:00,85.514,85.738,85.246,85.248,107826.0
2018-05-02 21:00:00+00:00,85.314,85.436,84.476,84.998,109885.0
2018-05-03 21:00:00+00:00,84.982,85.025,84.374,84.946,91130.0
2018-05-06 21:00:00+00:00,84.932,85.008,84.514,84.694,70726.0
2018-05-07 21:00:00+00:00,84.635,84.705,83.892,84.262,101691.0
2018-05-08 21:00:00+00:00,84.263,85.508,84.157,85.379,93843.0
2018-05-09 21:00:00+00:00,85.38,86.064,85.304,85.687,117027.0
2018-05-10 21:00:00+00:00,85.674,85.874,85.415,85.496,92330.0
2018-05-13 21:00:00+00:00,85.539,85.876,85.442,85.576,77610.0
2018-05-14 21:00:00+00:00,85.619,85.926,85.32,85.698,108266.0
2018-05-15 21:00:00+00:00,85.708,86.32,85.583,86.309,112069.0
2018-05-16 21:00:00+00:00,86.285,86.79,86.208,86.484,96708.0
2018-05-17 21:00:00+00:00,86.496,86.736,85.771,85.953,98588.0
2018-05-20 21:00:00+00:00,86.13,86.86,86.033,86.84,80476.0
2018-05-21 21:00:00+00:00,86.82,87.106,86.465,86.522,95634.0
2018-05-22 21:00:00+00:00,86.511,86.529,84.924,85.758,131476.0
2018-05-23 21:00:00+00:00,85.768,85.798,84.442,84.814,131375.0
2018-05-24 21:00:00+00:00,84.826,85.128,84.052,84.312,123117.0
2018-05-27 21:00:00+00:00,84.684,84.71,83.984,84.208,84705.0
2018-05-28 21:00:00+00:00,84.202,84.246,83.002,83.536,168310.0
2018-05-29 21:00:00+00:00,83.56,84.952,83.156,84.596,165862.0
2018-05-30 21:00:00+00:00,84.573,84.968,83.576,83.992,149101.0
2018-05-31 21:00:00+00:00,83.988,84.641,83.954,84.559,115466.0
2018-06-03 21:00:00+00:00,84.559,84.951,84.469,84.932,97364.0
2018-06-04 21:00:00+00:00,84.906,85.124,84.067,84.674,108507.0
2018-06-05 21:00:00+00:00,84.662,85.646,84.64,85.128,110339.0
2018-06-06 21:00:00+00:00,85.12,85.172,84.263,84.572,114448.0
2018-06-07 21:00:00+00:00,84.529,84.765,83.859,84.745,112815.0
2018-06-10 21:00:00+00:00,84.096,84.898,84.081,84.77,79608.0
2018-06-11 21:00:00+00:00,84.775,85.035,84.682,84.816,109893.0
2018-06-12 21:00:00+00:00,84.783,85.198,84.773,84.986,100804.0
2018-06-13 21:00:00+00:00,84.976,85.032,84.358,84.422,114594.0
2018-06-14 21:00:00+00:00,84.465,84.476,83.714,83.969,98978.0
2018-06-17 21:00:00+00:00,83.935,84.008,83.45,83.746,74091.0
2018-06-18 21:00:00+00:00,83.741,83.772,82.56,82.838,136182.0
2018-06-19 21:00:00+00:00,82.871,83.042,82.672,82.916,106093.0
2018-06-20 21:00:00+00:00,82.904,83.205,82.487,82.586,120431.0
2018-06-21 21:00:00+00:00,82.594,83.046,82.256,82.879,118840.0
2018-06-24 21:00:00+00:00,82.784,82.916,82.173,82.564,114481.0
2018-06-25 21:00:00+00:00,82.57,82.834,82.216,82.705,108903.0
2018-06-26 21:00:00+00:00,82.726,83.178,82.354,82.645,139702.0
2018-06-27 21:00:00+00:00,82.648,83.402,82.47,83.376,119949.0
2018-06-28 21:00:00+00:00,83.378,84.382,83.249,84.315,133043.0
2018-07-01 21:00:00+00:00,84.151,84.434,83.751,84.09,108787.0
2018-07-02 21:00:00+00:00,84.085,84.434,83.868,84.164,108775.0
2018-07-03 21:00:00+00:00,84.168,84.229,83.937,84.069,118262.0
2018-07-04 21:00:00+00:00,84.066,84.348,83.874,84.26,117409.0
2018-07-05 21:00:00+00:00,84.198,84.519,84.074,84.438,99831.0
2018-07-08 21:00:00+00:00,84.365,84.693,84.274,84.561,75113.0
2018-07-09 21:00:00+00:00,84.513,84.929,84.484,84.64,78549.0
2018-07-10 21:00:00+00:00,84.61,85.174,84.21,84.793,141909.0
2018-07-11 21:00:00+00:00,84.78,85.556,84.681,85.552,105759.0
2018-07-12 21:00:00+00:00,85.524,85.663,85.246,85.39,92284.0
2018-07-15 21:00:00+00:00,85.272,85.658,85.24,85.487,74545.0
2018-07-16 21:00:00+00:00,85.458,85.694,85.394,85.573,103872.0
2018-07-17 21:00:00+00:00,85.565,85.748,85.051,85.687,100419.0
2018-07-18 21:00:00+00:00,85.678,85.72,84.694,84.754,134542.0
2018-07-19 21:00:00+00:00,84.736,85.272,84.514,84.763,149213.0
2018-07-22 21:00:00+00:00,84.8,84.909,84.417,84.53,103517.0
2018-07-23 21:00:00+00:00,84.544,84.652,84.268,84.527,103532.0
2018-07-24 21:00:00+00:00,84.51,85.205,84.458,85.06,128284.0
2018-07-25 21:00:00+00:00,85.065,85.23,84.804,85.061,112272.0
2018-07-26 21:00:00+00:00,85.072,85.184,84.791,85.048,84929.0
2018-07-29 21:00:00+00:00,85.002,85.395,84.888,85.214,70728.0
2018-07-30 21:00:00+00:00,85.194,86.116,84.758,86.004,132881.0
2018-07-31 21:00:00+00:00,85.954,86.29,85.745,85.902,101363.0
2018-08-01 21:00:00+00:00,85.896,85.95,85.412,85.74,105727.0
2018-08-02 21:00:00+00:00,85.736,85.947,85.574,85.635,109792.0
2018-08-05 21:00:00+00:00,85.598,85.74,85.436,85.666,58633.0
2018-08-06 21:00:00+00:00,85.67,85.858,85.15,85.332,80271.0
2018-08-07 21:00:00+00:00,85.318,85.348,84.735,85.206,87651.0
2018-08-08 21:00:00+00:00,85.26,85.438,84.964,85.126,75983.0
2018-08-09 21:00:00+00:00,85.127,85.206,84.102,84.336,154182.0
2018-08-12 21:00:00+00:00,83.893,84.614,83.636,84.303,131747.0
2018-08-13 21:00:00+00:00,84.298,85.132,84.2,85.12,105009.0
2018-08-14 21:00:00+00:00,85.086,85.322,83.842,84.274,122406.0
2018-08-15 21:00:00+00:00,84.244,84.558,84.004,84.278,130894.0
2018-08-16 21:00:00+00:00,84.276,84.76,83.853,84.609,106185.0
2018-08-19 21:00:00+00:00,84.672,84.735,84.311,84.39,73614.0
2018-08-20 21:00:00+00:00,84.366,84.842,84.215,84.584,95889.0
2018-08-21 21:00:00+00:00,84.561,85.095,84.374,85.06,99908.0
2018-08-22 21:00:00+00:00,85.08,85.334,84.78,85.07,91284.0
2018-08-23 21:00:00+00:00,85.064,85.462,84.986,85.411,105120.0
2018-08-26 21:00:00+00:00,85.524,85.744,85.03,85.664,77201.0
2018-08-27 21:00:00+00:00,85.674,86.186,85.606,85.994,91923.0
2018-08-28 21:00:00+00:00,85.998,86.566,85.906,86.511,100342.0
2018-08-29 21:00:00+00:00,86.502,86.586,85.422,85.51,101747.0
2018-08-30 21:00:00+00:00,85.482,85.588,84.698,85.164,121426.0
2018-09-02 21:00:00+00:00,84.969,85.144,84.756,84.817,64663.0
2018-09-03 21:00:00+00:00,84.823,85.006,84.22,84.522,98091.0
2018-09-04 21:00:00+00:00,84.504,84.904,84.371,84.632,109757.0
2018-09-05 21:00:00+00:00,84.635,84.654,83.766,84.268,108523.0
2018-09-06 21:00:00+00:00,84.276,84.642,83.881,84.344,122136.0
2018-09-09 21:00:00+00:00,84.387,84.546,84.088,84.434,67375.0
2018-09-10 21:00:00+00:00,84.44,85.558,84.398,85.422,78868.0
2018-09-11 21:00:00+00:00,85.409,85.818,85.094,85.57,93125.0
2018-09-12 21:00:00+00:00,85.634,86.169,85.504,86.098,86179.0
2018-09-13 21:00:00+00:00,86.11,86.234,85.778,85.96,81823.0
2018-09-16 21:00:00+00:00,85.93,86.127,85.743,85.753,59934.0
2018-09-17 21:00:00+00:00,85.784,86.632,85.48,86.603,103376.0
2018-09-18 21:00:00+00:00,86.566,87.028,86.278,86.91,89046.0
2018-09-19 21:00:00+00:00,86.922,87.255,86.73,87.172,102762.0
2018-09-20 21:00:00+00:00,87.144,87.458,87.074,87.168,89792.0
2018-09-23 21:00:00+00:00,86.972,87.227,86.91,87.06,63288.0
2018-09-24 21:00:00+00:00,87.055,87.266,86.953,87.222,69673.0
2018-09-25 21:00:00+00:00,87.22,87.258,86.519,86.583,87998.0
2018-09-26 21:00:00+00:00,86.614,87.142,86.212,86.941,91462.0
2018-09-27 21:00:00+00:00,86.938,88.089,86.91,88.079,86256.0
2018-09-30 21:00:00+00:00,88.495,89.176,88.242,88.922,84945.0
2018-10-01 21:00:00+00:00,88.918,89.018,88.473,88.649,84992.0
2018-10-02 21:00:00+00:00,88.595,89.219,88.486,89.002,91469.0
2018-10-03 21:00:00+00:00,88.968,88.991,87.95,88.148,106490.0
2018-10-04 21:00:00+00:00,88.146,88.372,87.691,87.885,112288.0
2018-10-07 21:00:00+00:00,87.899,87.974,87.008,87.372,81270.0
2018-10-08 21:00:00+00:00,87.322,87.459,87.014,87.23,129951.0
2018-10-09 21:00:00+00:00,87.252,87.461,85.896,85.908,130474.0
2018-10-10 21:00:00+00:00,85.943,86.382,85.688,86.06,211329.0
2018-10-11 21:00:00+00:00,86.04,86.448,85.768,86.156,131545.0
2018-10-14 21:00:00+00:00,86.137,86.39,85.577,86.044,123829.0
2018-10-15 21:00:00+00:00,86.035,86.89,86.029,86.79,102760.0
2018-10-16 21:00:00+00:00,86.804,86.888,86.168,86.494,111561.0
2018-10-17 21:00:00+00:00,86.528,86.569,85.58,85.739,133398.0
2018-10-18 21:00:00+00:00,85.728,86.374,85.57,85.894,133928.0
2018-10-21 21:00:00+00:00,85.99,86.295,85.656,86.12,105210.0
2018-10-22 21:00:00+00:00,86.122,86.164,85.368,85.936,132873.0
2018-10-23 21:00:00+00:00,85.926,86.818,85.838,85.965,170118.0
2018-10-24 21:00:00+00:00,85.957,86.313,85.728,85.997,156587.0
2018-10-25 21:00:00+00:00,86.01,86.016,84.85,85.385,200579.0
2018-10-28 21:00:00+00:00,85.446,85.902,85.289,85.569,135805.0
2018-10-29 21:00:00+00:00,85.56,86.268,85.523,86.254,143333.0
2018-10-30 21:00:00+00:00,86.304,86.396,85.682,85.84,121840.0
2018-10-31 21:00:00+00:00,85.856,86.317,85.649,86.136,116190.0
2018-11-01 21:00:00+00:00,86.136,86.607,85.973,86.342,130867.0
2018-11-04 22:00:00+00:00,86.44,86.598,86.276,86.34,95944.0
2018-11-05 22:00:00+00:00,86.34,86.536,86.168,86.431,80793.0
2018-11-06 22:00:00+00:00,86.372,86.768,86.09,86.562,154950.0
2018-11-07 22:00:00+00:00,86.596,87.006,86.448,86.716,115939.0
2018-11-08 22:00:00+00:00,86.72,86.768,85.951,86.144,106372.0
2018-11-11 22:00:00+00:00,86.199,86.588,85.876,85.937,119391.0
2018-11-12 22:00:00+00:00,85.946,86.298,85.772,85.976,128419.0
2018-11-13 22:00:00+00:00,85.998,86.26,85.536,85.804,135244.0
2018-11-14 22:00:00+00:00,85.804,86.355,85.449,86.238,136122.0
2018-11-15 22:00:00+00:00,86.214,86.252,85.498,85.814,112789.0
2018-11-18 22:00:00+00:00,85.736,85.795,85.214,85.462,105670.0
2018-11-19 22:00:00+00:00,85.452,85.56,84.614,84.745,124537.0
2018-11-20 22:00:00+00:00,84.782,85.496,84.65,85.454,103790.0
2018-11-21 22:00:00+00:00,85.458,85.712,85.246,85.637,92115.0
2018-11-22 22:00:00+00:00,85.624,85.692,85.06,85.332,94948.0
2018-11-25 22:00:00+00:00,85.384,85.927,85.33,85.718,96414.0
2018-11-26 22:00:00+00:00,85.696,85.864,85.378,85.594,94293.0
2018-11-27 22:00:00+00:00,85.587,85.736,85.263,85.63,97513.0
2018-11-28 22:00:00+00:00,85.625,85.644,85.167,85.444,101028.0
2018-11-29 22:00:00+00:00,85.437,85.53,85.174,85.396,89379.0
2018-12-02 22:00:00+00:00,85.891,86.245,85.616,86.12,102216.0
2018-12-03 22:00:00+00:00,86.094,86.118,84.923,85.022,123442.0
2018-12-04 22:00:00+00:00,85.036,85.194,84.473,84.763,82955.0
2018-12-05 22:00:00+00:00,84.744,84.756,83.568,84.213,164938.0
2018-12-06 22:00:00+00:00,84.206,85.092,84.1,84.63,143260.0
2018-12-09 22:00:00+00:00,84.459,84.714,84.202,84.606,135317.0
2018-12-10 22:00:00+00:00,84.59,84.728,84.246,84.678,116149.0
2018-12-11 22:00:00+00:00,84.671,84.996,84.624,84.856,111723.0
2018-12-12 22:00:00+00:00,84.862,85.236,84.788,85.068,98090.0
2018-12-13 22:00:00+00:00,85.074,85.126,84.617,84.717,98262.0
2018-12-16 22:00:00+00:00,84.702,84.852,83.972,84.159,104297.0
2018-12-17 22:00:00+00:00,84.164,84.17,83.355,83.554,114341.0
2018-12-18 22:00:00+00:00,83.555,83.722,83.093,83.444,128709.0
2018-12-19 22:00:00+00:00,83.369,83.516,81.934,82.397,168380.0
2018-12-20 22:00:00+00:00,82.373,82.539,81.756,81.775,131725.0
2018-12-23 22:00:00+00:00,81.61,81.924,81.03,81.218,156811.0
2018-12-25 22:00:00+00:00,81.218,82.07,80.968,82.05,84585.0
2018-12-26 22:00:00+00:00,82.036,82.05,80.972,81.52,141291.0
2018-12-27 22:00:00+00:00,81.55,81.568,80.672,80.879,101897.0
2018-12-30 22:00:00+00:00,80.876,81.13,80.28,80.368,76115.0
2019-01-01 22:00:00+00:00,80.368,80.636,79.661,80.168,126424.0
2019-01-02 22:00:00+00:00,80.168,80.342,76.731,79.838,171533.0
2019-01-03 22:00:00+00:00,79.827,81.18,79.716,81.13,151297.0
2019-01-06 22:00:00+00:00,81.112,81.837,80.866,81.75,106733.0
2019-01-07 22:00:00+00:00,81.753,82.126,81.43,81.919,104247.0
2019-01-08 22:00:00+00:00,81.916,82.408,81.57,81.882,133000.0
2019-01-09 22:00:00+00:00,81.863,82.016,81.45,81.927,98366.0
2019-01-10 22:00:00+00:00,81.94,82.17,81.634,81.776,93630.0
2019-01-13 22:00:00+00:00,81.86,81.86,81.292,81.422,71552.0
2019-01-14 22:00:00+00:00,81.428,82.072,81.415,81.94,107070.0
2019-01-15 22:00:00+00:00,81.926,82.426,81.61,82.297,84599.0
2019-01-16 22:00:00+00:00,82.305,82.574,81.612,82.29,102591.0
2019-01-17 22:00:00+00:00,82.272,82.895,82.114,82.785,95772.0
2019-01-20 22:00:00+00:00,82.718,82.764,82.359,82.489,77608.0
2019-01-21 22:00:00+00:00,82.473,82.498,81.734,81.905,82406.0
2019-01-22 22:00:00+00:00,81.902,82.436,81.854,82.155,85388.0
2019-01-23 22:00:00+00:00,82.14,82.256,81.948,82.12,97322.0
2019-01-24 22:00:00+00:00,82.148,82.92,81.989,82.878,92304.0
2019-01-27 22:00:00+00:00,82.862,82.928,82.219,82.468,76396.0
2019-01-28 22:00:00+00:00,82.466,82.651,82.202,82.442,83570.0
2019-01-29 22:00:00+00:00,82.381,83.19,82.278,82.931,102635.0
2019-01-30 22:00:00+00:00,82.928,82.986,82.479,82.951,96874.0
2019-01-31 22:00:00+00:00,82.974,83.821,82.73,83.578,87196.0
2019-02-03 22:00:00+00:00,83.629,83.98,83.539,83.828,71143.0
2019-02-04 22:00:00+00:00,83.804,83.975,83.536,83.774,68918.0
2019-02-05 22:00:00+00:00,83.768,83.788,83.064,83.239,72914.0
2019-02-06 22:00:00+00:00,83.24,83.285,82.396,82.519,77522.0
2019-02-07 22:00:00+00:00,82.558,83.014,82.27,82.656,71112.0
2019-02-10 22:00:00+00:00,82.722,83.197,82.618,82.982,76112.0
2019-02-11 22:00:00+00:00,82.998,83.492,82.899,83.48,76619.0
2019-02-12 22:00:00+00:00,83.448,83.862,83.422,83.749,78034.0
2019-02-13 22:00:00+00:00,83.746,83.975,82.923,83.102,94553.0
2019-02-14 22:00:00+00:00,83.087,83.418,82.823,83.394,89671.0
2019-02-17 22:00:00+00:00,83.344,83.624,83.338,83.543,71480.0
2019-02-18 22:00:00+00:00,83.534,83.801,83.249,83.724,78738.0
2019-02-19 22:00:00+00:00,83.733,84.26,83.664,84.135,84710.0
2019-02-20 22:00:00+00:00,84.132,84.212,83.654,83.676,93450.0
2019-02-21 22:00:00+00:00,83.677,84.287,83.598,84.261,81955.0
2019-02-24 22:00:00+00:00,84.247,84.465,84.072,84.214,92213.0
2019-02-25 22:00:00+00:00,84.179,84.238,83.634,83.974,82177.0
2019-02-26 22:00:00+00:00,83.979,84.502,83.759,84.368,162310.0
2019-02-27 22:00:00+00:00,84.38,84.796,83.964,84.55,86700.0
2019-02-28 22:00:00+00:00,84.587,85.238,84.116,84.156,83730.0
2019-03-03 22:00:00+00:00,84.256,84.342,83.712,83.999,80550.0
2019-03-04 22:00:00+00:00,83.991,84.058,83.764,83.81,70122.0
2019-03-05 22:00:00+00:00,83.78,83.802,83.002,83.152,77462.0
2019-03-06 22:00:00+00:00,83.152,83.309,82.856,82.921,78866.0
2019-03-07 22:00:00+00:00,82.952,83.046,82.42,82.868,92583.0
2019-03-10 21:00:00+00:00,82.745,83.046,82.564,83.035,62367.0
2019-03-11 21:00:00+00:00,83.016,83.39,82.854,83.383,75709.0
2019-03-12 21:00:00+00:00,83.373,83.656,83.133,83.592,71351.0
2019-03-13 21:00:00+00:00,83.592,83.946,83.546,83.787,76700.0
2019-03-14 21:00:00+00:00,83.772,84.038,83.404,83.605,67631.0
2019-03-17 21:00:00+00:00,83.61,83.854,83.352,83.56,60211.0
2019-03-18 21:00:00+00:00,83.551,84.092,83.378,83.612,72169.0
2019-03-19 21:00:00+00:00,83.622,83.774,83.174,83.21,91040.0
2019-03-20 21:00:00+00:00,83.207,83.412,82.728,82.927,95261.0
2019-03-21 21:00:00+00:00,82.899,82.982,81.83,81.862,112169.0
2019-03-24 21:00:00+00:00,81.883,82.239,81.636,82.05,91596.0
2019-03-25 21:00:00+00:00,82.057,82.718,81.978,82.684,87564.0
2019-03-26 21:00:00+00:00,82.675,82.751,82.125,82.398,108085.0
2019-03-27 21:00:00+00:00,82.404,82.662,81.99,82.302,94447.0
2019-03-28 21:00:00+00:00,82.322,83.056,82.287,83.043,84278.0
2019-03-31 21:00:00+00:00,83.176,83.758,82.944,83.678,79371.0
2019-04-01 21:00:00+00:00,83.7,83.743,83.212,83.472,65849.0
2019-04-02 21:00:00+00:00,83.485,83.872,83.346,83.544,72028.0
2019-04-03 21:00:00+00:00,83.548,83.614,83.356,83.596,59118.0
2019-04-04 21:00:00+00:00,83.564,83.691,83.298,83.473,65563.0
2019-04-07 21:00:00+00:00,83.452,83.802,83.23,83.738,54245.0
2019-04-08 21:00:00+00:00,83.732,83.851,83.334,83.382,54260.0
2019-04-09 21:00:00+00:00,83.402,83.506,83.17,83.358,58990.0
2019-04-10 21:00:00+00:00,83.358,83.528,83.104,83.426,58094.0
2019-04-11 21:00:00+00:00,83.42,84.09,83.412,84.077,60801.0
2019-04-14 21:00:00+00:00,83.97,84.25,83.638,83.812,49019.0
2019-04-15 21:00:00+00:00,83.805,83.92,83.484,83.908,59279.0
2019-04-16 21:00:00+00:00,83.89,84.358,83.724,83.987,64808.0
2019-04-17 21:00:00+00:00,83.999,84.03,83.531,83.693,65688.0
2019-04-18 21:00:00+00:00,83.71,83.749,83.542,83.573,79482.0
2019-04-21 21:00:00+00:00,83.61,83.926,83.54,83.86,37763.0
2019-04-22 21:00:00+00:00,83.852,83.9,83.184,83.338,52329.0
2019-04-23 21:00:00+00:00,83.34,83.349,82.678,83.128,74981.0
2019-04-24 21:00:00+00:00,83.15,83.174,82.55,82.8,65105.0
2019-04-25 21:00:00+00:00,82.778,83.07,82.692,82.948,66025.0
2019-04-28 21:00:00+00:00,82.902,83.208,82.859,82.978,41057.0
2019-04-29 21:00:00+00:00,82.98,83.255,82.618,83.232,63505.0
2019-04-30 21:00:00+00:00,83.234,83.362,82.784,82.886,60447.0
2019-05-01 21:00:00+00:00,82.898,83.075,82.67,82.764,60029.0
2019-05-02 21:00:00+00:00,82.794,82.978,82.69,82.782,58365.0
2019-05-05 21:00:00+00:00,82.174,82.587,81.786,82.348,74043.0
2019-05-06 21:00:00+00:00,82.348,82.566,81.686,81.827,74289.0
2019-05-07 21:00:00+00:00,81.846,81.952,81.572,81.688,84587.0
2019-05-08 21:00:00+00:00,81.682,81.727,81.125,81.454,93389.0
2019-05-09 21:00:00+00:00,81.454,82.052,81.342,81.962,115018.0
2019-05-12 21:00:00+00:00,81.777,81.84,80.934,81.071,83577.0
2019-05-13 21:00:00+00:00,81.1,81.548,80.974,81.416,69393.0
2019-05-14 21:00:00+00:00,81.422,81.62,80.932,81.568,73173.0
2019-05-15 21:00:00+00:00,81.561,81.948,81.32,81.606,62955.0
2019-05-16 21:00:00+00:00,81.601,81.971,81.092,81.784,84344.0
2019-05-19 21:00:00+00:00,81.912,82.126,81.725,81.962,64708.0
2019-05-20 21:00:00+00:00,81.968,82.548,81.927,82.424,69757.0
2019-05-21 21:00:00+00:00,82.443,82.62,82.08,82.152,61975.0
2019-05-22 21:00:00+00:00,82.134,82.144,81.166,81.358,83862.0
2019-05-23 21:00:00+00:00,81.352,81.598,81.155,81.346,66303.0
2019-05-26 21:00:00+00:00,81.334,81.588,81.323,81.441,39816.0
2019-05-27 21:00:00+00:00,81.442,81.568,81.006,81.072,81948.0
2019-05-28 21:00:00+00:00,81.088,81.18,80.669,81.067,90101.0
2019-05-29 21:00:00+00:00,81.061,81.512,80.978,81.203,65915.0
2019-05-30 21:00:00+00:00,81.177,81.222,80.088,80.124,104154.0
2019-06-02 21:00:00+00:00,80.118,80.523,79.976,80.416,89446.0
2019-06-03 21:00:00+00:00,80.398,80.762,80.228,80.746,80305.0
2019-06-04 21:00:00+00:00,80.741,81.075,80.562,80.843,83533.0
2019-06-05 21:00:00+00:00,80.843,81.23,80.528,81.128,81103.0
2019-06-06 21:00:00+00:00,81.106,81.576,81.07,81.548,82226.0
2019-06-07 21:00:00+00:00,81.549,81.549,81.539,81.548,4.0
2019-06-09 21:00:00+00:00,81.944,81.964,81.626,81.739,59143.0
2019-06-10 21:00:00+00:00,81.731,82.089,81.528,81.672,58845.0
2019-06-11 21:00:00+00:00,81.7,81.752,81.306,81.32,62367.0
2019-06-12 21:00:00+00:00,81.32,81.572,81.132,81.342,60028.0
2019-06-13 21:00:00+00:00,81.312,81.331,80.867,80.94,64768.0
2019-06-16 21:00:00+00:00,80.919,81.114,80.886,80.924,42442.0
2019-06-17 21:00:00+00:00,80.926,81.15,80.577,81.072,70353.0
2019-06-18 21:00:00+00:00,81.052,81.406,80.918,81.4,71830.0
2019-06-19 21:00:00+00:00,81.398,81.872,81.198,81.342,90681.0
2019-06-20 21:00:00+00:00,81.326,81.588,81.152,81.16,72414.0
2019-06-23 21:00:00+00:00,81.192,81.49,81.178,81.41,51417.0
2019-06-24 21:00:00+00:00,81.399,81.495,80.993,81.398,80307.0
2019-06-25 21:00:00+00:00,81.391,82.234,81.297,82.109,63826.0
2019-06-26 21:00:00+00:00,82.124,82.368,82.048,82.318,60931.0
2019-06-27 21:00:00+00:00,82.308,82.464,82.122,82.337,64432.0
2019-06-30 21:00:00+00:00,82.74,82.905,82.512,82.566,61550.0
2019-07-01 21:00:00+00:00,82.561,82.672,82.206,82.326,54200.0
2019-07-02 21:00:00+00:00,82.304,82.586,82.031,82.572,54269.0
2019-07-03 21:00:00+00:00,82.562,82.688,82.414,82.61,37615.0
2019-07-04 21:00:00+00:00,82.594,83.029,82.555,82.922,55900.0
2019-07-07 21:00:00+00:00,82.944,83.21,82.798,83.016,40400.0
2019-07-08 21:00:00+00:00,83.036,83.125,82.785,82.916,42061.0
2019-07-09 21:00:00+00:00,82.924,83.154,82.652,82.918,67487.0
2019-07-10 21:00:00+00:00,82.896,83.077,82.642,83.019,57496.0
2019-07-11 21:00:00+00:00,82.979,83.238,82.696,82.83,54905.0
2019-07-14 21:00:00+00:00,82.795,82.97,82.656,82.706,51178.0
2019-07-15 21:00:00+00:00,82.706,83.134,82.635,82.706,57603.0
2019-07-16 21:00:00+00:00,82.736,82.962,82.647,82.696,49906.0
2019-07-17 21:00:00+00:00,82.742,82.742,82.248,82.372,62583.0
2019-07-18 21:00:00+00:00,82.356,82.638,82.202,82.48,70402.0
2019-07-21 21:00:00+00:00,82.521,82.714,82.21,82.221,51282.0
2019-07-22 21:00:00+00:00,82.224,82.44,82.14,82.41,52353.0
2019-07-23 21:00:00+00:00,82.41,82.422,82.178,82.332,43822.0
2019-07-24 21:00:00+00:00,82.314,82.683,82.26,82.524,58157.0
2019-07-25 21:00:00+00:00,82.532,82.618,82.358,82.544,43650.0
2019-07-28 21:00:00+00:00,82.512,82.788,82.374,82.648,32262.0
2019-07-29 21:00:00+00:00,82.646,82.747,82.288,82.577,49723.0
2019-07-30 21:00:00+00:00,82.605,82.82,82.372,82.457,86647.0
2019-07-31 21:00:00+00:00,82.479,82.728,81.086,81.254,98253.0
2019-08-01 21:00:00+00:00,81.249,81.404,80.451,80.702,140384.0
2019-08-02 21:00:00+00:00,80.701,80.701,80.701,80.701,1.0
2019-08-04 21:00:00+00:00,80.652,80.784,79.964,80.222,140969.0
2019-08-05 21:00:00+00:00,80.274,81.194,79.856,80.159,140312.0
2019-08-06 21:00:00+00:00,80.188,80.23,79.102,79.881,137528.0
2019-08-07 21:00:00+00:00,79.873,80.239,79.572,80.201,96930.0
2019-08-08 21:00:00+00:00,80.146,80.269,79.56,79.932,89017.0
2019-08-11 21:00:00+00:00,79.978,80.036,79.282,79.536,70061.0
2019-08-12 21:00:00+00:00,79.546,81.036,79.146,80.726,128312.0
2019-08-13 21:00:00+00:00,80.704,80.734,79.354,79.514,120473.0
2019-08-14 21:00:00+00:00,79.498,80.347,79.31,79.716,148154.0
2019-08-15 21:00:00+00:00,79.676,80.188,79.594,80.18,85500.0
2019-08-18 21:00:00+00:00,80.069,80.498,79.958,80.043,52982.0
2019-08-19 21:00:00+00:00,80.028,80.074,79.587,79.762,60605.0
2019-08-20 21:00:00+00:00,79.764,80.356,79.726,80.218,56575.0
2019-08-21 21:00:00+00:00,80.247,80.314,79.844,80.026,65123.0
2019-08-22 21:00:00+00:00,80.005,80.154,79.014,79.333,117058.0
2019-08-25 21:00:00+00:00,79.003,80.154,78.51,80.076,169035.0
2019-08-26 21:00:00+00:00,80.11,80.134,79.504,79.62,92514.0
2019-08-27 21:00:00+00:00,79.618,79.837,79.336,79.752,81119.0
2019-08-28 21:00:00+00:00,79.746,80.244,79.484,80.167,79651.0
2019-08-29 21:00:00+00:00,80.156,80.246,79.716,79.853,78407.0
2019-09-01 21:00:00+00:00,79.662,79.824,79.508,79.72,46671.0
2019-09-02 21:00:00+00:00,79.712,79.782,79.202,79.437,83234.0
2019-09-03 21:00:00+00:00,79.45,80.496,79.335,80.477,68776.0
2019-09-04 21:00:00+00:00,80.46,81.138,80.382,80.862,79846.0
2019-09-05 21:00:00+00:00,80.828,81.228,80.623,81.166,73882.0
2019-09-08 21:00:00+00:00,81.092,81.543,81.046,81.441,58530.0
2019-09-09 21:00:00+00:00,81.452,81.82,81.312,81.776,64944.0
2019-09-10 21:00:00+00:00,81.78,82.072,81.531,81.723,62141.0
2019-09-11 21:00:00+00:00,81.728,82.092,81.382,81.848,99136.0
2019-09-12 21:00:00+00:00,81.862,81.922,81.339,81.36,64906.0
2019-09-15 21:00:00+00:00,81.285,81.684,81.216,81.674,86257.0
2019-09-16 21:00:00+00:00,81.689,81.769,81.402,81.636,71137.0
2019-09-17 21:00:00+00:00,81.61,81.732,81.376,81.608,64481.0
2019-09-18 21:00:00+00:00,81.606,81.632,81.108,81.455,73295.0
2019-09-19 21:00:00+00:00,81.442,81.512,80.989,81.11,62424.0
2019-09-22 21:00:00+00:00,81.232,81.244,80.676,81.094,52193.0
2019-09-23 21:00:00+00:00,81.1,81.346,80.792,80.797,72475.0
2019-09-24 21:00:00+00:00,80.874,81.344,80.736,81.222,73291.0
2019-09-25 21:00:00+00:00,81.23,81.39,81.084,81.294,64083.0
2019-09-26 21:00:00+00:00,81.297,81.828,81.11,81.455,73178.0
2019-09-29 21:00:00+00:00,81.53,81.714,81.396,81.625,58719.0
2019-09-30 21:00:00+00:00,81.618,81.83,81.23,81.49,74457.0
2019-10-01 21:00:00+00:00,81.468,81.665,80.417,80.427,71092.0
2019-10-02 21:00:00+00:00,80.44,80.55,79.82,80.159,84536.0
2019-10-03 21:00:00+00:00,80.156,80.543,80.046,80.317,68127.0
2019-10-06 21:00:00+00:00,80.041,80.745,80.041,80.576,55820.0
2019-10-07 21:00:00+00:00,80.578,80.839,80.162,80.36,74054.0
2019-10-08 21:00:00+00:00,80.342,80.774,80.272,80.602,55721.0
2019-10-09 21:00:00+00:00,80.617,81.336,80.215,81.224,92627.0
2019-10-10 21:00:00+00:00,81.237,82.432,81.144,82.022,97608.0
2019-10-13 21:00:00+00:00,82.076,82.25,81.752,81.91,48352.0
2019-10-14 21:00:00+00:00,81.924,82.498,81.746,82.476,60043.0
2019-10-15 21:00:00+00:00,82.474,82.504,82.065,82.386,70098.0
2019-10-16 21:00:00+00:00,82.377,82.782,82.292,82.716,68763.0
2019-10-17 21:00:00+00:00,82.727,82.776,82.454,82.61,50027.0
2019-10-20 21:00:00+00:00,82.61,83.038,82.57,82.984,37432.0
2019-10-21 21:00:00+00:00,82.982,83.169,82.717,82.861,48595.0
2019-10-22 21:00:00+00:00,82.835,83.171,82.611,83.149,49241.0
2019-10-23 21:00:00+00:00,83.132,83.214,82.91,83.106,52005.0
2019-10-24 21:00:00+00:00,83.095,83.254,83.004,83.214,40245.0
2019-10-27 21:00:00+00:00,83.247,83.504,83.128,83.46,37824.0
2019-10-28 21:00:00+00:00,83.468,83.554,83.076,83.2,43367.0
2019-10-29 21:00:00+00:00,83.197,83.284,82.544,82.728,63472.0
2019-10-30 21:00:00+00:00,82.702,82.735,81.966,82.076,65151.0
2019-10-31 21:00:00+00:00,82.058,82.412,81.922,82.318,53463.0
2019-11-03 22:00:00+00:00,82.384,82.64,82.32,82.562,37181.0
2019-11-04 22:00:00+00:00,82.572,83.022,82.512,82.97,54041.0
2019-11-05 22:00:00+00:00,82.977,83.054,82.494,82.676,44510.0
2019-11-06 22:00:00+00:00,82.652,83.11,82.334,82.956,60130.0
2019-11-07 22:00:00+00:00,82.958,83.053,82.427,82.588,51271.0
2019-11-10 22:00:00+00:00,82.6,82.616,82.314,82.414,30356.0
2019-11-11 22:00:00+00:00,82.42,82.589,82.288,82.386,45925.0
2019-11-12 22:00:00+00:00,82.384,82.394,81.97,82.12,47637.0
2019-11-13 22:00:00+00:00,82.109,82.139,81.626,81.824,47362.0
2019-11-14 22:00:00+00:00,81.815,82.298,81.808,82.274,39072.0
2019-11-17 22:00:00+00:00,82.27,82.53,82.082,82.3,40720.0
2019-11-18 22:00:00+00:00,82.296,82.43,81.75,81.817,53056.0
2019-11-19 22:00:00+00:00,81.815,81.848,81.366,81.638,62293.0
2019-11-20 22:00:00+00:00,81.631,81.853,81.29,81.765,65828.0
2019-11-21 22:00:00+00:00,81.78,81.933,81.627,81.683,50731.0
2019-11-24 22:00:00+00:00,81.716,81.953,81.672,81.909,39622.0
2019-11-25 22:00:00+00:00,81.896,82.203,81.766,82.16,51166.0
2019-11-26 22:00:00+00:00,82.163,82.526,82.138,82.482,39746.0
2019-11-27 22:00:00+00:00,82.471,82.504,82.276,82.464,33368.0
2019-11-28 22:00:00+00:00,82.46,82.513,82.312,82.468,45855.0
2019-12-01 22:00:00+00:00,82.518,82.622,81.876,81.884,52114.0
2019-12-02 22:00:00+00:00,81.942,82.126,81.519,81.715,59664.0
2019-12-03 22:00:00+00:00,81.716,82.568,81.544,82.469,60442.0
2019-12-04 22:00:00+00:00,82.464,82.762,82.433,82.554,47623.0
2019-12-05 22:00:00+00:00,82.516,82.553,81.846,81.928,44303.0
2019-12-08 22:00:00+00:00,81.928,82.145,81.747,81.998,29038.0
2019-12-09 22:00:00+00:00,82.023,82.223,81.925,82.185,42911.0
2019-12-10 22:00:00+00:00,82.202,82.484,82.078,82.411,40398.0
2019-12-11 22:00:00+00:00,82.412,83.032,82.321,82.92,59131.0
2019-12-12 22:00:00+00:00,82.945,83.384,82.714,83.047,88546.0
2019-12-15 22:00:00+00:00,82.948,83.459,82.942,83.267,43662.0
2019-12-16 22:00:00+00:00,83.258,83.336,83.092,83.202,39799.0
2019-12-17 22:00:00+00:00,83.208,83.64,83.062,83.51,38826.0
2019-12-18 22:00:00+00:00,83.544,83.624,83.194,83.327,38140.0
2019-12-19 22:00:00+00:00,83.328,83.36,82.934,83.195,36038.0
2019-12-22 22:00:00+00:00,83.24,83.344,82.988,83.214,32898.0
2019-12-23 22:00:00+00:00,83.21,83.247,83.045,83.082,35726.0
2019-12-25 22:00:00+00:00,83.082,83.677,83.082,83.579,24363.0
2019-12-26 22:00:00+00:00,83.607,83.834,83.466,83.697,53833.0
2019-12-29 22:00:00+00:00,83.732,83.784,83.226,83.333,50164.0
2019-12-30 22:00:00+00:00,83.339,83.918,83.227,83.638,41651.0
2020-01-02 22:00:00+00:00,83.606,83.662,82.988,83.14,76514.0
2020-01-05 22:00:00+00:00,83.06,83.683,82.969,83.588,57952.0
2020-01-06 22:00:00+00:00,83.555,83.734,83.181,83.403,57930.0
2020-01-07 22:00:00+00:00,83.401,83.851,82.808,83.687,114480.0
2020-01-08 22:00:00+00:00,83.65,83.904,83.56,83.896,57622.0
2020-01-09 22:00:00+00:00,83.882,84.144,83.778,83.874,49820.0
2020-01-12 22:00:00+00:00,83.852,84.32,83.822,84.204,38683.0
2020-01-13 22:00:00+00:00,84.208,84.437,84.052,84.202,52208.0
2020-01-14 22:00:00+00:00,84.202,84.335,83.978,84.258,45207.0
2020-01-15 22:00:00+00:00,84.257,84.489,84.211,84.471,39325.0
2020-01-16 22:00:00+00:00,84.469,84.571,84.241,84.305,40314.0
2020-01-19 22:00:00+00:00,84.29,84.462,84.26,84.442,26000.0
2020-01-20 22:00:00+00:00,84.444,84.46,83.942,84.054,51116.0
2020-01-21 22:00:00+00:00,84.05,84.351,83.538,83.616,55522.0
2020-01-22 22:00:00+00:00,83.614,83.641,83.074,83.412,57277.0
2020-01-23 22:00:00+00:00,83.411,83.554,83.01,83.15,53304.0
2020-01-26 22:00:00+00:00,82.808,82.93,82.47,82.536,78438.0
2020-01-27 22:00:00+00:00,82.532,82.979,82.365,82.966,55410.0
2020-01-28 22:00:00+00:00,82.966,83.032,82.566,82.601,51521.0
2020-01-29 22:00:00+00:00,82.6,82.688,82.125,82.5,81795.0
2020-01-30 22:00:00+00:00,82.514,82.7,81.752,81.861,79420.0
2020-02-02 22:00:00+00:00,81.91,82.182,81.578,81.81,72581.0
2020-02-03 22:00:00+00:00,81.82,82.508,81.604,82.49,63510.0
2020-02-04 22:00:00+00:00,82.486,82.704,82.186,82.69,72196.0
2020-02-05 22:00:00+00:00,82.68,82.826,82.565,82.8,53174.0
2020-02-06 22:00:00+00:00,82.789,82.812,82.246,82.474,58896.0
2020-02-09 22:00:00+00:00,82.442,82.664,82.274,82.43,53444.0
2020-02-10 22:00:00+00:00,82.42,82.788,82.39,82.632,45939.0
2020-02-11 22:00:00+00:00,82.616,83.12,82.584,83.094,45637.0
2020-02-12 22:00:00+00:00,83.074,83.092,82.636,82.774,57824.0
2020-02-13 22:00:00+00:00,82.778,82.964,82.705,82.834,41092.0
2020-02-16 22:00:00+00:00,82.894,83.112,82.818,83.026,25800.0
2020-02-17 22:00:00+00:00,83.044,83.046,82.656,82.858,47404.0
2020-02-18 22:00:00+00:00,82.854,84.367,82.845,84.24,52688.0
2020-02-19 22:00:00+00:00,84.2,84.745,84.053,84.553,77202.0
2020-02-20 22:00:00+00:00,84.544,84.666,84.026,84.355,73079.0
2020-02-23 22:00:00+00:00,83.95,84.288,83.1,83.288,93404.0
2020-02-24 22:00:00+00:00,83.266,83.567,82.772,82.99,118775.0
2020-02-25 22:00:00+00:00,82.966,83.404,82.69,82.812,130306.0
2020-02-26 22:00:00+00:00,82.812,82.842,81.799,81.836,152628.0
2020-02-27 22:00:00+00:00,81.847,81.98,80.146,80.64,239271.0
2020-03-01 22:00:00+00:00,79.936,81.395,79.894,81.29,199944.0
2020-03-02 22:00:00+00:00,81.28,81.464,79.958,80.024,189331.0
2020-03-03 22:00:00+00:00,80.04,80.652,79.833,80.338,129939.0
2020-03-04 22:00:00+00:00,80.32,80.486,78.974,79.16,111175.0
2020-03-05 22:00:00+00:00,79.158,79.416,78.234,78.479,234777.0
2020-03-08 21:00:00+00:00,78.479,78.479,73.84,74.708,429189.0
2020-03-09 21:00:00+00:00,74.708,77.241,74.501,76.967,402112.0
2020-03-10 21:00:00+00:00,76.967,77.029,75.662,75.882,321212.0
2020-03-11 21:00:00+00:00,75.882,77.282,74.662,75.146,442972.0
2020-03-12 21:00:00+00:00,75.146,78.392,74.967,78.095,489793.0
2020-03-15 21:00:00+00:00,77.072,77.965,75.296,75.495,506282.0
2020-03-16 21:00:00+00:00,75.495,76.758,75.32,75.825,496018.0
2020-03-17 21:00:00+00:00,75.825,75.9,73.812,74.528,519369.0
2020-03-18 21:00:00+00:00,74.526,76.518,74.206,76.284,537881.0
2020-03-19 21:00:00+00:00,76.286,77.799,76.25,77.034,434873.0
2020-03-22 21:00:00+00:00,77.16,77.228,75.988,76.748,450929.0
2020-03-23 21:00:00+00:00,76.748,77.122,76.235,76.896,328637.0
2020-03-24 21:00:00+00:00,76.896,78.484,76.734,78.364,305919.0
2020-03-25 21:00:00+00:00,78.364,78.427,77.334,78.184,330989.0
2020-03-26 21:00:00+00:00,78.184,78.282,76.61,77.164,282347.0
2020-03-29 21:00:00+00:00,76.841,77.008,76.007,76.094,240292.0
2020-03-30 21:00:00+00:00,76.094,76.783,75.43,76.474,278430.0
2020-03-31 21:00:00+00:00,76.474,76.54,75.158,75.519,229379.0
2020-04-01 21:00:00+00:00,75.519,76.567,74.974,76.334,258037.0
2020-04-02 21:00:00+00:00,76.331,76.966,76.083,76.426,226527.0
2020-04-05 21:00:00+00:00,75.647,77.59,75.647,77.396,189219.0
2020-04-06 21:00:00+00:00,77.396,78.184,77.084,77.72,219247.0
2020-04-07 21:00:00+00:00,77.72,77.841,77.243,77.656,188285.0
2020-04-08 21:00:00+00:00,77.656,77.967,77.24,77.637,198077.0
2020-04-09 21:00:00+00:00,77.637,77.74,77.413,77.721,66070.0
2020-04-12 21:00:00+00:00,77.839,77.882,76.996,77.512,134769.0
2020-04-13 21:00:00+00:00,77.512,77.71,76.926,77.234,123248.0
2020-04-14 21:00:00+00:00,77.234,77.234,76.061,76.118,153832.0
2020-04-15 21:00:00+00:00,76.118,76.644,75.937,76.638,161746.0
2020-04-16 21:00:00+00:00,76.638,77.075,76.318,76.799,150326.0
2020-04-19 21:00:00+00:00,76.724,76.81,76.05,76.058,127750.0
2020-04-20 21:00:00+00:00,76.096,76.329,75.319,75.84,198294.0
2020-04-21 21:00:00+00:00,75.856,76.412,75.587,76.087,142387.0
2020-04-22 21:00:00+00:00,76.131,76.899,75.88,76.477,167553.0
2020-04-23 21:00:00+00:00,76.449,76.712,76.097,76.25,122767.0
2020-04-26 21:00:00+00:00,76.302,76.47,76.048,76.441,115498.0
2020-04-27 21:00:00+00:00,76.463,76.558,76.167,76.346,139701.0
2020-04-28 21:00:00+00:00,76.346,76.884,76.262,76.876,101147.0
2020-04-29 21:00:00+00:00,76.875,77.259,76.574,76.852,188563.0
2020-04-30 21:00:00+00:00,76.848,76.965,75.676,75.882,133425.0
2020-05-03 21:00:00+00:00,75.866,76.044,75.402,75.76,91151.0
2020-05-04 21:00:00+00:00,75.776,76.132,75.668,75.863,108083.0
2020-05-05 21:00:00+00:00,75.87,75.926,74.922,74.998,116193.0
2020-05-06 21:00:00+00:00,75.024,76.213,74.786,76.046,89881.0
2020-05-07 21:00:00+00:00,76.038,76.651,75.974,76.562,75316.0
2020-05-10 21:00:00+00:00,76.452,77.062,76.42,76.832,91129.0
2020-05-11 21:00:00+00:00,76.803,76.868,76.097,76.112,88323.0
2020-05-12 21:00:00+00:00,76.104,76.37,75.807,75.908,94617.0
2020-05-13 21:00:00+00:00,75.92,76.49,75.58,76.323,91815.0
2020-05-14 21:00:00+00:00,76.365,76.528,75.8,75.884,85595.0
2020-05-17 21:00:00+00:00,75.994,77.007,75.878,77.004,70478.0
2020-05-18 21:00:00+00:00,77.008,77.821,76.839,77.237,89362.0
2020-05-19 21:00:00+00:00,77.25,77.575,77.16,77.368,71762.0
2020-05-20 21:00:00+00:00,77.342,77.524,77.071,77.121,75641.0
2020-05-21 21:00:00+00:00,77.122,77.268,76.528,76.878,72007.0
2020-05-24 21:00:00+00:00,76.911,77.102,76.834,77.028,52230.0
2020-05-25 21:00:00+00:00,77.023,78.176,77.02,78.076,77479.0
2020-05-26 21:00:00+00:00,78.088,78.529,77.791,78.33,105498.0
2020-05-27 21:00:00+00:00,78.334,78.51,78.04,78.191,98503.0
2020-05-28 21:00:00+00:00,78.204,78.402,77.778,78.307,125541.0
2020-05-31 21:00:00+00:00,78.307,79.344,78.052,79.266,96237.0
2020-06-01 21:00:00+00:00,79.239,80.532,79.155,80.39,103492.0
2020-06-02 21:00:00+00:00,80.396,80.794,79.958,80.698,124085.0
2020-06-03 21:00:00+00:00,80.684,80.956,80.234,80.848,119424.0
2020-06-04 21:00:00+00:00,80.841,81.912,80.707,81.654,154495.0
2020-06-07 21:00:00+00:00,81.718,81.876,80.831,81.022,100226.0
2020-06-08 21:00:00+00:00,81.065,81.132,79.954,80.32,121183.0
2020-06-09 21:00:00+00:00,80.317,80.422,79.782,79.876,137684.0
2020-06-10 21:00:00+00:00,79.864,79.962,78.384,78.406,162605.0
2020-06-11 21:00:00+00:00,78.428,79.484,78.029,79.028,174557.0
2020-06-14 21:00:00+00:00,78.915,79.234,78.326,79.07,147388.0
2020-06-15 21:00:00+00:00,79.102,79.654,78.79,79.262,141108.0
2020-06-16 21:00:00+00:00,79.276,79.493,78.774,78.888,115044.0
2020-06-17 21:00:00+00:00,78.865,79.144,78.44,78.658,114583.0
2020-06-18 21:00:00+00:00,78.652,78.91,78.466,78.544,102386.0
2020-06-21 21:00:00+00:00,78.436,79.084,78.372,79.064,87290.0
2020-06-22 21:00:00+00:00,79.053,79.338,78.5,78.61,123798.0
2020-06-23 21:00:00+00:00,78.624,78.864,78.383,78.49,111883.0
2020-06-24 21:00:00+00:00,78.502,78.772,78.346,78.598,98322.0
2020-06-25 21:00:00+00:00,78.63,78.645,78.118,78.332,87314.0
2020-06-28 21:00:00+00:00,78.319,78.867,78.226,78.754,84178.0
2020-06-29 21:00:00+00:00,78.746,79.564,78.617,79.506,98660.0
2020-06-30 21:00:00+00:00,79.494,79.703,78.994,79.09,83482.0
2020-07-01 21:00:00+00:00,79.103,79.332,78.932,79.256,78740.0
2020-07-02 21:00:00+00:00,79.254,79.36,79.16,79.346,61357.0
2020-07-05 21:00:00+00:00,79.277,79.647,79.193,79.318,66955.0
2020-07-06 21:00:00+00:00,79.349,79.422,79.014,79.031,72262.0
2020-07-07 21:00:00+00:00,79.044,79.472,78.948,79.375,82815.0
2020-07-08 21:00:00+00:00,79.424,79.542,78.848,78.915,85467.0
2020-07-09 21:00:00+00:00,78.9,78.974,78.388,78.668,77208.0
2020-07-12 21:00:00+00:00,78.696,79.222,78.594,78.844,70634.0
2020-07-13 21:00:00+00:00,78.826,78.904,78.606,78.764,95450.0
2020-07-14 21:00:00+00:00,78.756,79.198,78.551,79.156,82369.0
2020-07-15 21:00:00+00:00,79.154,79.29,79.0,79.022,72532.0
2020-07-16 21:00:00+00:00,79.026,79.12,78.748,78.825,56731.0
2020-07-19 21:00:00+00:00,78.927,79.33,78.77,79.265,70713.0
2020-07-20 21:00:00+00:00,79.22,79.737,79.186,79.356,69605.0
2020-07-21 21:00:00+00:00,79.345,79.983,79.328,79.861,82303.0
2020-07-22 21:00:00+00:00,79.868,80.146,79.632,79.703,83084.0
2020-07-23 21:00:00+00:00,79.68,79.778,78.662,79.112,108239.0
2020-07-26 21:00:00+00:00,79.021,79.134,78.456,78.908,107288.0
2020-07-27 21:00:00+00:00,78.909,79.048,78.331,78.543,102414.0
2020-07-28 21:00:00+00:00,78.55,78.729,78.47,78.682,95675.0
2020-07-29 21:00:00+00:00,78.654,78.822,77.828,78.024,104814.0
2020-07-30 21:00:00+00:00,77.984,79.102,77.617,78.925,148124.0
2020-08-02 21:00:00+00:00,78.919,79.326,78.688,79.111,112111.0
2020-08-03 21:00:00+00:00,79.176,79.39,79.02,79.376,85151.0
2020-08-04 21:00:00+00:00,79.394,79.866,79.296,79.6,92315.0
2020-08-05 21:00:00+00:00,79.555,79.64,79.234,79.31,94475.0
2020-08-06 21:00:00+00:00,79.303,79.366,78.96,79.145,99460.0
2020-08-09 21:00:00+00:00,79.058,79.392,79.018,79.372,65841.0
2020-08-10 21:00:00+00:00,79.344,80.312,79.296,80.076,102402.0
2020-08-11 21:00:00+00:00,80.072,80.828,79.922,80.688,100570.0
2020-08-12 21:00:00+00:00,80.728,80.989,80.512,80.855,86419.0
2020-08-13 21:00:00+00:00,80.852,80.959,80.285,80.346,74294.0
2020-08-16 21:00:00+00:00,80.51,80.525,80.205,80.213,67622.0
2020-08-17 21:00:00+00:00,80.21,80.29,79.895,80.048,86972.0
2020-08-18 21:00:00+00:00,80.122,80.37,79.892,80.292,96435.0
2020-08-19 21:00:00+00:00,80.288,80.388,80.0,80.236,97626.0
2020-08-20 21:00:00+00:00,80.262,80.329,79.898,80.298,87989.0
2020-08-23 21:00:00+00:00,80.284,80.492,80.029,80.18,72739.0
2020-08-24 21:00:00+00:00,80.188,80.796,80.045,80.768,82496.0
2020-08-25 21:00:00+00:00,80.764,80.953,80.543,80.638,74801.0
2020-08-26 21:00:00+00:00,80.658,81.286,80.516,81.17,128724.0
2020-08-27 21:00:00+00:00,81.194,81.584,80.302,80.444,138520.0
2020-08-30 21:00:00+00:00,80.507,81.422,80.387,81.17,108179.0
2020-08-31 21:00:00+00:00,81.243,81.464,80.986,81.106,110545.0
2020-09-01 21:00:00+00:00,81.121,81.446,81.032,81.398,93419.0
2020-09-02 21:00:00+00:00,81.37,81.446,80.586,80.894,107678.0
2020-09-03 21:00:00+00:00,80.884,81.415,80.72,81.334,114569.0
2020-09-06 21:00:00+00:00,81.434,81.44,80.98,81.136,57054.0
2020-09-07 21:00:00+00:00,81.148,81.203,80.088,80.1,99211.0
2020-09-08 21:00:00+00:00,80.114,80.804,79.814,80.761,85055.0
2020-09-09 21:00:00+00:00,80.789,80.89,80.377,80.446,98962.0
2020-09-10 21:00:00+00:00,80.456,80.779,80.355,80.566,81019.0
2020-09-13 21:00:00+00:00,80.512,80.651,80.122,80.248,67805.0
2020-09-14 21:00:00+00:00,80.234,80.444,79.897,79.969,70212.0
2020-09-15 21:00:00+00:00,79.926,79.996,79.515,79.639,103811.0
2020-09-16 21:00:00+00:00,79.596,79.724,79.068,79.557,103890.0
2020-09-17 21:00:00+00:00,79.593,79.77,79.052,79.2,86500.0
2020-09-20 21:00:00+00:00,79.208,79.278,78.52,78.64,110409.0
2020-09-21 21:00:00+00:00,78.672,78.95,78.374,78.88,98049.0
2020-09-22 21:00:00+00:00,78.879,79.098,78.667,78.738,98413.0
2020-09-23 21:00:00+00:00,78.744,79.082,78.482,78.888,107470.0
2020-09-24 21:00:00+00:00,78.902,79.049,78.7,78.87,82469.0
2020-09-27 21:00:00+00:00,78.799,78.969,78.603,78.918,76970.0
2020-09-28 21:00:00+00:00,78.895,79.102,78.764,78.936,74400.0
2020-09-29 21:00:00+00:00,78.9,79.308,78.572,79.245,101569.0
2020-09-30 21:00:00+00:00,79.214,79.57,79.138,79.403,86411.0
2020-10-01 21:00:00+00:00,79.423,79.488,78.753,79.12,111609.0
2020-10-04 21:00:00+00:00,79.166,79.771,79.142,79.72,67379.0
2020-10-05 21:00:00+00:00,79.689,79.806,79.27,79.344,79841.0
2020-10-06 21:00:00+00:00,79.356,79.962,79.192,79.939,68137.0
2020-10-07 21:00:00+00:00,79.853,80.362,79.839,80.35,59383.0
2020-10-08 21:00:00+00:00,80.337,80.61,80.237,80.52,63762.0
2020-10-11 21:00:00+00:00,80.538,80.637,80.264,80.328,48731.0
2020-10-12 21:00:00+00:00,80.336,80.526,80.128,80.278,69306.0
2020-10-13 21:00:00+00:00,80.284,80.35,79.859,80.002,60642.0
2020-10-14 21:00:00+00:00,79.981,80.096,79.448,79.768,105240.0
2020-10-15 21:00:00+00:00,79.739,79.998,79.471,79.911,97875.0
2020-10-18 21:00:00+00:00,79.896,80.198,79.86,79.942,84261.0
2020-10-19 21:00:00+00:00,79.908,80.522,79.879,80.358,92095.0
2020-10-20 21:00:00+00:00,80.325,80.476,79.504,79.556,100834.0
2020-10-21 21:00:00+00:00,79.546,79.894,79.402,79.79,96775.0
2020-10-22 21:00:00+00:00,79.837,79.918,79.588,79.78,82455.0
2020-10-25 21:00:00+00:00,79.729,79.768,79.299,79.346,87332.0
2020-10-26 21:00:00+00:00,79.368,79.538,79.186,79.198,73541.0
2020-10-27 21:00:00+00:00,79.2,79.273,78.225,78.295,113734.0
2020-10-28 21:00:00+00:00,78.31,78.638,77.918,78.502,136874.0
2020-10-29 21:00:00+00:00,78.504,78.709,78.068,78.54,130213.0
2020-11-01 22:00:00+00:00,78.485,79.27,78.214,79.222,95223.0
2020-11-02 22:00:00+00:00,79.262,79.826,78.994,79.486,116950.0
2020-11-03 22:00:00+00:00,79.556,79.88,78.878,79.576,265135.0
2020-11-04 22:00:00+00:00,79.564,79.705,79.191,79.337,170080.0
2020-11-05 22:00:00+00:00,79.32,79.394,78.958,79.158,153992.0
2020-11-08 22:00:00+00:00,79.235,81.426,79.086,81.008,202154.0
2020-11-09 22:00:00+00:00,80.984,81.106,80.566,80.792,151706.0
2020-11-10 22:00:00+00:00,80.836,80.954,80.58,80.71,105953.0
2020-11-11 22:00:00+00:00,80.696,80.738,79.934,80.006,112809.0
2020-11-12 22:00:00+00:00,79.988,80.1,79.414,79.666,87007.0
2020-11-15 22:00:00+00:00,79.728,80.349,79.614,79.99,89259.0
2020-11-16 22:00:00+00:00,79.984,80.002,79.387,79.508,76047.0
2020-11-17 22:00:00+00:00,79.524,79.668,79.242,79.378,77147.0
2020-11-18 22:00:00+00:00,79.362,79.494,79.232,79.374,85396.0
2020-11-19 22:00:00+00:00,79.42,79.586,79.264,79.316,67911.0
2020-11-22 22:00:00+00:00,79.306,79.959,79.29,79.896,72058.0
2020-11-23 22:00:00+00:00,79.9,80.416,79.848,80.358,73671.0
2020-11-24 22:00:00+00:00,80.363,80.482,80.119,80.318,64426.0
2020-11-25 22:00:00+00:00,80.328,80.355,80.058,80.102,57630.0
2020-11-26 22:00:00+00:00,80.099,80.252,79.844,80.163,47633.0
2020-11-29 22:00:00+00:00,80.055,80.65,79.934,80.187,70404.0
2020-11-30 22:00:00+00:00,80.205,80.76,80.179,80.646,64238.0
2020-12-01 22:00:00+00:00,80.644,81.016,80.57,80.821,77612.0
2020-12-02 22:00:00+00:00,80.825,80.912,80.426,80.738,74724.0
2020-12-03 22:00:00+00:00,80.778,81.568,80.629,81.503,77972.0
2020-12-06 22:00:00+00:00,81.447,81.56,81.168,81.308,63278.0
2020-12-07 22:00:00+00:00,81.322,81.478,81.176,81.252,72882.0
2020-12-08 22:00:00+00:00,81.27,81.63,81.222,81.326,62232.0
2020-12-09 22:00:00+00:00,81.322,82.122,81.259,81.826,84067.0
2020-12-10 22:00:00+00:00,81.825,81.838,81.294,81.49,72190.0
2020-12-13 22:00:00+00:00,81.547,81.628,81.304,81.51,71986.0
2020-12-14 22:00:00+00:00,81.54,81.728,81.381,81.635,62530.0
2020-12-15 22:00:00+00:00,81.626,81.668,80.955,81.217,82598.0
2020-12-16 22:00:00+00:00,81.187,81.316,80.934,81.069,85154.0
2020-12-17 22:00:00+00:00,81.056,81.306,80.718,80.822,75076.0
2020-12-20 22:00:00+00:00,80.883,80.914,80.15,80.377,111669.0
2020-12-21 22:00:00+00:00,80.408,80.468,80.146,80.296,88736.0
2020-12-22 22:00:00+00:00,80.297,80.714,80.194,80.626,98157.0
2020-12-23 22:00:00+00:00,80.592,80.911,80.474,80.571,63568.0
2020-12-27 22:00:00+00:00,80.507,80.864,80.457,80.758,69670.0
2020-12-28 22:00:00+00:00,80.76,81.06,80.722,80.824,78938.0
2020-12-29 22:00:00+00:00,80.788,81.044,80.535,80.88,99150.0
2020-12-30 22:00:00+00:00,80.833,81.2,80.779,81.18,61094.0
2021-01-03 22:00:00+00:00,81.084,81.2,80.606,80.72,93364.0
2021-01-04 22:00:00+00:00,80.716,81.118,80.56,81.074,89180.0
2021-01-05 22:00:00+00:00,81.054,81.538,80.964,81.286,140126.0
2021-01-06 22:00:00+00:00,81.245,81.944,81.236,81.798,109037.0
2021-01-07 22:00:00+00:00,81.798,81.993,81.613,81.94,110478.0
2021-01-10 22:00:00+00:00,81.831,81.878,81.239,81.55,84487.0
2021-01-11 22:00:00+00:00,81.522,81.816,81.478,81.609,90303.0
2021-01-12 22:00:00+00:00,81.667,81.921,81.457,81.809,73980.0
2021-01-13 22:00:00+00:00,81.812,82.19,81.736,82.13,88785.0
2021-01-14 22:00:00+00:00,82.124,82.146,81.318,81.59,78665.0
2021-01-17 22:00:00+00:00,81.526,81.6,81.086,81.294,78553.0
2021-01-18 22:00:00+00:00,81.294,81.795,81.29,81.588,62952.0
2021-01-19 22:00:00+00:00,81.596,82.126,81.54,81.944,71816.0
2021-01-20 22:00:00+00:00,81.939,82.214,81.855,81.911,80385.0
2021-01-21 22:00:00+00:00,81.908,81.93,81.47,81.497,70480.0
2021-01-24 22:00:00+00:00,81.648,81.776,81.239,81.439,71383.0
2021-01-25 22:00:00+00:00,81.439,81.692,81.166,81.622,67370.0
2021-01-26 22:00:00+00:00,81.626,81.68,81.225,81.333,101432.0
2021-01-27 22:00:00+00:00,81.33,81.56,80.988,81.242,111488.0
2021-01-28 22:00:00+00:00,81.25,82.192,81.148,81.962,131019.0
2021-01-31 22:00:00+00:00,81.938,82.051,81.579,81.656,119322.0
2021-02-01 22:00:00+00:00,81.658,82.152,81.574,82.134,105590.0
2021-02-02 22:00:00+00:00,82.13,82.288,81.996,82.148,89111.0
2021-02-03 22:00:00+00:00,82.138,82.362,82.088,82.284,81524.0
2021-02-04 22:00:00+00:00,82.272,82.632,82.246,82.603,96929.0
2021-02-07 22:00:00+00:00,82.571,82.714,82.402,82.604,91381.0
2021-02-08 22:00:00+00:00,82.604,82.63,81.966,82.398,99352.0
2021-02-09 22:00:00+00:00,82.334,82.566,82.29,82.349,90022.0
2021-02-10 22:00:00+00:00,82.344,82.672,82.288,82.462,66197.0
2021-02-11 22:00:00+00:00,82.476,82.772,82.335,82.656,62542.0
2021-02-14 22:00:00+00:00,82.709,83.4,82.696,83.372,60133.0
2021-02-15 22:00:00+00:00,83.36,83.75,83.234,83.552,78761.0
2021-02-16 22:00:00+00:00,83.554,83.626,83.033,83.358,93510.0
2021-02-17 22:00:00+00:00,83.326,83.423,83.112,83.389,75481.0
2021-02-18 22:00:00+00:00,83.372,83.863,83.103,83.568,70765.0
2021-02-21 22:00:00+00:00,83.568,83.944,83.156,83.292,71912.0
2021-02-22 22:00:00+00:00,83.294,83.703,83.196,83.606,81303.0
2021-02-23 22:00:00+00:00,83.616,84.654,83.519,84.628,99318.0
2021-02-24 22:00:00+00:00,84.576,85.102,84.197,84.288,154553.0
2021-02-25 22:00:00+00:00,84.258,84.429,83.581,83.662,171650.0
2021-02-28 22:00:00+00:00,83.69,84.472,83.636,84.422,91663.0
2021-03-01 22:00:00+00:00,84.39,84.71,84.113,84.456,91857.0
2021-03-02 22:00:00+00:00,84.433,84.866,84.402,84.57,90271.0
2021-03-03 22:00:00+00:00,84.544,85.542,84.442,85.243,132975.0
2021-03-04 22:00:00+00:00,85.255,85.712,84.942,85.578,143075.0
2021-03-07 22:00:00+00:00,85.623,86.11,85.458,85.976,120618.0
2021-03-08 22:00:00+00:00,85.966,86.383,85.731,85.827,114381.0
2021-03-09 22:00:00+00:00,85.814,86.05,85.76,85.892,107327.0
2021-03-10 22:00:00+00:00,85.912,86.608,85.878,86.606,103158.0
2021-03-11 22:00:00+00:00,86.598,87.492,86.567,87.38,98299.0
2021-03-14 21:00:00+00:00,87.372,87.668,87.217,87.495,78722.0
2021-03-15 21:00:00+00:00,87.516,87.645,87.226,87.57,79040.0
2021-03-16 21:00:00+00:00,87.56,87.784,87.434,87.742,92183.0
2021-03-17 21:00:00+00:00,87.732,88.084,86.888,87.217,109605.0
2021-03-18 21:00:00+00:00,87.23,87.306,86.814,87.104,102994.0
2021-03-21 21:00:00+00:00,86.768,87.204,86.71,86.922,64492.0
2021-03-22 21:00:00+00:00,86.91,86.965,86.077,86.26,82077.0
2021-03-23 21:00:00+00:00,86.298,86.814,86.092,86.45,71629.0
2021-03-24 21:00:00+00:00,86.414,86.944,86.376,86.572,84920.0
2021-03-25 21:00:00+00:00,86.566,87.4,86.559,87.214,76528.0
2021-03-28 21:00:00+00:00,87.268,87.273,86.636,87.234,64512.0
2021-03-29 21:00:00+00:00,87.203,87.648,87.16,87.344,75902.0
2021-03-30 21:00:00+00:00,87.423,88.244,87.34,88.121,85680.0
2021-03-31 21:00:00+00:00,88.134,88.238,87.838,88.166,64350.0
2021-04-01 21:00:00+00:00,88.188,88.306,87.86,88.037,59322.0
2021-04-04 21:00:00+00:00,87.965,88.196,87.824,87.976,43538.0
2021-04-05 21:00:00+00:00,87.988,88.096,87.286,87.318,67696.0
2021-04-06 21:00:00+00:00,87.312,87.385,86.856,87.108,75707.0
2021-04-07 21:00:00+00:00,87.116,87.143,86.502,86.989,73939.0
2021-04-08 21:00:00+00:00,86.968,87.579,86.76,87.522,67030.0
2021-04-11 21:00:00+00:00,87.469,87.606,87.034,87.076,57773.0
2021-04-12 21:00:00+00:00,87.101,87.264,86.571,87.014,70011.0
2021-04-13 21:00:00+00:00,87.016,87.162,86.626,87.016,64160.0
2021-04-14 21:00:00+00:00,87.057,87.19,86.602,86.694,67908.0
2021-04-15 21:00:00+00:00,86.714,87.118,86.562,86.983,61824.0
2021-04-18 21:00:00+00:00,86.988,87.0,86.185,86.308,77254.0
2021-04-19 21:00:00+00:00,86.287,86.908,85.649,85.724,81017.0
2021-04-20 21:00:00+00:00,85.718,86.791,85.427,86.458,81877.0
2021-04-21 21:00:00+00:00,86.48,86.728,86.196,86.332,81147.0
2021-04-22 21:00:00+00:00,86.324,86.582,86.008,86.46,65475.0
2021-04-25 21:00:00+00:00,86.492,87.324,86.344,87.198,68137.0
2021-04-26 21:00:00+00:00,87.194,87.725,87.176,87.661,55104.0
2021-04-27 21:00:00+00:00,87.639,88.278,87.604,88.186,73006.0
2021-04-28 21:00:00+00:00,88.164,88.862,88.116,88.668,64072.0
2021-04-29 21:00:00+00:00,88.672,89.049,88.532,88.96,70388.0
2021-05-02 21:00:00+00:00,88.906,89.182,88.65,88.824,45739.0
2021-05-03 21:00:00+00:00,88.834,88.962,88.436,88.792,65673.0
2021-05-04 21:00:00+00:00,88.818,89.16,88.796,89.033,59473.0
2021-05-05 21:00:00+00:00,88.98,89.841,88.966,89.788,84968.0
2021-05-06 21:00:00+00:00,89.785,89.84,89.073,89.506,90866.0
2021-05-09 21:00:00+00:00,89.595,90.115,89.46,89.926,75955.0
2021-05-10 21:00:00+00:00,89.93,90.064,89.364,89.76,96264.0
2021-05-11 21:00:00+00:00,89.768,90.648,89.706,90.396,123614.0
2021-05-12 21:00:00+00:00,90.391,90.584,89.738,90.002,105567.0
2021-05-13 21:00:00+00:00,90.004,90.51,89.916,90.316,62654.0
2021-05-16 21:00:00+00:00,90.23,90.54,90.005,90.522,57878.0
2021-05-17 21:00:00+00:00,90.519,90.742,90.188,90.242,58964.0
2021-05-18 21:00:00+00:00,90.225,90.586,89.586,90.018,97949.0
2021-05-19 21:00:00+00:00,90.074,90.288,89.722,90.206,70556.0
2021-05-20 21:00:00+00:00,90.184,90.464,89.856,90.288,62936.0
2021-05-23 21:00:00+00:00,90.24,90.374,90.016,90.302,51004.0
2021-05-24 21:00:00+00:00,90.234,90.506,90.094,90.142,72063.0
2021-05-25 21:00:00+00:00,90.154,90.368,89.86,90.029,65857.0
2021-05-26 21:00:00+00:00,90.028,91.066,89.914,91.03,86398.0
2021-05-27 21:00:00+00:00,90.988,91.167,90.762,90.971,77703.0
2021-05-30 21:00:00+00:00,91.002,91.015,90.525,90.85,59664.0
2021-05-31 21:00:00+00:00,90.848,91.186,90.628,90.702,68201.0
2021-06-01 21:00:00+00:00,90.686,91.074,90.622,91.044,60822.0
2021-06-02 21:00:00+00:00,91.052,91.152,90.901,91.096,75175.0
2021-06-03 21:00:00+00:00,91.084,91.118,90.463,90.623,71468.0
2021-06-06 21:00:00+00:00,90.727,90.786,90.326,90.428,56199.0
2021-06-07 21:00:00+00:00,90.426,90.664,90.338,90.395,61382.0
2021-06-08 21:00:00+00:00,90.403,90.708,90.332,90.526,54939.0
2021-06-09 21:00:00+00:00,90.511,90.796,90.322,90.385,82268.0
2021-06-10 21:00:00+00:00,90.382,90.598,90.096,90.212,65954.0
2021-06-13 21:00:00+00:00,90.154,90.678,90.119,90.624,61705.0
2021-06-14 21:00:00+00:00,90.644,90.748,90.234,90.313,63388.0
2021-06-15 21:00:00+00:00,90.353,90.45,89.978,90.18,94422.0
2021-06-16 21:00:00+00:00,90.134,90.254,89.026,89.236,117746.0
2021-06-17 21:00:00+00:00,89.196,89.37,88.347,88.436,109347.0
2021-06-20 21:00:00+00:00,88.433,89.303,87.968,89.251,101376.0
2021-06-21 21:00:00+00:00,89.255,89.966,89.022,89.934,76978.0
2021-06-22 21:00:00+00:00,89.827,90.409,89.827,90.168,78102.0
2021-06-23 21:00:00+00:00,90.162,90.326,89.828,89.989,86367.0
2021-06-24 21:00:00+00:00,89.974,90.218,89.877,90.119,63541.0
2021-06-27 21:00:00+00:00,90.084,90.165,89.543,89.666,66132.0
2021-06-28 21:00:00+00:00,89.676,89.682,89.125,89.136,70635.0
2021-06-29 21:00:00+00:00,89.116,89.736,88.906,89.617,83677.0
2021-06-30 21:00:00+00:00,89.602,90.113,89.5,89.686,88432.0
2021-07-01 21:00:00+00:00,89.634,90.192,89.6,90.109,78310.0
2021-07-04 21:00:00+00:00,90.078,90.176,89.688,89.938,70482.0
2021-07-05 21:00:00+00:00,89.915,90.106,88.488,88.808,89184.0
2021-07-06 21:00:00+00:00,88.77,89.13,88.407,88.627,96200.0
2021-07-07 21:00:00+00:00,88.699,88.702,87.108,87.578,133520.0
2021-07-08 21:00:00+00:00,87.582,88.518,87.442,88.486,93064.0
2021-07-11 21:00:00+00:00,88.444,88.64,87.988,88.62,67669.0
2021-07-12 21:00:00+00:00,88.619,88.718,88.018,88.4,76424.0
2021-07-13 21:00:00+00:00,88.404,88.581,87.842,87.896,83572.0
2021-07-14 21:00:00+00:00,87.916,87.972,87.056,87.225,91336.0
2021-07-15 21:00:00+00:00,87.273,87.728,87.13,87.286,76905.0
2021-07-18 21:00:00+00:00,87.283,87.335,85.422,85.852,119355.0
2021-07-19 21:00:00+00:00,85.857,86.672,85.564,86.635,113915.0
2021-07-20 21:00:00+00:00,86.634,88.003,86.266,87.836,97161.0
2021-07-21 21:00:00+00:00,87.836,87.954,87.436,87.688,86790.0
2021-07-22 21:00:00+00:00,87.678,88.044,87.626,87.999,63585.0
2021-07-25 21:00:00+00:00,87.958,88.024,87.51,87.999,74921.0
2021-07-26 21:00:00+00:00,87.956,88.02,87.082,87.114,93464.0
2021-07-27 21:00:00+00:00,87.096,87.83,87.083,87.77,114496.0
2021-07-28 21:00:00+00:00,87.738,88.176,87.557,87.95,88732.0
2021-07-29 21:00:00+00:00,87.978,88.296,87.778,87.923,79676.0
2021-08-01 21:00:00+00:00,87.858,88.069,87.27,87.41,71778.0
2021-08-02 21:00:00+00:00,87.401,87.502,86.577,86.97,78587.0
2021-08-03 21:00:00+00:00,87.025,87.441,86.667,87.309,80296.0
2021-08-04 21:00:00+00:00,87.308,87.94,87.221,87.8,73413.0
2021-08-05 21:00:00+00:00,87.856,88.038,87.657,87.788,73184.0
2021-08-08 21:00:00+00:00,87.903,87.903,87.593,87.726,65466.0
2021-08-09 21:00:00+00:00,87.704,88.332,87.623,88.32,58602.0
2021-08-10 21:00:00+00:00,88.304,88.465,88.215,88.322,65402.0
2021-08-11 21:00:00+00:00,88.297,88.378,88.061,88.156,47408.0
2021-08-12 21:00:00+00:00,88.134,88.223,87.512,87.59,45424.0
2021-08-15 21:00:00+00:00,87.637,87.694,86.744,86.908,60494.0
2021-08-16 21:00:00+00:00,86.934,86.975,86.394,86.772,78288.0
2021-08-17 21:00:00+00:00,86.754,87.144,86.616,86.716,81972.0
2021-08-18 21:00:00+00:00,86.724,86.884,85.556,85.557,115011.0
2021-08-19 21:00:00+00:00,85.566,85.738,84.672,85.645,87245.0
2021-08-22 21:00:00+00:00,85.587,86.767,85.504,86.73,59566.0
2021-08-23 21:00:00+00:00,86.72,87.17,86.635,87.09,50215.0
2021-08-24 21:00:00+00:00,87.004,87.387,86.892,87.363,61917.0
2021-08-25 21:00:00+00:00,87.391,87.5,86.662,86.767,73222.0
2021-08-26 21:00:00+00:00,86.742,87.19,86.55,87.06,75467.0
2021-08-29 21:00:00+00:00,87.018,87.432,86.896,87.191,47048.0
2021-08-30 21:00:00+00:00,87.214,87.435,86.808,87.196,82715.0
2021-08-31 21:00:00+00:00,87.205,87.73,87.122,87.184,72383.0
2021-09-01 21:00:00+00:00,87.178,87.644,86.998,87.582,68262.0
2021-09-02 21:00:00+00:00,87.587,87.892,87.434,87.586,79711.0
2021-09-05 21:00:00+00:00,87.583,87.739,87.494,87.656,43520.0
2021-09-06 21:00:00+00:00,87.636,87.724,87.157,87.212,76502.0
2021-09-07 21:00:00+00:00,87.185,87.353,86.459,86.878,89325.0
2021-09-08 21:00:00+00:00,86.859,86.914,86.38,86.656,86367.0
2021-09-09 21:00:00+00:00,86.636,87.314,86.572,86.59,66522.0
2021-09-12 21:00:00+00:00,86.64,87.018,86.58,86.954,55970.0
2021-09-13 21:00:00+00:00,86.954,87.24,86.33,86.41,72497.0
2021-09-14 21:00:00+00:00,86.399,86.636,85.963,86.564,75061.0
2021-09-15 21:00:00+00:00,86.61,86.818,86.322,86.528,72672.0
2021-09-16 21:00:00+00:00,86.522,87.023,86.1,86.136,71691.0
2021-09-19 21:00:00+00:00,86.173,86.331,84.902,85.304,67790.0
2021-09-20 21:00:00+00:00,85.312,86.028,85.031,85.178,68524.0
2021-09-21 21:00:00+00:00,85.184,86.266,85.095,85.971,86378.0
2021-09-22 21:00:00+00:00,85.926,87.205,85.845,87.174,77143.0
2021-09-23 21:00:00+00:00,87.128,87.635,86.838,87.536,63827.0
2021-09-26 21:00:00+00:00,87.488,87.979,87.439,87.903,68194.0
2021-09-27 21:00:00+00:00,87.894,88.318,87.629,87.912,116890.0
2021-09-28 21:00:00+00:00,87.902,88.094,87.647,87.823,97291.0
2021-09-29 21:00:00+00:00,87.792,88.312,87.64,87.752,106297.0
2021-09-30 21:00:00+00:00,87.758,87.965,87.183,87.832,109191.0
2021-10-03 21:00:00+00:00,87.702,88.526,87.697,88.114,90853.0
2021-10-04 21:00:00+00:00,88.112,88.837,87.97,88.592,73319.0
2021-10-05 21:00:00+00:00,88.595,88.753,88.0,88.487,100671.0
2021-10-06 21:00:00+00:00,88.487,89.002,88.344,88.946,78545.0
2021-10-07 21:00:00+00:00,88.938,90.058,88.896,89.981,96960.0
2021-10-10 21:00:00+00:00,89.908,91.026,89.894,90.779,61869.0
2021-10-11 21:00:00+00:00,90.744,91.414,90.542,91.119,88721.0
2021-10-12 21:00:00+00:00,91.138,91.354,90.926,91.022,77667.0
2021-10-13 21:00:00+00:00,91.029,92.002,90.964,91.899,62179.0
2021-10-14 21:00:00+00:00,91.906,92.67,91.838,92.428,77571.0
2021-10-17 21:00:00+00:00,92.359,92.572,92.076,92.346,82494.0
2021-10-18 21:00:00+00:00,92.337,92.704,92.246,92.498,67774.0
2021-10-19 21:00:00+00:00,92.494,92.872,92.348,92.803,80350.0
2021-10-20 21:00:00+00:00,92.755,93.026,91.893,92.159,89945.0
2021-10-21 21:00:00+00:00,92.129,92.496,91.654,91.8,93167.0
2021-10-24 21:00:00+00:00,91.814,92.148,91.698,91.825,77649.0
2021-10-25 21:00:00+00:00,91.824,92.52,91.78,92.136,66665.0
2021-10-26 21:00:00+00:00,92.141,92.478,91.246,92.075,108865.0
2021-10-27 21:00:00+00:00,92.135,92.14,91.709,91.992,110543.0
2021-10-28 21:00:00+00:00,91.984,92.264,91.724,92.054,101523.0
2021-10-31 21:00:00+00:00,92.099,92.492,92.059,92.166,77009.0
2021-11-01 21:00:00+00:00,92.162,92.242,91.429,91.792,72800.0
2021-11-02 21:00:00+00:00,91.791,92.062,91.556,92.018,94777.0
2021-11-03 21:00:00+00:00,91.986,92.207,91.128,91.321,90615.0
2021-11-04 21:00:00+00:00,91.319,91.567,90.993,91.045,87314.0
2021-11-07 22:00:00+00:00,91.052,91.303,90.744,90.996,62487.0
2021-11-08 22:00:00+00:00,90.998,91.04,90.424,90.756,83229.0
2021-11-09 22:00:00+00:00,90.737,91.71,90.638,91.19,100668.0
2021-11-10 22:00:00+00:00,91.222,91.366,90.466,90.71,74597.0
2021-11-11 22:00:00+00:00,90.706,90.861,90.44,90.754,69882.0
2021-11-14 22:00:00+00:00,90.796,91.246,90.675,91.206,61990.0
2021-11-15 22:00:00+00:00,91.181,91.478,91.088,91.426,77013.0
2021-11-16 22:00:00+00:00,91.451,91.602,90.344,90.489,83503.0
2021-11-17 22:00:00+00:00,90.448,90.736,90.232,90.666,82525.0
2021-11-18 22:00:00+00:00,90.664,90.852,89.713,90.22,102365.0
2021-11-21 22:00:00+00:00,90.12,90.602,90.12,90.45,83819.0
2021-11-22 22:00:00+00:00,90.459,90.958,89.958,90.857,110735.0
2021-11-23 22:00:00+00:00,90.902,91.24,90.543,91.11,98845.0
2021-11-24 22:00:00+00:00,91.12,91.274,90.959,91.216,52854.0
2021-11-25 22:00:00+00:00,91.194,91.206,88.402,88.665,194006.0
2021-11-28 22:00:00+00:00,89.174,89.45,88.6,89.132,136224.0
2021-11-29 22:00:00+00:00,89.088,89.405,88.029,88.548,200230.0
2021-11-30 22:00:00+00:00,88.532,89.271,87.876,87.992,147290.0
2021-12-01 22:00:00+00:00,87.94,88.677,87.842,88.392,153649.0
2021-12-02 22:00:00+00:00,88.298,89.126,87.708,87.838,147328.0
2021-12-05 22:00:00+00:00,87.967,89.004,87.904,88.974,101378.0
2021-12-06 22:00:00+00:00,88.953,89.928,88.826,89.842,86783.0
2021-12-07 22:00:00+00:00,89.854,90.368,89.498,89.87,116950.0
2021-12-08 22:00:00+00:00,89.821,89.924,89.154,89.243,84089.0
2021-12-09 22:00:00+00:00,89.276,89.603,88.988,89.087,86790.0
2021-12-12 22:00:00+00:00,89.062,89.356,88.516,88.674,72503.0
2021-12-13 22:00:00+00:00,88.658,88.851,88.366,88.422,73515.0
2021-12-14 22:00:00+00:00,88.4,88.887,88.076,88.883,102302.0
2021-12-15 22:00:00+00:00,88.858,89.443,88.646,89.005,114359.0
2021-12-16 22:00:00+00:00,88.976,89.09,88.138,88.209,106362.0
2021-12-19 22:00:00+00:00,88.152,88.283,87.441,87.786,105385.0
2021-12-20 22:00:00+00:00,87.781,88.374,87.721,88.352,68878.0
2021-12-21 22:00:00+00:00,88.385,88.956,88.202,88.87,65055.0
2021-12-22 22:00:00+00:00,88.864,89.408,88.785,89.352,63111.0
2021-12-23 22:00:00+00:00,89.256,89.452,89.128,89.301,117662.0
2021-12-26 22:00:00+00:00,89.257,89.896,89.194,89.846,36802.0
2021-12-27 22:00:00+00:00,89.834,89.891,89.454,89.6,34451.0
2021-12-28 22:00:00+00:00,89.583,89.914,89.441,89.887,53539.0
2021-12-29 22:00:00+00:00,89.88,90.361,89.866,90.342,41623.0
2021-12-30 22:00:00+00:00,90.33,91.26,90.242,91.052,59052.0
2022-01-02 22:00:00+00:00,91.081,91.15,90.224,90.492,55502.0
2022-01-03 22:00:00+00:00,90.43,91.668,90.367,91.413,76171.0
2022-01-04 22:00:00+00:00,91.313,91.53,90.863,91.049,78484.0
2022-01-05 22:00:00+00:00,91.008,91.147,90.296,91.042,98955.0
2022-01-06 22:00:00+00:00,91.022,91.503,90.952,91.396,83061.0
2022-01-09 22:00:00+00:00,91.415,91.696,90.632,90.878,84491.0
2022-01-10 22:00:00+00:00,90.911,91.805,90.825,91.72,88245.0
2022-01-11 22:00:00+00:00,91.69,92.182,91.468,91.68,90758.0
2022-01-12 22:00:00+00:00,91.676,91.792,91.145,91.179,83877.0
2022-01-13 22:00:00+00:00,91.229,91.342,90.543,90.942,114873.0
2022-01-16 22:00:00+00:00,91.053,91.662,90.973,91.56,59792.0
2022-01-17 22:00:00+00:00,91.584,92.008,91.222,91.598,114663.0
2022-01-18 22:00:00+00:00,91.588,91.941,91.286,91.35,110616.0
2022-01-19 22:00:00+00:00,91.375,91.706,91.188,91.28,104057.0
2022-01-20 22:00:00+00:00,91.248,91.307,90.285,90.352,129463.0
2022-01-23 22:00:00+00:00,90.37,90.744,89.572,90.23,145022.0
2022-01-24 22:00:00+00:00,90.17,90.432,89.804,90.149,137167.0
2022-01-25 22:00:00+00:00,90.164,91.02,90.086,90.541,167569.0
2022-01-26 22:00:00+00:00,90.528,91.173,90.104,90.538,180249.0
2022-01-27 22:00:00+00:00,90.54,90.814,90.05,90.18,148441.0
2022-01-30 22:00:00+00:00,90.266,90.818,90.222,90.594,114845.0
2022-01-31 22:00:00+00:00,90.598,90.876,90.194,90.432,106822.0
2022-02-01 22:00:00+00:00,90.428,90.516,89.95,90.36,90735.0
2022-02-02 22:00:00+00:00,90.329,90.772,90.128,90.72,119285.0
2022-02-03 22:00:00+00:00,90.686,90.79,90.142,90.243,123748.0
2022-02-06 22:00:00+00:00,90.435,90.902,90.249,90.862,91959.0
2022-02-07 22:00:00+00:00,90.858,91.066,90.73,90.969,75433.0
2022-02-08 22:00:00+00:00,90.936,91.207,90.743,91.174,58208.0
2022-02-09 22:00:00+00:00,91.154,91.714,91.037,91.185,124104.0
2022-02-10 22:00:00+00:00,91.224,91.49,90.278,90.641,151271.0
2022-02-13 22:00:00+00:00,90.586,90.916,90.025,90.789,152199.0
2022-02-14 22:00:00+00:00,90.776,91.042,90.398,90.9,97609.0
2022-02-15 22:00:00+00:00,90.905,91.41,90.855,90.952,90767.0
2022-02-16 22:00:00+00:00,90.99,91.037,90.342,90.428,146125.0
2022-02-17 22:00:00+00:00,90.473,90.964,90.17,90.26,102521.0
2022-02-20 22:00:00+00:00,90.248,90.397,89.946,89.951,93897.0
2022-02-21 22:00:00+00:00,89.962,90.553,89.696,90.1,140260.0
2022-02-22 22:00:00+00:00,90.105,90.763,90.09,90.31,79911.0
2022-02-23 22:00:00+00:00,90.302,90.412,89.234,90.128,271077.0
2022-02-24 22:00:00+00:00,90.14,91.009,89.933,90.972,158235.0
2022-02-27 22:00:00+00:00,90.456,91.008,90.162,90.744,204478.0
2022-02-28 22:00:00+00:00,90.76,90.964,90.017,90.182,141710.0
2022-03-01 22:00:00+00:00,90.196,91.485,90.091,91.452,144094.0
2022-03-02 22:00:00+00:00,91.458,91.974,90.936,91.046,131847.0
2022-03-03 22:00:00+00:00,91.089,91.148,89.806,90.186,180107.0
2022-03-06 22:00:00+00:00,90.302,90.716,89.942,89.962,200006.0
2022-03-07 22:00:00+00:00,89.948,90.304,89.663,89.736,184358.0
2022-03-08 22:00:00+00:00,89.763,90.48,89.724,90.466,135948.0
2022-03-09 22:00:00+00:00,90.442,91.059,90.292,90.958,133361.0
2022-03-10 22:00:00+00:00,90.924,92.316,90.884,91.972,125844.0
2022-03-13 21:00:00+00:00,92.177,92.598,92.028,92.169,109325.0
2022-03-14 21:00:00+00:00,92.164,92.696,91.593,92.676,125376.0
2022-03-15 21:00:00+00:00,92.637,93.69,92.586,93.688,150137.0
2022-03-16 21:00:00+00:00,93.653,94.069,93.479,93.929,123580.0
2022-03-17 21:00:00+00:00,93.918,94.62,93.773,94.536,94304.0
2022-03-20 21:00:00+00:00,94.495,94.928,94.363,94.878,79079.0
2022-03-21 21:00:00+00:00,94.87,96.142,94.84,96.134,114773.0
2022-03-22 21:00:00+00:00,96.058,96.556,95.713,96.419,117853.0
2022-03-23 21:00:00+00:00,96.436,97.696,96.228,97.634,132784.0
2022-03-24 21:00:00+00:00,97.678,97.988,96.731,97.848,148609.0
2022-03-27 21:00:00+00:00,97.786,100.197,97.744,98.989,247960.0
2022-03-28 21:00:00+00:00,98.926,99.232,97.586,98.291,248890.0
2022-03-29 21:00:00+00:00,98.314,98.578,97.098,97.611,229909.0
2022-03-30 21:00:00+00:00,97.599,98.014,97.056,97.3,205644.0
2022-03-31 21:00:00+00:00,97.307,98.424,97.292,97.942,158050.0
2022-04-03 21:00:00+00:00,97.989,98.468,97.617,98.328,112977.0
2022-04-04 21:00:00+00:00,98.382,99.287,98.002,98.989,127757.0
2022-04-05 21:00:00+00:00,98.918,99.326,98.664,98.673,160091.0
2022-04-06 21:00:00+00:00,98.718,98.814,98.194,98.453,131624.0
2022-04-07 21:00:00+00:00,98.472,98.975,98.252,98.858,113910.0
2022-04-10 21:00:00+00:00,98.734,99.857,98.706,99.251,135024.0
2022-04-11 21:00:00+00:00,99.247,99.478,98.998,99.18,160854.0
2022-04-12 21:00:00+00:00,99.146,100.044,99.134,99.996,181348.0
2022-04-13 21:00:00+00:00,99.962,100.107,99.584,99.886,144201.0
2022-04-14 21:00:00+00:00,99.946,100.545,99.807,100.265,215354.0
2022-04-17 21:00:00+00:00,100.247,100.72,99.968,100.716,109969.0
2022-04-18 21:00:00+00:00,100.64,102.18,100.517,102.116,215433.0
2022-04-19 21:00:00+00:00,102.147,102.648,101.728,102.352,252155.0
2022-04-20 21:00:00+00:00,102.388,102.96,101.862,102.016,185304.0
2022-04-21 21:00:00+00:00,102.018,102.151,100.938,101.185,198595.0
2022-04-24 21:00:00+00:00,101.083,101.354,99.816,100.598,215934.0
2022-04-25 21:00:00+00:00,100.607,101.028,99.155,99.191,198815.0
2022-04-26 21:00:00+00:00,99.226,100.305,99.022,100.197,199282.0
2022-04-27 21:00:00+00:00,100.149,102.467,100.094,102.162,281485.0
2022-04-28 21:00:00+00:00,102.212,102.427,100.789,100.893,224920.0
2022-05-01 21:00:00+00:00,101.03,101.429,100.62,101.074,178853.0
2022-05-02 21:00:00+00:00,101.018,101.425,100.872,101.355,167457.0
2022-05-03 21:00:00+00:00,101.303,101.576,101.102,101.352,155455.0
2022-05-04 21:00:00+00:00,101.272,102.002,101.142,101.411,255020.0
2022-05-05 21:00:00+00:00,101.455,101.86,101.022,101.13,252872.0
2022-05-08 21:00:00+00:00,101.166,101.501,100.079,100.147,224989.0
2022-05-09 21:00:00+00:00,100.107,100.481,99.608,100.126,244320.0
2022-05-10 21:00:00+00:00,100.146,100.76,99.578,100.037,256799.0
2022-05-11 21:00:00+00:00,99.993,100.087,97.802,98.372,274244.0
2022-05-12 21:00:00+00:00,98.416,100.286,98.342,100.13,205233.0
2022-05-15 21:00:00+00:00,100.067,100.692,99.172,100.492,201372.0
2022-05-16 21:00:00+00:00,100.518,101.122,100.274,100.989,189550.0
2022-05-17 21:00:00+00:00,101.016,101.158,99.399,99.474,190549.0
2022-05-18 21:00:00+00:00,99.448,100.573,99.12,99.682,302641.0
2022-05-19 21:00:00+00:00,99.621,100.396,99.278,99.678,230833.0
2022-05-22 21:00:00+00:00,99.58,100.174,99.26,100.154,173532.0
2022-05-23 21:00:00+00:00,100.166,100.192,98.298,98.938,215786.0
2022-05-24 21:00:00+00:00,98.934,99.456,98.469,99.32,202746.0
2022-05-25 21:00:00+00:00,99.356,99.68,98.7,99.504,184190.0
2022-05-26 21:00:00+00:00,99.576,99.959,99.294,99.94,148982.0
2022-05-29 21:00:00+00:00,99.796,100.89,99.796,100.846,99066.0
2022-05-30 21:00:00+00:00,100.797,101.968,100.668,101.734,210125.0
2022-05-31 21:00:00+00:00,101.738,103.102,101.712,102.826,187873.0
2022-06-01 21:00:00+00:00,102.824,103.348,102.462,103.318,156070.0
2022-06-02 21:00:00+00:00,103.289,104.112,103.101,103.902,137412.0
2022-06-05 21:00:00+00:00,103.923,104.985,103.62,104.858,136929.0
2022-06-06 21:00:00+00:00,104.854,105.9,104.829,105.838,197488.0
2022-06-07 21:00:00+00:00,105.822,107.214,105.79,106.914,209338.0
2022-06-08 21:00:00+00:00,106.942,107.182,105.708,105.816,255985.0
2022-06-09 21:00:00+00:00,105.788,105.89,104.602,105.107,244118.0
2022-06-12 21:00:00+00:00,105.121,105.52,103.828,104.212,329026.0
2022-06-13 21:00:00+00:00,104.247,104.708,103.691,104.534,311020.0
2022-06-14 21:00:00+00:00,104.581,104.68,103.474,103.759,222867.0
2022-06-15 21:00:00+00:00,103.856,104.546,101.66,102.124,218517.0
2022-06-16 21:00:00+00:00,102.088,104.02,102.023,103.64,213740.0
2022-06-19 21:00:00+00:00,103.599,104.156,103.47,104.086,111745.0
2022-06-20 21:00:00+00:00,104.024,105.85,103.93,105.802,129390.0
2022-06-21 21:00:00+00:00,105.71,105.822,104.598,105.216,159459.0
2022-06-22 21:00:00+00:00,105.244,105.244,103.535,103.852,186772.0
2022-06-23 21:00:00+00:00,103.893,104.912,103.499,104.898,141288.0
2022-06-26 21:00:00+00:00,104.841,105.248,104.209,105.224,140082.0
2022-06-27 21:00:00+00:00,105.187,106.242,104.958,105.768,147394.0
2022-06-28 21:00:00+00:00,105.737,106.43,105.447,105.92,186616.0
2022-06-29 21:00:00+00:00,105.962,106.092,105.146,105.45,164520.0
2022-06-30 21:00:00+00:00,105.379,105.664,104.163,104.968,159235.0
2022-07-03 21:00:00+00:00,105.044,105.588,104.482,105.529,78098.0
2022-07-04 21:00:00+00:00,105.449,106.136,103.653,104.286,151190.0
2022-07-05 21:00:00+00:00,104.232,104.388,103.368,104.265,177925.0
2022-07-06 21:00:00+00:00,104.185,104.879,103.875,104.873,130255.0
2022-07-07 21:00:00+00:00,104.786,105.228,104.11,105.177,141945.0
2022-07-10 21:00:00+00:00,105.077,105.846,105.037,105.68,124549.0
2022-07-11 21:00:00+00:00,105.724,105.76,104.642,105.102,143165.0
2022-07-12 21:00:00+00:00,105.104,106.314,104.902,105.886,161038.0
2022-07-13 21:00:00+00:00,105.823,106.936,105.278,105.93,188254.0
2022-07-14 21:00:00+00:00,105.922,106.472,105.495,106.35,133639.0
2022-07-17 21:00:00+00:00,106.438,107.019,106.121,106.388,101179.0
2022-07-18 21:00:00+00:00,106.441,107.408,106.146,107.368,122366.0
2022-07-19 21:00:00+00:00,107.351,107.566,106.98,107.332,117426.0
2022-07-20 21:00:00+00:00,107.249,107.65,106.676,106.746,156221.0
2022-07-21 21:00:00+00:00,106.757,107.064,105.264,105.364,136636.0
2022-07-24 21:00:00+00:00,105.358,106.492,105.067,106.372,114806.0
2022-07-25 21:00:00+00:00,106.374,106.634,105.855,106.278,101139.0
2022-07-26 21:00:00+00:00,106.232,106.64,106.174,106.524,142678.0
2022-07-27 21:00:00+00:00,106.457,106.524,104.575,104.826,179281.0
2022-07-28 21:00:00+00:00,104.807,105.166,103.555,104.105,183687.0
2022-07-31 21:00:00+00:00,104.046,104.236,102.436,102.514,156718.0
2022-08-01 21:00:00+00:00,102.547,103.484,101.416,103.384,203190.0
2022-08-02 21:00:00+00:00,103.408,104.584,102.888,104.246,181928.0
2022-08-03 21:00:00+00:00,104.232,104.714,103.269,103.364,154788.0
2022-08-04 21:00:00+00:00,103.316,104.744,102.96,104.359,145072.0
2022-08-07 21:00:00+00:00,104.439,105.044,104.302,105.042,121057.0
2022-08-08 21:00:00+00:00,104.958,105.092,104.622,104.896,102067.0
2022-08-09 21:00:00+00:00,104.784,104.958,103.27,104.0,127169.0
2022-08-10 21:00:00+00:00,104.058,104.336,103.232,104.191,118242.0
2022-08-11 21:00:00+00:00,104.206,104.726,104.093,104.522,106352.0
2022-08-14 21:00:00+00:00,104.468,104.564,102.595,103.314,98284.0
2022-08-15 21:00:00+00:00,103.339,104.66,102.908,104.538,105406.0
2022-08-16 21:00:00+00:00,104.477,104.952,104.21,104.585,117894.0
2022-08-17 21:00:00+00:00,104.596,105.092,104.306,104.956,102245.0
2022-08-18 21:00:00+00:00,104.92,105.622,104.818,105.38,95505.0
2022-08-21 21:00:00+00:00,105.384,105.783,105.028,105.356,94046.0
2022-08-22 21:00:00+00:00,105.302,105.774,104.872,105.54,113235.0
2022-08-23 21:00:00+00:00,105.569,105.816,105.08,105.72,105058.0
2022-08-24 21:00:00+00:00,105.678,105.904,105.428,105.608,101264.0
2022-08-25 21:00:00+00:00,105.605,106.023,105.288,105.482,120298.0
2022-08-28 21:00:00+00:00,105.68,106.808,105.676,106.602,98668.0
2022-08-29 21:00:00+00:00,106.687,106.687,105.794,106.014,115514.0
2022-08-30 21:00:00+00:00,105.94,106.08,105.606,105.794,119232.0
2022-08-31 21:00:00+00:00,105.788,106.596,105.485,106.579,119243.0
2022-09-01 21:00:00+00:00,106.558,107.172,106.402,106.827,113046.0
2022-09-04 21:00:00+00:00,106.766,107.087,106.582,106.965,80855.0
2022-09-05 21:00:00+00:00,106.988,108.974,106.884,108.577,123828.0
2022-09-06 21:00:00+00:00,108.525,110.112,108.504,109.585,165904.0
2022-09-07 21:00:00+00:00,109.528,110.099,109.174,110.08,152329.0
2022-09-08 21:00:00+00:00,110.052,110.236,108.912,109.537,140830.0
2022-09-11 21:00:00+00:00,108.976,110.225,108.935,110.013,103955.0
2022-09-12 21:00:00+00:00,109.995,110.53,109.216,109.718,135823.0
2022-09-13 21:00:00+00:00,109.772,110.0,108.258,108.737,144905.0
2022-09-14 21:00:00+00:00,108.672,109.17,108.378,108.458,127849.0
2022-09-15 21:00:00+00:00,108.462,108.498,107.489,107.774,112960.0
2022-09-18 21:00:00+00:00,107.75,108.118,107.474,108.072,86873.0
2022-09-19 21:00:00+00:00,108.082,108.337,107.408,107.516,93228.0
2022-09-20 21:00:00+00:00,107.554,107.824,106.938,106.971,163369.0
2022-09-21 21:00:00+00:00,107.031,108.15,104.57,105.566,206885.0
2022-09-22 21:00:00+00:00,105.531,105.843,105.163,105.486,139542.0
2022-09-25 21:00:00+00:00,105.616,106.057,104.713,105.345,196003.0
2022-09-26 21:00:00+00:00,105.336,105.796,105.139,105.528,187595.0
2022-09-27 21:00:00+00:00,105.474,105.94,104.618,105.922,275378.0
2022-09-28 21:00:00+00:00,105.843,106.007,105.143,105.546,189609.0
2022-09-29 21:00:00+00:00,105.636,105.794,104.627,104.678,181005.0
2022-10-02 21:00:00+00:00,104.749,106.228,104.69,106.132,153772.0
2022-10-03 21:00:00+00:00,106.083,106.722,105.924,106.691,178493.0
2022-10-04 21:00:00+00:00,106.595,106.774,105.708,106.239,149176.0
2022-10-05 21:00:00+00:00,106.206,106.535,105.452,105.577,147735.0
2022-10-06 21:00:00+00:00,105.575,106.156,105.209,105.854,140193.0
2022-10-09 21:00:00+00:00,105.831,106.202,105.676,105.754,108396.0
2022-10-10 21:00:00+00:00,105.766,106.111,105.107,105.732,157063.0
2022-10-11 21:00:00+00:00,105.718,106.685,105.566,106.328,166929.0
2022-10-12 21:00:00+00:00,106.312,107.23,105.059,107.054,186155.0
2022-10-13 21:00:00+00:00,107.061,107.558,106.846,107.163,174070.0
2022-10-16 21:00:00+00:00,107.108,108.68,106.962,108.658,131465.0
2022-10-17 21:00:00+00:00,108.639,108.936,107.8,108.66,161008.0
2022-10-18 21:00:00+00:00,108.62,108.958,108.402,108.906,153532.0
2022-10-19 21:00:00+00:00,108.922,109.674,108.583,109.08,160850.0
2022-10-20 21:00:00+00:00,109.085,110.356,106.945,108.225,245299.0
2022-10-23 21:00:00+00:00,108.326,109.578,106.841,108.723,196840.0
2022-10-24 21:00:00+00:00,108.631,108.872,108.28,108.727,142720.0
2022-10-25 21:00:00+00:00,108.726,109.03,107.354,107.992,182254.0
2022-10-26 21:00:00+00:00,107.919,108.083,107.104,107.828,209355.0
2022-10-27 21:00:00+00:00,107.858,108.632,107.7,108.398,186123.0
2022-10-30 21:00:00+00:00,108.522,109.222,108.314,109.166,146696.0
2022-10-31 21:00:00+00:00,109.114,109.311,108.39,108.761,170285.0
2022-11-01 21:00:00+00:00,108.792,108.838,107.478,107.878,189981.0
2022-11-02 21:00:00+00:00,107.83,108.036,107.164,107.858,178108.0
2022-11-03 21:00:00+00:00,107.857,109.028,107.686,108.788,193263.0
2022-11-06 22:00:00+00:00,108.67,108.982,108.234,108.678,166150.0
2022-11-07 22:00:00+00:00,108.655,108.74,108.124,108.466,144277.0
2022-11-08 22:00:00+00:00,108.394,108.922,108.148,108.245,181730.0
2022-11-09 22:00:00+00:00,108.236,108.3,105.315,105.812,218270.0
2022-11-10 22:00:00+00:00,105.772,106.73,104.346,104.817,217186.0
2022-11-13 22:00:00+00:00,104.826,105.934,104.693,105.078,200172.0
2022-11-14 22:00:00+00:00,105.092,105.662,104.083,104.918,246300.0
2022-11-15 22:00:00+00:00,104.909,105.535,104.498,104.699,209760.0
2022-11-16 22:00:00+00:00,104.66,105.378,104.356,105.223,177495.0
2022-11-17 22:00:00+00:00,105.22,105.428,104.356,104.848,154622.0
2022-11-20 22:00:00+00:00,104.91,105.82,104.607,105.636,159572.0
2022-11-21 22:00:00+00:00,105.633,105.778,105.333,105.602,145490.0
2022-11-22 22:00:00+00:00,105.614,105.728,104.102,104.528,170625.0
2022-11-23 22:00:00+00:00,104.546,104.578,103.416,103.948,108745.0
2022-11-24 22:00:00+00:00,103.936,104.544,103.814,103.99,124052.0
2022-11-27 22:00:00+00:00,103.994,104.074,102.322,102.944,167190.0
2022-11-28 22:00:00+00:00,102.923,103.297,101.367,102.138,172569.0
2022-11-29 22:00:00+00:00,102.115,103.471,101.962,102.894,202856.0
2022-11-30 22:00:00+00:00,102.87,102.905,100.562,100.78,219415.0
2022-12-01 22:00:00+00:00,100.735,100.836,99.482,99.707,195356.0
2022-12-04 22:00:00+00:00,99.902,101.13,99.722,100.644,168776.0
2022-12-05 22:00:00+00:00,100.584,101.046,99.847,100.39,166860.0
2022-12-06 22:00:00+00:00,100.329,100.935,99.833,100.048,183680.0
2022-12-07 22:00:00+00:00,100.048,100.708,99.796,100.566,139208.0
2022-12-08 22:00:00+00:00,100.524,100.631,99.508,100.09,170873.0
2022-12-11 22:00:00+00:00,100.166,101.113,99.998,100.962,146648.0
2022-12-12 22:00:00+00:00,100.968,101.208,99.474,100.112,213768.0
2022-12-13 22:00:00+00:00,100.089,100.138,99.307,100.038,211556.0
2022-12-14 22:00:00+00:00,99.99,101.147,99.749,100.966,182980.0
2022-12-15 22:00:00+00:00,100.897,100.998,99.52,99.834,175548.0
2022-12-18 22:00:00+00:00,99.368,100.46,99.366,100.299,168775.0
2022-12-19 22:00:00+00:00,100.274,100.772,95.856,96.751,278109.0
2022-12-20 22:00:00+00:00,96.716,97.351,96.62,97.322,184724.0
2022-12-21 22:00:00+00:00,97.296,97.332,96.732,96.992,159727.0
2022-12-22 22:00:00+00:00,96.923,97.91,96.823,97.694,137683.0
2022-12-26 22:00:00+00:00,97.818,98.922,97.777,98.72,88335.0
2022-12-27 22:00:00+00:00,98.71,99.304,98.64,98.858,132375.0
2022-12-28 22:00:00+00:00,98.866,98.866,97.986,98.192,138179.0
2022-12-29 22:00:00+00:00,98.201,98.219,96.47,96.792,157715.0
2023-01-01 22:00:00+00:00,96.475,96.877,96.191,96.243,102580.0
2023-01-02 22:00:00+00:00,96.244,96.888,95.404,95.828,194358.0
2023-01-03 22:00:00+00:00,95.823,98.469,95.524,98.444,213037.0
2023-01-04 22:00:00+00:00,98.35,98.859,97.636,98.316,207690.0
2023-01-05 22:00:00+00:00,98.298,98.99,98.095,98.251,206256.0
2023-01-08 22:00:00+00:00,98.122,99.084,97.932,98.487,186690.0
2023-01-09 22:00:00+00:00,98.492,98.774,98.18,98.474,185374.0
2023-01-10 22:00:00+00:00,98.406,98.953,98.312,98.708,160290.0
2023-01-11 22:00:00+00:00,98.682,98.779,96.542,96.73,240178.0
2023-01-12 22:00:00+00:00,96.711,96.828,95.085,95.453,207636.0
2023-01-15 22:00:00+00:00,95.467,96.134,95.246,95.861,149406.0
2023-01-16 22:00:00+00:00,95.867,96.239,95.656,95.697,184451.0
2023-01-17 22:00:00+00:00,95.7,98.296,95.378,95.525,259832.0
2023-01-18 22:00:00+00:00,95.509,95.567,94.637,95.372,192932.0
2023-01-19 22:00:00+00:00,95.369,96.96,95.322,96.83,168222.0
2023-01-22 22:00:00+00:00,96.724,97.779,96.52,97.77,161345.0
2023-01-23 22:00:00+00:00,97.697,97.825,97.16,97.395,153499.0
2023-01-24 22:00:00+00:00,97.36,97.784,96.346,96.728,167336.0
2023-01-25 22:00:00+00:00,96.799,97.798,96.292,97.763,163631.0
2023-01-26 22:00:00+00:00,97.766,97.778,97.248,97.534,146551.0
2023-01-29 22:00:00+00:00,97.392,97.877,97.004,97.43,150377.0
2023-01-30 22:00:00+00:00,97.437,97.874,96.73,97.756,134118.0
2023-01-31 22:00:00+00:00,97.764,97.969,96.642,97.004,153540.0
2023-02-01 22:00:00+00:00,97.058,97.236,96.374,96.662,165720.0
2023-02-02 22:00:00+00:00,96.646,98.07,96.054,97.889,155824.0
2023-02-05 22:00:00+00:00,98.684,98.866,98.098,98.634,135757.0
2023-02-06 22:00:00+00:00,98.648,98.726,97.474,97.816,168311.0
2023-02-07 22:00:00+00:00,97.892,98.07,97.594,97.758,124881.0
2023-02-08 22:00:00+00:00,97.776,98.069,97.375,97.751,131274.0
2023-02-09 22:00:00+00:00,97.822,98.556,96.64,98.468,166296.0
2023-02-12 22:00:00+00:00,98.387,99.552,98.381,99.329,116338.0
2023-02-13 22:00:00+00:00,99.33,99.816,98.827,99.798,168755.0
2023-02-14 22:00:00+00:00,99.82,100.287,99.327,100.159,132642.0
2023-02-15 22:00:00+00:00,100.202,100.208,99.452,99.532,154621.0
2023-02-16 22:00:00+00:00,99.589,99.948,99.4,99.572,133947.0
2023-02-19 22:00:00+00:00,99.607,99.826,99.4,99.815,83903.0
2023-02-20 22:00:00+00:00,99.786,100.304,99.538,99.733,138297.0
2023-02-21 22:00:00+00:00,99.727,99.805,99.292,99.556,139778.0
2023-02-22 22:00:00+00:00,99.509,99.915,99.27,99.407,114482.0
2023-02-23 22:00:00+00:00,99.444,100.316,99.042,100.311,154943.0
2023-02-26 22:00:00+00:00,100.24,100.52,100.01,100.35,121949.0
2023-02-27 22:00:00+00:00,100.31,100.88,99.709,99.826,120853.0
2023-02-28 22:00:00+00:00,99.801,100.235,99.494,100.221,121577.0
2023-03-01 22:00:00+00:00,100.168,100.606,100.077,100.599,117478.0
2023-03-02 22:00:00+00:00,100.599,100.634,99.676,99.911,104768.0
2023-03-05 22:00:00+00:00,99.96,100.098,99.595,99.852,93129.0
2023-03-06 22:00:00+00:00,99.842,100.022,99.468,99.729,112017.0
2023-03-07 22:00:00+00:00,99.694,100.18,99.096,99.512,113695.0
2023-03-08 22:00:00+00:00,99.51,99.541,98.368,98.44,101779.0
2023-03-09 22:00:00+00:00,98.46,99.026,97.23,97.74,190127.0
2023-03-12 21:00:00+00:00,97.321,98.092,95.954,97.054,278144.0
2023-03-13 21:00:00+00:00,97.081,98.712,96.84,98.071,200096.0
2023-03-14 21:00:00+00:00,98.117,98.632,95.902,96.926,228760.0
2023-03-15 21:00:00+00:00,96.984,97.556,95.727,97.498,230588.0
2023-03-16 21:00:00+00:00,97.486,97.504,95.818,96.004,165866.0
2023-03-19 21:00:00+00:00,96.087,96.878,95.035,96.097,186581.0
2023-03-20 21:00:00+00:00,96.085,96.936,95.794,96.59,114685.0
2023-03-21 21:00:00+00:00,96.58,97.124,95.462,95.768,134246.0
2023-03-22 21:00:00+00:00,95.687,96.333,94.901,95.447,157647.0
2023-03-23 21:00:00+00:00,95.388,95.466,94.072,95.086,171229.0
2023-03-26 21:00:00+00:00,95.053,96.494,95.027,96.319,112358.0
2023-03-27 21:00:00+00:00,96.296,96.338,95.502,96.266,111556.0
2023-03-28 21:00:00+00:00,96.237,98.012,96.177,98.0,105797.0
2023-03-29 21:00:00+00:00,97.966,98.216,97.577,98.134,100935.0
2023-03-30 21:00:00+00:00,98.104,98.75,97.94,98.274,119737.0
2023-04-02 21:00:00+00:00,98.797,99.06,98.251,98.531,114908.0
2023-04-03 21:00:00+00:00,98.596,99.188,97.694,97.978,109308.0
2023-04-04 21:00:00+00:00,97.955,98.102,97.099,97.558,114357.0
2023-04-05 21:00:00+00:00,97.513,97.874,97.168,97.66,86376.0
2023-04-06 21:00:00+00:00,97.677,97.942,97.378,97.79,72498.0
2023-04-09 21:00:00+00:00,97.753,98.946,97.62,98.914,75647.0
2023-04-10 21:00:00+00:00,98.876,99.346,98.475,99.3,97815.0
2023-04-11 21:00:00+00:00,99.282,99.548,98.686,99.078,124642.0
2023-04-12 21:00:00+00:00,99.043,99.572,98.727,99.388,107334.0
2023-04-13 21:00:00+00:00,99.384,100.163,99.209,100.121,123815.0
2023-04-16 21:00:00+00:00,100.094,100.49,100.04,100.416,101084.0
2023-04-17 21:00:00+00:00,100.396,100.6,100.031,100.162,102598.0
2023-04-18 21:00:00+00:00,100.164,100.568,99.95,100.105,105458.0
2023-04-19 21:00:00+00:00,100.084,100.252,99.535,99.618,98367.0
2023-04-20 21:00:00+00:00,99.632,99.656,98.687,99.06,98047.0
2023-04-23 21:00:00+00:00,99.022,99.53,98.846,99.144,81257.0
2023-04-24 21:00:00+00:00,99.204,99.328,97.756,98.14,103530.0
2023-04-25 21:00:00+00:00,98.174,98.363,97.56,98.025,123314.0
2023-04-26 21:00:00+00:00,98.022,98.623,97.832,98.579,104530.0
2023-04-27 21:00:00+00:00,98.507,100.68,98.026,100.621,146196.0
2023-04-30 21:00:00+00:00,100.58,101.602,100.48,101.507,87874.0
2023-05-01 21:00:00+00:00,101.565,101.812,100.007,100.24,101273.0
2023-05-02 21:00:00+00:00,100.206,100.278,98.97,98.97,113537.0
2023-05-03 21:00:00+00:00,98.928,99.24,98.39,99.168,128987.0
2023-05-04 21:00:00+00:00,99.172,100.834,99.08,100.817,87969.0
2023-05-07 21:00:00+00:00,100.761,101.428,100.714,101.044,69647.0
2023-05-08 21:00:00+00:00,101.032,101.193,100.677,101.046,79313.0
2023-05-09 21:00:00+00:00,100.992,101.284,100.018,100.504,100960.0
2023-05-10 21:00:00+00:00,100.467,100.596,99.374,99.76,103621.0
2023-05-11 21:00:00+00:00,99.705,100.224,99.638,100.124,72043.0
2023-05-14 21:00:00+00:00,100.13,101.138,100.082,101.068,76386.0
2023-05-15 21:00:00+00:00,101.059,101.69,100.696,101.177,73955.0
2023-05-16 21:00:00+00:00,101.185,102.392,101.149,102.337,89185.0
2023-05-17 21:00:00+00:00,102.308,102.842,101.942,102.718,98093.0
2023-05-18 21:00:00+00:00,102.742,102.918,101.666,102.212,106751.0
2023-05-21 21:00:00+00:00,102.199,102.662,101.874,102.626,83656.0
2023-05-22 21:00:00+00:00,102.632,102.903,102.168,102.636,106460.0
2023-05-23 21:00:00+00:00,102.628,102.686,102.124,102.585,102547.0
2023-05-24 21:00:00+00:00,102.55,102.856,102.105,102.658,113434.0
2023-05-25 21:00:00+00:00,102.698,103.334,102.365,103.216,98383.0
2023-05-28 21:00:00+00:00,103.306,103.56,102.965,103.346,40237.0
2023-05-29 21:00:00+00:00,103.332,103.594,102.608,102.8,98995.0
2023-05-30 21:00:00+00:00,102.8,103.013,102.153,102.643,108579.0
2023-05-31 21:00:00+00:00,102.676,103.332,102.418,103.218,101587.0
2023-06-01 21:00:00+00:00,103.209,104.282,103.131,104.242,91454.0
2023-06-04 21:00:00+00:00,104.28,104.592,103.506,103.818,85108.0
2023-06-05 21:00:00+00:00,103.822,104.352,103.624,104.196,81528.0
2023-06-06 21:00:00+00:00,104.197,104.884,103.708,104.834,88565.0
2023-06-07 21:00:00+00:00,104.779,104.886,103.709,104.008,86065.0
2023-06-08 21:00:00+00:00,103.986,104.774,103.863,104.482,83120.0
2023-06-11 21:00:00+00:00,104.504,104.77,104.28,104.447,79864.0
2023-06-12 21:00:00+00:00,104.451,105.455,104.246,105.328,101762.0
2023-06-13 21:00:00+00:00,105.3,105.399,104.778,105.148,106659.0
2023-06-14 21:00:00+00:00,105.136,106.25,105.016,106.102,113649.0
2023-06-15 21:00:00+00:00,106.125,107.661,105.739,107.508,110447.0
2023-06-18 21:00:00+00:00,107.487,107.654,106.983,107.479,51477.0
2023-06-19 21:00:00+00:00,107.43,107.67,106.558,106.862,85336.0
2023-06-20 21:00:00+00:00,106.877,107.9,106.804,107.788,102497.0
2023-06-21 21:00:00+00:00,107.728,108.906,107.598,108.83,96238.0
2023-06-22 21:00:00+00:00,108.782,109.098,108.013,108.994,104336.0
2023-06-25 21:00:00+00:00,108.884,109.272,108.607,109.083,94089.0
2023-06-26 21:00:00+00:00,109.118,109.508,108.762,109.215,94699.0
2023-06-27 21:00:00+00:00,109.206,109.218,108.629,108.978,102072.0
2023-06-28 21:00:00+00:00,108.934,109.387,108.642,109.22,97185.0
2023-06-29 21:00:00+00:00,109.272,109.42,108.733,108.939,99363.0
2023-07-02 21:00:00+00:00,108.993,109.368,108.8,109.194,76893.0
2023-07-03 21:00:00+00:00,109.196,109.364,109.002,109.248,43359.0
2023-07-04 21:00:00+00:00,109.23,109.392,108.507,108.912,73681.0
2023-07-05 21:00:00+00:00,108.884,108.906,107.752,107.775,109043.0
2023-07-06 21:00:00+00:00,107.772,107.838,106.88,107.066,100030.0
2023-07-09 21:00:00+00:00,107.126,107.606,106.392,106.416,89169.0
2023-07-10 21:00:00+00:00,106.432,106.626,105.652,106.08,94153.0
2023-07-11 21:00:00+00:00,106.08,106.108,104.792,105.048,112402.0
2023-07-12 21:00:00+00:00,104.996,105.495,104.751,105.308,108051.0
2023-07-13 21:00:00+00:00,105.248,105.933,104.724,105.013,106143.0
2023-07-16 21:00:00+00:00,105.017,105.721,104.384,105.098,109245.0
2023-07-17 21:00:00+00:00,105.132,105.527,104.246,105.424,130119.0
2023-07-18 21:00:00+00:00,105.422,106.356,105.35,106.11,137315.0
2023-07-19 21:00:00+00:00,106.076,106.615,105.884,106.344,128249.0
2023-07-20 21:00:00+00:00,106.32,107.8,106.082,107.264,131817.0
2023-07-23 21:00:00+00:00,107.176,107.541,106.782,107.442,127438.0
2023-07-24 21:00:00+00:00,107.434,107.666,106.857,106.981,103563.0
2023-07-25 21:00:00+00:00,107.099,107.099,105.902,106.191,139789.0
2023-07-26 21:00:00+00:00,106.158,107.092,104.798,105.472,175014.0
2023-07-27 21:00:00+00:00,105.408,106.702,104.214,106.548,192309.0
2023-07-30 21:00:00+00:00,106.534,108.128,106.18,107.866,142042.0
2023-07-31 21:00:00+00:00,107.873,108.144,107.525,107.922,109032.0
2023-08-01 21:00:00+00:00,107.91,107.926,106.838,107.353,133853.0
2023-08-02 21:00:00+00:00,107.394,107.766,106.376,106.719,199300.0
2023-08-03 21:00:00+00:00,106.732,107.056,105.898,105.963,129995.0
2023-08-06 21:00:00+00:00,105.969,106.65,105.834,106.584,113064.0
2023-08-07 21:00:00+00:00,106.587,107.099,105.888,106.869,145280.0
2023-08-08 21:00:00+00:00,106.788,107.198,106.566,107.09,124509.0
2023-08-09 21:00:00+00:00,107.079,107.886,107.019,107.648,152890.0
2023-08-10 21:00:00+00:00,107.654,107.942,107.414,107.82,123382.0
2023-08-13 21:00:00+00:00,107.811,108.138,107.522,108.132,128640.0
2023-08-14 21:00:00+00:00,108.124,108.284,107.652,107.839,126815.0
2023-08-15 21:00:00+00:00,107.845,108.197,107.618,108.154,128627.0
2023-08-16 21:00:00+00:00,108.098,108.232,107.51,107.676,135694.0
2023-08-17 21:00:00+00:00,107.696,107.765,107.03,107.29,118390.0
2023-08-20 21:00:00+00:00,107.258,108.21,107.106,107.961,100541.0
2023-08-21 21:00:00+00:00,107.872,108.031,107.448,107.66,100389.0
2023-08-22 21:00:00+00:00,107.653,107.692,106.546,107.102,112104.0
2023-08-23 21:00:00+00:00,107.064,107.677,106.902,107.384,106688.0
2023-08-24 21:00:00+00:00,107.41,107.717,107.234,107.65,113172.0
2023-08-27 21:00:00+00:00,107.757,108.028,107.6,107.752,80825.0
2023-08-28 21:00:00+00:00,107.781,108.115,107.358,107.653,108998.0
2023-08-29 21:00:00+00:00,107.656,108.106,107.516,108.077,110601.0
2023-08-30 21:00:00+00:00,108.052,108.118,107.3,107.738,114913.0
2023-08-31 21:00:00+00:00,107.656,107.83,106.684,107.574,112430.0
2023-09-03 21:00:00+00:00,107.496,107.779,107.403,107.772,47446.0
2023-09-04 21:00:00+00:00,107.734,108.548,107.454,108.283,100555.0
2023-09-05 21:00:00+00:00,108.222,108.348,107.797,108.3,97656.0
2023-09-06 21:00:00+00:00,108.27,108.374,107.422,107.628,87624.0
2023-09-07 21:00:00+00:00,107.637,108.462,107.164,108.364,69605.0
2023-09-10 21:00:00+00:00,107.804,108.116,107.272,107.992,85628.0
2023-09-11 21:00:00+00:00,108.009,108.672,107.823,108.526,90953.0
2023-09-12 21:00:00+00:00,108.518,109.097,108.474,108.844,110682.0
2023-09-13 21:00:00+00:00,108.78,109.199,108.597,109.19,109133.0
2023-09-14 21:00:00+00:00,109.166,109.49,109.031,109.262,102578.0
2023-09-17 21:00:00+00:00,109.26,109.644,109.194,109.461,71856.0
2023-09-18 21:00:00+00:00,109.436,110.445,109.385,109.968,87090.0
2023-09-19 21:00:00+00:00,109.94,110.245,109.766,110.192,111868.0
2023-09-20 21:00:00+00:00,110.24,110.26,109.221,109.45,113815.0
2023-09-21 21:00:00+00:00,109.436,110.42,109.422,110.03,95549.0
2023-09-24 21:00:00+00:00,110.053,110.675,109.976,110.666,69694.0
2023-09-25 21:00:00+00:00,110.67,110.694,110.102,110.286,84850.0
2023-09-26 21:00:00+00:00,110.257,110.885,110.168,110.858,90332.0
2023-09-27 21:00:00+00:00,110.776,110.879,110.438,110.688,99962.0
2023-09-28 21:00:00+00:00,110.668,111.171,109.986,109.986,103917.0
2023-10-01 21:00:00+00:00,110.228,110.362,109.471,109.588,83506.0
2023-10-02 21:00:00+00:00,109.623,109.629,107.562,108.748,108734.0
2023-10-03 21:00:00+00:00,108.696,108.952,108.139,108.486,84445.0
2023-10-04 21:00:00+00:00,108.504,108.522,107.985,108.374,98727.0
2023-10-05 21:00:00+00:00,108.302,109.428,108.242,109.288,105269.0
2023-10-08 21:00:00+00:00,109.031,109.372,108.953,109.304,76524.0
2023-10-09 21:00:00+00:00,109.242,109.672,109.136,109.488,101342.0
2023-10-10 21:00:00+00:00,109.459,109.781,109.277,109.742,91521.0
2023-10-11 21:00:00+00:00,109.686,109.946,109.313,109.428,86123.0
2023-10-12 21:00:00+00:00,109.42,109.748,109.293,109.519,85908.0
2023-10-15 21:00:00+00:00,109.373,109.987,109.373,109.866,71106.0
2023-10-16 21:00:00+00:00,109.881,109.921,109.153,109.768,79798.0
2023-10-17 21:00:00+00:00,109.742,109.959,109.274,109.318,82486.0
2023-10-18 21:00:00+00:00,109.286,109.452,109.028,109.19,100070.0
2023-10-19 21:00:00+00:00,109.153,109.674,109.126,109.278,78663.0
2023-10-22 21:00:00+00:00,109.312,109.55,109.131,109.357,78657.0
2023-10-23 21:00:00+00:00,109.328,109.482,108.916,109.094,73879.0
2023-10-24 21:00:00+00:00,109.112,109.144,108.566,108.862,72272.0
2023-10-25 21:00:00+00:00,108.861,109.153,108.51,108.736,87951.0
2023-10-26 21:00:00+00:00,108.778,108.844,107.715,107.857,73571.0
2023-10-29 21:00:00+00:00,107.879,108.402,107.49,107.813,65476.0
2023-10-30 21:00:00+00:00,107.817,109.352,107.78,109.34,89349.0
2023-10-31 21:00:00+00:00,109.328,109.392,108.694,108.946,85567.0
2023-11-01 21:00:00+00:00,108.924,109.56,108.504,109.542,70727.0
2023-11-02 21:00:00+00:00,109.54,109.54,109.008,109.368,75738.0
2023-11-05 22:00:00+00:00,109.36,109.768,109.301,109.542,53011.0
2023-11-06 22:00:00+00:00,109.554,109.618,109.221,109.267,58713.0
2023-11-07 22:00:00+00:00,109.229,109.499,109.191,109.472,56692.0
2023-11-08 22:00:00+00:00,109.42,109.778,109.338,109.597,65191.0
2023-11-09 22:00:00+00:00,109.613,109.842,109.353,109.808,56351.0
2023-11-12 22:00:00+00:00,109.794,110.016,109.477,109.897,52063.0
2023-11-13 22:00:00+00:00,109.945,109.974,109.592,109.831,70856.0
2023-11-14 22:00:00+00:00,109.822,110.676,109.733,110.642,71639.0
2023-11-15 22:00:00+00:00,110.636,110.638,109.286,109.589,72144.0
2023-11-16 22:00:00+00:00,109.502,109.624,108.724,109.003,77923.0
2023-11-19 22:00:00+00:00,109.104,109.311,107.946,108.116,78786.0
2023-11-20 22:00:00+00:00,108.134,108.438,107.235,108.294,75997.0
2023-11-21 22:00:00+00:00,108.285,109.312,108.056,109.259,68202.0
2023-11-22 22:00:00+00:00,109.227,109.254,108.922,109.206,33087.0
2023-11-23 22:00:00+00:00,109.206,109.987,108.905,109.59,46800.0
2023-11-26 22:00:00+00:00,109.585,109.776,108.948,109.194,56847.0
2023-11-27 22:00:00+00:00,109.171,109.487,108.6,108.647,74419.0
2023-11-28 22:00:00+00:00,108.688,108.852,108.212,108.344,84725.0
2023-11-29 22:00:00+00:00,108.341,109.462,108.067,109.316,88600.0
2023-11-30 22:00:00+00:00,109.288,109.659,108.564,108.775,87079.0
2023-12-03 22:00:00+00:00,108.664,108.84,108.152,108.766,84511.0
2023-12-04 22:00:00+00:00,108.73,108.85,107.995,108.267,81157.0
2023-12-05 22:00:00+00:00,108.301,108.697,108.218,108.382,62549.0
2023-12-06 22:00:00+00:00,108.362,108.372,104.223,106.013,113346.0
2023-12-07 22:00:00+00:00,105.986,106.818,104.896,106.742,143508.0
2023-12-10 22:00:00+00:00,106.704,108.036,106.623,107.694,77810.0
2023-12-11 22:00:00+00:00,107.691,107.705,106.822,107.042,77447.0
2023-12-12 22:00:00+00:00,107.101,107.346,105.69,105.71,96782.0
2023-12-13 22:00:00+00:00,105.704,105.896,104.737,105.828,137883.0
2023-12-14 22:00:00+00:00,105.836,106.412,105.718,106.272,99112.0
2023-12-17 22:00:00+00:00,106.227,106.978,106.2,106.57,66525.0
2023-12-18 22:00:00+00:00,106.568,108.283,106.224,107.886,95137.0
2023-12-19 22:00:00+00:00,107.847,108.04,107.374,107.4,113447.0
2023-12-20 22:00:00+00:00,107.331,107.472,106.57,106.998,141409.0
2023-12-21 22:00:00+00:00,107.058,107.574,106.818,107.35,110193.0
2023-12-25 22:00:00+00:00,107.366,108.004,107.17,107.902,20835.0
2023-12-26 22:00:00+00:00,107.868,108.274,107.122,107.374,49317.0
2023-12-27 22:00:00+00:00,107.339,107.348,106.334,106.91,73747.0
2023-12-28 22:00:00+00:00,106.856,107.224,106.332,106.43,58116.0
2024-01-01 22:00:00+00:00,106.381,107.08,106.228,106.6,86069.0
2024-01-02 22:00:00+00:00,106.504,107.612,106.457,107.326,101588.0
2024-01-03 22:00:00+00:00,107.26,108.452,107.008,108.348,97244.0
2024-01-04 22:00:00+00:00,108.344,109.034,108.039,108.254,122159.0
2024-01-07 22:00:00+00:00,108.264,108.439,107.45,108.052,88521.0
2024-01-08 22:00:00+00:00,108.072,108.081,107.23,107.918,90606.0
2024-01-09 22:00:00+00:00,107.901,108.986,107.769,108.952,83172.0
2024-01-10 22:00:00+00:00,108.888,109.238,108.46,108.48,120320.0
2024-01-11 22:00:00+00:00,108.477,108.793,108.001,108.075,109921.0
2024-01-14 22:00:00+00:00,108.11,108.776,108.089,108.575,63634.0
2024-01-15 22:00:00+00:00,108.552,109.232,108.27,109.074,123972.0
2024-01-16 22:00:00+00:00,109.1,109.9,108.983,109.706,109976.0
2024-01-17 22:00:00+00:00,109.648,109.858,109.43,109.854,112218.0
2024-01-18 22:00:00+00:00,109.838,110.342,109.715,110.336,103972.0
2024-01-21 22:00:00+00:00,110.359,110.423,109.813,109.904,90852.0
2024-01-22 22:00:00+00:00,109.848,110.243,109.234,110.214,89083.0
2024-01-23 22:00:00+00:00,110.223,110.244,108.888,109.083,90350.0
2024-01-24 22:00:00+00:00,109.085,109.69,108.932,109.59,82486.0
2024-01-25 22:00:00+00:00,109.546,110.22,109.447,110.126,72123.0
2024-01-28 22:00:00+00:00,110.105,110.231,109.712,109.959,61399.0
2024-01-29 22:00:00+00:00,109.862,110.26,109.68,110.179,65339.0
2024-01-30 22:00:00+00:00,110.144,110.218,109.125,109.388,127531.0
2024-01-31 22:00:00+00:00,109.37,109.515,108.822,109.388,110952.0
2024-02-01 22:00:00+00:00,109.355,110.378,109.322,110.183,88812.0
2024-02-04 22:00:00+00:00,110.241,110.398,109.755,109.807,77244.0
2024-02-05 22:00:00+00:00,109.832,109.954,109.45,109.654,74195.0
2024-02-06 22:00:00+00:00,109.686,110.144,109.546,110.066,75337.0
2024-02-07 22:00:00+00:00,110.006,111.042,109.924,110.952,78648.0
2024-02-08 22:00:00+00:00,110.944,111.338,110.799,110.908,71884.0
2024-02-11 22:00:00+00:00,110.854,111.2,110.575,111.04,52213.0
2024-02-12 22:00:00+00:00,111.024,111.41,110.872,111.175,77559.0
2024-02-13 22:00:00+00:00,111.164,111.343,110.924,111.192,77491.0
2024-02-14 22:00:00+00:00,111.158,111.387,110.648,111.366,75447.0
2024-02-15 22:00:00+00:00,111.334,111.622,111.296,111.39,70867.0
2024-02-18 22:00:00+00:00,111.367,111.442,111.212,111.296,30219.0
2024-02-19 22:00:00+00:00,111.302,111.447,110.678,110.92,64747.0
2024-02-20 22:00:00+00:00,110.887,111.336,110.854,111.297,70236.0
2024-02-21 22:00:00+00:00,111.304,111.741,111.282,111.658,86435.0
2024-02-22 22:00:00+00:00,111.633,111.804,111.244,111.432,66719.0
2024-02-25 22:00:00+00:00,111.5,111.626,111.198,111.596,59685.0
2024-02-26 22:00:00+00:00,111.564,111.587,111.178,111.26,66276.0
2024-02-27 22:00:00+00:00,111.272,111.282,110.78,111.0,69644.0
2024-02-28 22:00:00+00:00,110.95,110.968,110.14,110.454,98538.0
2024-02-29 22:00:00+00:00,110.514,110.964,110.436,110.72,77816.0
2024-03-03 22:00:00+00:00,110.754,110.996,110.612,110.892,58367.0
2024-03-04 22:00:00+00:00,110.914,110.914,110.182,110.41,70183.0
2024-03-05 22:00:00+00:00,110.362,110.628,109.943,110.568,79412.0
2024-03-06 22:00:00+00:00,110.493,110.538,109.388,109.992,91550.0
2024-03-07 22:00:00+00:00,109.98,110.09,108.938,109.042,92148.0
2024-03-10 21:00:00+00:00,109.086,109.118,108.682,108.988,64289.0
2024-03-11 21:00:00+00:00,108.966,109.716,108.794,109.454,81850.0
2024-03-12 21:00:00+00:00,109.432,109.85,109.134,109.696,54909.0
2024-03-13 21:00:00+00:00,109.687,109.834,109.431,109.608,68406.0
2024-03-14 21:00:00+00:00,109.567,110.304,109.363,110.059,57109.0
2024-03-17 21:00:00+00:00,110.046,110.384,109.944,110.211,46024.0
2024-03-18 21:00:00+00:00,110.173,111.329,110.068,111.194,78148.0
2024-03-19 21:00:00+00:00,111.192,112.264,111.158,112.096,77719.0
2024-03-20 21:00:00+00:00,112.106,112.294,111.61,112.07,84345.0
2024-03-21 21:00:00+00:00,112.06,112.18,111.165,111.297,64530.0
2024-03-24 21:00:00+00:00,111.279,111.594,111.04,111.451,49131.0
2024-03-25 21:00:00+00:00,111.466,111.738,111.319,111.572,42382.0
2024-03-26 21:00:00+00:00,111.528,111.702,111.064,111.486,55946.0
2024-03-27 21:00:00+00:00,111.493,111.868,111.238,111.8,47347.0
2024-03-28 21:00:00+00:00,111.839,111.91,111.606,111.763,47084.0
2024-03-31 21:00:00+00:00,111.763,111.986,111.588,111.749,37888.0
2024-04-01 21:00:00+00:00,111.772,111.884,111.586,111.714,43003.0
2024-04-02 21:00:00+00:00,111.694,112.318,111.628,112.154,43830.0
2024-04-03 21:00:00+00:00,112.11,112.484,111.49,111.752,45796.0
2024-04-04 21:00:00+00:00,111.75,111.755,111.119,111.574,65829.0
2024-04-07 21:00:00+00:00,111.55,111.9,111.414,111.88,43962.0
2024-04-08 21:00:00+00:00,111.855,111.992,111.481,111.842,44677.0
2024-04-09 21:00:00+00:00,111.824,112.01,111.406,111.94,72228.0
2024-04-10 21:00:00+00:00,111.952,112.048,111.627,111.98,68284.0
2024-04-11 21:00:00+00:00,111.958,111.983,110.868,111.3,60970.0
2024-04-14 21:00:00+00:00,111.094,112.416,111.084,111.894,69118.0
2024-04-15 21:00:00+00:00,111.87,112.262,111.3,111.889,69719.0
2024-04-16 21:00:00+00:00,111.911,112.216,111.682,112.104,61885.0
2024-04-17 21:00:00+00:00,112.062,112.462,111.9,112.334,60617.0
2024-04-18 21:00:00+00:00,112.315,112.628,111.268,112.477,73128.0
2024-04-21 21:00:00+00:00,112.475,113.11,112.35,113.018,41013.0
2024-04-22 21:00:00+00:00,113.076,113.34,112.885,113.322,44541.0
2024-04-23 21:00:00+00:00,113.299,113.389,112.858,113.366,47346.0
2024-04-24 21:00:00+00:00,113.31,114.005,113.204,113.974,53001.0
2024-04-25 21:00:00+00:00,113.958,115.934,113.616,115.843,72082.0
2024-04-28 21:00:00+00:00,115.505,117.344,113.172,114.463,144715.0
2024-04-29 21:00:00+00:00,114.393,114.862,114.24,114.548,72144.0
2024-04-30 21:00:00+00:00,114.516,114.74,111.416,112.435,83267.0
2024-05-01 21:00:00+00:00,112.643,113.816,111.922,112.388,115180.0
2024-05-02 21:00:00+00:00,112.39,112.469,111.562,111.786,88609.0
2024-05-05 21:00:00+00:00,111.851,112.787,111.674,112.62,37254.0
2024-05-06 21:00:00+00:00,112.619,113.07,112.512,112.704,48461.0
2024-05-07 21:00:00+00:00,112.707,113.426,112.616,113.338,47699.0
2024-05-08 21:00:00+00:00,113.341,113.758,113.027,113.688,44514.0
2024-05-09 21:00:00+00:00,113.689,114.238,113.536,113.934,45177.0
2024-05-12 21:00:00+00:00,113.905,114.328,113.67,114.308,32539.0
2024-05-13 21:00:00+00:00,114.294,114.802,114.234,114.603,42210.0
2024-05-14 21:00:00+00:00,114.598,114.708,113.752,113.876,57631.0
2024-05-15 21:00:00+00:00,113.855,114.144,112.96,114.106,60261.0
2024-05-16 21:00:00+00:00,114.124,114.451,114.076,114.346,36922.0
2024-05-19 21:00:00+00:00,114.283,114.834,114.194,114.7,31676.0
2024-05-20 21:00:00+00:00,114.672,114.834,114.158,114.392,45272.0
2024-05-21 21:00:00+00:00,114.387,114.677,114.328,114.524,44030.0
2024-05-22 21:00:00+00:00,114.489,114.895,114.152,114.32,55363.0
2024-05-23 21:00:00+00:00,114.304,114.996,114.248,114.881,41888.0
2024-05-26 21:00:00+00:00,114.83,115.124,114.647,115.084,20125.0
2024-05-27 21:00:00+00:00,115.052,115.218,114.944,115.2,39813.0
2024-05-28 21:00:00+00:00,115.161,115.292,114.811,114.938,45248.0
2024-05-29 21:00:00+00:00,114.924,114.944,114.079,114.63,61609.0
2024-05-30 21:00:00+00:00,114.631,115.492,114.432,115.422,65676.0
2024-06-02 21:00:00+00:00,115.314,115.548,114.298,114.534,62191.0
2024-06-03 21:00:00+00:00,114.502,114.801,112.962,113.261,85028.0
2024-06-04 21:00:00+00:00,113.244,114.292,113.174,113.998,69211.0
2024-06-05 21:00:00+00:00,113.984,114.24,113.652,113.848,61699.0
2024-06-06 21:00:00+00:00,113.834,114.392,113.445,113.882,68820.0
2024-06-09 21:00:00+00:00,113.929,114.204,113.778,114.152,44667.0
2024-06-10 21:00:00+00:00,114.138,114.376,113.868,114.223,46987.0
2024-06-11 21:00:00+00:00,114.202,114.498,113.706,114.208,75913.0
2024-06-12 21:00:00+00:00,114.195,114.542,113.903,114.285,60028.0
2024-06-13 21:00:00+00:00,114.266,115.112,114.002,114.616,81254.0
2024-06-16 21:00:00+00:00,114.577,114.957,114.282,114.935,41760.0
2024-06-17 21:00:00+00:00,114.909,115.188,114.685,115.073,43858.0
2024-06-18 21:00:00+00:00,115.091,115.364,114.843,115.346,21224.0
2024-06-19 21:00:00+00:00,115.322,116.164,115.23,116.111,38340.0
2024-06-20 21:00:00+00:00,116.118,116.733,115.842,116.719,40368.0
2024-06-23 21:00:00+00:00,116.692,117.002,116.07,116.88,38482.0
2024-06-24 21:00:00+00:00,116.884,117.088,116.542,116.914,37323.0
2024-06-25 21:00:00+00:00,116.939,117.417,116.852,117.376,41381.0
2024-06-26 21:00:00+00:00,117.376,117.452,117.021,117.342,45169.0
2024-06-27 21:00:00+00:00,117.336,117.744,117.019,117.619,60310.0
2024-06-30 21:00:00+00:00,117.594,117.884,117.472,117.56,41707.0
2024-07-01 21:00:00+00:00,117.573,118.137,117.498,118.052,42854.0
2024-07-02 21:00:00+00:00,118.032,118.638,118.0,118.554,42732.0
2024-07-03 21:00:00+00:00,118.518,118.58,118.168,118.465,28455.0
2024-07-04 21:00:00+00:00,118.496,118.552,117.733,117.876,57045.0
2024-07-07 21:00:00+00:00,117.822,118.152,117.504,117.968,39058.0
2024-07-08 21:00:00+00:00,117.941,118.4,117.897,118.308,37810.0
2024-07-09 21:00:00+00:00,118.312,118.864,118.278,118.734,30989.0
2024-07-10 21:00:00+00:00,118.69,118.775,115.728,116.564,78057.0
2024-07-11 21:00:00+00:00,116.544,116.966,115.469,115.801,110314.0
2024-07-14 21:00:00+00:00,115.892,116.058,115.063,115.558,47798.0
2024-07-15 21:00:00+00:00,115.533,116.014,115.484,115.858,47518.0
2024-07-16 21:00:00+00:00,115.814,115.938,114.012,114.172,70764.0
2024-07-17 21:00:00+00:00,114.136,114.852,113.58,114.818,95919.0
2024-07-18 21:00:00+00:00,114.816,115.178,114.514,114.716,56099.0
2024-07-21 21:00:00+00:00,114.742,114.852,113.756,114.166,62032.0
2024-07-22 21:00:00+00:00,114.119,114.204,112.852,112.896,61782.0
2024-07-23 21:00:00+00:00,112.866,113.174,110.952,111.456,87425.0
2024-07-24 21:00:00+00:00,111.456,111.768,109.9,111.336,140488.0
2024-07-25 21:00:00+00:00,111.359,111.986,110.756,111.138,94248.0
2024-07-28 21:00:00+00:00,111.13,111.617,110.726,111.196,82718.0
2024-07-29 21:00:00+00:00,111.165,112.1,110.222,110.291,83154.0
2024-07-30 21:00:00+00:00,110.323,111.162,108.35,108.613,177375.0
2024-07-31 21:00:00+00:00,108.62,109.228,107.558,107.64,155599.0
2024-08-01 21:00:00+00:00,107.616,107.984,105.608,105.628,155387.0
2024-08-04 21:00:00+00:00,105.544,105.694,101.66,104.297,272910.0
2024-08-05 21:00:00+00:00,104.302,105.998,103.97,104.696,198479.0
2024-08-06 21:00:00+00:00,104.704,107.602,104.7,106.654,170916.0
2024-08-07 21:00:00+00:00,106.614,107.36,105.8,107.247,144611.0
2024-08-08 21:00:00+00:00,107.24,107.621,106.558,106.801,99698.0
2024-08-11 21:00:00+00:00,106.696,107.986,106.696,107.119,51600.0
2024-08-12 21:00:00+00:00,107.116,107.766,106.904,107.151,57932.0
2024-08-13 21:00:00+00:00,107.133,107.6,106.492,107.424,63506.0
2024-08-14 21:00:00+00:00,107.383,108.818,107.254,108.74,58299.0
2024-08-15 21:00:00+00:00,108.766,108.793,107.508,107.914,47298.0
2024-08-18 21:00:00+00:00,107.861,108.257,106.212,107.532,62866.0
2024-08-19 21:00:00+00:00,107.537,108.066,106.614,106.658,83165.0
2024-08-20 21:00:00+00:00,106.624,107.976,106.375,106.882,100149.0
2024-08-21 21:00:00+00:00,106.868,107.728,106.647,107.478,80699.0
2024-08-22 21:00:00+00:00,107.446,107.882,106.596,106.874,86052.0
2024-08-25 21:00:00+00:00,106.78,107.334,106.226,107.172,76281.0
2024-08-26 21:00:00+00:00,107.194,107.754,106.98,107.08,57298.0
2024-08-27 21:00:00+00:00,107.088,107.684,106.872,107.258,64496.0
2024-08-28 21:00:00+00:00,107.219,108.006,107.022,107.54,85428.0
2024-08-29 21:00:00+00:00,107.528,108.538,107.282,108.338,71048.0
2024-09-01 21:00:00+00:00,108.302,109.06,107.978,108.878,36146.0
2024-09-02 21:00:00+00:00,108.89,109.036,107.125,107.362,95111.0
2024-09-03 21:00:00+00:00,107.36,107.536,106.38,106.435,98315.0
2024-09-04 21:00:00+00:00,106.388,106.746,105.676,106.248,105401.0
2024-09-05 21:00:00+00:00,106.232,106.813,104.665,104.852,120478.0
2024-09-08 21:00:00+00:00,104.942,106.044,104.619,105.592,69524.0
2024-09-09 21:00:00+00:00,105.596,105.908,104.489,104.676,62523.0
2024-09-10 21:00:00+00:00,104.67,105.006,103.5,104.866,100803.0
2024-09-11 21:00:00+00:00,104.856,105.432,104.382,104.446,94905.0
2024-09-12 21:00:00+00:00,104.445,104.477,103.356,103.654,83673.0
2024-09-15 21:00:00+00:00,103.514,103.75,102.814,103.496,64050.0
2024-09-16 21:00:00+00:00,103.52,104.77,103.265,104.738,77650.0
2024-09-17 21:00:00+00:00,104.742,104.776,103.67,104.579,112643.0
2024-09-18 21:00:00+00:00,104.598,105.956,104.318,105.212,136262.0
2024-09-19 21:00:00+00:00,105.198,106.426,104.568,106.048,119451.0
2024-09-22 21:00:00+00:00,106.192,106.773,105.663,106.037,79607.0
2024-09-23 21:00:00+00:00,106.03,107.06,106.002,106.637,77702.0
2024-09-24 21:00:00+00:00,106.632,107.534,106.426,107.354,72007.0
2024-09-25 21:00:00+00:00,107.35,107.739,106.984,107.536,108432.0
2024-09-26 21:00:00+00:00,107.534,108.566,105.052,105.24,151955.0
2024-09-29 21:00:00+00:00,105.254,106.356,104.858,106.191,128866.0
2024-09-30 21:00:00+00:00,106.198,106.898,105.844,106.432,126424.0
2024-10-01 21:00:00+00:00,106.428,108.55,106.293,108.484,99847.0
2024-10-02 21:00:00+00:00,108.468,108.964,108.164,108.42,117666.0
2024-10-03 21:00:00+00:00,108.414,109.742,107.672,109.548,95919.0
2024-10-06 21:00:00+00:00,109.596,109.828,108.565,108.793,94300.0
2024-10-07 21:00:00+00:00,108.777,108.82,108.029,108.596,115054.0
2024-10-08 21:00:00+00:00,108.61,109.091,108.4,108.9,78411.0
2024-10-09 21:00:00+00:00,108.894,109.096,107.833,108.146,127496.0
2024-10-10 21:00:00+00:00,108.128,108.61,107.954,108.358,81681.0
2024-10-13 21:00:00+00:00,108.357,108.732,108.208,108.55,57482.0
2024-10-14 21:00:00+00:00,108.558,108.62,107.709,108.326,90375.0
2024-10-15 21:00:00+00:00,108.36,108.912,108.02,108.828,92631.0
2024-10-16 21:00:00+00:00,108.788,108.976,108.468,108.904,101646.0
2024-10-17 21:00:00+00:00,108.901,108.932,108.218,108.364,83626.0
2024-10-20 21:00:00+00:00,108.312,109.092,107.992,109.05,88585.0
2024-10-21 21:00:00+00:00,109.041,109.392,108.791,109.36,101866.0
2024-10-22 21:00:00+00:00,109.314,110.652,109.277,110.406,110464.0
2024-10-23 21:00:00+00:00,110.37,110.504,109.402,109.591,121587.0
2024-10-24 21:00:00+00:00,109.606,109.935,109.346,109.64,93920.0
2024-10-27 21:00:00+00:00,110.319,110.732,109.69,110.376,103020.0
2024-10-28 21:00:00+00:00,110.376,110.694,109.918,110.218,119807.0
2024-10-29 21:00:00+00:00,110.224,110.392,109.739,110.352,128938.0
2024-10-30 21:00:00+00:00,110.327,110.396,109.085,109.124,160817.0
2024-10-31 21:00:00+00:00,109.122,109.977,108.953,109.648,141953.0
2024-11-03 22:00:00+00:00,109.404,109.584,109.006,109.43,129150.0
2024-11-04 22:00:00+00:00,109.445,109.774,109.34,109.682,107336.0
2024-11-05 22:00:00+00:00,109.669,111.026,109.369,110.931,280278.0
2024-11-06 22:00:00+00:00,110.894,111.188,110.242,110.339,167026.0
2024-11-07 22:00:00+00:00,110.34,110.534,109.495,109.716,141918.0
2024-11-10 22:00:00+00:00,109.804,110.55,109.722,110.406,82331.0
2024-11-11 22:00:00+00:00,110.4,111.076,110.004,110.894,121300.0
2024-11-12 22:00:00+00:00,110.888,111.286,110.584,111.068,131713.0
2024-11-13 22:00:00+00:00,111.096,111.522,110.96,111.158,131472.0
2024-11-14 22:00:00+00:00,111.18,111.44,109.255,109.57,139137.0
2024-11-17 22:00:00+00:00,109.588,110.48,109.266,110.37,128437.0
2024-11-18 22:00:00+00:00,110.364,110.844,109.256,110.816,149495.0
2024-11-19 22:00:00+00:00,110.804,111.562,110.67,111.215,101207.0
2024-11-20 22:00:00+00:00,111.224,111.224,110.244,110.6,137429.0
2024-11-21 22:00:00+00:00,110.598,110.91,110.14,110.704,129688.0
2024-11-24 22:00:00+00:00,110.552,110.816,109.922,110.246,124114.0
2024-11-25 22:00:00+00:00,110.286,110.304,108.571,108.954,141603.0
2024-11-26 22:00:00+00:00,108.932,109.033,107.322,107.71,125107.0
2024-11-27 22:00:00+00:00,107.693,108.525,107.602,108.151,66422.0
2024-11-28 22:00:00+00:00,108.146,108.188,106.779,106.874,161508.0
2024-12-01 22:00:00+00:00,106.918,107.452,105.959,106.506,125253.0
2024-12-02 22:00:00+00:00,106.502,107.121,105.769,106.324,108108.0
2024-12-03 22:00:00+00:00,106.365,107.521,106.269,107.032,111726.0
2024-12-04 22:00:00+00:00,107.023,107.451,106.386,107.032,74502.0
2024-12-05 22:00:00+00:00,107.03,107.319,105.826,105.978,90022.0
2024-12-08 22:00:00+00:00,105.969,107.168,105.756,106.712,61655.0
2024-12-09 22:00:00+00:00,106.702,107.442,106.448,107.168,61461.0
2024-12-10 22:00:00+00:00,107.209,107.914,106.488,107.688,88059.0
2024-12-11 22:00:00+00:00,107.678,108.006,107.148,107.349,91942.0
2024-12-12 22:00:00+00:00,107.345,108.078,107.222,107.944,65978.0
2024-12-15 22:00:00+00:00,107.966,108.53,107.818,108.23,58902.0
2024-12-16 22:00:00+00:00,108.247,108.43,107.042,107.266,73008.0
2024-12-17 22:00:00+00:00,107.255,107.612,106.98,107.171,86210.0
2024-12-18 22:00:00+00:00,107.134,109.906,106.798,109.347,142449.0
2024-12-19 22:00:00+00:00,109.354,109.631,108.613,108.826,114345.0
2024-12-22 22:00:00+00:00,108.83,109.381,108.776,109.356,64345.0
2024-12-23 22:00:00+00:00,109.374,109.564,108.942,109.506,42838.0
2024-12-25 22:00:00+00:00,109.338,109.723,109.238,109.704,40938.0
2024-12-26 22:00:00+00:00,109.636,109.812,109.186,109.538,53625.0
2024-12-29 22:00:00+00:00,109.442,109.877,108.679,109.304,65953.0
2024-12-30 22:00:00+00:00,109.298,109.506,108.539,109.317,87945.0
2025-01-01 22:00:00+00:00,109.325,109.772,108.559,109.4,101066.0
2025-01-02 22:00:00+00:00,109.388,109.478,108.592,108.89,62645.0
2025-01-05 22:00:00+00:00,108.86,110.027,108.799,109.992,102552.0
2025-01-06 22:00:00+00:00,109.994,110.466,109.848,109.998,91580.0
2025-01-07 22:00:00+00:00,110.006,110.29,109.876,110.17,100196.0
2025-01-08 22:00:00+00:00,110.125,110.202,109.496,109.856,70347.0
2025-01-09 22:00:00+00:00,109.848,110.227,109.15,109.396,121191.0
2025-01-12 22:00:00+00:00,109.455,109.59,108.757,109.532,99960.0
2025-01-13 22:00:00+00:00,109.586,110.158,109.31,110.105,105926.0
2025-01-14 22:00:00+00:00,110.118,110.157,108.91,109.116,95675.0
2025-01-15 22:00:00+00:00,109.137,109.218,107.778,107.793,109605.0
2025-01-16 22:00:00+00:00,107.792,108.526,107.65,107.934,86769.0
2025-01-19 22:00:00+00:00,108.036,109.02,107.761,108.75,97576.0
2025-01-20 22:00:00+00:00,108.758,108.802,107.326,108.564,124546.0
2025-01-21 22:00:00+00:00,108.552,109.085,108.462,108.872,81454.0
2025-01-22 22:00:00+00:00,108.88,108.916,108.362,108.515,95844.0
2025-01-23 22:00:00+00:00,108.52,109.252,108.057,108.734,120067.0
2025-01-26 22:00:00+00:00,108.418,108.618,107.072,107.495,130013.0
2025-01-27 22:00:00+00:00,107.488,108.29,107.396,107.995,113619.0
2025-01-28 22:00:00+00:00,108.034,108.17,107.271,107.67,111155.0
2025-01-29 22:00:00+00:00,107.628,107.802,105.756,106.442,124673.0
2025-01-30 22:00:00+00:00,106.447,107.719,106.236,106.84,141539.0
2025-02-02 22:00:00+00:00,105.192,107.528,104.912,107.254,207143.0
2025-02-03 22:00:00+00:00,107.285,108.026,106.782,107.752,129356.0
2025-02-04 22:00:00+00:00,107.748,107.834,106.418,106.582,117338.0
2025-02-05 22:00:00+00:00,106.584,106.696,105.648,105.882,104257.0
2025-02-06 22:00:00+00:00,105.876,106.473,105.382,105.942,124863.0
2025-02-09 22:00:00+00:00,105.464,106.452,105.212,106.188,85929.0
2025-02-10 22:00:00+00:00,106.184,106.842,105.805,106.763,95838.0
2025-02-11 22:00:00+00:00,106.749,108.29,106.656,107.916,133845.0
2025-02-12 22:00:00+00:00,107.914,108.318,107.356,107.683,158217.0
2025-02-13 22:00:00+00:00,107.691,107.883,107.248,107.407,102365.0
2025-02-16 22:00:00+00:00,107.435,107.462,106.67,106.837,77405.0
2025-02-17 22:00:00+00:00,106.816,107.239,106.598,107.128,94714.0
2025-02-18 22:00:00+00:00,107.09,107.352,106.37,106.376,92202.0
2025-02-19 22:00:00+00:00,106.409,106.43,105.32,105.562,124706.0
2025-02-20 22:00:00+00:00,105.554,106.335,104.67,104.95,123675.0
2025-02-23 22:00:00+00:00,104.92,105.46,104.786,104.999,123788.0
2025-02-24 22:00:00+00:00,104.992,105.344,103.946,104.096,135528.0
2025-02-25 22:00:00+00:00,104.118,104.54,103.776,103.997,143818.0
2025-02-26 22:00:00+00:00,103.992,104.68,103.572,103.777,142130.0
2025-02-27 22:00:00+00:00,103.77,104.766,103.202,104.108,149777.0
2025-03-02 22:00:00+00:00,104.324,104.976,102.547,103.254,166036.0
2025-03-03 22:00:00+00:00,103.258,104.219,102.198,104.063,199436.0
2025-03-04 22:00:00+00:00,104.054,104.286,103.028,103.824,172095.0
2025-03-05 22:00:00+00:00,103.826,104.238,102.585,103.523,188250.0
2025-03-06 22:00:00+00:00,103.534,103.66,101.92,103.014,189127.0
2025-03-09 21:00:00+00:00,102.97,102.97,101.636,101.98,156583.0
2025-03-10 21:00:00+00:00,102.012,102.798,101.378,102.382,220003.0
2025-03-11 21:00:00+00:00,102.368,103.643,102.302,103.172,140109.0
2025-03-12 21:00:00+00:00,103.158,103.3,102.044,102.36,157429.0
2025-03-13 21:00:00+00:00,102.326,103.562,102.291,103.443,124744.0
2025-03-16 21:00:00+00:00,103.503,104.524,103.287,104.435,128896.0
2025-03-17 21:00:00+00:00,104.433,105.034,104.175,104.417,99100.0
2025-03-18 21:00:00+00:00,104.444,104.93,103.737,103.812,103470.0
2025-03-19 21:00:00+00:00,103.829,104.046,103.154,103.896,85576.0
2025-03-20 21:00:00+00:00,103.89,104.504,103.48,104.006,90031.0
2025-03-23 21:00:00+00:00,104.053,105.5,104.046,105.252,93448.0
2025-03-24 21:00:00+00:00,105.199,105.414,104.536,104.996,74677.0
2025-03-25 21:00:00+00:00,104.99,105.866,104.93,105.546,82910.0
2025-03-26 21:00:00+00:00,105.555,105.82,105.028,105.601,104462.0
2025-03-27 21:00:00+00:00,105.596,105.65,104.53,104.656,111102.0
2025-03-30 21:00:00+00:00,104.722,104.739,103.742,104.228,120152.0
2025-03-31 21:00:00+00:00,104.239,104.636,103.498,104.603,120928.0
2025-04-01 21:00:00+00:00,104.614,105.458,104.03,104.748,140610.0
2025-04-02 21:00:00+00:00,104.852,104.936,103.298,103.634,296017.0
2025-04-03 21:00:00+00:00,103.65,104.112,101.879,103.308,324585.0
2025-04-06 21:00:00+00:00,101.976,104.374,101.632,103.776,419000.0
2025-04-07 21:00:00+00:00,103.816,104.344,102.368,102.574,234605.0
2025-04-08 21:00:00+00:00,102.565,105.08,101.632,104.946,336417.0
2025-04-09 21:00:00+00:00,104.962,104.962,102.854,103.309,259583.0
2025-04-10 21:00:00+00:00,103.37,103.758,102.251,103.494,325818.0
2025-04-13 21:00:00+00:00,103.88,103.951,102.662,103.09,194706.0
2025-04-14 21:00:00+00:00,103.086,103.512,102.392,102.61,119893.0
2025-04-15 21:00:00+00:00,102.618,102.914,102.03,102.358,185090.0
2025-04-16 21:00:00+00:00,102.389,103.162,102.204,102.981,133199.0
2025-04-17 21:00:00+00:00,102.956,102.99,102.575,102.686,201181.0
2025-04-20 21:00:00+00:00,102.57,102.819,101.538,101.778,98587.0
2025-04-21 21:00:00+00:00,101.762,102.55,101.26,102.526,89296.0
2025-04-22 21:00:00+00:00,102.484,103.423,102.376,103.336,122329.0
2025-04-23 21:00:00+00:00,103.327,103.342,102.561,102.958,82248.0
2025-04-24 21:00:00+00:00,102.976,103.956,102.933,103.726,86311.0
2025-04-27 21:00:00+00:00,103.571,103.818,102.602,102.709,61066.0
2025-04-28 21:00:00+00:00,102.706,103.146,102.502,102.921,67626.0
2025-04-29 21:00:00+00:00,102.834,103.84,102.782,103.685,76209.0
2025-04-30 21:00:00+00:00,103.672,105.282,103.63,104.978,68773.0
2025-05-01 21:00:00+00:00,104.975,105.411,104.264,104.928,78576.0
2025-05-04 21:00:00+00:00,104.871,104.98,103.927,103.956,62574.0
2025-05-05 21:00:00+00:00,103.998,104.22,103.252,103.385,62134.0
2025-05-06 21:00:00+00:00,103.401,104.206,103.39,103.926,81358.0
2025-05-07 21:00:00+00:00,103.885,104.964,103.83,104.81,98185.0
2025-05-08 21:00:00+00:00,104.776,104.952,103.988,104.302,94984.0
2025-05-11 21:00:00+00:00,105.143,106.262,104.568,106.251,147536.0
2025-05-12 21:00:00+00:00,106.216,106.24,105.469,105.83,118726.0
2025-05-13 21:00:00+00:00,105.814,105.955,104.489,104.947,128257.0
2025-05-14 21:00:00+00:00,104.963,105.045,103.948,104.374,135539.0
2025-05-15 21:00:00+00:00,104.326,104.504,103.886,104.26,97188.0
2025-05-18 21:00:00+00:00,104.016,104.23,103.69,103.838,112296.0
2025-05-19 21:00:00+00:00,103.878,104.214,103.393,103.844,133290.0
2025-05-20 21:00:00+00:00,103.865,104.007,103.357,103.66,142829.0
2025-05-21 21:00:00+00:00,103.668,104.128,103.132,103.951,141948.0
2025-05-22 21:00:00+00:00,103.939,104.004,103.006,103.824,119309.0
2025-05-25 21:00:00+00:00,103.803,104.305,103.734,103.991,76559.0
2025-05-26 21:00:00+00:00,104.004,104.98,103.536,104.51,125018.0
2025-05-27 21:00:00+00:00,104.52,104.983,104.208,104.702,107880.0
2025-05-28 21:00:00+00:00,104.679,105.574,104.318,104.438,125011.0
2025-05-29 21:00:00+00:00,104.436,105.046,103.872,104.864,102462.0
2025-06-01 21:00:00+00:00,104.709,104.882,104.024,104.071,94955.0
2025-06-02 21:00:00+00:00,104.084,105.035,103.836,104.96,89200.0
2025-06-03 21:00:00+00:00,104.904,105.304,104.33,104.376,100409.0
2025-06-04 21:00:00+00:00,104.39,105.349,104.262,105.02,115063.0
2025-06-05 21:00:00+00:00,104.961,106.015,104.926,105.784,106325.0
2025-06-08 21:00:00+00:00,105.809,105.864,105.284,105.564,70219.0
2025-06-09 21:00:00+00:00,105.544,106.032,105.326,105.99,99247.0
2025-06-10 21:00:00+00:00,105.999,106.312,105.584,105.774,106638.0
2025-06-11 21:00:00+00:00,105.72,105.754,105.132,105.522,107015.0
2025-06-12 21:00:00+00:00,105.496,106.15,104.799,106.12,143587.0
2025-06-15 21:00:00+00:00,105.99,106.74,105.894,106.684,105859.0
2025-06-16 21:00:00+00:00,106.676,106.892,106.089,106.224,117785.0
2025-06-17 21:00:00+00:00,106.231,106.326,105.632,105.981,122409.0
2025-06-18 21:00:00+00:00,105.975,106.336,105.611,106.193,86494.0
2025-06-19 21:00:00+00:00,106.192,106.428,105.993,106.392,97309.0
2025-06-22 21:00:00+00:00,106.62,107.348,106.232,106.414,128988.0
2025-06-23 21:00:00+00:00,106.414,106.466,105.412,105.59,113203.0
2025-06-24 21:00:00+00:00,105.655,106.238,105.368,105.833,91528.0
2025-06-25 21:00:00+00:00,105.828,106.008,105.034,105.868,104541.0
2025-06-26 21:00:00+00:00,105.804,106.162,105.242,105.734,109726.0
2025-06-29 21:00:00+00:00,105.469,105.946,105.237,105.845,119421.0
2025-06-30 21:00:00+00:00,105.84,105.864,104.852,105.092,102290.0
2025-07-01 21:00:00+00:00,105.102,105.784,105.082,105.705,105843.0
2025-07-02 21:00:00+00:00,105.714,107.03,105.598,106.69,108170.0
2025-07-03 21:00:00+00:00,106.718,106.735,106.11,106.244,84618.0
2025-07-06 21:00:00+00:00,106.146,107.036,105.95,106.759,71599.0
2025-07-07 21:00:00+00:00,106.758,107.436,106.644,107.28,115230.0
2025-07-08 21:00:00+00:00,107.31,107.544,106.823,106.912,82781.0
2025-07-09 21:00:00+00:00,106.948,107.177,106.583,107.114,66101.0
2025-07-10 21:00:00+00:00,107.07,107.854,106.578,107.692,55289.0
2025-07-13 21:00:00+00:00,107.442,107.918,107.338,107.804,44986.0
2025-07-14 21:00:00+00:00,107.816,108.612,107.712,108.473,42825.0
2025-07-15 21:00:00+00:00,108.5,108.745,107.25,108.094,77092.0
2025-07-16 21:00:00+00:00,108.073,108.402,107.944,108.077,52886.0
2025-07-17 21:00:00+00:00,108.08,108.472,107.933,108.454,34359.0
2025-07-20 21:00:00+00:00,107.883,108.324,107.43,107.701,44364.0
2025-07-21 21:00:00+00:00,107.713,108.068,107.191,107.79,38819.0
2025-07-22 21:00:00+00:00,107.782,108.236,107.394,107.756,79393.0
2025-07-23 21:00:00+00:00,107.778,107.86,107.238,107.804,110263.0
2025-07-24 21:00:00+00:00,107.759,108.162,107.552,107.768,83445.0
2025-07-27 21:00:00+00:00,107.772,108.254,107.745,108.128,95598.0
2025-07-28 21:00:00+00:00,108.12,108.218,107.691,107.818,79171.0
2025-07-29 21:00:00+00:00,107.842,108.131,107.345,108.117,79888.0
2025-07-30 21:00:00+00:00,108.1,108.934,107.481,108.81,56889.0
2025-07-31 21:00:00+00:00,108.829,108.958,106.812,106.905,77800.0
2025-08-03 21:00:00+00:00,106.918,107.434,106.59,106.751,41077.0
2025-08-04 21:00:00+00:00,106.796,107.218,106.526,107.148,37786.0
2025-08-05 21:00:00+00:00,107.162,107.414,106.99,107.238,31682.0
2025-08-06 21:00:00+00:00,107.254,107.518,106.9,107.054,44113.0
2025-08-07 21:00:00+00:00,107.022,107.694,106.857,107.416,31653.0
2025-08-10 21:00:00+00:00,107.294,107.566,107.01,107.524,20050.0
2025-08-11 21:00:00+00:00,107.508,107.761,107.2,107.356,37353.0
2025-08-12 21:00:00+00:00,107.33,107.53,106.858,107.124,26142.0
2025-08-13 21:00:00+00:00,107.145,107.146,106.246,106.952,38566.0
2025-08-14 21:00:00+00:00,106.956,107.043,106.352,106.496,30101.0
2025-08-17 21:00:00+00:00,106.548,107.194,106.48,107.122,24857.0
2025-08-18 21:00:00+00:00,107.078,107.209,106.35,106.482,26028.0
2025-08-19 21:00:00+00:00,106.464,106.575,105.944,106.175,35182.0
2025-08-20 21:00:00+00:00,106.223,106.778,106.136,106.684,39822.0
2025-08-21 21:00:00+00:00,106.639,106.922,105.976,106.26,37085.0
2025-08-24 21:00:00+00:00,106.256,106.761,106.171,106.608,24621.0
2025-08-25 21:00:00+00:00,106.62,106.744,106.196,106.534,32516.0
2025-08-26 21:00:00+00:00,106.51,107.008,106.468,106.886,26482.0
2025-08-27 21:00:00+00:00,106.912,107.038,106.686,106.902,34877.0
2025-08-28 21:00:00+00:00,106.838,107.123,106.756,106.998,25927.0
2025-08-31 21:00:00+00:00,107.031,107.242,106.815,107.04,19384.0
2025-09-01 21:00:00+00:00,107.05,107.963,106.958,107.636,42639.0
2025-09-02 21:00:00+00:00,107.64,108.035,107.227,107.394,32054.0
2025-09-03 21:00:00+00:00,107.37,107.561,107.152,107.45,34291.0
2025-09-04 21:00:00+00:00,107.472,107.5,106.172,106.613,42493.0
2025-09-07 21:00:00+00:00,107.122,107.342,106.704,106.89,33978.0
2025-09-08 21:00:00+00:00,106.866,106.926,106.008,106.48,34886.0
2025-09-09 21:00:00+00:00,106.433,106.554,106.24,106.384,27843.0
2025-09-10 21:00:00+00:00,106.333,106.724,106.203,106.45,36144.0
2025-09-11 21:00:00+00:00,106.427,106.928,106.352,106.676,25296.0
2025-09-14 21:00:00+00:00,106.659,107.062,106.462,106.996,21299.0
2025-09-15 21:00:00+00:00,106.966,107.108,106.441,106.6,30438.0
2025-09-16 21:00:00+00:00,106.62,106.756,105.981,106.722,48267.0
2025-09-17 21:00:00+00:00,106.712,107.416,106.592,107.293,45720.0
2025-09-18 21:00:00+00:00,107.236,107.448,106.736,107.4,52968.0
2025-09-21 21:00:00+00:00,107.33,107.572,106.832,106.928,31184.0
2025-09-22 21:00:00+00:00,106.942,107.004,106.53,106.727,27568.0
2025-09-23 21:00:00+00:00,106.698,107.208,106.571,107.162,27929.0
2025-09-24 21:00:00+00:00,107.128,107.629,106.947,107.468,34437.0
2025-09-25 21:00:00+00:00,107.56,107.596,107.162,107.222,34202.0
2025-09-28 21:00:00+00:00,107.283,107.309,106.594,106.791,37537.0
2025-09-29 21:00:00+00:00,106.833,106.908,106.072,106.287,34968.0
2025-09-30 21:00:00+00:00,106.219,106.435,105.263,105.532,49466.0
2025-10-01 21:00:00+00:00,105.556,105.741,105.198,105.456,36257.0
2025-10-02 21:00:00+00:00,105.438,105.837,105.356,105.736,32343.0
2025-10-05 21:00:00+00:00,107.046,107.87,106.75,107.839,58899.0
2025-10-06 21:00:00+00:00,107.812,108.956,107.752,108.894,34266.0
2025-10-07 21:00:00+00:00,108.903,109.662,108.785,109.446,40590.0
2025-10-08 21:00:00+00:00,109.465,109.754,109.082,109.183,58907.0
2025-10-09 21:00:00+00:00,109.094,109.295,107.962,107.969,49929.0
2025-10-12 21:00:00+00:00,108.54,108.846,108.396,108.499,40032.0
2025-10-13 21:00:00+00:00,108.48,108.723,107.915,108.102,48709.0
2025-10-14 21:00:00+00:00,108.078,108.189,107.498,107.605,39417.0
2025-10-15 21:00:00+00:00,107.612,107.861,106.892,107.052,59543.0
2025-10-16 21:00:00+00:00,107.03,107.492,106.238,107.429,58124.0
2025-10-19 21:00:00+00:00,107.341,107.928,107.087,107.394,36732.0
2025-10-20 21:00:00+00:00,107.372,108.562,107.252,108.348,51716.0
2025-10-21 21:00:00+00:00,108.33,108.708,108.136,108.585,41846.0
2025-10-22 21:00:00+00:00,108.59,109.224,108.522,109.078,36216.0
2025-10-23 21:00:00+00:00,109.058,109.29,108.7,109.236,33648.0
2025-10-26 21:00:00+00:00,109.112,109.558,109.106,109.28,36493.0
2025-10-27 21:00:00+00:00,109.262,109.286,108.462,109.082,36429.0
2025-10-28 21:00:00+00:00,109.07,109.79,108.729,109.547,52445.0
2025-10-29 21:00:00+00:00,109.518,110.392,109.222,110.237,62506.0
2025-10-30 21:00:00+00:00,110.208,110.316,109.714,109.947,38080.0
2025-11-02 22:00:00+00:00,109.934,110.113,109.426,109.715,24076.0
2025-11-03 22:00:00+00:00,109.732,109.805,108.874,108.964,36636.0
2025-11-04 22:00:00+00:00,108.982,109.3,108.375,109.234,40246.0
2025-11-05 22:00:00+00:00,109.239,109.282,108.203,108.442,33770.0
2025-11-06 22:00:00+00:00,108.424,109.416,108.306,109.234,40135.0
2025-11-09 22:00:00+00:00,109.406,110.081,109.237,109.934,32716.0
2025-11-10 22:00:00+00:00,109.905,110.098,109.69,109.96,21261.0
2025-11-11 22:00:00+00:00,109.978,110.596,109.892,110.542,27381.0
2025-11-12 22:00:00+00:00,110.526,110.644,109.96,110.128,31039.0
2025-11-13 22:00:00+00:00,110.115,110.348,109.566,110.176,37199.0
2025-11-16 22:00:00+00:00,110.221,110.736,110.086,110.474,29186.0
2025-11-17 22:00:00+00:00,110.479,111.456,110.142,111.184,39436.0
2025-11-18 22:00:00+00:00,111.176,111.916,110.918,111.882,36056.0
2025-11-19 22:00:00+00:00,111.864,112.292,111.548,111.72,49578.0
2025-11-20 22:00:00+00:00,111.734,111.83,110.602,110.912,53672.0
2025-11-23 22:00:00+00:00,110.952,111.442,110.934,111.239,32392.0
2025-11-24 22:00:00+00:00,111.187,111.257,110.439,110.704,34634.0
2025-11-25 22:00:00+00:00,110.658,111.498,110.578,111.423,32441.0
2025-11-26 22:00:00+00:00,111.404,111.477,110.965,111.426,25982.0
2025-11-27 22:00:00+00:00,111.384,112.006,111.212,111.743,206732.0
2025-11-30 22:00:00+00:00,111.68,111.781,110.822,111.09,41334.0
2025-12-01 22:00:00+00:00,111.082,111.718,111.048,111.602,27179.0
2025-12-02 22:00:00+00:00,111.584,111.614,111.154,111.276,33817.0
2025-12-03 22:00:00+00:00,111.316,111.401,110.604,111.156,72789.0
2025-12-04 22:00:00+00:00,111.113,112.45,110.718,112.431,46459.0
2025-12-07 22:00:00+00:00,112.216,112.816,112.064,112.528,44120.0
2025-12-08 22:00:00+00:00,112.508,113.462,112.466,113.325,44581.0
2025-12-09 22:00:00+00:00,113.265,113.346,112.828,113.116,54875.0
2025-12-10 22:00:00+00:00,113.082,113.141,112.506,112.984,66402.0
2025-12-11 22:00:00+00:00,112.974,113.448,112.863,113.171,36766.0
2025-12-14 22:00:00+00:00,113.198,113.296,112.486,112.746,35664.0
2025-12-15 22:00:00+00:00,112.724,112.752,112.293,112.512,40912.0
2025-12-16 22:00:00+00:00,112.472,113.048,112.285,112.932,34754.0
2025-12-17 22:00:00+00:00,112.914,113.27,112.736,112.919,64518.0
2025-12-18 22:00:00+00:00,112.91,114.456,112.87,114.292,47636.0
2025-12-21 22:00:00+00:00,114.207,114.368,113.963,114.236,37947.0
2025-12-22 22:00:00+00:00,114.178,114.228,113.49,114.15,59294.0
2025-12-23 22:00:00+00:00,114.137,114.146,113.722,114.006,33932.0
2025-12-25 22:00:00+00:00,113.972,114.643,113.918,114.52,31504.0
2025-12-28 22:00:00+00:00,114.546,114.592,113.965,114.034,51250.0
2025-12-29 22:00:00+00:00,114.004,114.354,113.821,114.242,38549.0
2025-12-30 22:00:00+00:00,114.165,114.614,114.118,114.18,39658.0
2026-01-01 22:00:00+00:00,114.215,114.56,114.006,114.224,20280.0
2026-01-04 22:00:00+00:00,114.059,114.388,113.454,113.561,34460.0
2026-01-05 22:00:00+00:00,113.558,113.842,113.396,113.406,28207.0
2026-01-06 22:00:00+00:00,113.392,113.48,113.092,113.094,25139.0
2026-01-07 22:00:00+00:00,113.126,113.392,112.752,113.161,35649.0
2026-01-08 22:00:00+00:00,113.147,113.856,113.102,113.504,36855.0
2026-01-11 22:00:00+00:00,113.601,114.03,113.427,113.95,24621.0
2026-01-12 22:00:00+00:00,113.944,114.656,113.799,114.593,33375.0
2026-01-13 22:00:00+00:00,114.594,114.756,113.918,114.13,40067.0
2026-01-14 22:00:00+00:00,114.146,114.265,113.86,114.183,43533.0
2026-01-15 22:00:00+00:00,114.19,114.244,113.478,113.616,32277.0
2026-01-18 22:00:00+00:00,113.522,114.088,113.298,114.012,35018.0
2026-01-19 22:00:00+00:00,113.983,114.482,113.776,114.286,58116.0
2026-01-20 22:00:00+00:00,114.302,114.692,114.083,114.442,56910.0
2026-01-21 22:00:00+00:00,114.444,115.006,114.36,114.924,68978.0
2026-01-22 22:00:00+00:00,114.892,115.434,113.598,113.651,83506.0
2026-01-25 22:00:00+00:00,113.06,113.388,112.059,112.502,87698.0
2026-01-26 22:00:00+00:00,112.474,112.758,111.739,112.114,98166.0
2026-01-27 22:00:00+00:00,112.126,113.292,112.045,113.142,92081.0
2026-01-28 22:00:00+00:00,113.157,113.584,112.611,113.525,86587.0
2026-01-29 22:00:00+00:00,113.423,114.456,113.188,113.648,81856.0
2026-02-01 22:00:00+00:00,113.791,114.174,113.113,113.736,77243.0
2026-02-02 22:00:00+00:00,113.805,114.248,113.64,114.205,53366.0
2026-02-03 22:00:00+00:00,114.227,114.898,114.136,114.812,48768.0
2026-02-04 22:00:00+00:00,114.784,114.918,114.477,114.555,70845.0
2026-02-05 22:00:00+00:00,114.533,115.191,114.128,114.988,37510.0
2026-02-08 22:00:00+00:00,115.202,115.324,114.431,115.01,70077.0
2026-02-09 22:00:00+00:00,114.921,115.222,113.83,113.912,43444.0
2026-02-10 22:00:00+00:00,113.898,114.033,112.526,112.897,62316.0
2026-02-11 22:00:00+00:00,112.852,113.272,111.776,112.244,61791.0
2026-02-12 22:00:00+00:00,112.204,112.97,112.062,112.138,52044.0
2026-02-15 22:00:00+00:00,112.216,112.878,112.066,112.584,19798.0
2026-02-16 22:00:00+00:00,112.566,112.748,111.906,112.42,41328.0
2026-02-17 22:00:00+00:00,112.402,113.07,112.227,113.052,30209.0
2026-02-18 22:00:00+00:00,113.034,113.416,112.891,113.308,35604.0
2026-02-19 22:00:00+00:00,113.289,113.694,113.086,113.356,57441.0
2026-02-22 22:00:00+00:00,113.278,113.322,112.692,112.93,33856.0
2026-02-23 22:00:00+00:00,112.932,114.05,112.844,113.804,36326.0
2026-02-24 22:00:00+00:00,113.768,114.506,113.524,114.348,36500.0
2026-02-25 22:00:00+00:00,114.304,114.404,113.758,114.138,37506.0
2026-02-26 22:00:00+00:00,114.143,114.546,113.822,114.394,36809.0
2026-03-01 22:00:00+00:00,114.37,115.28,114.361,115.046,62564.0
2026-03-02 22:00:00+00:00,115.082,115.502,114.727,115.296,68147.0
2026-03-03 22:00:00+00:00,115.213,115.401,114.788,115.112,59848.0
2026-03-04 22:00:00+00:00,115.098,115.718,114.779,115.23,77285.0
2026-03-05 22:00:00+00:00,115.231,116.35,115.114,116.346,62729.0
2026-03-08 21:00:00+00:00,116.233,117.204,115.991,116.047,85833.0
2026-03-09 21:00:00+00:00,116.052,116.612,115.84,116.405,64541.0
2026-03-10 21:00:00+00:00,116.397,117.067,116.304,116.96,40149.0
2026-03-11 21:00:00+00:00,116.936,117.116,116.68,116.868,37410.0
2026-03-12 21:00:00+00:00,116.82,117.022,116.099,116.422,39539.0
2026-03-15 21:00:00+00:00,116.258,116.504,116.044,116.222,31059.0
2026-03-16 21:00:00+00:00,116.224,116.514,115.84,116.142,30355.0
2026-03-17 21:00:00+00:00,116.162,116.504,115.725,116.444,44662.0
2026-03-18 21:00:00+00:00,116.416,116.506,114.724,114.801,59982.0
2026-03-19 21:00:00+00:00,114.799,116.211,114.768,116.026,40239.0
2026-03-22 21:00:00+00:00,116.156,116.402,115.192,115.42,103113.0
2026-03-23 21:00:00+00:00,115.426,115.652,115.254,115.3,49204.0
2026-03-24 21:00:00+00:00,115.315,115.514,115.116,115.468,33839.0
2026-03-25 21:00:00+00:00,115.505,115.507,115.144,115.29,33923.0
2026-03-26 21:00:00+00:00,115.234,115.514,115.082,115.388,30976.0
2026-03-29 21:00:00+00:00,115.388,115.539,114.399,114.726,31576.0
2026-03-30 21:00:00+00:00,114.699,114.876,113.841,114.078,38005.0
2026-03-31 21:00:00+00:00,114.129,114.493,113.858,114.44,53968.0
2026-04-01 21:00:00+00:00,114.466,114.834,114.27,114.653,39985.0
2026-04-02 21:00:00+00:00,114.682,114.704,114.39,114.46,23697.0
2026-04-05 21:00:00+00:00,114.547,114.83,114.378,114.802,21759.0
2026-04-06 21:00:00+00:00,114.8,115.085,114.588,114.952,28631.0
2026-04-07 21:00:00+00:00,114.945,114.95,114.03,114.534,53530.0
2026-04-08 21:00:00+00:00,114.551,115.236,114.453,115.087,32439.0
2026-04-09 21:00:00+00:00,115.052,115.317,114.98,115.065,24254.0
2026-04-12 21:00:00+00:00,115.112,115.686,115.064,115.6,36762.0
2026-04-13 21:00:00+00:00,115.608,115.621,115.252,115.356,23562.0
2026-04-14 21:00:00+00:00,115.341,115.876,115.286,115.696,26492.0
2026-04-15 21:00:00+00:00,115.746,116.239,115.412,116.15,30544.0
2026-04-16 21:00:00+00:00,116.148,116.598,115.316,115.838,35034.0
2026-04-19 21:00:00+00:00,116.038,116.484,115.903,116.408,28059.0
2026-04-20 21:00:00+00:00,116.378,116.858,116.304,116.69,30526.0
2026-04-21 21:00:00+00:00,116.635,116.805,116.482,116.652,23225.0
2026-04-22 21:00:00+00:00,116.682,116.908,116.45,116.624,40377.0
2026-04-23 21:00:00+00:00,116.518,116.728,116.412,116.581,25891.0
2026-04-26 21:00:00+00:00,116.69,117.09,116.483,117.002,22914.0
2026-04-27 21:00:00+00:00,117.017,117.082,116.598,116.656,31980.0
2026-04-28 21:00:00+00:00,116.638,117.299,116.608,117.256,27216.0
2026-04-29 21:00:00+00:00,117.202,117.52,113.923,115.342,104747.0
2026-04-30 21:00:00+00:00,115.252,115.899,114.592,115.573,60791.0
2026-05-03 21:00:00+00:00,115.363,115.7,114.636,115.428,64674.0
2026-05-04 21:00:00+00:00,115.402,115.972,115.366,115.94,30727.0
2026-05-05 21:00:00+00:00,115.956,116.099,114.132,114.7,81361.0
2026-05-06 21:00:00+00:00,114.726,115.032,114.493,114.858,36774.0
2026-05-07 21:00:00+00:00,114.853,114.941,114.176,114.576,29538.0
2026-05-10 21:00:00+00:00,114.429,115.075,114.384,114.95,21443.0
2026-05-11 21:00:00+00:00,114.922,115.214,114.516,115.082,28321.0
2026-05-12 21:00:00+00:00,115.081,115.289,115.04,115.201,23299.0
2026-05-13 21:00:00+00:00,115.16,115.489,114.684,115.453,42298.0
2026-05-14 21:00:00+00:00,115.388,115.56,115.184,115.484,28797.0
2026-05-17 21:00:00+00:00,115.407,115.708,115.329,115.627,34565.0
2026-05-18 21:00:00+00:00,115.622,115.776,115.23,115.748,31938.0
2026-05-19 21:00:00+00:00,115.738,115.766,115.427,115.636,32260.0
2026-05-20 21:00:00+00:00,115.634,115.665,115.306,115.408,62528.0
2026-05-21 21:00:00+00:00,115.341,115.445,115.131,115.197,19631.0
2026-05-24 21:00:00+00:00,115.041,115.198,114.985,115.15,15924.0
2026-05-25 21:00:00+00:00,115.123,115.456,115.084,115.347,23676.0
2026-05-26 21:00:00+00:00,115.355,115.4,115.15,115.258,26860.0
2026-05-27 21:00:00+00:00,115.256,115.602,114.947,115.542,52696.0
2026-05-28 21:00:00+00:00,115.53,115.606,115.179,115.454,37161.0
2026-05-31 21:00:00+00:00,115.47,115.556,115.243,115.365,36189.0
2026-06-01 21:00:00+00:00,115.331,115.676,115.294,115.575,30525.0
2026-06-02 21:00:00+00:00,115.548,115.608,115.044,115.203,30147.0
2026-06-03 21:00:00+00:00,115.196,115.208,114.833,115.054,33445.0
2026-06-04 21:00:00+00:00,115.11,115.366,114.794,115.012,31390.0
2026-06-07 21:00:00+00:00,114.972,115.035,114.582,114.796,30850.0
2026-06-08 21:00:00+00:00,114.802,115.08,114.72,114.965,28335.0
2026-06-09 21:00:00+00:00,114.946,115.368,114.866,115.15,30121.0
2026-06-10 21:00:00+00:00,115.11,115.208,114.352,114.554,42451.0
2026-06-11 21:00:00+00:00,114.58,114.758,114.421,114.543,29958.0
2026-06-14 21:00:00+00:00,114.468,114.71,114.252,114.624,24408.0
2026-06-15 21:00:00+00:00,114.633,114.718,114.293,114.668,21402.0
2026-06-16 21:00:00+00:00,114.634,114.682,113.84,113.971,31198.0
2026-06-17 21:00:00+00:00,113.95,114.418,113.662,114.176,28858.0
2026-06-18 21:00:00+00:00,114.17,114.217,113.66,113.977,28551.0
2026-06-21 21:00:00+00:00,113.816,114.355,113.804,114.136,28887.0
2026-06-22 21:00:00+00:00,114.097,114.174,113.648,113.712,25040.0
2026-06-23 21:00:00+00:00,113.692,113.786,113.524,113.69,19370.0
2026-06-24 21:00:00+00:00,113.68,114.054,113.562,113.952,28991.0
2026-06-25 21:00:00+00:00,113.916,114.102,113.822,113.947,23016.0
2026-06-28 21:00:00+00:00,113.947,114.14,113.875,113.956,22193.0
2026-06-29 21:00:00+00:00,113.954,114.677,113.843,114.531,24335.0
2026-06-30 21:00:00+00:00,114.498,114.58,114.276,114.388,22267.0
2026-07-01 21:00:00+00:00,114.402,114.414,113.333,113.628,48593.0
2026-07-02 21:00:00+00:00,113.58,113.81,113.314,113.646,25938.0
2026-07-05 21:00:00+00:00,113.632,114.225,113.588,114.116,19006.0
2026-07-06 21:00:00+00:00,114.126,114.191,113.742,114.171,20828.0
2026-07-07 21:00:00+00:00,114.182,114.781,114.131,114.75,28059.0
2026-07-08 21:00:00+00:00,114.753,114.782,114.436,114.632,26901.0
2026-07-09 21:00:00+00:00,114.624,114.654,113.994,114.24,32314.0
2026-07-12 21:00:00+00:00,114.236,114.856,114.162,114.762,28635.0
2026-07-13 21:00:00+00:00,114.773,115.424,114.688,115.415,38403.0
2026-07-14 21:00:00+00:00,115.326,115.575,115.304,115.514,25366.0
2026-07-15 21:00:00+00:00,115.519,115.855,115.372,115.648,48309.0
2026-07-16 21:00:00+00:00,115.649,116.026,115.571,115.84,33176.0
2026-07-19 21:00:00+00:00,115.926,115.992,115.496,115.497,18822.0
2026-07-20 21:00:00+00:00,115.442,115.756,115.374,115.67,19162.0
2026-07-21 21:00:00+00:00,115.654,115.874,115.515,115.828,20054.0
2026-07-22 21:00:00+00:00,115.829,116.482,115.773,116.359,65045.0
2026-07-23 21:00:00+00:00,116.346,116.468,116.106,116.26,57815.0
2026-07-26 21:00:00+00:00,116.112,116.226,115.884,115.937,49541.0
2026-07-27 21:00:00+00:00,115.932,116.243,115.914,116.153,44625.0
2026-07-28 21:00:00+00:00,116.147,116.465,115.898,116.348,70874.0
2026-07-29 21:00:00+00:00,116.336,116.456,112.746,113.886,157624.0
2026-07-30 21:00:00+00:00,113.827,114.738,112.246,112.342,143669.0
2026-08-02 21:00:00+00:00,112.176,112.656,110.832,111.912,112683.0
2026-08-03 21:00:00+00:00,111.904,112.524,111.8,112.186,87545.0
2026-08-04 21:00:00+00:00,112.168,112.644,111.806,112.605,69764.0
2026-08-05 21:00:00+00:00,112.598,113.106,112.48,113.086,73721.0
2026-08-06 21:00:00+00:00,113.07,113.328,112.328,113.202,83927.0
2026-08-09 21:00:00+00:00,113.062,114.352,112.992,114.287,70056.0
2026-08-10 21:00:00+00:00,114.268,114.474,114.091,114.394,53356.0
2026-08-11 21:00:00+00:00,114.41,114.5,113.852,114.374,58397.0
2026-08-12 21:00:00+00:00,114.368,114.558,114.049,114.514,84012.0
2026-08-13 21:00:00+00:00,114.487,114.891,114.352,114.834,65398.0
2026-08-16 21:00:00+00:00,114.812,115.043,114.64,114.937,58331.0
2026-08-17 21:00:00+00:00,114.984,115.203,114.756,114.874,47628.0
2026-08-18 21:00:00+00:00,114.914,114.914,114.086,114.544,78206.0
2026-08-19 21:00:00+00:00,114.544,115.444,114.472,115.366,90233.0
2026-08-20 21:00:00+00:00,115.333,115.588,115.218,115.492,64055.0
2026-08-23 21:00:00+00:00,115.102,115.273,114.81,114.92,63944.0
