datetime,open,high,low,close,volume
2006-04-24 21:00:00+00:00,204.996,205.58,204.166,205.29,25814.0
2006-04-25 21:00:00+00:00,205.296,205.896,204.606,204.736,27006.0
2006-04-26 21:00:00+00:00,204.716,205.89,203.845,205.556,23894.0
2006-04-27 21:00:00+00:00,205.426,207.735,205.376,207.665,26744.0
2006-04-29 21:00:00+00:00,207.8,208.0,207.23,207.41,307.0
2006-04-30 21:00:00+00:00,207.41,207.725,206.195,207.045,23144.0
2006-05-01 21:00:00+00:00,207.045,208.85,206.975,208.506,27861.0
2006-05-02 21:00:00+00:00,208.506,209.66,207.936,209.256,25428.0
2006-05-03 21:00:00+00:00,209.266,210.69,209.082,210.456,28080.0
2006-05-04 21:00:00+00:00,210.456,211.115,208.625,209.315,24712.0
2006-05-05 21:00:00+00:00,209.345,209.345,209.345,209.345,1.0
2006-05-06 21:00:00+00:00,209.275,209.275,208.41,208.455,1238.0
2006-05-07 21:00:00+00:00,208.445,208.945,206.895,207.566,26329.0
2006-05-08 21:00:00+00:00,207.556,207.686,206.686,207.256,26974.0
2006-05-09 21:00:00+00:00,207.236,207.516,205.429,205.958,37013.0
2006-05-10 21:00:00+00:00,205.958,208.492,205.868,208.476,46316.0
2006-05-11 21:00:00+00:00,208.47,209.014,207.189,208.451,47871.0
2006-05-12 21:00:00+00:00,208.454,208.454,208.409,208.409,2.0
2006-05-13 21:00:00+00:00,208.457,208.464,207.655,207.715,1121.0
2006-05-14 21:00:00+00:00,207.705,208.405,206.915,207.692,46926.0
2006-05-15 21:00:00+00:00,207.692,208.12,206.969,207.178,44238.0
2006-05-16 21:00:00+00:00,207.15,209.172,206.45,208.922,49121.0
2006-05-17 21:00:00+00:00,208.928,209.966,208.207,209.802,44974.0
2006-05-18 21:00:00+00:00,209.816,210.21,209.099,209.932,47230.0
2006-05-20 21:00:00+00:00,209.872,209.872,209.511,209.714,786.0
2006-05-21 21:00:00+00:00,209.695,211.154,209.375,210.506,44634.0
2006-05-22 21:00:00+00:00,210.5,210.732,209.144,210.544,42868.0
2006-05-23 21:00:00+00:00,210.548,211.29,210.148,211.07,54537.0
2006-05-24 21:00:00+00:00,211.076,211.116,209.05,209.382,41187.0
2006-05-25 21:00:00+00:00,209.352,209.834,208.595,209.456,41811.0
2006-05-27 21:00:00+00:00,209.401,209.437,209.155,209.2,329.0
2006-05-28 21:00:00+00:00,209.243,209.364,208.722,209.17,15773.0
2006-05-29 21:00:00+00:00,209.162,211.437,208.872,211.293,43743.0
2006-05-30 21:00:00+00:00,211.293,211.492,209.681,210.638,43095.0
2006-05-31 21:00:00+00:00,210.642,210.897,209.883,210.284,40523.0
2006-06-01 21:00:00+00:00,210.293,210.805,209.804,210.28,38036.0
2006-06-03 21:00:00+00:00,210.23,211.107,210.21,210.31,394.0
2006-06-04 21:00:00+00:00,210.31,210.943,209.592,210.138,32375.0
2006-06-05 21:00:00+00:00,210.149,211.191,209.911,210.794,37983.0
2006-06-06 21:00:00+00:00,210.784,211.007,210.395,210.646,35199.0
2006-06-07 21:00:00+00:00,210.646,211.124,210.184,210.487,42934.0
2006-06-08 21:00:00+00:00,210.482,210.675,209.627,209.766,37949.0
2006-06-10 21:00:00+00:00,210.328,210.328,209.798,210.093,306.0
2006-06-11 21:00:00+00:00,210.093,210.945,209.776,210.76,31213.0
2006-06-12 21:00:00+00:00,210.756,212.121,210.512,211.524,43465.0
2006-06-13 21:00:00+00:00,211.524,212.451,211.09,211.942,38128.0
2006-06-14 21:00:00+00:00,211.942,212.821,211.681,212.225,36354.0
2006-06-15 21:00:00+00:00,212.225,213.255,212.102,213.181,32834.0
2006-06-17 21:00:00+00:00,213.151,213.313,213.013,213.189,337.0
2006-06-18 21:00:00+00:00,213.188,213.736,211.944,212.774,30633.0
2006-06-19 21:00:00+00:00,212.772,212.772,211.297,211.785,32537.0
2006-06-20 21:00:00+00:00,211.78,212.205,211.245,211.985,28313.0
2006-06-21 21:00:00+00:00,211.976,212.66,211.433,212.254,33676.0
2006-06-22 21:00:00+00:00,212.242,212.491,210.907,211.809,33782.0
2006-06-23 21:00:00+00:00,211.791,211.791,211.791,211.791,2.0
2006-06-24 21:00:00+00:00,211.811,212.029,211.771,211.973,163.0
2006-06-25 21:00:00+00:00,211.954,212.152,211.402,212.017,29725.0
2006-06-26 21:00:00+00:00,212.015,212.366,211.409,211.802,32971.0
2006-06-27 21:00:00+00:00,211.82,212.04,211.156,211.818,29547.0
2006-06-28 21:00:00+00:00,211.77,211.942,209.959,210.568,34435.0
2006-06-29 21:00:00+00:00,210.57,211.808,209.856,211.514,38511.0
2006-07-01 21:00:00+00:00,211.427,211.427,211.18,211.27,432.0
2006-07-02 21:00:00+00:00,211.27,211.913,210.811,211.286,31867.0
2006-07-03 21:00:00+00:00,211.257,211.98,210.992,211.98,21521.0
2006-07-04 21:00:00+00:00,211.978,212.523,211.528,212.298,36975.0
2006-07-05 21:00:00+00:00,212.298,212.355,211.208,211.486,30578.0
2006-07-06 21:00:00+00:00,211.486,211.816,210.718,211.0,31342.0
2006-07-07 21:00:00+00:00,211.019,211.019,211.019,211.019,1.0
2006-07-08 21:00:00+00:00,211.019,211.056,210.718,210.955,433.0
2006-07-09 21:00:00+00:00,210.96,210.976,209.567,210.4,31728.0
2006-07-10 21:00:00+00:00,210.396,210.962,210.047,210.916,30369.0
2006-07-11 21:00:00+00:00,210.916,212.101,210.677,211.925,32210.0
2006-07-12 21:00:00+00:00,211.929,212.803,211.426,212.797,31113.0
2006-07-13 21:00:00+00:00,212.791,213.774,212.652,213.474,35129.0
2006-07-15 21:00:00+00:00,213.535,213.601,213.415,213.586,722.0
2006-07-16 21:00:00+00:00,213.585,213.933,212.757,213.16,27775.0
2006-07-17 21:00:00+00:00,213.16,214.739,212.597,214.263,34866.0
2006-07-18 21:00:00+00:00,214.263,215.444,213.891,215.272,32941.0
2006-07-19 21:00:00+00:00,215.272,216.585,214.982,216.371,31613.0
2006-07-20 21:00:00+00:00,216.371,216.511,214.933,215.905,30199.0
2006-07-22 21:00:00+00:00,215.89,216.225,215.847,215.956,764.0
2006-07-23 21:00:00+00:00,215.97,216.387,215.632,216.01,26399.0
2006-07-24 21:00:00+00:00,216.006,216.223,215.464,215.643,29501.0
2006-07-25 21:00:00+00:00,215.639,216.22,214.685,215.638,31107.0
2006-07-26 21:00:00+00:00,215.638,215.869,214.972,215.03,35963.0
2006-07-27 21:00:00+00:00,215.028,215.312,213.548,213.644,35868.0
2006-07-28 21:00:00+00:00,213.662,213.662,213.653,213.662,3.0
2006-07-29 21:00:00+00:00,213.262,213.73,213.262,213.666,661.0
2006-07-30 21:00:00+00:00,213.666,214.398,212.978,214.189,30486.0
2006-07-31 21:00:00+00:00,214.175,215.294,213.601,214.975,32518.0
2006-08-01 21:00:00+00:00,214.975,215.424,214.363,215.258,30504.0
2006-08-02 21:00:00+00:00,215.258,217.452,214.952,217.099,36651.0
2006-08-03 21:00:00+00:00,217.099,218.56,216.918,218.344,33710.0
2006-08-04 21:00:00+00:00,218.344,218.344,218.344,218.344,1.0
2006-08-05 21:00:00+00:00,218.331,218.333,217.804,217.88,787.0
2006-08-06 21:00:00+00:00,217.885,219.778,217.782,219.586,26367.0
2006-08-07 21:00:00+00:00,219.586,220.004,218.949,219.951,29627.0
2006-08-08 21:00:00+00:00,219.955,220.159,219.17,219.628,32910.0
2006-08-09 21:00:00+00:00,219.641,219.975,218.025,218.216,38109.0
2006-08-10 21:00:00+00:00,218.21,220.333,218.056,219.803,33809.0
2006-08-11 21:00:00+00:00,219.806,219.806,219.806,219.806,1.0
2006-08-12 21:00:00+00:00,219.948,219.97,219.756,219.954,457.0
2006-08-13 21:00:00+00:00,219.92,220.565,219.832,220.298,26019.0
2006-08-14 21:00:00+00:00,220.319,220.587,219.664,219.874,30378.0
2006-08-15 21:00:00+00:00,219.874,220.285,219.254,219.612,28383.0
2006-08-16 21:00:00+00:00,219.612,219.729,218.43,218.614,30244.0
2006-08-17 21:00:00+00:00,218.598,218.902,217.479,217.881,28450.0
2006-08-19 21:00:00+00:00,217.975,217.975,217.755,217.764,545.0
2006-08-20 21:00:00+00:00,217.781,219.859,217.73,219.432,28311.0
2006-08-21 21:00:00+00:00,219.432,220.383,219.244,220.049,31380.0
2006-08-22 21:00:00+00:00,220.053,220.829,219.502,220.417,27673.0
2006-08-23 21:00:00+00:00,220.387,220.546,219.779,219.856,28532.0
2006-08-24 21:00:00+00:00,219.856,221.661,219.744,221.296,29904.0
2006-08-26 21:00:00+00:00,221.274,221.453,221.265,221.33,157.0
2006-08-27 21:00:00+00:00,221.33,222.364,221.203,221.872,19516.0
2006-08-28 21:00:00+00:00,221.86,222.113,220.966,221.493,33088.0
2006-08-29 21:00:00+00:00,221.492,223.278,221.363,223.134,29317.0
2006-08-30 21:00:00+00:00,223.108,223.846,222.804,223.613,33534.0
2006-08-31 21:00:00+00:00,223.622,223.641,222.246,223.097,29597.0
2006-09-01 21:00:00+00:00,223.104,223.104,223.104,223.104,1.0
2006-09-02 21:00:00+00:00,223.162,223.224,223.104,223.138,239.0
2006-09-03 21:00:00+00:00,223.128,223.15,220.735,221.39,21698.0
2006-09-04 21:00:00+00:00,221.383,221.468,219.357,219.935,29517.0
2006-09-05 21:00:00+00:00,219.915,220.668,219.232,219.807,30303.0
2006-09-06 21:00:00+00:00,219.807,220.376,217.613,218.383,36055.0
2006-09-07 21:00:00+00:00,218.383,218.514,217.365,218.121,31485.0
2006-09-09 21:00:00+00:00,218.179,218.179,217.98,218.025,327.0
2006-09-10 21:00:00+00:00,218.025,219.569,217.613,219.552,30381.0
2006-09-11 21:00:00+00:00,219.55,221.238,219.251,221.108,31878.0
2006-09-12 21:00:00+00:00,221.115,221.164,220.185,220.768,28596.0
2006-09-13 21:00:00+00:00,220.771,222.131,220.342,221.876,29857.0
2006-09-14 21:00:00+00:00,221.88,222.102,220.214,221.144,30210.0
2006-09-16 21:00:00+00:00,221.144,221.144,219.882,220.289,1523.0
2006-09-17 21:00:00+00:00,220.281,222.256,220.212,221.783,30056.0
2006-09-18 21:00:00+00:00,221.788,222.252,220.814,221.659,34032.0
2006-09-19 21:00:00+00:00,221.632,222.01,220.209,221.795,29397.0
2006-09-20 21:00:00+00:00,221.795,222.026,221.088,221.339,33739.0
2006-09-21 21:00:00+00:00,221.328,221.962,220.904,221.478,28966.0
2006-09-23 21:00:00+00:00,221.465,221.807,221.29,221.435,442.0
2006-09-24 21:00:00+00:00,221.435,222.119,221.081,221.531,25114.0
2006-09-25 21:00:00+00:00,221.531,222.246,220.479,221.845,31245.0
2006-09-26 21:00:00+00:00,221.85,222.07,221.063,221.988,30721.0
2006-09-27 21:00:00+00:00,221.978,222.207,220.694,221.125,31061.0
2006-09-28 21:00:00+00:00,221.131,221.309,219.952,221.262,33574.0
2006-09-29 21:00:00+00:00,221.27,221.27,221.27,221.27,2.0
2006-09-30 21:00:00+00:00,221.342,221.685,221.145,221.662,604.0
2006-10-01 21:00:00+00:00,221.665,222.106,220.638,221.955,27592.0
2006-10-02 21:00:00+00:00,221.962,222.735,221.653,222.61,23992.0
2006-10-03 21:00:00+00:00,222.62,222.957,221.818,222.366,27634.0
2006-10-04 21:00:00+00:00,222.375,222.474,220.481,221.19,26429.0
2006-10-05 21:00:00+00:00,221.193,222.775,221.11,222.644,26931.0
2006-10-07 21:00:00+00:00,222.523,222.542,222.325,222.375,550.0
2006-10-08 21:00:00+00:00,222.375,223.178,222.006,222.395,19835.0
2006-10-09 21:00:00+00:00,222.404,222.628,221.635,221.978,29541.0
2006-10-10 21:00:00+00:00,221.978,222.181,221.523,222.04,28185.0
2006-10-11 21:00:00+00:00,222.045,222.417,221.67,221.915,24202.0
2006-10-12 21:00:00+00:00,221.933,222.412,221.649,222.016,25564.0
2006-10-13 21:00:00+00:00,221.991,222.016,221.991,221.991,3.0
2006-10-14 21:00:00+00:00,221.931,222.33,221.931,222.055,286.0
2006-10-15 21:00:00+00:00,222.065,222.23,221.43,221.613,25622.0
2006-10-16 21:00:00+00:00,221.622,222.596,221.24,222.117,28215.0
2006-10-17 21:00:00+00:00,222.11,222.6,221.51,222.129,26974.0
2006-10-18 21:00:00+00:00,222.147,222.316,221.365,221.856,28007.0
2006-10-19 21:00:00+00:00,221.847,223.796,221.8,223.635,23380.0
2006-10-20 21:00:00+00:00,223.616,223.616,223.616,223.616,2.0
2006-10-21 21:00:00+00:00,223.636,223.712,223.329,223.646,658.0
2006-10-22 21:00:00+00:00,223.64,223.69,223.024,223.616,23711.0
2006-10-23 21:00:00+00:00,223.616,223.83,223.19,223.536,20674.0
2006-10-24 21:00:00+00:00,223.535,223.824,223.28,223.628,23764.0
2006-10-25 21:00:00+00:00,223.618,224.114,223.36,223.808,26068.0
2006-10-26 21:00:00+00:00,223.808,224.4,222.58,223.22,26362.0
2006-10-27 21:00:00+00:00,223.22,223.22,223.22,223.22,1.0
2006-10-28 21:00:00+00:00,222.983,222.993,222.647,222.688,1824.0
2006-10-29 22:00:00+00:00,222.679,223.533,222.46,223.37,24357.0
2006-10-30 22:00:00+00:00,223.348,224.06,222.586,223.123,28524.0
2006-10-31 22:00:00+00:00,223.132,223.57,222.759,223.413,25482.0
2006-11-01 22:00:00+00:00,223.407,223.775,222.67,223.572,24633.0
2006-11-02 22:00:00+00:00,223.568,224.59,223.22,224.362,21565.0
2006-11-04 22:00:00+00:00,224.312,224.72,224.312,224.615,928.0
2006-11-05 22:00:00+00:00,224.62,224.69,224.03,224.485,19539.0
2006-11-06 22:00:00+00:00,224.454,224.662,224.03,224.345,25884.0
2006-11-07 22:00:00+00:00,224.33,224.62,223.96,224.495,24424.0
2006-11-08 22:00:00+00:00,224.45,225.315,224.36,224.65,27716.0
2006-11-09 22:00:00+00:00,224.652,225.07,224.263,224.756,30403.0
2006-11-11 22:00:00+00:00,224.756,224.799,224.54,224.603,568.0
2006-11-12 22:00:00+00:00,224.62,224.824,224.255,224.635,24942.0
2006-11-13 22:00:00+00:00,224.64,224.715,222.65,222.94,31331.0
2006-11-14 22:00:00+00:00,222.95,223.49,222.51,222.94,28228.0
2006-11-15 22:00:00+00:00,222.915,223.468,222.56,223.227,27512.0
2006-11-16 22:00:00+00:00,223.227,223.384,222.746,223.087,27433.0
2006-11-17 22:00:00+00:00,223.157,223.157,223.087,223.087,2.0
2006-11-18 22:00:00+00:00,223.087,223.471,222.975,223.352,1134.0
2006-11-19 22:00:00+00:00,223.345,224.22,223.15,223.99,20675.0
2006-11-20 22:00:00+00:00,223.99,224.3,223.71,223.911,21269.0
2006-11-21 22:00:00+00:00,223.898,224.02,223.005,223.555,28160.0
2006-11-22 22:00:00+00:00,223.55,223.61,222.358,222.755,19434.0
2006-11-23 22:00:00+00:00,222.755,223.968,222.611,223.919,26825.0
2006-11-24 22:00:00+00:00,223.929,223.929,223.929,223.929,1.0
2006-11-25 22:00:00+00:00,223.84,225.085,223.84,224.86,2827.0
2006-11-26 22:00:00+00:00,224.855,225.03,223.765,224.993,29712.0
2006-11-27 22:00:00+00:00,224.986,226.78,224.777,226.684,33645.0
2006-11-28 22:00:00+00:00,226.696,227.213,225.75,226.574,33223.0
2006-11-29 22:00:00+00:00,226.58,227.84,226.205,227.651,33796.0
2006-11-30 22:00:00+00:00,227.657,229.07,227.135,228.674,34776.0
2006-12-01 22:00:00+00:00,228.693,228.693,228.693,228.693,1.0
2006-12-02 22:00:00+00:00,228.723,228.723,228.14,228.15,1403.0
2006-12-03 22:00:00+00:00,228.15,229.04,228.06,228.43,30169.0
2006-12-04 22:00:00+00:00,228.436,228.608,226.335,226.703,32428.0
2006-12-05 22:00:00+00:00,226.686,226.908,225.685,226.634,29532.0
2006-12-06 22:00:00+00:00,226.624,226.816,225.886,226.258,28763.0
2006-12-07 22:00:00+00:00,226.275,227.814,225.956,227.402,31220.0
2006-12-09 22:00:00+00:00,227.349,227.401,227.025,227.229,1789.0
2006-12-10 22:00:00+00:00,227.239,229.109,226.98,229.109,32486.0
2006-12-11 22:00:00+00:00,229.104,230.356,228.773,230.193,31322.0
2006-12-12 22:00:00+00:00,230.183,231.363,229.915,231.284,29132.0
2006-12-13 22:00:00+00:00,231.274,231.43,230.681,230.996,32182.0
2006-12-14 22:00:00+00:00,230.983,231.832,229.406,230.708,33852.0
2006-12-16 22:00:00+00:00,230.688,230.688,230.265,230.346,427.0
2006-12-17 22:00:00+00:00,230.348,230.905,229.43,230.111,24859.0
2006-12-18 22:00:00+00:00,230.101,232.642,229.7,232.624,31707.0
2006-12-19 22:00:00+00:00,232.618,233.266,232.419,232.72,31597.0
2006-12-20 22:00:00+00:00,232.689,233.018,231.539,232.089,30384.0
2006-12-21 22:00:00+00:00,232.058,232.972,231.862,232.682,27548.0
2006-12-24 22:00:00+00:00,232.481,233.077,232.386,233.018,4589.0
2006-12-25 22:00:00+00:00,232.684,233.142,232.566,232.76,13844.0
2006-12-26 22:00:00+00:00,232.755,232.974,231.584,232.522,26091.0
2006-12-27 22:00:00+00:00,232.542,233.658,232.137,233.457,26723.0
2006-12-28 22:00:00+00:00,233.467,233.924,232.944,233.21,26540.0
2006-12-31 22:00:00+00:00,233.175,233.285,233.115,233.225,105.0
2007-01-01 22:00:00+00:00,233.215,234.598,232.99,234.564,23828.0
2007-01-02 22:00:00+00:00,234.563,234.855,232.658,232.973,28034.0
2007-01-03 22:00:00+00:00,232.975,233.175,231.223,231.295,30320.0
2007-01-04 22:00:00+00:00,231.299,231.388,228.608,228.857,34281.0
2007-01-06 22:00:00+00:00,228.94,229.097,228.929,229.043,282.0
2007-01-07 22:00:00+00:00,229.046,230.254,228.085,230.19,25336.0
2007-01-08 22:00:00+00:00,230.199,231.918,230.142,231.571,28139.0
2007-01-09 22:00:00+00:00,231.571,231.779,230.746,231.139,31430.0
2007-01-10 22:00:00+00:00,231.104,234.859,230.889,234.368,29938.0
2007-01-11 22:00:00+00:00,234.386,235.965,233.913,235.73,30570.0
2007-01-13 22:00:00+00:00,235.79,236.05,235.79,235.932,211.0
2007-01-14 22:00:00+00:00,235.936,237.025,234.998,236.606,23051.0
2007-01-15 22:00:00+00:00,236.6,237.3,236.34,236.672,27721.0
2007-01-16 22:00:00+00:00,236.663,237.91,236.578,237.692,30625.0
2007-01-17 22:00:00+00:00,237.692,240.065,237.463,239.314,35348.0
2007-01-18 22:00:00+00:00,239.314,239.841,238.964,239.294,29377.0
2007-01-20 22:00:00+00:00,239.326,239.408,239.274,239.362,349.0
2007-01-21 22:00:00+00:00,239.356,240.625,239.239,240.422,23261.0
2007-01-22 22:00:00+00:00,240.432,241.51,240.29,241.009,29694.0
2007-01-23 22:00:00+00:00,241.009,241.416,237.488,238.692,36905.0
2007-01-24 22:00:00+00:00,238.698,238.711,236.372,238.158,39138.0
2007-01-25 22:00:00+00:00,238.158,239.193,237.563,238.153,32745.0
2007-01-27 22:00:00+00:00,238.136,238.162,237.976,238.084,295.0
2007-01-28 22:00:00+00:00,238.084,239.193,238.0,238.735,28277.0
2007-01-29 22:00:00+00:00,238.729,240.075,238.306,238.725,28567.0
2007-01-30 22:00:00+00:00,238.735,238.934,236.379,237.202,34570.0
2007-01-31 22:00:00+00:00,237.196,237.811,236.58,237.619,32792.0
2007-02-01 22:00:00+00:00,237.609,238.826,237.326,238.168,29266.0
2007-02-02 22:00:00+00:00,238.168,238.168,238.168,238.168,1.0
2007-02-03 22:00:00+00:00,238.049,238.117,238.031,238.096,145.0
2007-02-04 22:00:00+00:00,238.086,238.232,235.492,235.905,29723.0
2007-02-05 22:00:00+00:00,235.905,237.317,235.374,236.739,30413.0
2007-02-06 22:00:00+00:00,236.739,238.042,236.449,237.823,26842.0
2007-02-07 22:00:00+00:00,237.833,238.893,236.964,237.1,30715.0
2007-02-08 22:00:00+00:00,237.09,237.88,236.25,237.25,27736.0
2007-02-10 22:00:00+00:00,237.3,237.44,237.242,237.301,241.0
2007-02-11 22:00:00+00:00,237.32,238.541,236.688,237.429,24341.0
2007-02-12 22:00:00+00:00,237.429,237.505,235.442,235.903,29730.0
2007-02-13 22:00:00+00:00,235.912,237.217,235.67,237.094,31110.0
2007-02-14 22:00:00+00:00,237.094,237.139,232.544,232.728,34471.0
2007-02-15 22:00:00+00:00,232.717,233.517,232.132,232.825,30721.0
2007-02-17 22:00:00+00:00,232.695,233.375,232.68,233.325,848.0
2007-02-18 22:00:00+00:00,233.325,233.866,232.152,233.322,20442.0
2007-02-19 22:00:00+00:00,233.322,235.162,233.262,234.684,25486.0
2007-02-20 22:00:00+00:00,234.678,236.4,233.808,236.304,28249.0
2007-02-21 22:00:00+00:00,236.304,238.032,235.74,237.879,26032.0
2007-02-22 22:00:00+00:00,237.91,238.195,237.41,237.723,26883.0
2007-02-24 22:00:00+00:00,237.775,237.856,237.63,237.707,360.0
2007-02-25 22:00:00+00:00,237.717,237.846,236.305,236.902,21817.0
2007-02-26 22:00:00+00:00,236.922,237.086,230.7,231.417,32587.0
2007-02-27 22:00:00+00:00,231.417,233.03,230.992,232.852,35869.0
2007-02-28 22:00:00+00:00,232.85,233.549,229.465,230.339,36948.0
2007-03-01 22:00:00+00:00,230.339,230.627,226.56,226.979,35391.0
2007-03-03 22:00:00+00:00,226.994,226.994,226.68,226.955,296.0
2007-03-04 22:00:00+00:00,226.964,227.013,221.289,221.875,46884.0
2007-03-05 22:00:00+00:00,221.894,225.494,221.123,225.226,37939.0
2007-03-06 22:00:00+00:00,225.236,226.237,223.89,224.334,29016.0
2007-03-07 22:00:00+00:00,224.324,226.907,222.872,225.961,37213.0
2007-03-08 22:00:00+00:00,225.961,228.762,225.891,228.633,28846.0
2007-03-09 22:00:00+00:00,228.643,228.652,228.643,228.652,3.0
2007-03-10 22:00:00+00:00,229.223,229.356,229.019,229.088,470.0
2007-03-11 21:00:00+00:00,229.098,229.71,225.844,227.52,28349.0
2007-03-12 21:00:00+00:00,227.509,227.598,224.08,224.3,30845.0
2007-03-13 21:00:00+00:00,224.309,226.86,222.64,226.68,35626.0
2007-03-14 21:00:00+00:00,226.62,228.072,226.268,227.77,31475.0
2007-03-15 21:00:00+00:00,227.77,227.855,226.41,226.705,30363.0
2007-03-17 21:00:00+00:00,225.626,226.125,225.558,226.044,857.0
2007-03-18 21:00:00+00:00,226.038,229.146,225.425,228.503,25840.0
2007-03-19 21:00:00+00:00,228.503,230.785,228.115,230.045,29114.0
2007-03-20 21:00:00+00:00,230.05,231.557,229.905,231.307,25322.0
2007-03-21 21:00:00+00:00,231.307,232.251,230.67,232.08,28242.0
2007-03-22 21:00:00+00:00,232.08,232.375,230.53,231.688,25546.0
2007-03-24 21:00:00+00:00,231.42,231.693,231.32,231.632,483.0
2007-03-25 21:00:00+00:00,231.632,232.752,230.869,232.63,29240.0
2007-03-26 21:00:00+00:00,232.632,233.015,231.48,231.6,26967.0
2007-03-27 21:00:00+00:00,231.6,231.931,228.798,229.245,32085.0
2007-03-28 21:00:00+00:00,229.23,231.772,229.125,231.61,29760.0
2007-03-29 21:00:00+00:00,231.62,231.99,230.585,231.874,32874.0
2007-03-31 21:00:00+00:00,231.615,231.673,231.269,231.417,610.0
2007-04-01 21:00:00+00:00,231.417,233.112,231.265,233.094,28832.0
2007-04-02 21:00:00+00:00,233.076,235.114,232.874,234.863,35643.0
2007-04-03 21:00:00+00:00,234.843,234.983,234.098,234.512,27494.0
2007-04-04 21:00:00+00:00,234.479,234.824,233.553,233.983,27003.0
2007-04-05 21:00:00+00:00,233.983,234.644,233.712,234.372,17300.0
2007-04-06 21:00:00+00:00,234.369,234.369,234.369,234.369,1.0
2007-04-07 21:00:00+00:00,234.368,234.425,234.3,234.412,363.0
2007-04-08 21:00:00+00:00,234.412,234.56,233.779,234.201,15555.0
2007-04-09 21:00:00+00:00,234.201,235.377,233.681,234.855,28967.0
2007-04-10 21:00:00+00:00,234.875,236.313,234.62,235.788,27398.0
2007-04-11 21:00:00+00:00,235.768,236.133,235.205,235.84,27659.0
2007-04-12 21:00:00+00:00,235.864,236.996,234.77,236.884,31187.0
2007-04-14 21:00:00+00:00,237.764,237.942,236.83,237.037,1556.0
2007-04-15 21:00:00+00:00,237.055,238.588,236.43,238.24,37524.0
2007-04-16 21:00:00+00:00,238.246,239.46,237.18,238.646,33753.0
2007-04-17 21:00:00+00:00,238.64,238.985,236.805,238.396,29208.0
2007-04-18 21:00:00+00:00,238.376,238.382,235.255,237.356,36081.0
2007-04-19 21:00:00+00:00,237.366,238.36,236.91,237.637,28783.0
2007-04-21 21:00:00+00:00,237.642,238.161,237.642,238.105,307.0
2007-04-22 21:00:00+00:00,238.115,238.365,236.35,237.427,23920.0
2007-04-23 21:00:00+00:00,237.424,238.005,236.01,237.403,31930.0
2007-04-24 21:00:00+00:00,237.403,238.02,236.931,237.675,28799.0
2007-04-25 21:00:00+00:00,237.655,238.755,237.275,238.092,29163.0
2007-04-26 21:00:00+00:00,238.082,239.417,237.34,238.982,37132.0
2007-04-27 21:00:00+00:00,238.992,238.992,238.992,238.992,1.0
2007-04-28 21:00:00+00:00,238.51,238.552,238.0,238.219,1316.0
2007-04-29 21:00:00+00:00,238.225,239.044,237.805,238.994,34914.0
2007-04-30 21:00:00+00:00,238.965,239.777,238.6,239.54,31633.0
2007-05-01 21:00:00+00:00,239.571,239.615,238.607,239.087,29929.0
2007-05-02 21:00:00+00:00,239.086,239.585,238.934,239.291,29750.0
2007-05-03 21:00:00+00:00,239.291,239.574,238.773,239.413,31702.0
2007-05-05 21:00:00+00:00,239.408,239.497,239.313,239.465,215.0
2007-05-06 21:00:00+00:00,239.453,239.626,239.148,239.352,21959.0
2007-05-07 21:00:00+00:00,239.346,239.45,238.205,238.794,37100.0
2007-05-08 21:00:00+00:00,238.79,239.558,238.079,239.436,35878.0
2007-05-09 21:00:00+00:00,239.448,239.802,237.15,237.425,38061.0
2007-05-10 21:00:00+00:00,237.425,238.456,236.462,238.163,34579.0
2007-05-11 21:00:00+00:00,238.158,238.158,238.154,238.154,3.0
2007-05-12 21:00:00+00:00,238.479,238.616,238.378,238.437,479.0
2007-05-13 21:00:00+00:00,238.439,238.697,237.936,238.212,30425.0
2007-05-14 21:00:00+00:00,238.227,239.032,237.75,238.848,36087.0
2007-05-15 21:00:00+00:00,238.86,239.399,238.581,238.873,34829.0
2007-05-16 21:00:00+00:00,238.873,239.646,238.64,239.551,28308.0
2007-05-17 21:00:00+00:00,239.561,239.915,237.828,239.186,28068.0
2007-05-19 21:00:00+00:00,238.949,239.222,238.912,239.19,250.0
2007-05-20 21:00:00+00:00,239.171,239.62,239.023,239.472,31629.0
2007-05-21 21:00:00+00:00,239.452,240.218,239.116,240.05,28869.0
2007-05-22 21:00:00+00:00,240.05,241.88,239.91,241.706,35506.0
2007-05-23 21:00:00+00:00,241.716,241.716,240.742,240.938,30451.0
2007-05-24 21:00:00+00:00,240.907,241.727,239.702,241.65,32938.0
2007-05-26 21:00:00+00:00,241.53,241.646,241.483,241.505,135.0
2007-05-27 21:00:00+00:00,241.489,241.665,241.189,241.437,10464.0
2007-05-28 21:00:00+00:00,241.438,241.548,240.526,241.039,35394.0
2007-05-29 21:00:00+00:00,241.049,241.158,239.766,240.378,35057.0
2007-05-30 21:00:00+00:00,240.388,241.193,239.913,240.996,26898.0
2007-05-31 21:00:00+00:00,240.965,242.115,240.87,242.054,28634.0
2007-06-02 21:00:00+00:00,242.024,242.046,241.804,241.968,636.0
2007-06-03 21:00:00+00:00,241.965,242.662,241.664,242.498,27662.0
2007-06-04 21:00:00+00:00,242.498,243.008,241.554,241.992,31740.0
2007-06-05 21:00:00+00:00,241.992,242.283,240.932,241.273,27657.0
2007-06-06 21:00:00+00:00,241.266,242.145,238.928,239.305,32695.0
2007-06-07 21:00:00+00:00,239.305,240.132,237.684,239.808,34935.0
2007-06-09 21:00:00+00:00,239.995,239.995,239.815,239.835,306.0
2007-06-10 21:00:00+00:00,239.835,239.988,238.96,239.692,23488.0
2007-06-11 21:00:00+00:00,239.692,240.874,239.551,240.259,28598.0
2007-06-12 21:00:00+00:00,240.271,242.22,239.742,242.139,34067.0
2007-06-13 21:00:00+00:00,242.123,242.385,241.707,242.067,27243.0
2007-06-14 21:00:00+00:00,242.043,244.369,241.992,243.946,24877.0
2007-06-15 21:00:00+00:00,243.946,243.946,243.946,243.946,2.0
2007-06-16 21:00:00+00:00,243.91,244.0,243.88,243.99,378.0
2007-06-17 21:00:00+00:00,243.99,245.528,243.918,245.294,27344.0
2007-06-18 21:00:00+00:00,245.3,245.564,245.074,245.339,28360.0
2007-06-19 21:00:00+00:00,245.327,246.634,244.71,246.293,34380.0
2007-06-20 21:00:00+00:00,246.293,246.566,245.869,246.538,27131.0
2007-06-21 21:00:00+00:00,246.526,247.954,246.389,247.698,32097.0
2007-06-22 21:00:00+00:00,247.7,247.7,247.7,247.7,2.0
2007-06-23 21:00:00+00:00,247.701,247.701,247.38,247.413,230.0
2007-06-24 21:00:00+00:00,247.413,247.82,246.49,247.05,24094.0
2007-06-25 21:00:00+00:00,247.04,247.173,245.238,246.39,26807.0
2007-06-26 21:00:00+00:00,246.378,246.385,244.008,245.579,35642.0
2007-06-27 21:00:00+00:00,245.583,246.778,245.359,246.706,30606.0
2007-06-28 21:00:00+00:00,246.718,247.829,246.494,247.411,32880.0
2007-06-30 21:00:00+00:00,247.381,247.44,247.048,247.34,509.0
2007-07-01 21:00:00+00:00,247.34,247.629,246.062,246.93,31366.0
2007-07-02 21:00:00+00:00,246.905,247.643,246.265,246.87,27447.0
2007-07-03 21:00:00+00:00,246.865,247.42,246.59,247.41,17926.0
2007-07-04 21:00:00+00:00,247.4,247.61,246.591,247.299,29954.0
2007-07-05 21:00:00+00:00,247.291,248.212,247.035,248.018,26784.0
2007-07-07 21:00:00+00:00,247.958,248.31,247.958,248.18,672.0
2007-07-08 21:00:00+00:00,248.172,248.804,248.125,248.711,20564.0
2007-07-09 21:00:00+00:00,248.708,248.773,246.863,246.893,31806.0
2007-07-10 21:00:00+00:00,246.893,248.976,245.093,248.925,37021.0
2007-07-11 21:00:00+00:00,248.9,248.9,247.701,248.555,28786.0
2007-07-12 21:00:00+00:00,248.545,248.935,247.999,248.038,26677.0
2007-07-14 21:00:00+00:00,248.11,248.185,247.9,247.98,588.0
2007-07-15 21:00:00+00:00,247.98,248.665,247.64,248.212,20043.0
2007-07-16 21:00:00+00:00,248.212,250.488,248.022,250.408,23180.0
2007-07-17 21:00:00+00:00,250.428,250.537,249.608,250.345,29978.0
2007-07-18 21:00:00+00:00,250.304,250.46,249.738,249.985,26849.0
2007-07-19 21:00:00+00:00,249.974,251.115,248.621,249.366,31319.0
2007-07-21 21:00:00+00:00,249.455,250.41,249.425,250.01,523.0
2007-07-22 21:00:00+00:00,250.01,250.085,248.55,249.39,27943.0
2007-07-23 21:00:00+00:00,249.39,249.477,247.286,248.05,34633.0
2007-07-24 21:00:00+00:00,248.05,248.13,246.297,247.474,37529.0
2007-07-25 21:00:00+00:00,247.433,247.757,242.832,243.192,40410.0
2007-07-26 21:00:00+00:00,243.202,244.396,239.747,240.106,56698.0
2007-07-28 21:00:00+00:00,240.0,240.0,239.415,239.735,956.0
2007-07-29 21:00:00+00:00,239.735,241.449,238.295,241.05,45657.0
2007-07-30 21:00:00+00:00,241.044,242.941,240.568,240.943,41238.0
2007-07-31 21:00:00+00:00,240.913,241.872,237.642,241.769,48407.0
2007-08-01 21:00:00+00:00,241.749,243.14,240.152,242.864,43920.0
2007-08-02 21:00:00+00:00,242.863,242.952,240.652,240.934,40097.0
2007-08-03 21:00:00+00:00,240.937,240.937,240.923,240.923,2.0
2007-08-04 21:00:00+00:00,240.823,240.823,239.765,239.775,1315.0
2007-08-05 21:00:00+00:00,239.765,241.836,238.933,241.491,49024.0
2007-08-06 21:00:00+00:00,241.49,241.666,238.62,240.198,45231.0
2007-08-07 21:00:00+00:00,240.2,244.09,239.86,243.919,33996.0
2007-08-08 21:00:00+00:00,243.848,244.076,239.026,239.098,42040.0
2007-08-09 21:00:00+00:00,239.116,240.496,236.31,239.549,53134.0
2007-08-10 21:00:00+00:00,239.546,239.549,239.546,239.549,2.0
2007-08-11 21:00:00+00:00,239.509,239.509,238.749,238.965,428.0
2007-08-12 21:00:00+00:00,238.965,239.795,236.48,237.964,36469.0
2007-08-13 21:00:00+00:00,237.954,238.097,234.763,234.793,54569.0
2007-08-14 21:00:00+00:00,234.771,234.911,231.71,231.924,60600.0
2007-08-15 21:00:00+00:00,231.93,231.93,221.518,225.83,72554.0
2007-08-16 21:00:00+00:00,225.83,229.035,219.328,226.565,66503.0
2007-08-17 21:00:00+00:00,226.44,226.529,226.44,226.529,2.0
2007-08-18 21:00:00+00:00,226.83,227.015,226.035,226.225,676.0
2007-08-19 21:00:00+00:00,226.225,229.605,224.91,228.352,43428.0
2007-08-20 21:00:00+00:00,228.362,229.118,225.355,226.795,41416.0
2007-08-21 21:00:00+00:00,226.789,229.891,225.743,229.837,38944.0
2007-08-22 21:00:00+00:00,229.807,234.938,229.745,233.035,47265.0
2007-08-23 21:00:00+00:00,233.015,234.631,230.861,234.508,48981.0
2007-08-24 21:00:00+00:00,234.529,234.53,234.529,234.53,2.0
2007-08-25 21:00:00+00:00,234.41,234.605,234.275,234.47,434.0
2007-08-26 21:00:00+00:00,234.485,235.555,233.119,233.132,27969.0
2007-08-27 21:00:00+00:00,233.138,233.158,228.475,228.77,40472.0
2007-08-28 21:00:00+00:00,228.796,234.556,227.47,234.38,31751.0
2007-08-29 21:00:00+00:00,234.34,234.565,231.222,233.089,38119.0
2007-08-30 21:00:00+00:00,233.116,235.519,232.75,233.53,37819.0
2007-09-01 21:00:00+00:00,233.72,233.765,233.395,233.47,406.0
2007-09-02 21:00:00+00:00,233.47,234.59,233.06,234.055,20687.0
2007-09-03 21:00:00+00:00,234.06,234.466,231.976,234.195,31944.0
2007-09-04 21:00:00+00:00,234.188,234.842,231.9,232.855,35710.0
2007-09-05 21:00:00+00:00,232.794,233.998,231.92,233.499,36382.0
2007-09-06 21:00:00+00:00,233.504,234.227,229.195,230.014,38463.0
2007-09-08 21:00:00+00:00,229.984,229.984,228.82,229.31,903.0
2007-09-09 21:00:00+00:00,229.3,231.505,228.235,230.579,33944.0
2007-09-10 21:00:00+00:00,230.569,232.41,229.61,232.345,31147.0
2007-09-11 21:00:00+00:00,232.335,232.563,231.056,231.838,34935.0
2007-09-12 21:00:00+00:00,231.766,234.8,231.441,233.094,42019.0
2007-09-13 21:00:00+00:00,233.09,233.336,230.204,231.575,53988.0
2007-09-15 21:00:00+00:00,231.555,231.64,230.96,231.04,666.0
2007-09-16 21:00:00+00:00,231.04,231.716,228.83,229.64,39183.0
2007-09-17 21:00:00+00:00,229.626,234.29,228.223,233.68,40384.0
2007-09-18 21:00:00+00:00,233.67,233.862,231.148,232.283,45302.0
2007-09-19 21:00:00+00:00,232.277,232.277,229.52,230.4,38385.0
2007-09-20 21:00:00+00:00,230.394,233.72,230.204,233.334,30190.0
2007-09-21 21:00:00+00:00,233.34,233.34,233.297,233.297,3.0
2007-09-22 21:00:00+00:00,233.267,233.267,232.786,233.26,269.0
2007-09-23 21:00:00+00:00,233.26,233.579,231.772,232.305,26748.0
2007-09-24 21:00:00+00:00,232.305,232.457,229.775,231.68,37449.0
2007-09-25 21:00:00+00:00,231.695,233.27,231.225,232.937,35990.0
2007-09-26 21:00:00+00:00,232.927,234.546,232.475,234.44,37360.0
2007-09-27 21:00:00+00:00,234.43,235.301,232.427,235.039,41422.0
2007-09-28 21:00:00+00:00,235.026,235.026,235.026,235.026,2.0
2007-09-29 21:00:00+00:00,234.99,235.039,234.697,234.775,535.0
2007-09-30 21:00:00+00:00,234.775,237.08,234.725,236.498,31877.0
2007-10-01 21:00:00+00:00,236.507,236.788,234.95,236.315,32321.0
2007-10-02 21:00:00+00:00,236.365,237.878,235.895,237.234,33423.0
2007-10-03 21:00:00+00:00,237.204,237.86,236.17,237.43,34602.0
2007-10-04 21:00:00+00:00,237.43,239.008,236.71,238.873,31777.0
2007-10-05 21:00:00+00:00,238.869,238.869,238.869,238.869,1.0
2007-10-06 21:00:00+00:00,238.849,238.936,238.73,238.877,749.0
2007-10-07 21:00:00+00:00,238.88,239.73,238.578,239.03,28392.0
2007-10-08 21:00:00+00:00,239.035,239.401,237.014,238.67,44242.0
2007-10-09 21:00:00+00:00,238.669,240.396,238.486,239.459,34598.0
2007-10-10 21:00:00+00:00,239.475,239.899,237.774,238.285,37331.0
2007-10-11 21:00:00+00:00,238.3,239.506,237.414,239.463,36526.0
2007-10-12 21:00:00+00:00,239.463,239.463,239.463,239.463,3.0
2007-10-13 21:00:00+00:00,239.433,239.461,239.045,239.207,570.0
2007-10-14 21:00:00+00:00,239.2,240.697,238.881,239.839,32515.0
2007-10-15 21:00:00+00:00,239.839,240.042,236.648,237.675,39125.0
2007-10-16 21:00:00+00:00,237.655,238.829,235.893,238.054,44599.0
2007-10-17 21:00:00+00:00,238.035,238.116,236.164,236.399,43555.0
2007-10-18 21:00:00+00:00,236.384,237.018,234.819,234.96,43267.0
2007-10-20 21:00:00+00:00,234.96,234.96,233.689,234.46,1985.0
2007-10-21 21:00:00+00:00,234.46,234.494,230.315,232.902,57111.0
2007-10-22 21:00:00+00:00,232.892,235.86,232.37,235.408,58215.0
2007-10-23 21:00:00+00:00,235.404,235.738,232.84,234.235,53596.0
2007-10-24 21:00:00+00:00,234.214,235.164,233.067,234.216,73830.0
2007-10-25 21:00:00+00:00,234.214,235.418,233.655,234.324,54075.0
2007-10-27 21:00:00+00:00,234.324,234.808,234.324,234.599,1041.0
2007-10-28 21:00:00+00:00,234.599,236.806,234.224,236.461,41944.0
2007-10-29 21:00:00+00:00,236.47,237.736,235.262,237.04,46450.0
2007-10-30 21:00:00+00:00,237.045,240.198,236.873,240.079,52224.0
2007-10-31 21:00:00+00:00,240.062,241.394,237.955,238.522,53685.0
2007-11-01 21:00:00+00:00,238.522,240.332,237.647,239.973,63367.0
2007-11-02 21:00:00+00:00,239.967,239.967,239.967,239.967,1.0
2007-11-03 21:00:00+00:00,239.967,240.08,239.455,239.79,1023.0
2007-11-04 22:00:00+00:00,239.77,239.805,237.131,238.326,52925.0
2007-11-05 22:00:00+00:00,238.296,239.639,237.802,239.525,44609.0
2007-11-06 22:00:00+00:00,239.54,239.731,236.609,236.754,70673.0
2007-11-07 22:00:00+00:00,236.761,238.878,235.178,237.313,63452.0
2007-11-08 22:00:00+00:00,237.237,238.1,231.093,231.378,58325.0
2007-11-10 22:00:00+00:00,231.348,231.348,229.875,229.965,2172.0
2007-11-11 22:00:00+00:00,229.985,231.025,224.597,224.608,70414.0
2007-11-12 22:00:00+00:00,224.608,229.882,224.22,229.658,67088.0
2007-11-13 22:00:00+00:00,229.678,232.447,227.98,228.465,69041.0
2007-11-14 22:00:00+00:00,228.48,229.702,225.14,225.584,73405.0
2007-11-15 22:00:00+00:00,225.573,228.392,223.956,228.271,57882.0
2007-11-16 22:00:00+00:00,228.272,228.272,228.271,228.271,5.0
2007-11-17 22:00:00+00:00,228.271,228.271,227.396,227.76,1565.0
2007-11-18 22:00:00+00:00,227.73,228.372,224.578,225.054,62320.0
2007-11-19 22:00:00+00:00,225.032,228.35,224.317,227.244,77285.0
2007-11-20 22:00:00+00:00,227.265,227.28,222.442,223.903,69070.0
2007-11-21 22:00:00+00:00,223.918,225.68,223.265,223.597,36410.0
2007-11-22 22:00:00+00:00,223.604,224.815,221.316,223.376,52153.0
2007-11-24 22:00:00+00:00,223.098,223.518,222.797,223.35,1141.0
2007-11-25 22:00:00+00:00,223.35,224.852,221.93,222.463,56622.0
2007-11-26 22:00:00+00:00,222.432,225.826,221.934,225.405,69077.0
2007-11-27 22:00:00+00:00,225.415,229.334,223.712,229.131,69181.0
2007-11-28 22:00:00+00:00,229.125,229.201,225.758,226.595,68467.0
2007-11-29 22:00:00+00:00,226.585,229.362,226.141,228.755,59910.0
2007-11-30 22:00:00+00:00,228.755,228.755,228.755,228.755,1.0
2007-12-01 22:00:00+00:00,228.697,228.727,227.987,228.137,540.0
2007-12-02 22:00:00+00:00,228.137,228.508,226.556,228.23,53549.0
2007-12-03 22:00:00+00:00,228.24,228.271,225.586,226.226,61969.0
2007-12-04 22:00:00+00:00,226.246,227.403,223.718,224.789,43962.0
2007-12-05 22:00:00+00:00,224.787,226.106,223.978,225.771,61680.0
2007-12-06 22:00:00+00:00,225.75,227.098,224.87,226.769,48922.0
2007-12-08 22:00:00+00:00,226.769,226.769,226.241,226.259,683.0
2007-12-09 22:00:00+00:00,226.261,228.874,226.2,228.568,35792.0
2007-12-10 22:00:00+00:00,228.586,229.856,224.81,225.127,55570.0
2007-12-11 22:00:00+00:00,225.117,230.374,225.095,229.738,61548.0
2007-12-12 22:00:00+00:00,229.663,229.792,227.47,229.086,59573.0
2007-12-13 22:00:00+00:00,229.066,230.066,228.278,228.57,61830.0
2007-12-15 22:00:00+00:00,228.545,228.73,228.298,228.64,1542.0
2007-12-16 22:00:00+00:00,228.64,229.151,227.411,228.203,52160.0
2007-12-17 22:00:00+00:00,228.202,229.09,227.756,228.435,45442.0
2007-12-18 22:00:00+00:00,228.405,228.603,225.972,226.632,54658.0
2007-12-19 22:00:00+00:00,226.614,226.614,223.58,224.403,48019.0
2007-12-20 22:00:00+00:00,224.435,226.579,224.27,226.182,43571.0
2007-12-22 22:00:00+00:00,226.191,226.349,225.962,226.324,186.0
2007-12-23 22:00:00+00:00,226.334,226.448,225.616,225.957,18033.0
2007-12-24 22:00:00+00:00,225.983,226.146,225.137,225.797,3289.0
2007-12-25 22:00:00+00:00,225.792,226.91,225.414,226.841,20155.0
2007-12-26 22:00:00+00:00,226.861,228.399,226.44,227.007,45658.0
2007-12-27 22:00:00+00:00,227.003,227.668,224.096,224.2,55804.0
2007-12-29 22:00:00+00:00,224.422,224.584,224.177,224.487,390.0
2007-12-30 22:00:00+00:00,224.507,224.924,220.962,221.713,32405.0
2007-12-31 22:00:00+00:00,221.675,221.812,221.306,221.742,454.0
2008-01-01 22:00:00+00:00,221.749,222.768,216.404,217.194,49048.0
2008-01-02 22:00:00+00:00,217.212,217.639,213.604,215.483,57350.0
2008-01-03 22:00:00+00:00,215.474,216.856,213.498,214.391,59400.0
2008-01-05 22:00:00+00:00,214.476,214.564,213.915,214.17,893.0
2008-01-06 22:00:00+00:00,214.17,216.187,214.055,215.098,56989.0
2008-01-07 22:00:00+00:00,215.088,217.353,214.445,214.864,47904.0
2008-01-08 22:00:00+00:00,214.868,216.503,213.838,215.536,65972.0
2008-01-09 22:00:00+00:00,215.523,216.078,213.602,214.466,66664.0
2008-01-10 22:00:00+00:00,214.474,215.15,212.018,212.972,63972.0
2008-01-11 22:00:00+00:00,212.988,212.988,212.988,212.988,2.0
2008-01-12 22:00:00+00:00,213.135,213.2,212.664,212.69,1176.0
2008-01-13 22:00:00+00:00,212.69,213.434,210.742,211.564,48551.0
2008-01-14 22:00:00+00:00,211.565,212.185,209.362,209.593,65576.0
2008-01-15 22:00:00+00:00,209.591,212.052,207.012,211.351,73818.0
2008-01-16 22:00:00+00:00,211.342,212.429,209.435,210.05,70058.0
2008-01-17 22:00:00+00:00,210.105,211.555,208.23,208.942,48690.0
2008-01-18 22:00:00+00:00,208.931,208.931,208.931,208.931,2.0
2008-01-19 22:00:00+00:00,209.039,209.145,208.647,208.92,1149.0
2008-01-20 22:00:00+00:00,208.92,209.387,205.644,205.962,44228.0
2008-01-21 22:00:00+00:00,206.0,210.016,204.748,208.688,68762.0
2008-01-22 22:00:00+00:00,208.688,210.512,204.628,208.669,79811.0
2008-01-23 22:00:00+00:00,208.663,211.952,207.122,211.859,73800.0
2008-01-24 22:00:00+00:00,211.841,214.042,211.136,211.642,67402.0
2008-01-26 22:00:00+00:00,211.821,211.879,211.639,211.84,1786.0
2008-01-27 22:00:00+00:00,211.83,212.758,209.366,212.11,62763.0
2008-01-28 22:00:00+00:00,212.102,213.446,210.902,213.092,38430.0
2008-01-29 22:00:00+00:00,213.092,213.723,210.976,211.038,60064.0
2008-01-30 22:00:00+00:00,211.018,212.608,209.959,211.498,74405.0
2008-01-31 22:00:00+00:00,211.488,212.398,208.852,209.259,63920.0
2008-02-01 22:00:00+00:00,209.359,209.379,209.359,209.379,2.0
2008-02-02 22:00:00+00:00,209.472,209.478,209.304,209.4,911.0
2008-02-03 22:00:00+00:00,209.406,211.769,209.281,210.593,54216.0
2008-02-04 22:00:00+00:00,210.583,212.114,209.49,209.886,62961.0
2008-02-05 22:00:00+00:00,209.876,209.98,207.77,208.989,62814.0
2008-02-06 22:00:00+00:00,208.976,209.396,205.906,208.761,65261.0
2008-02-07 22:00:00+00:00,208.751,209.906,208.088,208.841,56834.0
2008-02-09 22:00:00+00:00,208.88,209.005,208.67,208.865,898.0
2008-02-10 22:00:00+00:00,208.865,209.535,206.841,208.673,51941.0
2008-02-11 22:00:00+00:00,208.69,210.992,207.836,210.312,60914.0
2008-02-12 22:00:00+00:00,210.297,212.83,209.377,212.649,58844.0
2008-02-13 22:00:00+00:00,212.661,213.89,211.922,212.395,48214.0
2008-02-14 22:00:00+00:00,212.36,213.326,210.348,211.457,56754.0
2008-02-16 22:00:00+00:00,211.372,212.168,211.035,211.076,1614.0
2008-02-17 22:00:00+00:00,211.08,211.824,210.579,211.311,37321.0
2008-02-18 22:00:00+00:00,211.32,211.32,208.78,209.999,51739.0
2008-02-19 22:00:00+00:00,209.97,210.931,209.078,209.95,59610.0
2008-02-20 22:00:00+00:00,209.952,211.975,209.697,210.808,53275.0
2008-02-21 22:00:00+00:00,210.808,211.517,210.042,210.794,48202.0
2008-02-23 22:00:00+00:00,210.749,211.465,210.749,211.36,1352.0
2008-02-24 22:00:00+00:00,211.343,212.908,210.476,212.607,46591.0
2008-02-25 22:00:00+00:00,212.597,213.248,211.847,213.171,50058.0
2008-02-26 22:00:00+00:00,213.165,213.524,210.658,211.043,66815.0
2008-02-27 22:00:00+00:00,210.972,211.3,209.436,209.549,57174.0
2008-02-28 22:00:00+00:00,209.55,209.634,205.986,206.345,64720.0
2008-03-01 22:00:00+00:00,206.286,206.41,205.99,206.075,1170.0
2008-03-02 22:00:00+00:00,206.105,206.115,203.482,205.306,59680.0
2008-03-03 22:00:00+00:00,205.293,205.715,203.688,205.319,55867.0
2008-03-04 22:00:00+00:00,205.329,207.772,204.413,207.192,54685.0
2008-03-05 22:00:00+00:00,207.103,207.636,205.857,206.296,59097.0
2008-03-06 22:00:00+00:00,206.301,207.996,204.894,206.736,60224.0
2008-03-08 22:00:00+00:00,206.708,206.859,206.371,206.545,604.0
2008-03-09 21:00:00+00:00,206.556,206.855,204.302,204.445,53317.0
2008-03-10 21:00:00+00:00,204.445,207.709,203.596,207.504,70935.0
2008-03-11 21:00:00+00:00,207.512,207.998,205.968,206.346,67641.0
2008-03-12 21:00:00+00:00,206.322,206.324,202.987,204.642,81553.0
2008-03-13 21:00:00+00:00,204.632,205.155,199.892,200.083,80652.0
2008-03-15 21:00:00+00:00,200.083,200.341,199.227,200.03,1619.0
2008-03-16 21:00:00+00:00,200.015,200.015,192.527,194.553,91438.0
2008-03-17 21:00:00+00:00,194.439,200.54,193.44,200.214,74535.0
2008-03-18 21:00:00+00:00,200.312,201.833,195.852,196.497,77519.0
2008-03-19 21:00:00+00:00,196.485,198.34,195.07,197.536,57786.0
2008-03-20 21:00:00+00:00,197.55,198.023,196.592,197.31,16442.0
2008-03-22 21:00:00+00:00,197.36,197.412,196.987,197.066,63.0
2008-03-23 21:00:00+00:00,197.066,200.446,196.795,200.04,36260.0
2008-03-24 21:00:00+00:00,200.04,200.975,198.988,200.555,57129.0
2008-03-25 21:00:00+00:00,200.565,201.045,197.596,199.262,58541.0
2008-03-26 21:00:00+00:00,199.274,201.759,197.75,200.05,69029.0
2008-03-27 21:00:00+00:00,200.05,200.501,197.542,197.909,63588.0
2008-03-29 21:00:00+00:00,197.775,198.185,197.66,197.84,841.0
2008-03-30 21:00:00+00:00,197.84,200.165,196.884,197.75,62025.0
2008-03-31 21:00:00+00:00,197.755,201.714,197.015,201.222,64362.0
2008-04-01 21:00:00+00:00,201.22,204.066,200.857,203.416,79205.0
2008-04-02 21:00:00+00:00,203.416,204.58,202.662,204.187,68973.0
2008-04-03 21:00:00+00:00,204.183,205.158,202.192,202.246,58810.0
2008-04-05 21:00:00+00:00,202.246,202.63,202.005,202.575,494.0
2008-04-06 21:00:00+00:00,202.575,204.476,202.35,203.602,51906.0
2008-04-07 21:00:00+00:00,203.596,204.119,201.158,202.211,63345.0
2008-04-08 21:00:00+00:00,202.211,202.598,200.592,201.16,56789.0
2008-04-09 21:00:00+00:00,201.15,201.298,198.084,200.895,65809.0
2008-04-10 21:00:00+00:00,200.9,201.915,198.46,198.913,60098.0
2008-04-11 21:00:00+00:00,198.913,198.913,198.913,198.913,2.0
2008-04-12 21:00:00+00:00,198.913,200.053,198.913,199.333,1457.0
2008-04-13 21:00:00+00:00,199.333,200.791,198.09,200.002,63524.0
2008-04-14 21:00:00+00:00,200.016,200.333,198.518,199.854,61751.0
2008-04-15 21:00:00+00:00,199.85,200.957,199.168,200.835,61946.0
2008-04-16 21:00:00+00:00,200.825,204.425,200.55,204.035,65340.0
2008-04-17 21:00:00+00:00,204.035,209.018,203.56,207.128,61457.0
2008-04-19 21:00:00+00:00,207.128,207.6,207.128,207.405,553.0
2008-04-20 21:00:00+00:00,207.44,208.11,203.964,204.496,58073.0
2008-04-21 21:00:00+00:00,204.483,206.108,203.346,205.55,67612.0
2008-04-22 21:00:00+00:00,205.575,206.08,204.144,204.736,56398.0
2008-04-23 21:00:00+00:00,204.732,206.174,204.178,205.778,67919.0
2008-04-24 21:00:00+00:00,205.703,207.648,205.414,207.368,63132.0
2008-04-26 21:00:00+00:00,207.346,207.487,207.219,207.313,161.0
2008-04-27 21:00:00+00:00,207.293,208.61,206.756,207.474,49545.0
2008-04-28 21:00:00+00:00,207.462,207.641,203.478,204.899,55541.0
2008-04-29 21:00:00+00:00,204.896,207.884,203.688,206.395,58293.0
2008-04-30 21:00:00+00:00,206.395,207.168,204.836,206.2,46430.0
2008-05-01 21:00:00+00:00,206.22,209.063,206.164,207.792,59248.0
2008-05-03 21:00:00+00:00,207.807,207.807,207.397,207.615,275.0
2008-05-04 21:00:00+00:00,207.605,208.335,206.5,206.765,34709.0
2008-05-05 21:00:00+00:00,206.76,207.193,205.532,206.797,52069.0
2008-05-06 21:00:00+00:00,206.797,206.939,204.264,204.614,55175.0
2008-05-07 21:00:00+00:00,204.614,204.794,202.392,202.705,66368.0
2008-05-08 21:00:00+00:00,202.69,203.294,199.814,200.985,54172.0
2008-05-10 21:00:00+00:00,200.927,201.148,200.644,201.036,521.0
2008-05-11 21:00:00+00:00,201.046,203.784,200.2,203.107,56499.0
2008-05-12 21:00:00+00:00,203.155,204.198,201.536,203.788,60928.0
2008-05-13 21:00:00+00:00,203.762,205.002,203.378,204.405,58661.0
2008-05-14 21:00:00+00:00,204.405,204.859,203.12,203.963,54015.0
2008-05-15 21:00:00+00:00,203.973,204.438,202.622,203.646,53761.0
2008-05-17 21:00:00+00:00,203.83,203.83,203.352,203.587,316.0
2008-05-18 21:00:00+00:00,203.587,204.117,202.946,203.331,52551.0
2008-05-19 21:00:00+00:00,203.316,204.79,202.718,204.082,62890.0
2008-05-20 21:00:00+00:00,204.083,204.16,202.614,203.37,55628.0
2008-05-21 21:00:00+00:00,203.372,206.546,202.73,206.086,61935.0
2008-05-22 21:00:00+00:00,206.077,206.281,204.154,204.666,46894.0
2008-05-24 21:00:00+00:00,204.68,204.68,204.325,204.492,192.0
2008-05-25 21:00:00+00:00,204.491,205.18,204.268,205.005,19956.0
2008-05-26 21:00:00+00:00,205.005,206.188,204.669,206.016,48042.0
2008-05-27 21:00:00+00:00,206.006,207.73,205.21,207.423,52770.0
2008-05-28 21:00:00+00:00,207.423,208.964,206.794,208.535,54392.0
2008-05-29 21:00:00+00:00,208.535,209.407,207.704,209.154,52720.0
2008-05-31 21:00:00+00:00,209.13,209.13,206.995,207.46,1769.0
2008-06-01 21:00:00+00:00,207.45,208.41,204.65,205.421,56032.0
2008-06-02 21:00:00+00:00,205.411,207.125,203.988,206.345,61147.0
2008-06-03 21:00:00+00:00,206.348,206.649,204.501,205.783,57876.0
2008-06-04 21:00:00+00:00,205.788,207.56,205.549,207.477,59560.0
2008-06-05 21:00:00+00:00,207.465,208.106,206.6,206.79,62302.0
2008-06-06 21:00:00+00:00,206.772,206.772,206.772,206.772,1.0
2008-06-07 21:00:00+00:00,206.693,206.703,205.894,206.146,1339.0
2008-06-08 21:00:00+00:00,206.145,210.081,205.794,209.944,60914.0
2008-06-09 21:00:00+00:00,209.942,210.752,208.606,210.0,60980.0
2008-06-10 21:00:00+00:00,209.998,210.654,209.424,210.014,59049.0
2008-06-11 21:00:00+00:00,210.008,210.314,209.536,210.134,61259.0
2008-06-12 21:00:00+00:00,210.134,210.915,209.704,210.73,60212.0
2008-06-13 21:00:00+00:00,210.725,210.725,210.692,210.707,7.0
2008-06-14 21:00:00+00:00,210.707,211.02,210.084,210.665,1012.0
2008-06-15 21:00:00+00:00,210.665,212.828,210.355,212.471,53458.0
2008-06-16 21:00:00+00:00,212.467,212.795,210.658,211.195,60199.0
2008-06-17 21:00:00+00:00,211.195,211.518,210.441,211.444,58271.0
2008-06-18 21:00:00+00:00,211.442,213.314,210.827,213.027,61756.0
2008-06-19 21:00:00+00:00,213.021,213.137,211.732,212.087,54007.0
2008-06-20 21:00:00+00:00,212.096,212.096,212.096,212.096,1.0
2008-06-21 21:00:00+00:00,212.068,212.068,211.548,211.555,597.0
2008-06-22 21:00:00+00:00,211.553,212.24,211.096,211.97,48707.0
2008-06-23 21:00:00+00:00,211.976,212.88,211.653,212.498,53203.0
2008-06-24 21:00:00+00:00,212.502,213.336,212.162,212.93,49990.0
2008-06-25 21:00:00+00:00,212.927,213.93,211.934,212.434,56228.0
2008-06-26 21:00:00+00:00,212.438,212.994,210.519,211.743,61993.0
2008-06-27 21:00:00+00:00,211.728,211.728,211.728,211.728,1.0
2008-06-28 21:00:00+00:00,211.642,211.895,211.622,211.813,269.0
2008-06-29 21:00:00+00:00,211.814,212.332,209.438,211.614,55885.0
2008-06-30 21:00:00+00:00,211.615,211.96,210.052,211.709,58377.0
2008-07-01 21:00:00+00:00,211.697,212.074,210.832,211.065,56746.0
2008-07-02 21:00:00+00:00,211.094,211.936,210.575,211.701,54869.0
2008-07-03 21:00:00+00:00,211.678,212.081,211.272,211.716,39383.0
2008-07-05 21:00:00+00:00,211.673,211.687,211.602,211.647,65.0
2008-07-06 21:00:00+00:00,211.653,212.444,210.986,211.806,58852.0
2008-07-07 21:00:00+00:00,211.807,211.844,210.242,211.734,64259.0
2008-07-08 21:00:00+00:00,211.736,212.344,211.054,211.739,65016.0
2008-07-09 21:00:00+00:00,211.743,212.174,211.164,211.769,62907.0
2008-07-10 21:00:00+00:00,211.794,212.136,210.244,211.357,58243.0
2008-07-11 21:00:00+00:00,211.363,211.363,211.363,211.363,1.0
2008-07-12 21:00:00+00:00,211.454,211.454,211.004,211.071,518.0
2008-07-13 21:00:00+00:00,211.074,212.28,211.074,211.76,63638.0
2008-07-14 21:00:00+00:00,211.766,212.023,208.934,210.059,80844.0
2008-07-15 21:00:00+00:00,210.064,210.29,208.018,210.158,72355.0
2008-07-16 21:00:00+00:00,210.145,213.63,209.667,212.951,70693.0
2008-07-17 21:00:00+00:00,212.947,213.829,211.578,213.739,62326.0
2008-07-18 21:00:00+00:00,213.739,213.739,213.739,213.739,1.0
2008-07-19 21:00:00+00:00,213.627,213.678,213.471,213.599,328.0
2008-07-20 21:00:00+00:00,213.599,213.838,212.156,213.236,56858.0
2008-07-21 21:00:00+00:00,213.234,213.857,212.862,213.762,74245.0
2008-07-22 21:00:00+00:00,213.763,215.886,213.473,215.744,71646.0
2008-07-23 21:00:00+00:00,215.744,215.87,212.802,213.259,74011.0
2008-07-24 21:00:00+00:00,213.257,214.913,211.631,214.753,72590.0
2008-07-26 21:00:00+00:00,214.68,214.899,214.53,214.685,242.0
2008-07-27 21:00:00+00:00,214.699,214.892,213.7,214.26,71234.0
2008-07-28 21:00:00+00:00,214.261,214.811,213.736,213.922,66916.0
2008-07-29 21:00:00+00:00,213.922,214.398,213.27,214.286,69307.0
2008-07-30 21:00:00+00:00,214.286,214.592,213.372,214.113,62224.0
2008-07-31 21:00:00+00:00,214.113,214.153,212.02,212.703,68825.0
2008-08-01 21:00:00+00:00,212.701,212.701,212.701,212.701,1.0
2008-08-02 21:00:00+00:00,212.741,212.759,212.58,212.63,286.0
2008-08-03 21:00:00+00:00,212.596,212.896,212.086,212.451,68269.0
2008-08-04 21:00:00+00:00,212.45,212.45,210.532,211.796,74733.0
2008-08-05 21:00:00+00:00,211.796,213.96,211.458,213.851,82742.0
2008-08-06 21:00:00+00:00,213.847,213.867,212.434,212.742,71948.0
2008-08-07 21:00:00+00:00,212.74,212.748,210.854,211.666,78937.0
2008-08-08 21:00:00+00:00,211.649,211.649,211.649,211.649,1.0
2008-08-09 21:00:00+00:00,211.656,211.769,210.9,210.936,787.0
2008-08-10 21:00:00+00:00,210.941,211.561,209.717,210.314,79199.0
2008-08-11 21:00:00+00:00,210.316,210.632,207.17,207.26,73452.0
2008-08-12 21:00:00+00:00,207.26,207.36,202.552,204.888,82181.0
2008-08-13 21:00:00+00:00,204.888,205.894,203.492,205.186,67934.0
2008-08-14 21:00:00+00:00,205.188,206.525,204.413,206.251,65082.0
2008-08-16 21:00:00+00:00,206.142,206.233,205.791,206.082,772.0
2008-08-17 21:00:00+00:00,206.076,206.265,205.05,205.41,64943.0
2008-08-18 21:00:00+00:00,205.414,205.414,203.896,204.864,72179.0
2008-08-19 21:00:00+00:00,204.858,205.148,204.13,204.574,61979.0
2008-08-20 21:00:00+00:00,204.564,204.656,201.792,203.666,70002.0
2008-08-21 21:00:00+00:00,203.662,204.618,202.775,203.917,56990.0
2008-08-22 21:00:00+00:00,203.907,203.926,203.902,203.926,4.0
2008-08-23 21:00:00+00:00,203.748,203.859,203.631,203.728,309.0
2008-08-24 21:00:00+00:00,203.729,203.791,202.358,202.564,51413.0
2008-08-25 21:00:00+00:00,202.568,202.86,200.699,201.678,88784.0
2008-08-26 21:00:00+00:00,201.678,202.286,200.511,200.994,69997.0
2008-08-27 21:00:00+00:00,200.984,201.17,199.821,200.312,77036.0
2008-08-28 21:00:00+00:00,200.322,200.366,197.654,198.163,72197.0
2008-08-29 21:00:00+00:00,198.16,198.16,198.152,198.152,2.0
2008-08-30 21:00:00+00:00,197.559,197.559,196.69,196.795,1427.0
2008-08-31 21:00:00+00:00,196.794,196.919,194.168,194.808,56097.0
2008-09-01 21:00:00+00:00,194.808,194.9,192.686,193.749,78410.0
2008-09-02 21:00:00+00:00,193.748,194.088,191.918,192.42,84395.0
2008-09-03 21:00:00+00:00,192.415,193.612,189.232,189.359,86355.0
2008-09-04 21:00:00+00:00,189.362,190.268,186.206,190.268,98154.0
2008-09-06 21:00:00+00:00,190.268,193.616,190.268,193.283,3032.0
2008-09-07 21:00:00+00:00,193.296,195.68,188.518,190.375,112035.0
2008-09-08 21:00:00+00:00,190.373,190.978,187.773,188.067,110961.0
2008-09-09 21:00:00+00:00,188.059,190.117,187.197,188.787,84034.0
2008-09-10 21:00:00+00:00,188.772,188.981,185.916,188.374,105208.0
2008-09-11 21:00:00+00:00,188.374,193.734,187.595,193.657,111890.0
2008-09-13 21:00:00+00:00,193.657,193.657,189.772,190.509,4303.0
2008-09-14 21:00:00+00:00,190.505,192.196,187.318,188.391,109017.0
2008-09-15 21:00:00+00:00,188.374,190.098,184.516,188.446,99010.0
2008-09-16 21:00:00+00:00,188.449,192.01,186.882,190.198,126068.0
2008-09-17 21:00:00+00:00,190.191,192.126,188.897,191.682,108743.0
2008-09-18 21:00:00+00:00,191.701,197.093,191.352,196.786,72977.0
2008-09-19 21:00:00+00:00,196.789,196.789,196.789,196.789,1.0
2008-09-20 21:00:00+00:00,196.789,196.789,195.812,195.842,909.0
2008-09-21 21:00:00+00:00,195.846,197.109,194.319,195.641,109737.0
2008-09-22 21:00:00+00:00,195.643,196.628,194.945,195.525,87347.0
2008-09-23 21:00:00+00:00,195.525,197.454,195.331,195.943,79885.0
2008-09-24 21:00:00+00:00,195.941,197.18,195.262,195.77,115635.0
2008-09-25 21:00:00+00:00,195.774,195.882,193.174,195.536,109233.0
2008-09-27 21:00:00+00:00,195.412,195.58,194.628,194.733,957.0
2008-09-28 21:00:00+00:00,194.741,195.477,188.116,188.396,109024.0
2008-09-29 21:00:00+00:00,188.401,191.026,186.416,188.937,96937.0
2008-09-30 21:00:00+00:00,188.933,189.954,186.015,187.085,104226.0
2008-10-01 21:00:00+00:00,187.084,188.139,184.732,185.795,111466.0
2008-10-02 21:00:00+00:00,185.793,188.513,184.696,186.545,120117.0
2008-10-03 21:00:00+00:00,186.565,186.565,186.565,186.565,1.0
2008-10-04 21:00:00+00:00,185.815,185.815,184.212,185.634,1954.0
2008-10-05 21:00:00+00:00,185.615,186.022,174.058,177.573,108834.0
2008-10-06 21:00:00+00:00,177.569,182.062,175.95,177.137,115367.0
2008-10-07 21:00:00+00:00,177.128,178.956,171.541,171.541,110427.0
2008-10-08 21:00:00+00:00,171.539,176.384,169.85,170.669,113180.0
2008-10-09 21:00:00+00:00,170.672,172.233,166.011,171.59,114885.0
2008-10-10 21:00:00+00:00,171.595,171.595,171.595,171.595,4.0
2008-10-11 21:00:00+00:00,171.575,172.997,171.329,172.805,2812.0
2008-10-12 21:00:00+00:00,172.83,177.522,168.007,176.892,118572.0
2008-10-13 21:00:00+00:00,176.898,181.385,176.834,177.556,123499.0
2008-10-14 21:00:00+00:00,177.553,178.73,172.567,172.615,124233.0
2008-10-15 21:00:00+00:00,172.613,176.27,170.428,175.772,192827.0
2008-10-16 21:00:00+00:00,175.769,176.556,173.944,175.703,101612.0
2008-10-17 21:00:00+00:00,175.703,175.703,175.703,175.703,1.0
2008-10-18 21:00:00+00:00,175.786,175.904,175.61,175.794,285.0
2008-10-19 21:00:00+00:00,175.788,179.202,173.63,174.734,112956.0
2008-10-20 21:00:00+00:00,174.743,175.602,166.805,167.303,103470.0
2008-10-21 21:00:00+00:00,167.298,168.028,157.748,158.848,147687.0
2008-10-22 21:00:00+00:00,158.846,160.672,154.576,157.963,181423.0
2008-10-23 21:00:00+00:00,157.995,159.962,139.056,150.027,159168.0
2008-10-24 21:00:00+00:00,150.068,150.068,150.048,150.048,3.0
2008-10-25 21:00:00+00:00,149.941,149.953,148.009,148.042,909.0
2008-10-26 21:00:00+00:00,148.04,149.896,140.663,144.309,118386.0
2008-10-27 21:00:00+00:00,144.296,156.333,142.895,155.987,122588.0
2008-10-28 21:00:00+00:00,155.993,161.209,153.375,159.446,139955.0
2008-10-29 21:00:00+00:00,159.44,165.066,158.201,162.184,115797.0
2008-10-30 21:00:00+00:00,162.184,162.353,155.5,158.306,111034.0
2008-10-31 21:00:00+00:00,158.311,158.311,158.311,158.311,1.0
2008-11-01 21:00:00+00:00,158.336,159.394,158.336,158.652,1427.0
2008-11-02 22:00:00+00:00,158.626,163.343,155.604,156.809,85762.0
2008-11-03 22:00:00+00:00,156.809,161.782,153.722,159.121,104130.0
2008-11-04 22:00:00+00:00,159.121,160.844,155.25,155.782,105769.0
2008-11-05 22:00:00+00:00,155.782,157.707,152.133,152.769,126054.0
2008-11-06 22:00:00+00:00,152.769,156.254,150.339,153.689,110832.0
2008-11-08 22:00:00+00:00,153.703,157.235,153.632,157.112,1688.0
2008-11-09 22:00:00+00:00,157.104,157.574,152.104,152.946,99913.0
2008-11-10 22:00:00+00:00,152.939,154.281,149.774,150.223,92134.0
2008-11-11 22:00:00+00:00,150.223,151.775,141.088,142.234,119037.0
2008-11-12 22:00:00+00:00,142.234,145.868,138.898,145.005,166083.0
2008-11-13 22:00:00+00:00,145.005,146.325,140.916,143.065,149873.0
2008-11-15 22:00:00+00:00,143.064,143.064,140.582,140.65,1502.0
2008-11-16 22:00:00+00:00,140.635,146.508,140.548,144.54,137123.0
2008-11-17 22:00:00+00:00,144.544,146.552,143.614,145.143,134741.0
2008-11-18 22:00:00+00:00,145.143,147.934,143.04,143.135,100674.0
2008-11-19 22:00:00+00:00,143.135,143.908,137.683,137.991,123584.0
2008-11-20 22:00:00+00:00,137.991,143.256,137.867,143.237,140656.0
2008-11-22 22:00:00+00:00,143.237,143.298,142.682,143.035,471.0
2008-11-23 22:00:00+00:00,143.043,147.818,141.1,147.793,135463.0
2008-11-24 22:00:00+00:00,147.798,148.64,143.758,147.342,115212.0
2008-11-25 22:00:00+00:00,147.358,147.577,144.552,146.608,106051.0
2008-11-26 22:00:00+00:00,146.608,147.926,145.717,146.588,60317.0
2008-11-27 22:00:00+00:00,146.588,147.602,145.6,146.817,66138.0
2008-11-28 22:00:00+00:00,146.817,146.817,146.817,146.817,1.0
2008-11-29 22:00:00+00:00,146.817,147.184,146.71,146.725,254.0
2008-11-30 22:00:00+00:00,146.749,147.123,138.073,138.719,97862.0
2008-12-01 22:00:00+00:00,138.719,140.942,137.108,139.016,107763.0
2008-12-02 22:00:00+00:00,139.016,139.809,136.312,137.924,139124.0
2008-12-03 22:00:00+00:00,137.924,138.296,134.108,135.431,107402.0
2008-12-04 22:00:00+00:00,135.43,137.542,133.289,136.37,101709.0
2008-12-05 22:00:00+00:00,136.36,136.36,136.36,136.36,9.0
2008-12-06 22:00:00+00:00,135.981,137.384,135.981,136.776,724.0
2008-12-07 22:00:00+00:00,136.729,140.79,136.104,138.408,91959.0
2008-12-08 22:00:00+00:00,138.408,138.511,135.496,135.903,105752.0
2008-12-09 22:00:00+00:00,135.91,138.374,135.78,137.163,110296.0
2008-12-10 22:00:00+00:00,137.163,138.693,135.83,137.52,108505.0
2008-12-11 22:00:00+00:00,137.52,138.194,132.48,136.233,116706.0
2008-12-13 22:00:00+00:00,136.792,137.445,136.354,136.578,1070.0
2008-12-14 22:00:00+00:00,136.585,139.248,135.296,138.738,80714.0
2008-12-15 22:00:00+00:00,138.738,139.116,136.817,138.732,90672.0
2008-12-16 22:00:00+00:00,138.732,139.202,134.9,135.535,102744.0
2008-12-17 22:00:00+00:00,135.535,138.157,133.67,134.302,99519.0
2008-12-18 22:00:00+00:00,134.298,135.936,132.325,133.073,106177.0
2008-12-20 22:00:00+00:00,133.073,133.51,133.004,133.17,944.0
2008-12-21 22:00:00+00:00,133.17,134.718,132.06,133.708,66741.0
2008-12-22 22:00:00+00:00,133.738,134.407,132.882,133.971,49213.0
2008-12-23 22:00:00+00:00,133.978,134.099,132.591,133.266,34073.0
2008-12-24 22:00:00+00:00,133.253,133.599,132.931,133.153,3214.0
2008-12-25 22:00:00+00:00,133.164,133.924,132.199,132.229,28817.0
2008-12-26 22:00:00+00:00,132.221,132.221,132.207,132.207,2.0
2008-12-27 22:00:00+00:00,132.197,133.038,132.197,132.998,485.0
2008-12-28 22:00:00+00:00,132.998,133.511,130.253,130.474,70156.0
2008-12-29 22:00:00+00:00,130.478,131.88,129.876,130.148,72166.0
2008-12-30 22:00:00+00:00,130.148,133.299,130.024,132.542,48178.0
2008-12-31 22:00:00+00:00,132.536,133.255,132.532,133.253,424.0
2009-01-01 22:00:00+00:00,133.198,134.578,131.397,133.573,56211.0
2009-01-03 22:00:00+00:00,133.573,134.269,133.365,133.685,1742.0
2009-01-04 22:00:00+00:00,133.663,137.583,132.861,137.316,75540.0
2009-01-05 22:00:00+00:00,137.316,140.876,135.407,139.673,83977.0
2009-01-06 22:00:00+00:00,139.699,141.568,137.96,139.854,87905.0
2009-01-07 22:00:00+00:00,139.849,140.185,137.278,138.778,125255.0
2009-01-08 22:00:00+00:00,138.778,140.057,136.53,137.077,108789.0
2009-01-09 22:00:00+00:00,137.059,137.074,137.059,137.074,2.0
2009-01-10 22:00:00+00:00,137.064,137.064,136.406,136.473,1026.0
2009-01-11 22:00:00+00:00,136.473,136.555,131.774,132.238,116785.0
2009-01-12 22:00:00+00:00,132.22,132.629,128.832,129.605,113656.0
2009-01-13 22:00:00+00:00,129.605,132.088,129.046,130.096,103636.0
2009-01-14 22:00:00+00:00,130.136,132.066,129.114,131.534,133794.0
2009-01-15 22:00:00+00:00,131.542,135.763,131.33,133.684,146898.0
2009-01-17 22:00:00+00:00,133.684,135.09,133.684,134.948,1620.0
2009-01-18 22:00:00+00:00,134.948,135.903,130.473,130.705,84482.0
2009-01-19 22:00:00+00:00,130.705,130.957,124.674,125.015,124045.0
2009-01-20 22:00:00+00:00,125.035,126.207,119.368,124.869,111937.0
2009-01-21 22:00:00+00:00,124.869,125.333,121.103,123.392,123013.0
2009-01-22 22:00:00+00:00,123.392,123.817,118.822,122.472,121775.0
2009-01-24 22:00:00+00:00,122.472,123.023,121.823,121.876,516.0
2009-01-25 22:00:00+00:00,121.88,125.104,119.717,124.66,108934.0
2009-01-26 22:00:00+00:00,124.66,127.67,124.251,125.715,114310.0
2009-01-27 22:00:00+00:00,125.715,129.688,125.635,128.661,98569.0
2009-01-28 22:00:00+00:00,128.661,129.45,126.51,128.761,91066.0
2009-01-29 22:00:00+00:00,128.761,130.911,126.718,130.755,100546.0
2009-01-31 22:00:00+00:00,130.491,130.522,129.732,130.275,1625.0
2009-02-01 22:00:00+00:00,130.26,130.419,125.332,127.593,87136.0
2009-02-02 22:00:00+00:00,127.593,129.414,126.711,129.285,93728.0
2009-02-03 22:00:00+00:00,129.285,130.688,127.318,129.373,99703.0
2009-02-04 22:00:00+00:00,129.373,135.636,128.462,133.295,113554.0
2009-02-05 22:00:00+00:00,133.295,136.816,132.475,135.893,105631.0
2009-02-07 22:00:00+00:00,135.676,136.172,135.625,135.745,889.0
2009-02-08 22:00:00+00:00,135.671,137.376,133.633,136.267,85143.0
2009-02-09 22:00:00+00:00,136.267,136.447,130.346,131.574,116518.0
2009-02-10 22:00:00+00:00,131.577,131.815,128.89,130.14,145080.0
2009-02-11 22:00:00+00:00,130.14,130.282,127.121,129.772,100298.0
2009-02-12 22:00:00+00:00,129.779,133.906,129.239,131.86,84245.0
2009-02-14 22:00:00+00:00,131.951,132.018,129.893,130.345,2582.0
2009-02-15 22:00:00+00:00,130.345,131.471,129.632,131.17,56681.0
2009-02-16 22:00:00+00:00,131.17,132.224,129.676,131.576,85840.0
2009-02-17 22:00:00+00:00,131.569,133.748,130.402,133.289,99889.0
2009-02-18 22:00:00+00:00,133.289,136.382,132.916,134.64,91816.0
2009-02-19 22:00:00+00:00,134.64,135.377,132.753,134.731,93618.0
2009-02-21 22:00:00+00:00,134.678,134.715,134.269,134.566,1098.0
2009-02-22 22:00:00+00:00,134.575,139.162,133.833,137.067,92469.0
2009-02-23 22:00:00+00:00,137.067,140.674,136.265,139.949,89872.0
2009-02-24 22:00:00+00:00,139.949,141.795,137.68,138.259,93815.0
2009-02-25 22:00:00+00:00,138.259,141.716,138.259,141.051,80274.0
2009-02-26 22:00:00+00:00,141.051,141.13,136.722,139.688,152844.0
2009-02-28 22:00:00+00:00,139.498,139.805,139.246,139.718,828.0
2009-03-01 22:00:00+00:00,139.7,139.845,135.55,136.973,103544.0
2009-03-02 22:00:00+00:00,136.973,138.658,136.05,137.929,101976.0
2009-03-03 22:00:00+00:00,137.929,140.87,137.388,140.741,116570.0
2009-03-04 22:00:00+00:00,140.741,141.5,138.02,138.406,98101.0
2009-03-05 22:00:00+00:00,138.406,140.208,137.264,138.468,137453.0
2009-03-07 22:00:00+00:00,138.658,138.658,138.502,138.554,34.0
2009-03-08 21:00:00+00:00,138.548,139.328,135.952,136.177,128532.0
2009-03-09 21:00:00+00:00,136.177,137.05,135.172,135.692,159640.0
2009-03-10 21:00:00+00:00,135.692,136.29,133.938,135.01,150032.0
2009-03-11 21:00:00+00:00,135.01,136.58,131.474,136.217,138140.0
2009-03-12 21:00:00+00:00,136.217,138.396,135.305,137.246,99443.0
2009-03-13 21:00:00+00:00,137.173,137.173,137.173,137.173,1.0
2009-03-14 21:00:00+00:00,137.161,137.263,136.833,137.0,1802.0
2009-03-15 21:00:00+00:00,137.0,140.028,135.962,138.069,101681.0
2009-03-16 21:00:00+00:00,138.076,139.403,137.918,138.401,121897.0
2009-03-17 21:00:00+00:00,138.4,139.075,134.93,137.365,113453.0
2009-03-18 21:00:00+00:00,137.365,137.995,135.253,137.101,176130.0
2009-03-19 21:00:00+00:00,137.102,138.982,136.594,138.785,138384.0
2009-03-21 21:00:00+00:00,138.669,138.669,138.208,138.298,542.0
2009-03-22 21:00:00+00:00,138.298,141.906,138.191,141.289,98123.0
2009-03-23 21:00:00+00:00,141.289,145.083,141.061,143.669,122857.0
2009-03-24 21:00:00+00:00,143.669,144.641,140.979,141.958,145393.0
2009-03-25 21:00:00+00:00,141.958,143.601,141.738,142.671,112997.0
2009-03-26 21:00:00+00:00,142.671,142.953,139.016,140.157,167061.0
2009-03-27 21:00:00+00:00,140.145,140.149,140.145,140.149,2.0
2009-03-28 21:00:00+00:00,140.175,140.175,139.744,139.874,471.0
2009-03-29 21:00:00+00:00,139.895,140.493,135.718,138.75,163050.0
2009-03-30 21:00:00+00:00,138.75,142.574,138.58,141.738,108779.0
2009-03-31 21:00:00+00:00,141.735,142.894,140.569,142.547,106990.0
2009-04-01 21:00:00+00:00,142.547,146.93,142.309,146.537,116698.0
2009-04-02 21:00:00+00:00,146.537,148.958,145.578,148.867,106036.0
2009-04-04 21:00:00+00:00,148.757,148.757,148.296,148.578,4247.0
2009-04-05 21:00:00+00:00,148.588,151.534,147.705,149.173,103409.0
2009-04-06 21:00:00+00:00,149.173,149.283,145.832,147.91,108966.0
2009-04-07 21:00:00+00:00,147.905,148.549,145.736,146.771,112288.0
2009-04-08 21:00:00+00:00,146.773,148.028,146.299,147.414,105956.0
2009-04-09 21:00:00+00:00,147.418,147.595,146.638,147.016,75430.0
2009-04-11 21:00:00+00:00,147.101,147.349,146.596,146.903,1610.0
2009-04-12 21:00:00+00:00,146.903,148.852,146.437,148.697,59874.0
2009-04-13 21:00:00+00:00,148.697,149.29,146.994,147.423,151847.0
2009-04-14 21:00:00+00:00,147.423,149.274,145.864,149.057,120000.0
2009-04-15 21:00:00+00:00,149.057,149.883,146.58,148.122,103769.0
2009-04-16 21:00:00+00:00,148.125,148.816,146.18,146.728,99448.0
2009-04-18 21:00:00+00:00,146.881,146.993,146.547,146.843,1955.0
2009-04-19 21:00:00+00:00,146.843,147.096,142.004,142.313,143433.0
2009-04-20 21:00:00+00:00,142.313,145.2,141.518,144.882,123635.0
2009-04-21 21:00:00+00:00,144.882,144.995,140.617,142.052,110890.0
2009-04-22 21:00:00+00:00,142.057,144.479,141.091,144.199,108239.0
2009-04-23 21:00:00+00:00,144.217,144.538,141.145,142.635,110720.0
2009-04-25 21:00:00+00:00,142.739,142.813,141.965,142.025,1180.0
2009-04-26 21:00:00+00:00,142.02,142.095,140.159,141.727,103465.0
2009-04-27 21:00:00+00:00,141.727,141.986,139.037,141.14,106272.0
2009-04-28 21:00:00+00:00,141.153,144.555,140.826,144.26,112007.0
2009-04-29 21:00:00+00:00,144.26,146.978,143.657,145.869,132079.0
2009-04-30 21:00:00+00:00,145.869,148.372,145.621,147.906,109240.0
2009-05-02 21:00:00+00:00,147.918,148.162,147.892,147.98,850.0
2009-05-03 21:00:00+00:00,148.05,149.153,147.344,148.373,113902.0
2009-05-04 21:00:00+00:00,148.348,149.89,147.827,149.105,111668.0
2009-05-05 21:00:00+00:00,149.099,149.342,146.964,148.82,131317.0
2009-05-06 21:00:00+00:00,148.82,150.909,148.078,148.855,116052.0
2009-05-07 21:00:00+00:00,148.854,150.214,148.179,149.979,100138.0
2009-05-08 21:00:00+00:00,149.971,149.971,149.971,149.971,1.0
2009-05-09 21:00:00+00:00,150.005,150.517,149.976,150.184,4578.0
2009-05-10 21:00:00+00:00,150.184,150.507,146.75,147.368,101345.0
2009-05-11 21:00:00+00:00,147.368,149.496,146.318,147.282,132345.0
2009-05-12 21:00:00+00:00,147.282,148.11,144.201,144.454,119969.0
2009-05-13 21:00:00+00:00,144.454,146.156,143.366,145.972,161865.0
2009-05-14 21:00:00+00:00,145.972,146.453,143.554,144.52,158460.0
2009-05-15 21:00:00+00:00,144.534,144.534,144.534,144.534,1.0
2009-05-16 21:00:00+00:00,144.579,144.579,143.639,143.838,775.0
2009-05-17 21:00:00+00:00,143.838,147.918,143.042,147.808,112870.0
2009-05-18 21:00:00+00:00,147.808,149.65,147.118,148.522,138549.0
2009-05-19 21:00:00+00:00,148.533,149.872,147.56,149.491,155575.0
2009-05-20 21:00:00+00:00,149.491,150.104,146.839,149.56,134871.0
2009-05-21 21:00:00+00:00,149.559,151.106,148.142,151.028,111878.0
2009-05-22 21:00:00+00:00,151.012,151.012,151.012,151.012,1.0
2009-05-23 21:00:00+00:00,151.005,151.031,150.466,150.607,279.0
2009-05-24 21:00:00+00:00,150.615,151.556,149.812,150.86,66917.0
2009-05-25 21:00:00+00:00,150.851,151.584,149.578,151.34,107281.0
2009-05-26 21:00:00+00:00,151.34,153.114,151.197,152.12,165344.0
2009-05-27 21:00:00+00:00,152.116,154.917,151.978,154.466,174218.0
2009-05-28 21:00:00+00:00,154.47,155.758,153.264,154.356,113922.0
2009-05-29 21:00:00+00:00,154.368,154.377,154.343,154.343,5.0
2009-05-30 21:00:00+00:00,154.568,154.862,153.855,154.117,678.0
2009-05-31 21:00:00+00:00,154.117,159.209,153.505,158.838,120089.0
2009-06-01 21:00:00+00:00,158.774,159.248,156.879,158.769,119823.0
2009-06-02 21:00:00+00:00,158.765,160.488,155.71,156.622,173704.0
2009-06-03 21:00:00+00:00,156.622,158.623,155.17,156.21,133309.0
2009-06-04 21:00:00+00:00,156.21,158.502,154.877,157.699,104196.0
2009-06-06 21:00:00+00:00,157.645,157.645,157.198,157.371,155.0
2009-06-07 21:00:00+00:00,157.386,158.506,155.544,158.086,112339.0
2009-06-08 21:00:00+00:00,158.082,159.23,156.64,158.778,130944.0
2009-06-09 21:00:00+00:00,158.774,161.318,158.479,160.51,138951.0
2009-06-10 21:00:00+00:00,160.517,162.082,159.952,161.984,123889.0
2009-06-11 21:00:00+00:00,161.976,162.601,160.483,161.84,119832.0
2009-06-13 21:00:00+00:00,161.647,161.902,161.62,161.793,708.0
2009-06-14 21:00:00+00:00,161.802,161.868,158.882,159.664,109477.0
2009-06-15 21:00:00+00:00,159.694,160.399,156.478,158.2,135879.0
2009-06-16 21:00:00+00:00,158.206,159.394,155.634,157.028,133150.0
2009-06-17 21:00:00+00:00,157.02,158.466,154.974,157.616,121630.0
2009-06-18 21:00:00+00:00,157.623,159.638,157.4,158.803,100918.0
2009-06-19 21:00:00+00:00,158.798,158.798,158.798,158.798,1.0
2009-06-20 21:00:00+00:00,158.946,158.946,158.671,158.828,274.0
2009-06-21 21:00:00+00:00,158.805,158.891,156.408,156.714,100584.0
2009-06-22 21:00:00+00:00,156.7,156.866,154.079,156.674,130089.0
2009-06-23 21:00:00+00:00,156.648,158.278,156.159,156.959,124951.0
2009-06-24 21:00:00+00:00,156.964,158.554,155.96,157.063,115334.0
2009-06-25 21:00:00+00:00,157.075,158.26,156.676,157.317,100903.0
2009-06-26 21:00:00+00:00,157.317,157.317,157.317,157.317,1.0
2009-06-27 21:00:00+00:00,157.246,157.495,157.11,157.242,177.0
2009-06-28 21:00:00+00:00,157.101,159.322,156.73,159.146,85125.0
2009-06-29 21:00:00+00:00,159.141,160.286,158.208,158.586,111086.0
2009-06-30 21:00:00+00:00,158.59,159.994,158.16,159.278,103027.0
2009-07-01 21:00:00+00:00,159.282,159.356,156.88,157.285,102824.0
2009-07-02 21:00:00+00:00,157.288,157.878,156.432,156.864,60376.0
2009-07-04 21:00:00+00:00,156.863,157.119,156.839,156.926,618.0
2009-07-05 21:00:00+00:00,156.923,156.923,153.042,155.303,99349.0
2009-07-06 21:00:00+00:00,155.333,155.376,152.738,153.151,98924.0
2009-07-07 21:00:00+00:00,153.117,153.163,146.774,149.287,127221.0
2009-07-08 21:00:00+00:00,149.31,152.378,148.133,151.91,123878.0
2009-07-09 21:00:00+00:00,151.905,152.178,148.382,150.075,115891.0
2009-07-11 21:00:00+00:00,149.95,150.01,149.627,149.744,166.0
2009-07-12 21:00:00+00:00,149.707,151.008,147.155,150.882,108780.0
2009-07-13 21:00:00+00:00,150.884,153.027,150.73,152.497,119910.0
2009-07-14 21:00:00+00:00,152.5,155.176,152.412,154.771,99688.0
2009-07-15 21:00:00+00:00,154.774,155.073,153.038,154.399,108620.0
2009-07-16 21:00:00+00:00,154.402,154.63,152.418,153.852,89244.0
2009-07-18 21:00:00+00:00,154.038,154.043,153.831,153.875,80.0
2009-07-19 21:00:00+00:00,153.878,156.462,153.769,155.863,79525.0
2009-07-20 21:00:00+00:00,155.866,156.034,153.126,154.294,92814.0
2009-07-21 21:00:00+00:00,154.288,154.642,152.33,154.471,96961.0
2009-07-22 21:00:00+00:00,154.49,157.636,153.853,156.432,104669.0
2009-07-23 21:00:00+00:00,156.44,157.197,155.382,155.728,84991.0
2009-07-25 21:00:00+00:00,155.957,156.36,155.871,156.234,358.0
2009-07-26 21:00:00+00:00,156.241,157.49,155.18,156.931,75393.0
2009-07-27 21:00:00+00:00,156.933,157.473,154.158,155.332,92750.0
2009-07-28 21:00:00+00:00,155.335,156.354,153.872,155.588,109878.0
2009-07-29 21:00:00+00:00,155.6,158.096,155.258,157.613,95303.0
2009-07-30 21:00:00+00:00,157.611,158.596,156.936,158.233,101329.0
2009-08-01 21:00:00+00:00,158.395,158.907,158.313,158.462,593.0
2009-08-02 21:00:00+00:00,158.484,161.788,158.114,161.269,100227.0
2009-08-03 21:00:00+00:00,161.266,162.192,160.044,161.311,106170.0
2009-08-04 21:00:00+00:00,161.315,162.463,160.434,161.336,103272.0
2009-08-05 21:00:00+00:00,161.348,162.412,159.978,160.21,109588.0
2009-08-06 21:00:00+00:00,160.205,163.09,158.976,162.786,110128.0
2009-08-07 21:00:00+00:00,162.786,162.786,162.786,162.786,4.0
2009-08-08 21:00:00+00:00,162.786,162.927,162.618,162.846,2224.0
2009-08-09 21:00:00+00:00,162.838,163.022,159.398,160.128,123492.0
2009-08-10 21:00:00+00:00,160.125,160.228,157.84,158.19,105433.0
2009-08-11 21:00:00+00:00,158.182,159.814,155.991,158.307,127389.0
2009-08-12 21:00:00+00:00,158.303,160.388,157.4,158.343,111650.0
2009-08-13 21:00:00+00:00,158.34,158.422,156.026,157.048,100663.0
2009-08-15 21:00:00+00:00,157.048,157.048,156.439,156.45,115.0
2009-08-16 21:00:00+00:00,156.458,156.621,153.474,154.503,95919.0
2009-08-17 21:00:00+00:00,154.507,157.108,154.062,156.785,95590.0
2009-08-18 21:00:00+00:00,156.678,157.544,153.658,155.498,104036.0
2009-08-19 21:00:00+00:00,155.504,156.748,154.566,155.484,90120.0
2009-08-20 21:00:00+00:00,155.486,156.604,153.585,155.822,102557.0
2009-08-22 21:00:00+00:00,155.784,155.878,155.497,155.758,129.0
2009-08-23 21:00:00+00:00,155.73,156.83,154.836,155.244,91007.0
2009-08-24 21:00:00+00:00,155.24,155.543,153.426,153.99,101695.0
2009-08-25 21:00:00+00:00,153.994,154.126,152.241,153.173,94492.0
2009-08-26 21:00:00+00:00,153.175,153.205,151.078,152.296,111494.0
2009-08-27 21:00:00+00:00,152.318,153.639,151.984,152.282,89446.0
2009-08-29 21:00:00+00:00,151.933,152.041,151.675,151.764,376.0
2009-08-30 21:00:00+00:00,151.768,152.212,150.064,151.663,98166.0
2009-08-31 21:00:00+00:00,151.666,152.776,149.846,150.159,108985.0
2009-09-01 21:00:00+00:00,150.156,150.575,149.052,150.069,108702.0
2009-09-02 21:00:00+00:00,150.077,151.791,149.425,151.182,91064.0
2009-09-03 21:00:00+00:00,151.193,152.736,150.859,152.466,81134.0
2009-09-04 21:00:00+00:00,152.461,152.461,152.461,152.461,2.0
2009-09-05 21:00:00+00:00,152.432,152.464,152.381,152.382,95.0
2009-09-06 21:00:00+00:00,152.418,153.272,151.608,152.185,53889.0
2009-09-07 21:00:00+00:00,152.19,152.932,151.342,152.232,91284.0
2009-09-08 21:00:00+00:00,152.22,153.032,151.668,152.302,87514.0
2009-09-09 21:00:00+00:00,152.298,153.136,151.932,152.773,90770.0
2009-09-10 21:00:00+00:00,152.788,152.925,150.508,151.099,98905.0
2009-09-11 21:00:00+00:00,151.116,151.151,151.116,151.135,8.0
2009-09-12 21:00:00+00:00,151.137,151.159,150.439,150.619,1758.0
2009-09-13 21:00:00+00:00,150.68,150.915,149.915,150.817,90219.0
2009-09-14 21:00:00+00:00,150.819,151.772,149.474,150.126,87548.0
2009-09-15 21:00:00+00:00,150.122,150.598,148.628,149.962,102021.0
2009-09-16 21:00:00+00:00,149.982,151.22,149.61,149.858,92481.0
2009-09-17 21:00:00+00:00,149.848,150.061,148.266,148.55,88134.0
2009-09-18 21:00:00+00:00,148.552,148.552,148.547,148.547,4.0
2009-09-19 21:00:00+00:00,148.413,148.518,148.15,148.181,357.0
2009-09-20 21:00:00+00:00,148.175,149.624,148.064,149.083,72290.0
2009-09-21 21:00:00+00:00,149.078,149.43,148.488,149.019,73744.0
2009-09-22 21:00:00+00:00,149.016,150.377,148.251,149.167,92436.0
2009-09-23 21:00:00+00:00,149.16,149.579,146.318,146.608,97973.0
2009-09-24 21:00:00+00:00,146.617,146.73,142.764,142.981,108805.0
2009-09-25 21:00:00+00:00,142.983,143.06,142.983,143.06,4.0
2009-09-26 21:00:00+00:00,143.066,143.464,143.003,143.017,921.0
2009-09-27 21:00:00+00:00,142.995,143.179,139.76,142.376,128877.0
2009-09-28 21:00:00+00:00,142.366,143.976,142.055,143.771,125296.0
2009-09-29 21:00:00+00:00,143.763,144.552,142.852,143.387,122144.0
2009-09-30 21:00:00+00:00,143.398,144.238,142.848,142.983,101425.0
2009-10-01 21:00:00+00:00,142.988,143.215,140.761,143.214,116270.0
2009-10-02 21:00:00+00:00,143.218,143.22,143.218,143.22,6.0
2009-10-03 21:00:00+00:00,143.3,143.532,142.409,142.499,2540.0
2009-10-04 21:00:00+00:00,142.515,143.995,142.378,142.694,82204.0
2009-10-05 21:00:00+00:00,142.69,143.251,140.973,141.432,98983.0
2009-10-06 21:00:00+00:00,141.429,142.032,139.722,141.497,117371.0
2009-10-07 21:00:00+00:00,141.49,142.555,140.99,142.056,102018.0
2009-10-08 21:00:00+00:00,142.06,143.126,141.676,142.262,114324.0
2009-10-09 21:00:00+00:00,142.252,142.252,142.202,142.202,3.0
2009-10-10 21:00:00+00:00,142.252,142.252,141.477,141.844,1276.0
2009-10-11 21:00:00+00:00,141.825,143.234,141.564,141.914,71793.0
2009-10-12 21:00:00+00:00,141.917,143.244,141.193,142.86,91069.0
2009-10-13 21:00:00+00:00,142.862,143.859,141.76,142.926,101621.0
2009-10-14 21:00:00+00:00,142.911,147.592,142.843,147.341,106729.0
2009-10-15 21:00:00+00:00,147.338,149.324,147.194,148.673,100133.0
2009-10-16 21:00:00+00:00,148.662,148.662,148.662,148.662,2.0
2009-10-17 21:00:00+00:00,148.754,148.789,148.071,148.342,2438.0
2009-10-18 21:00:00+00:00,148.344,149.16,147.096,148.705,87033.0
2009-10-19 21:00:00+00:00,148.7,149.404,147.521,148.694,91024.0
2009-10-20 21:00:00+00:00,148.692,151.566,148.456,151.089,97085.0
2009-10-21 21:00:00+00:00,151.086,151.982,150.587,151.75,91887.0
2009-10-22 21:00:00+00:00,151.758,153.248,149.988,150.119,95659.0
2009-10-23 21:00:00+00:00,150.097,150.097,150.097,150.097,1.0
2009-10-24 21:00:00+00:00,150.108,150.267,149.587,150.128,2021.0
2009-10-25 21:00:00+00:00,150.133,151.176,149.17,150.577,90734.0
2009-10-26 21:00:00+00:00,150.569,151.179,149.924,150.265,91154.0
2009-10-27 21:00:00+00:00,150.269,150.418,148.315,148.59,102959.0
2009-10-28 21:00:00+00:00,148.583,151.636,147.684,151.246,96523.0
2009-10-29 21:00:00+00:00,151.24,151.748,147.663,148.221,101943.0
2009-10-30 21:00:00+00:00,148.26,148.26,148.22,148.22,2.0
2009-10-31 21:00:00+00:00,148.027,148.051,146.907,147.138,3295.0
2009-11-01 22:00:00+00:00,147.108,148.944,145.81,148.022,107894.0
2009-11-02 22:00:00+00:00,148.02,148.588,146.39,148.463,89614.0
2009-11-03 22:00:00+00:00,148.477,151.345,147.824,150.202,93419.0
2009-11-04 22:00:00+00:00,150.19,150.61,148.556,150.432,99902.0
2009-11-05 22:00:00+00:00,150.436,150.788,148.439,149.309,96815.0
2009-11-06 22:00:00+00:00,149.317,149.321,149.317,149.321,2.0
2009-11-07 22:00:00+00:00,149.33,150.023,149.33,149.966,3093.0
2009-11-08 22:00:00+00:00,149.975,151.626,149.232,150.704,88281.0
2009-11-09 22:00:00+00:00,150.699,151.028,149.036,150.372,93405.0
2009-11-10 22:00:00+00:00,150.38,151.185,148.588,149.014,86879.0
2009-11-11 22:00:00+00:00,148.997,150.038,148.268,149.803,93440.0
2009-11-12 22:00:00+00:00,149.799,150.463,148.976,149.481,82987.0
2009-11-13 22:00:00+00:00,149.47,149.474,149.339,149.339,10.0
2009-11-14 22:00:00+00:00,149.339,150.158,149.339,149.716,2309.0
2009-11-15 22:00:00+00:00,149.679,150.392,149.138,149.781,81550.0
2009-11-16 22:00:00+00:00,149.818,150.243,149.369,150.059,89675.0
2009-11-17 22:00:00+00:00,150.062,150.35,149.408,149.596,74424.0
2009-11-18 22:00:00+00:00,149.588,149.7,147.342,148.305,84029.0
2009-11-19 22:00:00+00:00,148.303,148.42,146.456,146.667,78466.0
2009-11-20 22:00:00+00:00,146.672,146.722,146.672,146.719,6.0
2009-11-21 22:00:00+00:00,146.74,146.78,146.55,146.589,664.0
2009-11-22 22:00:00+00:00,146.585,148.24,146.341,147.75,61061.0
2009-11-23 22:00:00+00:00,147.746,147.95,146.25,146.81,71721.0
2009-11-24 22:00:00+00:00,146.72,147.68,145.658,145.929,77200.0
2009-11-25 22:00:00+00:00,145.92,146.234,142.572,143.126,85069.0
2009-11-26 22:00:00+00:00,143.155,143.502,139.31,142.786,138421.0
2009-11-27 22:00:00+00:00,142.772,142.842,142.772,142.842,4.0
2009-11-28 22:00:00+00:00,142.842,144.341,142.683,142.976,3913.0
2009-11-29 22:00:00+00:00,142.997,143.924,141.048,142.05,110598.0
2009-11-30 22:00:00+00:00,142.06,144.442,141.648,143.974,96793.0
2009-12-01 22:00:00+00:00,143.95,145.744,143.816,145.313,75966.0
2009-12-02 22:00:00+00:00,145.303,146.879,145.273,145.989,81472.0
2009-12-03 22:00:00+00:00,145.973,149.209,145.44,149.187,95856.0
2009-12-04 22:00:00+00:00,149.177,149.242,149.157,149.157,6.0
2009-12-05 22:00:00+00:00,148.969,148.969,148.153,148.156,2232.0
2009-12-06 22:00:00+00:00,148.158,148.846,146.642,147.213,93949.0
2009-12-07 22:00:00+00:00,147.211,147.245,143.614,144.031,93902.0
2009-12-08 22:00:00+00:00,144.038,144.354,142.02,142.89,114081.0
2009-12-09 22:00:00+00:00,142.876,144.41,142.502,143.578,93823.0
2009-12-10 22:00:00+00:00,143.574,145.67,143.568,144.903,91910.0
2009-12-11 22:00:00+00:00,144.906,144.909,144.855,144.855,6.0
2009-12-12 22:00:00+00:00,144.838,144.838,144.358,144.578,1176.0
2009-12-13 22:00:00+00:00,144.562,145.09,143.134,144.557,90442.0
2009-12-14 22:00:00+00:00,144.55,146.078,144.374,145.767,87189.0
2009-12-15 22:00:00+00:00,145.775,146.939,145.264,146.645,88243.0
2009-12-16 22:00:00+00:00,146.632,146.876,144.691,145.331,97427.0
2009-12-17 22:00:00+00:00,145.34,146.572,143.694,146.208,111913.0
2009-12-18 22:00:00+00:00,146.233,146.233,146.213,146.213,3.0
2009-12-19 22:00:00+00:00,146.136,146.209,145.332,145.51,1721.0
2009-12-20 22:00:00+00:00,145.519,146.492,145.482,146.242,71743.0
2009-12-21 22:00:00+00:00,146.237,147.072,146.034,146.551,79659.0
2009-12-22 22:00:00+00:00,146.532,146.742,145.783,146.221,61258.0
2009-12-23 22:00:00+00:00,146.202,146.465,145.702,146.167,47109.0
2009-12-24 22:00:00+00:00,146.177,146.444,145.637,145.798,11774.0
2009-12-26 22:00:00+00:00,145.898,146.2,145.893,146.185,155.0
2009-12-27 22:00:00+00:00,146.183,146.697,145.846,146.628,39866.0
2009-12-28 22:00:00+00:00,146.625,147.146,145.998,146.313,55764.0
2009-12-29 22:00:00+00:00,146.303,148.958,146.068,148.613,65744.0
2009-12-30 22:00:00+00:00,148.615,150.701,148.276,150.464,59324.0
2009-12-31 22:00:00+00:00,150.345,150.373,150.337,150.373,5.0
2010-01-02 22:00:00+00:00,150.358,150.361,149.769,149.814,1032.0
2010-01-03 22:00:00+00:00,149.81,150.721,148.663,148.793,94546.0
2010-01-04 22:00:00+00:00,148.791,149.158,146.146,146.652,103035.0
2010-01-05 22:00:00+00:00,146.654,148.462,146.004,147.881,102843.0
2010-01-06 22:00:00+00:00,147.879,148.774,147.068,148.75,102973.0
2010-01-07 22:00:00+00:00,148.752,149.494,148.058,148.466,109717.0
2010-01-08 22:00:00+00:00,148.363,148.463,148.363,148.463,3.0
2010-01-09 22:00:00+00:00,148.463,148.849,148.166,148.793,1234.0
2010-01-10 22:00:00+00:00,148.808,149.602,148.076,148.39,81671.0
2010-01-11 22:00:00+00:00,148.38,148.65,146.67,147.068,115376.0
2010-01-12 22:00:00+00:00,147.058,149.058,146.722,148.764,99379.0
2010-01-13 22:00:00+00:00,148.783,150.012,148.38,148.996,100093.0
2010-01-14 22:00:00+00:00,148.991,149.226,147.172,147.63,104793.0
2010-01-15 22:00:00+00:00,147.612,147.63,147.612,147.63,4.0
2010-01-16 22:00:00+00:00,147.683,147.739,147.409,147.599,1624.0
2010-01-17 22:00:00+00:00,147.58,148.914,147.528,148.369,69606.0
2010-01-18 22:00:00+00:00,148.373,149.476,148.006,149.138,101613.0
2010-01-19 22:00:00+00:00,149.131,149.272,147.582,148.64,106326.0
2010-01-20 22:00:00+00:00,148.637,149.105,146.09,146.457,119606.0
2010-01-21 22:00:00+00:00,146.459,147.234,144.617,144.742,132155.0
2010-01-22 22:00:00+00:00,144.659,144.666,144.659,144.666,2.0
2010-01-23 22:00:00+00:00,144.666,145.601,144.425,145.336,3442.0
2010-01-24 22:00:00+00:00,145.299,146.736,144.679,146.65,83030.0
2010-01-25 22:00:00+00:00,146.655,147.301,144.09,144.728,125345.0
2010-01-26 22:00:00+00:00,144.723,145.706,143.642,145.533,108444.0
2010-01-27 22:00:00+00:00,145.535,147.241,144.634,145.109,102573.0
2010-01-28 22:00:00+00:00,145.1,146.295,144.215,144.298,106739.0
2010-01-29 22:00:00+00:00,144.292,144.309,144.284,144.309,6.0
2010-01-30 22:00:00+00:00,144.299,144.299,143.183,143.359,3621.0
2010-01-31 22:00:00+00:00,143.338,144.88,143.068,144.594,87508.0
2010-02-01 22:00:00+00:00,144.59,145.198,143.862,144.375,75713.0
2010-02-02 22:00:00+00:00,144.378,145.298,144.224,144.598,80028.0
2010-02-03 22:00:00+00:00,144.595,144.792,139.356,140.295,103789.0
2010-02-04 22:00:00+00:00,140.262,141.432,138.264,139.592,144961.0
2010-02-05 22:00:00+00:00,139.783,139.788,139.783,139.788,3.0
2010-02-06 22:00:00+00:00,139.9,140.202,139.507,139.568,3002.0
2010-02-07 22:00:00+00:00,139.57,139.938,138.636,139.105,81273.0
2010-02-08 22:00:00+00:00,139.108,141.21,138.797,140.983,102615.0
2010-02-09 22:00:00+00:00,140.987,141.436,139.454,140.261,103143.0
2010-02-10 22:00:00+00:00,140.265,141.03,139.631,140.977,88385.0
2010-02-11 22:00:00+00:00,140.989,141.91,139.8,141.233,98415.0
2010-02-12 22:00:00+00:00,141.225,141.228,141.184,141.184,8.0
2010-02-13 22:00:00+00:00,141.181,141.382,141.083,141.346,1069.0
2010-02-14 22:00:00+00:00,141.33,141.395,140.718,140.958,44216.0
2010-02-15 22:00:00+00:00,140.952,142.588,140.738,142.346,68411.0
2010-02-16 22:00:00+00:00,142.349,143.63,142.11,143.017,87502.0
2010-02-17 22:00:00+00:00,143.02,143.092,140.983,142.594,96573.0
2010-02-18 22:00:00+00:00,142.581,142.716,140.901,141.603,103322.0
2010-02-19 22:00:00+00:00,141.653,141.653,141.603,141.609,4.0
2010-02-20 22:00:00+00:00,141.609,141.647,141.445,141.578,2140.0
2010-02-21 22:00:00+00:00,141.538,142.196,140.794,141.103,76270.0
2010-02-22 22:00:00+00:00,141.099,141.681,138.746,139.147,98249.0
2010-02-23 22:00:00+00:00,139.149,139.592,138.364,138.896,80699.0
2010-02-24 22:00:00+00:00,138.899,139.234,134.972,135.976,109444.0
2010-02-25 22:00:00+00:00,135.95,136.75,134.665,135.556,91452.0
2010-02-26 22:00:00+00:00,135.686,135.686,135.521,135.521,3.0
2010-02-27 22:00:00+00:00,135.521,135.521,134.654,134.678,3319.0
2010-02-28 22:00:00+00:00,134.684,135.513,132.032,133.602,99313.0
2010-03-01 22:00:00+00:00,133.605,133.764,132.492,133.021,95947.0
2010-03-02 22:00:00+00:00,133.017,134.028,132.751,133.576,98012.0
2010-03-03 22:00:00+00:00,133.578,134.836,132.584,133.818,91516.0
2010-03-04 22:00:00+00:00,133.84,137.064,133.78,136.669,81905.0
2010-03-05 22:00:00+00:00,136.665,136.671,136.601,136.601,10.0
2010-03-06 22:00:00+00:00,136.72,136.978,136.633,136.909,1263.0
2010-03-07 22:00:00+00:00,136.893,137.382,135.686,136.066,77867.0
2010-03-08 22:00:00+00:00,136.07,136.115,133.93,134.916,80005.0
2010-03-09 22:00:00+00:00,134.913,135.909,133.924,135.568,72296.0
2010-03-10 22:00:00+00:00,135.57,136.494,134.926,136.319,67408.0
2010-03-11 22:00:00+00:00,136.316,138.086,136.1,137.694,82157.0
2010-03-12 22:00:00+00:00,137.697,137.701,137.695,137.701,3.0
2010-03-13 22:00:00+00:00,137.701,138.239,137.686,137.865,1514.0
2010-03-14 21:00:00+00:00,137.868,137.956,135.818,136.305,68381.0
2010-03-15 21:00:00+00:00,136.32,137.87,135.186,137.648,88439.0
2010-03-16 21:00:00+00:00,137.653,139.366,137.116,138.397,85124.0
2010-03-17 21:00:00+00:00,138.401,138.58,137.032,137.771,86194.0
2010-03-18 21:00:00+00:00,137.767,138.102,135.642,135.938,70187.0
2010-03-19 21:00:00+00:00,135.948,135.964,135.948,135.964,2.0
2010-03-20 21:00:00+00:00,135.863,136.012,135.734,135.976,349.0
2010-03-21 21:00:00+00:00,135.972,136.218,134.558,136.112,72863.0
2010-03-22 21:00:00+00:00,136.121,136.546,135.244,136.034,70117.0
2010-03-23 21:00:00+00:00,136.03,137.448,135.512,137.217,101313.0
2010-03-24 21:00:00+00:00,137.22,138.142,136.666,137.352,101090.0
2010-03-25 21:00:00+00:00,137.343,138.056,137.068,137.828,80137.0
2010-03-26 21:00:00+00:00,137.782,137.837,137.782,137.837,2.0
2010-03-27 21:00:00+00:00,137.998,138.448,137.765,137.965,3293.0
2010-03-28 21:00:00+00:00,137.885,139.13,137.696,138.576,73132.0
2010-03-29 21:00:00+00:00,138.578,140.562,138.032,139.79,84843.0
2010-03-30 21:00:00+00:00,139.786,142.032,139.767,141.908,102517.0
2010-03-31 21:00:00+00:00,141.917,143.638,141.768,143.469,85634.0
2010-04-01 21:00:00+00:00,143.46,143.96,142.75,143.879,44771.0
2010-04-02 21:00:00+00:00,143.877,143.881,143.851,143.851,3.0
2010-04-03 21:00:00+00:00,143.851,144.825,143.778,144.724,1483.0
2010-04-04 21:00:00+00:00,144.699,144.915,143.772,144.331,39159.0
2010-04-05 21:00:00+00:00,144.34,144.438,142.088,143.185,78864.0
2010-04-06 21:00:00+00:00,143.19,143.866,141.802,142.285,83053.0
2010-04-07 21:00:00+00:00,142.263,142.812,140.97,142.684,82053.0
2010-04-08 21:00:00+00:00,142.682,144.33,142.602,143.214,75117.0
2010-04-09 21:00:00+00:00,143.317,143.317,143.242,143.242,2.0
2010-04-10 21:00:00+00:00,143.436,143.776,143.217,143.705,5467.0
2010-04-11 21:00:00+00:00,143.719,144.516,143.182,143.29,73738.0
2010-04-12 21:00:00+00:00,143.286,143.79,142.074,143.347,84966.0
2010-04-13 21:00:00+00:00,143.353,144.655,143.24,144.185,77408.0
2010-04-14 21:00:00+00:00,144.193,145.048,143.278,144.153,76920.0
2010-04-15 21:00:00+00:00,144.17,144.258,141.352,141.606,97093.0
2010-04-16 21:00:00+00:00,141.61,141.61,141.61,141.61,1.0
2010-04-17 21:00:00+00:00,141.5,141.5,140.324,140.324,2914.0
2010-04-18 21:00:00+00:00,140.353,141.772,139.388,141.72,84998.0
2010-04-19 21:00:00+00:00,141.725,143.546,141.56,143.166,74151.0
2010-04-20 21:00:00+00:00,143.163,144.172,142.634,143.606,87466.0
2010-04-21 21:00:00+00:00,143.604,144.192,142.446,143.765,94197.0
2010-04-22 21:00:00+00:00,143.792,144.774,143.104,144.494,102504.0
2010-04-23 21:00:00+00:00,144.507,144.567,144.507,144.507,3.0
2010-04-24 21:00:00+00:00,144.483,144.661,144.335,144.654,1469.0
2010-04-25 21:00:00+00:00,144.643,145.985,144.508,145.243,78704.0
2010-04-26 21:00:00+00:00,145.241,145.412,141.6,142.359,102060.0
2010-04-27 21:00:00+00:00,142.345,143.509,141.717,143.005,122611.0
2010-04-28 21:00:00+00:00,143.013,144.374,142.208,144.052,80480.0
2010-04-29 21:00:00+00:00,144.063,145.222,143.259,143.315,92709.0
2010-04-30 21:00:00+00:00,143.325,143.345,143.311,143.343,7.0
2010-05-01 21:00:00+00:00,143.643,143.884,143.123,143.843,2695.0
2010-05-02 21:00:00+00:00,143.911,144.641,142.996,144.137,59472.0
2010-05-03 21:00:00+00:00,144.119,144.92,142.613,143.16,97912.0
2010-05-04 21:00:00+00:00,143.163,144.052,141.222,141.669,112257.0
2010-05-05 21:00:00+00:00,141.678,142.312,129.783,134.399,214026.0
2010-05-06 21:00:00+00:00,134.39,138.212,133.141,135.596,329810.0
2010-05-07 21:00:00+00:00,135.605,135.605,135.476,135.476,14.0
2010-05-08 21:00:00+00:00,135.476,137.823,135.476,137.56,4593.0
2010-05-09 21:00:00+00:00,137.553,140.583,135.756,138.515,211931.0
2010-05-10 21:00:00+00:00,138.499,139.678,135.913,138.553,172540.0
2010-05-11 21:00:00+00:00,138.561,139.842,137.418,138.218,136488.0
2010-05-12 21:00:00+00:00,138.221,139.534,135.315,135.536,118487.0
2010-05-13 21:00:00+00:00,135.53,136.056,133.214,134.407,153739.0
2010-05-14 21:00:00+00:00,134.375,134.39,134.366,134.39,6.0
2010-05-15 21:00:00+00:00,134.466,134.466,133.879,133.892,909.0
2010-05-16 21:00:00+00:00,133.89,134.357,131.106,134.015,163427.0
2010-05-17 21:00:00+00:00,134.025,134.815,131.82,132.22,144593.0
2010-05-18 21:00:00+00:00,132.222,132.594,129.755,132.457,214782.0
2010-05-19 21:00:00+00:00,132.455,132.811,126.726,128.809,227591.0
2010-05-20 21:00:00+00:00,128.862,130.824,127.753,130.135,240842.0
2010-05-21 21:00:00+00:00,130.133,130.329,130.106,130.329,4.0
2010-05-22 21:00:00+00:00,130.633,131.363,130.545,130.615,2142.0
2010-05-23 21:00:00+00:00,130.609,131.394,129.14,130.245,137843.0
2010-05-24 21:00:00+00:00,130.255,130.257,127.656,130.0,169153.0
2010-05-25 21:00:00+00:00,129.993,130.613,129.078,129.389,146408.0
2010-05-26 21:00:00+00:00,129.41,132.98,129.104,132.759,153380.0
2010-05-27 21:00:00+00:00,132.756,133.244,130.888,131.655,127301.0
2010-05-28 21:00:00+00:00,131.586,131.586,131.586,131.586,1.0
2010-05-29 21:00:00+00:00,131.488,132.538,130.442,131.124,1796.0
2010-05-30 21:00:00+00:00,131.09,132.94,131.029,132.678,67186.0
2010-05-31 21:00:00+00:00,132.674,134.478,130.81,133.23,137016.0
2010-06-01 21:00:00+00:00,133.237,135.428,133.048,134.986,144052.0
2010-06-02 21:00:00+00:00,134.99,136.432,134.566,135.486,114966.0
2010-06-03 21:00:00+00:00,135.481,136.27,132.156,132.854,124197.0
2010-06-04 21:00:00+00:00,132.943,132.943,132.901,132.901,7.0
2010-06-05 21:00:00+00:00,132.901,133.18,132.006,132.216,2396.0
2010-06-06 21:00:00+00:00,132.219,133.866,131.104,132.192,142177.0
2010-06-07 21:00:00+00:00,132.178,133.406,130.424,132.329,132636.0
2010-06-08 21:00:00+00:00,132.332,133.784,131.436,132.637,110640.0
2010-06-09 21:00:00+00:00,132.633,134.444,132.252,134.394,124153.0
2010-06-10 21:00:00+00:00,134.421,135.163,132.69,133.362,118048.0
2010-06-12 21:00:00+00:00,133.355,133.958,133.355,133.928,2058.0
2010-06-13 21:00:00+00:00,133.932,135.895,133.42,135.006,95620.0
2010-06-14 21:00:00+00:00,135.003,135.676,133.941,135.4,104201.0
2010-06-15 21:00:00+00:00,135.406,135.982,134.534,134.699,93911.0
2010-06-16 21:00:00+00:00,134.703,135.498,133.542,134.909,101269.0
2010-06-17 21:00:00+00:00,134.906,135.204,134.01,134.459,72019.0
2010-06-18 21:00:00+00:00,134.422,134.436,134.422,134.436,2.0
2010-06-19 21:00:00+00:00,134.436,134.684,133.522,134.177,4423.0
2010-06-20 21:00:00+00:00,134.188,136.028,133.973,134.449,97670.0
2010-06-21 21:00:00+00:00,134.451,134.784,133.094,134.18,94993.0
2010-06-22 21:00:00+00:00,134.183,134.987,133.702,134.339,99253.0
2010-06-23 21:00:00+00:00,134.335,134.874,133.472,133.834,92990.0
2010-06-24 21:00:00+00:00,133.863,134.62,133.115,134.344,93880.0
2010-06-25 21:00:00+00:00,134.412,134.426,134.395,134.426,3.0
2010-06-26 21:00:00+00:00,134.413,134.57,134.407,134.539,362.0
2010-06-27 21:00:00+00:00,134.556,135.268,134.208,134.997,72177.0
2010-06-28 21:00:00+00:00,134.989,135.15,132.832,133.48,102207.0
2010-06-29 21:00:00+00:00,133.486,133.612,132.005,132.161,103199.0
2010-06-30 21:00:00+00:00,132.28,133.091,131.294,132.938,126816.0
2010-07-01 21:00:00+00:00,132.94,133.911,132.714,133.335,104840.0
2010-07-03 21:00:00+00:00,133.506,133.506,133.267,133.335,96.0
2010-07-04 21:00:00+00:00,133.328,133.67,132.39,132.84,46855.0
2010-07-05 21:00:00+00:00,132.843,133.684,131.88,132.599,90615.0
2010-07-06 21:00:00+00:00,132.595,133.362,131.262,133.21,87761.0
2010-07-07 21:00:00+00:00,133.205,134.602,133.027,134.001,88466.0
2010-07-08 21:00:00+00:00,133.999,134.656,133.242,133.466,72867.0
2010-07-09 21:00:00+00:00,133.508,133.508,133.496,133.496,2.0
2010-07-10 21:00:00+00:00,133.522,133.839,133.494,133.825,1142.0
2010-07-11 21:00:00+00:00,133.828,134.002,132.574,133.184,68754.0
2010-07-12 21:00:00+00:00,133.196,134.701,132.442,134.671,84084.0
2010-07-13 21:00:00+00:00,134.666,135.838,134.312,134.976,87007.0
2010-07-14 21:00:00+00:00,134.992,135.558,133.998,135.116,98193.0
2010-07-15 21:00:00+00:00,135.046,135.23,132.038,132.47,88183.0
2010-07-16 21:00:00+00:00,132.472,132.536,132.428,132.536,39.0
2010-07-17 21:00:00+00:00,132.32,132.385,132.112,132.173,577.0
2010-07-18 21:00:00+00:00,132.18,133.45,131.797,132.03,69455.0
2010-07-19 21:00:00+00:00,132.037,133.761,131.491,133.564,80532.0
2010-07-20 21:00:00+00:00,133.569,133.744,131.594,132.001,95802.0
2010-07-21 21:00:00+00:00,132.004,133.26,130.844,132.671,88881.0
2010-07-22 21:00:00+00:00,132.646,135.022,132.442,134.863,104423.0
2010-07-23 21:00:00+00:00,134.928,135.058,134.865,134.974,18.0
2010-07-24 21:00:00+00:00,134.918,135.196,134.86,134.887,1869.0
2010-07-25 21:00:00+00:00,134.874,135.592,134.414,134.575,72243.0
2010-07-26 21:00:00+00:00,134.58,137.23,134.46,137.075,80859.0
2010-07-27 21:00:00+00:00,137.071,137.554,135.886,136.433,86629.0
2010-07-28 21:00:00+00:00,136.429,136.892,134.988,135.507,81970.0
2010-07-29 21:00:00+00:00,135.505,136.06,134.206,135.663,95332.0
2010-07-30 21:00:00+00:00,135.659,135.659,135.623,135.646,4.0
2010-07-31 21:00:00+00:00,135.885,135.885,135.396,135.67,495.0
2010-08-01 21:00:00+00:00,135.66,137.687,135.531,137.42,72233.0
2010-08-02 21:00:00+00:00,137.415,137.786,136.34,136.85,74830.0
2010-08-03 21:00:00+00:00,136.852,137.232,135.856,137.025,77885.0
2010-08-04 21:00:00+00:00,137.038,137.502,135.788,136.429,75343.0
2010-08-05 21:00:00+00:00,136.433,137.066,135.484,136.323,76422.0
2010-08-06 21:00:00+00:00,136.342,136.342,136.342,136.342,1.0
2010-08-07 21:00:00+00:00,136.359,136.385,136.173,136.338,539.0
2010-08-08 21:00:00+00:00,136.332,137.0,136.216,136.567,51358.0
2010-08-09 21:00:00+00:00,136.57,136.748,134.948,135.444,87593.0
2010-08-10 21:00:00+00:00,135.44,135.54,132.81,133.598,100769.0
2010-08-11 21:00:00+00:00,133.6,134.702,133.004,133.825,97938.0
2010-08-12 21:00:00+00:00,133.832,134.828,133.366,134.364,80258.0
2010-08-13 21:00:00+00:00,134.359,134.39,134.359,134.39,4.0
2010-08-14 21:00:00+00:00,134.392,134.645,134.376,134.527,914.0
2010-08-15 21:00:00+00:00,134.515,134.566,133.184,133.655,70618.0
2010-08-16 21:00:00+00:00,133.653,133.946,133.072,133.302,75959.0
2010-08-17 21:00:00+00:00,133.313,133.749,132.458,133.265,67447.0
2010-08-18 21:00:00+00:00,133.255,134.06,132.802,133.231,81351.0
2010-08-19 21:00:00+00:00,133.26,133.348,131.992,132.982,66012.0
2010-08-20 21:00:00+00:00,132.995,133.005,132.995,133.005,3.0
2010-08-21 21:00:00+00:00,132.955,133.155,132.643,132.942,1220.0
2010-08-22 21:00:00+00:00,132.945,133.348,132.03,132.101,63591.0
2010-08-23 21:00:00+00:00,132.113,132.124,128.792,129.187,107166.0
2010-08-24 21:00:00+00:00,129.183,131.046,129.158,130.745,87657.0
2010-08-25 21:00:00+00:00,130.755,132.032,130.736,131.134,73124.0
2010-08-26 21:00:00+00:00,131.141,132.562,130.454,132.354,84354.0
2010-08-28 21:00:00+00:00,132.379,132.721,132.291,132.52,1641.0
2010-08-29 21:00:00+00:00,132.503,133.63,130.656,130.827,63071.0
2010-08-30 21:00:00+00:00,130.832,130.974,128.664,129.223,78577.0
2010-08-31 21:00:00+00:00,129.307,130.942,128.811,130.496,77742.0
2010-09-01 21:00:00+00:00,130.488,130.61,129.177,129.784,67848.0
2010-09-02 21:00:00+00:00,129.78,131.681,129.664,130.264,62820.0
2010-09-03 21:00:00+00:00,130.266,130.266,130.261,130.263,4.0
2010-09-04 21:00:00+00:00,130.155,130.252,129.813,129.864,2163.0
2010-09-05 21:00:00+00:00,129.871,130.664,129.262,129.624,37441.0
2010-09-06 21:00:00+00:00,129.627,129.66,127.916,128.753,73246.0
2010-09-07 21:00:00+00:00,128.75,130.334,128.076,129.765,77115.0
2010-09-08 21:00:00+00:00,129.751,129.992,128.578,129.266,66326.0
2010-09-09 21:00:00+00:00,129.263,130.064,129.008,129.237,68308.0
2010-09-10 21:00:00+00:00,129.239,129.279,129.205,129.205,11.0
2010-09-11 21:00:00+00:00,129.147,129.816,129.147,129.383,2101.0
2010-09-12 21:00:00+00:00,129.398,130.12,128.784,129.149,56575.0
2010-09-13 21:00:00+00:00,129.136,129.44,127.656,129.037,77978.0
2010-09-14 21:00:00+00:00,129.044,134.086,128.568,133.962,122990.0
2010-09-15 21:00:00+00:00,133.959,134.272,132.985,134.02,82901.0
2010-09-16 21:00:00+00:00,134.018,135.059,133.68,134.204,76934.0
2010-09-17 21:00:00+00:00,134.213,134.243,134.213,134.24,6.0
2010-09-18 21:00:00+00:00,134.209,134.29,133.853,134.234,1174.0
2010-09-19 21:00:00+00:00,134.26,134.458,133.215,133.215,53125.0
2010-09-20 21:00:00+00:00,133.211,133.452,132.352,132.93,80083.0
2010-09-21 21:00:00+00:00,132.937,133.412,131.73,132.35,92266.0
2010-09-22 21:00:00+00:00,132.355,132.792,131.836,132.351,75658.0
2010-09-23 21:00:00+00:00,132.318,133.782,132.174,133.258,100242.0
2010-09-24 21:00:00+00:00,133.269,133.269,133.269,133.269,1.0
2010-09-25 21:00:00+00:00,133.305,133.509,133.165,133.285,728.0
2010-09-26 21:00:00+00:00,133.283,133.681,132.945,133.414,60890.0
2010-09-27 21:00:00+00:00,133.41,133.771,131.954,132.538,83432.0
2010-09-28 21:00:00+00:00,132.535,132.946,131.845,132.126,72356.0
2010-09-29 21:00:00+00:00,132.132,132.748,130.872,131.264,99583.0
2010-09-30 21:00:00+00:00,131.281,132.098,131.128,131.654,78165.0
2010-10-01 21:00:00+00:00,131.657,131.657,131.657,131.657,1.0
2010-10-02 21:00:00+00:00,131.796,131.881,131.269,131.553,1933.0
2010-10-03 21:00:00+00:00,131.548,132.4,131.176,131.95,69386.0
2010-10-04 21:00:00+00:00,131.941,133.028,131.888,132.232,85917.0
2010-10-05 21:00:00+00:00,132.239,132.45,131.455,131.787,72788.0
2010-10-06 21:00:00+00:00,131.755,131.901,130.48,130.846,84194.0
2010-10-07 21:00:00+00:00,130.855,131.101,130.087,130.776,83989.0
2010-10-08 21:00:00+00:00,130.784,130.784,130.784,130.784,1.0
2010-10-09 21:00:00+00:00,130.827,131.329,130.596,130.729,1895.0
2010-10-10 21:00:00+00:00,130.74,131.023,129.872,130.338,49006.0
2010-10-11 21:00:00+00:00,130.341,130.758,128.99,129.191,81390.0
2010-10-12 21:00:00+00:00,129.195,130.174,129.019,130.046,71631.0
2010-10-13 21:00:00+00:00,130.01,130.52,129.674,130.452,85370.0
2010-10-14 21:00:00+00:00,130.458,130.726,130.022,130.246,75689.0
2010-10-16 21:00:00+00:00,130.199,130.284,129.511,130.041,2392.0
2010-10-17 21:00:00+00:00,130.053,130.254,128.698,129.022,68587.0
2010-10-18 21:00:00+00:00,129.012,129.418,127.786,128.129,87736.0
2010-10-19 21:00:00+00:00,128.132,128.786,127.372,128.52,71867.0
2010-10-20 21:00:00+00:00,128.525,129.244,127.508,127.726,81200.0
2010-10-21 21:00:00+00:00,127.729,127.928,127.096,127.595,59538.0
2010-10-23 21:00:00+00:00,127.795,127.795,127.189,127.438,1743.0
2010-10-24 21:00:00+00:00,127.431,127.764,126.458,127.068,66962.0
2010-10-25 21:00:00+00:00,127.073,129.16,126.83,129.038,87125.0
2010-10-26 21:00:00+00:00,129.043,129.606,128.54,128.924,94182.0
2010-10-27 21:00:00+00:00,128.937,129.384,128.092,129.198,75347.0
2010-10-28 21:00:00+00:00,129.202,129.31,127.986,128.965,84699.0
2010-10-29 21:00:00+00:00,128.944,128.954,128.923,128.923,4.0
2010-10-30 21:00:00+00:00,128.868,129.029,128.657,128.866,1727.0
2010-10-31 21:00:00+00:00,128.88,130.414,128.782,129.098,73922.0
2010-11-01 21:00:00+00:00,129.104,129.682,128.968,129.328,69207.0
2010-11-02 21:00:00+00:00,129.353,131.259,129.042,130.387,92309.0
2010-11-03 21:00:00+00:00,130.372,131.524,130.13,131.356,81947.0
2010-11-04 21:00:00+00:00,131.348,132.024,130.503,131.512,86629.0
2010-11-05 21:00:00+00:00,131.529,131.536,131.529,131.536,3.0
2010-11-06 21:00:00+00:00,131.466,131.795,131.466,131.584,1246.0
2010-11-07 22:00:00+00:00,131.575,131.637,130.545,131.026,72269.0
2010-11-08 22:00:00+00:00,131.024,131.103,129.844,130.585,95247.0
2010-11-09 22:00:00+00:00,130.582,133.1,130.378,132.647,121154.0
2010-11-10 22:00:00+00:00,132.649,133.262,132.264,132.997,86079.0
2010-11-11 22:00:00+00:00,133.0,133.578,130.99,132.975,120277.0
2010-11-13 22:00:00+00:00,132.893,133.247,132.739,133.193,2279.0
2010-11-14 22:00:00+00:00,133.198,133.795,132.916,133.366,96979.0
2010-11-15 22:00:00+00:00,133.368,133.778,132.192,132.304,99746.0
2010-11-16 22:00:00+00:00,132.312,132.988,132.236,132.325,71968.0
2010-11-17 22:00:00+00:00,132.343,134.226,132.238,133.978,82657.0
2010-11-18 22:00:00+00:00,133.988,134.218,133.055,133.504,68777.0
2010-11-19 22:00:00+00:00,133.498,133.498,133.498,133.498,1.0
2010-11-20 22:00:00+00:00,133.516,133.571,133.22,133.466,3183.0
2010-11-21 22:00:00+00:00,133.468,134.204,132.636,132.974,76649.0
2010-11-22 22:00:00+00:00,132.958,133.386,130.854,131.183,95520.0
2010-11-23 22:00:00+00:00,131.174,132.008,130.856,131.755,91904.0
2010-11-24 22:00:00+00:00,131.751,132.044,131.38,131.757,56521.0
2010-11-25 22:00:00+00:00,131.753,132.12,130.963,131.137,72975.0
2010-11-26 22:00:00+00:00,131.114,131.114,131.003,131.003,2.0
2010-11-27 22:00:00+00:00,131.073,131.287,130.698,131.096,4249.0
2010-11-28 22:00:00+00:00,131.089,131.384,130.853,131.214,80543.0
2010-11-29 22:00:00+00:00,131.219,131.29,129.36,130.235,94436.0
2010-11-30 22:00:00+00:00,130.231,131.623,129.932,131.526,93068.0
2010-12-01 22:00:00+00:00,131.534,131.77,130.196,130.765,87299.0
2010-12-02 22:00:00+00:00,130.756,131.08,129.456,130.217,89638.0
2010-12-03 22:00:00+00:00,130.214,130.214,130.214,130.214,1.0
2010-12-04 22:00:00+00:00,130.238,130.411,130.15,130.269,898.0
2010-12-05 22:00:00+00:00,130.292,130.634,129.546,129.901,63448.0
2010-12-06 22:00:00+00:00,129.858,131.802,129.548,131.564,81774.0
2010-12-07 22:00:00+00:00,131.553,133.023,131.35,132.793,86545.0
2010-12-08 22:00:00+00:00,132.798,132.924,131.754,132.066,75566.0
2010-12-09 22:00:00+00:00,132.075,132.811,131.952,132.654,58546.0
2010-12-11 22:00:00+00:00,132.651,132.792,132.241,132.711,1290.0
2010-12-12 22:00:00+00:00,132.72,133.062,131.814,132.276,70156.0
2010-12-13 22:00:00+00:00,132.271,132.682,131.303,131.976,79134.0
2010-12-14 22:00:00+00:00,131.973,132.312,130.782,130.953,92343.0
2010-12-15 22:00:00+00:00,130.947,131.646,130.868,131.178,72485.0
2010-12-16 22:00:00+00:00,131.176,131.418,130.02,130.459,64231.0
2010-12-17 22:00:00+00:00,130.456,130.456,130.439,130.444,3.0
2010-12-18 22:00:00+00:00,130.303,130.432,130.108,130.247,1052.0
2010-12-19 22:00:00+00:00,130.253,130.496,129.58,129.959,57864.0
2010-12-20 22:00:00+00:00,129.957,130.33,129.271,129.549,56857.0
2010-12-21 22:00:00+00:00,129.547,129.718,128.34,128.577,58502.0
2010-12-22 22:00:00+00:00,128.575,128.762,127.468,127.908,48347.0
2010-12-23 22:00:00+00:00,127.906,128.442,127.827,128.003,31651.0
2010-12-24 22:00:00+00:00,127.99,127.99,127.956,127.984,6.0
2010-12-25 22:00:00+00:00,127.939,128.046,127.72,127.87,733.0
2010-12-26 22:00:00+00:00,127.854,128.044,127.404,127.72,36271.0
2010-12-27 22:00:00+00:00,127.7,128.052,126.129,126.602,51365.0
2010-12-28 22:00:00+00:00,126.599,126.817,126.118,126.503,49946.0
2010-12-29 22:00:00+00:00,126.508,126.708,125.51,125.772,48240.0
2010-12-30 22:00:00+00:00,125.765,127.026,125.713,126.663,43972.0
2010-12-31 22:00:00+00:00,126.67,126.734,126.652,126.718,6.0
2011-01-01 22:00:00+00:00,126.763,126.918,126.296,126.452,1388.0
2011-01-02 22:00:00+00:00,126.449,126.612,125.776,126.607,39156.0
2011-01-03 22:00:00+00:00,126.605,128.604,126.358,127.865,71693.0
2011-01-04 22:00:00+00:00,127.859,129.245,127.462,129.16,86185.0
2011-01-05 22:00:00+00:00,129.164,129.308,128.435,128.932,81926.0
2011-01-06 22:00:00+00:00,128.935,129.443,128.477,129.278,94462.0
2011-01-08 22:00:00+00:00,129.323,129.444,128.974,129.192,3102.0
2011-01-09 22:00:00+00:00,129.197,129.366,128.322,128.803,66380.0
2011-01-10 22:00:00+00:00,128.813,130.371,128.753,129.846,71539.0
2011-01-11 22:00:00+00:00,129.852,131.156,129.618,130.823,77354.0
2011-01-12 22:00:00+00:00,130.819,131.43,130.505,131.155,84327.0
2011-01-13 22:00:00+00:00,131.143,131.888,130.458,131.498,84992.0
2011-01-14 22:00:00+00:00,131.506,131.506,131.506,131.506,1.0
2011-01-15 22:00:00+00:00,131.47,131.59,131.228,131.359,1581.0
2011-01-16 22:00:00+00:00,131.368,131.711,130.993,131.352,50800.0
2011-01-17 22:00:00+00:00,131.337,132.518,131.301,131.783,73650.0
2011-01-18 22:00:00+00:00,131.779,132.168,130.84,131.194,71424.0
2011-01-19 22:00:00+00:00,131.201,132.136,130.688,131.95,83730.0
2011-01-20 22:00:00+00:00,131.953,132.352,131.491,132.109,73644.0
2011-01-21 22:00:00+00:00,132.102,132.117,132.099,132.11,19.0
2011-01-22 22:00:00+00:00,132.11,132.29,131.964,132.134,2655.0
2011-01-23 22:00:00+00:00,132.144,132.352,131.704,131.935,65172.0
2011-01-24 22:00:00+00:00,131.951,132.047,129.644,130.092,90303.0
2011-01-25 22:00:00+00:00,130.095,131.1,129.524,130.941,76879.0
2011-01-26 22:00:00+00:00,130.945,132.673,130.584,132.062,90530.0
2011-01-27 22:00:00+00:00,132.072,132.108,129.818,130.251,77792.0
2011-01-28 22:00:00+00:00,130.227,130.259,130.212,130.212,20.0
2011-01-29 22:00:00+00:00,130.212,130.227,129.657,129.962,3390.0
2011-01-30 22:00:00+00:00,129.964,131.604,129.849,131.381,63957.0
2011-01-31 22:00:00+00:00,131.378,131.998,130.948,131.328,72264.0
2011-02-01 22:00:00+00:00,131.326,132.324,131.247,132.061,65267.0
2011-02-02 22:00:00+00:00,132.07,132.949,131.472,131.713,65024.0
2011-02-03 22:00:00+00:00,131.71,132.766,130.875,132.407,62903.0
2011-02-04 22:00:00+00:00,132.399,132.423,132.399,132.415,5.0
2011-02-05 22:00:00+00:00,132.415,132.5,132.164,132.309,1827.0
2011-02-06 22:00:00+00:00,132.306,133.266,132.248,132.63,54321.0
2011-02-07 22:00:00+00:00,132.627,132.92,131.579,132.347,62642.0
2011-02-08 22:00:00+00:00,132.344,133.003,132.114,132.61,61880.0
2011-02-09 22:00:00+00:00,132.607,134.262,132.499,133.977,68116.0
2011-02-10 22:00:00+00:00,133.975,134.23,133.262,133.543,55017.0
2011-02-11 22:00:00+00:00,133.546,133.546,133.546,133.546,12.0
2011-02-12 22:00:00+00:00,133.546,133.685,133.44,133.464,1999.0
2011-02-13 22:00:00+00:00,133.468,133.778,133.19,133.642,55153.0
2011-02-14 22:00:00+00:00,133.64,135.461,133.509,135.09,67224.0
2011-02-15 22:00:00+00:00,135.095,135.47,134.188,134.68,71995.0
2011-02-16 22:00:00+00:00,134.677,134.983,134.364,134.742,62055.0
2011-02-17 22:00:00+00:00,134.739,135.524,134.462,135.197,57854.0
2011-02-18 22:00:00+00:00,135.197,135.197,135.197,135.197,11.0
2011-02-19 22:00:00+00:00,135.197,135.197,134.996,135.099,1107.0
2011-02-20 22:00:00+00:00,135.102,135.204,134.707,134.911,33847.0
2011-02-21 22:00:00+00:00,134.909,135.479,133.266,133.562,76963.0
2011-02-22 22:00:00+00:00,133.568,134.651,133.378,133.764,64584.0
2011-02-23 22:00:00+00:00,133.769,133.878,131.51,132.159,70751.0
2011-02-24 22:00:00+00:00,132.163,132.482,131.133,131.66,55039.0
2011-02-25 22:00:00+00:00,131.663,131.663,131.644,131.647,8.0
2011-02-26 22:00:00+00:00,131.647,131.733,131.541,131.616,353.0
2011-02-27 22:00:00+00:00,131.66,133.329,131.282,132.955,57634.0
2011-02-28 22:00:00+00:00,132.959,134.144,132.952,133.162,61603.0
2011-03-01 22:00:00+00:00,133.16,133.78,132.834,133.665,52228.0
2011-03-02 22:00:00+00:00,133.671,134.203,132.947,134.197,53969.0
2011-03-03 22:00:00+00:00,134.195,135.235,133.664,133.91,54971.0
2011-03-04 22:00:00+00:00,133.905,133.91,133.905,133.91,8.0
2011-03-05 22:00:00+00:00,133.91,134.095,133.763,134.022,886.0
2011-03-06 22:00:00+00:00,134.019,134.083,132.935,133.24,43629.0
2011-03-07 22:00:00+00:00,133.237,133.796,133.128,133.596,47555.0
2011-03-08 22:00:00+00:00,133.6,134.296,133.573,134.063,45745.0
2011-03-09 22:00:00+00:00,134.059,134.363,132.924,133.273,61709.0
2011-03-10 22:00:00+00:00,133.268,133.746,130.878,131.672,77315.0
2011-03-11 22:00:00+00:00,131.669,131.669,131.63,131.63,17.0
2011-03-12 22:00:00+00:00,131.63,132.147,131.365,131.365,5907.0
2011-03-13 21:00:00+00:00,131.367,132.409,129.696,132.016,96992.0
2011-03-14 21:00:00+00:00,132.019,132.564,129.191,129.786,115342.0
2011-03-15 21:00:00+00:00,129.79,130.542,127.47,127.552,100126.0
2011-03-16 21:00:00+00:00,127.554,128.043,122.724,127.295,170329.0
2011-03-17 21:00:00+00:00,127.301,132.512,127.189,130.808,155538.0
2011-03-18 21:00:00+00:00,130.818,130.831,130.818,130.831,16.0
2011-03-19 21:00:00+00:00,130.831,131.439,130.831,131.333,1758.0
2011-03-20 21:00:00+00:00,131.33,132.344,130.939,132.163,58620.0
2011-03-21 21:00:00+00:00,132.148,132.997,131.794,132.485,51950.0
2011-03-22 21:00:00+00:00,132.504,132.71,131.158,131.365,59608.0
2011-03-23 21:00:00+00:00,131.36,131.712,130.246,130.545,52733.0
2011-03-24 21:00:00+00:00,130.542,131.074,130.194,130.466,53987.0
2011-03-25 21:00:00+00:00,130.466,130.466,130.466,130.466,12.0
2011-03-26 21:00:00+00:00,130.466,130.554,130.234,130.265,2491.0
2011-03-27 21:00:00+00:00,130.277,131.092,130.158,130.653,48533.0
2011-03-28 21:00:00+00:00,130.65,132.065,130.324,132.052,55143.0
2011-03-29 21:00:00+00:00,132.054,133.632,131.832,133.225,56613.0
2011-03-30 21:00:00+00:00,133.223,133.85,132.478,133.236,57320.0
2011-03-31 21:00:00+00:00,133.238,135.832,133.238,135.401,62028.0
2011-04-01 21:00:00+00:00,135.401,135.401,135.401,135.401,12.0
2011-04-02 21:00:00+00:00,135.401,135.685,135.386,135.616,1028.0
2011-04-03 21:00:00+00:00,135.618,136.134,135.202,135.601,48349.0
2011-04-04 21:00:00+00:00,135.608,138.315,135.544,138.301,60866.0
2011-04-05 21:00:00+00:00,138.298,139.696,138.125,139.622,68591.0
2011-04-06 21:00:00+00:00,139.618,139.638,137.902,138.602,75856.0
2011-04-07 21:00:00+00:00,138.606,140.029,138.447,138.88,66213.0
2011-04-08 21:00:00+00:00,138.878,138.883,138.832,138.834,21.0
2011-04-09 21:00:00+00:00,138.834,139.46,138.834,138.967,1301.0
2011-04-10 21:00:00+00:00,138.973,139.564,138.017,138.283,56865.0
2011-04-11 21:00:00+00:00,138.279,138.594,135.755,135.873,101737.0
2011-04-12 21:00:00+00:00,135.864,137.222,135.724,136.394,73923.0
2011-04-13 21:00:00+00:00,136.392,136.773,135.302,136.536,88800.0
2011-04-14 21:00:00+00:00,136.531,137.058,135.294,135.731,62832.0
2011-04-15 21:00:00+00:00,135.731,135.731,135.731,135.731,12.0
2011-04-16 21:00:00+00:00,135.731,135.794,135.485,135.732,247.0
2011-04-17 21:00:00+00:00,135.738,135.89,133.003,134.452,81332.0
2011-04-18 21:00:00+00:00,134.449,134.844,133.784,134.739,66167.0
2011-04-19 21:00:00+00:00,134.737,135.832,134.675,135.469,75773.0
2011-04-20 21:00:00+00:00,135.474,135.964,134.708,135.242,69869.0
2011-04-21 21:00:00+00:00,135.239,135.765,134.81,135.145,30968.0
2011-04-22 21:00:00+00:00,135.145,135.145,135.145,135.145,12.0
2011-04-23 21:00:00+00:00,135.145,135.265,135.136,135.254,148.0
2011-04-24 21:00:00+00:00,135.258,135.957,134.726,135.007,42939.0
2011-04-25 21:00:00+00:00,135.012,135.178,134.262,134.415,57303.0
2011-04-26 21:00:00+00:00,134.413,136.693,134.094,136.584,74712.0
2011-04-27 21:00:00+00:00,136.594,137.056,135.532,135.599,80188.0
2011-04-28 21:00:00+00:00,135.595,136.026,135.199,135.682,39099.0
2011-04-29 21:00:00+00:00,135.682,135.682,135.682,135.682,4.0
2011-04-30 21:00:00+00:00,135.682,135.682,135.682,135.682,13.0
2011-05-01 21:00:00+00:00,135.515,136.118,135.125,135.267,61214.0
2011-05-02 21:00:00+00:00,135.264,135.377,132.946,133.43,61656.0
2011-05-03 21:00:00+00:00,133.437,134.268,132.77,132.914,65947.0
2011-05-04 21:00:00+00:00,132.92,133.212,130.918,131.228,86072.0
2011-05-05 21:00:00+00:00,131.231,132.845,131.21,131.965,119404.0
2011-05-06 21:00:00+00:00,131.965,131.965,131.965,131.965,12.0
2011-05-07 21:00:00+00:00,131.965,132.263,131.828,131.887,1568.0
2011-05-08 21:00:00+00:00,131.89,132.433,131.244,131.825,71440.0
2011-05-09 21:00:00+00:00,131.822,132.507,131.472,132.383,73203.0
2011-05-10 21:00:00+00:00,132.39,134.064,131.83,132.481,80775.0
2011-05-11 21:00:00+00:00,132.483,133.182,131.23,131.864,79041.0
2011-05-12 21:00:00+00:00,131.868,132.037,130.286,130.869,77308.0
2011-05-13 21:00:00+00:00,130.869,130.869,130.869,130.869,12.0
2011-05-14 21:00:00+00:00,130.869,131.217,130.782,131.112,1060.0
2011-05-15 21:00:00+00:00,131.115,131.506,130.42,130.811,69565.0
2011-05-16 21:00:00+00:00,130.815,133.2,130.756,132.31,81950.0
2011-05-17 21:00:00+00:00,132.313,132.524,130.78,132.059,82527.0
2011-05-18 21:00:00+00:00,132.057,132.98,131.861,132.51,73987.0
2011-05-19 21:00:00+00:00,132.507,132.992,132.132,132.633,66826.0
2011-05-20 21:00:00+00:00,132.633,132.633,132.633,132.633,12.0
2011-05-21 21:00:00+00:00,132.633,132.84,132.633,132.719,643.0
2011-05-22 21:00:00+00:00,132.725,132.937,131.279,132.208,73759.0
2011-05-23 21:00:00+00:00,132.21,133.139,131.435,132.609,72932.0
2011-05-24 21:00:00+00:00,132.604,133.707,132.103,133.397,73779.0
2011-05-25 21:00:00+00:00,133.394,133.8,132.643,133.338,74883.0
2011-05-26 21:00:00+00:00,133.336,133.657,132.713,133.375,74270.0
2011-05-27 21:00:00+00:00,133.375,133.375,133.375,133.375,13.0
2011-05-28 21:00:00+00:00,133.375,133.52,133.166,133.237,1679.0
2011-05-29 21:00:00+00:00,133.239,133.51,133.01,133.348,44252.0
2011-05-30 21:00:00+00:00,133.35,135.137,133.286,134.093,81729.0
2011-05-31 21:00:00+00:00,134.09,134.366,132.064,132.221,70840.0
2011-06-01 21:00:00+00:00,132.223,132.862,131.794,132.434,74836.0
2011-06-02 21:00:00+00:00,132.436,132.584,130.667,131.861,71700.0
2011-06-03 21:00:00+00:00,131.861,131.861,131.861,131.861,12.0
2011-06-04 21:00:00+00:00,131.861,131.861,131.631,131.715,707.0
2011-06-05 21:00:00+00:00,131.719,132.304,130.82,131.022,55339.0
2011-06-06 21:00:00+00:00,131.018,132.084,130.89,131.723,56131.0
2011-06-07 21:00:00+00:00,131.718,131.974,130.494,131.049,69746.0
2011-06-08 21:00:00+00:00,131.054,131.973,130.928,131.516,69287.0
2011-06-09 21:00:00+00:00,131.51,131.693,129.789,130.345,68038.0
2011-06-10 21:00:00+00:00,130.345,130.345,130.345,130.345,13.0
2011-06-11 21:00:00+00:00,130.345,130.505,130.198,130.345,1562.0
2011-06-12 21:00:00+00:00,130.333,131.452,130.256,131.407,52841.0
2011-06-13 21:00:00+00:00,131.403,132.333,131.061,131.76,61346.0
2011-06-14 21:00:00+00:00,131.755,132.047,130.696,131.106,65559.0
2011-06-15 21:00:00+00:00,131.109,131.345,129.756,130.267,87249.0
2011-06-16 21:00:00+00:00,130.271,130.362,129.358,129.634,67255.0
2011-06-17 21:00:00+00:00,129.634,129.634,129.634,129.634,12.0
2011-06-18 21:00:00+00:00,129.634,129.669,129.292,129.55,1302.0
2011-06-19 21:00:00+00:00,129.553,130.242,128.93,130.068,56897.0
2011-06-20 21:00:00+00:00,130.07,130.366,129.68,130.306,46495.0
2011-06-21 21:00:00+00:00,130.308,130.546,128.988,129.053,60160.0
2011-06-22 21:00:00+00:00,129.057,129.348,128.488,128.864,71215.0
2011-06-23 21:00:00+00:00,128.861,129.036,128.242,128.358,61472.0
2011-06-24 21:00:00+00:00,128.358,128.358,128.358,128.358,12.0
2011-06-25 21:00:00+00:00,128.358,128.472,128.183,128.227,1354.0
2011-06-26 21:00:00+00:00,128.229,129.554,128.227,129.346,57918.0
2011-06-27 21:00:00+00:00,129.342,129.96,128.656,129.8,61994.0
2011-06-28 21:00:00+00:00,129.797,130.088,129.109,129.754,61784.0
2011-06-29 21:00:00+00:00,129.756,129.882,128.426,129.335,63327.0
2011-06-30 21:00:00+00:00,129.338,130.078,129.06,129.936,56814.0
2011-07-01 21:00:00+00:00,129.936,129.936,129.936,129.936,12.0
2011-07-02 21:00:00+00:00,129.936,130.087,129.764,129.82,1200.0
2011-07-03 21:00:00+00:00,129.815,130.166,129.669,129.953,38614.0
2011-07-04 21:00:00+00:00,129.956,130.848,129.758,130.203,53895.0
2011-07-05 21:00:00+00:00,130.208,130.294,128.974,129.497,47263.0
2011-07-06 21:00:00+00:00,129.494,130.119,129.078,129.781,50442.0
2011-07-07 21:00:00+00:00,129.779,130.062,128.896,129.486,56362.0
2011-07-08 21:00:00+00:00,129.486,129.486,129.486,129.486,12.0
2011-07-09 21:00:00+00:00,129.486,129.486,128.982,129.026,1541.0
2011-07-10 21:00:00+00:00,129.03,129.44,127.444,127.671,55198.0
2011-07-11 21:00:00+00:00,127.676,127.858,125.116,126.085,81006.0
2011-07-12 21:00:00+00:00,126.088,127.398,124.887,127.198,70026.0
2011-07-13 21:00:00+00:00,127.204,128.19,126.815,127.735,75279.0
2011-07-14 21:00:00+00:00,127.733,128.038,127.182,127.686,53934.0
2011-07-15 21:00:00+00:00,127.686,127.686,127.686,127.686,2.0
2011-07-16 21:00:00+00:00,127.686,127.686,127.33,127.451,1282.0
2011-07-17 21:00:00+00:00,127.447,127.69,126.662,126.917,48933.0
2011-07-18 21:00:00+00:00,126.922,127.872,126.806,127.663,45675.0
2011-07-19 21:00:00+00:00,127.668,127.848,126.731,127.259,41957.0
2011-07-20 21:00:00+00:00,127.262,128.244,127.014,127.873,58461.0
2011-07-21 21:00:00+00:00,127.877,128.428,127.486,128.049,47833.0
2011-07-22 21:00:00+00:00,128.049,128.049,128.049,128.049,12.0
2011-07-23 21:00:00+00:00,128.049,128.049,127.423,127.944,1757.0
2011-07-24 21:00:00+00:00,127.94,128.063,127.114,127.423,45053.0
2011-07-25 21:00:00+00:00,127.428,128.344,127.054,127.784,55529.0
2011-07-26 21:00:00+00:00,127.788,128.132,127.198,127.344,43894.0
2011-07-27 21:00:00+00:00,127.347,127.424,126.722,127.181,38848.0
2011-07-28 21:00:00+00:00,127.178,127.4,125.992,126.096,55537.0
2011-07-29 21:00:00+00:00,126.096,126.096,126.096,126.096,12.0
2011-07-30 21:00:00+00:00,126.096,127.095,126.096,126.757,2791.0
2011-07-31 21:00:00+00:00,126.752,128.53,124.2,125.823,85156.0
2011-08-01 21:00:00+00:00,125.82,126.995,125.326,125.74,63905.0
2011-08-02 21:00:00+00:00,125.745,126.636,125.286,126.596,60748.0
2011-08-03 21:00:00+00:00,126.591,130.842,126.491,128.246,143874.0
2011-08-04 21:00:00+00:00,128.244,129.065,127.407,128.517,113016.0
2011-08-05 21:00:00+00:00,128.517,128.517,128.517,128.517,13.0
2011-08-06 21:00:00+00:00,128.517,128.588,127.358,128.437,7527.0
2011-08-07 21:00:00+00:00,128.434,128.898,126.481,126.888,106235.0
2011-08-08 21:00:00+00:00,126.885,127.054,124.515,125.581,139849.0
2011-08-09 21:00:00+00:00,125.585,126.244,123.312,124.006,83584.0
2011-08-10 21:00:00+00:00,124.009,124.884,123.397,124.774,104199.0
2011-08-11 21:00:00+00:00,124.768,125.196,123.976,124.865,62681.0
2011-08-12 21:00:00+00:00,124.865,124.865,124.865,124.865,12.0
2011-08-13 21:00:00+00:00,124.865,125.207,124.865,125.093,1125.0
2011-08-14 21:00:00+00:00,125.096,126.015,124.984,125.939,42135.0
2011-08-15 21:00:00+00:00,125.934,126.442,125.3,126.388,39991.0
2011-08-16 21:00:00+00:00,126.391,126.982,125.269,126.724,45760.0
2011-08-17 21:00:00+00:00,126.726,126.804,125.667,126.486,50751.0
2011-08-18 21:00:00+00:00,126.488,126.806,125.738,126.034,58550.0
2011-08-19 21:00:00+00:00,126.034,126.034,126.034,126.034,12.0
2011-08-20 21:00:00+00:00,126.034,126.465,125.893,126.426,1251.0
2011-08-21 21:00:00+00:00,126.416,127.336,126.156,126.352,46998.0
2011-08-22 21:00:00+00:00,126.357,126.98,126.166,126.454,43124.0
2011-08-23 21:00:00+00:00,126.459,126.768,125.609,126.048,43731.0
2011-08-24 21:00:00+00:00,126.051,126.544,125.752,126.119,44776.0
2011-08-25 21:00:00+00:00,126.117,126.25,124.496,125.528,46885.0
2011-08-26 21:00:00+00:00,125.528,125.528,125.528,125.528,12.0
2011-08-27 21:00:00+00:00,125.528,125.738,125.421,125.508,635.0
2011-08-28 21:00:00+00:00,125.506,126.586,125.205,126.078,31255.0
2011-08-29 21:00:00+00:00,126.086,126.36,124.664,125.074,36301.0
2011-08-30 21:00:00+00:00,125.079,125.32,124.287,124.572,33352.0
2011-08-31 21:00:00+00:00,124.575,125.353,124.14,124.464,48453.0
2011-09-01 21:00:00+00:00,124.461,124.782,124.188,124.532,39163.0
2011-09-02 21:00:00+00:00,124.532,124.532,124.532,124.532,10.0
2011-09-03 21:00:00+00:00,124.532,124.659,124.19,124.238,1629.0
2011-09-04 21:00:00+00:00,124.24,124.431,123.536,123.932,33604.0
2011-09-05 21:00:00+00:00,123.936,125.082,123.068,123.81,66835.0
2011-09-06 21:00:00+00:00,123.802,123.898,123.204,123.536,45539.0
2011-09-07 21:00:00+00:00,123.542,124.394,123.151,123.686,42931.0
2011-09-08 21:00:00+00:00,123.682,124.245,122.371,123.219,53846.0
2011-09-09 21:00:00+00:00,123.219,123.219,123.219,123.219,12.0
2011-09-10 21:00:00+00:00,123.219,123.219,122.243,122.679,4682.0
2011-09-11 21:00:00+00:00,122.684,123.034,121.298,122.479,67214.0
2011-09-12 21:00:00+00:00,122.476,122.513,121.275,121.422,53011.0
2011-09-13 21:00:00+00:00,121.429,121.576,120.714,120.822,43952.0
2011-09-14 21:00:00+00:00,120.827,122.29,120.682,121.191,44400.0
2011-09-15 21:00:00+00:00,121.194,121.766,120.798,121.261,37166.0
2011-09-16 21:00:00+00:00,121.261,121.261,121.261,121.261,2.0
2011-09-17 21:00:00+00:00,121.261,121.471,120.962,121.054,2005.0
2011-09-18 21:00:00+00:00,121.062,121.229,119.482,120.282,44301.0
2011-09-19 21:00:00+00:00,120.277,120.586,119.78,120.301,46969.0
2011-09-20 21:00:00+00:00,120.296,120.622,118.38,118.504,52614.0
2011-09-21 21:00:00+00:00,118.514,119.136,116.844,116.971,76848.0
2011-09-22 21:00:00+00:00,116.967,118.919,116.934,118.201,56659.0
2011-09-23 21:00:00+00:00,118.201,118.201,118.201,118.201,4.0
2011-09-24 21:00:00+00:00,118.201,118.724,118.158,118.402,1418.0
2011-09-25 21:00:00+00:00,118.407,119.03,117.774,118.847,59829.0
2011-09-26 21:00:00+00:00,118.851,120.456,118.514,120.099,48698.0
2011-09-27 21:00:00+00:00,120.103,120.24,118.964,119.326,55799.0
2011-09-28 21:00:00+00:00,119.33,120.85,118.782,120.072,51919.0
2011-09-29 21:00:00+00:00,120.068,120.802,119.13,120.081,56426.0
2011-09-30 21:00:00+00:00,120.081,120.081,120.081,120.081,12.0
2011-10-01 21:00:00+00:00,120.081,120.29,119.821,119.902,1384.0
2011-10-02 21:00:00+00:00,119.898,120.36,118.213,118.253,64483.0
2011-10-03 21:00:00+00:00,118.245,119.104,117.743,118.963,61190.0
2011-10-04 21:00:00+00:00,118.97,119.128,118.094,118.726,52235.0
2011-10-05 21:00:00+00:00,118.732,118.854,116.981,118.492,64252.0
2011-10-06 21:00:00+00:00,118.488,119.998,118.264,119.395,50799.0
2011-10-07 21:00:00+00:00,119.395,119.395,119.395,119.395,12.0
2011-10-08 21:00:00+00:00,119.395,119.544,119.088,119.509,1200.0
2011-10-09 21:00:00+00:00,119.505,120.302,119.169,120.131,36113.0
2011-10-10 21:00:00+00:00,120.127,120.245,119.376,119.395,43279.0
2011-10-11 21:00:00+00:00,119.4,122.376,119.234,121.698,55230.0
2011-10-12 21:00:00+00:00,121.694,121.713,120.34,121.242,47239.0
2011-10-13 21:00:00+00:00,121.246,122.622,120.964,122.143,47005.0
2011-10-14 21:00:00+00:00,122.143,122.143,122.143,122.143,13.0
2011-10-15 21:00:00+00:00,122.143,122.452,121.786,122.025,1076.0
2011-10-16 21:00:00+00:00,122.037,122.645,120.834,120.959,47617.0
2011-10-17 21:00:00+00:00,120.964,121.578,120.002,120.71,48586.0
2011-10-18 21:00:00+00:00,120.714,121.706,120.458,121.157,42804.0
2011-10-19 21:00:00+00:00,121.162,121.53,120.376,121.293,49440.0
2011-10-20 21:00:00+00:00,121.302,122.09,120.776,121.628,45249.0
2011-10-21 21:00:00+00:00,121.628,121.628,121.628,121.628,12.0
2011-10-22 21:00:00+00:00,121.628,121.765,121.385,121.435,720.0
2011-10-23 21:00:00+00:00,121.443,122.102,120.993,121.745,41515.0
2011-10-24 21:00:00+00:00,121.741,122.038,120.946,121.763,45712.0
2011-10-25 21:00:00+00:00,121.757,121.968,120.698,121.693,44213.0
2011-10-26 21:00:00+00:00,121.697,122.526,121.134,122.273,53944.0
2011-10-27 21:00:00+00:00,122.279,122.376,121.84,122.299,37348.0
2011-10-28 21:00:00+00:00,122.299,122.299,122.299,122.299,1.0
2011-10-29 21:00:00+00:00,122.11,122.182,121.439,121.981,1715.0
2011-10-30 21:00:00+00:00,121.977,127.347,121.89,125.754,107721.0
2011-10-31 21:00:00+00:00,125.758,126.824,124.273,124.998,70529.0
2011-11-01 21:00:00+00:00,124.994,125.307,124.36,124.475,50214.0
2011-11-02 21:00:00+00:00,124.479,125.314,123.924,125.213,54456.0
2011-11-03 21:00:00+00:00,125.205,125.57,124.622,125.442,41023.0
2011-11-05 21:00:00+00:00,125.442,125.712,125.23,125.645,932.0
2011-11-06 22:00:00+00:00,125.638,125.638,124.818,125.316,36061.0
2011-11-07 22:00:00+00:00,125.308,125.62,124.982,125.055,36909.0
2011-11-08 22:00:00+00:00,125.059,125.178,123.626,123.854,46393.0
2011-11-09 22:00:00+00:00,123.843,124.092,123.082,123.737,45781.0
2011-11-10 22:00:00+00:00,123.733,124.164,122.978,123.926,36873.0
2011-11-11 22:00:00+00:00,123.926,123.926,123.926,123.926,2.0
2011-11-12 22:00:00+00:00,124.234,124.357,123.971,124.318,1520.0
2011-11-13 22:00:00+00:00,124.311,124.328,122.338,122.622,41895.0
2011-11-14 22:00:00+00:00,122.615,123.164,121.678,121.892,49017.0
2011-11-15 22:00:00+00:00,121.897,122.01,121.139,121.216,46621.0
2011-11-16 22:00:00+00:00,121.21,121.708,120.894,121.283,46746.0
2011-11-17 22:00:00+00:00,121.279,121.768,121.05,121.532,42386.0
2011-11-19 22:00:00+00:00,121.44,121.504,121.177,121.404,1163.0
2011-11-20 22:00:00+00:00,121.408,121.519,120.045,120.259,41238.0
2011-11-21 22:00:00+00:00,120.254,120.947,120.136,120.336,40964.0
2011-11-22 22:00:00+00:00,120.331,120.478,119.84,120.024,40472.0
2011-11-23 22:00:00+00:00,120.02,120.166,119.388,119.5,30117.0
2011-11-24 22:00:00+00:00,119.506,120.468,119.39,120.024,42631.0
2011-11-25 22:00:00+00:00,120.024,120.024,120.024,120.024,2.0
2011-11-26 22:00:00+00:00,119.912,120.235,119.856,120.158,1439.0
2011-11-27 22:00:00+00:00,120.154,121.682,119.932,120.958,39456.0
2011-11-28 22:00:00+00:00,120.953,121.852,120.77,121.545,46575.0
2011-11-29 22:00:00+00:00,121.541,122.52,121.044,121.889,56639.0
2011-11-30 22:00:00+00:00,121.894,122.519,121.442,121.911,40142.0
2011-12-01 22:00:00+00:00,121.915,122.684,121.308,121.636,35712.0
2011-12-02 22:00:00+00:00,121.636,121.636,121.636,121.636,2.0
2011-12-03 22:00:00+00:00,121.629,122.035,121.448,121.958,1213.0
2011-12-04 22:00:00+00:00,121.949,122.308,121.456,121.769,31877.0
2011-12-05 22:00:00+00:00,121.775,121.807,120.975,121.267,35068.0
2011-12-06 22:00:00+00:00,121.257,122.224,121.13,122.038,31273.0
2011-12-07 22:00:00+00:00,122.042,122.064,120.936,121.336,40757.0
2011-12-08 22:00:00+00:00,121.34,122.236,121.017,121.589,34565.0
2011-12-10 22:00:00+00:00,121.624,121.634,121.417,121.611,619.0
2011-12-11 22:00:00+00:00,121.616,121.792,120.72,121.437,34887.0
2011-12-12 22:00:00+00:00,121.443,121.674,120.518,120.742,39289.0
2011-12-13 22:00:00+00:00,120.738,121.136,120.298,120.75,36620.0
2011-12-14 22:00:00+00:00,120.754,120.936,120.489,120.787,34280.0
2011-12-15 22:00:00+00:00,120.793,121.154,120.434,120.891,30411.0
2011-12-17 22:00:00+00:00,120.898,120.947,120.69,120.915,222.0
2011-12-18 22:00:00+00:00,120.919,121.112,120.528,120.964,30453.0
2011-12-19 22:00:00+00:00,120.96,122.17,120.915,122.0,29781.0
2011-12-20 22:00:00+00:00,122.007,122.584,121.846,122.364,37298.0
2011-12-21 22:00:00+00:00,122.368,122.772,122.228,122.559,25335.0
2011-12-22 22:00:00+00:00,122.555,122.668,121.669,121.702,20285.0
2011-12-24 22:00:00+00:00,121.775,121.775,121.775,121.775,1.0
2011-12-25 22:00:00+00:00,121.813,122.051,121.61,121.883,7280.0
2011-12-26 22:00:00+00:00,121.876,122.324,121.622,122.038,18321.0
2011-12-27 22:00:00+00:00,122.033,122.038,120.334,120.481,28029.0
2011-12-28 22:00:00+00:00,120.477,120.562,119.48,119.687,25484.0
2011-12-29 22:00:00+00:00,119.681,120.064,119.272,119.533,34747.0
2011-12-31 22:00:00+00:00,119.56,119.56,118.459,119.306,1683.0
2012-01-01 22:00:00+00:00,119.317,119.729,119.003,119.306,8621.0
2012-01-02 22:00:00+00:00,119.311,120.174,119.205,120.081,28237.0
2012-01-03 22:00:00+00:00,120.085,120.213,119.616,119.831,27302.0
2012-01-04 22:00:00+00:00,119.826,119.962,119.186,119.491,34584.0
2012-01-05 22:00:00+00:00,119.495,119.748,118.556,118.73,28694.0
2012-01-06 22:00:00+00:00,118.73,118.73,118.73,118.73,1.0
2012-01-07 22:00:00+00:00,118.718,118.744,118.22,118.63,1054.0
2012-01-08 22:00:00+00:00,118.635,118.878,118.274,118.773,19394.0
2012-01-09 22:00:00+00:00,118.782,119.076,118.733,118.995,26157.0
2012-01-10 22:00:00+00:00,118.991,119.117,117.728,117.81,27514.0
2012-01-11 22:00:00+00:00,117.806,118.12,117.528,117.688,28463.0
2012-01-12 22:00:00+00:00,117.684,118.198,117.285,117.887,32785.0
2012-01-14 22:00:00+00:00,117.887,117.905,117.541,117.787,1291.0
2012-01-15 22:00:00+00:00,117.782,117.793,117.38,117.669,20849.0
2012-01-16 22:00:00+00:00,117.664,118.278,117.587,117.821,26652.0
2012-01-17 22:00:00+00:00,117.815,118.643,117.566,118.621,26686.0
2012-01-18 22:00:00+00:00,118.613,119.729,118.326,119.426,30026.0
2012-01-19 22:00:00+00:00,119.422,120.012,119.201,119.977,26745.0
2012-01-20 22:00:00+00:00,119.977,119.977,119.977,119.977,2.0
2012-01-21 22:00:00+00:00,119.982,119.982,119.482,119.711,1693.0
2012-01-22 22:00:00+00:00,119.716,120.212,119.502,119.904,26799.0
2012-01-23 22:00:00+00:00,119.9,121.424,119.658,121.367,29435.0
2012-01-24 22:00:00+00:00,121.362,122.052,121.232,121.792,39556.0
2012-01-25 22:00:00+00:00,121.788,121.878,121.318,121.517,29930.0
2012-01-26 22:00:00+00:00,121.521,121.598,120.023,120.622,36890.0
2012-01-28 22:00:00+00:00,120.655,120.684,120.596,120.67,362.0
2012-01-29 22:00:00+00:00,120.666,120.743,119.598,119.949,25754.0
2012-01-30 22:00:00+00:00,119.954,120.634,119.776,120.191,30168.0
2012-01-31 22:00:00+00:00,120.195,120.99,119.6,120.648,28889.0
2012-02-01 22:00:00+00:00,120.652,120.772,120.232,120.471,24967.0
2012-02-02 22:00:00+00:00,120.465,121.224,120.278,121.137,29897.0
2012-02-04 22:00:00+00:00,121.203,121.238,120.745,121.122,1964.0
2012-02-05 22:00:00+00:00,121.13,121.258,120.493,121.109,27138.0
2012-02-06 22:00:00+00:00,121.114,122.248,121.018,122.024,31688.0
2012-02-07 22:00:00+00:00,122.028,122.862,121.414,121.866,31705.0
2012-02-08 22:00:00+00:00,121.862,122.98,121.722,122.85,32592.0
2012-02-09 22:00:00+00:00,122.844,123.18,122.05,122.294,28048.0
2012-02-10 22:00:00+00:00,122.294,122.294,122.294,122.294,2.0
2012-02-11 22:00:00+00:00,122.35,122.474,122.28,122.375,434.0
2012-02-12 22:00:00+00:00,122.38,122.93,122.187,122.307,27121.0
2012-02-13 22:00:00+00:00,122.303,123.174,121.688,123.08,43270.0
2012-02-14 22:00:00+00:00,123.076,123.5,122.62,123.088,40579.0
2012-02-15 22:00:00+00:00,123.084,124.812,122.832,124.718,35917.0
2012-02-16 22:00:00+00:00,124.714,126.073,124.535,125.915,37341.0
2012-02-17 22:00:00+00:00,125.915,125.915,125.915,125.915,3.0
2012-02-18 22:00:00+00:00,125.744,126.341,125.642,126.149,1862.0
2012-02-19 22:00:00+00:00,126.135,126.842,125.786,126.217,31632.0
2012-02-20 22:00:00+00:00,126.221,126.66,125.657,125.819,35832.0
2012-02-21 22:00:00+00:00,125.825,126.62,125.606,125.805,37925.0
2012-02-22 22:00:00+00:00,125.8,126.212,125.474,125.953,32840.0
2012-02-23 22:00:00+00:00,125.949,128.964,125.816,128.887,37998.0
2012-02-24 22:00:00+00:00,128.887,128.887,128.887,128.887,1.0
2012-02-25 22:00:00+00:00,128.807,129.249,128.62,129.108,2115.0
2012-02-26 22:00:00+00:00,129.114,129.791,126.96,127.55,48777.0
2012-02-27 22:00:00+00:00,127.546,128.242,126.695,127.94,43799.0
2012-02-28 22:00:00+00:00,127.936,129.634,127.829,129.141,56201.0
2012-02-29 22:00:00+00:00,129.133,129.596,128.762,129.434,53561.0
2012-03-01 22:00:00+00:00,129.43,130.113,129.154,129.56,46072.0
2012-03-02 22:00:00+00:00,129.56,129.56,129.56,129.56,1.0
2012-03-03 22:00:00+00:00,129.548,129.649,129.473,129.528,405.0
2012-03-04 22:00:00+00:00,129.526,129.67,128.226,129.392,41316.0
2012-03-05 22:00:00+00:00,129.388,129.502,126.554,127.139,48278.0
2012-03-06 22:00:00+00:00,127.131,127.846,126.648,127.652,39249.0
2012-03-07 22:00:00+00:00,127.648,129.256,127.586,129.104,46910.0
2012-03-08 22:00:00+00:00,129.108,129.758,128.648,129.288,50818.0
2012-03-10 22:00:00+00:00,129.198,129.425,129.174,129.25,457.0
2012-03-11 21:00:00+00:00,129.256,129.346,128.186,128.625,35460.0
2012-03-12 21:00:00+00:00,128.621,130.391,128.265,130.268,56553.0
2012-03-13 21:00:00+00:00,130.262,131.47,130.122,131.252,46931.0
2012-03-14 21:00:00+00:00,131.248,131.72,130.22,131.299,50139.0
2012-03-15 21:00:00+00:00,131.303,132.444,130.916,132.199,46441.0
2012-03-16 21:00:00+00:00,132.199,132.199,132.199,132.199,1.0
2012-03-17 21:00:00+00:00,132.132,132.132,131.882,132.111,238.0
2012-03-18 21:00:00+00:00,132.106,132.672,131.458,132.462,36274.0
2012-03-19 21:00:00+00:00,132.455,132.992,132.266,132.782,36158.0
2012-03-20 21:00:00+00:00,132.778,133.494,132.19,132.387,50261.0
2012-03-21 21:00:00+00:00,132.381,132.506,130.094,130.573,62198.0
2012-03-22 21:00:00+00:00,130.577,131.564,130.008,130.683,53913.0
2012-03-23 21:00:00+00:00,130.683,130.683,130.683,130.683,1.0
2012-03-24 21:00:00+00:00,130.765,130.889,130.675,130.834,390.0
2012-03-25 21:00:00+00:00,130.839,132.383,130.748,132.282,46353.0
2012-03-26 21:00:00+00:00,132.278,133.388,132.028,132.678,49011.0
2012-03-27 21:00:00+00:00,132.673,132.756,131.034,131.715,60563.0
2012-03-28 21:00:00+00:00,131.71,131.846,130.15,131.588,54090.0
2012-03-29 21:00:00+00:00,131.592,132.754,130.644,132.695,57996.0
2012-03-30 21:00:00+00:00,132.695,132.695,132.695,132.695,1.0
2012-03-31 21:00:00+00:00,132.695,133.22,132.695,133.057,1450.0
2012-04-01 21:00:00+00:00,133.052,133.258,131.19,131.524,51983.0
2012-04-02 21:00:00+00:00,131.528,131.988,130.768,131.777,52002.0
2012-04-03 21:00:00+00:00,131.772,131.858,130.266,131.027,52724.0
2012-04-04 21:00:00+00:00,131.022,131.16,129.518,130.389,51626.0
2012-04-05 21:00:00+00:00,130.395,130.884,129.157,129.573,35665.0
2012-04-07 21:00:00+00:00,129.308,129.577,129.22,129.541,396.0
2012-04-08 21:00:00+00:00,129.549,129.924,128.84,129.51,28132.0
2012-04-09 21:00:00+00:00,129.506,130.24,127.886,127.968,56857.0
2012-04-10 21:00:00+00:00,127.972,129.197,127.884,128.619,50776.0
2012-04-11 21:00:00+00:00,128.625,129.352,128.576,129.096,44244.0
2012-04-12 21:00:00+00:00,129.1,129.582,128.126,128.233,43484.0
2012-04-13 21:00:00+00:00,128.233,128.233,128.233,128.233,1.0
2012-04-14 21:00:00+00:00,128.17,128.366,128.104,128.171,601.0
2012-04-15 21:00:00+00:00,128.175,128.365,127.108,127.849,42688.0
2012-04-16 21:00:00+00:00,127.853,128.99,127.578,128.736,37910.0
2012-04-17 21:00:00+00:00,128.74,130.456,128.727,130.189,48940.0
2012-04-18 21:00:00+00:00,130.193,131.114,130.098,130.994,54818.0
2012-04-19 21:00:00+00:00,130.99,131.807,130.872,131.439,42044.0
2012-04-21 21:00:00+00:00,131.496,131.568,131.322,131.427,742.0
2012-04-22 21:00:00+00:00,131.423,131.738,130.212,130.964,38047.0
2012-04-23 21:00:00+00:00,130.969,131.422,130.34,131.272,33515.0
2012-04-24 21:00:00+00:00,131.268,131.826,130.534,131.478,50099.0
2012-04-25 21:00:00+00:00,131.474,131.612,130.52,131.088,41670.0
2012-04-26 21:00:00+00:00,131.093,131.764,130.211,130.55,56480.0
2012-04-27 21:00:00+00:00,130.55,130.55,130.55,130.55,1.0
2012-04-28 21:00:00+00:00,130.566,130.716,130.51,130.618,665.0
2012-04-29 21:00:00+00:00,130.622,130.87,129.376,129.581,31551.0
2012-04-30 21:00:00+00:00,129.575,130.168,129.083,129.914,27354.0
2012-05-01 21:00:00+00:00,129.918,130.78,129.5,129.828,37415.0
2012-05-02 21:00:00+00:00,129.832,130.466,129.698,129.72,28931.0
2012-05-03 21:00:00+00:00,129.724,129.998,128.86,128.963,31601.0
2012-05-05 21:00:00+00:00,128.8,129.184,128.636,128.858,1899.0
2012-05-06 21:00:00+00:00,128.864,129.492,128.399,129.388,32419.0
2012-05-07 21:00:00+00:00,129.383,129.586,128.638,129.062,33897.0
2012-05-08 21:00:00+00:00,129.066,129.112,127.831,128.432,45949.0
2012-05-09 21:00:00+00:00,128.428,129.408,128.128,129.057,39083.0
2012-05-10 21:00:00+00:00,129.053,129.12,128.277,128.451,38162.0
2012-05-11 21:00:00+00:00,128.451,128.451,128.451,128.451,1.0
2012-05-12 21:00:00+00:00,128.55,128.595,128.467,128.517,419.0
2012-05-13 21:00:00+00:00,128.512,128.878,128.046,128.493,34774.0
2012-05-14 21:00:00+00:00,128.486,128.77,128.053,128.238,40608.0
2012-05-15 21:00:00+00:00,128.246,128.516,127.686,127.806,49605.0
2012-05-16 21:00:00+00:00,127.811,127.986,125.152,125.212,45398.0
2012-05-17 21:00:00+00:00,125.205,125.661,124.645,124.999,40751.0
2012-05-18 21:00:00+00:00,124.999,124.999,124.999,124.999,1.0
2012-05-19 21:00:00+00:00,125.025,125.254,124.963,125.024,893.0
2012-05-20 21:00:00+00:00,125.029,125.83,124.962,125.578,37852.0
2012-05-21 21:00:00+00:00,125.584,126.464,125.44,126.035,40257.0
2012-05-22 21:00:00+00:00,126.027,126.184,124.322,124.72,51949.0
2012-05-23 21:00:00+00:00,124.724,124.97,124.156,124.731,41591.0
2012-05-24 21:00:00+00:00,124.737,124.98,124.444,124.835,33621.0
2012-05-25 21:00:00+00:00,124.835,124.835,124.835,124.835,1.0
2012-05-26 21:00:00+00:00,124.76,125.11,124.613,125.083,1085.0
2012-05-27 21:00:00+00:00,125.088,125.113,124.399,124.634,23181.0
2012-05-28 21:00:00+00:00,124.64,124.987,123.915,124.336,31338.0
2012-05-29 21:00:00+00:00,124.33,124.456,122.353,122.395,41169.0
2012-05-30 21:00:00+00:00,122.391,122.503,120.162,120.65,49746.0
2012-05-31 21:00:00+00:00,120.646,121.052,118.799,119.85,61461.0
2012-06-02 21:00:00+00:00,119.785,120.126,119.779,119.95,661.0
2012-06-03 21:00:00+00:00,119.946,120.678,119.778,120.521,33610.0
2012-06-04 21:00:00+00:00,120.525,121.35,119.76,121.15,38708.0
2012-06-05 21:00:00+00:00,121.14,122.964,120.894,122.722,47796.0
2012-06-06 21:00:00+00:00,122.717,124.35,122.322,123.653,51495.0
2012-06-07 21:00:00+00:00,123.648,123.842,121.918,122.95,48482.0
2012-06-09 21:00:00+00:00,123.04,124.026,123.04,123.521,3636.0
2012-06-10 21:00:00+00:00,123.517,124.074,122.959,123.022,44353.0
2012-06-11 21:00:00+00:00,123.026,123.978,122.564,123.821,47097.0
2012-06-12 21:00:00+00:00,123.816,124.284,123.085,123.241,40866.0
2012-06-13 21:00:00+00:00,123.237,123.532,122.774,123.488,38201.0
2012-06-14 21:00:00+00:00,123.483,123.874,122.138,123.717,39880.0
2012-06-16 21:00:00+00:00,123.717,124.512,123.566,123.805,2448.0
2012-06-17 21:00:00+00:00,123.8,124.646,123.363,123.934,43238.0
2012-06-18 21:00:00+00:00,123.93,124.528,123.249,124.154,39926.0
2012-06-19 21:00:00+00:00,124.158,125.387,123.511,125.011,49288.0
2012-06-20 21:00:00+00:00,125.004,125.834,124.626,125.174,52817.0
2012-06-21 21:00:00+00:00,125.169,125.761,124.781,125.363,43347.0
2012-06-22 21:00:00+00:00,125.363,125.363,125.363,125.363,1.0
2012-06-23 21:00:00+00:00,125.293,125.341,125.024,125.21,427.0
2012-06-24 21:00:00+00:00,125.228,125.672,123.601,124.068,32951.0
2012-06-25 21:00:00+00:00,124.072,124.448,123.538,124.383,42607.0
2012-06-26 21:00:00+00:00,124.387,124.562,123.874,124.106,33037.0
2012-06-27 21:00:00+00:00,124.089,124.18,122.938,123.298,40361.0
2012-06-28 21:00:00+00:00,123.294,125.497,122.884,125.323,64426.0
2012-06-30 21:00:00+00:00,125.03,125.459,125.03,125.358,480.0
2012-07-01 21:00:00+00:00,125.354,125.494,124.316,124.764,46530.0
2012-07-02 21:00:00+00:00,124.771,125.458,124.609,125.177,35959.0
2012-07-03 21:00:00+00:00,125.171,125.298,124.26,124.532,25106.0
2012-07-04 21:00:00+00:00,124.525,124.873,123.862,124.074,46065.0
2012-07-05 21:00:00+00:00,124.078,124.272,123.07,123.388,39867.0
2012-07-06 21:00:00+00:00,123.388,123.388,123.388,123.388,1.0
2012-07-07 21:00:00+00:00,123.365,123.6,123.206,123.246,785.0
2012-07-08 21:00:00+00:00,123.254,123.685,122.984,123.529,25221.0
2012-07-09 21:00:00+00:00,123.525,123.602,122.781,123.276,30966.0
2012-07-10 21:00:00+00:00,123.272,123.992,122.96,123.641,30577.0
2012-07-11 21:00:00+00:00,123.645,124.054,122.047,122.358,35143.0
2012-07-12 21:00:00+00:00,122.363,123.519,122.18,123.331,28703.0
2012-07-13 21:00:00+00:00,123.331,123.331,123.331,123.331,1.0
2012-07-14 21:00:00+00:00,123.331,123.536,123.331,123.483,431.0
2012-07-15 21:00:00+00:00,123.488,123.516,122.524,123.32,27328.0
2012-07-16 21:00:00+00:00,123.316,123.878,122.968,123.754,34116.0
2012-07-17 21:00:00+00:00,123.758,123.92,123.117,123.353,29396.0
2012-07-18 21:00:00+00:00,123.357,123.684,122.932,123.577,33695.0
2012-07-19 21:00:00+00:00,123.572,123.802,122.49,122.622,33147.0
2012-07-21 21:00:00+00:00,122.622,122.622,122.324,122.572,985.0
2012-07-22 21:00:00+00:00,122.577,122.599,121.142,121.568,39217.0
2012-07-23 21:00:00+00:00,121.572,121.708,120.968,121.218,35752.0
2012-07-24 21:00:00+00:00,121.224,121.704,120.925,121.142,39010.0
2012-07-25 21:00:00+00:00,121.159,123.001,120.838,122.687,45128.0
2012-07-26 21:00:00+00:00,122.68,123.778,122.464,123.515,41607.0
2012-07-28 21:00:00+00:00,123.515,123.662,123.403,123.464,624.0
2012-07-29 21:00:00+00:00,123.47,123.637,122.504,122.82,30487.0
2012-07-30 21:00:00+00:00,122.815,123.046,122.234,122.475,33130.0
2012-07-31 21:00:00+00:00,122.481,122.686,121.79,121.859,34495.0
2012-08-01 21:00:00+00:00,121.854,122.624,121.16,121.393,45239.0
2012-08-02 21:00:00+00:00,121.386,123.054,121.094,122.725,40512.0
2012-08-03 21:00:00+00:00,122.725,122.725,122.725,122.725,1.0
2012-08-04 21:00:00+00:00,122.725,122.874,122.473,122.733,972.0
2012-08-05 21:00:00+00:00,122.728,123.188,121.746,122.088,31582.0
2012-08-06 21:00:00+00:00,122.092,123.262,121.792,122.789,32852.0
2012-08-07 21:00:00+00:00,122.783,122.978,121.912,122.799,33464.0
2012-08-08 21:00:00+00:00,122.795,123.206,122.408,122.862,35054.0
2012-08-09 21:00:00+00:00,122.866,122.956,121.8,122.803,31387.0
2012-08-11 21:00:00+00:00,122.803,122.803,122.474,122.574,233.0
2012-08-12 21:00:00+00:00,122.583,123.094,122.41,122.835,23718.0
2012-08-13 21:00:00+00:00,122.839,123.933,122.782,123.432,27166.0
2012-08-14 21:00:00+00:00,123.436,124.046,123.312,123.889,28063.0
2012-08-15 21:00:00+00:00,123.885,124.936,123.76,124.832,31991.0
2012-08-16 21:00:00+00:00,124.827,124.974,124.524,124.898,28917.0
2012-08-17 21:00:00+00:00,124.898,124.898,124.898,124.898,1.0
2012-08-18 21:00:00+00:00,124.898,125.0,124.824,124.972,279.0
2012-08-19 21:00:00+00:00,124.964,125.018,124.592,124.792,24800.0
2012-08-20 21:00:00+00:00,124.796,125.516,124.632,125.159,29342.0
2012-08-21 21:00:00+00:00,125.166,125.52,124.082,124.799,34551.0
2012-08-22 21:00:00+00:00,124.795,124.998,124.328,124.496,30858.0
2012-08-23 21:00:00+00:00,124.492,124.818,124.126,124.351,27867.0
2012-08-25 21:00:00+00:00,124.351,124.525,124.335,124.51,282.0
2012-08-26 21:00:00+00:00,124.515,124.644,124.228,124.372,16301.0
2012-08-27 21:00:00+00:00,124.368,124.408,123.704,124.194,24585.0
2012-08-28 21:00:00+00:00,124.198,124.77,124.074,124.62,21610.0
2012-08-29 21:00:00+00:00,124.616,124.812,123.924,124.118,19688.0
2012-08-30 21:00:00+00:00,124.114,124.61,123.756,124.338,32752.0
2012-09-01 21:00:00+00:00,124.338,124.504,124.313,124.408,463.0
2012-09-02 21:00:00+00:00,124.402,124.562,123.964,124.321,16653.0
2012-09-03 21:00:00+00:00,124.316,124.802,124.306,124.47,24054.0
2012-09-04 21:00:00+00:00,124.474,124.956,124.038,124.66,25233.0
2012-09-05 21:00:00+00:00,124.654,125.884,124.644,125.646,31160.0
2012-09-06 21:00:00+00:00,125.653,126.203,125.044,125.286,35737.0
2012-09-08 21:00:00+00:00,125.286,125.369,125.07,125.345,188.0
2012-09-09 21:00:00+00:00,125.349,125.392,124.906,125.171,21455.0
2012-09-10 21:00:00+00:00,125.176,125.394,124.694,124.974,28527.0
2012-09-11 21:00:00+00:00,124.967,125.63,124.924,125.403,39219.0
2012-09-12 21:00:00+00:00,125.407,125.442,124.475,125.184,38655.0
2012-09-13 21:00:00+00:00,125.188,127.26,125.093,127.121,43220.0
2012-09-15 21:00:00+00:00,127.122,127.179,127.053,127.095,211.0
2012-09-16 21:00:00+00:00,127.099,128.244,126.846,127.9,31275.0
2012-09-17 21:00:00+00:00,127.906,128.108,127.452,128.025,31298.0
2012-09-18 21:00:00+00:00,128.029,128.836,126.956,127.148,49823.0
2012-09-19 21:00:00+00:00,127.143,127.3,126.238,126.873,39261.0
2012-09-20 21:00:00+00:00,126.877,127.632,126.774,126.856,30988.0
2012-09-21 21:00:00+00:00,126.856,126.856,126.856,126.856,3.0
2012-09-22 21:00:00+00:00,126.856,127.116,126.819,126.92,290.0
2012-09-23 21:00:00+00:00,126.915,127.043,125.976,126.261,26717.0
2012-09-24 21:00:00+00:00,126.257,126.706,125.824,125.941,31671.0
2012-09-25 21:00:00+00:00,125.937,126.109,125.351,125.677,30928.0
2012-09-26 21:00:00+00:00,125.673,126.11,125.598,125.994,29528.0
2012-09-27 21:00:00+00:00,125.998,126.22,125.446,125.967,35513.0
2012-09-29 21:00:00+00:00,125.967,126.199,125.852,125.907,375.0
2012-09-30 21:00:00+00:00,125.903,126.317,125.52,125.808,32549.0
2012-10-01 21:00:00+00:00,125.812,126.456,125.792,126.093,26545.0
2012-10-02 21:00:00+00:00,126.097,126.474,125.804,126.184,26290.0
2012-10-03 21:00:00+00:00,126.189,127.112,126.172,127.072,28537.0
2012-10-04 21:00:00+00:00,127.076,127.818,126.764,126.943,27493.0
2012-10-06 21:00:00+00:00,126.943,126.943,126.738,126.92,332.0
2012-10-07 21:00:00+00:00,126.925,127.07,125.144,125.544,21851.0
2012-10-08 21:00:00+00:00,125.548,125.842,124.954,125.23,24645.0
2012-10-09 21:00:00+00:00,125.225,125.622,124.994,125.136,23576.0
2012-10-10 21:00:00+00:00,125.141,126.134,124.75,125.69,28270.0
2012-10-11 21:00:00+00:00,125.685,126.186,125.522,126.081,22618.0
2012-10-13 21:00:00+00:00,126.081,126.156,126.045,126.139,167.0
2012-10-14 21:00:00+00:00,126.135,126.706,125.55,126.393,25484.0
2012-10-15 21:00:00+00:00,126.389,127.33,126.371,127.094,27108.0
2012-10-16 21:00:00+00:00,127.088,127.676,126.776,127.481,27201.0
2012-10-17 21:00:00+00:00,127.477,128.235,127.13,127.185,33675.0
2012-10-18 21:00:00+00:00,127.18,127.528,126.786,126.938,23003.0
2012-10-20 21:00:00+00:00,126.934,127.0,126.906,126.946,183.0
2012-10-21 21:00:00+00:00,126.954,128.192,126.714,128.03,25194.0
2012-10-22 21:00:00+00:00,128.034,128.192,126.958,127.386,25880.0
2012-10-23 21:00:00+00:00,127.382,128.1,127.122,127.986,28074.0
2012-10-24 21:00:00+00:00,127.99,129.656,127.948,129.427,38871.0
2012-10-25 21:00:00+00:00,129.422,129.58,127.998,128.253,40254.0
2012-10-26 21:00:00+00:00,128.253,128.253,128.253,128.253,1.0
2012-10-27 21:00:00+00:00,128.253,128.419,128.113,128.22,695.0
2012-10-28 21:00:00+00:00,128.215,128.312,127.568,127.95,19742.0
2012-10-29 21:00:00+00:00,127.946,128.493,127.038,127.991,26788.0
2012-10-30 21:00:00+00:00,127.985,128.914,127.878,128.659,31231.0
2012-10-31 21:00:00+00:00,128.664,129.452,128.664,129.246,29694.0
2012-11-01 21:00:00+00:00,129.239,129.61,128.7,128.894,34571.0
2012-11-02 21:00:00+00:00,128.894,128.894,128.894,128.894,2.0
2012-11-03 21:00:00+00:00,128.795,128.891,128.77,128.794,217.0
2012-11-04 22:00:00+00:00,128.789,129.077,128.006,128.294,25574.0
2012-11-05 22:00:00+00:00,128.298,128.728,127.86,128.543,25097.0
2012-11-06 22:00:00+00:00,128.547,128.847,127.41,127.877,45739.0
2012-11-07 22:00:00+00:00,127.883,127.935,126.722,127.038,31386.0
2012-11-08 22:00:00+00:00,127.033,127.47,125.96,126.37,31737.0
2012-11-09 22:00:00+00:00,126.37,126.37,126.37,126.37,1.0
2012-11-10 22:00:00+00:00,126.349,126.447,126.316,126.423,187.0
2012-11-11 22:00:00+00:00,126.419,126.548,125.982,126.215,15160.0
2012-11-12 22:00:00+00:00,126.211,126.644,125.679,125.991,28399.0
2012-11-13 22:00:00+00:00,125.986,127.516,125.986,127.12,29447.0
2012-11-14 22:00:00+00:00,127.112,128.99,126.942,128.789,43321.0
2012-11-15 22:00:00+00:00,128.782,129.286,128.262,129.107,37604.0
2012-11-17 22:00:00+00:00,129.293,129.376,129.283,129.306,343.0
2012-11-18 22:00:00+00:00,129.3,129.732,128.93,129.516,32707.0
2012-11-19 22:00:00+00:00,129.497,130.194,129.03,130.083,36478.0
2012-11-20 22:00:00+00:00,130.096,131.698,130.014,131.653,42483.0
2012-11-21 22:00:00+00:00,131.645,132.328,131.088,131.438,35174.0
2012-11-22 22:00:00+00:00,131.453,132.228,130.803,132.073,33166.0
2012-11-23 22:00:00+00:00,132.073,132.073,132.073,132.073,1.0
2012-11-24 22:00:00+00:00,131.991,132.075,131.91,132.025,414.0
2012-11-25 22:00:00+00:00,132.03,132.451,131.137,131.551,32423.0
2012-11-26 22:00:00+00:00,131.564,132.094,131.188,131.624,35785.0
2012-11-27 22:00:00+00:00,131.629,131.692,130.466,131.441,41762.0
2012-11-28 22:00:00+00:00,131.436,131.86,131.258,131.723,38755.0
2012-11-29 22:00:00+00:00,131.718,132.806,131.582,132.069,41975.0
2012-12-02 22:00:00+00:00,132.069,132.546,131.606,132.349,33116.0
2012-12-03 22:00:00+00:00,132.37,132.439,131.564,131.86,33620.0
2012-12-04 22:00:00+00:00,131.854,132.754,131.696,132.75,40469.0
2012-12-05 22:00:00+00:00,132.746,132.911,132.06,132.257,36504.0
2012-12-06 22:00:00+00:00,132.261,132.613,131.693,132.339,39671.0
2012-12-07 22:00:00+00:00,132.339,132.339,132.339,132.339,1.0
2012-12-09 22:00:00+00:00,132.345,132.48,131.677,132.393,27251.0
2012-12-10 22:00:00+00:00,132.389,133.094,132.351,132.975,26965.0
2012-12-11 22:00:00+00:00,132.979,134.624,132.889,134.455,40604.0
2012-12-12 22:00:00+00:00,134.46,135.081,134.149,134.779,41880.0
2012-12-13 22:00:00+00:00,134.778,135.408,134.31,135.08,94504.0
2012-12-15 22:00:00+00:00,136.379,136.398,136.274,136.35,1343.0
2012-12-16 22:00:00+00:00,136.351,136.394,135.457,135.936,82422.0
2012-12-17 22:00:00+00:00,135.932,136.922,135.752,136.852,66555.0
2012-12-18 22:00:00+00:00,136.856,137.868,136.774,137.139,76416.0
2012-12-19 22:00:00+00:00,137.137,137.555,136.228,137.362,89334.0
2012-12-20 22:00:00+00:00,137.366,137.414,135.894,136.22,90290.0
2012-12-22 22:00:00+00:00,136.442,136.469,136.281,136.304,1066.0
2012-12-23 22:00:00+00:00,136.295,136.946,136.211,136.762,45196.0
2012-12-25 22:00:00+00:00,136.762,138.234,136.762,138.194,31356.0
2012-12-26 22:00:00+00:00,138.202,139.192,137.918,138.631,96854.0
2012-12-27 22:00:00+00:00,138.627,139.534,138.204,138.788,93454.0
2012-12-29 22:00:00+00:00,138.852,138.89,138.622,138.814,1260.0
2012-12-30 22:00:00+00:00,138.808,140.952,138.54,140.678,67753.0
2013-01-01 22:00:00+00:00,141.04,142.77,141.04,141.976,118939.0
2013-01-02 22:00:00+00:00,141.975,141.999,140.184,140.515,88732.0
2013-01-03 22:00:00+00:00,140.512,141.812,140.434,141.655,123629.0
2013-01-04 22:00:00+00:00,141.655,141.655,141.655,141.655,1.0
2013-01-05 22:00:00+00:00,141.749,141.776,141.638,141.658,658.0
2013-01-06 22:00:00+00:00,141.654,142.082,140.511,141.483,94890.0
2013-01-07 22:00:00+00:00,141.479,141.543,139.476,139.765,105800.0
2013-01-08 22:00:00+00:00,139.766,141.038,139.403,140.806,105701.0
2013-01-09 22:00:00+00:00,140.805,143.546,140.783,143.538,121212.0
2013-01-10 22:00:00+00:00,143.54,144.423,143.009,143.876,132984.0
2013-01-11 22:00:00+00:00,143.876,143.876,143.876,143.876,1.0
2013-01-12 22:00:00+00:00,144.0,144.1,143.902,144.062,1664.0
2013-01-13 22:00:00+00:00,144.054,144.81,142.853,143.862,108157.0
2013-01-14 22:00:00+00:00,143.864,144.19,141.654,142.64,148728.0
2013-01-15 22:00:00+00:00,142.638,142.816,140.515,141.47,144203.0
2013-01-16 22:00:00+00:00,141.47,144.266,140.874,143.744,159509.0
2013-01-17 22:00:00+00:00,143.746,144.126,142.52,142.964,147403.0
2013-01-18 22:00:00+00:00,142.964,142.964,142.964,142.964,3.0
2013-01-19 22:00:00+00:00,142.748,142.886,142.678,142.797,2090.0
2013-01-20 22:00:00+00:00,142.809,143.072,141.768,141.846,102886.0
2013-01-21 22:00:00+00:00,141.85,142.846,139.793,140.504,174239.0
2013-01-22 22:00:00+00:00,140.513,140.848,139.266,140.409,123994.0
2013-01-23 22:00:00+00:00,140.409,142.927,139.879,142.631,136537.0
2013-01-24 22:00:00+00:00,142.633,144.247,142.489,143.594,132844.0
2013-01-26 22:00:00+00:00,143.52,143.616,143.436,143.508,1650.0
2013-01-27 22:00:00+00:00,143.506,143.994,142.192,142.598,114290.0
2013-01-28 22:00:00+00:00,142.591,143.146,141.898,143.008,120559.0
2013-01-29 22:00:00+00:00,143.008,144.216,142.902,143.918,120392.0
2013-01-30 22:00:00+00:00,143.918,145.524,143.446,145.432,116961.0
2013-01-31 22:00:00+00:00,145.432,146.488,144.906,145.672,152389.0
2013-02-01 22:00:00+00:00,145.672,145.672,145.672,145.672,1.0
2013-02-02 22:00:00+00:00,145.592,145.672,145.492,145.61,1570.0
2013-02-03 22:00:00+00:00,145.614,146.616,145.206,145.594,120492.0
2013-02-04 22:00:00+00:00,145.598,147.259,144.86,146.618,154637.0
2013-02-05 22:00:00+00:00,146.618,147.257,145.948,146.621,137052.0
2013-02-06 22:00:00+00:00,146.624,147.978,146.01,147.139,160264.0
2013-02-07 22:00:00+00:00,147.134,147.304,145.061,146.436,154836.0
2013-02-08 22:00:00+00:00,146.436,146.436,146.436,146.436,1.0
2013-02-10 22:00:00+00:00,146.548,147.93,145.873,147.688,260038.0
2013-02-11 22:00:00+00:00,147.694,147.79,145.284,146.41,360741.0
2013-02-12 22:00:00+00:00,146.412,146.612,144.979,145.146,298675.0
2013-02-13 22:00:00+00:00,145.142,145.394,143.58,143.906,298346.0
2013-02-14 22:00:00+00:00,143.908,145.643,142.77,145.088,367928.0
2013-02-15 22:00:00+00:00,145.088,145.088,145.088,145.088,2.0
2013-02-17 22:00:00+00:00,145.268,145.903,145.034,145.305,196408.0
2013-02-18 22:00:00+00:00,145.304,145.38,143.891,144.339,220126.0
2013-02-19 22:00:00+00:00,144.338,144.746,142.508,142.544,278576.0
2013-02-20 22:00:00+00:00,142.542,142.961,141.337,142.03,298557.0
2013-02-21 22:00:00+00:00,142.027,143.084,141.564,141.643,255239.0
2013-02-24 22:00:00+00:00,142.55,142.805,137.885,139.236,428306.0
2013-02-25 22:00:00+00:00,139.237,140.593,137.836,139.112,482988.0
2013-02-27 22:00:00+00:00,139.818,140.897,139.476,140.354,265147.0
2013-02-28 22:00:00+00:00,140.353,140.923,139.118,140.739,283577.0
2013-03-01 22:00:00+00:00,140.739,140.739,140.739,140.739,1.0
2013-03-03 22:00:00+00:00,140.882,141.31,140.219,141.298,212741.0
2013-03-04 22:00:00+00:00,141.294,141.45,140.587,141.12,224178.0
2013-03-05 22:00:00+00:00,141.12,141.502,140.702,141.271,202095.0
2013-03-06 22:00:00+00:00,141.273,143.019,140.572,142.368,290747.0
2013-03-07 22:00:00+00:00,142.372,144.777,142.302,143.288,315591.0
2013-03-08 22:00:00+00:00,143.288,143.288,143.288,143.288,1.0
2013-03-10 21:00:00+00:00,143.227,143.797,142.819,143.601,190491.0
2013-03-11 21:00:00+00:00,143.602,144.14,142.016,143.195,284727.0
2013-03-12 21:00:00+00:00,143.196,143.824,142.646,143.442,265692.0
2013-03-13 21:00:00+00:00,143.442,145.026,143.03,144.966,272244.0
2013-03-14 21:00:00+00:00,144.965,145.879,143.806,144.008,281091.0
2013-03-15 21:00:00+00:00,144.008,144.008,144.008,144.008,1.0
2013-03-17 21:00:00+00:00,142.724,144.358,142.318,143.83,329643.0
2013-03-18 21:00:00+00:00,143.83,144.641,143.166,143.69,290891.0
2013-03-19 21:00:00+00:00,143.686,145.27,143.242,144.968,304351.0
2013-03-20 21:00:00+00:00,144.966,145.225,143.428,143.994,322607.0
2013-03-21 21:00:00+00:00,143.994,144.546,143.03,143.873,197044.0
2013-03-24 21:00:00+00:00,143.832,144.793,141.896,142.894,209596.0
2013-03-25 21:00:00+00:00,142.896,143.548,142.485,143.175,172454.0
2013-03-26 21:00:00+00:00,143.173,143.816,142.044,142.902,162105.0
2013-03-27 21:00:00+00:00,142.904,143.11,142.208,143.036,161160.0
2013-03-28 21:00:00+00:00,143.032,143.295,142.617,143.161,110361.0
2013-03-31 21:00:00+00:00,143.239,143.408,141.823,141.986,121212.0
2013-04-01 21:00:00+00:00,141.986,142.128,140.96,141.12,162786.0
2013-04-02 21:00:00+00:00,141.119,141.538,140.47,140.778,152442.0
2013-04-03 21:00:00+00:00,140.778,146.823,140.392,146.758,278150.0
2013-04-04 21:00:00+00:00,146.756,150.049,145.962,149.608,290101.0
2013-04-07 21:00:00+00:00,150.366,151.8,150.316,151.574,240699.0
2013-04-08 21:00:00+00:00,151.576,152.395,150.568,151.734,223509.0
2013-04-09 21:00:00+00:00,151.73,153.06,151.386,152.976,205051.0
2013-04-10 21:00:00+00:00,152.98,153.872,152.306,153.35,207450.0
2013-04-11 21:00:00+00:00,153.355,153.556,150.576,150.98,218118.0
2013-04-12 21:00:00+00:00,150.98,150.98,150.98,150.98,2.0
2013-04-14 21:00:00+00:00,150.688,151.739,147.192,147.906,292480.0
2013-04-15 21:00:00+00:00,147.908,150.297,146.444,149.83,280388.0
2013-04-16 21:00:00+00:00,149.83,151.174,148.12,149.516,279620.0
2013-04-17 21:00:00+00:00,149.515,150.491,148.742,149.991,247593.0
2013-04-18 21:00:00+00:00,149.992,152.528,149.882,151.586,231166.0
2013-04-21 21:00:00+00:00,152.054,152.238,150.896,151.724,204013.0
2013-04-22 21:00:00+00:00,151.724,152.029,149.972,151.591,239953.0
2013-04-23 21:00:00+00:00,151.595,152.302,151.1,151.922,198850.0
2013-04-24 21:00:00+00:00,151.914,153.776,151.43,153.19,208780.0
2013-04-25 21:00:00+00:00,153.192,153.434,151.128,151.728,254219.0
2013-04-28 21:00:00+00:00,151.7,152.22,151.054,151.522,180151.0
2013-04-29 21:00:00+00:00,151.525,151.992,150.752,151.36,198936.0
2013-04-30 21:00:00+00:00,151.364,152.244,150.858,151.491,168047.0
2013-05-01 21:00:00+00:00,151.492,153.252,150.958,152.131,208456.0
2013-05-02 21:00:00+00:00,152.129,154.69,152.06,154.178,177823.0
2013-05-05 21:00:00+00:00,154.43,154.796,154.16,154.355,104500.0
2013-05-06 21:00:00+00:00,154.36,154.502,153.02,153.286,166201.0
2013-05-07 21:00:00+00:00,153.287,154.127,152.738,153.794,163695.0
2013-05-08 21:00:00+00:00,153.794,155.822,153.272,155.407,216041.0
2013-05-09 21:00:00+00:00,155.409,156.686,155.329,156.09,256680.0
2013-05-12 21:00:00+00:00,156.46,156.776,155.57,155.786,192964.0
2013-05-13 21:00:00+00:00,155.786,156.066,154.974,155.758,220028.0
2013-05-14 21:00:00+00:00,155.758,156.47,155.396,155.774,235832.0
2013-05-15 21:00:00+00:00,155.776,156.513,155.372,156.15,238716.0
2013-05-16 21:00:00+00:00,156.149,156.707,155.692,156.577,218942.0
2013-05-19 21:00:00+00:00,156.119,156.356,155.015,156.018,208063.0
2013-05-20 21:00:00+00:00,156.02,156.554,155.14,155.31,219864.0
2013-05-21 21:00:00+00:00,155.306,156.114,154.562,155.248,296482.0
2013-05-22 21:00:00+00:00,155.248,155.596,151.794,154.118,370646.0
2013-05-23 21:00:00+00:00,154.118,154.762,152.276,153.191,322025.0
2013-05-26 21:00:00+00:00,152.957,153.267,152.384,152.442,149398.0
2013-05-27 21:00:00+00:00,152.442,154.662,152.44,153.963,257727.0
2013-05-28 21:00:00+00:00,153.962,154.044,152.24,153.066,295562.0
2013-05-29 21:00:00+00:00,153.07,154.032,152.254,153.432,317275.0
2013-05-30 21:00:00+00:00,153.434,154.239,152.382,152.683,317093.0
2013-06-02 21:00:00+00:00,152.761,153.251,151.943,152.489,277151.0
2013-06-03 21:00:00+00:00,152.49,153.816,152.297,153.157,259968.0
2013-06-04 21:00:00+00:00,153.156,153.76,152.4,152.602,303463.0
2013-06-05 21:00:00+00:00,152.605,153.59,150.34,151.28,351118.0
2013-06-06 21:00:00+00:00,151.281,152.049,148.204,151.77,451916.0
2013-06-09 21:00:00+00:00,151.838,154.208,151.832,153.803,287865.0
2013-06-10 21:00:00+00:00,153.806,154.248,149.37,150.24,405132.0
2013-06-11 21:00:00+00:00,150.24,152.036,149.302,150.572,314000.0
2013-06-12 21:00:00+00:00,150.569,150.616,147.11,149.924,380228.0
2013-06-13 21:00:00+00:00,149.926,150.588,147.414,147.799,333706.0
2013-06-16 21:00:00+00:00,148.161,149.458,147.916,148.578,224515.0
2013-06-17 21:00:00+00:00,148.578,149.609,148.438,149.112,231625.0
2013-06-18 21:00:00+00:00,149.11,150.318,148.281,149.336,260753.0
2013-06-19 21:00:00+00:00,149.334,151.932,148.884,150.877,372457.0
2013-06-20 21:00:00+00:00,150.883,151.93,149.75,150.956,303844.0
2013-06-23 21:00:00+00:00,150.597,151.754,149.721,150.831,319892.0
2013-06-24 21:00:00+00:00,150.831,151.472,149.683,150.851,273860.0
2013-06-25 21:00:00+00:00,150.856,151.395,149.258,149.657,256091.0
2013-06-26 21:00:00+00:00,149.654,150.616,149.373,150.072,229189.0
2013-06-27 21:00:00+00:00,150.07,151.184,150.036,150.81,246678.0
2013-06-30 21:00:00+00:00,150.9,152.072,150.836,151.648,185295.0
2013-07-01 21:00:00+00:00,151.646,152.738,151.26,152.52,193078.0
2013-07-02 21:00:00+00:00,152.52,153.026,151.243,152.686,246948.0
2013-07-03 21:00:00+00:00,152.684,152.874,150.296,150.774,204247.0
2013-07-04 21:00:00+00:00,150.776,151.121,149.496,150.63,236559.0
2013-07-07 21:00:00+00:00,150.632,151.14,150.206,150.949,179992.0
2013-07-08 21:00:00+00:00,150.95,151.613,149.785,150.376,199282.0
2013-07-09 21:00:00+00:00,150.376,150.462,148.787,149.679,248829.0
2013-07-10 21:00:00+00:00,149.681,150.639,148.948,150.267,369727.0
2013-07-11 21:00:00+00:00,150.262,150.672,149.428,149.88,213974.0
2013-07-14 21:00:00+00:00,150.222,151.298,149.688,150.79,155809.0
2013-07-15 21:00:00+00:00,150.788,151.12,149.804,150.226,202175.0
2013-07-16 21:00:00+00:00,150.226,152.051,149.932,151.498,227442.0
2013-07-17 21:00:00+00:00,151.498,153.106,151.376,152.906,200784.0
2013-07-18 21:00:00+00:00,152.905,153.681,152.179,153.629,205521.0
2013-07-21 21:00:00+00:00,153.389,153.618,152.367,153.088,198820.0
2013-07-22 21:00:00+00:00,153.086,153.674,152.344,152.933,196535.0
2013-07-23 21:00:00+00:00,152.933,154.054,152.824,153.548,202117.0
2013-07-24 21:00:00+00:00,153.548,153.839,152.254,152.798,235935.0
2013-07-25 21:00:00+00:00,152.796,152.929,150.73,151.178,225043.0
2013-07-28 21:00:00+00:00,150.862,151.288,150.007,150.251,190843.0
2013-07-29 21:00:00+00:00,150.25,150.928,149.195,149.38,184129.0
2013-07-30 21:00:00+00:00,149.378,149.528,148.294,148.836,244627.0
2013-07-31 21:00:00+00:00,148.836,150.692,148.26,150.508,227799.0
2013-08-01 21:00:00+00:00,150.51,151.588,150.214,151.293,219815.0
2013-08-04 21:00:00+00:00,151.292,151.521,150.334,150.937,178389.0
2013-08-05 21:00:00+00:00,150.934,151.441,149.892,150.018,181193.0
2013-08-06 21:00:00+00:00,150.019,150.702,147.62,149.208,252156.0
2013-08-07 21:00:00+00:00,149.208,150.32,148.94,150.22,208588.0
2013-08-08 21:00:00+00:00,150.215,150.659,149.087,149.127,165193.0
2013-08-11 21:00:00+00:00,149.208,149.932,148.867,149.825,152404.0
2013-08-12 21:00:00+00:00,149.825,152.102,149.759,151.714,192830.0
2013-08-13 21:00:00+00:00,151.714,152.588,151.202,152.116,173354.0
2013-08-14 21:00:00+00:00,152.116,153.252,151.498,152.29,251448.0
2013-08-15 21:00:00+00:00,152.289,152.763,151.789,152.378,178858.0
2013-08-18 21:00:00+00:00,152.485,153.578,152.213,152.656,170259.0
2013-08-19 21:00:00+00:00,152.654,153.122,151.744,152.402,185390.0
2013-08-20 21:00:00+00:00,152.401,153.648,152.126,152.992,206805.0
2013-08-21 21:00:00+00:00,152.994,154.028,152.66,153.884,194927.0
2013-08-22 21:00:00+00:00,153.881,154.678,153.42,153.722,182647.0
2013-08-25 21:00:00+00:00,153.442,153.982,153.244,153.45,119335.0
2013-08-26 21:00:00+00:00,153.449,153.495,150.708,150.848,190093.0
2013-08-27 21:00:00+00:00,150.848,151.902,150.48,151.59,188221.0
2013-08-28 21:00:00+00:00,151.588,152.667,151.514,152.478,171629.0
2013-08-29 21:00:00+00:00,152.476,152.669,151.686,152.196,165765.0
2013-09-01 21:00:00+00:00,152.916,154.934,152.41,154.406,157122.0
2013-09-02 21:00:00+00:00,154.402,155.476,154.374,154.909,190706.0
2013-09-03 21:00:00+00:00,154.91,156.002,154.765,155.853,160233.0
2013-09-04 21:00:00+00:00,155.846,156.434,155.503,156.066,188924.0
2013-09-05 21:00:00+00:00,156.066,156.225,154.138,154.925,192651.0
2013-09-08 21:00:00+00:00,155.735,156.644,155.512,156.292,155540.0
2013-09-09 21:00:00+00:00,156.29,158.058,156.18,157.95,154841.0
2013-09-10 21:00:00+00:00,157.95,158.555,157.524,158.008,170890.0
2013-09-11 21:00:00+00:00,158.01,158.234,156.7,157.318,181649.0
2013-09-12 21:00:00+00:00,157.315,157.974,157.142,157.755,162873.0
2013-09-15 21:00:00+00:00,157.211,157.942,157.023,157.488,134325.0
2013-09-16 21:00:00+00:00,157.482,158.164,157.426,157.648,133585.0
2013-09-17 21:00:00+00:00,157.647,158.253,157.336,158.126,200016.0
2013-09-18 21:00:00+00:00,158.129,159.992,158.083,159.44,206307.0
2013-09-19 21:00:00+00:00,159.44,159.694,158.954,158.998,144469.0
2013-09-22 21:00:00+00:00,158.88,159.058,158.207,158.574,132476.0
2013-09-23 21:00:00+00:00,158.574,158.968,157.35,158.032,151663.0
2013-09-24 21:00:00+00:00,158.031,158.835,157.382,158.284,142752.0
2013-09-25 21:00:00+00:00,158.286,159.272,158.03,158.788,165048.0
2013-09-26 21:00:00+00:00,158.788,159.131,158.26,158.576,160860.0
2013-09-27 21:00:00+00:00,158.511,158.673,158.503,158.574,43.0
2013-09-29 21:00:00+00:00,157.68,159.426,157.402,159.055,194094.0
2013-09-30 21:00:00+00:00,159.044,159.96,158.452,158.71,211466.0
2013-10-01 21:00:00+00:00,158.71,158.816,157.506,157.942,188601.0
2013-10-02 21:00:00+00:00,157.942,158.85,156.711,157.143,186891.0
2013-10-03 21:00:00+00:00,157.145,157.376,155.732,156.048,170308.0
2013-10-06 21:00:00+00:00,155.785,156.184,155.448,155.665,133383.0
2013-10-07 21:00:00+00:00,155.665,156.665,155.396,155.81,164604.0
2013-10-08 21:00:00+00:00,155.813,156.566,154.731,155.306,179537.0
2013-10-09 21:00:00+00:00,155.306,157.007,155.288,156.73,160857.0
2013-10-10 21:00:00+00:00,156.73,157.53,156.45,157.302,142666.0
2013-10-13 21:00:00+00:00,156.966,157.631,156.724,157.547,86274.0
2013-10-14 21:00:00+00:00,157.544,157.728,156.763,157.018,161147.0
2013-10-15 21:00:00+00:00,157.016,158.04,156.938,157.534,180833.0
2013-10-16 21:00:00+00:00,157.535,158.31,157.076,158.268,194514.0
2013-10-17 21:00:00+00:00,158.262,158.682,157.967,157.967,127305.0
2013-10-20 21:00:00+00:00,158.29,158.772,158.142,158.535,107140.0
2013-10-21 21:00:00+00:00,158.535,159.53,158.3,159.326,127747.0
2013-10-22 21:00:00+00:00,159.326,159.374,156.868,157.386,167078.0
2013-10-23 21:00:00+00:00,157.386,158.211,157.062,157.614,158729.0
2013-10-24 21:00:00+00:00,157.614,157.974,157.136,157.462,162838.0
2013-10-27 21:00:00+00:00,158.021,158.306,157.588,157.664,120639.0
2013-10-28 21:00:00+00:00,157.668,157.691,156.764,157.55,162116.0
2013-10-29 21:00:00+00:00,157.548,158.191,157.349,158.005,163340.0
2013-10-30 21:00:00+00:00,158.004,158.052,157.285,157.754,179169.0
2013-10-31 21:00:00+00:00,157.752,157.816,156.832,157.132,165898.0
2013-11-03 22:00:00+00:00,157.372,157.683,157.104,157.449,106545.0
2013-11-04 22:00:00+00:00,157.448,158.26,156.633,158.046,151461.0
2013-11-05 22:00:00+00:00,158.043,158.998,157.924,158.656,140166.0
2013-11-06 22:00:00+00:00,158.655,159.285,157.285,157.906,222142.0
2013-11-07 22:00:00+00:00,157.907,158.86,157.552,158.668,188968.0
2013-11-10 22:00:00+00:00,158.788,158.834,158.352,158.533,109154.0
2013-11-11 22:00:00+00:00,158.534,159.24,158.03,158.47,163946.0
2013-11-12 22:00:00+00:00,158.469,159.436,157.992,159.349,162345.0
2013-11-13 22:00:00+00:00,159.35,160.923,159.106,160.674,200624.0
2013-11-14 22:00:00+00:00,160.674,161.656,160.658,161.458,150789.0
2013-11-17 22:00:00+00:00,161.668,161.765,160.732,161.082,132782.0
2013-11-18 22:00:00+00:00,161.08,161.625,160.41,161.412,157246.0
2013-11-19 22:00:00+00:00,161.411,161.722,160.856,161.11,202723.0
2013-11-20 22:00:00+00:00,161.11,163.895,161.01,163.864,192988.0
2013-11-21 22:00:00+00:00,163.864,164.388,163.514,164.336,159396.0
2013-11-24 22:00:00+00:00,164.381,165.292,163.83,164.252,146357.0
2013-11-25 22:00:00+00:00,164.252,164.39,163.686,164.236,138650.0
2013-11-26 22:00:00+00:00,164.236,166.456,164.018,166.392,166010.0
2013-11-27 22:00:00+00:00,166.392,167.324,165.972,167.226,124979.0
2013-11-28 22:00:00+00:00,167.224,167.906,166.85,167.657,168634.0
2013-12-01 22:00:00+00:00,167.788,168.818,167.727,168.366,163751.0
2013-12-02 22:00:00+00:00,168.366,169.146,167.337,168.018,184908.0
2013-12-03 22:00:00+00:00,168.018,168.401,166.876,167.71,233778.0
2013-12-04 22:00:00+00:00,167.704,167.783,165.88,166.262,221599.0
2013-12-05 22:00:00+00:00,166.266,168.274,166.039,168.23,198584.0
2013-12-08 22:00:00+00:00,168.396,169.743,168.132,169.682,146714.0
2013-12-09 22:00:00+00:00,169.684,170.065,168.675,169.128,154400.0
2013-12-10 22:00:00+00:00,169.127,169.359,167.526,167.716,165951.0
2013-12-11 22:00:00+00:00,167.715,169.094,167.642,169.016,167891.0
2013-12-12 22:00:00+00:00,169.016,169.822,167.72,168.268,176210.0
2013-12-15 22:00:00+00:00,168.283,168.445,167.348,167.892,147895.0
2013-12-16 22:00:00+00:00,167.895,168.181,166.58,166.98,131257.0
2013-12-17 22:00:00+00:00,166.98,171.213,166.886,170.918,228119.0
2013-12-18 22:00:00+00:00,170.92,171.104,169.918,170.652,179080.0
2013-12-19 22:00:00+00:00,170.651,171.08,169.8,170.018,166598.0
2013-12-22 22:00:00+00:00,169.918,170.368,169.778,170.266,90509.0
2013-12-23 22:00:00+00:00,170.266,170.83,170.136,170.654,81332.0
2013-12-25 22:00:00+00:00,170.676,172.206,170.627,171.99,107292.0
2013-12-26 22:00:00+00:00,171.994,173.958,171.92,173.337,155230.0
2013-12-29 22:00:00+00:00,173.377,173.866,173.108,173.502,118144.0
2013-12-30 22:00:00+00:00,173.51,174.522,172.834,174.372,89457.0
2014-01-01 22:00:00+00:00,174.358,174.846,171.841,172.418,192019.0
2014-01-02 22:00:00+00:00,172.423,172.514,171.052,172.136,159338.0
2014-01-05 22:00:00+00:00,171.893,172.242,170.414,170.966,180257.0
2014-01-06 22:00:00+00:00,170.965,171.71,170.836,171.566,158228.0
2014-01-07 22:00:00+00:00,171.564,172.846,171.507,172.468,177200.0
2014-01-08 22:00:00+00:00,172.472,173.14,172.19,172.736,160012.0
2014-01-09 22:00:00+00:00,172.736,173.036,171.248,171.694,182839.0
2014-01-12 22:00:00+00:00,171.416,171.675,168.348,168.736,174483.0
2014-01-13 22:00:00+00:00,168.734,171.46,168.718,171.32,169051.0
2014-01-14 22:00:00+00:00,171.318,171.596,170.438,171.165,159296.0
2014-01-15 22:00:00+00:00,171.167,171.795,170.198,170.658,157610.0
2014-01-16 22:00:00+00:00,170.658,171.882,170.176,171.335,141210.0
2014-01-19 22:00:00+00:00,171.109,171.492,170.303,171.138,111751.0
2014-01-20 22:00:00+00:00,171.133,172.374,171.076,171.859,151742.0
2014-01-21 22:00:00+00:00,171.86,173.316,171.326,173.238,164506.0
2014-01-22 22:00:00+00:00,173.238,173.66,171.21,171.8,221170.0
2014-01-23 22:00:00+00:00,171.803,172.321,168.552,168.765,269869.0
2014-01-26 22:00:00+00:00,168.745,170.54,167.772,170.072,237294.0
2014-01-27 22:00:00+00:00,170.074,171.326,169.911,170.664,177478.0
2014-01-28 22:00:00+00:00,170.662,171.47,168.695,169.414,257532.0
2014-01-29 22:00:00+00:00,169.412,169.787,168.181,169.332,210264.0
2014-01-30 22:00:00+00:00,169.331,169.752,167.584,167.67,226974.0
2014-02-02 22:00:00+00:00,167.48,168.221,164.295,164.641,232681.0
2014-02-03 22:00:00+00:00,164.644,166.035,163.882,165.941,223174.0
2014-02-04 22:00:00+00:00,165.942,166.155,163.954,165.459,224917.0
2014-02-05 22:00:00+00:00,165.458,166.834,165.052,166.665,193075.0
2014-02-06 22:00:00+00:00,166.664,168.051,166.148,167.956,190067.0
2014-02-09 22:00:00+00:00,168.142,168.443,167.202,167.726,126369.0
2014-02-10 22:00:00+00:00,167.718,169.094,167.509,168.82,145243.0
2014-02-11 22:00:00+00:00,168.83,170.226,168.327,170.158,164415.0
2014-02-12 22:00:00+00:00,170.158,170.436,169.24,170.189,177391.0
2014-02-13 22:00:00+00:00,170.188,170.607,169.12,170.458,161726.0
2014-02-16 22:00:00+00:00,170.416,171.08,169.911,170.362,121926.0
2014-02-17 22:00:00+00:00,170.355,171.894,170.225,170.762,182982.0
2014-02-18 22:00:00+00:00,170.772,171.17,169.608,170.634,156883.0
2014-02-19 22:00:00+00:00,170.642,170.8,169.231,170.3,183026.0
2014-02-20 22:00:00+00:00,170.3,171.741,170.102,170.296,158249.0
2014-02-23 22:00:00+00:00,170.41,170.868,169.86,170.681,145684.0
2014-02-24 22:00:00+00:00,170.732,171.094,170.062,170.546,156963.0
2014-02-25 22:00:00+00:00,170.527,170.944,169.957,170.684,163486.0
2014-02-26 22:00:00+00:00,170.684,170.828,169.062,170.427,144771.0
2014-02-27 22:00:00+00:00,170.427,171.211,169.394,170.417,198744.0
2014-03-02 22:00:00+00:00,169.644,170.118,168.83,169.074,182486.0
2014-03-03 22:00:00+00:00,169.074,170.518,168.964,170.308,153070.0
2014-03-04 22:00:00+00:00,170.308,171.4,170.158,171.089,136564.0
2014-03-05 22:00:00+00:00,171.079,172.842,171.028,172.552,160508.0
2014-03-06 22:00:00+00:00,172.544,173.588,172.042,172.623,148827.0
2014-03-09 21:00:00+00:00,172.386,172.877,171.54,171.896,129482.0
2014-03-10 21:00:00+00:00,171.884,172.13,170.94,171.188,128762.0
2014-03-11 21:00:00+00:00,171.178,171.452,170.176,170.753,144675.0
2014-03-12 21:00:00+00:00,170.824,171.632,168.712,169.288,188430.0
2014-03-13 21:00:00+00:00,169.3,169.362,167.938,168.726,186775.0
2014-03-16 21:00:00+00:00,168.49,169.606,168.399,169.304,130939.0
2014-03-17 21:00:00+00:00,169.312,169.608,167.778,168.307,153434.0
2014-03-18 21:00:00+00:00,168.316,169.71,168.082,169.24,170766.0
2014-03-19 21:00:00+00:00,169.272,169.728,168.714,168.976,152292.0
2014-03-20 21:00:00+00:00,169.004,169.128,168.106,168.62,108138.0
2014-03-23 21:00:00+00:00,168.16,169.445,168.134,168.687,135786.0
2014-03-24 21:00:00+00:00,168.69,169.288,168.383,169.022,141533.0
2014-03-25 21:00:00+00:00,169.02,169.688,168.904,169.244,133320.0
2014-03-26 21:00:00+00:00,169.212,170.345,168.64,169.722,161955.0
2014-03-27 21:00:00+00:00,169.77,171.318,169.562,171.075,132178.0
2014-03-30 21:00:00+00:00,171.508,172.122,170.986,172.009,150470.0
2014-03-31 21:00:00+00:00,172.018,172.522,171.752,172.384,127837.0
2014-04-01 21:00:00+00:00,172.398,173.012,172.306,172.72,126735.0
2014-04-02 21:00:00+00:00,172.718,173.148,172.158,172.496,145516.0
2014-04-03 21:00:00+00:00,172.496,172.517,171.02,171.194,149600.0
2014-04-06 21:00:00+00:00,171.143,171.604,170.684,171.202,113537.0
2014-04-07 21:00:00+00:00,171.212,171.562,170.016,170.498,176448.0
2014-04-08 21:00:00+00:00,170.498,171.318,170.463,171.274,138077.0
2014-04-09 21:00:00+00:00,171.256,171.635,170.085,170.412,164945.0
2014-04-10 21:00:00+00:00,170.374,170.917,169.508,170.043,160766.0
2014-04-13 21:00:00+00:00,169.952,170.514,169.586,170.376,129548.0
2014-04-14 21:00:00+00:00,170.372,170.687,169.501,170.5,148762.0
2014-04-15 21:00:00+00:00,170.501,172.108,170.298,171.718,132787.0
2014-04-16 21:00:00+00:00,171.718,172.118,171.463,171.949,106742.0
2014-04-17 21:00:00+00:00,171.964,172.19,171.8,171.949,45729.0
2014-04-20 21:00:00+00:00,172.031,172.504,171.948,172.282,53490.0
2014-04-21 21:00:00+00:00,172.313,172.748,172.028,172.642,95178.0
2014-04-22 21:00:00+00:00,172.65,172.798,171.368,172.074,114958.0
2014-04-23 21:00:00+00:00,172.076,172.204,171.484,171.902,116333.0
2014-04-24 21:00:00+00:00,171.91,172.269,171.389,171.709,104571.0
2014-04-27 21:00:00+00:00,171.747,172.584,171.265,172.259,126395.0
2014-04-28 21:00:00+00:00,172.266,172.913,172.232,172.714,130610.0
2014-04-29 21:00:00+00:00,172.727,172.749,171.943,172.504,212704.0
2014-04-30 21:00:00+00:00,172.466,172.94,172.396,172.852,110580.0
2014-05-01 21:00:00+00:00,172.844,173.481,172.38,172.478,183464.0
2014-05-04 21:00:00+00:00,172.473,172.606,171.78,172.286,104076.0
2014-05-05 21:00:00+00:00,172.266,172.954,172.205,172.611,205164.0
2014-05-06 21:00:00+00:00,172.602,172.99,172.148,172.752,229013.0
2014-05-07 21:00:00+00:00,172.767,172.863,171.87,172.138,258463.0
2014-05-08 21:00:00+00:00,172.117,172.31,171.221,171.683,171793.0
2014-05-11 21:00:00+00:00,171.634,172.512,171.498,172.242,145437.0
2014-05-12 21:00:00+00:00,172.282,172.746,171.917,172.058,172853.0
2014-05-13 21:00:00+00:00,172.052,172.366,170.607,170.858,218987.0
2014-05-14 21:00:00+00:00,170.812,171.036,170.168,170.558,273419.0
2014-05-15 21:00:00+00:00,170.532,171.023,170.234,170.708,172297.0
2014-05-18 21:00:00+00:00,170.775,170.97,170.024,170.657,187258.0
2014-05-19 21:00:00+00:00,170.67,170.992,170.384,170.624,159715.0
2014-05-20 21:00:00+00:00,170.648,171.496,169.805,171.304,203385.0
2014-05-21 21:00:00+00:00,171.334,171.868,171.22,171.636,187553.0
2014-05-22 21:00:00+00:00,171.654,171.8,171.268,171.719,124939.0
2014-05-25 21:00:00+00:00,171.612,171.809,171.48,171.706,72026.0
2014-05-26 21:00:00+00:00,171.674,171.982,171.286,171.403,135259.0
2014-05-27 21:00:00+00:00,171.438,171.53,169.895,170.19,142098.0
2014-05-28 21:00:00+00:00,170.212,170.238,169.541,170.152,142115.0
2014-05-29 21:00:00+00:00,170.139,170.712,169.793,170.505,133997.0
2014-06-01 21:00:00+00:00,170.804,171.624,170.46,171.45,139562.0
2014-06-02 21:00:00+00:00,171.484,171.82,171.272,171.698,100625.0
2014-06-03 21:00:00+00:00,171.745,172.078,171.356,171.979,109625.0
2014-06-04 21:00:00+00:00,171.989,172.317,171.607,172.266,138669.0
2014-06-05 21:00:00+00:00,172.229,172.516,171.836,172.156,117071.0
2014-06-08 21:00:00+00:00,172.282,172.552,172.01,172.278,77586.0
2014-06-09 21:00:00+00:00,172.222,172.355,171.356,171.501,100792.0
2014-06-10 21:00:00+00:00,171.527,171.804,170.972,171.373,100392.0
2014-06-11 21:00:00+00:00,171.374,172.27,171.042,172.157,144082.0
2014-06-12 21:00:00+00:00,172.171,173.373,172.122,173.163,166545.0
2014-06-15 21:00:00+00:00,173.249,173.28,172.73,172.961,105176.0
2014-06-16 21:00:00+00:00,172.971,173.451,172.835,173.295,96408.0
2014-06-17 21:00:00+00:00,173.288,173.804,172.849,173.206,138145.0
2014-06-18 21:00:00+00:00,173.146,173.788,173.005,173.697,104572.0
2014-06-19 21:00:00+00:00,173.73,174.097,173.548,173.656,84468.0
2014-06-22 21:00:00+00:00,173.756,173.832,173.178,173.556,77701.0
2014-06-23 21:00:00+00:00,173.578,173.718,172.942,173.212,95779.0
2014-06-24 21:00:00+00:00,173.204,173.23,172.737,173.01,94582.0
2014-06-25 21:00:00+00:00,172.992,173.447,172.615,173.216,101491.0
2014-06-26 21:00:00+00:00,173.23,173.23,172.463,172.796,91470.0
2014-06-29 21:00:00+00:00,172.735,173.419,172.379,173.33,86853.0
2014-06-30 21:00:00+00:00,173.33,174.292,173.27,174.122,87205.0
2014-07-01 21:00:00+00:00,174.106,174.807,174.006,174.712,78921.0
2014-07-02 21:00:00+00:00,174.684,175.37,174.507,175.32,98688.0
2014-07-03 21:00:00+00:00,175.28,175.366,174.84,175.155,54870.0
2014-07-06 21:00:00+00:00,175.226,175.268,174.282,174.46,62136.0
2014-07-07 21:00:00+00:00,174.486,174.562,173.728,174.014,74959.0
2014-07-08 21:00:00+00:00,173.986,174.422,173.814,174.388,78568.0
2014-07-09 21:00:00+00:00,174.376,174.44,172.958,173.62,92520.0
2014-07-10 21:00:00+00:00,173.641,173.809,173.094,173.311,72430.0
2014-07-13 21:00:00+00:00,173.584,174.008,173.35,173.464,66750.0
2014-07-14 21:00:00+00:00,173.46,174.554,173.285,174.325,97879.0
2014-07-15 21:00:00+00:00,174.294,174.438,174.01,174.264,70746.0
2014-07-16 21:00:00+00:00,174.295,174.295,172.994,173.006,82215.0
2014-07-17 21:00:00+00:00,173.016,173.589,172.682,173.136,90299.0
2014-07-20 21:00:00+00:00,173.168,173.286,172.803,173.134,58463.0
2014-07-21 21:00:00+00:00,173.118,173.472,172.982,173.139,82439.0
2014-07-22 21:00:00+00:00,173.162,173.336,172.608,172.97,99582.0
2014-07-23 21:00:00+00:00,172.98,173.078,172.63,172.94,86674.0
2014-07-24 21:00:00+00:00,172.923,173.173,172.654,172.847,75700.0
2014-07-27 21:00:00+00:00,172.821,173.096,172.76,173.002,55476.0
2014-07-28 21:00:00+00:00,172.989,173.217,172.726,173.028,77074.0
2014-07-29 21:00:00+00:00,173.04,174.234,172.92,173.862,122844.0
2014-07-30 21:00:00+00:00,173.888,174.006,173.41,173.57,91278.0
2014-07-31 21:00:00+00:00,173.562,173.853,172.391,172.592,131108.0
2014-08-03 21:00:00+00:00,172.644,173.012,172.448,172.972,67491.0
2014-08-04 21:00:00+00:00,172.932,173.507,172.782,173.242,86951.0
2014-08-05 21:00:00+00:00,173.242,173.284,171.566,172.086,105126.0
2014-08-06 21:00:00+00:00,172.086,172.625,171.712,171.858,109965.0
2014-08-07 21:00:00+00:00,171.756,171.916,170.712,171.152,138481.0
2014-08-10 21:00:00+00:00,171.464,171.622,171.236,171.547,30838.0
2014-08-11 21:00:00+00:00,171.572,171.974,171.386,171.913,35886.0
2014-08-12 21:00:00+00:00,171.926,172.616,170.86,170.926,51780.0
2014-08-13 21:00:00+00:00,170.976,171.236,170.658,170.956,38252.0
2014-08-14 21:00:00+00:00,170.956,171.454,170.434,170.866,49861.0
2014-08-17 21:00:00+00:00,171.234,171.683,171.021,171.574,26068.0
2014-08-18 21:00:00+00:00,171.574,171.64,170.7,171.015,35923.0
2014-08-19 21:00:00+00:00,171.043,172.314,170.962,172.186,59844.0
2014-08-20 21:00:00+00:00,172.174,172.4,171.884,172.178,41857.0
2014-08-21 21:00:00+00:00,172.178,172.632,171.621,172.268,55232.0
2014-08-24 21:00:00+00:00,172.526,172.696,172.308,172.508,38185.0
2014-08-25 21:00:00+00:00,172.492,172.598,172.116,172.126,47599.0
2014-08-26 21:00:00+00:00,172.123,172.54,172.07,172.204,46839.0
2014-08-27 21:00:00+00:00,172.17,172.299,171.68,172.037,54649.0
2014-08-28 21:00:00+00:00,172.08,172.872,171.953,172.768,50302.0
2014-08-31 21:00:00+00:00,172.88,173.42,172.738,173.296,30767.0
2014-09-01 21:00:00+00:00,173.272,173.959,173.014,173.081,60315.0
2014-09-02 21:00:00+00:00,173.08,173.38,172.386,172.51,60508.0
2014-09-03 21:00:00+00:00,172.496,172.783,171.76,171.92,73816.0
2014-09-04 21:00:00+00:00,171.871,172.273,170.978,171.578,83751.0
2014-09-07 21:00:00+00:00,169.746,171.11,169.346,170.751,86739.0
2014-09-08 21:00:00+00:00,170.748,171.532,170.532,171.064,91756.0
2014-09-09 21:00:00+00:00,171.03,173.274,171.001,173.221,116970.0
2014-09-10 21:00:00+00:00,173.234,174.25,172.778,174.11,104408.0
2014-09-11 21:00:00+00:00,173.789,174.672,173.698,174.63,84371.0
2014-09-14 21:00:00+00:00,174.545,174.648,173.844,173.992,64177.0
2014-09-15 21:00:00+00:00,173.989,174.485,172.994,174.371,48315.0
2014-09-16 21:00:00+00:00,174.309,176.456,174.152,176.38,63454.0
2014-09-17 21:00:00+00:00,176.384,178.362,176.182,178.218,63014.0
2014-09-18 21:00:00+00:00,178.206,180.714,177.477,177.602,82540.0
2014-09-21 21:00:00+00:00,177.789,178.372,177.538,178.068,44697.0
2014-09-22 21:00:00+00:00,178.072,178.748,176.644,178.449,46280.0
2014-09-23 21:00:00+00:00,178.48,178.491,177.646,178.179,45209.0
2014-09-24 21:00:00+00:00,178.198,178.504,177.142,177.445,62682.0
2014-09-25 21:00:00+00:00,177.419,178.106,177.155,177.586,50187.0
2014-09-28 21:00:00+00:00,177.482,178.185,177.226,177.822,49135.0
2014-09-29 21:00:00+00:00,177.835,178.112,177.372,177.768,54267.0
2014-09-30 21:00:00+00:00,177.747,178.124,176.185,176.241,58203.0
2014-10-01 21:00:00+00:00,176.246,176.648,174.322,175.04,77693.0
2014-10-02 21:00:00+00:00,175.058,175.912,174.968,175.287,52556.0
2014-10-05 21:00:00+00:00,175.193,175.577,174.472,174.952,44791.0
2014-10-06 21:00:00+00:00,174.956,175.136,173.691,173.878,66226.0
2014-10-07 21:00:00+00:00,173.878,174.966,173.444,174.747,74015.0
2014-10-08 21:00:00+00:00,174.722,175.012,173.584,173.804,77489.0
2014-10-09 21:00:00+00:00,173.838,174.004,172.743,173.064,62433.0
2014-10-12 21:00:00+00:00,172.874,173.024,171.737,171.851,53241.0
2014-10-13 21:00:00+00:00,171.818,172.487,169.93,170.264,69602.0
2014-10-14 21:00:00+00:00,170.255,171.15,168.022,169.695,123819.0
2014-10-15 21:00:00+00:00,169.659,171.22,168.464,171.068,114695.0
2014-10-16 21:00:00+00:00,171.078,172.068,170.204,172.01,71320.0
2014-10-19 21:00:00+00:00,172.674,173.006,172.237,172.868,54065.0
2014-10-20 21:00:00+00:00,172.9,172.95,171.799,172.425,58233.0
2014-10-21 21:00:00+00:00,172.494,172.682,171.074,171.966,53138.0
2014-10-22 21:00:00+00:00,171.962,173.664,171.712,173.55,51957.0
2014-10-23 21:00:00+00:00,173.559,174.034,172.974,174.034,52062.0
2014-10-26 21:00:00+00:00,174.259,174.298,173.394,173.806,42947.0
2014-10-27 21:00:00+00:00,173.81,174.747,173.696,174.485,41963.0
2014-10-28 21:00:00+00:00,174.49,174.694,174.001,174.366,46640.0
2014-10-29 21:00:00+00:00,174.324,175.168,173.994,174.76,56490.0
2014-10-30 21:00:00+00:00,174.778,179.822,174.678,179.692,99520.0
2014-11-02 22:00:00+00:00,179.944,182.531,179.666,182.146,63824.0
2014-11-03 22:00:00+00:00,182.074,182.132,181.13,181.802,66450.0
2014-11-04 22:00:00+00:00,181.792,183.447,181.513,183.162,78166.0
2014-11-05 22:00:00+00:00,183.154,184.329,181.873,182.39,95696.0
2014-11-06 22:00:00+00:00,182.4,182.903,181.232,181.885,87735.0
2014-11-09 22:00:00+00:00,181.896,182.259,181.081,181.964,57293.0
2014-11-10 22:00:00+00:00,181.934,184.398,181.771,184.293,69426.0
2014-11-11 22:00:00+00:00,184.33,184.677,181.974,182.174,92819.0
2014-11-12 22:00:00+00:00,182.27,182.792,181.548,181.878,61708.0
2014-11-13 22:00:00+00:00,181.869,182.673,181.608,182.173,78193.0
2014-11-16 22:00:00+00:00,182.698,183.388,181.104,182.428,74856.0
2014-11-17 22:00:00+00:00,182.416,183.342,182.25,182.672,65224.0
2014-11-18 22:00:00+00:00,182.716,185.082,182.527,184.997,136259.0
2014-11-19 22:00:00+00:00,184.964,186.138,184.89,185.53,156454.0
2014-11-20 22:00:00+00:00,185.418,185.701,183.975,184.521,163017.0
2014-11-23 22:00:00+00:00,184.397,185.956,184.061,185.76,98346.0
2014-11-24 22:00:00+00:00,185.779,186.086,184.532,185.308,140122.0
2014-11-25 22:00:00+00:00,185.3,186.117,184.783,185.932,118626.0
2014-11-26 22:00:00+00:00,185.928,185.96,185.021,185.231,99497.0
2014-11-27 22:00:00+00:00,185.28,185.928,185.233,185.597,129743.0
2014-11-30 22:00:00+00:00,185.864,186.344,185.042,186.236,153084.0
2014-12-01 22:00:00+00:00,186.25,186.936,186.039,186.424,114558.0
2014-12-02 22:00:00+00:00,186.488,188.203,186.283,187.906,121259.0
2014-12-03 22:00:00+00:00,187.872,188.246,187.598,187.748,150505.0
2014-12-04 22:00:00+00:00,187.739,189.719,187.301,189.314,146250.0
2014-12-07 22:00:00+00:00,189.36,189.696,188.434,188.916,137838.0
2014-12-08 22:00:00+00:00,188.97,189.219,185.198,187.534,211622.0
2014-12-09 22:00:00+00:00,187.494,187.84,184.976,185.167,205709.0
2014-12-10 22:00:00+00:00,185.194,187.754,184.975,186.65,204170.0
2014-12-11 22:00:00+00:00,186.762,187.372,185.61,186.673,200199.0
2014-12-14 22:00:00+00:00,186.651,187.059,183.85,184.232,234674.0
2014-12-15 22:00:00+00:00,184.228,185.108,181.601,183.335,298632.0
2014-12-16 22:00:00+00:00,183.336,185.04,183.12,184.78,272431.0
2014-12-17 22:00:00+00:00,184.851,186.74,184.428,186.234,210542.0
2014-12-18 22:00:00+00:00,186.234,187.254,186.042,186.769,170660.0
2014-12-21 22:00:00+00:00,186.787,187.561,186.51,187.132,99885.0
2014-12-22 22:00:00+00:00,187.167,187.496,186.487,187.332,100659.0
2014-12-23 22:00:00+00:00,187.295,187.464,186.63,187.415,85144.0
2014-12-25 22:00:00+00:00,186.9,187.463,186.879,187.295,89495.0
2014-12-28 22:00:00+00:00,187.351,187.814,187.054,187.259,121791.0
2014-12-29 22:00:00+00:00,187.259,187.324,184.962,185.928,111726.0
2014-12-30 22:00:00+00:00,185.918,187.006,185.714,186.752,33945.0
2015-01-01 22:00:00+00:00,186.594,187.32,184.312,184.692,63434.0
2015-01-04 22:00:00+00:00,184.513,184.578,181.714,182.459,102020.0
2015-01-05 22:00:00+00:00,182.415,182.471,179.245,179.377,233658.0
2015-01-06 22:00:00+00:00,179.466,180.778,179.176,180.19,215103.0
2015-01-07 22:00:00+00:00,180.178,180.948,179.99,180.552,160570.0
2015-01-08 22:00:00+00:00,180.576,180.927,179.468,179.681,204404.0
2015-01-11 22:00:00+00:00,179.598,180.554,179.03,179.548,159875.0
2015-01-12 22:00:00+00:00,179.548,180.1,178.105,178.772,203866.0
2015-01-13 22:00:00+00:00,178.755,178.884,176.864,178.746,253510.0
2015-01-14 22:00:00+00:00,178.738,179.586,176.338,176.406,360715.0
2015-01-15 22:00:00+00:00,176.357,178.344,175.84,178.053,295531.0
2015-01-18 22:00:00+00:00,177.733,178.37,176.991,177.674,149516.0
2015-01-19 22:00:00+00:00,177.721,180.28,177.532,179.945,184737.0
2015-01-20 22:00:00+00:00,179.954,179.954,177.062,178.621,233308.0
2015-01-21 22:00:00+00:00,178.581,179.234,177.218,177.864,237447.0
2015-01-22 22:00:00+00:00,177.864,178.535,176.152,176.55,240672.0
2015-01-25 22:00:00+00:00,176.404,178.945,175.764,178.619,189533.0
2015-01-26 22:00:00+00:00,178.548,179.432,177.849,179.133,195701.0
2015-01-27 22:00:00+00:00,179.048,179.379,177.653,177.932,211661.0
2015-01-28 22:00:00+00:00,178.005,178.955,177.706,178.226,194982.0
2015-01-29 22:00:00+00:00,178.276,178.574,176.135,177.116,210367.0
2015-02-01 22:00:00+00:00,176.562,177.737,176.12,176.87,203390.0
2015-02-02 22:00:00+00:00,176.803,178.403,175.5,178.29,221471.0
2015-02-03 22:00:00+00:00,178.378,179.294,177.6,178.019,208947.0
2015-02-04 22:00:00+00:00,178.067,180.411,177.74,180.158,201861.0
2015-02-05 22:00:00+00:00,180.167,181.808,179.584,181.645,184793.0
2015-02-08 22:00:00+00:00,181.28,181.631,180.164,180.506,156598.0
2015-02-09 22:00:00+00:00,180.506,182.264,180.264,182.18,158163.0
2015-02-10 22:00:00+00:00,182.206,183.972,182.008,183.536,150862.0
2015-02-11 22:00:00+00:00,183.531,184.193,181.09,183.255,232911.0
2015-02-12 22:00:00+00:00,183.255,183.36,182.486,182.971,164706.0
2015-02-15 22:00:00+00:00,182.744,183.222,181.534,182.01,138993.0
2015-02-16 22:00:00+00:00,182.007,183.405,181.586,183.1,147332.0
2015-02-17 22:00:00+00:00,183.036,184.21,182.594,183.35,177084.0
2015-02-18 22:00:00+00:00,183.331,184.036,183.034,183.363,151508.0
2015-02-19 22:00:00+00:00,183.312,183.676,181.673,183.2,190288.0
2015-02-22 22:00:00+00:00,183.416,184.022,182.614,183.659,126946.0
2015-02-23 22:00:00+00:00,183.626,184.901,183.545,183.89,163464.0
2015-02-24 22:00:00+00:00,183.814,184.679,183.537,184.56,132715.0
2015-02-25 22:00:00+00:00,184.518,185.038,183.606,183.97,149008.0
2015-02-26 22:00:00+00:00,183.932,185.014,183.553,184.659,148805.0
2015-03-01 22:00:00+00:00,184.602,184.925,184.168,184.58,103422.0
2015-03-02 22:00:00+00:00,184.608,184.727,183.661,183.91,108401.0
2015-03-03 22:00:00+00:00,183.886,183.996,182.532,182.704,115385.0
2015-03-04 22:00:00+00:00,182.721,183.735,182.4,183.077,116227.0
2015-03-05 22:00:00+00:00,183.077,183.266,181.484,181.685,141287.0
2015-03-08 21:00:00+00:00,181.792,183.598,181.532,183.278,109893.0
2015-03-09 21:00:00+00:00,183.278,183.928,182.36,182.572,178382.0
2015-03-10 21:00:00+00:00,182.527,183.15,180.79,181.332,186975.0
2015-03-11 21:00:00+00:00,181.39,181.793,180.208,180.491,170613.0
2015-03-12 21:00:00+00:00,180.47,180.762,178.238,178.985,148874.0
2015-03-15 21:00:00+00:00,179.023,180.206,178.844,179.947,116733.0
2015-03-16 21:00:00+00:00,179.955,180.142,178.55,179.0,116497.0
2015-03-17 21:00:00+00:00,178.98,181.091,177.164,179.907,181069.0
2015-03-18 21:00:00+00:00,179.911,180.141,177.734,178.158,227728.0
2015-03-19 21:00:00+00:00,178.211,180.098,177.946,179.567,169385.0
2015-03-22 21:00:00+00:00,179.508,179.692,178.156,179.036,179990.0
2015-03-23 21:00:00+00:00,179.007,179.22,177.52,177.832,169106.0
2015-03-24 21:00:00+00:00,177.811,178.392,177.551,177.816,142234.0
2015-03-25 21:00:00+00:00,177.796,177.93,176.49,177.006,181462.0
2015-03-26 21:00:00+00:00,176.97,177.94,176.708,177.2,170428.0
2015-03-29 21:00:00+00:00,177.511,178.209,176.688,177.835,134443.0
2015-03-30 21:00:00+00:00,177.769,178.322,177.111,178.022,151327.0
2015-03-31 21:00:00+00:00,178.007,178.436,176.782,177.511,160415.0
2015-04-01 21:00:00+00:00,177.48,177.954,176.78,177.522,135425.0
2015-04-02 21:00:00+00:00,177.534,178.056,177.086,177.491,72596.0
2015-04-05 21:00:00+00:00,177.341,178.292,177.226,177.892,76950.0
2015-04-06 21:00:00+00:00,177.836,179.196,177.724,178.1,132148.0
2015-04-07 21:00:00+00:00,178.1,179.3,177.637,178.596,148611.0
2015-04-08 21:00:00+00:00,178.625,179.092,177.114,177.41,129107.0
2015-04-09 21:00:00+00:00,177.396,177.536,175.683,175.916,134129.0
2015-04-12 21:00:00+00:00,175.964,176.54,175.288,176.302,143251.0
2015-04-13 21:00:00+00:00,176.307,176.622,174.881,176.496,162149.0
2015-04-14 21:00:00+00:00,176.46,176.968,175.704,176.836,155446.0
2015-04-15 21:00:00+00:00,176.885,178.04,176.578,177.73,168726.0
2015-04-16 21:00:00+00:00,177.751,178.754,177.447,177.926,158082.0
2015-04-19 21:00:00+00:00,178.054,178.218,177.193,177.664,122313.0
2015-04-20 21:00:00+00:00,177.676,178.909,177.492,178.615,121681.0
2015-04-21 21:00:00+00:00,178.659,180.41,178.468,180.306,141475.0
2015-04-22 21:00:00+00:00,180.314,180.464,179.314,180.054,140287.0
2015-04-23 21:00:00+00:00,180.077,181.019,179.668,180.692,153497.0
2015-04-26 21:00:00+00:00,180.456,181.587,180.31,181.386,128328.0
2015-04-27 21:00:00+00:00,181.35,182.416,180.71,182.346,144747.0
2015-04-28 21:00:00+00:00,182.302,184.124,182.122,183.736,188435.0
2015-04-29 21:00:00+00:00,183.75,184.154,182.582,183.272,202849.0
2015-04-30 21:00:00+00:00,183.29,184.478,181.785,182.002,130956.0
2015-05-03 21:00:00+00:00,182.114,182.31,181.414,181.623,118748.0
2015-05-04 21:00:00+00:00,181.646,182.796,181.462,181.966,152728.0
2015-05-05 21:00:00+00:00,181.956,182.534,181.452,182.132,188047.0
2015-05-06 21:00:00+00:00,182.111,183.001,180.955,182.578,201893.0
2015-05-07 21:00:00+00:00,182.578,186.056,182.578,185.025,105198.0
2015-05-10 21:00:00+00:00,184.853,187.398,184.582,187.162,62346.0
2015-05-11 21:00:00+00:00,187.192,188.382,186.736,187.839,67223.0
2015-05-12 21:00:00+00:00,187.846,188.61,187.032,187.598,76394.0
2015-05-13 21:00:00+00:00,187.611,188.532,187.37,188.001,63768.0
2015-05-14 21:00:00+00:00,187.992,188.622,187.647,187.674,62117.0
2015-05-17 21:00:00+00:00,187.754,188.276,187.308,187.802,50972.0
2015-05-18 21:00:00+00:00,187.817,187.975,185.971,187.191,66585.0
2015-05-19 21:00:00+00:00,187.169,188.617,187.105,188.542,74938.0
2015-05-20 21:00:00+00:00,188.546,190.02,187.959,189.546,63088.0
2015-05-21 21:00:00+00:00,189.563,189.667,187.948,188.265,65205.0
2015-05-24 21:00:00+00:00,188.018,188.612,187.81,188.056,22661.0
2015-05-25 21:00:00+00:00,188.031,189.672,187.896,189.406,74594.0
2015-05-26 21:00:00+00:00,189.351,190.354,189.248,189.88,77804.0
2015-05-27 21:00:00+00:00,189.868,190.72,189.284,189.822,81571.0
2015-05-28 21:00:00+00:00,189.876,190.014,188.7,189.868,72258.0
2015-05-31 21:00:00+00:00,189.79,190.0,188.549,189.697,68536.0
2015-06-01 21:00:00+00:00,189.638,190.541,189.132,190.433,84981.0
2015-06-02 21:00:00+00:00,190.454,190.812,189.553,190.57,75292.0
2015-06-03 21:00:00+00:00,190.588,191.698,189.834,191.1,71575.0
2015-06-04 21:00:00+00:00,191.106,191.962,190.77,191.791,71657.0
2015-06-07 21:00:00+00:00,191.656,191.867,190.688,191.078,62951.0
2015-06-08 21:00:00+00:00,191.097,191.37,189.534,191.31,70323.0
2015-06-09 21:00:00+00:00,191.316,191.622,188.982,190.526,106470.0
2015-06-10 21:00:00+00:00,190.52,191.956,190.321,191.522,71001.0
2015-06-11 21:00:00+00:00,191.53,192.221,191.248,192.026,65928.0
2015-06-14 21:00:00+00:00,191.636,192.624,191.42,192.512,53627.0
2015-06-15 21:00:00+00:00,192.669,193.16,192.073,193.044,54426.0
2015-06-16 21:00:00+00:00,193.052,195.67,192.964,195.436,71112.0
2015-06-17 21:00:00+00:00,195.382,195.844,194.352,195.252,73318.0
2015-06-18 21:00:00+00:00,195.26,195.51,194.61,194.807,47609.0
2015-06-21 21:00:00+00:00,195.205,195.578,194.628,195.222,48942.0
2015-06-22 21:00:00+00:00,195.214,195.502,194.588,194.944,55515.0
2015-06-23 21:00:00+00:00,194.939,195.886,194.264,194.52,54849.0
2015-06-24 21:00:00+00:00,194.557,194.764,193.486,194.654,52024.0
2015-06-25 21:00:00+00:00,194.731,195.264,193.942,195.056,46025.0
2015-06-28 21:00:00+00:00,192.594,193.536,191.376,192.861,98119.0
2015-06-29 21:00:00+00:00,192.833,193.026,191.721,192.418,80022.0
2015-06-30 21:00:00+00:00,192.409,192.966,191.906,192.358,59191.0
2015-07-01 21:00:00+00:00,192.341,192.942,191.936,192.09,51825.0
2015-07-02 21:00:00+00:00,192.127,192.536,190.912,191.175,40535.0
2015-07-05 21:00:00+00:00,189.565,191.668,189.478,191.288,66654.0
2015-07-06 21:00:00+00:00,191.28,191.577,188.241,189.458,72008.0
2015-07-07 21:00:00+00:00,189.514,189.514,185.004,185.412,87406.0
2015-07-08 21:00:00+00:00,185.4,187.356,185.164,186.606,67072.0
2015-07-09 21:00:00+00:00,186.601,190.8,186.532,190.517,72056.0
2015-07-12 21:00:00+00:00,189.373,192.334,189.368,191.152,64576.0
2015-07-13 21:00:00+00:00,191.115,192.974,190.578,192.936,78079.0
2015-07-14 21:00:00+00:00,192.944,193.772,192.678,193.588,153693.0
2015-07-15 21:00:00+00:00,193.502,193.943,193.047,193.808,142143.0
2015-07-16 21:00:00+00:00,193.761,194.379,192.899,193.619,106687.0
2015-07-19 21:00:00+00:00,193.51,193.956,193.056,193.422,97168.0
2015-07-20 21:00:00+00:00,193.493,193.872,192.526,192.7,130835.0
2015-07-21 21:00:00+00:00,192.68,193.981,192.308,193.566,139274.0
2015-07-22 21:00:00+00:00,193.57,193.934,191.944,192.24,127887.0
2015-07-23 21:00:00+00:00,192.201,192.478,191.662,192.038,113966.0
2015-07-26 21:00:00+00:00,191.973,192.213,191.014,191.76,140438.0
2015-07-27 21:00:00+00:00,191.768,193.241,191.462,192.882,137399.0
2015-07-28 21:00:00+00:00,192.911,194.18,192.57,193.387,147686.0
2015-07-29 21:00:00+00:00,193.31,194.594,193.279,193.686,146051.0
2015-07-30 21:00:00+00:00,193.67,194.008,193.168,193.505,175257.0
2015-08-02 21:00:00+00:00,193.752,194.25,193.05,193.324,131738.0
2015-08-03 21:00:00+00:00,193.316,193.838,193.06,193.584,146574.0
2015-08-04 21:00:00+00:00,193.564,195.23,193.213,194.834,165909.0
2015-08-05 21:00:00+00:00,194.785,195.26,193.133,193.492,135262.0
2015-08-06 21:00:00+00:00,193.476,193.804,191.986,192.466,148785.0
2015-08-09 21:00:00+00:00,192.369,194.468,192.318,194.32,118858.0
2015-08-10 21:00:00+00:00,194.247,195.006,193.987,194.839,159647.0
2015-08-11 21:00:00+00:00,194.889,195.038,193.445,193.929,194153.0
2015-08-12 21:00:00+00:00,193.909,194.736,193.676,194.242,138648.0
2015-08-13 21:00:00+00:00,194.268,194.6,193.852,194.448,123106.0
2015-08-16 21:00:00+00:00,194.571,195.171,193.78,193.878,100092.0
2015-08-17 21:00:00+00:00,193.855,195.28,193.543,194.83,111210.0
2015-08-18 21:00:00+00:00,194.825,195.042,194.027,194.118,134425.0
2015-08-19 21:00:00+00:00,194.092,194.554,193.298,193.619,150388.0
2015-08-20 21:00:00+00:00,193.629,193.764,191.334,191.481,199247.0
2015-08-23 21:00:00+00:00,191.085,191.448,183.292,186.855,340839.0
2015-08-24 21:00:00+00:00,186.839,190.002,186.09,186.442,329094.0
2015-08-25 21:00:00+00:00,186.442,188.094,184.162,185.424,296447.0
2015-08-26 21:00:00+00:00,185.457,186.842,185.441,186.412,217436.0
2015-08-27 21:00:00+00:00,186.457,187.413,185.382,187.327,179694.0
2015-08-28 21:00:00+00:00,187.327,187.327,187.327,187.327,2.0
2015-08-30 21:00:00+00:00,187.533,187.56,185.858,186.019,142845.0
2015-08-31 21:00:00+00:00,186.023,186.244,182.546,182.696,245206.0
2015-09-01 21:00:00+00:00,182.61,184.303,182.494,184.095,212366.0
2015-09-02 21:00:00+00:00,184.122,184.726,182.686,183.19,177026.0
2015-09-03 21:00:00+00:00,183.196,183.358,180.494,180.572,206865.0
2015-09-06 21:00:00+00:00,180.533,182.533,180.418,182.209,146502.0
2015-09-07 21:00:00+00:00,182.23,184.967,181.825,184.465,177298.0
2015-09-08 21:00:00+00:00,184.481,186.442,184.436,185.19,190313.0
2015-09-09 21:00:00+00:00,185.211,187.337,184.23,186.321,226833.0
2015-09-10 21:00:00+00:00,186.288,186.88,185.702,186.045,159058.0
2015-09-13 21:00:00+00:00,185.985,186.648,184.612,185.496,140554.0
2015-09-14 21:00:00+00:00,185.474,186.112,184.221,184.771,150475.0
2015-09-15 21:00:00+00:00,184.794,187.205,184.242,186.804,142933.0
2015-09-16 21:00:00+00:00,186.809,188.329,186.708,187.092,163580.0
2015-09-17 21:00:00+00:00,187.072,187.38,185.95,186.32,187471.0
2015-09-20 21:00:00+00:00,186.544,187.34,186.022,186.954,137197.0
2015-09-21 21:00:00+00:00,186.986,187.062,184.108,184.617,150464.0
2015-09-22 21:00:00+00:00,184.637,184.676,182.926,183.352,174090.0
2015-09-23 21:00:00+00:00,183.316,183.568,181.618,182.997,200781.0
2015-09-24 21:00:00+00:00,183.049,184.434,182.634,183.049,200057.0
2015-09-27 21:00:00+00:00,183.123,183.326,181.65,181.952,171747.0
2015-09-28 21:00:00+00:00,181.974,182.528,180.958,181.414,194773.0
2015-09-29 21:00:00+00:00,181.349,183.049,180.862,181.348,162860.0
2015-09-30 21:00:00+00:00,181.364,182.04,181.09,181.465,159355.0
2015-10-01 21:00:00+00:00,181.51,182.598,180.667,182.115,193955.0
2015-10-04 21:00:00+00:00,182.316,183.206,181.894,182.453,154021.0
2015-10-05 21:00:00+00:00,182.456,183.284,181.98,183.072,130066.0
2015-10-06 21:00:00+00:00,183.152,184.062,182.512,183.842,163489.0
2015-10-07 21:00:00+00:00,183.85,184.284,183.016,184.074,148317.0
2015-10-08 21:00:00+00:00,184.054,184.858,183.948,184.166,141884.0
2015-10-11 21:00:00+00:00,184.079,184.703,183.944,184.233,85513.0
2015-10-12 21:00:00+00:00,184.159,184.362,181.842,182.584,129086.0
2015-10-13 21:00:00+00:00,182.596,184.344,182.335,183.918,157830.0
2015-10-14 21:00:00+00:00,183.883,184.374,182.765,183.823,173372.0
2015-10-15 21:00:00+00:00,183.583,184.732,183.563,184.431,134161.0
2015-10-18 21:00:00+00:00,184.389,185.106,183.844,184.806,121372.0
2015-10-19 21:00:00+00:00,184.753,185.602,184.704,185.09,111901.0
2015-10-20 21:00:00+00:00,185.065,185.572,184.734,184.934,112270.0
2015-10-21 21:00:00+00:00,184.856,185.9,184.503,185.794,150455.0
2015-10-22 21:00:00+00:00,185.81,186.312,185.258,185.999,173921.0
2015-10-25 21:00:00+00:00,186.018,186.126,185.157,185.902,127907.0
2015-10-26 21:00:00+00:00,185.879,185.938,183.94,184.306,124220.0
2015-10-27 21:00:00+00:00,184.316,185.042,183.901,184.822,145292.0
2015-10-28 21:00:00+00:00,184.873,185.562,184.098,185.44,141412.0
2015-10-29 21:00:00+00:00,185.405,186.736,184.371,186.098,170247.0
2015-11-01 22:00:00+00:00,186.054,186.977,185.569,186.155,123155.0
2015-11-02 22:00:00+00:00,186.161,186.9,185.884,186.729,107846.0
2015-11-03 22:00:00+00:00,186.688,187.326,186.486,186.995,117931.0
2015-11-04 22:00:00+00:00,187.052,187.722,184.971,185.17,153572.0
2015-11-05 22:00:00+00:00,185.138,185.824,184.312,185.302,154024.0
2015-11-08 22:00:00+00:00,185.585,186.61,185.38,186.176,116559.0
2015-11-09 22:00:00+00:00,186.213,186.514,185.897,186.196,115628.0
2015-11-10 22:00:00+00:00,186.219,187.056,185.95,186.905,117619.0
2015-11-11 22:00:00+00:00,186.85,187.518,186.55,186.775,145227.0
2015-11-12 22:00:00+00:00,186.746,187.044,186.415,186.845,127802.0
2015-11-15 22:00:00+00:00,186.206,187.468,186.009,187.259,124675.0
2015-11-16 22:00:00+00:00,187.267,187.993,186.87,187.795,117796.0
2015-11-17 22:00:00+00:00,187.767,188.387,187.285,188.387,111116.0
2015-11-18 22:00:00+00:00,188.337,188.818,187.646,187.872,140206.0
2015-11-19 22:00:00+00:00,187.852,188.1,186.49,186.554,113661.0
2015-11-22 22:00:00+00:00,186.585,186.982,185.656,185.78,105560.0
2015-11-23 22:00:00+00:00,185.788,186.006,184.328,184.866,115909.0
2015-11-24 22:00:00+00:00,184.802,185.81,184.503,185.642,141743.0
2015-11-25 22:00:00+00:00,185.483,185.689,184.668,185.122,109278.0
2015-11-26 22:00:00+00:00,185.189,185.328,184.253,184.608,107674.0
2015-11-29 22:00:00+00:00,184.663,185.664,184.358,185.364,106519.0
2015-11-30 22:00:00+00:00,185.292,186.029,184.952,185.318,129292.0
2015-12-01 22:00:00+00:00,185.283,185.647,183.976,184.252,127428.0
2015-12-02 22:00:00+00:00,184.195,185.909,184.016,185.686,221304.0
2015-12-03 22:00:00+00:00,185.682,186.274,185.132,186.031,194875.0
2015-12-06 22:00:00+00:00,186.085,186.352,185.48,185.726,109559.0
2015-12-07 22:00:00+00:00,185.739,185.782,183.768,184.506,135497.0
2015-12-08 22:00:00+00:00,184.462,185.403,183.704,184.362,183851.0
2015-12-09 22:00:00+00:00,184.353,184.983,183.38,184.31,176058.0
2015-12-10 22:00:00+00:00,184.356,185.064,183.571,184.251,191142.0
2015-12-13 22:00:00+00:00,184.542,184.581,182.13,183.269,194899.0
2015-12-14 22:00:00+00:00,183.313,184.228,182.586,182.986,171942.0
2015-12-15 22:00:00+00:00,183.0,183.753,182.5,183.354,214250.0
2015-12-16 22:00:00+00:00,183.38,183.69,182.37,182.642,179463.0
2015-12-17 22:00:00+00:00,182.596,183.929,180.401,180.49,242398.0
2015-12-20 22:00:00+00:00,180.668,181.236,179.961,180.374,149742.0
2015-12-21 22:00:00+00:00,180.362,180.629,179.032,179.522,124714.0
2015-12-22 22:00:00+00:00,179.49,180.163,179.318,179.8,95421.0
2015-12-23 22:00:00+00:00,179.66,179.973,178.966,179.449,81161.0
2015-12-27 22:00:00+00:00,179.449,180.057,178.976,179.152,83356.0
2015-12-28 22:00:00+00:00,179.211,179.556,178.13,178.498,94344.0
2015-12-29 22:00:00+00:00,178.456,179.041,178.256,178.588,88830.0
2015-12-30 22:00:00+00:00,178.593,178.712,177.076,177.172,90888.0
2016-01-03 22:00:00+00:00,177.134,177.382,174.963,175.785,201284.0
2016-01-04 22:00:00+00:00,175.78,176.164,174.09,174.71,155153.0
2016-01-05 22:00:00+00:00,174.657,174.935,173.102,173.346,203458.0
2016-01-06 22:00:00+00:00,173.311,173.762,170.764,171.999,237956.0
2016-01-07 22:00:00+00:00,171.967,173.386,170.152,170.226,238545.0
2016-01-10 22:00:00+00:00,170.304,172.285,169.349,171.256,213868.0
2016-01-11 22:00:00+00:00,171.294,171.704,169.166,169.962,211428.0
2016-01-12 22:00:00+00:00,170.01,171.296,169.512,169.512,191973.0
2016-01-13 22:00:00+00:00,169.524,170.527,168.836,170.166,226260.0
2016-01-14 22:00:00+00:00,170.174,170.58,166.258,166.876,246042.0
2016-01-17 22:00:00+00:00,166.41,168.162,166.375,167.142,166317.0
2016-01-18 22:00:00+00:00,167.112,169.11,166.341,166.542,207395.0
2016-01-19 22:00:00+00:00,166.533,166.834,163.985,165.969,282088.0
2016-01-20 22:00:00+00:00,165.941,167.728,164.464,167.382,317464.0
2016-01-21 22:00:00+00:00,167.488,170.362,167.088,169.425,230034.0
2016-01-24 22:00:00+00:00,169.311,170.017,168.311,168.55,186091.0
2016-01-25 22:00:00+00:00,168.561,170.276,166.982,169.913,191277.0
2016-01-26 22:00:00+00:00,169.96,170.032,168.566,168.914,217052.0
2016-01-27 22:00:00+00:00,168.884,171.158,168.682,170.632,214662.0
2016-01-28 22:00:00+00:00,170.61,174.18,170.087,172.514,335600.0
2016-01-31 22:00:00+00:00,172.922,175.018,172.421,174.633,188259.0
2016-02-01 22:00:00+00:00,174.685,174.706,172.758,172.896,197979.0
2016-02-02 22:00:00+00:00,172.852,173.762,171.068,172.15,298151.0
2016-02-03 22:00:00+00:00,172.113,172.485,170.038,170.372,296289.0
2016-02-04 22:00:00+00:00,170.427,170.541,168.986,169.471,241972.0
2016-02-07 22:00:00+00:00,169.24,170.636,165.973,167.197,259676.0
2016-02-08 22:00:00+00:00,167.212,167.226,164.556,166.59,338206.0
2016-02-09 22:00:00+00:00,166.585,167.641,164.43,164.604,349604.0
2016-02-10 22:00:00+00:00,164.681,165.104,159.814,162.759,409445.0
2016-02-11 22:00:00+00:00,162.716,164.78,161.674,164.248,340688.0
2016-02-14 22:00:00+00:00,164.435,165.763,164.381,165.412,194240.0
2016-02-15 22:00:00+00:00,165.399,166.096,162.448,163.195,240657.0
2016-02-16 22:00:00+00:00,163.2,163.886,161.572,163.064,244612.0
2016-02-17 22:00:00+00:00,163.102,163.97,162.047,162.435,217870.0
2016-02-18 22:00:00+00:00,162.404,162.516,160.734,162.169,234268.0
2016-02-21 22:00:00+00:00,160.576,161.565,159.134,159.774,208329.0
2016-02-22 22:00:00+00:00,159.696,159.932,156.965,157.19,246881.0
2016-02-23 22:00:00+00:00,157.135,157.32,154.723,156.201,262080.0
2016-02-24 22:00:00+00:00,156.207,157.911,155.788,157.748,240918.0
2016-02-25 22:00:00+00:00,157.774,158.558,157.211,158.11,219618.0
2016-02-28 22:00:00+00:00,157.922,157.996,156.206,156.84,218314.0
2016-02-29 22:00:00+00:00,156.806,159.53,156.191,159.028,220123.0
2016-03-01 22:00:00+00:00,159.08,160.578,158.747,159.764,201800.0
2016-03-02 22:00:00+00:00,159.728,161.3,159.658,161.168,195006.0
2016-03-03 22:00:00+00:00,161.206,162.447,160.438,161.82,210608.0
2016-03-06 22:00:00+00:00,161.982,162.24,160.38,161.826,153648.0
2016-03-07 22:00:00+00:00,161.862,161.876,159.601,160.113,178943.0
2016-03-08 22:00:00+00:00,160.099,161.352,159.484,161.132,170845.0
2016-03-09 22:00:00+00:00,161.183,162.895,160.736,161.69,278447.0
2016-03-10 22:00:00+00:00,161.648,164.102,161.072,163.749,185454.0
2016-03-13 21:00:00+00:00,163.87,163.986,162.596,162.776,122777.0
2016-03-14 21:00:00+00:00,162.788,162.958,159.547,160.164,165206.0
2016-03-15 21:00:00+00:00,160.126,160.93,159.65,160.55,189524.0
2016-03-16 21:00:00+00:00,160.374,161.583,159.021,161.333,211553.0
2016-03-17 21:00:00+00:00,161.279,161.784,160.363,161.49,148735.0
2016-03-20 21:00:00+00:00,161.066,161.418,160.147,160.856,118388.0
2016-03-21 21:00:00+00:00,160.882,161.502,158.45,159.647,174273.0
2016-03-22 21:00:00+00:00,159.591,160.022,158.543,158.636,148613.0
2016-03-23 21:00:00+00:00,158.613,159.862,158.458,159.764,127409.0
2016-03-24 21:00:00+00:00,159.868,160.177,159.362,159.793,46083.0
2016-03-27 21:00:00+00:00,159.965,161.736,159.815,161.683,70507.0
2016-03-28 21:00:00+00:00,161.705,162.508,161.346,162.162,160222.0
2016-03-29 21:00:00+00:00,162.095,162.579,161.35,161.67,165219.0
2016-03-30 21:00:00+00:00,161.627,162.034,160.902,161.673,153935.0
2016-03-31 21:00:00+00:00,161.665,161.738,158.72,158.964,183763.0
2016-04-03 21:00:00+00:00,158.798,159.593,158.172,158.795,130762.0
2016-04-04 21:00:00+00:00,158.767,158.86,155.734,156.264,176114.0
2016-04-05 21:00:00+00:00,156.227,156.668,154.542,155.058,179066.0
2016-04-06 21:00:00+00:00,155.066,155.345,151.659,152.115,215610.0
2016-04-07 21:00:00+00:00,152.13,154.242,151.942,152.64,174393.0
2016-04-10 21:00:00+00:00,152.444,154.468,151.971,153.699,168070.0
2016-04-11 21:00:00+00:00,153.722,155.526,153.508,154.936,158592.0
2016-04-12 21:00:00+00:00,154.957,155.764,154.751,155.318,143663.0
2016-04-13 21:00:00+00:00,155.309,155.381,153.902,154.852,135402.0
2016-04-14 21:00:00+00:00,154.84,155.322,154.086,154.475,109064.0
2016-04-17 21:00:00+00:00,153.629,155.718,152.524,155.382,145999.0
2016-04-18 21:00:00+00:00,155.377,157.714,155.291,157.258,143947.0
2016-04-19 21:00:00+00:00,157.183,157.882,156.206,157.424,136057.0
2016-04-20 21:00:00+00:00,157.461,158.384,156.621,156.778,152874.0
2016-04-21 21:00:00+00:00,156.757,161.27,156.532,160.999,177978.0
2016-04-24 21:00:00+00:00,161.819,161.847,160.024,161.048,156933.0
2016-04-25 21:00:00+00:00,161.084,162.705,160.466,162.304,145281.0
2016-04-26 21:00:00+00:00,162.289,162.819,161.625,162.095,154630.0
2016-04-27 21:00:00+00:00,162.102,162.582,157.079,157.932,224860.0
2016-04-28 21:00:00+00:00,157.724,158.073,155.282,155.368,182967.0
2016-05-01 21:00:00+00:00,154.966,156.664,154.956,156.134,135717.0
2016-05-02 21:00:00+00:00,156.101,156.172,154.43,154.936,155683.0
2016-05-03 21:00:00+00:00,154.994,156.216,154.419,155.129,157728.0
2016-05-04 21:00:00+00:00,155.137,155.861,154.876,155.369,119452.0
2016-05-05 21:00:00+00:00,155.384,155.628,153.64,154.53,154287.0
2016-05-08 21:00:00+00:00,154.338,156.443,154.338,156.065,133157.0
2016-05-09 21:00:00+00:00,156.084,157.923,156.069,157.81,136989.0
2016-05-10 21:00:00+00:00,157.838,158.013,156.413,156.656,123021.0
2016-05-11 21:00:00+00:00,156.624,158.499,156.262,157.537,138190.0
2016-05-12 21:00:00+00:00,157.512,157.686,155.951,155.975,148862.0
2016-05-15 21:00:00+00:00,155.917,157.094,155.677,157.018,99231.0
2016-05-16 21:00:00+00:00,156.996,158.984,156.962,157.852,137263.0
2016-05-17 21:00:00+00:00,157.838,160.892,157.026,160.878,176571.0
2016-05-18 21:00:00+00:00,160.844,161.64,160.142,160.66,163904.0
2016-05-19 21:00:00+00:00,160.628,161.066,159.529,159.708,119865.0
2016-05-22 21:00:00+00:00,159.788,159.834,158.052,158.215,124651.0
2016-05-23 21:00:00+00:00,158.182,161.05,158.096,160.971,130686.0
2016-05-24 21:00:00+00:00,160.915,162.524,160.444,161.949,128776.0
2016-05-25 21:00:00+00:00,161.968,162.184,160.728,161.033,135012.0
2016-05-26 21:00:00+00:00,161.012,161.431,160.162,161.228,112808.0
2016-05-29 21:00:00+00:00,161.327,162.9,161.22,162.675,91104.0
2016-05-30 21:00:00+00:00,162.711,163.906,159.853,160.375,158537.0
2016-05-31 21:00:00+00:00,160.31,160.664,157.231,157.892,189451.0
2016-06-01 21:00:00+00:00,157.916,157.969,156.588,157.036,162846.0
2016-06-02 21:00:00+00:00,157.043,157.278,154.588,154.657,187387.0
2016-06-05 21:00:00+00:00,154.178,155.651,152.959,155.336,198925.0
2016-06-06 21:00:00+00:00,155.387,157.982,155.004,156.168,152855.0
2016-06-07 21:00:00+00:00,156.121,156.264,154.956,155.172,142456.0
2016-06-08 21:00:00+00:00,155.167,155.328,153.657,154.876,151632.0
2016-06-09 21:00:00+00:00,154.832,155.042,151.509,152.487,172885.0
2016-06-12 21:00:00+00:00,152.466,152.466,149.479,151.677,266278.0
2016-06-13 21:00:00+00:00,151.501,151.556,149.202,149.774,245380.0
2016-06-14 21:00:00+00:00,149.78,151.18,149.336,150.578,211878.0
2016-06-15 21:00:00+00:00,150.605,150.671,145.396,148.061,300545.0
2016-06-16 21:00:00+00:00,148.08,149.924,148.017,149.578,243313.0
2016-06-19 21:00:00+00:00,151.532,153.644,150.924,152.755,236162.0
2016-06-20 21:00:00+00:00,152.779,154.392,151.91,153.47,238188.0
2016-06-21 21:00:00+00:00,153.495,154.588,152.859,153.566,195143.0
2016-06-22 21:00:00+00:00,153.785,158.295,153.371,157.95,249349.0
2016-06-23 21:00:00+00:00,157.89,160.172,133.306,139.806,616155.0
2016-06-26 21:00:00+00:00,136.291,137.882,133.342,134.919,325916.0
2016-06-27 21:00:00+00:00,134.881,137.459,134.29,137.114,249977.0
2016-06-28 21:00:00+00:00,137.125,139.028,135.872,138.037,229959.0
2016-06-29 21:00:00+00:00,138.209,138.842,135.904,137.348,259646.0
2016-06-30 21:00:00+00:00,137.427,137.69,135.766,136.04,188470.0
2016-07-03 21:00:00+00:00,135.937,136.83,135.864,136.29,111680.0
2016-07-04 21:00:00+00:00,136.257,136.302,132.034,132.476,185151.0
2016-07-05 21:00:00+00:00,132.443,132.54,128.782,131.01,246161.0
2016-07-06 21:00:00+00:00,131.034,131.958,129.584,130.09,186458.0
2016-07-07 21:00:00+00:00,130.04,130.956,129.652,130.235,196787.0
2016-07-10 21:00:00+00:00,130.308,133.761,130.167,133.653,198649.0
2016-07-11 21:00:00+00:00,133.574,139.48,133.008,138.68,250772.0
2016-07-12 21:00:00+00:00,138.706,139.515,136.92,137.364,248620.0
2016-07-13 21:00:00+00:00,137.257,142.23,136.398,140.564,251144.0
2016-07-14 21:00:00+00:00,140.543,143.245,137.846,138.212,246693.0
2016-07-17 21:00:00+00:00,139.035,141.312,138.972,140.714,171735.0
2016-07-18 21:00:00+00:00,140.74,141.092,138.49,139.117,187810.0
2016-07-19 21:00:00+00:00,139.091,141.494,138.35,141.186,166757.0
2016-07-20 21:00:00+00:00,141.24,142.4,139.082,139.98,238607.0
2016-07-21 21:00:00+00:00,140.045,141.106,138.442,139.093,183080.0
2016-07-24 21:00:00+00:00,139.568,140.148,138.772,139.033,130700.0
2016-07-25 21:00:00+00:00,139.028,139.127,135.98,137.382,181020.0
2016-07-26 21:00:00+00:00,137.427,139.93,137.362,139.355,224335.0
2016-07-27 21:00:00+00:00,139.34,139.495,137.48,138.558,163585.0
2016-07-28 21:00:00+00:00,138.617,139.321,134.922,135.024,278037.0
2016-07-31 21:00:00+00:00,135.478,136.264,134.509,134.948,141075.0
2016-08-01 21:00:00+00:00,134.981,135.574,133.908,134.753,179591.0
2016-08-02 21:00:00+00:00,134.726,135.444,134.18,134.908,148000.0
2016-08-03 21:00:00+00:00,134.893,135.261,132.563,132.674,165776.0
2016-08-04 21:00:00+00:00,132.636,133.425,132.246,133.088,122471.0
2016-08-07 21:00:00+00:00,133.425,134.026,133.2,133.6,83534.0
2016-08-08 21:00:00+00:00,133.625,133.732,132.102,132.467,87977.0
2016-08-09 21:00:00+00:00,132.478,132.84,131.565,131.786,105227.0
2016-08-10 21:00:00+00:00,131.782,132.254,131.016,132.1,96579.0
2016-08-11 21:00:00+00:00,132.105,132.54,130.373,130.878,114753.0
2016-08-14 21:00:00+00:00,130.837,131.214,129.98,130.416,92264.0
2016-08-15 21:00:00+00:00,130.423,130.888,129.166,130.859,161075.0
2016-08-16 21:00:00+00:00,130.796,131.821,130.286,130.774,151474.0
2016-08-17 21:00:00+00:00,130.796,132.269,130.027,131.525,165595.0
2016-08-18 21:00:00+00:00,131.534,132.024,130.355,131.044,126399.0
2016-08-21 21:00:00+00:00,131.591,132.161,131.141,131.798,125514.0
2016-08-22 21:00:00+00:00,131.771,132.327,131.45,132.304,117050.0
2016-08-23 21:00:00+00:00,132.266,133.306,131.98,132.913,105487.0
2016-08-24 21:00:00+00:00,132.939,133.296,132.388,132.624,84291.0
2016-08-25 21:00:00+00:00,132.606,133.878,132.386,133.756,148378.0
2016-08-28 21:00:00+00:00,133.817,134.4,133.436,133.562,100851.0
2016-08-29 21:00:00+00:00,133.573,134.878,133.348,134.682,109855.0
2016-08-30 21:00:00+00:00,134.658,135.906,134.607,135.881,121846.0
2016-08-31 21:00:00+00:00,135.926,138.036,135.412,136.972,138863.0
2016-09-01 21:00:00+00:00,136.98,138.842,136.912,138.194,158144.0
2016-09-04 21:00:00+00:00,138.461,138.527,137.337,137.586,107348.0
2016-09-05 21:00:00+00:00,137.598,138.326,136.873,137.112,134252.0
2016-09-06 21:00:00+00:00,137.148,137.158,135.4,135.747,137744.0
2016-09-07 21:00:00+00:00,135.71,136.434,135.024,136.244,130904.0
2016-09-08 21:00:00+00:00,136.175,137.144,135.739,136.294,136329.0
2016-09-11 21:00:00+00:00,136.066,136.242,135.09,135.821,144926.0
2016-09-12 21:00:00+00:00,135.827,136.078,134.478,135.316,159710.0
2016-09-13 21:00:00+00:00,135.37,136.628,134.921,135.558,143902.0
2016-09-14 21:00:00+00:00,135.583,136.144,134.65,135.146,161914.0
2016-09-15 21:00:00+00:00,135.137,135.257,132.923,132.972,131014.0
2016-09-18 21:00:00+00:00,132.805,133.482,132.443,132.8,96306.0
2016-09-19 21:00:00+00:00,132.825,133.112,131.655,132.095,106440.0
2016-09-20 21:00:00+00:00,132.12,133.27,130.414,130.776,219963.0
2016-09-21 21:00:00+00:00,130.776,132.276,130.55,131.773,117318.0
2016-09-22 21:00:00+00:00,131.783,132.302,130.46,130.958,117625.0
2016-09-25 21:00:00+00:00,131.041,131.235,129.704,130.175,97284.0
2016-09-26 21:00:00+00:00,130.153,131.22,129.642,130.804,131299.0
2016-09-27 21:00:00+00:00,130.751,131.287,130.487,131.091,110145.0
2016-09-28 21:00:00+00:00,131.068,132.444,130.686,131.015,130575.0
2016-09-29 21:00:00+00:00,130.987,131.962,130.429,131.513,147552.0
2016-10-02 21:00:00+00:00,130.787,131.518,130.074,130.542,108637.0
2016-10-03 21:00:00+00:00,130.434,131.361,130.306,130.968,150810.0
2016-10-04 21:00:00+00:00,130.908,132.234,130.508,131.94,119125.0
2016-10-05 21:00:00+00:00,131.966,132.077,131.089,131.148,110540.0
2016-10-06 21:00:00+00:00,131.186,131.272,124.71,127.968,54453.0
2016-10-09 21:00:00+00:00,128.025,128.616,127.489,128.092,93367.0
2016-10-10 21:00:00+00:00,128.14,128.38,124.832,125.504,145979.0
2016-10-11 21:00:00+00:00,125.482,127.71,125.314,127.196,165956.0
2016-10-12 21:00:00+00:00,127.211,127.484,125.921,127.078,146618.0
2016-10-13 21:00:00+00:00,127.056,127.932,126.685,126.951,135751.0
2016-10-16 21:00:00+00:00,126.852,127.133,126.268,126.562,106216.0
2016-10-17 21:00:00+00:00,126.577,128.176,126.468,127.742,107225.0
2016-10-18 21:00:00+00:00,127.697,127.901,126.606,127.104,91589.0
2016-10-19 21:00:00+00:00,127.099,127.592,126.596,127.372,97605.0
2016-10-20 21:00:00+00:00,127.36,127.686,126.126,126.991,81291.0
2016-10-23 21:00:00+00:00,126.945,127.582,126.628,127.508,72705.0
2016-10-24 21:00:00+00:00,127.433,127.947,126.605,127.036,106846.0
2016-10-25 21:00:00+00:00,127.029,127.992,126.635,127.946,100615.0
2016-10-26 21:00:00+00:00,127.89,128.434,127.43,128.074,121473.0
2016-10-27 21:00:00+00:00,128.067,128.286,127.436,127.684,149414.0
2016-10-30 21:00:00+00:00,127.184,128.504,127.172,128.317,102123.0
2016-10-31 21:00:00+00:00,128.322,129.037,127.134,127.522,129889.0
2016-11-01 21:00:00+00:00,127.489,127.526,126.731,127.092,143723.0
2016-11-02 21:00:00+00:00,127.088,128.924,126.494,128.328,173627.0
2016-11-03 21:00:00+00:00,128.368,129.456,128.264,129.094,149919.0
2016-11-06 22:00:00+00:00,129.672,130.275,129.288,129.508,137798.0
2016-11-07 22:00:00+00:00,129.465,130.354,129.272,130.203,125165.0
2016-11-08 22:00:00+00:00,130.214,131.724,126.716,131.072,464502.0
2016-11-09 22:00:00+00:00,131.119,134.328,130.3,134.122,291356.0
2016-11-10 22:00:00+00:00,134.1,134.923,133.434,134.419,254734.0
2016-11-13 22:00:00+00:00,134.353,135.638,134.21,135.395,242424.0
2016-11-14 22:00:00+00:00,135.405,136.578,134.188,135.994,216910.0
2016-11-15 22:00:00+00:00,135.973,136.77,135.634,135.72,193982.0
2016-11-16 22:00:00+00:00,135.795,136.925,134.997,136.742,206781.0
2016-11-17 22:00:00+00:00,136.792,137.592,135.414,136.905,226890.0
2016-11-20 22:00:00+00:00,136.905,138.877,136.29,138.447,242345.0
2016-11-21 22:00:00+00:00,138.482,138.854,137.637,138.068,191785.0
2016-11-22 22:00:00+00:00,138.035,140.353,137.274,140.014,173596.0
2016-11-23 22:00:00+00:00,139.99,141.304,139.672,141.117,152234.0
2016-11-24 22:00:00+00:00,141.143,141.754,139.972,141.296,197274.0
2016-11-27 22:00:00+00:00,140.658,140.958,138.87,138.972,121639.0
2016-11-28 22:00:00+00:00,138.996,141.378,138.516,140.408,102250.0
2016-11-29 22:00:00+00:00,140.387,143.264,139.984,143.142,131732.0
2016-11-30 22:00:00+00:00,143.1,145.195,142.649,143.654,137101.0
2016-12-01 22:00:00+00:00,143.687,144.667,142.921,144.53,105660.0
2016-12-04 22:00:00+00:00,143.707,146.042,142.565,144.949,144679.0
2016-12-05 22:00:00+00:00,144.923,145.632,144.165,144.552,80803.0
2016-12-06 22:00:00+00:00,144.569,144.806,143.002,143.628,77902.0
2016-12-07 22:00:00+00:00,143.694,144.472,143.095,143.528,115023.0
2016-12-08 22:00:00+00:00,143.462,145.136,143.416,145.016,83396.0
2016-12-11 22:00:00+00:00,145.148,146.379,144.919,145.808,94382.0
2016-12-12 22:00:00+00:00,145.876,146.713,145.516,145.798,91868.0
2016-12-13 22:00:00+00:00,145.813,147.298,145.207,147.066,113285.0
2016-12-14 22:00:00+00:00,147.043,148.458,146.354,146.776,153621.0
2016-12-15 22:00:00+00:00,146.986,147.338,146.268,147.249,110656.0
2016-12-18 22:00:00+00:00,147.284,147.383,144.534,145.106,99806.0
2016-12-19 22:00:00+00:00,145.201,146.36,144.928,145.782,95829.0
2016-12-20 22:00:00+00:00,145.748,145.892,144.896,145.23,78515.0
2016-12-21 22:00:00+00:00,145.199,145.592,144.32,144.386,67882.0
2016-12-22 22:00:00+00:00,144.344,144.507,143.498,144.125,56543.0
2016-12-26 22:00:00+00:00,143.776,144.268,143.6,144.074,42992.0
2016-12-27 22:00:00+00:00,144.107,144.702,143.014,143.358,58923.0
2016-12-28 22:00:00+00:00,143.355,143.463,142.178,142.923,82778.0
2016-12-29 22:00:00+00:00,142.941,144.617,142.703,144.409,123861.0
2017-01-02 22:00:00+00:00,144.04,145.402,143.528,144.104,92370.0
2017-01-03 22:00:00+00:00,144.088,144.956,143.694,144.468,99150.0
2017-01-04 22:00:00+00:00,144.496,144.66,142.505,143.252,157111.0
2017-01-05 22:00:00+00:00,143.273,144.054,142.988,143.704,121928.0
2017-01-08 22:00:00+00:00,143.352,143.862,141.06,141.146,110218.0
2017-01-09 22:00:00+00:00,140.881,141.454,140.184,140.97,120417.0
2017-01-10 22:00:00+00:00,140.95,141.482,139.956,140.95,168537.0
2017-01-11 22:00:00+00:00,140.883,141.026,138.928,139.524,162073.0
2017-01-12 22:00:00+00:00,139.498,140.582,139.174,139.505,124945.0
2017-01-15 22:00:00+00:00,137.182,138.158,136.469,137.576,122345.0
2017-01-16 22:00:00+00:00,137.623,140.146,137.066,139.801,190884.0
2017-01-17 22:00:00+00:00,139.778,140.686,139.144,140.544,133129.0
2017-01-18 22:00:00+00:00,140.567,142.179,140.393,141.756,139663.0
2017-01-19 22:00:00+00:00,141.761,142.078,141.175,141.82,148420.0
2017-01-22 22:00:00+00:00,141.81,142.09,140.763,141.281,143393.0
2017-01-23 22:00:00+00:00,141.208,142.524,140.775,142.459,132587.0
2017-01-24 22:00:00+00:00,142.497,143.717,141.832,143.108,121070.0
2017-01-25 22:00:00+00:00,143.093,144.534,142.894,144.252,123417.0
2017-01-26 22:00:00+00:00,144.358,144.79,144.008,144.448,103971.0
2017-01-29 22:00:00+00:00,144.435,144.624,141.678,142.066,101990.0
2017-01-30 22:00:00+00:00,141.997,142.47,140.451,141.886,146699.0
2017-01-31 22:00:00+00:00,141.951,144.137,141.677,143.366,126239.0
2017-02-01 22:00:00+00:00,143.328,143.544,140.765,141.319,127093.0
2017-02-02 22:00:00+00:00,141.298,141.982,140.384,140.559,115298.0
2017-02-05 22:00:00+00:00,140.46,140.768,139.223,139.324,93220.0
2017-02-06 22:00:00+00:00,139.307,140.613,138.548,140.59,99524.0
2017-02-07 22:00:00+00:00,140.578,140.688,139.812,140.371,92988.0
2017-02-08 22:00:00+00:00,140.391,141.818,140.077,141.508,93216.0
2017-02-09 22:00:00+00:00,141.533,142.38,141.026,141.368,97951.0
2017-02-12 22:00:00+00:00,141.663,142.63,141.579,142.472,77640.0
2017-02-13 22:00:00+00:00,142.484,142.72,141.018,142.46,97134.0
2017-02-14 22:00:00+00:00,142.444,142.816,141.846,142.26,92749.0
2017-02-15 22:00:00+00:00,142.232,142.47,141.256,141.431,88175.0
2017-02-16 22:00:00+00:00,141.404,141.95,139.636,140.03,83287.0
2017-02-19 22:00:00+00:00,140.071,141.266,140.056,140.96,58515.0
2017-02-20 22:00:00+00:00,140.983,141.872,140.867,141.806,72513.0
2017-02-21 22:00:00+00:00,141.778,142.042,140.483,141.054,88806.0
2017-02-22 22:00:00+00:00,141.104,141.552,140.693,141.405,78413.0
2017-02-23 22:00:00+00:00,141.366,141.775,139.42,139.749,77533.0
2017-02-26 22:00:00+00:00,139.885,140.378,139.024,140.241,91513.0
2017-02-27 22:00:00+00:00,140.18,140.333,138.832,139.606,192008.0
2017-02-28 22:00:00+00:00,139.574,140.738,139.55,139.816,251636.0
2017-03-01 22:00:00+00:00,139.818,140.76,139.779,140.343,177464.0
2017-03-02 22:00:00+00:00,140.336,140.508,139.61,140.226,197623.0
2017-03-05 22:00:00+00:00,139.984,140.326,139.282,139.347,135870.0
2017-03-06 22:00:00+00:00,139.348,139.642,138.734,139.062,130953.0
2017-03-07 22:00:00+00:00,139.056,139.67,138.442,139.182,150015.0
2017-03-08 22:00:00+00:00,139.102,140.041,139.081,139.82,193825.0
2017-03-09 22:00:00+00:00,139.782,140.544,139.515,139.701,213208.0
2017-03-12 21:00:00+00:00,139.542,140.494,139.374,140.36,208017.0
2017-03-13 21:00:00+00:00,140.391,140.438,139.162,139.466,224208.0
2017-03-14 21:00:00+00:00,139.461,140.63,139.13,139.362,280519.0
2017-03-15 21:00:00+00:00,139.309,140.192,138.564,140.078,293189.0
2017-03-16 21:00:00+00:00,140.05,140.474,139.16,139.685,227379.0
2017-03-19 21:00:00+00:00,139.606,140.146,138.898,139.091,186056.0
2017-03-20 21:00:00+00:00,139.12,140.42,138.928,139.424,296984.0
2017-03-21 21:00:00+00:00,139.406,139.528,137.758,138.768,313624.0
2017-03-22 21:00:00+00:00,138.808,139.338,138.298,138.889,290939.0
2017-03-23 21:00:00+00:00,138.918,139.166,138.304,138.872,248718.0
2017-03-26 21:00:00+00:00,138.553,139.115,138.052,138.972,231192.0
2017-03-27 21:00:00+00:00,138.942,139.402,138.044,138.382,227020.0
2017-03-28 21:00:00+00:00,138.369,138.51,137.528,138.054,256320.0
2017-03-29 21:00:00+00:00,138.062,139.616,137.756,139.57,225046.0
2017-03-30 21:00:00+00:00,139.504,140.101,138.977,139.778,250809.0
2017-04-02 21:00:00+00:00,139.767,139.909,138.306,138.481,213733.0
2017-04-03 21:00:00+00:00,138.486,138.55,137.092,137.753,221387.0
2017-04-04 21:00:00+00:00,137.784,139.043,137.459,138.194,246665.0
2017-04-05 21:00:00+00:00,138.188,138.716,137.719,138.17,225671.0
2017-04-06 21:00:00+00:00,138.146,138.356,136.991,137.41,313840.0
2017-04-09 21:00:00+00:00,137.529,138.276,137.418,137.729,174056.0
2017-04-10 21:00:00+00:00,137.708,137.799,136.852,136.934,218223.0
2017-04-11 21:00:00+00:00,136.907,137.356,136.527,136.698,238127.0
2017-04-12 21:00:00+00:00,136.654,137.13,136.344,136.394,211969.0
2017-04-13 21:00:00+00:00,136.554,136.633,135.962,136.05,81628.0
2017-04-16 21:00:00+00:00,136.271,136.984,135.61,136.835,131652.0
2017-04-17 21:00:00+00:00,136.867,140.047,136.147,139.24,289333.0
2017-04-18 21:00:00+00:00,139.232,140.201,138.931,139.098,226730.0
2017-04-19 21:00:00+00:00,139.134,140.344,139.01,140.079,207039.0
2017-04-20 21:00:00+00:00,140.067,140.154,139.194,139.76,195419.0
2017-04-23 21:00:00+00:00,141.994,142.156,140.2,140.438,252235.0
2017-04-24 21:00:00+00:00,140.431,142.666,140.056,142.604,224204.0
2017-04-25 21:00:00+00:00,142.646,143.517,142.334,142.714,291564.0
2017-04-26 21:00:00+00:00,142.74,143.902,142.599,143.569,249819.0
2017-04-27 21:00:00+00:00,143.524,144.506,143.304,144.414,232997.0
2017-04-30 21:00:00+00:00,143.96,144.638,143.807,144.108,116956.0
2017-05-01 21:00:00+00:00,144.072,145.124,144.048,144.936,178058.0
2017-05-02 21:00:00+00:00,144.956,145.368,144.513,145.102,194504.0
2017-05-03 21:00:00+00:00,145.109,145.738,144.66,145.348,234333.0
2017-05-04 21:00:00+00:00,145.332,146.46,144.811,146.318,238900.0
2017-05-07 21:00:00+00:00,146.66,146.75,145.664,146.542,227772.0
2017-05-08 21:00:00+00:00,146.498,147.884,146.446,147.453,235715.0
2017-05-09 21:00:00+00:00,147.384,148.118,147.134,147.864,231365.0
2017-05-10 21:00:00+00:00,147.829,147.971,146.147,146.732,236133.0
2017-05-11 21:00:00+00:00,146.706,146.802,145.808,146.045,223142.0
2017-05-14 21:00:00+00:00,145.793,147.004,145.776,146.744,198858.0
2017-05-15 21:00:00+00:00,146.789,147.118,145.82,146.106,244209.0
2017-05-16 21:00:00+00:00,146.076,146.132,143.644,143.76,332713.0
2017-05-17 21:00:00+00:00,143.677,144.836,143.347,144.272,434958.0
2017-05-18 21:00:00+00:00,144.208,145.392,143.834,145.016,262445.0
2017-05-21 21:00:00+00:00,144.262,145.088,144.138,144.694,215858.0
2017-05-22 21:00:00+00:00,144.706,145.154,143.772,144.895,290015.0
2017-05-23 21:00:00+00:00,144.877,145.421,144.516,144.638,251577.0
2017-05-24 21:00:00+00:00,144.607,145.448,144.55,144.727,214765.0
2017-05-25 21:00:00+00:00,144.62,144.792,142.134,142.541,239678.0
2017-05-28 21:00:00+00:00,142.473,143.082,142.366,142.874,116091.0
2017-05-29 21:00:00+00:00,142.869,143.103,141.826,142.537,219415.0
2017-05-30 21:00:00+00:00,142.489,142.92,141.48,142.788,261188.0
2017-05-31 21:00:00+00:00,142.77,143.715,142.53,143.462,217762.0
2017-06-01 21:00:00+00:00,143.458,143.952,142.027,142.304,218656.0
2017-06-04 21:00:00+00:00,141.956,143.106,141.956,142.554,148557.0
2017-06-05 21:00:00+00:00,142.518,142.688,140.716,141.224,207034.0
2017-06-06 21:00:00+00:00,141.226,142.386,140.747,142.353,220360.0
2017-06-07 21:00:00+00:00,142.398,142.77,141.744,142.494,244169.0
2017-06-08 21:00:00+00:00,142.538,142.602,139.532,140.579,406055.0
2017-06-11 21:00:00+00:00,140.234,140.808,138.671,139.165,205071.0
2017-06-12 21:00:00+00:00,139.194,140.408,139.021,140.368,187007.0
2017-06-13 21:00:00+00:00,140.378,140.909,139.116,139.724,314702.0
2017-06-14 21:00:00+00:00,139.774,141.593,139.202,141.542,279496.0
2017-06-15 21:00:00+00:00,141.502,142.35,141.36,141.688,212548.0
2017-06-18 21:00:00+00:00,141.576,142.34,141.358,142.062,181698.0
2017-06-19 21:00:00+00:00,142.01,142.556,140.588,140.744,226722.0
2017-06-20 21:00:00+00:00,140.728,141.764,139.85,141.128,218152.0
2017-06-21 21:00:00+00:00,141.106,141.254,140.476,141.188,194819.0
2017-06-22 21:00:00+00:00,141.143,141.892,141.026,141.527,167382.0
2017-06-25 21:00:00+00:00,141.665,142.369,141.571,142.326,169957.0
2017-06-26 21:00:00+00:00,142.262,144.229,141.964,143.965,234298.0
2017-06-27 21:00:00+00:00,143.931,145.53,143.266,145.157,302461.0
2017-06-28 21:00:00+00:00,145.155,146.542,145.107,145.89,277331.0
2017-06-29 21:00:00+00:00,145.817,146.553,145.138,146.397,274278.0
2017-07-02 21:00:00+00:00,145.814,146.941,145.739,146.7,209139.0
2017-07-03 21:00:00+00:00,146.82,146.898,145.983,146.368,204040.0
2017-07-04 21:00:00+00:00,146.363,146.811,146.013,146.488,216150.0
2017-07-05 21:00:00+00:00,146.494,147.292,146.051,146.86,235890.0
2017-07-06 21:00:00+00:00,146.806,147.62,146.468,146.787,247440.0
2017-07-09 21:00:00+00:00,146.735,147.46,146.684,146.9,180205.0
2017-07-10 21:00:00+00:00,146.848,147.775,146.174,146.344,226440.0
2017-07-11 21:00:00+00:00,146.361,146.442,145.276,145.816,272085.0
2017-07-12 21:00:00+00:00,145.802,146.87,145.556,146.592,247984.0
2017-07-13 21:00:00+00:00,146.618,147.578,146.013,147.439,227853.0
2017-07-16 21:00:00+00:00,147.284,147.616,146.76,147.023,202920.0
2017-07-17 21:00:00+00:00,147.058,147.336,145.398,146.138,284588.0
2017-07-18 21:00:00+00:00,146.206,146.333,145.256,145.8,223709.0
2017-07-19 21:00:00+00:00,145.758,146.295,144.698,145.186,339202.0
2017-07-20 21:00:00+00:00,145.162,145.338,144.059,144.43,242724.0
2017-07-23 21:00:00+00:00,144.439,145.026,144.032,144.76,221232.0
2017-07-24 21:00:00+00:00,144.769,145.899,144.47,145.734,234117.0
2017-07-25 21:00:00+00:00,145.782,146.446,145.488,145.889,264991.0
2017-07-26 21:00:00+00:00,145.804,146.568,145.13,145.35,320789.0
2017-07-27 21:00:00+00:00,145.41,145.782,145.01,145.394,291876.0
2017-07-30 21:00:00+00:00,145.269,145.846,144.816,145.711,248257.0
2017-07-31 21:00:00+00:00,145.68,146.166,145.406,145.738,265454.0
2017-08-01 21:00:00+00:00,145.688,146.762,145.616,146.429,240284.0
2017-08-02 21:00:00+00:00,146.362,146.805,144.387,144.582,260535.0
2017-08-03 21:00:00+00:00,144.56,145.334,144.23,144.336,218279.0
2017-08-06 21:00:00+00:00,144.435,144.718,144.188,144.342,160910.0
2017-08-07 21:00:00+00:00,144.398,144.474,143.186,143.356,181996.0
2017-08-08 21:00:00+00:00,143.31,143.403,142.274,143.142,244026.0
2017-08-09 21:00:00+00:00,143.148,143.347,141.656,141.723,228946.0
2017-08-10 21:00:00+00:00,141.709,142.078,141.253,142.013,246732.0
2017-08-13 21:00:00+00:00,141.954,142.747,141.806,142.124,193899.0
2017-08-14 21:00:00+00:00,142.132,143.204,141.974,142.432,221772.0
2017-08-15 21:00:00+00:00,142.4,143.104,141.724,142.034,215290.0
2017-08-16 21:00:00+00:00,142.086,142.094,140.863,140.988,252778.0
2017-08-17 21:00:00+00:00,140.982,141.098,139.791,140.61,283119.0
2017-08-20 21:00:00+00:00,140.688,140.858,140.106,140.586,195919.0
2017-08-21 21:00:00+00:00,140.562,141.05,140.065,140.497,168642.0
2017-08-22 21:00:00+00:00,140.49,140.795,139.438,139.556,187989.0
2017-08-23 21:00:00+00:00,139.506,140.447,139.298,140.218,180801.0
2017-08-24 21:00:00+00:00,140.283,140.9,140.146,140.806,221053.0
2017-08-27 21:00:00+00:00,141.203,141.421,140.446,141.28,144303.0
2017-08-28 21:00:00+00:00,141.302,142.005,140.012,141.794,295908.0
2017-08-29 21:00:00+00:00,141.664,142.776,141.564,142.489,202605.0
2017-08-30 21:00:00+00:00,142.484,142.913,141.543,142.201,220994.0
2017-08-31 21:00:00+00:00,142.107,143.048,142.046,142.828,199335.0
2017-09-03 21:00:00+00:00,141.98,142.497,141.585,141.89,128006.0
2017-09-04 21:00:00+00:00,141.822,141.942,141.196,141.788,225795.0
2017-09-05 21:00:00+00:00,141.819,142.694,141.368,142.43,218720.0
2017-09-06 21:00:00+00:00,142.436,142.68,141.496,142.068,235532.0
2017-09-07 21:00:00+00:00,142.109,142.555,141.346,142.305,265731.0
2017-09-10 21:00:00+00:00,142.649,144.184,142.56,144.01,195631.0
2017-09-11 21:00:00+00:00,143.982,146.542,143.906,146.331,219646.0
2017-09-12 21:00:00+00:00,146.289,146.662,145.65,145.966,211910.0
2017-09-13 21:00:00+00:00,145.988,148.35,145.198,147.711,288505.0
2017-09-14 21:00:00+00:00,147.73,151.554,146.643,150.64,315932.0
2017-09-17 21:00:00+00:00,150.666,151.521,150.154,150.525,229894.0
2017-09-18 21:00:00+00:00,150.572,151.589,150.13,150.782,258434.0
2017-09-19 21:00:00+00:00,150.656,152.242,150.468,151.407,283856.0
2017-09-20 21:00:00+00:00,151.446,152.866,151.384,152.78,254856.0
2017-09-21 21:00:00+00:00,152.748,152.814,150.674,151.167,274274.0
2017-09-24 21:00:00+00:00,151.301,152.278,149.752,150.479,257511.0
2017-09-25 21:00:00+00:00,150.416,151.083,149.99,151.059,231630.0
2017-09-26 21:00:00+00:00,151.032,151.608,150.528,151.028,273571.0
2017-09-27 21:00:00+00:00,151.017,151.584,150.474,150.995,257366.0
2017-09-28 21:00:00+00:00,150.936,151.293,150.2,150.763,253563.0
2017-10-01 21:00:00+00:00,150.719,150.966,149.28,149.738,203914.0
2017-10-02 21:00:00+00:00,149.719,150.244,149.29,149.392,203267.0
2017-10-03 21:00:00+00:00,149.318,149.91,149.036,149.376,202265.0
2017-10-04 21:00:00+00:00,149.296,149.461,147.684,148.001,190110.0
2017-10-05 21:00:00+00:00,148.053,148.074,147.042,147.262,218556.0
2017-10-06 21:00:00+00:00,147.263,147.263,147.263,147.263,1.0
2017-10-08 21:00:00+00:00,147.442,148.558,146.942,148.084,142452.0
2017-10-09 21:00:00+00:00,148.07,148.526,147.736,148.482,183091.0
2017-10-10 21:00:00+00:00,148.525,148.854,147.844,148.764,152540.0
2017-10-11 21:00:00+00:00,148.75,149.159,147.296,148.924,186472.0
2017-10-12 21:00:00+00:00,148.914,149.266,148.457,148.579,199214.0
2017-10-15 21:00:00+00:00,148.676,148.98,148.17,148.698,137081.0
2017-10-16 21:00:00+00:00,148.732,149.07,147.782,148.036,169022.0
2017-10-17 21:00:00+00:00,147.97,149.138,147.896,149.124,161350.0
2017-10-18 21:00:00+00:00,149.12,149.446,147.914,148.104,203726.0
2017-10-19 21:00:00+00:00,148.086,149.832,147.989,149.708,215873.0
2017-10-20 21:00:00+00:00,149.708,149.708,149.708,149.708,1.0
2017-10-22 21:00:00+00:00,150.121,150.498,149.481,149.703,165271.0
2017-10-23 21:00:00+00:00,149.704,150.093,149.14,149.653,180700.0
2017-10-24 21:00:00+00:00,149.616,151.402,149.28,150.856,244969.0
2017-10-25 21:00:00+00:00,150.843,150.913,149.765,149.994,223862.0
2017-10-26 21:00:00+00:00,149.984,150.058,148.886,149.251,222913.0
2017-10-29 21:00:00+00:00,149.269,150.018,149.175,149.482,157115.0
2017-10-30 21:00:00+00:00,149.49,151.074,149.2,150.956,171199.0
2017-10-31 21:00:00+00:00,151.013,151.97,150.922,151.248,190471.0
2017-11-01 21:00:00+00:00,151.313,151.554,148.668,148.986,237893.0
2017-11-02 21:00:00+00:00,148.992,149.541,148.714,149.157,173176.0
2017-11-05 22:00:00+00:00,149.071,149.904,148.994,149.772,168819.0
2017-11-06 22:00:00+00:00,149.8,150.329,149.66,150.096,65927.0
2017-11-07 22:00:00+00:00,150.09,150.134,148.544,149.351,40602.0
2017-11-08 22:00:00+00:00,149.345,149.7,148.444,149.164,59959.0
2017-11-09 22:00:00+00:00,149.198,150.0,148.842,149.731,45096.0
2017-11-12 22:00:00+00:00,149.391,149.692,148.06,149.032,41922.0
2017-11-13 22:00:00+00:00,149.026,149.57,148.623,149.374,46347.0
2017-11-14 22:00:00+00:00,149.368,149.378,148.108,148.674,66787.0
2017-11-15 22:00:00+00:00,148.674,149.461,148.536,149.168,50348.0
2017-11-16 22:00:00+00:00,149.126,149.322,147.938,148.199,57221.0
2017-11-19 22:00:00+00:00,148.199,149.237,147.638,149.048,52210.0
2017-11-20 22:00:00+00:00,149.038,149.372,148.621,148.854,45718.0
2017-11-21 22:00:00+00:00,148.902,148.98,148.022,148.212,47865.0
2017-11-22 22:00:00+00:00,148.208,148.482,147.816,148.007,26097.0
2017-11-23 22:00:00+00:00,148.012,148.986,147.944,148.748,38618.0
2017-11-26 22:00:00+00:00,148.588,148.872,147.842,147.979,44639.0
2017-11-27 22:00:00+00:00,148.029,149.288,146.981,148.715,73516.0
2017-11-28 22:00:00+00:00,148.797,150.439,148.672,150.1,74025.0
2017-11-29 22:00:00+00:00,150.032,152.413,150.018,152.226,58720.0
2017-11-30 22:00:00+00:00,152.254,152.487,150.589,151.315,102873.0
2017-12-03 22:00:00+00:00,151.558,152.952,151.254,151.522,76282.0
2017-12-04 22:00:00+00:00,151.513,151.814,150.53,151.363,60742.0
2017-12-05 22:00:00+00:00,151.372,151.426,149.761,150.378,61775.0
2017-12-06 22:00:00+00:00,150.389,152.468,150.155,152.374,60549.0
2017-12-07 22:00:00+00:00,152.382,153.413,151.635,151.862,65747.0
2017-12-10 22:00:00+00:00,151.939,152.342,151.24,151.482,42238.0
2017-12-11 22:00:00+00:00,151.46,151.759,151.032,151.234,43467.0
2017-12-12 22:00:00+00:00,151.206,151.516,150.473,151.008,58754.0
2017-12-13 22:00:00+00:00,150.753,151.931,150.63,150.963,60342.0
2017-12-14 22:00:00+00:00,150.956,151.024,149.419,150.05,55232.0
2017-12-17 22:00:00+00:00,150.097,151.031,149.774,150.61,39741.0
2017-12-18 22:00:00+00:00,150.628,151.274,150.378,151.106,41081.0
2017-12-19 22:00:00+00:00,151.1,152.016,151.074,151.677,41239.0
2017-12-20 22:00:00+00:00,151.673,151.92,151.282,151.692,38129.0
2017-12-21 22:00:00+00:00,151.688,151.862,151.203,151.376,37279.0
2017-12-25 22:00:00+00:00,151.418,151.592,151.193,151.449,15602.0
2017-12-26 22:00:00+00:00,151.438,152.093,151.354,151.875,31605.0
2017-12-27 22:00:00+00:00,151.885,151.99,151.498,151.721,28501.0
2017-12-28 22:00:00+00:00,151.799,152.516,151.538,152.245,36918.0
2018-01-01 22:00:00+00:00,152.14,152.742,151.873,152.601,38646.0
2018-01-02 22:00:00+00:00,152.581,152.828,151.76,152.068,35202.0
2018-01-03 22:00:00+00:00,152.062,152.98,152.004,152.797,34385.0
2018-01-04 22:00:00+00:00,152.797,153.644,152.758,153.391,35378.0
2018-01-07 22:00:00+00:00,153.455,153.675,152.876,153.441,30774.0
2018-01-08 22:00:00+00:00,153.452,153.576,151.947,152.531,39070.0
2018-01-09 22:00:00+00:00,152.526,152.606,150.366,150.513,57733.0
2018-01-10 22:00:00+00:00,150.525,151.008,150.2,150.633,50383.0
2018-01-11 22:00:00+00:00,150.567,152.676,150.556,152.473,64664.0
2018-01-14 22:00:00+00:00,152.549,152.809,151.936,152.468,51556.0
2018-01-15 22:00:00+00:00,152.515,153.101,152.054,152.336,54600.0
2018-01-16 22:00:00+00:00,152.37,154.29,152.152,153.912,67777.0
2018-01-17 22:00:00+00:00,153.907,154.584,153.628,154.378,60190.0
2018-01-18 22:00:00+00:00,154.319,154.448,153.118,153.521,58908.0
2018-01-21 22:00:00+00:00,153.624,155.256,153.506,155.181,47523.0
2018-01-22 22:00:00+00:00,155.123,155.406,153.736,154.419,63303.0
2018-01-23 22:00:00+00:00,154.499,155.724,154.132,155.538,81994.0
2018-01-24 22:00:00+00:00,155.532,156.091,154.434,154.707,117254.0
2018-01-25 22:00:00+00:00,154.701,155.858,153.434,153.829,97301.0
2018-01-28 22:00:00+00:00,153.695,154.026,152.827,153.353,67598.0
2018-01-29 22:00:00+00:00,153.348,154.094,151.976,153.931,77914.0
2018-01-30 22:00:00+00:00,153.907,155.348,153.57,154.956,88435.0
2018-01-31 22:00:00+00:00,154.966,156.447,154.937,156.046,73139.0
2018-02-01 22:00:00+00:00,156.068,156.612,155.422,155.537,80755.0
2018-02-04 22:00:00+00:00,155.41,155.548,152.292,152.346,95722.0
2018-02-05 22:00:00+00:00,152.328,152.916,151.212,152.852,147011.0
2018-02-06 22:00:00+00:00,152.798,153.136,151.332,151.776,89586.0
2018-02-07 22:00:00+00:00,151.751,154.048,150.834,151.294,135723.0
2018-02-08 22:00:00+00:00,151.286,152.757,148.926,150.467,146257.0
2018-02-11 22:00:00+00:00,150.401,150.828,149.67,150.344,67824.0
2018-02-12 22:00:00+00:00,150.333,150.626,148.982,149.792,71830.0
2018-02-13 22:00:00+00:00,149.739,150.034,147.972,149.806,95274.0
2018-02-14 22:00:00+00:00,149.74,150.19,148.938,149.618,85878.0
2018-02-15 22:00:00+00:00,149.612,149.966,148.784,149.133,73165.0
2018-02-18 22:00:00+00:00,149.06,149.476,148.883,149.228,37905.0
2018-02-19 22:00:00+00:00,149.248,150.384,149.084,150.224,55048.0
2018-02-20 22:00:00+00:00,150.224,150.932,149.425,149.996,72122.0
2018-02-21 22:00:00+00:00,149.992,150.002,148.546,148.986,63790.0
2018-02-22 22:00:00+00:00,148.98,149.521,148.654,149.302,52913.0
2018-02-25 22:00:00+00:00,149.966,150.014,149.0,149.354,54880.0
2018-02-26 22:00:00+00:00,149.362,149.82,148.844,149.282,62974.0
2018-02-27 22:00:00+00:00,149.301,149.52,146.728,146.784,65778.0
2018-02-28 22:00:00+00:00,146.775,147.49,146.015,146.358,87857.0
2018-03-01 22:00:00+00:00,146.306,146.448,144.994,145.95,78568.0
2018-03-04 22:00:00+00:00,145.554,147.126,145.084,147.077,67354.0
2018-03-05 22:00:00+00:00,147.077,148.014,146.558,147.377,63079.0
2018-03-06 22:00:00+00:00,147.433,147.572,146.236,147.456,72312.0
2018-03-07 22:00:00+00:00,147.408,147.667,146.379,146.703,60749.0
2018-03-08 22:00:00+00:00,146.664,148.548,146.632,147.937,61604.0
2018-03-11 21:00:00+00:00,147.731,148.215,147.422,147.981,42564.0
2018-03-12 21:00:00+00:00,147.987,149.384,147.772,148.81,55220.0
2018-03-13 21:00:00+00:00,148.81,149.168,147.756,148.45,54333.0
2018-03-14 21:00:00+00:00,148.422,148.512,147.45,148.194,56861.0
2018-03-15 21:00:00+00:00,148.237,148.266,147.252,147.798,48099.0
2018-03-18 21:00:00+00:00,147.651,149.688,147.054,148.794,66827.0
2018-03-19 21:00:00+00:00,148.794,149.799,148.583,149.133,59236.0
2018-03-20 21:00:00+00:00,149.122,150.312,148.958,149.967,65300.0
2018-03-21 21:00:00+00:00,149.958,150.204,148.28,148.4,86277.0
2018-03-22 21:00:00+00:00,148.487,148.977,147.678,148.02,90140.0
2018-03-25 21:00:00+00:00,147.973,150.116,147.914,149.982,57619.0
2018-03-26 21:00:00+00:00,149.996,150.499,148.94,149.129,62470.0
2018-03-27 21:00:00+00:00,149.059,150.598,149.058,150.366,85672.0
2018-03-28 21:00:00+00:00,150.384,150.462,149.029,149.204,57874.0
2018-03-29 21:00:00+00:00,149.193,149.467,148.848,148.904,29244.0
2018-04-01 21:00:00+00:00,149.039,149.675,148.392,148.728,40915.0
2018-04-02 21:00:00+00:00,148.716,149.965,148.498,149.877,55976.0
2018-04-03 21:00:00+00:00,149.863,150.434,148.806,150.342,61046.0
2018-04-04 21:00:00+00:00,150.342,150.692,149.967,150.374,49820.0
2018-04-05 21:00:00+00:00,150.392,151.228,149.894,150.668,70491.0
2018-04-08 21:00:00+00:00,150.726,151.496,150.5,150.896,45555.0
2018-04-09 21:00:00+00:00,150.891,152.141,150.714,151.966,58054.0
2018-04-10 21:00:00+00:00,152.001,152.25,151.284,151.412,52963.0
2018-04-11 21:00:00+00:00,151.394,152.881,151.176,152.711,51789.0
2018-04-12 21:00:00+00:00,152.724,153.857,152.588,152.838,47370.0
2018-04-15 21:00:00+00:00,153.178,153.764,152.659,153.581,42643.0
2018-04-16 21:00:00+00:00,153.588,153.758,152.788,152.915,41614.0
2018-04-17 21:00:00+00:00,152.879,153.634,152.068,152.302,43067.0
2018-04-18 21:00:00+00:00,152.296,152.96,151.094,151.223,53807.0
2018-04-19 21:00:00+00:00,151.263,151.706,150.685,150.741,51221.0
2018-04-22 21:00:00+00:00,150.934,151.646,150.756,151.534,41891.0
2018-04-23 21:00:00+00:00,151.534,152.603,151.41,152.106,46078.0
2018-04-24 21:00:00+00:00,152.08,152.572,152.08,152.444,43756.0
2018-04-25 21:00:00+00:00,152.43,152.734,151.979,152.104,52599.0
2018-04-26 21:00:00+00:00,152.094,152.281,150.257,150.308,56375.0
2018-04-29 21:00:00+00:00,150.238,150.848,149.842,150.506,41176.0
2018-04-30 21:00:00+00:00,150.493,150.636,149.154,149.588,48859.0
2018-05-01 21:00:00+00:00,149.602,150.127,149.013,149.089,59268.0
2018-05-02 21:00:00+00:00,149.156,149.468,147.604,148.233,59312.0
2018-05-03 21:00:00+00:00,148.249,148.292,147.068,147.595,48181.0
2018-05-06 21:00:00+00:00,147.697,148.266,147.346,147.889,35173.0
2018-05-07 21:00:00+00:00,147.825,148.084,147.056,147.845,52505.0
2018-05-08 21:00:00+00:00,147.767,149.198,147.726,148.664,49496.0
2018-05-09 21:00:00+00:00,148.657,149.312,147.484,147.882,73804.0
2018-05-10 21:00:00+00:00,147.902,148.492,147.586,148.11,44236.0
2018-05-13 21:00:00+00:00,148.12,149.072,148.008,148.636,33197.0
2018-05-14 21:00:00+00:00,148.663,149.202,148.386,149.052,49717.0
2018-05-15 21:00:00+00:00,149.016,149.082,148.188,148.912,52248.0
2018-05-16 21:00:00+00:00,148.848,149.838,148.798,149.721,50995.0
2018-05-17 21:00:00+00:00,149.721,150.011,149.092,149.192,39646.0
2018-05-20 21:00:00+00:00,149.325,149.656,148.82,149.104,40982.0
2018-05-21 21:00:00+00:00,149.109,149.73,148.773,148.956,43781.0
2018-05-22 21:00:00+00:00,148.969,149.012,145.952,146.948,72434.0
2018-05-23 21:00:00+00:00,146.867,147.274,145.693,146.189,71123.0
2018-05-24 21:00:00+00:00,146.194,146.726,145.284,145.46,64567.0
2018-05-27 21:00:00+00:00,146.165,146.212,145.324,145.645,41962.0
2018-05-28 21:00:00+00:00,145.645,145.713,143.2,144.161,102238.0
2018-05-29 21:00:00+00:00,144.084,145.06,143.604,144.647,85922.0
2018-05-30 21:00:00+00:00,144.72,145.314,144.132,144.662,80533.0
2018-05-31 21:00:00+00:00,144.705,146.302,144.491,146.192,66938.0
2018-06-03 21:00:00+00:00,146.192,146.901,145.847,146.196,47769.0
2018-06-04 21:00:00+00:00,146.178,147.108,146.044,147.09,52764.0
2018-06-05 21:00:00+00:00,147.009,148.012,146.975,147.795,52595.0
2018-06-06 21:00:00+00:00,147.762,148.12,146.912,147.244,60601.0
2018-06-07 21:00:00+00:00,147.214,147.444,146.098,146.855,62313.0
2018-06-10 21:00:00+00:00,146.68,147.848,146.598,147.25,42639.0
2018-06-11 21:00:00+00:00,147.244,147.992,147.126,147.586,62357.0
2018-06-12 21:00:00+00:00,147.568,147.899,147.217,147.605,49680.0
2018-06-13 21:00:00+00:00,147.538,147.862,146.653,146.701,62751.0
2018-06-14 21:00:00+00:00,146.752,147.069,146.3,146.952,58167.0
2018-06-17 21:00:00+00:00,146.83,147.062,146.107,146.437,38835.0
2018-06-18 21:00:00+00:00,146.444,146.48,144.39,144.992,68459.0
2018-06-19 21:00:00+00:00,145.026,145.627,144.592,145.349,53455.0
2018-06-20 21:00:00+00:00,145.361,146.226,144.596,145.62,72598.0
2018-06-21 21:00:00+00:00,145.662,146.653,145.492,145.883,52320.0
2018-06-24 21:00:00+00:00,145.639,146.207,144.7,145.777,59910.0
2018-06-25 21:00:00+00:00,145.795,145.797,144.976,145.498,58599.0
2018-06-26 21:00:00+00:00,145.597,145.665,144.522,144.59,72173.0
2018-06-27 21:00:00+00:00,144.594,144.682,143.774,144.504,68464.0
2018-06-28 21:00:00+00:00,144.51,146.334,144.348,146.229,74380.0
2018-07-01 21:00:00+00:00,145.949,146.494,145.191,145.744,60614.0
2018-07-02 21:00:00+00:00,145.804,146.389,145.29,145.907,57847.0
2018-07-03 21:00:00+00:00,145.901,146.37,145.572,146.193,46554.0
2018-07-04 21:00:00+00:00,146.134,146.874,145.842,146.277,69097.0
2018-07-05 21:00:00+00:00,146.143,146.797,146.113,146.751,49921.0
2018-07-08 21:00:00+00:00,147.113,147.618,146.108,146.971,64362.0
2018-07-09 21:00:00+00:00,146.944,147.796,146.83,147.352,51328.0
2018-07-10 21:00:00+00:00,147.294,148.134,146.81,147.905,74569.0
2018-07-11 21:00:00+00:00,147.893,148.903,147.8,148.607,53729.0
2018-07-12 21:00:00+00:00,148.602,148.741,147.65,148.694,52558.0
2018-07-15 21:00:00+00:00,148.475,149.32,148.458,148.616,37840.0
2018-07-16 21:00:00+00:00,148.616,149.096,147.588,148.039,58382.0
2018-07-17 21:00:00+00:00,148.08,148.236,146.872,147.476,54236.0
2018-07-18 21:00:00+00:00,147.487,147.596,146.167,146.371,65072.0
2018-07-19 21:00:00+00:00,146.376,146.663,145.982,146.358,70312.0
2018-07-22 21:00:00+00:00,146.21,146.436,145.68,145.883,49401.0
2018-07-23 21:00:00+00:00,145.869,146.331,145.464,146.166,48759.0
2018-07-24 21:00:00+00:00,146.124,146.528,145.776,146.378,56714.0
2018-07-25 21:00:00+00:00,146.386,146.536,145.768,145.825,50060.0
2018-07-26 21:00:00+00:00,145.794,145.828,145.274,145.494,39871.0
2018-07-29 21:00:00+00:00,145.489,145.929,145.396,145.866,56275.0
2018-07-30 21:00:00+00:00,145.88,147.016,145.376,146.83,60030.0
2018-07-31 21:00:00+00:00,146.749,147.148,146.318,146.642,47017.0
2018-08-01 21:00:00+00:00,146.583,146.664,145.01,145.346,49914.0
2018-08-02 21:00:00+00:00,145.331,145.55,144.517,144.643,45956.0
2018-08-05 21:00:00+00:00,144.71,144.74,144.049,144.193,29012.0
2018-08-06 21:00:00+00:00,144.246,144.442,143.814,144.112,28478.0
2018-08-07 21:00:00+00:00,144.106,144.283,142.734,142.936,35117.0
2018-08-08 21:00:00+00:00,143.016,143.497,142.356,142.463,34582.0
2018-08-09 21:00:00+00:00,142.496,142.576,140.946,141.631,78208.0
2018-08-12 21:00:00+00:00,140.842,141.838,140.246,141.356,68990.0
2018-08-13 21:00:00+00:00,141.378,142.476,141.01,141.383,54249.0
2018-08-14 21:00:00+00:00,141.398,141.774,139.902,140.618,58944.0
2018-08-15 21:00:00+00:00,140.595,141.332,140.214,140.977,57775.0
2018-08-16 21:00:00+00:00,140.982,141.172,140.232,140.904,47857.0
2018-08-19 21:00:00+00:00,140.978,141.223,140.724,140.852,33512.0
2018-08-20 21:00:00+00:00,140.847,142.686,140.671,142.298,43743.0
2018-08-21 21:00:00+00:00,142.211,142.804,142.004,142.752,43527.0
2018-08-22 21:00:00+00:00,142.716,143.014,142.43,142.606,42387.0
2018-08-23 21:00:00+00:00,142.581,143.245,142.525,142.935,40689.0
2018-08-26 21:00:00+00:00,142.975,143.288,142.534,143.214,31181.0
2018-08-27 21:00:00+00:00,143.222,143.67,143.051,143.111,36979.0
2018-08-28 21:00:00+00:00,143.126,145.57,142.828,145.488,52727.0
2018-08-29 21:00:00+00:00,145.492,145.69,144.384,144.414,47304.0
2018-08-30 21:00:00+00:00,144.362,144.699,143.504,143.931,53029.0
2018-09-02 21:00:00+00:00,143.487,143.722,142.844,142.948,34865.0
2018-09-03 21:00:00+00:00,142.96,143.386,142.597,143.294,48829.0
2018-09-04 21:00:00+00:00,143.235,144.968,142.659,143.936,62150.0
2018-09-05 21:00:00+00:00,143.912,144.258,142.95,143.182,53950.0
2018-09-06 21:00:00+00:00,143.154,144.438,142.616,143.409,70278.0
2018-09-09 21:00:00+00:00,143.587,145.034,143.078,144.768,44866.0
2018-09-10 21:00:00+00:00,144.719,145.917,144.35,145.442,50602.0
2018-09-11 21:00:00+00:00,145.397,145.676,144.68,145.182,52428.0
2018-09-12 21:00:00+00:00,145.188,146.82,145.022,146.707,48744.0
2018-09-13 21:00:00+00:00,146.72,147.038,146.262,146.45,43744.0
2018-09-16 21:00:00+00:00,146.441,147.468,146.32,147.17,37088.0
2018-09-17 21:00:00+00:00,147.177,147.92,146.79,147.738,54583.0
2018-09-18 21:00:00+00:00,147.729,148.54,147.195,147.582,55235.0
2018-09-19 21:00:00+00:00,147.569,149.293,147.348,149.271,55124.0
2018-09-20 21:00:00+00:00,149.204,149.72,146.99,147.214,59101.0
2018-09-23 21:00:00+00:00,147.049,148.307,146.952,147.974,40373.0
2018-09-24 21:00:00+00:00,147.974,149.024,147.816,148.932,39530.0
2018-09-25 21:00:00+00:00,148.944,149.096,148.286,148.431,48118.0
2018-09-26 21:00:00+00:00,148.431,148.733,147.598,148.289,52785.0
2018-09-27 21:00:00+00:00,148.281,148.629,147.546,148.154,45205.0
2018-09-30 21:00:00+00:00,148.327,149.428,148.184,148.585,39271.0
2018-10-01 21:00:00+00:00,148.606,148.726,147.2,147.544,47316.0
2018-10-02 21:00:00+00:00,147.501,148.591,147.27,148.212,58418.0
2018-10-03 21:00:00+00:00,148.13,148.639,147.71,148.354,65583.0
2018-10-04 21:00:00+00:00,148.338,149.274,148.087,149.166,72168.0
2018-10-07 21:00:00+00:00,149.368,149.514,147.502,148.264,50572.0
2018-10-08 21:00:00+00:00,148.164,148.758,147.352,148.47,71648.0
2018-10-09 21:00:00+00:00,148.467,149.308,148.067,148.099,69678.0
2018-10-10 21:00:00+00:00,148.148,148.784,147.82,148.443,113533.0
2018-10-11 21:00:00+00:00,148.364,149.012,147.169,147.583,73988.0
2018-10-14 21:00:00+00:00,146.771,147.43,146.512,146.994,64565.0
2018-10-15 21:00:00+00:00,147.027,148.408,146.89,148.018,57675.0
2018-10-16 21:00:00+00:00,148.025,148.257,147.06,147.75,59106.0
2018-10-17 21:00:00+00:00,147.754,147.805,145.816,146.04,65459.0
2018-10-18 21:00:00+00:00,146.034,147.338,146.022,147.064,64895.0
2018-10-21 21:00:00+00:00,147.225,147.585,146.047,146.28,56457.0
2018-10-22 21:00:00+00:00,146.284,146.408,145.294,145.995,70237.0
2018-10-23 21:00:00+00:00,145.995,146.308,144.438,144.608,78750.0
2018-10-24 21:00:00+00:00,144.57,145.038,144.03,144.084,74692.0
2018-10-25 21:00:00+00:00,144.1,144.21,142.776,143.545,93409.0
2018-10-28 21:00:00+00:00,143.48,144.408,143.346,143.774,65126.0
2018-10-29 21:00:00+00:00,143.781,144.393,143.22,143.698,64362.0
2018-10-30 21:00:00+00:00,143.762,145.139,143.625,144.186,61803.0
2018-10-31 21:00:00+00:00,144.19,146.894,144.032,146.544,74437.0
2018-11-01 21:00:00+00:00,146.548,147.262,146.294,146.796,66318.0
2018-11-04 22:00:00+00:00,147.39,147.81,146.858,147.631,47313.0
2018-11-05 22:00:00+00:00,147.582,148.716,147.306,148.635,49430.0
2018-11-06 22:00:00+00:00,148.528,149.235,148.339,149.03,74508.0
2018-11-07 22:00:00+00:00,149.065,149.49,148.611,148.982,53884.0
2018-11-08 22:00:00+00:00,149.015,149.071,147.503,147.668,55617.0
2018-11-11 22:00:00+00:00,147.016,147.582,146.074,146.294,64778.0
2018-11-12 22:00:00+00:00,146.285,148.73,145.998,147.622,83782.0
2018-11-13 22:00:00+00:00,147.712,148.432,146.33,147.6,116529.0
2018-11-14 22:00:00+00:00,147.59,147.93,144.267,145.169,126335.0
2018-11-15 22:00:00+00:00,145.164,145.449,144.608,144.806,76510.0
2018-11-18 22:00:00+00:00,144.902,145.32,144.31,144.658,56941.0
2018-11-19 22:00:00+00:00,144.648,144.92,144.027,144.2,63459.0
2018-11-20 22:00:00+00:00,144.184,144.894,144.072,144.478,51327.0
2018-11-21 22:00:00+00:00,144.466,145.956,144.268,145.45,48938.0
2018-11-22 22:00:00+00:00,145.457,145.531,144.357,144.766,41669.0
2018-11-25 22:00:00+00:00,144.84,145.744,144.656,145.5,47212.0
2018-11-26 22:00:00+00:00,145.514,145.592,144.604,145.012,61095.0
2018-11-27 22:00:00+00:00,144.992,145.842,144.864,145.782,54115.0
2018-11-28 22:00:00+00:00,145.778,145.804,144.522,145.114,49571.0
2018-11-29 22:00:00+00:00,145.124,145.29,144.63,144.706,47398.0
2018-12-02 22:00:00+00:00,145.152,145.516,144.183,144.604,47435.0
2018-12-03 22:00:00+00:00,144.6,144.764,142.849,143.444,70017.0
2018-12-04 22:00:00+00:00,143.424,144.54,143.272,144.136,45494.0
2018-12-05 22:00:00+00:00,144.136,144.172,143.256,144.04,78911.0
2018-12-06 22:00:00+00:00,144.033,144.228,143.24,143.484,64162.0
2018-12-09 22:00:00+00:00,143.095,143.709,141.183,142.38,83231.0
2018-12-10 22:00:00+00:00,142.402,142.933,141.52,141.604,70913.0
2018-12-11 22:00:00+00:00,141.568,143.452,141.528,143.044,82646.0
2018-12-12 22:00:00+00:00,143.122,143.94,142.87,143.782,54879.0
2018-12-13 22:00:00+00:00,143.746,143.892,142.383,142.708,57089.0
2018-12-16 22:00:00+00:00,142.868,143.24,142.164,142.334,58686.0
2018-12-17 22:00:00+00:00,142.422,142.658,141.938,142.229,58797.0
2018-12-18 22:00:00+00:00,142.214,142.538,141.592,141.853,73635.0
2018-12-19 22:00:00+00:00,141.8,142.112,140.594,140.881,81443.0
2018-12-20 22:00:00+00:00,140.798,141.167,140.246,140.524,69495.0
2018-12-23 22:00:00+00:00,140.322,140.852,140.056,140.366,78093.0
2018-12-25 22:00:00+00:00,140.366,140.874,139.648,140.689,40126.0
2018-12-26 22:00:00+00:00,140.652,140.868,139.732,140.379,106354.0
2018-12-27 22:00:00+00:00,140.402,140.48,139.502,140.068,55463.0
2018-12-30 22:00:00+00:00,140.102,140.88,139.534,139.822,44748.0
2019-01-01 22:00:00+00:00,139.822,139.915,137.274,137.318,69338.0
2019-01-02 22:00:00+00:00,137.212,137.279,131.132,136.048,108679.0
2019-01-03 22:00:00+00:00,135.992,138.304,135.816,138.092,78772.0
2019-01-06 22:00:00+00:00,138.12,138.951,137.616,138.902,51980.0
2019-01-07 22:00:00+00:00,138.964,139.442,137.984,138.272,52032.0
2019-01-08 22:00:00+00:00,138.334,139.11,137.764,138.327,72452.0
2019-01-09 22:00:00+00:00,138.352,138.534,137.455,138.258,60957.0
2019-01-10 22:00:00+00:00,138.247,139.488,137.644,139.348,60198.0
2019-01-13 22:00:00+00:00,139.54,140.062,138.606,139.172,55163.0
2019-01-14 22:00:00+00:00,139.156,140.437,137.374,139.792,88577.0
2019-01-15 22:00:00+00:00,139.778,140.708,138.996,140.504,65898.0
2019-01-16 22:00:00+00:00,140.57,142.218,139.52,141.875,65059.0
2019-01-17 22:00:00+00:00,141.864,142.086,141.094,141.317,57108.0
2019-01-20 22:00:00+00:00,141.272,141.536,140.69,141.394,37560.0
2019-01-21 22:00:00+00:00,141.385,141.932,140.63,141.7,49613.0
2019-01-22 22:00:00+00:00,141.678,143.564,141.64,143.252,54168.0
2019-01-23 22:00:00+00:00,143.242,143.553,142.717,143.232,57945.0
2019-01-24 22:00:00+00:00,143.252,144.844,143.096,144.578,63554.0
2019-01-27 22:00:00+00:00,144.456,144.733,143.606,143.892,46008.0
2019-01-28 22:00:00+00:00,143.84,144.488,142.74,142.94,72200.0
2019-01-29 22:00:00+00:00,142.871,143.602,142.738,143.007,58061.0
2019-01-30 22:00:00+00:00,142.984,143.216,142.248,142.718,51771.0
2019-01-31 22:00:00+00:00,142.71,143.5,142.082,143.23,48571.0
2019-02-03 22:00:00+00:00,143.166,144.178,143.075,143.268,38610.0
2019-02-04 22:00:00+00:00,143.283,143.588,142.041,142.4,37317.0
2019-02-05 22:00:00+00:00,142.392,142.521,141.758,142.21,40891.0
2019-02-06 22:00:00+00:00,142.26,142.632,141.133,142.231,52377.0
2019-02-07 22:00:00+00:00,142.24,142.522,141.856,142.048,37786.0
2019-02-10 22:00:00+00:00,141.982,142.562,141.866,141.954,43512.0
2019-02-11 22:00:00+00:00,141.907,142.639,141.876,142.444,41697.0
2019-02-12 22:00:00+00:00,142.448,143.339,142.4,142.597,44601.0
2019-02-13 22:00:00+00:00,142.59,143.038,141.299,141.456,54927.0
2019-02-14 22:00:00+00:00,141.416,142.406,141.013,142.372,48266.0
2019-02-17 22:00:00+00:00,142.614,143.026,142.526,142.97,41066.0
2019-02-18 22:00:00+00:00,142.962,144.704,142.484,144.488,45233.0
2019-02-19 22:00:00+00:00,144.516,145.049,144.128,144.667,50524.0
2019-02-20 22:00:00+00:00,144.667,144.932,144.086,144.346,53084.0
2019-02-21 22:00:00+00:00,144.362,144.754,143.786,144.488,42490.0
2019-02-24 22:00:00+00:00,144.68,145.674,144.462,145.444,48396.0
2019-02-25 22:00:00+00:00,145.652,147.064,145.407,146.544,65920.0
2019-02-26 22:00:00+00:00,146.548,148.048,146.168,147.727,54540.0
2019-02-27 22:00:00+00:00,147.727,148.268,146.986,147.724,54713.0
2019-02-28 22:00:00+00:00,147.732,148.572,147.522,147.746,51002.0
2019-03-03 22:00:00+00:00,148.204,148.312,147.11,147.285,43469.0
2019-03-04 22:00:00+00:00,147.256,147.79,146.612,147.446,52533.0
2019-03-05 22:00:00+00:00,147.392,147.426,146.698,147.215,47040.0
2019-03-06 22:00:00+00:00,147.21,147.286,145.791,145.99,51638.0
2019-03-07 22:00:00+00:00,145.995,146.184,144.32,144.696,63321.0
2019-03-10 21:00:00+00:00,144.032,146.504,143.731,146.251,64277.0
2019-03-11 21:00:00+00:00,146.212,147.814,144.587,145.586,99306.0
2019-03-12 21:00:00+00:00,145.608,148.736,145.371,148.264,66867.0
2019-03-13 21:00:00+00:00,148.264,148.88,147.392,147.911,72324.0
2019-03-14 21:00:00+00:00,147.853,148.382,147.43,148.198,54273.0
2019-03-17 21:00:00+00:00,148.218,148.391,147.02,147.688,45898.0
2019-03-18 21:00:00+00:00,147.68,148.058,147.532,147.792,42738.0
2019-03-19 21:00:00+00:00,147.806,148.09,145.89,146.076,68224.0
2019-03-20 21:00:00+00:00,146.088,146.398,144.138,145.238,73228.0
2019-03-21 21:00:00+00:00,145.22,145.754,144.538,145.222,73258.0
2019-03-24 21:00:00+00:00,145.301,145.803,144.638,145.134,69298.0
2019-03-25 21:00:00+00:00,145.126,146.469,144.998,146.09,63750.0
2019-03-26 21:00:00+00:00,146.082,146.51,145.535,145.804,81914.0
2019-03-27 21:00:00+00:00,145.76,145.968,144.248,144.3,78866.0
2019-03-28 21:00:00+00:00,144.322,145.496,143.832,144.472,86729.0
2019-03-31 21:00:00+00:00,144.802,146.35,144.395,145.92,56635.0
2019-04-01 21:00:00+00:00,145.844,146.448,144.938,146.205,62476.0
2019-04-02 21:00:00+00:00,146.218,147.197,146.03,146.705,54546.0
2019-04-03 21:00:00+00:00,146.696,146.962,145.686,145.996,48152.0
2019-04-04 21:00:00+00:00,146.015,146.56,145.114,145.644,46329.0
2019-04-07 21:00:00+00:00,145.682,145.781,145.106,145.636,43799.0
2019-04-08 21:00:00+00:00,145.584,146.054,144.789,145.066,44653.0
2019-04-09 21:00:00+00:00,145.04,145.858,144.962,145.308,41509.0
2019-04-10 21:00:00+00:00,145.348,145.956,145.118,145.77,42671.0
2019-04-11 21:00:00+00:00,145.796,147.016,145.714,146.442,37637.0
2019-04-14 21:00:00+00:00,146.482,147.002,146.356,146.756,31539.0
2019-04-15 21:00:00+00:00,146.736,146.76,146.015,146.166,39228.0
2019-04-16 21:00:00+00:00,146.132,146.305,145.844,146.118,37799.0
2019-04-17 21:00:00+00:00,146.128,146.156,145.296,145.404,45581.0
2019-04-18 21:00:00+00:00,145.422,145.6,145.342,145.432,79154.0
2019-04-21 21:00:00+00:00,145.434,145.514,145.221,145.296,14490.0
2019-04-22 21:00:00+00:00,145.302,145.628,144.59,144.72,34961.0
2019-04-23 21:00:00+00:00,144.726,145.024,144.404,144.753,41078.0
2019-04-24 21:00:00+00:00,144.757,144.882,143.764,144.028,41904.0
2019-04-25 21:00:00+00:00,143.984,144.46,143.773,144.19,42362.0
2019-04-28 21:00:00+00:00,144.224,144.72,144.159,144.432,29066.0
2019-04-29 21:00:00+00:00,144.592,145.384,144.052,145.286,41058.0
2019-04-30 21:00:00+00:00,145.276,145.706,144.496,145.396,39280.0
2019-05-01 21:00:00+00:00,145.407,145.888,145.094,145.339,42374.0
2019-05-02 21:00:00+00:00,145.319,146.509,144.812,146.386,48131.0
2019-05-05 21:00:00+00:00,145.434,145.945,144.994,145.116,45808.0
2019-05-06 21:00:00+00:00,145.048,145.37,143.868,144.14,45363.0
2019-05-07 21:00:00+00:00,144.164,144.189,143.042,143.198,52631.0
2019-05-08 21:00:00+00:00,143.191,143.256,142.236,142.778,55488.0
2019-05-09 21:00:00+00:00,142.827,143.242,142.518,142.942,63111.0
2019-05-12 21:00:00+00:00,142.736,142.872,141.208,141.642,46597.0
2019-05-13 21:00:00+00:00,141.625,142.18,141.373,141.466,38309.0
2019-05-14 21:00:00+00:00,141.473,141.648,140.207,140.751,44582.0
2019-05-15 21:00:00+00:00,140.76,140.794,140.207,140.572,34363.0
2019-05-16 21:00:00+00:00,140.583,140.688,139.552,140.002,47000.0
2019-05-17 21:00:00+00:00,140.008,140.008,140.002,140.002,2.0
2019-05-19 21:00:00+00:00,140.268,140.533,139.702,140.02,35616.0
2019-05-20 21:00:00+00:00,140.074,141.742,139.654,140.384,52570.0
2019-05-21 21:00:00+00:00,140.426,140.704,139.32,139.722,42097.0
2019-05-22 21:00:00+00:00,139.692,139.726,138.534,138.732,52213.0
2019-05-23 21:00:00+00:00,138.699,139.496,138.512,138.941,46933.0
2019-05-26 21:00:00+00:00,139.126,139.646,138.681,138.896,27126.0
2019-05-27 21:00:00+00:00,138.83,139.014,138.294,138.369,48053.0
2019-05-28 21:00:00+00:00,138.41,138.586,137.875,138.372,48319.0
2019-05-29 21:00:00+00:00,138.346,138.738,138.064,138.238,38261.0
2019-05-30 21:00:00+00:00,138.215,138.238,136.638,136.788,64532.0
2019-06-02 21:00:00+00:00,136.811,137.126,136.621,136.866,53061.0
2019-06-03 21:00:00+00:00,136.862,137.476,136.564,137.336,52189.0
2019-06-04 21:00:00+00:00,137.304,137.786,137.206,137.544,56691.0
2019-06-05 21:00:00+00:00,137.618,137.81,136.993,137.603,57845.0
2019-06-06 21:00:00+00:00,137.634,138.17,137.488,137.813,49794.0
2019-06-09 21:00:00+00:00,138.222,138.262,137.486,137.584,37303.0
2019-06-10 21:00:00+00:00,137.557,138.328,137.503,138.103,41874.0
2019-06-11 21:00:00+00:00,138.07,138.245,137.564,137.679,45309.0
2019-06-12 21:00:00+00:00,137.658,137.784,137.106,137.379,38092.0
2019-06-13 21:00:00+00:00,137.368,137.432,136.518,136.67,42726.0
2019-06-16 21:00:00+00:00,136.548,136.934,136.012,136.042,27008.0
2019-06-17 21:00:00+00:00,136.049,136.254,135.38,136.188,47547.0
2019-06-18 21:00:00+00:00,136.192,137.012,135.789,136.674,44494.0
2019-06-19 21:00:00+00:00,136.616,137.19,136.205,136.336,59345.0
2019-06-20 21:00:00+00:00,136.289,136.843,135.946,136.766,49392.0
2019-06-21 21:00:00+00:00,136.757,136.757,136.757,136.757,1.0
2019-06-23 21:00:00+00:00,136.635,137.133,136.493,136.714,34520.0
2019-06-24 21:00:00+00:00,136.658,136.848,135.814,135.97,48981.0
2019-06-25 21:00:00+00:00,136.014,136.898,135.922,136.743,43403.0
2019-06-26 21:00:00+00:00,136.787,137.336,136.424,136.582,43385.0
2019-06-27 21:00:00+00:00,136.602,137.206,136.276,137.017,41869.0
2019-06-30 21:00:00+00:00,137.424,137.792,136.742,137.07,41434.0
2019-07-01 21:00:00+00:00,137.082,137.144,135.866,135.886,37404.0
2019-07-02 21:00:00+00:00,135.878,135.934,135.176,135.566,34260.0
2019-07-03 21:00:00+00:00,135.552,135.718,135.448,135.628,23894.0
2019-07-04 21:00:00+00:00,135.637,136.048,135.49,135.876,34106.0
2019-07-07 21:00:00+00:00,135.882,136.135,135.546,136.095,23526.0
2019-07-08 21:00:00+00:00,136.088,136.282,135.396,135.677,28820.0
2019-07-09 21:00:00+00:00,135.707,136.058,135.49,135.668,35262.0
2019-07-10 21:00:00+00:00,135.618,136.054,135.086,135.904,36815.0
2019-07-11 21:00:00+00:00,135.898,136.024,135.508,135.695,32718.0
2019-07-14 21:00:00+00:00,135.538,135.848,134.956,135.06,24537.0
2019-07-15 21:00:00+00:00,135.046,135.263,133.97,134.282,34054.0
2019-07-16 21:00:00+00:00,134.317,134.626,133.974,134.212,30408.0
2019-07-17 21:00:00+00:00,134.25,134.832,133.854,134.654,40128.0
2019-07-18 21:00:00+00:00,134.65,135.01,134.549,134.697,36014.0
2019-07-19 21:00:00+00:00,134.708,134.713,134.708,134.713,2.0
2019-07-21 21:00:00+00:00,134.658,135.091,134.414,134.612,27071.0
2019-07-22 21:00:00+00:00,134.546,134.988,134.319,134.634,33108.0
2019-07-23 21:00:00+00:00,134.628,135.278,134.254,135.057,31699.0
2019-07-24 21:00:00+00:00,135.03,135.67,134.715,135.31,41057.0
2019-07-25 21:00:00+00:00,135.305,135.394,134.548,134.576,28789.0
2019-07-28 21:00:00+00:00,134.504,134.588,132.854,132.917,31865.0
2019-07-29 21:00:00+00:00,132.928,133.072,131.616,131.956,46397.0
2019-07-30 21:00:00+00:00,131.981,132.998,131.852,132.268,57785.0
2019-07-31 21:00:00+00:00,132.263,132.558,130.164,130.212,69946.0
2019-08-01 21:00:00+00:00,130.238,130.422,129.08,129.632,82031.0
2019-08-02 21:00:00+00:00,129.622,129.622,129.584,129.609,5.0
2019-08-04 21:00:00+00:00,129.545,129.645,128.176,128.646,83797.0
2019-08-05 21:00:00+00:00,128.674,130.069,128.116,129.568,78309.0
2019-08-06 21:00:00+00:00,129.581,129.591,128.228,129.048,79794.0
2019-08-07 21:00:00+00:00,129.044,129.336,128.284,128.722,56624.0
2019-08-08 21:00:00+00:00,128.74,128.752,126.975,127.117,56514.0
2019-08-11 21:00:00+00:00,127.246,127.52,126.556,127.162,46356.0
2019-08-12 21:00:00+00:00,127.155,129.226,126.806,128.73,74193.0
2019-08-13 21:00:00+00:00,128.705,128.764,127.5,127.711,61787.0
2019-08-14 21:00:00+00:00,127.65,128.988,127.481,128.308,83629.0
2019-08-15 21:00:00+00:00,128.212,129.576,128.157,129.189,49481.0
2019-08-18 21:00:00+00:00,129.221,129.542,128.976,129.302,36656.0
2019-08-19 21:00:00+00:00,129.33,129.627,128.27,129.284,48211.0
2019-08-20 21:00:00+00:00,129.287,129.674,128.889,129.254,38200.0
2019-08-21 21:00:00+00:00,129.309,130.702,128.765,130.419,55470.0
2019-08-22 21:00:00+00:00,130.405,130.56,128.998,129.511,69426.0
2019-08-25 21:00:00+00:00,128.862,130.146,128.211,129.673,91352.0
2019-08-26 21:00:00+00:00,129.677,130.388,129.008,129.976,57258.0
2019-08-27 21:00:00+00:00,129.98,130.072,128.48,129.579,64229.0
2019-08-28 21:00:00+00:00,129.594,130.032,128.974,129.754,52669.0
2019-08-29 21:00:00+00:00,129.791,129.833,129.087,129.259,50465.0
2019-09-01 21:00:00+00:00,128.883,129.32,127.878,128.162,32674.0
2019-09-02 21:00:00+00:00,128.176,128.254,126.675,128.031,62480.0
2019-09-03 21:00:00+00:00,128.02,130.43,127.944,130.39,57130.0
2019-09-04 21:00:00+00:00,130.341,132.17,129.922,131.891,60851.0
2019-09-05 21:00:00+00:00,131.886,132.132,131.272,131.372,51723.0
2019-09-08 21:00:00+00:00,131.14,132.56,130.814,132.398,44478.0
2019-09-09 21:00:00+00:00,132.41,132.92,132.022,132.883,44070.0
2019-09-10 21:00:00+00:00,132.854,133.368,132.676,132.976,40701.0
2019-09-11 21:00:00+00:00,132.894,133.644,132.177,133.344,67805.0
2019-09-12 21:00:00+00:00,133.327,135.215,133.284,135.142,49316.0
2019-09-15 21:00:00+00:00,134.189,134.878,133.88,134.411,48806.0
2019-09-16 21:00:00+00:00,134.424,135.43,133.994,135.156,40650.0
2019-09-17 21:00:00+00:00,135.152,135.665,134.6,135.246,43896.0
2019-09-18 21:00:00+00:00,135.242,135.521,134.272,135.32,51729.0
2019-09-19 21:00:00+00:00,135.305,135.76,134.086,134.199,48645.0
2019-09-22 21:00:00+00:00,134.302,134.552,133.355,133.71,41667.0
2019-09-23 21:00:00+00:00,133.693,134.624,133.554,133.805,53890.0
2019-09-24 21:00:00+00:00,133.8,134.012,132.844,133.1,49853.0
2019-09-25 21:00:00+00:00,133.088,133.295,132.388,132.88,43100.0
2019-09-26 21:00:00+00:00,132.904,133.284,132.323,132.646,46595.0
2019-09-27 21:00:00+00:00,132.642,132.642,132.642,132.642,1.0
2019-09-29 21:00:00+00:00,132.773,133.342,132.482,132.877,40220.0
2019-09-30 21:00:00+00:00,132.87,133.36,131.786,132.598,57100.0
2019-10-01 21:00:00+00:00,132.566,132.642,131.582,131.828,50826.0
2019-10-02 21:00:00+00:00,131.876,132.552,131.486,131.834,59201.0
2019-10-03 21:00:00+00:00,131.847,131.995,131.284,131.867,44962.0
2019-10-06 21:00:00+00:00,131.349,132.248,131.309,131.822,33662.0
2019-10-07 21:00:00+00:00,131.851,132.122,130.434,130.854,52615.0
2019-10-08 21:00:00+00:00,130.824,131.827,130.654,131.175,43826.0
2019-10-09 21:00:00+00:00,131.187,134.562,130.733,134.297,83526.0
2019-10-10 21:00:00+00:00,134.302,137.9,133.981,137.122,107596.0
2019-10-13 21:00:00+00:00,136.855,137.172,135.504,136.64,60629.0
2019-10-14 21:00:00+00:00,136.694,139.322,136.455,139.162,104683.0
2019-10-15 21:00:00+00:00,139.156,140.106,137.521,139.538,114168.0
2019-10-16 21:00:00+00:00,139.557,141.518,138.632,140.072,106656.0
2019-10-17 21:00:00+00:00,140.091,140.829,139.354,140.789,69106.0
2019-10-18 21:00:00+00:00,140.797,140.797,140.797,140.797,1.0
2019-10-20 21:00:00+00:00,140.797,141.364,139.791,140.761,50263.0
2019-10-21 21:00:00+00:00,140.726,141.128,139.522,139.65,67838.0
2019-10-22 21:00:00+00:00,139.661,140.432,139.09,140.374,52383.0
2019-10-23 21:00:00+00:00,140.352,140.745,138.878,139.596,51113.0
2019-10-24 21:00:00+00:00,139.588,139.804,139.032,139.412,35197.0
2019-10-27 21:00:00+00:00,139.346,140.259,139.335,140.125,34361.0
2019-10-28 21:00:00+00:00,140.11,140.538,139.472,140.136,40653.0
2019-10-29 21:00:00+00:00,140.098,140.514,139.964,140.383,43898.0
2019-10-30 21:00:00+00:00,140.427,140.69,139.61,139.814,47789.0
2019-10-31 21:00:00+00:00,139.846,140.168,139.65,139.988,39557.0
2019-11-03 22:00:00+00:00,139.951,140.24,139.848,139.872,27032.0
2019-11-04 22:00:00+00:00,139.9,140.754,139.854,140.636,37240.0
2019-11-05 22:00:00+00:00,140.674,140.699,139.878,140.095,29315.0
2019-11-06 22:00:00+00:00,140.069,140.534,139.496,140.042,49291.0
2019-11-07 22:00:00+00:00,140.079,140.212,139.423,139.578,34648.0
2019-11-10 22:00:00+00:00,139.799,140.49,139.373,140.192,29592.0
2019-11-11 22:00:00+00:00,140.172,140.59,139.948,140.047,38499.0
2019-11-12 22:00:00+00:00,140.126,140.261,139.446,139.842,34149.0
2019-11-13 22:00:00+00:00,139.847,139.89,139.404,139.65,35347.0
2019-11-14 22:00:00+00:00,139.626,140.465,139.624,140.378,28739.0
2019-11-17 22:00:00+00:00,140.613,141.576,140.366,140.768,33305.0
2019-11-18 22:00:00+00:00,140.782,140.937,140.112,140.301,32581.0
2019-11-19 22:00:00+00:00,140.306,140.49,139.683,140.36,40584.0
2019-11-20 22:00:00+00:00,140.328,140.928,139.978,140.194,41848.0
2019-11-21 22:00:00+00:00,140.231,140.515,139.325,139.443,37017.0
2019-11-24 22:00:00+00:00,139.735,140.627,139.608,140.516,29437.0
2019-11-25 22:00:00+00:00,140.54,140.904,139.988,140.304,34611.0
2019-11-26 22:00:00+00:00,140.289,141.543,140.05,141.459,34802.0
2019-11-27 22:00:00+00:00,141.568,141.858,141.254,141.395,32326.0
2019-11-28 22:00:00+00:00,141.41,141.744,141.116,141.643,31803.0
2019-12-01 22:00:00+00:00,141.402,141.822,140.947,141.038,33526.0
2019-12-02 22:00:00+00:00,141.047,141.716,140.924,141.184,39321.0
2019-12-03 22:00:00+00:00,141.169,142.794,140.838,142.665,44511.0
2019-12-04 22:00:00+00:00,142.659,143.252,142.615,143.124,33975.0
2019-12-05 22:00:00+00:00,143.108,143.158,142.371,142.661,34999.0
2019-12-08 22:00:00+00:00,142.661,143.114,142.566,142.662,28102.0
2019-12-09 22:00:00+00:00,142.676,143.67,142.631,143.043,35968.0
2019-12-10 22:00:00+00:00,143.038,143.38,142.562,143.245,37153.0
2019-12-11 22:00:00+00:00,143.26,144.156,142.482,143.944,74629.0
2019-12-12 22:00:00+00:00,145.39,147.958,143.87,145.8,108986.0
2019-12-15 22:00:00+00:00,145.808,146.814,145.785,146.08,42102.0
2019-12-16 22:00:00+00:00,146.059,146.161,143.481,143.766,59669.0
2019-12-17 22:00:00+00:00,143.747,143.866,143.076,143.31,48270.0
2019-12-18 22:00:00+00:00,143.337,143.87,141.984,142.247,51295.0
2019-12-19 22:00:00+00:00,142.278,143.057,142.09,142.279,34870.0
2019-12-22 22:00:00+00:00,142.306,142.541,141.17,141.492,34686.0
2019-12-23 22:00:00+00:00,141.468,141.866,141.251,141.562,26631.0
2019-12-25 22:00:00+00:00,141.55,142.73,141.55,142.496,16323.0
2019-12-26 22:00:00+00:00,142.411,143.653,142.047,143.295,34846.0
2019-12-29 22:00:00+00:00,143.32,143.43,142.598,142.772,36144.0
2019-12-30 22:00:00+00:00,142.8,144.368,142.436,144.117,35965.0
2020-01-02 22:00:00+00:00,142.636,142.786,141.003,141.39,58014.0
2020-01-05 22:00:00+00:00,141.196,142.79,140.838,142.737,46591.0
2020-01-06 22:00:00+00:00,142.718,143.296,142.024,142.318,49226.0
2020-01-07 22:00:00+00:00,142.359,143.11,141.127,142.92,82991.0
2020-01-08 22:00:00+00:00,142.87,143.46,142.429,143.126,48156.0
2020-01-09 22:00:00+00:00,143.105,143.497,142.892,143.022,39878.0
2020-01-12 22:00:00+00:00,142.804,142.97,142.368,142.77,35847.0
2020-01-13 22:00:00+00:00,142.779,143.437,142.452,143.212,43512.0
2020-01-14 22:00:00+00:00,143.204,143.39,142.662,143.298,35543.0
2020-01-15 22:00:00+00:00,143.29,144.142,143.228,144.077,35080.0
2020-01-16 22:00:00+00:00,144.072,144.533,143.278,143.292,37367.0
2020-01-19 22:00:00+00:00,143.046,143.37,142.806,143.356,22610.0
2020-01-20 22:00:00+00:00,143.36,143.976,142.868,143.383,38608.0
2020-01-21 22:00:00+00:00,143.376,144.61,143.31,144.349,39718.0
2020-01-22 22:00:00+00:00,144.336,144.424,143.212,143.716,39755.0
2020-01-23 22:00:00+00:00,143.711,144.433,142.722,142.863,47020.0
2020-01-26 22:00:00+00:00,142.484,142.748,142.06,142.194,47369.0
2020-01-27 22:00:00+00:00,142.185,142.458,141.484,142.194,37624.0
2020-01-28 22:00:00+00:00,142.189,142.352,141.714,141.96,31784.0
2020-01-29 22:00:00+00:00,141.953,142.712,141.265,142.652,59148.0
2020-01-30 22:00:00+00:00,142.621,143.29,142.466,143.099,50062.0
2020-02-02 22:00:00+00:00,142.897,143.112,141.073,141.263,52856.0
2020-02-03 22:00:00+00:00,141.232,142.846,140.928,142.731,46920.0
2020-02-04 22:00:00+00:00,142.709,143.379,142.228,142.79,50994.0
2020-02-05 22:00:00+00:00,142.782,142.822,142.094,142.2,37661.0
2020-02-06 22:00:00+00:00,142.186,142.378,141.409,141.432,43407.0
2020-02-09 22:00:00+00:00,141.419,142.094,141.246,141.766,37813.0
2020-02-10 22:00:00+00:00,141.758,142.464,141.701,142.198,35344.0
2020-02-11 22:00:00+00:00,142.204,142.889,142.175,142.674,31667.0
2020-02-12 22:00:00+00:00,142.662,143.478,142.148,143.23,46863.0
2020-02-13 22:00:00+00:00,143.235,143.409,142.768,143.221,32502.0
2020-02-16 22:00:00+00:00,143.271,143.374,142.85,142.898,27796.0
2020-02-17 22:00:00+00:00,142.909,143.234,142.322,142.81,39448.0
2020-02-18 22:00:00+00:00,142.804,144.17,142.804,143.906,41859.0
2020-02-19 22:00:00+00:00,143.851,144.609,143.606,144.432,57847.0
2020-02-20 22:00:00+00:00,144.426,144.961,143.726,144.576,54330.0
2020-02-23 22:00:00+00:00,144.046,144.627,142.638,143.162,66505.0
2020-02-24 22:00:00+00:00,143.135,143.649,142.967,143.312,79310.0
2020-02-25 22:00:00+00:00,143.329,143.726,142.24,142.438,85658.0
2020-02-26 22:00:00+00:00,142.454,142.554,141.181,141.208,105842.0
2020-02-27 22:00:00+00:00,141.234,141.411,137.533,138.533,146132.0
2020-03-01 22:00:00+00:00,139.017,139.188,137.16,138.136,139682.0
2020-03-02 22:00:00+00:00,138.123,138.572,136.946,137.255,150537.0
2020-03-03 22:00:00+00:00,137.221,138.44,137.049,138.426,92741.0
2020-03-04 22:00:00+00:00,138.432,138.684,137.38,137.52,79190.0
2020-03-05 22:00:00+00:00,137.514,137.74,136.442,137.481,161130.0
2020-03-08 21:00:00+00:00,136.296,136.882,132.584,134.35,318710.0
2020-03-09 21:00:00+00:00,134.35,137.214,133.727,136.367,308922.0
2020-03-10 21:00:00+00:00,136.367,136.562,133.802,133.976,220894.0
2020-03-11 21:00:00+00:00,133.976,134.308,131.326,131.508,309811.0
2020-03-12 21:00:00+00:00,131.508,134.319,131.232,132.423,307234.0
2020-03-15 21:00:00+00:00,131.356,133.113,128.91,129.907,306989.0
2020-03-16 21:00:00+00:00,129.907,131.232,128.593,129.799,300480.0
2020-03-17 21:00:00+00:00,129.799,130.342,124.062,125.582,207537.0
2020-03-18 21:00:00+00:00,125.602,129.586,124.044,127.124,259736.0
2020-03-19 21:00:00+00:00,127.146,132.053,126.428,129.058,237656.0
2020-03-22 21:00:00+00:00,129.366,129.647,127.36,128.388,231997.0
2020-03-23 21:00:00+00:00,128.388,131.439,127.845,130.79,197907.0
2020-03-24 21:00:00+00:00,130.79,133.402,129.865,132.066,201461.0
2020-03-25 21:00:00+00:00,132.066,133.828,130.568,133.752,195706.0
2020-03-26 21:00:00+00:00,133.752,134.768,132.136,134.382,182696.0
2020-03-29 21:00:00+00:00,133.905,134.418,132.76,133.858,140915.0
2020-03-30 21:00:00+00:00,133.858,134.627,133.064,133.542,174857.0
2020-03-31 21:00:00+00:00,133.542,133.785,132.489,132.597,127187.0
2020-04-01 21:00:00+00:00,132.597,133.96,132.541,133.742,120777.0
2020-04-02 21:00:00+00:00,133.737,134.1,132.551,133.198,105353.0
2020-04-05 21:00:00+00:00,132.563,134.528,132.563,133.6,100918.0
2020-04-06 21:00:00+00:00,133.6,134.982,132.936,134.126,109641.0
2020-04-07 21:00:00+00:00,134.126,135.026,133.706,134.771,79739.0
2020-04-08 21:00:00+00:00,134.771,135.752,134.648,135.182,89073.0
2020-04-09 21:00:00+00:00,135.182,135.41,134.999,135.078,42303.0
2020-04-12 21:00:00+00:00,135.014,135.283,134.517,134.802,55651.0
2020-04-13 21:00:00+00:00,134.802,135.502,134.578,135.354,63893.0
2020-04-14 21:00:00+00:00,135.354,135.368,133.642,134.529,68641.0
2020-04-15 21:00:00+00:00,134.529,134.893,133.716,134.427,71224.0
2020-04-16 21:00:00+00:00,134.427,134.98,133.904,134.435,71079.0
2020-04-19 21:00:00+00:00,134.431,134.726,133.788,133.808,51437.0
2020-04-20 21:00:00+00:00,133.823,134.07,131.912,132.484,71270.0
2020-04-21 21:00:00+00:00,132.464,133.3,132.054,132.898,53916.0
2020-04-22 21:00:00+00:00,132.954,133.682,132.402,132.866,72874.0
2020-04-23 21:00:00+00:00,132.819,133.156,132.398,132.928,54812.0
2020-04-26 21:00:00+00:00,133.025,133.576,132.83,133.329,48197.0
2020-04-27 21:00:00+00:00,133.376,133.559,132.732,132.778,51920.0
2020-04-28 21:00:00+00:00,132.793,133.041,131.944,133.041,49538.0
2020-04-29 21:00:00+00:00,133.036,135.457,132.674,134.948,75597.0
2020-04-30 21:00:00+00:00,134.925,135.086,133.368,133.587,54445.0
2020-05-03 21:00:00+00:00,133.452,133.454,132.524,132.786,49081.0
2020-05-04 21:00:00+00:00,132.842,133.182,132.452,132.495,49526.0
2020-05-05 21:00:00+00:00,132.564,132.701,130.84,130.964,51277.0
2020-05-06 21:00:00+00:00,131.017,132.027,130.66,131.36,60364.0
2020-05-07 21:00:00+00:00,131.341,132.687,131.328,132.304,44385.0
2020-05-10 21:00:00+00:00,132.279,133.195,131.883,132.784,59927.0
2020-05-11 21:00:00+00:00,132.824,132.886,131.312,131.358,56542.0
2020-05-12 21:00:00+00:00,131.364,131.94,130.652,130.982,64770.0
2020-05-13 21:00:00+00:00,130.94,131.31,130.144,131.17,60023.0
2020-05-14 21:00:00+00:00,131.193,131.42,129.568,129.601,61373.0
2020-05-17 21:00:00+00:00,129.403,131.286,129.326,130.862,55105.0
2020-05-18 21:00:00+00:00,130.874,132.51,130.784,131.942,61028.0
2020-05-19 21:00:00+00:00,131.93,132.425,131.446,131.608,50267.0
2020-05-20 21:00:00+00:00,131.68,131.951,131.224,131.518,50948.0
2020-05-21 21:00:00+00:00,131.537,131.784,130.678,130.933,43645.0
2020-05-24 21:00:00+00:00,131.107,131.412,130.934,131.313,32763.0
2020-05-25 21:00:00+00:00,131.281,133.04,131.271,132.686,52459.0
2020-05-26 21:00:00+00:00,132.696,133.004,131.634,132.062,72398.0
2020-05-27 21:00:00+00:00,132.058,132.882,131.829,132.628,59657.0
2020-05-28 21:00:00+00:00,132.612,133.459,131.782,133.165,88784.0
2020-05-31 21:00:00+00:00,133.165,134.536,132.785,134.364,62706.0
2020-06-01 21:00:00+00:00,134.421,136.524,134.222,136.402,73752.0
2020-06-02 21:00:00+00:00,136.394,137.395,136.258,136.956,78566.0
2020-06-03 21:00:00+00:00,136.932,137.814,135.962,137.488,86325.0
2020-06-04 21:00:00+00:00,137.522,139.743,137.276,138.843,91033.0
2020-06-07 21:00:00+00:00,139.035,139.581,137.427,137.963,66254.0
2020-06-08 21:00:00+00:00,137.986,138.246,136.234,137.147,79360.0
2020-06-09 21:00:00+00:00,137.212,137.422,136.472,136.554,94690.0
2020-06-10 21:00:00+00:00,136.573,136.596,134.47,134.675,111205.0
2020-06-11 21:00:00+00:00,134.681,136.048,133.8,134.662,116849.0
2020-06-14 21:00:00+00:00,134.417,135.324,133.495,135.3,99273.0
2020-06-15 21:00:00+00:00,135.314,136.355,134.728,134.928,101828.0
2020-06-16 21:00:00+00:00,134.976,135.228,134.064,134.354,76152.0
2020-06-17 21:00:00+00:00,134.171,134.531,132.4,132.888,83846.0
2020-06-18 21:00:00+00:00,132.902,133.252,131.948,131.983,62527.0
2020-06-21 21:00:00+00:00,131.896,133.422,131.77,133.309,55375.0
2020-06-22 21:00:00+00:00,133.335,133.99,132.604,133.388,80875.0
2020-06-23 21:00:00+00:00,133.338,133.618,132.682,132.954,73726.0
2020-06-24 21:00:00+00:00,133.008,133.614,132.794,133.124,61745.0
2020-06-25 21:00:00+00:00,133.203,133.26,132.043,132.262,50638.0
2020-06-28 21:00:00+00:00,132.212,132.691,131.956,132.313,49467.0
2020-06-29 21:00:00+00:00,132.306,133.894,132.028,133.848,55034.0
2020-06-30 21:00:00+00:00,133.828,134.226,132.95,134.06,51579.0
2020-07-01 21:00:00+00:00,134.026,134.707,133.787,134.033,49049.0
2020-07-02 21:00:00+00:00,134.011,134.276,133.702,134.178,46548.0
2020-07-05 21:00:00+00:00,134.062,134.675,134.019,134.15,41788.0
2020-07-06 21:00:00+00:00,134.134,135.416,134.078,134.872,47385.0
2020-07-07 21:00:00+00:00,134.918,135.425,134.581,135.252,62562.0
2020-07-08 21:00:00+00:00,135.272,135.923,135.055,135.134,54826.0
2020-07-09 21:00:00+00:00,135.168,135.202,134.289,134.964,47248.0
2020-07-12 21:00:00+00:00,134.977,135.485,134.594,134.69,46672.0
2020-07-13 21:00:00+00:00,134.721,134.782,133.984,134.618,55608.0
2020-07-14 21:00:00+00:00,134.649,135.09,134.472,134.587,51642.0
2020-07-15 21:00:00+00:00,134.564,135.172,134.058,134.672,49969.0
2020-07-16 21:00:00+00:00,134.727,134.913,134.128,134.517,36923.0
2020-07-19 21:00:00+00:00,134.517,135.912,134.352,135.828,46229.0
2020-07-20 21:00:00+00:00,135.821,136.442,135.712,135.986,49059.0
2020-07-21 21:00:00+00:00,135.975,136.628,135.286,136.458,57573.0
2020-07-22 21:00:00+00:00,136.428,136.628,135.849,136.153,64626.0
2020-07-23 21:00:00+00:00,136.161,136.189,135.0,135.794,63496.0
2020-07-26 21:00:00+00:00,135.734,135.828,135.15,135.744,63695.0
2020-07-27 21:00:00+00:00,135.794,136.132,135.325,135.9,63591.0
2020-07-28 21:00:00+00:00,135.913,136.473,135.681,136.366,61727.0
2020-07-29 21:00:00+00:00,136.355,137.391,136.069,137.152,66255.0
2020-07-30 21:00:00+00:00,137.161,139.204,136.796,138.539,94513.0
2020-08-02 21:00:00+00:00,138.539,139.034,137.748,138.534,78351.0
2020-08-03 21:00:00+00:00,138.619,138.882,137.81,138.185,54524.0
2020-08-04 21:00:00+00:00,138.202,139.006,138.046,138.484,58080.0
2020-08-05 21:00:00+00:00,138.553,139.24,138.438,138.716,70329.0
2020-08-06 21:00:00+00:00,138.743,138.814,137.849,138.26,63415.0
2020-08-09 21:00:00+00:00,138.268,138.65,138.106,138.524,47543.0
2020-08-10 21:00:00+00:00,138.464,139.502,138.408,138.952,54739.0
2020-08-11 21:00:00+00:00,139.029,139.623,138.88,139.302,59533.0
2020-08-12 21:00:00+00:00,139.322,140.212,139.24,139.736,50936.0
2020-08-13 21:00:00+00:00,139.725,140.019,139.345,139.494,42945.0
2020-08-16 21:00:00+00:00,139.503,139.7,138.738,138.912,43222.0
2020-08-17 21:00:00+00:00,138.956,139.642,138.602,139.544,51889.0
2020-08-18 21:00:00+00:00,139.574,139.956,138.798,139.024,61165.0
2020-08-19 21:00:00+00:00,139.029,139.877,138.57,139.81,64091.0
2020-08-20 21:00:00+00:00,139.804,139.948,138.253,138.502,62233.0
2020-08-23 21:00:00+00:00,138.441,139.007,138.291,138.443,44655.0
2020-08-24 21:00:00+00:00,138.475,140.036,138.431,139.924,50107.0
2020-08-25 21:00:00+00:00,139.938,140.304,139.637,140.014,47296.0
2020-08-26 21:00:00+00:00,140.023,140.858,139.698,140.672,80267.0
2020-08-27 21:00:00+00:00,140.672,141.617,140.016,140.68,85370.0
2020-08-30 21:00:00+00:00,140.661,142.043,140.506,141.574,61095.0
2020-08-31 21:00:00+00:00,141.645,142.718,141.334,141.822,68024.0
2020-09-01 21:00:00+00:00,141.928,141.973,141.02,141.778,62341.0
2020-09-02 21:00:00+00:00,141.712,141.874,140.482,141.038,66783.0
2020-09-03 21:00:00+00:00,140.991,141.439,140.118,141.094,71598.0
2020-09-06 21:00:00+00:00,140.817,140.998,139.598,139.948,38069.0
2020-09-07 21:00:00+00:00,139.96,140.02,137.621,137.648,65151.0
2020-09-08 21:00:00+00:00,137.683,138.36,136.736,138.049,68492.0
2020-09-09 21:00:00+00:00,138.059,138.36,135.575,135.926,78289.0
2020-09-10 21:00:00+00:00,135.886,136.602,135.576,135.846,62496.0
2020-09-13 21:00:00+00:00,135.66,136.59,135.567,135.83,51349.0
2020-09-14 21:00:00+00:00,135.823,136.44,135.422,135.906,51491.0
2020-09-15 21:00:00+00:00,135.865,136.473,135.562,136.09,67686.0
2020-09-16 21:00:00+00:00,136.058,136.222,134.577,135.879,74170.0
2020-09-17 21:00:00+00:00,135.937,136.163,134.957,135.082,61339.0
2020-09-20 21:00:00+00:00,135.24,135.334,133.539,134.112,72226.0
2020-09-21 21:00:00+00:00,134.152,134.39,133.046,133.611,75581.0
2020-09-22 21:00:00+00:00,133.592,134.62,133.14,134.084,71233.0
2020-09-23 21:00:00+00:00,134.069,134.672,133.612,134.338,77023.0
2020-09-24 21:00:00+00:00,134.406,134.826,133.836,134.573,57859.0
2020-09-27 21:00:00+00:00,134.709,136.232,134.368,135.377,57411.0
2020-09-28 21:00:00+00:00,135.43,136.262,135.43,135.857,60421.0
2020-09-29 21:00:00+00:00,135.868,136.543,135.186,136.273,71982.0
2020-09-30 21:00:00+00:00,136.301,137.016,135.363,136.018,82479.0
2020-10-01 21:00:00+00:00,136.03,136.394,135.061,136.206,89954.0
2020-10-04 21:00:00+00:00,136.145,137.35,136.054,137.255,47241.0
2020-10-05 21:00:00+00:00,137.241,137.449,135.952,135.993,67669.0
2020-10-06 21:00:00+00:00,136.005,137.0,135.891,136.918,58883.0
2020-10-07 21:00:00+00:00,136.923,137.408,136.685,137.182,47070.0
2020-10-08 21:00:00+00:00,137.108,137.844,136.794,137.791,50411.0
2020-10-11 21:00:00+00:00,137.75,137.879,137.224,137.626,43496.0
2020-10-12 21:00:00+00:00,137.685,137.778,136.378,136.441,58468.0
2020-10-13 21:00:00+00:00,136.433,137.334,135.666,136.822,60471.0
2020-10-14 21:00:00+00:00,136.802,137.178,135.768,136.064,66619.0
2020-10-15 21:00:00+00:00,136.072,136.418,135.407,136.14,68134.0
2020-10-18 21:00:00+00:00,135.93,137.255,135.93,136.484,54240.0
2020-10-19 21:00:00+00:00,136.472,137.032,136.332,136.621,48336.0
2020-10-20 21:00:00+00:00,136.52,137.667,136.481,137.484,62482.0
2020-10-21 21:00:00+00:00,137.449,137.591,136.97,137.219,49557.0
2020-10-22 21:00:00+00:00,137.215,137.341,136.368,136.554,49943.0
2020-10-25 21:00:00+00:00,136.738,137.068,136.298,136.542,49715.0
2020-10-26 21:00:00+00:00,136.531,136.594,136.156,136.226,39912.0
2020-10-27 21:00:00+00:00,136.161,136.288,134.888,135.44,63300.0
2020-10-28 21:00:00+00:00,135.48,135.953,134.652,135.306,64776.0
2020-10-29 21:00:00+00:00,135.212,135.805,134.408,135.536,67896.0
2020-11-01 22:00:00+00:00,135.131,135.44,134.874,135.322,49857.0
2020-11-02 22:00:00+00:00,135.331,136.696,135.165,136.502,50067.0
2020-11-03 22:00:00+00:00,136.435,137.386,135.373,135.756,146571.0
2020-11-04 22:00:00+00:00,135.762,136.311,135.084,136.095,92918.0
2020-11-05 22:00:00+00:00,136.078,136.243,135.469,135.974,82782.0
2020-11-08 22:00:00+00:00,136.004,138.913,135.774,138.73,105476.0
2020-11-09 22:00:00+00:00,138.715,139.774,138.169,139.738,88679.0
2020-11-10 22:00:00+00:00,139.753,140.318,139.208,139.408,63998.0
2020-11-11 22:00:00+00:00,139.324,139.445,137.75,137.912,57882.0
2020-11-12 22:00:00+00:00,137.952,138.513,137.547,138.057,46662.0
2020-11-15 22:00:00+00:00,138.006,138.872,137.672,138.076,54732.0
2020-11-16 22:00:00+00:00,137.995,138.36,137.818,138.028,46320.0
2020-11-17 22:00:00+00:00,138.016,138.226,137.699,137.7,41376.0
2020-11-18 22:00:00+00:00,137.805,138.007,137.198,137.611,49328.0
2020-11-19 22:00:00+00:00,137.677,138.06,137.46,137.952,38917.0
2020-11-22 22:00:00+00:00,138.023,139.342,137.888,139.306,49216.0
2020-11-23 22:00:00+00:00,139.254,139.843,139.12,139.55,49021.0
2020-11-24 22:00:00+00:00,139.519,139.86,139.004,139.846,49019.0
2020-11-25 22:00:00+00:00,139.765,139.835,138.93,139.272,25384.0
2020-11-26 22:00:00+00:00,139.289,139.297,138.274,138.61,40617.0
2020-11-29 22:00:00+00:00,138.789,139.47,138.425,138.99,57751.0
2020-11-30 22:00:00+00:00,138.984,140.307,138.967,140.016,57532.0
2020-12-01 22:00:00+00:00,140.08,140.449,138.892,139.561,63064.0
2020-12-02 22:00:00+00:00,139.612,140.29,139.52,139.678,54314.0
2020-12-03 22:00:00+00:00,139.663,140.71,139.452,140.01,68433.0
2020-12-06 22:00:00+00:00,139.587,139.888,137.909,139.234,73116.0
2020-12-07 22:00:00+00:00,139.239,139.38,138.412,139.143,70116.0
2020-12-08 22:00:00+00:00,139.118,140.334,139.089,139.747,51641.0
2020-12-09 22:00:00+00:00,139.671,139.831,138.39,138.534,68809.0
2020-12-10 22:00:00+00:00,138.594,138.757,136.792,137.577,63143.0
2020-12-13 22:00:00+00:00,139.024,139.434,138.27,138.69,59212.0
2020-12-14 22:00:00+00:00,138.644,139.612,138.282,139.595,59750.0
2020-12-15 22:00:00+00:00,139.608,140.07,139.155,139.779,59974.0
2020-12-16 22:00:00+00:00,139.728,140.452,139.582,140.024,53896.0
2020-12-17 22:00:00+00:00,140.084,140.326,139.32,139.81,50637.0
2020-12-20 22:00:00+00:00,138.76,139.532,136.972,139.087,88917.0
2020-12-21 22:00:00+00:00,139.171,139.171,138.0,138.47,70604.0
2020-12-22 22:00:00+00:00,138.419,140.325,138.393,139.742,74220.0
2020-12-23 22:00:00+00:00,139.733,141.222,139.69,140.552,43352.0
2020-12-27 22:00:00+00:00,140.301,140.58,139.482,139.642,46754.0
2020-12-28 22:00:00+00:00,139.663,140.17,139.574,139.84,45223.0
2020-12-29 22:00:00+00:00,139.853,140.667,139.714,140.624,49379.0
2020-12-30 22:00:00+00:00,140.481,141.254,140.366,141.212,49938.0
2021-01-03 22:00:00+00:00,140.799,141.322,139.695,139.976,67815.0
2021-01-04 22:00:00+00:00,139.949,140.154,139.516,139.984,59017.0
2021-01-05 22:00:00+00:00,139.912,140.578,139.776,140.252,80506.0
2021-01-06 22:00:00+00:00,140.194,140.996,140.11,140.842,68659.0
2021-01-07 22:00:00+00:00,140.82,141.38,140.743,141.086,72362.0
2021-01-10 22:00:00+00:00,140.976,141.073,140.344,140.88,56460.0
2021-01-11 22:00:00+00:00,140.836,142.033,140.754,141.792,53530.0
2021-01-12 22:00:00+00:00,141.86,142.262,141.534,141.66,48435.0
2021-01-13 22:00:00+00:00,141.706,142.244,141.628,142.09,53868.0
2021-01-14 22:00:00+00:00,142.096,142.203,140.962,141.153,48567.0
2021-01-17 22:00:00+00:00,141.23,141.274,140.361,140.876,35354.0
2021-01-18 22:00:00+00:00,140.866,141.738,140.772,141.666,38555.0
2021-01-19 22:00:00+00:00,141.66,142.336,141.082,141.388,42775.0
2021-01-20 22:00:00+00:00,141.383,142.22,141.37,142.135,42467.0
2021-01-21 22:00:00+00:00,142.166,142.206,141.516,141.994,37597.0
2021-01-24 22:00:00+00:00,142.053,142.328,141.657,141.886,49585.0
2021-01-25 22:00:00+00:00,141.784,142.458,141.284,142.32,45166.0
2021-01-26 22:00:00+00:00,142.344,142.866,142.204,142.516,62269.0
2021-01-27 22:00:00+00:00,142.511,143.272,142.192,143.018,69657.0
2021-01-28 22:00:00+00:00,143.079,143.958,142.98,143.522,78903.0
2021-01-31 22:00:00+00:00,143.636,144.104,143.322,143.356,60308.0
2021-02-01 22:00:00+00:00,143.36,143.778,143.134,143.489,55119.0
2021-02-02 22:00:00+00:00,143.454,143.69,143.12,143.3,47199.0
2021-02-03 22:00:00+00:00,143.296,144.368,142.842,144.31,56952.0
2021-02-04 22:00:00+00:00,144.233,144.895,144.192,144.774,52942.0
2021-02-07 22:00:00+00:00,144.514,144.934,144.412,144.593,48257.0
2021-02-08 22:00:00+00:00,144.57,144.672,144.04,144.499,53832.0
2021-02-09 22:00:00+00:00,144.49,145.072,144.377,144.712,51262.0
2021-02-10 22:00:00+00:00,144.682,144.908,144.577,144.724,33056.0
2021-02-11 22:00:00+00:00,144.729,145.48,144.499,145.332,35962.0
2021-02-14 22:00:00+00:00,145.331,146.637,145.307,146.51,35899.0
2021-02-15 22:00:00+00:00,146.546,147.466,146.436,147.416,49597.0
2021-02-16 22:00:00+00:00,147.424,147.57,146.42,146.771,52713.0
2021-02-17 22:00:00+00:00,146.733,147.792,146.552,147.668,44658.0
2021-02-18 22:00:00+00:00,147.71,148.161,147.288,147.715,43546.0
2021-02-21 22:00:00+00:00,147.749,148.295,147.546,147.774,51195.0
2021-02-22 22:00:00+00:00,147.766,148.612,147.666,148.563,47928.0
2021-02-23 22:00:00+00:00,148.511,150.13,148.432,149.678,64114.0
2021-02-24 22:00:00+00:00,149.705,150.444,148.482,148.844,85473.0
2021-02-25 22:00:00+00:00,148.961,149.175,147.408,148.417,114457.0
2021-02-28 22:00:00+00:00,148.481,149.298,148.342,148.678,67850.0
2021-03-01 22:00:00+00:00,148.6,149.197,148.118,148.901,59557.0
2021-03-02 22:00:00+00:00,148.934,149.699,148.867,149.279,62115.0
2021-03-03 22:00:00+00:00,149.293,150.733,149.051,150.024,78042.0
2021-03-04 22:00:00+00:00,150.032,150.372,149.36,149.923,94513.0
2021-03-07 22:00:00+00:00,149.72,150.701,149.66,150.566,73988.0
2021-03-08 22:00:00+00:00,150.539,151.283,150.434,150.684,72508.0
2021-03-09 22:00:00+00:00,150.692,151.192,150.644,151.057,63394.0
2021-03-10 22:00:00+00:00,150.981,151.838,150.885,151.832,56516.0
2021-03-11 22:00:00+00:00,151.822,152.238,151.233,151.776,58413.0
2021-03-14 21:00:00+00:00,151.854,152.119,151.204,151.716,49479.0
2021-03-15 21:00:00+00:00,151.69,151.769,150.789,151.432,48561.0
2021-03-16 21:00:00+00:00,151.445,152.07,151.345,151.975,55597.0
2021-03-17 21:00:00+00:00,152.008,152.555,151.462,151.647,70038.0
2021-03-18 21:00:00+00:00,151.735,151.807,150.568,151.012,62358.0
2021-03-21 21:00:00+00:00,150.356,150.937,150.278,150.908,43421.0
2021-03-22 21:00:00+00:00,150.896,150.92,149.082,149.332,51113.0
2021-03-23 21:00:00+00:00,149.347,149.45,148.531,148.792,48548.0
2021-03-24 21:00:00+00:00,148.825,150.057,148.766,149.974,51560.0
2021-03-25 21:00:00+00:00,149.941,151.546,149.894,151.274,45230.0
2021-03-28 21:00:00+00:00,151.274,151.812,150.586,151.17,49441.0
2021-03-29 21:00:00+00:00,151.139,151.946,151.064,151.632,49022.0
2021-03-30 21:00:00+00:00,151.598,152.783,151.554,152.578,56777.0
2021-03-31 21:00:00+00:00,152.55,153.074,152.294,152.988,49349.0
2021-04-01 21:00:00+00:00,153.018,153.206,152.706,153.136,57365.0
2021-04-04 21:00:00+00:00,153.221,153.368,152.887,153.192,33181.0
2021-04-05 21:00:00+00:00,153.136,153.416,151.688,151.694,52330.0
2021-04-06 21:00:00+00:00,151.702,152.074,150.664,150.905,57254.0
2021-04-07 21:00:00+00:00,150.892,151.092,149.888,150.075,48867.0
2021-04-08 21:00:00+00:00,150.04,150.936,149.594,150.318,45891.0
2021-04-11 21:00:00+00:00,150.451,150.591,149.761,150.318,40086.0
2021-04-12 21:00:00+00:00,150.29,150.831,149.673,149.979,50111.0
2021-04-13 21:00:00+00:00,149.962,150.46,149.589,150.084,42886.0
2021-04-14 21:00:00+00:00,150.163,150.204,149.69,149.906,41669.0
2021-04-15 21:00:00+00:00,149.902,150.627,149.39,150.588,42747.0
2021-04-18 21:00:00+00:00,150.477,151.323,149.892,151.274,56288.0
2021-04-19 21:00:00+00:00,151.262,151.98,150.562,150.672,48237.0
2021-04-20 21:00:00+00:00,150.656,150.974,150.048,150.494,43096.0
2021-04-21 21:00:00+00:00,150.522,150.654,149.406,149.411,49854.0
2021-04-22 21:00:00+00:00,149.394,149.954,149.064,149.69,46323.0
2021-04-25 21:00:00+00:00,149.764,150.384,149.541,150.232,46995.0
2021-04-26 21:00:00+00:00,150.214,151.265,150.148,151.244,42718.0
2021-04-27 21:00:00+00:00,151.206,151.571,151.014,151.368,52770.0
2021-04-28 21:00:00+00:00,151.328,152.412,151.305,151.842,47476.0
2021-04-29 21:00:00+00:00,151.932,152.116,150.875,151.092,57192.0
2021-05-02 21:00:00+00:00,151.013,151.932,150.942,151.718,41207.0
2021-05-03 21:00:00+00:00,151.713,152.06,151.004,151.773,56326.0
2021-05-04 21:00:00+00:00,151.845,152.236,151.76,151.867,40640.0
2021-05-05 21:00:00+00:00,151.887,152.126,151.252,151.564,59355.0
2021-05-06 21:00:00+00:00,151.491,152.122,151.264,151.847,64908.0
2021-05-09 21:00:00+00:00,152.127,154.03,151.953,153.622,61273.0
2021-05-10 21:00:00+00:00,153.636,153.966,153.148,153.624,57506.0
2021-05-11 21:00:00+00:00,153.616,154.434,153.526,154.142,73450.0
2021-05-12 21:00:00+00:00,154.13,154.339,153.472,153.841,61516.0
2021-05-13 21:00:00+00:00,153.799,154.286,153.615,154.139,46600.0
2021-05-16 21:00:00+00:00,154.152,154.471,153.736,154.418,44617.0
2021-05-17 21:00:00+00:00,154.367,154.834,154.35,154.51,48111.0
2021-05-18 21:00:00+00:00,154.527,154.815,153.541,154.16,71151.0
2021-05-19 21:00:00+00:00,154.171,154.414,153.622,154.373,50804.0
2021-05-20 21:00:00+00:00,154.348,154.68,154.016,154.16,50724.0
2021-05-23 21:00:00+00:00,154.196,154.249,153.77,153.974,43377.0
2021-05-24 21:00:00+00:00,153.902,154.452,153.78,153.936,54481.0
2021-05-25 21:00:00+00:00,153.946,154.348,153.777,154.114,48436.0
2021-05-26 21:00:00+00:00,154.081,156.078,153.845,156.03,57738.0
2021-05-27 21:00:00+00:00,155.999,156.062,155.59,155.952,57418.0
2021-05-30 21:00:00+00:00,155.807,155.937,155.304,155.752,36856.0
2021-05-31 21:00:00+00:00,155.699,155.938,154.861,154.928,52888.0
2021-06-01 21:00:00+00:00,154.934,155.506,154.823,155.278,45300.0
2021-06-02 21:00:00+00:00,155.269,155.817,155.232,155.603,54847.0
2021-06-03 21:00:00+00:00,155.563,155.76,155.001,155.086,54610.0
2021-06-06 21:00:00+00:00,155.061,155.284,154.554,154.904,39913.0
2021-06-07 21:00:00+00:00,154.947,155.092,154.557,154.976,41881.0
2021-06-08 21:00:00+00:00,155.01,155.317,154.484,154.774,36904.0
2021-06-09 21:00:00+00:00,154.754,155.218,154.134,154.99,54596.0
2021-06-10 21:00:00+00:00,154.939,155.211,154.642,154.729,41153.0
2021-06-13 21:00:00+00:00,154.655,155.349,154.322,155.326,37450.0
2021-06-14 21:00:00+00:00,155.334,155.489,154.542,155.022,39432.0
2021-06-15 21:00:00+00:00,155.002,155.382,154.674,154.845,62124.0
2021-06-16 21:00:00+00:00,154.771,155.019,153.142,153.495,68222.0
2021-06-17 21:00:00+00:00,153.445,153.78,151.996,152.217,69369.0
2021-06-20 21:00:00+00:00,152.262,153.736,151.32,153.729,63172.0
2021-06-21 21:00:00+00:00,153.628,154.47,153.099,154.38,46980.0
2021-06-22 21:00:00+00:00,154.36,155.158,154.19,154.922,48486.0
2021-06-23 21:00:00+00:00,155.005,155.149,153.828,154.388,53647.0
2021-06-24 21:00:00+00:00,154.334,154.538,153.602,153.815,39601.0
2021-06-27 21:00:00+00:00,153.953,154.23,153.39,153.544,40484.0
2021-06-28 21:00:00+00:00,153.59,153.606,152.616,153.0,43013.0
2021-06-29 21:00:00+00:00,152.952,153.756,152.668,153.683,51685.0
2021-06-30 21:00:00+00:00,153.676,153.974,153.356,153.522,50287.0
2021-07-01 21:00:00+00:00,153.472,153.738,153.086,153.498,52282.0
2021-07-04 21:00:00+00:00,153.453,153.752,153.453,153.663,36215.0
2021-07-05 21:00:00+00:00,153.618,154.076,152.36,152.644,57234.0
2021-07-06 21:00:00+00:00,152.689,153.177,152.294,152.664,60540.0
2021-07-07 21:00:00+00:00,152.747,152.784,150.671,151.329,78056.0
2021-07-08 21:00:00+00:00,151.251,153.154,151.178,153.06,61002.0
2021-07-11 21:00:00+00:00,153.054,153.348,152.414,153.25,46876.0
2021-07-12 21:00:00+00:00,153.258,153.487,152.416,152.824,52789.0
2021-07-13 21:00:00+00:00,152.812,153.3,152.344,152.408,53442.0
2021-07-14 21:00:00+00:00,152.417,152.808,151.61,151.894,60303.0
2021-07-15 21:00:00+00:00,151.94,152.614,151.432,151.528,51535.0
2021-07-18 21:00:00+00:00,151.574,151.609,149.33,149.676,78046.0
2021-07-19 21:00:00+00:00,149.683,149.979,148.459,149.706,69882.0
2021-07-20 21:00:00+00:00,149.691,151.346,149.294,151.275,51950.0
2021-07-21 21:00:00+00:00,151.249,151.92,150.743,151.668,53376.0
2021-07-22 21:00:00+00:00,151.601,152.166,151.478,152.039,44443.0
2021-07-25 21:00:00+00:00,152.028,152.61,151.404,152.536,54161.0
2021-07-26 21:00:00+00:00,152.558,152.627,151.578,152.366,59533.0
2021-07-27 21:00:00+00:00,152.348,152.996,152.184,152.817,66152.0
2021-07-28 21:00:00+00:00,152.836,153.45,152.52,152.834,47422.0
2021-07-29 21:00:00+00:00,152.828,153.22,152.445,152.517,46026.0
2021-08-01 21:00:00+00:00,152.517,152.86,151.54,151.779,43933.0
2021-08-02 21:00:00+00:00,151.737,152.201,151.172,151.718,46661.0
2021-08-03 21:00:00+00:00,151.805,152.519,151.518,152.066,51246.0
2021-08-04 21:00:00+00:00,152.063,153.034,152.01,152.912,51326.0
2021-08-05 21:00:00+00:00,152.908,153.25,152.659,152.934,44725.0
2021-08-08 21:00:00+00:00,153.098,153.103,152.58,152.781,74649.0
2021-08-09 21:00:00+00:00,152.768,153.318,152.624,153.062,37858.0
2021-08-10 21:00:00+00:00,153.016,153.302,152.87,153.137,41073.0
2021-08-11 21:00:00+00:00,153.145,153.202,152.334,152.491,31859.0
2021-08-12 21:00:00+00:00,152.462,152.638,151.93,152.019,29180.0
2021-08-15 21:00:00+00:00,152.039,152.208,150.926,151.26,40898.0
2021-08-16 21:00:00+00:00,151.271,151.343,150.359,150.61,46020.0
2021-08-17 21:00:00+00:00,150.571,151.412,150.389,150.992,41531.0
2021-08-18 21:00:00+00:00,150.986,151.218,149.633,149.698,59463.0
2021-08-19 21:00:00+00:00,149.748,149.89,149.186,149.555,41740.0
2021-08-22 21:00:00+00:00,149.521,150.762,149.38,150.526,39315.0
2021-08-23 21:00:00+00:00,150.485,151.016,150.058,150.586,32378.0
2021-08-24 21:00:00+00:00,150.514,151.462,150.448,151.38,34293.0
2021-08-25 21:00:00+00:00,151.41,151.598,150.618,150.815,41203.0
2021-08-26 21:00:00+00:00,150.735,151.526,150.464,151.189,45104.0
2021-08-29 21:00:00+00:00,151.175,151.288,150.952,151.25,23632.0
2021-08-30 21:00:00+00:00,151.326,151.596,151.067,151.28,45644.0
2021-08-31 21:00:00+00:00,151.31,151.953,151.274,151.504,39718.0
2021-09-01 21:00:00+00:00,151.51,152.2,151.354,152.072,28220.0
2021-09-02 21:00:00+00:00,152.128,152.298,151.791,152.079,43353.0
2021-09-05 21:00:00+00:00,152.118,152.277,151.802,151.998,21193.0
2021-09-06 21:00:00+00:00,151.979,152.223,151.5,152.027,40102.0
2021-09-07 21:00:00+00:00,152.006,152.096,151.464,151.847,40320.0
2021-09-08 21:00:00+00:00,151.827,152.172,151.426,151.828,42059.0
2021-09-09 21:00:00+00:00,151.798,152.641,151.786,152.08,35240.0
2021-09-12 21:00:00+00:00,152.114,152.328,151.912,152.258,34898.0
2021-09-13 21:00:00+00:00,152.216,152.852,151.33,151.46,43612.0
2021-09-14 21:00:00+00:00,151.474,151.56,150.83,151.38,43010.0
2021-09-15 21:00:00+00:00,151.396,151.574,150.876,151.403,40081.0
2021-09-16 21:00:00+00:00,151.385,151.932,150.968,151.066,40562.0
2021-09-19 21:00:00+00:00,151.148,151.247,149.182,149.402,48052.0
2021-09-20 21:00:00+00:00,149.395,150.138,148.956,149.194,47535.0
2021-09-21 21:00:00+00:00,149.198,149.962,149.021,149.542,59192.0
2021-09-22 21:00:00+00:00,149.535,151.484,149.479,151.37,50995.0
2021-09-23 21:00:00+00:00,151.325,151.738,151.003,151.42,42074.0
2021-09-26 21:00:00+00:00,151.279,152.202,151.127,152.105,46470.0
2021-09-27 21:00:00+00:00,152.096,152.576,150.543,150.966,67357.0
2021-09-28 21:00:00+00:00,150.954,151.198,149.914,150.36,62293.0
2021-09-29 21:00:00+00:00,150.323,150.958,149.806,149.945,62050.0
2021-09-30 21:00:00+00:00,149.952,150.744,149.234,150.455,72788.0
2021-10-03 21:00:00+00:00,150.365,151.528,150.22,150.97,61903.0
2021-10-04 21:00:00+00:00,150.982,152.052,150.752,151.911,54590.0
2021-10-05 21:00:00+00:00,151.916,152.163,150.815,151.31,69311.0
2021-10-06 21:00:00+00:00,151.306,152.094,151.034,151.976,46908.0
2021-10-07 21:00:00+00:00,151.971,152.942,151.952,152.807,57306.0
2021-10-10 21:00:00+00:00,152.842,154.512,152.751,154.062,49084.0
2021-10-11 21:00:00+00:00,154.028,154.828,153.686,154.374,59545.0
2021-10-12 21:00:00+00:00,154.358,154.959,154.113,154.719,58969.0
2021-10-13 21:00:00+00:00,154.702,155.747,154.64,155.43,42883.0
2021-10-14 21:00:00+00:00,155.426,157.42,155.375,157.09,53242.0
2021-10-17 21:00:00+00:00,157.165,157.382,156.618,156.931,58714.0
2021-10-18 21:00:00+00:00,156.936,158.06,156.877,157.77,47151.0
2021-10-19 21:00:00+00:00,157.763,158.222,157.018,158.054,49390.0
2021-10-20 21:00:00+00:00,157.96,158.211,156.784,157.25,54584.0
2021-10-21 21:00:00+00:00,157.191,157.664,155.931,156.117,63699.0
2021-10-24 21:00:00+00:00,156.115,156.824,156.025,156.561,51906.0
2021-10-25 21:00:00+00:00,156.571,157.778,156.474,157.147,47932.0
2021-10-26 21:00:00+00:00,157.136,157.272,155.706,156.405,63742.0
2021-10-27 21:00:00+00:00,156.414,156.712,155.919,156.645,69315.0
2021-10-28 21:00:00+00:00,156.639,157.104,155.789,156.007,65374.0
2021-10-31 21:00:00+00:00,156.087,156.498,155.61,155.765,52355.0
2021-11-01 21:00:00+00:00,155.744,155.916,154.666,155.118,51750.0
2021-11-02 21:00:00+00:00,155.174,156.074,154.97,155.999,57959.0
2021-11-03 21:00:00+00:00,156.03,156.25,153.126,153.578,66651.0
2021-11-04 21:00:00+00:00,153.542,153.783,152.813,153.068,63578.0
2021-11-07 22:00:00+00:00,152.827,153.66,152.711,153.586,46924.0
2021-11-08 22:00:00+00:00,153.582,153.644,152.741,153.045,58036.0
2021-11-09 22:00:00+00:00,153.036,153.75,152.582,152.692,72703.0
2021-11-10 22:00:00+00:00,152.706,153.017,152.398,152.51,47870.0
2021-11-11 22:00:00+00:00,152.533,152.938,152.38,152.855,47898.0
2021-11-14 22:00:00+00:00,152.885,153.286,152.63,153.116,47172.0
2021-11-15 22:00:00+00:00,153.074,154.214,153.034,154.207,58153.0
2021-11-16 22:00:00+00:00,154.196,154.75,153.742,153.972,63178.0
2021-11-17 22:00:00+00:00,153.855,154.28,153.713,154.224,56210.0
2021-11-18 22:00:00+00:00,154.178,154.452,152.526,153.308,82856.0
2021-11-21 22:00:00+00:00,153.293,154.061,153.128,153.89,63966.0
2021-11-22 22:00:00+00:00,153.921,154.223,153.286,154.02,75398.0
2021-11-23 22:00:00+00:00,154.046,154.155,153.372,153.834,70311.0
2021-11-24 22:00:00+00:00,153.854,154.068,153.416,153.703,37078.0
2021-11-25 22:00:00+00:00,153.686,153.718,150.718,151.16,129797.0
2021-11-28 22:00:00+00:00,151.679,151.916,150.696,151.199,93508.0
2021-11-29 22:00:00+00:00,151.154,151.632,149.728,150.508,138431.0
2021-11-30 22:00:00+00:00,150.481,151.442,149.624,149.714,95647.0
2021-12-01 22:00:00+00:00,149.753,150.8,149.674,150.538,87669.0
2021-12-02 22:00:00+00:00,150.439,150.762,148.978,149.329,90674.0
2021-12-05 22:00:00+00:00,149.504,150.608,149.226,150.542,65541.0
2021-12-06 22:00:00+00:00,150.498,151.132,150.128,150.395,58649.0
2021-12-07 22:00:00+00:00,150.399,150.705,149.36,150.135,99441.0
2021-12-08 22:00:00+00:00,150.031,150.322,149.49,149.994,52475.0
2021-12-09 22:00:00+00:00,150.041,150.516,149.676,150.395,59339.0
2021-12-12 22:00:00+00:00,150.325,150.759,149.875,150.079,57714.0
2021-12-13 22:00:00+00:00,150.073,150.59,149.767,150.466,45714.0
2021-12-14 22:00:00+00:00,150.45,151.312,150.282,151.272,66661.0
2021-12-15 22:00:00+00:00,151.247,152.638,151.1,151.488,74572.0
2021-12-16 22:00:00+00:00,151.485,151.72,150.432,150.522,64761.0
2021-12-19 22:00:00+00:00,150.458,150.578,149.532,150.102,58895.0
2021-12-20 22:00:00+00:00,150.025,151.418,149.894,151.402,42161.0
2021-12-21 22:00:00+00:00,151.367,152.585,151.104,152.424,40601.0
2021-12-22 22:00:00+00:00,152.373,153.712,152.29,153.49,35159.0
2021-12-23 22:00:00+00:00,153.349,153.583,153.056,153.225,38496.0
2021-12-26 22:00:00+00:00,153.163,154.467,153.105,154.46,24005.0
2021-12-27 22:00:00+00:00,154.411,154.586,154.009,154.22,23649.0
2021-12-28 22:00:00+00:00,154.284,155.14,154.06,155.095,34278.0
2021-12-29 22:00:00+00:00,155.054,155.672,154.924,155.382,31740.0
2021-12-30 22:00:00+00:00,155.353,156.018,155.002,155.734,35060.0
2022-01-02 22:00:00+00:00,155.75,155.926,154.89,155.468,39267.0
2022-01-03 22:00:00+00:00,155.457,157.431,155.328,157.116,49924.0
2022-01-04 22:00:00+00:00,157.086,157.771,156.582,157.398,51103.0
2022-01-05 22:00:00+00:00,157.401,157.476,156.092,156.81,56547.0
2022-01-06 22:00:00+00:00,156.779,157.192,156.742,157.038,48206.0
2022-01-09 22:00:00+00:00,157.2,157.379,155.952,156.441,49586.0
2022-01-10 22:00:00+00:00,156.359,157.316,156.324,157.202,51664.0
2022-01-11 22:00:00+00:00,157.2,157.712,156.763,157.103,53574.0
2022-01-12 22:00:00+00:00,157.114,157.463,156.316,156.496,51221.0
2022-01-13 22:00:00+00:00,156.528,156.625,155.464,156.22,69398.0
2022-01-16 22:00:00+00:00,156.162,156.722,156.057,156.366,37123.0
2022-01-17 22:00:00+00:00,156.408,156.91,155.48,155.847,69638.0
2022-01-18 22:00:00+00:00,155.846,156.236,155.408,155.626,59110.0
2022-01-19 22:00:00+00:00,155.644,156.066,155.15,155.203,58446.0
2022-01-20 22:00:00+00:00,155.159,155.244,153.912,154.102,74627.0
2022-01-23 22:00:00+00:00,154.073,154.492,152.91,153.788,79642.0
2022-01-24 22:00:00+00:00,153.692,154.02,153.12,153.767,72273.0
2022-01-25 22:00:00+00:00,153.799,154.746,153.678,154.423,70772.0
2022-01-26 22:00:00+00:00,154.364,154.72,153.824,154.373,83368.0
2022-01-27 22:00:00+00:00,154.338,154.964,154.099,154.436,74034.0
2022-01-30 22:00:00+00:00,154.467,155.336,154.398,154.796,66878.0
2022-01-31 22:00:00+00:00,154.806,155.211,154.493,155.11,58184.0
2022-02-01 22:00:00+00:00,155.089,155.44,154.81,155.336,50575.0
2022-02-02 22:00:00+00:00,155.342,156.506,155.049,156.373,77423.0
2022-02-03 22:00:00+00:00,156.35,156.506,155.474,155.904,72879.0
2022-02-06 22:00:00+00:00,156.084,156.259,155.14,155.786,59519.0
2022-02-07 22:00:00+00:00,155.819,156.722,155.618,156.549,47818.0
2022-02-08 22:00:00+00:00,156.493,156.858,156.198,156.378,42175.0
2022-02-09 22:00:00+00:00,156.356,158.07,156.252,157.314,81355.0
2022-02-10 22:00:00+00:00,157.308,157.728,155.868,156.598,93076.0
2022-02-13 22:00:00+00:00,156.356,156.866,155.308,156.364,308849.0
2022-02-14 22:00:00+00:00,156.349,156.832,155.97,156.552,221239.0
2022-02-15 22:00:00+00:00,156.503,157.119,156.354,156.82,215034.0
2022-02-16 22:00:00+00:00,156.868,157.009,156.061,156.464,302018.0
2022-02-17 22:00:00+00:00,156.552,157.296,156.219,156.359,236251.0
2022-02-20 22:00:00+00:00,156.397,156.754,156.014,156.042,188953.0
2022-02-21 22:00:00+00:00,156.083,156.512,155.516,156.323,293205.0
2022-02-22 22:00:00+00:00,156.293,156.781,155.608,155.811,189819.0
2022-02-23 22:00:00+00:00,155.782,155.894,153.372,154.5,515399.0
2022-02-24 22:00:00+00:00,154.546,155.186,154.158,154.978,327503.0
2022-02-27 22:00:00+00:00,153.87,154.998,153.83,154.312,340851.0
2022-02-28 22:00:00+00:00,154.377,154.693,152.666,153.13,283863.0
2022-03-01 22:00:00+00:00,153.132,154.924,152.814,154.862,323177.0
2022-03-02 22:00:00+00:00,154.864,155.234,153.869,154.126,261114.0
2022-03-03 22:00:00+00:00,154.136,154.228,151.472,151.976,330933.0
2022-03-06 22:00:00+00:00,152.039,152.234,151.04,151.107,400335.0
2022-03-07 22:00:00+00:00,151.12,152.015,150.983,151.544,382950.0
2022-03-08 22:00:00+00:00,151.581,152.78,151.451,152.778,274366.0
2022-03-09 22:00:00+00:00,152.704,153.0,151.883,151.938,287673.0
2022-03-10 22:00:00+00:00,151.96,153.405,151.909,152.914,270586.0
2022-03-13 21:00:00+00:00,153.071,154.193,152.916,153.687,232118.0
2022-03-14 21:00:00+00:00,153.684,154.695,153.228,154.264,274011.0
2022-03-15 21:00:00+00:00,154.294,156.146,154.187,156.146,323106.0
2022-03-16 21:00:00+00:00,156.117,156.721,155.464,155.961,260505.0
2022-03-17 21:00:00+00:00,155.94,157.228,155.864,157.019,216994.0
2022-03-20 21:00:00+00:00,156.972,157.514,156.382,157.331,196204.0
2022-03-21 21:00:00+00:00,157.305,160.254,157.249,160.25,269993.0
2022-03-22 21:00:00+00:00,160.206,161.107,159.04,159.978,251859.0
2022-03-23 21:00:00+00:00,159.938,161.412,159.592,161.343,270534.0
2022-03-24 21:00:00+00:00,161.335,161.502,159.854,160.922,295498.0
2022-03-27 21:00:00+00:00,160.988,164.658,160.772,162.268,470931.0
2022-03-28 21:00:00+00:00,162.096,162.724,160.26,160.92,492321.0
2022-03-29 21:00:00+00:00,160.835,161.376,159.047,160.049,441146.0
2022-03-30 21:00:00+00:00,160.023,160.888,159.443,159.957,409965.0
2022-03-31 21:00:00+00:00,159.893,161.195,159.857,160.73,314552.0
2022-04-03 21:00:00+00:00,160.648,161.312,160.284,161.017,240094.0
2022-04-04 21:00:00+00:00,161.063,161.976,160.512,161.586,264067.0
2022-04-05 21:00:00+00:00,161.616,162.283,161.541,161.772,329593.0
2022-04-06 21:00:00+00:00,161.78,162.274,161.402,162.087,265818.0
2022-04-07 21:00:00+00:00,162.104,162.365,161.646,162.028,239472.0
2022-04-10 21:00:00+00:00,161.707,163.851,161.651,163.37,290688.0
2022-04-11 21:00:00+00:00,163.366,163.634,162.79,163.032,335429.0
2022-04-12 21:00:00+00:00,162.986,164.85,162.97,164.814,337414.0
2022-04-13 21:00:00+00:00,164.707,164.876,164.034,164.655,336716.0
2022-04-14 21:00:00+00:00,164.616,165.456,164.408,165.16,375242.0
2022-04-17 21:00:00+00:00,165.048,165.433,164.644,165.248,218459.0
2022-04-18 21:00:00+00:00,165.23,167.616,165.224,167.55,380120.0
2022-04-19 21:00:00+00:00,167.547,168.438,166.43,167.108,453220.0
2022-04-20 21:00:00+00:00,167.114,167.915,166.978,167.22,358991.0
2022-04-21 21:00:00+00:00,167.267,167.593,164.804,165.102,396486.0
2022-04-24 21:00:00+00:00,165.025,165.33,162.058,163.248,466349.0
2022-04-25 21:00:00+00:00,163.267,163.606,159.968,159.994,424219.0
2022-04-26 21:00:00+00:00,159.993,161.394,159.626,161.106,441869.0
2022-04-27 21:00:00+00:00,161.189,164.26,160.892,163.038,571583.0
2022-04-28 21:00:00+00:00,163.047,163.998,162.395,163.232,452781.0
2022-05-01 21:00:00+00:00,163.279,163.904,162.294,162.611,400251.0
2022-05-02 21:00:00+00:00,162.602,163.421,162.358,162.614,337126.0
2022-05-03 21:00:00+00:00,162.64,163.198,162.186,163.122,320755.0
2022-05-04 21:00:00+00:00,163.037,163.582,160.474,160.852,482885.0
2022-05-05 21:00:00+00:00,160.955,161.61,160.323,161.041,483682.0
2022-05-08 21:00:00+00:00,161.201,162.191,160.164,160.683,425386.0
2022-05-09 21:00:00+00:00,160.691,161.525,160.043,160.661,452034.0
2022-05-10 21:00:00+00:00,160.695,161.318,158.841,159.182,482785.0
2022-05-11 21:00:00+00:00,159.161,159.305,155.601,156.538,470239.0
2022-05-12 21:00:00+00:00,156.594,158.507,156.488,158.477,387229.0
2022-05-15 21:00:00+00:00,158.314,159.284,157.436,159.085,367992.0
2022-05-16 21:00:00+00:00,159.09,161.857,158.796,161.604,372058.0
2022-05-17 21:00:00+00:00,161.666,161.786,158.067,158.264,338450.0
2022-05-18 21:00:00+00:00,158.211,159.926,157.882,159.426,533863.0
2022-05-19 21:00:00+00:00,159.298,160.202,158.736,159.866,403299.0
2022-05-22 21:00:00+00:00,159.643,161.021,159.413,160.992,325756.0
2022-05-23 21:00:00+00:00,160.976,161.018,157.993,159.008,391714.0
2022-05-24 21:00:00+00:00,158.926,160.31,158.394,160.171,367189.0
2022-05-25 21:00:00+00:00,160.111,160.834,159.022,160.234,329532.0
2022-05-26 21:00:00+00:00,160.203,160.658,159.826,160.568,274850.0
2022-05-29 21:00:00+00:00,160.394,161.526,160.327,161.51,199121.0
2022-05-30 21:00:00+00:00,161.396,162.362,160.945,162.18,406618.0
2022-05-31 21:00:00+00:00,162.134,163.327,161.972,162.48,352484.0
2022-06-01 21:00:00+00:00,162.471,163.425,162.116,163.352,246406.0
2022-06-02 21:00:00+00:00,163.315,164.102,163.065,163.382,229370.0
2022-06-05 21:00:00+00:00,163.515,165.472,162.912,165.254,254296.0
2022-06-06 21:00:00+00:00,165.272,167.112,165.244,166.995,363163.0
2022-06-07 21:00:00+00:00,166.971,168.54,166.882,168.3,379227.0
2022-06-08 21:00:00+00:00,168.321,168.734,166.692,167.913,467376.0
2022-06-09 21:00:00+00:00,167.859,168.044,165.174,165.534,441220.0
2022-06-12 21:00:00+00:00,165.517,166.136,162.252,163.062,578341.0
2022-06-13 21:00:00+00:00,163.14,164.328,161.34,162.497,596121.0
2022-06-14 21:00:00+00:00,162.478,163.172,161.726,162.882,346878.0
2022-06-15 21:00:00+00:00,162.985,163.804,160.0,163.326,370147.0
2022-06-16 21:00:00+00:00,163.422,166.228,163.012,164.938,357778.0
2022-06-19 21:00:00+00:00,164.911,165.665,164.478,165.489,218126.0
2022-06-20 21:00:00+00:00,165.424,167.832,165.348,167.82,241663.0
2022-06-21 21:00:00+00:00,167.744,167.854,165.772,167.05,279079.0
2022-06-22 21:00:00+00:00,167.096,167.111,164.659,165.468,315441.0
2022-06-23 21:00:00+00:00,165.417,166.31,164.811,165.997,256953.0
2022-06-26 21:00:00+00:00,165.786,166.536,165.132,166.172,250761.0
2022-06-27 21:00:00+00:00,166.146,166.944,165.724,165.908,263346.0
2022-06-28 21:00:00+00:00,165.822,166.346,165.406,165.618,298152.0
2022-06-29 21:00:00+00:00,165.619,165.834,164.813,165.34,287740.0
2022-06-30 21:00:00+00:00,165.274,165.319,161.58,163.517,295283.0
2022-07-03 21:00:00+00:00,163.764,164.753,163.007,164.211,173071.0
2022-07-04 21:00:00+00:00,164.165,165.286,161.588,162.478,288102.0
2022-07-05 21:00:00+00:00,162.4,162.59,160.394,162.05,330967.0
2022-07-06 21:00:00+00:00,162.062,163.632,161.586,163.529,264030.0
2022-07-07 21:00:00+00:00,163.533,163.94,161.828,163.769,273435.0
2022-07-10 21:00:00+00:00,163.486,164.476,163.034,163.41,245340.0
2022-07-11 21:00:00+00:00,163.439,163.558,161.837,162.714,277414.0
2022-07-12 21:00:00+00:00,162.735,164.126,162.36,163.42,296330.0
2022-07-13 21:00:00+00:00,163.324,165.198,163.086,164.298,337803.0
2022-07-14 21:00:00+00:00,164.274,164.711,163.65,164.418,259934.0
2022-07-17 21:00:00+00:00,164.44,166.097,164.173,165.092,213504.0
2022-07-18 21:00:00+00:00,165.034,165.982,164.724,165.808,243319.0
2022-07-19 21:00:00+00:00,165.836,166.252,165.138,165.624,248413.0
2022-07-20 21:00:00+00:00,165.486,166.002,164.54,164.844,293570.0
2022-07-21 21:00:00+00:00,164.933,165.152,163.007,163.401,278567.0
2022-07-24 21:00:00+00:00,163.447,165.093,162.997,164.632,222905.0
2022-07-25 21:00:00+00:00,164.619,164.972,163.476,164.754,212032.0
2022-07-26 21:00:00+00:00,164.658,166.337,164.654,166.065,239927.0
2022-07-27 21:00:00+00:00,165.982,166.104,162.864,163.476,285941.0
2022-07-28 21:00:00+00:00,163.504,163.907,161.538,162.297,300773.0
2022-07-31 21:00:00+00:00,162.253,162.504,161.046,161.27,250277.0
2022-08-01 21:00:00+00:00,161.431,162.014,159.447,161.931,305109.0
2022-08-02 21:00:00+00:00,162.065,163.068,161.21,162.606,288880.0
2022-08-03 21:00:00+00:00,162.547,163.957,161.122,161.659,242142.0
2022-08-04 21:00:00+00:00,161.609,163.374,161.122,162.967,250049.0
2022-08-07 21:00:00+00:00,163.026,163.85,162.568,163.143,208934.0
2022-08-08 21:00:00+00:00,163.075,163.68,162.626,163.183,184841.0
2022-08-09 21:00:00+00:00,163.205,163.613,161.682,162.346,227414.0
2022-08-10 21:00:00+00:00,162.494,162.515,161.267,162.262,236041.0
2022-08-11 21:00:00+00:00,162.296,162.799,161.805,162.029,209680.0
2022-08-14 21:00:00+00:00,161.924,162.085,160.355,160.69,175407.0
2022-08-15 21:00:00+00:00,160.753,162.748,160.093,162.412,190955.0
2022-08-16 21:00:00+00:00,162.31,163.57,162.176,162.752,224168.0
2022-08-17 21:00:00+00:00,162.701,163.246,161.684,162.136,212441.0
2022-08-18 21:00:00+00:00,162.119,162.844,161.64,161.954,208007.0
2022-08-21 21:00:00+00:00,161.967,162.537,161.161,161.798,203192.0
2022-08-22 21:00:00+00:00,161.751,162.313,160.808,161.798,228595.0
2022-08-23 21:00:00+00:00,161.923,161.943,160.839,161.748,216294.0
2022-08-24 21:00:00+00:00,161.7,161.998,161.324,161.532,215921.0
2022-08-25 21:00:00+00:00,161.545,162.694,161.222,161.546,237935.0
2022-08-28 21:00:00+00:00,161.516,162.652,161.418,162.359,202953.0
2022-08-29 21:00:00+00:00,162.51,162.592,161.496,161.758,245805.0
2022-08-30 21:00:00+00:00,161.686,161.91,160.899,161.478,242530.0
2022-08-31 21:00:00+00:00,161.449,161.862,160.978,161.844,238149.0
2022-09-01 21:00:00+00:00,161.834,162.498,161.159,161.439,226533.0
2022-09-04 21:00:00+00:00,161.004,161.962,160.664,161.942,185886.0
2022-09-05 21:00:00+00:00,161.943,165.1,161.928,164.49,260992.0
2022-09-06 21:00:00+00:00,164.454,166.015,164.192,165.878,292494.0
2022-09-07 21:00:00+00:00,165.785,166.325,164.885,165.747,287275.0
2022-09-08 21:00:00+00:00,165.779,166.246,164.313,165.293,272868.0
2022-09-11 21:00:00+00:00,165.392,167.042,165.212,166.866,217748.0
2022-09-12 21:00:00+00:00,166.927,168.166,166.01,166.142,248777.0
2022-09-13 21:00:00+00:00,166.237,166.52,164.76,165.228,271714.0
2022-09-14 21:00:00+00:00,165.28,165.736,164.478,164.565,222884.0
2022-09-15 21:00:00+00:00,164.529,164.64,162.744,163.213,223529.0
2022-09-18 21:00:00+00:00,163.241,163.844,162.945,163.752,158021.0
2022-09-19 21:00:00+00:00,163.708,164.446,163.143,163.59,208305.0
2022-09-20 21:00:00+00:00,163.543,163.95,162.24,162.32,282194.0
2022-09-21 21:00:00+00:00,162.34,164.438,159.123,160.283,352678.0
2022-09-22 21:00:00+00:00,160.304,160.465,155.434,155.529,307662.0
2022-09-25 21:00:00+00:00,155.138,157.223,149.048,154.67,501905.0
2022-09-26 21:00:00+00:00,154.615,156.374,154.163,155.465,356852.0
2022-09-27 21:00:00+00:00,155.419,157.096,152.558,156.942,434270.0
2022-09-28 21:00:00+00:00,156.871,160.594,155.612,160.574,389478.0
2022-09-29 21:00:00+00:00,160.612,162.182,159.434,161.65,363306.0
2022-10-02 21:00:00+00:00,161.688,163.901,160.583,163.665,325180.0
2022-10-03 21:00:00+00:00,163.667,165.548,163.43,165.397,345593.0
2022-10-04 21:00:00+00:00,165.333,165.722,162.608,163.906,337893.0
2022-10-05 21:00:00+00:00,163.829,164.45,161.092,162.014,355561.0
2022-10-06 21:00:00+00:00,162.002,162.603,160.78,161.327,311381.0
2022-10-09 21:00:00+00:00,161.086,161.572,160.47,161.136,266651.0
2022-10-10 21:00:00+00:00,161.162,162.674,159.732,160.027,352382.0
2022-10-11 21:00:00+00:00,160.025,163.33,159.738,163.054,365466.0
2022-10-12 21:00:00+00:00,163.109,167.292,162.326,166.856,358419.0
2022-10-13 21:00:00+00:00,166.695,167.228,165.026,166.298,375751.0
2022-10-16 21:00:00+00:00,166.983,170.1,166.561,169.336,310193.0
2022-10-17 21:00:00+00:00,169.212,169.824,167.583,168.913,342918.0
2022-10-18 21:00:00+00:00,168.949,169.384,167.64,168.156,314622.0
2022-10-19 21:00:00+00:00,168.139,169.732,167.426,168.664,356876.0
2022-10-20 21:00:00+00:00,168.619,169.588,164.964,166.817,413276.0
2022-10-23 21:00:00+00:00,168.113,169.81,165.543,168.097,322819.0
2022-10-24 21:00:00+00:00,167.972,169.952,167.841,169.766,281222.0
2022-10-25 21:00:00+00:00,169.777,170.606,169.326,170.242,364809.0
2022-10-26 21:00:00+00:00,170.092,170.265,168.729,169.177,388982.0
2022-10-27 21:00:00+00:00,169.232,171.378,168.874,171.266,334348.0
2022-10-30 21:00:00+00:00,171.278,172.136,170.336,170.568,283157.0
2022-10-31 21:00:00+00:00,170.478,170.958,169.49,170.187,317867.0
2022-11-01 21:00:00+00:00,170.322,170.384,168.322,168.496,344629.0
2022-11-02 21:00:00+00:00,168.433,168.587,165.095,165.443,351073.0
2022-11-03 21:00:00+00:00,165.401,166.982,165.13,166.804,368078.0
2022-11-06 22:00:00+00:00,166.425,169.096,166.023,168.815,314138.0
2022-11-07 22:00:00+00:00,168.859,169.082,167.308,168.154,303508.0
2022-11-08 22:00:00+00:00,168.158,168.327,165.97,166.272,364515.0
2022-11-09 22:00:00+00:00,166.379,167.501,164.38,165.052,387451.0
2022-11-10 22:00:00+00:00,165.097,166.106,163.046,164.355,398300.0
2022-11-13 22:00:00+00:00,164.372,165.718,163.691,164.518,361780.0
2022-11-14 22:00:00+00:00,164.478,166.21,164.401,165.339,426388.0
2022-11-15 22:00:00+00:00,165.286,166.399,164.708,166.267,384821.0
2022-11-16 22:00:00+00:00,166.201,166.388,165.196,166.38,338769.0
2022-11-17 22:00:00+00:00,166.339,167.322,166.132,166.832,308399.0
2022-11-20 22:00:00+00:00,166.971,168.044,166.11,168.017,300000.0
2022-11-21 22:00:00+00:00,167.996,168.31,167.349,167.808,274724.0
2022-11-22 22:00:00+00:00,167.904,169.028,167.74,168.26,294012.0
2022-11-23 22:00:00+00:00,168.26,168.316,167.161,167.948,248767.0
2022-11-24 22:00:00+00:00,167.916,168.805,167.642,168.282,227252.0
2022-11-27 22:00:00+00:00,168.102,168.348,165.848,166.15,301420.0
2022-11-28 22:00:00+00:00,166.122,166.676,165.53,165.758,314349.0
2022-11-29 22:00:00+00:00,165.82,167.419,165.474,166.526,352148.0
2022-11-30 22:00:00+00:00,166.543,167.233,164.518,165.866,363514.0
2022-12-01 22:00:00+00:00,165.859,165.99,164.04,165.145,325583.0
2022-12-04 22:00:00+00:00,165.212,166.828,164.906,166.811,295282.0
2022-12-05 22:00:00+00:00,166.582,167.5,166.146,166.289,297789.0
2022-12-06 22:00:00+00:00,166.244,167.43,165.965,166.768,326500.0
2022-12-07 22:00:00+00:00,166.67,167.348,166.288,167.267,243766.0
2022-12-08 22:00:00+00:00,167.159,168.061,166.309,167.46,299348.0
2022-12-11 22:00:00+00:00,167.392,169.028,167.11,168.798,247234.0
2022-12-12 22:00:00+00:00,168.917,169.283,167.098,167.676,335540.0
2022-12-13 22:00:00+00:00,167.681,168.395,166.728,168.376,330970.0
2022-12-14 22:00:00+00:00,168.302,168.844,167.629,167.8,347262.0
2022-12-15 22:00:00+00:00,167.898,168.012,165.813,165.938,312881.0
2022-12-18 22:00:00+00:00,165.221,166.904,165.21,166.289,288144.0
2022-12-19 22:00:00+00:00,166.354,167.039,158.602,160.46,425056.0
2022-12-20 22:00:00+00:00,160.279,161.042,159.478,160.028,282331.0
2022-12-21 22:00:00+00:00,159.976,160.252,158.806,159.373,254960.0
2022-12-22 22:00:00+00:00,159.372,160.529,159.07,160.029,242108.0
2022-12-26 22:00:00+00:00,160.265,160.952,160.196,160.633,195407.0
2022-12-27 22:00:00+00:00,160.632,162.344,160.413,161.635,238398.0
2022-12-28 22:00:00+00:00,161.636,161.685,160.061,160.364,221656.0
2022-12-29 22:00:00+00:00,160.386,160.524,157.84,158.578,253914.0
2023-01-01 22:00:00+00:00,158.051,158.534,157.36,157.454,53716.0
2023-01-02 22:00:00+00:00,157.421,158.392,155.356,156.76,306154.0
2023-01-03 22:00:00+00:00,156.768,160.179,156.507,159.954,318699.0
2023-01-04 22:00:00+00:00,159.85,160.047,158.516,158.906,309647.0
2023-01-05 22:00:00+00:00,158.856,160.022,158.746,159.731,337168.0
2023-01-08 22:00:00+00:00,159.476,161.242,159.315,160.694,289890.0
2023-01-09 22:00:00+00:00,160.597,160.94,160.049,160.649,296090.0
2023-01-10 22:00:00+00:00,160.68,161.216,160.514,160.998,254104.0
2023-01-11 22:00:00+00:00,160.856,160.995,157.734,157.924,346460.0
2023-01-12 22:00:00+00:00,157.952,158.074,155.648,156.287,312975.0
2023-01-15 22:00:00+00:00,156.18,157.082,156.088,156.754,224900.0
2023-01-16 22:00:00+00:00,156.802,158.034,156.392,157.488,278934.0
2023-01-17 22:00:00+00:00,157.426,161.534,157.384,159.12,383588.0
2023-01-18 22:00:00+00:00,159.099,159.224,157.575,159.159,296175.0
2023-01-19 22:00:00+00:00,159.135,161.29,159.048,160.64,271311.0
2023-01-22 22:00:00+00:00,160.614,161.812,160.368,161.77,252314.0
2023-01-23 22:00:00+00:00,161.745,161.784,159.996,160.661,236236.0
2023-01-24 22:00:00+00:00,160.541,160.932,159.512,160.684,248647.0
2023-01-25 22:00:00+00:00,160.726,161.74,160.014,161.655,253475.0
2023-01-26 22:00:00+00:00,161.55,161.638,160.414,160.873,227636.0
2023-01-29 22:00:00+00:00,160.717,161.424,160.212,161.108,248184.0
2023-01-30 22:00:00+00:00,161.087,161.202,159.768,160.274,227236.0
2023-01-31 22:00:00+00:00,160.297,160.676,158.914,159.506,253983.0
2023-02-01 22:00:00+00:00,159.605,159.622,157.187,157.351,286031.0
2023-02-02 22:00:00+00:00,157.332,158.756,156.734,158.144,267488.0
2023-02-05 22:00:00+00:00,159.321,159.956,158.537,159.448,247307.0
2023-02-06 22:00:00+00:00,159.497,159.58,157.434,157.91,280141.0
2023-02-07 22:00:00+00:00,157.901,158.836,157.616,158.674,240242.0
2023-02-08 22:00:00+00:00,158.608,159.51,158.115,159.386,248422.0
2023-02-09 22:00:00+00:00,159.466,159.638,157.539,158.472,285550.0
2023-02-12 22:00:00+00:00,158.472,161.196,158.415,160.758,221438.0
2023-02-13 22:00:00+00:00,160.74,162.183,160.11,162.056,307626.0
2023-02-14 22:00:00+00:00,162.104,162.104,160.788,161.45,262073.0
2023-02-15 22:00:00+00:00,161.409,161.517,160.474,160.566,277206.0
2023-02-16 22:00:00+00:00,160.703,161.65,160.502,161.564,248327.0
2023-02-19 22:00:00+00:00,161.509,161.728,161.173,161.683,186441.0
2023-02-20 22:00:00+00:00,161.645,163.76,161.438,163.528,253386.0
2023-02-21 22:00:00+00:00,163.497,163.567,162.394,162.496,254987.0
2023-02-22 22:00:00+00:00,162.493,162.854,161.676,161.822,218926.0
2023-02-23 22:00:00+00:00,161.808,163.126,161.212,162.971,274232.0
2023-02-26 22:00:00+00:00,163.153,164.35,162.612,164.312,218814.0
2023-02-27 22:00:00+00:00,164.196,166.018,163.722,163.732,221775.0
2023-02-28 22:00:00+00:00,163.632,164.514,162.868,163.83,249470.0
2023-03-01 22:00:00+00:00,163.859,163.94,163.07,163.392,237030.0
2023-03-02 22:00:00+00:00,163.455,163.652,163.108,163.59,209426.0
2023-03-05 22:00:00+00:00,163.655,163.797,162.983,163.46,187399.0
2023-03-06 22:00:00+00:00,163.443,163.864,162.053,162.215,228952.0
2023-03-07 22:00:00+00:00,162.224,162.99,161.714,162.664,207862.0
2023-03-08 22:00:00+00:00,162.579,162.687,161.616,162.286,196194.0
2023-03-09 22:00:00+00:00,162.303,164.305,161.954,162.57,322062.0
2023-03-12 21:00:00+00:00,162.365,163.074,160.045,162.343,417181.0
2023-03-13 21:00:00+00:00,162.293,164.086,161.871,163.183,341738.0
2023-03-14 21:00:00+00:00,163.187,164.145,159.213,160.858,398974.0
2023-03-15 21:00:00+00:00,160.963,162.114,158.562,162.018,355063.0
2023-03-16 21:00:00+00:00,161.962,162.194,160.122,160.636,275420.0
2023-03-19 21:00:00+00:00,161.035,161.74,158.966,161.244,325301.0
2023-03-20 21:00:00+00:00,161.182,162.266,160.764,161.827,208804.0
2023-03-21 21:00:00+00:00,161.804,163.344,160.796,161.304,248089.0
2023-03-22 21:00:00+00:00,161.288,161.86,159.942,160.813,277296.0
2023-03-23 21:00:00+00:00,160.745,160.855,158.266,159.871,273884.0
2023-03-26 21:00:00+00:00,159.703,161.852,159.671,161.683,200364.0
2023-03-27 21:00:00+00:00,161.607,161.784,160.738,161.538,194735.0
2023-03-28 21:00:00+00:00,161.561,163.688,161.356,163.656,202966.0
2023-03-29 21:00:00+00:00,163.557,164.458,162.98,164.386,196468.0
2023-03-30 21:00:00+00:00,164.358,165.475,163.628,163.774,210548.0
2023-04-02 21:00:00+00:00,164.405,164.904,163.428,164.414,214356.0
2023-04-03 21:00:00+00:00,164.362,166.412,164.184,164.669,205359.0
2023-04-04 21:00:00+00:00,164.577,164.678,162.776,163.576,203884.0
2023-04-05 21:00:00+00:00,163.573,164.115,162.902,163.856,158826.0
2023-04-06 21:00:00+00:00,163.917,164.377,163.521,164.098,112627.0
2023-04-09 21:00:00+00:00,164.184,165.5,163.816,165.466,151865.0
2023-04-10 21:00:00+00:00,165.452,166.2,165.194,166.12,169365.0
2023-04-11 21:00:00+00:00,166.149,166.604,165.388,166.24,196669.0
2023-04-12 21:00:00+00:00,166.209,166.86,165.408,166.024,180122.0
2023-04-13 21:00:00+00:00,166.004,166.236,165.412,166.058,192912.0
2023-04-16 21:00:00+00:00,166.14,166.635,165.695,166.454,169363.0
2023-04-17 21:00:00+00:00,166.376,167.014,166.166,166.62,165643.0
2023-04-18 21:00:00+00:00,166.66,167.978,166.49,167.591,177965.0
2023-04-19 21:00:00+00:00,167.61,167.708,166.846,167.046,169296.0
2023-04-20 21:00:00+00:00,167.005,167.094,165.516,166.886,172645.0
2023-04-23 21:00:00+00:00,166.815,167.725,166.544,167.619,148404.0
2023-04-24 21:00:00+00:00,167.669,167.962,165.428,165.969,181404.0
2023-04-25 21:00:00+00:00,166.011,167.015,165.656,166.68,209538.0
2023-04-26 21:00:00+00:00,166.552,167.508,166.318,167.43,189138.0
2023-04-27 21:00:00+00:00,167.165,171.176,166.474,171.139,266435.0
2023-04-30 21:00:00+00:00,171.03,172.102,170.995,171.788,167698.0
2023-05-01 21:00:00+00:00,171.85,172.334,169.954,170.294,204022.0
2023-05-02 21:00:00+00:00,170.195,170.388,169.15,169.32,218687.0
2023-05-03 21:00:00+00:00,169.2,169.544,168.06,168.826,261721.0
2023-05-04 21:00:00+00:00,168.821,170.62,168.678,170.298,170731.0
2023-05-07 21:00:00+00:00,170.44,171.073,170.183,170.498,135577.0
2023-05-08 21:00:00+00:00,170.481,170.715,169.858,170.67,175193.0
2023-05-09 21:00:00+00:00,170.629,171.182,169.108,169.678,187559.0
2023-05-10 21:00:00+00:00,169.559,169.76,167.842,168.373,205273.0
2023-05-11 21:00:00+00:00,168.318,169.138,168.195,168.968,158200.0
2023-05-14 21:00:00+00:00,169.024,170.626,168.913,170.515,150009.0
2023-05-15 21:00:00+00:00,170.475,170.842,169.402,170.271,161126.0
2023-05-16 21:00:00+00:00,170.3,172.012,170.114,171.932,167377.0
2023-05-17 21:00:00+00:00,171.903,172.164,171.194,172.111,176158.0
2023-05-18 21:00:00+00:00,172.116,172.508,171.248,171.697,194524.0
2023-05-21 21:00:00+00:00,171.738,172.582,171.202,172.368,174065.0
2023-05-22 21:00:00+00:00,172.397,172.626,171.292,172.064,198380.0
2023-05-23 21:00:00+00:00,172.046,172.799,171.234,172.453,208700.0
2023-05-24 21:00:00+00:00,172.38,172.785,171.696,172.559,209159.0
2023-05-25 21:00:00+00:00,172.623,173.74,172.212,173.632,191199.0
2023-05-28 21:00:00+00:00,173.556,173.984,172.952,173.51,91302.0
2023-05-29 21:00:00+00:00,173.516,174.282,172.998,173.512,190848.0
2023-05-30 21:00:00+00:00,173.497,173.652,172.53,173.38,200369.0
2023-05-31 21:00:00+00:00,173.328,174.194,172.97,173.877,189783.0
2023-06-01 21:00:00+00:00,173.928,174.682,173.752,174.269,172028.0
2023-06-04 21:00:00+00:00,174.4,174.413,172.854,173.536,161846.0
2023-06-05 21:00:00+00:00,173.577,173.78,172.681,173.484,155376.0
2023-06-06 21:00:00+00:00,173.581,174.438,172.673,174.346,163916.0
2023-06-07 21:00:00+00:00,174.237,174.522,173.912,174.482,161431.0
2023-06-08 21:00:00+00:00,174.398,175.548,174.306,175.351,153263.0
2023-06-11 21:00:00+00:00,175.167,175.769,174.354,174.694,144394.0
2023-06-12 21:00:00+00:00,174.694,176.865,174.465,176.85,182774.0
2023-06-13 21:00:00+00:00,176.877,177.413,176.447,177.382,185283.0
2023-06-14 21:00:00+00:00,177.387,179.404,177.267,179.316,217841.0
2023-06-15 21:00:00+00:00,179.304,182.047,178.83,181.936,219427.0
2023-06-18 21:00:00+00:00,181.746,182.132,181.224,181.621,112220.0
2023-06-19 21:00:00+00:00,181.583,182.095,179.928,180.529,186182.0
2023-06-20 21:00:00+00:00,180.514,181.612,179.926,181.163,221477.0
2023-06-21 21:00:00+00:00,181.122,182.564,180.712,182.438,203662.0
2023-06-22 21:00:00+00:00,182.336,182.948,181.26,182.74,230068.0
2023-06-25 21:00:00+00:00,182.435,182.998,181.69,182.426,202705.0
2023-06-26 21:00:00+00:00,182.477,183.767,182.24,183.676,206816.0
2023-06-27 21:00:00+00:00,183.688,183.71,182.15,182.576,205669.0
2023-06-28 21:00:00+00:00,182.558,182.884,182.219,182.61,202709.0
2023-06-29 21:00:00+00:00,182.596,183.88,182.206,183.268,197952.0
2023-07-02 21:00:00+00:00,183.296,183.76,183.102,183.624,169393.0
2023-07-03 21:00:00+00:00,183.59,183.915,183.238,183.66,100894.0
2023-07-04 21:00:00+00:00,183.67,184.02,183.158,183.77,159271.0
2023-07-05 21:00:00+00:00,183.648,184.011,182.504,183.526,215370.0
2023-07-06 21:00:00+00:00,183.496,183.6,182.018,182.505,198237.0
2023-07-09 21:00:00+00:00,182.514,183.224,181.104,181.74,178042.0
2023-07-10 21:00:00+00:00,181.735,182.004,180.793,181.499,180994.0
2023-07-11 21:00:00+00:00,181.51,181.555,179.47,179.91,210500.0
2023-07-12 21:00:00+00:00,179.824,181.469,179.497,181.348,203047.0
2023-07-13 21:00:00+00:00,181.262,182.302,180.202,181.728,204528.0
2023-07-16 21:00:00+00:00,181.728,182.15,180.578,181.352,166352.0
2023-07-17 21:00:00+00:00,181.42,181.85,180.37,180.956,208335.0
2023-07-18 21:00:00+00:00,181.051,181.649,179.828,180.75,213597.0
2023-07-19 21:00:00+00:00,180.665,180.719,179.742,180.252,192946.0
2023-07-20 21:00:00+00:00,180.257,182.532,179.918,182.313,198014.0
2023-07-23 21:00:00+00:00,182.114,182.348,180.761,181.426,199992.0
2023-07-24 21:00:00+00:00,181.424,182.016,181.154,181.811,179056.0
2023-07-25 21:00:00+00:00,181.818,182.04,180.912,181.506,203361.0
2023-07-26 21:00:00+00:00,181.434,181.928,177.42,178.462,256470.0
2023-07-27 21:00:00+00:00,178.432,181.498,176.319,181.393,294095.0
2023-07-30 21:00:00+00:00,181.162,183.193,180.879,182.613,224539.0
2023-07-31 21:00:00+00:00,182.678,183.254,182.586,183.136,202077.0
2023-08-01 21:00:00+00:00,183.1,183.135,181.756,182.187,244347.0
2023-08-02 21:00:00+00:00,182.24,182.768,180.46,181.14,254907.0
2023-08-03 21:00:00+00:00,181.248,181.746,180.666,180.756,234245.0
2023-08-06 21:00:00+00:00,180.726,182.194,180.585,182.146,205210.0
2023-08-07 21:00:00+00:00,182.189,182.962,181.388,182.792,251779.0
2023-08-08 21:00:00+00:00,182.639,183.022,182.368,182.828,220580.0
2023-08-09 21:00:00+00:00,182.842,184.251,182.686,183.486,237026.0
2023-08-10 21:00:00+00:00,183.515,184.248,183.422,184.03,225237.0
2023-08-13 21:00:00+00:00,184.016,184.772,183.464,184.655,228604.0
2023-08-14 21:00:00+00:00,184.74,185.329,184.353,184.932,245385.0
2023-08-15 21:00:00+00:00,184.964,186.329,184.698,186.328,233505.0
2023-08-16 21:00:00+00:00,186.284,186.474,185.572,185.898,236945.0
2023-08-17 21:00:00+00:00,185.862,185.94,184.56,185.205,168949.0
2023-08-20 21:00:00+00:00,185.085,186.663,184.889,186.552,158306.0
2023-08-21 21:00:00+00:00,186.476,186.771,185.536,185.752,148853.0
2023-08-22 21:00:00+00:00,185.721,185.946,183.376,184.296,180667.0
2023-08-23 21:00:00+00:00,184.251,184.776,183.606,183.743,158253.0
2023-08-24 21:00:00+00:00,183.836,184.411,183.357,184.177,167944.0
2023-08-27 21:00:00+00:00,184.322,184.708,184.184,184.674,120966.0
2023-08-28 21:00:00+00:00,184.619,185.267,184.071,184.434,184976.0
2023-08-29 21:00:00+00:00,184.457,186.062,184.312,186.046,192646.0
2023-08-30 21:00:00+00:00,186.026,186.026,184.083,184.421,192851.0
2023-08-31 21:00:00+00:00,184.368,184.56,183.541,184.072,195245.0
2023-09-03 21:00:00+00:00,184.023,185.087,183.845,184.998,95810.0
2023-09-04 21:00:00+00:00,184.832,185.78,184.075,185.612,175976.0
2023-09-05 21:00:00+00:00,185.602,185.645,184.258,184.698,176478.0
2023-09-06 21:00:00+00:00,184.612,184.772,183.376,183.697,162685.0
2023-09-07 21:00:00+00:00,183.702,184.466,183.07,184.196,145644.0
2023-09-10 21:00:00+00:00,183.432,183.914,182.684,183.37,172613.0
2023-09-11 21:00:00+00:00,183.427,183.954,182.949,183.752,155893.0
2023-09-12 21:00:00+00:00,183.719,184.392,183.196,184.202,187288.0
2023-09-13 21:00:00+00:00,184.096,184.112,182.519,183.002,192312.0
2023-09-14 21:00:00+00:00,182.99,183.918,182.776,183.086,175803.0
2023-09-17 21:00:00+00:00,183.016,183.348,182.725,182.822,128831.0
2023-09-18 21:00:00+00:00,182.837,183.493,182.723,183.262,139433.0
2023-09-19 21:00:00+00:00,183.175,183.35,182.464,183.118,188540.0
2023-09-20 21:00:00+00:00,183.074,183.125,180.814,181.432,192273.0
2023-09-21 21:00:00+00:00,181.505,182.31,181.21,181.602,177702.0
2023-09-24 21:00:00+00:00,181.61,181.958,181.41,181.814,154862.0
2023-09-25 21:00:00+00:00,181.861,181.861,181.05,181.222,158067.0
2023-09-26 21:00:00+00:00,181.281,181.678,180.888,181.597,174573.0
2023-09-27 21:00:00+00:00,181.509,182.428,181.06,182.212,185470.0
2023-09-28 21:00:00+00:00,182.136,183.022,181.892,182.288,194164.0
2023-10-01 21:00:00+00:00,182.427,182.821,181.126,181.142,160453.0
2023-10-02 21:00:00+00:00,181.172,181.38,178.086,180.052,189011.0
2023-10-03 21:00:00+00:00,179.928,181.264,179.568,180.996,164955.0
2023-10-04 21:00:00+00:00,180.952,181.082,180.296,181.066,181404.0
2023-10-05 21:00:00+00:00,180.947,182.982,180.845,182.73,206273.0
2023-10-08 21:00:00+00:00,181.982,182.319,181.256,181.756,155301.0
2023-10-09 21:00:00+00:00,181.722,182.788,181.548,182.705,189026.0
2023-10-10 21:00:00+00:00,182.615,183.752,182.488,183.662,192064.0
2023-10-11 21:00:00+00:00,183.61,183.82,182.336,182.4,186304.0
2023-10-12 21:00:00+00:00,182.449,182.95,181.272,181.643,186796.0
2023-10-15 21:00:00+00:00,181.352,182.74,181.342,182.668,150984.0
2023-10-16 21:00:00+00:00,182.616,182.808,181.074,182.506,171643.0
2023-10-17 21:00:00+00:00,182.566,182.813,181.85,182.03,170417.0
2023-10-18 21:00:00+00:00,181.954,182.525,181.176,181.886,194791.0
2023-10-19 21:00:00+00:00,181.852,182.374,181.299,182.307,165331.0
2023-10-22 21:00:00+00:00,182.24,183.434,182.088,183.347,153103.0
2023-10-23 21:00:00+00:00,183.26,183.758,182.056,182.296,165984.0
2023-10-24 21:00:00+00:00,182.331,182.454,181.634,181.94,152284.0
2023-10-25 21:00:00+00:00,181.91,182.585,181.176,182.406,183289.0
2023-10-26 21:00:00+00:00,182.468,182.51,181.048,181.388,169595.0
2023-10-29 21:00:00+00:00,181.271,181.881,180.77,181.406,145294.0
2023-10-30 21:00:00+00:00,181.408,184.296,181.296,184.291,186798.0
2023-10-31 21:00:00+00:00,184.23,184.32,182.946,183.427,192220.0
2023-11-01 21:00:00+00:00,183.344,183.732,182.744,183.643,177400.0
2023-11-02 21:00:00+00:00,183.691,185.02,183.232,184.953,167679.0
2023-11-05 22:00:00+00:00,184.828,185.966,184.754,185.246,134292.0
2023-11-06 22:00:00+00:00,185.268,185.466,184.652,185.004,148859.0
2023-11-07 22:00:00+00:00,184.928,185.674,184.552,185.476,155054.0
2023-11-08 22:00:00+00:00,185.468,185.896,184.846,184.978,176476.0
2023-11-09 22:00:00+00:00,185.016,185.343,184.642,185.27,150509.0
2023-11-12 22:00:00+00:00,185.271,186.322,185.113,186.303,128223.0
2023-11-13 22:00:00+00:00,186.193,188.29,186.092,187.948,163671.0
2023-11-14 22:00:00+00:00,187.894,188.238,187.203,187.97,177690.0
2023-11-15 22:00:00+00:00,187.976,187.98,186.829,187.146,161151.0
2023-11-16 22:00:00+00:00,187.006,187.162,185.322,186.48,169796.0
2023-11-19 22:00:00+00:00,186.4,186.792,184.635,185.551,180021.0
2023-11-20 22:00:00+00:00,185.557,186.096,184.465,186.056,158857.0
2023-11-21 22:00:00+00:00,186.026,187.026,185.638,186.839,155307.0
2023-11-22 22:00:00+00:00,186.797,187.672,186.29,187.498,91377.0
2023-11-23 22:00:00+00:00,187.412,188.666,187.106,188.383,127761.0
2023-11-26 22:00:00+00:00,188.329,188.53,187.608,187.75,151041.0
2023-11-27 22:00:00+00:00,187.745,187.878,187.056,187.24,175633.0
2023-11-28 22:00:00+00:00,187.23,187.541,186.629,186.912,199544.0
2023-11-29 22:00:00+00:00,186.908,187.568,186.236,187.118,188668.0
2023-11-30 22:00:00+00:00,187.024,187.523,186.193,186.599,188214.0
2023-12-03 22:00:00+00:00,186.316,186.57,185.078,185.986,196518.0
2023-12-04 22:00:00+00:00,185.889,186.196,185.064,185.349,176718.0
2023-12-05 22:00:00+00:00,185.388,185.813,184.993,185.036,149891.0
2023-12-06 22:00:00+00:00,184.956,184.996,178.604,181.54,239275.0
2023-12-07 22:00:00+00:00,181.454,182.052,179.555,181.93,273217.0
2023-12-10 22:00:00+00:00,181.758,184.328,181.667,183.53,173707.0
2023-12-11 22:00:00+00:00,183.504,183.57,182.275,182.766,172462.0
2023-12-12 22:00:00+00:00,182.884,183.156,180.194,180.31,205520.0
2023-12-13 22:00:00+00:00,180.282,181.219,178.34,181.108,294363.0
2023-12-14 22:00:00+00:00,181.15,181.738,179.821,180.244,224675.0
2023-12-17 22:00:00+00:00,180.262,181.184,179.985,180.609,162787.0
2023-12-18 22:00:00+00:00,180.516,184.181,180.048,183.143,203740.0
2023-12-19 22:00:00+00:00,183.058,183.34,181.272,181.472,217667.0
2023-12-20 22:00:00+00:00,181.3,181.573,179.787,180.35,234036.0
2023-12-21 22:00:00+00:00,180.424,181.335,179.948,180.832,213834.0
2023-12-25 22:00:00+00:00,180.668,181.302,180.514,181.166,92384.0
2023-12-26 22:00:00+00:00,181.162,182.197,181.095,181.532,130747.0
2023-12-27 22:00:00+00:00,181.362,181.4,179.002,180.019,163169.0
2023-12-28 22:00:00+00:00,180.074,180.536,179.31,179.55,147817.0
2024-01-01 22:00:00+00:00,179.278,180.653,178.742,179.194,180306.0
2024-01-02 22:00:00+00:00,179.048,181.758,179.024,181.48,207426.0
2024-01-03 22:00:00+00:00,181.448,183.786,181.016,183.44,184268.0
2024-01-04 22:00:00+00:00,183.398,184.31,183.312,183.96,228062.0
2024-01-07 22:00:00+00:00,183.977,184.234,183.024,183.872,166506.0
2024-01-08 22:00:00+00:00,183.945,183.945,182.758,183.654,181250.0
2024-01-09 22:00:00+00:00,183.581,185.752,183.42,185.747,159102.0
2024-01-10 22:00:00+00:00,185.534,186.168,185.187,185.444,229414.0
2024-01-11 22:00:00+00:00,185.382,185.662,184.478,184.788,209058.0
2024-01-14 22:00:00+00:00,184.79,185.758,184.673,185.548,134796.0
2024-01-15 22:00:00+00:00,185.546,186.188,184.978,185.967,234678.0
2024-01-16 22:00:00+00:00,185.995,188.128,185.859,187.864,244514.0
2024-01-17 22:00:00+00:00,187.808,188.262,187.322,188.258,227484.0
2024-01-18 22:00:00+00:00,188.234,188.938,187.412,188.238,197167.0
2024-01-21 22:00:00+00:00,188.169,188.394,187.764,188.255,185468.0
2024-01-22 22:00:00+00:00,188.208,188.923,187.353,188.24,183262.0
2024-01-23 22:00:00+00:00,188.138,188.48,187.126,187.704,200957.0
2024-01-24 22:00:00+00:00,187.633,188.195,187.16,187.65,189221.0
2024-01-25 22:00:00+00:00,187.596,188.566,187.34,188.172,172528.0
2024-01-28 22:00:00+00:00,188.061,188.298,187.12,187.478,150836.0
2024-01-29 22:00:00+00:00,187.378,187.515,186.516,187.459,164570.0
2024-01-30 22:00:00+00:00,187.377,187.628,185.964,186.459,251320.0
2024-01-31 22:00:00+00:00,186.354,186.666,185.229,186.58,226967.0
2024-02-01 22:00:00+00:00,186.564,187.737,186.442,187.442,190973.0
2024-02-04 22:00:00+00:00,187.452,187.682,186.176,186.394,170573.0
2024-02-05 22:00:00+00:00,186.395,186.783,186.186,186.388,166790.0
2024-02-06 22:00:00+00:00,186.376,187.266,186.187,187.12,170664.0
2024-02-07 22:00:00+00:00,187.03,188.489,186.873,188.424,176005.0
2024-02-08 22:00:00+00:00,188.486,188.869,188.241,188.542,157039.0
2024-02-11 22:00:00+00:00,188.494,188.722,187.859,188.614,132394.0
2024-02-12 22:00:00+00:00,188.612,190.084,188.443,189.888,181509.0
2024-02-13 22:00:00+00:00,189.858,189.904,188.759,189.241,183604.0
2024-02-14 22:00:00+00:00,189.15,189.226,187.99,188.92,178484.0
2024-02-15 22:00:00+00:00,188.858,189.52,188.816,189.258,171090.0
2024-02-18 22:00:00+00:00,189.296,189.4,188.908,189.119,110162.0
2024-02-19 22:00:00+00:00,189.086,189.726,189.041,189.338,183108.0
2024-02-20 22:00:00+00:00,189.302,189.94,189.156,189.934,172018.0
2024-02-21 22:00:00+00:00,189.918,190.842,189.855,190.589,184046.0
2024-02-22 22:00:00+00:00,190.564,191.148,190.406,190.74,160557.0
2024-02-25 22:00:00+00:00,190.702,191.326,190.339,191.19,157534.0
2024-02-26 22:00:00+00:00,191.077,191.201,190.372,190.944,173302.0
2024-02-27 22:00:00+00:00,190.94,190.972,190.27,190.818,181681.0
2024-02-28 22:00:00+00:00,190.718,190.81,189.045,189.352,211331.0
2024-02-29 22:00:00+00:00,189.32,190.402,189.302,189.962,182618.0
2024-03-03 22:00:00+00:00,189.936,191.194,189.784,191.035,150633.0
2024-03-04 22:00:00+00:00,191.052,191.093,190.31,190.661,169871.0
2024-03-05 22:00:00+00:00,190.626,190.69,189.86,190.233,186036.0
2024-03-06 22:00:00+00:00,190.157,190.206,188.244,189.604,220807.0
2024-03-07 22:00:00+00:00,189.618,189.72,188.39,189.092,217092.0
2024-03-10 21:00:00+00:00,189.138,189.26,187.963,188.288,166467.0
2024-03-11 21:00:00+00:00,188.19,189.204,187.983,188.908,186342.0
2024-03-12 21:00:00+00:00,188.82,189.549,188.416,189.091,159560.0
2024-03-13 21:00:00+00:00,189.129,189.522,188.596,189.156,174173.0
2024-03-14 21:00:00+00:00,189.124,190.027,188.592,189.838,165992.0
2024-03-17 21:00:00+00:00,189.697,190.162,189.54,189.86,132812.0
2024-03-18 21:00:00+00:00,189.878,192.168,189.622,191.903,178419.0
2024-03-19 21:00:00+00:00,191.906,193.538,191.817,193.389,183991.0
2024-03-20 21:00:00+00:00,193.406,193.51,191.851,191.925,216199.0
2024-03-21 21:00:00+00:00,191.979,192.242,190.394,190.813,170018.0
2024-03-24 21:00:00+00:00,190.745,191.568,190.344,191.343,129870.0
2024-03-25 21:00:00+00:00,191.37,191.679,191.103,191.384,124261.0
2024-03-26 21:00:00+00:00,191.328,191.534,190.507,191.16,133762.0
2024-03-27 21:00:00+00:00,191.09,191.325,190.567,191.044,131788.0
2024-03-28 21:00:00+00:00,191.059,191.228,190.782,191.026,78596.0
2024-03-31 21:00:00+00:00,191.03,191.354,190.182,190.345,101305.0
2024-04-01 21:00:00+00:00,190.416,190.722,190.046,190.626,133097.0
2024-04-02 21:00:00+00:00,190.629,191.944,190.426,191.938,141912.0
2024-04-03 21:00:00+00:00,191.824,192.252,191.02,191.348,123952.0
2024-04-04 21:00:00+00:00,191.298,191.637,190.679,191.631,167764.0
2024-04-07 21:00:00+00:00,191.488,192.192,191.377,192.17,142183.0
2024-04-08 21:00:00+00:00,192.136,192.856,192.066,192.413,125634.0
2024-04-09 21:00:00+00:00,192.428,192.978,191.473,192.056,169084.0
2024-04-10 21:00:00+00:00,192.037,192.588,191.566,192.406,187290.0
2024-04-11 21:00:00+00:00,192.416,192.416,189.994,190.842,175402.0
2024-04-14 21:00:00+00:00,190.838,192.717,190.42,192.01,192973.0
2024-04-15 21:00:00+00:00,192.002,192.814,191.648,192.278,205679.0
2024-04-16 21:00:00+00:00,192.336,192.844,191.684,192.298,181884.0
2024-04-17 21:00:00+00:00,192.252,192.782,191.91,192.336,155519.0
2024-04-18 21:00:00+00:00,192.36,192.732,190.306,191.29,229536.0
2024-04-21 21:00:00+00:00,191.29,191.702,190.32,191.219,141670.0
2024-04-22 21:00:00+00:00,191.198,192.852,190.832,192.776,147290.0
2024-04-23 21:00:00+00:00,192.718,193.643,192.418,193.625,142231.0
2024-04-24 21:00:00+00:00,193.446,194.95,193.335,194.768,172429.0
2024-04-25 21:00:00+00:00,194.752,197.936,193.972,197.844,186671.0
2024-04-28 21:00:00+00:00,197.471,200.561,193.62,196.416,284463.0
2024-04-29 21:00:00+00:00,196.35,197.378,196.08,197.141,191087.0
2024-04-30 21:00:00+00:00,197.022,197.428,191.796,193.52,184211.0
2024-05-01 21:00:00+00:00,193.837,195.758,191.858,192.646,239665.0
2024-05-02 21:00:00+00:00,192.572,192.752,191.37,191.948,214932.0
2024-05-05 21:00:00+00:00,191.907,193.671,191.753,193.331,155439.0
2024-05-06 21:00:00+00:00,193.314,194.136,192.994,193.488,145454.0
2024-05-07 21:00:00+00:00,193.47,194.515,193.36,194.378,147231.0
2024-05-08 21:00:00+00:00,194.32,194.864,193.838,194.724,154203.0
2024-05-09 21:00:00+00:00,194.749,195.343,194.486,195.106,145406.0
2024-05-12 21:00:00+00:00,194.918,196.284,194.742,196.201,134966.0
2024-05-13 21:00:00+00:00,196.19,197.06,195.726,196.974,139763.0
2024-05-14 21:00:00+00:00,196.958,197.094,195.866,196.516,152427.0
2024-05-15 21:00:00+00:00,196.427,196.926,195.053,196.895,168646.0
2024-05-16 21:00:00+00:00,196.864,197.862,196.797,197.696,141241.0
2024-05-19 21:00:00+00:00,197.614,198.644,197.39,198.554,122711.0
2024-05-20 21:00:00+00:00,198.522,198.912,198.268,198.51,148286.0
2024-05-21 21:00:00+00:00,198.478,199.546,198.396,199.446,154180.0
2024-05-22 21:00:00+00:00,199.362,199.9,199.02,199.308,181265.0
2024-05-23 21:00:00+00:00,199.23,200.069,199.048,199.942,141430.0
2024-05-26 21:00:00+00:00,200.004,200.432,199.613,200.336,89456.0
2024-05-27 21:00:00+00:00,200.331,200.648,200.154,200.608,132525.0
2024-05-28 21:00:00+00:00,200.548,200.744,200.05,200.248,162870.0
2024-05-29 21:00:00+00:00,200.223,200.242,198.756,199.658,173102.0
2024-05-30 21:00:00+00:00,199.649,200.516,199.242,200.436,193828.0
2024-06-02 21:00:00+00:00,200.36,200.652,199.225,199.906,167189.0
2024-06-03 21:00:00+00:00,199.856,200.423,197.206,197.797,212496.0
2024-06-04 21:00:00+00:00,197.768,199.752,197.678,199.626,176903.0
2024-06-05 21:00:00+00:00,199.591,199.94,198.832,199.05,168245.0
2024-06-06 21:00:00+00:00,199.031,199.816,198.399,199.403,186228.0
2024-06-09 21:00:00+00:00,199.532,200.05,198.935,199.918,168537.0
2024-06-10 21:00:00+00:00,199.893,200.401,199.683,200.191,159488.0
2024-06-11 21:00:00+00:00,200.164,200.95,199.946,200.586,196386.0
2024-06-12 21:00:00+00:00,200.528,201.318,199.696,200.388,159563.0
2024-06-13 21:00:00+00:00,200.404,201.619,198.928,199.684,213589.0
2024-06-16 21:00:00+00:00,199.683,200.452,199.064,200.372,158183.0
2024-06-17 21:00:00+00:00,200.345,200.85,200.022,200.612,156017.0
2024-06-18 21:00:00+00:00,200.58,201.128,200.422,201.098,102354.0
2024-06-19 21:00:00+00:00,201.002,201.396,200.82,201.162,130790.0
2024-06-20 21:00:00+00:00,201.198,202.072,200.472,202.036,141682.0
2024-06-23 21:00:00+00:00,201.998,202.706,201.134,202.506,146872.0
2024-06-24 21:00:00+00:00,202.486,202.726,201.962,202.575,142713.0
2024-06-25 21:00:00+00:00,202.574,203.156,202.424,202.996,167380.0
2024-06-26 21:00:00+00:00,202.948,203.384,202.504,203.22,142959.0
2024-06-27 21:00:00+00:00,203.211,203.596,202.568,203.455,186066.0
2024-06-30 21:00:00+00:00,203.523,204.756,203.26,204.274,161635.0
2024-07-01 21:00:00+00:00,204.258,204.866,203.88,204.83,136423.0
2024-07-02 21:00:00+00:00,204.758,206.172,204.704,206.053,128250.0
2024-07-03 21:00:00+00:00,206.021,206.084,205.295,205.762,100780.0
2024-07-04 21:00:00+00:00,205.806,206.452,204.986,206.076,155074.0
2024-07-07 21:00:00+00:00,205.721,206.672,205.294,205.974,136952.0
2024-07-08 21:00:00+00:00,205.956,206.586,205.866,206.261,138412.0
2024-07-09 21:00:00+00:00,206.272,207.82,206.17,207.762,119144.0
2024-07-10 21:00:00+00:00,207.682,208.12,203.846,205.196,184690.0
2024-07-11 21:00:00+00:00,205.097,206.338,203.84,205.079,240863.0
2024-07-14 21:00:00+00:00,205.116,205.417,204.158,205.062,145693.0
2024-07-15 21:00:00+00:00,204.994,205.791,204.871,205.516,153894.0
2024-07-16 21:00:00+00:00,205.374,205.693,203.022,203.222,189387.0
2024-07-17 21:00:00+00:00,203.158,203.874,202.102,203.68,212541.0
2024-07-18 21:00:00+00:00,203.774,204.23,202.954,203.364,168936.0
2024-07-21 21:00:00+00:00,203.241,203.616,201.892,203.124,176001.0
2024-07-22 21:00:00+00:00,203.039,203.162,200.748,200.844,176863.0
2024-07-23 21:00:00+00:00,200.8,201.186,197.782,198.631,202065.0
2024-07-24 21:00:00+00:00,198.632,198.812,195.863,197.771,289301.0
2024-07-25 21:00:00+00:00,197.85,199.144,196.888,197.854,211848.0
2024-07-28 21:00:00+00:00,197.806,198.62,196.788,198.104,220779.0
2024-07-29 21:00:00+00:00,198.019,199.48,195.957,196.084,202344.0
2024-07-30 21:00:00+00:00,196.108,197.618,192.179,192.804,367917.0
2024-07-31 21:00:00+00:00,192.786,193.26,190.178,190.248,332826.0
2024-08-01 21:00:00+00:00,190.269,190.52,187.388,187.63,360711.0
2024-08-04 21:00:00+00:00,187.62,187.747,180.102,184.222,497531.0
2024-08-05 21:00:00+00:00,184.16,187.101,182.81,183.176,398659.0
2024-08-06 21:00:00+00:00,183.124,188.086,183.09,186.227,370296.0
2024-08-07 21:00:00+00:00,186.12,187.888,184.482,187.768,338851.0
2024-08-08 21:00:00+00:00,187.689,188.427,186.476,187.065,304433.0
2024-08-11 21:00:00+00:00,186.973,189.335,186.973,187.914,203249.0
2024-08-12 21:00:00+00:00,187.965,189.52,187.586,188.902,224340.0
2024-08-13 21:00:00+00:00,188.882,189.442,187.868,188.956,233502.0
2024-08-14 21:00:00+00:00,188.933,192.022,188.755,191.887,177739.0
2024-08-15 21:00:00+00:00,191.94,192.012,190.374,191.075,168075.0
2024-08-18 21:00:00+00:00,190.977,191.633,188.238,190.454,220175.0
2024-08-19 21:00:00+00:00,190.443,191.272,189.232,189.34,249198.0
2024-08-20 21:00:00+00:00,189.329,191.492,188.939,190.193,286051.0
2024-08-21 21:00:00+00:00,190.184,191.947,189.642,191.517,229841.0
2024-08-22 21:00:00+00:00,191.418,192.036,190.276,190.805,268054.0
2024-08-25 21:00:00+00:00,190.638,190.794,189.504,190.592,238873.0
2024-08-26 21:00:00+00:00,190.642,191.928,190.242,190.904,227777.0
2024-08-27 21:00:00+00:00,190.846,191.457,190.358,190.734,237481.0
2024-08-28 21:00:00+00:00,190.676,191.546,190.253,190.94,247618.0
2024-08-29 21:00:00+00:00,190.914,192.022,190.491,191.908,214476.0
2024-09-01 21:00:00+00:00,191.868,193.49,191.334,193.152,135786.0
2024-09-02 21:00:00+00:00,193.058,193.368,190.322,190.791,250566.0
2024-09-03 21:00:00+00:00,190.822,190.886,188.941,188.995,257233.0
2024-09-04 21:00:00+00:00,188.914,189.786,188.069,189.079,270504.0
2024-09-05 21:00:00+00:00,189.044,189.538,186.516,186.854,323630.0
2024-09-08 21:00:00+00:00,186.808,188.132,186.425,187.168,244576.0
2024-09-09 21:00:00+00:00,187.184,188.099,185.728,186.336,238670.0
2024-09-10 21:00:00+00:00,186.275,186.374,183.721,185.68,300365.0
2024-09-11 21:00:00+00:00,185.673,186.736,185.288,186.158,311657.0
2024-09-12 21:00:00+00:00,186.155,186.213,184.368,184.834,283882.0
2024-09-15 21:00:00+00:00,184.772,186.045,183.771,185.844,217551.0
2024-09-16 21:00:00+00:00,185.838,187.456,185.291,187.41,256461.0
2024-09-17 21:00:00+00:00,187.388,188.058,185.826,187.988,318702.0
2024-09-18 21:00:00+00:00,187.945,190.396,187.434,189.466,367283.0
2024-09-19 21:00:00+00:00,189.441,191.996,188.704,191.729,335023.0
2024-09-22 21:00:00+00:00,191.683,192.446,190.134,191.687,291419.0
2024-09-23 21:00:00+00:00,191.585,193.326,191.345,192.11,259615.0
2024-09-24 21:00:00+00:00,192.094,193.271,191.76,192.86,265358.0
2024-09-25 21:00:00+00:00,192.81,194.362,192.51,194.269,292011.0
2024-09-26 21:00:00+00:00,194.306,195.974,190.006,190.2,354908.0
2024-09-29 21:00:00+00:00,190.154,192.319,189.565,192.118,336410.0
2024-09-30 21:00:00+00:00,192.092,193.366,189.858,190.75,349082.0
2024-10-01 21:00:00+00:00,190.769,194.426,190.417,194.333,301926.0
2024-10-02 21:00:00+00:00,194.212,195.184,192.135,192.858,330517.0
2024-10-03 21:00:00+00:00,192.778,195.532,191.734,195.19,303856.0
2024-10-06 21:00:00+00:00,195.184,195.629,193.35,193.87,312322.0
2024-10-07 21:00:00+00:00,193.866,194.378,192.888,194.195,290439.0
2024-10-08 21:00:00+00:00,194.189,195.256,193.595,195.2,236309.0
2024-10-09 21:00:00+00:00,195.072,195.506,193.578,194.036,310078.0
2024-10-10 21:00:00+00:00,193.954,195.24,193.868,194.896,218472.0
2024-10-13 21:00:00+00:00,194.822,195.718,194.634,195.582,185825.0
2024-10-14 21:00:00+00:00,195.584,195.736,194.646,195.092,254473.0
2024-10-15 21:00:00+00:00,195.11,195.306,193.704,194.383,243054.0
2024-10-16 21:00:00+00:00,194.284,195.598,193.832,195.462,257486.0
2024-10-17 21:00:00+00:00,195.414,196.052,194.76,195.15,237941.0
2024-10-20 21:00:00+00:00,195.048,195.894,194.57,195.837,269837.0
2024-10-21 21:00:00+00:00,195.786,196.522,195.105,196.198,263780.0
2024-10-22 21:00:00+00:00,196.077,198.442,196.02,197.381,332939.0
2024-10-23 21:00:00+00:00,197.337,197.638,196.432,197.028,342269.0
2024-10-24 21:00:00+00:00,197.031,197.788,196.395,197.42,325286.0
2024-10-27 21:00:00+00:00,198.621,199.359,197.805,198.842,305244.0
2024-10-28 21:00:00+00:00,198.885,199.718,198.042,199.634,344336.0
2024-10-29 21:00:00+00:00,199.632,199.811,198.208,198.862,350208.0
2024-10-30 21:00:00+00:00,198.878,198.916,195.376,196.118,403471.0
2024-10-31 21:00:00+00:00,196.12,198.387,195.779,197.628,370528.0
2024-11-03 22:00:00+00:00,197.613,197.888,196.502,197.12,377072.0
2024-11-04 22:00:00+00:00,197.13,197.878,197.011,197.738,329874.0
2024-11-05 22:00:00+00:00,197.668,199.53,197.334,199.152,621491.0
2024-11-06 22:00:00+00:00,199.104,199.564,198.328,198.584,425921.0
2024-11-07 22:00:00+00:00,198.608,198.927,196.748,197.194,366331.0
2024-11-10 22:00:00+00:00,197.194,198.469,197.076,197.843,285812.0
2024-11-11 22:00:00+00:00,197.841,198.063,196.886,197.121,375202.0
2024-11-12 22:00:00+00:00,197.134,197.818,196.66,197.582,362785.0
2024-11-13 22:00:00+00:00,197.568,198.245,197.079,197.955,371626.0
2024-11-14 22:00:00+00:00,197.936,198.453,194.296,194.808,399280.0
2024-11-17 22:00:00+00:00,194.808,196.159,194.364,196.11,364574.0
2024-11-18 22:00:00+00:00,196.08,196.218,193.564,196.137,387123.0
2024-11-19 22:00:00+00:00,196.112,197.79,195.961,196.668,335966.0
2024-11-20 22:00:00+00:00,196.688,196.706,194.372,194.57,394351.0
2024-11-21 22:00:00+00:00,194.59,194.812,192.852,193.966,397007.0
2024-11-24 22:00:00+00:00,194.228,194.632,193.272,193.781,380936.0
2024-11-25 22:00:00+00:00,193.871,193.894,192.046,192.45,385787.0
2024-11-26 22:00:00+00:00,192.485,192.634,190.678,191.618,330139.0
2024-11-27 22:00:00+00:00,191.591,192.479,191.378,192.284,220540.0
2024-11-28 22:00:00+00:00,192.281,192.316,190.157,190.695,372575.0
2024-12-01 22:00:00+00:00,190.458,191.294,188.478,189.308,382816.0
2024-12-02 22:00:00+00:00,189.308,190.382,188.088,189.582,324140.0
2024-12-03 22:00:00+00:00,189.594,191.534,189.36,191.3,343024.0
2024-12-04 22:00:00+00:00,191.301,192.221,190.343,191.544,295809.0
2024-12-05 22:00:00+00:00,191.544,192.378,190.726,191.208,293442.0
2024-12-08 22:00:00+00:00,191.142,193.416,190.607,192.816,254499.0
2024-12-09 22:00:00+00:00,192.782,194.117,192.458,194.092,276798.0
2024-12-10 22:00:00+00:00,194.029,194.834,192.524,194.406,304449.0
2024-12-11 22:00:00+00:00,194.4,195.004,192.933,193.462,307895.0
2024-12-12 22:00:00+00:00,193.448,194.466,192.86,193.914,264519.0
2024-12-15 22:00:00+00:00,193.87,195.888,193.66,195.516,211337.0
2024-12-16 22:00:00+00:00,195.471,195.904,194.659,195.142,271756.0
2024-12-17 22:00:00+00:00,195.136,195.774,194.082,194.67,282482.0
2024-12-18 22:00:00+00:00,194.628,198.958,194.072,196.826,361668.0
2024-12-19 22:00:00+00:00,196.8,197.309,195.756,196.578,334548.0
2024-12-22 22:00:00+00:00,196.454,197.083,196.42,197.008,254378.0
2024-12-23 22:00:00+00:00,196.904,197.638,196.614,196.961,170414.0
2024-12-25 22:00:00+00:00,197.263,198.016,197.026,197.962,140040.0
2024-12-26 22:00:00+00:00,197.804,198.718,197.214,198.562,252833.0
2024-12-29 22:00:00+00:00,198.47,198.96,196.327,196.88,256436.0
2024-12-30 22:00:00+00:00,196.872,197.198,195.74,196.695,261679.0
2025-01-01 22:00:00+00:00,196.822,197.526,194.197,195.06,303418.0
2025-01-02 22:00:00+00:00,194.959,195.543,194.644,195.418,239628.0
2025-01-05 22:00:00+00:00,195.402,197.418,195.186,197.38,313985.0
2025-01-06 22:00:00+00:00,197.282,198.257,196.877,197.24,294864.0
2025-01-07 22:00:00+00:00,197.183,197.556,195.128,195.79,301483.0
2025-01-08 22:00:00+00:00,195.753,195.82,193.481,194.59,246668.0
2025-01-09 22:00:00+00:00,194.619,194.779,192.207,192.566,329125.0
2025-01-12 22:00:00+00:00,192.598,192.761,190.08,192.178,314286.0
2025-01-13 22:00:00+00:00,192.2,193.014,191.49,192.976,326263.0
2025-01-14 22:00:00+00:00,192.98,193.033,191.102,191.575,297759.0
2025-01-15 22:00:00+00:00,191.483,191.547,189.778,189.848,318756.0
2025-01-16 22:00:00+00:00,189.927,190.613,189.334,190.178,282471.0
2025-01-19 22:00:00+00:00,190.262,192.018,189.892,191.882,295117.0
2025-01-20 22:00:00+00:00,191.777,192.206,190.482,192.118,347839.0
2025-01-21 22:00:00+00:00,192.065,193.012,191.704,192.784,292042.0
2025-01-22 22:00:00+00:00,192.778,193.012,192.284,192.782,274826.0
2025-01-23 22:00:00+00:00,192.786,194.762,192.072,194.706,298319.0
2025-01-26 22:00:00+00:00,194.226,194.654,192.158,193.144,346200.0
2025-01-27 22:00:00+00:00,193.078,194.029,192.718,193.53,300628.0
2025-01-28 22:00:00+00:00,193.529,193.764,192.491,193.294,314559.0
2025-01-29 22:00:00+00:00,193.174,193.302,191.448,191.58,322518.0
2025-01-30 22:00:00+00:00,191.491,193.036,191.19,192.338,323191.0
2025-02-02 22:00:00+00:00,190.712,192.85,190.027,192.677,433861.0
2025-02-03 22:00:00+00:00,192.608,193.178,191.784,192.654,341794.0
2025-02-04 22:00:00+00:00,192.588,192.776,190.292,190.796,304757.0
2025-02-05 22:00:00+00:00,190.812,190.97,188.076,188.346,298309.0
2025-02-06 22:00:00+00:00,188.372,189.581,187.054,187.768,331519.0
2025-02-09 22:00:00+00:00,187.338,189.152,187.13,187.977,280439.0
2025-02-10 22:00:00+00:00,187.996,189.922,187.25,189.81,266023.0
2025-02-11 22:00:00+00:00,189.704,192.684,189.636,192.147,302138.0
2025-02-12 22:00:00+00:00,192.084,193.06,191.178,192.026,331381.0
2025-02-13 22:00:00+00:00,192.018,192.508,191.479,191.714,244980.0
2025-02-16 22:00:00+00:00,191.692,191.754,190.636,191.284,232804.0
2025-02-17 22:00:00+00:00,191.222,191.952,190.843,191.816,255816.0
2025-02-18 22:00:00+00:00,191.813,192.191,190.456,190.632,264426.0
2025-02-19 22:00:00+00:00,190.548,190.634,188.69,189.566,313225.0
2025-02-20 22:00:00+00:00,189.577,190.945,188.152,188.614,302564.0
2025-02-23 22:00:00+00:00,188.527,189.582,188.228,189.026,350582.0
2025-02-24 22:00:00+00:00,189.023,189.748,188.164,188.764,335831.0
2025-02-25 22:00:00+00:00,188.686,189.87,188.404,189.01,370324.0
2025-02-26 22:00:00+00:00,188.98,190.112,188.572,188.769,411002.0
2025-02-27 22:00:00+00:00,188.747,190.316,187.682,189.45,351432.0
2025-03-02 22:00:00+00:00,189.699,191.984,188.82,189.9,409600.0
2025-03-03 22:00:00+00:00,189.916,191.794,188.252,191.684,459562.0
2025-03-04 22:00:00+00:00,191.582,192.329,190.876,192.0,470414.0
2025-03-05 22:00:00+00:00,191.942,192.558,189.892,190.632,452861.0
2025-03-06 22:00:00+00:00,190.608,191.436,189.664,191.306,394894.0
2025-03-09 21:00:00+00:00,190.83,191.151,189.185,189.658,398710.0
2025-03-10 21:00:00+00:00,189.68,191.69,188.8,191.374,458065.0
2025-03-11 21:00:00+00:00,191.406,193.114,191.226,192.204,340532.0
2025-03-12 21:00:00+00:00,192.104,192.352,190.745,191.44,336557.0
2025-03-13 21:00:00+00:00,191.421,192.755,191.346,192.284,346176.0
2025-03-16 21:00:00+00:00,192.269,193.971,191.968,193.851,281610.0
2025-03-17 21:00:00+00:00,193.862,194.908,193.714,194.076,231205.0
2025-03-18 21:00:00+00:00,194.096,194.71,193.25,193.366,251496.0
2025-03-19 21:00:00+00:00,193.367,193.604,192.062,192.936,287454.0
2025-03-20 21:00:00+00:00,192.944,193.596,192.024,192.844,259769.0
2025-03-23 21:00:00+00:00,192.664,194.778,192.651,194.746,227507.0
2025-03-24 21:00:00+00:00,194.674,195.01,193.635,194.06,210938.0
2025-03-25 21:00:00+00:00,194.035,194.791,193.47,194.071,249779.0
2025-03-26 21:00:00+00:00,194.066,195.982,193.506,195.596,255564.0
2025-03-27 21:00:00+00:00,195.567,195.726,193.738,193.92,246025.0
2025-03-30 21:00:00+00:00,193.821,194.001,192.735,193.722,313457.0
2025-03-31 21:00:00+00:00,193.714,193.938,192.216,193.356,290753.0
2025-04-01 21:00:00+00:00,193.344,195.779,192.988,194.146,292454.0
2025-04-02 21:00:00+00:00,193.846,193.846,191.151,191.37,500515.0
2025-04-03 21:00:00+00:00,191.3,191.764,187.532,189.528,613800.0
2025-04-06 21:00:00+00:00,186.976,190.102,186.134,188.183,696139.0
2025-04-07 21:00:00+00:00,188.197,188.947,186.544,186.748,535280.0
2025-04-08 21:00:00+00:00,186.747,189.831,184.383,189.51,627887.0
2025-04-09 21:00:00+00:00,189.516,189.516,186.36,187.344,529082.0
2025-04-10 21:00:00+00:00,187.346,188.209,186.025,187.754,609674.0
2025-04-13 21:00:00+00:00,188.45,189.21,186.589,188.65,441041.0
2025-04-14 21:00:00+00:00,188.664,189.59,188.524,189.536,310574.0
2025-04-15 21:00:00+00:00,189.533,189.664,187.57,187.774,364566.0
2025-04-16 21:00:00+00:00,187.774,189.36,187.468,188.973,363988.0
2025-04-17 21:00:00+00:00,188.918,189.154,188.728,188.99,711858.0
2025-04-20 21:00:00+00:00,188.582,188.855,188.008,188.467,229489.0
2025-04-21 21:00:00+00:00,188.418,188.87,187.472,188.766,299465.0
2025-04-22 21:00:00+00:00,188.732,190.318,188.244,190.13,339243.0
2025-04-23 21:00:00+00:00,190.068,190.394,189.3,190.219,231025.0
2025-04-24 21:00:00+00:00,190.317,191.726,190.058,191.26,229129.0
2025-04-27 21:00:00+00:00,191.069,191.558,190.668,190.93,231230.0
2025-04-28 21:00:00+00:00,190.878,191.352,190.402,190.886,219296.0
2025-04-29 21:00:00+00:00,190.676,191.264,189.99,190.73,243206.0
2025-04-30 21:00:00+00:00,190.59,193.462,190.343,193.064,267255.0
2025-05-01 21:00:00+00:00,193.076,193.762,191.474,192.39,278913.0
2025-05-04 21:00:00+00:00,191.95,192.318,191.031,191.06,194106.0
2025-05-05 21:00:00+00:00,191.044,191.356,190.33,190.384,221666.0
2025-05-06 21:00:00+00:00,190.456,191.672,190.364,191.158,258880.0
2025-05-07 21:00:00+00:00,191.111,193.504,190.992,193.267,250724.0
2025-05-08 21:00:00+00:00,193.2,193.469,192.356,193.408,190479.0
2025-05-11 21:00:00+00:00,193.931,195.804,193.64,195.65,263514.0
2025-05-12 21:00:00+00:00,195.588,196.382,194.787,196.217,214490.0
2025-05-13 21:00:00+00:00,196.26,196.413,194.242,194.599,289569.0
2025-05-14 21:00:00+00:00,194.599,194.713,193.438,193.852,215586.0
2025-05-15 21:00:00+00:00,193.78,193.898,193.042,193.426,185343.0
2025-05-18 21:00:00+00:00,192.924,194.075,192.776,193.548,236234.0
2025-05-19 21:00:00+00:00,193.5,194.217,192.924,193.534,162696.0
2025-05-20 21:00:00+00:00,193.498,193.622,192.584,192.784,231741.0
2025-05-21 21:00:00+00:00,192.736,193.598,191.897,193.264,235484.0
2025-05-22 21:00:00+00:00,193.25,193.566,192.074,193.002,222485.0
2025-05-25 21:00:00+00:00,192.776,194.046,192.688,193.744,139168.0
2025-05-26 21:00:00+00:00,193.751,195.632,193.068,194.986,192402.0
2025-05-27 21:00:00+00:00,194.935,195.416,194.387,195.144,199266.0
2025-05-28 21:00:00+00:00,195.068,196.32,194.296,194.55,251012.0
2025-05-29 21:00:00+00:00,194.519,194.663,193.4,193.818,214261.0
2025-06-01 21:00:00+00:00,193.712,193.91,193.009,193.282,215115.0
2025-06-02 21:00:00+00:00,193.286,194.789,192.73,194.669,202238.0
2025-06-03 21:00:00+00:00,194.548,195.238,193.452,193.506,204424.0
2025-06-04 21:00:00+00:00,193.52,195.502,193.264,194.859,237108.0
2025-06-05 21:00:00+00:00,194.809,196.191,194.722,195.926,204021.0
2025-06-08 21:00:00+00:00,196.008,196.157,195.448,195.957,149236.0
2025-06-09 21:00:00+00:00,195.961,196.45,194.776,195.589,179808.0
2025-06-10 21:00:00+00:00,195.639,196.296,195.301,195.885,210556.0
2025-06-11 21:00:00+00:00,195.808,195.871,194.716,195.355,228070.0
2025-06-12 21:00:00+00:00,195.298,195.982,193.766,195.611,289700.0
2025-06-15 21:00:00+00:00,195.353,196.693,195.158,196.566,224611.0
2025-06-16 21:00:00+00:00,196.51,196.85,194.915,195.113,244459.0
2025-06-17 21:00:00+00:00,195.077,195.352,194.342,194.78,276587.0
2025-06-18 21:00:00+00:00,194.808,195.958,194.022,195.932,211985.0
2025-06-19 21:00:00+00:00,195.948,196.711,195.686,196.504,250863.0
2025-06-22 21:00:00+00:00,196.622,198.198,196.162,197.68,324936.0
2025-06-23 21:00:00+00:00,197.629,197.74,196.954,197.299,282536.0
2025-06-24 21:00:00+00:00,197.418,198.584,197.046,198.487,237239.0
2025-06-25 21:00:00+00:00,198.414,198.604,197.714,198.212,298091.0
2025-06-26 21:00:00+00:00,198.292,198.81,198.018,198.467,259369.0
2025-06-29 21:00:00+00:00,197.921,198.466,197.212,197.814,257810.0
2025-06-30 21:00:00+00:00,197.751,197.838,196.282,197.133,287559.0
2025-07-01 21:00:00+00:00,197.114,197.555,195.359,195.887,271601.0
2025-07-02 21:00:00+00:00,195.929,198.114,195.762,197.884,232708.0
2025-07-03 21:00:00+00:00,197.937,197.962,196.908,197.231,251491.0
2025-07-06 21:00:00+00:00,197.269,199.004,196.791,198.67,229438.0
2025-07-07 21:00:00+00:00,198.669,199.482,198.51,199.224,242520.0
2025-07-08 21:00:00+00:00,199.24,199.834,198.738,198.777,227521.0
2025-07-09 21:00:00+00:00,198.836,199.258,198.381,198.608,205286.0
2025-07-10 21:00:00+00:00,198.59,199.45,198.238,198.91,217643.0
2025-07-13 21:00:00+00:00,198.6,198.992,198.106,198.356,179838.0
2025-07-14 21:00:00+00:00,198.427,199.528,198.212,199.223,182795.0
2025-07-15 21:00:00+00:00,199.3,199.744,197.952,198.45,244352.0
2025-07-16 21:00:00+00:00,198.497,199.56,198.252,199.413,191781.0
2025-07-17 21:00:00+00:00,199.388,199.976,199.18,199.576,159702.0
2025-07-20 21:00:00+00:00,198.668,199.43,198.522,198.805,166286.0
2025-07-21 21:00:00+00:00,198.835,199.292,197.434,198.469,185177.0
2025-07-22 21:00:00+00:00,198.416,199.089,197.752,198.966,255633.0
2025-07-23 21:00:00+00:00,198.957,199.017,198.136,198.569,221177.0
2025-07-24 21:00:00+00:00,198.63,199.088,198.132,198.43,209042.0
2025-07-27 21:00:00+00:00,198.452,199.22,198.322,198.38,219194.0
2025-07-28 21:00:00+00:00,198.374,198.524,197.736,198.218,245211.0
2025-07-29 21:00:00+00:00,198.214,198.428,197.448,197.956,251967.0
2025-07-30 21:00:00+00:00,197.891,199.522,196.968,199.084,234773.0
2025-07-31 21:00:00+00:00,199.013,199.312,195.34,195.732,299001.0
2025-08-03 21:00:00+00:00,195.647,196.536,195.032,195.42,224232.0
2025-08-04 21:00:00+00:00,195.491,196.462,195.038,196.255,198580.0
2025-08-05 21:00:00+00:00,196.298,197.103,196.099,196.826,180619.0
2025-08-06 21:00:00+00:00,196.796,198.024,196.242,197.827,222736.0
2025-08-07 21:00:00+00:00,197.801,198.828,197.385,198.722,191468.0
2025-08-10 21:00:00+00:00,198.482,199.071,198.184,198.984,141231.0
2025-08-11 21:00:00+00:00,198.969,200.084,198.882,199.612,221180.0
2025-08-12 21:00:00+00:00,199.559,200.283,199.43,200.108,172563.0
2025-08-13 21:00:00+00:00,200.052,200.17,198.598,199.902,217607.0
2025-08-14 21:00:00+00:00,199.964,200.103,198.914,199.45,159366.0
2025-08-17 21:00:00+00:00,199.536,200.272,199.381,199.649,165884.0
2025-08-18 21:00:00+00:00,199.658,199.87,198.822,199.252,152847.0
2025-08-19 21:00:00+00:00,199.178,199.446,197.862,198.209,185637.0
2025-08-20 21:00:00+00:00,198.353,199.232,198.128,199.014,192038.0
2025-08-21 21:00:00+00:00,198.928,199.54,198.332,198.75,203124.0
2025-08-24 21:00:00+00:00,198.582,199.3,198.47,198.795,149302.0
2025-08-25 21:00:00+00:00,198.857,199.061,198.279,198.708,222089.0
2025-08-26 21:00:00+00:00,198.696,199.19,198.594,198.984,182328.0
2025-08-27 21:00:00+00:00,198.94,199.148,198.404,198.557,184695.0
2025-08-28 21:00:00+00:00,198.486,198.668,197.948,198.572,192818.0
2025-08-31 21:00:00+00:00,198.432,199.566,198.424,199.354,145018.0
2025-09-01 21:00:00+00:00,199.382,200.274,198.324,198.706,233679.0
2025-09-02 21:00:00+00:00,198.644,199.728,198.486,199.154,191862.0
2025-09-03 21:00:00+00:00,199.024,199.824,198.774,199.489,181504.0
2025-09-04 21:00:00+00:00,199.473,199.794,198.678,199.116,237980.0
2025-09-07 21:00:00+00:00,200.108,200.348,199.361,199.832,225771.0
2025-09-08 21:00:00+00:00,199.825,199.9,198.796,199.4,197033.0
2025-09-09 21:00:00+00:00,199.306,199.811,199.212,199.532,199806.0
2025-09-10 21:00:00+00:00,199.472,200.131,199.334,199.854,221109.0
2025-09-11 21:00:00+00:00,199.84,200.491,199.67,200.206,200876.0
2025-09-14 21:00:00+00:00,200.162,200.752,199.926,200.454,153945.0
2025-09-15 21:00:00+00:00,200.368,200.722,199.79,199.854,206157.0
2025-09-16 21:00:00+00:00,199.974,200.362,199.482,200.276,233438.0
2025-09-17 21:00:00+00:00,200.276,201.272,200.046,200.593,263563.0
2025-09-18 21:00:00+00:00,200.52,200.616,199.212,199.31,241351.0
2025-09-21 21:00:00+00:00,199.318,199.798,199.208,199.63,190992.0
2025-09-22 21:00:00+00:00,199.644,199.968,199.156,199.718,214662.0
2025-09-23 21:00:00+00:00,199.665,200.257,199.464,200.252,210093.0
2025-09-24 21:00:00+00:00,200.216,200.344,199.621,199.896,218899.0
2025-09-25 21:00:00+00:00,199.919,200.518,199.7,200.366,215095.0
2025-09-28 21:00:00+00:00,200.284,200.424,199.342,199.586,178167.0
2025-09-29 21:00:00+00:00,199.588,199.777,198.584,198.901,222359.0
2025-09-30 21:00:00+00:00,198.767,199.223,197.924,198.209,254212.0
2025-10-01 21:00:00+00:00,198.211,198.618,197.49,197.916,202898.0
2025-10-02 21:00:00+00:00,197.906,198.873,197.746,198.806,186756.0
2025-10-05 21:00:00+00:00,200.827,202.828,200.238,202.754,273046.0
2025-10-06 21:00:00+00:00,202.716,204.07,202.118,203.924,200187.0
2025-10-07 21:00:00+00:00,204.058,205.328,203.76,204.67,197285.0
2025-10-08 21:00:00+00:00,204.723,204.887,203.316,203.666,251657.0
2025-10-09 21:00:00+00:00,203.463,203.758,201.854,201.954,273314.0
2025-10-12 21:00:00+00:00,202.748,203.246,202.471,203.066,209999.0
2025-10-13 21:00:00+00:00,202.948,203.52,201.334,202.218,250386.0
2025-10-14 21:00:00+00:00,202.206,202.722,201.596,202.48,225808.0
2025-10-15 21:00:00+00:00,202.464,203.438,201.72,202.114,268819.0
2025-10-16 21:00:00+00:00,202.082,202.269,200.685,202.26,281719.0
2025-10-19 21:00:00+00:00,202.098,203.114,201.826,202.095,203395.0
2025-10-20 21:00:00+00:00,202.065,203.532,201.82,203.114,249128.0
2025-10-21 21:00:00+00:00,203.104,203.271,201.924,202.964,224739.0
2025-10-22 21:00:00+00:00,202.891,203.796,202.82,203.348,180732.0
2025-10-23 21:00:00+00:00,203.289,203.989,203.09,203.504,219894.0
2025-10-26 21:00:00+00:00,203.697,204.248,203.54,203.866,199399.0
2025-10-27 21:00:00+00:00,203.863,203.924,201.672,201.882,223782.0
2025-10-28 21:00:00+00:00,201.912,201.982,200.568,201.532,255942.0
2025-10-29 21:00:00+00:00,201.446,203.267,200.99,202.706,304738.0
2025-10-30 21:00:00+00:00,202.688,202.93,201.852,202.546,224688.0
2025-11-02 22:00:00+00:00,202.248,202.804,201.958,202.612,165774.0
2025-11-03 22:00:00+00:00,202.7,202.73,199.878,200.073,237543.0
2025-11-04 22:00:00+00:00,200.1,201.246,199.07,201.14,223487.0
2025-11-05 22:00:00+00:00,201.092,201.384,200.306,201.116,201227.0
2025-11-06 22:00:00+00:00,200.939,202.1,200.652,201.954,224901.0
2025-11-09 22:00:00+00:00,202.328,203.241,201.777,203.065,201449.0
2025-11-10 22:00:00+00:00,202.982,203.284,202.328,202.703,185115.0
2025-11-11 22:00:00+00:00,202.789,203.574,202.609,203.325,189224.0
2025-11-12 22:00:00+00:00,203.276,204.078,202.973,203.864,247143.0
2025-11-13 22:00:00+00:00,203.872,204.016,202.347,203.572,254030.0
2025-11-16 22:00:00+00:00,203.418,204.53,203.138,204.246,188371.0
2025-11-17 22:00:00+00:00,204.286,204.748,203.702,204.446,257002.0
2025-11-18 22:00:00+00:00,204.488,205.37,203.984,205.256,230607.0
2025-11-19 22:00:00+00:00,205.219,206.863,204.808,205.846,264533.0
2025-11-20 22:00:00+00:00,205.934,206.055,204.296,204.855,298695.0
2025-11-23 22:00:00+00:00,204.974,205.915,204.93,205.642,234653.0
2025-11-24 22:00:00+00:00,205.592,205.996,205.005,205.484,222148.0
2025-11-25 22:00:00+00:00,205.456,207.228,205.346,207.219,249519.0
2025-11-26 22:00:00+00:00,207.184,207.208,206.435,206.93,138672.0
2025-11-27 22:00:00+00:00,206.913,207.206,206.162,206.645,467017.0
2025-11-30 22:00:00+00:00,206.496,206.762,205.203,205.441,264925.0
2025-12-01 22:00:00+00:00,205.502,206.26,205.338,205.964,181454.0
2025-12-02 22:00:00+00:00,205.866,207.35,205.79,207.27,226832.0
2025-12-03 22:00:00+00:00,207.326,207.362,206.348,206.746,239921.0
2025-12-04 22:00:00+00:00,206.673,207.298,206.194,207.094,201749.0
2025-12-07 22:00:00+00:00,206.863,207.81,206.598,207.72,169677.0
2025-12-08 22:00:00+00:00,207.652,208.946,207.596,208.644,188170.0
2025-12-09 22:00:00+00:00,208.562,208.904,208.24,208.783,212588.0
2025-12-10 22:00:00+00:00,208.664,208.816,207.912,208.25,218800.0
2025-12-11 22:00:00+00:00,208.339,208.747,207.887,208.378,195898.0
2025-12-14 22:00:00+00:00,208.526,208.589,207.095,207.645,203708.0
2025-12-15 22:00:00+00:00,207.562,208.008,206.777,207.656,272318.0
2025-12-16 22:00:00+00:00,207.672,208.41,207.056,208.235,222110.0
2025-12-17 22:00:00+00:00,208.195,209.016,207.866,208.17,223528.0
2025-12-18 22:00:00+00:00,208.106,211.07,208.046,210.974,209866.0
2025-12-21 22:00:00+00:00,211.394,211.594,210.63,211.414,218993.0
2025-12-22 22:00:00+00:00,211.278,211.44,210.296,211.159,199702.0
2025-12-23 22:00:00+00:00,211.132,211.329,210.059,210.632,225278.0
2025-12-25 22:00:00+00:00,210.839,211.509,210.349,211.352,180887.0
2025-12-28 22:00:00+00:00,211.316,211.356,210.438,210.866,264210.0
2025-12-29 22:00:00+00:00,210.807,211.098,210.433,210.673,216563.0
2025-12-30 22:00:00+00:00,210.61,211.228,210.262,211.113,184584.0
2026-01-01 22:00:00+00:00,211.048,211.448,210.758,211.104,168585.0
2026-01-04 22:00:00+00:00,210.899,211.848,210.517,211.814,224188.0
2026-01-05 22:00:00+00:00,211.764,212.159,211.31,211.522,210441.0
2026-01-06 22:00:00+00:00,211.508,211.758,210.94,210.958,198140.0
2026-01-07 22:00:00+00:00,210.978,211.162,210.312,210.86,181331.0
2026-01-08 22:00:00+00:00,210.747,212.068,210.657,211.666,192668.0
2026-01-11 22:00:00+00:00,211.82,213.018,211.618,212.96,186047.0
2026-01-12 22:00:00+00:00,212.936,214.298,212.678,213.651,195411.0
2026-01-13 22:00:00+00:00,213.664,214.116,212.556,213.066,220259.0
2026-01-14 22:00:00+00:00,212.978,213.313,212.0,212.252,193734.0
2026-01-15 22:00:00+00:00,212.236,212.312,211.388,211.52,202442.0
2026-01-18 22:00:00+00:00,210.886,212.398,210.716,212.29,200423.0
2026-01-19 22:00:00+00:00,212.252,213.498,211.851,212.594,262642.0
2026-01-20 22:00:00+00:00,212.64,212.768,211.593,212.628,253425.0
2026-01-21 22:00:00+00:00,212.639,213.968,212.384,213.928,214900.0
2026-01-22 22:00:00+00:00,213.778,214.856,212.084,212.508,298255.0
2026-01-25 22:00:00+00:00,211.664,212.122,209.614,210.962,329442.0
2026-01-26 22:00:00+00:00,210.878,211.764,209.801,210.779,332508.0
2026-01-27 22:00:00+00:00,210.793,212.034,210.066,211.822,338582.0
2026-01-28 22:00:00+00:00,211.786,212.167,210.05,211.468,298405.0
2026-01-29 22:00:00+00:00,211.408,212.472,211.142,211.868,345369.0
2026-02-01 22:00:00+00:00,212.184,212.84,211.296,212.675,296605.0
2026-02-02 22:00:00+00:00,212.694,213.467,212.496,213.394,252960.0
2026-02-03 22:00:00+00:00,213.378,215.008,213.284,214.174,244378.0
2026-02-04 22:00:00+00:00,214.214,214.241,211.788,212.492,292554.0
2026-02-05 22:00:00+00:00,212.455,214.061,211.61,214.033,198149.0
2026-02-08 22:00:00+00:00,214.214,214.44,212.13,213.521,300944.0
2026-02-09 22:00:00+00:00,213.397,213.819,210.494,210.62,212218.0
2026-02-10 22:00:00+00:00,210.661,210.778,208.183,208.872,232059.0
2026-02-11 22:00:00+00:00,208.7,209.557,207.567,208.066,244879.0
2026-02-12 22:00:00+00:00,208.072,209.336,207.928,208.533,229738.0
2026-02-15 22:00:00+00:00,208.413,209.688,208.264,209.26,103826.0
2026-02-16 22:00:00+00:00,209.208,209.498,207.238,207.988,199793.0
2026-02-17 22:00:00+00:00,207.904,209.221,207.628,208.904,162633.0
2026-02-18 22:00:00+00:00,208.854,209.542,208.09,208.686,182379.0
2026-02-19 22:00:00+00:00,208.698,209.7,208.388,209.022,229844.0
2026-02-22 22:00:00+00:00,209.017,209.23,208.143,208.686,192575.0
2026-02-23 22:00:00+00:00,208.688,210.848,208.546,210.303,181700.0
2026-02-24 22:00:00+00:00,210.29,212.123,210.013,212.026,208859.0
2026-02-25 22:00:00+00:00,211.959,212.06,210.269,210.522,214039.0
2026-02-26 22:00:00+00:00,210.542,210.837,209.8,210.474,218599.0
2026-03-01 22:00:00+00:00,209.462,211.388,209.356,210.946,340871.0
2026-03-02 22:00:00+00:00,211.048,211.366,209.226,210.625,373478.0
2026-03-03 22:00:00+00:00,210.423,210.698,209.491,210.012,323729.0
2026-03-04 22:00:00+00:00,209.962,210.626,209.189,210.466,313674.0
2026-03-05 22:00:00+00:00,210.431,211.68,210.2,211.637,336136.0
2026-03-08 21:00:00+00:00,210.885,212.188,210.606,211.949,417686.0
2026-03-09 21:00:00+00:00,211.96,212.418,211.594,212.078,347084.0
2026-03-10 21:00:00+00:00,212.086,213.308,212.041,213.209,251044.0
2026-03-11 21:00:00+00:00,213.137,213.178,212.414,212.639,240004.0
2026-03-12 21:00:00+00:00,212.544,212.882,211.077,211.226,242838.0
2026-03-15 21:00:00+00:00,211.317,212.12,210.812,211.838,213766.0
2026-03-16 21:00:00+00:00,211.85,212.492,211.638,212.36,199636.0
2026-03-17 21:00:00+00:00,212.418,212.732,211.904,211.949,236433.0
2026-03-18 21:00:00+00:00,211.97,212.354,210.803,211.817,309959.0
2026-03-19 21:00:00+00:00,211.825,212.778,211.71,212.434,239741.0
2026-03-22 21:00:00+00:00,212.152,213.31,211.586,212.716,426144.0
2026-03-23 21:00:00+00:00,212.853,212.989,212.259,212.848,342660.0
2026-03-24 21:00:00+00:00,212.786,213.216,212.582,213.138,248444.0
2026-03-25 21:00:00+00:00,213.162,213.314,212.704,212.99,214677.0
2026-03-26 21:00:00+00:00,212.93,213.115,212.232,212.606,209184.0
2026-03-29 21:00:00+00:00,212.44,212.709,210.207,210.606,251567.0
2026-03-30 21:00:00+00:00,210.568,211.224,209.632,209.97,292275.0
2026-03-31 21:00:00+00:00,209.998,211.444,209.828,211.243,353324.0
2026-04-01 21:00:00+00:00,211.274,211.327,210.348,211.094,290277.0
2026-04-02 21:00:00+00:00,211.038,211.309,210.437,210.797,104870.0
2026-04-05 21:00:00+00:00,210.603,211.548,210.406,211.38,159306.0
2026-04-06 21:00:00+00:00,211.4,212.31,211.238,212.186,236098.0
2026-04-07 21:00:00+00:00,212.142,213.158,212.092,212.408,332836.0
2026-04-08 21:00:00+00:00,212.398,213.852,212.386,213.636,203394.0
2026-04-09 21:00:00+00:00,213.534,214.586,213.534,214.386,212840.0
2026-04-12 21:00:00+00:00,213.744,215.379,213.67,215.34,202144.0
2026-04-13 21:00:00+00:00,215.313,215.788,214.913,215.44,190478.0
2026-04-14 21:00:00+00:00,215.464,215.911,215.192,215.592,210320.0
2026-04-15 21:00:00+00:00,215.675,215.738,215.122,215.276,199864.0
2026-04-16 21:00:00+00:00,215.33,215.696,214.006,214.424,230615.0
2026-04-19 21:00:00+00:00,214.226,215.104,214.178,214.947,228668.0
2026-04-20 21:00:00+00:00,214.929,215.422,214.606,215.348,218163.0
2026-04-21 21:00:00+00:00,215.258,215.662,214.926,215.346,199297.0
2026-04-22 21:00:00+00:00,215.382,215.736,214.953,215.132,234272.0
2026-04-23 21:00:00+00:00,215.054,215.777,214.949,215.596,203293.0
2026-04-26 21:00:00+00:00,215.534,216.058,215.457,215.754,181154.0
