datetime,open,high,low,close,volume
2006-04-24 21:00:00+00:00,1.13715,1.1393,1.13055,1.13135,6550.0
2006-04-25 21:00:00+00:00,1.13125,1.13355,1.1253,1.1279,6980.0
2006-04-26 21:00:00+00:00,1.1281,1.1317,1.12185,1.12295,7222.0
2006-04-27 21:00:00+00:00,1.12295,1.1255,1.1163,1.1169,6206.0
2006-04-28 21:00:00+00:00,1.117,1.117,1.117,1.117,2.0
2006-04-29 21:00:00+00:00,1.117,1.1174,1.1158,1.1167,283.0
2006-04-30 21:00:00+00:00,1.1167,1.11885,1.11145,1.11335,6148.0
2006-05-01 21:00:00+00:00,1.11345,1.11675,1.10515,1.10595,6355.0
2006-05-02 21:00:00+00:00,1.10615,1.10975,1.10145,1.10845,6646.0
2006-05-03 21:00:00+00:00,1.10855,1.11435,1.1054,1.1072,6313.0
2006-05-04 21:00:00+00:00,1.1072,1.11085,1.10525,1.1054,5345.0
2006-05-06 21:00:00+00:00,1.1055,1.1068,1.1055,1.1066,156.0
2006-05-07 21:00:00+00:00,1.1066,1.11345,1.10245,1.11165,5791.0
2006-05-08 21:00:00+00:00,1.11175,1.11645,1.09745,1.09945,6902.0
2006-05-09 21:00:00+00:00,1.09945,1.1033,1.09805,1.10035,7711.0
2006-05-10 21:00:00+00:00,1.10035,1.10805,1.0978,1.10305,9667.0
2006-05-11 21:00:00+00:00,1.10305,1.1099,1.09915,1.1095,12539.0
2006-05-12 21:00:00+00:00,1.1093,1.1093,1.1093,1.1093,1.0
2006-05-13 21:00:00+00:00,1.1089,1.1096,1.1083,1.1087,329.0
2006-05-14 21:00:00+00:00,1.1087,1.11765,1.1076,1.11285,11055.0
2006-05-15 21:00:00+00:00,1.11265,1.11735,1.10615,1.10655,8625.0
2006-05-16 21:00:00+00:00,1.10665,1.11465,1.10115,1.11445,11438.0
2006-05-17 21:00:00+00:00,1.11435,1.12245,1.10965,1.12025,12678.0
2006-05-18 21:00:00+00:00,1.12025,1.12735,1.1171,1.1179,10606.0
2006-05-20 21:00:00+00:00,1.1182,1.1203,1.1182,1.1203,124.0
2006-05-21 21:00:00+00:00,1.1203,1.12675,1.11225,1.11515,8670.0
2006-05-22 21:00:00+00:00,1.11515,1.12485,1.11235,1.12465,9461.0
2006-05-23 21:00:00+00:00,1.12455,1.12635,1.11795,1.11995,11445.0
2006-05-24 21:00:00+00:00,1.11995,1.12275,1.10545,1.10725,11420.0
2006-05-25 21:00:00+00:00,1.10715,1.11105,1.10455,1.106,8853.0
2006-05-27 21:00:00+00:00,1.1065,1.1073,1.1065,1.1066,84.0
2006-05-28 21:00:00+00:00,1.1066,1.1072,1.1027,1.1062,4699.0
2006-05-29 21:00:00+00:00,1.1062,1.1065,1.09735,1.09845,10103.0
2006-05-30 21:00:00+00:00,1.09845,1.10345,1.09285,1.10145,10028.0
2006-05-31 21:00:00+00:00,1.10145,1.1101,1.09995,1.103,9915.0
2006-06-01 21:00:00+00:00,1.103,1.1055,1.09735,1.101,8725.0
2006-06-02 21:00:00+00:00,1.1011,1.1013,1.1011,1.1013,3.0
2006-06-03 21:00:00+00:00,1.102,1.102,1.1009,1.101,32.0
2006-06-04 21:00:00+00:00,1.101,1.1082,1.0977,1.1079,7910.0
2006-06-05 21:00:00+00:00,1.1079,1.1173,1.1049,1.1135,8749.0
2006-06-06 21:00:00+00:00,1.1134,1.1163,1.1098,1.1133,8258.0
2006-06-07 21:00:00+00:00,1.1129,1.1244,1.1112,1.1231,11625.0
2006-06-08 21:00:00+00:00,1.1231,1.1231,1.10515,1.1064,11266.0
2006-06-10 21:00:00+00:00,1.107,1.1071,1.1059,1.1067,68.0
2006-06-11 21:00:00+00:00,1.1067,1.1073,1.0965,1.0993,8888.0
2006-06-12 21:00:00+00:00,1.0995,1.114,1.097,1.1132,12186.0
2006-06-13 21:00:00+00:00,1.1132,1.1175,1.1084,1.1139,9360.0
2006-06-14 21:00:00+00:00,1.114,1.119,1.11135,1.11135,9307.0
2006-06-15 21:00:00+00:00,1.11135,1.1253,1.11095,1.1229,7911.0
2006-06-17 21:00:00+00:00,1.1224,1.1229,1.1222,1.1226,144.0
2006-06-18 21:00:00+00:00,1.1226,1.1255,1.1185,1.1201,7894.0
2006-06-19 21:00:00+00:00,1.1202,1.1248,1.1153,1.1184,8630.0
2006-06-20 21:00:00+00:00,1.1183,1.1185,1.1032,1.1087,9317.0
2006-06-21 21:00:00+00:00,1.1086,1.12,1.107,1.1172,9055.0
2006-06-22 21:00:00+00:00,1.1172,1.1289,1.1166,1.1228,9024.0
2006-06-24 21:00:00+00:00,1.1226,1.123,1.1185,1.1185,125.0
2006-06-25 21:00:00+00:00,1.1185,1.1248,1.1171,1.1236,8528.0
2006-06-26 21:00:00+00:00,1.1236,1.1255,1.1191,1.1234,7630.0
2006-06-27 21:00:00+00:00,1.1233,1.1267,1.1207,1.1234,8034.0
2006-06-28 21:00:00+00:00,1.1233,1.1237,1.1096,1.1103,10175.0
2006-06-29 21:00:00+00:00,1.1102,1.1179,1.1081,1.1164,9556.0
2006-07-01 21:00:00+00:00,1.1165,1.1165,1.1145,1.1156,16.0
2006-07-02 21:00:00+00:00,1.1157,1.1191,1.1089,1.1115,7915.0
2006-07-03 21:00:00+00:00,1.1115,1.11295,1.10555,1.10635,5073.0
2006-07-04 21:00:00+00:00,1.10625,1.114,1.10405,1.1122,9216.0
2006-07-05 21:00:00+00:00,1.1122,1.1152,1.1085,1.1129,8107.0
2006-07-06 21:00:00+00:00,1.113,1.1154,1.10875,1.1137,8530.0
2006-07-08 21:00:00+00:00,1.1138,1.1142,1.1134,1.1139,109.0
2006-07-09 21:00:00+00:00,1.1139,1.1261,1.1133,1.124,9201.0
2006-07-10 21:00:00+00:00,1.1241,1.1345,1.1222,1.1323,9442.0
2006-07-11 21:00:00+00:00,1.1322,1.1399,1.13105,1.1342,9512.0
2006-07-12 21:00:00+00:00,1.1341,1.1354,1.1285,1.1312,9258.0
2006-07-13 21:00:00+00:00,1.1313,1.1327,1.12555,1.1285,8229.0
2006-07-15 21:00:00+00:00,1.1286,1.1286,1.1276,1.1283,241.0
2006-07-16 21:00:00+00:00,1.1283,1.1369,1.1276,1.1367,8200.0
2006-07-17 21:00:00+00:00,1.1366,1.1377,1.1306,1.1366,8462.0
2006-07-18 21:00:00+00:00,1.1366,1.14055,1.1315,1.1348,8969.0
2006-07-19 21:00:00+00:00,1.135,1.1353,1.1281,1.1327,8007.0
2006-07-20 21:00:00+00:00,1.1332,1.1393,1.1263,1.1379,8686.0
2006-07-22 21:00:00+00:00,1.1367,1.1376,1.1365,1.1372,95.0
2006-07-23 21:00:00+00:00,1.1372,1.1457,1.1372,1.1412,9408.0
2006-07-24 21:00:00+00:00,1.1411,1.1435,1.1378,1.1417,10184.0
2006-07-25 21:00:00+00:00,1.1418,1.1431,1.1337,1.1348,9223.0
2006-07-26 21:00:00+00:00,1.1347,1.1387,1.1289,1.1353,10439.0
2006-07-27 21:00:00+00:00,1.1353,1.1372,1.1283,1.1316,8854.0
2006-07-29 21:00:00+00:00,1.1308,1.1308,1.1298,1.13,150.0
2006-07-30 21:00:00+00:00,1.13,1.1319,1.1219,1.1312,9598.0
2006-07-31 21:00:00+00:00,1.1316,1.1374,1.1294,1.1306,9092.0
2006-08-01 21:00:00+00:00,1.1307,1.1321,1.1246,1.1268,8027.0
2006-08-02 21:00:00+00:00,1.1268,1.1277,1.1227,1.1254,8395.0
2006-08-03 21:00:00+00:00,1.1254,1.13465,1.1232,1.1274,8226.0
2006-08-05 21:00:00+00:00,1.1272,1.1273,1.1272,1.1272,9.0
2006-08-06 21:00:00+00:00,1.1273,1.1274,1.1176,1.1195,7475.0
2006-08-07 21:00:00+00:00,1.1195,1.1236,1.1177,1.1235,9009.0
2006-08-08 21:00:00+00:00,1.1236,1.1255,1.1175,1.1205,7337.0
2006-08-09 21:00:00+00:00,1.1205,1.1284,1.1185,1.1274,8337.0
2006-08-10 21:00:00+00:00,1.1271,1.12815,1.1171,1.1248,9416.0
2006-08-11 21:00:00+00:00,1.1249,1.1249,1.1249,1.1249,1.0
2006-08-12 21:00:00+00:00,1.1253,1.1253,1.1248,1.125,108.0
2006-08-13 21:00:00+00:00,1.125,1.1278,1.12065,1.1271,8179.0
2006-08-14 21:00:00+00:00,1.1271,1.1319,1.1212,1.1217,9037.0
2006-08-15 21:00:00+00:00,1.1216,1.1238,1.1143,1.1194,7544.0
2006-08-16 21:00:00+00:00,1.1194,1.1233,1.1157,1.1221,7992.0
2006-08-17 21:00:00+00:00,1.1221,1.1273,1.1198,1.1256,7592.0
2006-08-19 21:00:00+00:00,1.1251,1.1257,1.1251,1.1256,124.0
2006-08-20 21:00:00+00:00,1.1256,1.1258,1.1166,1.1176,8105.0
2006-08-21 21:00:00+00:00,1.1176,1.1203,1.1146,1.11545,7620.0
2006-08-22 21:00:00+00:00,1.11555,1.11585,1.1051,1.1128,9190.0
2006-08-23 21:00:00+00:00,1.1128,1.1131,1.1074,1.1095,7477.0
2006-08-24 21:00:00+00:00,1.10945,1.11065,1.10545,1.1091,7644.0
2006-08-25 21:00:00+00:00,1.1091,1.1091,1.1091,1.1091,1.0
2006-08-26 21:00:00+00:00,1.1091,1.1091,1.109,1.109,107.0
2006-08-27 21:00:00+00:00,1.109,1.1123,1.1062,1.112,6304.0
2006-08-28 21:00:00+00:00,1.1121,1.1129,1.1056,1.1077,8484.0
2006-08-29 21:00:00+00:00,1.1076,1.1117,1.10565,1.1096,7342.0
2006-08-30 21:00:00+00:00,1.1095,1.1115,1.10345,1.10355,8614.0
2006-08-31 21:00:00+00:00,1.10355,1.10735,1.10305,1.1042,8092.0
2006-09-02 21:00:00+00:00,1.1041,1.1043,1.1041,1.1043,2.0
2006-09-03 21:00:00+00:00,1.1043,1.1076,1.1041,1.10735,4083.0
2006-09-04 21:00:00+00:00,1.10715,1.1139,1.10675,1.11175,7829.0
2006-09-05 21:00:00+00:00,1.11175,1.1139,1.1045,1.10565,7882.0
2006-09-06 21:00:00+00:00,1.10555,1.1106,1.1044,1.10995,8432.0
2006-09-07 21:00:00+00:00,1.11005,1.1208,1.1092,1.1206,8480.0
2006-09-09 21:00:00+00:00,1.1202,1.1207,1.12,1.1204,37.0
2006-09-10 21:00:00+00:00,1.1204,1.1226,1.1173,1.12165,8777.0
2006-09-11 21:00:00+00:00,1.12165,1.12215,1.1156,1.1198,8498.0
2006-09-12 21:00:00+00:00,1.1198,1.1236,1.1169,1.1202,8727.0
2006-09-13 21:00:00+00:00,1.1201,1.1203,1.1121,1.1168,9212.0
2006-09-14 21:00:00+00:00,1.117,1.1222,1.1168,1.1191,8428.0
2006-09-16 21:00:00+00:00,1.1198,1.1198,1.1189,1.1196,111.0
2006-09-17 21:00:00+00:00,1.1196,1.1224,1.116,1.1178,7498.0
2006-09-18 21:00:00+00:00,1.1175,1.1286,1.1173,1.1271,9532.0
2006-09-19 21:00:00+00:00,1.1272,1.1296,1.1254,1.1278,8612.0
2006-09-20 21:00:00+00:00,1.1278,1.1286,1.1166,1.1197,9695.0
2006-09-21 21:00:00+00:00,1.1197,1.1209,1.1121,1.1176,8947.0
2006-09-23 21:00:00+00:00,1.1178,1.1178,1.1177,1.1178,85.0
2006-09-24 21:00:00+00:00,1.1179,1.1191,1.1143,1.1168,6949.0
2006-09-25 21:00:00+00:00,1.1168,1.1183,1.1127,1.1142,8524.0
2006-09-26 21:00:00+00:00,1.1142,1.1165,1.1089,1.1113,8932.0
2006-09-27 21:00:00+00:00,1.1113,1.1125,1.1086,1.1112,9365.0
2006-09-28 21:00:00+00:00,1.1112,1.119,1.1101,1.1179,10845.0
2006-09-30 21:00:00+00:00,1.1172,1.1177,1.1172,1.1176,131.0
2006-10-01 21:00:00+00:00,1.1176,1.1219,1.1147,1.1153,8786.0
2006-10-02 21:00:00+00:00,1.1154,1.1224,1.1149,1.1222,6990.0
2006-10-03 21:00:00+00:00,1.1222,1.1305,1.1217,1.1269,9922.0
2006-10-04 21:00:00+00:00,1.1268,1.1288,1.1242,1.1251,7789.0
2006-10-05 21:00:00+00:00,1.1251,1.1284,1.12,1.1256,9455.0
2006-10-07 21:00:00+00:00,1.1259,1.1268,1.1257,1.126,12.0
2006-10-08 21:00:00+00:00,1.126,1.1267,1.1212,1.1238,4603.0
2006-10-09 21:00:00+00:00,1.1239,1.1339,1.1226,1.1326,8858.0
2006-10-10 21:00:00+00:00,1.1327,1.1384,1.1327,1.1382,8905.0
2006-10-11 21:00:00+00:00,1.1381,1.1386,1.1332,1.1336,7479.0
2006-10-12 21:00:00+00:00,1.1336,1.1384,1.1321,1.1379,7003.0
2006-10-14 21:00:00+00:00,1.1375,1.1375,1.1371,1.1372,157.0
2006-10-15 21:00:00+00:00,1.1373,1.1393,1.1348,1.1374,8236.0
2006-10-16 21:00:00+00:00,1.1375,1.1413,1.1351,1.141,9377.0
2006-10-17 21:00:00+00:00,1.1409,1.1412,1.1356,1.1365,7967.0
2006-10-18 21:00:00+00:00,1.1368,1.1373,1.1265,1.1272,9051.0
2006-10-19 21:00:00+00:00,1.1273,1.1291,1.1205,1.1255,8562.0
2006-10-20 21:00:00+00:00,1.1255,1.1255,1.1255,1.1255,2.0
2006-10-21 21:00:00+00:00,1.1254,1.1256,1.1252,1.1252,132.0
2006-10-22 21:00:00+00:00,1.1252,1.1287,1.1243,1.1286,6909.0
2006-10-23 21:00:00+00:00,1.1285,1.1323,1.1249,1.1267,7679.0
2006-10-24 21:00:00+00:00,1.1265,1.1288,1.1234,1.1238,7306.0
2006-10-25 21:00:00+00:00,1.1237,1.1307,1.1213,1.1232,9355.0
2006-10-26 21:00:00+00:00,1.1231,1.1261,1.1179,1.1197,7833.0
2006-10-28 21:00:00+00:00,1.1194,1.1198,1.1194,1.1196,288.0
2006-10-29 22:00:00+00:00,1.1196,1.1264,1.118,1.1256,7536.0
2006-10-30 22:00:00+00:00,1.1257,1.1287,1.1199,1.1222,8457.0
2006-10-31 22:00:00+00:00,1.1221,1.1351,1.1212,1.1321,12650.0
2006-11-01 22:00:00+00:00,1.1323,1.1374,1.1305,1.1333,8760.0
2006-11-02 22:00:00+00:00,1.133,1.1356,1.1265,1.1299,8317.0
2006-11-04 22:00:00+00:00,1.1298,1.13,1.1298,1.1298,292.0
2006-11-05 22:00:00+00:00,1.1298,1.1365,1.1287,1.1298,6940.0
2006-11-06 22:00:00+00:00,1.1297,1.1308,1.1258,1.1298,8547.0
2006-11-07 22:00:00+00:00,1.1297,1.1326,1.1267,1.1296,7906.0
2006-11-08 22:00:00+00:00,1.1293,1.1332,1.1284,1.1294,7933.0
2006-11-09 22:00:00+00:00,1.1294,1.1324,1.1266,1.1321,8030.0
2006-11-11 22:00:00+00:00,1.1316,1.1321,1.1311,1.1313,287.0
2006-11-12 22:00:00+00:00,1.1315,1.1394,1.1304,1.1375,7329.0
2006-11-13 22:00:00+00:00,1.1375,1.1404,1.1345,1.1375,8910.0
2006-11-14 22:00:00+00:00,1.1375,1.1427,1.136,1.1387,8208.0
2006-11-15 22:00:00+00:00,1.139,1.1424,1.1367,1.1424,8353.0
2006-11-16 22:00:00+00:00,1.1423,1.1475,1.1405,1.1468,9476.0
2006-11-18 22:00:00+00:00,1.1468,1.1469,1.1463,1.1464,299.0
2006-11-19 22:00:00+00:00,1.1464,1.1485,1.1422,1.1465,7198.0
2006-11-20 22:00:00+00:00,1.1466,1.1494,1.1444,1.1464,7716.0
2006-11-21 22:00:00+00:00,1.1464,1.1467,1.1383,1.1415,8530.0
2006-11-22 22:00:00+00:00,1.1416,1.143,1.1398,1.1418,4924.0
2006-11-23 22:00:00+00:00,1.1414,1.1427,1.1306,1.1348,7995.0
2006-11-25 22:00:00+00:00,1.1352,1.1357,1.1315,1.1317,443.0
2006-11-26 22:00:00+00:00,1.1317,1.1351,1.1304,1.1334,6971.0
2006-11-27 22:00:00+00:00,1.1334,1.1335,1.1288,1.1306,7657.0
2006-11-28 22:00:00+00:00,1.1308,1.1389,1.1297,1.1381,10892.0
2006-11-29 22:00:00+00:00,1.1381,1.1437,1.1368,1.1404,10848.0
2006-11-30 22:00:00+00:00,1.1408,1.1466,1.1374,1.1449,9405.0
2006-12-02 22:00:00+00:00,1.1442,1.145,1.1439,1.1448,339.0
2006-12-03 22:00:00+00:00,1.1448,1.1476,1.1398,1.1406,8480.0
2006-12-04 22:00:00+00:00,1.1407,1.1434,1.1373,1.1424,8268.0
2006-12-05 22:00:00+00:00,1.1427,1.1486,1.1397,1.1476,8037.0
2006-12-06 22:00:00+00:00,1.1477,1.1504,1.146,1.1495,8494.0
2006-12-07 22:00:00+00:00,1.1496,1.1516,1.1445,1.1496,11581.0
2006-12-09 22:00:00+00:00,1.1485,1.1501,1.1485,1.1488,227.0
2006-12-10 22:00:00+00:00,1.1488,1.1506,1.1468,1.1479,7504.0
2006-12-11 22:00:00+00:00,1.148,1.1555,1.1457,1.1525,9850.0
2006-12-12 22:00:00+00:00,1.1523,1.1573,1.1498,1.1568,9253.0
2006-12-13 22:00:00+00:00,1.1567,1.1579,1.1537,1.1572,12424.0
2006-12-14 22:00:00+00:00,1.1574,1.1589,1.1528,1.1579,9381.0
2006-12-16 22:00:00+00:00,1.1579,1.1579,1.1576,1.1578,202.0
2006-12-17 22:00:00+00:00,1.1578,1.1587,1.1534,1.1572,7190.0
2006-12-18 22:00:00+00:00,1.1572,1.158,1.151,1.1526,8780.0
2006-12-19 22:00:00+00:00,1.1528,1.1537,1.1432,1.1489,10761.0
2006-12-20 22:00:00+00:00,1.1488,1.1563,1.1457,1.1548,9539.0
2006-12-21 22:00:00+00:00,1.1549,1.1589,1.1518,1.1586,7574.0
2006-12-24 22:00:00+00:00,1.1588,1.1592,1.1575,1.1581,707.0
2006-12-25 22:00:00+00:00,1.1583,1.1625,1.15725,1.1613,3557.0
2006-12-26 22:00:00+00:00,1.1613,1.16365,1.16015,1.1621,6148.0
2006-12-27 22:00:00+00:00,1.1619,1.1621,1.158,1.1604,7290.0
2006-12-28 22:00:00+00:00,1.1604,1.1669,1.1583,1.1659,7397.0
2006-12-31 22:00:00+00:00,1.166,1.166,1.166,1.166,23.0
2007-01-01 22:00:00+00:00,1.166,1.166,1.1625,1.1656,6125.0
2007-01-02 22:00:00+00:00,1.1656,1.1734,1.1637,1.1733,8778.0
2007-01-03 22:00:00+00:00,1.1736,1.1779,1.1716,1.1774,8626.0
2007-01-04 22:00:00+00:00,1.1775,1.1788,1.1722,1.1732,10065.0
2007-01-06 22:00:00+00:00,1.173,1.1733,1.1729,1.1732,67.0
2007-01-07 22:00:00+00:00,1.1733,1.1784,1.1724,1.1751,6646.0
2007-01-08 22:00:00+00:00,1.1751,1.1798,1.1733,1.1771,8666.0
2007-01-09 22:00:00+00:00,1.1772,1.1795,1.1739,1.1743,8807.0
2007-01-10 22:00:00+00:00,1.1742,1.1804,1.1688,1.1779,11672.0
2007-01-11 22:00:00+00:00,1.1779,1.1782,1.1685,1.1705,10095.0
2007-01-13 22:00:00+00:00,1.17,1.17,1.1691,1.1696,15.0
2007-01-14 22:00:00+00:00,1.1695,1.1705,1.1661,1.1683,5706.0
2007-01-15 22:00:00+00:00,1.1681,1.1774,1.1647,1.1758,9980.0
2007-01-16 22:00:00+00:00,1.1757,1.1771,1.1722,1.1729,8211.0
2007-01-17 22:00:00+00:00,1.173,1.1774,1.1713,1.1741,8544.0
2007-01-18 22:00:00+00:00,1.1742,1.1754,1.1699,1.1724,7988.0
2007-01-20 22:00:00+00:00,1.1728,1.1731,1.1723,1.1723,112.0
2007-01-21 22:00:00+00:00,1.1724,1.1836,1.1715,1.1821,8360.0
2007-01-22 22:00:00+00:00,1.182,1.18505,1.1788,1.1806,9336.0
2007-01-23 22:00:00+00:00,1.1807,1.1836,1.1764,1.1789,9752.0
2007-01-24 22:00:00+00:00,1.1789,1.1835,1.1731,1.1832,9605.0
2007-01-25 22:00:00+00:00,1.1832,1.1844,1.1781,1.1798,9034.0
2007-01-27 22:00:00+00:00,1.1792,1.1795,1.1792,1.1795,8.0
2007-01-28 22:00:00+00:00,1.1795,1.1848,1.179,1.1833,6236.0
2007-01-29 22:00:00+00:00,1.1834,1.1843,1.179,1.1794,7584.0
2007-01-30 22:00:00+00:00,1.1793,1.1842,1.1751,1.177,9520.0
2007-01-31 22:00:00+00:00,1.1771,1.1804,1.1738,1.1784,8682.0
2007-02-01 22:00:00+00:00,1.1785,1.187,1.1777,1.1843,9345.0
2007-02-03 22:00:00+00:00,1.1835,1.1845,1.1829,1.1843,38.0
2007-02-04 22:00:00+00:00,1.1842,1.1865,1.181,1.1825,6553.0
2007-02-05 22:00:00+00:00,1.1826,1.1843,1.181,1.1818,6474.0
2007-02-06 22:00:00+00:00,1.1819,1.1856,1.1815,1.1843,7641.0
2007-02-07 22:00:00+00:00,1.1842,1.1875,1.1822,1.1829,8757.0
2007-02-08 22:00:00+00:00,1.183,1.185,1.1715,1.1725,10286.0
2007-02-09 22:00:00+00:00,1.1722,1.1722,1.1721,1.1721,4.0
2007-02-10 22:00:00+00:00,1.1723,1.1736,1.1723,1.1734,50.0
2007-02-11 22:00:00+00:00,1.1734,1.1762,1.1708,1.1752,9199.0
2007-02-12 22:00:00+00:00,1.1755,1.1767,1.1661,1.1667,10229.0
2007-02-13 22:00:00+00:00,1.1667,1.1689,1.1645,1.1661,10403.0
2007-02-14 22:00:00+00:00,1.1662,1.1672,1.1622,1.1629,10602.0
2007-02-15 22:00:00+00:00,1.1629,1.1656,1.1622,1.1633,8807.0
2007-02-17 22:00:00+00:00,1.1631,1.1643,1.163,1.1642,979.0
2007-02-18 22:00:00+00:00,1.1642,1.1662,1.1632,1.1644,9110.0
2007-02-19 22:00:00+00:00,1.1645,1.1715,1.1638,1.1703,8745.0
2007-02-20 22:00:00+00:00,1.1703,1.1714,1.1597,1.16,11840.0
2007-02-21 22:00:00+00:00,1.1599,1.1632,1.1594,1.1622,12676.0
2007-02-22 22:00:00+00:00,1.1621,1.1629,1.1566,1.1598,14082.0
2007-02-24 22:00:00+00:00,1.1598,1.1599,1.1594,1.1596,19.0
2007-02-25 22:00:00+00:00,1.1594,1.161,1.1576,1.1606,13006.0
2007-02-26 22:00:00+00:00,1.1606,1.1673,1.1587,1.167,15409.0
2007-02-27 22:00:00+00:00,1.1669,1.1738,1.1657,1.1699,17835.0
2007-02-28 22:00:00+00:00,1.1696,1.1749,1.1673,1.1723,14883.0
2007-03-01 22:00:00+00:00,1.1727,1.1776,1.1706,1.1773,13753.0
2007-03-03 22:00:00+00:00,1.1774,1.1774,1.1764,1.1766,71.0
2007-03-04 22:00:00+00:00,1.1765,1.1826,1.1757,1.181,16673.0
2007-03-05 22:00:00+00:00,1.1811,1.1817,1.1731,1.1767,16090.0
2007-03-06 22:00:00+00:00,1.1767,1.1798,1.1746,1.1789,12529.0
2007-03-07 22:00:00+00:00,1.1788,1.1817,1.1767,1.1801,14786.0
2007-03-08 22:00:00+00:00,1.1802,1.1812,1.1704,1.1724,13803.0
2007-03-09 22:00:00+00:00,1.1723,1.1723,1.1723,1.1723,2.0
2007-03-10 22:00:00+00:00,1.1739,1.1739,1.1722,1.1726,48.0
2007-03-11 21:00:00+00:00,1.1728,1.174,1.1685,1.1719,13864.0
2007-03-12 21:00:00+00:00,1.1721,1.1755,1.1681,1.1752,14013.0
2007-03-13 21:00:00+00:00,1.1751,1.1775,1.1723,1.1766,14045.0
2007-03-14 21:00:00+00:00,1.1766,1.178,1.1734,1.1773,12129.0
2007-03-15 21:00:00+00:00,1.1773,1.1774,1.1715,1.1759,13022.0
2007-03-17 21:00:00+00:00,1.1759,1.1775,1.1758,1.1773,154.0
2007-03-18 21:00:00+00:00,1.1772,1.1782,1.1744,1.1772,11912.0
2007-03-19 21:00:00+00:00,1.1772,1.1787,1.1602,1.1619,14467.0
2007-03-20 21:00:00+00:00,1.1619,1.1634,1.1529,1.1557,15438.0
2007-03-21 21:00:00+00:00,1.1557,1.1595,1.1553,1.1574,12438.0
2007-03-22 21:00:00+00:00,1.1574,1.1612,1.1559,1.1608,11437.0
2007-03-24 21:00:00+00:00,1.1607,1.1607,1.1607,1.1607,106.0
2007-03-25 21:00:00+00:00,1.1607,1.1638,1.1593,1.1615,12266.0
2007-03-26 21:00:00+00:00,1.1613,1.1621,1.1556,1.1575,12754.0
2007-03-27 21:00:00+00:00,1.1574,1.1611,1.1558,1.1592,12098.0
2007-03-28 21:00:00+00:00,1.1588,1.1613,1.157,1.1591,13542.0
2007-03-29 21:00:00+00:00,1.1591,1.1593,1.15,1.15401,15174.0
2007-03-31 21:00:00+00:00,1.15364,1.15406,1.1516,1.1519,175.0
2007-04-01 21:00:00+00:00,1.1519,1.15716,1.15136,1.15635,10421.0
2007-04-02 21:00:00+00:00,1.15635,1.15976,1.15496,1.15855,13358.0
2007-04-03 21:00:00+00:00,1.15855,1.15945,1.1545,1.15915,13915.0
2007-04-04 21:00:00+00:00,1.15915,1.1594,1.1488,1.15115,14149.0
2007-04-05 21:00:00+00:00,1.15115,1.15356,1.14996,1.15141,7946.0
2007-04-06 21:00:00+00:00,1.15131,1.15131,1.15131,1.15131,1.0
2007-04-07 21:00:00+00:00,1.151,1.151,1.15085,1.15085,109.0
2007-04-08 21:00:00+00:00,1.15071,1.15314,1.15035,1.1527,7741.0
2007-04-09 21:00:00+00:00,1.1527,1.15292,1.14579,1.14745,13959.0
2007-04-10 21:00:00+00:00,1.1474,1.14795,1.13946,1.13961,11993.0
2007-04-11 21:00:00+00:00,1.13965,1.14135,1.1336,1.13465,14599.0
2007-04-12 21:00:00+00:00,1.13465,1.13947,1.133,1.13786,12648.0
2007-04-14 21:00:00+00:00,1.141,1.141,1.13602,1.13675,392.0
2007-04-15 21:00:00+00:00,1.13675,1.13681,1.13026,1.13171,14614.0
2007-04-16 21:00:00+00:00,1.13176,1.13446,1.12896,1.13106,16007.0
2007-04-17 21:00:00+00:00,1.13096,1.13415,1.1266,1.12781,14470.0
2007-04-18 21:00:00+00:00,1.12776,1.13095,1.1224,1.12967,14869.0
2007-04-19 21:00:00+00:00,1.12962,1.13019,1.12145,1.12381,14385.0
2007-04-21 21:00:00+00:00,1.12336,1.12336,1.12256,1.12331,16.0
2007-04-22 21:00:00+00:00,1.12331,1.12455,1.12165,1.1221,11085.0
2007-04-23 21:00:00+00:00,1.1221,1.1249,1.11934,1.12161,15523.0
2007-04-24 21:00:00+00:00,1.12146,1.12286,1.1137,1.11505,14210.0
2007-04-25 21:00:00+00:00,1.11505,1.1223,1.11425,1.12161,13731.0
2007-04-26 21:00:00+00:00,1.12156,1.12275,1.11286,1.11631,16208.0
2007-04-27 21:00:00+00:00,1.11641,1.11641,1.11641,1.11641,1.0
2007-04-28 21:00:00+00:00,1.11591,1.11641,1.11575,1.11591,102.0
2007-04-29 21:00:00+00:00,1.1159,1.11986,1.10499,1.10966,15444.0
2007-04-30 21:00:00+00:00,1.10971,1.11146,1.10487,1.11096,15880.0
2007-05-01 21:00:00+00:00,1.11101,1.1142,1.10665,1.10934,14292.0
2007-05-02 21:00:00+00:00,1.10924,1.10974,1.10549,1.10779,14670.0
2007-05-03 21:00:00+00:00,1.10759,1.10849,1.10326,1.10771,13100.0
2007-05-05 21:00:00+00:00,1.10776,1.10776,1.10686,1.107,93.0
2007-05-06 21:00:00+00:00,1.107,1.10751,1.10083,1.10196,6350.0
2007-05-07 21:00:00+00:00,1.1018,1.10603,1.10071,1.10485,13589.0
2007-05-08 21:00:00+00:00,1.10491,1.10937,1.10428,1.10476,14072.0
2007-05-09 21:00:00+00:00,1.10496,1.11285,1.10431,1.11124,13868.0
2007-05-10 21:00:00+00:00,1.11154,1.11662,1.10925,1.11061,14325.0
2007-05-12 21:00:00+00:00,1.11111,1.11136,1.11046,1.11071,41.0
2007-05-13 21:00:00+00:00,1.11076,1.11267,1.10555,1.10589,13673.0
2007-05-14 21:00:00+00:00,1.10584,1.1073,1.09652,1.09859,15589.0
2007-05-15 21:00:00+00:00,1.09889,1.10634,1.09691,1.10461,15470.0
2007-05-16 21:00:00+00:00,1.10456,1.1056,1.09684,1.09989,12738.0
2007-05-17 21:00:00+00:00,1.09984,1.1001,1.0878,1.08866,14864.0
2007-05-19 21:00:00+00:00,1.08829,1.08976,1.08824,1.08966,81.0
2007-05-20 21:00:00+00:00,1.08971,1.09001,1.08244,1.08468,14400.0
2007-05-21 21:00:00+00:00,1.08473,1.08788,1.08288,1.08642,15963.0
2007-05-22 21:00:00+00:00,1.08642,1.08896,1.0813,1.08221,14673.0
2007-05-23 21:00:00+00:00,1.08233,1.08536,1.08036,1.08376,15969.0
2007-05-24 21:00:00+00:00,1.08366,1.08724,1.07776,1.08036,14280.0
2007-05-26 21:00:00+00:00,1.08171,1.08171,1.07911,1.07946,41.0
2007-05-27 21:00:00+00:00,1.07951,1.08134,1.07885,1.07991,3714.0
2007-05-28 21:00:00+00:00,1.0799,1.08364,1.07108,1.07369,16920.0
2007-05-29 21:00:00+00:00,1.07384,1.07584,1.06884,1.07428,15793.0
2007-05-30 21:00:00+00:00,1.07433,1.07465,1.06656,1.06887,15548.0
2007-05-31 21:00:00+00:00,1.06892,1.07107,1.05988,1.06085,15500.0
2007-06-02 21:00:00+00:00,1.05928,1.06115,1.05928,1.06115,37.0
2007-06-03 21:00:00+00:00,1.0611,1.0621,1.055,1.05867,13879.0
2007-06-04 21:00:00+00:00,1.05862,1.06385,1.05626,1.0634,14860.0
2007-06-05 21:00:00+00:00,1.06335,1.06385,1.05616,1.05845,14351.0
2007-06-06 21:00:00+00:00,1.0585,1.06557,1.05615,1.06475,15495.0
2007-06-07 21:00:00+00:00,1.06475,1.07138,1.05954,1.0608,17924.0
2007-06-09 21:00:00+00:00,1.06095,1.06135,1.0606,1.06135,28.0
2007-06-10 21:00:00+00:00,1.06125,1.0635,1.05976,1.0599,11897.0
2007-06-11 21:00:00+00:00,1.06006,1.06782,1.059,1.06782,14321.0
2007-06-12 21:00:00+00:00,1.06787,1.07392,1.06466,1.06588,16093.0
2007-06-13 21:00:00+00:00,1.06558,1.06904,1.06478,1.06835,20169.0
2007-06-14 21:00:00+00:00,1.06845,1.06925,1.0605,1.0678,14257.0
2007-06-16 21:00:00+00:00,1.067,1.06725,1.0669,1.067,8.0
2007-06-17 21:00:00+00:00,1.0671,1.0752,1.06525,1.0711,12704.0
2007-06-18 21:00:00+00:00,1.07115,1.07325,1.06161,1.06238,16315.0
2007-06-19 21:00:00+00:00,1.06263,1.06864,1.06193,1.06631,18879.0
2007-06-20 21:00:00+00:00,1.06645,1.07584,1.06455,1.07462,15765.0
2007-06-21 21:00:00+00:00,1.07457,1.07506,1.0666,1.06796,16714.0
2007-06-23 21:00:00+00:00,1.06935,1.06935,1.0691,1.0691,95.0
2007-06-24 21:00:00+00:00,1.0691,1.0732,1.0681,1.07015,12759.0
2007-06-25 21:00:00+00:00,1.07025,1.0726,1.0672,1.06945,13842.0
2007-06-26 21:00:00+00:00,1.0696,1.07341,1.06876,1.07052,16082.0
2007-06-27 21:00:00+00:00,1.07057,1.07162,1.05752,1.05944,16458.0
2007-06-28 21:00:00+00:00,1.05942,1.06582,1.0462,1.0652,19334.0
2007-06-29 21:00:00+00:00,1.0653,1.0653,1.0647,1.0647,2.0
2007-06-30 21:00:00+00:00,1.06372,1.06435,1.06315,1.06315,20.0
2007-07-01 21:00:00+00:00,1.06295,1.0638,1.05274,1.05586,13384.0
2007-07-02 21:00:00+00:00,1.05597,1.06354,1.05417,1.06138,13068.0
2007-07-03 21:00:00+00:00,1.06138,1.06178,1.05584,1.05768,8635.0
2007-07-04 21:00:00+00:00,1.05768,1.0593,1.0555,1.05625,13702.0
2007-07-05 21:00:00+00:00,1.05625,1.05698,1.04638,1.04947,14996.0
2007-07-07 21:00:00+00:00,1.04934,1.04942,1.04867,1.04942,135.0
2007-07-08 21:00:00+00:00,1.04942,1.0504,1.04454,1.04985,12390.0
2007-07-09 21:00:00+00:00,1.04985,1.05478,1.04764,1.05408,16252.0
2007-07-10 21:00:00+00:00,1.05413,1.06118,1.05341,1.0544,16950.0
2007-07-11 21:00:00+00:00,1.0544,1.05565,1.04508,1.04588,21003.0
2007-07-12 21:00:00+00:00,1.04588,1.04988,1.0447,1.04762,16774.0
2007-07-14 21:00:00+00:00,1.0481,1.0486,1.0481,1.0483,87.0
2007-07-15 21:00:00+00:00,1.0483,1.0485,1.0417,1.04385,18813.0
2007-07-16 21:00:00+00:00,1.04385,1.04532,1.04214,1.0438,16496.0
2007-07-17 21:00:00+00:00,1.0438,1.0479,1.04,1.0438,16984.0
2007-07-18 21:00:00+00:00,1.0438,1.04646,1.04134,1.04343,12441.0
2007-07-19 21:00:00+00:00,1.04343,1.04978,1.04148,1.04875,12961.0
2007-07-21 21:00:00+00:00,1.0479,1.04865,1.0478,1.0483,113.0
2007-07-22 21:00:00+00:00,1.0483,1.0487,1.04258,1.04682,13809.0
2007-07-23 21:00:00+00:00,1.04684,1.04742,1.03418,1.03585,14701.0
2007-07-24 21:00:00+00:00,1.03585,1.04488,1.0341,1.04175,15832.0
2007-07-25 21:00:00+00:00,1.04175,1.05548,1.0405,1.05356,14809.0
2007-07-26 21:00:00+00:00,1.05366,1.06485,1.05251,1.06425,18021.0
2007-07-28 21:00:00+00:00,1.06395,1.0645,1.06385,1.0644,115.0
2007-07-29 21:00:00+00:00,1.0644,1.07002,1.06395,1.06723,12507.0
2007-07-30 21:00:00+00:00,1.06702,1.06872,1.0586,1.06655,12900.0
2007-07-31 21:00:00+00:00,1.0666,1.06978,1.05528,1.05623,14232.0
2007-08-01 21:00:00+00:00,1.05628,1.05994,1.05088,1.05223,13926.0
2007-08-02 21:00:00+00:00,1.05218,1.05768,1.0502,1.05695,14392.0
2007-08-04 21:00:00+00:00,1.0558,1.0573,1.0558,1.0568,194.0
2007-08-05 21:00:00+00:00,1.0568,1.05886,1.0505,1.05265,13247.0
2007-08-06 21:00:00+00:00,1.05265,1.05762,1.04905,1.05515,16348.0
2007-08-07 21:00:00+00:00,1.05515,1.0566,1.04634,1.04872,15583.0
2007-08-08 21:00:00+00:00,1.04867,1.06428,1.04708,1.05792,17249.0
2007-08-09 21:00:00+00:00,1.05802,1.06176,1.05164,1.05325,14696.0
2007-08-10 21:00:00+00:00,1.05315,1.05318,1.05315,1.05315,8.0
2007-08-11 21:00:00+00:00,1.0536,1.0541,1.0536,1.0538,97.0
2007-08-12 21:00:00+00:00,1.0538,1.0565,1.0485,1.0539,15978.0
2007-08-13 21:00:00+00:00,1.054,1.06856,1.05345,1.0673,19589.0
2007-08-14 21:00:00+00:00,1.0673,1.0797,1.06717,1.07885,20057.0
2007-08-15 21:00:00+00:00,1.07875,1.0869,1.06735,1.076,23643.0
2007-08-16 21:00:00+00:00,1.076,1.07945,1.0556,1.05995,19634.0
2007-08-19 21:00:00+00:00,1.06035,1.0627,1.0533,1.05534,18758.0
2007-08-20 21:00:00+00:00,1.05538,1.0649,1.05445,1.06215,17759.0
2007-08-21 21:00:00+00:00,1.0621,1.0665,1.05732,1.06206,14111.0
2007-08-22 21:00:00+00:00,1.06211,1.06344,1.04734,1.0532,18145.0
2007-08-23 21:00:00+00:00,1.0533,1.05683,1.04924,1.05201,16113.0
2007-08-26 21:00:00+00:00,1.05181,1.05508,1.04714,1.05453,12412.0
2007-08-27 21:00:00+00:00,1.05463,1.06526,1.0534,1.06415,15262.0
2007-08-28 21:00:00+00:00,1.0642,1.06785,1.0578,1.06015,13954.0
2007-08-29 21:00:00+00:00,1.06015,1.06632,1.05448,1.05862,16688.0
2007-08-30 21:00:00+00:00,1.05862,1.05954,1.05064,1.05575,16128.0
2007-09-01 21:00:00+00:00,1.05615,1.05615,1.0558,1.05585,10.0
2007-09-02 21:00:00+00:00,1.0558,1.05595,1.05174,1.0528,8048.0
2007-09-03 21:00:00+00:00,1.05255,1.057,1.04826,1.04927,15337.0
2007-09-04 21:00:00+00:00,1.04927,1.05672,1.04847,1.05385,14774.0
2007-09-05 21:00:00+00:00,1.05385,1.05832,1.05068,1.05213,16030.0
2007-09-06 21:00:00+00:00,1.05188,1.05762,1.04715,1.0552,16032.0
2007-09-09 21:00:00+00:00,1.05495,1.05925,1.0517,1.05205,14054.0
2007-09-10 21:00:00+00:00,1.05205,1.05315,1.04116,1.04235,19632.0
2007-09-11 21:00:00+00:00,1.04245,1.04452,1.03542,1.03682,20230.0
2007-09-12 21:00:00+00:00,1.03692,1.03818,1.03122,1.03411,17983.0
2007-09-13 21:00:00+00:00,1.03422,1.03652,1.02776,1.02985,16685.0
2007-09-15 21:00:00+00:00,1.0299,1.03035,1.0299,1.03015,11.0
2007-09-16 21:00:00+00:00,1.0302,1.0313,1.024,1.02775,16664.0
2007-09-17 21:00:00+00:00,1.02775,1.02895,1.01218,1.01288,18113.0
2007-09-18 21:00:00+00:00,1.01283,1.01815,1.00834,1.01512,21174.0
2007-09-19 21:00:00+00:00,1.01522,1.01552,0.9994,1.0024,17674.0
2007-09-20 21:00:00+00:00,1.00235,1.0055,0.9933,1.0009,17770.0
2007-09-22 21:00:00+00:00,1.00055,1.00115,0.99964,0.9998,68.0
2007-09-23 21:00:00+00:00,1.0001,1.00295,0.99715,1.0022,14234.0
2007-09-24 21:00:00+00:00,1.00225,1.00647,0.9998,1.00378,13861.0
2007-09-25 21:00:00+00:00,1.00378,1.0096,1.00223,1.00387,17474.0
2007-09-26 21:00:00+00:00,1.00377,1.00582,0.99772,1.00156,17668.0
2007-09-27 21:00:00+00:00,1.00156,1.00216,0.9915,0.99235,17082.0
2007-09-29 21:00:00+00:00,0.99235,0.9946,0.99235,0.9937,204.0
2007-09-30 21:00:00+00:00,0.9937,0.99572,0.99104,0.99178,16935.0
2007-10-01 21:00:00+00:00,0.99178,1.0011,0.99123,0.9976,16524.0
2007-10-02 21:00:00+00:00,0.99785,0.9993,0.9936,0.99827,17239.0
2007-10-03 21:00:00+00:00,0.99827,1.00164,0.99632,0.99682,16677.0
2007-10-04 21:00:00+00:00,0.99676,0.99832,0.9787,0.9806,18159.0
2007-10-06 21:00:00+00:00,0.9813,0.98155,0.9808,0.9811,16.0
2007-10-07 21:00:00+00:00,0.98105,0.9877,0.9804,0.98687,11108.0
2007-10-08 21:00:00+00:00,0.98687,0.98958,0.98135,0.98155,16368.0
2007-10-09 21:00:00+00:00,0.98155,0.9835,0.9792,0.9817,16332.0
2007-10-10 21:00:00+00:00,0.98165,0.98275,0.97292,0.97672,17707.0
2007-10-11 21:00:00+00:00,0.97667,0.9798,0.9718,0.9719,16173.0
2007-10-12 21:00:00+00:00,0.9708,0.9719,0.9708,0.9719,3.0
2007-10-13 21:00:00+00:00,0.9714,0.9728,0.97115,0.97215,73.0
2007-10-14 21:00:00+00:00,0.97175,0.97778,0.97068,0.97667,16342.0
2007-10-15 21:00:00+00:00,0.97672,0.98162,0.97447,0.97918,19548.0
2007-10-16 21:00:00+00:00,0.97928,0.98218,0.97286,0.97458,19125.0
2007-10-17 21:00:00+00:00,0.97453,0.97786,0.97212,0.97366,18124.0
2007-10-18 21:00:00+00:00,0.97371,0.97561,0.96338,0.96683,13873.0
2007-10-20 21:00:00+00:00,0.96647,0.96758,0.96568,0.96698,126.0
2007-10-21 21:00:00+00:00,0.96688,0.9824,0.96539,0.97911,21319.0
2007-10-22 21:00:00+00:00,0.97906,0.97946,0.96282,0.96653,14664.0
2007-10-23 21:00:00+00:00,0.96653,0.97338,0.96433,0.96873,20379.0
2007-10-24 21:00:00+00:00,0.96883,0.96998,0.96138,0.96697,26047.0
2007-10-25 21:00:00+00:00,0.96697,0.96722,0.95896,0.96209,30076.0
2007-10-27 21:00:00+00:00,0.96218,0.96218,0.9611,0.9612,51.0
2007-10-28 21:00:00+00:00,0.96155,0.96278,0.95152,0.95405,26237.0
2007-10-29 21:00:00+00:00,0.95405,0.95762,0.95134,0.954,24051.0
2007-10-30 21:00:00+00:00,0.9539,0.95647,0.9417,0.94301,27907.0
2007-10-31 21:00:00+00:00,0.94305,0.952,0.94239,0.9509,33339.0
2007-11-01 21:00:00+00:00,0.9509,0.95219,0.93272,0.93473,25862.0
2007-11-03 21:00:00+00:00,0.93473,0.93588,0.93423,0.93515,570.0
2007-11-04 22:00:00+00:00,0.93515,0.93707,0.93048,0.93335,28152.0
2007-11-05 22:00:00+00:00,0.9333,0.93378,0.92006,0.9205,28343.0
2007-11-06 22:00:00+00:00,0.9205,0.9307,0.90584,0.9307,34694.0
2007-11-07 22:00:00+00:00,0.9306,0.94035,0.92364,0.93495,28992.0
2007-11-08 22:00:00+00:00,0.9354,0.94485,0.92525,0.9448,24258.0
2007-11-10 22:00:00+00:00,0.94305,0.946,0.94235,0.94585,168.0
2007-11-11 22:00:00+00:00,0.9457,0.97056,0.9434,0.9688,22678.0
2007-11-12 22:00:00+00:00,0.9688,0.9724,0.95236,0.959,27243.0
2007-11-13 22:00:00+00:00,0.9591,0.96765,0.95131,0.96728,27260.0
2007-11-14 22:00:00+00:00,0.9673,0.98646,0.96066,0.98545,22462.0
2007-11-15 22:00:00+00:00,0.9853,0.98876,0.9706,0.9733,23926.0
2007-11-16 22:00:00+00:00,0.9733,0.9733,0.9733,0.9733,5.0
2007-11-17 22:00:00+00:00,0.97399,0.9782,0.97399,0.9773,571.0
2007-11-18 22:00:00+00:00,0.9773,0.985,0.97052,0.98371,22471.0
2007-11-19 22:00:00+00:00,0.9838,0.98649,0.97438,0.97916,24586.0
2007-11-20 22:00:00+00:00,0.97916,0.99259,0.97759,0.9869,35021.0
2007-11-21 22:00:00+00:00,0.98695,0.98865,0.97907,0.98585,12033.0
2007-11-22 22:00:00+00:00,0.98585,0.98992,0.98,0.9895,14761.0
2007-11-24 22:00:00+00:00,0.98742,0.98841,0.98695,0.98715,389.0
2007-11-25 22:00:00+00:00,0.98715,0.99148,0.98012,0.99024,14551.0
2007-11-26 22:00:00+00:00,0.99034,1.00014,0.98229,0.9965,25653.0
2007-11-27 22:00:00+00:00,0.9965,0.99988,0.9845,0.98545,21425.0
2007-11-28 22:00:00+00:00,0.9853,0.9993,0.98364,0.99835,20937.0
2007-11-29 22:00:00+00:00,0.99835,1.002,0.9924,0.99885,19459.0
2007-12-01 22:00:00+00:00,0.99885,1.00015,0.99885,0.99985,262.0
2007-12-02 22:00:00+00:00,0.9998,1.00424,0.99755,0.99934,21654.0
2007-12-03 22:00:00+00:00,0.99942,1.01545,0.999,1.0104,22168.0
2007-12-04 22:00:00+00:00,1.01025,1.0216,1.00868,1.01165,24117.0
2007-12-05 22:00:00+00:00,1.0114,1.01953,1.00715,1.00805,24393.0
2007-12-06 22:00:00+00:00,1.00815,1.015,1.00095,1.00535,19138.0
2007-12-08 22:00:00+00:00,1.00535,1.00545,1.00403,1.00435,256.0
2007-12-09 22:00:00+00:00,1.00435,1.012,1.0006,1.00724,22821.0
2007-12-10 22:00:00+00:00,1.00735,1.01687,1.00394,1.01515,24059.0
2007-12-11 22:00:00+00:00,1.01515,1.0177,1.00553,1.01243,21950.0
2007-12-12 22:00:00+00:00,1.0124,1.02356,1.00966,1.02085,13118.0
2007-12-13 22:00:00+00:00,1.0209,1.0249,1.013,1.01725,16591.0
2007-12-15 22:00:00+00:00,1.01695,1.01845,1.0164,1.018,234.0
2007-12-16 22:00:00+00:00,1.018,1.02295,1.00275,1.00525,23676.0
2007-12-17 22:00:00+00:00,1.00525,1.01445,1.00125,1.00579,23864.0
2007-12-18 22:00:00+00:00,1.00578,1.00924,1.0018,1.00255,20601.0
2007-12-19 22:00:00+00:00,1.0024,1.00486,0.99526,1.00145,17498.0
2007-12-20 22:00:00+00:00,1.00185,1.0021,0.99125,0.99177,18436.0
2007-12-22 22:00:00+00:00,0.9916,0.992,0.99135,0.99165,379.0
2007-12-23 22:00:00+00:00,0.99165,0.99332,0.98375,0.9838,12033.0
2007-12-24 22:00:00+00:00,0.98375,0.98695,0.98315,0.9855,327.0
2007-12-25 22:00:00+00:00,0.98525,0.98675,0.98035,0.98155,9311.0
2007-12-26 22:00:00+00:00,0.9816,0.9855,0.97856,0.9804,17522.0
2007-12-27 22:00:00+00:00,0.9802,0.9849,0.97565,0.98155,18221.0
2007-12-29 22:00:00+00:00,0.98129,0.98155,0.9806,0.98065,36.0
2007-12-30 22:00:00+00:00,0.98075,0.9986,0.97635,0.9984,11598.0
2007-12-31 22:00:00+00:00,0.9986,0.99865,0.99135,0.9925,373.0
2008-01-01 22:00:00+00:00,0.9925,0.99713,0.98615,0.99373,16671.0
2008-01-02 22:00:00+00:00,0.99378,0.99672,0.9874,0.98965,17227.0
2008-01-03 22:00:00+00:00,0.9895,1.0044,0.9842,1.00285,22561.0
2008-01-05 22:00:00+00:00,1.00256,1.00275,1.00185,1.0023,154.0
2008-01-06 22:00:00+00:00,1.00235,1.0081,0.9969,1.00469,23659.0
2008-01-07 22:00:00+00:00,1.00484,1.00775,0.99664,1.00638,23935.0
2008-01-08 22:00:00+00:00,1.00635,1.01238,1.0021,1.0101,23479.0
2008-01-09 22:00:00+00:00,1.01015,1.01502,1.00522,1.0101,24197.0
2008-01-10 22:00:00+00:00,1.0103,1.02227,1.00698,1.0189,26275.0
2008-01-12 22:00:00+00:00,1.02005,1.02015,1.0194,1.0197,455.0
2008-01-13 22:00:00+00:00,1.0197,1.02132,1.01474,1.0171,24893.0
2008-01-14 22:00:00+00:00,1.01705,1.01982,1.0125,1.01842,21412.0
2008-01-15 22:00:00+00:00,1.01858,1.02838,1.01538,1.02518,32916.0
2008-01-16 22:00:00+00:00,1.02508,1.03086,1.01818,1.02945,26728.0
2008-01-17 22:00:00+00:00,1.02935,1.0307,1.02168,1.02728,24076.0
2008-01-19 22:00:00+00:00,1.02714,1.02742,1.02602,1.02627,195.0
2008-01-20 22:00:00+00:00,1.02627,1.03549,1.02612,1.03499,14955.0
2008-01-21 22:00:00+00:00,1.03499,1.0379,1.0208,1.02942,26458.0
2008-01-22 22:00:00+00:00,1.02932,1.03188,1.0223,1.02413,25075.0
2008-01-23 22:00:00+00:00,1.02388,1.02569,1.0014,1.00365,28238.0
2008-01-24 22:00:00+00:00,1.0036,1.01093,1.00165,1.00818,28283.0
2008-01-26 22:00:00+00:00,1.00774,1.01038,1.00728,1.00953,108.0
2008-01-27 22:00:00+00:00,1.00953,1.01188,1.00234,1.00359,16809.0
2008-01-28 22:00:00+00:00,1.00354,1.00707,0.9945,0.9984,19503.0
2008-01-29 22:00:00+00:00,0.99835,1.0003,0.9873,0.99315,17150.0
2008-01-30 22:00:00+00:00,0.99315,1.0087,0.99247,1.0029,25141.0
2008-01-31 22:00:00+00:00,1.0029,1.00365,0.99175,0.99525,22300.0
2008-02-02 22:00:00+00:00,0.99525,0.9954,0.99435,0.99445,73.0
2008-02-03 22:00:00+00:00,0.9945,1.0014,0.9923,0.9935,17554.0
2008-02-04 22:00:00+00:00,0.99355,1.0081,0.9928,1.0079,21596.0
2008-02-05 22:00:00+00:00,1.008,1.01044,1.00066,1.00603,22872.0
2008-02-06 22:00:00+00:00,1.00603,1.01276,1.00463,1.00871,20363.0
2008-02-07 22:00:00+00:00,1.00886,1.01021,0.9947,0.9988,21151.0
2008-02-09 22:00:00+00:00,0.9998,1.0018,0.9997,0.9999,433.0
2008-02-10 22:00:00+00:00,0.9999,1.00338,0.99566,1.00165,18208.0
2008-02-11 22:00:00+00:00,1.00165,1.0043,0.99384,1.00173,18982.0
2008-02-12 22:00:00+00:00,1.00173,1.00294,0.99654,0.99713,20232.0
2008-02-13 22:00:00+00:00,0.99713,1.00162,0.99376,1.00025,23075.0
2008-02-14 22:00:00+00:00,1.00025,1.01134,0.99206,1.00693,22507.0
2008-02-16 22:00:00+00:00,1.00715,1.0099,1.00715,1.00945,98.0
2008-02-17 22:00:00+00:00,1.00935,1.00986,1.00486,1.00762,11615.0
2008-02-18 22:00:00+00:00,1.00762,1.01772,1.00216,1.0171,21373.0
2008-02-19 22:00:00+00:00,1.0171,1.01988,1.01066,1.01287,22567.0
2008-02-20 22:00:00+00:00,1.01287,1.01432,1.00668,1.01128,21764.0
2008-02-21 22:00:00+00:00,1.01118,1.01678,1.00718,1.01276,21868.0
2008-02-23 22:00:00+00:00,1.01201,1.01303,1.01051,1.01283,315.0
2008-02-24 22:00:00+00:00,1.01283,1.01306,0.9947,0.9962,21616.0
2008-02-25 22:00:00+00:00,0.9962,0.9985,0.97844,0.98148,26354.0
2008-02-26 22:00:00+00:00,0.98148,0.98328,0.97594,0.98033,25904.0
2008-02-27 22:00:00+00:00,0.98033,0.98228,0.97106,0.97517,21973.0
2008-02-28 22:00:00+00:00,0.97517,0.98943,0.97492,0.9879,24939.0
2008-03-01 22:00:00+00:00,0.98657,0.98702,0.98505,0.98545,427.0
2008-03-02 22:00:00+00:00,0.98545,0.9934,0.98272,0.99016,21162.0
2008-03-03 22:00:00+00:00,0.99016,0.9978,0.98536,0.9936,24975.0
2008-03-04 22:00:00+00:00,0.9936,0.99542,0.98344,0.98431,19782.0
2008-03-05 22:00:00+00:00,0.98426,0.9885,0.98186,0.98571,19192.0
2008-03-06 22:00:00+00:00,0.98565,0.99246,0.97415,0.99082,22549.0
2008-03-08 22:00:00+00:00,0.99012,0.99012,0.99012,0.99012,40.0
2008-03-09 21:00:00+00:00,0.99012,0.99846,0.98566,0.99652,21591.0
2008-03-10 21:00:00+00:00,0.99655,0.99728,0.98928,0.99215,20284.0
2008-03-11 21:00:00+00:00,0.9919,0.99372,0.9837,0.98962,23004.0
2008-03-12 21:00:00+00:00,0.98942,0.99182,0.97972,0.98422,25990.0
2008-03-13 21:00:00+00:00,0.98422,0.99662,0.98167,0.98932,24439.0
2008-03-15 21:00:00+00:00,0.98902,0.99137,0.98857,0.98872,175.0
2008-03-16 21:00:00+00:00,0.98877,1.00137,0.98592,0.99792,20666.0
2008-03-17 21:00:00+00:00,0.99792,0.99892,0.9892,0.99218,21328.0
2008-03-18 21:00:00+00:00,0.99218,1.01747,0.98765,1.01372,24150.0
2008-03-19 21:00:00+00:00,1.01372,1.0294,1.01072,1.0235,23782.0
2008-03-20 21:00:00+00:00,1.0235,1.0267,1.02215,1.0233,4733.0
2008-03-22 21:00:00+00:00,1.0233,1.026,1.0233,1.0254,214.0
2008-03-23 21:00:00+00:00,1.02535,1.03085,1.01575,1.01735,15045.0
2008-03-24 21:00:00+00:00,1.0174,1.02228,1.01268,1.01655,21562.0
2008-03-25 21:00:00+00:00,1.0166,1.02076,1.0095,1.01796,20160.0
2008-03-26 21:00:00+00:00,1.01781,1.02346,1.01262,1.01869,23598.0
2008-03-27 21:00:00+00:00,1.01881,1.0229,1.01436,1.02265,17848.0
2008-03-29 21:00:00+00:00,1.02215,1.0225,1.02215,1.0225,62.0
2008-03-30 21:00:00+00:00,1.0225,1.02936,1.01916,1.02525,22435.0
2008-03-31 21:00:00+00:00,1.02525,1.03266,1.0206,1.0213,21665.0
2008-04-01 21:00:00+00:00,1.02133,1.02445,1.01304,1.01628,24924.0
2008-04-02 21:00:00+00:00,1.01638,1.01677,1.0028,1.0048,24441.0
2008-04-03 21:00:00+00:00,1.0047,1.01034,1.00204,1.00855,23464.0
2008-04-04 21:00:00+00:00,1.00848,1.00848,1.00848,1.00848,1.0
2008-04-05 21:00:00+00:00,1.00848,1.00967,1.00817,1.00887,107.0
2008-04-06 21:00:00+00:00,1.00887,1.01427,1.00398,1.01407,20177.0
2008-04-07 21:00:00+00:00,1.01407,1.01742,1.01074,1.01327,23232.0
2008-04-08 21:00:00+00:00,1.01327,1.02196,1.0126,1.01842,25133.0
2008-04-09 21:00:00+00:00,1.01842,1.0226,1.01554,1.01942,23469.0
2008-04-10 21:00:00+00:00,1.01957,1.02492,1.01336,1.02316,23347.0
2008-04-12 21:00:00+00:00,1.02537,1.02762,1.02537,1.02712,389.0
2008-04-13 21:00:00+00:00,1.02712,1.02744,1.01772,1.01895,23588.0
2008-04-14 21:00:00+00:00,1.01885,1.0239,1.0164,1.0182,21085.0
2008-04-15 21:00:00+00:00,1.01815,1.01865,1.00015,1.001,25412.0
2008-04-16 21:00:00+00:00,1.001,1.0144,0.9988,1.01055,27054.0
2008-04-17 21:00:00+00:00,1.01055,1.0147,1.00268,1.00423,21722.0
2008-04-19 21:00:00+00:00,1.00463,1.00568,1.00448,1.00553,109.0
2008-04-20 21:00:00+00:00,1.00553,1.00948,0.99988,1.00606,21537.0
2008-04-21 21:00:00+00:00,1.00523,1.01536,1.00264,1.00818,24714.0
2008-04-22 21:00:00+00:00,1.00818,1.02158,1.00608,1.01698,21729.0
2008-04-23 21:00:00+00:00,1.01688,1.0214,1.01218,1.01422,24601.0
2008-04-24 21:00:00+00:00,1.01422,1.02046,1.01228,1.01381,23968.0
2008-04-26 21:00:00+00:00,1.0137,1.01494,1.01325,1.0142,123.0
2008-04-27 21:00:00+00:00,1.0142,1.0183,1.00685,1.01265,20031.0
2008-04-28 21:00:00+00:00,1.01264,1.01664,1.01086,1.01255,19832.0
2008-04-29 21:00:00+00:00,1.0126,1.01431,1.00382,1.00797,22081.0
2008-04-30 21:00:00+00:00,1.00797,1.02382,1.00616,1.0189,19140.0
2008-05-01 21:00:00+00:00,1.01961,1.02436,1.01468,1.01944,22248.0
2008-05-03 21:00:00+00:00,1.01886,1.01955,1.01885,1.0195,67.0
2008-05-04 21:00:00+00:00,1.0195,1.02,1.01214,1.01255,15395.0
2008-05-05 21:00:00+00:00,1.01255,1.01458,0.9999,1.00248,23604.0
2008-05-06 21:00:00+00:00,1.00245,1.00981,1.00058,1.00931,23295.0
2008-05-07 21:00:00+00:00,1.00931,1.01768,1.00801,1.01723,25881.0
2008-05-08 21:00:00+00:00,1.01748,1.01773,1.00431,1.00526,23743.0
2008-05-10 21:00:00+00:00,1.00605,1.00618,1.00593,1.00593,13.0
2008-05-11 21:00:00+00:00,1.00588,1.0106,1.00248,1.00443,18457.0
2008-05-12 21:00:00+00:00,1.00413,1.00942,0.99864,1.00385,21425.0
2008-05-13 21:00:00+00:00,1.00375,1.00678,0.99646,1.00362,24226.0
2008-05-14 21:00:00+00:00,1.00362,1.00622,0.99922,0.99978,21538.0
2008-05-15 21:00:00+00:00,0.99978,1.00196,0.99442,0.99922,22629.0
2008-05-17 21:00:00+00:00,0.99952,0.99997,0.99922,0.99987,217.0
2008-05-18 21:00:00+00:00,0.99987,1.00012,0.98998,0.99155,16367.0
2008-05-19 21:00:00+00:00,0.99155,0.99606,0.98738,0.99234,18940.0
2008-05-20 21:00:00+00:00,0.99234,0.99279,0.98215,0.98377,21054.0
2008-05-21 21:00:00+00:00,0.98362,0.98772,0.98282,0.98469,21422.0
2008-05-22 21:00:00+00:00,0.98459,0.98998,0.98347,0.98989,18523.0
2008-05-24 21:00:00+00:00,0.98902,0.98927,0.98897,0.98897,6.0
2008-05-25 21:00:00+00:00,0.98877,0.99346,0.98625,0.9911,7611.0
2008-05-26 21:00:00+00:00,0.99145,0.99484,0.98694,0.99389,18308.0
2008-05-27 21:00:00+00:00,0.99389,0.99588,0.98897,0.99007,20105.0
2008-05-28 21:00:00+00:00,0.99007,0.99226,0.9826,0.98775,22323.0
2008-05-29 21:00:00+00:00,0.98775,0.99788,0.98725,0.9934,22420.0
2008-05-30 21:00:00+00:00,0.9934,0.9934,0.9934,0.9934,2.0
2008-05-31 21:00:00+00:00,0.99422,0.99562,0.99392,0.9949,283.0
2008-06-01 21:00:00+00:00,0.9949,1.00278,0.99288,1.00132,22597.0
2008-06-02 21:00:00+00:00,1.00137,1.0096,0.99678,1.00885,23366.0
2008-06-03 21:00:00+00:00,1.00889,1.01893,1.0079,1.0164,23970.0
2008-06-04 21:00:00+00:00,1.0164,1.02204,1.01415,1.01783,26226.0
2008-06-05 21:00:00+00:00,1.01793,1.02165,1.01625,1.01963,22968.0
2008-06-06 21:00:00+00:00,1.01953,1.01953,1.01953,1.01953,5.0
2008-06-07 21:00:00+00:00,1.01923,1.01923,1.01853,1.01863,187.0
2008-06-08 21:00:00+00:00,1.01863,1.02426,1.01524,1.02336,22961.0
2008-06-09 21:00:00+00:00,1.02341,1.03238,1.0195,1.02205,21863.0
2008-06-10 21:00:00+00:00,1.022,1.02465,1.01544,1.0199,20522.0
2008-06-11 21:00:00+00:00,1.0198,1.02787,1.01939,1.02407,17285.0
2008-06-12 21:00:00+00:00,1.02403,1.0298,1.02172,1.0294,16514.0
2008-06-13 21:00:00+00:00,1.02965,1.0298,1.0293,1.0296,9.0
2008-06-14 21:00:00+00:00,1.02795,1.0292,1.0278,1.0286,228.0
2008-06-15 21:00:00+00:00,1.0286,1.03,1.01962,1.02372,18156.0
2008-06-16 21:00:00+00:00,1.02368,1.02482,1.01678,1.01867,17988.0
2008-06-17 21:00:00+00:00,1.01871,1.02128,1.01672,1.01717,17234.0
2008-06-18 21:00:00+00:00,1.01717,1.01878,1.01096,1.0156,17088.0
2008-06-19 21:00:00+00:00,1.0156,1.0194,1.01065,1.01665,17688.0
2008-06-20 21:00:00+00:00,1.01655,1.01655,1.01655,1.01655,1.0
2008-06-21 21:00:00+00:00,1.0173,1.0176,1.01715,1.01725,155.0
2008-06-22 21:00:00+00:00,1.01725,1.01926,1.013,1.01586,17005.0
2008-06-23 21:00:00+00:00,1.01591,1.01731,1.01109,1.01129,15158.0
2008-06-24 21:00:00+00:00,1.01129,1.01432,1.0088,1.00945,18098.0
2008-06-25 21:00:00+00:00,1.00975,1.0142,1.0082,1.01405,19922.0
2008-06-26 21:00:00+00:00,1.01414,1.0143,1.00494,1.01065,21124.0
2008-06-27 21:00:00+00:00,1.0106,1.0106,1.0106,1.0106,1.0
2008-06-28 21:00:00+00:00,1.01085,1.01135,1.01075,1.01105,15.0
2008-06-29 21:00:00+00:00,1.0107,1.02177,1.00628,1.0216,21348.0
2008-06-30 21:00:00+00:00,1.02157,1.02396,1.01432,1.02219,19199.0
2008-07-01 21:00:00+00:00,1.02205,1.02295,1.00896,1.01245,23161.0
2008-07-02 21:00:00+00:00,1.01245,1.02186,1.0111,1.01798,20661.0
2008-07-03 21:00:00+00:00,1.01808,1.02042,1.01406,1.01963,12208.0
2008-07-05 21:00:00+00:00,1.02012,1.02012,1.02012,1.02012,4.0
2008-07-06 21:00:00+00:00,1.01822,1.02326,1.0151,1.01695,14327.0
2008-07-07 21:00:00+00:00,1.01695,1.02326,1.01564,1.01915,16124.0
2008-07-08 21:00:00+00:00,1.0189,1.01985,1.00978,1.01165,16464.0
2008-07-09 21:00:00+00:00,1.01161,1.01374,1.0077,1.0086,15194.0
2008-07-10 21:00:00+00:00,1.00856,1.01785,1.007,1.00925,17820.0
2008-07-12 21:00:00+00:00,1.0089,1.0092,1.0077,1.0081,133.0
2008-07-13 21:00:00+00:00,1.0081,1.01408,1.00444,1.00632,17706.0
2008-07-14 21:00:00+00:00,1.00602,1.00707,0.99746,1.00173,21103.0
2008-07-15 21:00:00+00:00,1.00163,1.0049,0.99978,1.00197,19169.0
2008-07-16 21:00:00+00:00,1.00187,1.00806,0.9981,1.00573,40952.0
2008-07-17 21:00:00+00:00,1.00573,1.00788,1.0023,1.0058,37723.0
2008-07-18 21:00:00+00:00,1.0058,1.0058,1.0058,1.0058,1.0
2008-07-19 21:00:00+00:00,1.00545,1.0059,1.00545,1.0058,256.0
2008-07-20 21:00:00+00:00,1.0058,1.00735,0.99982,0.99987,39745.0
2008-07-21 21:00:00+00:00,0.99987,1.01163,0.99917,1.00815,30699.0
2008-07-22 21:00:00+00:00,1.00815,1.01182,1.00586,1.0104,32431.0
2008-07-23 21:00:00+00:00,1.0104,1.01506,1.00762,1.0148,45244.0
2008-07-24 21:00:00+00:00,1.0148,1.02075,1.01272,1.01975,43643.0
2008-07-26 21:00:00+00:00,1.01935,1.02,1.01935,1.0195,501.0
2008-07-27 21:00:00+00:00,1.0195,1.02442,1.01734,1.0226,47853.0
2008-07-28 21:00:00+00:00,1.0226,1.02736,1.02058,1.02372,44657.0
2008-07-29 21:00:00+00:00,1.02372,1.02702,1.02194,1.02346,45949.0
2008-07-30 21:00:00+00:00,1.02346,1.0272,1.02138,1.0247,42150.0
2008-07-31 21:00:00+00:00,1.0247,1.02975,1.0227,1.02725,46122.0
2008-08-02 21:00:00+00:00,1.02675,1.0272,1.0265,1.02687,61.0
2008-08-03 21:00:00+00:00,1.02687,1.03688,1.02622,1.03662,47763.0
2008-08-04 21:00:00+00:00,1.03662,1.04527,1.03613,1.04335,49673.0
2008-08-05 21:00:00+00:00,1.04335,1.04955,1.04006,1.0493,50472.0
2008-08-06 21:00:00+00:00,1.0493,1.05343,1.04484,1.053,46884.0
2008-08-07 21:00:00+00:00,1.05295,1.06968,1.0516,1.06665,41117.0
2008-08-09 21:00:00+00:00,1.06635,1.0677,1.0657,1.06765,399.0
2008-08-10 21:00:00+00:00,1.06765,1.07166,1.0612,1.06911,50932.0
2008-08-11 21:00:00+00:00,1.06911,1.07286,1.06152,1.06372,38456.0
2008-08-12 21:00:00+00:00,1.06372,1.07172,1.06142,1.06267,40105.0
2008-08-13 21:00:00+00:00,1.06267,1.06568,1.05628,1.06367,38862.0
2008-08-14 21:00:00+00:00,1.06367,1.06948,1.05815,1.05917,34639.0
2008-08-16 21:00:00+00:00,1.0592,1.0603,1.0592,1.0599,750.0
2008-08-17 21:00:00+00:00,1.0599,1.06476,1.05436,1.06456,47187.0
2008-08-18 21:00:00+00:00,1.06456,1.0668,1.05937,1.06137,41101.0
2008-08-19 21:00:00+00:00,1.06137,1.06528,1.05705,1.05988,35828.0
2008-08-20 21:00:00+00:00,1.05988,1.06091,1.0423,1.04295,36015.0
2008-08-21 21:00:00+00:00,1.04295,1.04882,1.04202,1.04703,25651.0
2008-08-23 21:00:00+00:00,1.04978,1.05013,1.04933,1.04938,47.0
2008-08-24 21:00:00+00:00,1.04928,1.05163,1.04404,1.05134,21957.0
2008-08-25 21:00:00+00:00,1.05134,1.05618,1.04106,1.04858,39519.0
2008-08-26 21:00:00+00:00,1.04858,1.04972,1.04282,1.04614,34809.0
2008-08-27 21:00:00+00:00,1.04614,1.05384,1.04328,1.05103,34879.0
2008-08-28 21:00:00+00:00,1.05103,1.06467,1.04716,1.06402,42522.0
2008-08-30 21:00:00+00:00,1.05977,1.06272,1.05972,1.06212,129.0
2008-08-31 21:00:00+00:00,1.06222,1.06926,1.06137,1.06672,18177.0
2008-09-01 21:00:00+00:00,1.06672,1.07494,1.06612,1.0672,41150.0
2008-09-02 21:00:00+00:00,1.0672,1.07768,1.0579,1.0626,48132.0
2008-09-03 21:00:00+00:00,1.0626,1.07008,1.05426,1.06963,42374.0
2008-09-04 21:00:00+00:00,1.06923,1.07286,1.06036,1.0624,47599.0
2008-09-06 21:00:00+00:00,1.06265,1.0647,1.05885,1.0589,194.0
2008-09-07 21:00:00+00:00,1.0589,1.07141,1.05538,1.06488,51996.0
2008-09-08 21:00:00+00:00,1.06488,1.07165,1.06042,1.07135,47097.0
2008-09-09 21:00:00+00:00,1.07135,1.07436,1.06576,1.07135,28255.0
2008-09-10 21:00:00+00:00,1.07135,1.08206,1.07006,1.07521,46756.0
2008-09-11 21:00:00+00:00,1.07521,1.07649,1.0588,1.0601,53867.0
2008-09-13 21:00:00+00:00,1.06025,1.0628,1.0593,1.061,219.0
2008-09-14 21:00:00+00:00,1.06165,1.07525,1.05713,1.07063,49171.0
2008-09-15 21:00:00+00:00,1.07063,1.07491,1.0666,1.0679,49053.0
2008-09-16 21:00:00+00:00,1.0679,1.08093,1.06196,1.0733,54017.0
2008-09-17 21:00:00+00:00,1.0733,1.0742,1.05783,1.06055,45108.0
2008-09-18 21:00:00+00:00,1.06055,1.06697,1.04315,1.04605,23637.0
2008-09-20 21:00:00+00:00,1.04785,1.0484,1.04625,1.04675,362.0
2008-09-21 21:00:00+00:00,1.04675,1.05144,1.03145,1.03575,57536.0
2008-09-22 21:00:00+00:00,1.03575,1.03998,1.03052,1.03837,37215.0
2008-09-23 21:00:00+00:00,1.03837,1.03932,1.03128,1.03852,39492.0
2008-09-24 21:00:00+00:00,1.03852,1.03907,1.02984,1.0347,50601.0
2008-09-25 21:00:00+00:00,1.0347,1.0374,1.03152,1.03357,50073.0
2008-09-26 21:00:00+00:00,1.03372,1.03372,1.03372,1.03372,2.0
2008-09-27 21:00:00+00:00,1.03457,1.03457,1.03247,1.03397,204.0
2008-09-28 21:00:00+00:00,1.03395,1.0456,1.03355,1.0455,48919.0
2008-09-29 21:00:00+00:00,1.0455,1.06655,1.044,1.06455,37696.0
2008-09-30 21:00:00+00:00,1.06455,1.0662,1.05475,1.06267,52943.0
2008-10-01 21:00:00+00:00,1.06267,1.08085,1.06142,1.07905,52720.0
2008-10-02 21:00:00+00:00,1.07955,1.08425,1.07274,1.08274,55604.0
2008-10-03 21:00:00+00:00,1.08269,1.08269,1.08269,1.08269,1.0
2008-10-04 21:00:00+00:00,1.08269,1.08282,1.08269,1.08269,178.0
2008-10-05 21:00:00+00:00,1.08272,1.10886,1.0815,1.09943,40833.0
2008-10-06 21:00:00+00:00,1.0994,1.10863,1.09513,1.10585,41941.0
2008-10-07 21:00:00+00:00,1.10585,1.1282,1.0996,1.1282,34286.0
2008-10-08 21:00:00+00:00,1.1283,1.15075,1.11885,1.1502,32901.0
2008-10-09 21:00:00+00:00,1.1502,1.21275,1.14599,1.17375,43473.0
2008-10-11 21:00:00+00:00,1.1762,1.1762,1.158,1.16825,221.0
2008-10-12 21:00:00+00:00,1.16835,1.1804,1.14668,1.14745,41899.0
2008-10-13 21:00:00+00:00,1.14745,1.1652,1.13048,1.1626,43069.0
2008-10-14 21:00:00+00:00,1.16245,1.1915,1.15363,1.1915,45086.0
2008-10-15 21:00:00+00:00,1.1915,1.19958,1.17828,1.17828,61039.0
2008-10-16 21:00:00+00:00,1.17828,1.19323,1.17538,1.18253,44366.0
2008-10-17 21:00:00+00:00,1.18128,1.18128,1.18128,1.18128,1.0
2008-10-18 21:00:00+00:00,1.18128,1.18248,1.18076,1.18163,684.0
2008-10-19 21:00:00+00:00,1.18166,1.19825,1.17433,1.19105,49940.0
2008-10-20 21:00:00+00:00,1.19105,1.22093,1.18975,1.2142,42338.0
2008-10-21 21:00:00+00:00,1.2142,1.26012,1.2107,1.2541,55534.0
2008-10-22 21:00:00+00:00,1.2541,1.27416,1.2451,1.2474,50693.0
2008-10-23 21:00:00+00:00,1.24708,1.28425,1.24343,1.27755,40052.0
2008-10-25 21:00:00+00:00,1.27533,1.277,1.2752,1.277,19.0
2008-10-26 21:00:00+00:00,1.277,1.29725,1.2703,1.29525,24442.0
2008-10-27 21:00:00+00:00,1.29525,1.30165,1.27225,1.27325,51585.0
2008-10-28 21:00:00+00:00,1.27325,1.28703,1.21264,1.22335,51429.0
2008-10-29 21:00:00+00:00,1.22335,1.226,1.18993,1.20035,30188.0
2008-10-30 21:00:00+00:00,1.20035,1.23795,1.19429,1.212,27454.0
2008-11-01 21:00:00+00:00,1.2103,1.21075,1.20835,1.20949,120.0
2008-11-02 22:00:00+00:00,1.20885,1.21155,1.17955,1.18115,40473.0
2008-11-03 22:00:00+00:00,1.18135,1.1894,1.14695,1.1502,47811.0
2008-11-04 22:00:00+00:00,1.1502,1.16985,1.14625,1.16965,38870.0
2008-11-05 22:00:00+00:00,1.16965,1.19875,1.1615,1.19795,37797.0
2008-11-06 22:00:00+00:00,1.19795,1.20245,1.1671,1.18945,34371.0
2008-11-08 22:00:00+00:00,1.18985,1.18985,1.17648,1.17765,95.0
2008-11-09 22:00:00+00:00,1.1773,1.19927,1.16557,1.19432,41873.0
2008-11-10 22:00:00+00:00,1.19452,1.20992,1.18912,1.20765,34997.0
2008-11-11 22:00:00+00:00,1.2072,1.23825,1.19835,1.2381,21429.0
2008-11-12 22:00:00+00:00,1.2381,1.2445,1.20985,1.21115,65177.0
2008-11-13 22:00:00+00:00,1.21113,1.23735,1.20933,1.23695,66562.0
2008-11-15 22:00:00+00:00,1.23605,1.2389,1.2331,1.23875,95.0
2008-11-16 22:00:00+00:00,1.23885,1.2424,1.21136,1.22575,54307.0
2008-11-17 22:00:00+00:00,1.22575,1.23865,1.218,1.23095,60048.0
2008-11-18 22:00:00+00:00,1.23095,1.25555,1.2283,1.2549,33142.0
2008-11-19 22:00:00+00:00,1.2549,1.2979,1.2519,1.297,51414.0
2008-11-20 22:00:00+00:00,1.297,1.2985,1.26615,1.26665,55787.0
2008-11-22 22:00:00+00:00,1.26665,1.2696,1.2655,1.2672,1502.0
2008-11-23 22:00:00+00:00,1.2672,1.2773,1.22428,1.23223,64627.0
2008-11-24 22:00:00+00:00,1.23223,1.24804,1.21244,1.2249,51273.0
2008-11-25 22:00:00+00:00,1.2249,1.2415,1.21605,1.2323,49460.0
2008-11-26 22:00:00+00:00,1.23223,1.23735,1.22345,1.2313,8126.0
2008-11-27 22:00:00+00:00,1.2316,1.24673,1.23105,1.2395,15121.0
2008-11-28 22:00:00+00:00,1.23975,1.23975,1.23975,1.23975,1.0
2008-11-29 22:00:00+00:00,1.23975,1.23975,1.23425,1.237,430.0
2008-11-30 22:00:00+00:00,1.237,1.25245,1.23065,1.24835,44803.0
2008-12-01 22:00:00+00:00,1.24835,1.2584,1.23816,1.2465,50606.0
2008-12-02 22:00:00+00:00,1.2465,1.267,1.244,1.25235,64485.0
2008-12-03 22:00:00+00:00,1.25235,1.28064,1.25138,1.27583,58853.0
2008-12-04 22:00:00+00:00,1.27562,1.30076,1.26574,1.27129,58682.0
2008-12-05 22:00:00+00:00,1.27052,1.27052,1.27052,1.27052,9.0
2008-12-06 22:00:00+00:00,1.26822,1.2726,1.26745,1.27085,81.0
2008-12-07 22:00:00+00:00,1.27035,1.275,1.24466,1.25021,54321.0
2008-12-08 22:00:00+00:00,1.25021,1.2744,1.24966,1.2626,66807.0
2008-12-09 22:00:00+00:00,1.2626,1.2668,1.24871,1.25688,61297.0
2008-12-10 22:00:00+00:00,1.25685,1.26125,1.21618,1.23605,86445.0
2008-12-11 22:00:00+00:00,1.23605,1.25147,1.22839,1.24777,55629.0
2008-12-12 22:00:00+00:00,1.24756,1.24756,1.24756,1.24756,1.0
2008-12-13 22:00:00+00:00,1.24802,1.24822,1.24567,1.24612,688.0
2008-12-14 22:00:00+00:00,1.24612,1.24652,1.22295,1.23365,41459.0
2008-12-15 22:00:00+00:00,1.2337,1.23777,1.19858,1.20145,37824.0
2008-12-16 22:00:00+00:00,1.20145,1.2124,1.191,1.19125,41941.0
2008-12-17 22:00:00+00:00,1.19135,1.2119,1.1818,1.20465,22800.0
2008-12-18 22:00:00+00:00,1.20465,1.2394,1.20295,1.2152,49220.0
2008-12-20 22:00:00+00:00,1.21786,1.21802,1.21535,1.21595,313.0
2008-12-21 22:00:00+00:00,1.21595,1.2221,1.1984,1.22145,30338.0
2008-12-22 22:00:00+00:00,1.22145,1.2253,1.20475,1.21925,24541.0
2008-12-23 22:00:00+00:00,1.21925,1.2212,1.20815,1.21375,9697.0
2008-12-24 22:00:00+00:00,1.21375,1.21976,1.21338,1.21515,539.0
2008-12-25 22:00:00+00:00,1.21515,1.22245,1.21273,1.22191,10115.0
2008-12-27 22:00:00+00:00,1.22101,1.2215,1.21998,1.22008,397.0
2008-12-28 22:00:00+00:00,1.22008,1.22289,1.20709,1.22072,55991.0
2008-12-29 22:00:00+00:00,1.22072,1.23409,1.21414,1.21644,57305.0
2008-12-30 22:00:00+00:00,1.21644,1.23724,1.21079,1.2204,35222.0
2008-12-31 22:00:00+00:00,1.22145,1.22165,1.21953,1.22025,193.0
2009-01-01 22:00:00+00:00,1.22025,1.22742,1.20465,1.20465,17279.0
2009-01-03 22:00:00+00:00,1.20765,1.20805,1.20578,1.2059,1130.0
2009-01-04 22:00:00+00:00,1.2059,1.22256,1.1866,1.18895,39149.0
2009-01-05 22:00:00+00:00,1.18895,1.2001,1.17613,1.18402,56838.0
2009-01-06 22:00:00+00:00,1.1821,1.20015,1.17748,1.194,50780.0
2009-01-07 22:00:00+00:00,1.194,1.20725,1.17714,1.17995,53761.0
2009-01-08 22:00:00+00:00,1.17995,1.19704,1.1796,1.18562,71179.0
2009-01-10 22:00:00+00:00,1.18534,1.18847,1.18534,1.18777,521.0
2009-01-11 22:00:00+00:00,1.18777,1.21987,1.18777,1.21837,64467.0
2009-01-12 22:00:00+00:00,1.2184,1.23462,1.21516,1.22427,76263.0
2009-01-13 22:00:00+00:00,1.22427,1.2493,1.21055,1.24905,72889.0
2009-01-14 22:00:00+00:00,1.24905,1.26732,1.24138,1.25284,71691.0
2009-01-15 22:00:00+00:00,1.25284,1.2576,1.23161,1.24315,74052.0
2009-01-17 22:00:00+00:00,1.24325,1.2453,1.2408,1.24341,542.0
2009-01-18 22:00:00+00:00,1.24355,1.2573,1.23775,1.2538,48775.0
2009-01-19 22:00:00+00:00,1.2538,1.2699,1.2531,1.26705,73863.0
2009-01-20 22:00:00+00:00,1.26705,1.2768,1.25463,1.2552,61303.0
2009-01-21 22:00:00+00:00,1.2552,1.27416,1.2517,1.25515,47360.0
2009-01-22 22:00:00+00:00,1.25515,1.26527,1.22675,1.23115,63313.0
2009-01-24 22:00:00+00:00,1.23135,1.23376,1.23135,1.23253,286.0
2009-01-25 22:00:00+00:00,1.23253,1.23898,1.2142,1.2229,49182.0
2009-01-26 22:00:00+00:00,1.2227,1.23345,1.2154,1.23065,45374.0
2009-01-27 22:00:00+00:00,1.23065,1.2308,1.20255,1.2109,34168.0
2009-01-28 22:00:00+00:00,1.2109,1.22685,1.2093,1.2268,27372.0
2009-01-29 22:00:00+00:00,1.2268,1.2419,1.2217,1.22965,39262.0
2009-01-31 22:00:00+00:00,1.2287,1.22885,1.22733,1.22868,843.0
2009-02-01 22:00:00+00:00,1.22868,1.24685,1.22578,1.2449,38723.0
2009-02-02 22:00:00+00:00,1.2449,1.25235,1.22935,1.2296,45121.0
2009-02-03 22:00:00+00:00,1.2296,1.2438,1.22262,1.23225,47303.0
2009-02-04 22:00:00+00:00,1.23225,1.23835,1.22275,1.23248,62818.0
2009-02-05 22:00:00+00:00,1.23245,1.25427,1.2189,1.2194,55780.0
2009-02-06 22:00:00+00:00,1.2192,1.2192,1.2192,1.2192,1.0
2009-02-07 22:00:00+00:00,1.2192,1.22245,1.2192,1.22235,1552.0
2009-02-08 22:00:00+00:00,1.22235,1.23,1.21313,1.2174,42888.0
2009-02-09 22:00:00+00:00,1.2174,1.24945,1.21495,1.2438,32189.0
2009-02-10 22:00:00+00:00,1.2438,1.25338,1.23836,1.23836,47725.0
2009-02-11 22:00:00+00:00,1.23836,1.25504,1.23836,1.24389,53339.0
2009-02-12 22:00:00+00:00,1.24389,1.24654,1.22824,1.23534,37395.0
2009-02-14 22:00:00+00:00,1.23582,1.24104,1.23582,1.24079,586.0
2009-02-15 22:00:00+00:00,1.24079,1.24882,1.23914,1.24252,33945.0
2009-02-16 22:00:00+00:00,1.24252,1.2675,1.24152,1.2655,43807.0
2009-02-17 22:00:00+00:00,1.2655,1.2657,1.25315,1.261,42216.0
2009-02-18 22:00:00+00:00,1.261,1.26195,1.24675,1.258,47721.0
2009-02-19 22:00:00+00:00,1.258,1.26516,1.24223,1.252,61352.0
2009-02-21 22:00:00+00:00,1.251,1.25275,1.25003,1.25068,923.0
2009-02-22 22:00:00+00:00,1.25068,1.25575,1.2351,1.25025,51578.0
2009-02-23 22:00:00+00:00,1.25025,1.25405,1.2397,1.2423,36669.0
2009-02-24 22:00:00+00:00,1.2423,1.26125,1.24,1.25735,38176.0
2009-02-25 22:00:00+00:00,1.25735,1.2579,1.23958,1.25368,40656.0
2009-02-26 22:00:00+00:00,1.25368,1.27632,1.25165,1.27632,59810.0
2009-02-27 22:00:00+00:00,1.27657,1.27657,1.27657,1.27657,1.0
2009-02-28 22:00:00+00:00,1.27532,1.27822,1.27532,1.27717,1718.0
2009-03-01 22:00:00+00:00,1.2772,1.29338,1.27275,1.29338,50961.0
2009-03-02 22:00:00+00:00,1.29283,1.2976,1.28076,1.29305,46823.0
2009-03-03 22:00:00+00:00,1.29305,1.29684,1.27118,1.27315,43457.0
2009-03-04 22:00:00+00:00,1.27315,1.29138,1.27245,1.2912,24838.0
2009-03-05 22:00:00+00:00,1.2912,1.2912,1.2766,1.2873,26372.0
2009-03-07 22:00:00+00:00,1.28594,1.28594,1.2853,1.2853,7.0
2009-03-08 21:00:00+00:00,1.2853,1.3065,1.28135,1.30131,23401.0
2009-03-09 21:00:00+00:00,1.30146,1.30171,1.27266,1.27915,29504.0
2009-03-10 21:00:00+00:00,1.27915,1.29026,1.27522,1.28511,32400.0
2009-03-11 21:00:00+00:00,1.28511,1.29579,1.27675,1.27775,34756.0
2009-03-12 21:00:00+00:00,1.27775,1.28446,1.26265,1.27175,33403.0
2009-03-13 21:00:00+00:00,1.27175,1.27175,1.27175,1.27175,1.0
2009-03-14 21:00:00+00:00,1.27175,1.27202,1.27175,1.27202,11.0
2009-03-15 21:00:00+00:00,1.27217,1.27913,1.2636,1.2719,17228.0
2009-03-16 21:00:00+00:00,1.2719,1.27684,1.26745,1.2698,23489.0
2009-03-17 21:00:00+00:00,1.27,1.27523,1.24303,1.24678,27092.0
2009-03-18 21:00:00+00:00,1.24678,1.25041,1.21908,1.23963,41661.0
2009-03-19 21:00:00+00:00,1.23963,1.24474,1.22914,1.24063,39939.0
2009-03-21 21:00:00+00:00,1.24061,1.24123,1.23873,1.23953,29.0
2009-03-22 21:00:00+00:00,1.23953,1.23988,1.22028,1.22178,19167.0
2009-03-23 21:00:00+00:00,1.22178,1.23238,1.22026,1.23203,21249.0
2009-03-24 21:00:00+00:00,1.23213,1.23563,1.22198,1.23183,29659.0
2009-03-25 21:00:00+00:00,1.23183,1.23373,1.22398,1.23048,23693.0
2009-03-26 21:00:00+00:00,1.23048,1.24463,1.22668,1.24223,20633.0
2009-03-27 21:00:00+00:00,1.24203,1.24203,1.24193,1.24193,2.0
2009-03-28 21:00:00+00:00,1.24022,1.24053,1.23828,1.23913,37.0
2009-03-29 21:00:00+00:00,1.23953,1.2648,1.23853,1.26248,19860.0
2009-03-30 21:00:00+00:00,1.26248,1.26546,1.2503,1.26035,31564.0
2009-03-31 21:00:00+00:00,1.26035,1.27175,1.2575,1.26005,30703.0
2009-04-01 21:00:00+00:00,1.26005,1.26283,1.23366,1.23775,32016.0
2009-04-02 21:00:00+00:00,1.23775,1.24562,1.22955,1.2298,25735.0
2009-04-03 21:00:00+00:00,1.22965,1.22965,1.22965,1.22965,1.0
2009-04-04 21:00:00+00:00,1.23035,1.23092,1.22943,1.22943,40.0
2009-04-05 21:00:00+00:00,1.22943,1.24425,1.22255,1.23825,21686.0
2009-04-06 21:00:00+00:00,1.23825,1.24845,1.2331,1.2372,25827.0
2009-04-07 21:00:00+00:00,1.2372,1.24673,1.23092,1.23649,34573.0
2009-04-08 21:00:00+00:00,1.23649,1.24029,1.22112,1.22359,31571.0
2009-04-09 21:00:00+00:00,1.22359,1.22994,1.22339,1.22574,6036.0
2009-04-11 21:00:00+00:00,1.22574,1.22679,1.22527,1.22554,125.0
2009-04-12 21:00:00+00:00,1.22554,1.23005,1.21642,1.21985,13097.0
2009-04-13 21:00:00+00:00,1.21985,1.22418,1.20632,1.21532,43195.0
2009-04-14 21:00:00+00:00,1.21532,1.21867,1.20142,1.20322,32712.0
2009-04-15 21:00:00+00:00,1.20322,1.21486,1.19832,1.20719,27588.0
2009-04-16 21:00:00+00:00,1.2071,1.21795,1.2071,1.21315,25850.0
2009-04-18 21:00:00+00:00,1.2138,1.2146,1.2125,1.2142,177.0
2009-04-19 21:00:00+00:00,1.21405,1.2397,1.21235,1.23915,32322.0
2009-04-20 21:00:00+00:00,1.23915,1.25058,1.23266,1.23575,33038.0
2009-04-21 21:00:00+00:00,1.23575,1.24762,1.23284,1.23982,35924.0
2009-04-22 21:00:00+00:00,1.23982,1.24167,1.22278,1.22287,28508.0
2009-04-23 21:00:00+00:00,1.22287,1.22717,1.20729,1.20965,36987.0
2009-04-25 21:00:00+00:00,1.20905,1.2114,1.20905,1.2114,216.0
2009-04-26 21:00:00+00:00,1.2114,1.2217,1.20765,1.2209,29361.0
2009-04-27 21:00:00+00:00,1.2209,1.2268,1.2164,1.21965,22747.0
2009-04-28 21:00:00+00:00,1.21965,1.22195,1.19895,1.2026,21070.0
2009-04-29 21:00:00+00:00,1.2026,1.20505,1.1862,1.19252,43082.0
2009-04-30 21:00:00+00:00,1.19252,1.19537,1.18302,1.18545,36635.0
2009-05-02 21:00:00+00:00,1.1857,1.18783,1.1857,1.18765,142.0
2009-05-03 21:00:00+00:00,1.18765,1.19035,1.17238,1.17238,18284.0
2009-05-04 21:00:00+00:00,1.17238,1.17915,1.16788,1.1751,20838.0
2009-05-05 21:00:00+00:00,1.1751,1.18262,1.1652,1.16565,30739.0
2009-05-06 21:00:00+00:00,1.16565,1.17645,1.16282,1.16985,36704.0
2009-05-07 21:00:00+00:00,1.16985,1.1732,1.14915,1.1495,43149.0
2009-05-08 21:00:00+00:00,1.14975,1.14975,1.14975,1.14975,1.0
2009-05-09 21:00:00+00:00,1.1514,1.152,1.15,1.15035,534.0
2009-05-10 21:00:00+00:00,1.15035,1.1673,1.14765,1.1669,31656.0
2009-05-11 21:00:00+00:00,1.1669,1.16976,1.15392,1.16251,39370.0
2009-05-12 21:00:00+00:00,1.16251,1.17782,1.15531,1.17401,45160.0
2009-05-13 21:00:00+00:00,1.17401,1.17909,1.16841,1.16911,60258.0
2009-05-14 21:00:00+00:00,1.16911,1.18068,1.16485,1.17765,51077.0
2009-05-16 21:00:00+00:00,1.17841,1.1795,1.17815,1.17815,66.0
2009-05-17 21:00:00+00:00,1.17815,1.18164,1.16078,1.16363,25988.0
2009-05-18 21:00:00+00:00,1.16363,1.16618,1.15219,1.15603,28807.0
2009-05-19 21:00:00+00:00,1.15603,1.15853,1.1364,1.14161,41112.0
2009-05-20 21:00:00+00:00,1.14161,1.14825,1.13476,1.13756,32833.0
2009-05-21 21:00:00+00:00,1.13756,1.13891,1.1188,1.1194,25528.0
2009-05-23 21:00:00+00:00,1.1201,1.12148,1.1201,1.12148,120.0
2009-05-24 21:00:00+00:00,1.12085,1.12795,1.1195,1.12398,6030.0
2009-05-25 21:00:00+00:00,1.12385,1.13576,1.11566,1.11646,21401.0
2009-05-26 21:00:00+00:00,1.11646,1.12368,1.1097,1.12368,38714.0
2009-05-27 21:00:00+00:00,1.12368,1.1258,1.1105,1.1133,37516.0
2009-05-28 21:00:00+00:00,1.1133,1.11575,1.0892,1.09165,48648.0
2009-05-29 21:00:00+00:00,1.0918,1.0918,1.0918,1.0918,2.0
2009-05-30 21:00:00+00:00,1.0923,1.0923,1.08915,1.08985,497.0
2009-05-31 21:00:00+00:00,1.08985,1.09465,1.07858,1.09375,51718.0
2009-06-01 21:00:00+00:00,1.09375,1.09742,1.07894,1.081,55711.0
2009-06-02 21:00:00+00:00,1.081,1.11185,1.07948,1.1106,49371.0
2009-06-03 21:00:00+00:00,1.1106,1.1161,1.09286,1.09695,65176.0
2009-06-04 21:00:00+00:00,1.09695,1.12102,1.0963,1.11897,46853.0
2009-06-06 21:00:00+00:00,1.11937,1.12017,1.11901,1.12002,13.0
2009-06-07 21:00:00+00:00,1.11997,1.1291,1.1141,1.11573,48966.0
2009-06-08 21:00:00+00:00,1.11588,1.11957,1.09827,1.10437,45770.0
2009-06-09 21:00:00+00:00,1.1043,1.11655,1.09414,1.10861,50010.0
2009-06-10 21:00:00+00:00,1.10875,1.11061,1.0948,1.10252,46833.0
2009-06-11 21:00:00+00:00,1.10263,1.1248,1.10098,1.11903,40045.0
2009-06-13 21:00:00+00:00,1.11953,1.12003,1.11869,1.11938,42.0
2009-06-14 21:00:00+00:00,1.11941,1.13759,1.11833,1.13347,41129.0
2009-06-15 21:00:00+00:00,1.13345,1.13745,1.12228,1.13563,39657.0
2009-06-16 21:00:00+00:00,1.13528,1.14498,1.12772,1.13181,42822.0
2009-06-17 21:00:00+00:00,1.13188,1.13648,1.12338,1.13227,40881.0
2009-06-18 21:00:00+00:00,1.13223,1.13642,1.1252,1.13442,30196.0
2009-06-20 21:00:00+00:00,1.13442,1.13722,1.13442,1.13569,26.0
2009-06-21 21:00:00+00:00,1.13552,1.15576,1.13296,1.15501,34592.0
2009-06-22 21:00:00+00:00,1.15508,1.15843,1.14653,1.14963,42637.0
2009-06-23 21:00:00+00:00,1.14993,1.15803,1.14188,1.15762,45964.0
2009-06-24 21:00:00+00:00,1.15775,1.16392,1.15256,1.15456,42221.0
2009-06-25 21:00:00+00:00,1.15458,1.15644,1.14458,1.15272,35256.0
2009-06-26 21:00:00+00:00,1.15272,1.15272,1.15272,1.15272,1.0
2009-06-27 21:00:00+00:00,1.15272,1.15345,1.15212,1.15265,33.0
2009-06-28 21:00:00+00:00,1.15263,1.16018,1.15095,1.15635,27093.0
2009-06-29 21:00:00+00:00,1.15638,1.16406,1.15105,1.16238,32678.0
2009-06-30 21:00:00+00:00,1.16243,1.16555,1.14387,1.14964,30253.0
2009-07-01 21:00:00+00:00,1.14962,1.16329,1.14722,1.16306,33368.0
2009-07-02 21:00:00+00:00,1.16298,1.16392,1.1562,1.16073,19293.0
2009-07-04 21:00:00+00:00,1.15893,1.16162,1.15893,1.16148,31.0
2009-07-05 21:00:00+00:00,1.16151,1.16812,1.15874,1.15933,32471.0
2009-07-06 21:00:00+00:00,1.15915,1.16732,1.15434,1.16642,32329.0
2009-07-07 21:00:00+00:00,1.16669,1.1725,1.15876,1.16754,44221.0
2009-07-08 21:00:00+00:00,1.1675,1.16812,1.15481,1.16241,35738.0
2009-07-09 21:00:00+00:00,1.16232,1.16757,1.15992,1.16388,32072.0
2009-07-11 21:00:00+00:00,1.16388,1.16388,1.16228,1.16228,4.0
2009-07-12 21:00:00+00:00,1.16248,1.1672,1.15044,1.15046,34122.0
2009-07-13 21:00:00+00:00,1.15064,1.15312,1.13229,1.13289,42488.0
2009-07-14 21:00:00+00:00,1.13286,1.1349,1.11178,1.11261,34123.0
2009-07-15 21:00:00+00:00,1.11253,1.12262,1.11235,1.11716,38186.0
2009-07-16 21:00:00+00:00,1.11707,1.1201,1.11302,1.11347,31466.0
2009-07-18 21:00:00+00:00,1.11504,1.11668,1.11504,1.11636,94.0
2009-07-19 21:00:00+00:00,1.11633,1.11655,1.10198,1.10619,26629.0
2009-07-20 21:00:00+00:00,1.10615,1.11152,1.0966,1.10378,31299.0
2009-07-21 21:00:00+00:00,1.10392,1.10897,1.09502,1.09971,32666.0
2009-07-22 21:00:00+00:00,1.09976,1.1012,1.0842,1.08887,32846.0
2009-07-23 21:00:00+00:00,1.0889,1.09242,1.07948,1.08675,27669.0
2009-07-25 21:00:00+00:00,1.08629,1.08629,1.08432,1.08555,43.0
2009-07-26 21:00:00+00:00,1.0859,1.08794,1.07788,1.08118,26143.0
2009-07-27 21:00:00+00:00,1.08106,1.09067,1.07504,1.08137,29542.0
2009-07-28 21:00:00+00:00,1.08148,1.09348,1.07932,1.0895,39242.0
2009-07-29 21:00:00+00:00,1.089,1.0913,1.08051,1.08346,31518.0
2009-07-30 21:00:00+00:00,1.08352,1.08573,1.07643,1.0776,33341.0
2009-08-01 21:00:00+00:00,1.07814,1.07815,1.07594,1.07667,99.0
2009-08-02 21:00:00+00:00,1.0767,1.07929,1.06436,1.06584,30373.0
2009-08-03 21:00:00+00:00,1.0658,1.0767,1.06329,1.07264,31921.0
2009-08-04 21:00:00+00:00,1.07238,1.07847,1.06793,1.07059,30805.0
2009-08-05 21:00:00+00:00,1.07041,1.07996,1.06773,1.07773,30111.0
2009-08-06 21:00:00+00:00,1.07798,1.08678,1.07573,1.08133,34443.0
2009-08-07 21:00:00+00:00,1.08133,1.08678,1.08133,1.08133,5.0
2009-08-08 21:00:00+00:00,1.08133,1.08678,1.08133,1.08318,69.0
2009-08-09 21:00:00+00:00,1.08316,1.09294,1.07966,1.08873,29130.0
2009-08-10 21:00:00+00:00,1.08863,1.10466,1.08667,1.10172,25778.0
2009-08-11 21:00:00+00:00,1.10178,1.10759,1.08498,1.08936,32543.0
2009-08-12 21:00:00+00:00,1.08926,1.09091,1.07926,1.08723,31957.0
2009-08-13 21:00:00+00:00,1.08727,1.10227,1.08142,1.09822,31053.0
2009-08-15 21:00:00+00:00,1.09882,1.09971,1.09872,1.09938,28.0
2009-08-16 21:00:00+00:00,1.09963,1.11252,1.09922,1.10859,31162.0
2009-08-17 21:00:00+00:00,1.10861,1.11074,1.10024,1.10095,28799.0
2009-08-18 21:00:00+00:00,1.10092,1.11136,1.0943,1.09534,30382.0
2009-08-19 21:00:00+00:00,1.0954,1.0996,1.0864,1.08698,28501.0
2009-08-20 21:00:00+00:00,1.0871,1.09434,1.07632,1.08117,30906.0
2009-08-22 21:00:00+00:00,1.08181,1.08181,1.08151,1.08151,8.0
2009-08-23 21:00:00+00:00,1.08129,1.0826,1.0727,1.07618,25574.0
2009-08-24 21:00:00+00:00,1.07622,1.087,1.07197,1.08684,30176.0
2009-08-25 21:00:00+00:00,1.08675,1.10006,1.08311,1.09736,30204.0
2009-08-26 21:00:00+00:00,1.0974,1.10206,1.08315,1.0876,30565.0
2009-08-27 21:00:00+00:00,1.08763,1.0937,1.07919,1.0915,28653.0
2009-08-29 21:00:00+00:00,1.09185,1.09185,1.09125,1.09165,17.0
2009-08-30 21:00:00+00:00,1.0914,1.10922,1.09012,1.09378,31113.0
2009-08-31 21:00:00+00:00,1.09372,1.1068,1.08722,1.10423,37258.0
2009-09-01 21:00:00+00:00,1.1043,1.11031,1.10074,1.10517,31745.0
2009-09-02 21:00:00+00:00,1.1052,1.1075,1.0968,1.10189,28179.0
2009-09-03 21:00:00+00:00,1.10185,1.10378,1.08244,1.08881,30747.0
2009-09-04 21:00:00+00:00,1.08877,1.08877,1.08877,1.08877,2.0
2009-09-05 21:00:00+00:00,1.08779,1.08779,1.08656,1.08665,7.0
2009-09-06 21:00:00+00:00,1.08635,1.08709,1.07413,1.07807,15185.0
2009-09-07 21:00:00+00:00,1.07805,1.08232,1.06746,1.07853,27409.0
2009-09-08 21:00:00+00:00,1.07851,1.08364,1.07466,1.07851,29414.0
2009-09-09 21:00:00+00:00,1.07854,1.08802,1.07701,1.07714,29403.0
2009-09-10 21:00:00+00:00,1.07707,1.07936,1.0716,1.07669,28121.0
2009-09-12 21:00:00+00:00,1.07694,1.07741,1.0766,1.07741,60.0
2009-09-13 21:00:00+00:00,1.07737,1.09262,1.07668,1.0828,32602.0
2009-09-14 21:00:00+00:00,1.08282,1.0871,1.0713,1.07242,30184.0
2009-09-15 21:00:00+00:00,1.0724,1.07368,1.06447,1.06597,29789.0
2009-09-16 21:00:00+00:00,1.06595,1.06763,1.0592,1.06469,28964.0
2009-09-17 21:00:00+00:00,1.06475,1.07692,1.0645,1.06918,27766.0
2009-09-19 21:00:00+00:00,1.06918,1.07013,1.06918,1.06981,17.0
2009-09-20 21:00:00+00:00,1.07017,1.08536,1.06794,1.079,26289.0
2009-09-21 21:00:00+00:00,1.07905,1.07907,1.06608,1.06913,27580.0
2009-09-22 21:00:00+00:00,1.0692,1.07774,1.06626,1.07446,29688.0
2009-09-23 21:00:00+00:00,1.07458,1.09476,1.07079,1.08922,35775.0
2009-09-24 21:00:00+00:00,1.08935,1.09834,1.08608,1.091,40238.0
2009-09-26 21:00:00+00:00,1.09195,1.09224,1.0902,1.09099,139.0
2009-09-27 21:00:00+00:00,1.09097,1.09931,1.0833,1.08456,33777.0
2009-09-28 21:00:00+00:00,1.08445,1.0924,1.07949,1.08455,42136.0
2009-09-29 21:00:00+00:00,1.08473,1.08541,1.06718,1.06947,42471.0
2009-09-30 21:00:00+00:00,1.06951,1.08461,1.0673,1.08384,37272.0
2009-10-01 21:00:00+00:00,1.08387,1.09598,1.07894,1.07972,41283.0
2009-10-02 21:00:00+00:00,1.07972,1.07972,1.07972,1.07972,6.0
2009-10-03 21:00:00+00:00,1.08145,1.08148,1.0793,1.07939,35.0
2009-10-04 21:00:00+00:00,1.08007,1.08241,1.06934,1.06952,26571.0
2009-10-05 21:00:00+00:00,1.06948,1.07158,1.0547,1.05943,33110.0
2009-10-06 21:00:00+00:00,1.0594,1.06482,1.05285,1.06109,32163.0
2009-10-07 21:00:00+00:00,1.06114,1.06315,1.05053,1.05179,30111.0
2009-10-08 21:00:00+00:00,1.05176,1.05523,1.04118,1.04226,31723.0
2009-10-10 21:00:00+00:00,1.04352,1.04356,1.04173,1.04356,98.0
2009-10-11 21:00:00+00:00,1.04343,1.0453,1.03186,1.03488,23088.0
2009-10-12 21:00:00+00:00,1.03495,1.03748,1.02673,1.03198,29431.0
2009-10-13 21:00:00+00:00,1.03196,1.03263,1.02354,1.02366,31872.0
2009-10-14 21:00:00+00:00,1.02379,1.03719,1.02077,1.03389,30788.0
2009-10-15 21:00:00+00:00,1.03387,1.04364,1.02893,1.03705,32585.0
2009-10-16 21:00:00+00:00,1.03703,1.03707,1.03703,1.03707,3.0
2009-10-17 21:00:00+00:00,1.03702,1.03887,1.03595,1.03887,85.0
2009-10-18 21:00:00+00:00,1.03878,1.04224,1.02796,1.02836,26074.0
2009-10-19 21:00:00+00:00,1.0284,1.05267,1.02665,1.04939,32819.0
2009-10-20 21:00:00+00:00,1.04942,1.05832,1.03789,1.04293,38629.0
2009-10-21 21:00:00+00:00,1.04291,1.05451,1.04186,1.04751,35158.0
2009-10-22 21:00:00+00:00,1.04748,1.05456,1.04489,1.05381,35289.0
2009-10-24 21:00:00+00:00,1.05313,1.05347,1.05227,1.05227,44.0
2009-10-25 21:00:00+00:00,1.05221,1.06976,1.05028,1.06911,34234.0
2009-10-26 21:00:00+00:00,1.06907,1.07176,1.06282,1.06474,37889.0
2009-10-27 21:00:00+00:00,1.0648,1.08138,1.06376,1.08106,45746.0
2009-10-28 21:00:00+00:00,1.0811,1.08222,1.06558,1.06656,38214.0
2009-10-29 21:00:00+00:00,1.06648,1.08481,1.0654,1.08479,45006.0
2009-10-30 21:00:00+00:00,1.08476,1.08476,1.08444,1.08444,2.0
2009-10-31 21:00:00+00:00,1.08474,1.08575,1.08325,1.08437,460.0
2009-11-01 22:00:00+00:00,1.08455,1.08703,1.07144,1.07678,42936.0
2009-11-02 22:00:00+00:00,1.07685,1.08532,1.06552,1.06616,37995.0
2009-11-03 22:00:00+00:00,1.06597,1.06859,1.0596,1.06284,36862.0
2009-11-04 22:00:00+00:00,1.06288,1.06823,1.06064,1.06501,27030.0
2009-11-05 22:00:00+00:00,1.06504,1.07804,1.06098,1.07534,30389.0
2009-11-07 22:00:00+00:00,1.07534,1.0779,1.0715,1.07199,574.0
2009-11-08 22:00:00+00:00,1.07197,1.07478,1.0543,1.05542,29772.0
2009-11-09 22:00:00+00:00,1.05539,1.06085,1.04847,1.04956,26452.0
2009-11-10 22:00:00+00:00,1.04953,1.05046,1.04332,1.04494,25469.0
2009-11-11 22:00:00+00:00,1.04473,1.0577,1.04182,1.0557,29099.0
2009-11-12 22:00:00+00:00,1.05563,1.05676,1.04732,1.05151,27383.0
2009-11-13 22:00:00+00:00,1.05168,1.05178,1.05168,1.05178,2.0
2009-11-14 22:00:00+00:00,1.05178,1.05461,1.05151,1.05395,414.0
2009-11-15 22:00:00+00:00,1.05387,1.05418,1.04272,1.04752,23273.0
2009-11-16 22:00:00+00:00,1.04841,1.06187,1.04659,1.05098,29945.0
2009-11-17 22:00:00+00:00,1.05108,1.0583,1.04504,1.05471,27856.0
2009-11-18 22:00:00+00:00,1.05473,1.06892,1.05453,1.06363,28570.0
2009-11-19 22:00:00+00:00,1.06359,1.07335,1.06152,1.07061,27812.0
2009-11-20 22:00:00+00:00,1.07118,1.07118,1.07096,1.07111,4.0
2009-11-21 22:00:00+00:00,1.07064,1.07073,1.07001,1.07048,78.0
2009-11-22 22:00:00+00:00,1.07044,1.07133,1.05407,1.05564,28498.0
2009-11-23 22:00:00+00:00,1.05561,1.06435,1.05542,1.05796,25261.0
2009-11-24 22:00:00+00:00,1.0579,1.05838,1.04505,1.04527,29442.0
2009-11-25 22:00:00+00:00,1.04529,1.06214,1.04513,1.059,26229.0
2009-11-26 22:00:00+00:00,1.05896,1.07504,1.0582,1.0619,42328.0
2009-11-27 22:00:00+00:00,1.0619,1.0619,1.0619,1.0619,1.0
2009-11-28 22:00:00+00:00,1.06158,1.06158,1.05713,1.05783,366.0
2009-11-29 22:00:00+00:00,1.0581,1.06197,1.05338,1.05624,38364.0
2009-11-30 22:00:00+00:00,1.0562,1.05784,1.0407,1.04624,28693.0
2009-12-01 22:00:00+00:00,1.04628,1.05159,1.04326,1.05107,27711.0
2009-12-02 22:00:00+00:00,1.05116,1.05841,1.04632,1.0574,28352.0
2009-12-03 22:00:00+00:00,1.05742,1.05962,1.0435,1.05801,33570.0
2009-12-04 22:00:00+00:00,1.05805,1.05805,1.05805,1.05805,2.0
2009-12-05 22:00:00+00:00,1.05928,1.05928,1.05418,1.05628,432.0
2009-12-06 22:00:00+00:00,1.05633,1.06506,1.04834,1.05133,29755.0
2009-12-07 22:00:00+00:00,1.0513,1.06708,1.04884,1.06392,33882.0
2009-12-08 22:00:00+00:00,1.06394,1.06624,1.05158,1.05462,28603.0
2009-12-09 22:00:00+00:00,1.05471,1.05842,1.04796,1.05171,26225.0
2009-12-10 22:00:00+00:00,1.05167,1.06232,1.04852,1.06013,26661.0
2009-12-12 22:00:00+00:00,1.0605,1.06065,1.05995,1.06044,43.0
2009-12-13 22:00:00+00:00,1.0605,1.06636,1.05682,1.0588,26209.0
2009-12-14 22:00:00+00:00,1.05883,1.0652,1.05534,1.06113,24224.0
2009-12-15 22:00:00+00:00,1.06116,1.06433,1.05718,1.06124,24949.0
2009-12-16 22:00:00+00:00,1.06131,1.0747,1.06105,1.07108,27010.0
2009-12-17 22:00:00+00:00,1.0711,1.07264,1.06286,1.06643,27009.0
2009-12-19 22:00:00+00:00,1.06643,1.06702,1.06468,1.06688,166.0
2009-12-20 22:00:00+00:00,1.06692,1.06992,1.05365,1.06205,23494.0
2009-12-21 22:00:00+00:00,1.06202,1.06338,1.0542,1.05724,25050.0
2009-12-22 22:00:00+00:00,1.05728,1.05762,1.04708,1.04877,19504.0
2009-12-23 22:00:00+00:00,1.04872,1.05085,1.0448,1.0498,12904.0
2009-12-24 22:00:00+00:00,1.04987,1.05074,1.04784,1.04959,810.0
2009-12-26 22:00:00+00:00,1.04939,1.05023,1.04883,1.04942,39.0
2009-12-27 22:00:00+00:00,1.0492,1.05009,1.04188,1.04291,11202.0
2009-12-28 22:00:00+00:00,1.04295,1.04454,1.03671,1.04337,16098.0
2009-12-29 22:00:00+00:00,1.04327,1.05786,1.04268,1.05534,19297.0
2009-12-30 22:00:00+00:00,1.05543,1.05606,1.04565,1.05324,18274.0
2009-12-31 22:00:00+00:00,1.05335,1.05335,1.05331,1.05331,2.0
2010-01-02 22:00:00+00:00,1.0531,1.0531,1.05133,1.05175,44.0
2010-01-03 22:00:00+00:00,1.05178,1.05179,1.03516,1.0416,23378.0
2010-01-04 22:00:00+00:00,1.04116,1.04211,1.03368,1.03895,23791.0
2010-01-05 22:00:00+00:00,1.03889,1.04096,1.03131,1.03229,22008.0
2010-01-06 22:00:00+00:00,1.03222,1.03734,1.02918,1.03462,23984.0
2010-01-07 22:00:00+00:00,1.03458,1.03844,1.0295,1.02987,25468.0
2010-01-08 22:00:00+00:00,1.02982,1.02982,1.02982,1.02982,2.0
2010-01-09 22:00:00+00:00,1.03132,1.03163,1.02772,1.02815,427.0
2010-01-10 22:00:00+00:00,1.0282,1.0344,1.0253,1.03347,22521.0
2010-01-11 22:00:00+00:00,1.03322,1.04142,1.03141,1.03885,23895.0
2010-01-12 22:00:00+00:00,1.03882,1.04118,1.02901,1.03091,23172.0
2010-01-13 22:00:00+00:00,1.03085,1.03225,1.02252,1.0234,20559.0
2010-01-14 22:00:00+00:00,1.02345,1.03141,1.02328,1.02913,20781.0
2010-01-16 22:00:00+00:00,1.0296,1.03085,1.0295,1.03016,113.0
2010-01-17 22:00:00+00:00,1.03026,1.03147,1.02484,1.02606,11701.0
2010-01-18 22:00:00+00:00,1.02622,1.03484,1.02494,1.03138,19949.0
2010-01-19 22:00:00+00:00,1.03118,1.04892,1.03034,1.04638,27053.0
2010-01-20 22:00:00+00:00,1.04634,1.05254,1.0439,1.05245,30966.0
2010-01-21 22:00:00+00:00,1.05247,1.06024,1.04649,1.05783,28729.0
2010-01-23 22:00:00+00:00,1.05775,1.05985,1.057,1.05811,450.0
2010-01-24 22:00:00+00:00,1.05835,1.0613,1.05328,1.05768,23444.0
2010-01-25 22:00:00+00:00,1.0576,1.06922,1.05469,1.06274,32195.0
2010-01-26 22:00:00+00:00,1.06276,1.06881,1.06093,1.06421,29820.0
2010-01-27 22:00:00+00:00,1.06419,1.06699,1.05568,1.0663,30623.0
2010-01-28 22:00:00+00:00,1.06648,1.07057,1.06234,1.07042,29912.0
2010-01-29 22:00:00+00:00,1.07038,1.07038,1.07038,1.07038,2.0
2010-01-30 22:00:00+00:00,1.06945,1.07212,1.0691,1.07068,406.0
2010-01-31 22:00:00+00:00,1.07064,1.07217,1.06061,1.06061,24623.0
2010-02-01 22:00:00+00:00,1.06057,1.06406,1.0566,1.057,23908.0
2010-02-02 22:00:00+00:00,1.05705,1.06348,1.0547,1.06254,24037.0
2010-02-03 22:00:00+00:00,1.06257,1.0753,1.05976,1.07437,28893.0
2010-02-04 22:00:00+00:00,1.07445,1.07806,1.06441,1.07165,40278.0
2010-02-05 22:00:00+00:00,1.07168,1.07168,1.07168,1.07168,2.0
2010-02-06 22:00:00+00:00,1.06918,1.06918,1.0673,1.06893,396.0
2010-02-07 22:00:00+00:00,1.0689,1.07587,1.06574,1.07578,27906.0
2010-02-08 22:00:00+00:00,1.0757,1.07756,1.06456,1.0656,33279.0
2010-02-09 22:00:00+00:00,1.0659,1.07082,1.05978,1.06217,30185.0
2010-02-10 22:00:00+00:00,1.06239,1.06305,1.048,1.04995,29194.0
2010-02-11 22:00:00+00:00,1.04992,1.05794,1.04894,1.05034,31708.0
2010-02-12 22:00:00+00:00,1.05032,1.05032,1.05032,1.05032,1.0
2010-02-13 22:00:00+00:00,1.05052,1.05157,1.05028,1.05122,80.0
2010-02-14 22:00:00+00:00,1.05097,1.05334,1.04637,1.04933,11090.0
2010-02-15 22:00:00+00:00,1.04948,1.04996,1.04109,1.043,19085.0
2010-02-16 22:00:00+00:00,1.04313,1.04718,1.04119,1.04635,19495.0
2010-02-17 22:00:00+00:00,1.04628,1.0498,1.03978,1.0471,24744.0
2010-02-18 22:00:00+00:00,1.04695,1.05304,1.0389,1.0392,33101.0
2010-02-19 22:00:00+00:00,1.03917,1.03917,1.03917,1.03917,1.0
2010-02-20 22:00:00+00:00,1.03927,1.03962,1.03782,1.03841,305.0
2010-02-21 22:00:00+00:00,1.03852,1.0441,1.03705,1.04297,20570.0
2010-02-22 22:00:00+00:00,1.04302,1.058,1.0382,1.0565,28022.0
2010-02-23 22:00:00+00:00,1.05647,1.05943,1.05104,1.05363,26925.0
2010-02-24 22:00:00+00:00,1.05358,1.06806,1.0514,1.06061,31231.0
2010-02-25 22:00:00+00:00,1.06058,1.0619,1.05116,1.05177,28999.0
2010-02-27 22:00:00+00:00,1.05265,1.05572,1.05177,1.05472,586.0
2010-02-28 22:00:00+00:00,1.05467,1.05741,1.04104,1.04141,28312.0
2010-03-01 22:00:00+00:00,1.04139,1.04432,1.03096,1.03557,32058.0
2010-03-02 22:00:00+00:00,1.0357,1.0367,1.02747,1.03192,26930.0
2010-03-03 22:00:00+00:00,1.0318,1.03398,1.02706,1.03168,27343.0
2010-03-04 22:00:00+00:00,1.0314,1.03319,1.02611,1.02873,23233.0
2010-03-05 22:00:00+00:00,1.02879,1.02908,1.02875,1.02888,5.0
2010-03-06 22:00:00+00:00,1.02944,1.02969,1.02815,1.02828,161.0
2010-03-07 22:00:00+00:00,1.02825,1.02946,1.02512,1.02712,21366.0
2010-03-08 22:00:00+00:00,1.02705,1.03204,1.02363,1.02621,25093.0
2010-03-09 22:00:00+00:00,1.02602,1.02924,1.02168,1.02452,20876.0
2010-03-10 22:00:00+00:00,1.02441,1.0322,1.02294,1.0239,22122.0
2010-03-11 22:00:00+00:00,1.02384,1.02514,1.01554,1.01931,25371.0
2010-03-12 22:00:00+00:00,1.01931,1.01931,1.01931,1.01931,2.0
2010-03-13 22:00:00+00:00,1.01861,1.01912,1.01737,1.01768,225.0
2010-03-14 21:00:00+00:00,1.01802,1.02322,1.01652,1.01929,23838.0
2010-03-15 21:00:00+00:00,1.01922,1.02028,1.01357,1.01406,20687.0
2010-03-16 21:00:00+00:00,1.01412,1.01476,1.00714,1.01039,19293.0
2010-03-17 21:00:00+00:00,1.01017,1.01434,1.00898,1.01402,19351.0
2010-03-18 21:00:00+00:00,1.0141,1.01888,1.00624,1.01728,25217.0
2010-03-20 21:00:00+00:00,1.01655,1.01725,1.01535,1.01585,207.0
2010-03-21 21:00:00+00:00,1.01595,1.02434,1.01474,1.01896,20082.0
2010-03-22 21:00:00+00:00,1.01903,1.02296,1.0152,1.01595,19762.0
2010-03-23 21:00:00+00:00,1.01599,1.0282,1.01563,1.02676,30180.0
2010-03-24 21:00:00+00:00,1.02678,1.02713,1.01714,1.02403,27689.0
2010-03-25 21:00:00+00:00,1.02415,1.03042,1.02056,1.02662,31750.0
2010-03-27 21:00:00+00:00,1.0265,1.02675,1.02462,1.02548,201.0
2010-03-28 21:00:00+00:00,1.02565,1.02731,1.01768,1.02113,19904.0
2010-03-29 21:00:00+00:00,1.0213,1.02232,1.01572,1.02004,19868.0
2010-03-30 21:00:00+00:00,1.0199,1.02032,1.01292,1.01517,26955.0
2010-03-31 21:00:00+00:00,1.01529,1.01619,1.00666,1.0086,23129.0
2010-04-01 21:00:00+00:00,1.0089,1.013,1.00812,1.01105,8910.0
2010-04-02 21:00:00+00:00,1.0112,1.0112,1.0112,1.0112,1.0
2010-04-03 21:00:00+00:00,1.01071,1.01071,1.00865,1.00866,38.0
2010-04-04 21:00:00+00:00,1.00835,1.00894,1.00108,1.00225,12281.0
2010-04-05 21:00:00+00:00,1.00228,1.0048,0.99882,1.00157,19523.0
2010-04-06 21:00:00+00:00,1.00178,1.00641,0.99782,1.00641,21719.0
2010-04-07 21:00:00+00:00,1.00615,1.01049,1.00187,1.00231,20313.0
2010-04-08 21:00:00+00:00,1.00245,1.00854,0.99907,1.00269,21898.0
2010-04-09 21:00:00+00:00,1.00247,1.00247,1.00247,1.00247,1.0
2010-04-10 21:00:00+00:00,1.00177,1.00267,1.0012,1.00237,275.0
2010-04-11 21:00:00+00:00,1.00227,1.00886,1.00119,1.00253,19584.0
2010-04-12 21:00:00+00:00,1.0023,1.00655,1.00049,1.00102,16399.0
2010-04-13 21:00:00+00:00,1.00098,1.00215,0.99546,0.99867,19156.0
2010-04-14 21:00:00+00:00,0.99869,1.00366,0.99646,1.00205,18260.0
2010-04-15 21:00:00+00:00,1.0021,1.01641,1.0004,1.01287,28450.0
2010-04-17 21:00:00+00:00,1.01248,1.01458,1.01248,1.01457,143.0
2010-04-18 21:00:00+00:00,1.01448,1.02154,1.01366,1.01449,25054.0
2010-04-19 21:00:00+00:00,1.01431,1.01644,0.99714,0.99846,26481.0
2010-04-20 21:00:00+00:00,0.99842,1.0014,0.993,0.99973,24635.0
2010-04-21 21:00:00+00:00,0.99975,1.00394,0.99608,1.00034,27567.0
2010-04-22 21:00:00+00:00,1.00023,1.0065,0.99686,0.99912,29138.0
2010-04-24 21:00:00+00:00,0.99932,1.00021,0.99932,0.99981,61.0
2010-04-25 21:00:00+00:00,0.99977,1.00232,0.99712,1.00099,20773.0
2010-04-26 21:00:00+00:00,1.00086,1.01814,1.00006,1.01755,29845.0
2010-04-27 21:00:00+00:00,1.01744,1.0197,1.00747,1.0097,39586.0
2010-04-28 21:00:00+00:00,1.00905,1.01134,1.0014,1.00518,27694.0
2010-04-29 21:00:00+00:00,1.00522,1.01792,1.00163,1.01786,31004.0
2010-04-30 21:00:00+00:00,1.01784,1.01793,1.01784,1.01793,4.0
2010-05-01 21:00:00+00:00,1.01793,1.0182,1.01453,1.0175,404.0
2010-05-02 21:00:00+00:00,1.01742,1.01865,1.01008,1.01076,19963.0
2010-05-03 21:00:00+00:00,1.01071,1.02575,1.01036,1.02465,30085.0
2010-05-04 21:00:00+00:00,1.02437,1.03557,1.02328,1.03073,39490.0
2010-05-05 21:00:00+00:00,1.03071,1.07446,1.02824,1.05259,83709.0
2010-05-06 21:00:00+00:00,1.05232,1.05714,1.03399,1.04404,94900.0
2010-05-07 21:00:00+00:00,1.04407,1.04412,1.04387,1.04387,3.0
2010-05-08 21:00:00+00:00,1.04387,1.04455,1.03422,1.03478,675.0
2010-05-09 21:00:00+00:00,1.03495,1.03934,1.02105,1.02316,61818.0
2010-05-10 21:00:00+00:00,1.02312,1.02884,1.01495,1.02203,49038.0
2010-05-11 21:00:00+00:00,1.02199,1.0247,1.01535,1.01919,41390.0
2010-05-12 21:00:00+00:00,1.01925,1.02085,1.01102,1.02002,36132.0
2010-05-13 21:00:00+00:00,1.01995,1.03783,1.01953,1.03564,46522.0
2010-05-14 21:00:00+00:00,1.03573,1.03573,1.03538,1.03538,2.0
2010-05-15 21:00:00+00:00,1.03448,1.03448,1.03364,1.03364,48.0
2010-05-16 21:00:00+00:00,1.03438,1.04388,1.03187,1.03254,55528.0
2010-05-17 21:00:00+00:00,1.0324,1.04096,1.02466,1.03934,57060.0
2010-05-18 21:00:00+00:00,1.03908,1.05384,1.03815,1.04377,83244.0
2010-05-19 21:00:00+00:00,1.04379,1.07201,1.04044,1.07017,84847.0
2010-05-20 21:00:00+00:00,1.0702,1.07504,1.05519,1.05955,90750.0
2010-05-21 21:00:00+00:00,1.05977,1.05977,1.05972,1.05972,2.0
2010-05-22 21:00:00+00:00,1.05956,1.06103,1.05879,1.06072,216.0
2010-05-23 21:00:00+00:00,1.06075,1.06608,1.05346,1.06262,57258.0
2010-05-24 21:00:00+00:00,1.0626,1.08548,1.06241,1.0675,79752.0
2010-05-25 21:00:00+00:00,1.06735,1.07452,1.0581,1.07096,64710.0
2010-05-26 21:00:00+00:00,1.07105,1.07191,1.04813,1.04819,59220.0
2010-05-27 21:00:00+00:00,1.04808,1.05602,1.04433,1.05463,55786.0
2010-05-28 21:00:00+00:00,1.05469,1.05469,1.05469,1.05469,1.0
2010-05-29 21:00:00+00:00,1.05265,1.05298,1.05225,1.05245,44.0
2010-05-30 21:00:00+00:00,1.05251,1.05538,1.04129,1.0445,23326.0
2010-05-31 21:00:00+00:00,1.04446,1.05624,1.0422,1.05517,63089.0
2010-06-01 21:00:00+00:00,1.05555,1.05718,1.03719,1.03829,55743.0
2010-06-02 21:00:00+00:00,1.03841,1.04632,1.03339,1.04025,47745.0
2010-06-03 21:00:00+00:00,1.04028,1.06289,1.03523,1.06282,53426.0
2010-06-04 21:00:00+00:00,1.06297,1.06297,1.06264,1.06264,4.0
2010-06-05 21:00:00+00:00,1.06177,1.06281,1.06105,1.06278,189.0
2010-06-06 21:00:00+00:00,1.06269,1.06796,1.05156,1.06166,54672.0
2010-06-07 21:00:00+00:00,1.06148,1.06182,1.04696,1.04748,58334.0
2010-06-08 21:00:00+00:00,1.04755,1.05166,1.03649,1.04456,42982.0
2010-06-09 21:00:00+00:00,1.0446,1.0454,1.02879,1.02973,48270.0
2010-06-10 21:00:00+00:00,1.0297,1.03892,1.0297,1.03221,47922.0
2010-06-11 21:00:00+00:00,1.03244,1.03244,1.03244,1.03244,1.0
2010-06-12 21:00:00+00:00,1.03204,1.03302,1.03067,1.03176,277.0
2010-06-13 21:00:00+00:00,1.03186,1.03498,1.02245,1.03385,41095.0
2010-06-14 21:00:00+00:00,1.03389,1.03615,1.0242,1.02535,42644.0
2010-06-15 21:00:00+00:00,1.02538,1.03234,1.02243,1.02429,36202.0
2010-06-16 21:00:00+00:00,1.02423,1.03384,1.02245,1.02831,42264.0
2010-06-17 21:00:00+00:00,1.02828,1.03129,1.02073,1.02181,33285.0
2010-06-18 21:00:00+00:00,1.02188,1.02188,1.02188,1.02188,1.0
2010-06-19 21:00:00+00:00,1.02188,1.02344,1.01697,1.01884,1496.0
2010-06-20 21:00:00+00:00,1.01893,1.0261,1.0139,1.02425,36655.0
2010-06-21 21:00:00+00:00,1.02423,1.02958,1.01817,1.02958,38232.0
2010-06-22 21:00:00+00:00,1.02955,1.04603,1.02728,1.03979,53734.0
2010-06-23 21:00:00+00:00,1.03985,1.04699,1.03744,1.04298,44446.0
2010-06-24 21:00:00+00:00,1.04287,1.04428,1.03404,1.03525,42045.0
2010-06-26 21:00:00+00:00,1.03554,1.03558,1.03311,1.03418,88.0
2010-06-27 21:00:00+00:00,1.0342,1.03724,1.03208,1.0358,34802.0
2010-06-28 21:00:00+00:00,1.03578,1.05772,1.0343,1.05597,52986.0
2010-06-29 21:00:00+00:00,1.05594,1.06486,1.04672,1.06389,50292.0
2010-06-30 21:00:00+00:00,1.06377,1.06748,1.05782,1.05966,63568.0
2010-07-01 21:00:00+00:00,1.05962,1.06686,1.0557,1.06239,51056.0
2010-07-03 21:00:00+00:00,1.06243,1.06243,1.0611,1.06184,44.0
2010-07-04 21:00:00+00:00,1.06187,1.06772,1.05764,1.06336,21119.0
2010-07-05 21:00:00+00:00,1.06319,1.06774,1.0486,1.05444,42090.0
2010-07-06 21:00:00+00:00,1.05447,1.06062,1.0464,1.04666,40772.0
2010-07-07 21:00:00+00:00,1.04654,1.04875,1.03797,1.04206,36349.0
2010-07-08 21:00:00+00:00,1.04202,1.04552,1.02978,1.03381,32208.0
2010-07-09 21:00:00+00:00,1.03383,1.03383,1.03383,1.03383,1.0
2010-07-10 21:00:00+00:00,1.03277,1.03362,1.03217,1.03225,175.0
2010-07-11 21:00:00+00:00,1.03222,1.03865,1.0301,1.0375,27941.0
2010-07-12 21:00:00+00:00,1.03716,1.0386,1.02769,1.02998,30608.0
2010-07-13 21:00:00+00:00,1.03011,1.03709,1.0286,1.03261,31385.0
2010-07-14 21:00:00+00:00,1.03257,1.04431,1.02832,1.03821,38687.0
2010-07-15 21:00:00+00:00,1.03825,1.05834,1.038,1.05823,33184.0
2010-07-16 21:00:00+00:00,1.058,1.058,1.05691,1.05691,19.0
2010-07-17 21:00:00+00:00,1.05672,1.05706,1.05627,1.05646,75.0
2010-07-18 21:00:00+00:00,1.05528,1.05812,1.04994,1.05494,31808.0
2010-07-19 21:00:00+00:00,1.05489,1.05862,1.04312,1.04348,38832.0
2010-07-20 21:00:00+00:00,1.04343,1.05024,1.03518,1.04907,39407.0
2010-07-21 21:00:00+00:00,1.04904,1.05038,1.0356,1.03715,37016.0
2010-07-22 21:00:00+00:00,1.03656,1.0439,1.03468,1.03586,35666.0
2010-07-23 21:00:00+00:00,1.03568,1.03578,1.03563,1.03578,3.0
2010-07-24 21:00:00+00:00,1.03638,1.03864,1.03613,1.03802,126.0
2010-07-25 21:00:00+00:00,1.03797,1.03884,1.03034,1.03225,30518.0
2010-07-26 21:00:00+00:00,1.03221,1.03955,1.02569,1.03537,33333.0
2010-07-27 21:00:00+00:00,1.03527,1.0391,1.0299,1.03885,35975.0
2010-07-28 21:00:00+00:00,1.03881,1.0392,1.03036,1.03664,33773.0
2010-07-29 21:00:00+00:00,1.03537,1.03764,1.02649,1.02969,40085.0
2010-07-30 21:00:00+00:00,1.02958,1.02958,1.02958,1.02958,1.0
2010-07-31 21:00:00+00:00,1.02927,1.02927,1.0287,1.02875,16.0
2010-08-01 21:00:00+00:00,1.02884,1.02986,1.0205,1.02295,27649.0
2010-08-02 21:00:00+00:00,1.02297,1.02741,1.022,1.02346,28059.0
2010-08-03 21:00:00+00:00,1.02342,1.02718,1.01631,1.01826,28422.0
2010-08-04 21:00:00+00:00,1.01823,1.01876,1.01076,1.01679,29570.0
2010-08-05 21:00:00+00:00,1.01688,1.03063,1.01473,1.02726,35151.0
2010-08-07 21:00:00+00:00,1.02726,1.02726,1.02657,1.02683,42.0
2010-08-08 21:00:00+00:00,1.0267,1.02998,1.02563,1.02701,20721.0
2010-08-09 21:00:00+00:00,1.02708,1.03882,1.02682,1.03141,33629.0
2010-08-10 21:00:00+00:00,1.03144,1.04741,1.0303,1.04628,38999.0
2010-08-11 21:00:00+00:00,1.04618,1.0494,1.04212,1.04232,37398.0
2010-08-12 21:00:00+00:00,1.0423,1.04392,1.03508,1.04185,30235.0
2010-08-14 21:00:00+00:00,1.0409,1.04176,1.0409,1.04143,38.0
2010-08-15 21:00:00+00:00,1.04145,1.04655,1.03713,1.04345,28934.0
2010-08-16 21:00:00+00:00,1.04328,1.04393,1.03088,1.03208,33335.0
2010-08-17 21:00:00+00:00,1.03205,1.03416,1.0271,1.02956,33487.0
2010-08-18 21:00:00+00:00,1.0296,1.04164,1.0248,1.04039,37856.0
2010-08-19 21:00:00+00:00,1.04075,1.0515,1.03826,1.04747,32848.0
2010-08-21 21:00:00+00:00,1.04971,1.05023,1.04857,1.0494,235.0
2010-08-22 21:00:00+00:00,1.04942,1.053,1.04448,1.05215,27464.0
2010-08-23 21:00:00+00:00,1.05205,1.06642,1.05117,1.06142,46618.0
2010-08-24 21:00:00+00:00,1.06144,1.0668,1.05744,1.05962,39153.0
2010-08-25 21:00:00+00:00,1.05953,1.06055,1.05219,1.05789,35195.0
2010-08-26 21:00:00+00:00,1.05782,1.06495,1.05061,1.05078,39398.0
2010-08-27 21:00:00+00:00,1.05067,1.05083,1.05067,1.05078,3.0
2010-08-28 21:00:00+00:00,1.05097,1.05222,1.04925,1.04932,566.0
2010-08-29 21:00:00+00:00,1.0495,1.06046,1.04726,1.05996,27695.0
2010-08-30 21:00:00+00:00,1.06019,1.06734,1.05753,1.0656,42020.0
2010-08-31 21:00:00+00:00,1.0655,1.06569,1.04846,1.0497,38842.0
2010-09-01 21:00:00+00:00,1.04968,1.05552,1.04716,1.05228,34707.0
2010-09-02 21:00:00+00:00,1.05245,1.0569,1.0382,1.03877,34267.0
2010-09-03 21:00:00+00:00,1.03883,1.03883,1.03878,1.03882,3.0
2010-09-04 21:00:00+00:00,1.03932,1.04167,1.03932,1.03983,136.0
2010-09-05 21:00:00+00:00,1.03986,1.0404,1.03407,1.03538,13029.0
2010-09-06 21:00:00+00:00,1.03535,1.0482,1.03497,1.04789,31776.0
2010-09-07 21:00:00+00:00,1.04792,1.05088,1.03463,1.03745,34720.0
2010-09-08 21:00:00+00:00,1.0373,1.03946,1.03019,1.03396,26605.0
2010-09-09 21:00:00+00:00,1.03398,1.03745,1.02875,1.03699,28992.0
2010-09-10 21:00:00+00:00,1.03717,1.03717,1.03717,1.03717,1.0
2010-09-11 21:00:00+00:00,1.03717,1.03717,1.03237,1.03352,656.0
2010-09-12 21:00:00+00:00,1.03342,1.0346,1.02659,1.02718,25129.0
2010-09-13 21:00:00+00:00,1.02716,1.03058,1.02168,1.02763,32703.0
2010-09-14 21:00:00+00:00,1.02757,1.0321,1.02519,1.0262,34646.0
2010-09-15 21:00:00+00:00,1.02613,1.02908,1.02399,1.0266,25747.0
2010-09-16 21:00:00+00:00,1.02653,1.03504,1.02166,1.03296,30251.0
2010-09-17 21:00:00+00:00,1.03308,1.03353,1.03308,1.03353,3.0
2010-09-18 21:00:00+00:00,1.03292,1.03292,1.03225,1.03225,24.0
2010-09-19 21:00:00+00:00,1.03222,1.03472,1.02617,1.02823,23360.0
2010-09-20 21:00:00+00:00,1.0282,1.0331,1.02166,1.02682,34970.0
2010-09-21 21:00:00+00:00,1.02667,1.03589,1.01917,1.03072,41342.0
2010-09-22 21:00:00+00:00,1.03056,1.03797,1.02844,1.03422,36519.0
2010-09-23 21:00:00+00:00,1.03425,1.03554,1.02264,1.0241,33356.0
2010-09-24 21:00:00+00:00,1.02407,1.02407,1.02407,1.02407,1.0
2010-09-25 21:00:00+00:00,1.02467,1.02473,1.02454,1.02454,10.0
2010-09-26 21:00:00+00:00,1.02462,1.02984,1.02234,1.02921,29428.0
2010-09-27 21:00:00+00:00,1.02927,1.03618,1.02831,1.02971,38070.0
2010-09-28 21:00:00+00:00,1.02966,1.03417,1.02407,1.0326,36566.0
2010-09-29 21:00:00+00:00,1.03263,1.03458,1.02311,1.02925,44857.0
2010-09-30 21:00:00+00:00,1.02922,1.0314,1.01877,1.01966,39666.0
2010-10-01 21:00:00+00:00,1.0197,1.0197,1.0197,1.0197,1.0
2010-10-02 21:00:00+00:00,1.01988,1.02054,1.01904,1.01907,103.0
2010-10-03 21:00:00+00:00,1.019,1.02446,1.01806,1.02392,31872.0
2010-10-04 21:00:00+00:00,1.02381,1.0273,1.01543,1.0158,32850.0
2010-10-05 21:00:00+00:00,1.01577,1.0167,1.00626,1.01113,34792.0
2010-10-06 21:00:00+00:00,1.01119,1.02114,1.00782,1.01749,34758.0
2010-10-07 21:00:00+00:00,1.01734,1.02303,1.00919,1.01109,36965.0
2010-10-09 21:00:00+00:00,1.01057,1.0118,1.00978,1.01012,157.0
2010-10-10 21:00:00+00:00,1.01014,1.01503,1.00926,1.01372,20579.0
2010-10-11 21:00:00+00:00,1.0137,1.01833,1.009,1.01011,33248.0
2010-10-12 21:00:00+00:00,1.01014,1.01058,1.00117,1.00334,27277.0
2010-10-13 21:00:00+00:00,1.0035,1.00742,0.99807,1.004,33458.0
2010-10-14 21:00:00+00:00,1.00405,1.01393,1.00129,1.01035,42496.0
2010-10-16 21:00:00+00:00,1.01021,1.01265,1.00926,1.01199,619.0
2010-10-17 21:00:00+00:00,1.01204,1.02282,1.01183,1.01721,33377.0
2010-10-18 21:00:00+00:00,1.01723,1.03736,1.01622,1.0336,41511.0
2010-10-19 21:00:00+00:00,1.03356,1.03494,1.02075,1.02103,40827.0
2010-10-20 21:00:00+00:00,1.02115,1.03022,1.01685,1.02672,46060.0
2010-10-21 21:00:00+00:00,1.0267,1.03022,1.02236,1.02585,32993.0
2010-10-22 21:00:00+00:00,1.02573,1.02573,1.02573,1.02573,1.0
2010-10-23 21:00:00+00:00,1.02602,1.02619,1.02458,1.02545,239.0
2010-10-24 21:00:00+00:00,1.0255,1.02686,1.01548,1.01997,31561.0
2010-10-25 21:00:00+00:00,1.01999,1.02666,1.01816,1.0239,36236.0
2010-10-26 21:00:00+00:00,1.02386,1.03394,1.02264,1.0281,37385.0
2010-10-27 21:00:00+00:00,1.02814,1.02866,1.01816,1.0211,32295.0
2010-10-28 21:00:00+00:00,1.02116,1.02486,1.01692,1.0194,34429.0
2010-10-30 21:00:00+00:00,1.0209,1.0222,1.019,1.01926,426.0
2010-10-31 21:00:00+00:00,1.01918,1.0203,1.01269,1.01525,30174.0
2010-11-01 21:00:00+00:00,1.01527,1.01734,1.00817,1.00817,31360.0
2010-11-02 21:00:00+00:00,1.00814,1.0157,1.00471,1.00526,41331.0
2010-11-03 21:00:00+00:00,1.00523,1.01278,1.00104,1.00215,34324.0
2010-11-04 21:00:00+00:00,1.00212,1.0092,0.9992,1.00027,34389.0
2010-11-05 21:00:00+00:00,1.00007,1.00007,1.00007,1.00007,1.0
2010-11-06 21:00:00+00:00,1.00036,1.00151,1.00026,1.00048,425.0
2010-11-07 22:00:00+00:00,1.00055,1.00551,0.99946,1.00354,28268.0
2010-11-08 22:00:00+00:00,1.00352,1.00944,0.99801,1.00801,38713.0
2010-11-09 22:00:00+00:00,1.00807,1.00921,0.99936,1.00093,44874.0
2010-11-10 22:00:00+00:00,1.00095,1.00724,0.99778,1.00333,33019.0
2010-11-11 22:00:00+00:00,1.00341,1.01462,1.00278,1.01235,42867.0
2010-11-12 22:00:00+00:00,1.01245,1.01245,1.01245,1.01245,1.0
2010-11-13 22:00:00+00:00,1.01069,1.01295,1.01053,1.01089,363.0
2010-11-14 22:00:00+00:00,1.01136,1.01394,1.0057,1.00985,33098.0
2010-11-15 22:00:00+00:00,1.00981,1.02544,1.007,1.02232,45294.0
2010-11-16 22:00:00+00:00,1.02246,1.02619,1.01816,1.0246,35917.0
2010-11-17 22:00:00+00:00,1.02465,1.02476,1.01558,1.01898,33493.0
2010-11-18 22:00:00+00:00,1.01938,1.0234,1.01644,1.01685,28047.0
2010-11-19 22:00:00+00:00,1.01695,1.01695,1.01695,1.01695,1.0
2010-11-20 22:00:00+00:00,1.01699,1.01836,1.01635,1.01672,280.0
2010-11-21 22:00:00+00:00,1.01677,1.02171,1.0122,1.01873,26501.0
2010-11-22 22:00:00+00:00,1.0187,1.02642,1.01631,1.02457,40960.0
2010-11-23 22:00:00+00:00,1.02461,1.02461,1.00914,1.00988,35980.0
2010-11-24 22:00:00+00:00,1.00998,1.01239,1.00776,1.00922,18586.0
2010-11-25 22:00:00+00:00,1.0092,1.02474,1.00856,1.02125,30004.0
2010-11-26 22:00:00+00:00,1.02142,1.02142,1.02138,1.02138,2.0
2010-11-27 22:00:00+00:00,1.02136,1.02185,1.01468,1.01674,821.0
2010-11-28 22:00:00+00:00,1.01677,1.02581,1.01675,1.01805,31363.0
2010-11-29 22:00:00+00:00,1.01798,1.02868,1.01714,1.02644,44149.0
2010-11-30 22:00:00+00:00,1.02646,1.02722,1.01432,1.01702,39040.0
2010-12-01 22:00:00+00:00,1.01706,1.019,1.0026,1.00268,42142.0
2010-12-02 22:00:00+00:00,1.00264,1.00807,1.00031,1.00399,34016.0
2010-12-03 22:00:00+00:00,1.00391,1.00409,1.00391,1.00409,4.0
2010-12-04 22:00:00+00:00,1.00427,1.00436,1.00228,1.00361,224.0
2010-12-05 22:00:00+00:00,1.00356,1.00833,1.0022,1.00564,26954.0
2010-12-06 22:00:00+00:00,1.00575,1.01262,1.00121,1.01238,31312.0
2010-12-07 22:00:00+00:00,1.0126,1.01409,1.00636,1.0112,33649.0
2010-12-08 22:00:00+00:00,1.01107,1.01262,1.0067,1.01062,29541.0
2010-12-09 22:00:00+00:00,1.0105,1.01166,1.00839,1.00903,21446.0
2010-12-11 22:00:00+00:00,1.00895,1.01045,1.00895,1.0102,84.0
2010-12-12 22:00:00+00:00,1.01024,1.01079,1.00278,1.00739,19945.0
2010-12-13 22:00:00+00:00,1.00737,1.01113,1.0029,1.00617,27434.0
2010-12-14 22:00:00+00:00,1.00622,1.00954,1.00015,1.00494,32414.0
2010-12-15 22:00:00+00:00,1.00505,1.00754,1.00325,1.00621,25065.0
2010-12-16 22:00:00+00:00,1.00615,1.01468,1.00386,1.01399,23670.0
2010-12-17 22:00:00+00:00,1.01402,1.01402,1.0138,1.0138,2.0
2010-12-18 22:00:00+00:00,1.0136,1.01373,1.01196,1.01279,151.0
2010-12-19 22:00:00+00:00,1.01287,1.02083,1.01025,1.01675,19616.0
2010-12-20 22:00:00+00:00,1.0167,1.02066,1.01514,1.01704,19822.0
2010-12-21 22:00:00+00:00,1.01697,1.01784,1.01114,1.01325,17508.0
2010-12-22 22:00:00+00:00,1.01327,1.01654,1.00714,1.00929,15543.0
2010-12-23 22:00:00+00:00,1.00925,1.0115,1.00507,1.0084,9590.0
2010-12-25 22:00:00+00:00,1.00788,1.0089,1.00735,1.00815,110.0
2010-12-26 22:00:00+00:00,1.00812,1.0111,1.00586,1.00685,7602.0
2010-12-27 22:00:00+00:00,1.00711,1.00722,0.99754,1.00105,17409.0
2010-12-28 22:00:00+00:00,1.00107,1.00562,0.99752,1.0008,15611.0
2010-12-29 22:00:00+00:00,1.00085,1.00226,0.99915,1.00003,12713.0
2010-12-30 22:00:00+00:00,0.99998,1.00078,0.99259,0.99795,14142.0
2010-12-31 22:00:00+00:00,0.99767,0.99767,0.99767,0.99767,1.0
2011-01-01 22:00:00+00:00,0.99735,0.99735,0.99418,0.99487,349.0
2011-01-02 22:00:00+00:00,0.99483,0.99534,0.98898,0.99388,12426.0
2011-01-03 22:00:00+00:00,0.99395,1.00342,0.99172,0.99835,22394.0
2011-01-04 22:00:00+00:00,0.99837,1.00236,0.99342,0.99569,27802.0
2011-01-05 22:00:00+00:00,0.99567,0.9994,0.99259,0.99665,25498.0
2011-01-06 22:00:00+00:00,0.99667,1.00044,0.98996,0.99355,31513.0
2011-01-08 22:00:00+00:00,0.9929,0.99405,0.99159,0.99324,500.0
2011-01-09 22:00:00+00:00,0.99326,0.99842,0.99117,0.99335,21299.0
2011-01-10 22:00:00+00:00,0.9933,0.99502,0.98926,0.99039,23604.0
2011-01-11 22:00:00+00:00,0.99035,0.99128,0.98488,0.98567,27951.0
2011-01-12 22:00:00+00:00,0.98577,0.99092,0.98541,0.98916,26086.0
2011-01-13 22:00:00+00:00,0.9891,0.99773,0.98861,0.9909,29335.0
2011-01-15 22:00:00+00:00,0.9915,0.9918,0.98804,0.98815,281.0
2011-01-16 22:00:00+00:00,0.98809,0.99018,0.98566,0.98705,16302.0
2011-01-17 22:00:00+00:00,0.987,0.99348,0.9838,0.99124,25231.0
2011-01-18 22:00:00+00:00,0.99133,0.99666,0.98891,0.99576,24239.0
2011-01-19 22:00:00+00:00,0.99578,1.00311,0.99501,0.99732,34745.0
2011-01-20 22:00:00+00:00,0.99726,0.99884,0.9909,0.99317,22940.0
2011-01-21 22:00:00+00:00,0.99313,0.99315,0.99311,0.99315,14.0
2011-01-22 22:00:00+00:00,0.99315,0.9941,0.99299,0.99353,101.0
2011-01-23 22:00:00+00:00,0.99351,0.99828,0.9919,0.99351,19188.0
2011-01-24 22:00:00+00:00,0.99366,1.00043,0.99118,0.99685,26727.0
2011-01-25 22:00:00+00:00,0.99689,0.99814,0.99368,0.99405,25319.0
2011-01-26 22:00:00+00:00,0.99416,0.99868,0.99267,0.99345,25657.0
2011-01-27 22:00:00+00:00,0.99365,1.00172,0.99349,1.00115,23961.0
2011-01-28 22:00:00+00:00,1.00115,1.00115,1.00115,1.00115,12.0
2011-01-29 22:00:00+00:00,1.00115,1.00189,1.00033,1.00168,541.0
2011-01-30 22:00:00+00:00,1.0017,1.00581,0.99627,1.00095,25837.0
2011-01-31 22:00:00+00:00,1.00092,1.001,0.99004,0.99061,21676.0
2011-02-01 22:00:00+00:00,0.99058,0.99162,0.98607,0.98789,17310.0
2011-02-02 22:00:00+00:00,0.98795,0.99222,0.98658,0.9911,17092.0
2011-02-03 22:00:00+00:00,0.99106,0.9979,0.98319,0.9873,24974.0
2011-02-04 22:00:00+00:00,0.9873,0.9873,0.9873,0.9873,2.0
2011-02-05 22:00:00+00:00,0.9873,0.98971,0.9873,0.98821,334.0
2011-02-06 22:00:00+00:00,0.98819,0.99124,0.98586,0.99082,18979.0
2011-02-07 22:00:00+00:00,0.99084,0.99773,0.98691,0.99517,20111.0
2011-02-08 22:00:00+00:00,0.99515,0.99561,0.99156,0.99379,17627.0
2011-02-09 22:00:00+00:00,0.99381,0.99872,0.99327,0.99527,21235.0
2011-02-10 22:00:00+00:00,0.99524,0.99864,0.98627,0.9874,20307.0
2011-02-11 22:00:00+00:00,0.9874,0.9874,0.9874,0.9874,11.0
2011-02-12 22:00:00+00:00,0.9874,0.98976,0.98735,0.98945,446.0
2011-02-13 22:00:00+00:00,0.9894,0.99021,0.98165,0.98908,15997.0
2011-02-14 22:00:00+00:00,0.98913,0.99025,0.98517,0.98977,16831.0
2011-02-15 22:00:00+00:00,0.98979,0.99042,0.98466,0.98486,18727.0
2011-02-16 22:00:00+00:00,0.98491,0.98591,0.98161,0.9843,15612.0
2011-02-17 22:00:00+00:00,0.98426,0.98743,0.98188,0.98676,18300.0
2011-02-18 22:00:00+00:00,0.98676,0.98676,0.98676,0.98676,11.0
2011-02-19 22:00:00+00:00,0.98676,0.98676,0.98541,0.98545,98.0
2011-02-20 22:00:00+00:00,0.98547,0.98722,0.98225,0.98301,8951.0
2011-02-21 22:00:00+00:00,0.98304,0.99196,0.98238,0.99077,27254.0
2011-02-22 22:00:00+00:00,0.99113,0.99592,0.98586,0.98951,25087.0
2011-02-23 22:00:00+00:00,0.98954,0.99028,0.98166,0.9826,26414.0
2011-02-24 22:00:00+00:00,0.98257,0.98323,0.97732,0.97747,14925.0
2011-02-25 22:00:00+00:00,0.97743,0.97743,0.9774,0.9774,2.0
2011-02-26 22:00:00+00:00,0.9774,0.9804,0.9774,0.97868,246.0
2011-02-27 22:00:00+00:00,0.97861,0.97894,0.97104,0.97167,20580.0
2011-02-28 22:00:00+00:00,0.97163,0.97553,0.96841,0.9747,19113.0
2011-03-01 22:00:00+00:00,0.97473,0.97756,0.97084,0.9733,18836.0
2011-03-02 22:00:00+00:00,0.97335,0.9753,0.97148,0.97206,15926.0
2011-03-03 22:00:00+00:00,0.97211,0.97431,0.97,0.97345,15861.0
2011-03-04 22:00:00+00:00,0.97335,0.97335,0.9733,0.9733,8.0
2011-03-05 22:00:00+00:00,0.9733,0.9734,0.97294,0.97332,140.0
2011-03-06 22:00:00+00:00,0.97329,0.97435,0.97005,0.9733,11339.0
2011-03-07 22:00:00+00:00,0.97333,0.97482,0.97078,0.9714,15016.0
2011-03-08 22:00:00+00:00,0.97145,0.97153,0.96678,0.96848,10719.0
2011-03-09 22:00:00+00:00,0.96845,0.97672,0.96835,0.97602,16986.0
2011-03-10 22:00:00+00:00,0.97605,0.98024,0.97058,0.97315,18776.0
2011-03-11 22:00:00+00:00,0.97315,0.97315,0.97315,0.97315,12.0
2011-03-12 22:00:00+00:00,0.97315,0.97464,0.97064,0.97332,623.0
2011-03-13 21:00:00+00:00,0.97328,0.97641,0.97107,0.9738,16009.0
2011-03-14 21:00:00+00:00,0.97382,0.99742,0.97341,0.98595,43048.0
2011-03-15 21:00:00+00:00,0.98629,0.99672,0.98074,0.99139,35872.0
2011-03-16 21:00:00+00:00,0.99141,0.99516,0.98351,0.98478,36014.0
2011-03-17 21:00:00+00:00,0.98481,0.98668,0.9803,0.98431,25275.0
2011-03-18 21:00:00+00:00,0.98431,0.98431,0.98431,0.98431,13.0
2011-03-19 21:00:00+00:00,0.98431,0.9853,0.98395,0.98492,133.0
2011-03-20 21:00:00+00:00,0.98488,0.9856,0.97495,0.97802,19240.0
2011-03-21 21:00:00+00:00,0.97777,0.98135,0.97471,0.98093,20203.0
2011-03-22 21:00:00+00:00,0.98072,0.98438,0.97922,0.98154,19876.0
2011-03-23 21:00:00+00:00,0.98159,0.98248,0.97318,0.97516,19048.0
2011-03-24 21:00:00+00:00,0.97519,0.98273,0.97422,0.98159,16842.0
2011-03-25 21:00:00+00:00,0.98159,0.98159,0.98159,0.98159,12.0
2011-03-26 21:00:00+00:00,0.98159,0.98159,0.9782,0.98037,390.0
2011-03-27 21:00:00+00:00,0.98042,0.98247,0.97419,0.97797,14748.0
2011-03-28 21:00:00+00:00,0.97794,0.97852,0.97389,0.97443,14620.0
2011-03-29 21:00:00+00:00,0.97441,0.97538,0.9687,0.97093,14645.0
2011-03-30 21:00:00+00:00,0.97091,0.97293,0.96836,0.97053,14861.0
2011-03-31 21:00:00+00:00,0.97049,0.9705,0.96266,0.9632,18872.0
2011-04-01 21:00:00+00:00,0.9632,0.9632,0.9632,0.9632,12.0
2011-04-02 21:00:00+00:00,0.9632,0.96423,0.9632,0.96388,116.0
2011-04-03 21:00:00+00:00,0.96385,0.96872,0.96165,0.96696,13570.0
2011-04-04 21:00:00+00:00,0.96725,0.96933,0.96278,0.96386,17173.0
2011-04-05 21:00:00+00:00,0.96382,0.96419,0.95691,0.96081,13022.0
2011-04-06 21:00:00+00:00,0.96079,0.96242,0.95706,0.9583,18344.0
2011-04-07 21:00:00+00:00,0.95826,0.95944,0.9527,0.95543,18838.0
2011-04-08 21:00:00+00:00,0.95547,0.95547,0.95547,0.95547,14.0
2011-04-09 21:00:00+00:00,0.95547,0.95725,0.95518,0.95523,143.0
2011-04-10 21:00:00+00:00,0.9552,0.95774,0.95426,0.95661,14484.0
2011-04-11 21:00:00+00:00,0.95665,0.96578,0.95566,0.96347,27870.0
2011-04-12 21:00:00+00:00,0.96344,0.96552,0.95857,0.96227,23227.0
2011-04-13 21:00:00+00:00,0.96223,0.96695,0.95953,0.96113,24464.0
2011-04-14 21:00:00+00:00,0.96115,0.96495,0.95917,0.95921,17527.0
2011-04-15 21:00:00+00:00,0.9592,0.9592,0.9592,0.9592,12.0
2011-04-16 21:00:00+00:00,0.9592,0.96041,0.9586,0.95897,240.0
2011-04-17 21:00:00+00:00,0.959,0.97216,0.9587,0.9642,24804.0
2011-04-18 21:00:00+00:00,0.96425,0.96669,0.95487,0.95613,24155.0
2011-04-19 21:00:00+00:00,0.9561,0.95651,0.94978,0.95258,21927.0
2011-04-20 21:00:00+00:00,0.95256,0.95375,0.94546,0.95317,19602.0
2011-04-21 21:00:00+00:00,0.95321,0.95474,0.95198,0.95474,3456.0
2011-04-22 21:00:00+00:00,0.95474,0.95474,0.95474,0.95474,12.0
2011-04-23 21:00:00+00:00,0.95474,0.95474,0.95251,0.95251,78.0
2011-04-24 21:00:00+00:00,0.95247,0.95612,0.95038,0.95439,10000.0
2011-04-25 21:00:00+00:00,0.95436,0.95623,0.94959,0.95155,16174.0
2011-04-26 21:00:00+00:00,0.95153,0.95763,0.94882,0.94971,20545.0
2011-04-27 21:00:00+00:00,0.94967,0.9521,0.9465,0.95064,20417.0
2011-04-28 21:00:00+00:00,0.95061,0.95495,0.94457,0.9451,18000.0
2011-04-29 21:00:00+00:00,0.9451,0.9451,0.9451,0.9451,4.0
2011-04-30 21:00:00+00:00,0.9451,0.9451,0.9451,0.9451,13.0
2011-05-01 21:00:00+00:00,0.94572,0.95188,0.9447,0.95057,16073.0
2011-05-02 21:00:00+00:00,0.95061,0.95421,0.94592,0.95263,23826.0
2011-05-03 21:00:00+00:00,0.95261,0.96039,0.9505,0.95934,24483.0
2011-05-04 21:00:00+00:00,0.95932,0.9713,0.95688,0.96695,38732.0
2011-05-05 21:00:00+00:00,0.96693,0.9703,0.9574,0.9666,45283.0
2011-05-06 21:00:00+00:00,0.9666,0.9666,0.9666,0.9666,12.0
2011-05-07 21:00:00+00:00,0.9666,0.96707,0.96578,0.9669,153.0
2011-05-08 21:00:00+00:00,0.96698,0.96962,0.96048,0.96178,29717.0
2011-05-09 21:00:00+00:00,0.96176,0.96534,0.95678,0.95678,22846.0
2011-05-10 21:00:00+00:00,0.95673,0.96388,0.95131,0.96201,32900.0
2011-05-11 21:00:00+00:00,0.96203,0.96944,0.95979,0.9627,39761.0
2011-05-12 21:00:00+00:00,0.96274,0.97442,0.96048,0.96857,33675.0
2011-05-13 21:00:00+00:00,0.96857,0.96857,0.96857,0.96857,12.0
2011-05-14 21:00:00+00:00,0.96857,0.96944,0.9685,0.96887,174.0
2011-05-15 21:00:00+00:00,0.96896,0.97701,0.96839,0.97582,31385.0
2011-05-16 21:00:00+00:00,0.97586,0.97934,0.97174,0.97219,37665.0
2011-05-17 21:00:00+00:00,0.97221,0.97598,0.96973,0.97006,29799.0
2011-05-18 21:00:00+00:00,0.97009,0.97141,0.96539,0.96757,25376.0
2011-05-19 21:00:00+00:00,0.96759,0.97718,0.96417,0.97404,30970.0
2011-05-20 21:00:00+00:00,0.97404,0.97404,0.97404,0.97404,12.0
2011-05-21 21:00:00+00:00,0.97404,0.97409,0.97242,0.97407,58.0
2011-05-22 21:00:00+00:00,0.97413,0.98101,0.97348,0.97792,29596.0
2011-05-23 21:00:00+00:00,0.9779,0.9793,0.97543,0.97675,25044.0
2011-05-24 21:00:00+00:00,0.97673,0.98163,0.9744,0.97693,25285.0
2011-05-25 21:00:00+00:00,0.97678,0.98157,0.97568,0.97773,26733.0
2011-05-26 21:00:00+00:00,0.97771,0.97983,0.97534,0.97619,24843.0
2011-05-27 21:00:00+00:00,0.97619,0.97619,0.97619,0.97619,13.0
2011-05-28 21:00:00+00:00,0.97619,0.97881,0.97619,0.97791,215.0
2011-05-29 21:00:00+00:00,0.97794,0.97872,0.97525,0.97706,7451.0
2011-05-30 21:00:00+00:00,0.97708,0.9772,0.9655,0.96842,20943.0
2011-05-31 21:00:00+00:00,0.96847,0.97749,0.96675,0.9774,30886.0
2011-06-01 21:00:00+00:00,0.97733,0.98096,0.9745,0.9759,25845.0
2011-06-02 21:00:00+00:00,0.97592,0.9852,0.97448,0.97829,26400.0
2011-06-03 21:00:00+00:00,0.97829,0.97829,0.97829,0.97829,12.0
2011-06-04 21:00:00+00:00,0.97829,0.97832,0.97802,0.97832,45.0
2011-06-05 21:00:00+00:00,0.97828,0.98172,0.97684,0.98093,25059.0
2011-06-06 21:00:00+00:00,0.98096,0.98108,0.97319,0.97454,20729.0
2011-06-07 21:00:00+00:00,0.97452,0.98208,0.97383,0.97933,28539.0
2011-06-08 21:00:00+00:00,0.97939,0.98134,0.97239,0.97294,26884.0
2011-06-09 21:00:00+00:00,0.97297,0.97991,0.97137,0.97984,29346.0
2011-06-10 21:00:00+00:00,0.97984,0.98014,0.97984,0.98014,14.0
2011-06-11 21:00:00+00:00,0.98014,0.98014,0.97866,0.97947,50.0
2011-06-12 21:00:00+00:00,0.97945,0.98007,0.9754,0.97603,20579.0
2011-06-13 21:00:00+00:00,0.97605,0.97721,0.96756,0.96821,21517.0
2011-06-14 21:00:00+00:00,0.96819,0.9829,0.96709,0.97911,29431.0
2011-06-15 21:00:00+00:00,0.97914,0.98985,0.97729,0.98121,38461.0
2011-06-16 21:00:00+00:00,0.98119,0.98694,0.97759,0.97942,31068.0
2011-06-17 21:00:00+00:00,0.97942,0.97942,0.97942,0.97942,12.0
2011-06-18 21:00:00+00:00,0.97942,0.98192,0.97942,0.9818,68.0
2011-06-19 21:00:00+00:00,0.98175,0.98494,0.97822,0.97985,23948.0
2011-06-20 21:00:00+00:00,0.97982,0.98054,0.97108,0.9711,22954.0
2011-06-21 21:00:00+00:00,0.97115,0.97535,0.97012,0.97387,26116.0
2011-06-22 21:00:00+00:00,0.9739,0.98243,0.97138,0.979,35199.0
2011-06-23 21:00:00+00:00,0.97903,0.98871,0.97706,0.98854,26796.0
2011-06-24 21:00:00+00:00,0.98854,0.98854,0.98854,0.98854,12.0
2011-06-25 21:00:00+00:00,0.98854,0.98854,0.98641,0.98682,206.0
2011-06-26 21:00:00+00:00,0.98677,0.9913,0.9858,0.98609,24761.0
2011-06-27 21:00:00+00:00,0.98607,0.98844,0.98113,0.98113,25938.0
2011-06-28 21:00:00+00:00,0.98116,0.9825,0.96897,0.96948,30914.0
2011-06-29 21:00:00+00:00,0.96945,0.97056,0.96248,0.96337,22855.0
2011-06-30 21:00:00+00:00,0.96339,0.96512,0.95806,0.95858,16689.0
2011-07-01 21:00:00+00:00,0.95858,0.95858,0.95858,0.95858,12.0
2011-07-02 21:00:00+00:00,0.95858,0.95998,0.95858,0.95966,112.0
2011-07-03 21:00:00+00:00,0.95963,0.96181,0.95798,0.9611,10408.0
2011-07-04 21:00:00+00:00,0.96112,0.96424,0.95942,0.96342,18422.0
2011-07-05 21:00:00+00:00,0.96338,0.96947,0.96151,0.96531,21316.0
2011-07-06 21:00:00+00:00,0.96529,0.96665,0.95695,0.95867,21216.0
2011-07-07 21:00:00+00:00,0.95863,0.96657,0.95664,0.96213,23569.0
2011-07-08 21:00:00+00:00,0.96213,0.96213,0.96213,0.96213,12.0
2011-07-09 21:00:00+00:00,0.96213,0.96243,0.9603,0.96161,340.0
2011-07-10 21:00:00+00:00,0.96164,0.96954,0.96156,0.96882,24375.0
2011-07-11 21:00:00+00:00,0.96874,0.97788,0.96266,0.96658,40171.0
2011-07-12 21:00:00+00:00,0.96656,0.96689,0.95783,0.95817,31261.0
2011-07-13 21:00:00+00:00,0.95819,0.96169,0.95494,0.96055,32205.0
2011-07-14 21:00:00+00:00,0.9606,0.96242,0.95207,0.95345,26408.0
2011-07-15 21:00:00+00:00,0.95345,0.95345,0.95345,0.95345,2.0
2011-07-16 21:00:00+00:00,0.95345,0.95469,0.95283,0.95466,125.0
2011-07-17 21:00:00+00:00,0.95463,0.96356,0.95369,0.95973,24032.0
2011-07-18 21:00:00+00:00,0.95971,0.96016,0.94826,0.95008,26095.0
2011-07-19 21:00:00+00:00,0.95012,0.95132,0.94573,0.94744,20297.0
2011-07-20 21:00:00+00:00,0.94746,0.94933,0.94238,0.94329,30171.0
2011-07-21 21:00:00+00:00,0.94333,0.95303,0.94244,0.94802,22993.0
2011-07-22 21:00:00+00:00,0.94802,0.94802,0.94802,0.94802,12.0
2011-07-23 21:00:00+00:00,0.94802,0.94938,0.94735,0.94898,420.0
2011-07-24 21:00:00+00:00,0.949,0.95248,0.94346,0.94712,18197.0
2011-07-25 21:00:00+00:00,0.9471,0.9475,0.94066,0.94431,20849.0
2011-07-26 21:00:00+00:00,0.94433,0.95061,0.94108,0.94982,19340.0
2011-07-27 21:00:00+00:00,0.94979,0.9523,0.94579,0.94927,19961.0
2011-07-28 21:00:00+00:00,0.94929,0.95902,0.94868,0.9553,27750.0
2011-07-29 21:00:00+00:00,0.9553,0.9553,0.9553,0.9553,12.0
2011-07-30 21:00:00+00:00,0.9553,0.95679,0.95195,0.95389,434.0
2011-07-31 21:00:00+00:00,0.95392,0.96054,0.94917,0.95709,28986.0
2011-08-01 21:00:00+00:00,0.95706,0.96185,0.95479,0.96127,22625.0
2011-08-02 21:00:00+00:00,0.96124,0.96472,0.95685,0.96211,25291.0
2011-08-03 21:00:00+00:00,0.96215,0.98158,0.9603,0.98151,44407.0
2011-08-04 21:00:00+00:00,0.98153,0.9854,0.97426,0.98191,61334.0
2011-08-05 21:00:00+00:00,0.98191,0.98191,0.98121,0.98141,15.0
2011-08-06 21:00:00+00:00,0.98141,0.9847,0.98041,0.98154,1710.0
2011-08-07 21:00:00+00:00,0.98148,0.99452,0.97828,0.99447,59466.0
2011-08-08 21:00:00+00:00,0.99452,1.00098,0.97694,0.97722,84712.0
2011-08-09 21:00:00+00:00,0.97719,0.9954,0.97671,0.99486,54998.0
2011-08-10 21:00:00+00:00,0.99484,0.99684,0.98407,0.98419,56047.0
2011-08-11 21:00:00+00:00,0.98417,0.99188,0.98344,0.98713,36443.0
2011-08-12 21:00:00+00:00,0.98713,0.98713,0.98713,0.98713,12.0
2011-08-13 21:00:00+00:00,0.98713,0.98789,0.98679,0.98755,86.0
2011-08-14 21:00:00+00:00,0.98757,0.99062,0.97918,0.97918,24403.0
2011-08-15 21:00:00+00:00,0.97916,0.98721,0.97908,0.9823,28892.0
2011-08-16 21:00:00+00:00,0.98227,0.98465,0.97754,0.98069,23045.0
2011-08-17 21:00:00+00:00,0.98067,0.99386,0.97996,0.99044,32898.0
2011-08-18 21:00:00+00:00,0.99042,0.99268,0.98268,0.9901,38918.0
2011-08-19 21:00:00+00:00,0.9901,0.9901,0.9901,0.9901,12.0
2011-08-20 21:00:00+00:00,0.9901,0.99073,0.9892,0.99073,72.0
2011-08-21 21:00:00+00:00,0.99062,0.99188,0.98293,0.99046,27960.0
2011-08-22 21:00:00+00:00,0.99044,0.99098,0.98498,0.98738,26261.0
2011-08-23 21:00:00+00:00,0.98734,0.99054,0.98402,0.98716,22487.0
2011-08-24 21:00:00+00:00,0.98712,0.98874,0.97918,0.98831,25146.0
2011-08-25 21:00:00+00:00,0.98829,0.99243,0.98099,0.98133,27801.0
2011-08-26 21:00:00+00:00,0.98133,0.98133,0.98133,0.98133,12.0
2011-08-27 21:00:00+00:00,0.98133,0.98143,0.97928,0.98,333.0
2011-08-28 21:00:00+00:00,0.98003,0.98335,0.9741,0.97699,16149.0
2011-08-29 21:00:00+00:00,0.97702,0.98172,0.9758,0.97785,19308.0
2011-08-30 21:00:00+00:00,0.97782,0.98016,0.97256,0.97769,20132.0
2011-08-31 21:00:00+00:00,0.97771,0.97964,0.97368,0.97679,21490.0
2011-09-01 21:00:00+00:00,0.97676,0.98578,0.97544,0.98505,22915.0
2011-09-02 21:00:00+00:00,0.98505,0.98505,0.98505,0.98505,10.0
2011-09-03 21:00:00+00:00,0.98505,0.9866,0.98485,0.98645,233.0
2011-09-04 21:00:00+00:00,0.98649,0.99326,0.98536,0.99063,13912.0
2011-09-05 21:00:00+00:00,0.99058,0.99658,0.98644,0.99051,37503.0
2011-09-06 21:00:00+00:00,0.99049,0.99113,0.98316,0.9833,25122.0
2011-09-07 21:00:00+00:00,0.98332,0.98973,0.98302,0.98942,24633.0
2011-09-08 21:00:00+00:00,0.98939,0.99789,0.9869,0.99666,29093.0
2011-09-09 21:00:00+00:00,0.99666,0.99666,0.99666,0.99666,12.0
2011-09-10 21:00:00+00:00,0.99666,0.99765,0.99584,0.99742,234.0
2011-09-11 21:00:00+00:00,0.99744,1.00265,0.99162,0.99274,28231.0
2011-09-12 21:00:00+00:00,0.9928,0.9977,0.98508,0.98569,34025.0
2011-09-13 21:00:00+00:00,0.98571,0.99402,0.98468,0.98928,29903.0
2011-09-14 21:00:00+00:00,0.9893,0.99505,0.98306,0.98357,25011.0
2011-09-15 21:00:00+00:00,0.98359,0.98611,0.97802,0.97802,21714.0
2011-09-16 21:00:00+00:00,0.97802,0.97802,0.97802,0.97802,2.0
2011-09-17 21:00:00+00:00,0.97802,0.98129,0.97671,0.98129,465.0
2011-09-18 21:00:00+00:00,0.98117,0.99232,0.98064,0.9907,24010.0
2011-09-19 21:00:00+00:00,0.99066,0.99488,0.98827,0.99264,27596.0
2011-09-20 21:00:00+00:00,0.99257,1.00885,0.99109,1.00812,30722.0
2011-09-21 21:00:00+00:00,1.00817,1.03612,1.00528,1.02845,53294.0
2011-09-22 21:00:00+00:00,1.02841,1.03492,1.0225,1.02795,54187.0
2011-09-23 21:00:00+00:00,1.02795,1.02795,1.02795,1.02795,4.0
2011-09-24 21:00:00+00:00,1.02795,1.02926,1.02574,1.02808,355.0
2011-09-25 21:00:00+00:00,1.02803,1.03853,1.02512,1.02512,48725.0
2011-09-26 21:00:00+00:00,1.02516,1.02811,1.0144,1.0193,34704.0
2011-09-27 21:00:00+00:00,1.01925,1.0338,1.0192,1.0335,32972.0
2011-09-28 21:00:00+00:00,1.03357,1.04024,1.02568,1.03593,36284.0
2011-09-29 21:00:00+00:00,1.03589,1.05032,1.03523,1.05032,35017.0
2011-09-30 21:00:00+00:00,1.05032,1.05032,1.05032,1.05032,12.0
2011-10-01 21:00:00+00:00,1.05032,1.05032,1.0486,1.04909,379.0
2011-10-02 21:00:00+00:00,1.04902,1.05481,1.0433,1.05467,42810.0
2011-10-03 21:00:00+00:00,1.05461,1.0658,1.05112,1.05131,49156.0
2011-10-04 21:00:00+00:00,1.05139,1.05719,1.03968,1.04018,38771.0
2011-10-05 21:00:00+00:00,1.04024,1.0483,1.03708,1.0371,42930.0
2011-10-06 21:00:00+00:00,1.03714,1.04187,1.02354,1.03956,36187.0
2011-10-07 21:00:00+00:00,1.03956,1.03956,1.03956,1.03956,12.0
2011-10-08 21:00:00+00:00,1.03956,1.04117,1.03898,1.03898,420.0
2011-10-09 21:00:00+00:00,1.03902,1.03968,1.02516,1.02583,30466.0
2011-10-10 21:00:00+00:00,1.02601,1.03386,1.02568,1.02997,32471.0
2011-10-11 21:00:00+00:00,1.0299,1.03288,1.01336,1.01722,33215.0
2011-10-12 21:00:00+00:00,1.01717,1.02727,1.01642,1.02092,37573.0
2011-10-13 21:00:00+00:00,1.02088,1.02348,1.00968,1.0097,30741.0
2011-10-14 21:00:00+00:00,1.0097,1.0097,1.0097,1.0097,13.0
2011-10-15 21:00:00+00:00,1.0097,1.01218,1.0097,1.01116,104.0
2011-10-16 21:00:00+00:00,1.01108,1.02377,1.00439,1.02349,29923.0
2011-10-17 21:00:00+00:00,1.02354,1.02636,1.01116,1.01413,41423.0
2011-10-18 21:00:00+00:00,1.01419,1.02166,1.00856,1.02056,33853.0
2011-10-19 21:00:00+00:00,1.02063,1.02463,1.01322,1.01545,45792.0
2011-10-20 21:00:00+00:00,1.0155,1.01882,1.0067,1.00676,30361.0
2011-10-21 21:00:00+00:00,1.00676,1.00676,1.00676,1.00676,12.0
2011-10-22 21:00:00+00:00,1.00676,1.01012,1.00676,1.00959,158.0
2011-10-23 21:00:00+00:00,1.00963,1.01013,1.00222,1.00378,27668.0
2011-10-24 21:00:00+00:00,1.00384,1.02126,0.99912,1.01672,37568.0
2011-10-25 21:00:00+00:00,1.01667,1.0177,1.00373,1.00425,33546.0
2011-10-26 21:00:00+00:00,1.00435,1.00512,0.98926,0.99093,38493.0
2011-10-27 21:00:00+00:00,0.99097,0.99702,0.98956,0.99172,26824.0
2011-10-28 21:00:00+00:00,0.99172,0.99172,0.99172,0.99172,1.0
2011-10-29 21:00:00+00:00,0.9926,0.9926,0.99146,0.99173,41.0
2011-10-30 21:00:00+00:00,0.99177,1.00276,0.99136,1.00078,31506.0
2011-10-31 21:00:00+00:00,1.0007,1.0208,0.99747,1.02033,50419.0
2011-11-01 21:00:00+00:00,1.02037,1.02231,1.01066,1.01353,38647.0
2011-11-02 21:00:00+00:00,1.01349,1.02164,1.00552,1.00666,45244.0
2011-11-03 21:00:00+00:00,1.00661,1.02284,1.0066,1.01875,34485.0
2011-11-05 21:00:00+00:00,1.01839,1.01839,1.01676,1.01676,104.0
2011-11-06 22:00:00+00:00,1.01668,1.0204,1.01241,1.01263,28372.0
2011-11-07 22:00:00+00:00,1.01268,1.01822,1.00768,1.00876,29119.0
2011-11-08 22:00:00+00:00,1.00882,1.02459,1.00788,1.02459,39110.0
2011-11-09 22:00:00+00:00,1.02453,1.0266,1.01642,1.01693,36263.0
2011-11-10 22:00:00+00:00,1.01686,1.02324,1.00963,1.0103,26306.0
2011-11-11 22:00:00+00:00,1.0103,1.0103,1.0103,1.0103,2.0
2011-11-12 22:00:00+00:00,1.01079,1.01223,1.00809,1.0082,250.0
2011-11-13 22:00:00+00:00,1.00825,1.01948,1.00825,1.01675,30707.0
2011-11-14 22:00:00+00:00,1.0168,1.02628,1.01592,1.02104,33737.0
2011-11-15 22:00:00+00:00,1.0211,1.0288,1.01724,1.02452,39593.0
2011-11-16 22:00:00+00:00,1.02457,1.02952,1.02086,1.02923,47866.0
2011-11-17 22:00:00+00:00,1.02919,1.03019,1.01998,1.02772,32570.0
2011-11-19 22:00:00+00:00,1.02711,1.02817,1.02707,1.02729,96.0
2011-11-20 22:00:00+00:00,1.02745,1.04188,1.02708,1.04003,27752.0
2011-11-21 22:00:00+00:00,1.03998,1.04132,1.03466,1.03826,26605.0
2011-11-22 22:00:00+00:00,1.03822,1.04972,1.03751,1.04862,32231.0
2011-11-23 22:00:00+00:00,1.04852,1.04922,1.04386,1.04703,16204.0
2011-11-24 22:00:00+00:00,1.04699,1.05232,1.0439,1.04715,24509.0
2011-11-25 22:00:00+00:00,1.04715,1.04715,1.04675,1.04675,4.0
2011-11-26 22:00:00+00:00,1.04665,1.04736,1.0424,1.0424,499.0
2011-11-27 22:00:00+00:00,1.04252,1.04485,1.03046,1.03411,26618.0
2011-11-28 22:00:00+00:00,1.03406,1.03642,1.02589,1.03214,29990.0
2011-11-29 22:00:00+00:00,1.03209,1.03632,1.0124,1.01745,38650.0
2011-11-30 22:00:00+00:00,1.01751,1.02232,1.01368,1.01389,25844.0
2011-12-01 22:00:00+00:00,1.01393,1.0197,1.008,1.0194,24878.0
2011-12-02 22:00:00+00:00,1.0194,1.0194,1.0194,1.0194,2.0
2011-12-03 22:00:00+00:00,1.01926,1.01926,1.01575,1.01666,289.0
2011-12-04 22:00:00+00:00,1.01673,1.01938,1.01213,1.01644,24334.0
2011-12-05 22:00:00+00:00,1.01635,1.0207,1.00856,1.01003,26719.0
2011-12-06 22:00:00+00:00,1.00999,1.01332,1.00662,1.00989,24798.0
2011-12-07 22:00:00+00:00,1.00983,1.02342,1.00524,1.0231,27257.0
2011-12-08 22:00:00+00:00,1.02305,1.02626,1.01678,1.01708,28694.0
2011-12-10 22:00:00+00:00,1.01738,1.02084,1.01738,1.0191,509.0
2011-12-11 22:00:00+00:00,1.01914,1.02854,1.01842,1.02707,26580.0
2011-12-12 22:00:00+00:00,1.02711,1.03494,1.02321,1.03425,27757.0
2011-12-13 22:00:00+00:00,1.03421,1.04236,1.0327,1.03967,27401.0
2011-12-14 22:00:00+00:00,1.03963,1.04052,1.03208,1.03503,29803.0
2011-12-15 22:00:00+00:00,1.03511,1.0407,1.0298,1.03798,27062.0
2011-12-17 22:00:00+00:00,1.03885,1.03914,1.03631,1.03676,92.0
2011-12-18 22:00:00+00:00,1.0368,1.04152,1.03346,1.0389,22833.0
2011-12-19 22:00:00+00:00,1.03895,1.03901,1.02636,1.02979,18554.0
2011-12-20 22:00:00+00:00,1.02975,1.03098,1.02092,1.0266,25040.0
2011-12-21 22:00:00+00:00,1.02652,1.02812,1.02017,1.02036,16495.0
2011-12-22 22:00:00+00:00,1.02043,1.02146,1.01816,1.02068,10940.0
2011-12-25 22:00:00+00:00,1.02075,1.02342,1.01843,1.02044,2552.0
2011-12-26 22:00:00+00:00,1.02049,1.02162,1.01782,1.01863,8880.0
2011-12-27 22:00:00+00:00,1.0187,1.02512,1.01268,1.02442,16825.0
2011-12-28 22:00:00+00:00,1.02436,1.02692,1.01987,1.01996,15847.0
2011-12-29 22:00:00+00:00,1.01991,1.02204,1.01576,1.02188,14771.0
2011-12-31 22:00:00+00:00,1.0203,1.02228,1.01978,1.02115,268.0
2012-01-01 22:00:00+00:00,1.02111,1.02127,1.01783,1.01884,3507.0
2012-01-02 22:00:00+00:00,1.0188,1.01965,1.00764,1.01042,15981.0
2012-01-03 22:00:00+00:00,1.01039,1.01622,1.01039,1.01273,18703.0
2012-01-04 22:00:00+00:00,1.01279,1.02258,1.01212,1.01976,25466.0
2012-01-05 22:00:00+00:00,1.01971,1.02861,1.01708,1.0284,20650.0
2012-01-06 22:00:00+00:00,1.0284,1.0284,1.0284,1.0284,1.0
2012-01-07 22:00:00+00:00,1.02865,1.02915,1.02771,1.02798,238.0
2012-01-08 22:00:00+00:00,1.02793,1.03195,1.02266,1.0235,20437.0
2012-01-09 22:00:00+00:00,1.02355,1.02411,1.01548,1.01549,16752.0
2012-01-10 22:00:00+00:00,1.01545,1.02104,1.01398,1.01955,20635.0
2012-01-11 22:00:00+00:00,1.01959,1.02112,1.01406,1.01908,22397.0
2012-01-12 22:00:00+00:00,1.01912,1.02838,1.01636,1.02327,24820.0
2012-01-14 22:00:00+00:00,1.0225,1.02473,1.02216,1.02473,175.0
2012-01-15 22:00:00+00:00,1.02469,1.02534,1.0165,1.01788,14313.0
2012-01-16 22:00:00+00:00,1.01792,1.01886,1.0113,1.01513,24440.0
2012-01-17 22:00:00+00:00,1.01519,1.01775,1.01111,1.01116,26299.0
2012-01-18 22:00:00+00:00,1.0112,1.01281,1.00714,1.01077,24895.0
2012-01-19 22:00:00+00:00,1.01082,1.01608,1.01082,1.01328,19795.0
2012-01-20 22:00:00+00:00,1.01328,1.01328,1.01328,1.01328,2.0
2012-01-21 22:00:00+00:00,1.01324,1.01478,1.0132,1.01451,326.0
2012-01-22 22:00:00+00:00,1.01446,1.01624,1.00528,1.00856,19449.0
2012-01-23 22:00:00+00:00,1.00849,1.01412,1.00722,1.00896,16492.0
2012-01-24 22:00:00+00:00,1.00902,1.01479,1.00287,1.00435,24200.0
2012-01-25 22:00:00+00:00,1.00439,1.00484,0.99818,1.00173,19592.0
2012-01-26 22:00:00+00:00,1.00178,1.00414,0.99882,1.00175,24110.0
2012-01-28 22:00:00+00:00,1.00214,1.00252,1.00088,1.00152,139.0
2012-01-29 22:00:00+00:00,1.00148,1.00704,1.00115,1.00149,18226.0
2012-01-30 22:00:00+00:00,1.00155,1.00539,0.99656,1.00258,20276.0
2012-01-31 22:00:00+00:00,1.00254,1.00484,0.9964,0.99863,17269.0
2012-02-01 22:00:00+00:00,0.99869,1.00105,0.99691,0.99925,17999.0
2012-02-02 22:00:00+00:00,0.99929,1.00332,0.99284,0.99341,17201.0
2012-02-04 22:00:00+00:00,0.99406,0.99702,0.99406,0.99457,325.0
2012-02-05 22:00:00+00:00,0.99453,0.99934,0.99291,0.99593,19675.0
2012-02-06 22:00:00+00:00,0.99597,0.9995,0.99412,0.99451,18919.0
2012-02-07 22:00:00+00:00,0.99455,0.99902,0.99354,0.99598,15279.0
2012-02-08 22:00:00+00:00,0.99594,0.99804,0.99256,0.99449,19423.0
2012-02-09 22:00:00+00:00,0.99444,1.0039,0.99444,1.0013,18075.0
2012-02-10 22:00:00+00:00,1.0013,1.0013,1.0013,1.0013,2.0
2012-02-11 22:00:00+00:00,1.0017,1.00199,1.00061,1.00111,118.0
2012-02-12 22:00:00+00:00,1.00116,1.00165,0.99723,0.99974,16424.0
2012-02-13 22:00:00+00:00,0.99978,1.00272,0.99796,0.9991,17137.0
2012-02-14 22:00:00+00:00,0.99916,1.00039,0.99386,0.99999,19550.0
2012-02-15 22:00:00+00:00,0.99994,1.00514,0.99538,0.99666,23559.0
2012-02-16 22:00:00+00:00,0.99661,0.99846,0.99416,0.99733,17133.0
2012-02-17 22:00:00+00:00,0.99733,0.99733,0.99733,0.99733,3.0
2012-02-18 22:00:00+00:00,0.99705,0.99719,0.99314,0.99318,515.0
2012-02-19 22:00:00+00:00,0.99322,0.99424,0.9907,0.9935,10801.0
2012-02-20 22:00:00+00:00,0.99354,0.9976,0.99246,0.99687,17102.0
2012-02-21 22:00:00+00:00,0.99691,1.00195,0.99546,0.9998,18309.0
2012-02-22 22:00:00+00:00,0.99984,1.00106,0.99538,0.99747,14842.0
2012-02-23 22:00:00+00:00,0.99743,1.00032,0.99666,0.99932,16575.0
2012-02-24 22:00:00+00:00,0.99932,0.99932,0.99932,0.99932,1.0
2012-02-25 22:00:00+00:00,0.99962,1.0002,0.99806,0.99868,628.0
2012-02-26 22:00:00+00:00,0.99863,1.00494,0.99769,0.99893,17115.0
2012-02-27 22:00:00+00:00,0.99897,0.99949,0.99418,0.99539,16707.0
2012-02-28 22:00:00+00:00,0.99544,0.99579,0.9845,0.98992,24275.0
2012-02-29 22:00:00+00:00,0.98996,0.99025,0.98423,0.98548,17452.0
2012-03-01 22:00:00+00:00,0.98552,0.98976,0.98487,0.98926,13110.0
2012-03-02 22:00:00+00:00,0.98926,0.98926,0.98926,0.98926,1.0
2012-03-03 22:00:00+00:00,0.98922,0.98945,0.98884,0.98942,48.0
2012-03-04 22:00:00+00:00,0.98948,0.99596,0.98859,0.99463,13880.0
2012-03-05 22:00:00+00:00,0.99467,1.00284,0.99371,1.00193,18190.0
2012-03-06 22:00:00+00:00,1.00189,1.00254,0.99746,0.99747,15566.0
2012-03-07 22:00:00+00:00,0.99751,0.99906,0.98934,0.99027,16639.0
2012-03-08 22:00:00+00:00,0.99032,0.99359,0.98725,0.99072,16390.0
2012-03-10 22:00:00+00:00,0.99089,0.99154,0.99006,0.9914,106.0
2012-03-11 21:00:00+00:00,0.99128,0.99472,0.98993,0.99242,11997.0
2012-03-12 21:00:00+00:00,0.99246,0.99311,0.98854,0.98859,14521.0
2012-03-13 21:00:00+00:00,0.98864,0.99448,0.98815,0.99263,13805.0
2012-03-14 21:00:00+00:00,0.99258,0.99489,0.99061,0.9918,15123.0
2012-03-15 21:00:00+00:00,0.99176,0.9941,0.9901,0.99172,15085.0
2012-03-16 21:00:00+00:00,0.99172,0.99172,0.99172,0.99172,1.0
2012-03-17 21:00:00+00:00,0.99163,0.99185,0.98945,0.99132,260.0
2012-03-18 21:00:00+00:00,0.99125,0.99306,0.98608,0.9869,8620.0
2012-03-19 21:00:00+00:00,0.98694,0.99692,0.98646,0.99155,11741.0
2012-03-20 21:00:00+00:00,0.99159,0.99354,0.9875,0.99226,13897.0
2012-03-21 21:00:00+00:00,0.99222,1.00083,0.99125,0.99922,15105.0
2012-03-22 21:00:00+00:00,0.99928,1.00344,0.99714,0.99777,14661.0
2012-03-23 21:00:00+00:00,0.99777,0.99777,0.99777,0.99777,1.0
2012-03-24 21:00:00+00:00,0.99865,0.99865,0.99776,0.9983,18.0
2012-03-25 21:00:00+00:00,0.99826,0.99994,0.99063,0.99067,12397.0
2012-03-26 21:00:00+00:00,0.99061,0.99562,0.9901,0.99486,10524.0
2012-03-27 21:00:00+00:00,0.99491,1.00004,0.9947,0.99834,13725.0
2012-03-28 21:00:00+00:00,0.99838,1.00188,0.99632,0.99645,16765.0
2012-03-29 21:00:00+00:00,0.99649,0.99992,0.99534,0.99865,13517.0
2012-03-30 21:00:00+00:00,0.99865,0.99865,0.99865,0.99865,1.0
2012-03-31 21:00:00+00:00,0.99635,0.9981,0.99526,0.99591,672.0
2012-04-01 21:00:00+00:00,0.99598,0.99906,0.98888,0.99057,15319.0
2012-04-02 21:00:00+00:00,0.99053,0.99286,0.98887,0.99112,16874.0
2012-04-03 21:00:00+00:00,0.99116,0.99736,0.99045,0.99629,16005.0
2012-04-04 21:00:00+00:00,0.99625,0.99983,0.99074,0.99308,13909.0
2012-04-05 21:00:00+00:00,0.99312,0.99859,0.99172,0.99709,6736.0
2012-04-07 21:00:00+00:00,0.99703,0.99775,0.99675,0.9974,61.0
2012-04-08 21:00:00+00:00,0.99733,1.00017,0.99448,0.99762,7294.0
2012-04-09 21:00:00+00:00,0.99766,1.00452,0.99507,1.00442,15502.0
2012-04-10 21:00:00+00:00,1.00449,1.00526,1.00088,1.00382,16935.0
2012-04-11 21:00:00+00:00,1.00386,1.00424,0.99406,0.99434,16411.0
2012-04-12 21:00:00+00:00,0.9943,0.99965,0.9927,0.99965,14088.0
2012-04-13 21:00:00+00:00,0.99965,0.99965,0.99965,0.99965,1.0
2012-04-14 21:00:00+00:00,0.99885,0.99935,0.99836,0.99899,61.0
2012-04-15 21:00:00+00:00,0.99892,1.00326,0.99738,0.99937,16290.0
2012-04-16 21:00:00+00:00,0.99932,1.00114,0.98654,0.9903,16306.0
2012-04-17 21:00:00+00:00,0.99034,0.99238,0.98823,0.99118,13600.0
2012-04-18 21:00:00+00:00,0.99122,0.99638,0.98802,0.99565,18560.0
2012-04-19 21:00:00+00:00,0.99569,0.9959,0.98976,0.99237,11989.0
2012-04-21 21:00:00+00:00,0.99228,0.99311,0.99193,0.99218,304.0
2012-04-22 21:00:00+00:00,0.99226,0.99786,0.99061,0.99128,11033.0
2012-04-23 21:00:00+00:00,0.99132,0.99292,0.98706,0.98707,11456.0
2012-04-24 21:00:00+00:00,0.98711,0.98806,0.98234,0.98345,12854.0
2012-04-25 21:00:00+00:00,0.9835,0.98472,0.98068,0.98442,10243.0
2012-04-26 21:00:00+00:00,0.98438,0.98702,0.98004,0.98051,11508.0
2012-04-27 21:00:00+00:00,0.98051,0.98051,0.98051,0.98051,1.0
2012-04-28 21:00:00+00:00,0.98098,0.98135,0.98038,0.98095,96.0
2012-04-29 21:00:00+00:00,0.98099,0.98946,0.98048,0.98722,8816.0
2012-04-30 21:00:00+00:00,0.98718,0.9898,0.98332,0.98543,7036.0
2012-05-01 21:00:00+00:00,0.98534,0.99038,0.98497,0.98633,9200.0
2012-05-02 21:00:00+00:00,0.98629,0.98926,0.98287,0.98848,9925.0
2012-05-03 21:00:00+00:00,0.98854,0.99632,0.98618,0.99592,14885.0
2012-05-05 21:00:00+00:00,0.9951,0.99614,0.99232,0.99585,561.0
2012-05-06 21:00:00+00:00,0.9958,0.99876,0.9927,0.99316,11100.0
2012-05-07 21:00:00+00:00,0.99307,1.00226,0.9924,0.99867,13959.0
2012-05-08 21:00:00+00:00,0.99862,1.00631,0.99848,1.00259,21455.0
2012-05-09 21:00:00+00:00,1.00263,1.00311,0.99774,1.00207,15803.0
2012-05-10 21:00:00+00:00,1.00211,1.00544,0.99544,1.00057,15778.0
2012-05-11 21:00:00+00:00,1.00057,1.00057,1.00057,1.00057,1.0
2012-05-12 21:00:00+00:00,1.00009,1.00046,0.99846,1.00017,287.0
2012-05-13 21:00:00+00:00,1.00022,1.0053,0.99928,1.00371,13248.0
2012-05-14 21:00:00+00:00,1.00367,1.00736,0.99901,1.00712,17015.0
2012-05-15 21:00:00+00:00,1.00717,1.01325,1.00544,1.01225,21854.0
2012-05-16 21:00:00+00:00,1.0122,1.0196,1.01049,1.01956,21770.0
2012-05-17 21:00:00+00:00,1.0196,1.02272,1.0139,1.02226,23139.0
2012-05-18 21:00:00+00:00,1.02226,1.02226,1.02226,1.02226,1.0
2012-05-19 21:00:00+00:00,1.02183,1.02289,1.02162,1.02228,151.0
2012-05-20 21:00:00+00:00,1.02223,1.02468,1.01655,1.0175,17657.0
2012-05-21 21:00:00+00:00,1.01754,1.02346,1.01523,1.02057,17455.0
2012-05-22 21:00:00+00:00,1.02061,1.02962,1.02045,1.02518,26986.0
2012-05-23 21:00:00+00:00,1.02523,1.0296,1.02262,1.0268,26942.0
2012-05-24 21:00:00+00:00,1.02676,1.03123,1.0247,1.02931,20136.0
2012-05-25 21:00:00+00:00,1.02931,1.02931,1.02931,1.02931,1.0
2012-05-26 21:00:00+00:00,1.02904,1.02984,1.02635,1.0266,264.0
2012-05-27 21:00:00+00:00,1.02656,1.02719,1.02238,1.02389,9966.0
2012-05-28 21:00:00+00:00,1.02393,1.02698,1.02076,1.02213,19815.0
2012-05-29 21:00:00+00:00,1.02209,1.0311,1.02184,1.03013,26112.0
2012-05-30 21:00:00+00:00,1.03017,1.0366,1.02623,1.03281,25252.0
2012-05-31 21:00:00+00:00,1.03286,1.04427,1.03175,1.04109,31161.0
2012-06-02 21:00:00+00:00,1.04002,1.04006,1.03855,1.03905,77.0
2012-06-03 21:00:00+00:00,1.039,1.04463,1.03693,1.03938,22233.0
2012-06-04 21:00:00+00:00,1.03942,1.04258,1.03616,1.03814,24939.0
2012-06-05 21:00:00+00:00,1.03818,1.03838,1.02709,1.02758,24191.0
2012-06-06 21:00:00+00:00,1.02762,1.02962,1.02106,1.02787,26098.0
2012-06-07 21:00:00+00:00,1.02792,1.03548,1.02584,1.02699,25438.0
2012-06-09 21:00:00+00:00,1.02699,1.02699,1.0216,1.02235,614.0
2012-06-10 21:00:00+00:00,1.02239,1.0317,1.02015,1.03165,21625.0
2012-06-11 21:00:00+00:00,1.0317,1.03258,1.02567,1.02644,26170.0
2012-06-12 21:00:00+00:00,1.02648,1.03023,1.02418,1.03023,22323.0
2012-06-13 21:00:00+00:00,1.03028,1.03028,1.0226,1.02265,23929.0
2012-06-14 21:00:00+00:00,1.0226,1.02563,1.02161,1.02163,17481.0
2012-06-16 21:00:00+00:00,1.02163,1.022,1.0206,1.02094,188.0
2012-06-17 21:00:00+00:00,1.02088,1.02794,1.01926,1.02427,25016.0
2012-06-18 21:00:00+00:00,1.02422,1.02441,1.0167,1.0178,22136.0
2012-06-19 21:00:00+00:00,1.01784,1.02322,1.01597,1.01827,24225.0
2012-06-20 21:00:00+00:00,1.01836,1.02974,1.01762,1.02969,27717.0
2012-06-21 21:00:00+00:00,1.02973,1.03007,1.02422,1.02462,21433.0
2012-06-22 21:00:00+00:00,1.02462,1.02462,1.02462,1.02462,1.0
2012-06-23 21:00:00+00:00,1.02507,1.02739,1.02507,1.02721,63.0
2012-06-24 21:00:00+00:00,1.02717,1.03178,1.02536,1.02926,17295.0
2012-06-25 21:00:00+00:00,1.0293,1.02968,1.02332,1.02385,20919.0
2012-06-26 21:00:00+00:00,1.0238,1.02677,1.02363,1.02495,17831.0
2012-06-27 21:00:00+00:00,1.02491,1.03632,1.02325,1.03316,24896.0
2012-06-28 21:00:00+00:00,1.03311,1.03422,1.01658,1.01658,32430.0
2012-06-30 21:00:00+00:00,1.01748,1.01775,1.01635,1.0164,80.0
2012-07-01 21:00:00+00:00,1.01644,1.02016,1.01559,1.01713,17414.0
2012-07-02 21:00:00+00:00,1.01717,1.01728,1.01214,1.01219,15217.0
2012-07-03 21:00:00+00:00,1.01224,1.01423,1.0121,1.01311,12022.0
2012-07-04 21:00:00+00:00,1.01326,1.01572,1.01009,1.01423,22215.0
2012-07-05 21:00:00+00:00,1.01427,1.0208,1.01403,1.01948,19618.0
2012-07-06 21:00:00+00:00,1.01948,1.01948,1.01948,1.01948,1.0
2012-07-07 21:00:00+00:00,1.0187,1.0209,1.0187,1.0207,179.0
2012-07-08 21:00:00+00:00,1.02063,1.02211,1.01836,1.01917,15416.0
2012-07-09 21:00:00+00:00,1.01921,1.023,1.01661,1.02255,16389.0
2012-07-10 21:00:00+00:00,1.02259,1.0231,1.01736,1.01986,18190.0
2012-07-11 21:00:00+00:00,1.01982,1.02498,1.01772,1.01912,20453.0
2012-07-12 21:00:00+00:00,1.01908,1.02035,1.01299,1.01377,16762.0
2012-07-13 21:00:00+00:00,1.01377,1.01377,1.01377,1.01377,1.0
2012-07-14 21:00:00+00:00,1.01377,1.01451,1.0131,1.01356,70.0
2012-07-15 21:00:00+00:00,1.01352,1.01731,1.01326,1.01494,12756.0
2012-07-16 21:00:00+00:00,1.01496,1.01694,1.01195,1.01195,18201.0
2012-07-17 21:00:00+00:00,1.01199,1.01494,1.01015,1.01026,15496.0
2012-07-18 21:00:00+00:00,1.01029,1.01072,1.00662,1.00738,17097.0
2012-07-19 21:00:00+00:00,1.00742,1.01308,1.00692,1.01277,17516.0
2012-07-21 21:00:00+00:00,1.01277,1.0146,1.01277,1.01413,133.0
2012-07-22 21:00:00+00:00,1.01409,1.02042,1.0129,1.0188,21109.0
2012-07-23 21:00:00+00:00,1.01882,1.02271,1.0158,1.02207,21673.0
2012-07-24 21:00:00+00:00,1.0221,1.02318,1.01394,1.01554,23463.0
2012-07-25 21:00:00+00:00,1.0155,1.01662,1.00636,1.01022,23932.0
2012-07-26 21:00:00+00:00,1.01026,1.0106,1.0031,1.00318,20966.0
2012-07-28 21:00:00+00:00,1.00318,1.0055,1.00318,1.00448,96.0
2012-07-29 21:00:00+00:00,1.00433,1.00535,1.00136,1.00165,15443.0
2012-07-30 21:00:00+00:00,1.00161,1.00432,1.00036,1.00308,17312.0
2012-07-31 21:00:00+00:00,1.00304,1.00572,1.0004,1.00555,17229.0
2012-08-01 21:00:00+00:00,1.00558,1.00848,1.00026,1.00736,23870.0
2012-08-02 21:00:00+00:00,1.00739,1.00766,0.99804,1.00142,19146.0
2012-08-03 21:00:00+00:00,1.00142,1.00142,1.00142,1.00142,1.0
2012-08-04 21:00:00+00:00,1.00142,1.00248,1.00072,1.00168,298.0
2012-08-05 21:00:00+00:00,1.00164,1.00204,0.99839,1.00025,11074.0
2012-08-06 21:00:00+00:00,1.00022,1.00121,0.9963,0.99694,12234.0
2012-08-07 21:00:00+00:00,0.99699,0.9989,0.99368,0.99425,13722.0
2012-08-08 21:00:00+00:00,0.99429,0.99508,0.99102,0.99108,15376.0
2012-08-09 21:00:00+00:00,0.99113,0.99696,0.99066,0.99109,14924.0
2012-08-11 21:00:00+00:00,0.99109,0.99249,0.99104,0.99168,102.0
2012-08-12 21:00:00+00:00,0.99164,0.99402,0.99056,0.99258,10355.0
2012-08-13 21:00:00+00:00,0.99254,0.99407,0.99071,0.99231,11333.0
2012-08-14 21:00:00+00:00,0.99228,0.9935,0.98866,0.98938,10407.0
2012-08-15 21:00:00+00:00,0.98935,0.98997,0.98603,0.9866,10381.0
2012-08-16 21:00:00+00:00,0.98657,0.9901,0.98634,0.98942,10480.0
2012-08-17 21:00:00+00:00,0.98942,0.98942,0.98942,0.98942,1.0
2012-08-18 21:00:00+00:00,0.98942,0.98942,0.98868,0.98899,24.0
2012-08-19 21:00:00+00:00,0.98895,0.99018,0.98756,0.98848,7905.0
2012-08-20 21:00:00+00:00,0.98845,0.98997,0.98424,0.9892,11537.0
2012-08-21 21:00:00+00:00,0.98916,0.9947,0.989,0.99141,14844.0
2012-08-22 21:00:00+00:00,0.99137,0.99488,0.98856,0.99388,13008.0
2012-08-23 21:00:00+00:00,0.99394,0.99475,0.99049,0.99208,12749.0
2012-08-25 21:00:00+00:00,0.99208,0.99267,0.99134,0.99238,122.0
2012-08-26 21:00:00+00:00,0.99246,0.99253,0.98905,0.99073,6983.0
2012-08-27 21:00:00+00:00,0.99076,0.99178,0.98427,0.98825,11355.0
2012-08-28 21:00:00+00:00,0.98822,0.9899,0.98664,0.98941,9402.0
2012-08-29 21:00:00+00:00,0.98944,0.99316,0.98904,0.99244,10040.0
2012-08-30 21:00:00+00:00,0.99241,0.99308,0.98524,0.98629,17049.0
2012-09-01 21:00:00+00:00,0.98629,0.98797,0.98629,0.98777,247.0
2012-09-02 21:00:00+00:00,0.98773,0.9878,0.98522,0.98586,6833.0
2012-09-03 21:00:00+00:00,0.98583,0.98751,0.98431,0.98591,10618.0
2012-09-04 21:00:00+00:00,0.98588,0.99185,0.98577,0.99051,14620.0
2012-09-05 21:00:00+00:00,0.99048,0.99146,0.9809,0.98269,15706.0
2012-09-06 21:00:00+00:00,0.98266,0.9835,0.97656,0.97878,13943.0
2012-09-08 21:00:00+00:00,0.97878,0.97878,0.97769,0.97769,47.0
2012-09-09 21:00:00+00:00,0.9776,0.97886,0.97546,0.97762,8204.0
2012-09-10 21:00:00+00:00,0.97759,0.97774,0.97134,0.97308,12142.0
2012-09-11 21:00:00+00:00,0.97312,0.97685,0.97154,0.97619,14951.0
2012-09-12 21:00:00+00:00,0.97615,0.97746,0.96654,0.96843,17011.0
2012-09-13 21:00:00+00:00,0.96846,0.97224,0.96333,0.97197,15253.0
2012-09-15 21:00:00+00:00,0.97197,0.97197,0.97015,0.97021,73.0
2012-09-16 21:00:00+00:00,0.97025,0.97601,0.96936,0.97473,10589.0
2012-09-17 21:00:00+00:00,0.97476,0.97658,0.97312,0.97423,12726.0
2012-09-18 21:00:00+00:00,0.97426,0.97642,0.97258,0.97454,12031.0
2012-09-19 21:00:00+00:00,0.97457,0.98164,0.97457,0.97684,14116.0
2012-09-20 21:00:00+00:00,0.97689,0.978,0.97317,0.9764,13303.0
2012-09-21 21:00:00+00:00,0.9764,0.9764,0.9764,0.9764,3.0
2012-09-22 21:00:00+00:00,0.9764,0.97657,0.97611,0.97638,35.0
2012-09-23 21:00:00+00:00,0.97642,0.98183,0.97616,0.97872,11288.0
2012-09-24 21:00:00+00:00,0.97868,0.98119,0.97566,0.98068,14273.0
2012-09-25 21:00:00+00:00,0.98065,0.98602,0.9801,0.98553,15555.0
2012-09-26 21:00:00+00:00,0.98546,0.98558,0.97917,0.98055,16490.0
2012-09-27 21:00:00+00:00,0.98059,0.9852,0.97816,0.9836,17362.0
2012-09-29 21:00:00+00:00,0.9836,0.98416,0.98351,0.9841,31.0
2012-09-30 21:00:00+00:00,0.98406,0.98542,0.97983,0.98229,15001.0
2012-10-01 21:00:00+00:00,0.98226,0.98431,0.98116,0.98415,13495.0
2012-10-02 21:00:00+00:00,0.98418,0.98846,0.984,0.98759,15782.0
2012-10-03 21:00:00+00:00,0.98764,0.98796,0.98003,0.98043,16762.0
2012-10-04 21:00:00+00:00,0.98046,0.98124,0.97356,0.97863,13949.0
2012-10-06 21:00:00+00:00,0.97863,0.9793,0.97739,0.97756,184.0
2012-10-07 21:00:00+00:00,0.9776,0.98007,0.97517,0.97694,9917.0
2012-10-08 21:00:00+00:00,0.97698,0.98079,0.97447,0.97827,14294.0
2012-10-09 21:00:00+00:00,0.97824,0.9818,0.97685,0.98177,14231.0
2012-10-10 21:00:00+00:00,0.98181,0.98348,0.97634,0.97855,13267.0
2012-10-11 21:00:00+00:00,0.97852,0.98089,0.97685,0.98016,12500.0
2012-10-13 21:00:00+00:00,0.98016,0.98016,0.97786,0.97885,69.0
2012-10-14 21:00:00+00:00,0.9789,0.98116,0.97695,0.98072,11435.0
2012-10-15 21:00:00+00:00,0.98069,0.9879,0.98024,0.98662,16483.0
2012-10-16 21:00:00+00:00,0.98665,0.98712,0.97729,0.97786,14000.0
2012-10-17 21:00:00+00:00,0.97783,0.98592,0.97644,0.98529,14113.0
2012-10-18 21:00:00+00:00,0.98524,0.99397,0.9845,0.99357,13715.0
2012-10-20 21:00:00+00:00,0.99357,0.99476,0.99357,0.9946,85.0
2012-10-21 21:00:00+00:00,0.99455,0.99646,0.9917,0.99216,12473.0
2012-10-22 21:00:00+00:00,0.9922,0.9976,0.9901,0.99239,16734.0
2012-10-23 21:00:00+00:00,0.99246,0.99582,0.98891,0.99355,17431.0
2012-10-24 21:00:00+00:00,0.99358,0.9955,0.99026,0.99484,15963.0
2012-10-25 21:00:00+00:00,0.99487,0.99943,0.99424,0.99691,17976.0
2012-10-26 21:00:00+00:00,0.99691,0.99691,0.99691,0.99691,1.0
2012-10-27 21:00:00+00:00,0.99801,0.9984,0.99738,0.99795,102.0
2012-10-28 21:00:00+00:00,0.9979,1.00114,0.99775,1.00103,6935.0
2012-10-29 21:00:00+00:00,1.001,1.00194,0.99838,0.99938,6347.0
2012-10-30 21:00:00+00:00,0.99935,1.0014,0.99606,0.99942,12325.0
2012-10-31 21:00:00+00:00,0.99938,1.00132,0.99605,0.99645,10988.0
2012-11-01 21:00:00+00:00,0.99648,0.99848,0.9922,0.99582,15382.0
2012-11-02 21:00:00+00:00,0.99582,0.99582,0.99582,0.99582,2.0
2012-11-03 21:00:00+00:00,0.9953,0.99595,0.99465,0.99579,52.0
2012-11-04 22:00:00+00:00,0.99573,0.9977,0.99408,0.99636,9750.0
2012-11-05 22:00:00+00:00,0.9964,0.99678,0.99115,0.99218,11913.0
2012-11-06 22:00:00+00:00,0.99215,0.99834,0.98748,0.9967,25658.0
2012-11-07 22:00:00+00:00,0.99668,1.00042,0.99478,1.00029,18817.0
2012-11-08 22:00:00+00:00,1.00018,1.00334,0.99832,1.00161,18374.0
2012-11-09 22:00:00+00:00,1.00161,1.00161,1.00161,1.00161,1.0
2012-11-10 22:00:00+00:00,1.00075,1.00119,0.99973,1.00001,131.0
2012-11-11 22:00:00+00:00,1.00007,1.00063,0.99854,0.99985,10606.0
2012-11-12 22:00:00+00:00,0.99977,1.00354,0.99914,1.00231,14988.0
2012-11-13 22:00:00+00:00,1.0022,1.00409,0.99984,1.00396,12505.0
2012-11-14 22:00:00+00:00,1.0039,1.0042,1.00054,1.00098,13462.0
2012-11-15 22:00:00+00:00,1.00101,1.0057,0.99973,1.00124,13817.0
2012-11-17 22:00:00+00:00,1.00096,1.0011,1.00068,1.0008,30.0
2012-11-18 22:00:00+00:00,1.00084,1.00179,0.99546,0.99627,10810.0
2012-11-19 22:00:00+00:00,0.99632,0.99912,0.9956,0.99684,12188.0
2012-11-20 22:00:00+00:00,0.99714,0.99924,0.99578,0.99633,11030.0
2012-11-21 22:00:00+00:00,0.99627,0.99824,0.99527,0.99723,7066.0
2012-11-22 22:00:00+00:00,0.99719,0.99817,0.99154,0.99294,8931.0
2012-11-23 22:00:00+00:00,0.99294,0.99294,0.99294,0.99294,1.0
2012-11-24 22:00:00+00:00,0.99289,0.99293,0.99264,0.99285,23.0
2012-11-25 22:00:00+00:00,0.99273,0.99602,0.99178,0.9935,10067.0
2012-11-26 22:00:00+00:00,0.99346,0.99484,0.9906,0.99443,11724.0
2012-11-27 22:00:00+00:00,0.99432,0.99614,0.99186,0.99207,11608.0
2012-11-28 22:00:00+00:00,0.99199,0.9939,0.99125,0.99233,10489.0
2012-11-29 22:00:00+00:00,0.99266,0.9952,0.9922,0.99434,11380.0
2012-12-02 22:00:00+00:00,0.99434,0.99529,0.99154,0.99514,9863.0
2012-12-03 22:00:00+00:00,0.99501,0.99543,0.99152,0.99272,10788.0
2012-12-04 22:00:00+00:00,0.9926,0.99414,0.99083,0.99172,10484.0
2012-12-05 22:00:00+00:00,0.99154,0.99265,0.98927,0.99139,11741.0
2012-12-06 22:00:00+00:00,0.99154,0.99334,0.98768,0.98836,11038.0
2012-12-07 22:00:00+00:00,0.98836,0.98836,0.98836,0.98836,1.0
2012-12-09 22:00:00+00:00,0.98719,0.98884,0.98638,0.9865,9948.0
2012-12-10 22:00:00+00:00,0.98643,0.98804,0.98576,0.98615,8987.0
2012-12-11 22:00:00+00:00,0.98612,0.98659,0.98264,0.98455,8830.0
2012-12-12 22:00:00+00:00,0.98436,0.98558,0.98252,0.98476,9440.0
2012-12-13 22:00:00+00:00,0.98494,0.98662,0.98326,0.98566,18934.0
2012-12-15 22:00:00+00:00,0.98685,0.9869,0.98561,0.98631,150.0
2012-12-16 22:00:00+00:00,0.98632,0.98816,0.98338,0.98348,19469.0
2012-12-17 22:00:00+00:00,0.98342,0.98592,0.98327,0.98575,14484.0
2012-12-18 22:00:00+00:00,0.98568,0.98878,0.98498,0.98868,18006.0
2012-12-19 22:00:00+00:00,0.98888,0.98964,0.98696,0.98768,18807.0
2012-12-20 22:00:00+00:00,0.98756,0.99532,0.98734,0.99332,23305.0
2012-12-22 22:00:00+00:00,0.99338,0.99398,0.99326,0.99363,129.0
2012-12-23 22:00:00+00:00,0.99364,0.99455,0.99102,0.99112,11170.0
2012-12-25 22:00:00+00:00,0.99112,0.99513,0.99112,0.99432,5402.0
2012-12-26 22:00:00+00:00,0.99429,0.99587,0.99088,0.9952,17447.0
2012-12-27 22:00:00+00:00,0.9952,0.99712,0.99392,0.99676,17921.0
2012-12-29 22:00:00+00:00,0.9968,0.99722,0.99635,0.9964,94.0
2012-12-30 22:00:00+00:00,0.99641,0.99712,0.99113,0.9949,17009.0
2013-01-01 22:00:00+00:00,0.99288,0.99288,0.98367,0.9848,25323.0
2013-01-02 22:00:00+00:00,0.98492,0.9884,0.98429,0.98774,20047.0
2013-01-03 22:00:00+00:00,0.98769,0.99236,0.98482,0.98725,24669.0
2013-01-04 22:00:00+00:00,0.98725,0.98725,0.98725,0.98725,1.0
2013-01-05 22:00:00+00:00,0.98757,0.98761,0.98643,0.98664,276.0
2013-01-06 22:00:00+00:00,0.98662,0.98852,0.98538,0.98598,16739.0
2013-01-07 22:00:00+00:00,0.98612,0.98824,0.98432,0.98672,18781.0
2013-01-08 22:00:00+00:00,0.98678,0.9881,0.98554,0.98764,17858.0
2013-01-09 22:00:00+00:00,0.98748,0.98808,0.98316,0.9832,21289.0
2013-01-10 22:00:00+00:00,0.98318,0.98541,0.98154,0.9846,22185.0
2013-01-11 22:00:00+00:00,0.9846,0.9846,0.9846,0.9846,1.0
2013-01-12 22:00:00+00:00,0.98442,0.98454,0.98428,0.98428,142.0
2013-01-13 22:00:00+00:00,0.9843,0.98662,0.98323,0.98372,17896.0
2013-01-14 22:00:00+00:00,0.98378,0.98671,0.98322,0.98422,21424.0
2013-01-15 22:00:00+00:00,0.98419,0.98774,0.98384,0.98598,21399.0
2013-01-16 22:00:00+00:00,0.98602,0.98858,0.98434,0.98574,21636.0
2013-01-17 22:00:00+00:00,0.98564,0.99467,0.98545,0.99176,27402.0
2013-01-18 22:00:00+00:00,0.99176,0.99176,0.99176,0.99176,3.0
2013-01-19 22:00:00+00:00,0.99194,0.99208,0.99186,0.99206,192.0
2013-01-20 22:00:00+00:00,0.99204,0.99391,0.99098,0.9929,16049.0
2013-01-21 22:00:00+00:00,0.99288,0.99464,0.99095,0.99188,23763.0
2013-01-22 22:00:00+00:00,0.99185,1.00042,0.9904,0.99922,24706.0
2013-01-23 22:00:00+00:00,0.99926,1.00364,0.99898,1.00262,27295.0
2013-01-24 22:00:00+00:00,1.00246,1.01002,1.00215,1.00576,27075.0
2013-01-26 22:00:00+00:00,1.00618,1.00662,1.00617,1.00652,227.0
2013-01-27 22:00:00+00:00,1.00654,1.01002,1.0061,1.00612,20518.0
2013-01-28 22:00:00+00:00,1.00629,1.00664,1.00081,1.0009,22475.0
2013-01-29 22:00:00+00:00,1.00086,1.0053,1.00086,1.00136,23669.0
2013-01-30 22:00:00+00:00,1.00146,1.00346,0.99576,0.99717,22353.0
2013-01-31 22:00:00+00:00,0.99713,1.00047,0.9965,0.99654,24095.0
2013-02-01 22:00:00+00:00,0.99654,0.99654,0.99654,0.99654,1.0
2013-02-02 22:00:00+00:00,0.99692,0.99712,0.9966,0.99665,199.0
2013-02-03 22:00:00+00:00,0.99666,0.99933,0.99482,0.99875,18727.0
2013-02-04 22:00:00+00:00,0.99887,0.9995,0.99544,0.99557,21349.0
2013-02-05 22:00:00+00:00,0.99577,0.99888,0.9949,0.99566,21049.0
2013-02-06 22:00:00+00:00,0.99575,0.99943,0.99328,0.99791,21594.0
2013-02-07 22:00:00+00:00,0.99795,1.00348,0.99712,1.00202,23142.0
2013-02-08 22:00:00+00:00,1.00202,1.00202,1.00202,1.00202,1.0
2013-02-10 22:00:00+00:00,1.00268,1.00844,1.00268,1.00483,34456.0
2013-02-11 22:00:00+00:00,1.00485,1.00876,1.0021,1.00224,39750.0
2013-02-12 22:00:00+00:00,1.00222,1.00446,1.00124,1.00184,31917.0
2013-02-13 22:00:00+00:00,1.00156,1.00245,0.99996,1.00092,34366.0
2013-02-14 22:00:00+00:00,1.00088,1.00828,1.00026,1.00639,42039.0
2013-02-15 22:00:00+00:00,1.00639,1.00639,1.00639,1.00639,2.0
2013-02-17 22:00:00+00:00,1.0073,1.01216,1.0058,1.01064,26882.0
2013-02-18 22:00:00+00:00,1.01064,1.01376,1.0102,1.01134,36692.0
2013-02-19 22:00:00+00:00,1.01138,1.01854,1.01102,1.01662,44155.0
2013-02-20 22:00:00+00:00,1.01664,1.02078,1.01635,1.01852,48944.0
2013-02-21 22:00:00+00:00,1.01862,1.0256,1.01596,1.0217,55713.0
2013-02-24 22:00:00+00:00,1.02227,1.02776,1.02195,1.02602,61623.0
2013-02-25 22:00:00+00:00,1.02598,1.03037,1.02414,1.0261,61675.0
2013-02-27 22:00:00+00:00,1.02286,1.03136,1.02167,1.03062,54390.0
2013-02-28 22:00:00+00:00,1.03048,1.03426,1.02628,1.02666,63130.0
2013-03-01 22:00:00+00:00,1.02666,1.02666,1.02666,1.02666,1.0
2013-03-03 22:00:00+00:00,1.02744,1.03096,1.02694,1.02718,49048.0
2013-03-04 22:00:00+00:00,1.02729,1.02934,1.02564,1.02688,49524.0
2013-03-05 22:00:00+00:00,1.02708,1.03373,1.02552,1.03198,53619.0
2013-03-06 22:00:00+00:00,1.03206,1.03294,1.02852,1.02942,49424.0
2013-03-07 22:00:00+00:00,1.02943,1.03144,1.02346,1.02839,53393.0
2013-03-08 22:00:00+00:00,1.02839,1.02839,1.02839,1.02839,1.0
2013-03-10 21:00:00+00:00,1.02886,1.0295,1.02552,1.02592,40562.0
2013-03-11 21:00:00+00:00,1.0259,1.02836,1.02492,1.02566,47647.0
2013-03-12 21:00:00+00:00,1.02566,1.02952,1.02464,1.0276,50477.0
2013-03-13 21:00:00+00:00,1.02757,1.02836,1.02119,1.02222,56414.0
2013-03-14 21:00:00+00:00,1.0222,1.0231,1.01809,1.01936,55092.0
2013-03-15 21:00:00+00:00,1.01936,1.01936,1.01936,1.01936,1.0
2013-03-17 21:00:00+00:00,1.02233,1.02506,1.02044,1.02208,55727.0
2013-03-18 21:00:00+00:00,1.02204,1.02844,1.02147,1.02674,55536.0
2013-03-19 21:00:00+00:00,1.0267,1.02787,1.02385,1.026,55835.0
2013-03-20 21:00:00+00:00,1.02602,1.0265,1.02011,1.02504,52270.0
2013-03-21 21:00:00+00:00,1.02504,1.02646,1.02204,1.02307,32111.0
2013-03-22 21:00:00+00:00,1.02309,1.02309,1.02309,1.02309,1.0
2013-03-24 21:00:00+00:00,1.0233,1.02358,1.0188,1.0213,38624.0
2013-03-25 21:00:00+00:00,1.0213,1.02201,1.016,1.01612,36114.0
2013-03-26 21:00:00+00:00,1.01608,1.01958,1.01508,1.01615,33244.0
2013-03-27 21:00:00+00:00,1.01612,1.01744,1.01461,1.01622,32993.0
2013-03-28 21:00:00+00:00,1.0162,1.01806,1.01579,1.01752,21851.0
2013-03-31 21:00:00+00:00,1.01768,1.0183,1.01605,1.01679,18231.0
2013-04-01 21:00:00+00:00,1.01686,1.01694,1.01252,1.01478,29915.0
2013-04-02 21:00:00+00:00,1.01476,1.0155,1.01252,1.01458,26328.0
2013-04-03 21:00:00+00:00,1.01454,1.01664,1.0105,1.01266,43372.0
2013-04-04 21:00:00+00:00,1.01276,1.0236,1.01237,1.01761,47486.0
2013-04-07 21:00:00+00:00,1.01816,1.02142,1.01566,1.01662,31311.0
2013-04-08 21:00:00+00:00,1.01666,1.01754,1.01342,1.01638,34061.0
2013-04-09 21:00:00+00:00,1.01628,1.0168,1.01398,1.01424,28225.0
2013-04-10 21:00:00+00:00,1.01427,1.01567,1.00834,1.0104,34001.0
2013-04-11 21:00:00+00:00,1.01053,1.01455,1.00943,1.01359,33763.0
2013-04-12 21:00:00+00:00,1.01359,1.01359,1.01359,1.01359,2.0
2013-04-14 21:00:00+00:00,1.01436,1.02594,1.01338,1.0255,56963.0
2013-04-15 21:00:00+00:00,1.02552,1.02576,1.02036,1.02102,52012.0
2013-04-16 21:00:00+00:00,1.02118,1.0294,1.02087,1.0266,56434.0
2013-04-17 21:00:00+00:00,1.02656,1.02772,1.02304,1.02609,50337.0
2013-04-18 21:00:00+00:00,1.02612,1.02698,1.02322,1.02656,40952.0
2013-04-21 21:00:00+00:00,1.02564,1.02856,1.02481,1.0256,37639.0
2013-04-22 21:00:00+00:00,1.02574,1.02854,1.02506,1.02575,46073.0
2013-04-23 21:00:00+00:00,1.02592,1.02786,1.0247,1.02559,39626.0
2013-04-24 21:00:00+00:00,1.02553,1.02607,1.01854,1.01994,42046.0
2013-04-25 21:00:00+00:00,1.01992,1.02145,1.01576,1.01661,40858.0
2013-04-28 21:00:00+00:00,1.01682,1.01694,1.0108,1.01124,30624.0
2013-04-29 21:00:00+00:00,1.01131,1.01236,1.00536,1.00736,36513.0
2013-04-30 21:00:00+00:00,1.00736,1.00999,1.00514,1.00828,34294.0
2013-05-01 21:00:00+00:00,1.00829,1.011,1.00596,1.01044,41551.0
2013-05-02 21:00:00+00:00,1.01045,1.01323,1.00768,1.00776,39072.0
2013-05-05 21:00:00+00:00,1.00764,1.00959,1.00645,1.00682,24394.0
2013-05-06 21:00:00+00:00,1.00689,1.00828,1.00366,1.00429,31980.0
2013-05-07 21:00:00+00:00,1.00444,1.00586,1.00178,1.00278,28502.0
2013-05-08 21:00:00+00:00,1.00278,1.00896,1.00136,1.00678,39352.0
2013-05-09 21:00:00+00:00,1.00679,1.01524,1.0064,1.01017,53746.0
2013-05-12 21:00:00+00:00,1.012,1.0133,1.00826,1.01063,36033.0
2013-05-13 21:00:00+00:00,1.01066,1.01827,1.00902,1.01806,41358.0
2013-05-14 21:00:00+00:00,1.01808,1.02195,1.0157,1.0157,43323.0
2013-05-15 21:00:00+00:00,1.0158,1.02076,1.01489,1.01936,46554.0
2013-05-16 21:00:00+00:00,1.01958,1.03128,1.01807,1.0281,51767.0
2013-05-19 21:00:00+00:00,1.02838,1.02962,1.02168,1.02414,41589.0
2013-05-20 21:00:00+00:00,1.02431,1.03216,1.02356,1.02673,47250.0
2013-05-21 21:00:00+00:00,1.02667,1.03878,1.02506,1.03672,71994.0
2013-05-22 21:00:00+00:00,1.03666,1.03932,1.0286,1.03032,67961.0
2013-05-23 21:00:00+00:00,1.03082,1.03557,1.02995,1.032,48970.0
2013-05-26 21:00:00+00:00,1.03071,1.03434,1.03068,1.03404,20176.0
2013-05-27 21:00:00+00:00,1.03404,1.0408,1.03248,1.03978,47205.0
2013-05-28 21:00:00+00:00,1.0397,1.04205,1.03458,1.0352,57748.0
2013-05-29 21:00:00+00:00,1.03512,1.03883,1.02964,1.02976,58252.0
2013-05-30 21:00:00+00:00,1.02968,1.03812,1.02952,1.03743,64186.0
2013-06-02 21:00:00+00:00,1.03746,1.03753,1.0262,1.02771,59232.0
2013-06-03 21:00:00+00:00,1.02781,1.03614,1.02744,1.0342,54700.0
2013-06-04 21:00:00+00:00,1.03414,1.03804,1.03274,1.03442,60905.0
2013-06-05 21:00:00+00:00,1.03435,1.03672,1.01984,1.02634,82027.0
2013-06-06 21:00:00+00:00,1.02635,1.0288,1.01668,1.0197,76733.0
2013-06-09 21:00:00+00:00,1.02184,1.02235,1.01685,1.01937,52067.0
2013-06-10 21:00:00+00:00,1.01936,1.02518,1.01756,1.01886,66516.0
2013-06-11 21:00:00+00:00,1.01886,1.02175,1.01554,1.02122,55411.0
2013-06-12 21:00:00+00:00,1.02126,1.02261,1.01478,1.01594,59619.0
2013-06-13 21:00:00+00:00,1.01596,1.0187,1.01371,1.01704,48941.0
2013-06-16 21:00:00+00:00,1.01749,1.02056,1.01504,1.01856,32395.0
2013-06-17 21:00:00+00:00,1.01855,1.02174,1.01772,1.02115,39105.0
2013-06-18 21:00:00+00:00,1.02116,1.0287,1.01738,1.02725,56687.0
2013-06-19 21:00:00+00:00,1.02726,1.03937,1.02672,1.03861,74995.0
2013-06-20 21:00:00+00:00,1.03863,1.04884,1.03632,1.04568,71418.0
2013-06-23 21:00:00+00:00,1.04818,1.05561,1.04702,1.05002,72919.0
2013-06-24 21:00:00+00:00,1.05004,1.05478,1.04581,1.05141,70031.0
2013-06-25 21:00:00+00:00,1.0514,1.05277,1.04576,1.04708,63958.0
2013-06-26 21:00:00+00:00,1.04708,1.05044,1.0424,1.04772,56033.0
2013-06-27 21:00:00+00:00,1.04772,1.05535,1.04541,1.05208,67554.0
2013-06-30 21:00:00+00:00,1.05291,1.05344,1.04872,1.04968,43791.0
2013-07-01 21:00:00+00:00,1.04969,1.0578,1.04928,1.05436,57688.0
2013-07-02 21:00:00+00:00,1.05438,1.05645,1.0504,1.05053,56607.0
2013-07-03 21:00:00+00:00,1.05052,1.05574,1.04718,1.05147,48594.0
2013-07-04 21:00:00+00:00,1.05148,1.06094,1.05114,1.05802,64852.0
2013-07-07 21:00:00+00:00,1.05848,1.05856,1.05465,1.05581,40408.0
2013-07-08 21:00:00+00:00,1.05584,1.0574,1.0514,1.05269,49606.0
2013-07-09 21:00:00+00:00,1.05266,1.05406,1.04472,1.04652,63411.0
2013-07-10 21:00:00+00:00,1.04652,1.04726,1.0326,1.0366,83724.0
2013-07-11 21:00:00+00:00,1.03662,1.04042,1.03591,1.03962,51225.0
2013-07-14 21:00:00+00:00,1.03858,1.04333,1.03799,1.04269,39729.0
2013-07-15 21:00:00+00:00,1.04271,1.04425,1.03636,1.03694,50003.0
2013-07-16 21:00:00+00:00,1.03694,1.04393,1.03556,1.04046,57346.0
2013-07-17 21:00:00+00:00,1.04046,1.04394,1.03754,1.03788,45073.0
2013-07-18 21:00:00+00:00,1.03786,1.03932,1.03555,1.0368,42237.0
2013-07-21 21:00:00+00:00,1.0365,1.03678,1.03219,1.03338,35692.0
2013-07-22 21:00:00+00:00,1.03337,1.03491,1.02774,1.02864,40016.0
2013-07-23 21:00:00+00:00,1.0286,1.0325,1.02628,1.03143,47142.0
2013-07-24 21:00:00+00:00,1.03141,1.03198,1.02558,1.02794,45642.0
2013-07-25 21:00:00+00:00,1.02793,1.03028,1.02624,1.02782,37529.0
2013-07-28 21:00:00+00:00,1.02844,1.0286,1.02526,1.02651,34740.0
2013-07-29 21:00:00+00:00,1.02652,1.03106,1.02589,1.03054,40464.0
2013-07-30 21:00:00+00:00,1.03056,1.03363,1.02458,1.02766,58704.0
2013-07-31 21:00:00+00:00,1.02765,1.0351,1.02657,1.03467,50398.0
2013-08-01 21:00:00+00:00,1.03468,1.04024,1.03386,1.03903,52455.0
2013-08-04 21:00:00+00:00,1.03915,1.04036,1.03598,1.03606,36398.0
2013-08-05 21:00:00+00:00,1.03605,1.0391,1.03484,1.03762,35058.0
2013-08-06 21:00:00+00:00,1.03764,1.04456,1.03678,1.04233,43728.0
2013-08-07 21:00:00+00:00,1.04234,1.04315,1.0304,1.03282,43705.0
2013-08-08 21:00:00+00:00,1.03284,1.03536,1.02758,1.02887,38781.0
2013-08-11 21:00:00+00:00,1.02994,1.03168,1.02804,1.03074,28538.0
2013-08-12 21:00:00+00:00,1.03074,1.03482,1.03023,1.03433,34699.0
2013-08-13 21:00:00+00:00,1.03432,1.037,1.03184,1.0342,34571.0
2013-08-14 21:00:00+00:00,1.0342,1.03646,1.03006,1.03065,48976.0
2013-08-15 21:00:00+00:00,1.03066,1.03606,1.02936,1.03366,37156.0
2013-08-18 21:00:00+00:00,1.03427,1.03481,1.0316,1.03451,31684.0
2013-08-19 21:00:00+00:00,1.03451,1.04018,1.03383,1.03914,44362.0
2013-08-20 21:00:00+00:00,1.03915,1.04826,1.03894,1.04738,51024.0
2013-08-21 21:00:00+00:00,1.04738,1.05306,1.04703,1.05158,46408.0
2013-08-22 21:00:00+00:00,1.05155,1.05686,1.04962,1.04975,48363.0
2013-08-25 21:00:00+00:00,1.051,1.05337,1.04984,1.05006,26477.0
2013-08-26 21:00:00+00:00,1.05006,1.05405,1.0472,1.04748,36989.0
2013-08-27 21:00:00+00:00,1.04749,1.05111,1.04736,1.04862,42240.0
2013-08-28 21:00:00+00:00,1.04862,1.05409,1.04798,1.0532,34791.0
2013-08-29 21:00:00+00:00,1.05318,1.05582,1.05092,1.05376,39934.0
2013-09-01 21:00:00+00:00,1.05306,1.05574,1.05167,1.0549,24427.0
2013-09-02 21:00:00+00:00,1.05491,1.05596,1.05092,1.05344,38678.0
2013-09-03 21:00:00+00:00,1.05344,1.05426,1.0476,1.04957,38095.0
2013-09-04 21:00:00+00:00,1.04957,1.0516,1.04766,1.05046,33826.0
2013-09-05 21:00:00+00:00,1.05046,1.05057,1.03815,1.04068,38071.0
2013-09-08 21:00:00+00:00,1.04144,1.04202,1.03596,1.0369,23306.0
2013-09-09 21:00:00+00:00,1.03694,1.038,1.03306,1.03492,30747.0
2013-09-10 21:00:00+00:00,1.03492,1.03652,1.03136,1.03194,29185.0
2013-09-11 21:00:00+00:00,1.03196,1.0336,1.03061,1.03229,30708.0
2013-09-12 21:00:00+00:00,1.03228,1.03566,1.03222,1.03512,28959.0
2013-09-15 21:00:00+00:00,1.03194,1.03266,1.02828,1.0324,29575.0
2013-09-16 21:00:00+00:00,1.03241,1.03344,1.02748,1.02956,26981.0
2013-09-17 21:00:00+00:00,1.02956,1.03186,1.02018,1.022,42400.0
2013-09-18 21:00:00+00:00,1.02203,1.02674,1.01824,1.02647,41645.0
2013-09-19 21:00:00+00:00,1.02648,1.03099,1.02628,1.03039,32222.0
2013-09-22 21:00:00+00:00,1.03076,1.03108,1.02747,1.02842,26002.0
2013-09-23 21:00:00+00:00,1.0284,1.03106,1.02703,1.03002,23773.0
2013-09-24 21:00:00+00:00,1.03002,1.03189,1.02862,1.03134,28235.0
2013-09-25 21:00:00+00:00,1.03134,1.03404,1.03032,1.03096,25896.0
2013-09-26 21:00:00+00:00,1.03096,1.03319,1.0298,1.03049,23242.0
2013-09-27 21:00:00+00:00,1.03055,1.03116,1.03019,1.03044,29.0
2013-09-29 21:00:00+00:00,1.03178,1.03192,1.0275,1.03088,31060.0
2013-09-30 21:00:00+00:00,1.0309,1.03365,1.02882,1.03224,33564.0
2013-10-01 21:00:00+00:00,1.03225,1.03568,1.03225,1.03368,30004.0
2013-10-02 21:00:00+00:00,1.03368,1.03396,1.0313,1.03328,28287.0
2013-10-03 21:00:00+00:00,1.0333,1.03408,1.02902,1.02952,24618.0
2013-10-06 21:00:00+00:00,1.02974,1.0334,1.02927,1.03126,21348.0
2013-10-07 21:00:00+00:00,1.03123,1.03737,1.03072,1.03688,26852.0
2013-10-08 21:00:00+00:00,1.03687,1.04072,1.03532,1.03938,30168.0
2013-10-09 21:00:00+00:00,1.03936,1.04197,1.03718,1.03988,26620.0
2013-10-10 21:00:00+00:00,1.03989,1.04122,1.034,1.03519,29959.0
2013-10-13 21:00:00+00:00,1.03728,1.03728,1.03422,1.0353,19115.0
2013-10-14 21:00:00+00:00,1.03534,1.03914,1.03318,1.03828,26490.0
2013-10-15 21:00:00+00:00,1.03829,1.03853,1.0326,1.03271,29739.0
2013-10-16 21:00:00+00:00,1.03272,1.03328,1.02808,1.02901,31568.0
2013-10-17 21:00:00+00:00,1.02898,1.03031,1.02772,1.02866,22908.0
2013-10-20 21:00:00+00:00,1.02918,1.03044,1.02898,1.0304,16762.0
2013-10-21 21:00:00+00:00,1.03042,1.03102,1.02713,1.0286,25662.0
2013-10-22 21:00:00+00:00,1.02858,1.03968,1.0283,1.03826,39022.0
2013-10-23 21:00:00+00:00,1.03827,1.04382,1.03663,1.04218,31938.0
2013-10-24 21:00:00+00:00,1.04218,1.0461,1.04108,1.04483,28392.0
2013-10-27 21:00:00+00:00,1.04465,1.04514,1.04288,1.04458,20238.0
2013-10-28 21:00:00+00:00,1.04457,1.04713,1.04276,1.04688,27658.0
2013-10-29 21:00:00+00:00,1.04688,1.04974,1.04406,1.04794,33525.0
2013-10-30 21:00:00+00:00,1.04794,1.049,1.04122,1.04312,35387.0
2013-10-31 21:00:00+00:00,1.04313,1.0454,1.04118,1.04226,31936.0
2013-11-03 22:00:00+00:00,1.0419,1.04286,1.03981,1.04244,21728.0
2013-11-04 22:00:00+00:00,1.04246,1.04619,1.04169,1.04555,26988.0
2013-11-05 22:00:00+00:00,1.04557,1.04594,1.04117,1.04183,25159.0
2013-11-06 22:00:00+00:00,1.04182,1.04632,1.04056,1.04612,37670.0
2013-11-07 22:00:00+00:00,1.04613,1.05034,1.04456,1.04774,37854.0
2013-11-10 22:00:00+00:00,1.04834,1.04862,1.04656,1.04758,20446.0
2013-11-11 22:00:00+00:00,1.04759,1.05087,1.04638,1.04948,31187.0
2013-11-12 22:00:00+00:00,1.04948,1.04967,1.0452,1.04574,27874.0
2013-11-13 22:00:00+00:00,1.04573,1.05258,1.04402,1.0464,38381.0
2013-11-14 22:00:00+00:00,1.04642,1.04849,1.0437,1.04386,27755.0
2013-11-17 22:00:00+00:00,1.04368,1.0442,1.0415,1.04281,23744.0
2013-11-18 22:00:00+00:00,1.04282,1.04856,1.04158,1.04698,28682.0
2013-11-19 22:00:00+00:00,1.04698,1.04741,1.04364,1.04524,38358.0
2013-11-20 22:00:00+00:00,1.0453,1.05266,1.04458,1.05173,34935.0
2013-11-21 22:00:00+00:00,1.05174,1.05688,1.0514,1.05173,33969.0
2013-11-24 22:00:00+00:00,1.05323,1.05836,1.05228,1.0543,29799.0
2013-11-25 22:00:00+00:00,1.0543,1.05583,1.05203,1.05418,33772.0
2013-11-26 22:00:00+00:00,1.05411,1.06026,1.05315,1.05949,33540.0
2013-11-27 22:00:00+00:00,1.0595,1.05978,1.05713,1.05812,22364.0
2013-11-28 22:00:00+00:00,1.05814,1.06286,1.05594,1.06145,37368.0
2013-12-01 22:00:00+00:00,1.06231,1.06542,1.06143,1.06444,30078.0
2013-12-02 22:00:00+00:00,1.06441,1.06727,1.06314,1.06489,32524.0
2013-12-03 22:00:00+00:00,1.06489,1.07075,1.06386,1.06832,45978.0
2013-12-04 22:00:00+00:00,1.06834,1.06993,1.06248,1.06536,44735.0
2013-12-05 22:00:00+00:00,1.06538,1.0708,1.06224,1.06391,45793.0
2013-12-08 22:00:00+00:00,1.06466,1.067,1.06258,1.0627,27047.0
2013-12-09 22:00:00+00:00,1.06268,1.06456,1.06011,1.06026,28130.0
2013-12-10 22:00:00+00:00,1.06027,1.06202,1.05848,1.059,27981.0
2013-12-11 22:00:00+00:00,1.05902,1.06564,1.0561,1.06395,40166.0
2013-12-12 22:00:00+00:00,1.06396,1.06692,1.05814,1.05854,30102.0
2013-12-15 22:00:00+00:00,1.05948,1.05963,1.05726,1.05962,24149.0
2013-12-16 22:00:00+00:00,1.05962,1.0618,1.05764,1.06072,27600.0
2013-12-17 22:00:00+00:00,1.06071,1.07031,1.06018,1.07022,53441.0
2013-12-18 22:00:00+00:00,1.07024,1.07278,1.06609,1.06638,35504.0
2013-12-19 22:00:00+00:00,1.06637,1.07376,1.06282,1.06369,40237.0
2013-12-22 22:00:00+00:00,1.06403,1.06532,1.05817,1.06057,25877.0
2013-12-23 22:00:00+00:00,1.06054,1.06357,1.06052,1.06158,17708.0
2013-12-25 22:00:00+00:00,1.06302,1.06498,1.06164,1.0648,17073.0
2013-12-26 22:00:00+00:00,1.06478,1.07189,1.06198,1.07065,27855.0
2013-12-29 22:00:00+00:00,1.07027,1.07276,1.06367,1.06487,23230.0
2013-12-30 22:00:00+00:00,1.06486,1.06568,1.06169,1.0628,19548.0
2014-01-01 22:00:00+00:00,1.06432,1.0678,1.05886,1.06699,44403.0
2014-01-02 22:00:00+00:00,1.067,1.06717,1.06026,1.06352,33055.0
2014-01-05 22:00:00+00:00,1.06354,1.06807,1.0609,1.06557,32418.0
2014-01-06 22:00:00+00:00,1.06558,1.07814,1.06509,1.07656,40280.0
2014-01-07 22:00:00+00:00,1.0766,1.08302,1.07616,1.082,47018.0
2014-01-08 22:00:00+00:00,1.082,1.08744,1.08192,1.08422,41719.0
2014-01-09 22:00:00+00:00,1.08422,1.0946,1.08374,1.08935,61769.0
2014-01-12 22:00:00+00:00,1.09079,1.09294,1.08426,1.08628,38790.0
2014-01-13 22:00:00+00:00,1.0863,1.0959,1.08598,1.09458,42641.0
2014-01-14 22:00:00+00:00,1.09457,1.09914,1.09204,1.0934,42652.0
2014-01-15 22:00:00+00:00,1.09338,1.09628,1.09055,1.09302,40973.0
2014-01-16 22:00:00+00:00,1.093,1.09838,1.09263,1.09624,36102.0
2014-01-19 22:00:00+00:00,1.09635,1.09722,1.09298,1.0948,26756.0
2014-01-20 22:00:00+00:00,1.09487,1.1019,1.0943,1.09668,38682.0
2014-01-21 22:00:00+00:00,1.09672,1.1092,1.09536,1.10874,48731.0
2014-01-22 22:00:00+00:00,1.10874,1.11736,1.10822,1.11012,74204.0
2014-01-23 22:00:00+00:00,1.11014,1.11375,1.1052,1.10872,65572.0
2014-01-26 22:00:00+00:00,1.1067,1.1117,1.10318,1.11158,44146.0
2014-01-27 22:00:00+00:00,1.11158,1.11768,1.10786,1.11526,42745.0
2014-01-28 22:00:00+00:00,1.11528,1.1187,1.11027,1.11706,58256.0
2014-01-29 22:00:00+00:00,1.11707,1.1199,1.11508,1.11576,43607.0
2014-01-30 22:00:00+00:00,1.11575,1.12243,1.10878,1.11285,55018.0
2014-02-02 22:00:00+00:00,1.11153,1.11336,1.10412,1.11186,45238.0
2014-02-03 22:00:00+00:00,1.11187,1.11234,1.10486,1.10817,46129.0
2014-02-04 22:00:00+00:00,1.10816,1.11212,1.10374,1.10828,45970.0
2014-02-05 22:00:00+00:00,1.10828,1.11226,1.10506,1.10698,40778.0
2014-02-06 22:00:00+00:00,1.10696,1.10794,1.09678,1.10316,46677.0
2014-02-09 22:00:00+00:00,1.10386,1.10624,1.10187,1.10555,26637.0
2014-02-10 22:00:00+00:00,1.10556,1.10908,1.10031,1.10092,38037.0
2014-02-11 22:00:00+00:00,1.1011,1.10222,1.09764,1.10026,32856.0
2014-02-12 22:00:00+00:00,1.10014,1.10263,1.09546,1.0978,34223.0
2014-02-13 22:00:00+00:00,1.09767,1.099,1.09404,1.09819,34366.0
2014-02-16 22:00:00+00:00,1.0987,1.09879,1.0953,1.09646,21375.0
2014-02-17 22:00:00+00:00,1.09654,1.09766,1.09404,1.09507,33622.0
2014-02-18 22:00:00+00:00,1.09498,1.10866,1.09105,1.10801,43521.0
2014-02-19 22:00:00+00:00,1.10779,1.11127,1.10606,1.11015,42657.0
2014-02-20 22:00:00+00:00,1.10985,1.11951,1.10936,1.11116,48895.0
2014-02-23 22:00:00+00:00,1.11061,1.11429,1.10548,1.10606,32689.0
2014-02-24 22:00:00+00:00,1.10614,1.10964,1.10545,1.10848,28856.0
2014-02-25 22:00:00+00:00,1.10854,1.11446,1.10734,1.1128,37931.0
2014-02-26 22:00:00+00:00,1.11322,1.11494,1.11178,1.11216,31214.0
2014-02-27 22:00:00+00:00,1.1125,1.11471,1.10408,1.10657,48534.0
2014-03-02 22:00:00+00:00,1.10792,1.11102,1.10386,1.10757,39256.0
2014-03-03 22:00:00+00:00,1.10772,1.11177,1.10624,1.10925,35594.0
2014-03-04 22:00:00+00:00,1.1092,1.10994,1.10289,1.10296,37988.0
2014-03-05 22:00:00+00:00,1.10304,1.10466,1.09556,1.09865,42073.0
2014-03-06 22:00:00+00:00,1.09852,1.11008,1.09808,1.10871,39667.0
2014-03-09 21:00:00+00:00,1.1093,1.11306,1.10873,1.11062,27728.0
2014-03-10 21:00:00+00:00,1.11052,1.11309,1.10718,1.11058,28554.0
2014-03-11 21:00:00+00:00,1.11046,1.11539,1.10904,1.11199,36051.0
2014-03-12 21:00:00+00:00,1.11202,1.11224,1.10433,1.10714,41714.0
2014-03-13 21:00:00+00:00,1.10706,1.11106,1.1065,1.11025,37177.0
2014-03-16 21:00:00+00:00,1.11024,1.11076,1.10452,1.10542,30530.0
2014-03-17 21:00:00+00:00,1.10527,1.11464,1.10258,1.11359,45844.0
2014-03-18 21:00:00+00:00,1.11394,1.12714,1.11224,1.12374,57415.0
2014-03-19 21:00:00+00:00,1.12376,1.12786,1.12342,1.12434,37882.0
2014-03-20 21:00:00+00:00,1.12424,1.12626,1.11738,1.12243,42520.0
2014-03-23 21:00:00+00:00,1.12092,1.12464,1.11835,1.11916,35033.0
2014-03-24 21:00:00+00:00,1.11926,1.12104,1.11554,1.11672,36917.0
2014-03-25 21:00:00+00:00,1.11644,1.11706,1.10808,1.11017,41599.0
2014-03-26 21:00:00+00:00,1.11017,1.11066,1.10142,1.10315,50274.0
2014-03-27 21:00:00+00:00,1.10296,1.10778,1.1001,1.10606,40226.0
2014-03-30 21:00:00+00:00,1.10626,1.1067,1.10024,1.10486,43372.0
2014-03-31 21:00:00+00:00,1.10494,1.10704,1.10128,1.10275,38864.0
2014-04-01 21:00:00+00:00,1.10259,1.10478,1.10046,1.10334,34444.0
2014-04-02 21:00:00+00:00,1.10339,1.10454,1.1006,1.10354,38179.0
2014-04-03 21:00:00+00:00,1.10362,1.10416,1.09572,1.09804,43953.0
2014-04-06 21:00:00+00:00,1.09796,1.10097,1.09618,1.09728,32492.0
2014-04-07 21:00:00+00:00,1.0973,1.09776,1.09121,1.09233,43870.0
2014-04-08 21:00:00+00:00,1.09225,1.09426,1.08582,1.08806,41662.0
2014-04-09 21:00:00+00:00,1.08806,1.09354,1.08681,1.09346,40096.0
2014-04-10 21:00:00+00:00,1.09346,1.09847,1.09184,1.09784,40484.0
2014-04-13 21:00:00+00:00,1.09772,1.09924,1.09425,1.09623,33641.0
2014-04-14 21:00:00+00:00,1.0961,1.10134,1.09586,1.09788,37825.0
2014-04-15 21:00:00+00:00,1.09787,1.10338,1.09592,1.10112,50025.0
2014-04-16 21:00:00+00:00,1.10139,1.10194,1.09831,1.10033,31955.0
2014-04-17 21:00:00+00:00,1.10059,1.10283,1.09986,1.10251,24651.0
2014-04-20 21:00:00+00:00,1.10252,1.10312,1.1008,1.1011,17159.0
2014-04-21 21:00:00+00:00,1.10118,1.10426,1.10007,1.10267,30907.0
2014-04-22 21:00:00+00:00,1.10276,1.10532,1.10178,1.10324,34914.0
2014-04-23 21:00:00+00:00,1.10322,1.10385,1.10154,1.10218,26735.0
2014-04-24 21:00:00+00:00,1.10228,1.10472,1.10142,1.10398,27103.0
2014-04-27 21:00:00+00:00,1.10414,1.10414,1.10176,1.10284,25298.0
2014-04-28 21:00:00+00:00,1.1028,1.103,1.09435,1.0944,38012.0
2014-04-29 21:00:00+00:00,1.09453,1.09792,1.09432,1.09616,41285.0
2014-04-30 21:00:00+00:00,1.09594,1.09956,1.09528,1.09575,31675.0
2014-05-01 21:00:00+00:00,1.0959,1.10076,1.09356,1.09746,42476.0
2014-05-04 21:00:00+00:00,1.09816,1.0989,1.09492,1.09546,26640.0
2014-05-05 21:00:00+00:00,1.09532,1.0961,1.08746,1.08907,37884.0
2014-05-06 21:00:00+00:00,1.08926,1.09076,1.08761,1.08992,35871.0
2014-05-07 21:00:00+00:00,1.08996,1.09042,1.0814,1.08314,41944.0
2014-05-08 21:00:00+00:00,1.08296,1.0916,1.08168,1.08991,48732.0
2014-05-11 21:00:00+00:00,1.08995,1.09044,1.08744,1.0896,27132.0
2014-05-12 21:00:00+00:00,1.08936,1.09266,1.08874,1.09044,34076.0
2014-05-13 21:00:00+00:00,1.0904,1.09217,1.08699,1.0889,33715.0
2014-05-14 21:00:00+00:00,1.08871,1.08916,1.0852,1.08842,38596.0
2014-05-15 21:00:00+00:00,1.08827,1.08887,1.0856,1.08606,29298.0
2014-05-18 21:00:00+00:00,1.08615,1.08756,1.08503,1.08742,26363.0
2014-05-19 21:00:00+00:00,1.08749,1.09169,1.08704,1.09077,32757.0
2014-05-20 21:00:00+00:00,1.09044,1.0942,1.08934,1.0913,35665.0
2014-05-21 21:00:00+00:00,1.09161,1.09331,1.08844,1.08912,34619.0
2014-05-22 21:00:00+00:00,1.0895,1.09094,1.08631,1.0865,30431.0
2014-05-25 21:00:00+00:00,1.08698,1.08738,1.08534,1.0859,15603.0
2014-05-26 21:00:00+00:00,1.08604,1.08749,1.08357,1.08578,29581.0
2014-05-27 21:00:00+00:00,1.08618,1.08864,1.08439,1.0877,31197.0
2014-05-28 21:00:00+00:00,1.08734,1.08788,1.08256,1.08372,34129.0
2014-05-29 21:00:00+00:00,1.08373,1.08704,1.08222,1.08488,37251.0
2014-06-01 21:00:00+00:00,1.08431,1.09119,1.08424,1.08992,32170.0
2014-06-02 21:00:00+00:00,1.09008,1.09218,1.08912,1.09065,24766.0
2014-06-03 21:00:00+00:00,1.09084,1.09558,1.09066,1.09412,33741.0
2014-06-04 21:00:00+00:00,1.0941,1.09606,1.09167,1.09258,42479.0
2014-06-05 21:00:00+00:00,1.09244,1.09479,1.09053,1.09309,35505.0
2014-06-08 21:00:00+00:00,1.09271,1.0941,1.09006,1.09043,24323.0
2014-06-09 21:00:00+00:00,1.09049,1.09215,1.08913,1.09038,27805.0
2014-06-10 21:00:00+00:00,1.0904,1.09089,1.08614,1.08676,28345.0
2014-06-11 21:00:00+00:00,1.08675,1.08705,1.08418,1.08559,29720.0
2014-06-12 21:00:00+00:00,1.08533,1.08706,1.08482,1.08572,28622.0
2014-06-15 21:00:00+00:00,1.08574,1.08826,1.08355,1.08453,27992.0
2014-06-16 21:00:00+00:00,1.08432,1.08752,1.08406,1.08614,25666.0
2014-06-17 21:00:00+00:00,1.08614,1.0895,1.0836,1.08366,33371.0
2014-06-18 21:00:00+00:00,1.08378,1.0843,1.08101,1.08176,27931.0
2014-06-19 21:00:00+00:00,1.08208,1.08262,1.07519,1.07582,32629.0
2014-06-22 21:00:00+00:00,1.07604,1.07607,1.07172,1.07328,27103.0
2014-06-23 21:00:00+00:00,1.07282,1.07457,1.07161,1.07434,24366.0
2014-06-24 21:00:00+00:00,1.07432,1.0752,1.07174,1.072,27887.0
2014-06-25 21:00:00+00:00,1.07209,1.0725,1.06833,1.06882,24466.0
2014-06-26 21:00:00+00:00,1.069,1.06966,1.06599,1.0667,24098.0
2014-06-29 21:00:00+00:00,1.0667,1.06968,1.06472,1.06702,26521.0
2014-06-30 21:00:00+00:00,1.06705,1.0678,1.06306,1.06311,24106.0
2014-07-01 21:00:00+00:00,1.06324,1.06708,1.06267,1.06652,26928.0
2014-07-02 21:00:00+00:00,1.0666,1.06808,1.06208,1.06342,36484.0
2014-07-03 21:00:00+00:00,1.0635,1.06589,1.06304,1.06528,24899.0
2014-07-06 21:00:00+00:00,1.06484,1.06848,1.06313,1.0684,25630.0
2014-07-07 21:00:00+00:00,1.06828,1.06943,1.06622,1.06788,25660.0
2014-07-08 21:00:00+00:00,1.06758,1.0684,1.06412,1.0651,29941.0
2014-07-09 21:00:00+00:00,1.0651,1.0676,1.06446,1.06491,29475.0
2014-07-10 21:00:00+00:00,1.06506,1.07372,1.06306,1.07348,34424.0
2014-07-13 21:00:00+00:00,1.07365,1.07474,1.07103,1.07135,26138.0
2014-07-14 21:00:00+00:00,1.07138,1.07693,1.0711,1.07588,34310.0
2014-07-15 21:00:00+00:00,1.076,1.07946,1.07232,1.074,37812.0
2014-07-16 21:00:00+00:00,1.07422,1.07646,1.07282,1.07629,29477.0
2014-07-17 21:00:00+00:00,1.07598,1.07668,1.07082,1.07335,32295.0
2014-07-20 21:00:00+00:00,1.07342,1.07522,1.07262,1.0739,19345.0
2014-07-21 21:00:00+00:00,1.07384,1.07596,1.07309,1.07388,25835.0
2014-07-22 21:00:00+00:00,1.0737,1.0746,1.07102,1.07288,25586.0
2014-07-23 21:00:00+00:00,1.07288,1.07519,1.0718,1.07451,24876.0
2014-07-24 21:00:00+00:00,1.0741,1.08214,1.07384,1.08127,33339.0
2014-07-27 21:00:00+00:00,1.08168,1.08188,1.07977,1.0799,24937.0
2014-07-28 21:00:00+00:00,1.0798,1.08662,1.07966,1.08516,32345.0
2014-07-29 21:00:00+00:00,1.08502,1.09171,1.0849,1.0903,41547.0
2014-07-30 21:00:00+00:00,1.0906,1.09296,1.08768,1.0905,35785.0
2014-07-31 21:00:00+00:00,1.09026,1.09442,1.08848,1.09153,47541.0
2014-08-03 21:00:00+00:00,1.09186,1.0934,1.0905,1.0906,21520.0
2014-08-04 21:00:00+00:00,1.0906,1.09771,1.09044,1.09612,31583.0
2014-08-05 21:00:00+00:00,1.09612,1.09862,1.09126,1.09168,29354.0
2014-08-06 21:00:00+00:00,1.0914,1.09384,1.09037,1.09246,30225.0
2014-08-07 21:00:00+00:00,1.09252,1.09838,1.09084,1.0973,36668.0
2014-08-10 21:00:00+00:00,1.09704,1.09776,1.09187,1.09219,6813.0
2014-08-11 21:00:00+00:00,1.09235,1.09528,1.09138,1.0924,7318.0
2014-08-12 21:00:00+00:00,1.0925,1.09407,1.09068,1.0915,8985.0
2014-08-13 21:00:00+00:00,1.09126,1.09214,1.08872,1.0902,7134.0
2014-08-14 21:00:00+00:00,1.09041,1.09192,1.08605,1.08988,10935.0
2014-08-17 21:00:00+00:00,1.08865,1.08992,1.08753,1.08874,5271.0
2014-08-18 21:00:00+00:00,1.08874,1.09494,1.0886,1.0941,8593.0
2014-08-19 21:00:00+00:00,1.09426,1.09742,1.09322,1.09707,11376.0
2014-08-20 21:00:00+00:00,1.0968,1.09866,1.09404,1.09421,7472.0
2014-08-21 21:00:00+00:00,1.09411,1.09825,1.0928,1.09432,11749.0
2014-08-24 21:00:00+00:00,1.09656,1.09864,1.0943,1.09835,9050.0
2014-08-25 21:00:00+00:00,1.09848,1.09975,1.09414,1.09518,8597.0
2014-08-26 21:00:00+00:00,1.09507,1.09564,1.08284,1.0865,14461.0
2014-08-27 21:00:00+00:00,1.0863,1.08694,1.08366,1.08608,11553.0
2014-08-28 21:00:00+00:00,1.0859,1.08798,1.0811,1.08792,11500.0
2014-08-31 21:00:00+00:00,1.08746,1.08784,1.08564,1.08704,5431.0
2014-09-01 21:00:00+00:00,1.08725,1.09355,1.0867,1.0929,10569.0
2014-09-02 21:00:00+00:00,1.09263,1.0943,1.08708,1.08871,12633.0
2014-09-03 21:00:00+00:00,1.0888,1.09098,1.08209,1.08741,15020.0
2014-09-04 21:00:00+00:00,1.0873,1.09032,1.084,1.08815,14939.0
2014-09-07 21:00:00+00:00,1.08823,1.09828,1.08778,1.09717,11617.0
2014-09-08 21:00:00+00:00,1.09726,1.10319,1.09643,1.09828,19995.0
2014-09-09 21:00:00+00:00,1.09794,1.10148,1.09339,1.09374,20278.0
2014-09-10 21:00:00+00:00,1.09385,1.10589,1.09338,1.10352,20594.0
2014-09-11 21:00:00+00:00,1.10358,1.10979,1.10288,1.10928,17034.0
2014-09-14 21:00:00+00:00,1.10873,1.1099,1.10357,1.10527,13612.0
2014-09-15 21:00:00+00:00,1.10517,1.10718,1.0966,1.0972,20835.0
2014-09-16 21:00:00+00:00,1.09698,1.10205,1.09266,1.09978,27797.0
2014-09-17 21:00:00+00:00,1.09987,1.10238,1.09292,1.09361,18161.0
2014-09-18 21:00:00+00:00,1.09382,1.09807,1.08868,1.09658,22559.0
2014-09-21 21:00:00+00:00,1.09691,1.1044,1.09266,1.1044,14419.0
2014-09-22 21:00:00+00:00,1.10406,1.10841,1.09867,1.10775,20814.0
2014-09-23 21:00:00+00:00,1.10769,1.11226,1.10534,1.10589,19849.0
2014-09-24 21:00:00+00:00,1.10564,1.11278,1.10562,1.11102,24283.0
2014-09-25 21:00:00+00:00,1.11078,1.1169,1.10926,1.11556,20423.0
2014-09-28 21:00:00+00:00,1.11533,1.11787,1.11314,1.11642,20641.0
2014-09-29 21:00:00+00:00,1.11603,1.12199,1.1135,1.1197,24000.0
2014-09-30 21:00:00+00:00,1.11958,1.12236,1.11608,1.11626,22741.0
2014-10-01 21:00:00+00:00,1.11676,1.1178,1.10716,1.11562,34432.0
2014-10-02 21:00:00+00:00,1.11572,1.12708,1.11552,1.12452,24140.0
2014-10-05 21:00:00+00:00,1.12512,1.12657,1.11116,1.11316,20966.0
2014-10-06 21:00:00+00:00,1.11324,1.11962,1.11256,1.11745,28630.0
2014-10-07 21:00:00+00:00,1.11758,1.12102,1.10932,1.11079,32877.0
2014-10-08 21:00:00+00:00,1.11116,1.11898,1.10818,1.11841,30408.0
2014-10-09 21:00:00+00:00,1.1185,1.12225,1.11582,1.1198,30856.0
2014-10-12 21:00:00+00:00,1.11804,1.12201,1.11792,1.11976,22072.0
2014-10-13 21:00:00+00:00,1.11949,1.13134,1.119,1.12966,22512.0
2014-10-14 21:00:00+00:00,1.12966,1.13856,1.12265,1.1253,50948.0
2014-10-15 21:00:00+00:00,1.12497,1.13616,1.12268,1.1258,44713.0
2014-10-16 21:00:00+00:00,1.12568,1.12848,1.12109,1.12803,25633.0
2014-10-19 21:00:00+00:00,1.12882,1.12938,1.12512,1.12851,15824.0
2014-10-20 21:00:00+00:00,1.12859,1.12964,1.1203,1.1222,22492.0
2014-10-21 21:00:00+00:00,1.12243,1.12962,1.1184,1.12368,26967.0
2014-10-22 21:00:00+00:00,1.12354,1.12642,1.12073,1.12318,20609.0
2014-10-23 21:00:00+00:00,1.12318,1.1243,1.11946,1.12351,16327.0
2014-10-26 21:00:00+00:00,1.12282,1.12548,1.1213,1.12475,27311.0
2014-10-27 21:00:00+00:00,1.12475,1.12532,1.11654,1.1167,35604.0
2014-10-28 21:00:00+00:00,1.11687,1.12248,1.11222,1.11828,41698.0
2014-10-29 21:00:00+00:00,1.11881,1.12234,1.11652,1.11883,42172.0
2014-10-30 21:00:00+00:00,1.11878,1.13326,1.11838,1.12664,53711.0
2014-11-02 22:00:00+00:00,1.12854,1.13772,1.1264,1.13584,47280.0
2014-11-03 22:00:00+00:00,1.1358,1.14277,1.134,1.14094,43794.0
2014-11-04 22:00:00+00:00,1.14084,1.1467,1.1371,1.13866,51062.0
2014-11-05 22:00:00+00:00,1.13886,1.14436,1.13788,1.1424,57360.0
2014-11-06 22:00:00+00:00,1.14244,1.14486,1.13124,1.13298,59887.0
2014-11-09 22:00:00+00:00,1.13252,1.1385,1.13005,1.13806,36283.0
2014-11-10 22:00:00+00:00,1.13814,1.14018,1.1318,1.13361,15741.0
2014-11-11 22:00:00+00:00,1.1335,1.13591,1.12814,1.13192,18138.0
2014-11-12 22:00:00+00:00,1.13165,1.13919,1.12991,1.13693,15949.0
2014-11-13 22:00:00+00:00,1.13718,1.13934,1.12645,1.129,28292.0
2014-11-16 22:00:00+00:00,1.12834,1.1328,1.12688,1.13083,18202.0
2014-11-17 22:00:00+00:00,1.13031,1.13238,1.12604,1.1297,18926.0
2014-11-18 22:00:00+00:00,1.1298,1.13594,1.1298,1.13404,23468.0
2014-11-19 22:00:00+00:00,1.13404,1.13695,1.12932,1.1305,23847.0
2014-11-20 22:00:00+00:00,1.1305,1.13262,1.11914,1.12326,31711.0
2014-11-23 22:00:00+00:00,1.12342,1.13124,1.12251,1.12818,17300.0
2014-11-24 22:00:00+00:00,1.12828,1.13167,1.12326,1.1259,25383.0
2014-11-25 22:00:00+00:00,1.126,1.12974,1.12285,1.12472,20662.0
2014-11-26 22:00:00+00:00,1.12456,1.13547,1.12354,1.13308,22056.0
2014-11-27 22:00:00+00:00,1.13324,1.14444,1.13285,1.14146,27216.0
2014-11-30 22:00:00+00:00,1.14291,1.14592,1.13134,1.13272,30636.0
2014-12-01 22:00:00+00:00,1.13286,1.14246,1.13186,1.14072,23022.0
2014-12-02 22:00:00+00:00,1.14086,1.14183,1.1347,1.1367,23947.0
2014-12-03 22:00:00+00:00,1.13668,1.1397,1.13402,1.13822,26776.0
2014-12-04 22:00:00+00:00,1.13848,1.1476,1.13816,1.14343,26255.0
2014-12-07 22:00:00+00:00,1.14385,1.14858,1.1427,1.14772,18637.0
2014-12-08 22:00:00+00:00,1.14807,1.15012,1.13972,1.14464,30532.0
2014-12-09 22:00:00+00:00,1.14464,1.15028,1.1436,1.1483,26782.0
2014-12-10 22:00:00+00:00,1.14792,1.15502,1.14484,1.15192,39103.0
2014-12-11 22:00:00+00:00,1.1523,1.15912,1.15162,1.15787,29115.0
2014-12-14 22:00:00+00:00,1.15934,1.16738,1.15486,1.16712,32649.0
2014-12-15 22:00:00+00:00,1.1668,1.167,1.16069,1.16266,46800.0
2014-12-16 22:00:00+00:00,1.16278,1.16714,1.15606,1.16338,48043.0
2014-12-17 22:00:00+00:00,1.16328,1.16484,1.15693,1.15762,35368.0
2014-12-18 22:00:00+00:00,1.15852,1.16365,1.15674,1.16034,27904.0
2014-12-21 22:00:00+00:00,1.16072,1.16462,1.15784,1.16278,14882.0
2014-12-22 22:00:00+00:00,1.16338,1.16672,1.1599,1.16157,20495.0
2014-12-23 22:00:00+00:00,1.16157,1.16414,1.15902,1.16306,16584.0
2014-12-25 22:00:00+00:00,1.16228,1.16314,1.16034,1.16292,35099.0
2014-12-28 22:00:00+00:00,1.16159,1.16486,1.16056,1.16373,18064.0
2014-12-29 22:00:00+00:00,1.16373,1.16514,1.15969,1.16103,16104.0
2014-12-30 22:00:00+00:00,1.16096,1.16182,1.15646,1.16144,9926.0
2015-01-01 22:00:00+00:00,1.16105,1.17862,1.15999,1.17842,16552.0
2015-01-04 22:00:00+00:00,1.17839,1.18434,1.17434,1.17602,21205.0
2015-01-05 22:00:00+00:00,1.17625,1.18398,1.17304,1.18364,30904.0
2015-01-06 22:00:00+00:00,1.18376,1.18747,1.18131,1.18148,37245.0
2015-01-07 22:00:00+00:00,1.18191,1.18443,1.17968,1.18302,25552.0
2015-01-08 22:00:00+00:00,1.18334,1.18905,1.18045,1.18654,33788.0
2015-01-11 22:00:00+00:00,1.18632,1.19747,1.18356,1.19744,24914.0
2015-01-12 22:00:00+00:00,1.1977,1.19934,1.19264,1.1958,29391.0
2015-01-13 22:00:00+00:00,1.19544,1.20172,1.19292,1.19496,42518.0
2015-01-14 22:00:00+00:00,1.1947,1.19966,1.18028,1.19602,95977.0
2015-01-15 22:00:00+00:00,1.1963,1.20466,1.19516,1.19849,47754.0
2015-01-18 22:00:00+00:00,1.19817,1.19858,1.19346,1.19406,23781.0
2015-01-19 22:00:00+00:00,1.19386,1.21149,1.19386,1.21136,33216.0
2015-01-20 22:00:00+00:00,1.21106,1.23942,1.20631,1.23405,52302.0
2015-01-21 22:00:00+00:00,1.23423,1.24196,1.23136,1.23832,53116.0
2015-01-22 22:00:00+00:00,1.23832,1.24609,1.23604,1.24212,49300.0
2015-01-25 22:00:00+00:00,1.24456,1.24896,1.24053,1.24742,34535.0
2015-01-26 22:00:00+00:00,1.2473,1.25008,1.23796,1.23981,41864.0
2015-01-27 22:00:00+00:00,1.23981,1.25376,1.23886,1.25332,43661.0
2015-01-28 22:00:00+00:00,1.25328,1.26776,1.25116,1.26188,41738.0
2015-01-29 22:00:00+00:00,1.2622,1.2799,1.26082,1.273,54030.0
2015-02-01 22:00:00+00:00,1.27031,1.27727,1.25576,1.25672,53835.0
2015-02-02 22:00:00+00:00,1.25714,1.26446,1.23518,1.2415,73086.0
2015-02-03 22:00:00+00:00,1.24174,1.25928,1.23906,1.25774,59505.0
2015-02-04 22:00:00+00:00,1.25714,1.25869,1.23938,1.24361,54595.0
2015-02-05 22:00:00+00:00,1.2436,1.25465,1.23734,1.25236,53775.0
2015-02-08 22:00:00+00:00,1.25374,1.25428,1.2429,1.24672,36944.0
2015-02-09 22:00:00+00:00,1.24672,1.26242,1.24514,1.25882,40720.0
2015-02-10 22:00:00+00:00,1.25882,1.2698,1.25721,1.26328,44781.0
2015-02-11 22:00:00+00:00,1.26311,1.26456,1.24382,1.25094,56633.0
2015-02-12 22:00:00+00:00,1.25098,1.25372,1.24219,1.2452,47065.0
2015-02-15 22:00:00+00:00,1.24427,1.24906,1.24211,1.24649,36383.0
2015-02-16 22:00:00+00:00,1.24646,1.2479,1.23628,1.239,46452.0
2015-02-17 22:00:00+00:00,1.239,1.24661,1.23816,1.2454,43586.0
2015-02-18 22:00:00+00:00,1.24538,1.25591,1.24372,1.24952,40550.0
2015-02-19 22:00:00+00:00,1.24964,1.25644,1.24226,1.25336,49700.0
2015-02-22 22:00:00+00:00,1.25302,1.26246,1.25236,1.25706,36123.0
2015-02-23 22:00:00+00:00,1.25746,1.26639,1.24789,1.24884,51964.0
2015-02-24 22:00:00+00:00,1.24904,1.24979,1.23994,1.24361,41595.0
2015-02-25 22:00:00+00:00,1.24357,1.2535,1.23874,1.25142,52016.0
2015-02-26 22:00:00+00:00,1.25194,1.25306,1.24488,1.25044,42604.0
2015-03-01 22:00:00+00:00,1.25029,1.25662,1.24762,1.25376,31280.0
2015-03-02 22:00:00+00:00,1.25362,1.25433,1.24328,1.24964,37275.0
2015-03-03 22:00:00+00:00,1.24926,1.25436,1.24069,1.24233,44690.0
2015-03-04 22:00:00+00:00,1.2429,1.25188,1.24068,1.2487,37467.0
2015-03-05 22:00:00+00:00,1.2487,1.26271,1.2456,1.26236,45160.0
2015-03-08 21:00:00+00:00,1.26212,1.26266,1.2573,1.26073,29903.0
2015-03-09 21:00:00+00:00,1.26036,1.26884,1.25975,1.2687,54684.0
2015-03-10 21:00:00+00:00,1.26854,1.2798,1.26644,1.27506,60791.0
2015-03-11 21:00:00+00:00,1.27482,1.27686,1.26165,1.26866,57453.0
2015-03-12 21:00:00+00:00,1.26891,1.28237,1.2682,1.27808,62909.0
2015-03-15 21:00:00+00:00,1.27924,1.28187,1.27346,1.27745,47363.0
2015-03-16 21:00:00+00:00,1.27734,1.27976,1.27493,1.27888,40558.0
2015-03-17 21:00:00+00:00,1.2789,1.28355,1.2448,1.25674,77563.0
2015-03-18 21:00:00+00:00,1.25676,1.27586,1.2508,1.27142,85244.0
2015-03-19 21:00:00+00:00,1.27142,1.27234,1.25451,1.25523,64604.0
2015-03-22 21:00:00+00:00,1.25542,1.26154,1.24958,1.2522,64324.0
2015-03-23 21:00:00+00:00,1.2521,1.25463,1.24276,1.24918,62489.0
2015-03-24 21:00:00+00:00,1.24966,1.25406,1.24732,1.25182,52231.0
2015-03-25 21:00:00+00:00,1.25159,1.25329,1.241,1.2482,64710.0
2015-03-26 21:00:00+00:00,1.24768,1.26222,1.24682,1.26139,52394.0
2015-03-29 21:00:00+00:00,1.26032,1.2706,1.25956,1.26757,40502.0
2015-03-30 21:00:00+00:00,1.26876,1.2784,1.26522,1.26844,50620.0
2015-03-31 21:00:00+00:00,1.26857,1.271,1.25764,1.26226,50728.0
2015-04-01 21:00:00+00:00,1.2619,1.26562,1.25575,1.25589,45156.0
2015-04-02 21:00:00+00:00,1.25644,1.25747,1.24295,1.24914,35724.0
2015-04-05 21:00:00+00:00,1.24771,1.25066,1.24375,1.24827,30201.0
2015-04-06 21:00:00+00:00,1.2481,1.25226,1.24553,1.25057,41798.0
2015-04-07 21:00:00+00:00,1.25057,1.25588,1.23874,1.25466,55059.0
2015-04-08 21:00:00+00:00,1.25482,1.26138,1.2509,1.25806,42214.0
2015-04-09 21:00:00+00:00,1.2589,1.26669,1.2569,1.25692,42985.0
2015-04-12 21:00:00+00:00,1.25808,1.26464,1.25626,1.25948,43591.0
2015-04-13 21:00:00+00:00,1.25964,1.2603,1.24453,1.2484,46439.0
2015-04-14 21:00:00+00:00,1.24865,1.25706,1.2281,1.2291,65753.0
2015-04-15 21:00:00+00:00,1.22942,1.23276,1.21432,1.21894,69484.0
2015-04-16 21:00:00+00:00,1.21836,1.22718,1.2088,1.2245,61663.0
2015-04-19 21:00:00+00:00,1.22104,1.22598,1.21799,1.22318,39489.0
2015-04-20 21:00:00+00:00,1.22278,1.23058,1.22142,1.22818,42590.0
2015-04-21 21:00:00+00:00,1.22794,1.22879,1.22112,1.22385,38683.0
2015-04-22 21:00:00+00:00,1.22394,1.22692,1.2121,1.21442,42806.0
2015-04-23 21:00:00+00:00,1.21466,1.21884,1.2103,1.21813,44712.0
2015-04-26 21:00:00+00:00,1.21888,1.21958,1.20805,1.2086,35068.0
2015-04-27 21:00:00+00:00,1.20859,1.21168,1.2015,1.20302,44250.0
2015-04-28 21:00:00+00:00,1.20265,1.20736,1.1945,1.20196,60566.0
2015-04-29 21:00:00+00:00,1.20196,1.21331,1.1997,1.20747,58802.0
2015-04-30 21:00:00+00:00,1.20693,1.22052,1.20632,1.21584,43173.0
2015-05-03 21:00:00+00:00,1.21556,1.2181,1.20878,1.20931,29857.0
2015-05-04 21:00:00+00:00,1.20946,1.2132,1.20028,1.20674,42100.0
2015-05-05 21:00:00+00:00,1.2066,1.2088,1.19404,1.20463,48979.0
2015-05-06 21:00:00+00:00,1.20407,1.21632,1.20337,1.21286,47480.0
2015-05-07 21:00:00+00:00,1.21249,1.21461,1.2045,1.20768,58942.0
2015-05-10 21:00:00+00:00,1.20804,1.21446,1.20651,1.21005,29402.0
2015-05-11 21:00:00+00:00,1.20993,1.21074,1.19788,1.2019,31772.0
2015-05-12 21:00:00+00:00,1.20196,1.20288,1.19286,1.19576,34924.0
2015-05-13 21:00:00+00:00,1.19575,1.20064,1.192,1.19828,38692.0
2015-05-14 21:00:00+00:00,1.19856,1.20675,1.19804,1.20136,35945.0
2015-05-17 21:00:00+00:00,1.20044,1.21712,1.20044,1.21604,27172.0
2015-05-18 21:00:00+00:00,1.21616,1.225,1.21298,1.22322,41119.0
2015-05-19 21:00:00+00:00,1.22297,1.22566,1.2168,1.22086,47224.0
2015-05-20 21:00:00+00:00,1.22024,1.22428,1.21713,1.21994,35929.0
2015-05-21 21:00:00+00:00,1.21981,1.23221,1.21731,1.22832,40704.0
2015-05-24 21:00:00+00:00,1.22877,1.23184,1.22756,1.2313,17228.0
2015-05-25 21:00:00+00:00,1.2316,1.24478,1.2305,1.24331,42256.0
2015-05-26 21:00:00+00:00,1.24351,1.24924,1.23957,1.2453,45629.0
2015-05-27 21:00:00+00:00,1.24541,1.25384,1.24226,1.24342,52142.0
2015-05-28 21:00:00+00:00,1.24358,1.25275,1.24104,1.24514,49413.0
2015-05-31 21:00:00+00:00,1.24416,1.25634,1.24386,1.25223,37794.0
2015-06-01 21:00:00+00:00,1.25245,1.25354,1.23674,1.24012,49848.0
2015-06-02 21:00:00+00:00,1.2405,1.25098,1.23854,1.24516,50909.0
2015-06-03 21:00:00+00:00,1.24527,1.25038,1.24367,1.25013,44366.0
2015-06-04 21:00:00+00:00,1.25,1.2563,1.24282,1.24342,48195.0
2015-06-07 21:00:00+00:00,1.24356,1.24728,1.2384,1.24097,37548.0
2015-06-08 21:00:00+00:00,1.24084,1.2442,1.23076,1.23357,42806.0
2015-06-09 21:00:00+00:00,1.23356,1.23525,1.22022,1.22547,55721.0
2015-06-10 21:00:00+00:00,1.2254,1.23554,1.22532,1.22937,47703.0
2015-06-11 21:00:00+00:00,1.22926,1.23474,1.22778,1.23128,32284.0
2015-06-14 21:00:00+00:00,1.23154,1.23608,1.22973,1.23236,30701.0
2015-06-15 21:00:00+00:00,1.23248,1.23465,1.22838,1.22952,25630.0
2015-06-16 21:00:00+00:00,1.22887,1.23538,1.2221,1.22275,39655.0
2015-06-17 21:00:00+00:00,1.22331,1.22508,1.21278,1.22242,36448.0
2015-06-18 21:00:00+00:00,1.22265,1.22956,1.22155,1.2269,32396.0
2015-06-21 21:00:00+00:00,1.22628,1.23293,1.22186,1.23093,31321.0
2015-06-22 21:00:00+00:00,1.23114,1.23828,1.23112,1.23276,32630.0
2015-06-23 21:00:00+00:00,1.23256,1.2423,1.22766,1.23834,29087.0
2015-06-24 21:00:00+00:00,1.23856,1.23998,1.23124,1.23254,29119.0
2015-06-25 21:00:00+00:00,1.23257,1.23975,1.23115,1.23192,26119.0
2015-06-28 21:00:00+00:00,1.23403,1.24129,1.2304,1.24026,51003.0
2015-06-29 21:00:00+00:00,1.24008,1.25004,1.23629,1.24962,44961.0
2015-06-30 21:00:00+00:00,1.24933,1.25979,1.24758,1.25896,32245.0
2015-07-01 21:00:00+00:00,1.2591,1.26332,1.25385,1.25422,39013.0
2015-07-02 21:00:00+00:00,1.25413,1.26025,1.25396,1.25715,29163.0
2015-07-05 21:00:00+00:00,1.25953,1.26639,1.25638,1.26516,42388.0
2015-07-06 21:00:00+00:00,1.26518,1.278,1.26438,1.27077,47217.0
2015-07-07 21:00:00+00:00,1.2709,1.27679,1.26886,1.27457,53393.0
2015-07-08 21:00:00+00:00,1.27419,1.27456,1.26664,1.27079,44621.0
2015-07-09 21:00:00+00:00,1.271,1.27536,1.26554,1.26566,48266.0
2015-07-12 21:00:00+00:00,1.27042,1.27906,1.268,1.27411,37796.0
2015-07-13 21:00:00+00:00,1.27374,1.28054,1.27162,1.27281,40756.0
2015-07-14 21:00:00+00:00,1.27304,1.29586,1.2723,1.2915,54890.0
2015-07-15 21:00:00+00:00,1.29134,1.29698,1.29054,1.29584,38832.0
2015-07-16 21:00:00+00:00,1.2965,1.30086,1.29478,1.29722,32421.0
2015-07-19 21:00:00+00:00,1.29778,1.30244,1.29529,1.29938,27245.0
2015-07-20 21:00:00+00:00,1.29978,1.30128,1.29166,1.29478,44218.0
2015-07-21 21:00:00+00:00,1.29454,1.3053,1.29372,1.30336,37223.0
2015-07-22 21:00:00+00:00,1.30334,1.30478,1.29461,1.30363,41769.0
2015-07-23 21:00:00+00:00,1.30374,1.31032,1.30176,1.30446,39935.0
2015-07-26 21:00:00+00:00,1.30408,1.30578,1.29792,1.30372,37826.0
2015-07-27 21:00:00+00:00,1.30358,1.30428,1.29117,1.2922,40628.0
2015-07-28 21:00:00+00:00,1.29242,1.29674,1.28614,1.29454,46092.0
2015-07-29 21:00:00+00:00,1.29466,1.3044,1.29432,1.30026,44416.0
2015-07-30 21:00:00+00:00,1.30075,1.31003,1.29408,1.30888,66792.0
2015-08-02 21:00:00+00:00,1.3089,1.31765,1.30806,1.3156,43726.0
2015-08-03 21:00:00+00:00,1.31566,1.32022,1.31055,1.31916,51151.0
2015-08-04 21:00:00+00:00,1.31925,1.32134,1.31104,1.31786,54300.0
2015-08-05 21:00:00+00:00,1.3178,1.31977,1.30942,1.31088,40350.0
2015-08-06 21:00:00+00:00,1.31112,1.31842,1.30484,1.31328,50382.0
2015-08-09 21:00:00+00:00,1.3119,1.31823,1.2991,1.3002,37579.0
2015-08-10 21:00:00+00:00,1.30054,1.31502,1.29952,1.31146,54508.0
2015-08-11 21:00:00+00:00,1.31163,1.31576,1.29522,1.29806,65706.0
2015-08-12 21:00:00+00:00,1.2979,1.30908,1.296,1.30604,49576.0
2015-08-13 21:00:00+00:00,1.30622,1.30978,1.30166,1.30961,38162.0
2015-08-16 21:00:00+00:00,1.30924,1.31522,1.306,1.30812,35176.0
2015-08-17 21:00:00+00:00,1.30839,1.31264,1.30412,1.30576,37968.0
2015-08-18 21:00:00+00:00,1.30556,1.31779,1.30248,1.31278,51282.0
2015-08-19 21:00:00+00:00,1.31261,1.31764,1.30598,1.30856,50809.0
2015-08-20 21:00:00+00:00,1.30871,1.31946,1.30568,1.31873,58825.0
2015-08-23 21:00:00+00:00,1.31812,1.32899,1.31492,1.32862,104369.0
2015-08-24 21:00:00+00:00,1.32834,1.33538,1.31433,1.33379,77894.0
2015-08-25 21:00:00+00:00,1.33379,1.33498,1.3251,1.32944,73668.0
2015-08-26 21:00:00+00:00,1.32988,1.33068,1.31791,1.3198,59067.0
2015-08-27 21:00:00+00:00,1.32018,1.33008,1.31672,1.32018,66619.0
2015-08-28 21:00:00+00:00,1.32018,1.32023,1.32018,1.32023,2.0
2015-08-30 21:00:00+00:00,1.32122,1.33274,1.3117,1.31404,56547.0
2015-08-31 21:00:00+00:00,1.31388,1.32593,1.3117,1.32592,76209.0
2015-09-01 21:00:00+00:00,1.32582,1.33244,1.31993,1.32677,69078.0
2015-09-02 21:00:00+00:00,1.32654,1.32898,1.31368,1.31787,66453.0
2015-09-03 21:00:00+00:00,1.31811,1.32896,1.31611,1.32803,54751.0
2015-09-06 21:00:00+00:00,1.327,1.33098,1.32452,1.33068,36385.0
2015-09-07 21:00:00+00:00,1.33078,1.3309,1.31853,1.32098,39171.0
2015-09-08 21:00:00+00:00,1.32114,1.32695,1.31545,1.3258,45583.0
2015-09-09 21:00:00+00:00,1.32582,1.32882,1.31761,1.32532,66540.0
2015-09-10 21:00:00+00:00,1.32453,1.331,1.32155,1.32658,37409.0
2015-09-13 21:00:00+00:00,1.32524,1.32804,1.32246,1.32634,30982.0
2015-09-14 21:00:00+00:00,1.32632,1.32728,1.32269,1.32521,30705.0
2015-09-15 21:00:00+00:00,1.32468,1.32584,1.31602,1.31705,34187.0
2015-09-16 21:00:00+00:00,1.31724,1.32058,1.30743,1.31822,53849.0
2015-09-17 21:00:00+00:00,1.31823,1.323,1.30122,1.32249,57848.0
2015-09-20 21:00:00+00:00,1.32326,1.32654,1.3176,1.32547,35718.0
2015-09-21 21:00:00+00:00,1.32511,1.32984,1.32195,1.32715,34164.0
2015-09-22 21:00:00+00:00,1.32689,1.33576,1.32334,1.33212,44980.0
2015-09-23 21:00:00+00:00,1.33285,1.34168,1.32914,1.33052,55583.0
2015-09-24 21:00:00+00:00,1.33142,1.33552,1.32978,1.3335,49298.0
2015-09-27 21:00:00+00:00,1.33368,1.33966,1.33174,1.33948,31053.0
2015-09-28 21:00:00+00:00,1.33975,1.34575,1.33722,1.34218,43346.0
2015-09-29 21:00:00+00:00,1.34238,1.3431,1.3307,1.33098,47629.0
2015-09-30 21:00:00+00:00,1.33244,1.33327,1.32188,1.32708,43023.0
2015-10-01 21:00:00+00:00,1.32667,1.32694,1.31517,1.31527,43333.0
2015-10-04 21:00:00+00:00,1.31525,1.31752,1.30648,1.30844,42038.0
2015-10-05 21:00:00+00:00,1.30844,1.31342,1.30264,1.30345,36770.0
2015-10-06 21:00:00+00:00,1.3033,1.30722,1.2972,1.30562,47262.0
2015-10-07 21:00:00+00:00,1.30624,1.30739,1.2979,1.30161,46317.0
2015-10-08 21:00:00+00:00,1.30113,1.30218,1.29008,1.2945,46961.0
2015-10-11 21:00:00+00:00,1.29612,1.30115,1.29014,1.2997,35580.0
2015-10-12 21:00:00+00:00,1.29972,1.30802,1.29565,1.30382,44676.0
2015-10-13 21:00:00+00:00,1.30372,1.30378,1.29116,1.29364,48075.0
2015-10-14 21:00:00+00:00,1.29377,1.29486,1.28324,1.2866,46579.0
2015-10-15 21:00:00+00:00,1.28598,1.29398,1.2852,1.29138,38754.0
2015-10-18 21:00:00+00:00,1.29047,1.30286,1.29016,1.30194,35594.0
2015-10-19 21:00:00+00:00,1.30164,1.30477,1.29356,1.29787,41350.0
2015-10-20 21:00:00+00:00,1.29819,1.31421,1.29686,1.31398,45707.0
2015-10-21 21:00:00+00:00,1.31352,1.31596,1.30837,1.30878,47144.0
2015-10-22 21:00:00+00:00,1.30915,1.31986,1.30398,1.31674,53962.0
2015-10-25 21:00:00+00:00,1.31652,1.31839,1.31214,1.31533,30022.0
2015-10-26 21:00:00+00:00,1.31561,1.3273,1.31532,1.32685,33000.0
2015-10-27 21:00:00+00:00,1.327,1.32796,1.309,1.31912,50723.0
2015-10-28 21:00:00+00:00,1.3197,1.32382,1.3133,1.31724,41166.0
2015-10-29 21:00:00+00:00,1.31708,1.3193,1.30558,1.30754,44971.0
2015-11-01 22:00:00+00:00,1.30786,1.3117,1.30634,1.30942,33628.0
2015-11-02 22:00:00+00:00,1.30981,1.31653,1.30382,1.30604,39166.0
2015-11-03 22:00:00+00:00,1.30618,1.31918,1.30454,1.31504,43596.0
2015-11-04 22:00:00+00:00,1.31528,1.31866,1.31411,1.31693,39004.0
2015-11-05 22:00:00+00:00,1.31658,1.33179,1.31576,1.33044,45046.0
2015-11-08 22:00:00+00:00,1.33026,1.33103,1.32458,1.32868,30452.0
2015-11-09 22:00:00+00:00,1.32813,1.32974,1.32452,1.32744,33190.0
2015-11-10 22:00:00+00:00,1.32728,1.32838,1.32321,1.32654,30178.0
2015-11-11 22:00:00+00:00,1.32628,1.33415,1.32248,1.32909,43196.0
2015-11-12 22:00:00+00:00,1.32868,1.33495,1.32675,1.33238,37065.0
2015-11-15 22:00:00+00:00,1.33038,1.3371,1.32902,1.33312,39405.0
2015-11-16 22:00:00+00:00,1.33299,1.33446,1.32972,1.33216,36798.0
2015-11-17 22:00:00+00:00,1.33176,1.33688,1.32984,1.3303,35491.0
2015-11-18 22:00:00+00:00,1.33045,1.33144,1.32468,1.32838,36920.0
2015-11-19 22:00:00+00:00,1.32875,1.33562,1.32704,1.33456,37292.0
2015-11-22 22:00:00+00:00,1.33358,1.34358,1.33347,1.33656,39429.0
2015-11-23 22:00:00+00:00,1.33646,1.33776,1.32844,1.33061,41728.0
2015-11-24 22:00:00+00:00,1.3308,1.33392,1.328,1.32886,44858.0
2015-11-25 22:00:00+00:00,1.32895,1.33244,1.32844,1.32934,53522.0
2015-11-26 22:00:00+00:00,1.32898,1.3377,1.32892,1.33709,36530.0
2015-11-29 22:00:00+00:00,1.33628,1.33932,1.33124,1.3362,34292.0
2015-11-30 22:00:00+00:00,1.33607,1.33983,1.33102,1.33594,44863.0
2015-12-01 22:00:00+00:00,1.33624,1.34075,1.33087,1.33414,47986.0
2015-12-02 22:00:00+00:00,1.33398,1.34003,1.32934,1.33546,70083.0
2015-12-03 22:00:00+00:00,1.33532,1.34163,1.33178,1.33626,62820.0
2015-12-06 22:00:00+00:00,1.33706,1.35242,1.33654,1.34978,39489.0
2015-12-07 22:00:00+00:00,1.35014,1.3622,1.34974,1.35844,59562.0
2015-12-08 22:00:00+00:00,1.3581,1.36201,1.35168,1.35786,54496.0
2015-12-09 22:00:00+00:00,1.35748,1.36397,1.35324,1.3624,42571.0
2015-12-10 22:00:00+00:00,1.36268,1.37582,1.3624,1.37568,50354.0
2015-12-13 22:00:00+00:00,1.37232,1.37818,1.36768,1.3734,61159.0
2015-12-14 22:00:00+00:00,1.37294,1.37662,1.36732,1.37336,50986.0
2015-12-15 22:00:00+00:00,1.37342,1.3848,1.37282,1.3781,66980.0
2015-12-16 22:00:00+00:00,1.37858,1.39872,1.37784,1.39392,55967.0
2015-12-17 22:00:00+00:00,1.39375,1.40018,1.38548,1.39562,64106.0
2015-12-20 22:00:00+00:00,1.39389,1.39938,1.39134,1.39612,39485.0
2015-12-21 22:00:00+00:00,1.39582,1.39666,1.3916,1.39198,28887.0
2015-12-22 22:00:00+00:00,1.39214,1.39392,1.38358,1.38518,37693.0
2015-12-23 22:00:00+00:00,1.38482,1.38746,1.38184,1.38522,34198.0
2015-12-27 22:00:00+00:00,1.38522,1.3916,1.38161,1.39052,26872.0
2015-12-28 22:00:00+00:00,1.39028,1.39404,1.38162,1.38432,32687.0
2015-12-29 22:00:00+00:00,1.38412,1.39275,1.38289,1.38817,33605.0
2015-12-30 22:00:00+00:00,1.38739,1.39033,1.38236,1.38326,34856.0
2016-01-03 22:00:00+00:00,1.38176,1.39834,1.38154,1.39531,58664.0
2016-01-04 22:00:00+00:00,1.39519,1.40196,1.38982,1.3996,50432.0
2016-01-05 22:00:00+00:00,1.3991,1.41094,1.39738,1.40756,67019.0
2016-01-06 22:00:00+00:00,1.40763,1.41698,1.40506,1.41166,92350.0
2016-01-07 22:00:00+00:00,1.41113,1.41778,1.40582,1.41716,80594.0
2016-01-10 22:00:00+00:00,1.41664,1.42456,1.40654,1.42158,68041.0
2016-01-11 22:00:00+00:00,1.42129,1.4316,1.41766,1.42618,76161.0
2016-01-12 22:00:00+00:00,1.42652,1.43808,1.41876,1.43412,77942.0
2016-01-13 22:00:00+00:00,1.4339,1.43978,1.43342,1.43684,83668.0
2016-01-14 22:00:00+00:00,1.43642,1.45541,1.43432,1.45377,102521.0
2016-01-17 22:00:00+00:00,1.46056,1.46065,1.44863,1.45586,76586.0
2016-01-18 22:00:00+00:00,1.45618,1.45895,1.44322,1.45797,92863.0
2016-01-19 22:00:00+00:00,1.45763,1.469,1.4474,1.45036,141167.0
2016-01-20 22:00:00+00:00,1.4502,1.45408,1.42274,1.42663,143863.0
2016-01-21 22:00:00+00:00,1.42674,1.43009,1.41146,1.41205,109667.0
2016-01-24 22:00:00+00:00,1.4146,1.4293,1.41266,1.42918,85834.0
2016-01-25 22:00:00+00:00,1.4286,1.43258,1.40448,1.41194,108853.0
2016-01-26 22:00:00+00:00,1.4118,1.41572,1.40282,1.40958,123214.0
2016-01-27 22:00:00+00:00,1.40969,1.41232,1.39478,1.40286,136808.0
2016-01-28 22:00:00+00:00,1.40336,1.4109,1.39674,1.39737,128711.0
2016-01-31 22:00:00+00:00,1.39732,1.40623,1.39084,1.39479,93501.0
2016-02-01 22:00:00+00:00,1.3945,1.40824,1.39392,1.40552,87856.0
2016-02-02 22:00:00+00:00,1.40498,1.4103,1.3757,1.37807,118017.0
2016-02-03 22:00:00+00:00,1.37766,1.37976,1.36394,1.37542,104921.0
2016-02-04 22:00:00+00:00,1.37534,1.39191,1.37098,1.39173,98464.0
2016-02-07 22:00:00+00:00,1.39002,1.39786,1.38407,1.3928,100425.0
2016-02-08 22:00:00+00:00,1.39299,1.39604,1.37867,1.38657,118260.0
2016-02-09 22:00:00+00:00,1.38698,1.39998,1.38204,1.393,123345.0
2016-02-10 22:00:00+00:00,1.39252,1.40167,1.3883,1.39356,157382.0
2016-02-11 22:00:00+00:00,1.39342,1.39655,1.38134,1.38486,117847.0
2016-02-14 22:00:00+00:00,1.3846,1.38624,1.37984,1.38334,63333.0
2016-02-15 22:00:00+00:00,1.38375,1.39116,1.37065,1.38632,113321.0
2016-02-16 22:00:00+00:00,1.38646,1.38994,1.36678,1.36714,114326.0
2016-02-17 22:00:00+00:00,1.36725,1.37517,1.36536,1.37276,95692.0
2016-02-18 22:00:00+00:00,1.3726,1.3847,1.3715,1.37685,86265.0
2016-02-21 22:00:00+00:00,1.37763,1.37933,1.36624,1.37068,69716.0
2016-02-22 22:00:00+00:00,1.37048,1.38212,1.36952,1.37952,79377.0
2016-02-23 22:00:00+00:00,1.37888,1.3859,1.36776,1.37042,83639.0
2016-02-24 22:00:00+00:00,1.37011,1.37356,1.35174,1.353,88817.0
2016-02-25 22:00:00+00:00,1.35332,1.35646,1.35052,1.35135,81976.0
2016-02-28 22:00:00+00:00,1.35172,1.35872,1.34812,1.35428,75988.0
2016-02-29 22:00:00+00:00,1.3545,1.35515,1.33863,1.3408,72331.0
2016-03-01 22:00:00+00:00,1.34126,1.34992,1.34109,1.34157,65086.0
2016-03-02 22:00:00+00:00,1.34195,1.34734,1.33714,1.34043,60005.0
2016-03-03 22:00:00+00:00,1.34072,1.34716,1.33123,1.33177,63488.0
2016-03-06 22:00:00+00:00,1.33338,1.33775,1.32616,1.32829,47423.0
2016-03-07 22:00:00+00:00,1.3284,1.34252,1.32802,1.34096,55852.0
2016-03-08 22:00:00+00:00,1.3411,1.34465,1.32284,1.32479,74856.0
2016-03-09 22:00:00+00:00,1.32474,1.3398,1.3232,1.33436,112858.0
2016-03-10 22:00:00+00:00,1.3348,1.33619,1.31677,1.32154,70327.0
2016-03-13 21:00:00+00:00,1.3222,1.33085,1.32116,1.32604,59442.0
2016-03-14 21:00:00+00:00,1.32635,1.34022,1.32622,1.33552,55934.0
2016-03-15 21:00:00+00:00,1.33566,1.34054,1.30935,1.30982,74531.0
2016-03-16 21:00:00+00:00,1.31006,1.31332,1.29452,1.2976,78203.0
2016-03-17 21:00:00+00:00,1.2978,1.30431,1.29237,1.30037,69233.0
2016-03-20 21:00:00+00:00,1.30231,1.31022,1.30153,1.31006,64768.0
2016-03-21 21:00:00+00:00,1.31016,1.31389,1.30282,1.30481,61066.0
2016-03-22 21:00:00+00:00,1.30501,1.32198,1.30386,1.32042,71790.0
2016-03-23 21:00:00+00:00,1.32067,1.32962,1.32028,1.32478,63416.0
2016-03-24 21:00:00+00:00,1.32501,1.32858,1.32262,1.32647,49103.0
2016-03-27 21:00:00+00:00,1.32738,1.32854,1.31674,1.31871,37675.0
2016-03-28 21:00:00+00:00,1.31872,1.32164,1.30508,1.30752,68732.0
2016-03-29 21:00:00+00:00,1.30726,1.30814,1.29122,1.29659,81474.0
2016-03-30 21:00:00+00:00,1.29666,1.30113,1.28577,1.30036,85784.0
2016-03-31 21:00:00+00:00,1.30046,1.31474,1.29688,1.30114,90224.0
2016-04-03 21:00:00+00:00,1.30353,1.30878,1.30027,1.30872,50990.0
2016-04-04 21:00:00+00:00,1.30854,1.32193,1.30683,1.3137,69330.0
2016-04-05 21:00:00+00:00,1.3138,1.31866,1.30632,1.30898,74635.0
2016-04-06 21:00:00+00:00,1.30914,1.3181,1.30187,1.3146,71347.0
2016-04-07 21:00:00+00:00,1.31496,1.31571,1.29522,1.29881,69230.0
2016-04-10 21:00:00+00:00,1.29857,1.30161,1.28853,1.28974,76696.0
2016-04-11 21:00:00+00:00,1.28956,1.2921,1.27504,1.27636,76842.0
2016-04-12 21:00:00+00:00,1.27659,1.28284,1.27442,1.28164,96362.0
2016-04-13 21:00:00+00:00,1.28172,1.28977,1.2782,1.2847,71789.0
2016-04-14 21:00:00+00:00,1.28447,1.29032,1.27972,1.282,65857.0
2016-04-17 21:00:00+00:00,1.2956,1.29897,1.27787,1.27842,87265.0
2016-04-18 21:00:00+00:00,1.27861,1.2799,1.26308,1.26704,73624.0
2016-04-19 21:00:00+00:00,1.26696,1.27302,1.25936,1.26548,71808.0
2016-04-20 21:00:00+00:00,1.26548,1.27502,1.26278,1.27349,71181.0
2016-04-21 21:00:00+00:00,1.27339,1.27583,1.26223,1.26665,76867.0
2016-04-24 21:00:00+00:00,1.26609,1.27177,1.26522,1.26778,59579.0
2016-04-25 21:00:00+00:00,1.26732,1.26886,1.25954,1.26039,58146.0
2016-04-26 21:00:00+00:00,1.26058,1.26952,1.25716,1.25996,74770.0
2016-04-27 21:00:00+00:00,1.25982,1.26065,1.25153,1.25541,77836.0
2016-04-28 21:00:00+00:00,1.25542,1.25876,1.24982,1.25542,73949.0
2016-05-01 21:00:00+00:00,1.25584,1.25629,1.25133,1.25297,58987.0
2016-05-02 21:00:00+00:00,1.2528,1.27318,1.2461,1.27242,70657.0
2016-05-03 21:00:00+00:00,1.27228,1.28856,1.26974,1.28688,83723.0
2016-05-04 21:00:00+00:00,1.28666,1.28756,1.27858,1.28535,69685.0
2016-05-05 21:00:00+00:00,1.28542,1.29521,1.28359,1.29083,76199.0
2016-05-08 21:00:00+00:00,1.29523,1.30154,1.29062,1.2962,64577.0
2016-05-09 21:00:00+00:00,1.29635,1.29804,1.2908,1.29096,57095.0
2016-05-10 21:00:00+00:00,1.291,1.29422,1.28302,1.28527,59278.0
2016-05-11 21:00:00+00:00,1.28464,1.28786,1.27718,1.28466,61523.0
2016-05-12 21:00:00+00:00,1.28436,1.29577,1.28358,1.29378,54701.0
2016-05-15 21:00:00+00:00,1.29474,1.2963,1.28748,1.28954,40518.0
2016-05-16 21:00:00+00:00,1.28962,1.29557,1.28375,1.29083,53849.0
2016-05-17 21:00:00+00:00,1.29074,1.30371,1.2894,1.30335,70482.0
2016-05-18 21:00:00+00:00,1.30327,1.31546,1.30108,1.30942,78116.0
2016-05-19 21:00:00+00:00,1.30972,1.31624,1.3077,1.31139,50433.0
2016-05-22 21:00:00+00:00,1.31124,1.31738,1.30994,1.31431,43658.0
2016-05-23 21:00:00+00:00,1.31461,1.31886,1.30862,1.31246,54760.0
2016-05-24 21:00:00+00:00,1.31278,1.31334,1.30147,1.30197,57748.0
2016-05-25 21:00:00+00:00,1.30162,1.30374,1.29112,1.29784,52652.0
2016-05-26 21:00:00+00:00,1.29772,1.30686,1.29682,1.30264,48065.0
2016-05-29 21:00:00+00:00,1.30265,1.30948,1.30261,1.30483,46242.0
2016-05-30 21:00:00+00:00,1.30464,1.31345,1.30172,1.30927,54440.0
2016-05-31 21:00:00+00:00,1.30919,1.3123,1.30424,1.3078,59752.0
2016-06-01 21:00:00+00:00,1.30764,1.31443,1.30556,1.30966,57606.0
2016-06-02 21:00:00+00:00,1.31006,1.31069,1.29155,1.29365,61469.0
2016-06-05 21:00:00+00:00,1.29438,1.29824,1.28032,1.28166,48239.0
2016-06-06 21:00:00+00:00,1.28208,1.28394,1.27336,1.27358,44851.0
2016-06-07 21:00:00+00:00,1.27372,1.27614,1.26546,1.2693,44705.0
2016-06-08 21:00:00+00:00,1.26932,1.2767,1.26709,1.272,47744.0
2016-06-09 21:00:00+00:00,1.27192,1.27816,1.26604,1.27808,51166.0
2016-06-12 21:00:00+00:00,1.27921,1.28394,1.27502,1.28376,54754.0
2016-06-13 21:00:00+00:00,1.2833,1.28733,1.28152,1.28716,57879.0
2016-06-14 21:00:00+00:00,1.28722,1.29434,1.28264,1.29122,68803.0
2016-06-15 21:00:00+00:00,1.2909,1.3086,1.28952,1.29692,83399.0
2016-06-16 21:00:00+00:00,1.29647,1.29668,1.28294,1.28934,64416.0
2016-06-19 21:00:00+00:00,1.28457,1.28601,1.27726,1.28062,52299.0
2016-06-20 21:00:00+00:00,1.28055,1.28269,1.27626,1.28176,56408.0
2016-06-21 21:00:00+00:00,1.2816,1.28536,1.27418,1.2845,58630.0
2016-06-22 21:00:00+00:00,1.28465,1.28474,1.26782,1.27551,109206.0
2016-06-23 21:00:00+00:00,1.27523,1.30993,1.27128,1.3001,220806.0
2016-06-26 21:00:00+00:00,1.30434,1.31208,1.2994,1.30722,103284.0
2016-06-27 21:00:00+00:00,1.30734,1.3108,1.29667,1.30236,66775.0
2016-06-28 21:00:00+00:00,1.30258,1.30424,1.29322,1.29348,62872.0
2016-06-29 21:00:00+00:00,1.29374,1.30158,1.29146,1.29238,76103.0
2016-06-30 21:00:00+00:00,1.2927,1.29754,1.28654,1.29109,53377.0
2016-07-03 21:00:00+00:00,1.29185,1.29222,1.28316,1.28464,44628.0
2016-07-04 21:00:00+00:00,1.2841,1.30174,1.2841,1.29786,52930.0
2016-07-05 21:00:00+00:00,1.29834,1.30566,1.29474,1.29605,85539.0
2016-07-06 21:00:00+00:00,1.29652,1.30211,1.28764,1.30004,66390.0
2016-07-07 21:00:00+00:00,1.30026,1.30904,1.29883,1.30402,74245.0
2016-07-10 21:00:00+00:00,1.30464,1.314,1.30302,1.31162,58822.0
2016-07-11 21:00:00+00:00,1.31174,1.31332,1.29812,1.30422,54352.0
2016-07-12 21:00:00+00:00,1.3044,1.30838,1.29358,1.29771,68426.0
2016-07-13 21:00:00+00:00,1.29752,1.29868,1.28626,1.28905,60604.0
2016-07-14 21:00:00+00:00,1.28932,1.2988,1.28622,1.29725,56197.0
2016-07-17 21:00:00+00:00,1.29446,1.30223,1.29271,1.29447,46875.0
2016-07-18 21:00:00+00:00,1.29463,1.30544,1.29401,1.30204,45377.0
2016-07-19 21:00:00+00:00,1.3023,1.30958,1.30138,1.30586,41478.0
2016-07-20 21:00:00+00:00,1.30624,1.3101,1.30244,1.30872,48897.0
2016-07-21 21:00:00+00:00,1.30858,1.31856,1.30556,1.31291,49862.0
2016-07-24 21:00:00+00:00,1.31287,1.32422,1.3124,1.3219,32301.0
2016-07-25 21:00:00+00:00,1.32159,1.32442,1.31744,1.31874,41014.0
2016-07-26 21:00:00+00:00,1.31889,1.32544,1.31574,1.31862,54651.0
2016-07-27 21:00:00+00:00,1.31897,1.31924,1.31008,1.31562,37551.0
2016-07-28 21:00:00+00:00,1.31542,1.31864,1.30017,1.30401,55556.0
2016-07-31 21:00:00+00:00,1.30335,1.31274,1.3028,1.31218,32536.0
2016-08-01 21:00:00+00:00,1.31216,1.31419,1.30056,1.31108,45219.0
2016-08-02 21:00:00+00:00,1.31092,1.3148,1.30634,1.30666,40177.0
2016-08-03 21:00:00+00:00,1.30691,1.30894,1.2996,1.3018,38564.0
2016-08-04 21:00:00+00:00,1.30223,1.32006,1.30088,1.31708,41150.0
2016-08-07 21:00:00+00:00,1.31794,1.31908,1.31362,1.31572,28561.0
2016-08-08 21:00:00+00:00,1.31537,1.319,1.31098,1.31181,36928.0
2016-08-09 21:00:00+00:00,1.3121,1.31246,1.29902,1.30572,51086.0
2016-08-10 21:00:00+00:00,1.30571,1.308,1.2958,1.29904,43826.0
2016-08-11 21:00:00+00:00,1.29944,1.2995,1.29246,1.29547,42056.0
2016-08-14 21:00:00+00:00,1.29587,1.29756,1.2902,1.29245,28310.0
2016-08-15 21:00:00+00:00,1.29226,1.29338,1.27986,1.28626,55443.0
2016-08-16 21:00:00+00:00,1.28589,1.2918,1.28312,1.28437,50128.0
2016-08-17 21:00:00+00:00,1.28472,1.28584,1.27641,1.27816,50997.0
2016-08-18 21:00:00+00:00,1.27828,1.28923,1.27732,1.28675,46879.0
2016-08-21 21:00:00+00:00,1.28963,1.29653,1.28734,1.29464,41588.0
2016-08-22 21:00:00+00:00,1.29454,1.29488,1.28588,1.29137,47265.0
2016-08-23 21:00:00+00:00,1.29118,1.29582,1.29019,1.29272,43317.0
2016-08-24 21:00:00+00:00,1.29233,1.294,1.28988,1.29225,30590.0
2016-08-25 21:00:00+00:00,1.29204,1.30118,1.28314,1.30051,67409.0
2016-08-28 21:00:00+00:00,1.29925,1.30479,1.29894,1.30114,44492.0
2016-08-29 21:00:00+00:00,1.30124,1.31036,1.30098,1.3099,40454.0
2016-08-30 21:00:00+00:00,1.30974,1.31456,1.308,1.31042,52431.0
2016-08-31 21:00:00+00:00,1.31077,1.31482,1.3083,1.31027,48415.0
2016-09-01 21:00:00+00:00,1.3104,1.31148,1.2982,1.29887,57862.0
2016-09-04 21:00:00+00:00,1.29942,1.29996,1.29068,1.29274,36823.0
2016-09-05 21:00:00+00:00,1.29294,1.29336,1.28271,1.28438,39182.0
2016-09-06 21:00:00+00:00,1.28486,1.29146,1.28228,1.28852,43138.0
2016-09-07 21:00:00+00:00,1.28874,1.2939,1.28511,1.29382,47058.0
2016-09-08 21:00:00+00:00,1.29342,1.30528,1.29106,1.30493,44652.0
2016-09-11 21:00:00+00:00,1.30535,1.31238,1.30342,1.30396,61048.0
2016-09-12 21:00:00+00:00,1.30432,1.31902,1.30301,1.3177,62529.0
2016-09-13 21:00:00+00:00,1.31721,1.32086,1.31286,1.3195,51310.0
2016-09-14 21:00:00+00:00,1.3193,1.32362,1.3131,1.3155,59719.0
2016-09-15 21:00:00+00:00,1.31583,1.32484,1.31418,1.3214,51852.0
2016-09-18 21:00:00+00:00,1.32241,1.32248,1.31354,1.32033,37107.0
2016-09-19 21:00:00+00:00,1.32048,1.3243,1.31846,1.31898,44124.0
2016-09-20 21:00:00+00:00,1.31879,1.32387,1.31001,1.3101,74225.0
2016-09-21 21:00:00+00:00,1.31,1.31047,1.30004,1.30418,47566.0
2016-09-22 21:00:00+00:00,1.30472,1.3181,1.30302,1.31701,52708.0
2016-09-25 21:00:00+00:00,1.31618,1.32436,1.31362,1.32279,44481.0
2016-09-26 21:00:00+00:00,1.32261,1.3281,1.3164,1.31979,56387.0
2016-09-27 21:00:00+00:00,1.32024,1.32698,1.30763,1.30809,64396.0
2016-09-28 21:00:00+00:00,1.30793,1.31843,1.30482,1.31483,69602.0
2016-09-29 21:00:00+00:00,1.3144,1.31951,1.30866,1.31276,66003.0
2016-10-02 21:00:00+00:00,1.31232,1.31444,1.30682,1.31209,47505.0
2016-10-03 21:00:00+00:00,1.3119,1.32158,1.31116,1.31914,59160.0
2016-10-04 21:00:00+00:00,1.31888,1.32323,1.31612,1.31758,42678.0
2016-10-05 21:00:00+00:00,1.3179,1.3249,1.3177,1.32196,40649.0
2016-10-06 21:00:00+00:00,1.32153,1.33138,1.31864,1.32972,75995.0
2016-10-09 21:00:00+00:00,1.32401,1.32786,1.31394,1.31744,42170.0
2016-10-10 21:00:00+00:00,1.3176,1.32729,1.3163,1.32645,58723.0
2016-10-11 21:00:00+00:00,1.32594,1.32878,1.32092,1.32762,54806.0
2016-10-12 21:00:00+00:00,1.32684,1.33072,1.31862,1.3193,55973.0
2016-10-13 21:00:00+00:00,1.31952,1.32196,1.31026,1.314,55066.0
2016-10-16 21:00:00+00:00,1.31197,1.31832,1.31177,1.31282,38867.0
2016-10-17 21:00:00+00:00,1.31265,1.314,1.30546,1.3109,37000.0
2016-10-18 21:00:00+00:00,1.31121,1.3142,1.3006,1.31137,50616.0
2016-10-19 21:00:00+00:00,1.31151,1.32329,1.31138,1.32298,46729.0
2016-10-20 21:00:00+00:00,1.32279,1.3355,1.32256,1.33361,41797.0
2016-10-23 21:00:00+00:00,1.3329,1.33976,1.32858,1.32867,37120.0
2016-10-24 21:00:00+00:00,1.3285,1.33716,1.32782,1.33502,48722.0
2016-10-25 21:00:00+00:00,1.335,1.3385,1.33144,1.33804,47566.0
2016-10-26 21:00:00+00:00,1.33774,1.34078,1.33525,1.33865,48800.0
2016-10-27 21:00:00+00:00,1.33844,1.34338,1.33527,1.33981,63388.0
2016-10-30 21:00:00+00:00,1.34282,1.34282,1.33753,1.34088,45385.0
2016-10-31 21:00:00+00:00,1.34112,1.34264,1.33536,1.33895,54183.0
2016-11-01 21:00:00+00:00,1.33883,1.34237,1.33596,1.3392,56816.0
2016-11-02 21:00:00+00:00,1.3392,1.34026,1.33619,1.33972,46282.0
2016-11-03 21:00:00+00:00,1.33954,1.34656,1.33864,1.3402,54667.0
2016-11-06 22:00:00+00:00,1.33436,1.34178,1.33421,1.33636,43172.0
2016-11-07 22:00:00+00:00,1.3366,1.3391,1.3286,1.32892,39363.0
2016-11-08 22:00:00+00:00,1.32878,1.35256,1.32647,1.34237,184488.0
2016-11-09 22:00:00+00:00,1.34226,1.3509,1.33866,1.3469,97123.0
2016-11-10 22:00:00+00:00,1.34708,1.3548,1.34564,1.35398,120713.0
2016-11-13 22:00:00+00:00,1.35015,1.3589,1.35014,1.35613,86175.0
2016-11-14 22:00:00+00:00,1.35573,1.35604,1.34444,1.3448,78479.0
2016-11-15 22:00:00+00:00,1.34486,1.3506,1.34047,1.34467,71334.0
2016-11-16 22:00:00+00:00,1.34456,1.35262,1.33998,1.35231,60131.0
2016-11-17 22:00:00+00:00,1.35205,1.35648,1.34924,1.35052,75349.0
2016-11-20 22:00:00+00:00,1.34975,1.3515,1.33866,1.34185,66087.0
2016-11-21 22:00:00+00:00,1.34231,1.34672,1.33779,1.34403,56998.0
2016-11-22 22:00:00+00:00,1.34398,1.35169,1.34244,1.3487,53004.0
2016-11-23 22:00:00+00:00,1.34904,1.35356,1.34764,1.34925,46221.0
2016-11-24 22:00:00+00:00,1.34931,1.35344,1.34538,1.35249,57535.0
2016-11-27 22:00:00+00:00,1.34977,1.35374,1.33968,1.34114,54193.0
2016-11-28 22:00:00+00:00,1.34064,1.34812,1.34002,1.34308,46628.0
2016-11-29 22:00:00+00:00,1.34328,1.34638,1.33566,1.34376,73864.0
2016-11-30 22:00:00+00:00,1.34352,1.34382,1.33008,1.33206,60114.0
2016-12-01 22:00:00+00:00,1.33167,1.33194,1.32548,1.32904,51774.0
2016-12-04 22:00:00+00:00,1.32901,1.33566,1.3236,1.32732,73858.0
2016-12-05 22:00:00+00:00,1.327,1.33114,1.32524,1.3278,42464.0
2016-12-06 22:00:00+00:00,1.32795,1.32974,1.3223,1.32348,39215.0
2016-12-07 22:00:00+00:00,1.32332,1.32508,1.31844,1.31898,57977.0
2016-12-08 22:00:00+00:00,1.31928,1.3213,1.3152,1.31808,36653.0
2016-12-11 22:00:00+00:00,1.31411,1.31624,1.31083,1.31306,44564.0
2016-12-12 22:00:00+00:00,1.31274,1.31404,1.31025,1.31294,35304.0
2016-12-13 22:00:00+00:00,1.31316,1.32952,1.30807,1.32846,62354.0
2016-12-14 22:00:00+00:00,1.32885,1.34178,1.32688,1.33352,78930.0
2016-12-15 22:00:00+00:00,1.33377,1.33924,1.33186,1.33393,51095.0
2016-12-18 22:00:00+00:00,1.33393,1.34229,1.33178,1.34088,40179.0
2016-12-19 22:00:00+00:00,1.34055,1.34342,1.33602,1.3369,34890.0
2016-12-20 22:00:00+00:00,1.33672,1.34276,1.33582,1.34127,35338.0
2016-12-21 22:00:00+00:00,1.34143,1.35204,1.34124,1.34844,44244.0
2016-12-22 22:00:00+00:00,1.34858,1.35572,1.34802,1.35369,33931.0
2016-12-26 22:00:00+00:00,1.35222,1.358,1.35165,1.35753,27518.0
2016-12-27 22:00:00+00:00,1.35772,1.35984,1.35392,1.35589,29133.0
2016-12-28 22:00:00+00:00,1.35572,1.35609,1.34812,1.35023,40505.0
2016-12-29 22:00:00+00:00,1.3505,1.35076,1.34013,1.34423,77988.0
2017-01-02 22:00:00+00:00,1.34458,1.34612,1.33987,1.34298,44054.0
2017-01-03 22:00:00+00:00,1.34274,1.34572,1.32818,1.33007,64900.0
2017-01-04 22:00:00+00:00,1.33004,1.33132,1.31914,1.32244,76657.0
2017-01-05 22:00:00+00:00,1.32279,1.32684,1.31777,1.32383,66833.0
2017-01-08 22:00:00+00:00,1.32489,1.32772,1.31971,1.32149,43292.0
2017-01-09 22:00:00+00:00,1.32197,1.32573,1.31921,1.32321,52198.0
2017-01-10 22:00:00+00:00,1.32298,1.32946,1.31194,1.31774,91240.0
2017-01-11 22:00:00+00:00,1.31804,1.31864,1.30295,1.31438,73977.0
2017-01-12 22:00:00+00:00,1.31448,1.3168,1.3113,1.3117,58788.0
2017-01-15 22:00:00+00:00,1.31365,1.31887,1.31192,1.31756,48815.0
2017-01-16 22:00:00+00:00,1.31776,1.31899,1.30192,1.3041,74403.0
2017-01-17 22:00:00+00:00,1.30426,1.32714,1.30396,1.32703,70352.0
2017-01-18 22:00:00+00:00,1.32716,1.33537,1.32527,1.33189,77491.0
2017-01-19 22:00:00+00:00,1.33172,1.33878,1.32842,1.33218,79931.0
2017-01-22 22:00:00+00:00,1.33208,1.33348,1.32212,1.32377,67693.0
2017-01-23 22:00:00+00:00,1.32374,1.32991,1.31064,1.31571,64289.0
2017-01-24 22:00:00+00:00,1.31605,1.31654,1.30614,1.30694,62480.0
2017-01-25 22:00:00+00:00,1.30735,1.31308,1.30535,1.30958,57371.0
2017-01-26 22:00:00+00:00,1.30932,1.31552,1.30847,1.31515,52410.0
2017-01-29 22:00:00+00:00,1.3137,1.3169,1.30766,1.31184,51072.0
2017-01-30 22:00:00+00:00,1.31194,1.31234,1.29689,1.30316,71314.0
2017-01-31 22:00:00+00:00,1.30304,1.31026,1.30294,1.30489,66472.0
2017-02-01 22:00:00+00:00,1.30476,1.30522,1.29803,1.3027,53134.0
2017-02-02 22:00:00+00:00,1.30284,1.30774,1.29924,1.30262,55529.0
2017-02-05 22:00:00+00:00,1.30284,1.3136,1.30074,1.30838,47891.0
2017-02-06 22:00:00+00:00,1.30814,1.32124,1.30738,1.31871,49411.0
2017-02-07 22:00:00+00:00,1.31844,1.32005,1.31348,1.31447,44075.0
2017-02-08 22:00:00+00:00,1.31432,1.31682,1.30947,1.31465,44645.0
2017-02-09 22:00:00+00:00,1.31453,1.31586,1.30628,1.30845,44103.0
2017-02-12 22:00:00+00:00,1.30896,1.31212,1.30542,1.30718,38304.0
2017-02-13 22:00:00+00:00,1.30706,1.3107,1.3025,1.30716,42990.0
2017-02-14 22:00:00+00:00,1.30765,1.31203,1.30644,1.30829,44469.0
2017-02-15 22:00:00+00:00,1.30792,1.3082,1.30092,1.30708,43268.0
2017-02-16 22:00:00+00:00,1.30687,1.31267,1.30602,1.30949,33455.0
2017-02-19 22:00:00+00:00,1.30996,1.31194,1.30742,1.31068,25916.0
2017-02-20 22:00:00+00:00,1.31045,1.3165,1.31003,1.31426,30256.0
2017-02-21 22:00:00+00:00,1.31411,1.321,1.31098,1.31642,34058.0
2017-02-22 22:00:00+00:00,1.3165,1.31706,1.30826,1.3105,30911.0
2017-02-23 22:00:00+00:00,1.3106,1.31194,1.30513,1.30946,32306.0
2017-02-26 22:00:00+00:00,1.30986,1.31812,1.30834,1.31794,35816.0
2017-02-27 22:00:00+00:00,1.31776,1.33148,1.31644,1.32998,101133.0
2017-02-28 22:00:00+00:00,1.32977,1.33576,1.3284,1.33258,118801.0
2017-03-01 22:00:00+00:00,1.33338,1.34025,1.33234,1.3391,84788.0
2017-03-02 22:00:00+00:00,1.33924,1.34378,1.33717,1.33784,99389.0
2017-03-05 22:00:00+00:00,1.3381,1.3425,1.33728,1.34098,71412.0
2017-03-06 22:00:00+00:00,1.34076,1.3436,1.3384,1.34119,70282.0
2017-03-07 22:00:00+00:00,1.3415,1.35006,1.3398,1.34926,84414.0
2017-03-08 22:00:00+00:00,1.34934,1.35344,1.3483,1.35104,113621.0
2017-03-09 22:00:00+00:00,1.35088,1.35148,1.34211,1.34722,106791.0
2017-03-12 21:00:00+00:00,1.34527,1.3477,1.34312,1.34456,84757.0
2017-03-13 21:00:00+00:00,1.34444,1.34956,1.34388,1.34797,81824.0
2017-03-14 21:00:00+00:00,1.34812,1.34854,1.32954,1.33047,121690.0
2017-03-15 21:00:00+00:00,1.33072,1.3353,1.32768,1.33182,94611.0
2017-03-16 21:00:00+00:00,1.33208,1.33778,1.3304,1.33487,74832.0
2017-03-19 21:00:00+00:00,1.3348,1.33732,1.33036,1.33526,67337.0
2017-03-20 21:00:00+00:00,1.33508,1.33652,1.32639,1.33514,90631.0
2017-03-21 21:00:00+00:00,1.33554,1.341,1.33204,1.33286,83888.0
2017-03-22 21:00:00+00:00,1.33308,1.33577,1.33166,1.33522,76371.0
2017-03-23 21:00:00+00:00,1.33526,1.33863,1.3345,1.33765,69511.0
2017-03-26 21:00:00+00:00,1.33618,1.34041,1.33208,1.33763,81338.0
2017-03-27 21:00:00+00:00,1.33749,1.34148,1.3354,1.33827,66664.0
2017-03-28 21:00:00+00:00,1.33847,1.34018,1.33224,1.33275,71332.0
2017-03-29 21:00:00+00:00,1.33318,1.33522,1.32781,1.33393,73750.0
2017-03-30 21:00:00+00:00,1.33443,1.33682,1.32848,1.3317,78024.0
2017-04-02 21:00:00+00:00,1.33106,1.34002,1.32936,1.33816,57687.0
2017-04-03 21:00:00+00:00,1.33806,1.3456,1.33732,1.34017,61509.0
2017-04-04 21:00:00+00:00,1.34047,1.344,1.33783,1.34352,67027.0
2017-04-05 21:00:00+00:00,1.34321,1.34509,1.3398,1.34128,56237.0
2017-04-06 21:00:00+00:00,1.34148,1.34311,1.3342,1.34031,94304.0
2017-04-09 21:00:00+00:00,1.3406,1.34268,1.33231,1.33258,54601.0
2017-04-10 21:00:00+00:00,1.33284,1.33576,1.33107,1.33258,53321.0
2017-04-11 21:00:00+00:00,1.3327,1.3339,1.32374,1.32506,87423.0
2017-04-12 21:00:00+00:00,1.32431,1.33387,1.32232,1.33293,64140.0
2017-04-13 21:00:00+00:00,1.3326,1.33378,1.33092,1.33272,62646.0
2017-04-16 21:00:00+00:00,1.33136,1.33239,1.3262,1.33156,53845.0
2017-04-17 21:00:00+00:00,1.33192,1.34004,1.33118,1.33808,79172.0
2017-04-18 21:00:00+00:00,1.33831,1.34904,1.33754,1.34844,58868.0
2017-04-19 21:00:00+00:00,1.34827,1.34996,1.34565,1.34708,67288.0
2017-04-20 21:00:00+00:00,1.3468,1.35257,1.34578,1.34986,61144.0
2017-04-23 21:00:00+00:00,1.34671,1.35212,1.34106,1.35015,77142.0
2017-04-24 21:00:00+00:00,1.35052,1.36264,1.34986,1.35693,82416.0
2017-04-25 21:00:00+00:00,1.35748,1.36233,1.35422,1.36224,100648.0
2017-04-26 21:00:00+00:00,1.36166,1.36711,1.35296,1.36332,106141.0
2017-04-27 21:00:00+00:00,1.36302,1.36975,1.36241,1.365,84835.0
2017-04-30 21:00:00+00:00,1.3664,1.36876,1.36372,1.36797,57393.0
2017-05-01 21:00:00+00:00,1.3677,1.3758,1.36499,1.37082,68523.0
2017-05-02 21:00:00+00:00,1.37113,1.37408,1.3679,1.37314,80528.0
2017-05-03 21:00:00+00:00,1.37219,1.37771,1.36998,1.37515,97004.0
2017-05-04 21:00:00+00:00,1.37526,1.3793,1.36424,1.36524,118585.0
2017-05-07 21:00:00+00:00,1.36543,1.37339,1.36434,1.36919,87501.0
2017-05-08 21:00:00+00:00,1.369,1.37536,1.36706,1.37192,87382.0
2017-05-09 21:00:00+00:00,1.37232,1.3733,1.36473,1.36544,87532.0
2017-05-10 21:00:00+00:00,1.36544,1.37704,1.36531,1.36962,84448.0
2017-05-11 21:00:00+00:00,1.36952,1.37426,1.36656,1.37143,76049.0
2017-05-14 21:00:00+00:00,1.36962,1.37222,1.36018,1.36329,86504.0
2017-05-15 21:00:00+00:00,1.36312,1.36588,1.35747,1.3607,81287.0
2017-05-16 21:00:00+00:00,1.36078,1.36422,1.35716,1.36008,105202.0
2017-05-17 21:00:00+00:00,1.36008,1.36699,1.35807,1.36044,133282.0
2017-05-18 21:00:00+00:00,1.36046,1.36108,1.35086,1.35092,89938.0
2017-05-21 21:00:00+00:00,1.35203,1.35406,1.34849,1.3501,66010.0
2017-05-22 21:00:00+00:00,1.34976,1.35256,1.3456,1.3512,82384.0
2017-05-23 21:00:00+00:00,1.3515,1.35398,1.34052,1.34076,99771.0
2017-05-24 21:00:00+00:00,1.3409,1.3494,1.33872,1.34864,99946.0
2017-05-25 21:00:00+00:00,1.34826,1.34975,1.34332,1.34493,75436.0
2017-05-28 21:00:00+00:00,1.3452,1.34694,1.3428,1.34561,41765.0
2017-05-29 21:00:00+00:00,1.34568,1.35062,1.34509,1.34588,55449.0
2017-05-30 21:00:00+00:00,1.34587,1.35232,1.34372,1.35004,74519.0
2017-05-31 21:00:00+00:00,1.34984,1.3527,1.34722,1.3515,76754.0
2017-06-01 21:00:00+00:00,1.35195,1.3547,1.34798,1.34822,77074.0
2017-06-04 21:00:00+00:00,1.34912,1.35014,1.34592,1.34738,59133.0
2017-06-05 21:00:00+00:00,1.34697,1.3487,1.34374,1.34556,66632.0
2017-06-06 21:00:00+00:00,1.34508,1.35256,1.34263,1.3508,66877.0
2017-06-07 21:00:00+00:00,1.35108,1.35215,1.34848,1.3508,69881.0
2017-06-08 21:00:00+00:00,1.35082,1.35419,1.34226,1.34693,80147.0
2017-06-11 21:00:00+00:00,1.34579,1.34707,1.33196,1.3324,65020.0
2017-06-12 21:00:00+00:00,1.33238,1.33256,1.32116,1.32413,74811.0
2017-06-13 21:00:00+00:00,1.32404,1.32719,1.31654,1.32465,118324.0
2017-06-14 21:00:00+00:00,1.3245,1.33086,1.3225,1.32682,85536.0
2017-06-15 21:00:00+00:00,1.32664,1.32732,1.32102,1.32126,61249.0
2017-06-18 21:00:00+00:00,1.32178,1.3258,1.31914,1.32198,56347.0
2017-06-19 21:00:00+00:00,1.32167,1.3285,1.3204,1.32677,56107.0
2017-06-20 21:00:00+00:00,1.32659,1.3348,1.32642,1.33343,67641.0
2017-06-21 21:00:00+00:00,1.33343,1.33384,1.3208,1.32334,64542.0
2017-06-22 21:00:00+00:00,1.32274,1.33077,1.32103,1.32702,56703.0
2017-06-25 21:00:00+00:00,1.32604,1.32721,1.32126,1.32462,51442.0
2017-06-26 21:00:00+00:00,1.3241,1.32609,1.31472,1.3199,69596.0
2017-06-27 21:00:00+00:00,1.31964,1.31987,1.30137,1.30388,105740.0
2017-06-28 21:00:00+00:00,1.3043,1.3044,1.29868,1.30038,78320.0
2017-06-29 21:00:00+00:00,1.30021,1.30142,1.29458,1.2961,76421.0
2017-07-02 21:00:00+00:00,1.29733,1.3012,1.2965,1.30067,45660.0
2017-07-03 21:00:00+00:00,1.3012,1.30158,1.29124,1.29348,63565.0
2017-07-04 21:00:00+00:00,1.29332,1.30149,1.29287,1.29562,67025.0
2017-07-05 21:00:00+00:00,1.29582,1.29836,1.29232,1.29774,65501.0
2017-07-06 21:00:00+00:00,1.29774,1.2994,1.286,1.28786,73893.0
2017-07-09 21:00:00+00:00,1.28819,1.29325,1.28714,1.28905,58125.0
2017-07-10 21:00:00+00:00,1.28888,1.29438,1.2885,1.29156,57252.0
2017-07-11 21:00:00+00:00,1.29162,1.294,1.268,1.27514,111279.0
2017-07-12 21:00:00+00:00,1.2748,1.27713,1.27216,1.27216,71317.0
2017-07-13 21:00:00+00:00,1.27242,1.27472,1.26442,1.26482,68985.0
2017-07-16 21:00:00+00:00,1.26466,1.26988,1.26272,1.26982,61881.0
2017-07-17 21:00:00+00:00,1.2696,1.27018,1.2581,1.26285,83444.0
2017-07-18 21:00:00+00:00,1.26272,1.26524,1.25782,1.26045,60033.0
2017-07-19 21:00:00+00:00,1.26096,1.26404,1.25408,1.25922,86018.0
2017-07-20 21:00:00+00:00,1.25839,1.26094,1.2522,1.25417,79705.0
2017-07-23 21:00:00+00:00,1.25429,1.2552,1.24835,1.25106,70973.0
2017-07-24 21:00:00+00:00,1.25084,1.25328,1.24812,1.2509,72654.0
2017-07-25 21:00:00+00:00,1.2509,1.2544,1.24142,1.24464,103593.0
2017-07-26 21:00:00+00:00,1.24484,1.25766,1.24137,1.25553,96150.0
2017-07-27 21:00:00+00:00,1.25575,1.25678,1.24193,1.24344,105110.0
2017-07-30 21:00:00+00:00,1.2443,1.2529,1.24322,1.24802,96641.0
2017-07-31 21:00:00+00:00,1.24742,1.25544,1.24514,1.25382,95447.0
2017-08-01 21:00:00+00:00,1.25446,1.25931,1.25328,1.25712,91934.0
2017-08-02 21:00:00+00:00,1.25723,1.2619,1.25526,1.25854,81392.0
2017-08-03 21:00:00+00:00,1.25807,1.26674,1.25561,1.26543,82613.0
2017-08-06 21:00:00+00:00,1.26543,1.27144,1.26291,1.26798,64047.0
2017-08-07 21:00:00+00:00,1.26754,1.27059,1.26514,1.26668,69761.0
2017-08-08 21:00:00+00:00,1.26649,1.27213,1.26628,1.26978,81664.0
2017-08-09 21:00:00+00:00,1.2702,1.27455,1.26728,1.27433,78923.0
2017-08-10 21:00:00+00:00,1.27414,1.27527,1.26533,1.26804,88826.0
2017-08-13 21:00:00+00:00,1.26737,1.27308,1.26683,1.27214,58189.0
2017-08-14 21:00:00+00:00,1.27239,1.27784,1.27192,1.27577,70009.0
2017-08-15 21:00:00+00:00,1.27588,1.27708,1.26136,1.26179,74241.0
2017-08-16 21:00:00+00:00,1.26162,1.26848,1.25882,1.26812,72295.0
2017-08-17 21:00:00+00:00,1.26785,1.26916,1.25576,1.25831,84633.0
2017-08-20 21:00:00+00:00,1.25748,1.26068,1.25534,1.25582,58424.0
2017-08-21 21:00:00+00:00,1.25614,1.25958,1.25257,1.2564,62310.0
2017-08-22 21:00:00+00:00,1.25642,1.25984,1.2541,1.2552,71717.0
2017-08-23 21:00:00+00:00,1.25492,1.2561,1.25142,1.2519,57743.0
2017-08-24 21:00:00+00:00,1.25184,1.254,1.2466,1.24802,84505.0
2017-08-27 21:00:00+00:00,1.248,1.25108,1.24438,1.25075,50554.0
2017-08-28 21:00:00+00:00,1.25094,1.255,1.24406,1.25134,86883.0
2017-08-29 21:00:00+00:00,1.2516,1.26373,1.25012,1.26223,71678.0
2017-08-30 21:00:00+00:00,1.26192,1.26635,1.24767,1.24822,91000.0
2017-08-31 21:00:00+00:00,1.24866,1.24916,1.23397,1.23936,99989.0
2017-09-03 21:00:00+00:00,1.24256,1.24287,1.23753,1.24173,45319.0
2017-09-04 21:00:00+00:00,1.2413,1.2418,1.23358,1.23743,77474.0
2017-09-05 21:00:00+00:00,1.23752,1.24154,1.21362,1.22252,105156.0
2017-09-06 21:00:00+00:00,1.22227,1.2241,1.21104,1.21157,97936.0
2017-09-07 21:00:00+00:00,1.21201,1.21658,1.2062,1.21604,91340.0
2017-09-10 21:00:00+00:00,1.21588,1.21706,1.20978,1.21102,64066.0
2017-09-11 21:00:00+00:00,1.21156,1.21899,1.20828,1.21864,76846.0
2017-09-12 21:00:00+00:00,1.21818,1.22202,1.21312,1.21751,69279.0
2017-09-13 21:00:00+00:00,1.21703,1.22398,1.21566,1.21637,99082.0
2017-09-14 21:00:00+00:00,1.21624,1.2219,1.21196,1.21981,83047.0
2017-09-17 21:00:00+00:00,1.21902,1.2338,1.2172,1.22958,79590.0
2017-09-18 21:00:00+00:00,1.22965,1.23086,1.22549,1.22935,76782.0
2017-09-19 21:00:00+00:00,1.22898,1.2391,1.21976,1.23232,120202.0
2017-09-20 21:00:00+00:00,1.23274,1.23684,1.23206,1.23257,70432.0
2017-09-21 21:00:00+00:00,1.23286,1.23516,1.22541,1.23365,76961.0
2017-09-24 21:00:00+00:00,1.23349,1.23854,1.23128,1.23694,61198.0
2017-09-25 21:00:00+00:00,1.2373,1.24128,1.23298,1.23436,72285.0
2017-09-26 21:00:00+00:00,1.23488,1.24822,1.23358,1.24776,109497.0
2017-09-27 21:00:00+00:00,1.24794,1.2519,1.24163,1.243,80656.0
2017-09-28 21:00:00+00:00,1.24268,1.2533,1.24174,1.24737,81112.0
2017-10-01 21:00:00+00:00,1.24868,1.25254,1.24686,1.25098,62811.0
2017-10-02 21:00:00+00:00,1.2512,1.25389,1.24811,1.24852,64262.0
2017-10-03 21:00:00+00:00,1.24886,1.24982,1.24491,1.2478,61554.0
2017-10-04 21:00:00+00:00,1.24742,1.25848,1.2462,1.25647,62892.0
2017-10-05 21:00:00+00:00,1.25668,1.26006,1.25254,1.25346,89173.0
2017-10-06 21:00:00+00:00,1.25346,1.25346,1.25346,1.25346,1.0
2017-10-08 21:00:00+00:00,1.2532,1.2559,1.25262,1.25526,44475.0
2017-10-09 21:00:00+00:00,1.25474,1.25557,1.24836,1.25145,64743.0
2017-10-10 21:00:00+00:00,1.25179,1.25312,1.24525,1.24605,67608.0
2017-10-11 21:00:00+00:00,1.24567,1.24904,1.24328,1.24754,64690.0
2017-10-12 21:00:00+00:00,1.248,1.25201,1.24518,1.24655,71646.0
2017-10-15 21:00:00+00:00,1.24782,1.25587,1.2466,1.25184,59140.0
2017-10-16 21:00:00+00:00,1.25168,1.25913,1.25132,1.25238,60405.0
2017-10-17 21:00:00+00:00,1.25238,1.2534,1.2458,1.24665,75320.0
2017-10-18 21:00:00+00:00,1.24702,1.24945,1.24512,1.24848,84215.0
2017-10-19 21:00:00+00:00,1.24872,1.26306,1.24765,1.26288,87639.0
2017-10-20 21:00:00+00:00,1.2629,1.2629,1.2629,1.2629,1.0
2017-10-22 21:00:00+00:00,1.2624,1.26598,1.26136,1.26478,54271.0
2017-10-23 21:00:00+00:00,1.2648,1.26934,1.26218,1.26754,70446.0
2017-10-24 21:00:00+00:00,1.26738,1.28171,1.26362,1.27962,99534.0
2017-10-25 21:00:00+00:00,1.27941,1.28576,1.27797,1.2847,84825.0
2017-10-26 21:00:00+00:00,1.28484,1.29172,1.2806,1.28108,96110.0
2017-10-29 21:00:00+00:00,1.28189,1.28608,1.28118,1.2834,58900.0
2017-10-30 21:00:00+00:00,1.2831,1.29154,1.28228,1.28894,67796.0
2017-10-31 21:00:00+00:00,1.28907,1.29102,1.28539,1.28644,72055.0
2017-11-01 21:00:00+00:00,1.28664,1.28762,1.27987,1.2808,68042.0
2017-11-02 21:00:00+00:00,1.28117,1.28356,1.27153,1.27642,68196.0
2017-11-05 22:00:00+00:00,1.27678,1.27825,1.27029,1.27034,52663.0
2017-11-06 22:00:00+00:00,1.27052,1.28194,1.27037,1.27768,67939.0
2017-11-07 22:00:00+00:00,1.27792,1.27794,1.27152,1.27266,56679.0
2017-11-08 22:00:00+00:00,1.27232,1.27412,1.26678,1.26826,61785.0
2017-11-09 22:00:00+00:00,1.26859,1.26958,1.26658,1.26878,59154.0
2017-11-12 22:00:00+00:00,1.26864,1.2742,1.2678,1.27324,47046.0
2017-11-13 22:00:00+00:00,1.27341,1.27736,1.27005,1.27323,67335.0
2017-11-14 22:00:00+00:00,1.2733,1.27898,1.27131,1.27634,77737.0
2017-11-15 22:00:00+00:00,1.2763,1.2784,1.27283,1.27563,70685.0
2017-11-16 22:00:00+00:00,1.27542,1.2824,1.27136,1.27685,104349.0
2017-11-19 22:00:00+00:00,1.27663,1.28212,1.27547,1.28205,80007.0
2017-11-20 22:00:00+00:00,1.28175,1.2837,1.27488,1.27788,86024.0
2017-11-21 22:00:00+00:00,1.27836,1.27886,1.26936,1.26955,82024.0
2017-11-22 22:00:00+00:00,1.26952,1.27314,1.26724,1.27151,64061.0
2017-11-23 22:00:00+00:00,1.27121,1.27472,1.2693,1.27087,71651.0
2017-11-26 22:00:00+00:00,1.27084,1.27712,1.26806,1.27685,76434.0
2017-11-27 22:00:00+00:00,1.27705,1.28251,1.27549,1.28164,79317.0
2017-11-28 22:00:00+00:00,1.28183,1.28753,1.28046,1.28656,90737.0
2017-11-29 22:00:00+00:00,1.28669,1.29096,1.28506,1.28969,84445.0
2017-11-30 22:00:00+00:00,1.28947,1.29028,1.26827,1.26835,137172.0
2017-12-03 22:00:00+00:00,1.26998,1.27276,1.26561,1.26725,73922.0
2017-12-04 22:00:00+00:00,1.26756,1.27052,1.26234,1.26862,65963.0
2017-12-05 22:00:00+00:00,1.26907,1.28081,1.2653,1.27858,77631.0
2017-12-06 22:00:00+00:00,1.2791,1.28685,1.27859,1.28552,58307.0
2017-12-07 22:00:00+00:00,1.28552,1.28802,1.28044,1.28499,69407.0
2017-12-10 22:00:00+00:00,1.28532,1.28692,1.28314,1.28561,54899.0
2017-12-11 22:00:00+00:00,1.28557,1.28928,1.2813,1.28682,63219.0
2017-12-12 22:00:00+00:00,1.287,1.28808,1.27918,1.28172,97202.0
2017-12-13 22:00:00+00:00,1.28188,1.28664,1.27136,1.27983,109565.0
2017-12-14 22:00:00+00:00,1.27938,1.2895,1.2739,1.28651,107436.0
2017-12-17 22:00:00+00:00,1.28673,1.28819,1.28424,1.28612,71371.0
2017-12-18 22:00:00+00:00,1.28648,1.29206,1.285,1.28817,83506.0
2017-12-19 22:00:00+00:00,1.2878,1.2881,1.28185,1.28368,74605.0
2017-12-20 22:00:00+00:00,1.28303,1.2839,1.26992,1.274,83686.0
2017-12-21 22:00:00+00:00,1.27442,1.2797,1.26976,1.27245,82980.0
2017-12-25 22:00:00+00:00,1.272,1.27358,1.26848,1.26876,36106.0
2017-12-26 22:00:00+00:00,1.2683,1.26961,1.26272,1.26541,69045.0
2017-12-27 22:00:00+00:00,1.2654,1.26615,1.25663,1.25705,72265.0
2017-12-28 22:00:00+00:00,1.25677,1.25899,1.25148,1.25799,87774.0
2018-01-01 22:00:00+00:00,1.25412,1.25604,1.24998,1.2512,74913.0
2018-01-02 22:00:00+00:00,1.25135,1.25542,1.24988,1.25352,76337.0
2018-01-03 22:00:00+00:00,1.25386,1.25555,1.24841,1.24867,84254.0
2018-01-04 22:00:00+00:00,1.24846,1.25138,1.2355,1.24119,99161.0
2018-01-07 22:00:00+00:00,1.24146,1.24506,1.23788,1.2422,63415.0
2018-01-08 22:00:00+00:00,1.24234,1.24782,1.23976,1.24652,70045.0
2018-01-09 22:00:00+00:00,1.24603,1.25838,1.24276,1.25481,123684.0
2018-01-10 22:00:00+00:00,1.2546,1.25909,1.25153,1.25177,104458.0
2018-01-11 22:00:00+00:00,1.25212,1.25559,1.24561,1.24639,108189.0
2018-01-14 22:00:00+00:00,1.24667,1.24721,1.24029,1.243,118018.0
2018-01-15 22:00:00+00:00,1.24273,1.24522,1.2397,1.2436,86017.0
2018-01-16 22:00:00+00:00,1.24306,1.25419,1.23655,1.24346,155571.0
2018-01-17 22:00:00+00:00,1.2442,1.24872,1.24137,1.2416,110611.0
2018-01-18 22:00:00+00:00,1.2421,1.25081,1.23998,1.24976,104161.0
2018-01-21 22:00:00+00:00,1.2478,1.2497,1.24346,1.24446,68138.0
2018-01-22 22:00:00+00:00,1.24484,1.24916,1.24182,1.24208,91212.0
2018-01-23 22:00:00+00:00,1.24216,1.24276,1.2316,1.23484,111023.0
2018-01-24 22:00:00+00:00,1.23409,1.23914,1.22819,1.23772,190467.0
2018-01-25 22:00:00+00:00,1.23804,1.23914,1.2293,1.23133,139881.0
2018-01-28 22:00:00+00:00,1.23149,1.23622,1.23112,1.2339,109147.0
2018-01-29 22:00:00+00:00,1.23384,1.23797,1.23098,1.23372,93559.0
2018-01-30 22:00:00+00:00,1.23339,1.2348,1.22484,1.23162,131083.0
2018-01-31 22:00:00+00:00,1.23166,1.2332,1.22574,1.22684,110073.0
2018-02-01 22:00:00+00:00,1.22692,1.24386,1.22565,1.24253,150717.0
2018-02-04 22:00:00+00:00,1.24386,1.25443,1.23974,1.25388,167804.0
2018-02-05 22:00:00+00:00,1.25364,1.25688,1.2493,1.24934,217784.0
2018-02-06 22:00:00+00:00,1.24921,1.25778,1.24917,1.25702,119785.0
2018-02-07 22:00:00+00:00,1.25632,1.26146,1.25465,1.26032,158595.0
2018-02-08 22:00:00+00:00,1.26052,1.269,1.25603,1.25805,176661.0
2018-02-11 22:00:00+00:00,1.25884,1.26236,1.25556,1.25776,87508.0
2018-02-12 22:00:00+00:00,1.2581,1.26253,1.25668,1.25914,87374.0
2018-02-13 22:00:00+00:00,1.25902,1.26497,1.24902,1.24926,129382.0
2018-02-14 22:00:00+00:00,1.24942,1.25376,1.24651,1.24796,112264.0
2018-02-15 22:00:00+00:00,1.24896,1.25682,1.24504,1.25564,105598.0
2018-02-18 22:00:00+00:00,1.25618,1.25922,1.25274,1.25596,76905.0
2018-02-19 22:00:00+00:00,1.25626,1.26492,1.25566,1.2647,88008.0
2018-02-20 22:00:00+00:00,1.26495,1.2704,1.26252,1.27035,103747.0
2018-02-21 22:00:00+00:00,1.27021,1.2761,1.26715,1.27056,95350.0
2018-02-22 22:00:00+00:00,1.27056,1.27261,1.26137,1.26379,87900.0
2018-02-25 22:00:00+00:00,1.26441,1.2712,1.26156,1.26868,70614.0
2018-02-26 22:00:00+00:00,1.268,1.27774,1.26688,1.27748,95182.0
2018-02-27 22:00:00+00:00,1.27774,1.28416,1.27616,1.28325,86856.0
2018-02-28 22:00:00+00:00,1.28293,1.28956,1.28088,1.28376,129945.0
2018-03-01 22:00:00+00:00,1.28324,1.2916,1.28197,1.28824,101313.0
2018-03-04 22:00:00+00:00,1.2877,1.30011,1.28706,1.29644,96175.0
2018-03-05 22:00:00+00:00,1.29704,1.29952,1.2862,1.28764,106811.0
2018-03-06 22:00:00+00:00,1.28777,1.30008,1.28752,1.29112,140536.0
2018-03-07 22:00:00+00:00,1.29062,1.29617,1.28672,1.28972,121271.0
2018-03-08 22:00:00+00:00,1.28953,1.29092,1.28082,1.28131,113437.0
2018-03-11 21:00:00+00:00,1.28144,1.28456,1.28032,1.28434,64253.0
2018-03-12 21:00:00+00:00,1.2842,1.29847,1.28298,1.29667,97427.0
2018-03-13 21:00:00+00:00,1.29633,1.29766,1.2921,1.29542,92242.0
2018-03-14 21:00:00+00:00,1.29539,1.30679,1.29456,1.30527,87027.0
2018-03-15 21:00:00+00:00,1.30487,1.31005,1.30464,1.30952,73119.0
2018-03-18 21:00:00+00:00,1.30925,1.3125,1.30466,1.30772,89385.0
2018-03-19 21:00:00+00:00,1.30769,1.31039,1.30527,1.30705,76590.0
2018-03-20 21:00:00+00:00,1.3073,1.30782,1.28898,1.29028,123366.0
2018-03-21 21:00:00+00:00,1.29011,1.29492,1.28296,1.29389,118498.0
2018-03-22 21:00:00+00:00,1.29363,1.29414,1.2824,1.28943,122904.0
2018-03-25 21:00:00+00:00,1.2893,1.29228,1.28403,1.28416,83074.0
2018-03-26 21:00:00+00:00,1.28473,1.29028,1.28156,1.28909,87202.0
2018-03-27 21:00:00+00:00,1.28854,1.29342,1.28634,1.29246,106024.0
2018-03-28 21:00:00+00:00,1.29216,1.29436,1.28608,1.28854,86088.0
2018-03-29 21:00:00+00:00,1.28828,1.29038,1.28606,1.28976,49904.0
2018-04-01 21:00:00+00:00,1.28966,1.29435,1.28633,1.29126,64540.0
2018-04-02 21:00:00+00:00,1.29148,1.29235,1.27818,1.28056,85728.0
2018-04-03 21:00:00+00:00,1.28082,1.28482,1.27572,1.27674,97850.0
2018-04-04 21:00:00+00:00,1.27728,1.28064,1.27446,1.27512,84605.0
2018-04-05 21:00:00+00:00,1.27496,1.27958,1.2733,1.27791,102112.0
2018-04-08 21:00:00+00:00,1.277,1.28197,1.26878,1.26978,80425.0
2018-04-09 21:00:00+00:00,1.27014,1.27098,1.25882,1.26,80435.0
2018-04-10 21:00:00+00:00,1.26026,1.26233,1.25444,1.25812,72369.0
2018-04-11 21:00:00+00:00,1.25744,1.26227,1.25622,1.2588,76287.0
2018-04-12 21:00:00+00:00,1.25928,1.26179,1.25518,1.26157,61823.0
2018-04-15 21:00:00+00:00,1.25966,1.26232,1.25632,1.2567,54830.0
2018-04-16 21:00:00+00:00,1.25694,1.25799,1.25279,1.25512,59650.0
2018-04-17 21:00:00+00:00,1.255,1.26601,1.2547,1.26274,86536.0
2018-04-18 21:00:00+00:00,1.26317,1.26766,1.25857,1.2672,80768.0
2018-04-19 21:00:00+00:00,1.26727,1.27696,1.26328,1.27648,85251.0
2018-04-22 21:00:00+00:00,1.27538,1.28578,1.2749,1.28483,68732.0
2018-04-23 21:00:00+00:00,1.28464,1.28618,1.28122,1.28337,73877.0
2018-04-24 21:00:00+00:00,1.28294,1.28974,1.28208,1.28462,74843.0
2018-04-25 21:00:00+00:00,1.28428,1.28853,1.28217,1.28719,88760.0
2018-04-26 21:00:00+00:00,1.28692,1.29008,1.28258,1.28318,64321.0
2018-04-29 21:00:00+00:00,1.28386,1.28746,1.28054,1.28442,71940.0
2018-04-30 21:00:00+00:00,1.28419,1.29144,1.28204,1.28509,83730.0
2018-05-01 21:00:00+00:00,1.2847,1.28884,1.28031,1.28842,104301.0
2018-05-02 21:00:00+00:00,1.28776,1.29092,1.28169,1.28477,99168.0
2018-05-03 21:00:00+00:00,1.28524,1.2918,1.28366,1.28443,79121.0
2018-05-06 21:00:00+00:00,1.28452,1.29002,1.28396,1.28806,61870.0
2018-05-07 21:00:00+00:00,1.2885,1.29974,1.2876,1.29501,103068.0
2018-05-08 21:00:00+00:00,1.29496,1.29747,1.28252,1.28532,83827.0
2018-05-09 21:00:00+00:00,1.28528,1.28655,1.27426,1.2767,111753.0
2018-05-10 21:00:00+00:00,1.27709,1.2801,1.2729,1.2798,79029.0
2018-05-13 21:00:00+00:00,1.27857,1.28134,1.27499,1.2812,61783.0
2018-05-14 21:00:00+00:00,1.28069,1.29247,1.2792,1.28774,97302.0
2018-05-15 21:00:00+00:00,1.2872,1.28765,1.27782,1.27918,100552.0
2018-05-16 21:00:00+00:00,1.2795,1.28228,1.275,1.28096,91236.0
2018-05-17 21:00:00+00:00,1.28035,1.29112,1.27916,1.2888,92545.0
2018-05-20 21:00:00+00:00,1.28718,1.2891,1.27826,1.2787,75715.0
2018-05-21 21:00:00+00:00,1.27909,1.28231,1.27425,1.2818,83284.0
2018-05-22 21:00:00+00:00,1.28212,1.2916,1.28127,1.28366,119136.0
2018-05-23 21:00:00+00:00,1.28328,1.2921,1.28294,1.28797,109538.0
2018-05-24 21:00:00+00:00,1.28787,1.29882,1.28766,1.29714,102189.0
2018-05-27 21:00:00+00:00,1.29694,1.30224,1.29606,1.29932,68745.0
2018-05-28 21:00:00+00:00,1.29948,1.30468,1.29678,1.30216,115867.0
2018-05-29 21:00:00+00:00,1.30162,1.30408,1.28359,1.28735,129328.0
2018-05-30 21:00:00+00:00,1.28788,1.2991,1.28188,1.29545,128896.0
2018-05-31 21:00:00+00:00,1.29584,1.30084,1.29315,1.29509,111340.0
2018-06-03 21:00:00+00:00,1.29531,1.29652,1.29005,1.29302,94711.0
2018-06-04 21:00:00+00:00,1.29332,1.30674,1.29142,1.29654,107641.0
2018-06-05 21:00:00+00:00,1.29709,1.29754,1.28576,1.29428,111417.0
2018-06-06 21:00:00+00:00,1.29457,1.30012,1.29356,1.29728,99904.0
2018-06-07 21:00:00+00:00,1.29758,1.30444,1.29211,1.29247,104900.0
2018-06-10 21:00:00+00:00,1.30032,1.3028,1.29558,1.29792,71066.0
2018-06-11 21:00:00+00:00,1.2982,1.303,1.29784,1.30138,101915.0
2018-06-12 21:00:00+00:00,1.30178,1.30518,1.29554,1.2984,114478.0
2018-06-13 21:00:00+00:00,1.29867,1.31099,1.29492,1.31034,108376.0
2018-06-14 21:00:00+00:00,1.30994,1.32104,1.30994,1.31782,95889.0
2018-06-17 21:00:00+00:00,1.31891,1.32376,1.31592,1.3202,71470.0
2018-06-18 21:00:00+00:00,1.32002,1.32922,1.31962,1.32866,114396.0
2018-06-19 21:00:00+00:00,1.32805,1.33216,1.3269,1.33129,94524.0
2018-06-20 21:00:00+00:00,1.3314,1.33361,1.32828,1.33184,113512.0
2018-06-21 21:00:00+00:00,1.33164,1.33849,1.32602,1.32674,108100.0
2018-06-24 21:00:00+00:00,1.32734,1.33252,1.32668,1.32962,96312.0
2018-06-25 21:00:00+00:00,1.3294,1.33297,1.32806,1.33067,100211.0
2018-06-26 21:00:00+00:00,1.33023,1.3387,1.32772,1.33402,123440.0
2018-06-27 21:00:00+00:00,1.33398,1.33518,1.32412,1.32524,108988.0
2018-06-28 21:00:00+00:00,1.32535,1.32692,1.31299,1.31323,129640.0
2018-07-01 21:00:00+00:00,1.31498,1.32258,1.31402,1.31896,86750.0
2018-07-02 21:00:00+00:00,1.31903,1.32087,1.3133,1.31408,80352.0
2018-07-03 21:00:00+00:00,1.31412,1.31622,1.31117,1.31443,81033.0
2018-07-04 21:00:00+00:00,1.3145,1.31603,1.31154,1.31324,75762.0
2018-07-05 21:00:00+00:00,1.31348,1.31512,1.30764,1.30912,81436.0
2018-07-08 21:00:00+00:00,1.30856,1.31233,1.3066,1.3108,65927.0
2018-07-09 21:00:00+00:00,1.31148,1.31467,1.31013,1.31126,63664.0
2018-07-10 21:00:00+00:00,1.31168,1.32154,1.3063,1.32114,118219.0
2018-07-11 21:00:00+00:00,1.32132,1.32204,1.315,1.31554,81401.0
2018-07-12 21:00:00+00:00,1.31578,1.32086,1.315,1.31552,72015.0
2018-07-15 21:00:00+00:00,1.31579,1.31665,1.31101,1.3134,67396.0
2018-07-16 21:00:00+00:00,1.31404,1.32197,1.31114,1.31906,77995.0
2018-07-17 21:00:00+00:00,1.31936,1.32596,1.31618,1.31682,79997.0
2018-07-18 21:00:00+00:00,1.31712,1.32898,1.31598,1.32698,103983.0
2018-07-19 21:00:00+00:00,1.32726,1.32895,1.31144,1.31423,118781.0
2018-07-22 21:00:00+00:00,1.31322,1.318,1.31142,1.31725,72347.0
2018-07-23 21:00:00+00:00,1.31697,1.31918,1.31363,1.31546,70551.0
2018-07-24 21:00:00+00:00,1.31562,1.31664,1.30244,1.3047,99240.0
2018-07-25 21:00:00+00:00,1.30453,1.30936,1.30254,1.30784,80402.0
2018-07-26 21:00:00+00:00,1.3073,1.308,1.30413,1.30561,71135.0
2018-07-29 21:00:00+00:00,1.30508,1.30792,1.29942,1.30358,51204.0
2018-07-30 21:00:00+00:00,1.30366,1.30969,1.29813,1.30075,91692.0
2018-07-31 21:00:00+00:00,1.30132,1.30333,1.29755,1.30038,75214.0
2018-08-01 21:00:00+00:00,1.30083,1.30399,1.29943,1.30216,62473.0
2018-08-02 21:00:00+00:00,1.30208,1.3039,1.29679,1.2994,75681.0
2018-08-05 21:00:00+00:00,1.29928,1.30403,1.2987,1.30029,44010.0
2018-08-06 21:00:00+00:00,1.30048,1.30752,1.29628,1.30533,58350.0
2018-08-07 21:00:00+00:00,1.30546,1.3121,1.30062,1.30204,71830.0
2018-08-08 21:00:00+00:00,1.3018,1.30648,1.30002,1.30508,57791.0
2018-08-09 21:00:00+00:00,1.30493,1.3154,1.30348,1.31416,122963.0
2018-08-12 21:00:00+00:00,1.317,1.31712,1.31043,1.3135,93090.0
2018-08-13 21:00:00+00:00,1.31294,1.3137,1.3056,1.30572,76870.0
2018-08-14 21:00:00+00:00,1.3064,1.31752,1.30501,1.31398,84913.0
2018-08-15 21:00:00+00:00,1.31428,1.31754,1.31138,1.31563,85796.0
2018-08-16 21:00:00+00:00,1.316,1.31694,1.3052,1.30636,80250.0
2018-08-19 21:00:00+00:00,1.30639,1.30932,1.30398,1.30464,60548.0
2018-08-20 21:00:00+00:00,1.30474,1.30573,1.30138,1.30372,72086.0
2018-08-21 21:00:00+00:00,1.30371,1.3047,1.29866,1.29957,78924.0
2018-08-22 21:00:00+00:00,1.29938,1.30993,1.29922,1.3081,69559.0
2018-08-23 21:00:00+00:00,1.30803,1.31037,1.30117,1.30295,79599.0
2018-08-26 21:00:00+00:00,1.30207,1.30678,1.2953,1.29674,77837.0
2018-08-27 21:00:00+00:00,1.29678,1.29832,1.28871,1.29296,71788.0
2018-08-28 21:00:00+00:00,1.29266,1.29633,1.29028,1.29087,78741.0
2018-08-29 21:00:00+00:00,1.29144,1.30006,1.29032,1.29807,83153.0
2018-08-30 21:00:00+00:00,1.29843,1.30892,1.29682,1.30429,102239.0
2018-09-02 21:00:00+00:00,1.30803,1.31034,1.30444,1.30939,48291.0
2018-09-03 21:00:00+00:00,1.30944,1.32078,1.30894,1.31886,75364.0
2018-09-04 21:00:00+00:00,1.31814,1.32068,1.31576,1.31782,91969.0
2018-09-05 21:00:00+00:00,1.31775,1.32269,1.31279,1.31444,89362.0
2018-09-06 21:00:00+00:00,1.31394,1.3191,1.31088,1.316,97269.0
2018-09-09 21:00:00+00:00,1.31637,1.31978,1.31519,1.3164,51853.0
2018-09-10 21:00:00+00:00,1.3158,1.31746,1.30416,1.30673,71502.0
2018-09-11 21:00:00+00:00,1.30652,1.30788,1.29802,1.3002,86333.0
2018-09-12 21:00:00+00:00,1.29947,1.30256,1.29759,1.29968,72082.0
2018-09-13 21:00:00+00:00,1.3,1.30548,1.29836,1.30326,69212.0
2018-09-16 21:00:00+00:00,1.30391,1.30491,1.30028,1.30414,48093.0
2018-09-17 21:00:00+00:00,1.3038,1.30651,1.29725,1.29768,82721.0
2018-09-18 21:00:00+00:00,1.29818,1.30173,1.28998,1.29179,75642.0
2018-09-19 21:00:00+00:00,1.2922,1.29355,1.28849,1.2906,86977.0
2018-09-20 21:00:00+00:00,1.29086,1.29436,1.28856,1.29184,76048.0
2018-09-23 21:00:00+00:00,1.29296,1.29566,1.29096,1.29547,53122.0
2018-09-24 21:00:00+00:00,1.29563,1.2973,1.29358,1.29534,51991.0
2018-09-25 21:00:00+00:00,1.29548,1.30252,1.29449,1.30188,71565.0
2018-09-26 21:00:00+00:00,1.3019,1.30822,1.30124,1.30421,69150.0
2018-09-27 21:00:00+00:00,1.3044,1.30501,1.29051,1.29112,61782.0
2018-09-30 21:00:00+00:00,1.285,1.28907,1.27822,1.28131,73223.0
2018-10-01 21:00:00+00:00,1.28096,1.28414,1.27994,1.2823,55768.0
2018-10-02 21:00:00+00:00,1.28278,1.28842,1.28074,1.28679,68809.0
2018-10-03 21:00:00+00:00,1.28663,1.29382,1.28576,1.2924,69944.0
2018-10-04 21:00:00+00:00,1.29214,1.29558,1.28854,1.29385,71485.0
2018-10-07 21:00:00+00:00,1.29492,1.30102,1.29355,1.29624,55308.0
2018-10-08 21:00:00+00:00,1.29635,1.30034,1.29353,1.29496,84082.0
2018-10-09 21:00:00+00:00,1.29468,1.30703,1.29272,1.30689,73798.0
2018-10-10 21:00:00+00:00,1.30628,1.30717,1.30154,1.30352,117282.0
2018-10-11 21:00:00+00:00,1.30314,1.3053,1.30024,1.30207,83321.0
2018-10-14 21:00:00+00:00,1.30221,1.30518,1.29557,1.29894,82956.0
2018-10-15 21:00:00+00:00,1.29935,1.29994,1.29162,1.29336,62275.0
2018-10-16 21:00:00+00:00,1.29359,1.30266,1.29327,1.3025,77553.0
2018-10-17 21:00:00+00:00,1.302,1.30892,1.30184,1.30859,79465.0
2018-10-18 21:00:00+00:00,1.30842,1.31328,1.30276,1.30997,86876.0
2018-10-21 21:00:00+00:00,1.30923,1.31262,1.30796,1.31006,77597.0
2018-10-22 21:00:00+00:00,1.31018,1.31228,1.30758,1.30855,82735.0
2018-10-23 21:00:00+00:00,1.30853,1.31012,1.2969,1.30569,109244.0
2018-10-24 21:00:00+00:00,1.30557,1.30989,1.30149,1.30725,96571.0
2018-10-25 21:00:00+00:00,1.30694,1.31604,1.30694,1.31069,115119.0
2018-10-28 21:00:00+00:00,1.30958,1.31497,1.30822,1.3135,86346.0
2018-10-29 21:00:00+00:00,1.31327,1.31472,1.3101,1.31112,84000.0
2018-10-30 21:00:00+00:00,1.31078,1.31706,1.31064,1.31578,80604.0
2018-10-31 21:00:00+00:00,1.31556,1.31694,1.30685,1.30865,89987.0
2018-11-01 21:00:00+00:00,1.30846,1.31197,1.3049,1.31075,101239.0
2018-11-04 22:00:00+00:00,1.30903,1.31156,1.30708,1.31112,81996.0
2018-11-05 22:00:00+00:00,1.31124,1.31442,1.31015,1.3124,65546.0
2018-11-06 22:00:00+00:00,1.3122,1.31592,1.30564,1.31129,112342.0
2018-11-07 22:00:00+00:00,1.31158,1.31832,1.30874,1.31557,108142.0
2018-11-08 22:00:00+00:00,1.31571,1.3234,1.31404,1.32079,101686.0
2018-11-11 22:00:00+00:00,1.3203,1.325,1.31826,1.3249,94657.0
2018-11-12 22:00:00+00:00,1.32452,1.32638,1.3215,1.3238,107401.0
2018-11-13 22:00:00+00:00,1.32342,1.32644,1.32074,1.3243,116567.0
2018-11-14 22:00:00+00:00,1.32411,1.32497,1.31558,1.31769,117615.0
2018-11-15 22:00:00+00:00,1.31823,1.3187,1.31269,1.31463,95993.0
2018-11-18 22:00:00+00:00,1.31527,1.32024,1.31412,1.31701,70783.0
2018-11-19 22:00:00+00:00,1.31696,1.33186,1.31559,1.3307,101906.0
2018-11-20 22:00:00+00:00,1.32987,1.3318,1.32279,1.32308,79412.0
2018-11-21 22:00:00+00:00,1.32336,1.32454,1.31818,1.31922,67744.0
2018-11-22 22:00:00+00:00,1.3195,1.32584,1.31849,1.32393,106430.0
2018-11-25 22:00:00+00:00,1.32226,1.32612,1.31866,1.32509,75207.0
2018-11-26 22:00:00+00:00,1.32558,1.33287,1.32351,1.32976,86093.0
2018-11-27 22:00:00+00:00,1.32948,1.33599,1.3242,1.3275,100350.0
2018-11-28 22:00:00+00:00,1.32731,1.33129,1.32533,1.32814,98786.0
2018-11-29 22:00:00+00:00,1.32857,1.33338,1.32725,1.32889,96588.0
2018-12-02 22:00:00+00:00,1.3235,1.32678,1.316,1.3197,102781.0
2018-12-03 22:00:00+00:00,1.32008,1.32674,1.31644,1.32642,114149.0
2018-12-04 22:00:00+00:00,1.32604,1.33992,1.32525,1.33544,85663.0
2018-12-05 22:00:00+00:00,1.33578,1.34452,1.33538,1.33804,126311.0
2018-12-06 22:00:00+00:00,1.338,1.34004,1.32538,1.33205,116440.0
2018-12-07 22:00:00+00:00,1.332,1.332,1.332,1.332,1.0
2018-12-09 22:00:00+00:00,1.33378,1.34168,1.32926,1.33972,98706.0
2018-12-10 22:00:00+00:00,1.3402,1.34246,1.33781,1.33892,88741.0
2018-12-11 22:00:00+00:00,1.33916,1.33992,1.33218,1.33502,88306.0
2018-12-12 22:00:00+00:00,1.33498,1.33846,1.33382,1.33566,81456.0
2018-12-13 22:00:00+00:00,1.33518,1.34018,1.33472,1.33828,79511.0
2018-12-16 22:00:00+00:00,1.33854,1.34209,1.33728,1.34082,89225.0
2018-12-17 22:00:00+00:00,1.34086,1.34972,1.33912,1.3467,99280.0
2018-12-18 22:00:00+00:00,1.34658,1.35081,1.34158,1.34806,118287.0
2018-12-19 22:00:00+00:00,1.34864,1.35302,1.34463,1.35066,122395.0
2018-12-20 22:00:00+00:00,1.3509,1.3604,1.34936,1.36035,126793.0
2018-12-23 22:00:00+00:00,1.3599,1.36176,1.35656,1.36022,100336.0
2018-12-25 22:00:00+00:00,1.36022,1.36191,1.35672,1.35746,71287.0
2018-12-26 22:00:00+00:00,1.35724,1.3661,1.35662,1.36192,124837.0
2018-12-27 22:00:00+00:00,1.36164,1.36616,1.3595,1.36366,104537.0
2018-12-28 22:00:00+00:00,1.36407,1.36407,1.36407,1.36407,1.0
2018-12-30 22:00:00+00:00,1.36398,1.36654,1.3609,1.36404,82001.0
2019-01-01 22:00:00+00:00,1.36404,1.3663,1.35692,1.35846,110521.0
2019-01-02 22:00:00+00:00,1.35864,1.36561,1.3469,1.3487,148444.0
2019-01-03 22:00:00+00:00,1.34894,1.34978,1.33726,1.33728,110645.0
2019-01-04 22:00:00+00:00,1.33723,1.33766,1.33723,1.33766,2.0
2019-01-06 22:00:00+00:00,1.33781,1.33906,1.32786,1.33,73293.0
2019-01-07 22:00:00+00:00,1.32978,1.33236,1.32674,1.32746,69507.0
2019-01-08 22:00:00+00:00,1.32772,1.32798,1.31794,1.3209,113213.0
2019-01-09 22:00:00+00:00,1.32112,1.32595,1.32016,1.32346,71398.0
2019-01-10 22:00:00+00:00,1.32332,1.32794,1.31832,1.32652,73629.0
2019-01-13 22:00:00+00:00,1.32635,1.32983,1.3253,1.32824,62453.0
2019-01-14 22:00:00+00:00,1.32848,1.32946,1.3226,1.32666,81990.0
2019-01-15 22:00:00+00:00,1.32706,1.32846,1.3235,1.32556,69465.0
2019-01-16 22:00:00+00:00,1.32574,1.33193,1.32484,1.32778,82991.0
2019-01-17 22:00:00+00:00,1.32798,1.32841,1.32312,1.32658,71408.0
2019-01-20 22:00:00+00:00,1.32688,1.3318,1.32514,1.32972,73550.0
2019-01-21 22:00:00+00:00,1.3295,1.3358,1.3293,1.33556,62307.0
2019-01-22 22:00:00+00:00,1.33534,1.33715,1.33049,1.33444,63295.0
2019-01-23 22:00:00+00:00,1.3346,1.33748,1.333,1.33554,75504.0
2019-01-24 22:00:00+00:00,1.33462,1.33622,1.32143,1.32159,69043.0
2019-01-25 22:00:00+00:00,1.322,1.322,1.322,1.322,1.0
2019-01-27 22:00:00+00:00,1.32188,1.32861,1.32029,1.32608,52897.0
2019-01-28 22:00:00+00:00,1.32622,1.32854,1.32414,1.32706,69658.0
2019-01-29 22:00:00+00:00,1.32742,1.32811,1.31188,1.31498,55384.0
2019-01-30 22:00:00+00:00,1.31508,1.31652,1.31204,1.31256,23603.0
2019-01-31 22:00:00+00:00,1.31242,1.31574,1.30688,1.31007,22477.0
2019-02-03 22:00:00+00:00,1.30975,1.31476,1.30858,1.31108,15001.0
2019-02-04 22:00:00+00:00,1.31132,1.31534,1.31023,1.3126,14279.0
2019-02-05 22:00:00+00:00,1.31286,1.32154,1.31249,1.32124,17828.0
2019-02-06 22:00:00+00:00,1.3213,1.33173,1.32066,1.33084,17828.0
2019-02-07 22:00:00+00:00,1.33024,1.33293,1.32325,1.32768,20922.0
2019-02-10 22:00:00+00:00,1.32702,1.33192,1.32618,1.33012,15778.0
2019-02-11 22:00:00+00:00,1.32972,1.33145,1.32333,1.32358,17117.0
2019-02-12 22:00:00+00:00,1.32394,1.32594,1.31964,1.32558,15991.0
2019-02-13 22:00:00+00:00,1.32542,1.33402,1.32291,1.32956,21744.0
2019-02-14 22:00:00+00:00,1.32932,1.33132,1.32452,1.32464,17271.0
2019-02-17 22:00:00+00:00,1.32547,1.32557,1.32255,1.32406,9424.0
2019-02-18 22:00:00+00:00,1.32402,1.32815,1.32056,1.32122,17235.0
2019-02-19 22:00:00+00:00,1.32138,1.32166,1.31503,1.31768,19208.0
2019-02-20 22:00:00+00:00,1.3176,1.32344,1.31629,1.32334,25590.0
2019-02-21 22:00:00+00:00,1.32296,1.32423,1.31338,1.31374,20038.0
2019-02-24 22:00:00+00:00,1.31348,1.31973,1.3113,1.31874,18926.0
2019-02-25 22:00:00+00:00,1.31908,1.32358,1.31554,1.31694,17698.0
2019-02-26 22:00:00+00:00,1.31676,1.31765,1.31182,1.3156,47824.0
2019-02-27 22:00:00+00:00,1.31554,1.32074,1.31402,1.31746,22067.0
2019-02-28 22:00:00+00:00,1.31696,1.33068,1.31302,1.32979,24669.0
2019-03-03 22:00:00+00:00,1.32776,1.33378,1.32753,1.33034,18406.0
2019-03-04 22:00:00+00:00,1.33042,1.33604,1.33036,1.33518,18421.0
2019-03-05 22:00:00+00:00,1.33524,1.34575,1.33496,1.34414,24336.0
2019-03-06 22:00:00+00:00,1.34421,1.34676,1.34138,1.3456,24719.0
2019-03-07 22:00:00+00:00,1.34496,1.34666,1.33904,1.34168,24325.0
2019-03-10 21:00:00+00:00,1.34166,1.34398,1.33926,1.33938,15878.0
2019-03-11 21:00:00+00:00,1.33944,1.34173,1.33526,1.33538,17122.0
2019-03-12 21:00:00+00:00,1.3356,1.33712,1.32909,1.33002,17265.0
2019-03-13 21:00:00+00:00,1.33018,1.33474,1.32873,1.33346,16760.0
2019-03-14 21:00:00+00:00,1.3334,1.33713,1.32895,1.3337,17372.0
2019-03-17 21:00:00+00:00,1.33335,1.33656,1.33018,1.33358,14707.0
2019-03-18 21:00:00+00:00,1.33362,1.33446,1.32506,1.33248,19212.0
2019-03-19 21:00:00+00:00,1.33224,1.33476,1.32577,1.33054,21213.0
2019-03-20 21:00:00+00:00,1.3305,1.34,1.32756,1.3367,24683.0
2019-03-21 21:00:00+00:00,1.33616,1.34298,1.33522,1.34291,32746.0
2019-03-22 21:00:00+00:00,1.34297,1.34309,1.34297,1.34309,3.0
2019-03-24 21:00:00+00:00,1.34269,1.34446,1.33996,1.34022,22320.0
2019-03-25 21:00:00+00:00,1.34026,1.34162,1.33723,1.33808,19111.0
2019-03-26 21:00:00+00:00,1.33824,1.344,1.33773,1.34124,24341.0
2019-03-27 21:00:00+00:00,1.34118,1.3451,1.33964,1.34408,24995.0
2019-03-28 21:00:00+00:00,1.34398,1.34426,1.33417,1.33504,21929.0
2019-03-31 21:00:00+00:00,1.33498,1.33706,1.32982,1.3308,20723.0
2019-04-01 21:00:00+00:00,1.33074,1.3374,1.33046,1.3337,17516.0
2019-04-02 21:00:00+00:00,1.3338,1.33534,1.32966,1.33454,17598.0
2019-04-03 21:00:00+00:00,1.3345,1.33728,1.3338,1.33594,14411.0
2019-04-04 21:00:00+00:00,1.33608,1.3403,1.3349,1.33842,16580.0
2019-04-05 21:00:00+00:00,1.33847,1.33847,1.33847,1.33847,1.0
2019-04-07 21:00:00+00:00,1.33863,1.33876,1.3305,1.33142,13031.0
2019-04-08 21:00:00+00:00,1.3313,1.33318,1.3284,1.33306,13323.0
2019-04-09 21:00:00+00:00,1.33264,1.336,1.33064,1.33192,14466.0
2019-04-10 21:00:00+00:00,1.33168,1.33959,1.33134,1.3384,14017.0
2019-04-11 21:00:00+00:00,1.33864,1.33864,1.33132,1.33257,15608.0
2019-04-14 21:00:00+00:00,1.33365,1.33906,1.32974,1.33678,15528.0
2019-04-15 21:00:00+00:00,1.33686,1.34028,1.33464,1.33498,16031.0
2019-04-16 21:00:00+00:00,1.33504,1.33727,1.32747,1.33402,19914.0
2019-04-17 21:00:00+00:00,1.3342,1.33998,1.33364,1.33802,19157.0
2019-04-18 21:00:00+00:00,1.33776,1.33938,1.3366,1.33917,6189.0
2019-04-21 21:00:00+00:00,1.33879,1.33918,1.33356,1.3347,10894.0
2019-04-22 21:00:00+00:00,1.33478,1.3443,1.33438,1.3423,15383.0
2019-04-23 21:00:00+00:00,1.34224,1.35216,1.34214,1.34964,27453.0
2019-04-24 21:00:00+00:00,1.34908,1.35167,1.3483,1.34854,16566.0
2019-04-25 21:00:00+00:00,1.34876,1.3498,1.3452,1.34562,21720.0
2019-04-28 21:00:00+00:00,1.34604,1.34797,1.34404,1.34572,12094.0
2019-04-29 21:00:00+00:00,1.34576,1.34806,1.33814,1.33904,21402.0
2019-04-30 21:00:00+00:00,1.33898,1.34614,1.33772,1.34376,20582.0
2019-05-01 21:00:00+00:00,1.3438,1.34766,1.3431,1.34742,17496.0
2019-05-02 21:00:00+00:00,1.34688,1.34917,1.34066,1.34217,17382.0
2019-05-05 21:00:00+00:00,1.34619,1.3494,1.34326,1.3448,19933.0
2019-05-06 21:00:00+00:00,1.34488,1.34888,1.34102,1.34732,19627.0
2019-05-07 21:00:00+00:00,1.3471,1.34866,1.3445,1.34782,21319.0
2019-05-08 21:00:00+00:00,1.34766,1.35054,1.34591,1.34764,23760.0
2019-05-09 21:00:00+00:00,1.34716,1.34838,1.33805,1.34164,31129.0
2019-05-12 21:00:00+00:00,1.34265,1.34848,1.34166,1.34832,20543.0
2019-05-13 21:00:00+00:00,1.34786,1.34878,1.34562,1.34642,16762.0
2019-05-14 21:00:00+00:00,1.34638,1.34936,1.34274,1.34372,19990.0
2019-05-15 21:00:00+00:00,1.34382,1.34698,1.34008,1.34606,15122.0
2019-05-16 21:00:00+00:00,1.3464,1.35136,1.3435,1.34632,22283.0
2019-05-17 21:00:00+00:00,1.34622,1.34628,1.34614,1.34628,3.0
2019-05-19 21:00:00+00:00,1.3445,1.3457,1.34164,1.34292,15404.0
2019-05-20 21:00:00+00:00,1.34302,1.3434,1.3396,1.34048,17448.0
2019-05-21 21:00:00+00:00,1.34042,1.3438,1.33576,1.34374,18552.0
2019-05-22 21:00:00+00:00,1.34364,1.35026,1.34322,1.34734,21688.0
2019-05-23 21:00:00+00:00,1.3473,1.34826,1.34306,1.34386,17222.0
2019-05-26 21:00:00+00:00,1.34408,1.34528,1.34296,1.34444,9047.0
2019-05-27 21:00:00+00:00,1.34462,1.34992,1.34336,1.34948,17521.0
2019-05-28 21:00:00+00:00,1.34902,1.35466,1.34819,1.35192,24741.0
2019-05-29 21:00:00+00:00,1.35166,1.35208,1.34857,1.35004,16384.0
2019-05-30 21:00:00+00:00,1.35024,1.3565,1.34936,1.35171,29948.0
2019-05-31 21:00:00+00:00,1.35167,1.35167,1.35167,1.35167,1.0
2019-06-02 21:00:00+00:00,1.35199,1.3527,1.34352,1.34396,25093.0
2019-06-03 21:00:00+00:00,1.3442,1.34514,1.33818,1.3394,22914.0
2019-06-04 21:00:00+00:00,1.33944,1.34284,1.3363,1.3418,22227.0
2019-06-05 21:00:00+00:00,1.34166,1.34306,1.33603,1.33638,20829.0
2019-06-06 21:00:00+00:00,1.33656,1.33674,1.32624,1.32683,22591.0
2019-06-07 21:00:00+00:00,1.32678,1.32678,1.32673,1.32673,2.0
2019-06-09 21:00:00+00:00,1.32431,1.3281,1.3243,1.32682,13996.0
2019-06-10 21:00:00+00:00,1.32686,1.33091,1.32506,1.3284,15200.0
2019-06-11 21:00:00+00:00,1.32834,1.33448,1.32735,1.33436,15826.0
2019-06-12 21:00:00+00:00,1.33424,1.33432,1.33005,1.33264,15147.0
2019-06-13 21:00:00+00:00,1.33268,1.34228,1.33238,1.34131,17616.0
2019-06-14 21:00:00+00:00,1.34135,1.34135,1.34131,1.34131,2.0
2019-06-16 21:00:00+00:00,1.34104,1.342,1.33933,1.34134,11329.0
2019-06-17 21:00:00+00:00,1.3412,1.34324,1.33752,1.3377,17923.0
2019-06-18 21:00:00+00:00,1.33812,1.33834,1.32796,1.32808,24803.0
2019-06-19 21:00:00+00:00,1.32814,1.32858,1.31513,1.31928,24221.0
2019-06-20 21:00:00+00:00,1.31908,1.32295,1.31626,1.32221,19830.0
2019-06-21 21:00:00+00:00,1.32263,1.32263,1.32263,1.32263,1.0
2019-06-23 21:00:00+00:00,1.3216,1.32166,1.31779,1.3181,14049.0
2019-06-24 21:00:00+00:00,1.31818,1.32084,1.31527,1.31676,20704.0
2019-06-25 21:00:00+00:00,1.31686,1.31958,1.31072,1.31268,16920.0
2019-06-26 21:00:00+00:00,1.31264,1.3138,1.30918,1.30954,13590.0
2019-06-27 21:00:00+00:00,1.3098,1.31026,1.30599,1.30941,17635.0
2019-06-28 21:00:00+00:00,1.30937,1.30937,1.30937,1.30937,1.0
2019-06-30 21:00:00+00:00,1.30794,1.31453,1.3076,1.3134,14235.0
2019-07-01 21:00:00+00:00,1.3135,1.31386,1.30968,1.31052,14384.0
2019-07-02 21:00:00+00:00,1.31094,1.31194,1.30584,1.30588,12998.0
2019-07-03 21:00:00+00:00,1.306,1.30796,1.30376,1.30524,9152.0
2019-07-04 21:00:00+00:00,1.3054,1.31366,1.30456,1.308,15960.0
2019-07-05 21:00:00+00:00,1.30804,1.30841,1.30804,1.30841,3.0
2019-07-07 21:00:00+00:00,1.30747,1.31031,1.30494,1.30964,10342.0
2019-07-08 21:00:00+00:00,1.30926,1.31415,1.30904,1.31292,12015.0
2019-07-09 21:00:00+00:00,1.31284,1.31442,1.30624,1.30812,22028.0
2019-07-10 21:00:00+00:00,1.3083,1.30915,1.30422,1.30692,16498.0
2019-07-11 21:00:00+00:00,1.3075,1.3075,1.30182,1.30284,13407.0
2019-07-14 21:00:00+00:00,1.30342,1.30536,1.30214,1.30488,10325.0
2019-07-15 21:00:00+00:00,1.30484,1.30916,1.30229,1.30878,14216.0
2019-07-16 21:00:00+00:00,1.30836,1.30938,1.30356,1.30542,12562.0
2019-07-17 21:00:00+00:00,1.30528,1.30957,1.30258,1.3027,15450.0
2019-07-18 21:00:00+00:00,1.30292,1.31098,1.30161,1.30595,18700.0
2019-07-19 21:00:00+00:00,1.306,1.306,1.306,1.306,1.0
2019-07-21 21:00:00+00:00,1.30611,1.312,1.30408,1.31196,11560.0
2019-07-22 21:00:00+00:00,1.31186,1.31643,1.31164,1.31336,12362.0
2019-07-23 21:00:00+00:00,1.31328,1.3151,1.31191,1.31406,12058.0
2019-07-24 21:00:00+00:00,1.3141,1.31675,1.31155,1.31648,17603.0
2019-07-25 21:00:00+00:00,1.3163,1.31989,1.31572,1.31671,11223.0
2019-07-26 21:00:00+00:00,1.31676,1.31681,1.31676,1.31681,2.0
2019-07-28 21:00:00+00:00,1.31686,1.31827,1.31494,1.31632,8642.0
2019-07-29 21:00:00+00:00,1.31628,1.31922,1.31442,1.3153,10791.0
2019-07-30 21:00:00+00:00,1.3151,1.32148,1.31056,1.31906,30576.0
2019-07-31 21:00:00+00:00,1.31898,1.32476,1.3183,1.3211,29219.0
2019-08-01 21:00:00+00:00,1.32124,1.3266,1.31998,1.3206,27890.0
2019-08-02 21:00:00+00:00,1.32066,1.32066,1.32066,1.32066,1.0
2019-08-04 21:00:00+00:00,1.32149,1.32474,1.31778,1.32128,24717.0
2019-08-05 21:00:00+00:00,1.32026,1.32914,1.31874,1.32752,26274.0
2019-08-06 21:00:00+00:00,1.32766,1.3345,1.3268,1.33034,34276.0
2019-08-07 21:00:00+00:00,1.33042,1.33142,1.32216,1.3228,23204.0
2019-08-08 21:00:00+00:00,1.32286,1.32749,1.31964,1.32206,23689.0
2019-08-09 21:00:00+00:00,1.3221,1.3221,1.32193,1.32193,2.0
2019-08-11 21:00:00+00:00,1.32039,1.32504,1.32032,1.32408,18083.0
2019-08-12 21:00:00+00:00,1.32368,1.32933,1.3185,1.32234,29533.0
2019-08-13 21:00:00+00:00,1.32264,1.33258,1.32108,1.33192,29942.0
2019-08-14 21:00:00+00:00,1.33174,1.33391,1.32855,1.33132,32832.0
2019-08-15 21:00:00+00:00,1.33154,1.3325,1.32616,1.32673,17987.0
2019-08-16 21:00:00+00:00,1.32667,1.3269,1.32651,1.32651,6.0
2019-08-18 21:00:00+00:00,1.32736,1.33372,1.32516,1.33232,13897.0
2019-08-19 21:00:00+00:00,1.33242,1.33458,1.33088,1.33192,16207.0
2019-08-20 21:00:00+00:00,1.33184,1.3327,1.32546,1.32916,17042.0
2019-08-21 21:00:00+00:00,1.32886,1.33154,1.32753,1.33028,17553.0
2019-08-22 21:00:00+00:00,1.33034,1.3339,1.3277,1.32842,30571.0
2019-08-23 21:00:00+00:00,1.32847,1.32847,1.32847,1.32847,1.0
2019-08-25 21:00:00+00:00,1.32948,1.33196,1.3247,1.32546,31357.0
2019-08-26 21:00:00+00:00,1.32534,1.3301,1.32252,1.3284,19242.0
2019-08-27 21:00:00+00:00,1.32834,1.33185,1.32804,1.3307,17128.0
2019-08-28 21:00:00+00:00,1.33092,1.33194,1.32728,1.32898,17145.0
2019-08-29 21:00:00+00:00,1.32914,1.33333,1.3248,1.33122,21089.0
2019-09-01 21:00:00+00:00,1.33204,1.3361,1.33124,1.33248,8568.0
2019-09-02 21:00:00+00:00,1.3327,1.33827,1.33228,1.33376,17919.0
2019-09-03 21:00:00+00:00,1.33364,1.33446,1.3219,1.32236,18704.0
2019-09-04 21:00:00+00:00,1.3223,1.32464,1.31915,1.32278,15870.0
2019-09-05 21:00:00+00:00,1.32314,1.32446,1.31582,1.31709,18393.0
2019-09-06 21:00:00+00:00,1.31728,1.31737,1.31728,1.31737,3.0
2019-09-08 21:00:00+00:00,1.31738,1.31796,1.31395,1.31686,11235.0
2019-09-09 21:00:00+00:00,1.31672,1.31917,1.3134,1.3151,12297.0
2019-09-10 21:00:00+00:00,1.31488,1.32148,1.31396,1.31936,11759.0
2019-09-11 21:00:00+00:00,1.31944,1.32209,1.31769,1.32098,18415.0
2019-09-12 21:00:00+00:00,1.32082,1.32877,1.3207,1.32864,13239.0
2019-09-13 21:00:00+00:00,1.32872,1.32877,1.32872,1.32877,2.0
2019-09-15 21:00:00+00:00,1.32216,1.32712,1.32102,1.3241,21377.0
2019-09-16 21:00:00+00:00,1.32414,1.32996,1.32334,1.3244,17969.0
2019-09-17 21:00:00+00:00,1.32496,1.33103,1.32399,1.32898,17631.0
2019-09-18 21:00:00+00:00,1.32876,1.33073,1.32421,1.32646,13075.0
2019-09-19 21:00:00+00:00,1.3265,1.33008,1.32546,1.32637,13683.0
2019-09-20 21:00:00+00:00,1.32632,1.32632,1.32601,1.32601,3.0
2019-09-22 21:00:00+00:00,1.3261,1.33049,1.32546,1.3262,11253.0
2019-09-23 21:00:00+00:00,1.32596,1.32747,1.32323,1.32426,12298.0
2019-09-24 21:00:00+00:00,1.3243,1.32885,1.3238,1.3269,13010.0
2019-09-25 21:00:00+00:00,1.3265,1.32764,1.32318,1.3266,12461.0
2019-09-26 21:00:00+00:00,1.3267,1.32784,1.32142,1.32441,14886.0
2019-09-27 21:00:00+00:00,1.3241,1.3241,1.3241,1.3241,1.0
2019-09-29 21:00:00+00:00,1.32414,1.326,1.32244,1.32406,12394.0
2019-09-30 21:00:00+00:00,1.32436,1.32905,1.321,1.32242,17369.0
2019-10-01 21:00:00+00:00,1.3228,1.33276,1.32061,1.33258,14054.0
2019-10-02 21:00:00+00:00,1.33252,1.3348,1.33095,1.33376,17890.0
2019-10-03 21:00:00+00:00,1.33388,1.334,1.32994,1.33122,16069.0
2019-10-04 21:00:00+00:00,1.33112,1.33112,1.33112,1.33112,1.0
2019-10-06 21:00:00+00:00,1.33266,1.33308,1.32904,1.33092,12552.0
2019-10-07 21:00:00+00:00,1.33108,1.33368,1.32879,1.33258,15602.0
2019-10-08 21:00:00+00:00,1.33266,1.33388,1.32952,1.33354,12432.0
2019-10-09 21:00:00+00:00,1.33306,1.33458,1.32688,1.32912,18042.0
2019-10-10 21:00:00+00:00,1.32924,1.33002,1.31712,1.32024,23151.0
2019-10-11 21:00:00+00:00,1.32017,1.32028,1.32017,1.32028,2.0
2019-10-13 21:00:00+00:00,1.3203,1.32394,1.31919,1.32344,10095.0
2019-10-14 21:00:00+00:00,1.32298,1.32397,1.31958,1.31988,13760.0
2019-10-15 21:00:00+00:00,1.31982,1.32355,1.31846,1.32004,14635.0
2019-10-16 21:00:00+00:00,1.32026,1.32119,1.31311,1.3137,13882.0
2019-10-17 21:00:00+00:00,1.31376,1.31457,1.31198,1.31277,8559.0
2019-10-18 21:00:00+00:00,1.31272,1.31278,1.31272,1.31278,2.0
2019-10-20 21:00:00+00:00,1.31278,1.31372,1.30824,1.30884,8220.0
2019-10-21 21:00:00+00:00,1.30868,1.3123,1.30712,1.30926,13147.0
2019-10-22 21:00:00+00:00,1.30958,1.31094,1.30686,1.30712,9130.0
2019-10-23 21:00:00+00:00,1.30726,1.3093,1.30532,1.3071,11035.0
2019-10-24 21:00:00+00:00,1.30714,1.30768,1.30562,1.30592,7708.0
2019-10-27 21:00:00+00:00,1.30627,1.30785,1.30496,1.30558,7863.0
2019-10-28 21:00:00+00:00,1.30544,1.31004,1.30423,1.3087,9766.0
2019-10-29 21:00:00+00:00,1.3089,1.32084,1.30748,1.3161,19663.0
2019-10-30 21:00:00+00:00,1.31606,1.31782,1.31354,1.31634,15059.0
2019-10-31 21:00:00+00:00,1.31656,1.3196,1.31396,1.31419,14023.0
2019-11-03 22:00:00+00:00,1.31373,1.31606,1.31305,1.31512,9165.0
2019-11-04 22:00:00+00:00,1.31504,1.31785,1.31156,1.3156,13015.0
2019-11-05 22:00:00+00:00,1.31552,1.31929,1.3144,1.31818,10308.0
2019-11-06 22:00:00+00:00,1.31832,1.31972,1.31601,1.31738,12710.0
2019-11-07 22:00:00+00:00,1.31734,1.32369,1.31724,1.32274,10857.0
2019-11-10 22:00:00+00:00,1.32222,1.3235,1.32126,1.32326,6704.0
2019-11-11 22:00:00+00:00,1.3232,1.32576,1.32166,1.32342,10711.0
2019-11-12 22:00:00+00:00,1.32336,1.32682,1.32318,1.32518,10495.0
2019-11-13 22:00:00+00:00,1.3254,1.32706,1.32441,1.32484,10438.0
2019-11-14 22:00:00+00:00,1.32488,1.32519,1.32167,1.32224,9046.0
2019-11-17 22:00:00+00:00,1.3225,1.32355,1.32003,1.3205,8211.0
2019-11-18 22:00:00+00:00,1.32066,1.32726,1.31906,1.32672,12304.0
2019-11-19 22:00:00+00:00,1.32676,1.33279,1.32624,1.3304,12001.0
2019-11-20 22:00:00+00:00,1.33032,1.3325,1.32699,1.32838,14402.0
2019-11-21 22:00:00+00:00,1.32834,1.33019,1.32544,1.33012,11612.0
2019-11-24 22:00:00+00:00,1.32992,1.3319,1.32852,1.32992,9361.0
2019-11-25 22:00:00+00:00,1.33026,1.33162,1.32696,1.32718,10822.0
2019-11-26 22:00:00+00:00,1.32712,1.32898,1.32603,1.32818,9515.0
2019-11-27 22:00:00+00:00,1.32824,1.32996,1.32772,1.3281,5298.0
2019-11-28 22:00:00+00:00,1.32806,1.33138,1.32725,1.32782,10286.0
2019-12-01 22:00:00+00:00,1.32742,1.33092,1.32738,1.33088,10111.0
2019-12-02 22:00:00+00:00,1.33018,1.33208,1.32833,1.32944,10005.0
2019-12-03 22:00:00+00:00,1.32948,1.32978,1.31925,1.32012,13181.0
2019-12-04 22:00:00+00:00,1.32016,1.32034,1.31588,1.31752,10214.0
2019-12-05 22:00:00+00:00,1.31786,1.32701,1.31717,1.32545,10403.0
2019-12-08 22:00:00+00:00,1.32545,1.3265,1.32228,1.3238,7067.0
2019-12-09 22:00:00+00:00,1.32358,1.32498,1.32248,1.323,8918.0
2019-12-10 22:00:00+00:00,1.32312,1.32398,1.31624,1.31724,9574.0
2019-12-11 22:00:00+00:00,1.31732,1.31942,1.31626,1.31827,12993.0
2019-12-12 22:00:00+00:00,1.31847,1.3205,1.31511,1.31669,18766.0
2019-12-15 22:00:00+00:00,1.31764,1.31863,1.31152,1.31592,11844.0
2019-12-16 22:00:00+00:00,1.31576,1.31851,1.31457,1.31604,10996.0
2019-12-17 22:00:00+00:00,1.316,1.3176,1.31027,1.31148,10068.0
2019-12-18 22:00:00+00:00,1.31144,1.31382,1.3108,1.31246,8506.0
2019-12-19 22:00:00+00:00,1.31242,1.31814,1.31228,1.31511,10383.0
2019-12-22 22:00:00+00:00,1.31487,1.31768,1.31405,1.31484,8368.0
2019-12-23 22:00:00+00:00,1.31478,1.31686,1.31406,1.3166,5915.0
2019-12-25 22:00:00+00:00,1.31646,1.31648,1.3104,1.31132,4335.0
2019-12-26 22:00:00+00:00,1.31148,1.31208,1.30645,1.30823,10136.0
2019-12-29 22:00:00+00:00,1.30756,1.30848,1.30507,1.30694,11569.0
2019-12-30 22:00:00+00:00,1.30662,1.30696,1.29517,1.29904,13346.0
2020-01-02 22:00:00+00:00,1.29854,1.3008,1.29612,1.30024,16769.0
2020-01-05 22:00:00+00:00,1.2988,1.29904,1.29604,1.2965,11094.0
2020-01-06 22:00:00+00:00,1.29664,1.30296,1.29572,1.3004,12736.0
2020-01-07 22:00:00+00:00,1.30036,1.30436,1.29764,1.30384,18329.0
2020-01-08 22:00:00+00:00,1.3038,1.31048,1.30263,1.30552,13297.0
2020-01-09 22:00:00+00:00,1.30568,1.30757,1.30293,1.30519,14166.0
2020-01-12 22:00:00+00:00,1.30618,1.30678,1.30316,1.3056,10709.0
2020-01-13 22:00:00+00:00,1.30566,1.30794,1.3047,1.30622,11291.0
2020-01-14 22:00:00+00:00,1.3063,1.30782,1.30352,1.30422,10819.0
2020-01-15 22:00:00+00:00,1.30428,1.30562,1.30326,1.30418,9230.0
2020-01-16 22:00:00+00:00,1.30408,1.30752,1.30338,1.30666,10161.0
2020-01-19 22:00:00+00:00,1.30606,1.30724,1.30442,1.30478,5384.0
2020-01-20 22:00:00+00:00,1.30484,1.308,1.30449,1.3071,10047.0
2020-01-21 22:00:00+00:00,1.30718,1.31528,1.30364,1.31352,18582.0
2020-01-22 22:00:00+00:00,1.31358,1.31716,1.31242,1.31274,13546.0
2020-01-23 22:00:00+00:00,1.31284,1.3153,1.31184,1.31458,12244.0
2020-01-26 22:00:00+00:00,1.3154,1.31998,1.31482,1.3194,14754.0
2020-01-27 22:00:00+00:00,1.31936,1.32058,1.31548,1.3156,11328.0
2020-01-28 22:00:00+00:00,1.31566,1.32098,1.31558,1.31982,10418.0
2020-01-29 22:00:00+00:00,1.31986,1.32268,1.31906,1.32086,13817.0
2020-01-30 22:00:00+00:00,1.32064,1.32534,1.31954,1.32366,17609.0
2020-02-02 22:00:00+00:00,1.32398,1.33038,1.32318,1.32862,15034.0
2020-02-03 22:00:00+00:00,1.32884,1.33019,1.3264,1.32772,12943.0
2020-02-04 22:00:00+00:00,1.32766,1.3303,1.3263,1.32816,15860.0
2020-02-05 22:00:00+00:00,1.32828,1.33092,1.32704,1.32844,11856.0
2020-02-06 22:00:00+00:00,1.32854,1.3321,1.32782,1.3306,14594.0
2020-02-09 22:00:00+00:00,1.33056,1.33294,1.32884,1.33176,12393.0
2020-02-10 22:00:00+00:00,1.33168,1.33202,1.32766,1.3287,10720.0
2020-02-11 22:00:00+00:00,1.32874,1.32959,1.3236,1.325,10658.0
2020-02-12 22:00:00+00:00,1.3252,1.32712,1.32404,1.32678,13555.0
2020-02-13 22:00:00+00:00,1.32672,1.32692,1.32359,1.32518,9234.0
2020-02-16 22:00:00+00:00,1.32529,1.32541,1.32254,1.32352,4875.0
2020-02-17 22:00:00+00:00,1.32358,1.32785,1.32322,1.32598,11021.0
2020-02-18 22:00:00+00:00,1.32592,1.32628,1.32154,1.32202,11794.0
2020-02-19 22:00:00+00:00,1.32198,1.3269,1.3212,1.32594,14177.0
2020-02-20 22:00:00+00:00,1.32588,1.32686,1.32024,1.3225,15689.0
2020-02-23 22:00:00+00:00,1.32526,1.33078,1.32452,1.32924,18102.0
2020-02-24 22:00:00+00:00,1.3292,1.33058,1.32676,1.32796,19282.0
2020-02-25 22:00:00+00:00,1.32784,1.33352,1.32717,1.33334,22084.0
2020-02-26 22:00:00+00:00,1.3333,1.33946,1.33167,1.33918,27582.0
2020-02-27 22:00:00+00:00,1.33908,1.34647,1.33781,1.33968,43444.0
2020-03-01 22:00:00+00:00,1.34386,1.3441,1.33152,1.33244,42078.0
2020-03-02 22:00:00+00:00,1.33234,1.3391,1.33192,1.3386,42800.0
2020-03-03 22:00:00+00:00,1.33834,1.34316,1.33304,1.33854,30067.0
2020-03-04 22:00:00+00:00,1.33858,1.34386,1.33831,1.3411,22540.0
2020-03-05 22:00:00+00:00,1.341,1.34396,1.33796,1.34236,36029.0
2020-03-08 21:00:00+00:00,1.35495,1.37609,1.3518,1.37028,85243.0
2020-03-09 21:00:00+00:00,1.37028,1.37962,1.36095,1.37264,60888.0
2020-03-10 21:00:00+00:00,1.37264,1.37952,1.36818,1.37788,47244.0
2020-03-11 21:00:00+00:00,1.37788,1.39615,1.37082,1.3925,75425.0
2020-03-12 21:00:00+00:00,1.3925,1.39955,1.37824,1.3805,85707.0
2020-03-15 21:00:00+00:00,1.38916,1.40184,1.37323,1.40156,107831.0
2020-03-16 21:00:00+00:00,1.40156,1.4277,1.3961,1.42016,84502.0
2020-03-17 21:00:00+00:00,1.42016,1.46526,1.41672,1.4508,105846.0
2020-03-18 21:00:00+00:00,1.45096,1.46685,1.4421,1.45138,103308.0
2020-03-19 21:00:00+00:00,1.45132,1.45368,1.41494,1.43481,92448.0
2020-03-22 21:00:00+00:00,1.43621,1.45602,1.43366,1.44928,121279.0
2020-03-23 21:00:00+00:00,1.44928,1.45319,1.4375,1.44632,73905.0
2020-03-24 21:00:00+00:00,1.44632,1.44834,1.41782,1.41914,84053.0
2020-03-25 21:00:00+00:00,1.41914,1.42763,1.40104,1.40196,75126.0
2020-03-26 21:00:00+00:00,1.40196,1.41552,1.39216,1.39885,82409.0
2020-03-29 21:00:00+00:00,1.40174,1.4184,1.4012,1.41638,67237.0
2020-03-30 21:00:00+00:00,1.41638,1.43494,1.4012,1.4061,91202.0
2020-03-31 21:00:00+00:00,1.4061,1.42722,1.40608,1.41908,74905.0
2020-04-01 21:00:00+00:00,1.41908,1.4299,1.40794,1.41394,79286.0
2020-04-02 21:00:00+00:00,1.414,1.42246,1.40946,1.42042,66512.0
2020-04-05 21:00:00+00:00,1.42266,1.42619,1.40822,1.41114,59521.0
2020-04-06 21:00:00+00:00,1.41114,1.41432,1.3945,1.39936,63190.0
2020-04-07 21:00:00+00:00,1.39936,1.40822,1.39886,1.4013,52805.0
2020-04-08 21:00:00+00:00,1.4013,1.40776,1.39315,1.39758,69906.0
2020-04-09 21:00:00+00:00,1.39758,1.40087,1.39464,1.39565,7163.0
2020-04-12 21:00:00+00:00,1.3928,1.40021,1.3856,1.3904,38945.0
2020-04-13 21:00:00+00:00,1.3904,1.39251,1.38628,1.38824,38847.0
2020-04-14 21:00:00+00:00,1.38824,1.41324,1.38767,1.4114,50465.0
2020-04-15 21:00:00+00:00,1.4114,1.41824,1.40632,1.40858,48975.0
2020-04-16 21:00:00+00:00,1.40858,1.41182,1.39997,1.40029,47809.0
2020-04-19 21:00:00+00:00,1.40166,1.41514,1.40166,1.41496,47083.0
2020-04-20 21:00:00+00:00,1.41492,1.42652,1.4114,1.4209,84192.0
2020-04-21 21:00:00+00:00,1.42114,1.4238,1.41152,1.41602,53756.0
2020-04-22 21:00:00+00:00,1.41616,1.41985,1.40006,1.40736,50164.0
2020-04-23 21:00:00+00:00,1.40748,1.41204,1.4024,1.40996,38522.0
2020-04-26 21:00:00+00:00,1.40976,1.41174,1.40294,1.40352,35049.0
2020-04-27 21:00:00+00:00,1.40332,1.40731,1.39362,1.39988,38305.0
2020-04-28 21:00:00+00:00,1.39992,1.40032,1.38766,1.38782,32631.0
2020-04-29 21:00:00+00:00,1.38794,1.39591,1.38502,1.3946,42142.0
2020-04-30 21:00:00+00:00,1.3941,1.41094,1.39326,1.40896,35123.0
2020-05-03 21:00:00+00:00,1.40849,1.41526,1.40515,1.40876,33553.0
2020-05-04 21:00:00+00:00,1.4089,1.4095,1.40084,1.4046,31124.0
2020-05-05 21:00:00+00:00,1.40506,1.41571,1.40232,1.41454,33106.0
2020-05-06 21:00:00+00:00,1.41466,1.41734,1.39532,1.39742,34010.0
2020-05-07 21:00:00+00:00,1.39746,1.39912,1.39088,1.39269,25792.0
2020-05-10 21:00:00+00:00,1.39378,1.40426,1.39002,1.40098,32985.0
2020-05-11 21:00:00+00:00,1.40108,1.40798,1.39726,1.40782,30810.0
2020-05-12 21:00:00+00:00,1.4079,1.4115,1.40066,1.41016,41158.0
2020-05-13 21:00:00+00:00,1.40996,1.4141,1.40323,1.40484,37620.0
2020-05-14 21:00:00+00:00,1.40492,1.41172,1.40185,1.41092,35625.0
2020-05-17 21:00:00+00:00,1.4095,1.41171,1.3938,1.39392,25548.0
2020-05-18 21:00:00+00:00,1.39402,1.39696,1.38668,1.3943,32500.0
2020-05-19 21:00:00+00:00,1.39438,1.39609,1.38682,1.3899,28054.0
2020-05-20 21:00:00+00:00,1.39008,1.39704,1.38913,1.39536,30129.0
2020-05-21 21:00:00+00:00,1.39562,1.40488,1.39414,1.39999,29959.0
2020-05-24 21:00:00+00:00,1.39898,1.40077,1.39685,1.39836,21067.0
2020-05-25 21:00:00+00:00,1.39818,1.3986,1.37572,1.37758,31442.0
2020-05-26 21:00:00+00:00,1.37768,1.38228,1.3728,1.37512,39825.0
2020-05-27 21:00:00+00:00,1.37518,1.37901,1.37344,1.3765,39625.0
2020-05-28 21:00:00+00:00,1.37654,1.38326,1.37147,1.37708,49203.0
2020-05-31 21:00:00+00:00,1.37708,1.38012,1.35586,1.35738,38503.0
2020-06-01 21:00:00+00:00,1.35762,1.35854,1.34844,1.35202,36111.0
2020-06-02 21:00:00+00:00,1.35174,1.35726,1.34804,1.34954,45416.0
2020-06-03 21:00:00+00:00,1.34968,1.35409,1.34678,1.34994,41475.0
2020-06-04 21:00:00+00:00,1.35014,1.35132,1.33918,1.34212,44731.0
2020-06-07 21:00:00+00:00,1.34141,1.3437,1.3357,1.33824,32517.0
2020-06-08 21:00:00+00:00,1.33796,1.3488,1.33598,1.34158,38094.0
2020-06-09 21:00:00+00:00,1.34176,1.34378,1.33158,1.3411,51684.0
2020-06-10 21:00:00+00:00,1.3412,1.36324,1.33984,1.36296,67206.0
2020-06-11 21:00:00+00:00,1.36274,1.36664,1.35272,1.35874,75066.0
2020-06-14 21:00:00+00:00,1.36069,1.36864,1.35465,1.35734,66679.0
2020-06-15 21:00:00+00:00,1.35686,1.36233,1.35048,1.35406,63652.0
2020-06-16 21:00:00+00:00,1.35428,1.35948,1.35122,1.3564,48192.0
2020-06-17 21:00:00+00:00,1.3568,1.36165,1.35216,1.35996,45287.0
2020-06-18 21:00:00+00:00,1.36016,1.36182,1.35472,1.3607,39747.0
2020-06-21 21:00:00+00:00,1.36138,1.36307,1.35186,1.35228,32297.0
2020-06-22 21:00:00+00:00,1.35224,1.35711,1.34861,1.35498,41803.0
2020-06-23 21:00:00+00:00,1.35456,1.36408,1.35282,1.36372,42707.0
2020-06-24 21:00:00+00:00,1.36378,1.36702,1.36078,1.36386,38181.0
2020-06-25 21:00:00+00:00,1.3636,1.37158,1.36282,1.36888,30486.0
2020-06-28 21:00:00+00:00,1.36783,1.37054,1.36476,1.36608,32497.0
2020-06-29 21:00:00+00:00,1.3658,1.36998,1.357,1.35762,31438.0
2020-06-30 21:00:00+00:00,1.3577,1.3602,1.35457,1.35874,27116.0
2020-07-01 21:00:00+00:00,1.35868,1.36242,1.35607,1.35634,28444.0
2020-07-02 21:00:00+00:00,1.35642,1.3582,1.35448,1.35497,17767.0
2020-07-05 21:00:00+00:00,1.35648,1.35648,1.35194,1.3541,21725.0
2020-07-06 21:00:00+00:00,1.35374,1.36102,1.35246,1.36042,26764.0
2020-07-07 21:00:00+00:00,1.36036,1.36242,1.34928,1.35128,29419.0
2020-07-08 21:00:00+00:00,1.35114,1.35948,1.3491,1.3585,33136.0
2020-07-09 21:00:00+00:00,1.3587,1.36318,1.35754,1.35927,30701.0
2020-07-12 21:00:00+00:00,1.3588,1.36122,1.35368,1.36082,27891.0
2020-07-13 21:00:00+00:00,1.36088,1.36464,1.35972,1.36158,35821.0
2020-07-14 21:00:00+00:00,1.36164,1.36196,1.3505,1.35084,30094.0
2020-07-15 21:00:00+00:00,1.35092,1.35817,1.35017,1.3575,25669.0
2020-07-16 21:00:00+00:00,1.35744,1.3589,1.35654,1.35789,18273.0
2020-07-19 21:00:00+00:00,1.35742,1.36004,1.35261,1.35336,21262.0
2020-07-20 21:00:00+00:00,1.35354,1.35366,1.3425,1.34592,23557.0
2020-07-21 21:00:00+00:00,1.3461,1.34832,1.33996,1.34176,29239.0
2020-07-22 21:00:00+00:00,1.34182,1.34276,1.33514,1.34076,34479.0
2020-07-23 21:00:00+00:00,1.34154,1.34455,1.33772,1.3417,35806.0
2020-07-26 21:00:00+00:00,1.34268,1.34312,1.33542,1.3355,30519.0
2020-07-27 21:00:00+00:00,1.33576,1.34074,1.33312,1.33802,29234.0
2020-07-28 21:00:00+00:00,1.33788,1.33871,1.33329,1.33346,28334.0
2020-07-29 21:00:00+00:00,1.33364,1.34598,1.33338,1.3422,37826.0
2020-07-30 21:00:00+00:00,1.34236,1.34362,1.33723,1.34114,42910.0
2020-08-02 21:00:00+00:00,1.34124,1.34514,1.33802,1.33928,28813.0
2020-08-03 21:00:00+00:00,1.33876,1.34206,1.33184,1.33188,28100.0
2020-08-04 21:00:00+00:00,1.33194,1.33304,1.32339,1.32662,30240.0
2020-08-05 21:00:00+00:00,1.32654,1.3323,1.3244,1.33074,36549.0
2020-08-06 21:00:00+00:00,1.3301,1.33986,1.32956,1.33834,36250.0
2020-08-09 21:00:00+00:00,1.33933,1.3395,1.33336,1.33504,20868.0
2020-08-10 21:00:00+00:00,1.33524,1.33612,1.3271,1.32992,30465.0
2020-08-11 21:00:00+00:00,1.33022,1.33474,1.32294,1.32478,33788.0
2020-08-12 21:00:00+00:00,1.32388,1.32598,1.31922,1.3225,27646.0
2020-08-13 21:00:00+00:00,1.32246,1.32718,1.32064,1.32672,24657.0
2020-08-16 21:00:00+00:00,1.32574,1.32632,1.3192,1.32144,19326.0
2020-08-17 21:00:00+00:00,1.3214,1.32318,1.31518,1.3168,25534.0
2020-08-18 21:00:00+00:00,1.31638,1.32272,1.31334,1.3219,27978.0
2020-08-19 21:00:00+00:00,1.32174,1.3245,1.31685,1.31874,30096.0
2020-08-20 21:00:00+00:00,1.3181,1.32344,1.31592,1.3177,27193.0
2020-08-23 21:00:00+00:00,1.31758,1.32382,1.31349,1.32174,22488.0
2020-08-24 21:00:00+00:00,1.32182,1.32394,1.3168,1.31724,23756.0
2020-08-25 21:00:00+00:00,1.31736,1.32059,1.31322,1.31448,21983.0
2020-08-26 21:00:00+00:00,1.31428,1.31666,1.3102,1.31276,42320.0
2020-08-27 21:00:00+00:00,1.3127,1.3133,1.30474,1.30982,37663.0
2020-08-30 21:00:00+00:00,1.30945,1.31046,1.30206,1.30478,31223.0
2020-08-31 21:00:00+00:00,1.30434,1.30869,1.29942,1.30666,36283.0
2020-09-01 21:00:00+00:00,1.3064,1.30956,1.30376,1.30468,32570.0
2020-09-02 21:00:00+00:00,1.30436,1.31618,1.3038,1.31264,43830.0
2020-09-03 21:00:00+00:00,1.31282,1.31406,1.30448,1.30628,46708.0
2020-09-06 21:00:00+00:00,1.30545,1.31162,1.30491,1.30992,18756.0
2020-09-07 21:00:00+00:00,1.31022,1.32388,1.30868,1.32372,38034.0
2020-09-08 21:00:00+00:00,1.32354,1.32598,1.31454,1.31454,34436.0
2020-09-09 21:00:00+00:00,1.31464,1.32024,1.3119,1.3193,38355.0
2020-09-10 21:00:00+00:00,1.31958,1.32078,1.31512,1.31776,27757.0
2020-09-13 21:00:00+00:00,1.31828,1.3197,1.31534,1.31754,22825.0
2020-09-14 21:00:00+00:00,1.31764,1.32024,1.31348,1.31864,23331.0
2020-09-15 21:00:00+00:00,1.3188,1.32004,1.3128,1.31786,37146.0
2020-09-16 21:00:00+00:00,1.31792,1.32471,1.31502,1.31658,37481.0
2020-09-17 21:00:00+00:00,1.31654,1.3209,1.31374,1.32054,29951.0
2020-09-20 21:00:00+00:00,1.32007,1.33204,1.31713,1.33054,39453.0
2020-09-21 21:00:00+00:00,1.33058,1.3346,1.32836,1.3303,37464.0
2020-09-22 21:00:00+00:00,1.3301,1.3386,1.32942,1.3386,36122.0
2020-09-23 21:00:00+00:00,1.33852,1.34182,1.3325,1.33624,41233.0
2020-09-24 21:00:00+00:00,1.33592,1.34182,1.3332,1.33868,31539.0
2020-09-27 21:00:00+00:00,1.33852,1.34038,1.33548,1.33714,25807.0
2020-09-28 21:00:00+00:00,1.3371,1.34187,1.33522,1.339,25391.0
2020-09-29 21:00:00+00:00,1.33894,1.34204,1.3302,1.33226,39818.0
2020-09-30 21:00:00+00:00,1.33182,1.33236,1.32673,1.32894,32000.0
2020-10-01 21:00:00+00:00,1.329,1.33314,1.32786,1.33073,38315.0
2020-10-04 21:00:00+00:00,1.33032,1.3306,1.32558,1.32562,20732.0
2020-10-05 21:00:00+00:00,1.3265,1.33172,1.3242,1.3315,29512.0
2020-10-06 21:00:00+00:00,1.33136,1.33407,1.32552,1.32558,22646.0
2020-10-07 21:00:00+00:00,1.32546,1.32658,1.31948,1.31966,19293.0
2020-10-08 21:00:00+00:00,1.31978,1.3199,1.31097,1.31214,20043.0
2020-10-11 21:00:00+00:00,1.31322,1.31435,1.31014,1.31142,13909.0
2020-10-12 21:00:00+00:00,1.31158,1.31472,1.30995,1.31386,21877.0
2020-10-13 21:00:00+00:00,1.31372,1.31632,1.31162,1.31514,20196.0
2020-10-14 21:00:00+00:00,1.31464,1.32594,1.31428,1.32258,25961.0
2020-10-15 21:00:00+00:00,1.32262,1.32378,1.31774,1.31898,22257.0
2020-10-18 21:00:00+00:00,1.31917,1.31952,1.31507,1.31906,18788.0
2020-10-19 21:00:00+00:00,1.31918,1.3204,1.31046,1.31292,19956.0
2020-10-20 21:00:00+00:00,1.31298,1.31524,1.30812,1.31456,23223.0
2020-10-21 21:00:00+00:00,1.3145,1.31773,1.3124,1.31372,22273.0
2020-10-22 21:00:00+00:00,1.31346,1.31605,1.31096,1.31238,18941.0
2020-10-25 21:00:00+00:00,1.31334,1.32254,1.31282,1.32128,22736.0
2020-10-26 21:00:00+00:00,1.32116,1.32122,1.31424,1.31844,18825.0
2020-10-27 21:00:00+00:00,1.3183,1.33339,1.31797,1.33224,33713.0
2020-10-28 21:00:00+00:00,1.33242,1.33898,1.32782,1.33256,36062.0
2020-10-29 21:00:00+00:00,1.33252,1.33487,1.32798,1.33214,37714.0
2020-11-01 22:00:00+00:00,1.33182,1.33706,1.32148,1.3217,32284.0
2020-11-02 22:00:00+00:00,1.32204,1.32342,1.3104,1.31284,26666.0
2020-11-03 22:00:00+00:00,1.31308,1.32996,1.30958,1.31342,91346.0
2020-11-04 22:00:00+00:00,1.3138,1.31781,1.30284,1.30458,49429.0
2020-11-05 22:00:00+00:00,1.3049,1.30969,1.30195,1.30571,40850.0
2020-11-08 22:00:00+00:00,1.30416,1.30535,1.29285,1.30076,57228.0
2020-11-09 22:00:00+00:00,1.3008,1.3051,1.29849,1.3034,42305.0
2020-11-10 22:00:00+00:00,1.30292,1.30776,1.30093,1.30624,27014.0
2020-11-11 22:00:00+00:00,1.30604,1.315,1.30562,1.31432,25612.0
2020-11-12 22:00:00+00:00,1.31426,1.31726,1.31166,1.31349,20161.0
2020-11-15 22:00:00+00:00,1.31306,1.3139,1.30657,1.30732,22551.0
2020-11-16 22:00:00+00:00,1.30726,1.31168,1.30636,1.31056,21132.0
2020-11-17 22:00:00+00:00,1.31046,1.31178,1.30342,1.30848,22684.0
2020-11-18 22:00:00+00:00,1.30802,1.31234,1.30525,1.3073,21508.0
2020-11-19 22:00:00+00:00,1.30704,1.30972,1.30392,1.30938,19820.0
2020-11-22 22:00:00+00:00,1.30866,1.31128,1.30456,1.30862,22089.0
2020-11-23 22:00:00+00:00,1.30856,1.3091,1.29947,1.29974,26929.0
2020-11-24 22:00:00+00:00,1.29958,1.30292,1.29865,1.30068,20681.0
2020-11-25 22:00:00+00:00,1.30078,1.30226,1.29907,1.30178,12627.0
2020-11-26 22:00:00+00:00,1.3019,1.3025,1.29722,1.29905,13857.0
2020-11-29 22:00:00+00:00,1.3001,1.30106,1.29236,1.30082,25851.0
2020-11-30 22:00:00+00:00,1.3002,1.30088,1.29282,1.29344,23360.0
2020-12-01 22:00:00+00:00,1.2935,1.29587,1.29102,1.29182,22366.0
2020-12-02 22:00:00+00:00,1.29188,1.29414,1.28524,1.28622,20099.0
2020-12-03 22:00:00+00:00,1.28584,1.2874,1.27725,1.27842,23754.0
2020-12-06 22:00:00+00:00,1.278,1.28331,1.27754,1.27982,20674.0
2020-12-07 22:00:00+00:00,1.27978,1.28258,1.27682,1.2819,19142.0
2020-12-08 22:00:00+00:00,1.28186,1.28334,1.27698,1.28188,20508.0
2020-12-09 22:00:00+00:00,1.28184,1.28295,1.2707,1.27402,25709.0
2020-12-10 22:00:00+00:00,1.27422,1.27928,1.27196,1.2776,21600.0
2020-12-13 22:00:00+00:00,1.27553,1.27898,1.27199,1.2764,19016.0
2020-12-14 22:00:00+00:00,1.27624,1.27716,1.26883,1.2699,18707.0
2020-12-15 22:00:00+00:00,1.26996,1.27896,1.26958,1.27396,23857.0
2020-12-16 22:00:00+00:00,1.274,1.27504,1.26888,1.27216,17835.0
2020-12-17 22:00:00+00:00,1.27206,1.27984,1.27166,1.27853,20676.0
2020-12-20 22:00:00+00:00,1.27995,1.2957,1.27908,1.28586,41385.0
2020-12-21 22:00:00+00:00,1.28552,1.29338,1.2844,1.29084,27623.0
2020-12-22 22:00:00+00:00,1.29088,1.29152,1.28345,1.28454,23917.0
2020-12-23 22:00:00+00:00,1.28502,1.28817,1.28133,1.28656,16121.0
2020-12-27 22:00:00+00:00,1.2857,1.28761,1.28137,1.28468,20748.0
2020-12-28 22:00:00+00:00,1.2854,1.28552,1.27802,1.28198,19918.0
2020-12-29 22:00:00+00:00,1.28194,1.28271,1.27496,1.2751,20895.0
2020-12-30 22:00:00+00:00,1.27556,1.27696,1.27141,1.27342,21158.0
2021-01-03 22:00:00+00:00,1.2719,1.2798,1.26652,1.27754,35965.0
2021-01-04 22:00:00+00:00,1.2777,1.27914,1.26563,1.26704,34486.0
2021-01-05 22:00:00+00:00,1.26712,1.27236,1.26301,1.26786,52067.0
2021-01-06 22:00:00+00:00,1.26794,1.27338,1.26636,1.26888,32639.0
2021-01-07 22:00:00+00:00,1.26918,1.27433,1.26588,1.26882,39535.0
2021-01-10 22:00:00+00:00,1.27048,1.28355,1.26989,1.27848,30476.0
2021-01-11 22:00:00+00:00,1.27842,1.27914,1.27086,1.2713,26571.0
2021-01-12 22:00:00+00:00,1.27126,1.27469,1.26806,1.26962,23753.0
2021-01-13 22:00:00+00:00,1.26972,1.27077,1.2625,1.26434,24189.0
2021-01-14 22:00:00+00:00,1.26406,1.27646,1.26363,1.27313,28510.0
2021-01-17 22:00:00+00:00,1.27354,1.27994,1.27268,1.27584,20115.0
2021-01-18 22:00:00+00:00,1.27578,1.27642,1.27156,1.27344,20293.0
2021-01-19 22:00:00+00:00,1.2734,1.27416,1.26064,1.26352,25821.0
2021-01-20 22:00:00+00:00,1.26338,1.26479,1.2589,1.26384,24750.0
2021-01-21 22:00:00+00:00,1.2637,1.27404,1.26348,1.27331,24963.0
2021-01-24 22:00:00+00:00,1.27168,1.27795,1.26876,1.27438,29705.0
2021-01-25 22:00:00+00:00,1.274,1.27826,1.26898,1.26956,23627.0
2021-01-26 22:00:00+00:00,1.2695,1.28229,1.26856,1.28052,41599.0
2021-01-27 22:00:00+00:00,1.28036,1.28814,1.27882,1.28306,44056.0
2021-01-28 22:00:00+00:00,1.28298,1.28748,1.27379,1.27762,52365.0
2021-01-31 22:00:00+00:00,1.27898,1.28648,1.27616,1.28502,40768.0
2021-02-01 22:00:00+00:00,1.28496,1.28701,1.27804,1.27816,32379.0
2021-02-02 22:00:00+00:00,1.27846,1.28116,1.27634,1.27854,27172.0
2021-02-03 22:00:00+00:00,1.27858,1.2845,1.27772,1.28264,24200.0
2021-02-04 22:00:00+00:00,1.28288,1.28329,1.27535,1.27541,24967.0
2021-02-07 22:00:00+00:00,1.2759,1.27826,1.27348,1.2739,21280.0
2021-02-08 22:00:00+00:00,1.27422,1.27662,1.26915,1.26928,22653.0
2021-02-09 22:00:00+00:00,1.27016,1.2711,1.26676,1.27006,26375.0
2021-02-10 22:00:00+00:00,1.27016,1.27112,1.26608,1.27046,20328.0
2021-02-11 22:00:00+00:00,1.27012,1.27632,1.26769,1.26945,17282.0
2021-02-14 22:00:00+00:00,1.2683,1.26922,1.26312,1.26394,10977.0
2021-02-15 22:00:00+00:00,1.26404,1.27026,1.26098,1.26908,21341.0
2021-02-16 22:00:00+00:00,1.26912,1.27464,1.26874,1.27002,26729.0
2021-02-17 22:00:00+00:00,1.27046,1.27312,1.26654,1.26772,23425.0
2021-02-18 22:00:00+00:00,1.26786,1.27142,1.25943,1.2617,24431.0
2021-02-21 22:00:00+00:00,1.26125,1.26538,1.25806,1.26172,26192.0
2021-02-22 22:00:00+00:00,1.26144,1.26474,1.25791,1.25892,29329.0
2021-02-23 22:00:00+00:00,1.2587,1.25985,1.25052,1.25126,33326.0
2021-02-24 22:00:00+00:00,1.25154,1.26148,1.2468,1.26046,44172.0
2021-02-25 22:00:00+00:00,1.2606,1.27485,1.25872,1.2738,63574.0
2021-02-28 22:00:00+00:00,1.27339,1.27376,1.26408,1.26462,31849.0
2021-03-01 22:00:00+00:00,1.2647,1.26984,1.26004,1.26386,34778.0
2021-03-02 22:00:00+00:00,1.26368,1.26586,1.25932,1.26562,34254.0
2021-03-03 22:00:00+00:00,1.26566,1.2694,1.25754,1.26672,54897.0
2021-03-04 22:00:00+00:00,1.26622,1.27373,1.26458,1.2657,56096.0
2021-03-07 22:00:00+00:00,1.26555,1.27003,1.26226,1.26664,46147.0
2021-03-08 22:00:00+00:00,1.26642,1.26858,1.25906,1.2641,37402.0
2021-03-09 22:00:00+00:00,1.26376,1.26834,1.26098,1.26188,35680.0
2021-03-10 22:00:00+00:00,1.26172,1.26254,1.25208,1.25342,26140.0
2021-03-11 22:00:00+00:00,1.25302,1.25734,1.24622,1.24773,28801.0
2021-03-14 21:00:00+00:00,1.24743,1.2513,1.2441,1.24728,24026.0
2021-03-15 21:00:00+00:00,1.24716,1.25006,1.2436,1.24466,21455.0
2021-03-16 21:00:00+00:00,1.24478,1.24933,1.24006,1.24052,26607.0
2021-03-17 21:00:00+00:00,1.2406,1.2527,1.23652,1.24862,35458.0
2021-03-18 21:00:00+00:00,1.24888,1.25482,1.2462,1.24985,31571.0
2021-03-21 21:00:00+00:00,1.24976,1.25412,1.24736,1.25228,19042.0
2021-03-22 21:00:00+00:00,1.25238,1.25948,1.2516,1.25886,27304.0
2021-03-23 21:00:00+00:00,1.25852,1.26088,1.25428,1.25832,25932.0
2021-03-24 21:00:00+00:00,1.2579,1.2629,1.25466,1.26138,31725.0
2021-03-25 21:00:00+00:00,1.26128,1.26146,1.25606,1.25758,21279.0
2021-03-28 21:00:00+00:00,1.25758,1.2627,1.25725,1.25904,21410.0
2021-03-29 21:00:00+00:00,1.25908,1.26472,1.25806,1.26322,22224.0
2021-03-30 21:00:00+00:00,1.26274,1.26336,1.25396,1.25622,24847.0
2021-03-31 21:00:00+00:00,1.2563,1.26022,1.25433,1.25464,21444.0
2021-04-01 21:00:00+00:00,1.2547,1.25831,1.25284,1.2573,7669.0
2021-04-04 21:00:00+00:00,1.25757,1.25946,1.25021,1.2523,13974.0
2021-04-05 21:00:00+00:00,1.2526,1.25831,1.25167,1.25674,17394.0
2021-04-06 21:00:00+00:00,1.257,1.26348,1.2564,1.26094,23739.0
2021-04-07 21:00:00+00:00,1.261,1.26274,1.25583,1.25614,19302.0
2021-04-08 21:00:00+00:00,1.25632,1.26109,1.25263,1.25311,21106.0
2021-04-11 21:00:00+00:00,1.2544,1.2574,1.25269,1.25624,19195.0
2021-04-12 21:00:00+00:00,1.25596,1.26304,1.25272,1.25338,21295.0
2021-04-13 21:00:00+00:00,1.25346,1.25763,1.25,1.25198,20205.0
2021-04-14 21:00:00+00:00,1.2517,1.25586,1.24768,1.25444,21493.0
2021-04-15 21:00:00+00:00,1.25422,1.25596,1.24946,1.25084,18387.0
2021-04-18 21:00:00+00:00,1.25072,1.2544,1.24714,1.25346,21874.0
2021-04-19 21:00:00+00:00,1.25322,1.26238,1.24786,1.261,26147.0
2021-04-20 21:00:00+00:00,1.26124,1.2654,1.246,1.2498,30122.0
2021-04-21 21:00:00+00:00,1.24988,1.25351,1.2473,1.25052,26083.0
2021-04-22 21:00:00+00:00,1.2507,1.25094,1.24611,1.24759,21892.0
2021-04-25 21:00:00+00:00,1.24807,1.24908,1.23844,1.23968,22873.0
2021-04-26 21:00:00+00:00,1.23972,1.24188,1.23886,1.24002,19136.0
2021-04-27 21:00:00+00:00,1.24054,1.24184,1.23106,1.23144,24918.0
2021-04-28 21:00:00+00:00,1.23166,1.23248,1.22756,1.2282,21503.0
2021-04-29 21:00:00+00:00,1.22832,1.23225,1.2266,1.22919,24188.0
2021-05-02 21:00:00+00:00,1.22923,1.23188,1.2267,1.2279,18504.0
2021-05-03 21:00:00+00:00,1.2277,1.23518,1.22754,1.23084,24181.0
2021-05-04 21:00:00+00:00,1.23112,1.23138,1.22518,1.22664,17670.0
2021-05-05 21:00:00+00:00,1.227,1.22885,1.21422,1.215,22779.0
2021-05-06 21:00:00+00:00,1.21506,1.21936,1.21241,1.21318,25335.0
2021-05-09 21:00:00+00:00,1.2123,1.21348,1.20792,1.21012,22336.0
2021-05-10 21:00:00+00:00,1.21022,1.21262,1.20784,1.21018,29183.0
2021-05-11 21:00:00+00:00,1.21012,1.21378,1.20459,1.21342,39815.0
2021-05-12 21:00:00+00:00,1.2132,1.22034,1.21039,1.21634,35940.0
2021-05-13 21:00:00+00:00,1.21626,1.21792,1.20804,1.21084,24194.0
2021-05-16 21:00:00+00:00,1.21136,1.21366,1.2061,1.20684,22246.0
2021-05-17 21:00:00+00:00,1.20664,1.20816,1.2013,1.20664,20668.0
2021-05-18 21:00:00+00:00,1.20672,1.21432,1.2054,1.21326,41389.0
2021-05-19 21:00:00+00:00,1.21276,1.21446,1.20492,1.2059,23893.0
2021-05-20 21:00:00+00:00,1.20606,1.20948,1.20278,1.20677,25446.0
2021-05-23 21:00:00+00:00,1.20708,1.20856,1.2041,1.20448,20012.0
2021-05-24 21:00:00+00:00,1.20504,1.20782,1.20292,1.20672,25034.0
2021-05-25 21:00:00+00:00,1.20654,1.2128,1.20434,1.21242,25160.0
2021-05-26 21:00:00+00:00,1.2123,1.21421,1.20565,1.2067,23074.0
2021-05-27 21:00:00+00:00,1.20686,1.212,1.20632,1.20713,29832.0
2021-05-30 21:00:00+00:00,1.207,1.20918,1.20474,1.20622,16419.0
2021-05-31 21:00:00+00:00,1.20614,1.20777,1.2007,1.20718,19593.0
2021-06-01 21:00:00+00:00,1.20728,1.20922,1.2029,1.20354,16200.0
2021-06-02 21:00:00+00:00,1.2033,1.212,1.20302,1.21086,19633.0
2021-06-03 21:00:00+00:00,1.2108,1.21332,1.20706,1.20829,20705.0
2021-06-06 21:00:00+00:00,1.20859,1.21069,1.2057,1.20816,15035.0
2021-06-07 21:00:00+00:00,1.20812,1.21178,1.20712,1.21124,16962.0
2021-06-08 21:00:00+00:00,1.21118,1.21175,1.20582,1.21114,14818.0
2021-06-09 21:00:00+00:00,1.2112,1.2125,1.20702,1.20962,21255.0
2021-06-10 21:00:00+00:00,1.20958,1.21774,1.20802,1.21564,15658.0
2021-06-13 21:00:00+00:00,1.21613,1.21715,1.21283,1.21464,16081.0
2021-06-14 21:00:00+00:00,1.21432,1.22042,1.21296,1.21874,17138.0
2021-06-15 21:00:00+00:00,1.21856,1.22838,1.21569,1.2277,32889.0
2021-06-16 21:00:00+00:00,1.22762,1.23782,1.22626,1.23528,32656.0
2021-06-17 21:00:00+00:00,1.23568,1.2481,1.23392,1.24646,35742.0
2021-06-20 21:00:00+00:00,1.2465,1.24872,1.23535,1.23616,30543.0
2021-06-21 21:00:00+00:00,1.23608,1.24034,1.23018,1.23062,23449.0
2021-06-22 21:00:00+00:00,1.23108,1.23288,1.22526,1.23054,22019.0
2021-06-23 21:00:00+00:00,1.23058,1.23409,1.22826,1.23218,20325.0
2021-06-24 21:00:00+00:00,1.23222,1.23298,1.22723,1.2296,16277.0
2021-06-27 21:00:00+00:00,1.22967,1.23479,1.22879,1.23376,18156.0
2021-06-28 21:00:00+00:00,1.2336,1.24031,1.23316,1.24014,18328.0
2021-06-29 21:00:00+00:00,1.24002,1.24236,1.23558,1.23982,22776.0
2021-06-30 21:00:00+00:00,1.23992,1.24457,1.23646,1.24344,18413.0
2021-07-01 21:00:00+00:00,1.24414,1.245,1.23093,1.23198,24476.0
2021-07-04 21:00:00+00:00,1.23201,1.23717,1.23176,1.23414,13549.0
2021-07-05 21:00:00+00:00,1.23422,1.2495,1.2303,1.24568,29739.0
2021-07-06 21:00:00+00:00,1.24638,1.25196,1.24232,1.24812,30823.0
2021-07-07 21:00:00+00:00,1.2479,1.25904,1.24742,1.25334,40101.0
2021-07-08 21:00:00+00:00,1.25338,1.2557,1.24422,1.24443,28663.0
2021-07-11 21:00:00+00:00,1.24546,1.25144,1.24468,1.2454,22384.0
2021-07-12 21:00:00+00:00,1.24536,1.25397,1.24426,1.2515,24694.0
2021-07-13 21:00:00+00:00,1.25162,1.25263,1.24268,1.25096,29641.0
2021-07-14 21:00:00+00:00,1.25108,1.26138,1.25016,1.25938,29671.0
2021-07-15 21:00:00+00:00,1.25918,1.2621,1.25612,1.26124,25263.0
2021-07-18 21:00:00+00:00,1.2609,1.28076,1.2603,1.27494,46607.0
2021-07-19 21:00:00+00:00,1.27454,1.27869,1.26748,1.268,36489.0
2021-07-20 21:00:00+00:00,1.26808,1.27302,1.25258,1.2557,30664.0
2021-07-21 21:00:00+00:00,1.2555,1.25948,1.25294,1.25628,26525.0
2021-07-22 21:00:00+00:00,1.25666,1.26073,1.25557,1.25648,18515.0
2021-07-25 21:00:00+00:00,1.2561,1.25908,1.25282,1.25438,23365.0
2021-07-26 21:00:00+00:00,1.25488,1.26046,1.25382,1.26034,30011.0
2021-07-27 21:00:00+00:00,1.26028,1.26046,1.25158,1.25232,40034.0
2021-07-28 21:00:00+00:00,1.25274,1.25304,1.24324,1.2448,22659.0
2021-07-29 21:00:00+00:00,1.2444,1.24916,1.24224,1.24765,26983.0
2021-08-01 21:00:00+00:00,1.24826,1.2515,1.2453,1.25058,20547.0
2021-08-02 21:00:00+00:00,1.25064,1.25758,1.24895,1.2536,26213.0
2021-08-03 21:00:00+00:00,1.25388,1.25628,1.25158,1.254,21531.0
2021-08-04 21:00:00+00:00,1.25406,1.2548,1.24748,1.25038,20500.0
2021-08-05 21:00:00+00:00,1.24988,1.2581,1.24922,1.25567,23252.0
2021-08-08 21:00:00+00:00,1.25507,1.25878,1.25318,1.25776,22379.0
2021-08-09 21:00:00+00:00,1.25786,1.25894,1.2519,1.25198,22300.0
2021-08-10 21:00:00+00:00,1.25212,1.25486,1.24892,1.25048,23286.0
2021-08-11 21:00:00+00:00,1.25054,1.25336,1.25009,1.25254,19369.0
2021-08-12 21:00:00+00:00,1.25266,1.25322,1.25016,1.2512,15384.0
2021-08-15 21:00:00+00:00,1.25196,1.25844,1.2512,1.2573,21982.0
2021-08-16 21:00:00+00:00,1.25706,1.26492,1.25678,1.263,30139.0
2021-08-17 21:00:00+00:00,1.2627,1.26632,1.25981,1.26596,32774.0
2021-08-18 21:00:00+00:00,1.26592,1.2831,1.26474,1.28294,49533.0
2021-08-19 21:00:00+00:00,1.28262,1.29492,1.28143,1.28179,46166.0
2021-08-22 21:00:00+00:00,1.28222,1.28386,1.26428,1.26482,32122.0
2021-08-23 21:00:00+00:00,1.26486,1.26592,1.25788,1.25918,25089.0
2021-08-24 21:00:00+00:00,1.25922,1.26439,1.25866,1.25898,25494.0
2021-08-25 21:00:00+00:00,1.25906,1.26952,1.25863,1.26876,28311.0
2021-08-26 21:00:00+00:00,1.26862,1.27084,1.26055,1.26199,32255.0
2021-08-29 21:00:00+00:00,1.26255,1.26342,1.25738,1.2606,21331.0
2021-08-30 21:00:00+00:00,1.26068,1.26536,1.25694,1.26156,33601.0
2021-08-31 21:00:00+00:00,1.2615,1.26373,1.25804,1.262,27915.0
2021-09-01 21:00:00+00:00,1.26212,1.26383,1.25482,1.25524,23917.0
2021-09-02 21:00:00+00:00,1.25528,1.25593,1.24934,1.25242,32642.0
2021-09-05 21:00:00+00:00,1.25297,1.25591,1.25181,1.25322,15034.0
2021-09-06 21:00:00+00:00,1.25344,1.26562,1.252,1.26464,29137.0
2021-09-07 21:00:00+00:00,1.2647,1.27622,1.26264,1.26922,41717.0
2021-09-08 21:00:00+00:00,1.2689,1.27278,1.26227,1.26628,39781.0
2021-09-09 21:00:00+00:00,1.26634,1.26956,1.25826,1.26942,32520.0
2021-09-12 21:00:00+00:00,1.26859,1.26954,1.26384,1.26476,28033.0
2021-09-13 21:00:00+00:00,1.26482,1.26987,1.26014,1.26942,33396.0
2021-09-14 21:00:00+00:00,1.26938,1.27088,1.2624,1.2629,32791.0
2021-09-15 21:00:00+00:00,1.2627,1.26998,1.26168,1.26826,28800.0
2021-09-16 21:00:00+00:00,1.26818,1.27743,1.26368,1.27688,30203.0
2021-09-19 21:00:00+00:00,1.27602,1.2896,1.2751,1.2824,41958.0
2021-09-20 21:00:00+00:00,1.28234,1.28485,1.27429,1.28172,39655.0
2021-09-21 21:00:00+00:00,1.28182,1.28278,1.26983,1.27734,51952.0
2021-09-22 21:00:00+00:00,1.27762,1.27962,1.26334,1.26558,36916.0
2021-09-23 21:00:00+00:00,1.26592,1.27308,1.26408,1.26523,28117.0
2021-09-26 21:00:00+00:00,1.26502,1.26729,1.26102,1.26284,30295.0
2021-09-27 21:00:00+00:00,1.26298,1.27076,1.2594,1.26852,48144.0
2021-09-28 21:00:00+00:00,1.26848,1.27746,1.26686,1.27516,42770.0
2021-09-29 21:00:00+00:00,1.27532,1.27633,1.26301,1.26798,47226.0
2021-09-30 21:00:00+00:00,1.26818,1.2739,1.26278,1.2646,46329.0
2021-10-03 21:00:00+00:00,1.2644,1.26549,1.25576,1.25894,39750.0
2021-10-04 21:00:00+00:00,1.25898,1.263,1.25454,1.25818,29969.0
2021-10-05 21:00:00+00:00,1.25812,1.26482,1.25762,1.2591,42269.0
2021-10-06 21:00:00+00:00,1.25902,1.25994,1.25404,1.25506,25507.0
2021-10-07 21:00:00+00:00,1.25516,1.25626,1.24518,1.24705,34358.0
2021-10-10 21:00:00+00:00,1.24799,1.24918,1.24463,1.24828,22094.0
2021-10-11 21:00:00+00:00,1.24846,1.24984,1.24344,1.24688,27203.0
2021-10-12 21:00:00+00:00,1.24652,1.2479,1.24307,1.2443,25685.0
2021-10-13 21:00:00+00:00,1.24438,1.24506,1.23547,1.23696,20508.0
2021-10-14 21:00:00+00:00,1.23686,1.23977,1.23366,1.23658,22844.0
2021-10-17 21:00:00+00:00,1.2372,1.241,1.23491,1.23798,22753.0
2021-10-18 21:00:00+00:00,1.23802,1.23827,1.23115,1.23654,20850.0
2021-10-19 21:00:00+00:00,1.23628,1.23682,1.23074,1.23198,22406.0
2021-10-20 21:00:00+00:00,1.23204,1.23837,1.22882,1.2371,23330.0
2021-10-21 21:00:00+00:00,1.23714,1.23902,1.23212,1.23635,25903.0
2021-10-24 21:00:00+00:00,1.23684,1.23999,1.23383,1.23838,21185.0
2021-10-25 21:00:00+00:00,1.23852,1.23966,1.23502,1.23898,19933.0
2021-10-26 21:00:00+00:00,1.23892,1.24318,1.23005,1.23606,35827.0
2021-10-27 21:00:00+00:00,1.23532,1.23827,1.23304,1.23454,29338.0
2021-10-28 21:00:00+00:00,1.2345,1.24079,1.2328,1.23875,29950.0
2021-10-31 21:00:00+00:00,1.23855,1.24036,1.23521,1.23688,19503.0
2021-11-01 21:00:00+00:00,1.23676,1.24248,1.23656,1.24112,19809.0
2021-11-02 21:00:00+00:00,1.24142,1.24575,1.23809,1.23896,32442.0
2021-11-03 21:00:00+00:00,1.23924,1.24718,1.23774,1.24566,22337.0
2021-11-04 21:00:00+00:00,1.24574,1.24798,1.2436,1.2456,24375.0
2021-11-07 22:00:00+00:00,1.245,1.24658,1.24359,1.24438,16639.0
2021-11-08 22:00:00+00:00,1.24426,1.24864,1.24286,1.24376,21171.0
2021-11-09 22:00:00+00:00,1.24388,1.25038,1.23871,1.2494,31040.0
2021-11-10 22:00:00+00:00,1.2491,1.25966,1.24774,1.25768,24412.0
2021-11-11 22:00:00+00:00,1.2576,1.26047,1.25413,1.25531,19381.0
2021-11-14 22:00:00+00:00,1.25474,1.25563,1.25019,1.2514,17465.0
2021-11-15 22:00:00+00:00,1.2517,1.25684,1.24929,1.25594,20338.0
2021-11-16 22:00:00+00:00,1.25582,1.2623,1.25406,1.26112,21821.0
2021-11-17 22:00:00+00:00,1.26124,1.26472,1.25928,1.2602,21440.0
2021-11-18 22:00:00+00:00,1.26028,1.26622,1.25847,1.26383,24945.0
2021-11-21 22:00:00+00:00,1.26531,1.27055,1.26279,1.2702,22501.0
2021-11-22 22:00:00+00:00,1.27006,1.27449,1.26601,1.26714,27413.0
2021-11-23 22:00:00+00:00,1.26672,1.27104,1.2651,1.26678,25229.0
2021-11-24 22:00:00+00:00,1.26684,1.26772,1.26404,1.26476,11222.0
2021-11-25 22:00:00+00:00,1.26494,1.27994,1.26478,1.2789,46253.0
2021-11-28 22:00:00+00:00,1.275,1.27934,1.27208,1.2739,31654.0
2021-11-29 22:00:00+00:00,1.27418,1.28374,1.27306,1.27776,54929.0
2021-11-30 22:00:00+00:00,1.27804,1.283,1.27136,1.28176,39383.0
2021-12-01 22:00:00+00:00,1.282,1.28374,1.27786,1.2805,42348.0
2021-12-02 22:00:00+00:00,1.28056,1.28546,1.27439,1.28441,45265.0
2021-12-05 22:00:00+00:00,1.28314,1.28432,1.27532,1.2756,27630.0
2021-12-06 22:00:00+00:00,1.2755,1.27676,1.26352,1.2641,22222.0
2021-12-07 22:00:00+00:00,1.26426,1.26664,1.26017,1.26524,34624.0
2021-12-08 22:00:00+00:00,1.26516,1.27222,1.26498,1.27136,20768.0
2021-12-09 22:00:00+00:00,1.27108,1.27398,1.26794,1.27269,21362.0
2021-12-12 22:00:00+00:00,1.27291,1.28214,1.27057,1.28096,21265.0
2021-12-13 22:00:00+00:00,1.28074,1.28652,1.27976,1.28648,21420.0
2021-12-14 22:00:00+00:00,1.2863,1.29374,1.28321,1.28322,35369.0
2021-12-15 22:00:00+00:00,1.28338,1.28577,1.27637,1.2775,30828.0
2021-12-16 22:00:00+00:00,1.27782,1.2902,1.27726,1.28912,30840.0
2021-12-19 22:00:00+00:00,1.28905,1.2964,1.28843,1.29446,33473.0
2021-12-20 22:00:00+00:00,1.29402,1.29478,1.29126,1.2914,20730.0
2021-12-21 22:00:00+00:00,1.29128,1.29244,1.28326,1.2841,16761.0
2021-12-22 22:00:00+00:00,1.28396,1.28536,1.27982,1.2806,13639.0
2021-12-23 22:00:00+00:00,1.28114,1.28348,1.27854,1.28061,34823.0
2021-12-26 22:00:00+00:00,1.2809,1.28474,1.27788,1.27874,9281.0
2021-12-27 22:00:00+00:00,1.27882,1.28319,1.27804,1.2816,9285.0
2021-12-28 22:00:00+00:00,1.28196,1.28351,1.27882,1.27924,13645.0
2021-12-29 22:00:00+00:00,1.27902,1.28128,1.27342,1.27376,13144.0
2021-12-30 22:00:00+00:00,1.27402,1.27509,1.26206,1.26415,22181.0
2022-01-02 22:00:00+00:00,1.26402,1.27792,1.26314,1.27464,17843.0
2022-01-03 22:00:00+00:00,1.27498,1.2766,1.26676,1.27058,18810.0
2022-01-04 22:00:00+00:00,1.27072,1.27664,1.26917,1.27522,20180.0
2022-01-05 22:00:00+00:00,1.27594,1.28138,1.27066,1.27244,28178.0
2022-01-06 22:00:00+00:00,1.27284,1.27314,1.26321,1.26429,26124.0
2022-01-09 22:00:00+00:00,1.26491,1.26978,1.26104,1.26762,25580.0
2022-01-10 22:00:00+00:00,1.26724,1.26818,1.25675,1.25706,26404.0
2022-01-11 22:00:00+00:00,1.2575,1.25798,1.24956,1.25052,23403.0
2022-01-12 22:00:00+00:00,1.2505,1.2521,1.24534,1.2521,21094.0
2022-01-13 22:00:00+00:00,1.25162,1.25704,1.2471,1.2552,29256.0
2022-01-16 22:00:00+00:00,1.25397,1.25578,1.25002,1.25176,16878.0
2022-01-17 22:00:00+00:00,1.25144,1.25639,1.24862,1.25126,32364.0
2022-01-18 22:00:00+00:00,1.25156,1.2525,1.24504,1.25152,29878.0
2022-01-19 22:00:00+00:00,1.25124,1.25169,1.24533,1.25038,26129.0
2022-01-20 22:00:00+00:00,1.25052,1.25878,1.24986,1.25827,38404.0
2022-01-23 22:00:00+00:00,1.258,1.2702,1.25546,1.2633,48349.0
2022-01-24 22:00:00+00:00,1.26354,1.26694,1.25972,1.26314,46461.0
2022-01-25 22:00:00+00:00,1.26304,1.26884,1.25596,1.26662,60721.0
2022-01-26 22:00:00+00:00,1.26646,1.2748,1.26504,1.27414,52700.0
2022-01-27 22:00:00+00:00,1.27408,1.27967,1.27128,1.27727,43827.0
2022-01-30 22:00:00+00:00,1.2772,1.27773,1.26822,1.2709,31447.0
2022-01-31 22:00:00+00:00,1.27048,1.27266,1.26552,1.26824,29141.0
2022-02-01 22:00:00+00:00,1.2685,1.27061,1.26503,1.26648,23430.0
2022-02-02 22:00:00+00:00,1.26664,1.27156,1.2658,1.26742,32120.0
2022-02-03 22:00:00+00:00,1.26774,1.27876,1.26632,1.27658,34559.0
2022-02-06 22:00:00+00:00,1.27488,1.27565,1.2658,1.26674,24482.0
2022-02-07 22:00:00+00:00,1.2669,1.27209,1.26642,1.27022,21245.0
2022-02-08 22:00:00+00:00,1.27066,1.27152,1.26652,1.26726,14396.0
2022-02-09 22:00:00+00:00,1.26722,1.2728,1.2636,1.27212,34923.0
2022-02-10 22:00:00+00:00,1.27214,1.27537,1.26694,1.27363,49827.0
2022-02-13 22:00:00+00:00,1.27353,1.2784,1.27198,1.27262,180255.0
2022-02-14 22:00:00+00:00,1.27296,1.27746,1.27012,1.27168,119757.0
2022-02-15 22:00:00+00:00,1.27208,1.27256,1.26638,1.26942,115590.0
2022-02-16 22:00:00+00:00,1.2689,1.27346,1.26744,1.27082,186589.0
2022-02-17 22:00:00+00:00,1.27078,1.2761,1.26736,1.27541,126427.0
2022-02-20 22:00:00+00:00,1.27477,1.27615,1.27219,1.27538,109537.0
2022-02-21 22:00:00+00:00,1.27554,1.27834,1.27188,1.27696,153133.0
2022-02-22 22:00:00+00:00,1.27716,1.27716,1.26816,1.27362,111575.0
2022-02-23 22:00:00+00:00,1.27354,1.28776,1.2728,1.28186,340510.0
2022-02-24 22:00:00+00:00,1.28162,1.28207,1.26954,1.27002,174832.0
2022-02-27 22:00:00+00:00,1.27662,1.28098,1.26594,1.26696,207858.0
2022-02-28 22:00:00+00:00,1.26704,1.27506,1.26537,1.27426,143093.0
2022-03-01 22:00:00+00:00,1.27414,1.2745,1.26282,1.26316,221917.0
2022-03-02 22:00:00+00:00,1.26312,1.26929,1.25873,1.2682,132529.0
2022-03-03 22:00:00+00:00,1.26794,1.27922,1.26698,1.2728,189639.0
2022-03-06 22:00:00+00:00,1.27237,1.28212,1.26856,1.2818,243909.0
2022-03-07 22:00:00+00:00,1.282,1.29012,1.27961,1.289,222588.0
2022-03-08 22:00:00+00:00,1.28908,1.28944,1.28037,1.28062,150887.0
2022-03-09 22:00:00+00:00,1.28078,1.2842,1.27506,1.27682,146737.0
2022-03-10 22:00:00+00:00,1.27682,1.27942,1.2694,1.2753,154121.0
2022-03-13 21:00:00+00:00,1.27333,1.28268,1.27287,1.28254,153677.0
2022-03-14 21:00:00+00:00,1.28192,1.28715,1.27616,1.27634,129315.0
2022-03-15 21:00:00+00:00,1.27654,1.27786,1.26762,1.26762,163780.0
2022-03-16 21:00:00+00:00,1.26772,1.26992,1.26133,1.26272,133556.0
2022-03-17 21:00:00+00:00,1.26286,1.26468,1.25888,1.26037,94966.0
2022-03-20 21:00:00+00:00,1.26076,1.2622,1.25652,1.25922,88060.0
2022-03-21 21:00:00+00:00,1.2591,1.26242,1.25672,1.25692,91611.0
2022-03-22 21:00:00+00:00,1.25752,1.26056,1.2542,1.2564,82282.0
2022-03-23 21:00:00+00:00,1.2562,1.25862,1.25097,1.25298,94033.0
2022-03-24 21:00:00+00:00,1.25272,1.25533,1.24656,1.2477,92516.0
2022-03-27 21:00:00+00:00,1.24825,1.25928,1.24735,1.25182,105211.0
2022-03-28 21:00:00+00:00,1.25188,1.25304,1.24696,1.2503,109500.0
2022-03-29 21:00:00+00:00,1.24996,1.2509,1.24296,1.24816,92640.0
2022-03-30 21:00:00+00:00,1.24812,1.25336,1.24641,1.2507,95553.0
2022-03-31 21:00:00+00:00,1.2505,1.254,1.24806,1.25141,84110.0
2022-04-03 21:00:00+00:00,1.25154,1.25288,1.2468,1.24864,60201.0
2022-04-04 21:00:00+00:00,1.2486,1.24982,1.24028,1.24864,79235.0
2022-04-05 21:00:00+00:00,1.24868,1.25585,1.24789,1.25456,109362.0
2022-04-06 21:00:00+00:00,1.25422,1.26118,1.2538,1.25932,97000.0
2022-04-07 21:00:00+00:00,1.25895,1.26192,1.25648,1.2573,83313.0
2022-04-10 21:00:00+00:00,1.2566,1.2641,1.25615,1.2634,94911.0
2022-04-11 21:00:00+00:00,1.26325,1.26618,1.25818,1.26433,107271.0
2022-04-12 21:00:00+00:00,1.26438,1.26764,1.2555,1.25654,100831.0
2022-04-13 21:00:00+00:00,1.25654,1.2642,1.25215,1.26039,102169.0
2022-04-14 21:00:00+00:00,1.26054,1.26229,1.259,1.26142,258994.0
2022-04-17 21:00:00+00:00,1.26131,1.26443,1.26034,1.2609,75052.0
2022-04-18 21:00:00+00:00,1.26108,1.2647,1.25682,1.26223,107812.0
2022-04-19 21:00:00+00:00,1.2619,1.26246,1.24723,1.24926,114296.0
2022-04-20 21:00:00+00:00,1.24986,1.25904,1.24584,1.25832,116402.0
2022-04-21 21:00:00+00:00,1.2582,1.27263,1.25673,1.27104,136755.0
2022-04-24 21:00:00+00:00,1.27186,1.27774,1.2699,1.27366,150417.0
2022-04-25 21:00:00+00:00,1.27354,1.28279,1.26845,1.28268,128278.0
2022-04-26 21:00:00+00:00,1.28242,1.28542,1.2778,1.28166,148761.0
2022-04-27 21:00:00+00:00,1.2824,1.288,1.2791,1.28072,142912.0
2022-04-28 21:00:00+00:00,1.2808,1.28608,1.27187,1.28581,144147.0
2022-05-01 21:00:00+00:00,1.28446,1.29141,1.28414,1.28795,135270.0
2022-05-02 21:00:00+00:00,1.28798,1.2894,1.28255,1.28402,140489.0
2022-05-03 21:00:00+00:00,1.284,1.28536,1.27338,1.27378,130688.0
2022-05-04 21:00:00+00:00,1.27469,1.28683,1.27138,1.28369,174249.0
2022-05-05 21:00:00+00:00,1.28344,1.29128,1.28137,1.29091,206944.0
2022-05-08 21:00:00+00:00,1.29051,1.30157,1.29035,1.30136,180137.0
2022-05-09 21:00:00+00:00,1.30156,1.30524,1.29618,1.30274,203416.0
2022-05-10 21:00:00+00:00,1.30278,1.30396,1.29214,1.29934,215119.0
2022-05-11 21:00:00+00:00,1.29931,1.30768,1.2977,1.30448,199010.0
2022-05-12 21:00:00+00:00,1.30432,1.30498,1.28932,1.29114,146609.0
2022-05-15 21:00:00+00:00,1.2918,1.29818,1.28364,1.28474,166616.0
2022-05-16 21:00:00+00:00,1.28475,1.2859,1.28066,1.28092,142478.0
2022-05-17 21:00:00+00:00,1.2811,1.28959,1.2795,1.28925,144438.0
2022-05-18 21:00:00+00:00,1.28898,1.28937,1.2783,1.28232,218647.0
2022-05-19 21:00:00+00:00,1.28256,1.28682,1.27764,1.28391,157588.0
2022-05-22 21:00:00+00:00,1.28466,1.28499,1.2767,1.27694,121508.0
2022-05-23 21:00:00+00:00,1.27693,1.28728,1.2766,1.28219,152913.0
2022-05-24 21:00:00+00:00,1.28195,1.28854,1.28025,1.2817,161673.0
2022-05-25 21:00:00+00:00,1.28159,1.28492,1.27686,1.27714,128137.0
2022-05-26 21:00:00+00:00,1.27728,1.2784,1.27177,1.27196,112705.0
2022-05-29 21:00:00+00:00,1.27299,1.27316,1.26504,1.26547,76016.0
2022-05-30 21:00:00+00:00,1.26572,1.26871,1.26292,1.26507,143371.0
2022-05-31 21:00:00+00:00,1.26482,1.26769,1.26065,1.26578,137674.0
2022-06-01 21:00:00+00:00,1.26558,1.2686,1.25644,1.25701,112627.0
2022-06-02 21:00:00+00:00,1.25714,1.2596,1.2551,1.25908,106980.0
2022-06-05 21:00:00+00:00,1.25952,1.26014,1.25352,1.25788,98882.0
2022-06-06 21:00:00+00:00,1.25776,1.26186,1.25238,1.25316,117595.0
2022-06-07 21:00:00+00:00,1.25315,1.25654,1.25176,1.2557,110296.0
2022-06-08 21:00:00+00:00,1.25575,1.27054,1.2549,1.26985,131018.0
2022-06-09 21:00:00+00:00,1.26995,1.28128,1.26814,1.27862,154257.0
2022-06-12 21:00:00+00:00,1.27828,1.29002,1.27792,1.28987,228322.0
2022-06-13 21:00:00+00:00,1.28958,1.29751,1.28662,1.29574,202863.0
2022-06-14 21:00:00+00:00,1.29526,1.29963,1.2863,1.28954,174331.0
2022-06-15 21:00:00+00:00,1.28888,1.29706,1.28608,1.29471,146344.0
2022-06-16 21:00:00+00:00,1.29516,1.3079,1.29394,1.30275,127364.0
2022-06-19 21:00:00+00:00,1.30309,1.30397,1.29788,1.29807,84576.0
2022-06-20 21:00:00+00:00,1.29816,1.29861,1.29061,1.29178,92276.0
2022-06-21 21:00:00+00:00,1.29214,1.29966,1.29121,1.29476,115992.0
2022-06-22 21:00:00+00:00,1.29473,1.30178,1.29364,1.29964,130350.0
2022-06-23 21:00:00+00:00,1.2992,1.30016,1.289,1.28916,100793.0
2022-06-26 21:00:00+00:00,1.28936,1.29167,1.28645,1.2875,107393.0
2022-06-27 21:00:00+00:00,1.28755,1.28948,1.28194,1.28746,108732.0
2022-06-28 21:00:00+00:00,1.28752,1.29004,1.28439,1.28954,118478.0
2022-06-29 21:00:00+00:00,1.28924,1.29334,1.28614,1.28745,135093.0
2022-06-30 21:00:00+00:00,1.2875,1.29665,1.2867,1.2884,121915.0
2022-07-03 21:00:00+00:00,1.28821,1.2903,1.28374,1.28598,58472.0
2022-07-04 21:00:00+00:00,1.28604,1.30834,1.28438,1.30291,132519.0
2022-07-05 21:00:00+00:00,1.30295,1.30778,1.30121,1.30354,151063.0
2022-07-06 21:00:00+00:00,1.30382,1.30562,1.29632,1.29682,108048.0
2022-07-07 21:00:00+00:00,1.29705,1.30354,1.2936,1.2938,124638.0
2022-07-10 21:00:00+00:00,1.29535,1.30519,1.29422,1.30044,110285.0
2022-07-11 21:00:00+00:00,1.30056,1.30508,1.29841,1.30232,131676.0
2022-07-12 21:00:00+00:00,1.3022,1.30608,1.29366,1.29794,153168.0
2022-07-13 21:00:00+00:00,1.2976,1.32236,1.29716,1.31152,163862.0
2022-07-14 21:00:00+00:00,1.31174,1.31356,1.30134,1.30248,125469.0
2022-07-17 21:00:00+00:00,1.30208,1.30252,1.28985,1.29836,109654.0
2022-07-18 21:00:00+00:00,1.29802,1.29897,1.2868,1.28711,120227.0
2022-07-19 21:00:00+00:00,1.28708,1.29072,1.28547,1.28812,115827.0
2022-07-20 21:00:00+00:00,1.28828,1.29372,1.28593,1.28653,134422.0
2022-07-21 21:00:00+00:00,1.28686,1.29281,1.28222,1.29155,111421.0
2022-07-24 21:00:00+00:00,1.29215,1.29468,1.28349,1.28464,104802.0
2022-07-25 21:00:00+00:00,1.28472,1.29013,1.2816,1.28844,96409.0
2022-07-26 21:00:00+00:00,1.28858,1.29118,1.28083,1.2824,111989.0
2022-07-27 21:00:00+00:00,1.28242,1.287,1.27952,1.28046,114937.0
2022-07-28 21:00:00+00:00,1.28083,1.28552,1.27887,1.27968,109561.0
2022-07-31 21:00:00+00:00,1.2812,1.28562,1.27673,1.28383,92876.0
2022-08-01 21:00:00+00:00,1.2842,1.28874,1.28338,1.28788,132870.0
2022-08-02 21:00:00+00:00,1.28778,1.28919,1.28325,1.2841,104726.0
2022-08-03 21:00:00+00:00,1.28418,1.28763,1.28182,1.28628,95072.0
2022-08-04 21:00:00+00:00,1.2864,1.2985,1.2863,1.29376,96550.0
2022-08-07 21:00:00+00:00,1.29349,1.29504,1.2839,1.28559,80397.0
2022-08-08 21:00:00+00:00,1.28556,1.29006,1.28436,1.28835,79019.0
2022-08-09 21:00:00+00:00,1.28928,1.28969,1.27512,1.27758,90078.0
2022-08-10 21:00:00+00:00,1.27765,1.27918,1.27278,1.2764,88276.0
2022-08-11 21:00:00+00:00,1.27635,1.28029,1.27396,1.2774,80080.0
2022-08-14 21:00:00+00:00,1.27756,1.2934,1.27704,1.29026,76001.0
2022-08-15 21:00:00+00:00,1.29046,1.2929,1.2831,1.28412,87145.0
2022-08-16 21:00:00+00:00,1.28446,1.29366,1.28276,1.29143,103640.0
2022-08-17 21:00:00+00:00,1.29134,1.2967,1.28808,1.29468,84834.0
2022-08-18 21:00:00+00:00,1.2947,1.30092,1.29445,1.29916,75370.0
2022-08-21 21:00:00+00:00,1.29883,1.3061,1.29716,1.3053,78177.0
2022-08-22 21:00:00+00:00,1.3055,1.30632,1.29334,1.29584,98288.0
2022-08-23 21:00:00+00:00,1.29592,1.30188,1.29528,1.29722,87836.0
2022-08-24 21:00:00+00:00,1.29688,1.29761,1.28952,1.29235,87709.0
2022-08-25 21:00:00+00:00,1.29258,1.30436,1.29042,1.30377,98254.0
2022-08-28 21:00:00+00:00,1.30533,1.3076,1.29908,1.30114,91636.0
2022-08-29 21:00:00+00:00,1.3011,1.31084,1.29721,1.3093,105362.0
2022-08-30 21:00:00+00:00,1.3094,1.3141,1.30633,1.31342,119792.0
2022-08-31 21:00:00+00:00,1.31306,1.3208,1.31255,1.31549,118734.0
2022-09-01 21:00:00+00:00,1.31546,1.31701,1.30748,1.31269,113423.0
2022-09-04 21:00:00+00:00,1.31312,1.31738,1.31289,1.3142,72550.0
2022-09-05 21:00:00+00:00,1.31416,1.31704,1.30966,1.31518,108994.0
2022-09-06 21:00:00+00:00,1.31524,1.32088,1.31107,1.31193,124655.0
2022-09-07 21:00:00+00:00,1.31213,1.31596,1.30772,1.30902,122255.0
2022-09-08 21:00:00+00:00,1.30934,1.30952,1.29818,1.30194,104031.0
2022-09-11 21:00:00+00:00,1.30401,1.305,1.29639,1.29833,82421.0
2022-09-12 21:00:00+00:00,1.29858,1.31749,1.29539,1.31749,114740.0
2022-09-13 21:00:00+00:00,1.31714,1.32062,1.31391,1.31668,116142.0
2022-09-14 21:00:00+00:00,1.31668,1.32402,1.31538,1.32284,104681.0
2022-09-15 21:00:00+00:00,1.32285,1.3308,1.32272,1.32618,107552.0
2022-09-18 21:00:00+00:00,1.32663,1.33442,1.32454,1.32514,99563.0
2022-09-19 21:00:00+00:00,1.32503,1.3375,1.32273,1.33674,101492.0
2022-09-20 21:00:00+00:00,1.3366,1.34676,1.33577,1.34661,146260.0
2022-09-21 21:00:00+00:00,1.34644,1.35446,1.3409,1.34881,148810.0
2022-09-22 21:00:00+00:00,1.34873,1.36125,1.34682,1.35908,138653.0
2022-09-25 21:00:00+00:00,1.36038,1.3808,1.35594,1.37391,196225.0
2022-09-26 21:00:00+00:00,1.3736,1.37758,1.36398,1.37253,159803.0
2022-09-27 21:00:00+00:00,1.37251,1.38332,1.36029,1.36038,197332.0
2022-09-28 21:00:00+00:00,1.36071,1.37558,1.36054,1.36832,188334.0
2022-09-29 21:00:00+00:00,1.36756,1.38386,1.36581,1.38278,174023.0
2022-10-02 21:00:00+00:00,1.38197,1.38268,1.36204,1.3622,162074.0
2022-10-03 21:00:00+00:00,1.36251,1.36646,1.3503,1.35102,163747.0
2022-10-04 21:00:00+00:00,1.3519,1.36957,1.35036,1.36189,147422.0
2022-10-05 21:00:00+00:00,1.36173,1.37555,1.35646,1.3746,164997.0
2022-10-06 21:00:00+00:00,1.37465,1.37614,1.36758,1.37342,157787.0
2022-10-09 21:00:00+00:00,1.37312,1.37822,1.3703,1.378,142336.0
2022-10-10 21:00:00+00:00,1.37782,1.38554,1.37144,1.37953,202196.0
2022-10-11 21:00:00+00:00,1.3798,1.3831,1.37601,1.38168,186225.0
2022-10-12 21:00:00+00:00,1.38156,1.3978,1.37069,1.37514,192147.0
2022-10-13 21:00:00+00:00,1.37456,1.38984,1.37036,1.38811,202579.0
2022-10-16 21:00:00+00:00,1.38746,1.38816,1.3699,1.37146,160438.0
2022-10-17 21:00:00+00:00,1.37151,1.38108,1.36574,1.37348,169293.0
2022-10-18 21:00:00+00:00,1.37426,1.38098,1.37186,1.3764,158780.0
2022-10-19 21:00:00+00:00,1.37619,1.38068,1.36512,1.3766,175888.0
2022-10-20 21:00:00+00:00,1.37648,1.38548,1.36298,1.36436,214038.0
2022-10-23 21:00:00+00:00,1.36352,1.37745,1.36066,1.37069,209020.0
2022-10-24 21:00:00+00:00,1.3707,1.3748,1.36016,1.36068,136183.0
2022-10-25 21:00:00+00:00,1.36154,1.3651,1.35079,1.3554,165947.0
2022-10-26 21:00:00+00:00,1.35636,1.36268,1.34956,1.35662,183089.0
2022-10-27 21:00:00+00:00,1.3564,1.3635,1.3525,1.36054,153917.0
2022-10-30 21:00:00+00:00,1.36174,1.36854,1.36006,1.3625,123929.0
2022-10-31 21:00:00+00:00,1.3625,1.36688,1.35304,1.36301,144092.0
2022-11-01 21:00:00+00:00,1.36295,1.3714,1.35482,1.37118,159419.0
2022-11-02 21:00:00+00:00,1.37108,1.38084,1.36826,1.37476,161929.0
2022-11-03 21:00:00+00:00,1.37373,1.37516,1.3469,1.34798,180079.0
2022-11-06 22:00:00+00:00,1.3536,1.35536,1.34652,1.3492,150793.0
2022-11-07 22:00:00+00:00,1.34934,1.35268,1.33876,1.3427,133462.0
2022-11-08 22:00:00+00:00,1.34422,1.35419,1.34108,1.35272,168998.0
2022-11-09 22:00:00+00:00,1.35298,1.35712,1.33086,1.33198,180466.0
2022-11-10 22:00:00+00:00,1.33314,1.3361,1.32358,1.32536,164800.0
2022-11-13 22:00:00+00:00,1.3277,1.33151,1.32394,1.33151,156049.0
2022-11-14 22:00:00+00:00,1.3312,1.33364,1.32262,1.32785,202993.0
2022-11-15 22:00:00+00:00,1.32769,1.33472,1.32278,1.33283,184516.0
2022-11-16 22:00:00+00:00,1.33274,1.34014,1.33052,1.33259,154687.0
2022-11-17 22:00:00+00:00,1.33251,1.34092,1.33001,1.33873,130120.0
2022-11-20 22:00:00+00:00,1.33756,1.34952,1.33744,1.34524,128728.0
2022-11-21 22:00:00+00:00,1.34489,1.34598,1.33652,1.33721,109434.0
2022-11-22 22:00:00+00:00,1.33746,1.34404,1.33447,1.3354,123554.0
2022-11-23 22:00:00+00:00,1.33536,1.33622,1.33166,1.33374,73957.0
2022-11-24 22:00:00+00:00,1.33407,1.33986,1.33172,1.33813,97370.0
2022-11-27 22:00:00+00:00,1.33946,1.35048,1.33921,1.34943,133040.0
2022-11-28 22:00:00+00:00,1.34969,1.3646,1.34088,1.35796,133481.0
2022-11-29 22:00:00+00:00,1.35778,1.35944,1.34228,1.34228,159136.0
2022-11-30 22:00:00+00:00,1.34222,1.3471,1.33952,1.343,159660.0
2022-12-01 22:00:00+00:00,1.34316,1.35212,1.34206,1.34724,150245.0
2022-12-04 22:00:00+00:00,1.34692,1.36053,1.33854,1.3588,135398.0
2022-12-05 22:00:00+00:00,1.35921,1.3676,1.35707,1.36524,133200.0
2022-12-06 22:00:00+00:00,1.36527,1.37,1.35891,1.36519,150967.0
2022-12-07 22:00:00+00:00,1.36512,1.36894,1.35612,1.35922,126819.0
2022-12-08 22:00:00+00:00,1.3595,1.36918,1.3569,1.36446,131607.0
2022-12-11 22:00:00+00:00,1.36323,1.36834,1.36186,1.36345,114341.0
2022-12-12 22:00:00+00:00,1.36374,1.3644,1.35218,1.35447,167234.0
2022-12-13 22:00:00+00:00,1.35497,1.36125,1.35187,1.35436,162655.0
2022-12-14 22:00:00+00:00,1.35479,1.36743,1.35405,1.3659,140094.0
2022-12-15 22:00:00+00:00,1.36619,1.37052,1.36178,1.36965,141908.0
2022-12-18 22:00:00+00:00,1.36808,1.36948,1.36232,1.36508,121112.0
2022-12-19 22:00:00+00:00,1.36496,1.37044,1.358,1.36125,167393.0
2022-12-20 22:00:00+00:00,1.36123,1.36382,1.35892,1.36092,134151.0
2022-12-21 22:00:00+00:00,1.36122,1.36846,1.35711,1.36466,127097.0
2022-12-22 22:00:00+00:00,1.3658,1.36587,1.35629,1.35948,112687.0
2022-12-26 22:00:00+00:00,1.35814,1.3585,1.34844,1.35233,86157.0
2022-12-27 22:00:00+00:00,1.3523,1.36121,1.34858,1.36044,112179.0
2022-12-28 22:00:00+00:00,1.3604,1.36108,1.35383,1.3548,103321.0
2022-12-29 22:00:00+00:00,1.35473,1.3582,1.3514,1.35454,113312.0
2023-01-01 22:00:00+00:00,1.35574,1.35849,1.35244,1.35752,58035.0
2023-01-02 22:00:00+00:00,1.35752,1.36854,1.35232,1.36686,150449.0
2023-01-03 22:00:00+00:00,1.36714,1.36804,1.34751,1.34771,166614.0
2023-01-04 22:00:00+00:00,1.34784,1.35955,1.34705,1.3571,148917.0
2023-01-05 22:00:00+00:00,1.3572,1.36647,1.34332,1.3445,150915.0
2023-01-08 22:00:00+00:00,1.34481,1.34485,1.33572,1.33902,132700.0
2023-01-09 22:00:00+00:00,1.33837,1.34456,1.33761,1.34276,138122.0
2023-01-10 22:00:00+00:00,1.34267,1.34453,1.34044,1.34242,110631.0
2023-01-11 22:00:00+00:00,1.3423,1.34594,1.33452,1.33678,165018.0
2023-01-12 22:00:00+00:00,1.3364,1.34394,1.33216,1.33948,126501.0
2023-01-15 22:00:00+00:00,1.33887,1.34184,1.33526,1.34075,85393.0
2023-01-16 22:00:00+00:00,1.34052,1.34372,1.33693,1.33915,137952.0
2023-01-17 22:00:00+00:00,1.33896,1.35004,1.33508,1.34944,163313.0
2023-01-18 22:00:00+00:00,1.349,1.35206,1.34468,1.34658,137807.0
2023-01-19 22:00:00+00:00,1.34658,1.34975,1.33733,1.33806,114490.0
2023-01-22 22:00:00+00:00,1.33922,1.34179,1.33421,1.33664,116717.0
2023-01-23 22:00:00+00:00,1.33741,1.34137,1.33466,1.3368,106800.0
2023-01-24 22:00:00+00:00,1.33712,1.34286,1.33401,1.33962,118182.0
2023-01-25 22:00:00+00:00,1.339,1.34081,1.33034,1.33218,115164.0
2023-01-26 22:00:00+00:00,1.33195,1.33468,1.33004,1.33115,92495.0
2023-01-29 22:00:00+00:00,1.33134,1.33895,1.32995,1.33872,105839.0
2023-01-30 22:00:00+00:00,1.33864,1.34719,1.3299,1.33084,110442.0
2023-01-31 22:00:00+00:00,1.3307,1.33802,1.32668,1.32906,128508.0
2023-02-01 22:00:00+00:00,1.32872,1.33477,1.32622,1.33161,142323.0
2023-02-02 22:00:00+00:00,1.33172,1.34261,1.33118,1.34024,141162.0
2023-02-05 22:00:00+00:00,1.34156,1.34758,1.33966,1.34467,113708.0
2023-02-06 22:00:00+00:00,1.34472,1.3469,1.33799,1.33984,146962.0
2023-02-07 22:00:00+00:00,1.3393,1.34506,1.33602,1.34468,109349.0
2023-02-08 22:00:00+00:00,1.34439,1.34633,1.33726,1.34552,100174.0
2023-02-09 22:00:00+00:00,1.34508,1.34724,1.3338,1.33457,130462.0
2023-02-12 22:00:00+00:00,1.3348,1.338,1.33252,1.3332,95503.0
2023-02-13 22:00:00+00:00,1.33316,1.33908,1.32742,1.33372,142305.0
2023-02-14 22:00:00+00:00,1.3336,1.34402,1.33334,1.33954,123255.0
2023-02-15 22:00:00+00:00,1.33904,1.34798,1.33576,1.34577,123005.0
2023-02-16 22:00:00+00:00,1.34544,1.35376,1.34502,1.3474,112931.0
2023-02-19 22:00:00+00:00,1.34792,1.34948,1.34416,1.34533,68381.0
2023-02-20 22:00:00+00:00,1.34536,1.35492,1.34414,1.3538,123661.0
2023-02-21 22:00:00+00:00,1.35374,1.35682,1.35144,1.35523,114999.0
2023-02-22 22:00:00+00:00,1.35544,1.35814,1.35162,1.35491,102320.0
2023-02-23 22:00:00+00:00,1.35443,1.36654,1.35274,1.36074,120200.0
2023-02-26 22:00:00+00:00,1.36116,1.36244,1.3534,1.35751,102522.0
2023-02-27 22:00:00+00:00,1.35764,1.36484,1.35608,1.3646,100094.0
2023-02-28 22:00:00+00:00,1.36432,1.36591,1.35844,1.35918,124980.0
2023-03-01 22:00:00+00:00,1.35952,1.36416,1.35824,1.35954,119116.0
2023-03-02 22:00:00+00:00,1.3597,1.36446,1.35551,1.35962,113924.0
2023-03-05 22:00:00+00:00,1.36048,1.36289,1.35822,1.36126,93531.0
2023-03-06 22:00:00+00:00,1.36152,1.37613,1.36,1.37536,118155.0
2023-03-07 22:00:00+00:00,1.37502,1.3815,1.37451,1.38034,106937.0
2023-03-08 22:00:00+00:00,1.38022,1.38376,1.37527,1.3828,104989.0
2023-03-09 22:00:00+00:00,1.3824,1.38623,1.37615,1.38233,183024.0
2023-03-12 21:00:00+00:00,1.38051,1.38172,1.36774,1.37299,253104.0
2023-03-13 21:00:00+00:00,1.37295,1.37504,1.36516,1.36862,185862.0
2023-03-14 21:00:00+00:00,1.36833,1.38144,1.366,1.37666,191186.0
2023-03-15 21:00:00+00:00,1.37578,1.3788,1.37142,1.37217,194262.0
2023-03-16 21:00:00+00:00,1.37225,1.37734,1.36776,1.37344,131164.0
2023-03-19 21:00:00+00:00,1.3724,1.37474,1.36516,1.3664,143703.0
2023-03-20 21:00:00+00:00,1.36645,1.37376,1.36442,1.3713,93335.0
2023-03-21 21:00:00+00:00,1.37168,1.37446,1.36568,1.3731,115211.0
2023-03-22 21:00:00+00:00,1.37331,1.37351,1.36308,1.3714,125264.0
2023-03-23 21:00:00+00:00,1.37148,1.38048,1.37078,1.37486,131706.0
2023-03-26 21:00:00+00:00,1.37356,1.37452,1.36494,1.36599,94361.0
2023-03-27 21:00:00+00:00,1.36622,1.36952,1.35919,1.35978,82228.0
2023-03-28 21:00:00+00:00,1.36012,1.3617,1.35564,1.35576,77225.0
2023-03-29 21:00:00+00:00,1.35608,1.35816,1.3516,1.35214,75310.0
2023-03-30 21:00:00+00:00,1.35258,1.35645,1.35076,1.35157,81845.0
2023-04-02 21:00:00+00:00,1.34976,1.35369,1.34115,1.34382,96713.0
2023-04-03 21:00:00+00:00,1.34297,1.34677,1.34062,1.34444,92689.0
2023-04-04 21:00:00+00:00,1.34442,1.34834,1.34258,1.34574,79200.0
2023-04-05 21:00:00+00:00,1.34662,1.35061,1.34472,1.3492,73887.0
2023-04-06 21:00:00+00:00,1.34848,1.35311,1.34836,1.35123,39523.0
2023-04-09 21:00:00+00:00,1.35196,1.35538,1.3485,1.35086,59774.0
2023-04-10 21:00:00+00:00,1.35128,1.35164,1.34622,1.34642,71863.0
2023-04-11 21:00:00+00:00,1.34672,1.34893,1.34282,1.34418,91868.0
2023-04-12 21:00:00+00:00,1.34428,1.34484,1.33336,1.33396,78898.0
2023-04-13 21:00:00+00:00,1.33376,1.33961,1.33011,1.33595,91143.0
2023-04-16 21:00:00+00:00,1.33741,1.34202,1.33428,1.33934,78246.0
2023-04-17 21:00:00+00:00,1.33936,1.33996,1.33596,1.33884,77505.0
2023-04-18 21:00:00+00:00,1.33904,1.34671,1.3385,1.34594,74256.0
2023-04-19 21:00:00+00:00,1.3459,1.34898,1.34485,1.34769,72121.0
2023-04-20 21:00:00+00:00,1.3474,1.35636,1.3472,1.35398,76160.0
2023-04-23 21:00:00+00:00,1.35352,1.35676,1.35226,1.35412,63683.0
2023-04-24 21:00:00+00:00,1.35412,1.36478,1.35248,1.36255,73379.0
2023-04-25 21:00:00+00:00,1.36279,1.36512,1.35994,1.36372,91662.0
2023-04-26 21:00:00+00:00,1.36368,1.36457,1.35891,1.3591,87405.0
2023-04-27 21:00:00+00:00,1.35985,1.36681,1.35363,1.35475,97921.0
2023-04-30 21:00:00+00:00,1.35425,1.35834,1.35304,1.35442,75312.0
2023-05-01 21:00:00+00:00,1.35386,1.36378,1.35283,1.36257,96826.0
2023-05-02 21:00:00+00:00,1.3625,1.36394,1.35822,1.36164,109505.0
2023-05-03 21:00:00+00:00,1.36204,1.3633,1.35192,1.35405,128731.0
2023-05-04 21:00:00+00:00,1.35364,1.35418,1.33713,1.33748,99734.0
2023-05-07 21:00:00+00:00,1.33883,1.33902,1.3315,1.33721,62155.0
2023-05-08 21:00:00+00:00,1.3371,1.34066,1.33652,1.33837,74758.0
2023-05-09 21:00:00+00:00,1.33866,1.3415,1.33352,1.33704,92954.0
2023-05-10 21:00:00+00:00,1.33712,1.3496,1.33633,1.34898,102871.0
2023-05-11 21:00:00+00:00,1.34906,1.35654,1.34798,1.3557,85624.0
2023-05-14 21:00:00+00:00,1.35458,1.35679,1.34594,1.34672,81642.0
2023-05-15 21:00:00+00:00,1.3469,1.34939,1.34041,1.34802,89765.0
2023-05-16 21:00:00+00:00,1.34716,1.3536,1.3437,1.34556,92361.0
2023-05-17 21:00:00+00:00,1.34556,1.35248,1.34499,1.35022,95183.0
2023-05-18 21:00:00+00:00,1.35022,1.3524,1.34688,1.34975,98603.0
2023-05-21 21:00:00+00:00,1.35042,1.35192,1.34852,1.35048,87839.0
2023-05-22 21:00:00+00:00,1.35048,1.35487,1.34845,1.35028,98223.0
2023-05-23 21:00:00+00:00,1.35036,1.3606,1.3496,1.35954,99009.0
2023-05-24 21:00:00+00:00,1.35958,1.36449,1.35864,1.36436,95909.0
2023-05-25 21:00:00+00:00,1.36386,1.36548,1.36008,1.36219,90584.0
2023-05-28 21:00:00+00:00,1.36111,1.36231,1.35831,1.35899,46282.0
2023-05-29 21:00:00+00:00,1.35908,1.36136,1.35673,1.35996,90564.0
2023-05-30 21:00:00+00:00,1.36006,1.36514,1.35694,1.35754,97977.0
2023-05-31 21:00:00+00:00,1.35732,1.35852,1.34367,1.34491,95382.0
2023-06-01 21:00:00+00:00,1.34493,1.34514,1.34068,1.34261,86692.0
2023-06-04 21:00:00+00:00,1.3424,1.34619,1.34172,1.34441,77587.0
2023-06-05 21:00:00+00:00,1.34462,1.34524,1.339,1.34022,77157.0
2023-06-06 21:00:00+00:00,1.34052,1.34268,1.33209,1.33716,80066.0
2023-06-07 21:00:00+00:00,1.33716,1.33885,1.3334,1.33578,79775.0
2023-06-08 21:00:00+00:00,1.33558,1.33714,1.33133,1.33406,81841.0
2023-06-11 21:00:00+00:00,1.33412,1.33837,1.33149,1.3367,72114.0
2023-06-12 21:00:00+00:00,1.33699,1.33786,1.32861,1.33137,91227.0
2023-06-13 21:00:00+00:00,1.33156,1.33533,1.32722,1.33242,93588.0
2023-06-14 21:00:00+00:00,1.33229,1.33549,1.321,1.32206,79407.0
2023-06-15 21:00:00+00:00,1.32204,1.32398,1.31779,1.31977,84885.0
2023-06-18 21:00:00+00:00,1.31972,1.32289,1.31793,1.32118,54796.0
2023-06-19 21:00:00+00:00,1.32146,1.32698,1.32057,1.32354,88374.0
2023-06-20 21:00:00+00:00,1.32356,1.3246,1.31572,1.3164,98409.0
2023-06-21 21:00:00+00:00,1.3164,1.31796,1.31387,1.3151,87974.0
2023-06-22 21:00:00+00:00,1.31524,1.32261,1.3143,1.31816,92119.0
2023-06-25 21:00:00+00:00,1.31818,1.3182,1.3136,1.31566,81803.0
2023-06-26 21:00:00+00:00,1.31519,1.31924,1.31166,1.3192,92972.0
2023-06-27 21:00:00+00:00,1.31921,1.32768,1.31894,1.32587,99613.0
2023-06-28 21:00:00+00:00,1.32572,1.32858,1.32392,1.32543,88618.0
2023-06-29 21:00:00+00:00,1.32472,1.32846,1.3207,1.32494,80070.0
2023-07-02 21:00:00+00:00,1.32421,1.32735,1.32304,1.32506,70708.0
2023-07-03 21:00:00+00:00,1.32502,1.3257,1.32032,1.32236,49142.0
2023-07-04 21:00:00+00:00,1.32254,1.32934,1.32202,1.32828,81813.0
2023-07-05 21:00:00+00:00,1.32809,1.33727,1.32752,1.33678,97465.0
2023-07-06 21:00:00+00:00,1.3367,1.3387,1.3266,1.3277,91084.0
2023-07-09 21:00:00+00:00,1.32756,1.33046,1.32684,1.32789,77538.0
2023-07-10 21:00:00+00:00,1.32788,1.32897,1.32305,1.32306,81740.0
2023-07-11 21:00:00+00:00,1.3231,1.32342,1.31436,1.31856,91758.0
2023-07-12 21:00:00+00:00,1.31871,1.3195,1.31036,1.31096,93801.0
2023-07-13 21:00:00+00:00,1.31148,1.32269,1.30928,1.3217,86166.0
2023-07-16 21:00:00+00:00,1.32167,1.32325,1.31608,1.31994,76394.0
2023-07-17 21:00:00+00:00,1.3197,1.32434,1.31673,1.31684,101717.0
2023-07-18 21:00:00+00:00,1.31694,1.31932,1.31559,1.31636,99367.0
2023-07-19 21:00:00+00:00,1.31636,1.31948,1.31194,1.3172,101784.0
2023-07-20 21:00:00+00:00,1.31758,1.32265,1.31533,1.32236,87472.0
2023-07-23 21:00:00+00:00,1.32198,1.32288,1.31504,1.31687,94175.0
2023-07-24 21:00:00+00:00,1.31684,1.32095,1.31468,1.31724,86164.0
2023-07-25 21:00:00+00:00,1.31707,1.3238,1.317,1.32068,115809.0
2023-07-26 21:00:00+00:00,1.32082,1.32434,1.31584,1.32257,115844.0
2023-07-27 21:00:00+00:00,1.32273,1.32498,1.3201,1.32497,113323.0
2023-07-30 21:00:00+00:00,1.3239,1.32618,1.31513,1.31892,87537.0
2023-07-31 21:00:00+00:00,1.31901,1.33002,1.31846,1.32808,89649.0
2023-08-01 21:00:00+00:00,1.32832,1.33536,1.32645,1.3352,104019.0
2023-08-02 21:00:00+00:00,1.33438,1.33782,1.33291,1.33539,105714.0
2023-08-03 21:00:00+00:00,1.3359,1.33941,1.33196,1.33809,107246.0
2023-08-06 21:00:00+00:00,1.33706,1.33996,1.3356,1.33686,87500.0
2023-08-07 21:00:00+00:00,1.33704,1.35022,1.33654,1.34174,105084.0
2023-08-08 21:00:00+00:00,1.34255,1.34542,1.34044,1.3423,95480.0
2023-08-09 21:00:00+00:00,1.34216,1.34501,1.33724,1.34482,113650.0
2023-08-10 21:00:00+00:00,1.34441,1.34662,1.34125,1.34462,100462.0
2023-08-13 21:00:00+00:00,1.34378,1.34801,1.34378,1.34606,99873.0
2023-08-14 21:00:00+00:00,1.34635,1.35018,1.34394,1.34996,111114.0
2023-08-15 21:00:00+00:00,1.34982,1.35453,1.34754,1.35324,109716.0
2023-08-16 21:00:00+00:00,1.35382,1.35528,1.34962,1.35466,109013.0
2023-08-17 21:00:00+00:00,1.35386,1.35749,1.35246,1.35522,96703.0
2023-08-20 21:00:00+00:00,1.35498,1.35728,1.34961,1.35448,87696.0
2023-08-21 21:00:00+00:00,1.35506,1.35652,1.35132,1.35506,90208.0
2023-08-22 21:00:00+00:00,1.3547,1.3604,1.35204,1.3525,82958.0
2023-08-23 21:00:00+00:00,1.35266,1.35892,1.351,1.35832,90625.0
2023-08-24 21:00:00+00:00,1.35796,1.36402,1.35696,1.36045,93118.0
2023-08-27 21:00:00+00:00,1.35918,1.36122,1.35702,1.35996,73577.0
2023-08-28 21:00:00+00:00,1.35966,1.36376,1.35498,1.35514,83101.0
2023-08-29 21:00:00+00:00,1.35534,1.35772,1.35131,1.3532,87155.0
2023-08-30 21:00:00+00:00,1.3534,1.35581,1.35042,1.35094,80154.0
2023-08-31 21:00:00+00:00,1.35203,1.36128,1.34892,1.35926,85923.0
2023-09-03 21:00:00+00:00,1.35929,1.36048,1.35756,1.35924,40778.0
2023-09-04 21:00:00+00:00,1.35917,1.36696,1.35892,1.36428,83584.0
2023-09-05 21:00:00+00:00,1.36452,1.3677,1.36224,1.36354,81269.0
2023-09-06 21:00:00+00:00,1.36382,1.36946,1.36322,1.36865,72915.0
2023-09-07 21:00:00+00:00,1.36818,1.36898,1.36082,1.36408,69907.0
2023-09-10 21:00:00+00:00,1.36364,1.36377,1.3561,1.3574,68977.0
2023-09-11 21:00:00+00:00,1.357,1.35934,1.35436,1.35524,70752.0
2023-09-12 21:00:00+00:00,1.35553,1.35874,1.3521,1.35492,93329.0
2023-09-13 21:00:00+00:00,1.3553,1.35544,1.34936,1.35065,83785.0
2023-09-14 21:00:00+00:00,1.35095,1.35498,1.34941,1.35258,88639.0
2023-09-17 21:00:00+00:00,1.35222,1.35288,1.3472,1.34859,61936.0
2023-09-18 21:00:00+00:00,1.34896,1.34906,1.33802,1.3448,75426.0
2023-09-19 21:00:00+00:00,1.34489,1.34774,1.33956,1.3463,93459.0
2023-09-20 21:00:00+00:00,1.34538,1.35236,1.34529,1.34836,93288.0
2023-09-21 21:00:00+00:00,1.34831,1.34918,1.34236,1.34836,78392.0
2023-09-24 21:00:00+00:00,1.34761,1.3492,1.34533,1.34544,73044.0
2023-09-25 21:00:00+00:00,1.34538,1.35283,1.3449,1.35167,87263.0
2023-09-26 21:00:00+00:00,1.3518,1.35431,1.34954,1.34999,86907.0
2023-09-27 21:00:00+00:00,1.35014,1.35164,1.34706,1.34866,102913.0
2023-09-28 21:00:00+00:00,1.34891,1.3585,1.3417,1.35806,97981.0
2023-10-01 21:00:00+00:00,1.3574,1.36802,1.35618,1.36764,93259.0
2023-10-02 21:00:00+00:00,1.36667,1.37364,1.36667,1.37094,109664.0
2023-10-03 21:00:00+00:00,1.371,1.378,1.36904,1.37474,103924.0
2023-10-04 21:00:00+00:00,1.37403,1.37858,1.37037,1.37046,107351.0
2023-10-05 21:00:00+00:00,1.37068,1.37455,1.36437,1.36616,115224.0
2023-10-08 21:00:00+00:00,1.3676,1.36796,1.35812,1.35874,93409.0
2023-10-09 21:00:00+00:00,1.35967,1.36174,1.35693,1.35829,105184.0
2023-10-10 21:00:00+00:00,1.35868,1.3624,1.35716,1.35942,94114.0
2023-10-11 21:00:00+00:00,1.35946,1.37007,1.35784,1.36918,92769.0
2023-10-12 21:00:00+00:00,1.36908,1.36954,1.36363,1.36559,97608.0
2023-10-15 21:00:00+00:00,1.36471,1.36644,1.36064,1.36097,77456.0
2023-10-16 21:00:00+00:00,1.36106,1.3703,1.36058,1.36483,84859.0
2023-10-17 21:00:00+00:00,1.36512,1.37163,1.36172,1.37156,91256.0
2023-10-18 21:00:00+00:00,1.37132,1.37411,1.36792,1.37199,108905.0
2023-10-19 21:00:00+00:00,1.3721,1.37344,1.36698,1.37154,89274.0
2023-10-22 21:00:00+00:00,1.37125,1.37367,1.36677,1.36902,89206.0
2023-10-23 21:00:00+00:00,1.36912,1.37548,1.36611,1.37414,84860.0
2023-10-24 21:00:00+00:00,1.3737,1.38102,1.37305,1.37994,91461.0
2023-10-25 21:00:00+00:00,1.37954,1.38442,1.37898,1.38319,98688.0
2023-10-26 21:00:00+00:00,1.3827,1.38806,1.37964,1.38744,86376.0
2023-10-29 21:00:00+00:00,1.38604,1.38731,1.38134,1.3827,74655.0
2023-10-30 21:00:00+00:00,1.38286,1.38923,1.38137,1.38756,82523.0
2023-10-31 21:00:00+00:00,1.38692,1.38991,1.38413,1.38568,99252.0
2023-11-01 21:00:00+00:00,1.38598,1.38598,1.37358,1.37371,81534.0
2023-11-02 21:00:00+00:00,1.37426,1.37607,1.36533,1.3656,87247.0
2023-11-05 22:00:00+00:00,1.3659,1.3703,1.36294,1.36996,74118.0
2023-11-06 22:00:00+00:00,1.36965,1.37828,1.36886,1.37658,87645.0
2023-11-07 22:00:00+00:00,1.37654,1.38148,1.37546,1.3792,91160.0
2023-11-08 22:00:00+00:00,1.3795,1.38165,1.37466,1.38088,93555.0
2023-11-09 22:00:00+00:00,1.38057,1.38549,1.37914,1.37993,86624.0
2023-11-12 22:00:00+00:00,1.37972,1.3832,1.37772,1.38058,72240.0
2023-11-13 22:00:00+00:00,1.3799,1.38435,1.36846,1.36926,89370.0
2023-11-14 22:00:00+00:00,1.36887,1.37101,1.36544,1.36825,90785.0
2023-11-15 22:00:00+00:00,1.36815,1.3777,1.36774,1.37552,96099.0
2023-11-16 22:00:00+00:00,1.37584,1.3771,1.3708,1.3721,90108.0
2023-11-19 22:00:00+00:00,1.37176,1.37495,1.36898,1.37256,85640.0
2023-11-20 22:00:00+00:00,1.3722,1.37315,1.36811,1.37036,102646.0
2023-11-21 22:00:00+00:00,1.37048,1.37658,1.36862,1.36867,99427.0
2023-11-22 22:00:00+00:00,1.3693,1.37113,1.36509,1.36964,59975.0
2023-11-23 22:00:00+00:00,1.36946,1.37118,1.35936,1.36371,72492.0
2023-11-26 22:00:00+00:00,1.36376,1.36612,1.36136,1.36156,80109.0
2023-11-27 22:00:00+00:00,1.36184,1.36214,1.35602,1.35722,93344.0
2023-11-28 22:00:00+00:00,1.35706,1.36149,1.35412,1.35898,95951.0
2023-11-29 22:00:00+00:00,1.35892,1.36269,1.35522,1.35595,106152.0
2023-11-30 22:00:00+00:00,1.35593,1.35688,1.34871,1.34963,101743.0
2023-12-03 22:00:00+00:00,1.35058,1.35622,1.34801,1.35368,102908.0
2023-12-04 22:00:00+00:00,1.35364,1.35943,1.35345,1.3592,104166.0
2023-12-05 22:00:00+00:00,1.35874,1.35965,1.35488,1.35932,90183.0
2023-12-06 22:00:00+00:00,1.35905,1.36196,1.35838,1.36001,96591.0
2023-12-07 22:00:00+00:00,1.35982,1.36097,1.35506,1.35827,108923.0
2023-12-10 22:00:00+00:00,1.3585,1.36044,1.35505,1.35744,86247.0
2023-12-11 22:00:00+00:00,1.357,1.36188,1.3545,1.35913,84388.0
2023-12-12 22:00:00+00:00,1.35897,1.36084,1.34948,1.35179,91788.0
2023-12-13 22:00:00+00:00,1.35156,1.35192,1.33943,1.34074,106058.0
2023-12-14 22:00:00+00:00,1.3407,1.34152,1.33504,1.33779,99787.0
2023-12-17 22:00:00+00:00,1.33748,1.34095,1.33498,1.33998,75670.0
2023-12-18 22:00:00+00:00,1.33987,1.34006,1.33328,1.3333,75675.0
2023-12-19 22:00:00+00:00,1.33326,1.33708,1.33117,1.33678,85195.0
2023-12-20 22:00:00+00:00,1.33696,1.33714,1.3276,1.32822,97592.0
2023-12-21 22:00:00+00:00,1.32835,1.32929,1.32192,1.32671,85000.0
2023-12-25 22:00:00+00:00,1.32562,1.32622,1.31953,1.31956,43325.0
2023-12-26 22:00:00+00:00,1.32009,1.32193,1.31774,1.3209,56578.0
2023-12-27 22:00:00+00:00,1.32069,1.32358,1.31825,1.32289,68270.0
2023-12-28 22:00:00+00:00,1.32339,1.32654,1.31784,1.32522,77346.0
2024-01-01 22:00:00+00:00,1.3238,1.3334,1.32286,1.33216,88676.0
2024-01-02 22:00:00+00:00,1.33245,1.33722,1.33179,1.33524,98817.0
2024-01-03 22:00:00+00:00,1.33592,1.33661,1.33172,1.33499,89342.0
2024-01-04 22:00:00+00:00,1.33474,1.33994,1.32875,1.3362,105303.0
2024-01-07 22:00:00+00:00,1.33537,1.34051,1.3345,1.33486,85102.0
2024-01-08 22:00:00+00:00,1.33469,1.3415,1.33405,1.33903,81617.0
2024-01-09 22:00:00+00:00,1.33889,1.33954,1.33654,1.338,70939.0
2024-01-10 22:00:00+00:00,1.33805,1.3443,1.33506,1.33946,106395.0
2024-01-11 22:00:00+00:00,1.33922,1.3412,1.33434,1.3408,92875.0
2024-01-14 22:00:00+00:00,1.34074,1.34484,1.3382,1.34269,58336.0
2024-01-15 22:00:00+00:00,1.34262,1.3502,1.3424,1.34945,99117.0
2024-01-16 22:00:00+00:00,1.34932,1.3542,1.34804,1.35048,97076.0
2024-01-17 22:00:00+00:00,1.35102,1.35272,1.34807,1.34872,94886.0
2024-01-18 22:00:00+00:00,1.34861,1.35023,1.34276,1.34294,86489.0
2024-01-21 22:00:00+00:00,1.34382,1.3483,1.34152,1.34792,79670.0
2024-01-22 22:00:00+00:00,1.34786,1.3492,1.34534,1.34619,72314.0
2024-01-23 22:00:00+00:00,1.34592,1.35286,1.343,1.35239,87721.0
2024-01-24 22:00:00+00:00,1.35212,1.35346,1.34683,1.34742,89184.0
2024-01-25 22:00:00+00:00,1.34773,1.34834,1.34142,1.34525,85162.0
2024-01-28 22:00:00+00:00,1.34609,1.34654,1.34098,1.34146,73228.0
2024-01-29 22:00:00+00:00,1.3418,1.34466,1.33956,1.33971,81885.0
2024-01-30 22:00:00+00:00,1.34008,1.34462,1.33586,1.34348,111843.0
2024-01-31 22:00:00+00:00,1.34378,1.34644,1.33678,1.33858,108432.0
2024-02-01 22:00:00+00:00,1.33864,1.34758,1.3366,1.3467,97347.0
2024-02-04 22:00:00+00:00,1.34638,1.3544,1.34606,1.35422,88602.0
2024-02-05 22:00:00+00:00,1.35389,1.3544,1.34766,1.34932,83769.0
2024-02-06 22:00:00+00:00,1.34887,1.34928,1.3455,1.34622,86709.0
2024-02-07 22:00:00+00:00,1.34652,1.34932,1.3448,1.3459,77864.0
2024-02-08 22:00:00+00:00,1.34622,1.34818,1.3413,1.34584,76388.0
2024-02-11 22:00:00+00:00,1.34663,1.34753,1.34302,1.34511,64865.0
2024-02-12 22:00:00+00:00,1.34522,1.35864,1.34394,1.35643,89030.0
2024-02-13 22:00:00+00:00,1.35664,1.35724,1.35311,1.35438,81885.0
2024-02-14 22:00:00+00:00,1.35432,1.3552,1.34636,1.34644,78970.0
2024-02-15 22:00:00+00:00,1.3465,1.35077,1.34611,1.34848,77938.0
2024-02-18 22:00:00+00:00,1.34835,1.34966,1.34682,1.34902,46732.0
2024-02-19 22:00:00+00:00,1.34896,1.35299,1.34723,1.35234,86680.0
2024-02-20 22:00:00+00:00,1.35248,1.35364,1.34942,1.35043,89252.0
2024-02-21 22:00:00+00:00,1.35013,1.35078,1.34409,1.34824,85832.0
2024-02-22 22:00:00+00:00,1.3484,1.35176,1.34616,1.35093,80112.0
2024-02-25 22:00:00+00:00,1.34958,1.35288,1.34958,1.3505,66946.0
2024-02-26 22:00:00+00:00,1.3506,1.35394,1.34847,1.35286,75475.0
2024-02-27 22:00:00+00:00,1.35268,1.36061,1.35243,1.35778,74614.0
2024-02-28 22:00:00+00:00,1.35799,1.35976,1.35411,1.35802,89773.0
2024-02-29 22:00:00+00:00,1.35754,1.36018,1.35451,1.35604,76811.0
2024-03-03 22:00:00+00:00,1.3553,1.3584,1.35456,1.35743,69564.0
2024-03-04 22:00:00+00:00,1.35738,1.36053,1.35554,1.35918,74844.0
2024-03-05 22:00:00+00:00,1.35944,1.36002,1.3499,1.35133,85251.0
2024-03-06 22:00:00+00:00,1.3518,1.35257,1.34542,1.34591,80592.0
2024-03-07 22:00:00+00:00,1.34612,1.34979,1.342,1.34865,89194.0
2024-03-10 21:00:00+00:00,1.34872,1.351,1.34696,1.34829,74343.0
2024-03-11 21:00:00+00:00,1.34844,1.35256,1.34667,1.34906,86842.0
2024-03-12 21:00:00+00:00,1.34924,1.34985,1.34592,1.34706,69565.0
2024-03-13 21:00:00+00:00,1.34686,1.35412,1.34594,1.35328,72467.0
2024-03-14 21:00:00+00:00,1.35359,1.3552,1.351,1.35441,79415.0
2024-03-17 21:00:00+00:00,1.35407,1.35518,1.35208,1.35338,54885.0
2024-03-18 21:00:00+00:00,1.35361,1.36136,1.35299,1.35666,71525.0
2024-03-19 21:00:00+00:00,1.35676,1.3605,1.3482,1.34926,79163.0
2024-03-20 21:00:00+00:00,1.34927,1.35419,1.3456,1.35305,77597.0
2024-03-21 21:00:00+00:00,1.3531,1.36142,1.35196,1.36066,65927.0
2024-03-24 21:00:00+00:00,1.36026,1.36144,1.35704,1.35862,58819.0
2024-03-25 21:00:00+00:00,1.35852,1.35907,1.35527,1.3584,51425.0
2024-03-26 21:00:00+00:00,1.35851,1.36084,1.35652,1.35676,58995.0
2024-03-27 21:00:00+00:00,1.35662,1.36139,1.3525,1.35405,62558.0
2024-03-28 21:00:00+00:00,1.35366,1.35614,1.35328,1.35437,44094.0
2024-03-31 21:00:00+00:00,1.35438,1.35868,1.3515,1.35712,57639.0
2024-04-01 21:00:00+00:00,1.35704,1.35846,1.35564,1.35666,60018.0
2024-04-02 21:00:00+00:00,1.35712,1.3589,1.35116,1.35264,63786.0
2024-04-03 21:00:00+00:00,1.35271,1.3559,1.3478,1.35439,54065.0
2024-04-04 21:00:00+00:00,1.35427,1.36476,1.35404,1.35898,83915.0
2024-04-07 21:00:00+00:00,1.35926,1.36168,1.35694,1.35727,73430.0
2024-04-08 21:00:00+00:00,1.35766,1.35988,1.3547,1.35714,71307.0
2024-04-09 21:00:00+00:00,1.35744,1.3703,1.35561,1.36816,101862.0
2024-04-10 21:00:00+00:00,1.36809,1.3726,1.3661,1.36886,94669.0
2024-04-11 21:00:00+00:00,1.36885,1.37873,1.3682,1.37733,87090.0
2024-04-14 21:00:00+00:00,1.3779,1.37936,1.37252,1.37877,99220.0
2024-04-15 21:00:00+00:00,1.37892,1.38462,1.37742,1.38288,105387.0
2024-04-16 21:00:00+00:00,1.38241,1.3838,1.37598,1.3773,91687.0
2024-04-17 21:00:00+00:00,1.3775,1.37816,1.37418,1.37676,82478.0
2024-04-18 21:00:00+00:00,1.37687,1.38046,1.37233,1.3749,118653.0
2024-04-21 21:00:00+00:00,1.37465,1.37534,1.3687,1.37002,72271.0
2024-04-22 21:00:00+00:00,1.3698,1.37145,1.36562,1.36634,74490.0
2024-04-23 21:00:00+00:00,1.36636,1.37289,1.36549,1.37034,69950.0
2024-04-24 21:00:00+00:00,1.37044,1.37312,1.36501,1.36573,77442.0
2024-04-25 21:00:00+00:00,1.36552,1.36959,1.36329,1.36696,74501.0
2024-04-28 21:00:00+00:00,1.3669,1.36769,1.36321,1.3661,66088.0
2024-04-29 21:00:00+00:00,1.36658,1.3785,1.36593,1.37774,71872.0
2024-04-30 21:00:00+00:00,1.37726,1.37832,1.37034,1.37388,80717.0
2024-05-01 21:00:00+00:00,1.37348,1.37426,1.36695,1.3675,79282.0
2024-05-02 21:00:00+00:00,1.36738,1.36918,1.36098,1.36854,87097.0
2024-05-05 21:00:00+00:00,1.36796,1.36974,1.3648,1.36652,50943.0
2024-05-06 21:00:00+00:00,1.36644,1.37414,1.36609,1.37262,57273.0
2024-05-07 21:00:00+00:00,1.37236,1.37628,1.37173,1.37234,55938.0
2024-05-08 21:00:00+00:00,1.3722,1.3738,1.36748,1.3677,55752.0
2024-05-09 21:00:00+00:00,1.36783,1.36906,1.36314,1.36728,53386.0
2024-05-12 21:00:00+00:00,1.36708,1.36898,1.36606,1.36668,46794.0
2024-05-13 21:00:00+00:00,1.36682,1.36905,1.36327,1.36504,56147.0
2024-05-14 21:00:00+00:00,1.36514,1.36608,1.35896,1.36023,54769.0
2024-05-15 21:00:00+00:00,1.3602,1.36412,1.359,1.36178,56175.0
2024-05-16 21:00:00+00:00,1.3615,1.36438,1.36012,1.36118,54780.0
2024-05-19 21:00:00+00:00,1.3616,1.36356,1.35961,1.36246,45892.0
2024-05-20 21:00:00+00:00,1.36258,1.36757,1.36148,1.36546,64336.0
2024-05-21 21:00:00+00:00,1.36518,1.36984,1.3624,1.36942,64497.0
2024-05-22 21:00:00+00:00,1.36936,1.37437,1.36568,1.37299,77692.0
2024-05-23 21:00:00+00:00,1.37298,1.37388,1.3648,1.36648,60327.0
2024-05-26 21:00:00+00:00,1.36688,1.3671,1.36298,1.3634,36459.0
2024-05-27 21:00:00+00:00,1.36366,1.3654,1.36148,1.36454,58012.0
2024-05-28 21:00:00+00:00,1.36454,1.37196,1.36416,1.3718,66609.0
2024-05-29 21:00:00+00:00,1.37161,1.3735,1.36603,1.36804,72134.0
2024-05-30 21:00:00+00:00,1.36814,1.36897,1.36192,1.36275,76012.0
2024-06-02 21:00:00+00:00,1.36316,1.36686,1.3603,1.3628,78365.0
2024-06-03 21:00:00+00:00,1.363,1.36993,1.36206,1.36764,89877.0
2024-06-04 21:00:00+00:00,1.3677,1.37416,1.36656,1.36942,75402.0
2024-06-05 21:00:00+00:00,1.3693,1.371,1.36642,1.36697,69301.0
2024-06-06 21:00:00+00:00,1.36684,1.37678,1.3663,1.37667,89471.0
2024-06-09 21:00:00+00:00,1.37618,1.37819,1.37538,1.37572,69011.0
2024-06-10 21:00:00+00:00,1.3757,1.37918,1.37481,1.3758,73526.0
2024-06-11 21:00:00+00:00,1.37578,1.37608,1.36801,1.37236,94075.0
2024-06-12 21:00:00+00:00,1.37217,1.37636,1.37146,1.37387,77158.0
2024-06-13 21:00:00+00:00,1.37409,1.37794,1.37278,1.37344,85933.0
2024-06-16 21:00:00+00:00,1.3735,1.37643,1.37207,1.37238,62243.0
2024-06-17 21:00:00+00:00,1.37238,1.37566,1.37092,1.37184,69925.0
2024-06-18 21:00:00+00:00,1.37164,1.3726,1.36982,1.37063,41198.0
2024-06-19 21:00:00+00:00,1.3705,1.3721,1.36824,1.3689,65547.0
2024-06-20 21:00:00+00:00,1.36872,1.37185,1.36746,1.36932,68149.0
2024-06-23 21:00:00+00:00,1.36935,1.37082,1.36501,1.36578,63440.0
2024-06-24 21:00:00+00:00,1.36564,1.36807,1.36046,1.36579,64746.0
2024-06-25 21:00:00+00:00,1.3655,1.3708,1.36504,1.37023,69048.0
2024-06-26 21:00:00+00:00,1.37012,1.37125,1.36758,1.37008,67133.0
2024-06-27 21:00:00+00:00,1.37002,1.37343,1.36554,1.36794,86243.0
2024-06-30 21:00:00+00:00,1.36734,1.3749,1.36634,1.37364,77594.0
2024-07-01 21:00:00+00:00,1.37386,1.37554,1.36676,1.36788,74823.0
2024-07-02 21:00:00+00:00,1.36787,1.36868,1.36172,1.36396,64108.0
2024-07-03 21:00:00+00:00,1.36362,1.36425,1.36082,1.36131,44234.0
2024-07-04 21:00:00+00:00,1.36126,1.36534,1.36026,1.36414,74746.0
2024-07-07 21:00:00+00:00,1.36446,1.36476,1.36242,1.36346,70042.0
2024-07-08 21:00:00+00:00,1.36375,1.36485,1.36282,1.3635,78055.0
2024-07-09 21:00:00+00:00,1.36363,1.36433,1.36083,1.36198,66933.0
2024-07-10 21:00:00+00:00,1.3619,1.36481,1.35888,1.36328,116115.0
2024-07-11 21:00:00+00:00,1.36328,1.36395,1.36114,1.36351,117489.0
2024-07-14 21:00:00+00:00,1.3645,1.3689,1.36314,1.36826,74091.0
2024-07-15 21:00:00+00:00,1.36824,1.3708,1.3665,1.36732,111938.0
2024-07-16 21:00:00+00:00,1.36718,1.37017,1.36567,1.3683,132314.0
2024-07-17 21:00:00+00:00,1.36834,1.37187,1.36705,1.37063,132555.0
2024-07-18 21:00:00+00:00,1.37068,1.37478,1.37016,1.37284,121018.0
2024-07-21 21:00:00+00:00,1.37187,1.3775,1.37056,1.37571,111265.0
2024-07-22 21:00:00+00:00,1.37548,1.37858,1.37528,1.37844,106572.0
2024-07-23 21:00:00+00:00,1.37834,1.38167,1.37782,1.38083,120331.0
2024-07-24 21:00:00+00:00,1.38076,1.38494,1.37968,1.38252,155734.0
2024-07-25 21:00:00+00:00,1.38242,1.38492,1.38074,1.38366,111051.0
2024-07-28 21:00:00+00:00,1.38331,1.38651,1.38165,1.38522,113752.0
2024-07-29 21:00:00+00:00,1.38516,1.38646,1.38381,1.38511,116441.0
2024-07-30 21:00:00+00:00,1.38496,1.3859,1.37875,1.38081,144998.0
2024-07-31 21:00:00+00:00,1.38054,1.38892,1.3793,1.38742,150505.0
2024-08-01 21:00:00+00:00,1.38768,1.38886,1.38342,1.38732,181165.0
2024-08-04 21:00:00+00:00,1.38684,1.39468,1.38097,1.38268,270624.0
2024-08-05 21:00:00+00:00,1.38258,1.38561,1.37569,1.3785,246462.0
2024-08-06 21:00:00+00:00,1.37854,1.3791,1.37209,1.37569,200188.0
2024-08-07 21:00:00+00:00,1.376,1.37658,1.37265,1.37344,183355.0
2024-08-08 21:00:00+00:00,1.37322,1.3756,1.37182,1.37298,167936.0
2024-08-11 21:00:00+00:00,1.37276,1.3748,1.37184,1.37422,118658.0
2024-08-12 21:00:00+00:00,1.3743,1.37474,1.37059,1.37066,131523.0
2024-08-13 21:00:00+00:00,1.37038,1.37246,1.3689,1.37146,115894.0
2024-08-14 21:00:00+00:00,1.37178,1.37386,1.36953,1.37298,104211.0
2024-08-15 21:00:00+00:00,1.37288,1.37373,1.36781,1.36781,97480.0
2024-08-18 21:00:00+00:00,1.36842,1.36854,1.36299,1.3634,97199.0
2024-08-19 21:00:00+00:00,1.36338,1.36416,1.36051,1.36206,115013.0
2024-08-20 21:00:00+00:00,1.36216,1.36245,1.35756,1.3594,111222.0
2024-08-21 21:00:00+00:00,1.35908,1.3619,1.35716,1.36149,103954.0
2024-08-22 21:00:00+00:00,1.36158,1.36165,1.3499,1.35094,108727.0
2024-08-25 21:00:00+00:00,1.35081,1.35156,1.34632,1.34858,99867.0
2024-08-26 21:00:00+00:00,1.34839,1.34886,1.34428,1.3444,96719.0
2024-08-27 21:00:00+00:00,1.34468,1.34884,1.3441,1.34809,113887.0
2024-08-28 21:00:00+00:00,1.34806,1.34912,1.34501,1.34844,113376.0
2024-08-29 21:00:00+00:00,1.34838,1.35098,1.34654,1.34938,111832.0
2024-09-01 21:00:00+00:00,1.34876,1.35055,1.34856,1.34946,57389.0
2024-09-02 21:00:00+00:00,1.34916,1.35626,1.34914,1.35506,120149.0
2024-09-03 21:00:00+00:00,1.35542,1.35656,1.35,1.35052,124991.0
2024-09-04 21:00:00+00:00,1.35076,1.35254,1.35022,1.35034,113443.0
2024-09-05 21:00:00+00:00,1.35048,1.35826,1.3466,1.3573,131691.0
2024-09-08 21:00:00+00:00,1.35686,1.35773,1.35464,1.35593,113098.0
2024-09-09 21:00:00+00:00,1.3559,1.36156,1.35559,1.36102,116268.0
2024-09-10 21:00:00+00:00,1.36104,1.36231,1.35666,1.35758,125893.0
2024-09-11 21:00:00+00:00,1.3577,1.36048,1.3565,1.35808,114237.0
2024-09-12 21:00:00+00:00,1.35815,1.36002,1.35651,1.35867,102444.0
2024-09-15 21:00:00+00:00,1.35954,1.36078,1.35668,1.35871,98297.0
2024-09-16 21:00:00+00:00,1.3585,1.36171,1.35803,1.35976,104050.0
2024-09-17 21:00:00+00:00,1.35954,1.36232,1.35404,1.36054,142108.0
2024-09-18 21:00:00+00:00,1.36021,1.36476,1.35334,1.35579,144316.0
2024-09-19 21:00:00+00:00,1.35568,1.35899,1.3542,1.35702,127177.0
2024-09-22 21:00:00+00:00,1.35632,1.35822,1.34872,1.35432,107176.0
2024-09-23 21:00:00+00:00,1.3537,1.35382,1.34308,1.34314,110955.0
2024-09-24 21:00:00+00:00,1.34312,1.3487,1.34197,1.34848,117543.0
2024-09-25 21:00:00+00:00,1.34818,1.34899,1.34578,1.34657,127187.0
2024-09-26 21:00:00+00:00,1.34662,1.35268,1.34638,1.3516,132425.0
2024-09-29 21:00:00+00:00,1.35076,1.35382,1.34898,1.35254,129671.0
2024-09-30 21:00:00+00:00,1.3527,1.35399,1.34811,1.34904,149363.0
2024-10-01 21:00:00+00:00,1.34944,1.35101,1.34725,1.3502,114159.0
2024-10-02 21:00:00+00:00,1.3498,1.35599,1.3496,1.3555,130112.0
2024-10-03 21:00:00+00:00,1.3549,1.35912,1.35448,1.35766,141905.0
2024-10-06 21:00:00+00:00,1.35694,1.36397,1.35686,1.36214,133184.0
2024-10-07 21:00:00+00:00,1.36232,1.36754,1.36114,1.3647,142234.0
2024-10-08 21:00:00+00:00,1.3647,1.37188,1.3643,1.37116,127295.0
2024-10-09 21:00:00+00:00,1.37048,1.37756,1.36966,1.37405,142839.0
2024-10-10 21:00:00+00:00,1.37404,1.37836,1.37252,1.37636,96748.0
2024-10-13 21:00:00+00:00,1.37579,1.38056,1.37575,1.37961,108950.0
2024-10-14 21:00:00+00:00,1.37953,1.38388,1.37702,1.37749,115977.0
2024-10-15 21:00:00+00:00,1.37774,1.37934,1.37501,1.3751,116912.0
2024-10-16 21:00:00+00:00,1.37534,1.38015,1.37471,1.37952,131708.0
2024-10-17 21:00:00+00:00,1.37921,1.38154,1.37855,1.38002,122765.0
2024-10-20 21:00:00+00:00,1.38029,1.38497,1.37994,1.38317,136226.0
2024-10-21 21:00:00+00:00,1.38318,1.38381,1.38138,1.38162,126804.0
2024-10-22 21:00:00+00:00,1.38202,1.38628,1.3816,1.38372,154969.0
2024-10-23 21:00:00+00:00,1.38366,1.38688,1.38128,1.38555,129057.0
2024-10-24 21:00:00+00:00,1.38536,1.38978,1.38382,1.38922,134642.0
2024-10-27 21:00:00+00:00,1.3891,1.39086,1.38822,1.38898,111543.0
2024-10-28 21:00:00+00:00,1.38901,1.39298,1.38768,1.39154,132295.0
2024-10-29 21:00:00+00:00,1.39126,1.39408,1.38952,1.39026,155534.0
2024-10-30 21:00:00+00:00,1.3906,1.39454,1.3891,1.39348,154718.0
2024-10-31 21:00:00+00:00,1.3936,1.3959,1.39028,1.39534,147060.0
2024-11-03 22:00:00+00:00,1.39254,1.39272,1.38751,1.39032,150497.0
2024-11-04 22:00:00+00:00,1.3902,1.3907,1.38234,1.38242,119656.0
2024-11-05 22:00:00+00:00,1.38246,1.3959,1.3823,1.39392,286364.0
2024-11-06 22:00:00+00:00,1.39406,1.39486,1.38423,1.38598,160426.0
2024-11-07 22:00:00+00:00,1.38596,1.39282,1.38594,1.39107,136088.0
2024-11-10 22:00:00+00:00,1.39132,1.39508,1.3905,1.39248,107824.0
2024-11-11 22:00:00+00:00,1.39265,1.39674,1.39172,1.39444,143081.0
2024-11-12 22:00:00+00:00,1.39431,1.4003,1.39304,1.39987,149939.0
2024-11-13 22:00:00+00:00,1.39952,1.40648,1.39883,1.40607,157533.0
2024-11-14 22:00:00+00:00,1.40564,1.41058,1.40334,1.40894,159626.0
2024-11-17 22:00:00+00:00,1.40915,1.4103,1.40042,1.4015,127462.0
2024-11-18 22:00:00+00:00,1.40176,1.40369,1.39553,1.39562,144174.0
2024-11-19 22:00:00+00:00,1.39586,1.40146,1.39507,1.39756,115743.0
2024-11-20 22:00:00+00:00,1.39754,1.39784,1.39314,1.39749,139212.0
2024-11-21 22:00:00+00:00,1.39716,1.40213,1.39578,1.39796,160394.0
2024-11-24 22:00:00+00:00,1.39511,1.40074,1.39279,1.39856,141429.0
2024-11-25 22:00:00+00:00,1.39864,1.41781,1.3982,1.40544,198687.0
2024-11-26 22:00:00+00:00,1.40556,1.40782,1.40092,1.40308,153955.0
2024-11-27 22:00:00+00:00,1.403,1.40318,1.39986,1.4015,87487.0
2024-11-28 22:00:00+00:00,1.40161,1.40458,1.39806,1.40052,192708.0
2024-12-01 22:00:00+00:00,1.39916,1.40898,1.39908,1.40464,181592.0
2024-12-02 22:00:00+00:00,1.40499,1.40761,1.40094,1.40702,141191.0
2024-12-03 22:00:00+00:00,1.40656,1.40834,1.4052,1.40734,138046.0
2024-12-04 22:00:00+00:00,1.40708,1.40798,1.40106,1.40247,108932.0
2024-12-05 22:00:00+00:00,1.40245,1.41648,1.4019,1.41596,138857.0
2024-12-08 22:00:00+00:00,1.41557,1.41754,1.40936,1.41717,102395.0
2024-12-09 22:00:00+00:00,1.41701,1.41952,1.41558,1.41811,111562.0
2024-12-10 22:00:00+00:00,1.41768,1.41986,1.41199,1.4159,144521.0
2024-12-11 22:00:00+00:00,1.4159,1.4228,1.41312,1.42216,144745.0
2024-12-12 22:00:00+00:00,1.42196,1.42454,1.42094,1.42368,119825.0
2024-12-15 22:00:00+00:00,1.42315,1.42724,1.4217,1.42438,107977.0
2024-12-16 22:00:00+00:00,1.42404,1.43239,1.42321,1.43105,115762.0
2024-12-17 22:00:00+00:00,1.43094,1.44496,1.43048,1.44482,140939.0
2024-12-18 22:00:00+00:00,1.44478,1.44676,1.43445,1.43996,165214.0
2024-12-19 22:00:00+00:00,1.43972,1.44357,1.43354,1.43748,150347.0
2024-12-22 22:00:00+00:00,1.4367,1.44336,1.43492,1.4373,115807.0
2024-12-23 22:00:00+00:00,1.43726,1.44204,1.43488,1.43567,89232.0
2024-12-25 22:00:00+00:00,1.43609,1.44206,1.43501,1.44072,91483.0
2024-12-26 22:00:00+00:00,1.44074,1.44496,1.4375,1.44151,109878.0
2024-12-29 22:00:00+00:00,1.44154,1.44332,1.43448,1.43548,122809.0
2024-12-30 22:00:00+00:00,1.43584,1.44097,1.43383,1.43832,119677.0
2025-01-01 22:00:00+00:00,1.43862,1.44424,1.43692,1.44032,132086.0
2025-01-02 22:00:00+00:00,1.4405,1.44638,1.43834,1.44492,121971.0
2025-01-05 22:00:00+00:00,1.44496,1.44508,1.428,1.43324,170271.0
2025-01-06 22:00:00+00:00,1.43408,1.43714,1.42978,1.43704,135436.0
2025-01-07 22:00:00+00:00,1.43664,1.441,1.43394,1.43752,154358.0
2025-01-08 22:00:00+00:00,1.43814,1.44053,1.43652,1.43946,105217.0
2025-01-09 22:00:00+00:00,1.43961,1.4443,1.43754,1.44226,163235.0
2025-01-12 22:00:00+00:00,1.44242,1.44477,1.4375,1.43774,151806.0
2025-01-13 22:00:00+00:00,1.43734,1.44106,1.43431,1.43495,161471.0
2025-01-14 22:00:00+00:00,1.4347,1.4367,1.4302,1.43398,133978.0
2025-01-15 22:00:00+00:00,1.43344,1.44032,1.43226,1.43928,142256.0
2025-01-16 22:00:00+00:00,1.43935,1.44856,1.43826,1.44806,129787.0
2025-01-19 22:00:00+00:00,1.44647,1.44859,1.42611,1.43086,166182.0
2025-01-20 22:00:00+00:00,1.43096,1.45182,1.42896,1.43238,236710.0
2025-01-21 22:00:00+00:00,1.43267,1.43912,1.4301,1.4378,145310.0
2025-01-22 22:00:00+00:00,1.43767,1.44136,1.43344,1.43846,168911.0
2025-01-23 22:00:00+00:00,1.43818,1.4384,1.4315,1.43438,169026.0
2025-01-26 22:00:00+00:00,1.4368,1.44018,1.43338,1.4374,197476.0
2025-01-27 22:00:00+00:00,1.4375,1.44204,1.43678,1.44031,161062.0
2025-01-28 22:00:00+00:00,1.43983,1.44718,1.4392,1.442,183292.0
2025-01-29 22:00:00+00:00,1.44183,1.45957,1.4393,1.44941,169311.0
2025-01-30 22:00:00+00:00,1.44889,1.456,1.43709,1.4527,263843.0
2025-02-02 22:00:00+00:00,1.47242,1.47937,1.43894,1.44313,416063.0
2025-02-03 22:00:00+00:00,1.44221,1.45034,1.4302,1.43228,198618.0
2025-02-04 22:00:00+00:00,1.43248,1.43448,1.427,1.43166,166404.0
2025-02-05 22:00:00+00:00,1.43155,1.4367,1.43014,1.4309,129917.0
2025-02-06 22:00:00+00:00,1.43078,1.43452,1.42734,1.42932,185194.0
2025-02-09 22:00:00+00:00,1.43523,1.438,1.43054,1.43158,133843.0
2025-02-10 22:00:00+00:00,1.43164,1.43458,1.42794,1.42846,121996.0
2025-02-11 22:00:00+00:00,1.42852,1.43426,1.42556,1.43097,166734.0
2025-02-12 22:00:00+00:00,1.4306,1.43062,1.41832,1.41933,169947.0
2025-02-13 22:00:00+00:00,1.41924,1.42016,1.4151,1.4181,132905.0
2025-02-16 22:00:00+00:00,1.41724,1.41946,1.41596,1.41829,97995.0
2025-02-17 22:00:00+00:00,1.41814,1.4213,1.41797,1.4197,129374.0
2025-02-18 22:00:00+00:00,1.41947,1.42457,1.41757,1.42394,127942.0
2025-02-19 22:00:00+00:00,1.42325,1.42451,1.41663,1.41774,139403.0
2025-02-20 22:00:00+00:00,1.41776,1.42364,1.41682,1.42263,145488.0
2025-02-23 22:00:00+00:00,1.42255,1.42684,1.41821,1.42596,158855.0
2025-02-24 22:00:00+00:00,1.42584,1.4318,1.424,1.43172,169274.0
2025-02-25 22:00:00+00:00,1.43131,1.43686,1.42942,1.43377,177973.0
2025-02-26 22:00:00+00:00,1.43383,1.44494,1.43223,1.44358,188372.0
2025-02-27 22:00:00+00:00,1.44403,1.44724,1.43998,1.44666,191324.0
2025-03-02 22:00:00+00:00,1.44478,1.4542,1.4369,1.44808,208326.0
2025-03-03 22:00:00+00:00,1.44816,1.45434,1.43708,1.43953,285592.0
2025-03-04 22:00:00+00:00,1.43956,1.44503,1.43304,1.43413,291378.0
2025-03-05 22:00:00+00:00,1.43378,1.4377,1.42396,1.4297,254880.0
2025-03-06 22:00:00+00:00,1.42962,1.44266,1.42798,1.43724,218691.0
2025-03-09 21:00:00+00:00,1.4369,1.44728,1.43531,1.44399,197324.0
2025-03-10 21:00:00+00:00,1.44376,1.45215,1.43794,1.44344,259362.0
2025-03-11 21:00:00+00:00,1.44362,1.44852,1.43534,1.43708,179259.0
2025-03-12 21:00:00+00:00,1.4369,1.44518,1.43594,1.44422,185750.0
2025-03-13 21:00:00+00:00,1.44448,1.4447,1.43556,1.43692,169307.0
2025-03-16 21:00:00+00:00,1.43724,1.43832,1.42756,1.4288,125255.0
2025-03-17 21:00:00+00:00,1.42864,1.43197,1.42658,1.42982,122634.0
2025-03-18 21:00:00+00:00,1.42968,1.43491,1.42959,1.43268,129228.0
2025-03-19 21:00:00+00:00,1.43262,1.44018,1.4313,1.4324,128595.0
2025-03-20 21:00:00+00:00,1.43239,1.43732,1.43138,1.43548,118300.0
2025-03-23 21:00:00+00:00,1.43541,1.43549,1.42895,1.43188,117232.0
2025-03-24 21:00:00+00:00,1.432,1.4333,1.4271,1.4278,102575.0
2025-03-25 21:00:00+00:00,1.42812,1.42984,1.42352,1.42684,112153.0
2025-03-26 21:00:00+00:00,1.42652,1.43292,1.42598,1.43054,144621.0
2025-03-27 21:00:00+00:00,1.43061,1.43334,1.42765,1.43172,121590.0
2025-03-30 21:00:00+00:00,1.43085,1.43961,1.42995,1.43886,150554.0
2025-03-31 21:00:00+00:00,1.4387,1.44154,1.42984,1.4304,151466.0
2025-04-01 21:00:00+00:00,1.43011,1.43678,1.42294,1.42537,161977.0
2025-04-02 21:00:00+00:00,1.4234,1.43196,1.40277,1.40974,338831.0
2025-04-03 21:00:00+00:00,1.4092,1.42594,1.40538,1.42306,433425.0
2025-04-06 21:00:00+00:00,1.42629,1.42964,1.41795,1.42482,578202.0
2025-04-07 21:00:00+00:00,1.4249,1.4272,1.41432,1.42624,340527.0
2025-04-08 21:00:00+00:00,1.42632,1.42738,1.40752,1.40798,478047.0
2025-04-09 21:00:00+00:00,1.4085,1.41108,1.39514,1.39842,362415.0
2025-04-10 21:00:00+00:00,1.39822,1.39909,1.38395,1.38652,485738.0
2025-04-13 21:00:00+00:00,1.38592,1.39113,1.38288,1.38764,223226.0
2025-04-14 21:00:00+00:00,1.38747,1.3978,1.38502,1.39614,169460.0
2025-04-15 21:00:00+00:00,1.39554,1.39659,1.38559,1.38584,180529.0
2025-04-16 21:00:00+00:00,1.38574,1.39064,1.38284,1.3834,150767.0
2025-04-17 21:00:00+00:00,1.38411,1.38704,1.38321,1.38495,584290.0
2025-04-20 21:00:00+00:00,1.38514,1.38517,1.37814,1.38402,132639.0
2025-04-21 21:00:00+00:00,1.38406,1.3862,1.37932,1.38126,147002.0
2025-04-22 21:00:00+00:00,1.38151,1.3905,1.37984,1.3883,186426.0
2025-04-23 21:00:00+00:00,1.38831,1.38993,1.384,1.38554,129173.0
2025-04-24 21:00:00+00:00,1.3853,1.38928,1.38458,1.38552,112408.0
2025-04-27 21:00:00+00:00,1.38671,1.3893,1.38165,1.38296,110112.0
2025-04-28 21:00:00+00:00,1.38316,1.3872,1.38085,1.3834,123159.0
2025-04-29 21:00:00+00:00,1.38334,1.38557,1.377,1.37987,119069.0
2025-04-30 21:00:00+00:00,1.37972,1.38624,1.37844,1.38541,107109.0
2025-05-01 21:00:00+00:00,1.38551,1.38558,1.37602,1.38172,129256.0
2025-05-04 21:00:00+00:00,1.37999,1.383,1.37867,1.38244,102469.0
2025-05-05 21:00:00+00:00,1.38221,1.38454,1.37506,1.3776,111057.0
2025-05-06 21:00:00+00:00,1.37766,1.38395,1.37638,1.38393,126540.0
2025-05-07 21:00:00+00:00,1.38384,1.3933,1.38134,1.39238,117186.0
2025-05-08 21:00:00+00:00,1.39229,1.39447,1.39064,1.39378,96393.0
2025-05-11 21:00:00+00:00,1.3903,1.4016,1.39012,1.3975,142328.0
2025-05-12 21:00:00+00:00,1.39774,1.40165,1.3931,1.39365,115758.0
2025-05-13 21:00:00+00:00,1.39372,1.39866,1.39016,1.39829,117526.0
2025-05-14 21:00:00+00:00,1.39783,1.40047,1.39556,1.39594,100668.0
2025-05-15 21:00:00+00:00,1.39648,1.39958,1.39352,1.39684,88298.0
2025-05-18 21:00:00+00:00,1.39739,1.3974,1.39174,1.39508,93656.0
2025-05-19 21:00:00+00:00,1.39437,1.39687,1.39091,1.39156,98873.0
2025-05-20 21:00:00+00:00,1.39172,1.39201,1.38144,1.38594,126028.0
2025-05-21 21:00:00+00:00,1.38585,1.3889,1.38462,1.38572,117086.0
2025-05-22 21:00:00+00:00,1.38546,1.38642,1.37092,1.3732,124689.0
2025-05-25 21:00:00+00:00,1.37301,1.37411,1.36861,1.37366,75181.0
2025-05-26 21:00:00+00:00,1.3736,1.38359,1.37222,1.38136,106413.0
2025-05-27 21:00:00+00:00,1.38082,1.38448,1.38016,1.38376,109916.0
2025-05-28 21:00:00+00:00,1.38358,1.3862,1.37851,1.38083,145977.0
2025-05-29 21:00:00+00:00,1.3808,1.38301,1.37142,1.37389,132143.0
2025-06-01 21:00:00+00:00,1.37387,1.37414,1.36746,1.37131,121530.0
2025-06-02 21:00:00+00:00,1.37132,1.37432,1.37013,1.3721,102730.0
2025-06-03 21:00:00+00:00,1.37202,1.3732,1.36524,1.36794,111870.0
2025-06-04 21:00:00+00:00,1.3676,1.36842,1.36346,1.36746,118252.0
2025-06-05 21:00:00+00:00,1.36769,1.37046,1.36605,1.36964,109523.0
2025-06-08 21:00:00+00:00,1.3694,1.37078,1.36694,1.36996,87743.0
2025-06-09 21:00:00+00:00,1.36988,1.37289,1.36682,1.36711,102321.0
2025-06-10 21:00:00+00:00,1.36699,1.36904,1.365,1.3672,110140.0
2025-06-11 21:00:00+00:00,1.3672,1.36756,1.35996,1.36021,105130.0
2025-06-12 21:00:00+00:00,1.36024,1.3652,1.35664,1.3583,188974.0
2025-06-15 21:00:00+00:00,1.35899,1.36072,1.35399,1.35719,137751.0
2025-06-16 21:00:00+00:00,1.35706,1.36937,1.35565,1.36788,133137.0
2025-06-17 21:00:00+00:00,1.36754,1.37036,1.36344,1.36942,155510.0
2025-06-18 21:00:00+00:00,1.36942,1.37468,1.36866,1.37008,105633.0
2025-06-19 21:00:00+00:00,1.37105,1.37474,1.36873,1.37341,121333.0
2025-06-22 21:00:00+00:00,1.37526,1.37981,1.37253,1.37354,175354.0
2025-06-23 21:00:00+00:00,1.37348,1.37386,1.36788,1.3725,134108.0
2025-06-24 21:00:00+00:00,1.37141,1.37548,1.37141,1.37261,110693.0
2025-06-25 21:00:00+00:00,1.37268,1.37284,1.36179,1.36404,139574.0
2025-06-26 21:00:00+00:00,1.36488,1.37598,1.36278,1.3681,141287.0
2025-06-29 21:00:00+00:00,1.36881,1.37002,1.35999,1.36074,150057.0
2025-06-30 21:00:00+00:00,1.36094,1.36674,1.35912,1.36465,128335.0
2025-07-01 21:00:00+00:00,1.36444,1.36591,1.35838,1.35928,121485.0
2025-07-02 21:00:00+00:00,1.35919,1.3624,1.35567,1.35838,118767.0
2025-07-03 21:00:00+00:00,1.3581,1.36174,1.35668,1.36042,180820.0
2025-07-06 21:00:00+00:00,1.36076,1.3686,1.35974,1.36828,133770.0
2025-07-07 21:00:00+00:00,1.36807,1.36946,1.36385,1.36624,128589.0
2025-07-08 21:00:00+00:00,1.3664,1.37102,1.36601,1.36858,112400.0
2025-07-09 21:00:00+00:00,1.36886,1.37086,1.36544,1.36558,97029.0
2025-07-10 21:00:00+00:00,1.36619,1.37314,1.3652,1.369,133487.0
2025-07-13 21:00:00+00:00,1.3701,1.37084,1.36699,1.37047,97264.0
2025-07-14 21:00:00+00:00,1.37003,1.37302,1.36718,1.37227,103410.0
2025-07-15 21:00:00+00:00,1.37216,1.37557,1.36799,1.36816,120679.0
2025-07-16 21:00:00+00:00,1.36848,1.37746,1.36838,1.37536,95714.0
2025-07-17 21:00:00+00:00,1.37559,1.37572,1.36958,1.37226,78809.0
2025-07-20 21:00:00+00:00,1.37174,1.37347,1.36778,1.36824,82471.0
2025-07-21 21:00:00+00:00,1.36796,1.36956,1.3603,1.36055,87055.0
2025-07-22 21:00:00+00:00,1.36098,1.36294,1.35756,1.35971,98581.0
2025-07-23 21:00:00+00:00,1.35962,1.3655,1.35958,1.3637,108324.0
2025-07-24 21:00:00+00:00,1.36426,1.3726,1.36383,1.37017,139347.0
2025-07-27 21:00:00+00:00,1.37078,1.37426,1.3689,1.3739,124823.0
2025-07-28 21:00:00+00:00,1.37378,1.37884,1.3731,1.37712,112404.0
2025-07-29 21:00:00+00:00,1.37694,1.38456,1.37587,1.38308,125240.0
2025-07-30 21:00:00+00:00,1.38316,1.38585,1.38136,1.38573,119810.0
2025-07-31 21:00:00+00:00,1.3849,1.38795,1.37632,1.37888,177834.0
2025-08-03 21:00:00+00:00,1.37757,1.37952,1.37586,1.37798,119886.0
2025-08-04 21:00:00+00:00,1.37774,1.38104,1.37634,1.37724,106013.0
2025-08-05 21:00:00+00:00,1.37764,1.378,1.37354,1.37409,95077.0
2025-08-06 21:00:00+00:00,1.37419,1.3774,1.37217,1.3748,98841.0
2025-08-07 21:00:00+00:00,1.37499,1.37638,1.37258,1.3756,86453.0
2025-08-10 21:00:00+00:00,1.37522,1.37956,1.37451,1.37786,73672.0
2025-08-11 21:00:00+00:00,1.37804,1.38062,1.37542,1.37731,113594.0
2025-08-12 21:00:00+00:00,1.37724,1.37823,1.37518,1.37592,78863.0
2025-08-13 21:00:00+00:00,1.37592,1.38197,1.37446,1.38164,94007.0
2025-08-14 21:00:00+00:00,1.38152,1.38199,1.37876,1.38192,71576.0
2025-08-17 21:00:00+00:00,1.38154,1.38316,1.37831,1.38032,68029.0
2025-08-18 21:00:00+00:00,1.3803,1.38702,1.37964,1.3869,78751.0
2025-08-19 21:00:00+00:00,1.38682,1.38838,1.38536,1.38752,90070.0
2025-08-20 21:00:00+00:00,1.38718,1.39127,1.3869,1.39108,82479.0
2025-08-21 21:00:00+00:00,1.39106,1.39248,1.38146,1.3827,92962.0
2025-08-24 21:00:00+00:00,1.38226,1.38643,1.38169,1.38603,67929.0
2025-08-25 21:00:00+00:00,1.38594,1.38682,1.38224,1.38395,98055.0
2025-08-26 21:00:00+00:00,1.38382,1.3858,1.3783,1.37926,88145.0
2025-08-27 21:00:00+00:00,1.37896,1.37912,1.37414,1.37484,82550.0
2025-08-28 21:00:00+00:00,1.3748,1.37794,1.37267,1.37444,92040.0
2025-08-31 21:00:00+00:00,1.37357,1.37622,1.37328,1.37506,65126.0
2025-09-01 21:00:00+00:00,1.37496,1.3815,1.37454,1.37824,113736.0
2025-09-02 21:00:00+00:00,1.37809,1.3808,1.37788,1.37926,96959.0
2025-09-03 21:00:00+00:00,1.37922,1.38455,1.3792,1.38195,78646.0
2025-09-04 21:00:00+00:00,1.38182,1.38543,1.37582,1.3828,106659.0
2025-09-07 21:00:00+00:00,1.38342,1.3845,1.37884,1.38028,94888.0
2025-09-08 21:00:00+00:00,1.38025,1.386,1.37935,1.3844,85387.0
2025-09-09 21:00:00+00:00,1.38456,1.38701,1.38307,1.3863,100382.0
2025-09-10 21:00:00+00:00,1.38625,1.38924,1.38262,1.38333,96451.0
2025-09-11 21:00:00+00:00,1.38345,1.38637,1.38308,1.38442,82962.0
2025-09-14 21:00:00+00:00,1.38408,1.38462,1.3767,1.3778,82150.0
2025-09-15 21:00:00+00:00,1.37766,1.37832,1.37346,1.37384,91255.0
2025-09-16 21:00:00+00:00,1.37386,1.37874,1.37268,1.37744,118342.0
2025-09-17 21:00:00+00:00,1.37742,1.381,1.37656,1.37958,107661.0
2025-09-18 21:00:00+00:00,1.3798,1.38254,1.37692,1.37784,105076.0
2025-09-21 21:00:00+00:00,1.37815,1.3832,1.37788,1.38182,82956.0
2025-09-22 21:00:00+00:00,1.38178,1.38502,1.38117,1.3836,93197.0
2025-09-23 21:00:00+00:00,1.38364,1.3907,1.38324,1.38966,105449.0
2025-09-24 21:00:00+00:00,1.38962,1.39496,1.38853,1.39406,92211.0
2025-09-25 21:00:00+00:00,1.39323,1.39589,1.39299,1.3944,97127.0
2025-09-28 21:00:00+00:00,1.39351,1.39476,1.39034,1.3915,86520.0
2025-09-29 21:00:00+00:00,1.39135,1.39362,1.38966,1.39202,95243.0
2025-09-30 21:00:00+00:00,1.39203,1.39572,1.39072,1.39367,113084.0
2025-10-01 21:00:00+00:00,1.3935,1.39864,1.39324,1.39676,84136.0
2025-10-02 21:00:00+00:00,1.39682,1.39696,1.39398,1.39492,82996.0
2025-10-05 21:00:00+00:00,1.39592,1.39681,1.39406,1.39433,90325.0
2025-10-06 21:00:00+00:00,1.39436,1.39629,1.3939,1.39502,88263.0
2025-10-07 21:00:00+00:00,1.39514,1.39715,1.3932,1.39528,92297.0
2025-10-08 21:00:00+00:00,1.39518,1.40342,1.39336,1.40234,103769.0
2025-10-09 21:00:00+00:00,1.4018,1.40344,1.3976,1.40022,131045.0
2025-10-12 21:00:00+00:00,1.39945,1.40395,1.39831,1.40376,107934.0
2025-10-13 21:00:00+00:00,1.40334,1.40802,1.403,1.40441,119523.0
2025-10-14 21:00:00+00:00,1.40452,1.40599,1.40268,1.40392,111232.0
2025-10-15 21:00:00+00:00,1.40418,1.4061,1.40226,1.4055,124653.0
2025-10-16 21:00:00+00:00,1.40541,1.40674,1.4008,1.40217,127170.0
2025-10-19 21:00:00+00:00,1.40179,1.40512,1.40056,1.40392,78467.0
2025-10-20 21:00:00+00:00,1.40362,1.40662,1.40034,1.40231,102109.0
2025-10-21 21:00:00+00:00,1.4022,1.40325,1.3976,1.39954,96004.0
2025-10-22 21:00:00+00:00,1.3993,1.4005,1.39798,1.3992,74548.0
2025-10-23 21:00:00+00:00,1.39906,1.40391,1.39729,1.39968,96025.0
2025-10-26 21:00:00+00:00,1.40094,1.40103,1.39704,1.39904,91047.0
2025-10-27 21:00:00+00:00,1.39918,1.40056,1.39334,1.39459,95549.0
2025-10-28 21:00:00+00:00,1.39472,1.39552,1.3888,1.39438,129073.0
2025-10-29 21:00:00+00:00,1.39436,1.40144,1.3927,1.3986,119060.0
2025-10-30 21:00:00+00:00,1.3987,1.40356,1.3979,1.40104,101712.0
2025-11-02 22:00:00+00:00,1.40106,1.40762,1.40088,1.40562,84132.0
2025-11-03 22:00:00+00:00,1.40578,1.41082,1.40542,1.41032,99424.0
2025-11-04 22:00:00+00:00,1.41008,1.41408,1.40987,1.41088,100768.0
2025-11-05 22:00:00+00:00,1.41085,1.41405,1.40904,1.4118,106223.0
2025-11-06 22:00:00+00:00,1.41147,1.41264,1.40274,1.40462,103717.0
2025-11-09 22:00:00+00:00,1.40543,1.40578,1.40011,1.40207,132408.0
2025-11-10 22:00:00+00:00,1.40186,1.40414,1.4002,1.40198,93157.0
2025-11-11 22:00:00+00:00,1.40151,1.4022,1.399,1.40058,115316.0
2025-11-12 22:00:00+00:00,1.40047,1.40381,1.39853,1.40351,103529.0
2025-11-13 22:00:00+00:00,1.40308,1.40454,1.40144,1.40261,128038.0
2025-11-16 22:00:00+00:00,1.40244,1.4058,1.40162,1.40558,109251.0
2025-11-17 22:00:00+00:00,1.40515,1.40623,1.39715,1.39888,127755.0
2025-11-18 22:00:00+00:00,1.39875,1.40654,1.3984,1.40494,123360.0
2025-11-19 22:00:00+00:00,1.40484,1.41072,1.40406,1.40972,123894.0
2025-11-20 22:00:00+00:00,1.40967,1.41311,1.40818,1.41038,140273.0
2025-11-23 22:00:00+00:00,1.40997,1.4119,1.40914,1.41072,89950.0
2025-11-24 22:00:00+00:00,1.41082,1.41251,1.40898,1.41,110855.0
2025-11-25 22:00:00+00:00,1.4098,1.41052,1.40348,1.40436,113166.0
2025-11-26 22:00:00+00:00,1.40473,1.405,1.4028,1.40302,75400.0
2025-11-27 22:00:00+00:00,1.40317,1.40518,1.39384,1.39761,362548.0
2025-11-30 22:00:00+00:00,1.39794,1.4002,1.39548,1.39976,122885.0
2025-12-01 22:00:00+00:00,1.39968,1.40148,1.39674,1.39677,95695.0
2025-12-02 22:00:00+00:00,1.3969,1.39756,1.39386,1.39502,99287.0
2025-12-03 22:00:00+00:00,1.39486,1.39776,1.39254,1.39577,118931.0
2025-12-04 22:00:00+00:00,1.39556,1.39608,1.38168,1.38171,91672.0
2025-12-07 22:00:00+00:00,1.38323,1.38598,1.37999,1.38577,93292.0
2025-12-08 22:00:00+00:00,1.38546,1.38608,1.38237,1.38452,96613.0
2025-12-09 22:00:00+00:00,1.38472,1.38724,1.3784,1.37938,127517.0
2025-12-10 22:00:00+00:00,1.37918,1.3823,1.3757,1.37708,117299.0
2025-12-11 22:00:00+00:00,1.37716,1.3795,1.37536,1.37708,101517.0
2025-12-14 22:00:00+00:00,1.37698,1.37886,1.3748,1.37673,105737.0
2025-12-15 22:00:00+00:00,1.37698,1.37814,1.373,1.37528,123461.0
2025-12-16 22:00:00+00:00,1.3756,1.37982,1.37527,1.37876,106774.0
2025-12-17 22:00:00+00:00,1.37846,1.37962,1.3756,1.3778,117399.0
2025-12-18 22:00:00+00:00,1.37748,1.3806,1.37552,1.38018,92262.0
2025-12-21 22:00:00+00:00,1.37953,1.38052,1.3736,1.37472,94362.0
2025-12-22 22:00:00+00:00,1.37519,1.37538,1.36862,1.36878,95075.0
2025-12-23 22:00:00+00:00,1.36904,1.36924,1.3665,1.36785,75151.0
2025-12-25 22:00:00+00:00,1.36825,1.36852,1.36426,1.36714,113895.0
2025-12-28 22:00:00+00:00,1.36649,1.37014,1.36576,1.36888,100189.0
2025-12-29 22:00:00+00:00,1.369,1.3709,1.3679,1.36968,84724.0
2025-12-30 22:00:00+00:00,1.3696,1.37284,1.36886,1.37254,105824.0
2026-01-01 22:00:00+00:00,1.3722,1.37478,1.37006,1.37322,88125.0
2026-01-04 22:00:00+00:00,1.37435,1.38154,1.37361,1.37734,129045.0
2026-01-05 22:00:00+00:00,1.3771,1.38171,1.37517,1.38146,102558.0
2026-01-06 22:00:00+00:00,1.38128,1.38618,1.37904,1.38609,98914.0
2026-01-07 22:00:00+00:00,1.38579,1.38884,1.38506,1.38664,100602.0
2026-01-08 22:00:00+00:00,1.3863,1.39202,1.38618,1.39144,103265.0
2026-01-11 22:00:00+00:00,1.39152,1.39182,1.38674,1.38804,101274.0
2026-01-12 22:00:00+00:00,1.38784,1.38984,1.38552,1.38908,98734.0
2026-01-13 22:00:00+00:00,1.38896,1.38981,1.38664,1.38836,102783.0
2026-01-14 22:00:00+00:00,1.388,1.39199,1.38785,1.38944,83876.0
2026-01-15 22:00:00+00:00,1.38921,1.39288,1.38846,1.39154,107746.0
2026-01-18 22:00:00+00:00,1.39108,1.39187,1.38598,1.38698,85430.0
2026-01-19 22:00:00+00:00,1.38679,1.38792,1.38144,1.38368,133919.0
2026-01-20 22:00:00+00:00,1.3837,1.3843,1.37854,1.38321,136626.0
2026-01-21 22:00:00+00:00,1.38335,1.3845,1.37832,1.37872,119190.0
2026-01-22 22:00:00+00:00,1.3788,1.37998,1.3694,1.3703,120907.0
2026-01-25 22:00:00+00:00,1.37001,1.37202,1.36716,1.37086,153468.0
2026-01-26 22:00:00+00:00,1.3707,1.37394,1.3559,1.35772,162875.0
2026-01-27 22:00:00+00:00,1.3579,1.3615,1.35357,1.3559,206447.0
2026-01-28 22:00:00+00:00,1.35578,1.35781,1.3485,1.34894,243709.0
2026-01-29 22:00:00+00:00,1.34908,1.3624,1.34818,1.36197,287472.0
2026-02-01 22:00:00+00:00,1.36132,1.37028,1.36088,1.3682,262833.0
2026-02-02 22:00:00+00:00,1.36782,1.3686,1.36325,1.36424,210090.0
2026-02-03 22:00:00+00:00,1.36394,1.36844,1.36288,1.36636,179613.0
2026-02-04 22:00:00+00:00,1.36634,1.37114,1.36526,1.37108,189770.0
2026-02-05 22:00:00+00:00,1.37074,1.37248,1.36246,1.36742,139623.0
2026-02-08 22:00:00+00:00,1.3674,1.36744,1.35529,1.35567,132488.0
2026-02-09 22:00:00+00:00,1.35635,1.35768,1.35233,1.35535,109080.0
2026-02-10 22:00:00+00:00,1.35539,1.36192,1.35044,1.35762,163758.0
2026-02-11 22:00:00+00:00,1.35737,1.36358,1.35555,1.361,148092.0
2026-02-12 22:00:00+00:00,1.36149,1.36378,1.35936,1.36178,139614.0
2026-02-15 22:00:00+00:00,1.36096,1.36388,1.36036,1.36374,66407.0
2026-02-16 22:00:00+00:00,1.36335,1.36931,1.36324,1.36365,118130.0
2026-02-17 22:00:00+00:00,1.36366,1.37005,1.36322,1.36955,93671.0
2026-02-18 22:00:00+00:00,1.3695,1.3715,1.36678,1.36817,111006.0
2026-02-19 22:00:00+00:00,1.3681,1.37111,1.36694,1.36826,169678.0
2026-02-22 22:00:00+00:00,1.36767,1.37044,1.36487,1.36975,129315.0
2026-02-23 22:00:00+00:00,1.36954,1.37251,1.36917,1.36994,100346.0
2026-02-24 22:00:00+00:00,1.37,1.37068,1.36736,1.36747,102670.0
2026-02-25 22:00:00+00:00,1.36792,1.37126,1.36592,1.36815,110862.0
2026-02-26 22:00:00+00:00,1.36796,1.3685,1.36252,1.36414,113188.0
2026-03-01 22:00:00+00:00,1.36535,1.3719,1.3637,1.36778,199403.0
2026-03-02 22:00:00+00:00,1.36782,1.3753,1.36534,1.36781,270957.0
2026-03-03 22:00:00+00:00,1.36735,1.37002,1.36272,1.36442,193021.0
2026-03-04 22:00:00+00:00,1.36435,1.37164,1.36148,1.36751,216847.0
2026-03-05 22:00:00+00:00,1.36756,1.36796,1.35642,1.35654,211990.0
2026-03-08 21:00:00+00:00,1.36009,1.36075,1.35256,1.35866,266246.0
2026-03-09 21:00:00+00:00,1.35855,1.36016,1.35423,1.358,187602.0
2026-03-10 21:00:00+00:00,1.35801,1.36052,1.35549,1.35918,177675.0
2026-03-11 21:00:00+00:00,1.3594,1.36429,1.35768,1.36378,180660.0
2026-03-12 21:00:00+00:00,1.3641,1.37418,1.36212,1.37206,189976.0
2026-03-15 21:00:00+00:00,1.37254,1.37296,1.36531,1.36856,135933.0
2026-03-16 21:00:00+00:00,1.36868,1.3723,1.36798,1.36905,106687.0
2026-03-17 21:00:00+00:00,1.36922,1.37378,1.36874,1.37324,133580.0
2026-03-18 21:00:00+00:00,1.37342,1.37486,1.37048,1.37397,186708.0
2026-03-19 21:00:00+00:00,1.37368,1.3748,1.36998,1.37235,157862.0
2026-03-22 21:00:00+00:00,1.37183,1.37551,1.36697,1.37275,283291.0
2026-03-23 21:00:00+00:00,1.37274,1.37856,1.37209,1.37653,217049.0
2026-03-24 21:00:00+00:00,1.3763,1.382,1.37503,1.38116,137607.0
2026-03-25 21:00:00+00:00,1.38076,1.3866,1.38052,1.38603,120392.0
2026-03-26 21:00:00+00:00,1.38602,1.38958,1.38453,1.3894,118971.0
2026-03-29 21:00:00+00:00,1.38832,1.39456,1.38832,1.39248,127654.0
2026-03-30 21:00:00+00:00,1.39234,1.3967,1.39058,1.39144,168987.0
2026-03-31 21:00:00+00:00,1.39115,1.39188,1.38721,1.38742,140440.0
2026-04-01 21:00:00+00:00,1.38739,1.39336,1.38693,1.39204,157578.0
2026-04-02 21:00:00+00:00,1.3919,1.39494,1.39143,1.39464,51684.0
2026-04-05 21:00:00+00:00,1.39368,1.39482,1.39024,1.39096,112386.0
2026-04-06 21:00:00+00:00,1.39108,1.39302,1.38857,1.38858,126468.0
2026-04-07 21:00:00+00:00,1.38878,1.39003,1.38239,1.38452,190000.0
2026-04-08 21:00:00+00:00,1.38449,1.38608,1.38048,1.38176,110188.0
2026-04-09 21:00:00+00:00,1.38158,1.38446,1.37992,1.38431,89153.0
2026-04-12 21:00:00+00:00,1.38644,1.3878,1.37862,1.37936,116351.0
2026-04-13 21:00:00+00:00,1.37924,1.37932,1.37311,1.3767,99516.0
2026-04-14 21:00:00+00:00,1.37688,1.37886,1.37269,1.3742,97983.0
2026-04-15 21:00:00+00:00,1.37375,1.37406,1.36955,1.37035,110140.0
2026-04-16 21:00:00+00:00,1.37047,1.3709,1.36494,1.36934,115774.0
2026-04-19 21:00:00+00:00,1.36863,1.37099,1.3635,1.36446,103822.0
2026-04-20 21:00:00+00:00,1.36491,1.3677,1.36312,1.3662,119476.0
2026-04-21 21:00:00+00:00,1.36646,1.36749,1.36434,1.3672,93499.0
2026-04-22 21:00:00+00:00,1.36694,1.37146,1.36604,1.3699,130986.0
2026-04-23 21:00:00+00:00,1.37036,1.37146,1.36632,1.36692,102155.0
2026-04-26 21:00:00+00:00,1.36743,1.36825,1.35976,1.36266,89019.0
2026-04-27 21:00:00+00:00,1.36265,1.36916,1.3613,1.36842,109902.0
2026-04-28 21:00:00+00:00,1.368,1.37111,1.36674,1.36838,116720.0
2026-04-29 21:00:00+00:00,1.36896,1.369,1.35802,1.35822,151274.0
2026-04-30 21:00:00+00:00,1.35842,1.35946,1.35501,1.35928,112793.0
2026-05-03 21:00:00+00:00,1.35882,1.36264,1.35778,1.36246,119045.0
2026-05-04 21:00:00+00:00,1.36238,1.36304,1.36044,1.36203,88677.0
2026-05-05 21:00:00+00:00,1.36163,1.36416,1.35781,1.36336,137344.0
2026-05-06 21:00:00+00:00,1.36315,1.36658,1.36202,1.3665,100888.0
2026-05-07 21:00:00+00:00,1.366,1.37104,1.36428,1.36764,100497.0
2026-05-10 21:00:00+00:00,1.36863,1.36951,1.36482,1.36782,91643.0
2026-05-11 21:00:00+00:00,1.36765,1.37246,1.36718,1.3697,108197.0
2026-05-12 21:00:00+00:00,1.36968,1.37188,1.36844,1.37064,94550.0
2026-05-13 21:00:00+00:00,1.37087,1.3738,1.37016,1.37202,92516.0
2026-05-14 21:00:00+00:00,1.37226,1.37674,1.37154,1.37495,119470.0
2026-05-17 21:00:00+00:00,1.37497,1.37638,1.37324,1.37396,120149.0
2026-05-18 21:00:00+00:00,1.37386,1.37742,1.37362,1.37445,114792.0
2026-05-19 21:00:00+00:00,1.37444,1.37788,1.37312,1.37454,121291.0
2026-05-20 21:00:00+00:00,1.37432,1.38004,1.37376,1.37786,118683.0
2026-05-21 21:00:00+00:00,1.37804,1.38246,1.37741,1.38212,86998.0
2026-05-24 21:00:00+00:00,1.38054,1.38207,1.3795,1.38032,60361.0
2026-05-25 21:00:00+00:00,1.38032,1.38215,1.3799,1.38126,105309.0
2026-05-26 21:00:00+00:00,1.38097,1.38522,1.38038,1.38407,108594.0
2026-05-27 21:00:00+00:00,1.38386,1.387,1.37739,1.3784,135591.0
2026-05-28 21:00:00+00:00,1.37811,1.38296,1.37702,1.37958,142228.0
2026-05-31 21:00:00+00:00,1.38018,1.38496,1.37898,1.38412,133686.0
2026-06-01 21:00:00+00:00,1.38446,1.38544,1.38151,1.38399,107921.0
2026-06-02 21:00:00+00:00,1.38382,1.38998,1.38337,1.38976,116202.0
2026-06-03 21:00:00+00:00,1.38956,1.39255,1.38811,1.39107,117793.0
2026-06-04 21:00:00+00:00,1.39018,1.39509,1.38666,1.39402,121372.0
2026-06-07 21:00:00+00:00,1.3939,1.39613,1.39264,1.39538,142056.0
2026-06-08 21:00:00+00:00,1.39488,1.39694,1.39192,1.39496,136650.0
2026-06-09 21:00:00+00:00,1.39499,1.39575,1.38992,1.39439,141486.0
2026-06-10 21:00:00+00:00,1.39446,1.40241,1.39316,1.39658,150262.0
2026-06-11 21:00:00+00:00,1.39593,1.3996,1.39581,1.39894,153553.0
2026-06-14 21:00:00+00:00,1.39906,1.39942,1.39506,1.39908,114667.0
2026-06-15 21:00:00+00:00,1.39884,1.40186,1.39802,1.39951,103366.0
2026-06-16 21:00:00+00:00,1.39954,1.4123,1.39902,1.41005,118001.0
2026-06-17 21:00:00+00:00,1.4099,1.41467,1.40945,1.41372,121910.0
2026-06-18 21:00:00+00:00,1.4135,1.41834,1.41312,1.41536,87816.0
2026-06-21 21:00:00+00:00,1.41691,1.41936,1.41449,1.41594,101603.0
2026-06-22 21:00:00+00:00,1.41603,1.42173,1.41511,1.42104,110263.0
2026-06-23 21:00:00+00:00,1.42104,1.42484,1.42058,1.42334,106937.0
2026-06-24 21:00:00+00:00,1.42309,1.42486,1.41776,1.42012,103462.0
2026-06-25 21:00:00+00:00,1.42024,1.42098,1.41694,1.41958,116921.0
2026-06-28 21:00:00+00:00,1.41944,1.4218,1.41754,1.4212,87131.0
2026-06-29 21:00:00+00:00,1.42087,1.42478,1.41784,1.41963,101674.0
2026-06-30 21:00:00+00:00,1.4197,1.42353,1.41918,1.42159,88860.0
2026-07-01 21:00:00+00:00,1.42125,1.42246,1.41502,1.41816,126046.0
2026-07-02 21:00:00+00:00,1.41834,1.42104,1.41594,1.42004,87845.0
2026-07-05 21:00:00+00:00,1.41958,1.42389,1.41953,1.42058,82118.0
2026-07-06 21:00:00+00:00,1.4204,1.42264,1.41838,1.42004,77788.0
2026-07-07 21:00:00+00:00,1.41974,1.42086,1.4155,1.41738,114476.0
2026-07-08 21:00:00+00:00,1.41671,1.41899,1.41528,1.4168,78937.0
2026-07-09 21:00:00+00:00,1.4167,1.41744,1.41176,1.41574,91750.0
2026-07-12 21:00:00+00:00,1.41578,1.41749,1.41252,1.41568,107514.0
2026-07-13 21:00:00+00:00,1.4154,1.4157,1.40477,1.40604,130067.0
2026-07-14 21:00:00+00:00,1.40651,1.40772,1.40247,1.40412,92227.0
2026-07-15 21:00:00+00:00,1.40378,1.40584,1.40103,1.40426,87027.0
2026-07-16 21:00:00+00:00,1.40459,1.40474,1.40055,1.40223,90971.0
2026-07-19 21:00:00+00:00,1.40144,1.40723,1.40032,1.40706,75922.0
2026-07-20 21:00:00+00:00,1.40766,1.41112,1.40544,1.41095,85996.0
2026-07-21 21:00:00+00:00,1.411,1.41114,1.40766,1.40874,77734.0
2026-07-22 21:00:00+00:00,1.40865,1.40999,1.4057,1.40848,108257.0
2026-07-23 21:00:00+00:00,1.40853,1.41152,1.40664,1.40942,97734.0
2026-07-26 21:00:00+00:00,1.40884,1.41266,1.40707,1.41241,86553.0
2026-07-27 21:00:00+00:00,1.41241,1.41292,1.40862,1.41082,76572.0
2026-07-28 21:00:00+00:00,1.41044,1.411,1.40234,1.40476,120028.0
2026-07-29 21:00:00+00:00,1.40462,1.40682,1.3991,1.40108,131527.0
2026-07-30 21:00:00+00:00,1.40103,1.40588,1.4003,1.40136,133272.0
2026-08-02 21:00:00+00:00,1.40108,1.40538,1.4005,1.40465,101764.0
2026-08-03 21:00:00+00:00,1.40467,1.40802,1.40352,1.40614,116251.0
2026-08-04 21:00:00+00:00,1.40655,1.40802,1.40052,1.40118,93513.0
2026-08-05 21:00:00+00:00,1.40132,1.4038,1.39906,1.40134,67683.0
2026-08-06 21:00:00+00:00,1.4014,1.40292,1.39256,1.39402,87750.0
2026-08-09 21:00:00+00:00,1.395,1.3964,1.39267,1.3941,72006.0
2026-08-10 21:00:00+00:00,1.3939,1.39462,1.39154,1.39252,72501.0
2026-08-11 21:00:00+00:00,1.39246,1.39472,1.39081,1.39394,71128.0
2026-08-12 21:00:00+00:00,1.39418,1.39587,1.3928,1.39315,77482.0
2026-08-13 21:00:00+00:00,1.39326,1.39362,1.38644,1.38745,78191.0
2026-08-16 21:00:00+00:00,1.38785,1.3879,1.38447,1.38748,66153.0
2026-08-17 21:00:00+00:00,1.38713,1.39105,1.38618,1.38964,71288.0
2026-08-18 21:00:00+00:00,1.38918,1.39081,1.38034,1.38082,107658.0
2026-08-19 21:00:00+00:00,1.38083,1.38128,1.37556,1.37898,100980.0
2026-08-20 21:00:00+00:00,1.37904,1.37904,1.37322,1.37669,82737.0
