datetime,open,high,low,close,volume
2006-04-24 21:00:00+00:00,101.864,101.895,101.707,101.746,351.0
2006-04-25 21:00:00+00:00,101.739,101.762,101.653,101.653,309.0
2006-04-26 21:00:00+00:00,101.66,101.832,101.606,101.809,534.0
2006-04-27 21:00:00+00:00,101.817,101.887,101.785,101.887,327.0
2006-04-30 21:00:00+00:00,101.879,101.879,101.683,101.707,269.0
2006-05-01 21:00:00+00:00,101.699,101.785,101.676,101.762,313.0
2006-05-02 21:00:00+00:00,101.754,101.777,101.699,101.73,288.0
2006-05-03 21:00:00+00:00,101.738,101.746,101.668,101.675,243.0
2006-05-04 21:00:00+00:00,101.668,101.832,101.668,101.754,285.0
2006-05-07 21:00:00+00:00,101.738,101.746,101.683,101.706,169.0
2006-05-08 21:00:00+00:00,101.699,101.714,101.667,101.706,188.0
2006-05-09 21:00:00+00:00,101.699,102.058,101.581,101.667,669.0
2006-05-10 21:00:00+00:00,101.659,101.714,101.636,101.683,252.0
2006-05-11 21:00:00+00:00,101.675,101.722,101.628,101.636,352.0
2006-05-14 21:00:00+00:00,101.644,101.722,101.628,101.683,252.0
2006-05-15 21:00:00+00:00,101.69,101.761,101.667,101.745,219.0
2006-05-16 21:00:00+00:00,101.737,101.745,101.628,101.706,450.0
2006-05-17 21:00:00+00:00,101.698,101.807,101.675,101.784,419.0
2006-05-18 21:00:00+00:00,101.792,101.792,101.69,101.698,312.0
2006-05-21 21:00:00+00:00,101.706,101.799,101.69,101.737,278.0
2006-05-22 21:00:00+00:00,101.745,101.776,101.682,101.776,247.0
2006-05-23 21:00:00+00:00,101.784,101.846,101.721,101.76,473.0
2006-05-24 21:00:00+00:00,101.768,101.791,101.713,101.737,279.0
2006-05-25 21:00:00+00:00,101.729,101.776,101.69,101.752,303.0
2006-05-29 21:00:00+00:00,101.736,101.744,101.666,101.689,276.0
2006-05-30 21:00:00+00:00,101.688,101.734,101.532,101.563,406.0
2006-05-31 21:00:00+00:00,101.547,101.595,101.516,101.595,353.0
2006-06-01 21:00:00+00:00,101.587,101.876,101.587,101.814,565.0
2006-06-04 21:00:00+00:00,101.822,101.822,101.682,101.698,293.0
2006-06-05 21:00:00+00:00,101.69,101.705,101.628,101.659,263.0
2006-06-06 21:00:00+00:00,101.667,101.69,101.589,101.62,232.0
2006-06-07 21:00:00+00:00,101.628,101.714,101.597,101.652,439.0
2006-06-08 21:00:00+00:00,101.621,101.683,101.605,101.652,229.0
2006-06-11 21:00:00+00:00,101.645,101.653,101.599,101.622,166.0
2006-06-12 21:00:00+00:00,101.63,101.724,101.614,101.654,325.0
2006-06-13 21:00:00+00:00,101.646,101.646,101.436,101.436,432.0
2006-06-14 21:00:00+00:00,101.443,101.467,101.342,101.405,344.0
2006-06-15 21:00:00+00:00,101.397,101.46,101.358,101.366,231.0
2006-06-18 21:00:00+00:00,101.359,101.383,101.312,101.344,204.0
2006-06-19 21:00:00+00:00,101.352,101.375,101.305,101.305,181.0
2006-06-20 21:00:00+00:00,101.313,101.329,101.29,101.29,168.0
2006-06-21 21:00:00+00:00,101.298,101.313,101.212,101.212,286.0
2006-06-22 21:00:00+00:00,101.22,101.275,101.173,101.173,215.0
2006-06-25 21:00:00+00:00,101.182,101.213,101.167,101.182,206.0
2006-06-26 21:00:00+00:00,101.175,101.261,101.175,101.198,276.0
2006-06-27 21:00:00+00:00,101.206,101.23,101.128,101.136,246.0
2006-06-28 21:00:00+00:00,101.144,101.309,101.09,101.293,454.0
2006-06-29 21:00:00+00:00,101.309,101.371,101.246,101.356,433.0
2006-07-02 21:00:00+00:00,101.349,101.357,101.31,101.333,189.0
2006-07-04 21:00:00+00:00,101.342,101.389,101.17,101.209,387.0
2006-07-05 21:00:00+00:00,101.217,101.264,101.194,101.249,232.0
2006-07-06 21:00:00+00:00,101.241,101.405,101.241,101.335,375.0
2006-07-09 21:00:00+00:00,101.328,101.344,101.297,101.336,145.0
2006-07-10 21:00:00+00:00,101.344,101.383,101.313,101.36,166.0
2006-07-11 21:00:00+00:00,101.352,101.368,101.29,101.337,222.0
2006-07-12 21:00:00+00:00,101.329,101.431,101.321,101.431,283.0
2006-07-13 21:00:00+00:00,101.439,101.509,101.416,101.478,328.0
2006-07-16 21:00:00+00:00,101.503,101.518,101.393,101.44,279.0
2006-07-17 21:00:00+00:00,101.448,101.448,101.308,101.316,292.0
2006-07-18 21:00:00+00:00,101.324,101.48,101.207,101.472,597.0
2006-07-19 21:00:00+00:00,101.465,101.59,101.418,101.567,380.0
2006-07-20 21:00:00+00:00,101.559,101.629,101.512,101.52,279.0
2006-07-23 21:00:00+00:00,101.544,101.545,101.482,101.529,191.0
2006-07-24 21:00:00+00:00,101.521,101.568,101.459,101.467,316.0
2006-07-25 21:00:00+00:00,101.475,101.577,101.436,101.553,256.0
2006-07-26 21:00:00+00:00,101.545,101.608,101.522,101.554,289.0
2006-07-27 21:00:00+00:00,101.569,101.702,101.515,101.695,383.0
2006-07-30 21:00:00+00:00,101.688,101.727,101.649,101.719,227.0
2006-07-31 21:00:00+00:00,101.727,101.751,101.649,101.735,351.0
2006-08-01 21:00:00+00:00,101.727,101.782,101.696,101.728,311.0
2006-08-02 21:00:00+00:00,101.736,101.744,101.642,101.658,306.0
2006-08-03 21:00:00+00:00,101.666,101.853,101.65,101.807,462.0
2006-08-06 21:00:00+00:00,101.8,101.815,101.73,101.737,208.0
2006-08-07 21:00:00+00:00,101.745,101.832,101.699,101.816,319.0
2006-08-08 21:00:00+00:00,101.808,101.84,101.777,101.793,217.0
2006-08-09 21:00:00+00:00,101.809,101.863,101.739,101.778,253.0
2006-08-10 21:00:00+00:00,101.786,101.793,101.7,101.7,291.0
2006-08-13 21:00:00+00:00,101.685,101.685,101.615,101.623,211.0
2006-08-14 21:00:00+00:00,101.631,101.772,101.607,101.741,323.0
2006-08-15 21:00:00+00:00,101.748,101.881,101.725,101.866,307.0
2006-08-16 21:00:00+00:00,101.874,101.929,101.812,101.827,329.0
2006-08-17 21:00:00+00:00,101.819,101.882,101.804,101.867,210.0
2006-08-20 21:00:00+00:00,101.875,101.915,101.852,101.899,202.0
2006-08-21 21:00:00+00:00,101.891,101.923,101.86,101.884,224.0
2006-08-22 21:00:00+00:00,101.876,101.884,101.814,101.876,239.0
2006-08-23 21:00:00+00:00,101.884,101.9,101.845,101.861,234.0
2006-08-24 21:00:00+00:00,101.869,101.916,101.846,101.901,227.0
2006-08-27 21:00:00+00:00,101.894,101.902,101.847,101.855,158.0
2006-08-28 21:00:00+00:00,101.863,101.887,101.738,101.879,377.0
2006-08-29 21:00:00+00:00,101.887,101.949,101.855,101.949,270.0
2006-08-30 21:00:00+00:00,101.961,102.048,101.953,102.048,274.0
2006-08-31 21:00:00+00:00,102.04,102.08,101.963,102.072,496.0
2006-09-04 21:00:00+00:00,102.06,102.06,101.991,102.006,220.0
2006-09-05 21:00:00+00:00,101.999,102.015,101.906,101.961,306.0
2006-09-06 21:00:00+00:00,101.969,101.985,101.907,101.954,264.0
2006-09-07 21:00:00+00:00,101.946,102.002,101.946,101.963,213.0
2006-09-10 21:00:00+00:00,101.95,101.981,101.888,101.919,241.0
2006-09-11 21:00:00+00:00,101.904,101.952,101.865,101.936,236.0
2006-09-12 21:00:00+00:00,101.944,101.999,101.929,101.992,210.0
2006-09-13 21:00:00+00:00,101.984,102.047,101.899,101.907,323.0
2006-09-14 21:00:00+00:00,101.915,101.97,101.838,101.853,405.0
2006-09-17 21:00:00+00:00,101.84,101.856,101.747,101.802,252.0
2006-09-18 21:00:00+00:00,101.794,101.983,101.779,101.983,347.0
2006-09-19 21:00:00+00:00,101.975,102.023,101.929,101.937,301.0
2006-09-20 21:00:00+00:00,101.945,102.188,101.914,102.164,440.0
2006-09-21 21:00:00+00:00,102.172,102.282,102.157,102.205,390.0
2006-09-24 21:00:00+00:00,102.207,102.301,102.199,102.27,375.0
2006-09-25 21:00:00+00:00,102.278,102.294,102.178,102.178,376.0
2006-09-26 21:00:00+00:00,102.186,102.296,102.155,102.202,355.0
2006-09-27 21:00:00+00:00,102.21,102.234,102.156,102.196,243.0
2006-09-28 21:00:00+00:00,102.204,102.235,102.118,102.158,368.0
2006-10-01 21:00:00+00:00,102.144,102.254,102.113,102.239,280.0
2006-10-02 21:00:00+00:00,102.231,102.271,102.17,102.209,304.0
2006-10-03 21:00:00+00:00,102.193,102.374,102.17,102.351,419.0
2006-10-04 21:00:00+00:00,102.358,102.366,102.219,102.235,287.0
2006-10-05 21:00:00+00:00,102.242,102.399,102.04,102.064,550.0
2006-10-08 21:00:00+00:00,102.052,102.052,102.052,102.052,1.0
2006-10-09 21:00:00+00:00,102.044,102.044,101.904,101.904,361.0
2006-10-10 21:00:00+00:00,101.897,101.999,101.796,101.851,536.0
2006-10-11 21:00:00+00:00,101.843,101.922,101.843,101.868,262.0
2006-10-12 21:00:00+00:00,101.875,101.962,101.798,101.83,389.0
2006-10-15 21:00:00+00:00,101.816,101.864,101.809,101.864,200.0
2006-10-16 21:00:00+00:00,101.872,101.959,101.826,101.881,262.0
2006-10-17 21:00:00+00:00,101.873,101.905,101.796,101.874,344.0
2006-10-18 21:00:00+00:00,101.882,101.882,101.805,101.836,304.0
2006-10-19 21:00:00+00:00,101.829,101.868,101.814,101.83,207.0
2006-10-22 21:00:00+00:00,101.824,101.824,101.708,101.739,267.0
2006-10-23 21:00:00+00:00,101.747,101.764,101.724,101.756,204.0
2006-10-24 21:00:00+00:00,101.764,101.858,101.717,101.835,295.0
2006-10-25 21:00:00+00:00,101.843,101.945,101.82,101.938,351.0
2006-10-26 21:00:00+00:00,101.922,102.04,101.899,102.032,305.0
2006-10-29 22:00:00+00:00,102.043,102.059,101.989,102.02,190.0
2006-10-30 22:00:00+00:00,102.028,102.154,101.99,102.154,401.0
2006-10-31 22:00:00+00:00,102.138,102.256,102.1,102.233,326.0
2006-11-01 22:00:00+00:00,102.225,102.226,102.156,102.18,345.0
2006-11-02 22:00:00+00:00,102.187,102.203,101.892,101.907,473.0
2006-11-05 22:00:00+00:00,101.902,101.934,101.856,101.926,278.0
2006-11-06 22:00:00+00:00,101.934,102.06,101.911,101.998,333.0
2006-11-07 22:00:00+00:00,102.006,102.076,101.974,102.038,302.0
2006-11-08 22:00:00+00:00,102.03,102.07,101.999,102.055,248.0
2006-11-09 22:00:00+00:00,102.047,102.102,102.039,102.071,245.0
2006-11-12 22:00:00+00:00,102.058,102.113,101.965,102.004,304.0
2006-11-13 22:00:00+00:00,101.997,102.13,101.958,102.06,412.0
2006-11-14 22:00:00+00:00,102.052,102.1,101.913,101.928,343.0
2006-11-15 22:00:00+00:00,101.921,102.093,101.859,101.875,429.0
2006-11-16 22:00:00+00:00,101.867,102.063,101.867,102.032,356.0
2006-11-19 22:00:00+00:00,102.027,102.066,101.996,102.012,196.0
2006-11-20 22:00:00+00:00,102.02,102.036,101.966,102.029,194.0
2006-11-21 22:00:00+00:00,102.037,102.069,102.006,102.045,141.0
2006-11-23 22:00:00+00:00,102.031,102.11,102.031,102.079,123.0
2006-11-26 22:00:00+00:00,102.081,102.106,101.98,102.106,278.0
2006-11-27 22:00:00+00:00,102.098,102.208,102.067,102.154,397.0
2006-11-28 22:00:00+00:00,102.161,102.201,102.123,102.131,280.0
2006-11-29 22:00:00+00:00,102.164,102.29,102.149,102.283,351.0
2006-11-30 22:00:00+00:00,102.291,102.526,102.237,102.464,527.0
2006-12-03 22:00:00+00:00,102.476,102.493,102.438,102.493,213.0
2006-12-04 22:00:00+00:00,102.486,102.572,102.416,102.471,405.0
2006-12-05 22:00:00+00:00,102.464,102.472,102.333,102.333,304.0
2006-12-06 22:00:00+00:00,102.341,102.389,102.288,102.343,233.0
2006-12-07 22:00:00+00:00,102.335,102.351,102.134,102.157,443.0
2006-12-10 22:00:00+00:00,102.153,102.209,102.116,102.171,210.0
2006-12-11 22:00:00+00:00,102.163,102.305,102.163,102.266,328.0
2006-12-12 22:00:00+00:00,102.274,102.337,102.073,102.089,423.0
2006-12-13 22:00:00+00:00,102.081,102.129,102.028,102.036,310.0
2006-12-14 22:00:00+00:00,102.044,102.24,101.99,102.054,477.0
2006-12-17 22:00:00+00:00,102.05,102.097,102.028,102.075,231.0
2006-12-18 22:00:00+00:00,102.067,102.138,101.959,102.069,309.0
2006-12-19 22:00:00+00:00,102.077,102.109,102.047,102.063,139.0
2006-12-20 22:00:00+00:00,102.071,102.189,102.033,102.182,352.0
2006-12-21 22:00:00+00:00,102.159,102.199,102.019,102.035,281.0
2006-12-25 22:00:00+00:00,102.027,102.105,102.027,102.059,158.0
2006-12-26 22:00:00+00:00,102.043,102.068,101.904,101.943,277.0
2006-12-27 22:00:00+00:00,101.936,101.999,101.804,101.883,399.0
2006-12-28 22:00:00+00:00,101.875,101.915,101.822,101.853,261.0
2007-01-01 22:00:00+00:00,101.836,101.946,101.836,101.892,211.0
2007-01-02 22:00:00+00:00,101.9,102.042,101.894,101.957,401.0
2007-01-03 22:00:00+00:00,101.965,102.083,101.949,102.068,345.0
2007-01-04 22:00:00+00:00,102.06,102.116,101.843,101.976,465.0
2007-01-07 22:00:00+00:00,101.98,101.98,101.895,101.919,272.0
2007-01-08 22:00:00+00:00,101.927,101.927,101.873,101.905,222.0
2007-01-09 22:00:00+00:00,101.89,101.937,101.836,101.868,320.0
2007-01-10 22:00:00+00:00,101.861,101.877,101.745,101.784,357.0
2007-01-11 22:00:00+00:00,101.777,101.801,101.684,101.739,294.0
2007-01-15 22:00:00+00:00,101.737,101.816,101.737,101.77,289.0
2007-01-16 22:00:00+00:00,101.778,101.81,101.686,101.71,254.0
2007-01-17 22:00:00+00:00,101.702,101.758,101.539,101.751,432.0
2007-01-18 22:00:00+00:00,101.743,101.767,101.666,101.682,282.0
2007-01-21 22:00:00+00:00,101.678,101.742,101.663,101.711,198.0
2007-01-22 22:00:00+00:00,101.696,101.728,101.635,101.643,225.0
2007-01-23 22:00:00+00:00,101.651,101.691,101.643,101.676,209.0
2007-01-24 22:00:00+00:00,101.684,101.685,101.568,101.584,280.0
2007-01-25 22:00:00+00:00,101.576,101.648,101.539,101.609,277.0
2007-01-28 22:00:00+00:00,101.598,101.638,101.552,101.576,170.0
2007-01-29 22:00:00+00:00,101.584,101.632,101.576,101.609,158.0
2007-01-30 22:00:00+00:00,101.617,101.728,101.563,101.712,383.0
2007-01-31 22:00:00+00:00,101.705,101.8,101.636,101.636,428.0
2007-02-01 22:00:00+00:00,101.644,101.747,101.614,101.685,372.0
2007-02-04 22:00:00+00:00,101.689,101.737,101.673,101.706,237.0
2007-02-05 22:00:00+00:00,101.714,101.778,101.676,101.77,260.0
2007-02-06 22:00:00+00:00,101.763,101.811,101.732,101.788,272.0
2007-02-07 22:00:00+00:00,101.796,101.821,101.742,101.782,260.0
2007-02-08 22:00:00+00:00,101.79,101.798,101.69,101.729,338.0
2007-02-11 22:00:00+00:00,101.733,101.741,101.679,101.696,252.0
2007-02-12 22:00:00+00:00,101.688,101.728,101.658,101.682,324.0
2007-02-13 22:00:00+00:00,101.674,101.84,101.667,101.817,545.0
2007-02-14 22:00:00+00:00,101.801,101.935,101.786,101.889,404.0
2007-02-15 22:00:00+00:00,101.881,101.984,101.874,101.898,332.0
2007-02-19 22:00:00+00:00,101.889,101.929,101.85,101.929,226.0
2007-02-20 22:00:00+00:00,101.922,101.954,101.837,101.884,330.0
2007-02-21 22:00:00+00:00,101.877,101.885,101.8,101.808,340.0
2007-02-22 22:00:00+00:00,101.816,101.942,101.793,101.911,355.0
2007-02-25 22:00:00+00:00,101.915,101.987,101.9,101.987,251.0
2007-02-26 22:00:00+00:00,101.995,102.411,101.972,102.278,576.0
2007-02-27 22:00:00+00:00,102.336,102.384,102.181,102.259,671.0
2007-02-28 22:00:00+00:00,102.252,102.463,102.237,102.3,852.0
2007-03-01 22:00:00+00:00,102.292,102.45,102.277,102.442,506.0
2007-03-04 22:00:00+00:00,102.477,102.594,102.376,102.439,565.0
2007-03-05 22:00:00+00:00,102.431,102.431,102.3,102.355,397.0
2007-03-06 22:00:00+00:00,102.347,102.466,102.332,102.45,375.0
2007-03-07 22:00:00+00:00,102.458,102.458,102.318,102.381,304.0
2007-03-08 22:00:00+00:00,102.374,102.382,102.125,102.165,637.0
2007-03-11 21:00:00+00:00,102.137,102.302,102.13,102.247,285.0
2007-03-12 21:00:00+00:00,102.24,102.499,102.24,102.499,535.0
2007-03-13 21:00:00+00:00,102.507,102.547,102.383,102.383,661.0
2007-03-14 21:00:00+00:00,102.376,102.392,102.298,102.346,451.0
2007-03-15 21:00:00+00:00,102.338,102.386,102.245,102.316,500.0
2007-03-18 21:00:00+00:00,102.335,102.351,102.242,102.259,243.0
2007-03-19 21:00:00+00:00,102.251,102.353,102.236,102.291,294.0
2007-03-20 21:00:00+00:00,102.284,102.472,102.215,102.433,529.0
2007-03-21 21:00:00+00:00,102.441,102.473,102.326,102.349,424.0
2007-03-22 21:00:00+00:00,102.357,102.413,102.28,102.288,351.0
2007-03-25 21:00:00+00:00,102.3,102.418,102.254,102.332,364.0
2007-03-26 21:00:00+00:00,102.34,102.388,102.318,102.365,359.0
2007-03-27 21:00:00+00:00,102.373,102.499,102.343,102.382,474.0
2007-03-28 21:00:00+00:00,102.39,102.391,102.282,102.282,333.0
2007-03-29 21:00:00+00:00,102.29,102.471,102.174,102.307,969.0
2007-04-01 21:00:00+00:00,102.303,102.35,102.273,102.289,331.0
2007-04-02 21:00:00+00:00,102.297,102.305,102.22,102.22,264.0
2007-04-03 21:00:00+00:00,102.228,102.323,102.205,102.261,314.0
2007-04-04 21:00:00+00:00,102.269,102.285,102.208,102.216,193.0
2007-04-05 21:00:00+00:00,102.224,102.232,101.998,102.006,309.0
2007-04-08 21:00:00+00:00,102.01,102.042,102.002,102.019,143.0
2007-04-09 21:00:00+00:00,102.027,102.122,102.027,102.107,237.0
2007-04-10 21:00:00+00:00,102.099,102.155,102.03,102.054,294.0
2007-04-11 21:00:00+00:00,102.062,102.109,102.039,102.04,230.0
2007-04-12 21:00:00+00:00,102.048,102.08,101.963,101.971,281.0
2007-04-15 21:00:00+00:00,101.974,102.03,101.944,102.015,280.0
2007-04-16 21:00:00+00:00,102.007,102.157,101.977,102.149,337.0
2007-04-17 21:00:00+00:00,102.157,102.228,102.126,102.221,181.0
2007-04-18 21:00:00+00:00,102.213,102.284,102.191,102.207,323.0
2007-04-19 21:00:00+00:00,102.215,102.231,102.153,102.201,232.0
2007-04-22 21:00:00+00:00,102.188,102.268,102.174,102.252,248.0
2007-04-23 21:00:00+00:00,102.26,102.332,102.238,102.308,224.0
2007-04-24 21:00:00+00:00,102.317,102.317,102.224,102.24,242.0
2007-04-25 21:00:00+00:00,102.232,102.24,102.117,102.117,294.0
2007-04-26 21:00:00+00:00,102.125,102.235,102.125,102.165,316.0
2007-04-29 21:00:00+00:00,102.161,102.295,102.161,102.279,251.0
2007-04-30 21:00:00+00:00,102.271,102.304,102.148,102.203,438.0
2007-05-01 21:00:00+00:00,102.195,102.243,102.164,102.196,227.0
2007-05-02 21:00:00+00:00,102.189,102.276,102.065,102.081,348.0
2007-05-03 21:00:00+00:00,102.089,102.168,101.981,102.137,347.0
2007-05-06 21:00:00+00:00,102.148,102.165,102.11,102.142,166.0
2007-05-07 21:00:00+00:00,102.134,102.182,102.119,102.151,218.0
2007-05-08 21:00:00+00:00,102.144,102.176,102.044,102.044,241.0
2007-05-09 21:00:00+00:00,102.052,102.131,102.014,102.131,230.0
2007-05-10 21:00:00+00:00,102.139,102.234,102.062,102.063,316.0
2007-05-13 21:00:00+00:00,102.074,102.09,102.028,102.036,236.0
2007-05-14 21:00:00+00:00,102.044,102.1,101.991,102.045,335.0
2007-05-15 21:00:00+00:00,102.038,102.093,102.008,102.024,250.0
2007-05-16 21:00:00+00:00,102.032,102.056,101.931,101.947,240.0
2007-05-17 21:00:00+00:00,101.94,101.987,101.855,101.886,311.0
2007-05-20 21:00:00+00:00,101.897,101.922,101.859,101.915,189.0
2007-05-21 21:00:00+00:00,101.923,101.923,101.846,101.861,180.0
2007-05-22 21:00:00+00:00,101.854,101.886,101.808,101.863,256.0
2007-05-23 21:00:00+00:00,101.855,101.903,101.771,101.865,375.0
2007-05-24 21:00:00+00:00,101.873,101.881,101.803,101.819,213.0
2007-05-28 21:00:00+00:00,101.824,101.825,101.747,101.763,250.0
2007-05-29 21:00:00+00:00,101.771,101.835,101.741,101.765,278.0
2007-05-30 21:00:00+00:00,101.812,101.821,101.673,101.736,401.0
2007-05-31 21:00:00+00:00,101.72,101.76,101.604,101.612,396.0
2007-06-03 21:00:00+00:00,101.615,101.663,101.6,101.624,245.0
2007-06-04 21:00:00+00:00,101.617,101.656,101.532,101.547,336.0
2007-06-05 21:00:00+00:00,101.54,101.658,101.54,101.642,256.0
2007-06-06 21:00:00+00:00,101.65,101.65,101.464,101.48,419.0
2007-06-07 21:00:00+00:00,101.472,101.544,101.426,101.536,657.0
2007-06-10 21:00:00+00:00,101.508,101.563,101.492,101.501,280.0
2007-06-11 21:00:00+00:00,101.493,101.51,101.331,101.331,363.0
2007-06-12 21:00:00+00:00,101.323,101.41,101.254,101.379,698.0
2007-06-13 21:00:00+00:00,101.371,101.411,101.317,101.341,452.0
2007-06-14 21:00:00+00:00,101.349,101.522,101.303,101.491,537.0
2007-06-17 21:00:00+00:00,101.501,101.526,101.448,101.526,311.0
2007-06-18 21:00:00+00:00,101.518,101.644,101.488,101.621,321.0
2007-06-19 21:00:00+00:00,101.613,101.645,101.505,101.537,350.0
2007-06-20 21:00:00+00:00,101.545,101.662,101.499,101.522,469.0
2007-06-21 21:00:00+00:00,101.515,101.648,101.507,101.641,285.0
2007-06-24 21:00:00+00:00,101.644,101.754,101.644,101.723,341.0
2007-06-25 21:00:00+00:00,101.715,101.763,101.677,101.755,334.0
2007-06-26 21:00:00+00:00,101.763,101.873,101.694,101.726,408.0
2007-06-27 21:00:00+00:00,101.718,101.734,101.586,101.625,424.0
2007-06-28 21:00:00+00:00,101.618,101.806,101.595,101.783,457.0
2007-07-01 21:00:00+00:00,101.778,101.841,101.762,101.826,300.0
2007-07-02 21:00:00+00:00,101.818,101.85,101.733,101.765,244.0
2007-07-04 21:00:00+00:00,101.751,101.751,101.58,101.588,328.0
2007-07-05 21:00:00+00:00,101.596,101.628,101.511,101.566,375.0
2007-07-08 21:00:00+00:00,101.561,101.64,101.553,101.633,224.0
2007-07-09 21:00:00+00:00,101.64,101.852,101.617,101.852,539.0
2007-07-10 21:00:00+00:00,101.845,101.939,101.744,101.752,529.0
2007-07-11 21:00:00+00:00,101.745,101.839,101.652,101.66,469.0
2007-07-12 21:00:00+00:00,101.668,101.731,101.622,101.693,393.0
2007-07-15 21:00:00+00:00,101.703,101.798,101.681,101.798,352.0
2007-07-16 21:00:00+00:00,101.79,101.806,101.698,101.768,367.0
2007-07-17 21:00:00+00:00,101.831,101.894,101.73,101.824,552.0
2007-07-18 21:00:00+00:00,101.817,101.849,101.755,101.833,347.0
2007-07-19 21:00:00+00:00,101.841,102.006,101.818,101.975,515.0
2007-07-22 21:00:00+00:00,101.986,102.025,101.901,101.956,307.0
2007-07-23 21:00:00+00:00,101.964,102.067,101.926,102.067,372.0
2007-07-24 21:00:00+00:00,102.059,102.091,101.982,102.076,433.0
2007-07-25 21:00:00+00:00,102.068,102.444,102.037,102.389,895.0
2007-07-26 21:00:00+00:00,102.382,102.531,102.304,102.492,1097.0
2007-07-29 21:00:00+00:00,102.495,102.527,102.309,102.332,609.0
2007-07-30 21:00:00+00:00,102.348,102.466,102.2,102.443,661.0
2007-07-31 21:00:00+00:00,102.467,102.584,102.296,102.296,834.0
2007-08-01 21:00:00+00:00,102.312,102.375,102.25,102.329,518.0
2007-08-02 21:00:00+00:00,102.313,102.588,102.236,102.572,657.0
2007-08-05 21:00:00+00:00,102.606,102.661,102.373,102.389,854.0
2007-08-06 21:00:00+00:00,102.397,102.577,102.281,102.335,818.0
2007-08-07 21:00:00+00:00,102.328,102.328,102.102,102.142,609.0
2007-08-08 21:00:00+00:00,102.126,102.533,102.118,102.51,1296.0
2007-08-09 21:00:00+00:00,102.502,102.667,102.41,102.441,1247.0
2007-08-12 21:00:00+00:00,102.436,102.547,102.312,102.547,602.0
2007-08-13 21:00:00+00:00,102.539,102.634,102.352,102.618,772.0
2007-08-14 21:00:00+00:00,102.626,102.83,102.596,102.745,1134.0
2007-08-15 21:00:00+00:00,102.784,103.292,102.737,102.855,1970.0
2007-08-16 21:00:00+00:00,102.84,103.083,102.793,102.904,2108.0
2007-08-19 21:00:00+00:00,102.914,103.142,102.86,103.079,757.0
2007-08-20 21:00:00+00:00,103.072,103.26,102.956,103.073,979.0
2007-08-21 21:00:00+00:00,103.081,103.089,102.707,102.817,1108.0
2007-08-22 21:00:00+00:00,102.809,102.912,102.629,102.756,998.0
2007-08-23 21:00:00+00:00,102.74,102.928,102.663,102.741,853.0
2007-08-26 21:00:00+00:00,102.721,102.933,102.636,102.917,608.0
2007-08-27 21:00:00+00:00,102.91,103.161,102.863,103.137,713.0
2007-08-28 21:00:00+00:00,103.153,103.223,102.951,102.982,1042.0
2007-08-29 21:00:00+00:00,102.975,103.116,102.96,103.07,1073.0
2007-08-30 21:00:00+00:00,103.109,103.109,102.836,103.016,1131.0
2007-09-03 21:00:00+00:00,103.027,103.191,102.973,103.028,747.0
2007-09-04 21:00:00+00:00,103.012,103.301,103.004,103.263,803.0
2007-09-05 21:00:00+00:00,103.255,103.271,103.138,103.138,643.0
2007-09-06 21:00:00+00:00,103.131,103.545,103.092,103.467,1123.0
2007-09-09 21:00:00+00:00,103.5,103.696,103.454,103.602,651.0
2007-09-10 21:00:00+00:00,103.595,103.602,103.385,103.4,634.0
2007-09-11 21:00:00+00:00,103.424,103.526,103.346,103.385,656.0
2007-09-12 21:00:00+00:00,103.378,103.456,103.199,103.277,646.0
2007-09-13 21:00:00+00:00,103.324,103.465,103.192,103.309,831.0
2007-09-16 21:00:00+00:00,103.303,103.366,103.186,103.241,520.0
2007-09-17 21:00:00+00:00,103.234,103.437,103.109,103.414,1128.0
2007-09-18 21:00:00+00:00,103.383,103.477,103.305,103.376,843.0
2007-09-19 21:00:00+00:00,103.368,103.415,103.127,103.142,1042.0
2007-09-20 21:00:00+00:00,103.135,103.299,103.096,103.299,773.0
2007-09-23 21:00:00+00:00,103.293,103.309,103.184,103.286,378.0
2007-09-24 21:00:00+00:00,103.278,103.521,103.271,103.388,692.0
2007-09-25 21:00:00+00:00,103.373,103.444,103.28,103.405,692.0
2007-09-26 21:00:00+00:00,103.397,103.491,103.319,103.46,745.0
2007-09-27 21:00:00+00:00,103.453,103.547,103.375,103.375,666.0
2007-09-30 21:00:00+00:00,103.377,103.471,103.315,103.354,625.0
2007-10-01 21:00:00+00:00,103.347,103.48,103.269,103.418,568.0
2007-10-02 21:00:00+00:00,103.425,103.496,103.309,103.325,536.0
2007-10-03 21:00:00+00:00,103.333,103.443,103.286,103.419,511.0
2007-10-04 21:00:00+00:00,103.412,103.419,103.147,103.248,831.0
2007-10-08 21:00:00+00:00,103.227,103.282,103.119,103.142,588.0
2007-10-09 21:00:00+00:00,103.135,103.19,103.041,103.112,561.0
2007-10-10 21:00:00+00:00,103.12,103.175,103.003,103.175,515.0
2007-10-11 21:00:00+00:00,103.183,103.183,102.95,102.965,619.0
2007-10-14 21:00:00+00:00,102.944,103.022,102.835,102.983,535.0
2007-10-15 21:00:00+00:00,102.968,103.187,102.944,103.148,628.0
2007-10-16 21:00:00+00:00,103.117,103.477,103.109,103.414,868.0
2007-10-17 21:00:00+00:00,103.407,103.556,103.344,103.532,819.0
2007-10-18 21:00:00+00:00,103.517,103.775,103.47,103.721,886.0
2007-10-21 21:00:00+00:00,103.761,103.824,103.582,103.622,989.0
2007-10-22 21:00:00+00:00,103.629,103.739,103.536,103.693,574.0
2007-10-23 21:00:00+00:00,103.708,103.935,103.685,103.85,896.0
2007-10-24 21:00:00+00:00,103.842,103.944,103.772,103.796,791.0
2007-10-25 21:00:00+00:00,103.804,103.906,103.718,103.789,611.0
2007-10-28 21:00:00+00:00,103.798,103.806,103.69,103.737,382.0
2007-10-29 21:00:00+00:00,103.729,103.761,103.667,103.745,453.0
2007-10-30 21:00:00+00:00,103.738,103.746,103.465,103.465,950.0
2007-10-31 21:00:00+00:00,103.457,103.848,103.387,103.81,1075.0
2007-11-01 21:00:00+00:00,103.794,104.068,103.638,103.927,1641.0
2007-11-04 22:00:00+00:00,103.976,104.062,103.883,103.93,852.0
2007-11-05 22:00:00+00:00,103.938,104.032,103.837,103.876,640.0
2007-11-06 22:00:00+00:00,103.868,104.166,103.861,104.166,953.0
2007-11-07 22:00:00+00:00,104.182,104.393,104.073,104.292,1342.0
2007-11-08 22:00:00+00:00,104.268,104.425,104.191,104.339,924.0
2007-11-12 22:00:00+00:00,104.381,104.389,104.14,104.148,700.0
2007-11-13 22:00:00+00:00,104.155,104.234,104.054,104.226,719.0
2007-11-14 22:00:00+00:00,104.234,104.54,104.157,104.54,899.0
2007-11-15 22:00:00+00:00,104.532,104.587,104.407,104.501,1102.0
2007-11-18 22:00:00+00:00,104.449,104.902,104.449,104.824,965.0
2007-11-19 22:00:00+00:00,104.793,104.864,104.614,104.708,1326.0
2007-11-20 22:00:00+00:00,104.716,105.115,104.708,105.021,1137.0
2007-11-22 22:00:00+00:00,104.991,105.061,104.874,104.991,525.0
2007-11-25 22:00:00+00:00,104.962,105.346,104.767,105.299,1343.0
2007-11-26 22:00:00+00:00,105.291,105.299,104.815,104.909,1831.0
2007-11-27 22:00:00+00:00,104.901,104.995,104.691,104.754,1472.0
2007-11-28 22:00:00+00:00,104.762,105.098,104.699,105.004,1293.0
2007-11-29 22:00:00+00:00,105.031,105.102,104.828,105.094,1368.0
2007-12-02 22:00:00+00:00,105.063,105.337,105.04,105.337,1053.0
2007-12-03 22:00:00+00:00,105.345,105.447,105.166,105.275,1202.0
2007-12-04 22:00:00+00:00,105.259,105.353,105.08,105.182,1094.0
2007-12-05 22:00:00+00:00,105.166,105.229,104.987,105.026,894.0
2007-12-06 22:00:00+00:00,105.033,105.112,104.784,104.846,1413.0
2007-12-09 22:00:00+00:00,104.824,104.933,104.722,104.73,917.0
2007-12-10 22:00:00+00:00,104.738,105.246,104.722,105.215,1656.0
2007-12-11 22:00:00+00:00,105.191,105.207,104.59,104.879,2254.0
2007-12-12 22:00:00+00:00,104.887,104.989,104.661,104.676,1610.0
2007-12-13 22:00:00+00:00,104.669,104.731,104.466,104.528,1009.0
2007-12-16 22:00:00+00:00,104.506,104.818,104.498,104.795,752.0
2007-12-17 22:00:00+00:00,104.803,104.865,104.654,104.772,769.0
2007-12-18 22:00:00+00:00,104.756,105.053,104.655,104.967,1259.0
2007-12-19 22:00:00+00:00,104.96,105.124,104.835,104.983,997.0
2007-12-20 22:00:00+00:00,104.96,105.015,104.741,104.765,759.0
2007-12-23 22:00:00+00:00,104.773,104.797,104.68,104.695,283.0
2007-12-25 22:00:00+00:00,104.704,104.766,104.595,104.626,394.0
2007-12-26 22:00:00+00:00,104.61,104.798,104.61,104.767,515.0
2007-12-27 22:00:00+00:00,104.759,105.04,104.759,104.994,797.0
2007-12-30 22:00:00+00:00,104.971,105.135,104.971,105.088,358.0
2008-01-01 22:00:00+00:00,105.096,105.526,104.995,105.456,1058.0
2008-01-02 22:00:00+00:00,105.448,105.761,105.433,105.581,1003.0
2008-01-03 22:00:00+00:00,105.573,105.972,105.519,105.707,1417.0
2008-01-06 22:00:00+00:00,105.723,105.778,105.598,105.7,949.0
2008-01-07 22:00:00+00:00,105.692,105.872,105.559,105.833,876.0
2008-01-08 22:00:00+00:00,105.841,105.966,105.731,105.778,938.0
2008-01-09 22:00:00+00:00,105.771,105.958,105.708,105.833,1241.0
2008-01-10 22:00:00+00:00,105.826,106.107,105.826,106.099,1167.0
2008-01-13 22:00:00+00:00,106.084,106.155,105.975,106.077,777.0
2008-01-14 22:00:00+00:00,106.085,106.233,106.007,106.226,1080.0
2008-01-15 22:00:00+00:00,106.218,106.327,106.054,106.132,1481.0
2008-01-16 22:00:00+00:00,106.124,106.382,106.031,106.336,1592.0
2008-01-17 22:00:00+00:00,106.281,106.461,106.242,106.406,760.0
2008-01-21 22:00:00+00:00,106.602,107.11,106.587,106.876,3136.0
2008-01-22 22:00:00+00:00,106.884,107.173,106.541,106.58,2804.0
2008-01-23 22:00:00+00:00,106.595,106.869,106.244,106.275,2425.0
2008-01-24 22:00:00+00:00,106.299,106.612,106.096,106.51,2109.0
2008-01-27 22:00:00+00:00,106.526,106.698,106.402,106.511,1307.0
2008-01-28 22:00:00+00:00,106.464,106.542,106.293,106.363,1138.0
2008-01-29 22:00:00+00:00,106.347,106.598,106.269,106.598,1762.0
2008-01-30 22:00:00+00:00,106.59,106.832,106.551,106.746,1848.0
2008-01-31 22:00:00+00:00,106.707,106.911,106.536,106.754,2056.0
2008-02-03 22:00:00+00:00,106.747,106.849,106.646,106.818,940.0
2008-02-04 22:00:00+00:00,106.81,107.092,106.81,107.053,1286.0
2008-02-05 22:00:00+00:00,107.045,107.139,106.912,107.014,1029.0
2008-02-06 22:00:00+00:00,107.029,107.162,106.702,106.811,1875.0
2008-02-07 22:00:00+00:00,106.827,107.085,106.811,107.038,1307.0
2008-02-10 22:00:00+00:00,107.031,107.172,106.929,107.101,876.0
2008-02-11 22:00:00+00:00,107.109,107.164,106.844,107.102,1116.0
2008-02-12 22:00:00+00:00,107.133,107.258,107.016,107.125,1271.0
2008-02-13 22:00:00+00:00,107.133,107.212,107.048,107.126,1323.0
2008-02-14 22:00:00+00:00,107.149,107.274,107.087,107.118,861.0
2008-02-17 22:00:00+00:00,107.103,107.111,106.979,106.986,169.0
2008-02-18 22:00:00+00:00,106.994,107.135,106.776,106.791,1198.0
2008-02-19 22:00:00+00:00,106.807,106.964,106.636,106.667,1905.0
2008-02-20 22:00:00+00:00,106.659,107.034,106.511,106.964,1788.0
2008-02-21 22:00:00+00:00,106.98,107.05,106.824,106.902,1542.0
2008-02-24 22:00:00+00:00,106.863,106.903,106.692,106.723,1262.0
2008-02-25 22:00:00+00:00,106.739,106.973,106.653,106.911,1340.0
2008-02-26 22:00:00+00:00,106.919,107.169,106.833,106.919,1588.0
2008-02-27 22:00:00+00:00,106.927,107.31,106.919,107.287,1055.0
2008-02-28 22:00:00+00:00,107.297,107.71,107.297,107.71,1279.0
2008-03-02 22:00:00+00:00,107.73,107.792,107.533,107.689,1220.0
2008-03-03 22:00:00+00:00,107.681,107.906,107.562,107.577,1463.0
2008-03-04 22:00:00+00:00,107.569,107.741,107.404,107.599,1750.0
2008-03-05 22:00:00+00:00,107.591,107.801,107.535,107.675,1902.0
2008-03-06 22:00:00+00:00,107.691,107.793,107.455,107.689,2403.0
2008-03-09 21:00:00+00:00,107.686,107.833,107.575,107.731,1439.0
2008-03-10 21:00:00+00:00,107.738,107.77,107.236,107.345,2370.0
2008-03-11 21:00:00+00:00,107.337,107.641,107.227,107.555,1499.0
2008-03-12 21:00:00+00:00,107.57,107.835,107.491,107.522,2012.0
2008-03-13 21:00:00+00:00,107.545,108.013,107.505,107.747,3260.0
2008-03-16 21:00:00+00:00,107.813,108.189,107.766,107.913,2364.0
2008-03-17 21:00:00+00:00,107.905,107.944,107.505,107.505,1939.0
2008-03-18 21:00:00+00:00,107.512,107.73,107.339,107.667,1794.0
2008-03-19 21:00:00+00:00,107.683,107.683,107.243,107.329,1494.0
2008-03-23 21:00:00+00:00,107.331,107.331,106.907,106.946,918.0
2008-03-24 21:00:00+00:00,106.961,107.14,106.921,107.1,1177.0
2008-03-25 21:00:00+00:00,107.108,107.372,107.077,107.372,1040.0
2008-03-26 21:00:00+00:00,107.364,107.418,107.222,107.378,1338.0
2008-03-27 21:00:00+00:00,107.394,107.51,107.268,107.502,866.0
2008-03-30 21:00:00+00:00,107.498,107.614,107.411,107.614,905.0
2008-03-31 21:00:00+00:00,107.598,107.644,107.158,107.181,1261.0
2008-04-01 21:00:00+00:00,107.158,107.29,106.898,106.992,1319.0
2008-04-02 21:00:00+00:00,106.984,107.186,106.905,107.052,1067.0
2008-04-03 21:00:00+00:00,107.06,107.223,107.012,107.191,1221.0
2008-04-06 21:00:00+00:00,107.172,107.172,106.826,107.006,852.0
2008-04-07 21:00:00+00:00,106.998,107.2,106.974,107.106,879.0
2008-04-08 21:00:00+00:00,107.09,107.433,107.027,107.339,1194.0
2008-04-09 21:00:00+00:00,107.346,107.486,107.165,107.188,1064.0
2008-04-10 21:00:00+00:00,107.18,107.437,107.156,107.398,948.0
2008-04-13 21:00:00+00:00,107.425,107.526,107.329,107.337,824.0
2008-04-14 21:00:00+00:00,107.345,107.43,107.116,107.132,1014.0
2008-04-15 21:00:00+00:00,107.124,107.248,106.888,106.927,1407.0
2008-04-16 21:00:00+00:00,106.935,106.966,106.534,106.659,1669.0
2008-04-17 21:00:00+00:00,106.667,106.76,106.345,106.61,1455.0
2008-04-20 21:00:00+00:00,106.606,106.707,106.472,106.542,914.0
2008-04-21 21:00:00+00:00,106.526,106.581,106.439,106.486,843.0
2008-04-22 21:00:00+00:00,106.47,106.547,106.36,106.492,878.0
2008-04-23 21:00:00+00:00,106.484,106.584,106.091,106.169,1754.0
2008-04-24 21:00:00+00:00,106.161,106.277,105.941,106.144,1451.0
2008-04-27 21:00:00+00:00,106.14,106.287,106.116,106.271,617.0
2008-04-28 21:00:00+00:00,106.263,106.395,106.224,106.246,699.0
2008-04-29 21:00:00+00:00,106.261,106.463,106.15,106.447,1443.0
2008-04-30 21:00:00+00:00,106.439,106.54,106.227,106.242,978.0
2008-05-01 21:00:00+00:00,106.234,106.413,105.928,106.068,1822.0
2008-05-04 21:00:00+00:00,106.088,106.33,106.024,106.133,846.0
2008-05-05 21:00:00+00:00,106.164,106.367,106.078,106.202,846.0
2008-05-06 21:00:00+00:00,106.217,106.372,106.139,106.333,821.0
2008-05-07 21:00:00+00:00,106.325,106.566,106.316,106.511,1256.0
2008-05-08 21:00:00+00:00,106.503,106.619,106.454,106.478,742.0
2008-05-11 21:00:00+00:00,106.498,106.535,106.324,106.332,690.0
2008-05-12 21:00:00+00:00,106.339,106.378,105.978,106.001,1480.0
2008-05-13 21:00:00+00:00,106.009,106.047,105.766,105.929,1486.0
2008-05-14 21:00:00+00:00,105.945,106.131,105.787,106.092,1238.0
2008-05-15 21:00:00+00:00,106.084,106.215,105.91,106.113,1319.0
2008-05-18 21:00:00+00:00,106.102,106.217,106.03,106.201,675.0
2008-05-19 21:00:00+00:00,106.209,106.387,106.122,106.364,1190.0
2008-05-20 21:00:00+00:00,106.356,106.394,106.159,106.198,1177.0
2008-05-21 21:00:00+00:00,106.19,106.252,105.868,105.969,1344.0
2008-05-22 21:00:00+00:00,105.961,106.234,105.851,106.218,1228.0
2008-05-25 21:00:00+00:00,106.214,106.229,106.126,106.126,66.0
2008-05-26 21:00:00+00:00,106.142,106.188,106.031,106.07,845.0
2008-05-27 21:00:00+00:00,106.062,106.131,105.849,105.865,821.0
2008-05-28 21:00:00+00:00,105.872,105.911,105.629,105.808,1148.0
2008-05-29 21:00:00+00:00,105.75,105.905,105.733,105.785,795.0
2008-06-01 21:00:00+00:00,105.793,106.135,105.785,106.072,1335.0
2008-06-02 21:00:00+00:00,106.063,106.311,105.935,106.272,1728.0
2008-06-03 21:00:00+00:00,106.279,106.379,106.127,106.181,1869.0
2008-06-04 21:00:00+00:00,106.197,106.252,106.045,106.083,1569.0
2008-06-05 21:00:00+00:00,106.091,106.386,105.821,106.338,2493.0
2008-06-08 21:00:00+00:00,106.329,106.383,105.596,105.674,2728.0
2008-06-09 21:00:00+00:00,105.666,105.682,105.117,105.309,2671.0
2008-06-10 21:00:00+00:00,105.301,105.667,105.246,105.549,1964.0
2008-06-11 21:00:00+00:00,105.54,105.587,105.066,105.113,1788.0
2008-06-12 21:00:00+00:00,105.128,105.439,104.977,105.14,2030.0
2008-06-15 21:00:00+00:00,105.132,105.255,105.089,105.097,979.0
2008-06-16 21:00:00+00:00,105.105,105.424,105.097,105.32,1417.0
2008-06-17 21:00:00+00:00,105.328,105.466,105.248,105.426,1017.0
2008-06-18 21:00:00+00:00,105.418,105.503,105.14,105.218,1324.0
2008-06-19 21:00:00+00:00,105.249,105.466,105.218,105.308,1200.0
2008-06-22 21:00:00+00:00,105.3,105.362,105.179,105.234,858.0
2008-06-23 21:00:00+00:00,105.257,105.528,105.177,105.48,1345.0
2008-06-24 21:00:00+00:00,105.464,105.626,105.218,105.602,1712.0
2008-06-25 21:00:00+00:00,105.609,105.928,105.56,105.919,1709.0
2008-06-26 21:00:00+00:00,105.911,106.011,105.768,105.978,1525.0
2008-06-29 21:00:00+00:00,105.954,106.055,105.803,105.974,1211.0
2008-06-30 21:00:00+00:00,105.942,106.167,105.862,105.922,1889.0
2008-07-01 21:00:00+00:00,105.938,106.139,105.857,106.067,1597.0
2008-07-02 21:00:00+00:00,106.075,106.237,106.036,106.15,1310.0
2008-07-03 21:00:00+00:00,106.165,106.264,106.132,106.209,83.0
2008-07-06 21:00:00+00:00,106.215,106.495,106.071,106.345,1834.0
2008-07-07 21:00:00+00:00,106.337,106.429,106.209,106.239,1289.0
2008-07-08 21:00:00+00:00,106.231,106.486,106.135,106.447,1243.0
2008-07-09 21:00:00+00:00,106.438,106.506,106.302,106.395,1476.0
2008-07-10 21:00:00+00:00,106.372,106.409,105.937,106.015,2350.0
2008-07-13 21:00:00+00:00,105.968,106.356,105.842,106.293,1797.0
2008-07-14 21:00:00+00:00,106.3,106.69,106.277,106.461,1709.0
2008-07-15 21:00:00+00:00,106.469,106.568,106.308,106.363,1544.0
2008-07-16 21:00:00+00:00,106.379,106.386,106.046,106.218,1204.0
2008-07-17 21:00:00+00:00,106.226,106.279,105.869,105.924,1421.0
2008-07-20 21:00:00+00:00,105.931,106.045,105.748,106.022,1001.0
2008-07-21 21:00:00+00:00,106.013,106.113,105.72,105.79,1128.0
2008-07-22 21:00:00+00:00,105.798,105.798,105.584,105.739,1259.0
2008-07-23 21:00:00+00:00,105.755,106.127,105.708,106.119,1433.0
2008-07-24 21:00:00+00:00,106.095,106.187,105.888,105.911,1383.0
2008-07-27 21:00:00+00:00,105.895,106.19,105.887,106.165,946.0
2008-07-28 21:00:00+00:00,106.189,106.202,105.958,106.067,997.0
2008-07-29 21:00:00+00:00,106.083,106.127,105.916,106.048,1209.0
2008-07-30 21:00:00+00:00,106.063,106.318,106.022,106.302,1489.0
2008-07-31 21:00:00+00:00,106.286,106.386,106.182,106.314,1267.0
2008-08-03 21:00:00+00:00,106.29,106.334,106.2,106.223,911.0
2008-08-04 21:00:00+00:00,106.215,106.276,106.126,106.172,986.0
2008-08-05 21:00:00+00:00,106.18,106.295,106.004,106.113,1099.0
2008-08-06 21:00:00+00:00,106.121,106.438,106.105,106.407,1045.0
2008-08-07 21:00:00+00:00,106.399,106.467,106.2,106.262,914.0
2008-08-10 21:00:00+00:00,106.253,106.355,106.039,106.148,801.0
2008-08-11 21:00:00+00:00,106.14,106.387,106.14,106.378,922.0
2008-08-12 21:00:00+00:00,106.363,106.431,106.226,106.296,885.0
2008-08-13 21:00:00+00:00,106.28,106.41,106.192,106.378,847.0
2008-08-14 21:00:00+00:00,106.37,106.602,106.321,106.476,842.0
2008-08-17 21:00:00+00:00,106.467,106.597,106.418,106.573,734.0
2008-08-18 21:00:00+00:00,106.557,106.695,106.557,106.639,984.0
2008-08-19 21:00:00+00:00,106.631,106.769,106.536,106.729,829.0
2008-08-20 21:00:00+00:00,106.721,106.821,106.57,106.616,995.0
2008-08-21 21:00:00+00:00,106.623,106.67,106.37,106.432,989.0
2008-08-24 21:00:00+00:00,106.447,106.624,106.4,106.584,934.0
2008-08-25 21:00:00+00:00,106.591,106.652,106.494,106.587,666.0
2008-08-26 21:00:00+00:00,106.579,106.693,106.436,106.669,873.0
2008-08-27 21:00:00+00:00,106.661,106.661,106.486,106.571,740.0
2008-08-28 21:00:00+00:00,106.438,106.475,106.271,106.451,772.0
2008-08-31 21:00:00+00:00,106.407,106.491,106.407,106.483,112.0
2008-09-01 21:00:00+00:00,106.467,106.621,106.285,106.613,1057.0
2008-09-02 21:00:00+00:00,106.621,106.666,106.55,106.619,850.0
2008-09-03 21:00:00+00:00,106.603,106.804,106.532,106.797,866.0
2008-09-04 21:00:00+00:00,106.836,107.061,106.489,106.536,1519.0
2008-09-07 21:00:00+00:00,106.413,106.583,106.068,106.52,2428.0
2008-09-08 21:00:00+00:00,106.512,106.792,106.362,106.784,1484.0
2008-09-09 21:00:00+00:00,106.776,106.83,106.556,106.727,1768.0
2008-09-10 21:00:00+00:00,106.743,106.921,106.685,106.693,1550.0
2008-09-11 21:00:00+00:00,106.709,106.88,106.582,106.683,1591.0
2008-09-14 21:00:00+00:00,107.062,107.725,107.062,107.709,3514.0
2008-09-15 21:00:00+00:00,107.686,107.966,107.112,107.456,4439.0
2008-09-16 21:00:00+00:00,107.448,107.83,107.088,107.728,4842.0
2008-09-17 21:00:00+00:00,107.696,108.149,107.373,107.561,5201.0
2008-09-18 21:00:00+00:00,107.53,107.53,106.377,106.642,5008.0
2008-09-21 21:00:00+00:00,106.817,106.862,106.51,106.768,1619.0
2008-09-22 21:00:00+00:00,106.776,106.97,106.752,106.852,2219.0
2008-09-23 21:00:00+00:00,106.859,107.139,106.711,107.014,1950.0
2008-09-24 21:00:00+00:00,107.029,107.076,106.612,106.675,2681.0
2008-09-25 21:00:00+00:00,106.682,107.025,106.627,106.797,1960.0
2008-09-28 21:00:00+00:00,106.792,107.926,106.722,107.589,3881.0
2008-09-29 21:00:00+00:00,107.526,107.651,106.874,107.022,2635.0
2008-09-30 21:00:00+00:00,107.014,107.467,106.991,107.294,2372.0
2008-10-01 21:00:00+00:00,107.286,107.652,107.168,107.589,2029.0
2008-10-02 21:00:00+00:00,107.565,107.713,107.219,107.634,3893.0
2008-10-05 21:00:00+00:00,107.738,108.041,107.658,107.916,2877.0
2008-10-06 21:00:00+00:00,107.923,107.993,107.648,107.835,3705.0
2008-10-07 21:00:00+00:00,107.827,108.21,107.269,107.645,5443.0
2008-10-08 21:00:00+00:00,107.621,107.684,107.196,107.533,3564.0
2008-10-09 21:00:00+00:00,107.517,107.814,107.225,107.248,4561.0
2008-10-12 21:00:00+00:00,107.345,107.345,106.74,106.779,1001.0
2008-10-13 21:00:00+00:00,106.763,107.16,106.724,107.066,2155.0
2008-10-14 21:00:00+00:00,107.082,107.502,107.074,107.486,2088.0
2008-10-15 21:00:00+00:00,107.533,107.633,107.219,107.445,2735.0
2008-10-16 21:00:00+00:00,107.453,107.6,107.318,107.513,2048.0
2008-10-19 21:00:00+00:00,107.547,107.57,107.146,107.325,1522.0
2008-10-20 21:00:00+00:00,107.317,107.582,107.246,107.448,1590.0
2008-10-21 21:00:00+00:00,107.432,107.681,107.432,107.673,1552.0
2008-10-22 21:00:00+00:00,107.688,107.788,107.413,107.459,2435.0
2008-10-23 21:00:00+00:00,107.467,107.966,107.467,107.699,3085.0
2008-10-26 21:00:00+00:00,107.686,107.928,107.559,107.699,2148.0
2008-10-27 21:00:00+00:00,107.684,107.73,107.479,107.634,1728.0
2008-10-28 21:00:00+00:00,107.626,108.016,107.626,107.835,2016.0
2008-10-29 21:00:00+00:00,107.89,107.89,107.622,107.692,1712.0
2008-10-30 21:00:00+00:00,107.676,107.886,107.51,107.572,2033.0
2008-11-02 22:00:00+00:00,107.583,107.987,107.512,107.987,1101.0
2008-11-03 22:00:00+00:00,107.956,108.086,107.829,108.024,1165.0
2008-11-04 22:00:00+00:00,108.016,108.178,107.882,108.115,1237.0
2008-11-05 22:00:00+00:00,108.123,108.309,108.113,108.261,1261.0
2008-11-06 22:00:00+00:00,108.144,108.447,108.08,108.157,1408.0
2008-11-09 22:00:00+00:00,108.113,108.384,107.986,108.33,873.0
2008-11-10 22:00:00+00:00,108.314,108.431,108.258,108.374,628.0
2008-11-11 22:00:00+00:00,108.389,108.622,108.342,108.59,1175.0
2008-11-12 22:00:00+00:00,108.598,108.652,108.314,108.369,1546.0
2008-11-13 22:00:00+00:00,108.361,108.516,108.328,108.39,1505.0
2008-11-16 22:00:00+00:00,108.44,108.479,108.313,108.469,964.0
2008-11-17 22:00:00+00:00,108.452,108.591,108.342,108.568,1013.0
2008-11-18 22:00:00+00:00,108.56,108.745,108.48,108.737,1401.0
2008-11-19 22:00:00+00:00,108.729,108.978,108.667,108.876,2251.0
2008-11-20 22:00:00+00:00,108.868,108.906,108.64,108.717,1977.0
2008-11-23 22:00:00+00:00,108.665,108.772,108.506,108.568,1172.0
2008-11-24 22:00:00+00:00,108.576,108.942,108.537,108.808,1886.0
2008-11-25 22:00:00+00:00,108.824,109.009,108.714,108.931,1613.0
2008-11-26 22:00:00+00:00,108.993,108.993,108.804,108.858,160.0
2008-11-27 22:00:00+00:00,108.773,109.461,108.71,109.186,735.0
2008-11-30 22:00:00+00:00,109.235,109.324,109.085,109.15,1514.0
2008-12-01 22:00:00+00:00,109.11,109.226,108.925,109.018,1526.0
2008-12-02 22:00:00+00:00,109.057,109.057,108.738,108.909,1638.0
2008-12-03 22:00:00+00:00,108.901,109.119,108.606,109.076,1738.0
2008-12-04 22:00:00+00:00,109.052,109.127,108.818,108.857,1829.0
2008-12-07 22:00:00+00:00,108.892,108.892,108.41,108.807,1395.0
2008-12-08 22:00:00+00:00,108.799,109.037,108.709,108.997,991.0
2008-12-09 22:00:00+00:00,108.973,108.997,108.734,108.92,1118.0
2008-12-10 22:00:00+00:00,108.881,109.056,108.758,109.016,1365.0
2008-12-11 22:00:00+00:00,109.024,109.242,108.713,109.026,1830.0
2008-12-14 22:00:00+00:00,108.918,109.211,108.837,109.172,1072.0
2008-12-15 22:00:00+00:00,109.179,109.48,108.955,109.449,1495.0
2008-12-16 22:00:00+00:00,109.432,109.546,109.17,109.222,1872.0
2008-12-17 22:00:00+00:00,109.261,109.476,109.189,109.444,1195.0
2008-12-18 22:00:00+00:00,109.436,109.449,109.204,109.351,841.0
2008-12-21 22:00:00+00:00,109.252,109.342,109.163,109.23,763.0
2008-12-22 22:00:00+00:00,109.237,109.351,109.198,109.271,586.0
2008-12-23 22:00:00+00:00,109.341,109.455,109.281,109.328,213.0
2008-12-25 22:00:00+00:00,109.443,109.443,109.261,109.299,203.0
2008-12-28 22:00:00+00:00,109.286,109.642,109.27,109.531,548.0
2008-12-29 22:00:00+00:00,109.539,109.659,109.433,109.635,612.0
2008-12-30 22:00:00+00:00,109.666,109.697,109.473,109.519,702.0
2009-01-01 22:00:00+00:00,109.588,109.681,109.295,109.428,970.0
2009-01-04 22:00:00+00:00,109.477,109.613,109.286,109.597,1035.0
2009-01-05 22:00:00+00:00,109.581,109.63,109.389,109.599,902.0
2009-01-06 22:00:00+00:00,109.606,109.606,109.405,109.53,931.0
2009-01-07 22:00:00+00:00,109.521,109.611,109.43,109.468,1218.0
2009-01-08 22:00:00+00:00,109.452,109.73,109.425,109.674,1098.0
2009-01-11 22:00:00+00:00,109.629,109.75,109.61,109.678,633.0
2009-01-12 22:00:00+00:00,109.686,109.704,109.525,109.672,899.0
2009-01-13 22:00:00+00:00,109.68,109.793,109.552,109.705,882.0
2009-01-14 22:00:00+00:00,109.713,109.774,109.63,109.683,966.0
2009-01-15 22:00:00+00:00,109.675,109.78,109.562,109.748,1044.0
2009-01-18 22:00:00+00:00,109.726,109.726,109.495,109.588,263.0
2009-01-19 22:00:00+00:00,109.587,109.762,109.579,109.706,928.0
2009-01-20 22:00:00+00:00,109.722,109.737,109.567,109.582,1009.0
2009-01-21 22:00:00+00:00,109.574,109.688,109.548,109.662,937.0
2009-01-22 22:00:00+00:00,109.654,109.69,109.391,109.452,1148.0
2009-01-25 22:00:00+00:00,109.463,109.485,109.309,109.394,823.0
2009-01-26 22:00:00+00:00,109.409,109.483,109.335,109.466,774.0
2009-01-27 22:00:00+00:00,109.442,109.517,109.264,109.334,1029.0
2009-01-28 22:00:00+00:00,109.342,109.416,109.187,109.218,962.0
2009-01-29 22:00:00+00:00,109.226,109.379,109.173,109.181,1034.0
2009-02-01 22:00:00+00:00,109.168,109.329,109.156,109.264,720.0
2009-02-02 22:00:00+00:00,109.271,109.29,109.132,109.14,797.0
2009-02-03 22:00:00+00:00,109.155,109.245,109.088,109.118,818.0
2009-02-04 22:00:00+00:00,109.149,109.215,109.066,109.111,667.0
2009-02-05 22:00:00+00:00,109.119,109.209,109.089,109.097,924.0
2009-02-08 22:00:00+00:00,109.092,109.177,108.954,109.031,554.0
2009-02-09 22:00:00+00:00,109.023,109.276,109.015,109.276,839.0
2009-02-10 22:00:00+00:00,109.26,109.31,109.146,109.23,761.0
2009-02-11 22:00:00+00:00,109.246,109.328,109.209,109.24,720.0
2009-02-12 22:00:00+00:00,109.247,109.278,109.117,109.171,684.0
2009-02-15 22:00:00+00:00,109.173,109.302,109.132,109.302,216.0
2009-02-16 22:00:00+00:00,109.3,109.329,109.211,109.302,803.0
2009-02-17 22:00:00+00:00,109.294,109.317,109.039,109.108,1159.0
2009-02-18 22:00:00+00:00,109.1,109.185,109.018,109.07,1203.0
2009-02-19 22:00:00+00:00,109.078,109.245,109.062,109.111,997.0
2009-02-22 22:00:00+00:00,109.106,109.14,108.985,109.123,885.0
2009-02-23 22:00:00+00:00,109.1,109.15,108.992,109.015,858.0
2009-02-24 22:00:00+00:00,109.109,109.109,108.861,108.939,1078.0
2009-02-25 22:00:00+00:00,108.93,108.952,108.824,108.901,931.0
2009-02-26 22:00:00+00:00,108.695,108.896,108.631,108.88,894.0
2009-03-01 22:00:00+00:00,108.864,109.095,108.864,109.095,860.0
2009-03-02 22:00:00+00:00,109.071,109.115,108.959,109.099,864.0
2009-03-03 22:00:00+00:00,109.091,109.099,108.868,108.961,797.0
2009-03-04 22:00:00+00:00,108.977,109.091,108.937,109.067,897.0
2009-03-05 22:00:00+00:00,109.059,109.261,108.93,108.937,1210.0
2009-03-08 21:00:00+00:00,108.984,109.013,108.832,108.917,809.0
2009-03-09 21:00:00+00:00,108.933,108.941,108.765,108.811,852.0
2009-03-10 21:00:00+00:00,108.803,108.88,108.761,108.823,703.0
2009-03-11 21:00:00+00:00,108.83,108.937,108.795,108.858,859.0
2009-03-12 21:00:00+00:00,108.85,108.996,108.746,108.956,748.0
2009-03-15 21:00:00+00:00,108.947,108.994,108.811,108.865,528.0
2009-03-16 21:00:00+00:00,108.857,108.917,108.759,108.782,634.0
2009-03-17 21:00:00+00:00,108.774,109.327,108.758,109.249,2151.0
2009-03-18 21:00:00+00:00,109.241,109.301,109.129,109.151,1054.0
2009-03-19 21:00:00+00:00,109.158,109.289,109.123,109.162,560.0
2009-03-22 21:00:00+00:00,109.154,109.154,109.043,109.095,607.0
2009-03-23 21:00:00+00:00,109.11,109.11,108.982,109.052,729.0
2009-03-24 21:00:00+00:00,109.043,109.067,108.977,109.032,589.0
2009-03-25 21:00:00+00:00,109.024,109.177,108.991,109.13,676.0
2009-03-26 21:00:00+00:00,109.106,109.189,109.094,109.102,422.0
2009-03-29 21:00:00+00:00,109.117,109.231,109.109,109.231,430.0
2009-03-30 21:00:00+00:00,109.238,109.344,109.182,109.328,513.0
2009-03-31 21:00:00+00:00,109.32,109.351,109.238,109.262,634.0
2009-04-01 21:00:00+00:00,109.269,109.285,109.077,109.085,706.0
2009-04-02 21:00:00+00:00,109.069,109.1,108.909,108.955,840.0
2009-04-05 21:00:00+00:00,108.916,108.983,108.819,108.935,560.0
2009-04-06 21:00:00+00:00,108.927,109.034,108.927,108.978,560.0
2009-04-07 21:00:00+00:00,108.97,109.047,108.881,108.943,663.0
2009-04-08 21:00:00+00:00,108.935,108.958,108.838,108.868,501.0
2009-04-12 21:00:00+00:00,108.887,109.048,108.863,109.024,367.0
2009-04-13 21:00:00+00:00,109.031,109.122,108.966,109.059,608.0
2009-04-14 21:00:00+00:00,109.074,109.128,109.001,109.055,693.0
2009-04-15 21:00:00+00:00,109.062,109.062,108.933,108.933,575.0
2009-04-16 21:00:00+00:00,108.925,108.971,108.742,108.788,726.0
2009-04-19 21:00:00+00:00,108.779,108.933,108.772,108.932,616.0
2009-04-20 21:00:00+00:00,108.916,108.992,108.842,108.873,683.0
2009-04-21 21:00:00+00:00,108.85,108.918,108.776,108.814,668.0
2009-04-22 21:00:00+00:00,108.798,108.881,108.772,108.873,596.0
2009-04-23 21:00:00+00:00,108.881,108.888,108.799,108.822,557.0
2009-04-26 21:00:00+00:00,108.837,109.021,108.837,109.005,710.0
2009-04-27 21:00:00+00:00,108.989,109.097,108.869,108.907,690.0
2009-04-28 21:00:00+00:00,108.899,109.139,108.883,108.934,970.0
2009-04-29 21:00:00+00:00,108.942,109.048,108.877,109.032,786.0
2009-04-30 21:00:00+00:00,109.016,109.028,108.935,109.028,571.0
2009-05-03 21:00:00+00:00,109.019,109.048,108.93,108.945,351.0
2009-05-04 21:00:00+00:00,108.937,108.974,108.871,108.91,462.0
2009-05-05 21:00:00+00:00,108.917,109.008,108.875,108.921,544.0
2009-05-06 21:00:00+00:00,108.913,108.951,108.769,108.839,808.0
2009-05-07 21:00:00+00:00,108.831,108.937,108.774,108.889,611.0
2009-05-10 21:00:00+00:00,108.865,109.049,108.865,109.041,405.0
2009-05-11 21:00:00+00:00,109.033,109.077,108.96,109.061,556.0
2009-05-12 21:00:00+00:00,109.045,109.128,108.989,109.088,514.0
2009-05-13 21:00:00+00:00,109.096,109.172,109.077,109.131,455.0
2009-05-14 21:00:00+00:00,109.146,109.152,109.089,109.127,653.0
2009-05-17 21:00:00+00:00,109.134,109.149,108.966,108.989,928.0
2009-05-18 21:00:00+00:00,108.997,109.064,108.924,109.048,637.0
2009-05-19 21:00:00+00:00,109.039,109.185,109.022,109.129,614.0
2009-05-20 21:00:00+00:00,109.137,109.174,109.032,109.078,764.0
2009-05-21 21:00:00+00:00,109.062,109.108,108.997,109.02,421.0
2009-05-24 21:00:00+00:00,109.027,109.126,108.994,109.086,165.0
2009-05-25 21:00:00+00:00,109.069,109.084,108.94,108.94,726.0
2009-05-26 21:00:00+00:00,108.932,109.109,108.929,108.968,971.0
2009-05-27 21:00:00+00:00,108.96,109.026,108.832,109.01,1161.0
2009-05-28 21:00:00+00:00,108.875,108.997,108.867,108.973,846.0
2009-05-31 21:00:00+00:00,108.893,108.955,108.826,108.888,593.0
2009-06-01 21:00:00+00:00,108.88,108.995,108.863,108.899,894.0
2009-06-02 21:00:00+00:00,108.915,109.013,108.858,108.989,746.0
2009-06-03 21:00:00+00:00,108.997,108.997,108.851,108.851,955.0
2009-06-04 21:00:00+00:00,108.819,108.89,108.038,108.069,2691.0
2009-06-07 21:00:00+00:00,108.028,108.052,107.718,107.773,1312.0
2009-06-08 21:00:00+00:00,107.765,108.076,107.765,108.012,1431.0
2009-06-09 21:00:00+00:00,108.019,108.04,107.804,107.913,1112.0
2009-06-10 21:00:00+00:00,107.905,108.003,107.761,107.971,1289.0
2009-06-11 21:00:00+00:00,107.963,108.156,107.939,108.1,828.0
2009-06-14 21:00:00+00:00,108.083,108.23,108.083,108.189,676.0
2009-06-15 21:00:00+00:00,108.18,108.302,108.076,108.294,816.0
2009-06-16 21:00:00+00:00,108.286,108.408,108.213,108.329,1040.0
2009-06-17 21:00:00+00:00,108.336,108.373,108.074,108.12,1246.0
2009-06-18 21:00:00+00:00,108.128,108.202,108.038,108.186,965.0
2009-06-21 21:00:00+00:00,108.216,108.369,108.153,108.361,647.0
2009-06-22 21:00:00+00:00,108.353,108.443,108.263,108.435,797.0
2009-06-23 21:00:00+00:00,108.419,108.462,108.273,108.32,1039.0
2009-06-24 21:00:00+00:00,108.328,108.536,108.264,108.48,923.0
2009-06-25 21:00:00+00:00,108.496,108.594,108.439,108.539,968.0
2009-06-28 21:00:00+00:00,108.529,108.588,108.51,108.556,781.0
2009-06-29 21:00:00+00:00,108.564,108.564,108.388,108.528,1209.0
2009-06-30 21:00:00+00:00,108.536,108.665,108.478,108.649,884.0
2009-07-01 21:00:00+00:00,108.657,108.818,108.623,108.793,1168.0
2009-07-02 21:00:00+00:00,108.801,108.892,108.783,108.884,186.0
2009-07-05 21:00:00+00:00,108.85,108.886,108.801,108.854,701.0
2009-07-06 21:00:00+00:00,108.861,108.865,108.779,108.794,627.0
2009-07-07 21:00:00+00:00,108.809,108.955,108.767,108.891,781.0
2009-07-08 21:00:00+00:00,108.907,108.915,108.84,108.887,874.0
2009-07-09 21:00:00+00:00,108.894,109.017,108.878,108.953,549.0
2009-07-12 21:00:00+00:00,108.983,109.004,108.892,108.908,632.0
2009-07-13 21:00:00+00:00,108.915,108.938,108.794,108.809,755.0
2009-07-14 21:00:00+00:00,108.801,108.853,108.632,108.656,1149.0
2009-07-15 21:00:00+00:00,108.671,108.833,108.671,108.745,888.0
2009-07-16 21:00:00+00:00,108.737,108.821,108.664,108.733,817.0
2009-07-19 21:00:00+00:00,108.739,108.782,108.619,108.735,771.0
2009-07-20 21:00:00+00:00,108.758,108.942,108.669,108.84,801.0
2009-07-21 21:00:00+00:00,108.871,108.915,108.796,108.827,633.0
2009-07-22 21:00:00+00:00,108.835,108.842,108.588,108.658,997.0
2009-07-23 21:00:00+00:00,108.666,108.709,108.6,108.708,664.0
2009-07-26 21:00:00+00:00,108.668,108.683,108.508,108.624,854.0
2009-07-27 21:00:00+00:00,108.608,108.699,108.495,108.541,1117.0
2009-07-28 21:00:00+00:00,108.533,108.633,108.334,108.482,939.0
2009-07-29 21:00:00+00:00,108.466,108.479,108.345,108.454,943.0
2009-07-30 21:00:00+00:00,108.446,108.599,108.357,108.59,1179.0
2009-08-02 21:00:00+00:00,108.589,108.589,108.366,108.42,908.0
2009-08-03 21:00:00+00:00,108.427,108.487,108.33,108.36,723.0
2009-08-04 21:00:00+00:00,108.352,108.49,108.24,108.34,1170.0
2009-08-05 21:00:00+00:00,108.332,108.392,108.275,108.367,787.0
2009-08-06 21:00:00+00:00,108.343,108.411,107.847,108.167,1429.0
2009-08-09 21:00:00+00:00,108.134,108.302,108.078,108.263,588.0
2009-08-10 21:00:00+00:00,108.27,108.424,108.229,108.415,909.0
2009-08-11 21:00:00+00:00,108.399,108.512,108.301,108.465,1106.0
2009-08-12 21:00:00+00:00,108.457,108.617,108.368,108.593,955.0
2009-08-13 21:00:00+00:00,108.577,108.746,108.577,108.644,863.0
2009-08-16 21:00:00+00:00,108.65,108.78,108.65,108.747,686.0
2009-08-17 21:00:00+00:00,108.724,108.752,108.643,108.704,850.0
2009-08-18 21:00:00+00:00,108.711,108.81,108.695,108.785,817.0
2009-08-19 21:00:00+00:00,108.793,108.812,108.689,108.788,682.0
2009-08-20 21:00:00+00:00,108.796,108.858,108.558,108.596,896.0
2009-08-23 21:00:00+00:00,108.579,108.786,108.579,108.754,754.0
2009-08-24 21:00:00+00:00,108.746,108.781,108.672,108.773,1064.0
2009-08-25 21:00:00+00:00,108.765,108.825,108.716,108.792,1007.0
2009-08-26 21:00:00+00:00,108.808,108.867,108.75,108.842,780.0
2009-08-27 21:00:00+00:00,108.834,108.916,108.792,108.908,707.0
2009-08-30 21:00:00+00:00,108.758,108.902,108.75,108.894,663.0
2009-08-31 21:00:00+00:00,108.862,109.046,108.827,109.03,936.0
2009-09-01 21:00:00+00:00,109.021,109.095,108.971,109.055,823.0
2009-09-02 21:00:00+00:00,109.078,109.078,108.981,109.002,549.0
2009-09-03 21:00:00+00:00,109.01,109.053,108.928,108.981,1125.0
2009-09-06 21:00:00+00:00,108.977,109.052,108.951,109.004,210.0
2009-09-07 21:00:00+00:00,109.018,109.039,108.957,108.957,914.0
2009-09-08 21:00:00+00:00,108.965,109.025,108.922,109.007,799.0
2009-09-09 21:00:00+00:00,109.014,109.128,108.965,109.095,821.0
2009-09-10 21:00:00+00:00,109.103,109.177,109.058,109.058,792.0
2009-09-13 21:00:00+00:00,109.038,109.104,109.017,109.025,742.0
2009-09-14 21:00:00+00:00,109.04,109.069,108.95,108.987,797.0
2009-09-15 21:00:00+00:00,108.995,109.086,108.865,108.887,1062.0
2009-09-16 21:00:00+00:00,108.871,108.992,108.805,108.984,993.0
2009-09-17 21:00:00+00:00,108.968,109.005,108.837,108.852,784.0
2009-09-20 21:00:00+00:00,108.84,108.938,108.824,108.85,825.0
2009-09-21 21:00:00+00:00,108.858,108.932,108.793,108.915,1077.0
2009-09-22 21:00:00+00:00,108.907,109.044,108.824,109.027,968.0
2009-09-23 21:00:00+00:00,109.019,109.101,108.953,109.084,866.0
2009-09-24 21:00:00+00:00,109.092,109.099,108.947,108.992,840.0
2009-09-27 21:00:00+00:00,108.98,109.019,108.914,108.975,826.0
2009-09-28 21:00:00+00:00,108.99,108.99,108.829,108.93,913.0
2009-09-29 21:00:00+00:00,108.937,109.034,108.832,109.026,886.0
2009-09-30 21:00:00+00:00,109.018,109.194,108.999,109.185,1031.0
2009-10-01 21:00:00+00:00,109.192,109.275,109.149,109.179,1266.0
2009-10-04 21:00:00+00:00,109.183,109.234,109.149,109.177,731.0
2009-10-05 21:00:00+00:00,109.185,109.192,109.079,109.116,938.0
2009-10-06 21:00:00+00:00,109.124,109.237,109.098,109.22,790.0
2009-10-07 21:00:00+00:00,109.212,109.236,109.129,109.16,993.0
2009-10-08 21:00:00+00:00,109.136,109.167,108.951,108.981,1016.0
2009-10-11 21:00:00+00:00,108.961,109.098,108.951,109.074,556.0
2009-10-12 21:00:00+00:00,109.065,109.162,109.032,109.099,566.0
2009-10-13 21:00:00+00:00,109.083,109.118,108.993,109.07,751.0
2009-10-14 21:00:00+00:00,109.062,109.097,108.994,109.001,808.0
2009-10-15 21:00:00+00:00,109.009,109.017,108.919,108.98,889.0
2009-10-18 21:00:00+00:00,108.944,108.972,108.878,108.939,671.0
2009-10-19 21:00:00+00:00,108.931,109.068,108.899,109.035,705.0
2009-10-20 21:00:00+00:00,109.042,109.057,108.92,108.958,667.0
2009-10-21 21:00:00+00:00,108.95,108.993,108.892,108.968,844.0
2009-10-22 21:00:00+00:00,108.96,108.96,108.823,108.829,730.0
2009-10-25 21:00:00+00:00,108.833,108.848,108.766,108.78,915.0
2009-10-26 21:00:00+00:00,108.788,108.994,108.772,108.994,793.0
2009-10-27 21:00:00+00:00,108.978,109.122,108.93,109.082,740.0
2009-10-28 21:00:00+00:00,109.066,109.113,108.96,109.006,625.0
2009-10-29 21:00:00+00:00,108.998,109.188,108.99,109.18,881.0
2009-11-01 22:00:00+00:00,109.176,109.207,109.078,109.116,648.0
2009-11-02 22:00:00+00:00,109.123,109.215,109.095,109.126,768.0
2009-11-03 22:00:00+00:00,109.133,109.175,109.043,109.143,1117.0
2009-11-04 22:00:00+00:00,109.151,109.226,109.135,109.2,680.0
2009-11-05 22:00:00+00:00,109.192,109.29,109.159,109.249,832.0
2009-11-08 22:00:00+00:00,109.229,109.248,109.197,109.224,454.0
2009-11-09 22:00:00+00:00,109.231,109.275,109.2,109.273,436.0
2009-11-10 22:00:00+00:00,109.265,109.339,109.246,109.314,358.0
2009-11-11 22:00:00+00:00,109.321,109.324,109.224,109.308,695.0
2009-11-12 22:00:00+00:00,109.3,109.315,109.234,109.31,589.0
2009-11-15 22:00:00+00:00,109.282,109.395,109.241,109.379,770.0
2009-11-16 22:00:00+00:00,109.386,109.405,109.328,109.396,639.0
2009-11-17 22:00:00+00:00,109.388,109.447,109.338,109.414,640.0
2009-11-18 22:00:00+00:00,109.406,109.558,109.388,109.479,793.0
2009-11-19 22:00:00+00:00,109.47,109.546,109.418,109.426,722.0
2009-11-22 22:00:00+00:00,109.422,109.428,109.357,109.408,519.0
2009-11-23 22:00:00+00:00,109.4,109.52,109.4,109.512,636.0
2009-11-24 22:00:00+00:00,109.519,109.532,109.46,109.506,990.0
2009-11-25 22:00:00+00:00,109.514,109.642,109.512,109.642,366.0
2009-11-26 22:00:00+00:00,109.641,109.985,109.551,109.605,746.0
2009-11-29 22:00:00+00:00,109.406,109.567,109.375,109.543,521.0
2009-11-30 22:00:00+00:00,109.551,109.594,109.509,109.53,691.0
2009-12-01 22:00:00+00:00,109.538,109.551,109.416,109.423,667.0
2009-12-02 22:00:00+00:00,109.439,109.447,109.287,109.418,970.0
2009-12-03 22:00:00+00:00,109.41,109.447,109.101,109.139,1868.0
2009-12-06 22:00:00+00:00,109.113,109.328,109.073,109.32,795.0
2009-12-07 22:00:00+00:00,109.312,109.482,109.28,109.402,828.0
2009-12-08 22:00:00+00:00,109.394,109.423,109.334,109.334,554.0
2009-12-09 22:00:00+00:00,109.35,109.361,109.197,109.29,693.0
2009-12-10 22:00:00+00:00,109.298,109.321,109.145,109.23,716.0
2009-12-13 22:00:00+00:00,109.212,109.259,109.09,109.121,545.0
2009-12-14 22:00:00+00:00,109.113,109.144,109.007,109.109,868.0
2009-12-15 22:00:00+00:00,109.116,109.222,109.082,109.166,1226.0
2009-12-16 22:00:00+00:00,109.158,109.343,109.15,109.311,704.0
2009-12-17 22:00:00+00:00,109.303,109.334,109.22,109.235,696.0
2009-12-20 22:00:00+00:00,109.241,109.249,109.025,109.064,535.0
2009-12-21 22:00:00+00:00,109.071,109.087,108.949,108.957,866.0
2009-12-22 22:00:00+00:00,108.949,109.039,108.905,108.936,481.0
2009-12-23 22:00:00+00:00,108.928,108.973,108.807,108.822,246.0
2009-12-27 22:00:00+00:00,108.799,108.814,108.645,108.645,584.0
2009-12-28 22:00:00+00:00,108.653,108.713,108.61,108.664,455.0
2009-12-29 22:00:00+00:00,108.656,108.723,108.636,108.682,388.0
2009-12-30 22:00:00+00:00,108.69,108.69,108.404,108.552,637.0
2010-01-03 22:00:00+00:00,108.514,108.697,108.457,108.697,933.0
2010-01-04 22:00:00+00:00,108.689,108.843,108.681,108.802,770.0
2010-01-05 22:00:00+00:00,108.81,108.869,108.712,108.837,739.0
2010-01-06 22:00:00+00:00,108.828,108.828,108.724,108.785,629.0
2010-01-07 22:00:00+00:00,108.777,108.954,108.672,108.874,1066.0
2010-01-10 22:00:00+00:00,108.817,108.971,108.817,108.946,627.0
2010-01-11 22:00:00+00:00,108.953,109.036,108.943,109.027,627.0
2010-01-12 22:00:00+00:00,109.019,109.027,108.904,108.904,698.0
2010-01-13 22:00:00+00:00,108.928,109.034,108.911,109.002,645.0
2010-01-14 22:00:00+00:00,108.993,109.131,108.993,109.13,714.0
2010-01-17 22:00:00+00:00,109.112,109.179,109.111,109.171,135.0
2010-01-18 22:00:00+00:00,109.162,109.162,109.04,109.063,737.0
2010-01-19 22:00:00+00:00,109.071,109.13,109.047,109.082,502.0
2010-01-20 22:00:00+00:00,109.09,109.203,109.032,109.195,767.0
2010-01-21 22:00:00+00:00,109.202,109.276,109.16,109.252,846.0
2010-01-24 22:00:00+00:00,109.219,109.231,109.169,109.214,588.0
2010-01-25 22:00:00+00:00,109.206,109.282,109.174,109.209,561.0
2010-01-26 22:00:00+00:00,109.201,109.292,109.08,109.103,897.0
2010-01-27 22:00:00+00:00,109.11,109.208,109.031,109.208,969.0
2010-01-28 22:00:00+00:00,109.199,109.32,109.048,109.304,1235.0
2010-01-31 22:00:00+00:00,109.294,109.294,109.166,109.219,671.0
2010-02-01 22:00:00+00:00,109.211,109.247,109.17,109.214,656.0
2010-02-02 22:00:00+00:00,109.206,109.206,109.141,109.155,617.0
2010-02-03 22:00:00+00:00,109.162,109.339,109.145,109.299,852.0
2010-02-04 22:00:00+00:00,109.306,109.475,109.256,109.372,1272.0
2010-02-07 22:00:00+00:00,109.378,109.389,109.305,109.389,542.0
2010-02-08 22:00:00+00:00,109.373,109.388,109.228,109.259,1225.0
2010-02-09 22:00:00+00:00,109.25,109.303,109.129,109.16,1100.0
2010-02-10 22:00:00+00:00,109.152,109.188,109.109,109.17,636.0
2010-02-11 22:00:00+00:00,109.162,109.285,109.162,109.244,820.0
2010-02-14 22:00:00+00:00,109.242,109.257,109.202,109.254,110.0
2010-02-15 22:00:00+00:00,109.245,109.311,109.195,109.295,570.0
2010-02-16 22:00:00+00:00,109.287,109.287,109.15,109.188,625.0
2010-02-17 22:00:00+00:00,109.18,109.24,109.027,109.05,1221.0
2010-02-18 22:00:00+00:00,109.011,109.102,108.948,109.038,1141.0
2010-02-21 22:00:00+00:00,109.027,109.125,109.012,109.117,723.0
2010-02-22 22:00:00+00:00,109.109,109.238,109.091,109.237,1156.0
2010-02-23 22:00:00+00:00,109.221,109.288,109.179,109.248,919.0
2010-02-24 22:00:00+00:00,109.255,109.354,109.24,109.337,804.0
2010-02-25 22:00:00+00:00,109.172,109.247,109.123,109.207,671.0
2010-02-28 22:00:00+00:00,109.167,109.243,109.15,109.226,952.0
2010-03-01 22:00:00+00:00,109.218,109.261,109.161,109.261,583.0
2010-03-02 22:00:00+00:00,109.245,109.259,109.164,109.21,573.0
2010-03-03 22:00:00+00:00,109.218,109.256,109.074,109.135,933.0
2010-03-04 22:00:00+00:00,109.143,109.165,108.96,109.053,1011.0
2010-03-07 22:00:00+00:00,109.036,109.064,108.987,109.032,459.0
2010-03-08 22:00:00+00:00,109.04,109.132,109.04,109.091,666.0
2010-03-09 22:00:00+00:00,109.083,109.106,108.986,109.016,904.0
2010-03-10 22:00:00+00:00,109.008,109.031,108.895,108.91,841.0
2010-03-11 22:00:00+00:00,108.918,108.94,108.782,108.898,975.0
2010-03-14 21:00:00+00:00,108.882,108.935,108.871,108.933,772.0
2010-03-15 21:00:00+00:00,108.925,109.039,108.883,109.007,1075.0
2010-03-16 21:00:00+00:00,109.015,109.028,108.959,108.995,547.0
2010-03-17 21:00:00+00:00,109.003,109.033,108.897,108.913,912.0
2010-03-18 21:00:00+00:00,108.92,108.935,108.807,108.822,787.0
2010-03-21 21:00:00+00:00,108.836,108.921,108.812,108.881,780.0
2010-03-22 21:00:00+00:00,108.872,108.948,108.861,108.861,666.0
2010-03-23 21:00:00+00:00,108.868,108.884,108.669,108.7,1084.0
2010-03-24 21:00:00+00:00,108.715,108.783,108.641,108.719,915.0
2010-03-25 21:00:00+00:00,108.727,108.825,108.701,108.817,814.0
2010-03-28 21:00:00+00:00,108.801,108.837,108.745,108.805,662.0
2010-03-29 21:00:00+00:00,108.812,108.833,108.762,108.777,1009.0
2010-03-30 21:00:00+00:00,108.769,108.86,108.735,108.859,837.0
2010-03-31 21:00:00+00:00,108.851,108.88,108.753,108.784,1098.0
2010-04-01 21:00:00+00:00,108.776,108.868,108.64,108.648,501.0
2010-04-04 21:00:00+00:00,108.638,108.67,108.486,108.509,735.0
2010-04-05 21:00:00+00:00,108.517,108.592,108.517,108.583,762.0
2010-04-06 21:00:00+00:00,108.575,108.76,108.575,108.752,974.0
2010-04-07 21:00:00+00:00,108.744,108.827,108.711,108.732,809.0
2010-04-08 21:00:00+00:00,108.739,108.767,108.658,108.751,883.0
2010-04-11 21:00:00+00:00,108.711,108.81,108.663,108.802,861.0
2010-04-12 21:00:00+00:00,108.794,108.846,108.712,108.758,861.0
2010-04-13 21:00:00+00:00,108.766,108.802,108.701,108.754,668.0
2010-04-14 21:00:00+00:00,108.762,108.837,108.744,108.836,642.0
2010-04-15 21:00:00+00:00,108.828,109.013,108.828,108.973,936.0
2010-04-18 21:00:00+00:00,108.996,109.035,108.906,108.906,708.0
2010-04-19 21:00:00+00:00,108.913,108.936,108.809,108.839,746.0
2010-04-20 21:00:00+00:00,108.847,108.882,108.781,108.874,687.0
2010-04-21 21:00:00+00:00,108.882,108.95,108.8,108.815,724.0
2010-04-22 21:00:00+00:00,108.823,108.853,108.71,108.741,945.0
2010-04-25 21:00:00+00:00,108.732,108.784,108.684,108.744,791.0
2010-04-26 21:00:00+00:00,108.728,108.991,108.728,108.935,1030.0
2010-04-27 21:00:00+00:00,108.943,109.035,108.83,108.892,1203.0
2010-04-28 21:00:00+00:00,108.9,108.959,108.85,108.959,588.0
2010-04-29 21:00:00+00:00,108.95,109.056,108.932,109.048,899.0
2010-05-02 21:00:00+00:00,109.024,109.046,108.935,108.973,635.0
2010-05-03 21:00:00+00:00,108.981,109.104,108.957,109.071,857.0
2010-05-04 21:00:00+00:00,109.055,109.373,109.054,109.239,1541.0
2010-05-05 21:00:00+00:00,109.223,109.65,109.19,109.384,2510.0
2010-05-06 21:00:00+00:00,109.407,109.506,109.084,109.301,2263.0
2010-05-09 21:00:00+00:00,109.222,109.281,109.009,109.234,1467.0
2010-05-10 21:00:00+00:00,109.242,109.349,109.207,109.269,1031.0
2010-05-11 21:00:00+00:00,109.277,109.322,109.196,109.202,647.0
2010-05-12 21:00:00+00:00,109.21,109.284,109.161,109.276,698.0
2010-05-13 21:00:00+00:00,109.268,109.438,109.259,109.358,923.0
2010-05-16 21:00:00+00:00,109.35,109.443,109.299,109.307,839.0
2010-05-17 21:00:00+00:00,109.314,109.459,109.273,109.451,828.0
2010-05-18 21:00:00+00:00,109.459,109.529,109.347,109.377,1069.0
2010-05-19 21:00:00+00:00,109.384,109.545,109.359,109.498,1061.0
2010-05-20 21:00:00+00:00,109.505,109.573,109.407,109.407,1107.0
2010-05-23 21:00:00+00:00,109.415,109.497,109.381,109.489,856.0
2010-05-24 21:00:00+00:00,109.496,109.62,109.446,109.477,1081.0
2010-05-25 21:00:00+00:00,109.469,109.491,109.301,109.434,1195.0
2010-05-26 21:00:00+00:00,109.425,109.425,109.282,109.32,851.0
2010-05-27 21:00:00+00:00,109.18,109.389,109.172,109.381,933.0
2010-05-30 21:00:00+00:00,109.361,109.361,109.288,109.288,184.0
2010-05-31 21:00:00+00:00,109.303,109.443,109.294,109.34,930.0
2010-06-01 21:00:00+00:00,109.348,109.37,109.213,109.236,762.0
2010-06-02 21:00:00+00:00,109.244,109.267,109.141,109.202,965.0
2010-06-03 21:00:00+00:00,109.21,109.42,109.193,109.38,915.0
2010-06-06 21:00:00+00:00,109.391,109.43,109.296,109.381,988.0
2010-06-07 21:00:00+00:00,109.389,109.419,109.309,109.355,685.0
2010-06-08 21:00:00+00:00,109.347,109.4,109.298,109.4,626.0
2010-06-09 21:00:00+00:00,109.392,109.4,109.256,109.264,709.0
2010-06-10 21:00:00+00:00,109.256,109.403,109.256,109.387,630.0
2010-06-13 21:00:00+00:00,109.359,109.388,109.279,109.372,529.0
2010-06-14 21:00:00+00:00,109.38,109.403,109.284,109.323,783.0
2010-06-15 21:00:00+00:00,109.331,109.407,109.299,109.383,530.0
2010-06-16 21:00:00+00:00,109.391,109.46,109.358,109.428,585.0
2010-06-17 21:00:00+00:00,109.435,109.458,109.402,109.41,577.0
2010-06-20 21:00:00+00:00,109.381,109.411,109.311,109.395,797.0
2010-06-21 21:00:00+00:00,109.387,109.487,109.378,109.463,568.0
2010-06-22 21:00:00+00:00,109.471,109.594,109.446,109.531,797.0
2010-06-23 21:00:00+00:00,109.546,109.608,109.49,109.521,745.0
2010-06-24 21:00:00+00:00,109.528,109.598,109.496,109.558,630.0
2010-06-27 21:00:00+00:00,109.568,109.622,109.528,109.613,703.0
2010-06-28 21:00:00+00:00,109.605,109.69,109.589,109.681,933.0
2010-06-29 21:00:00+00:00,109.673,109.696,109.569,109.671,680.0
2010-06-30 21:00:00+00:00,109.663,109.678,109.59,109.606,726.0
2010-07-01 21:00:00+00:00,109.598,109.651,109.526,109.619,574.0
2010-07-04 21:00:00+00:00,109.63,109.668,109.59,109.652,198.0
2010-07-05 21:00:00+00:00,109.643,109.667,109.548,109.633,643.0
2010-07-06 21:00:00+00:00,109.641,109.656,109.592,109.6,492.0
2010-07-07 21:00:00+00:00,109.607,109.638,109.559,109.605,577.0
2010-07-08 21:00:00+00:00,109.597,109.62,109.548,109.579,747.0
2010-07-11 21:00:00+00:00,109.559,109.612,109.549,109.549,459.0
2010-07-12 21:00:00+00:00,109.556,109.594,109.492,109.499,576.0
2010-07-13 21:00:00+00:00,109.507,109.661,109.475,109.638,742.0
2010-07-14 21:00:00+00:00,109.645,109.683,109.581,109.62,917.0
2010-07-15 21:00:00+00:00,109.612,109.688,109.595,109.664,843.0
2010-07-18 21:00:00+00:00,109.675,109.683,109.619,109.673,537.0
2010-07-19 21:00:00+00:00,109.665,109.702,109.633,109.678,555.0
2010-07-20 21:00:00+00:00,109.67,109.739,109.654,109.723,533.0
2010-07-21 21:00:00+00:00,109.715,109.73,109.643,109.689,530.0
2010-07-22 21:00:00+00:00,109.697,109.727,109.616,109.632,689.0
2010-07-25 21:00:00+00:00,109.643,109.65,109.532,109.594,879.0
2010-07-26 21:00:00+00:00,109.586,109.608,109.467,109.482,864.0
2010-07-27 21:00:00+00:00,109.489,109.605,109.488,109.597,893.0
2010-07-28 21:00:00+00:00,109.589,109.657,109.564,109.649,866.0
2010-07-29 21:00:00+00:00,109.641,109.718,109.633,109.717,826.0
2010-08-01 21:00:00+00:00,109.704,109.711,109.648,109.702,995.0
2010-08-02 21:00:00+00:00,109.694,109.779,109.694,109.731,634.0
2010-08-03 21:00:00+00:00,109.739,109.762,109.651,109.674,614.0
2010-08-04 21:00:00+00:00,109.666,109.758,109.633,109.742,593.0
2010-08-05 21:00:00+00:00,109.75,109.811,109.701,109.787,697.0
2010-08-08 21:00:00+00:00,109.782,109.796,109.717,109.732,393.0
2010-08-09 21:00:00+00:00,109.724,109.793,109.676,109.738,774.0
2010-08-10 21:00:00+00:00,109.73,109.823,109.728,109.736,742.0
2010-08-11 21:00:00+00:00,109.743,109.758,109.647,109.663,689.0
2010-08-12 21:00:00+00:00,109.67,109.716,109.655,109.707,596.0
2010-08-15 21:00:00+00:00,109.726,109.779,109.702,109.763,752.0
2010-08-16 21:00:00+00:00,109.755,109.77,109.698,109.737,572.0
2010-08-17 21:00:00+00:00,109.745,109.774,109.712,109.774,443.0
2010-08-18 21:00:00+00:00,109.766,109.819,109.741,109.779,713.0
2010-08-19 21:00:00+00:00,109.787,109.856,109.769,109.785,385.0
2010-08-22 21:00:00+00:00,109.78,109.81,109.755,109.801,467.0
2010-08-23 21:00:00+00:00,109.793,109.838,109.783,109.814,785.0
2010-08-24 21:00:00+00:00,109.806,109.836,109.71,109.726,1059.0
2010-08-25 21:00:00+00:00,109.733,109.779,109.7,109.739,746.0
2010-08-26 21:00:00+00:00,109.747,109.753,109.612,109.674,1072.0
2010-08-29 21:00:00+00:00,109.661,109.8,109.614,109.784,827.0
2010-08-30 21:00:00+00:00,109.711,109.749,109.663,109.749,1024.0
2010-08-31 21:00:00+00:00,109.741,109.741,109.615,109.677,973.0
2010-09-01 21:00:00+00:00,109.685,109.708,109.637,109.668,693.0
2010-09-02 21:00:00+00:00,109.676,109.808,109.566,109.62,798.0
2010-09-05 21:00:00+00:00,109.617,109.679,109.593,109.655,168.0
2010-09-06 21:00:00+00:00,109.671,109.701,109.639,109.701,593.0
2010-09-07 21:00:00+00:00,109.693,109.716,109.606,109.614,647.0
2010-09-08 21:00:00+00:00,109.621,109.652,109.479,109.495,863.0
2010-09-09 21:00:00+00:00,109.51,109.541,109.455,109.494,834.0
2010-09-12 21:00:00+00:00,109.475,109.584,109.436,109.56,729.0
2010-09-13 21:00:00+00:00,109.552,109.653,109.536,109.629,650.0
2010-09-14 21:00:00+00:00,109.637,109.707,109.606,109.675,879.0
2010-09-15 21:00:00+00:00,109.667,109.721,109.643,109.682,775.0
2010-09-16 21:00:00+00:00,109.689,109.735,109.665,109.719,777.0
2010-09-19 21:00:00+00:00,109.717,109.756,109.685,109.723,499.0
2010-09-20 21:00:00+00:00,109.731,109.824,109.715,109.824,805.0
2010-09-21 21:00:00+00:00,109.816,109.854,109.783,109.791,784.0
2010-09-22 21:00:00+00:00,109.799,109.837,109.783,109.821,515.0
2010-09-23 21:00:00+00:00,109.829,109.836,109.774,109.797,504.0
2010-09-26 21:00:00+00:00,109.786,109.832,109.778,109.824,341.0
2010-09-27 21:00:00+00:00,109.832,109.862,109.8,109.846,558.0
2010-09-28 21:00:00+00:00,109.854,109.854,109.814,109.829,462.0
2010-09-29 21:00:00+00:00,109.837,109.867,109.766,109.859,683.0
2010-09-30 21:00:00+00:00,109.867,109.882,109.819,109.866,597.0
2010-10-03 21:00:00+00:00,109.879,109.902,109.863,109.878,429.0
2010-10-04 21:00:00+00:00,109.885,109.901,109.869,109.892,562.0
2010-10-05 21:00:00+00:00,109.884,109.954,109.876,109.945,898.0
2010-10-06 21:00:00+00:00,109.953,110.022,109.937,110.015,691.0
2010-10-07 21:00:00+00:00,110.007,110.123,109.982,110.029,725.0
2010-10-10 21:00:00+00:00,110.018,110.049,110.003,110.017,260.0
2010-10-11 21:00:00+00:00,110.025,110.056,109.969,109.977,601.0
2010-10-12 21:00:00+00:00,109.969,110.015,109.953,109.999,486.0
2010-10-13 21:00:00+00:00,109.991,109.999,109.935,109.951,833.0
2010-10-14 21:00:00+00:00,109.959,110.036,109.951,109.997,598.0
2010-10-17 21:00:00+00:00,109.986,110.024,109.97,109.985,531.0
2010-10-18 21:00:00+00:00,109.993,110.016,109.976,109.999,442.0
2010-10-19 21:00:00+00:00,110.007,110.037,109.983,110.021,551.0
2010-10-20 21:00:00+00:00,110.029,110.029,110.005,110.02,498.0
2010-10-21 21:00:00+00:00,110.012,110.028,109.996,110.011,441.0
2010-10-24 21:00:00+00:00,110.016,110.031,109.992,109.999,597.0
2010-10-25 21:00:00+00:00,110.007,110.015,109.92,109.928,765.0
2010-10-26 21:00:00+00:00,109.935,109.966,109.895,109.903,1027.0
2010-10-27 21:00:00+00:00,109.911,110.019,109.903,110.019,866.0
2010-10-28 21:00:00+00:00,110.011,110.08,109.971,110.08,1037.0
2010-10-31 21:00:00+00:00,110.07,110.077,110.038,110.053,755.0
2010-11-01 21:00:00+00:00,110.061,110.068,110.036,110.044,890.0
2010-11-02 21:00:00+00:00,110.036,110.097,110.019,110.082,970.0
2010-11-03 21:00:00+00:00,110.089,110.104,110.057,110.057,415.0
2010-11-04 21:00:00+00:00,110.065,110.088,109.993,110.009,1125.0
2010-11-07 22:00:00+00:00,109.998,110.029,109.927,109.95,923.0
2010-11-08 22:00:00+00:00,109.942,109.996,109.847,109.879,1363.0
2010-11-09 22:00:00+00:00,109.886,109.925,109.768,109.893,1212.0
2010-11-10 22:00:00+00:00,109.885,109.908,109.689,109.735,692.0
2010-11-11 22:00:00+00:00,109.751,109.852,109.703,109.726,1580.0
2010-11-14 22:00:00+00:00,109.739,109.755,109.59,109.66,1061.0
2010-11-15 22:00:00+00:00,109.652,109.737,109.652,109.713,1039.0
2010-11-16 22:00:00+00:00,109.721,109.759,109.674,109.728,869.0
2010-11-17 22:00:00+00:00,109.735,109.743,109.656,109.703,935.0
2010-11-18 22:00:00+00:00,109.719,109.742,109.679,109.709,575.0
2010-11-21 22:00:00+00:00,109.683,109.784,109.667,109.784,682.0
2010-11-22 22:00:00+00:00,109.776,109.861,109.744,109.829,910.0
2010-11-23 22:00:00+00:00,109.837,109.845,109.625,109.641,1258.0
2010-11-24 22:00:00+00:00,109.648,109.718,109.633,109.702,262.0
2010-11-25 22:00:00+00:00,109.71,109.756,109.646,109.693,720.0
2010-11-28 22:00:00+00:00,109.69,109.744,109.65,109.712,611.0
2010-11-29 22:00:00+00:00,109.672,109.835,109.656,109.812,916.0
2010-11-30 22:00:00+00:00,109.796,109.804,109.607,109.615,1367.0
2010-12-01 22:00:00+00:00,109.623,109.677,109.552,109.598,961.0
2010-12-02 22:00:00+00:00,109.606,109.801,109.551,109.738,989.0
2010-12-05 22:00:00+00:00,109.728,109.853,109.72,109.845,880.0
2010-12-06 22:00:00+00:00,109.852,109.852,109.57,109.601,1205.0
2010-12-07 22:00:00+00:00,109.625,109.632,109.35,109.366,1428.0
2010-12-08 22:00:00+00:00,109.373,109.459,109.349,109.388,1187.0
2010-12-09 22:00:00+00:00,109.404,109.443,109.348,109.371,755.0
2010-12-12 22:00:00+00:00,109.377,109.47,109.244,109.47,1038.0
2010-12-13 22:00:00+00:00,109.462,109.478,109.305,109.32,1060.0
2010-12-14 22:00:00+00:00,109.312,109.398,109.257,109.264,914.0
2010-12-15 22:00:00+00:00,109.272,109.342,109.225,109.318,984.0
2010-12-16 22:00:00+00:00,109.326,109.45,109.302,109.427,678.0
2010-12-19 22:00:00+00:00,109.409,109.494,109.385,109.424,514.0
2010-12-20 22:00:00+00:00,109.416,109.454,109.36,109.407,836.0
2010-12-21 22:00:00+00:00,109.399,109.454,109.343,109.359,475.0
2010-12-22 22:00:00+00:00,109.367,109.382,109.288,109.319,647.0
2010-12-26 22:00:00+00:00,109.308,109.377,109.182,109.369,665.0
2010-12-27 22:00:00+00:00,109.338,109.392,109.22,109.243,766.0
2010-12-28 22:00:00+00:00,109.259,109.485,109.243,109.461,773.0
2010-12-29 22:00:00+00:00,109.453,109.461,109.351,109.429,663.0
2010-12-30 22:00:00+00:00,109.421,109.585,109.405,109.53,392.0
2011-01-02 22:00:00+00:00,109.527,109.55,109.441,109.542,684.0
2011-01-03 22:00:00+00:00,109.55,109.58,109.463,109.494,831.0
2011-01-04 22:00:00+00:00,109.502,109.541,109.243,109.298,975.0
2011-01-05 22:00:00+00:00,109.29,109.383,109.29,109.367,595.0
2011-01-06 22:00:00+00:00,109.359,109.538,109.296,109.522,1151.0
2011-01-09 22:00:00+00:00,109.52,109.59,109.489,109.59,716.0
2011-01-10 22:00:00+00:00,109.582,109.628,109.526,109.542,906.0
2011-01-11 22:00:00+00:00,109.55,109.573,109.471,109.517,841.0
2011-01-12 22:00:00+00:00,109.525,109.587,109.501,109.579,726.0
2011-01-13 22:00:00+00:00,109.571,109.617,109.484,109.586,643.0
2011-01-16 22:00:00+00:00,109.576,109.638,109.56,109.614,317.0
2011-01-17 22:00:00+00:00,109.622,109.629,109.519,109.55,696.0
2011-01-18 22:00:00+00:00,109.558,109.604,109.526,109.588,505.0
2011-01-19 22:00:00+00:00,109.596,109.611,109.447,109.462,846.0
2011-01-20 22:00:00+00:00,109.47,109.516,109.462,109.508,708.0
2011-01-23 22:00:00+00:00,109.49,109.505,109.427,109.489,756.0
2011-01-24 22:00:00+00:00,109.481,109.598,109.457,109.582,882.0
2011-01-25 22:00:00+00:00,109.574,109.574,109.464,109.55,779.0
2011-01-26 22:00:00+00:00,109.542,109.643,109.494,109.643,786.0
2011-01-27 22:00:00+00:00,109.635,109.728,109.579,109.704,889.0
2011-01-30 22:00:00+00:00,109.725,109.733,109.639,109.67,832.0
2011-01-31 22:00:00+00:00,109.662,109.677,109.528,109.575,710.0
2011-02-01 22:00:00+00:00,109.567,109.59,109.418,109.457,911.0
2011-02-02 22:00:00+00:00,109.449,109.464,109.323,109.346,938.0
2011-02-03 22:00:00+00:00,109.354,109.455,109.228,109.259,1679.0
2011-02-06 22:00:00+00:00,109.265,109.288,109.17,109.24,969.0
2011-02-07 22:00:00+00:00,109.233,109.263,109.06,109.068,1064.0
2011-02-08 22:00:00+00:00,109.083,109.215,109.044,109.192,1022.0
2011-02-09 22:00:00+00:00,109.184,109.246,109.089,109.12,899.0
2011-02-10 22:00:00+00:00,109.112,109.198,109.096,109.119,906.0
2011-02-13 22:00:00+00:00,109.117,109.133,109.077,109.093,804.0
2011-02-14 22:00:00+00:00,109.085,109.154,109.006,109.146,795.0
2011-02-15 22:00:00+00:00,109.138,109.185,109.044,109.13,1012.0
2011-02-16 22:00:00+00:00,109.122,109.269,109.106,109.262,835.0
2011-02-17 22:00:00+00:00,109.254,109.323,109.19,109.3,883.0
2011-02-20 22:00:00+00:00,109.305,109.359,109.289,109.32,213.0
2011-02-21 22:00:00+00:00,109.328,109.429,109.304,109.397,972.0
2011-02-22 22:00:00+00:00,109.405,109.443,109.318,109.38,718.0
2011-02-23 22:00:00+00:00,109.388,109.474,109.373,109.426,740.0
2011-02-24 22:00:00+00:00,109.418,109.472,109.394,109.457,582.0
2011-02-27 22:00:00+00:00,109.422,109.521,109.412,109.513,928.0
2011-02-28 22:00:00+00:00,109.505,109.589,109.425,109.581,870.0
2011-03-01 22:00:00+00:00,109.573,109.594,109.484,109.484,1064.0
2011-03-02 22:00:00+00:00,109.491,109.499,109.277,109.324,1183.0
2011-03-03 22:00:00+00:00,109.332,109.533,109.173,109.517,1386.0
2011-03-06 22:00:00+00:00,109.518,109.526,109.422,109.445,810.0
2011-03-07 22:00:00+00:00,109.453,109.49,109.372,109.403,681.0
2011-03-08 22:00:00+00:00,109.411,109.534,109.394,109.494,819.0
2011-03-09 22:00:00+00:00,109.486,109.648,109.469,109.632,992.0
2011-03-10 22:00:00+00:00,109.624,109.709,109.567,109.606,1133.0
2011-03-13 21:00:00+00:00,109.639,109.786,109.631,109.683,993.0
2011-03-14 21:00:00+00:00,109.69,109.925,109.656,109.672,1664.0
2011-03-15 21:00:00+00:00,109.703,109.858,109.632,109.81,1561.0
2011-03-16 21:00:00+00:00,109.873,109.88,109.667,109.737,1008.0
2011-03-17 21:00:00+00:00,109.728,109.782,109.673,109.734,956.0
2011-03-20 21:00:00+00:00,109.727,109.743,109.577,109.623,907.0
2011-03-21 21:00:00+00:00,109.63,109.645,109.534,109.588,696.0
2011-03-22 21:00:00+00:00,109.596,109.657,109.546,109.57,582.0
2011-03-23 21:00:00+00:00,109.562,109.615,109.48,109.48,659.0
2011-03-24 21:00:00+00:00,109.488,109.518,109.352,109.383,1129.0
2011-03-27 21:00:00+00:00,109.354,109.375,109.289,109.343,1053.0
2011-03-28 21:00:00+00:00,109.351,109.389,109.246,109.277,734.0
2011-03-29 21:00:00+00:00,109.269,109.33,109.245,109.329,971.0
2011-03-30 21:00:00+00:00,109.321,109.374,109.225,109.24,1157.0
2011-03-31 21:00:00+00:00,109.232,109.3,109.027,109.284,1488.0
2011-04-03 21:00:00+00:00,109.278,109.378,109.261,109.354,910.0
2011-04-04 21:00:00+00:00,109.361,109.376,109.194,109.241,929.0
2011-04-05 21:00:00+00:00,109.249,109.255,109.183,109.207,894.0
2011-04-06 21:00:00+00:00,109.214,109.322,109.173,109.305,897.0
2011-04-07 21:00:00+00:00,109.313,109.313,109.202,109.248,741.0
2011-04-10 21:00:00+00:00,109.226,109.27,109.193,109.215,708.0
2011-04-11 21:00:00+00:00,109.207,109.408,109.199,109.4,956.0
2011-04-12 21:00:00+00:00,109.392,109.445,109.335,109.428,920.0
2011-04-13 21:00:00+00:00,109.42,109.481,109.347,109.355,925.0
2011-04-14 21:00:00+00:00,109.363,109.532,109.347,109.516,943.0
2011-04-17 21:00:00+00:00,109.51,109.626,109.485,109.578,1078.0
2011-04-18 21:00:00+00:00,109.585,109.616,109.529,109.606,762.0
2011-04-19 21:00:00+00:00,109.598,109.606,109.518,109.556,876.0
2011-04-20 21:00:00+00:00,109.564,109.608,109.54,109.569,565.0
2011-04-24 21:00:00+00:00,109.567,109.635,109.559,109.627,658.0
2011-04-25 21:00:00+00:00,109.619,109.695,109.595,109.687,838.0
2011-04-26 21:00:00+00:00,109.679,109.715,109.559,109.707,1073.0
2011-04-27 21:00:00+00:00,109.691,109.775,109.683,109.72,771.0
2011-04-28 21:00:00+00:00,109.728,109.772,109.694,109.756,699.0
2011-05-01 21:00:00+00:00,109.742,109.795,109.709,109.755,621.0
2011-05-02 21:00:00+00:00,109.762,109.786,109.738,109.775,481.0
2011-05-03 21:00:00+00:00,109.767,109.812,109.711,109.788,643.0
2011-05-04 21:00:00+00:00,109.78,109.849,109.764,109.816,807.0
2011-05-05 21:00:00+00:00,109.808,109.884,109.713,109.86,1168.0
2011-05-08 21:00:00+00:00,109.846,109.899,109.798,109.859,641.0
2011-05-09 21:00:00+00:00,109.867,109.867,109.778,109.793,735.0
2011-05-10 21:00:00+00:00,109.785,109.893,109.76,109.861,946.0
2011-05-11 21:00:00+00:00,109.868,109.89,109.827,109.85,820.0
2011-05-12 21:00:00+00:00,109.842,109.918,109.809,109.894,610.0
2011-05-15 21:00:00+00:00,109.895,109.925,109.87,109.908,634.0
2011-05-16 21:00:00+00:00,109.916,109.938,109.874,109.905,638.0
2011-05-17 21:00:00+00:00,109.897,109.912,109.817,109.848,839.0
2011-05-18 21:00:00+00:00,109.855,109.907,109.767,109.899,859.0
2011-05-19 21:00:00+00:00,109.891,109.936,109.882,109.928,1072.0
2011-05-22 21:00:00+00:00,109.921,109.959,109.88,109.895,874.0
2011-05-23 21:00:00+00:00,109.887,109.923,109.854,109.923,996.0
2011-05-24 21:00:00+00:00,109.915,109.954,109.905,109.92,958.0
2011-05-25 21:00:00+00:00,109.928,110.012,109.896,110.003,679.0
2011-05-26 21:00:00+00:00,110.011,110.063,109.97,110.063,489.0
2011-05-29 21:00:00+00:00,110.049,110.071,110.023,110.039,110.0
2011-05-30 21:00:00+00:00,109.945,109.99,109.889,109.966,629.0
2011-05-31 21:00:00+00:00,109.958,110.049,109.933,110.049,797.0
2011-06-01 21:00:00+00:00,110.033,110.048,109.975,109.991,560.0
2011-06-02 21:00:00+00:00,109.999,110.107,109.983,110.082,666.0
2011-06-05 21:00:00+00:00,110.076,110.09,110.026,110.065,442.0
2011-06-06 21:00:00+00:00,110.057,110.148,110.032,110.124,1068.0
2011-06-07 21:00:00+00:00,110.116,110.192,110.092,110.176,443.0
2011-06-08 21:00:00+00:00,110.168,110.168,110.048,110.071,939.0
2011-06-09 21:00:00+00:00,110.079,110.14,110.063,110.115,666.0
2011-06-12 21:00:00+00:00,110.101,110.153,110.052,110.129,463.0
2011-06-13 21:00:00+00:00,110.121,110.129,110.008,110.008,693.0
2011-06-14 21:00:00+00:00,110.016,110.154,110.008,110.146,1014.0
2011-06-15 21:00:00+00:00,110.138,110.231,110.089,110.128,1106.0
2011-06-16 21:00:00+00:00,110.119,110.164,110.078,110.14,766.0
2011-06-19 21:00:00+00:00,110.126,110.156,110.092,110.146,646.0
2011-06-20 21:00:00+00:00,110.138,110.152,110.097,110.143,458.0
2011-06-21 21:00:00+00:00,110.135,110.188,110.117,110.124,604.0
2011-06-22 21:00:00+00:00,110.132,110.216,110.132,110.184,596.0
2011-06-23 21:00:00+00:00,110.176,110.236,110.151,110.212,714.0
2011-06-26 21:00:00+00:00,110.206,110.228,110.077,110.077,871.0
2011-06-27 21:00:00+00:00,110.085,110.116,109.894,109.957,1425.0
2011-06-28 21:00:00+00:00,109.933,110.002,109.892,109.969,1420.0
2011-06-29 21:00:00+00:00,109.977,110.046,109.865,109.966,1190.0
2011-06-30 21:00:00+00:00,109.982,110.011,109.878,109.901,948.0
2011-07-03 21:00:00+00:00,109.894,109.987,109.894,109.978,271.0
2011-07-04 21:00:00+00:00,109.961,110.021,109.937,110.005,653.0
2011-07-05 21:00:00+00:00,109.997,110.058,109.981,110.026,849.0
2011-07-06 21:00:00+00:00,110.033,110.033,109.898,109.929,844.0
2011-07-07 21:00:00+00:00,109.936,110.138,109.88,110.098,1290.0
2011-07-10 21:00:00+00:00,110.099,110.167,110.083,110.159,1295.0
2011-07-11 21:00:00+00:00,110.151,110.204,110.094,110.171,1027.0
2011-07-12 21:00:00+00:00,110.163,110.176,110.083,110.168,1000.0
2011-07-13 21:00:00+00:00,110.145,110.167,110.105,110.134,598.0
2011-07-14 21:00:00+00:00,110.142,110.179,110.116,110.162,1030.0
2011-07-17 21:00:00+00:00,110.163,110.171,110.122,110.129,753.0
2011-07-18 21:00:00+00:00,110.137,110.166,110.088,110.11,880.0
2011-07-19 21:00:00+00:00,110.118,110.132,110.069,110.084,653.0
2011-07-20 21:00:00+00:00,110.076,110.114,110.026,110.042,1063.0
2011-07-21 21:00:00+00:00,110.049,110.11,110.041,110.078,1049.0
2011-07-24 21:00:00+00:00,110.071,110.071,109.99,110.021,735.0
2011-07-25 21:00:00+00:00,110.029,110.081,109.989,110.073,983.0
2011-07-26 21:00:00+00:00,110.08,110.095,109.968,109.976,924.0
2011-07-27 21:00:00+00:00,109.983,110.059,109.982,110.043,705.0
2011-07-28 21:00:00+00:00,110.035,110.173,110.019,110.165,1475.0
2011-07-31 21:00:00+00:00,110.159,110.204,110.096,110.14,1062.0
2011-08-01 21:00:00+00:00,110.124,110.239,110.124,110.231,861.0
2011-08-02 21:00:00+00:00,110.223,110.254,110.174,110.189,861.0
2011-08-03 21:00:00+00:00,110.196,110.35,110.164,110.342,1034.0
2011-08-04 21:00:00+00:00,110.334,110.348,110.223,110.276,1277.0
2011-08-07 21:00:00+00:00,110.286,110.401,110.286,110.33,1195.0
2011-08-08 21:00:00+00:00,110.337,110.538,110.264,110.459,1780.0
2011-08-09 21:00:00+00:00,110.483,110.536,110.441,110.472,1224.0
2011-08-10 21:00:00+00:00,110.487,110.525,110.439,110.469,1171.0
2011-08-11 21:00:00+00:00,110.461,110.491,110.442,110.442,589.0
2011-08-14 21:00:00+00:00,110.436,110.473,110.425,110.433,857.0
2011-08-15 21:00:00+00:00,110.425,110.455,110.424,110.453,733.0
2011-08-16 21:00:00+00:00,110.445,110.453,110.412,110.426,491.0
2011-08-17 21:00:00+00:00,110.418,110.456,110.408,110.408,682.0
2011-08-18 21:00:00+00:00,110.415,110.438,110.397,110.42,574.0
2011-08-21 21:00:00+00:00,110.422,110.422,110.38,110.395,642.0
2011-08-22 21:00:00+00:00,110.387,110.402,110.354,110.361,596.0
2011-08-23 21:00:00+00:00,110.368,110.398,110.326,110.342,1024.0
2011-08-24 21:00:00+00:00,110.35,110.41,110.341,110.37,864.0
2011-08-25 21:00:00+00:00,110.378,110.415,110.369,110.398,594.0
2011-08-28 21:00:00+00:00,110.392,110.392,110.342,110.358,453.0
2011-08-29 21:00:00+00:00,110.35,110.394,110.35,110.37,286.0
2011-08-30 21:00:00+00:00,110.273,110.297,110.203,110.25,744.0
2011-08-31 21:00:00+00:00,110.258,110.297,110.25,110.289,559.0
2011-09-01 21:00:00+00:00,110.281,110.312,110.218,110.234,891.0
2011-09-04 21:00:00+00:00,110.242,110.281,110.226,110.273,179.0
2011-09-05 21:00:00+00:00,110.28,110.28,110.218,110.249,593.0
2011-09-06 21:00:00+00:00,110.257,110.257,110.233,110.257,547.0
2011-09-07 21:00:00+00:00,110.249,110.288,110.249,110.264,543.0
2011-09-08 21:00:00+00:00,110.272,110.327,110.264,110.327,582.0
2011-09-11 21:00:00+00:00,110.319,110.319,110.217,110.233,602.0
2011-09-12 21:00:00+00:00,110.241,110.272,110.217,110.233,726.0
2011-09-13 21:00:00+00:00,110.225,110.311,110.209,110.272,711.0
2011-09-14 21:00:00+00:00,110.264,110.279,110.232,110.256,692.0
2011-09-15 21:00:00+00:00,110.264,110.31,110.248,110.31,435.0
2011-09-18 21:00:00+00:00,110.302,110.357,110.302,110.341,590.0
2011-09-19 21:00:00+00:00,110.349,110.365,110.318,110.333,477.0
2011-09-20 21:00:00+00:00,110.325,110.357,110.2,110.255,1005.0
2011-09-21 21:00:00+00:00,110.247,110.278,110.208,110.231,1011.0
2011-09-22 21:00:00+00:00,110.224,110.247,110.184,110.2,766.0
2011-09-25 21:00:00+00:00,110.192,110.215,110.168,110.168,856.0
2011-09-26 21:00:00+00:00,110.176,110.176,110.137,110.16,945.0
2011-09-27 21:00:00+00:00,110.168,110.184,110.113,110.129,654.0
2011-09-28 21:00:00+00:00,110.137,110.145,110.106,110.121,667.0
2011-09-29 21:00:00+00:00,110.113,110.144,110.098,110.129,831.0
2011-10-02 21:00:00+00:00,110.136,110.168,110.113,110.16,992.0
2011-10-03 21:00:00+00:00,110.168,110.168,110.121,110.136,932.0
2011-10-04 21:00:00+00:00,110.128,110.144,110.105,110.113,605.0
2011-10-05 21:00:00+00:00,110.12,110.128,110.081,110.089,801.0
2011-10-06 21:00:00+00:00,110.097,110.112,110.026,110.042,783.0
2011-10-09 21:00:00+00:00,110.034,110.049,109.964,109.979,554.0
2011-10-10 21:00:00+00:00,109.971,110.018,109.971,110.002,745.0
2011-10-11 21:00:00+00:00,109.995,110.057,109.995,110.049,696.0
2011-10-12 21:00:00+00:00,110.057,110.119,110.049,110.065,1166.0
2011-10-13 21:00:00+00:00,110.072,110.135,110.057,110.111,680.0
2011-10-16 21:00:00+00:00,110.119,110.127,110.08,110.095,986.0
2011-10-17 21:00:00+00:00,110.103,110.127,110.08,110.103,1029.0
2011-10-18 21:00:00+00:00,110.111,110.119,110.087,110.103,686.0
2011-10-19 21:00:00+00:00,110.095,110.126,110.087,110.111,585.0
2011-10-20 21:00:00+00:00,110.103,110.126,110.087,110.111,652.0
2011-10-23 21:00:00+00:00,110.118,110.118,110.071,110.079,638.0
2011-10-24 21:00:00+00:00,110.071,110.165,110.055,110.157,884.0
2011-10-25 21:00:00+00:00,110.149,110.165,110.071,110.102,1111.0
2011-10-26 21:00:00+00:00,110.094,110.11,110.016,110.024,1001.0
2011-10-27 21:00:00+00:00,110.032,110.094,110.024,110.071,1156.0
2011-10-30 21:00:00+00:00,110.078,110.187,110.07,110.18,1250.0
2011-10-31 21:00:00+00:00,110.172,110.219,110.164,110.195,1366.0
2011-11-01 21:00:00+00:00,110.203,110.25,110.172,110.226,888.0
2011-11-02 21:00:00+00:00,110.218,110.265,110.195,110.203,585.0
2011-11-03 21:00:00+00:00,110.195,110.242,110.179,110.234,626.0
2011-11-06 22:00:00+00:00,110.226,110.249,110.186,110.21,643.0
2011-11-07 22:00:00+00:00,110.202,110.218,110.179,110.194,614.0
2011-11-08 22:00:00+00:00,110.186,110.233,110.186,110.225,610.0
2011-11-09 22:00:00+00:00,110.217,110.241,110.202,110.217,675.0
2011-11-10 22:00:00+00:00,110.225,110.233,110.163,110.186,359.0
2011-11-13 22:00:00+00:00,110.178,110.24,110.17,110.232,650.0
2011-11-14 22:00:00+00:00,110.225,110.24,110.193,110.201,638.0
2011-11-15 22:00:00+00:00,110.193,110.217,110.178,110.201,502.0
2011-11-16 22:00:00+00:00,110.193,110.232,110.131,110.154,1002.0
2011-11-17 22:00:00+00:00,110.162,110.17,110.123,110.13,703.0
2011-11-20 22:00:00+00:00,110.138,110.185,110.114,110.185,897.0
2011-11-21 22:00:00+00:00,110.177,110.208,110.169,110.2,544.0
2011-11-22 22:00:00+00:00,110.192,110.216,110.169,110.2,768.0
2011-11-23 22:00:00+00:00,110.192,110.208,110.161,110.192,141.0
2011-11-24 22:00:00+00:00,110.184,110.2,110.153,110.153,421.0
2011-11-27 22:00:00+00:00,110.16,110.215,110.129,110.199,792.0
2011-11-28 22:00:00+00:00,110.207,110.215,110.176,110.184,458.0
2011-11-29 22:00:00+00:00,110.18,110.196,110.133,110.172,936.0
2011-11-30 22:00:00+00:00,110.18,110.188,110.149,110.157,634.0
2011-12-01 22:00:00+00:00,110.165,110.189,110.103,110.181,713.0
2011-12-04 22:00:00+00:00,110.19,110.198,110.144,110.168,500.0
2011-12-05 22:00:00+00:00,110.16,110.192,110.16,110.184,722.0
2011-12-06 22:00:00+00:00,110.192,110.239,110.176,110.223,515.0
2011-12-07 22:00:00+00:00,110.216,110.263,110.2,110.255,678.0
2011-12-08 22:00:00+00:00,110.263,110.287,110.247,110.256,516.0
2011-12-11 22:00:00+00:00,110.265,110.281,110.25,110.273,502.0
2011-12-12 22:00:00+00:00,110.265,110.289,110.242,110.242,600.0
2011-12-13 22:00:00+00:00,110.25,110.251,110.219,110.227,734.0
2011-12-14 22:00:00+00:00,110.235,110.251,110.227,110.244,566.0
2011-12-15 22:00:00+00:00,110.236,110.283,110.228,110.283,581.0
2011-12-18 22:00:00+00:00,110.277,110.285,110.246,110.269,562.0
2011-12-19 22:00:00+00:00,110.262,110.269,110.207,110.223,740.0
2011-12-20 22:00:00+00:00,110.215,110.239,110.184,110.192,756.0
2011-12-21 22:00:00+00:00,110.185,110.192,110.162,110.162,1064.0
2011-12-22 22:00:00+00:00,110.17,110.177,110.107,110.123,563.0
2011-12-26 22:00:00+00:00,110.125,110.133,110.102,110.126,311.0
2011-12-27 22:00:00+00:00,110.118,110.181,110.11,110.173,564.0
2011-12-28 22:00:00+00:00,110.165,110.189,110.15,110.174,568.0
2011-12-29 22:00:00+00:00,110.166,110.237,110.158,110.237,512.0
2012-01-02 22:00:00+00:00,110.231,110.239,110.184,110.2,723.0
2012-01-03 22:00:00+00:00,110.192,110.216,110.177,110.2,682.0
2012-01-04 22:00:00+00:00,110.193,110.216,110.177,110.193,515.0
2012-01-05 22:00:00+00:00,110.185,110.217,110.139,110.202,750.0
2012-01-08 22:00:00+00:00,110.203,110.242,110.203,110.235,539.0
2012-01-09 22:00:00+00:00,110.227,110.251,110.212,110.251,684.0
2012-01-10 22:00:00+00:00,110.243,110.29,110.235,110.275,733.0
2012-01-11 22:00:00+00:00,110.283,110.291,110.267,110.283,719.0
2012-01-12 22:00:00+00:00,110.291,110.307,110.268,110.299,634.0
2012-01-15 22:00:00+00:00,110.308,110.332,110.301,110.309,397.0
2012-01-16 22:00:00+00:00,110.317,110.325,110.293,110.317,761.0
2012-01-17 22:00:00+00:00,110.31,110.325,110.287,110.287,512.0
2012-01-18 22:00:00+00:00,110.294,110.31,110.264,110.279,861.0
2012-01-19 22:00:00+00:00,110.287,110.303,110.256,110.264,572.0
2012-01-22 22:00:00+00:00,110.266,110.305,110.266,110.274,566.0
2012-01-23 22:00:00+00:00,110.282,110.298,110.266,110.282,473.0
2012-01-24 22:00:00+00:00,110.29,110.361,110.275,110.338,873.0
2012-01-25 22:00:00+00:00,110.33,110.369,110.322,110.354,965.0
2012-01-26 22:00:00+00:00,110.362,110.362,110.338,110.362,543.0
2012-01-29 22:00:00+00:00,110.363,110.371,110.348,110.356,552.0
2012-01-30 22:00:00+00:00,110.364,110.364,110.317,110.341,1144.0
2012-01-31 22:00:00+00:00,110.333,110.349,110.326,110.326,632.0
2012-02-01 22:00:00+00:00,110.318,110.35,110.318,110.334,509.0
2012-02-02 22:00:00+00:00,110.327,110.343,110.296,110.311,694.0
2012-02-05 22:00:00+00:00,110.305,110.336,110.305,110.313,568.0
2012-02-06 22:00:00+00:00,110.305,110.321,110.267,110.29,631.0
2012-02-07 22:00:00+00:00,110.298,110.298,110.259,110.26,692.0
2012-02-08 22:00:00+00:00,110.275,110.276,110.221,110.252,668.0
2012-02-09 22:00:00+00:00,110.245,110.276,110.222,110.222,1084.0
2012-02-12 22:00:00+00:00,110.223,110.255,110.192,110.208,759.0
2012-02-13 22:00:00+00:00,110.2,110.216,110.177,110.201,661.0
2012-02-14 22:00:00+00:00,110.193,110.24,110.178,110.24,881.0
2012-02-15 22:00:00+00:00,110.233,110.241,110.171,110.178,842.0
2012-02-16 22:00:00+00:00,110.186,110.202,110.155,110.187,903.0
2012-02-19 22:00:00+00:00,110.188,110.196,110.157,110.157,201.0
2012-02-20 22:00:00+00:00,110.165,110.197,110.157,110.173,702.0
2012-02-21 22:00:00+00:00,110.181,110.213,110.166,110.19,826.0
2012-02-22 22:00:00+00:00,110.198,110.206,110.167,110.182,935.0
2012-02-23 22:00:00+00:00,110.175,110.214,110.167,110.183,878.0
2012-02-26 22:00:00+00:00,110.176,110.232,110.176,110.224,707.0
2012-02-27 22:00:00+00:00,110.216,110.232,110.201,110.201,527.0
2012-02-28 22:00:00+00:00,110.219,110.242,110.187,110.202,851.0
2012-02-29 22:00:00+00:00,110.21,110.241,110.186,110.233,1107.0
2012-03-01 22:00:00+00:00,110.225,110.272,110.225,110.271,689.0
2012-03-04 22:00:00+00:00,110.27,110.277,110.207,110.222,713.0
2012-03-05 22:00:00+00:00,110.215,110.269,110.214,110.261,669.0
2012-03-06 22:00:00+00:00,110.253,110.261,110.19,110.197,784.0
2012-03-07 22:00:00+00:00,110.19,110.213,110.166,110.181,750.0
2012-03-08 22:00:00+00:00,110.173,110.188,110.142,110.157,631.0
2012-03-11 21:00:00+00:00,110.156,110.179,110.139,110.147,490.0
2012-03-12 21:00:00+00:00,110.155,110.155,110.099,110.099,590.0
2012-03-13 21:00:00+00:00,110.107,110.115,109.966,109.989,1190.0
2012-03-14 21:00:00+00:00,109.997,110.075,109.934,110.036,1216.0
2012-03-15 21:00:00+00:00,110.043,110.066,109.988,110.043,795.0
2012-03-18 21:00:00+00:00,110.041,110.096,109.986,110.001,830.0
2012-03-19 21:00:00+00:00,109.994,110.04,109.946,109.969,1019.0
2012-03-20 21:00:00+00:00,109.977,110.047,109.962,110.039,1461.0
2012-03-21 21:00:00+00:00,110.031,110.07,110.023,110.031,601.0
2012-03-22 21:00:00+00:00,110.038,110.077,110.023,110.069,639.0
2012-03-25 21:00:00+00:00,110.068,110.098,110.036,110.098,751.0
2012-03-26 21:00:00+00:00,110.09,110.16,110.074,110.144,846.0
2012-03-27 21:00:00+00:00,110.152,110.168,110.12,110.136,713.0
2012-03-28 21:00:00+00:00,110.128,110.167,110.128,110.151,578.0
2012-03-29 21:00:00+00:00,110.143,110.166,110.111,110.142,887.0
2012-04-01 21:00:00+00:00,110.141,110.164,110.086,110.156,1073.0
2012-04-02 21:00:00+00:00,110.148,110.156,110.046,110.061,1112.0
2012-04-03 21:00:00+00:00,110.053,110.116,110.053,110.1,973.0
2012-04-04 21:00:00+00:00,110.092,110.138,110.091,110.115,754.0
2012-04-05 21:00:00+00:00,110.107,110.177,110.098,110.177,444.0
2012-04-08 21:00:00+00:00,110.175,110.183,110.143,110.174,536.0
2012-04-09 21:00:00+00:00,110.182,110.26,110.166,110.252,1446.0
2012-04-10 21:00:00+00:00,110.244,110.252,110.212,110.235,836.0
2012-04-11 21:00:00+00:00,110.228,110.258,110.219,110.25,754.0
2012-04-12 21:00:00+00:00,110.242,110.289,110.242,110.289,793.0
2012-04-15 21:00:00+00:00,110.287,110.295,110.263,110.287,599.0
2012-04-16 21:00:00+00:00,110.279,110.294,110.255,110.27,692.0
2012-04-17 21:00:00+00:00,110.278,110.293,110.262,110.293,579.0
2012-04-18 21:00:00+00:00,110.285,110.293,110.277,110.292,956.0
2012-04-19 21:00:00+00:00,110.284,110.3,110.268,110.284,573.0
2012-04-22 21:00:00+00:00,110.282,110.321,110.282,110.305,620.0
2012-04-23 21:00:00+00:00,110.297,110.313,110.281,110.281,841.0
2012-04-24 21:00:00+00:00,110.289,110.311,110.265,110.304,701.0
2012-04-25 21:00:00+00:00,110.296,110.319,110.295,110.319,496.0
2012-04-26 21:00:00+00:00,110.311,110.342,110.295,110.31,629.0
2012-04-29 21:00:00+00:00,110.301,110.324,110.301,110.324,746.0
2012-04-30 21:00:00+00:00,110.316,110.323,110.284,110.299,649.0
2012-05-01 21:00:00+00:00,110.307,110.322,110.291,110.306,907.0
2012-05-02 21:00:00+00:00,110.299,110.322,110.29,110.306,762.0
2012-05-03 21:00:00+00:00,110.314,110.329,110.298,110.313,725.0
2012-05-06 21:00:00+00:00,110.311,110.327,110.295,110.319,658.0
2012-05-07 21:00:00+00:00,110.311,110.326,110.302,110.318,428.0
2012-05-08 21:00:00+00:00,110.31,110.333,110.302,110.317,758.0
2012-05-09 21:00:00+00:00,110.325,110.325,110.301,110.316,722.0
2012-05-10 21:00:00+00:00,110.309,110.324,110.3,110.308,541.0
2012-05-13 21:00:00+00:00,110.307,110.322,110.29,110.306,683.0
2012-05-14 21:00:00+00:00,110.314,110.314,110.274,110.274,889.0
2012-05-15 21:00:00+00:00,110.282,110.282,110.242,110.25,1085.0
2012-05-16 21:00:00+00:00,110.257,110.257,110.226,110.233,632.0
2012-05-17 21:00:00+00:00,110.226,110.249,110.209,110.233,582.0
2012-05-20 21:00:00+00:00,110.231,110.246,110.208,110.231,629.0
2012-05-21 21:00:00+00:00,110.223,110.238,110.214,110.23,814.0
2012-05-22 21:00:00+00:00,110.238,110.261,110.222,110.245,772.0
2012-05-23 21:00:00+00:00,110.253,110.253,110.221,110.228,860.0
2012-05-24 21:00:00+00:00,110.221,110.259,110.212,110.259,1036.0
2012-05-27 21:00:00+00:00,110.25,110.258,110.226,110.257,142.0
2012-05-28 21:00:00+00:00,110.249,110.249,110.233,110.233,643.0
2012-05-29 21:00:00+00:00,110.24,110.279,110.224,110.271,869.0
2012-05-30 21:00:00+00:00,110.25,110.297,110.242,110.257,1448.0
2012-05-31 21:00:00+00:00,110.265,110.327,110.242,110.304,1044.0
2012-06-03 21:00:00+00:00,110.318,110.334,110.279,110.287,1331.0
2012-06-04 21:00:00+00:00,110.294,110.318,110.278,110.294,942.0
2012-06-05 21:00:00+00:00,110.302,110.309,110.262,110.262,804.0
2012-06-06 21:00:00+00:00,110.27,110.27,110.254,110.262,585.0
2012-06-07 21:00:00+00:00,110.254,110.292,110.253,110.253,497.0
2012-06-10 21:00:00+00:00,110.252,110.26,110.228,110.244,530.0
2012-06-11 21:00:00+00:00,110.252,110.259,110.204,110.204,718.0
2012-06-12 21:00:00+00:00,110.212,110.22,110.196,110.204,970.0
2012-06-13 21:00:00+00:00,110.196,110.219,110.18,110.188,634.0
2012-06-14 21:00:00+00:00,110.18,110.242,110.18,110.234,730.0
2012-06-17 21:00:00+00:00,110.233,110.241,110.186,110.209,724.0
2012-06-18 21:00:00+00:00,110.217,110.224,110.193,110.193,492.0
2012-06-19 21:00:00+00:00,110.185,110.208,110.114,110.145,1002.0
2012-06-20 21:00:00+00:00,110.153,110.184,110.145,110.16,765.0
2012-06-21 21:00:00+00:00,110.168,110.176,110.144,110.152,581.0
2012-06-24 21:00:00+00:00,110.151,110.182,110.151,110.174,568.0
2012-06-25 21:00:00+00:00,110.166,110.174,110.142,110.15,819.0
2012-06-26 21:00:00+00:00,110.158,110.166,110.142,110.157,453.0
2012-06-27 21:00:00+00:00,110.165,110.173,110.149,110.157,540.0
2012-06-28 21:00:00+00:00,110.165,110.172,110.117,110.164,885.0
2012-07-01 21:00:00+00:00,110.155,110.186,110.132,110.17,831.0
2012-07-02 21:00:00+00:00,110.178,110.178,110.123,110.123,768.0
2012-07-03 21:00:00+00:00,110.131,110.17,110.123,110.162,379.0
2012-07-04 21:00:00+00:00,110.154,110.192,110.138,110.184,961.0
2012-07-05 21:00:00+00:00,110.192,110.231,110.184,110.223,1241.0
2012-07-08 21:00:00+00:00,110.23,110.245,110.222,110.245,591.0
2012-07-09 21:00:00+00:00,110.237,110.253,110.221,110.244,492.0
2012-07-10 21:00:00+00:00,110.237,110.26,110.236,110.244,764.0
2012-07-11 21:00:00+00:00,110.252,110.275,110.244,110.267,499.0
2012-07-12 21:00:00+00:00,110.259,110.321,110.259,110.298,810.0
2012-07-15 21:00:00+00:00,110.304,110.351,110.297,110.327,1342.0
2012-07-16 21:00:00+00:00,110.335,110.343,110.288,110.296,1236.0
2012-07-17 21:00:00+00:00,110.288,110.342,110.287,110.334,509.0
2012-07-18 21:00:00+00:00,110.342,110.357,110.334,110.349,592.0
2012-07-19 21:00:00+00:00,110.341,110.38,110.333,110.38,454.0
2012-07-22 21:00:00+00:00,110.371,110.387,110.347,110.355,795.0
2012-07-23 21:00:00+00:00,110.363,110.363,110.331,110.362,738.0
2012-07-24 21:00:00+00:00,110.354,110.37,110.338,110.346,438.0
2012-07-25 21:00:00+00:00,110.354,110.361,110.314,110.322,409.0
2012-07-26 21:00:00+00:00,110.33,110.33,110.251,110.29,624.0
2012-07-29 21:00:00+00:00,110.289,110.344,110.281,110.336,675.0
2012-07-30 21:00:00+00:00,110.343,110.359,110.32,110.359,676.0
2012-07-31 21:00:00+00:00,110.351,110.382,110.288,110.303,1013.0
2012-08-01 21:00:00+00:00,110.296,110.334,110.288,110.318,578.0
2012-08-02 21:00:00+00:00,110.311,110.326,110.279,110.287,428.0
2012-08-05 21:00:00+00:00,110.286,110.317,110.278,110.293,492.0
2012-08-06 21:00:00+00:00,110.285,110.293,110.23,110.238,507.0
2012-08-07 21:00:00+00:00,110.23,110.261,110.198,110.214,697.0
2012-08-08 21:00:00+00:00,110.206,110.222,110.19,110.213,952.0
2012-08-09 21:00:00+00:00,110.221,110.244,110.205,110.236,489.0
2012-08-12 21:00:00+00:00,110.243,110.251,110.219,110.235,524.0
2012-08-13 21:00:00+00:00,110.227,110.242,110.203,110.211,433.0
2012-08-14 21:00:00+00:00,110.203,110.218,110.179,110.187,922.0
2012-08-15 21:00:00+00:00,110.179,110.21,110.163,110.163,777.0
2012-08-16 21:00:00+00:00,110.171,110.186,110.163,110.178,458.0
2012-08-19 21:00:00+00:00,110.177,110.192,110.153,110.184,472.0
2012-08-20 21:00:00+00:00,110.192,110.192,110.152,110.168,532.0
2012-08-21 21:00:00+00:00,110.176,110.23,110.168,110.222,723.0
2012-08-22 21:00:00+00:00,110.23,110.253,110.214,110.229,831.0
2012-08-23 21:00:00+00:00,110.222,110.253,110.206,110.213,1015.0
2012-08-26 21:00:00+00:00,110.212,110.228,110.204,110.22,978.0
2012-08-27 21:00:00+00:00,110.212,110.227,110.203,110.211,553.0
2012-08-28 21:00:00+00:00,110.219,110.227,110.187,110.195,694.0
2012-08-29 21:00:00+00:00,110.18,110.227,110.18,110.227,717.0
2012-08-30 21:00:00+00:00,110.219,110.297,110.195,110.289,898.0
2012-09-02 21:00:00+00:00,110.297,110.297,110.242,110.289,192.0
2012-09-03 21:00:00+00:00,110.282,110.297,110.25,110.25,1613.0
2012-09-04 21:00:00+00:00,110.258,110.258,110.235,110.243,1335.0
2012-09-05 21:00:00+00:00,110.235,110.25,110.172,110.188,1227.0
2012-09-06 21:00:00+00:00,110.18,110.243,110.149,110.204,924.0
2012-09-09 21:00:00+00:00,110.212,110.251,110.212,110.227,741.0
2012-09-10 21:00:00+00:00,110.22,110.227,110.204,110.22,621.0
2012-09-11 21:00:00+00:00,110.227,110.243,110.22,110.235,732.0
2012-09-12 21:00:00+00:00,110.243,110.29,110.212,110.259,977.0
2012-09-13 21:00:00+00:00,110.251,110.267,110.212,110.228,630.0
2012-09-16 21:00:00+00:00,110.22,110.251,110.212,110.22,371.0
2012-09-17 21:00:00+00:00,110.228,110.236,110.204,110.204,526.0
2012-09-18 21:00:00+00:00,110.212,110.22,110.189,110.204,440.0
2012-09-19 21:00:00+00:00,110.197,110.22,110.189,110.189,624.0
2012-09-20 21:00:00+00:00,110.197,110.212,110.181,110.197,583.0
2012-09-23 21:00:00+00:00,110.189,110.213,110.189,110.189,575.0
2012-09-24 21:00:00+00:00,110.197,110.213,110.166,110.189,602.0
2012-09-25 21:00:00+00:00,110.197,110.213,110.174,110.205,641.0
2012-09-26 21:00:00+00:00,110.213,110.244,110.181,110.228,886.0
2012-09-27 21:00:00+00:00,110.221,110.275,110.221,110.26,1262.0
2012-09-30 21:00:00+00:00,110.252,110.268,110.244,110.252,767.0
2012-10-01 21:00:00+00:00,110.26,110.276,110.252,110.268,844.0
2012-10-02 21:00:00+00:00,110.26,110.276,110.26,110.276,602.0
2012-10-03 21:00:00+00:00,110.268,110.283,110.237,110.237,583.0
2012-10-04 21:00:00+00:00,110.244,110.244,110.205,110.205,1068.0
2012-10-07 21:00:00+00:00,110.213,110.229,110.198,110.213,410.0
2012-10-08 21:00:00+00:00,110.221,110.229,110.206,110.214,536.0
2012-10-09 21:00:00+00:00,110.221,110.221,110.198,110.206,517.0
2012-10-10 21:00:00+00:00,110.214,110.221,110.182,110.206,478.0
2012-10-11 21:00:00+00:00,110.198,110.214,110.19,110.214,527.0
2012-10-14 21:00:00+00:00,110.206,110.222,110.206,110.222,507.0
2012-10-15 21:00:00+00:00,110.23,110.23,110.183,110.191,716.0
2012-10-16 21:00:00+00:00,110.198,110.198,110.128,110.136,843.0
2012-10-17 21:00:00+00:00,110.128,110.152,110.12,110.12,834.0
2012-10-18 21:00:00+00:00,110.128,110.144,110.12,110.128,517.0
2012-10-21 21:00:00+00:00,110.121,110.136,110.082,110.113,642.0
2012-10-22 21:00:00+00:00,110.105,110.144,110.097,110.136,903.0
2012-10-23 21:00:00+00:00,110.144,110.16,110.136,110.144,1045.0
2012-10-24 21:00:00+00:00,110.152,110.152,110.097,110.105,725.0
2012-10-25 21:00:00+00:00,110.097,110.144,110.097,110.144,1023.0
2012-10-28 21:00:00+00:00,110.137,110.16,110.137,110.152,399.0
2012-10-29 21:00:00+00:00,110.144,110.152,110.121,110.137,230.0
2012-10-30 21:00:00+00:00,110.129,110.16,110.121,110.152,728.0
2012-10-31 21:00:00+00:00,110.16,110.176,110.137,110.176,481.0
2012-11-01 21:00:00+00:00,110.168,110.184,110.137,110.184,637.0
2012-11-04 22:00:00+00:00,110.176,110.2,110.176,110.184,718.0
2012-11-05 22:00:00+00:00,110.192,110.192,110.129,110.145,461.0
2012-11-06 22:00:00+00:00,110.137,110.231,110.137,110.2,767.0
2012-11-07 22:00:00+00:00,110.208,110.231,110.192,110.223,517.0
2012-11-08 22:00:00+00:00,110.231,110.239,110.208,110.223,462.0
2012-11-11 22:00:00+00:00,110.216,110.239,110.216,110.231,301.0
2012-11-12 22:00:00+00:00,110.239,110.247,110.223,110.247,604.0
2012-11-13 22:00:00+00:00,110.239,110.263,110.239,110.247,840.0
2012-11-14 22:00:00+00:00,110.255,110.271,110.239,110.247,460.0
2012-11-15 22:00:00+00:00,110.255,110.263,110.239,110.263,344.0
2012-11-18 22:00:00+00:00,110.255,110.263,110.24,110.247,378.0
2012-11-19 22:00:00+00:00,110.24,110.255,110.216,110.224,543.0
2012-11-20 22:00:00+00:00,110.216,110.232,110.185,110.185,519.0
2012-11-21 22:00:00+00:00,110.193,110.201,110.177,110.185,72.0
2012-11-22 22:00:00+00:00,110.193,110.201,110.185,110.193,195.0
2012-11-25 22:00:00+00:00,110.185,110.209,110.185,110.193,1020.0
2012-11-26 22:00:00+00:00,110.201,110.217,110.185,110.209,554.0
2012-11-27 22:00:00+00:00,110.201,110.224,110.201,110.217,617.0
2012-11-28 22:00:00+00:00,110.209,110.217,110.185,110.217,668.0
2012-11-29 22:00:00+00:00,110.225,110.244,110.225,110.236,43.0
2012-12-02 22:00:00+00:00,110.236,110.237,110.221,110.237,189.0
2012-12-03 22:00:00+00:00,110.244,110.252,110.237,110.244,235.0
2012-12-04 22:00:00+00:00,110.252,110.268,110.245,110.252,132.0
2012-12-05 22:00:00+00:00,110.256,110.268,110.252,110.252,124.0
2012-12-06 22:00:00+00:00,110.247,110.26,110.229,110.252,229.0
2012-12-07 22:00:00+00:00,110.252,110.252,110.252,110.252,1.0
2012-12-09 22:00:00+00:00,110.258,110.268,110.252,110.26,130.0
2012-12-10 22:00:00+00:00,110.26,110.268,110.252,110.262,195.0
2012-12-11 22:00:00+00:00,110.266,110.266,110.244,110.244,300.0
2012-12-12 22:00:00+00:00,110.25,110.266,110.238,110.246,381.0
2012-12-13 22:00:00+00:00,110.246,110.288,110.246,110.276,382.0
2012-12-16 22:00:00+00:00,110.274,110.29,110.254,110.254,238.0
2012-12-17 22:00:00+00:00,110.256,110.256,110.206,110.212,212.0
2012-12-18 22:00:00+00:00,110.22,110.226,110.206,110.206,149.0
2012-12-19 22:00:00+00:00,110.206,110.234,110.206,110.212,223.0
2012-12-20 22:00:00+00:00,110.232,110.238,110.2,110.208,183.0
2012-12-23 22:00:00+00:00,110.212,110.24,110.204,110.216,110.0
2012-12-25 22:00:00+00:00,110.216,110.216,110.208,110.208,19.0
2012-12-26 22:00:00+00:00,110.216,110.23,110.208,110.216,174.0
2012-12-27 22:00:00+00:00,110.22,110.246,110.22,110.246,152.0
2012-12-30 22:00:00+00:00,110.242,110.262,110.238,110.246,109.0
2013-01-01 22:00:00+00:00,110.202,110.23,110.2,110.222,129.0
2013-01-02 22:00:00+00:00,110.222,110.238,110.2,110.2,103.0
2013-01-03 22:00:00+00:00,110.2,110.2,110.136,110.192,213.0
2013-01-04 22:00:00+00:00,110.192,110.192,110.192,110.192,1.0
2013-01-06 22:00:00+00:00,110.184,110.19,110.184,110.19,90.0
2013-01-07 22:00:00+00:00,110.19,110.222,110.19,110.222,30.0
2013-01-08 22:00:00+00:00,110.218,110.246,110.214,110.246,72.0
2013-01-09 22:00:00+00:00,110.242,110.254,110.23,110.23,254.0
2013-01-10 22:00:00+00:00,110.226,110.246,110.214,110.238,135.0
2013-01-11 22:00:00+00:00,110.238,110.238,110.238,110.238,1.0
2013-01-13 22:00:00+00:00,110.246,110.252,110.238,110.238,63.0
2013-01-14 22:00:00+00:00,110.244,110.252,110.238,110.244,138.0
2013-01-15 22:00:00+00:00,110.242,110.252,110.238,110.244,33.0
2013-01-16 22:00:00+00:00,110.252,110.252,110.206,110.206,51.0
2013-01-17 22:00:00+00:00,110.202,110.23,110.182,110.228,100.0
2013-01-18 22:00:00+00:00,110.228,110.228,110.228,110.228,3.0
2013-01-20 22:00:00+00:00,110.232,110.236,110.214,110.214,24.0
2013-01-21 22:00:00+00:00,110.216,110.244,110.214,110.236,224.0
2013-01-22 22:00:00+00:00,110.24,110.252,110.236,110.244,62.0
2013-01-23 22:00:00+00:00,110.248,110.252,110.228,110.236,36.0
2013-01-24 22:00:00+00:00,110.232,110.232,110.15,110.166,196.0
2013-01-27 22:00:00+00:00,110.158,110.158,110.126,110.158,127.0
2013-01-28 22:00:00+00:00,110.162,110.182,110.142,110.182,184.0
2013-01-29 22:00:00+00:00,110.182,110.204,110.158,110.204,106.0
2013-01-30 22:00:00+00:00,110.212,110.22,110.196,110.212,67.0
2013-01-31 22:00:00+00:00,110.208,110.252,110.196,110.204,222.0
2013-02-01 22:00:00+00:00,110.204,110.204,110.204,110.204,1.0
2013-02-03 22:00:00+00:00,110.208,110.236,110.196,110.228,87.0
2013-02-04 22:00:00+00:00,110.232,110.236,110.204,110.228,80.0
2013-02-05 22:00:00+00:00,110.232,110.242,110.228,110.236,108.0
2013-02-06 22:00:00+00:00,110.24,110.25,110.212,110.228,866.0
2013-02-07 22:00:00+00:00,110.234,110.234,110.22,110.234,25.0
2013-02-08 22:00:00+00:00,110.234,110.234,110.234,110.234,1.0
2013-02-10 22:00:00+00:00,110.23,110.234,110.212,110.218,32.0
2013-02-11 22:00:00+00:00,110.212,110.218,110.196,110.196,94.0
2013-02-12 22:00:00+00:00,110.204,110.204,110.172,110.172,56.0
2013-02-13 22:00:00+00:00,110.176,110.204,110.172,110.204,368.0
2013-02-14 22:00:00+00:00,110.206,110.21,110.188,110.196,48.0
2013-02-15 22:00:00+00:00,110.196,110.196,110.196,110.196,2.0
2013-02-17 22:00:00+00:00,110.192,110.194,110.188,110.188,21.0
2013-02-18 22:00:00+00:00,110.184,110.194,110.172,110.188,74.0
2013-02-19 22:00:00+00:00,110.188,110.21,110.18,110.21,35.0
2013-02-20 22:00:00+00:00,110.214,110.234,110.21,110.218,78.0
2013-02-21 22:00:00+00:00,110.226,110.234,110.21,110.226,59.0
2013-02-24 22:00:00+00:00,110.23,110.256,110.218,110.256,73.0
2013-02-25 22:00:00+00:00,110.26,110.272,110.256,110.272,193.0
2013-02-27 22:00:00+00:00,110.264,110.264,110.256,110.264,75.0
2013-02-28 22:00:00+00:00,110.272,110.28,110.264,110.272,71.0
2013-03-01 22:00:00+00:00,110.272,110.272,110.272,110.272,1.0
2013-03-03 22:00:00+00:00,110.28,110.28,110.272,110.272,49.0
2013-03-04 22:00:00+00:00,110.264,110.272,110.256,110.264,82.0
2013-03-05 22:00:00+00:00,110.256,110.264,110.238,110.238,133.0
2013-03-06 22:00:00+00:00,110.246,110.246,110.224,110.224,19.0
2013-03-07 22:00:00+00:00,110.224,110.224,110.184,110.222,193.0
2013-03-08 22:00:00+00:00,110.222,110.222,110.222,110.222,1.0
2013-03-10 21:00:00+00:00,110.214,110.222,110.206,110.214,49.0
2013-03-11 21:00:00+00:00,110.214,110.214,110.206,110.206,3.0
2013-03-12 21:00:00+00:00,110.206,110.206,110.19,110.198,13.0
2013-03-13 21:00:00+00:00,110.194,110.194,110.174,110.19,157.0
2013-03-14 21:00:00+00:00,110.186,110.214,110.186,110.206,38.0
2013-03-15 21:00:00+00:00,110.206,110.206,110.206,110.206,1.0
2013-03-17 21:00:00+00:00,110.22,110.244,110.212,110.228,102.0
2013-03-18 21:00:00+00:00,110.224,110.252,110.22,110.236,241.0
2013-03-19 21:00:00+00:00,110.236,110.244,110.212,110.22,306.0
2013-03-20 21:00:00+00:00,110.22,110.228,110.212,110.22,118.0
2013-03-21 21:00:00+00:00,110.22,110.228,110.204,110.212,76.0
2013-03-24 21:00:00+00:00,110.204,110.228,110.196,110.228,654.0
2013-03-25 21:00:00+00:00,110.22,110.226,110.212,110.22,49.0
2013-03-26 21:00:00+00:00,110.226,110.25,110.218,110.242,212.0
2013-03-27 21:00:00+00:00,110.25,110.258,110.242,110.242,168.0
2013-03-31 21:00:00+00:00,110.234,110.256,110.234,110.25,57.0
2013-04-01 21:00:00+00:00,110.242,110.248,110.234,110.248,8.0
2013-04-02 21:00:00+00:00,110.252,110.272,110.248,110.272,68.0
2013-04-03 21:00:00+00:00,110.276,110.296,110.264,110.272,118.0
2013-04-04 21:00:00+00:00,110.272,110.296,110.264,110.272,168.0
2013-04-07 21:00:00+00:00,110.268,110.272,110.264,110.272,771.0
2013-04-08 21:00:00+00:00,110.272,110.278,110.27,110.27,42.0
2013-04-09 21:00:00+00:00,110.27,110.278,110.27,110.27,24.0
2013-04-10 21:00:00+00:00,110.27,110.278,110.27,110.27,8.0
2013-04-11 21:00:00+00:00,110.27,110.278,110.27,110.278,20.0
2013-04-12 21:00:00+00:00,110.278,110.278,110.278,110.278,2.0
2013-04-14 21:00:00+00:00,110.274,110.292,110.27,110.292,32.0
2013-04-15 21:00:00+00:00,110.292,110.292,110.278,110.278,15.0
2013-04-16 21:00:00+00:00,110.284,110.284,110.276,110.276,15.0
2013-04-17 21:00:00+00:00,110.284,110.292,110.276,110.284,17.0
2013-04-18 21:00:00+00:00,110.276,110.284,110.268,110.268,61.0
2013-04-21 21:00:00+00:00,110.26,110.284,110.26,110.284,762.0
2013-04-22 21:00:00+00:00,110.284,110.292,110.276,110.284,21.0
2013-04-23 21:00:00+00:00,110.284,110.292,110.284,110.284,21.0
2013-04-24 21:00:00+00:00,110.284,110.29,110.284,110.29,12.0
2013-04-25 21:00:00+00:00,110.29,110.322,110.29,110.322,33.0
2013-04-28 21:00:00+00:00,110.322,110.33,110.322,110.33,35.0
2013-04-29 21:00:00+00:00,110.33,110.336,110.322,110.328,17.0
2013-04-30 21:00:00+00:00,110.322,110.344,110.32,110.336,46.0
2013-05-01 21:00:00+00:00,110.344,110.344,110.328,110.344,75.0
2013-05-02 21:00:00+00:00,110.344,110.344,110.304,110.312,26.0
2013-05-05 21:00:00+00:00,110.312,110.312,110.304,110.312,14.0
2013-05-06 21:00:00+00:00,110.312,110.312,110.296,110.296,97.0
2013-05-07 21:00:00+00:00,110.296,110.304,110.288,110.296,52.0
2013-05-08 21:00:00+00:00,110.296,110.312,110.296,110.296,23.0
2013-05-09 21:00:00+00:00,110.288,110.288,110.256,110.264,70.0
2013-05-12 21:00:00+00:00,110.264,110.264,110.248,110.256,35.0
2013-05-13 21:00:00+00:00,110.256,110.272,110.24,110.248,24.0
2013-05-14 21:00:00+00:00,110.24,110.272,110.24,110.264,127.0
2013-05-15 21:00:00+00:00,110.264,110.286,110.264,110.278,25.0
2013-05-16 21:00:00+00:00,110.278,110.278,110.248,110.254,24.0
2013-05-19 21:00:00+00:00,110.246,110.262,110.246,110.262,10.0
2013-05-20 21:00:00+00:00,110.262,110.274,110.254,110.27,16.0
2013-05-21 21:00:00+00:00,110.27,110.286,110.238,110.238,189.0
2013-05-22 21:00:00+00:00,110.238,110.254,110.23,110.246,95.0
2013-05-23 21:00:00+00:00,110.238,110.246,110.23,110.238,50.0
2013-05-26 21:00:00+00:00,110.238,110.238,110.23,110.238,6.0
2013-05-27 21:00:00+00:00,110.23,110.23,110.152,110.158,49.0
2013-05-28 21:00:00+00:00,110.152,110.198,110.104,110.174,402.0
2013-05-29 21:00:00+00:00,110.174,110.182,110.158,110.182,154.0
2013-05-30 21:00:00+00:00,110.19,110.19,110.142,110.182,379.0
2013-06-02 21:00:00+00:00,110.18,110.196,110.158,110.182,392.0
2013-06-03 21:00:00+00:00,110.188,110.188,110.174,110.18,201.0
2013-06-04 21:00:00+00:00,110.18,110.204,110.172,110.194,231.0
2013-06-05 21:00:00+00:00,110.194,110.212,110.188,110.2,326.0
2013-06-06 21:00:00+00:00,110.2,110.22,110.149,110.168,571.0
2013-06-09 21:00:00+00:00,110.172,110.178,110.148,110.16,253.0
2013-06-10 21:00:00+00:00,110.164,110.176,110.124,110.152,355.0
2013-06-11 21:00:00+00:00,110.16,110.164,110.132,110.14,396.0
2013-06-12 21:00:00+00:00,110.14,110.2,110.128,110.198,1059.0
2013-06-13 21:00:00+00:00,110.2,110.246,110.196,110.218,382.0
2013-06-16 21:00:00+00:00,110.21,110.248,110.194,110.218,387.0
2013-06-17 21:00:00+00:00,110.226,110.234,110.202,110.228,220.0
2013-06-18 21:00:00+00:00,110.23,110.242,110.116,110.126,350.0
2013-06-19 21:00:00+00:00,110.116,110.124,110.046,110.068,1418.0
2013-06-20 21:00:00+00:00,110.06,110.084,109.958,109.966,1213.0
2013-06-23 21:00:00+00:00,109.966,109.974,109.824,109.942,4420.0
2013-06-24 21:00:00+00:00,109.934,109.98,109.894,109.894,3565.0
2013-06-25 21:00:00+00:00,109.886,109.996,109.878,109.994,1384.0
2013-06-26 21:00:00+00:00,109.988,110.066,109.988,110.058,832.0
2013-06-27 21:00:00+00:00,110.066,110.08,110.002,110.042,706.0
2013-06-30 21:00:00+00:00,110.034,110.064,110.016,110.04,250.0
2013-07-01 21:00:00+00:00,110.038,110.064,110.032,110.04,266.0
2013-07-02 21:00:00+00:00,110.048,110.086,109.968,109.982,675.0
2013-07-03 21:00:00+00:00,109.976,110.078,109.976,110.022,394.0
2013-07-04 21:00:00+00:00,110.014,110.046,109.92,109.946,913.0
2013-07-07 21:00:00+00:00,109.94,110.024,109.928,110.014,260.0
2013-07-08 21:00:00+00:00,109.998,110.02,109.99,109.996,132.0
2013-07-09 21:00:00+00:00,109.99,110.036,109.988,110.036,1028.0
2013-07-10 21:00:00+00:00,110.052,110.114,110.052,110.106,1241.0
2013-07-11 21:00:00+00:00,110.114,110.136,110.058,110.074,549.0
2013-07-14 21:00:00+00:00,110.064,110.112,110.042,110.112,241.0
2013-07-15 21:00:00+00:00,110.104,110.126,110.096,110.11,467.0
2013-07-16 21:00:00+00:00,110.118,110.188,110.11,110.166,523.0
2013-07-17 21:00:00+00:00,110.168,110.188,110.142,110.148,231.0
2013-07-18 21:00:00+00:00,110.164,110.18,110.148,110.172,278.0
2013-07-21 21:00:00+00:00,110.178,110.194,110.162,110.17,634.0
2013-07-22 21:00:00+00:00,110.162,110.162,110.146,110.158,276.0
2013-07-23 21:00:00+00:00,110.158,110.162,110.1,110.112,471.0
2013-07-24 21:00:00+00:00,110.122,110.168,110.106,110.168,377.0
2013-07-25 21:00:00+00:00,110.162,110.184,110.16,110.184,5096.0
2013-07-28 21:00:00+00:00,110.19,110.198,110.16,110.168,107.0
2013-07-29 21:00:00+00:00,110.174,110.182,110.166,110.174,722.0
2013-07-30 21:00:00+00:00,110.182,110.19,110.114,110.182,1745.0
2013-07-31 21:00:00+00:00,110.174,110.19,110.134,110.142,10752.0
2013-08-01 21:00:00+00:00,110.15,110.196,110.102,110.196,1412.0
2013-08-04 21:00:00+00:00,110.204,110.204,110.172,110.188,525.0
2013-08-05 21:00:00+00:00,110.194,110.194,110.172,110.18,322.0
2013-08-06 21:00:00+00:00,110.186,110.202,110.182,110.202,86.0
2013-08-07 21:00:00+00:00,110.21,110.21,110.194,110.202,35.0
2013-08-08 21:00:00+00:00,110.208,110.208,110.194,110.2,70.0
2013-08-11 21:00:00+00:00,110.192,110.208,110.184,110.184,25.0
2013-08-12 21:00:00+00:00,110.176,110.176,110.128,110.136,886.0
2013-08-13 21:00:00+00:00,110.144,110.16,110.136,110.144,355.0
2013-08-14 21:00:00+00:00,110.152,110.16,110.08,110.104,1557.0
2013-08-15 21:00:00+00:00,110.106,110.112,110.08,110.096,409.0
2013-08-18 21:00:00+00:00,110.096,110.096,110.072,110.078,607.0
2013-08-19 21:00:00+00:00,110.086,110.118,110.078,110.11,347.0
2013-08-20 21:00:00+00:00,110.102,110.11,110.046,110.062,470.0
2013-08-21 21:00:00+00:00,110.06,110.062,110.008,110.008,965.0
2013-08-22 21:00:00+00:00,110.014,110.046,109.984,110.038,544.0
2013-08-25 21:00:00+00:00,110.044,110.06,110.02,110.06,140.0
2013-08-26 21:00:00+00:00,110.052,110.09,110.044,110.09,227.0
2013-08-27 21:00:00+00:00,110.082,110.088,110.044,110.05,263.0
2013-08-28 21:00:00+00:00,110.042,110.058,110.028,110.05,169.0
2013-08-29 21:00:00+00:00,110.042,110.082,110.042,110.042,306.0
2013-09-01 21:00:00+00:00,110.044,110.056,109.994,110.0,443.0
2013-09-02 21:00:00+00:00,110.006,110.028,109.978,110.01,880.0
2013-09-03 21:00:00+00:00,110.008,110.008,109.906,109.906,643.0
2013-09-04 21:00:00+00:00,109.934,109.944,109.802,109.816,2768.0
2013-09-05 21:00:00+00:00,109.826,109.972,109.796,109.94,4485.0
2013-09-08 21:00:00+00:00,109.932,109.982,109.916,109.968,517.0
2013-09-09 21:00:00+00:00,109.954,109.964,109.906,109.91,3799.0
2013-09-10 21:00:00+00:00,109.906,109.974,109.9,109.974,481.0
2013-09-11 21:00:00+00:00,109.972,110.008,109.972,109.99,540.0
2013-09-12 21:00:00+00:00,109.99,110.004,109.938,109.992,572.0
2013-09-15 21:00:00+00:00,110.07,110.16,110.054,110.088,1181.0
2013-09-16 21:00:00+00:00,110.092,110.118,110.08,110.116,439.0
2013-09-17 21:00:00+00:00,110.116,110.203,110.076,110.182,1283.0
2013-09-18 21:00:00+00:00,110.154,110.216,110.15,110.16,535.0
2013-09-19 21:00:00+00:00,110.152,110.198,110.152,110.182,295.0
2013-09-22 21:00:00+00:00,110.182,110.194,110.156,110.186,668.0
2013-09-23 21:00:00+00:00,110.178,110.2,110.178,110.192,219.0
2013-09-24 21:00:00+00:00,110.188,110.23,110.184,110.214,271.0
2013-09-25 21:00:00+00:00,110.206,110.222,110.19,110.214,226.0
2013-09-26 21:00:00+00:00,110.22,110.244,110.212,110.236,240.0
2013-09-27 21:00:00+00:00,110.236,110.236,110.236,110.236,1.0
2013-09-29 21:00:00+00:00,110.24,110.27,110.224,110.264,374.0
2013-09-30 21:00:00+00:00,110.254,110.262,110.23,110.238,146.0
2013-10-01 21:00:00+00:00,110.244,110.298,110.236,110.268,582.0
2013-10-02 21:00:00+00:00,110.274,110.29,110.25,110.288,501.0
2013-10-03 21:00:00+00:00,110.284,110.288,110.248,110.248,419.0
2013-10-06 21:00:00+00:00,110.254,110.276,110.212,110.212,141.0
2013-10-07 21:00:00+00:00,110.204,110.22,110.126,110.134,470.0
2013-10-08 21:00:00+00:00,110.14,110.202,110.14,110.194,340.0
2013-10-09 21:00:00+00:00,110.202,110.224,110.178,110.224,388.0
2013-10-10 21:00:00+00:00,110.232,110.232,110.206,110.206,115.0
2013-10-13 21:00:00+00:00,110.212,110.228,110.164,110.172,206.0
2013-10-14 21:00:00+00:00,110.18,110.21,110.172,110.194,125.0
2013-10-15 21:00:00+00:00,110.194,110.238,110.168,110.232,271.0
2013-10-16 21:00:00+00:00,110.234,110.278,110.23,110.26,206.0
2013-10-17 21:00:00+00:00,110.252,110.276,110.252,110.26,90.0
2013-10-20 21:00:00+00:00,110.26,110.264,110.24,110.248,231.0
2013-10-21 21:00:00+00:00,110.24,110.292,110.238,110.284,220.0
2013-10-22 21:00:00+00:00,110.29,110.292,110.236,110.244,390.0
2013-10-23 21:00:00+00:00,110.252,110.26,110.244,110.25,261.0
2013-10-24 21:00:00+00:00,110.242,110.274,110.242,110.264,156.0
2013-10-27 21:00:00+00:00,110.254,110.268,110.246,110.262,188.0
2013-10-28 21:00:00+00:00,110.268,110.282,110.26,110.274,156.0
2013-10-29 21:00:00+00:00,110.282,110.304,110.274,110.282,576.0
2013-10-30 21:00:00+00:00,110.288,110.304,110.272,110.296,52.0
2013-10-31 21:00:00+00:00,110.296,110.302,110.286,110.286,267.0
2013-11-03 22:00:00+00:00,110.29,110.306,110.282,110.298,110.0
2013-11-04 22:00:00+00:00,110.298,110.312,110.272,110.304,297.0
2013-11-05 22:00:00+00:00,110.308,110.334,110.304,110.326,369.0
2013-11-06 22:00:00+00:00,110.332,110.372,110.318,110.334,597.0
2013-11-07 22:00:00+00:00,110.34,110.34,110.253,110.276,490.0
2013-11-10 22:00:00+00:00,110.272,110.288,110.264,110.264,42.0
2013-11-11 22:00:00+00:00,110.272,110.272,110.238,110.238,245.0
2013-11-12 22:00:00+00:00,110.246,110.308,110.238,110.3,117.0
2013-11-13 22:00:00+00:00,110.304,110.322,110.292,110.322,193.0
2013-11-14 22:00:00+00:00,110.33,110.33,110.298,110.312,114.0
2013-11-17 22:00:00+00:00,110.318,110.332,110.308,110.324,142.0
2013-11-18 22:00:00+00:00,110.324,110.332,110.3,110.306,88.0
2013-11-19 22:00:00+00:00,110.298,110.36,110.298,110.328,324.0
2013-11-20 22:00:00+00:00,110.324,110.352,110.32,110.336,309.0
2013-11-21 22:00:00+00:00,110.318,110.326,110.31,110.318,55.0
2013-11-24 22:00:00+00:00,110.312,110.322,110.3,110.322,77.0
2013-11-25 22:00:00+00:00,110.326,110.33,110.312,110.328,40.0
2013-11-26 22:00:00+00:00,110.328,110.342,110.318,110.334,51.0
2013-11-27 22:00:00+00:00,110.334,110.342,110.326,110.338,40.0
2013-11-28 22:00:00+00:00,110.324,110.34,110.316,110.332,35.0
2013-12-01 22:00:00+00:00,110.324,110.336,110.312,110.33,320.0
2013-12-02 22:00:00+00:00,110.332,110.342,110.326,110.334,97.0
2013-12-03 22:00:00+00:00,110.326,110.334,110.282,110.318,109.0
2013-12-04 22:00:00+00:00,110.31,110.316,110.284,110.292,611.0
2013-12-05 22:00:00+00:00,110.292,110.306,110.252,110.282,248.0
2013-12-08 22:00:00+00:00,110.286,110.3,110.27,110.284,135.0
2013-12-09 22:00:00+00:00,110.276,110.29,110.268,110.282,70.0
2013-12-10 22:00:00+00:00,110.29,110.29,110.258,110.258,166.0
2013-12-11 22:00:00+00:00,110.25,110.258,110.162,110.2,275.0
2013-12-12 22:00:00+00:00,110.196,110.208,110.168,110.198,263.0
2013-12-15 22:00:00+00:00,110.188,110.202,110.164,110.184,336.0
2013-12-16 22:00:00+00:00,110.178,110.23,110.178,110.222,116.0
2013-12-17 22:00:00+00:00,110.222,110.276,110.174,110.236,273.0
2013-12-18 22:00:00+00:00,110.222,110.228,110.144,110.164,249.0
2013-12-19 22:00:00+00:00,110.148,110.172,110.086,110.124,416.0
2013-12-22 22:00:00+00:00,110.124,110.128,110.086,110.094,367.0
2013-12-23 22:00:00+00:00,110.102,110.11,110.054,110.062,268.0
2013-12-25 22:00:00+00:00,110.062,110.062,110.026,110.034,258.0
2013-12-26 22:00:00+00:00,110.03,110.08,110.03,110.064,231.0
2013-12-29 22:00:00+00:00,110.052,110.082,110.052,110.074,205.0
2013-12-30 22:00:00+00:00,110.072,110.08,110.058,110.064,116.0
2014-01-01 22:00:00+00:00,110.052,110.078,110.046,110.068,242.0
2014-01-02 22:00:00+00:00,110.06,110.06,110.028,110.028,364.0
2014-01-05 22:00:00+00:00,110.032,110.046,110.032,110.046,40.0
2014-01-06 22:00:00+00:00,110.038,110.06,110.038,110.052,92.0
2014-01-07 22:00:00+00:00,110.044,110.052,109.972,109.98,254.0
2014-01-08 22:00:00+00:00,109.988,109.994,109.962,109.968,199.0
2014-01-09 22:00:00+00:00,109.962,110.102,109.962,110.094,279.0
2014-01-12 22:00:00+00:00,110.098,110.128,110.082,110.12,158.0
2014-01-13 22:00:00+00:00,110.112,110.12,110.062,110.062,169.0
2014-01-14 22:00:00+00:00,110.07,110.078,110.03,110.038,237.0
2014-01-15 22:00:00+00:00,110.038,110.068,110.036,110.052,460.0
2014-01-16 22:00:00+00:00,110.05,110.074,110.042,110.066,342.0
2014-01-19 22:00:00+00:00,110.07,110.076,110.06,110.076,29.0
2014-01-20 22:00:00+00:00,110.068,110.076,110.036,110.05,168.0
2014-01-21 22:00:00+00:00,110.042,110.05,109.994,110.002,162.0
2014-01-22 22:00:00+00:00,109.994,110.11,109.994,110.086,199.0
2014-01-23 22:00:00+00:00,110.084,110.194,110.078,110.13,468.0
2014-01-26 22:00:00+00:00,110.126,110.134,110.088,110.118,237.0
2014-01-27 22:00:00+00:00,110.102,110.124,110.078,110.124,295.0
2014-01-28 22:00:00+00:00,110.096,110.192,110.084,110.169,482.0
2014-01-29 22:00:00+00:00,110.17,110.19,110.152,110.19,258.0
2014-01-30 22:00:00+00:00,110.182,110.228,110.182,110.22,350.0
2014-02-02 22:00:00+00:00,110.212,110.277,110.191,110.269,281.0
2014-02-03 22:00:00+00:00,110.269,110.269,110.236,110.236,291.0
2014-02-04 22:00:00+00:00,110.228,110.274,110.218,110.226,421.0
2014-02-05 22:00:00+00:00,110.234,110.234,110.194,110.209,288.0
2014-02-06 22:00:00+00:00,110.2,110.262,110.192,110.246,376.0
2014-02-09 22:00:00+00:00,110.238,110.249,110.225,110.233,55.0
2014-02-10 22:00:00+00:00,110.224,110.232,110.184,110.192,154.0
2014-02-11 22:00:00+00:00,110.192,110.192,110.151,110.159,111.0
2014-02-12 22:00:00+00:00,110.159,110.22,110.159,110.22,187.0
2014-02-13 22:00:00+00:00,110.218,110.226,110.195,110.21,155.0
2014-02-16 22:00:00+00:00,110.206,110.221,110.198,110.221,69.0
2014-02-17 22:00:00+00:00,110.212,110.242,110.204,110.242,109.0
2014-02-18 22:00:00+00:00,110.242,110.256,110.185,110.193,246.0
2014-02-19 22:00:00+00:00,110.193,110.224,110.168,110.183,267.0
2014-02-20 22:00:00+00:00,110.183,110.205,110.167,110.197,167.0
2014-02-23 22:00:00+00:00,110.19,110.201,110.176,110.184,48.0
2014-02-24 22:00:00+00:00,110.178,110.206,110.176,110.198,70.0
2014-02-25 22:00:00+00:00,110.204,110.227,110.197,110.227,123.0
2014-02-26 22:00:00+00:00,110.219,110.242,110.218,110.226,42.0
2014-02-27 22:00:00+00:00,110.225,110.239,110.201,110.239,634.0
2014-03-02 22:00:00+00:00,110.294,110.304,110.227,110.259,688.0
2014-03-03 22:00:00+00:00,110.249,110.265,110.199,110.203,464.0
2014-03-04 22:00:00+00:00,110.203,110.215,110.184,110.201,287.0
2014-03-05 22:00:00+00:00,110.207,110.207,110.165,110.18,350.0
2014-03-06 22:00:00+00:00,110.178,110.189,110.102,110.112,414.0
2014-03-09 21:00:00+00:00,110.112,110.125,110.089,110.114,275.0
2014-03-10 21:00:00+00:00,110.108,110.12,110.095,110.114,256.0
2014-03-11 21:00:00+00:00,110.112,110.144,110.112,110.118,339.0
2014-03-12 21:00:00+00:00,110.11,110.179,110.076,110.165,460.0
2014-03-13 21:00:00+00:00,110.163,110.215,110.146,110.165,532.0
2014-03-16 21:00:00+00:00,110.154,110.163,110.123,110.132,366.0
2014-03-17 21:00:00+00:00,110.13,110.16,110.128,110.158,123.0
2014-03-18 21:00:00+00:00,110.168,110.168,109.988,110.037,1267.0
2014-03-19 21:00:00+00:00,110.03,110.062,110.003,110.032,2100.0
2014-03-20 21:00:00+00:00,110.025,110.04,109.984,110.023,889.0
2014-03-23 21:00:00+00:00,109.993,109.993,109.928,109.982,939.0
2014-03-24 21:00:00+00:00,109.986,110.019,109.972,110.002,1275.0
2014-03-25 21:00:00+00:00,109.994,110.062,109.992,110.054,1379.0
2014-03-26 21:00:00+00:00,110.061,110.061,109.997,110.027,391.0
2014-03-27 21:00:00+00:00,110.027,110.034,110.001,110.014,871.0
2014-03-30 21:00:00+00:00,110.006,110.085,109.978,110.077,447.0
2014-03-31 21:00:00+00:00,110.069,110.075,110.036,110.051,379.0
2014-04-01 21:00:00+00:00,110.035,110.05,109.993,110.001,418.0
2014-04-02 21:00:00+00:00,110.008,110.022,109.998,109.998,378.0
2014-04-03 21:00:00+00:00,109.988,110.097,109.968,110.096,1060.0
2014-04-06 21:00:00+00:00,110.082,110.134,110.073,110.126,324.0
2014-04-07 21:00:00+00:00,110.126,110.131,110.093,110.131,334.0
2014-04-08 21:00:00+00:00,110.131,110.206,110.096,110.198,470.0
2014-04-09 21:00:00+00:00,110.198,110.242,110.18,110.226,556.0
2014-04-10 21:00:00+00:00,110.226,110.248,110.201,110.215,382.0
2014-04-13 21:00:00+00:00,110.217,110.24,110.175,110.19,248.0
2014-04-14 21:00:00+00:00,110.19,110.197,110.149,110.179,787.0
2014-04-15 21:00:00+00:00,110.179,110.186,110.145,110.168,712.0
2014-04-16 21:00:00+00:00,110.168,110.183,110.095,110.095,215.0
2014-04-20 21:00:00+00:00,110.089,110.121,110.083,110.114,147.0
2014-04-21 21:00:00+00:00,110.114,110.12,110.079,110.095,176.0
2014-04-22 21:00:00+00:00,110.095,110.123,110.094,110.099,219.0
2014-04-23 21:00:00+00:00,110.091,110.112,110.074,110.104,325.0
2014-04-24 21:00:00+00:00,110.104,110.141,110.104,110.117,718.0
2014-04-27 21:00:00+00:00,110.104,110.115,110.084,110.099,244.0
2014-04-28 21:00:00+00:00,110.099,110.099,110.066,110.088,234.0
2014-04-29 21:00:00+00:00,110.096,110.14,110.071,110.132,539.0
2014-04-30 21:00:00+00:00,110.132,110.161,110.122,110.145,337.0
2014-05-01 21:00:00+00:00,110.145,110.15,110.025,110.112,1291.0
2014-05-04 21:00:00+00:00,110.112,110.133,110.088,110.109,690.0
2014-05-05 21:00:00+00:00,110.109,110.109,110.09,110.09,111.0
2014-05-06 21:00:00+00:00,110.09,110.15,110.08,110.141,450.0
2014-05-07 21:00:00+00:00,110.141,110.178,110.124,110.17,210.0
2014-05-08 21:00:00+00:00,110.17,110.191,110.159,110.174,439.0
2014-05-11 21:00:00+00:00,110.168,110.176,110.134,110.141,228.0
2014-05-12 21:00:00+00:00,110.141,110.17,110.132,110.17,167.0
2014-05-13 21:00:00+00:00,110.17,110.23,110.168,110.198,332.0
2014-05-14 21:00:00+00:00,110.198,110.234,110.164,110.226,413.0
2014-05-15 21:00:00+00:00,110.218,110.226,110.2,110.207,746.0
2014-05-18 21:00:00+00:00,110.201,110.245,110.199,110.229,268.0
2014-05-19 21:00:00+00:00,110.229,110.258,110.211,110.234,391.0
2014-05-20 21:00:00+00:00,110.234,110.248,110.207,110.228,766.0
2014-05-21 21:00:00+00:00,110.228,110.23,110.204,110.212,267.0
2014-05-22 21:00:00+00:00,110.212,110.233,110.211,110.224,211.0
2014-05-25 21:00:00+00:00,110.218,110.218,110.201,110.208,8.0
2014-05-26 21:00:00+00:00,110.208,110.23,110.189,110.204,151.0
2014-05-27 21:00:00+00:00,110.204,110.248,110.202,110.232,292.0
2014-05-28 21:00:00+00:00,110.232,110.254,110.213,110.213,204.0
2014-05-29 21:00:00+00:00,110.213,110.234,110.203,110.218,553.0
2014-06-01 21:00:00+00:00,110.211,110.211,110.178,110.193,564.0
2014-06-02 21:00:00+00:00,110.193,110.2,110.166,110.174,385.0
2014-06-03 21:00:00+00:00,110.182,110.203,110.148,110.163,453.0
2014-06-04 21:00:00+00:00,110.163,110.185,110.145,110.178,1060.0
2014-06-05 21:00:00+00:00,110.187,110.22,110.133,110.139,822.0
2014-06-08 21:00:00+00:00,110.135,110.142,110.093,110.099,411.0
2014-06-09 21:00:00+00:00,110.1,110.103,110.066,110.074,728.0
2014-06-10 21:00:00+00:00,110.07,110.103,110.065,110.073,412.0
2014-06-11 21:00:00+00:00,110.071,110.111,110.049,110.064,729.0
2014-06-12 21:00:00+00:00,110.06,110.06,109.999,110.039,1309.0
2014-06-15 21:00:00+00:00,110.022,110.034,109.991,109.996,556.0
2014-06-16 21:00:00+00:00,109.996,110.007,109.957,109.958,638.0
2014-06-17 21:00:00+00:00,109.958,110.046,109.95,110.029,1280.0
2014-06-18 21:00:00+00:00,110.029,110.067,110.015,110.034,975.0
2014-06-19 21:00:00+00:00,110.034,110.081,110.003,110.043,705.0
2014-06-22 21:00:00+00:00,110.032,110.044,110.006,110.006,386.0
2014-06-23 21:00:00+00:00,110.02,110.031,109.99,110.029,510.0
2014-06-24 21:00:00+00:00,110.029,110.081,110.019,110.057,232.0
2014-06-25 21:00:00+00:00,110.057,110.101,110.031,110.093,279.0
2014-06-26 21:00:00+00:00,110.093,110.115,110.083,110.097,227.0
2014-06-29 21:00:00+00:00,110.09,110.114,110.08,110.095,171.0
2014-06-30 21:00:00+00:00,110.095,110.102,110.068,110.076,536.0
2014-07-01 21:00:00+00:00,110.076,110.076,110.01,110.025,149.0
2014-07-02 21:00:00+00:00,110.033,110.033,109.929,109.96,409.0
2014-07-03 21:00:00+00:00,109.96,109.96,109.926,109.926,79.0
2014-07-06 21:00:00+00:00,109.918,109.931,109.893,109.922,135.0
2014-07-07 21:00:00+00:00,109.922,109.966,109.921,109.951,129.0
2014-07-08 21:00:00+00:00,109.951,110.01,109.877,110.01,627.0
2014-07-09 21:00:00+00:00,110.01,110.086,109.992,110.037,362.0
2014-07-10 21:00:00+00:00,110.037,110.074,110.037,110.058,141.0
2014-07-13 21:00:00+00:00,110.051,110.066,110.016,110.016,106.0
2014-07-14 21:00:00+00:00,110.016,110.045,109.966,109.966,1124.0
2014-07-15 21:00:00+00:00,109.966,109.988,109.94,109.947,148.0
2014-07-16 21:00:00+00:00,109.947,110.03,109.947,110.03,612.0
2014-07-17 21:00:00+00:00,110.03,110.037,109.956,109.966,240.0
2014-07-20 21:00:00+00:00,109.957,109.957,109.93,109.938,133.0
2014-07-21 21:00:00+00:00,109.938,109.967,109.912,109.966,880.0
2014-07-22 21:00:00+00:00,109.966,109.987,109.956,109.978,188.0
2014-07-23 21:00:00+00:00,109.978,109.986,109.92,109.937,1004.0
2014-07-24 21:00:00+00:00,109.943,109.943,109.918,109.938,261.0
2014-07-27 21:00:00+00:00,109.933,109.933,109.906,109.912,221.0
2014-07-28 21:00:00+00:00,109.912,109.92,109.896,109.919,271.0
2014-07-29 21:00:00+00:00,109.911,109.918,109.806,109.868,1164.0
2014-07-30 21:00:00+00:00,109.876,109.92,109.843,109.92,683.0
2014-07-31 21:00:00+00:00,109.92,110.05,109.91,110.036,1391.0
2014-08-03 21:00:00+00:00,110.027,110.04,110.018,110.032,135.0
2014-08-04 21:00:00+00:00,110.032,110.038,109.998,110.02,278.0
2014-08-05 21:00:00+00:00,110.02,110.057,110.011,110.027,531.0
2014-08-06 21:00:00+00:00,110.032,110.076,110.015,110.07,775.0
2014-08-07 21:00:00+00:00,110.07,110.114,110.034,110.034,659.0
2014-08-10 21:00:00+00:00,110.034,110.048,110.017,110.04,110.0
2014-08-11 21:00:00+00:00,110.04,110.052,110.021,110.034,547.0
2014-08-12 21:00:00+00:00,110.034,110.072,110.026,110.072,764.0
2014-08-13 21:00:00+00:00,110.072,110.108,110.052,110.052,418.0
2014-08-14 21:00:00+00:00,110.06,110.128,110.034,110.08,2600.0
2014-08-17 21:00:00+00:00,110.074,110.074,110.04,110.063,250.0
2014-08-18 21:00:00+00:00,110.063,110.084,110.044,110.044,258.0
2014-08-19 21:00:00+00:00,110.044,110.044,109.939,109.952,1237.0
2014-08-20 21:00:00+00:00,109.952,109.991,109.945,109.959,329.0
2014-08-21 21:00:00+00:00,109.959,109.98,109.909,109.93,680.0
2014-08-24 21:00:00+00:00,109.916,109.931,109.89,109.89,355.0
2014-08-25 21:00:00+00:00,109.89,109.926,109.89,109.918,225.0
2014-08-26 21:00:00+00:00,109.926,109.947,109.925,109.937,134.0
2014-08-27 21:00:00+00:00,109.944,109.968,109.937,109.966,277.0
2014-08-28 21:00:00+00:00,109.966,110.01,109.948,109.986,376.0
2014-08-31 21:00:00+00:00,109.975,110.0,109.97,109.996,125.0
2014-09-01 21:00:00+00:00,109.996,109.996,109.918,109.92,513.0
2014-09-02 21:00:00+00:00,109.924,109.939,109.885,109.93,1229.0
2014-09-03 21:00:00+00:00,109.934,109.975,109.888,109.896,744.0
2014-09-04 21:00:00+00:00,109.899,109.99,109.862,109.947,1150.0
2014-09-07 21:00:00+00:00,109.942,109.971,109.896,109.896,375.0
2014-09-08 21:00:00+00:00,109.886,109.89,109.825,109.846,454.0
2014-09-09 21:00:00+00:00,109.847,109.849,109.81,109.821,288.0
2014-09-10 21:00:00+00:00,109.824,109.882,109.82,109.833,853.0
2014-09-11 21:00:00+00:00,109.841,109.87,109.824,109.855,870.0
2014-09-14 21:00:00+00:00,109.848,109.887,109.829,109.882,561.0
2014-09-15 21:00:00+00:00,109.878,109.922,109.868,109.892,623.0
2014-09-16 21:00:00+00:00,109.886,109.973,109.81,109.832,1854.0
2014-09-17 21:00:00+00:00,109.826,109.861,109.783,109.847,788.0
2014-09-18 21:00:00+00:00,109.847,109.862,109.808,109.85,1396.0
2014-09-21 21:00:00+00:00,109.842,109.894,109.84,109.878,328.0
2014-09-22 21:00:00+00:00,109.87,109.912,109.868,109.904,372.0
2014-09-23 21:00:00+00:00,109.904,109.91,109.876,109.876,620.0
2014-09-24 21:00:00+00:00,109.876,109.942,109.876,109.942,230.0
2014-09-25 21:00:00+00:00,109.942,109.948,109.852,109.882,570.0
2014-09-28 21:00:00+00:00,109.874,109.902,109.856,109.876,482.0
2014-09-29 21:00:00+00:00,109.876,109.904,109.834,109.896,430.0
2014-09-30 21:00:00+00:00,109.896,110.016,109.878,109.992,1717.0
2014-10-01 21:00:00+00:00,109.984,110.028,109.956,109.98,1072.0
2014-10-02 21:00:00+00:00,109.98,109.98,109.874,109.904,1106.0
2014-10-05 21:00:00+00:00,109.896,109.97,109.886,109.946,317.0
2014-10-06 21:00:00+00:00,109.938,110.036,109.928,110.02,701.0
2014-10-07 21:00:00+00:00,110.034,110.14,109.984,110.116,1523.0
2014-10-08 21:00:00+00:00,110.108,110.186,110.106,110.138,916.0
2014-10-09 21:00:00+00:00,110.142,110.178,110.086,110.178,729.0
2014-10-12 21:00:00+00:00,110.172,110.25,110.172,110.25,498.0
2014-10-13 21:00:00+00:00,110.25,110.294,110.192,110.284,1879.0
2014-10-14 21:00:00+00:00,110.284,110.57,110.258,110.406,12993.0
2014-10-15 21:00:00+00:00,110.388,110.496,110.306,110.33,6397.0
2014-10-16 21:00:00+00:00,110.322,110.374,110.254,110.27,3293.0
2014-10-19 21:00:00+00:00,110.26,110.312,110.244,110.296,1900.0
2014-10-20 21:00:00+00:00,110.296,110.348,110.26,110.274,1665.0
2014-10-21 21:00:00+00:00,110.274,110.304,110.224,110.278,1543.0
2014-10-22 21:00:00+00:00,110.278,110.292,110.196,110.218,3282.0
2014-10-23 21:00:00+00:00,110.218,110.272,110.208,110.238,2944.0
2014-10-26 21:00:00+00:00,110.22,110.264,110.202,110.238,1107.0
2014-10-27 21:00:00+00:00,110.238,110.26,110.204,110.218,620.0
2014-10-28 21:00:00+00:00,110.218,110.226,110.08,110.096,2055.0
2014-10-29 21:00:00+00:00,110.104,110.14,110.062,110.112,1491.0
2014-10-30 21:00:00+00:00,110.112,110.122,110.05,110.064,1404.0
2014-11-02 22:00:00+00:00,110.062,110.068,109.996,110.018,996.0
2014-11-03 22:00:00+00:00,110.018,110.046,110.008,110.02,550.0
2014-11-04 22:00:00+00:00,110.02,110.02,109.97,109.992,887.0
2014-11-05 22:00:00+00:00,109.992,110.006,109.926,109.932,981.0
2014-11-06 22:00:00+00:00,109.932,110.038,109.906,110.03,2572.0
2014-11-09 22:00:00+00:00,110.02,110.058,109.946,109.954,990.0
2014-11-10 22:00:00+00:00,109.954,109.96,109.918,109.926,157.0
2014-11-11 22:00:00+00:00,109.926,109.97,109.916,109.936,762.0
2014-11-12 22:00:00+00:00,109.936,109.986,109.926,109.978,746.0
2014-11-13 22:00:00+00:00,109.978,110.006,109.92,109.99,1112.0
2014-11-16 22:00:00+00:00,109.98,110.026,109.968,109.998,738.0
2014-11-17 22:00:00+00:00,110.006,110.02,109.986,110.002,608.0
2014-11-18 22:00:00+00:00,110.002,110.002,109.936,109.966,947.0
2014-11-19 22:00:00+00:00,109.974,110.026,109.972,110.0,725.0
2014-11-20 22:00:00+00:00,110.0,110.02,109.974,110.02,263.0
2014-11-23 22:00:00+00:00,110.02,110.02,109.976,110.02,250.0
2014-11-24 22:00:00+00:00,110.02,110.064,109.994,110.048,364.0
2014-11-25 22:00:00+00:00,110.048,110.09,110.044,110.066,539.0
2014-11-26 22:00:00+00:00,110.062,110.094,110.062,110.094,361.0
2014-11-27 22:00:00+00:00,110.094,110.128,110.082,110.12,540.0
2014-11-30 22:00:00+00:00,110.12,110.184,110.09,110.098,1035.0
2014-12-01 22:00:00+00:00,110.104,110.108,110.022,110.024,2244.0
2014-12-02 22:00:00+00:00,110.024,110.038,109.978,109.986,2143.0
2014-12-03 22:00:00+00:00,109.986,110.018,109.976,110.012,617.0
2014-12-04 22:00:00+00:00,110.016,110.02,109.802,109.812,1810.0
2014-12-07 22:00:00+00:00,109.792,109.834,109.744,109.82,1111.0
2014-12-08 22:00:00+00:00,109.82,109.9,109.806,109.836,1631.0
2014-12-09 22:00:00+00:00,109.832,109.928,109.804,109.914,1656.0
2014-12-10 22:00:00+00:00,109.922,109.952,109.832,109.85,2477.0
2014-12-11 22:00:00+00:00,109.858,109.992,109.838,109.972,3339.0
2014-12-14 22:00:00+00:00,109.96,109.992,109.848,109.88,3110.0
2014-12-15 22:00:00+00:00,109.878,110.102,109.866,109.916,7418.0
2014-12-16 22:00:00+00:00,109.924,110.022,109.794,109.804,5363.0
2014-12-17 22:00:00+00:00,109.788,109.856,109.736,109.758,1624.0
2014-12-18 22:00:00+00:00,109.758,109.796,109.716,109.746,1287.0
2014-12-21 22:00:00+00:00,109.736,109.76,109.686,109.694,1100.0
2014-12-22 22:00:00+00:00,109.694,109.714,109.61,109.618,1623.0
2014-12-23 22:00:00+00:00,109.626,109.664,109.598,109.63,976.0
2014-12-25 22:00:00+00:00,109.616,109.642,109.59,109.604,409.0
2014-12-28 22:00:00+00:00,109.588,109.678,109.58,109.654,1939.0
2014-12-29 22:00:00+00:00,109.646,109.714,109.646,109.688,1427.0
2014-12-30 22:00:00+00:00,109.696,109.724,109.678,109.716,721.0
2015-01-01 22:00:00+00:00,109.68,109.738,109.622,109.72,1259.0
2015-01-04 22:00:00+00:00,109.712,109.728,109.656,109.716,965.0
2015-01-05 22:00:00+00:00,109.724,109.9,109.716,109.79,3785.0
2015-01-06 22:00:00+00:00,109.798,109.842,109.748,109.824,3421.0
2015-01-07 22:00:00+00:00,109.824,109.852,109.774,109.844,2086.0
2015-01-08 22:00:00+00:00,109.844,109.966,109.794,109.926,3524.0
2015-01-11 22:00:00+00:00,109.924,109.96,109.89,109.95,1198.0
2015-01-12 22:00:00+00:00,109.958,110.012,109.932,109.97,2315.0
2015-01-13 22:00:00+00:00,109.986,110.162,109.976,110.058,3143.0
2015-01-14 22:00:00+00:00,110.066,110.258,109.986,110.25,5202.0
2015-01-15 22:00:00+00:00,110.23,110.258,110.074,110.098,5785.0
2015-01-18 22:00:00+00:00,110.096,110.148,110.088,110.146,882.0
2015-01-19 22:00:00+00:00,110.13,110.138,110.04,110.056,2132.0
2015-01-20 22:00:00+00:00,110.058,110.1,110.014,110.02,4982.0
2015-01-21 22:00:00+00:00,110.028,110.086,109.978,109.992,6219.0
2015-01-22 22:00:00+00:00,110.0,110.106,109.99,110.058,2318.0
2015-01-25 22:00:00+00:00,110.072,110.08,109.974,109.996,1819.0
2015-01-26 22:00:00+00:00,109.996,110.064,109.978,110.0,3073.0
2015-01-27 22:00:00+00:00,110.008,110.106,109.982,110.098,5703.0
2015-01-28 22:00:00+00:00,110.098,110.098,110.022,110.054,1268.0
2015-01-29 22:00:00+00:00,110.054,110.19,110.046,110.188,1912.0
2015-02-01 22:00:00+00:00,110.172,110.188,110.116,110.16,1430.0
2015-02-02 22:00:00+00:00,110.16,110.174,110.054,110.062,2193.0
2015-02-03 22:00:00+00:00,110.054,110.12,109.996,110.105,3145.0
2015-02-04 22:00:00+00:00,110.112,110.128,110.008,110.022,2508.0
2015-02-05 22:00:00+00:00,110.022,110.058,109.743,109.759,3994.0
2015-02-08 22:00:00+00:00,109.742,109.834,109.73,109.73,2749.0
2015-02-09 22:00:00+00:00,109.737,109.759,109.696,109.733,2384.0
2015-02-10 22:00:00+00:00,109.733,109.762,109.689,109.705,2322.0
2015-02-11 22:00:00+00:00,109.712,109.787,109.679,109.786,2770.0
2015-02-12 22:00:00+00:00,109.786,109.799,109.744,109.76,2109.0
2015-02-15 22:00:00+00:00,109.749,109.759,109.707,109.759,393.0
2015-02-16 22:00:00+00:00,109.776,109.783,109.639,109.701,3643.0
2015-02-17 22:00:00+00:00,109.701,109.854,109.651,109.83,5722.0
2015-02-18 22:00:00+00:00,109.83,109.867,109.77,109.776,2412.0
2015-02-19 22:00:00+00:00,109.776,109.853,109.719,109.75,3853.0
2015-02-22 22:00:00+00:00,109.733,109.8,109.708,109.799,740.0
2015-02-23 22:00:00+00:00,109.799,109.92,109.725,109.904,3034.0
2015-02-24 22:00:00+00:00,109.896,109.918,109.853,109.884,1119.0
2015-02-25 22:00:00+00:00,109.884,109.924,109.786,109.801,2321.0
2015-02-26 22:00:00+00:00,109.801,109.859,109.768,109.851,2695.0
2015-03-01 22:00:00+00:00,109.842,109.846,109.744,109.756,3995.0
2015-03-02 22:00:00+00:00,109.756,109.777,109.716,109.724,1133.0
2015-03-03 22:00:00+00:00,109.724,109.766,109.702,109.754,5261.0
2015-03-04 22:00:00+00:00,109.754,109.786,109.724,109.777,2924.0
2015-03-05 22:00:00+00:00,109.785,109.919,109.586,109.605,7004.0
2015-03-08 21:00:00+00:00,109.588,109.681,109.576,109.673,1026.0
2015-03-09 21:00:00+00:00,109.677,109.729,109.649,109.716,1491.0
2015-03-10 21:00:00+00:00,109.716,109.725,109.654,109.703,1406.0
2015-03-11 21:00:00+00:00,109.704,109.794,109.69,109.73,2477.0
2015-03-12 21:00:00+00:00,109.732,109.791,109.417,109.729,1924.0
2015-03-15 21:00:00+00:00,109.724,109.783,109.716,109.725,1306.0
2015-03-16 21:00:00+00:00,109.737,109.764,109.68,109.682,780.0
2015-03-17 21:00:00+00:00,109.684,109.954,109.66,109.89,4722.0
2015-03-18 21:00:00+00:00,109.888,109.944,109.769,109.802,1687.0
2015-03-19 21:00:00+00:00,109.799,109.881,109.782,109.851,1014.0
2015-03-22 21:00:00+00:00,109.851,109.886,109.814,109.861,1908.0
2015-03-23 21:00:00+00:00,109.861,109.904,109.818,109.896,1415.0
2015-03-24 21:00:00+00:00,109.903,109.948,109.86,109.86,1153.0
2015-03-25 21:00:00+00:00,109.868,109.89,109.81,109.848,2043.0
2015-03-26 21:00:00+00:00,109.856,109.931,109.839,109.899,1741.0
2015-03-29 21:00:00+00:00,109.899,109.943,109.88,109.903,1653.0
2015-03-30 21:00:00+00:00,109.91,109.954,109.902,109.945,1243.0
2015-03-31 21:00:00+00:00,109.945,110.005,109.904,109.981,1603.0
2015-04-01 21:00:00+00:00,109.973,110.025,109.954,109.977,1297.0
2015-04-02 21:00:00+00:00,109.977,110.131,109.976,110.107,2788.0
2015-04-05 21:00:00+00:00,110.093,110.097,110.039,110.046,1871.0
2015-04-06 21:00:00+00:00,110.054,110.054,109.98,109.995,971.0
2015-04-07 21:00:00+00:00,110.003,110.015,109.945,109.983,3024.0
2015-04-08 21:00:00+00:00,109.983,109.997,109.932,109.932,1552.0
2015-04-09 21:00:00+00:00,109.946,109.961,109.897,109.92,1759.0
2015-04-12 21:00:00+00:00,109.912,109.963,109.87,109.955,1721.0
2015-04-13 21:00:00+00:00,109.97,110.031,109.921,109.99,1857.0
2015-04-14 21:00:00+00:00,109.998,110.034,109.987,110.017,1531.0
2015-04-15 21:00:00+00:00,110.017,110.076,109.999,110.052,1814.0
2015-04-16 21:00:00+00:00,110.052,110.113,109.994,110.001,2155.0
2015-04-19 21:00:00+00:00,109.993,110.014,109.943,109.966,1848.0
2015-04-20 21:00:00+00:00,109.966,109.972,109.906,109.965,1315.0
2015-04-21 21:00:00+00:00,109.969,109.975,109.895,109.903,2127.0
2015-04-22 21:00:00+00:00,109.903,109.953,109.894,109.938,1890.0
2015-04-23 21:00:00+00:00,109.938,110.004,109.919,110.004,1355.0
2015-04-26 21:00:00+00:00,109.996,109.996,109.946,109.976,994.0
2015-04-27 21:00:00+00:00,109.984,109.991,109.925,109.925,1029.0
2015-04-28 21:00:00+00:00,109.925,109.961,109.843,109.936,2866.0
2015-04-29 21:00:00+00:00,109.936,109.936,109.808,109.897,2743.0
2015-04-30 21:00:00+00:00,109.901,109.901,109.819,109.836,1675.0
2015-05-03 21:00:00+00:00,109.842,109.862,109.792,109.83,1182.0
2015-05-04 21:00:00+00:00,109.83,109.866,109.756,109.771,1442.0
2015-05-05 21:00:00+00:00,109.771,109.792,109.721,109.736,3078.0
2015-05-06 21:00:00+00:00,109.736,109.78,109.686,109.747,3586.0
2015-05-07 21:00:00+00:00,109.739,109.9,109.721,109.876,4545.0
2015-05-10 21:00:00+00:00,109.86,109.883,109.778,109.778,1596.0
2015-05-11 21:00:00+00:00,109.778,109.837,109.721,109.828,2494.0
2015-05-12 21:00:00+00:00,109.828,109.912,109.816,109.871,5660.0
2015-05-13 21:00:00+00:00,109.871,109.954,109.87,109.945,4471.0
2015-05-14 21:00:00+00:00,109.945,109.973,109.911,109.949,4893.0
2015-05-17 21:00:00+00:00,109.941,109.972,109.859,109.867,1993.0
2015-05-18 21:00:00+00:00,109.867,109.912,109.784,109.784,3545.0
2015-05-19 21:00:00+00:00,109.792,109.85,109.791,109.846,2557.0
2015-05-20 21:00:00+00:00,109.852,109.871,109.816,109.862,1630.0
2015-05-21 21:00:00+00:00,109.862,109.876,109.749,109.782,1041.0
2015-05-24 21:00:00+00:00,109.78,109.785,109.754,109.777,187.0
2015-05-25 21:00:00+00:00,109.777,109.784,109.703,109.78,1045.0
2015-05-26 21:00:00+00:00,109.78,109.792,109.731,109.777,1072.0
2015-05-27 21:00:00+00:00,109.777,109.852,109.766,109.828,2456.0
2015-05-28 21:00:00+00:00,109.828,109.887,109.818,109.871,2285.0
2015-05-31 21:00:00+00:00,109.871,109.887,109.75,109.766,1444.0
2015-06-01 21:00:00+00:00,109.781,109.781,109.716,109.746,2148.0
2015-06-02 21:00:00+00:00,109.738,109.746,109.657,109.68,4039.0
2015-06-03 21:00:00+00:00,109.688,109.732,109.647,109.692,4473.0
2015-06-04 21:00:00+00:00,109.7,109.707,109.486,109.594,5126.0
2015-06-07 21:00:00+00:00,109.571,109.654,109.539,109.644,1072.0
2015-06-08 21:00:00+00:00,109.638,109.66,109.556,109.556,2453.0
2015-06-09 21:00:00+00:00,109.556,109.556,109.514,109.544,1854.0
2015-06-10 21:00:00+00:00,109.536,109.564,109.494,109.558,3515.0
2015-06-11 21:00:00+00:00,109.564,109.586,109.514,109.537,3778.0
2015-06-14 21:00:00+00:00,109.537,109.644,109.537,109.588,2302.0
2015-06-15 21:00:00+00:00,109.588,109.648,109.579,109.639,2394.0
2015-06-16 21:00:00+00:00,109.639,109.738,109.471,109.73,4227.0
2015-06-17 21:00:00+00:00,109.714,109.798,109.703,109.765,4795.0
2015-06-18 21:00:00+00:00,109.765,109.841,109.755,109.824,4639.0
2015-06-21 21:00:00+00:00,109.809,109.809,109.727,109.727,2893.0
2015-06-22 21:00:00+00:00,109.727,109.734,109.677,109.707,3822.0
2015-06-23 21:00:00+00:00,109.707,109.767,109.697,109.758,2643.0
2015-06-24 21:00:00+00:00,109.758,109.758,109.693,109.731,3767.0
2015-06-25 21:00:00+00:00,109.747,109.747,109.665,109.673,1504.0
2015-06-28 21:00:00+00:00,109.824,109.924,109.772,109.834,7913.0
2015-06-29 21:00:00+00:00,109.834,109.847,109.753,109.791,5377.0
2015-06-30 21:00:00+00:00,109.783,109.805,109.662,109.67,6164.0
2015-07-01 21:00:00+00:00,109.67,109.816,109.628,109.807,4652.0
2015-07-02 21:00:00+00:00,109.807,109.859,109.79,109.859,1713.0
2015-07-05 21:00:00+00:00,109.984,109.992,109.817,109.88,3704.0
2015-07-06 21:00:00+00:00,109.88,109.977,109.854,109.906,2729.0
2015-07-07 21:00:00+00:00,109.906,110.012,109.906,110.004,4050.0
2015-07-08 21:00:00+00:00,110.004,110.012,109.906,109.914,2314.0
2015-07-09 21:00:00+00:00,109.906,109.906,109.746,109.777,2652.0
2015-07-12 21:00:00+00:00,109.816,109.824,109.682,109.699,2591.0
2015-07-13 21:00:00+00:00,109.703,109.795,109.693,109.786,1843.0
2015-07-14 21:00:00+00:00,109.793,109.829,109.705,109.813,2564.0
2015-07-15 21:00:00+00:00,109.813,109.813,109.709,109.739,2045.0
2015-07-16 21:00:00+00:00,109.731,109.745,109.682,109.712,1504.0
2015-07-19 21:00:00+00:00,109.697,109.704,109.623,109.623,1061.0
2015-07-20 21:00:00+00:00,109.63,109.697,109.612,109.689,865.0
2015-07-21 21:00:00+00:00,109.689,109.696,109.615,109.623,1474.0
2015-07-22 21:00:00+00:00,109.623,109.667,109.597,109.658,1776.0
2015-07-23 21:00:00+00:00,109.658,109.734,109.648,109.694,1714.0
2015-07-26 21:00:00+00:00,109.686,109.77,109.686,109.761,1653.0
2015-07-27 21:00:00+00:00,109.753,109.761,109.704,109.734,1923.0
2015-07-28 21:00:00+00:00,109.726,109.746,109.664,109.691,1802.0
2015-07-29 21:00:00+00:00,109.691,109.691,109.587,109.64,2372.0
2015-07-30 21:00:00+00:00,109.64,109.794,109.591,109.785,1724.0
2015-08-02 21:00:00+00:00,109.77,109.798,109.713,109.758,1439.0
2015-08-03 21:00:00+00:00,109.758,109.766,109.606,109.614,1314.0
2015-08-04 21:00:00+00:00,109.606,109.65,109.533,109.594,2353.0
2015-08-05 21:00:00+00:00,109.594,109.662,109.592,109.63,998.0
2015-08-06 21:00:00+00:00,109.63,109.686,109.549,109.595,1891.0
2015-08-09 21:00:00+00:00,109.587,109.592,109.538,109.583,1759.0
2015-08-10 21:00:00+00:00,109.591,109.729,109.583,109.705,1874.0
2015-08-11 21:00:00+00:00,109.705,109.821,109.697,109.717,2852.0
2015-08-12 21:00:00+00:00,109.725,109.763,109.619,109.627,2250.0
2015-08-13 21:00:00+00:00,109.627,109.657,109.578,109.594,2215.0
2015-08-16 21:00:00+00:00,109.594,109.653,109.582,109.628,1509.0
2015-08-17 21:00:00+00:00,109.628,109.657,109.578,109.601,1648.0
2015-08-18 21:00:00+00:00,109.593,109.738,109.551,109.707,3130.0
2015-08-19 21:00:00+00:00,109.707,109.72,109.664,109.695,1249.0
2015-08-20 21:00:00+00:00,109.703,109.786,109.694,109.769,2164.0
2015-08-23 21:00:00+00:00,109.77,109.939,109.77,109.883,6870.0
2015-08-24 21:00:00+00:00,109.868,109.875,109.739,109.817,4163.0
2015-08-25 21:00:00+00:00,109.809,109.84,109.697,109.735,4696.0
2015-08-26 21:00:00+00:00,109.743,109.781,109.67,109.706,3596.0
2015-08-27 21:00:00+00:00,109.706,109.752,109.607,109.638,2427.0
2015-08-30 21:00:00+00:00,109.601,109.654,109.559,109.567,1594.0
2015-08-31 21:00:00+00:00,109.575,109.651,109.559,109.635,3941.0
2015-09-01 21:00:00+00:00,109.642,109.65,109.586,109.624,3181.0
2015-09-02 21:00:00+00:00,109.624,109.693,109.607,109.653,2065.0
2015-09-03 21:00:00+00:00,109.653,109.761,109.58,109.634,5035.0
2015-09-06 21:00:00+00:00,109.637,109.637,109.58,109.619,405.0
2015-09-07 21:00:00+00:00,109.621,109.641,109.569,109.592,1687.0
2015-09-08 21:00:00+00:00,109.592,109.6,109.527,109.574,3087.0
2015-09-09 21:00:00+00:00,109.574,109.603,109.549,109.579,1946.0
2015-09-10 21:00:00+00:00,109.579,109.647,109.577,109.647,1370.0
2015-09-13 21:00:00+00:00,109.641,109.655,109.592,109.592,573.0
2015-09-14 21:00:00+00:00,109.599,109.622,109.409,109.425,1100.0
2015-09-15 21:00:00+00:00,109.425,109.485,109.384,109.406,1440.0
2015-09-16 21:00:00+00:00,109.406,109.67,109.398,109.662,3488.0
2015-09-17 21:00:00+00:00,109.654,109.715,109.646,109.667,1067.0
2015-09-20 21:00:00+00:00,109.662,109.662,109.597,109.606,852.0
2015-09-21 21:00:00+00:00,109.606,109.719,109.595,109.695,990.0
2015-09-22 21:00:00+00:00,109.695,109.726,109.654,109.687,775.0
2015-09-23 21:00:00+00:00,109.687,109.792,109.676,109.744,1998.0
2015-09-24 21:00:00+00:00,109.682,109.728,109.618,109.702,1866.0
2015-09-27 21:00:00+00:00,109.701,109.75,109.664,109.742,1422.0
2015-09-28 21:00:00+00:00,109.742,109.81,109.708,109.786,1208.0
2015-09-29 21:00:00+00:00,109.786,109.8,109.714,109.791,1680.0
2015-09-30 21:00:00+00:00,109.791,109.799,109.742,109.749,1557.0
2015-10-01 21:00:00+00:00,109.749,109.982,109.716,109.888,3343.0
2015-10-04 21:00:00+00:00,109.874,109.897,109.801,109.833,1694.0
2015-10-05 21:00:00+00:00,109.833,109.862,109.814,109.845,2096.0
2015-10-06 21:00:00+00:00,109.841,109.845,109.765,109.788,1514.0
2015-10-07 21:00:00+00:00,109.796,109.842,109.715,109.77,2930.0
2015-10-08 21:00:00+00:00,109.777,109.793,109.729,109.767,1509.0
2015-10-11 21:00:00+00:00,109.761,109.783,109.736,109.782,216.0
2015-10-12 21:00:00+00:00,109.782,109.819,109.766,109.803,1268.0
2015-10-13 21:00:00+00:00,109.811,109.941,109.809,109.941,2595.0
2015-10-14 21:00:00+00:00,109.941,109.941,109.822,109.829,1936.0
2015-10-15 21:00:00+00:00,109.829,109.851,109.796,109.811,1071.0
2015-10-18 21:00:00+00:00,109.797,109.84,109.782,109.84,1156.0
2015-10-19 21:00:00+00:00,109.84,109.849,109.738,109.753,893.0
2015-10-20 21:00:00+00:00,109.753,109.782,109.728,109.758,1865.0
2015-10-21 21:00:00+00:00,109.758,109.826,109.725,109.794,2538.0
2015-10-22 21:00:00+00:00,109.794,109.794,109.721,109.729,1860.0
2015-10-25 21:00:00+00:00,109.729,109.753,109.706,109.729,1493.0
2015-10-26 21:00:00+00:00,109.729,109.782,109.727,109.759,1720.0
2015-10-27 21:00:00+00:00,109.761,109.765,109.552,109.575,3109.0
2015-10-28 21:00:00+00:00,109.567,109.597,109.518,109.527,3371.0
2015-10-29 21:00:00+00:00,109.527,109.555,109.478,109.522,1860.0
2015-11-01 22:00:00+00:00,109.517,109.517,109.436,109.444,1558.0
2015-11-02 22:00:00+00:00,109.444,109.451,109.387,109.402,1148.0
2015-11-03 22:00:00+00:00,109.41,109.416,109.306,109.321,2556.0
2015-11-04 22:00:00+00:00,109.321,109.351,109.272,109.334,1675.0
2015-11-05 22:00:00+00:00,109.334,109.356,109.074,109.214,4480.0
2015-11-08 22:00:00+00:00,109.201,109.23,109.152,109.214,2130.0
2015-11-09 22:00:00+00:00,109.214,109.283,109.213,109.234,1273.0
2015-11-10 22:00:00+00:00,109.234,109.28,109.185,109.216,264.0
2015-11-11 22:00:00+00:00,109.216,109.245,109.199,109.221,1517.0
2015-11-12 22:00:00+00:00,109.213,109.297,109.204,109.297,1281.0
2015-11-15 22:00:00+00:00,109.322,109.354,109.251,109.273,992.0
2015-11-16 22:00:00+00:00,109.273,109.273,109.193,109.255,1220.0
2015-11-17 22:00:00+00:00,109.255,109.255,109.158,109.197,1271.0
2015-11-18 22:00:00+00:00,109.205,109.22,109.171,109.171,971.0
2015-11-19 22:00:00+00:00,109.171,109.185,109.129,109.137,1145.0
2015-11-22 22:00:00+00:00,109.124,109.145,109.083,109.137,760.0
2015-11-23 22:00:00+00:00,109.137,109.206,109.136,109.158,902.0
2015-11-24 22:00:00+00:00,109.15,109.172,109.116,109.155,1917.0
2015-11-25 22:00:00+00:00,109.147,109.185,109.145,109.145,134.0
2015-11-26 22:00:00+00:00,109.152,109.182,109.138,109.142,904.0
2015-11-29 22:00:00+00:00,109.144,109.152,109.088,109.126,672.0
2015-11-30 22:00:00+00:00,109.122,109.202,109.086,109.162,1645.0
2015-12-01 22:00:00+00:00,109.166,109.166,109.066,109.101,1396.0
2015-12-02 22:00:00+00:00,109.101,109.103,108.977,109.051,2593.0
2015-12-03 22:00:00+00:00,109.05,109.14,108.992,109.056,3814.0
2015-12-06 22:00:00+00:00,109.047,109.092,109.014,109.064,4229.0
2015-12-07 22:00:00+00:00,109.06,109.076,109.026,109.07,1724.0
2015-12-08 22:00:00+00:00,109.071,109.126,109.036,109.106,2811.0
2015-12-09 22:00:00+00:00,109.1,109.109,109.052,109.062,9804.0
2015-12-10 22:00:00+00:00,109.064,109.21,109.044,109.21,1658.0
2015-12-13 22:00:00+00:00,109.181,109.216,109.046,109.072,1898.0
2015-12-14 22:00:00+00:00,109.076,109.084,109.004,109.04,1777.0
2015-12-15 22:00:00+00:00,109.037,109.057,108.866,108.938,3521.0
2015-12-16 22:00:00+00:00,108.93,108.991,108.924,108.951,1402.0
2015-12-17 22:00:00+00:00,108.95,109.01,108.935,108.995,1718.0
2015-12-20 22:00:00+00:00,108.998,109.0,108.789,108.98,973.0
2015-12-21 22:00:00+00:00,109.312,109.312,108.912,108.92,1394.0
2015-12-22 22:00:00+00:00,108.92,108.926,108.894,108.91,1361.0
2015-12-23 22:00:00+00:00,108.916,108.924,108.892,108.9,369.0
2015-12-27 22:00:00+00:00,108.9,108.9,108.86,108.882,1417.0
2015-12-28 22:00:00+00:00,108.882,108.888,108.778,108.79,1146.0
2015-12-29 22:00:00+00:00,108.79,108.816,108.76,108.814,1514.0
2015-12-30 22:00:00+00:00,108.814,108.874,108.806,108.866,1405.0
2016-01-03 22:00:00+00:00,108.844,108.96,108.82,108.872,2427.0
2016-01-04 22:00:00+00:00,108.872,108.91,108.848,108.886,2236.0
2016-01-05 22:00:00+00:00,108.894,108.976,108.878,108.976,3761.0
2016-01-06 22:00:00+00:00,108.968,109.07,108.938,109.038,2911.0
2016-01-07 22:00:00+00:00,109.022,109.082,108.894,109.074,3862.0
2016-01-10 22:00:00+00:00,109.06,109.124,109.012,109.074,2227.0
2016-01-11 22:00:00+00:00,109.074,109.15,109.01,109.11,2331.0
2016-01-12 22:00:00+00:00,109.11,109.164,109.048,109.132,2273.0
2016-01-13 22:00:00+00:00,109.124,109.192,109.092,109.168,3397.0
2016-01-14 22:00:00+00:00,109.176,109.378,109.152,109.276,4939.0
2016-01-17 22:00:00+00:00,109.27,109.31,109.246,109.292,712.0
2016-01-18 22:00:00+00:00,109.292,109.292,109.188,109.226,2327.0
2016-01-19 22:00:00+00:00,109.226,109.388,109.226,109.326,3616.0
2016-01-20 22:00:00+00:00,109.326,109.38,109.286,109.316,3910.0
2016-01-21 22:00:00+00:00,109.308,109.322,109.228,109.25,2928.0
2016-01-24 22:00:00+00:00,109.254,109.284,109.222,109.274,1249.0
2016-01-25 22:00:00+00:00,109.274,109.336,109.264,109.32,2059.0
2016-01-26 22:00:00+00:00,109.32,109.348,109.224,109.34,2651.0
2016-01-27 22:00:00+00:00,109.348,109.394,109.308,109.368,3525.0
2016-01-28 22:00:00+00:00,109.368,109.484,109.352,109.452,2062.0
2016-01-31 22:00:00+00:00,109.448,109.462,109.368,109.398,1842.0
2016-02-01 22:00:00+00:00,109.398,109.528,109.39,109.528,1982.0
2016-02-02 22:00:00+00:00,109.528,109.636,109.456,109.544,3207.0
2016-02-03 22:00:00+00:00,109.546,109.594,109.526,109.594,5802.0
2016-02-04 22:00:00+00:00,109.586,109.62,109.452,109.532,4885.0
2016-02-07 22:00:00+00:00,109.524,109.686,109.492,109.662,2478.0
2016-02-08 22:00:00+00:00,109.662,109.732,109.636,109.652,3818.0
2016-02-09 22:00:00+00:00,109.636,109.668,109.542,109.65,2904.0
2016-02-10 22:00:00+00:00,109.65,109.89,109.65,109.726,5669.0
2016-02-11 22:00:00+00:00,109.726,109.764,109.566,109.566,6846.0
2016-02-14 22:00:00+00:00,109.638,109.638,109.528,109.53,1325.0
2016-02-15 22:00:00+00:00,109.528,109.604,109.504,109.55,4791.0
2016-02-16 22:00:00+00:00,109.556,109.602,109.454,109.492,3730.0
2016-02-17 22:00:00+00:00,109.492,109.584,109.464,109.576,3113.0
2016-02-18 22:00:00+00:00,109.576,109.606,109.448,109.47,3091.0
2016-02-21 22:00:00+00:00,109.458,109.466,109.378,109.44,1743.0
2016-02-22 22:00:00+00:00,109.44,109.486,109.384,109.478,4237.0
2016-02-23 22:00:00+00:00,109.47,109.584,109.452,109.46,3102.0
2016-02-24 22:00:00+00:00,109.46,109.558,109.45,109.512,4701.0
2016-02-25 22:00:00+00:00,109.512,109.512,109.314,109.352,3748.0
2016-02-28 22:00:00+00:00,109.342,109.382,109.288,109.382,2147.0
2016-02-29 22:00:00+00:00,109.382,109.412,109.194,109.212,3612.0
2016-03-01 22:00:00+00:00,109.216,109.248,109.138,109.2,2035.0
2016-03-02 22:00:00+00:00,109.2,109.208,109.146,109.184,2889.0
2016-03-03 22:00:00+00:00,109.184,109.23,109.082,109.122,6225.0
2016-03-06 22:00:00+00:00,109.122,109.122,109.026,109.026,2178.0
2016-03-07 22:00:00+00:00,109.034,109.142,109.018,109.118,1631.0
2016-03-08 22:00:00+00:00,109.118,109.126,109.04,109.072,1705.0
2016-03-09 22:00:00+00:00,109.072,109.11,108.962,108.976,7202.0
2016-03-10 22:00:00+00:00,108.976,109.0,108.89,108.914,2753.0
2016-03-13 21:00:00+00:00,108.914,108.936,108.896,108.912,2514.0
2016-03-14 21:00:00+00:00,108.912,108.95,108.864,108.88,3659.0
2016-03-15 21:00:00+00:00,108.88,109.122,108.802,109.114,7095.0
2016-03-16 21:00:00+00:00,109.106,109.23,109.058,109.098,3184.0
2016-03-17 21:00:00+00:00,109.09,109.176,109.09,109.168,3960.0
2016-03-20 21:00:00+00:00,109.168,109.182,109.08,109.08,1660.0
2016-03-21 21:00:00+00:00,109.08,109.158,109.048,109.056,2372.0
2016-03-22 21:00:00+00:00,109.056,109.148,109.04,109.134,1932.0
2016-03-23 21:00:00+00:00,109.134,109.148,109.094,109.118,1640.0
2016-03-27 21:00:00+00:00,109.116,109.146,109.076,109.124,1107.0
2016-03-28 21:00:00+00:00,109.124,109.348,109.114,109.332,3429.0
2016-03-29 21:00:00+00:00,109.34,109.398,109.302,109.388,1334.0
2016-03-30 21:00:00+00:00,109.394,109.456,109.356,109.456,1295.0
2016-03-31 21:00:00+00:00,109.456,109.464,109.332,109.41,2895.0
2016-04-03 21:00:00+00:00,109.41,109.424,109.346,109.4,1539.0
2016-04-04 21:00:00+00:00,109.4,109.462,109.4,109.446,2324.0
2016-04-05 21:00:00+00:00,109.438,109.438,109.352,109.414,1733.0
2016-04-06 21:00:00+00:00,109.406,109.492,109.39,109.484,2406.0
2016-04-07 21:00:00+00:00,109.484,109.484,109.42,109.46,1434.0
2016-04-10 21:00:00+00:00,109.46,109.482,109.42,109.458,1470.0
2016-04-11 21:00:00+00:00,109.442,109.458,109.38,109.382,1158.0
2016-04-12 21:00:00+00:00,109.382,109.41,109.332,109.37,2167.0
2016-04-13 21:00:00+00:00,109.362,109.378,109.308,109.338,2318.0
2016-04-14 21:00:00+00:00,109.338,109.424,109.332,109.4,1640.0
2016-04-17 21:00:00+00:00,109.43,109.446,109.36,109.384,3062.0
2016-04-18 21:00:00+00:00,109.384,109.384,109.32,109.352,1638.0
2016-04-19 21:00:00+00:00,109.352,109.39,109.25,109.266,2130.0
2016-04-20 21:00:00+00:00,109.266,109.28,109.218,109.248,2179.0
2016-04-21 21:00:00+00:00,109.248,109.28,109.21,109.24,1113.0
2016-04-24 21:00:00+00:00,109.24,109.278,109.208,109.208,1280.0
2016-04-25 21:00:00+00:00,109.208,109.238,109.16,109.174,1869.0
2016-04-26 21:00:00+00:00,109.174,109.254,109.136,109.246,2977.0
2016-04-27 21:00:00+00:00,109.254,109.338,109.236,109.322,3406.0
2016-04-28 21:00:00+00:00,109.322,109.362,109.276,109.322,1930.0
2016-05-01 21:00:00+00:00,109.322,109.368,109.282,109.304,3110.0
2016-05-02 21:00:00+00:00,109.304,109.414,109.304,109.382,2172.0
2016-05-03 21:00:00+00:00,109.382,109.42,109.35,109.412,2496.0
2016-05-04 21:00:00+00:00,109.412,109.46,109.366,109.454,1642.0
2016-05-05 21:00:00+00:00,109.444,109.544,109.404,109.428,4709.0
2016-05-08 21:00:00+00:00,109.418,109.48,109.41,109.472,1553.0
2016-05-09 21:00:00+00:00,109.472,109.48,109.426,109.432,2644.0
2016-05-10 21:00:00+00:00,109.432,109.464,109.408,109.416,2054.0
2016-05-11 21:00:00+00:00,109.416,109.432,109.346,109.354,2234.0
2016-05-12 21:00:00+00:00,109.354,109.392,109.306,109.376,2421.0
2016-05-15 21:00:00+00:00,109.386,109.398,109.288,109.296,1643.0
2016-05-16 21:00:00+00:00,109.288,109.304,109.194,109.202,1646.0
2016-05-17 21:00:00+00:00,109.194,109.194,109.038,109.076,3206.0
2016-05-18 21:00:00+00:00,109.068,109.13,109.03,109.092,2343.0
2016-05-19 21:00:00+00:00,109.092,109.114,109.068,109.106,1127.0
2016-05-22 21:00:00+00:00,109.098,109.12,109.05,109.074,1002.0
2016-05-23 21:00:00+00:00,109.066,109.088,109.01,109.05,1161.0
2016-05-24 21:00:00+00:00,109.05,109.064,109.026,109.048,1104.0
2016-05-25 21:00:00+00:00,109.048,109.15,109.048,109.142,866.0
2016-05-26 21:00:00+00:00,109.142,109.142,109.008,109.02,791.0
2016-05-29 21:00:00+00:00,109.016,109.016,108.968,108.976,463.0
2016-05-30 21:00:00+00:00,108.984,109.132,108.976,109.108,1112.0
2016-05-31 21:00:00+00:00,109.116,109.154,109.052,109.074,1317.0
2016-06-01 21:00:00+00:00,109.074,109.12,109.058,109.096,1111.0
2016-06-02 21:00:00+00:00,109.096,109.394,109.088,109.364,2956.0
2016-06-05 21:00:00+00:00,109.358,109.358,109.256,109.316,855.0
2016-06-06 21:00:00+00:00,109.316,109.372,109.302,109.348,1049.0
2016-06-07 21:00:00+00:00,109.34,109.37,109.316,109.354,972.0
2016-06-08 21:00:00+00:00,109.362,109.408,109.354,109.384,1153.0
2016-06-09 21:00:00+00:00,109.384,109.484,109.384,109.476,1053.0
2016-06-12 21:00:00+00:00,109.496,109.534,109.472,109.51,1595.0
2016-06-13 21:00:00+00:00,109.51,109.588,109.478,109.494,2499.0
2016-06-14 21:00:00+00:00,109.494,109.844,109.446,109.614,4823.0
2016-06-15 21:00:00+00:00,109.618,109.671,109.569,109.584,2392.0
2016-06-16 21:00:00+00:00,109.592,109.599,109.537,109.567,1779.0
2016-06-19 21:00:00+00:00,109.533,109.533,109.461,109.461,1676.0
2016-06-20 21:00:00+00:00,109.461,109.523,109.436,109.444,1927.0
2016-06-21 21:00:00+00:00,109.444,109.505,109.444,109.489,1002.0
2016-06-22 21:00:00+00:00,109.481,109.489,109.386,109.394,2066.0
2016-06-23 21:00:00+00:00,109.359,110.035,109.355,109.752,25216.0
2016-06-26 21:00:00+00:00,109.755,109.874,109.749,109.803,5142.0
2016-06-27 21:00:00+00:00,109.803,109.826,109.723,109.762,2186.0
2016-06-28 21:00:00+00:00,109.762,109.777,109.69,109.69,1794.0
2016-06-29 21:00:00+00:00,109.69,109.822,109.666,109.814,2970.0
2016-06-30 21:00:00+00:00,109.81,109.883,109.766,109.781,4099.0
2016-07-03 21:00:00+00:00,109.788,109.793,109.754,109.786,693.0
2016-07-04 21:00:00+00:00,109.792,109.861,109.776,109.853,1714.0
2016-07-05 21:00:00+00:00,109.853,109.892,109.766,109.789,3251.0
2016-07-06 21:00:00+00:00,109.797,109.812,109.71,109.756,2674.0
2016-07-07 21:00:00+00:00,109.756,109.787,109.622,109.727,4504.0
2016-07-10 21:00:00+00:00,109.728,109.732,109.617,109.627,1073.0
2016-07-11 21:00:00+00:00,109.627,109.641,109.53,109.545,1930.0
2016-07-12 21:00:00+00:00,109.538,109.615,109.537,109.579,1847.0
2016-07-13 21:00:00+00:00,109.575,109.598,109.488,109.527,3312.0
2016-07-14 21:00:00+00:00,109.527,109.557,109.439,109.525,3263.0
2016-07-17 21:00:00+00:00,109.483,109.506,109.444,109.466,1635.0
2016-07-18 21:00:00+00:00,109.474,109.528,109.457,109.488,1945.0
2016-07-19 21:00:00+00:00,109.488,109.496,109.416,109.44,1556.0
2016-07-20 21:00:00+00:00,109.44,109.509,109.407,109.501,2644.0
2016-07-21 21:00:00+00:00,109.501,109.532,109.429,109.444,1703.0
2016-07-24 21:00:00+00:00,109.441,109.441,109.377,109.377,1254.0
2016-07-25 21:00:00+00:00,109.377,109.424,109.353,109.407,1344.0
2016-07-26 21:00:00+00:00,109.415,109.468,109.36,109.468,4206.0
2016-07-27 21:00:00+00:00,109.46,109.498,109.436,109.498,2539.0
2016-07-28 21:00:00+00:00,109.498,109.606,109.419,109.606,3855.0
2016-07-31 21:00:00+00:00,109.611,109.611,109.531,109.539,1324.0
2016-08-01 21:00:00+00:00,109.531,109.561,109.499,109.545,2645.0
2016-08-02 21:00:00+00:00,109.537,109.567,109.513,109.552,2034.0
2016-08-03 21:00:00+00:00,109.552,109.613,109.535,109.605,2022.0
2016-08-04 21:00:00+00:00,109.605,109.613,109.432,109.443,2557.0
2016-08-07 21:00:00+00:00,109.428,109.458,109.404,109.429,1262.0
2016-08-08 21:00:00+00:00,109.429,109.472,109.418,109.468,1103.0
2016-08-09 21:00:00+00:00,109.472,109.533,109.471,109.533,1253.0
2016-08-10 21:00:00+00:00,109.533,109.541,109.391,109.407,1222.0
2016-08-11 21:00:00+00:00,109.391,109.554,109.391,109.491,2230.0
2016-08-14 21:00:00+00:00,109.488,109.519,109.424,109.432,870.0
2016-08-15 21:00:00+00:00,109.44,109.525,109.368,109.384,1641.0
2016-08-16 21:00:00+00:00,109.391,109.46,109.335,109.413,1852.0
2016-08-17 21:00:00+00:00,109.413,109.459,109.404,109.457,1839.0
2016-08-18 21:00:00+00:00,109.459,109.459,109.356,109.371,1305.0
2016-08-21 21:00:00+00:00,109.36,109.398,109.305,109.386,1675.0
2016-08-22 21:00:00+00:00,109.382,109.397,109.342,109.373,1804.0
2016-08-23 21:00:00+00:00,109.373,109.395,109.348,109.354,1618.0
2016-08-24 21:00:00+00:00,109.348,109.363,109.308,109.308,1426.0
2016-08-25 21:00:00+00:00,109.308,109.377,109.189,109.197,2751.0
2016-08-28 21:00:00+00:00,109.194,109.27,109.178,109.27,1843.0
2016-08-29 21:00:00+00:00,109.27,109.293,109.223,109.284,1071.0
2016-08-30 21:00:00+00:00,109.284,109.318,109.252,109.263,657.0
2016-08-31 21:00:00+00:00,109.263,109.321,109.227,109.305,1213.0
2016-09-01 21:00:00+00:00,109.309,109.426,109.257,109.288,2615.0
2016-09-04 21:00:00+00:00,109.288,109.289,109.256,109.256,451.0
2016-09-05 21:00:00+00:00,109.26,109.403,109.256,109.393,1901.0
2016-09-06 21:00:00+00:00,109.396,109.414,109.366,109.376,921.0
2016-09-07 21:00:00+00:00,109.382,109.397,109.283,109.306,1158.0
2016-09-08 21:00:00+00:00,109.302,109.314,109.239,109.285,1697.0
2016-09-11 21:00:00+00:00,109.27,109.321,109.242,109.32,2525.0
2016-09-12 21:00:00+00:00,109.32,109.367,109.218,109.257,3072.0
2016-09-13 21:00:00+00:00,109.249,109.349,109.249,109.333,1776.0
2016-09-14 21:00:00+00:00,109.333,109.427,109.317,109.385,2211.0
2016-09-15 21:00:00+00:00,109.385,109.402,109.276,109.3,1968.0
2016-09-18 21:00:00+00:00,109.305,109.313,109.265,109.265,1310.0
2016-09-19 21:00:00+00:00,109.265,109.303,109.264,109.279,1329.0
2016-09-20 21:00:00+00:00,109.279,109.309,109.137,109.278,4255.0
2016-09-21 21:00:00+00:00,109.278,109.316,109.269,109.284,1277.0
2016-09-22 21:00:00+00:00,109.292,109.346,109.268,109.33,835.0
2016-09-25 21:00:00+00:00,109.335,109.397,109.327,109.381,1036.0
2016-09-26 21:00:00+00:00,109.389,109.435,109.341,109.403,2922.0
2016-09-27 21:00:00+00:00,109.403,109.426,109.371,109.371,1772.0
2016-09-28 21:00:00+00:00,109.371,109.417,109.331,109.401,1837.0
2016-09-29 21:00:00+00:00,109.401,109.439,109.337,109.345,2516.0
2016-10-02 21:00:00+00:00,109.334,109.334,109.263,109.271,1807.0
2016-10-03 21:00:00+00:00,109.271,109.271,109.191,109.215,2068.0
2016-10-04 21:00:00+00:00,109.215,109.237,109.143,109.182,1694.0
2016-10-05 21:00:00+00:00,109.182,109.189,109.126,109.134,1597.0
2016-10-06 21:00:00+00:00,109.134,109.18,109.102,109.156,3066.0
2016-10-09 21:00:00+00:00,109.153,109.153,109.066,109.074,533.0
2016-10-10 21:00:00+00:00,109.074,109.089,109.042,109.071,2519.0
2016-10-11 21:00:00+00:00,109.071,109.087,109.017,109.087,1366.0
2016-10-12 21:00:00+00:00,109.087,109.142,109.086,109.125,1729.0
2016-10-13 21:00:00+00:00,109.117,109.186,109.085,109.139,1835.0
2016-10-16 21:00:00+00:00,109.133,109.191,109.121,109.175,2614.0
2016-10-17 21:00:00+00:00,109.167,109.213,109.143,109.205,2363.0
2016-10-18 21:00:00+00:00,109.213,109.227,109.165,109.219,1220.0
2016-10-19 21:00:00+00:00,109.219,109.219,109.171,109.171,1290.0
2016-10-20 21:00:00+00:00,109.171,109.186,109.155,109.181,1085.0
2016-10-23 21:00:00+00:00,109.183,109.198,109.143,109.143,1077.0
2016-10-24 21:00:00+00:00,109.143,109.165,109.126,109.141,1165.0
2016-10-25 21:00:00+00:00,109.149,109.149,109.101,109.117,2106.0
2016-10-26 21:00:00+00:00,109.117,109.124,109.061,109.076,2195.0
2016-10-27 21:00:00+00:00,109.076,109.145,109.052,109.13,2622.0
2016-10-30 21:00:00+00:00,109.135,109.158,109.126,109.145,1565.0
2016-10-31 21:00:00+00:00,109.141,109.195,109.086,109.172,2124.0
2016-11-01 21:00:00+00:00,109.172,109.249,109.171,109.217,1754.0
2016-11-02 21:00:00+00:00,109.217,109.311,109.208,109.239,2561.0
2016-11-03 21:00:00+00:00,109.239,109.301,109.199,109.293,2017.0
2016-11-06 22:00:00+00:00,109.212,109.242,109.173,109.227,1492.0
2016-11-07 22:00:00+00:00,109.234,109.234,109.124,109.155,1975.0
2016-11-08 22:00:00+00:00,109.147,109.459,109.029,109.075,23537.0
2016-11-09 22:00:00+00:00,109.068,109.153,109.004,109.043,7350.0
2016-11-10 22:00:00+00:00,109.043,109.066,108.987,109.01,2356.0
2016-11-13 22:00:00+00:00,109.0,109.008,108.827,108.858,6159.0
2016-11-14 22:00:00+00:00,108.858,108.928,108.81,108.88,5009.0
2016-11-15 22:00:00+00:00,108.88,108.911,108.809,108.856,4072.0
2016-11-16 22:00:00+00:00,108.856,108.91,108.768,108.768,2176.0
2016-11-17 22:00:00+00:00,108.761,108.822,108.728,108.732,4096.0
2016-11-20 22:00:00+00:00,108.726,108.78,108.709,108.756,4085.0
2016-11-21 22:00:00+00:00,108.748,108.763,108.708,108.731,2998.0
2016-11-22 22:00:00+00:00,108.723,108.746,108.628,108.675,4011.0
2016-11-23 22:00:00+00:00,108.667,108.667,108.612,108.619,702.0
2016-11-24 22:00:00+00:00,108.623,108.673,108.587,108.665,3213.0
2016-11-27 22:00:00+00:00,108.67,108.726,108.662,108.726,2018.0
2016-11-28 22:00:00+00:00,108.722,108.739,108.669,108.739,1869.0
2016-11-29 22:00:00+00:00,108.731,108.739,108.643,108.674,3467.0
2016-11-30 22:00:00+00:00,108.682,108.682,108.57,108.609,3973.0
2016-12-01 22:00:00+00:00,108.609,108.732,108.609,108.732,4502.0
2016-12-04 22:00:00+00:00,108.75,108.782,108.623,108.67,4034.0
2016-12-05 22:00:00+00:00,108.67,108.693,108.66,108.675,1977.0
2016-12-06 22:00:00+00:00,108.675,108.728,108.666,108.728,1348.0
2016-12-07 22:00:00+00:00,108.728,108.728,108.648,108.686,3999.0
2016-12-08 22:00:00+00:00,108.686,108.716,108.645,108.652,3459.0
2016-12-11 22:00:00+00:00,108.64,108.669,108.592,108.645,2606.0
2016-12-12 22:00:00+00:00,108.645,108.669,108.58,108.596,2267.0
2016-12-13 22:00:00+00:00,108.596,108.633,108.359,108.359,5457.0
2016-12-14 22:00:00+00:00,108.366,108.38,108.294,108.341,5969.0
2016-12-15 22:00:00+00:00,108.344,108.425,108.34,108.362,3456.0
2016-12-18 22:00:00+00:00,108.349,108.426,108.349,108.409,2356.0
2016-12-19 22:00:00+00:00,108.409,108.425,108.353,108.415,2275.0
2016-12-20 22:00:00+00:00,108.415,108.444,108.391,108.444,1506.0
2016-12-21 22:00:00+00:00,108.444,108.451,108.387,108.41,2012.0
2016-12-22 22:00:00+00:00,108.402,108.432,108.394,108.408,445.0
2016-12-26 22:00:00+00:00,108.393,108.401,108.367,108.39,783.0
2016-12-27 22:00:00+00:00,108.382,108.451,108.373,108.451,753.0
2016-12-28 22:00:00+00:00,108.451,108.535,108.45,108.534,1447.0
2016-12-29 22:00:00+00:00,108.526,108.556,108.502,108.526,1257.0
2017-01-02 22:00:00+00:00,108.517,108.54,108.414,108.476,2700.0
2017-01-03 22:00:00+00:00,108.476,108.481,108.427,108.481,2131.0
2017-01-04 22:00:00+00:00,108.473,108.604,108.464,108.596,2431.0
2017-01-05 22:00:00+00:00,108.596,108.641,108.469,108.492,2383.0
2017-01-08 22:00:00+00:00,108.479,108.555,108.455,108.555,810.0
2017-01-09 22:00:00+00:00,108.547,108.562,108.507,108.545,1278.0
2017-01-10 22:00:00+00:00,108.545,108.613,108.504,108.535,1843.0
2017-01-11 22:00:00+00:00,108.535,108.628,108.535,108.564,1339.0
2017-01-12 22:00:00+00:00,108.556,108.617,108.445,108.515,2835.0
2017-01-15 22:00:00+00:00,108.51,108.564,108.51,108.539,542.0
2017-01-16 22:00:00+00:00,108.538,108.647,108.531,108.607,3114.0
2017-01-17 22:00:00+00:00,108.607,108.607,108.463,108.463,2137.0
2017-01-18 22:00:00+00:00,108.463,108.486,108.407,108.461,2133.0
2017-01-19 22:00:00+00:00,108.461,108.553,108.421,108.521,2370.0
2017-01-22 22:00:00+00:00,108.509,108.64,108.509,108.622,2196.0
2017-01-23 22:00:00+00:00,108.631,108.631,108.512,108.52,1297.0
2017-01-24 22:00:00+00:00,108.527,108.543,108.463,108.488,1445.0
2017-01-25 22:00:00+00:00,108.494,108.531,108.453,108.507,1301.0
2017-01-26 22:00:00+00:00,108.499,108.537,108.475,108.52,1760.0
2017-01-29 22:00:00+00:00,108.523,108.553,108.498,108.515,1835.0
2017-01-30 22:00:00+00:00,108.515,108.574,108.512,108.534,1754.0
2017-01-31 22:00:00+00:00,108.534,108.54,108.423,108.516,1852.0
2017-02-01 22:00:00+00:00,108.516,108.562,108.508,108.53,1628.0
2017-02-02 22:00:00+00:00,108.537,108.606,108.45,108.551,2834.0
2017-02-05 22:00:00+00:00,108.538,108.638,108.538,108.637,1418.0
2017-02-06 22:00:00+00:00,108.637,108.66,108.589,108.604,1704.0
2017-02-07 22:00:00+00:00,108.596,108.665,108.594,108.656,1609.0
2017-02-08 22:00:00+00:00,108.656,108.656,108.568,108.575,1574.0
2017-02-09 22:00:00+00:00,108.575,108.581,108.542,108.55,1369.0
2017-02-12 22:00:00+00:00,108.532,108.536,108.504,108.518,657.0
2017-02-13 22:00:00+00:00,108.518,108.53,108.416,108.446,1316.0
2017-02-14 22:00:00+00:00,108.454,108.46,108.382,108.404,1705.0
2017-02-15 22:00:00+00:00,108.4,108.496,108.396,108.488,1139.0
2017-02-16 22:00:00+00:00,108.48,108.564,108.472,108.552,1145.0
2017-02-19 22:00:00+00:00,108.544,108.544,108.519,108.534,442.0
2017-02-20 22:00:00+00:00,108.534,108.538,108.485,108.522,945.0
2017-02-21 22:00:00+00:00,108.522,108.591,108.473,108.543,1274.0
2017-02-22 22:00:00+00:00,108.543,108.618,108.526,108.618,1001.0
2017-02-23 22:00:00+00:00,108.618,108.71,108.601,108.709,501.0
2017-02-26 22:00:00+00:00,108.707,108.719,108.583,108.614,1317.0
2017-02-27 22:00:00+00:00,108.614,108.635,108.446,108.477,2009.0
2017-02-28 22:00:00+00:00,108.477,108.477,108.373,108.42,3402.0
2017-03-01 22:00:00+00:00,108.427,108.434,108.307,108.354,1835.0
2017-03-02 22:00:00+00:00,108.361,108.382,108.304,108.366,2114.0
2017-03-05 22:00:00+00:00,108.344,108.406,108.334,108.349,1046.0
2017-03-06 22:00:00+00:00,108.349,108.365,108.299,108.307,1066.0
2017-03-07 22:00:00+00:00,108.299,108.314,108.203,108.249,2269.0
2017-03-08 22:00:00+00:00,108.241,108.263,108.207,108.207,1812.0
2017-03-09 22:00:00+00:00,108.215,108.292,108.197,108.259,2730.0
2017-03-12 21:00:00+00:00,108.253,108.275,108.203,108.203,806.0
2017-03-13 21:00:00+00:00,108.203,108.224,108.186,108.2,1039.0
2017-03-14 21:00:00+00:00,108.2,108.377,108.166,108.369,3590.0
2017-03-15 21:00:00+00:00,108.377,108.384,108.288,108.288,1089.0
2017-03-16 21:00:00+00:00,108.28,108.364,108.279,108.339,969.0
2017-03-19 21:00:00+00:00,108.333,108.377,108.316,108.377,1024.0
2017-03-20 21:00:00+00:00,108.377,108.453,108.336,108.445,1573.0
2017-03-21 21:00:00+00:00,108.437,108.505,108.428,108.473,1820.0
2017-03-22 21:00:00+00:00,108.473,108.51,108.439,108.47,2903.0
2017-03-23 21:00:00+00:00,108.454,108.506,108.429,108.475,1901.0
2017-03-26 21:00:00+00:00,108.475,108.553,108.475,108.489,1487.0
2017-03-27 21:00:00+00:00,108.489,108.518,108.423,108.431,1787.0
2017-03-28 21:00:00+00:00,108.431,108.499,108.422,108.491,1593.0
2017-03-29 21:00:00+00:00,108.491,108.505,108.448,108.456,1299.0
2017-03-30 21:00:00+00:00,108.464,108.517,108.446,108.508,1227.0
2017-04-02 21:00:00+00:00,108.51,108.569,108.469,108.562,1446.0
2017-04-03 21:00:00+00:00,108.562,108.562,108.512,108.512,1362.0
2017-04-04 21:00:00+00:00,108.512,108.571,108.47,108.548,2444.0
2017-04-05 21:00:00+00:00,108.555,108.563,108.498,108.523,1244.0
2017-04-06 21:00:00+00:00,108.513,108.637,108.432,108.432,3813.0
2017-04-09 21:00:00+00:00,108.426,108.486,108.408,108.462,878.0
2017-04-10 21:00:00+00:00,108.462,108.569,108.462,108.545,1359.0
2017-04-11 21:00:00+00:00,108.545,108.62,108.504,108.62,1433.0
2017-04-12 21:00:00+00:00,108.612,108.627,108.555,108.594,1568.0
2017-04-16 21:00:00+00:00,108.647,108.663,108.589,108.597,2508.0
2017-04-17 21:00:00+00:00,108.597,108.696,108.589,108.68,1993.0
2017-04-18 21:00:00+00:00,108.688,108.696,108.623,108.646,723.0
2017-04-19 21:00:00+00:00,108.653,108.669,108.604,108.635,1435.0
2017-04-20 21:00:00+00:00,108.642,108.679,108.618,108.647,1223.0
2017-04-23 21:00:00+00:00,108.524,108.561,108.445,108.544,2337.0
2017-04-24 21:00:00+00:00,108.536,108.544,108.455,108.463,1626.0
2017-04-25 21:00:00+00:00,108.463,108.507,108.445,108.499,2128.0
2017-04-26 21:00:00+00:00,108.499,108.528,108.479,108.519,1482.0
2017-04-27 21:00:00+00:00,108.523,108.534,108.455,108.501,3091.0
2017-04-30 21:00:00+00:00,108.494,108.502,108.445,108.47,2138.0
2017-05-01 21:00:00+00:00,108.47,108.505,108.443,108.496,750.0
2017-05-02 21:00:00+00:00,108.496,108.496,108.415,108.431,1720.0
2017-05-03 21:00:00+00:00,108.438,108.438,108.358,108.397,1491.0
2017-05-04 21:00:00+00:00,108.388,108.427,108.332,108.393,2075.0
2017-05-07 21:00:00+00:00,108.356,108.393,108.33,108.345,1280.0
2017-05-08 21:00:00+00:00,108.345,108.36,108.295,108.334,1960.0
2017-05-09 21:00:00+00:00,108.326,108.371,108.3,108.3,1081.0
2017-05-10 21:00:00+00:00,108.3,108.336,108.274,108.336,2429.0
2017-05-11 21:00:00+00:00,108.336,108.442,108.335,108.435,1349.0
2017-05-14 21:00:00+00:00,108.428,108.436,108.402,108.41,1689.0
2017-05-15 21:00:00+00:00,108.41,108.439,108.384,108.414,1739.0
2017-05-16 21:00:00+00:00,108.406,108.537,108.406,108.521,2234.0
2017-05-17 21:00:00+00:00,108.521,108.566,108.457,108.471,3081.0
2017-05-18 21:00:00+00:00,108.463,108.483,108.422,108.468,1369.0
2017-05-21 21:00:00+00:00,108.454,108.474,108.428,108.459,794.0
2017-05-22 21:00:00+00:00,108.459,108.482,108.393,108.401,1378.0
2017-05-23 21:00:00+00:00,108.401,108.477,108.375,108.477,1534.0
2017-05-24 21:00:00+00:00,108.477,108.477,108.444,108.444,812.0
2017-05-25 21:00:00+00:00,108.451,108.482,108.434,108.45,526.0
2017-05-28 21:00:00+00:00,108.446,108.452,108.422,108.45,87.0
2017-05-29 21:00:00+00:00,108.45,108.466,108.427,108.465,862.0
2017-05-30 21:00:00+00:00,108.457,108.48,108.433,108.456,1089.0
2017-05-31 21:00:00+00:00,108.456,108.456,108.4,108.423,758.0
2017-06-01 21:00:00+00:00,108.43,108.492,108.414,108.44,894.0
2017-06-04 21:00:00+00:00,108.44,108.448,108.407,108.407,364.0
2017-06-05 21:00:00+00:00,108.415,108.476,108.407,108.436,598.0
2017-06-06 21:00:00+00:00,108.444,108.444,108.388,108.403,662.0
2017-06-07 21:00:00+00:00,108.403,108.403,108.347,108.385,1464.0
2017-06-08 21:00:00+00:00,108.393,108.416,108.314,108.352,809.0
2017-06-11 21:00:00+00:00,108.34,108.34,108.307,108.315,916.0
2017-06-12 21:00:00+00:00,108.307,108.322,108.29,108.305,718.0
2017-06-13 21:00:00+00:00,108.305,108.492,108.297,108.39,2341.0
2017-06-14 21:00:00+00:00,108.39,108.405,108.309,108.309,727.0
2017-06-15 21:00:00+00:00,108.309,108.37,108.285,108.362,962.0
2017-06-18 21:00:00+00:00,108.358,108.373,108.27,108.278,590.0
2017-06-19 21:00:00+00:00,108.278,108.323,108.261,108.315,999.0
2017-06-20 21:00:00+00:00,108.307,108.322,108.283,108.306,546.0
2017-06-21 21:00:00+00:00,108.306,108.343,108.297,108.327,455.0
2017-06-22 21:00:00+00:00,108.327,108.334,108.311,108.333,450.0
2017-06-25 21:00:00+00:00,108.329,108.344,108.305,108.343,816.0
2017-06-26 21:00:00+00:00,108.343,108.343,108.271,108.286,598.0
2017-06-27 21:00:00+00:00,108.286,108.324,108.262,108.308,2361.0
2017-06-28 21:00:00+00:00,108.308,108.315,108.228,108.275,1831.0
2017-06-29 21:00:00+00:00,108.275,108.305,108.226,108.226,1969.0
2017-07-02 21:00:00+00:00,108.222,108.236,108.134,108.155,1045.0
2017-07-03 21:00:00+00:00,108.155,108.203,108.124,108.124,204.0
2017-07-04 21:00:00+00:00,108.124,108.178,108.122,108.153,1136.0
2017-07-05 21:00:00+00:00,108.161,108.169,108.105,108.165,1450.0
2017-07-06 21:00:00+00:00,108.165,108.205,108.135,108.165,1431.0
2017-07-09 21:00:00+00:00,108.161,108.199,108.153,108.183,345.0
2017-07-10 21:00:00+00:00,108.183,108.22,108.159,108.212,343.0
2017-07-11 21:00:00+00:00,108.22,108.313,108.212,108.289,997.0
2017-07-12 21:00:00+00:00,108.289,108.296,108.232,108.248,847.0
2017-07-13 21:00:00+00:00,108.248,108.332,108.232,108.253,1405.0
2017-07-16 21:00:00+00:00,108.257,108.28,108.24,108.263,249.0
2017-07-17 21:00:00+00:00,108.263,108.293,108.247,108.277,763.0
2017-07-18 21:00:00+00:00,108.277,108.284,108.26,108.267,267.0
2017-07-19 21:00:00+00:00,108.267,108.297,108.25,108.273,1390.0
2017-07-20 21:00:00+00:00,108.273,108.311,108.265,108.303,311.0
2017-07-23 21:00:00+00:00,108.299,108.306,108.25,108.265,423.0
2017-07-24 21:00:00+00:00,108.265,108.265,108.193,108.201,621.0
2017-07-25 21:00:00+00:00,108.201,108.301,108.201,108.285,883.0
2017-07-26 21:00:00+00:00,108.285,108.293,108.252,108.267,984.0
2017-07-27 21:00:00+00:00,108.275,108.305,108.251,108.297,1028.0
2017-07-30 21:00:00+00:00,108.293,108.308,108.275,108.275,359.0
2017-07-31 21:00:00+00:00,108.275,108.305,108.258,108.297,925.0
2017-08-01 21:00:00+00:00,108.297,108.297,108.256,108.256,805.0
2017-08-02 21:00:00+00:00,108.256,108.317,108.255,108.301,796.0
2017-08-03 21:00:00+00:00,108.301,108.301,108.245,108.276,488.0
2017-08-06 21:00:00+00:00,108.279,108.279,108.239,108.27,325.0
2017-08-07 21:00:00+00:00,108.27,108.27,108.229,108.26,281.0
2017-08-08 21:00:00+00:00,108.268,108.329,108.268,108.282,668.0
2017-08-09 21:00:00+00:00,108.282,108.319,108.28,108.303,827.0
2017-08-10 21:00:00+00:00,108.303,108.395,108.294,108.379,882.0
2017-08-13 21:00:00+00:00,108.373,108.375,108.311,108.327,721.0
2017-08-14 21:00:00+00:00,108.327,108.327,108.254,108.254,592.0
2017-08-15 21:00:00+00:00,108.254,108.315,108.237,108.291,564.0
2017-08-16 21:00:00+00:00,108.299,108.329,108.275,108.329,713.0
2017-08-17 21:00:00+00:00,108.329,108.366,108.304,108.327,594.0
2017-08-20 21:00:00+00:00,108.315,108.352,108.299,108.337,614.0
2017-08-21 21:00:00+00:00,108.337,108.337,108.296,108.296,217.0
2017-08-22 21:00:00+00:00,108.296,108.341,108.287,108.341,281.0
2017-08-23 21:00:00+00:00,108.333,108.333,108.284,108.284,326.0
2017-08-24 21:00:00+00:00,108.284,108.298,108.259,108.29,614.0
2017-08-27 21:00:00+00:00,108.278,108.307,108.27,108.3,254.0
2017-08-28 21:00:00+00:00,108.319,108.384,108.314,108.357,690.0
2017-08-29 21:00:00+00:00,108.357,108.357,108.301,108.332,452.0
2017-08-30 21:00:00+00:00,108.332,108.347,108.3,108.331,287.0
2017-08-31 21:00:00+00:00,108.331,108.377,108.275,108.282,1236.0
2017-09-03 21:00:00+00:00,108.326,108.334,108.317,108.325,106.0
2017-09-04 21:00:00+00:00,108.325,108.402,108.301,108.386,1344.0
2017-09-05 21:00:00+00:00,108.394,108.41,108.354,108.369,766.0
2017-09-06 21:00:00+00:00,108.369,108.454,108.369,108.446,881.0
2017-09-07 21:00:00+00:00,108.438,108.469,108.406,108.437,837.0
2017-09-10 21:00:00+00:00,108.418,108.418,108.323,108.331,410.0
2017-09-11 21:00:00+00:00,108.331,108.338,108.283,108.298,681.0
2017-09-12 21:00:00+00:00,108.306,108.319,108.25,108.263,450.0
2017-09-13 21:00:00+00:00,108.263,108.273,108.186,108.225,994.0
2017-09-14 21:00:00+00:00,108.232,108.256,108.169,108.169,566.0
2017-09-17 21:00:00+00:00,108.166,108.166,108.125,108.125,264.0
2017-09-18 21:00:00+00:00,108.125,108.163,108.116,108.116,852.0
2017-09-19 21:00:00+00:00,108.116,108.162,108.013,108.028,1107.0
2017-09-20 21:00:00+00:00,108.028,108.051,108.004,108.019,813.0
2017-09-21 21:00:00+00:00,108.019,108.058,108.018,108.041,773.0
2017-09-24 21:00:00+00:00,108.03,108.084,108.015,108.06,1228.0
2017-09-25 21:00:00+00:00,108.06,108.068,108.005,108.028,1127.0
2017-09-26 21:00:00+00:00,108.028,108.028,107.956,107.995,1849.0
2017-09-27 21:00:00+00:00,107.995,108.049,107.947,108.041,810.0
2017-09-28 21:00:00+00:00,108.041,108.041,107.945,107.953,1371.0
2017-10-01 21:00:00+00:00,107.95,107.973,107.91,107.949,887.0
2017-10-02 21:00:00+00:00,107.941,107.979,107.932,107.971,999.0
2017-10-03 21:00:00+00:00,107.971,108.001,107.939,107.954,1804.0
2017-10-04 21:00:00+00:00,107.962,107.962,107.906,107.921,1185.0
2017-10-05 21:00:00+00:00,107.921,107.921,107.85,107.904,3347.0
2017-10-06 21:00:00+00:00,107.904,107.904,107.904,107.904,1.0
2017-10-08 21:00:00+00:00,107.893,107.9,107.877,107.892,251.0
2017-10-09 21:00:00+00:00,107.892,107.915,107.876,107.883,2071.0
2017-10-10 21:00:00+00:00,107.883,107.898,107.866,107.866,1084.0
2017-10-11 21:00:00+00:00,107.866,107.904,107.858,107.872,714.0
2017-10-12 21:00:00+00:00,107.872,107.928,107.832,107.91,1035.0
2017-10-15 21:00:00+00:00,107.899,107.899,107.796,107.812,985.0
2017-10-16 21:00:00+00:00,107.812,107.827,107.779,107.802,708.0
2017-10-17 21:00:00+00:00,107.802,107.802,107.755,107.778,986.0
2017-10-18 21:00:00+00:00,107.778,107.862,107.777,107.854,959.0
2017-10-19 21:00:00+00:00,107.854,107.87,107.759,107.775,826.0
2017-10-20 21:00:00+00:00,107.775,107.775,107.775,107.775,1.0
2017-10-22 21:00:00+00:00,107.772,107.818,107.755,107.802,1261.0
2017-10-23 21:00:00+00:00,107.802,107.809,107.761,107.769,1407.0
2017-10-24 21:00:00+00:00,107.769,107.791,107.729,107.775,1339.0
2017-10-25 21:00:00+00:00,107.775,107.798,107.719,107.727,1260.0
2017-10-26 21:00:00+00:00,107.727,107.796,107.697,107.778,1110.0
2017-10-29 21:00:00+00:00,107.778,107.808,107.769,107.808,742.0
2017-10-30 21:00:00+00:00,107.808,107.815,107.751,107.759,627.0
2017-10-31 21:00:00+00:00,107.755,107.755,107.703,107.719,506.0
2017-11-01 21:00:00+00:00,107.726,107.765,107.718,107.741,906.0
2017-11-02 21:00:00+00:00,107.741,107.781,107.685,107.716,1174.0
2017-11-05 22:00:00+00:00,107.721,107.736,107.697,107.711,1044.0
2017-11-06 22:00:00+00:00,107.711,107.711,107.694,107.694,576.0
2017-11-07 22:00:00+00:00,107.694,107.71,107.662,107.668,441.0
2017-11-08 22:00:00+00:00,107.668,107.707,107.653,107.696,1178.0
2017-11-09 22:00:00+00:00,107.699,107.707,107.651,107.663,782.0
2017-11-12 22:00:00+00:00,107.656,107.671,107.592,107.6,414.0
2017-11-13 22:00:00+00:00,107.6,107.607,107.568,107.599,1761.0
2017-11-14 22:00:00+00:00,107.599,107.653,107.582,107.605,1508.0
2017-11-15 22:00:00+00:00,107.605,107.605,107.549,107.557,678.0
2017-11-16 22:00:00+00:00,107.557,107.572,107.532,107.54,580.0
2017-11-19 22:00:00+00:00,107.537,107.56,107.489,107.489,440.0
2017-11-20 22:00:00+00:00,107.489,107.496,107.433,107.448,555.0
2017-11-21 22:00:00+00:00,107.448,107.548,107.447,107.54,589.0
2017-11-22 22:00:00+00:00,107.54,107.548,107.525,107.525,52.0
2017-11-23 22:00:00+00:00,107.525,107.525,107.492,107.492,265.0
2017-11-26 22:00:00+00:00,107.488,107.51,107.456,107.51,341.0
2017-11-27 22:00:00+00:00,107.51,107.532,107.484,107.508,580.0
2017-11-28 22:00:00+00:00,107.5,107.507,107.444,107.467,482.0
2017-11-29 22:00:00+00:00,107.459,107.467,107.395,107.418,837.0
2017-11-30 22:00:00+00:00,107.418,107.495,107.346,107.424,3234.0
2017-12-03 22:00:00+00:00,107.382,107.389,107.341,107.357,1761.0
2017-12-04 22:00:00+00:00,107.357,107.363,107.3,107.331,919.0
2017-12-05 22:00:00+00:00,107.331,107.393,107.323,107.361,948.0
2017-12-06 22:00:00+00:00,107.361,107.375,107.336,107.359,1017.0
2017-12-07 22:00:00+00:00,107.359,107.397,107.326,107.377,1245.0
2017-12-10 22:00:00+00:00,107.369,107.399,107.313,107.321,761.0
2017-12-11 22:00:00+00:00,107.321,107.321,107.264,107.303,460.0
2017-12-12 22:00:00+00:00,107.303,107.419,107.255,107.411,1529.0
2017-12-13 22:00:00+00:00,107.411,107.419,107.308,107.331,1641.0
2017-12-14 22:00:00+00:00,107.331,107.338,107.259,107.29,1087.0
2017-12-17 22:00:00+00:00,107.279,107.301,107.246,107.3,512.0
2017-12-18 22:00:00+00:00,107.292,107.292,107.221,107.244,923.0
2017-12-19 22:00:00+00:00,107.244,107.259,107.203,107.232,1204.0
2017-12-20 22:00:00+00:00,107.232,107.257,107.198,107.201,552.0
2017-12-21 22:00:00+00:00,107.201,107.216,107.168,107.168,209.0
2017-12-25 22:00:00+00:00,107.163,107.169,107.138,107.161,390.0
2017-12-26 22:00:00+00:00,107.161,107.222,107.153,107.208,420.0
2017-12-27 22:00:00+00:00,107.208,107.217,107.181,107.189,352.0
2017-12-28 22:00:00+00:00,107.189,107.226,107.181,107.207,1910.0
2018-01-01 22:00:00+00:00,107.207,107.207,107.126,107.141,571.0
2018-01-02 22:00:00+00:00,107.133,107.156,107.108,107.116,417.0
2018-01-03 22:00:00+00:00,107.108,107.108,107.028,107.067,391.0
2018-01-04 22:00:00+00:00,107.075,107.113,107.042,107.057,674.0
2018-01-07 22:00:00+00:00,107.046,107.068,107.03,107.052,100.0
2018-01-08 22:00:00+00:00,107.052,107.082,107.035,107.035,254.0
2018-01-09 22:00:00+00:00,107.042,107.057,107.018,107.033,526.0
2018-01-10 22:00:00+00:00,107.033,107.055,107.008,107.023,603.0
2018-01-11 22:00:00+00:00,107.015,107.015,106.928,106.983,1151.0
2018-01-14 22:00:00+00:00,106.971,106.979,106.954,106.954,134.0
2018-01-15 22:00:00+00:00,106.954,106.984,106.921,106.94,508.0
2018-01-16 22:00:00+00:00,106.936,106.952,106.88,106.88,798.0
2018-01-17 22:00:00+00:00,106.88,106.894,106.855,106.886,805.0
2018-01-18 22:00:00+00:00,106.886,106.893,106.845,106.853,714.0
2018-01-21 22:00:00+00:00,106.857,106.857,106.825,106.848,387.0
2018-01-22 22:00:00+00:00,106.848,106.901,106.847,106.893,424.0
2018-01-23 22:00:00+00:00,106.901,106.908,106.845,106.86,785.0
2018-01-24 22:00:00+00:00,106.86,106.875,106.796,106.835,1008.0
2018-01-25 22:00:00+00:00,106.835,106.842,106.747,106.778,791.0
2018-01-28 22:00:00+00:00,106.774,106.781,106.695,106.773,1161.0
2018-01-29 22:00:00+00:00,106.773,106.795,106.733,106.771,1095.0
2018-01-30 22:00:00+00:00,106.771,106.802,106.683,106.715,1959.0
2018-01-31 22:00:00+00:00,106.715,106.727,106.659,106.681,1438.0
2018-02-01 22:00:00+00:00,106.674,106.727,106.633,106.705,1910.0
2018-02-04 22:00:00+00:00,106.7,106.94,106.691,106.925,4289.0
2018-02-05 22:00:00+00:00,106.925,107.096,106.751,106.767,7874.0
2018-02-06 22:00:00+00:00,106.759,106.836,106.695,106.739,2968.0
2018-02-07 22:00:00+00:00,106.739,106.788,106.701,106.779,3717.0
2018-02-08 22:00:00+00:00,106.771,106.965,106.731,106.8,4924.0
2018-02-11 22:00:00+00:00,106.797,106.805,106.726,106.764,1384.0
2018-02-12 22:00:00+00:00,106.764,106.787,106.723,106.747,1343.0
2018-02-13 22:00:00+00:00,106.747,106.777,106.588,106.612,1904.0
2018-02-14 22:00:00+00:00,106.612,106.62,106.529,106.587,2135.0
2018-02-15 22:00:00+00:00,106.587,106.632,106.57,106.608,1869.0
2018-02-18 22:00:00+00:00,106.607,106.613,106.557,106.564,289.0
2018-02-19 22:00:00+00:00,106.564,106.578,106.508,106.562,1061.0
2018-02-20 22:00:00+00:00,106.562,106.584,106.522,106.545,1286.0
2018-02-21 22:00:00+00:00,106.545,106.59,106.536,106.582,912.0
2018-02-22 22:00:00+00:00,106.59,106.643,106.574,106.596,715.0
2018-02-25 22:00:00+00:00,106.585,106.646,106.577,106.614,688.0
2018-02-26 22:00:00+00:00,106.614,106.629,106.499,106.522,957.0
2018-02-27 22:00:00+00:00,106.514,106.53,106.466,106.528,399.0
2018-02-28 22:00:00+00:00,106.535,106.643,106.496,106.604,1467.0
2018-03-01 22:00:00+00:00,106.611,106.665,106.539,106.546,1072.0
2018-03-04 22:00:00+00:00,106.542,106.627,106.524,106.539,1003.0
2018-03-05 22:00:00+00:00,106.539,106.577,106.507,106.514,952.0
2018-03-06 22:00:00+00:00,106.537,106.607,106.504,106.519,1780.0
2018-03-07 22:00:00+00:00,106.519,106.542,106.502,106.517,1328.0
2018-03-08 22:00:00+00:00,106.517,106.523,106.46,106.507,1450.0
2018-03-11 21:00:00+00:00,106.502,106.516,106.477,106.508,520.0
2018-03-12 21:00:00+00:00,106.5,106.561,106.483,106.536,1790.0
2018-03-13 21:00:00+00:00,106.536,106.574,106.48,106.526,1543.0
2018-03-14 21:00:00+00:00,106.526,106.565,106.477,106.487,981.0
2018-03-15 21:00:00+00:00,106.487,106.515,106.467,106.467,830.0
2018-03-18 21:00:00+00:00,106.462,106.507,106.422,106.458,560.0
2018-03-19 21:00:00+00:00,106.458,106.467,106.379,106.379,939.0
2018-03-20 21:00:00+00:00,106.379,106.479,106.346,106.457,2678.0
2018-03-21 21:00:00+00:00,106.457,106.547,106.415,106.492,2285.0
2018-03-22 21:00:00+00:00,106.492,106.546,106.475,106.529,1797.0
2018-03-25 21:00:00+00:00,106.508,106.524,106.444,106.473,1310.0
2018-03-26 21:00:00+00:00,106.467,106.582,106.451,106.567,2070.0
2018-03-27 21:00:00+00:00,106.567,106.62,106.478,106.502,2371.0
2018-03-28 21:00:00+00:00,106.494,106.539,106.485,106.509,920.0
2018-04-01 21:00:00+00:00,106.492,106.6,106.475,106.568,1064.0
2018-04-02 21:00:00+00:00,106.568,106.576,106.48,106.503,1069.0
2018-04-03 21:00:00+00:00,106.511,106.557,106.462,106.469,1060.0
2018-04-04 21:00:00+00:00,106.462,106.469,106.436,106.444,622.0
2018-04-05 21:00:00+00:00,106.451,106.535,106.436,106.535,1571.0
2018-04-08 21:00:00+00:00,106.531,106.531,106.466,106.497,762.0
2018-04-09 21:00:00+00:00,106.489,106.505,106.424,106.448,1107.0
2018-04-10 21:00:00+00:00,106.44,106.509,106.43,106.453,1327.0
2018-04-11 21:00:00+00:00,106.445,106.46,106.357,106.365,603.0
2018-04-12 21:00:00+00:00,106.372,106.404,106.316,106.341,563.0
2018-04-15 21:00:00+00:00,106.326,106.326,106.278,106.316,848.0
2018-04-16 21:00:00+00:00,106.316,106.33,106.283,106.291,979.0
2018-04-17 21:00:00+00:00,106.291,106.298,106.21,106.226,792.0
2018-04-18 21:00:00+00:00,106.233,106.248,106.208,106.229,1615.0
2018-04-19 21:00:00+00:00,106.229,106.246,106.174,106.18,2093.0
2018-04-22 21:00:00+00:00,106.169,106.183,106.137,106.146,1129.0
2018-04-23 21:00:00+00:00,106.143,106.188,106.118,106.173,1312.0
2018-04-24 21:00:00+00:00,106.173,106.18,106.132,106.162,1850.0
2018-04-25 21:00:00+00:00,106.17,106.2,106.152,106.168,772.0
2018-04-26 21:00:00+00:00,106.168,106.198,106.143,106.173,958.0
2018-04-29 21:00:00+00:00,106.164,106.176,106.144,106.151,667.0
2018-04-30 21:00:00+00:00,106.158,106.158,106.117,106.125,400.0
2018-05-01 21:00:00+00:00,106.133,106.154,106.1,106.146,684.0
2018-05-02 21:00:00+00:00,106.154,106.207,106.146,106.175,877.0
2018-05-03 21:00:00+00:00,106.183,106.226,106.134,106.134,802.0
2018-05-06 21:00:00+00:00,106.121,106.144,106.112,106.127,295.0
2018-05-07 21:00:00+00:00,106.127,106.141,106.101,106.109,454.0
2018-05-08 21:00:00+00:00,106.109,106.109,106.059,106.059,375.0
2018-05-09 21:00:00+00:00,106.059,106.136,106.042,106.065,1096.0
2018-05-10 21:00:00+00:00,106.057,106.071,106.048,106.057,650.0
2018-05-13 21:00:00+00:00,106.05,106.073,106.024,106.024,501.0
2018-05-14 21:00:00+00:00,106.024,106.032,105.96,105.975,1114.0
2018-05-15 21:00:00+00:00,105.983,106.006,105.942,105.949,603.0
2018-05-16 21:00:00+00:00,105.957,105.987,105.933,105.978,634.0
2018-05-17 21:00:00+00:00,105.978,106.031,105.962,106.015,752.0
2018-05-20 21:00:00+00:00,105.987,106.002,105.97,105.985,690.0
2018-05-21 21:00:00+00:00,105.977,105.999,105.96,105.998,416.0
2018-05-22 21:00:00+00:00,105.998,106.113,105.99,106.105,1102.0
2018-05-23 21:00:00+00:00,106.113,106.197,106.104,106.142,989.0
2018-05-24 21:00:00+00:00,106.142,106.218,106.118,106.21,807.0
2018-05-27 21:00:00+00:00,106.19,106.282,106.143,106.281,1172.0
2018-05-28 21:00:00+00:00,106.273,106.519,106.225,106.49,6006.0
2018-05-29 21:00:00+00:00,106.521,106.568,106.289,106.289,3563.0
2018-05-30 21:00:00+00:00,106.297,106.32,106.225,106.256,1866.0
2018-05-31 21:00:00+00:00,106.264,106.272,106.114,106.137,2113.0
2018-06-03 21:00:00+00:00,106.134,106.142,106.039,106.039,875.0
2018-06-04 21:00:00+00:00,106.039,106.132,106.039,106.085,1540.0
2018-06-05 21:00:00+00:00,106.092,106.092,106.021,106.036,1316.0
2018-06-06 21:00:00+00:00,106.036,106.184,106.004,106.095,2537.0
2018-06-07 21:00:00+00:00,106.105,106.159,106.05,106.065,2637.0
2018-06-10 21:00:00+00:00,106.067,106.067,106.013,106.027,440.0
2018-06-11 21:00:00+00:00,106.029,106.044,105.981,105.996,1586.0
2018-06-12 21:00:00+00:00,106.004,106.011,105.885,105.938,2341.0
2018-06-13 21:00:00+00:00,105.938,105.97,105.916,105.946,1988.0
2018-06-14 21:00:00+00:00,105.946,106.008,105.946,105.984,2150.0
2018-06-17 21:00:00+00:00,105.981,106.01,105.972,105.984,1258.0
2018-06-18 21:00:00+00:00,105.995,106.104,105.987,106.01,1515.0
2018-06-19 21:00:00+00:00,106.01,106.04,105.961,105.961,1144.0
2018-06-20 21:00:00+00:00,105.961,106.03,105.945,106.007,2462.0
2018-06-21 21:00:00+00:00,106.007,106.021,105.975,106.013,737.0
2018-06-24 21:00:00+00:00,106.002,106.056,106.001,106.032,1372.0
2018-06-25 21:00:00+00:00,106.032,106.062,106.008,106.039,875.0
2018-06-26 21:00:00+00:00,106.039,106.108,106.03,106.107,1617.0
2018-06-27 21:00:00+00:00,106.107,106.123,106.059,106.081,723.0
2018-06-28 21:00:00+00:00,106.081,106.09,106.034,106.042,664.0
2018-07-01 21:00:00+00:00,106.039,106.093,105.991,105.998,664.0
2018-07-02 21:00:00+00:00,105.991,106.044,105.974,106.036,746.0
2018-07-03 21:00:00+00:00,106.036,106.036,106.004,106.009,158.0
2018-07-04 21:00:00+00:00,106.009,106.026,105.963,105.986,1456.0
2018-07-05 21:00:00+00:00,105.994,106.04,105.978,106.016,1264.0
2018-07-08 21:00:00+00:00,106.013,106.013,105.957,105.973,432.0
2018-07-09 21:00:00+00:00,105.973,105.973,105.917,105.948,409.0
2018-07-10 21:00:00+00:00,105.963,105.994,105.915,105.938,1234.0
2018-07-11 21:00:00+00:00,105.938,105.946,105.891,105.923,761.0
2018-07-12 21:00:00+00:00,105.923,105.952,105.913,105.943,781.0
2018-07-15 21:00:00+00:00,105.94,105.94,105.877,105.9,588.0
2018-07-16 21:00:00+00:00,105.9,105.915,105.867,105.867,803.0
2018-07-17 21:00:00+00:00,105.867,105.89,105.859,105.874,278.0
2018-07-18 21:00:00+00:00,105.874,105.935,105.834,105.911,1150.0
2018-07-19 21:00:00+00:00,105.911,105.926,105.888,105.904,1121.0
2018-07-22 21:00:00+00:00,105.907,105.922,105.827,105.835,705.0
2018-07-23 21:00:00+00:00,105.835,105.858,105.81,105.826,751.0
2018-07-24 21:00:00+00:00,105.826,105.841,105.77,105.777,1126.0
2018-07-25 21:00:00+00:00,105.777,105.793,105.753,105.76,1279.0
2018-07-26 21:00:00+00:00,105.76,105.783,105.744,105.775,1070.0
2018-07-29 21:00:00+00:00,105.764,105.786,105.747,105.778,410.0
2018-07-30 21:00:00+00:00,105.778,105.817,105.754,105.769,1195.0
2018-07-31 21:00:00+00:00,105.761,105.784,105.736,105.752,623.0
2018-08-01 21:00:00+00:00,105.752,105.797,105.744,105.782,825.0
2018-08-02 21:00:00+00:00,105.782,105.827,105.766,105.827,825.0
2018-08-05 21:00:00+00:00,105.824,105.831,105.8,105.815,422.0
2018-08-06 21:00:00+00:00,105.815,105.815,105.766,105.774,256.0
2018-08-07 21:00:00+00:00,105.774,105.797,105.765,105.781,535.0
2018-08-08 21:00:00+00:00,105.781,105.826,105.772,105.818,519.0
2018-08-09 21:00:00+00:00,105.818,105.934,105.81,105.911,2191.0
2018-08-12 21:00:00+00:00,105.931,105.947,105.868,105.883,2427.0
2018-08-13 21:00:00+00:00,105.879,105.883,105.834,105.836,533.0
2018-08-14 21:00:00+00:00,105.836,105.935,105.834,105.894,1506.0
2018-08-15 21:00:00+00:00,105.888,105.895,105.847,105.871,869.0
2018-08-16 21:00:00+00:00,105.871,105.909,105.862,105.893,850.0
2018-08-19 21:00:00+00:00,105.876,105.935,105.876,105.935,276.0
2018-08-20 21:00:00+00:00,105.935,105.935,105.887,105.91,238.0
2018-08-21 21:00:00+00:00,105.926,105.934,105.894,105.917,348.0
2018-08-22 21:00:00+00:00,105.915,105.917,105.861,105.861,101.0
2018-08-23 21:00:00+00:00,105.861,105.868,105.828,105.867,231.0
2018-08-26 21:00:00+00:00,105.856,105.864,105.824,105.824,206.0
2018-08-27 21:00:00+00:00,105.824,105.831,105.783,105.783,113.0
2018-08-28 21:00:00+00:00,105.791,105.809,105.738,105.753,159.0
2018-08-29 21:00:00+00:00,105.749,105.815,105.746,105.805,570.0
2018-08-30 21:00:00+00:00,105.799,105.86,105.799,105.852,373.0
2018-09-02 21:00:00+00:00,105.841,105.857,105.832,105.84,234.0
2018-09-03 21:00:00+00:00,105.84,105.855,105.792,105.8,452.0
2018-09-04 21:00:00+00:00,105.807,105.83,105.784,105.808,223.0
2018-09-05 21:00:00+00:00,105.808,105.86,105.805,105.847,734.0
2018-09-06 21:00:00+00:00,105.851,105.851,105.693,105.709,1664.0
2018-09-09 21:00:00+00:00,105.706,105.721,105.681,105.689,255.0
2018-09-10 21:00:00+00:00,105.673,105.689,105.617,105.617,439.0
2018-09-11 21:00:00+00:00,105.617,105.648,105.608,105.616,819.0
2018-09-12 21:00:00+00:00,105.616,105.638,105.576,105.591,844.0
2018-09-13 21:00:00+00:00,105.583,105.606,105.543,105.543,995.0
2018-09-16 21:00:00+00:00,105.54,105.555,105.523,105.554,313.0
2018-09-17 21:00:00+00:00,105.546,105.577,105.49,105.498,549.0
2018-09-18 21:00:00+00:00,105.498,105.512,105.465,105.496,631.0
2018-09-19 21:00:00+00:00,105.504,105.512,105.448,105.487,1133.0
2018-09-20 21:00:00+00:00,105.479,105.509,105.463,105.507,670.0
2018-09-23 21:00:00+00:00,105.507,105.521,105.466,105.489,741.0
2018-09-24 21:00:00+00:00,105.489,105.497,105.464,105.472,450.0
2018-09-25 21:00:00+00:00,105.464,105.51,105.455,105.51,995.0
2018-09-26 21:00:00+00:00,105.51,105.532,105.469,105.477,896.0
2018-09-27 21:00:00+00:00,105.477,105.523,105.476,105.499,684.0
2018-09-30 21:00:00+00:00,105.488,105.495,105.464,105.487,606.0
2018-10-01 21:00:00+00:00,105.487,105.541,105.478,105.509,1146.0
2018-10-02 21:00:00+00:00,105.509,105.524,105.374,105.382,1733.0
2018-10-03 21:00:00+00:00,105.382,105.397,105.327,105.381,3557.0
2018-10-04 21:00:00+00:00,105.388,105.396,105.325,105.356,3780.0
2018-10-07 21:00:00+00:00,105.353,105.391,105.321,105.383,392.0
2018-10-08 21:00:00+00:00,105.375,105.39,105.35,105.358,1335.0
2018-10-09 21:00:00+00:00,105.358,105.45,105.325,105.442,1774.0
2018-10-10 21:00:00+00:00,105.45,105.481,105.387,105.425,6510.0
2018-10-11 21:00:00+00:00,105.417,105.471,105.378,105.416,1894.0
2018-10-14 21:00:00+00:00,105.413,105.451,105.404,105.412,1516.0
2018-10-15 21:00:00+00:00,105.412,105.419,105.38,105.395,832.0
2018-10-16 21:00:00+00:00,105.395,105.417,105.338,105.35,1662.0
2018-10-17 21:00:00+00:00,105.346,105.408,105.314,105.368,2453.0
2018-10-18 21:00:00+00:00,105.368,105.391,105.304,105.32,1985.0
2018-10-21 21:00:00+00:00,105.317,105.34,105.308,105.316,1431.0
2018-10-22 21:00:00+00:00,105.316,105.44,105.316,105.377,2885.0
2018-10-23 21:00:00+00:00,105.377,105.516,105.369,105.492,2487.0
2018-10-24 21:00:00+00:00,105.492,105.508,105.429,105.468,1537.0
2018-10-25 21:00:00+00:00,105.475,105.607,105.471,105.544,4704.0
2018-10-28 21:00:00+00:00,105.549,105.572,105.486,105.524,1621.0
2018-10-29 21:00:00+00:00,105.524,105.532,105.453,105.46,1765.0
2018-10-30 21:00:00+00:00,105.453,105.453,105.397,105.42,828.0
2018-10-31 21:00:00+00:00,105.42,105.466,105.403,105.465,1559.0
2018-11-01 21:00:00+00:00,105.465,105.473,105.323,105.339,3389.0
2018-11-04 22:00:00+00:00,105.344,105.374,105.334,105.334,1143.0
2018-11-05 22:00:00+00:00,105.334,105.357,105.286,105.294,1629.0
2018-11-06 22:00:00+00:00,105.294,105.333,105.23,105.238,2680.0
2018-11-07 22:00:00+00:00,105.238,105.276,105.221,105.228,1264.0
2018-11-08 22:00:00+00:00,105.228,105.313,105.228,105.313,1524.0
2018-11-11 22:00:00+00:00,105.31,105.387,105.302,105.371,319.0
2018-11-12 22:00:00+00:00,105.371,105.386,105.339,105.378,2054.0
2018-11-13 22:00:00+00:00,105.378,105.486,105.353,105.423,3406.0
2018-11-14 22:00:00+00:00,105.423,105.508,105.407,105.445,3618.0
2018-11-15 22:00:00+00:00,105.445,105.561,105.421,105.561,2493.0
2018-11-18 22:00:00+00:00,105.566,105.604,105.51,105.572,1430.0
2018-11-19 22:00:00+00:00,105.58,105.602,105.539,105.547,2380.0
2018-11-20 22:00:00+00:00,105.555,105.555,105.491,105.522,2418.0
2018-11-21 22:00:00+00:00,105.522,105.546,105.506,105.514,176.0
2018-11-22 22:00:00+00:00,105.521,105.559,105.505,105.528,4324.0
2018-11-25 22:00:00+00:00,105.532,105.536,105.477,105.492,530.0
2018-11-26 22:00:00+00:00,105.499,105.522,105.475,105.483,1613.0
2018-11-27 22:00:00+00:00,105.483,105.559,105.466,105.528,2990.0
2018-11-28 22:00:00+00:00,105.528,105.598,105.515,105.523,2315.0
2018-11-29 22:00:00+00:00,105.523,105.569,105.499,105.569,631.0
2018-12-02 22:00:00+00:00,105.499,105.53,105.452,105.506,1084.0
2018-12-03 22:00:00+00:00,105.522,105.584,105.475,105.56,2769.0
2018-12-04 22:00:00+00:00,105.56,105.56,105.56,105.56,7.0
2018-12-05 22:00:00+00:00,105.554,105.794,105.529,105.648,5745.0
2018-12-06 22:00:00+00:00,105.654,105.763,105.607,105.763,3603.0
2018-12-09 22:00:00+00:00,105.77,105.825,105.715,105.739,3581.0
2018-12-10 22:00:00+00:00,105.739,105.77,105.652,105.684,2610.0
2018-12-11 22:00:00+00:00,105.684,105.699,105.629,105.636,2077.0
2018-12-12 22:00:00+00:00,105.636,105.675,105.636,105.652,2271.0
2018-12-13 22:00:00+00:00,105.652,105.753,105.652,105.698,3179.0
2018-12-16 22:00:00+00:00,105.706,105.815,105.682,105.791,1993.0
2018-12-17 22:00:00+00:00,105.799,105.9,105.783,105.893,4947.0
2018-12-18 22:00:00+00:00,105.9,105.947,105.795,105.9,7873.0
2018-12-19 22:00:00+00:00,105.892,105.9,105.806,105.829,5746.0
2018-12-20 22:00:00+00:00,105.822,105.923,105.814,105.907,2710.0
2018-12-23 22:00:00+00:00,105.922,106.071,105.922,106.071,2330.0
2018-12-25 22:00:00+00:00,106.07,106.117,105.945,105.961,3311.0
2018-12-26 22:00:00+00:00,105.968,106.101,105.96,106.054,3937.0
2018-12-27 22:00:00+00:00,106.054,106.14,106.03,106.132,3833.0
2018-12-30 22:00:00+00:00,106.116,106.197,106.092,106.147,2069.0
2019-01-01 22:00:00+00:00,106.138,106.216,106.115,106.209,3369.0
2019-01-02 22:00:00+00:00,106.263,106.427,106.146,106.404,6730.0
2019-01-03 22:00:00+00:00,106.411,106.411,106.138,106.169,7676.0
2019-01-06 22:00:00+00:00,106.16,106.221,106.059,106.059,3025.0
2019-01-07 22:00:00+00:00,106.066,106.082,105.965,105.972,2814.0
2019-01-08 22:00:00+00:00,105.972,106.05,105.949,106.035,4241.0
2019-01-09 22:00:00+00:00,106.035,106.121,105.987,105.987,4280.0
2019-01-10 22:00:00+00:00,105.987,106.089,105.987,106.05,3387.0
2019-01-13 22:00:00+00:00,106.043,106.127,106.043,106.059,2712.0
2019-01-14 22:00:00+00:00,106.06,106.113,106.035,106.052,3299.0
2019-01-15 22:00:00+00:00,106.052,106.066,105.996,106.04,2483.0
2019-01-16 22:00:00+00:00,106.042,106.085,105.96,105.991,17412.0
2019-01-17 22:00:00+00:00,105.991,106.001,105.882,105.891,15103.0
2019-01-20 22:00:00+00:00,105.897,105.939,105.897,105.924,405.0
2019-01-21 22:00:00+00:00,105.928,105.99,105.92,105.947,5301.0
2019-01-22 22:00:00+00:00,105.951,105.982,105.908,105.95,6925.0
2019-01-23 22:00:00+00:00,105.954,106.017,105.943,105.991,6426.0
2019-01-24 22:00:00+00:00,105.993,106.001,105.907,105.907,7846.0
2019-01-27 22:00:00+00:00,105.914,105.957,105.894,105.929,5046.0
2019-01-28 22:00:00+00:00,105.933,105.99,105.933,105.976,5289.0
2019-01-29 22:00:00+00:00,105.974,106.113,105.937,106.089,7933.0
2019-01-30 22:00:00+00:00,106.089,106.206,106.081,106.188,5834.0
2019-01-31 22:00:00+00:00,106.188,106.19,106.049,106.088,12112.0
2019-02-03 22:00:00+00:00,106.088,106.088,106.017,106.019,7224.0
2019-02-04 22:00:00+00:00,106.019,106.068,106.001,106.038,10932.0
2019-02-05 22:00:00+00:00,106.036,106.083,106.028,106.032,8120.0
2019-02-06 22:00:00+00:00,106.032,106.126,106.028,106.114,10541.0
2019-02-07 22:00:00+00:00,106.11,106.176,106.102,106.139,5358.0
2019-02-10 22:00:00+00:00,106.137,106.148,106.074,106.093,7077.0
2019-02-11 22:00:00+00:00,106.097,106.101,106.042,106.054,5273.0
2019-02-12 22:00:00+00:00,106.054,106.058,105.98,105.995,8236.0
2019-02-13 22:00:00+00:00,105.999,106.096,105.983,106.059,10876.0
2019-02-14 22:00:00+00:00,106.061,106.069,106.016,106.026,9460.0
2019-02-17 22:00:00+00:00,106.026,106.029,106.002,106.025,432.0
2019-02-18 22:00:00+00:00,106.029,106.075,106.021,106.072,4652.0
2019-02-19 22:00:00+00:00,106.075,106.087,106.046,106.05,3360.0
2019-02-20 22:00:00+00:00,106.05,106.059,105.985,105.993,3460.0
2019-02-21 22:00:00+00:00,105.997,106.094,105.993,106.059,3087.0
2019-02-24 22:00:00+00:00,106.051,106.054,106.019,106.039,1457.0
2019-02-25 22:00:00+00:00,106.042,106.089,106.039,106.058,2880.0
2019-02-26 22:00:00+00:00,106.054,106.069,105.979,106.015,2158.0
2019-02-27 22:00:00+00:00,106.02,106.065,105.96,105.981,5584.0
2019-02-28 22:00:00+00:00,105.986,105.991,105.903,105.91,5498.0
2019-03-03 22:00:00+00:00,105.896,105.958,105.886,105.954,5735.0
2019-03-04 22:00:00+00:00,105.95,105.958,105.896,105.933,4310.0
2019-03-05 22:00:00+00:00,105.935,106.01,105.932,105.994,5974.0
2019-03-06 22:00:00+00:00,105.993,106.097,105.993,106.087,9650.0
2019-03-07 22:00:00+00:00,106.087,106.167,106.077,106.105,6505.0
2019-03-10 21:00:00+00:00,106.108,106.122,106.075,106.087,3940.0
2019-03-11 21:00:00+00:00,106.087,106.17,106.041,106.148,3700.0
2019-03-12 21:00:00+00:00,106.15,106.166,106.115,106.127,4194.0
2019-03-13 21:00:00+00:00,106.127,106.167,106.106,106.132,2246.0
2019-03-14 21:00:00+00:00,106.132,106.203,106.124,106.175,4579.0
2019-03-17 21:00:00+00:00,106.175,106.196,106.142,106.158,3173.0
2019-03-18 21:00:00+00:00,106.158,106.174,106.111,106.115,4233.0
2019-03-19 21:00:00+00:00,106.119,106.303,106.111,106.272,7233.0
2019-03-20 21:00:00+00:00,106.272,106.315,106.237,106.251,4612.0
2019-03-21 21:00:00+00:00,106.251,106.48,106.249,106.445,10154.0
2019-03-24 21:00:00+00:00,106.43,106.638,106.4,106.591,9728.0
2019-03-25 21:00:00+00:00,106.595,106.595,106.474,106.545,6112.0
2019-03-26 21:00:00+00:00,106.545,106.736,106.537,106.655,12280.0
2019-03-27 21:00:00+00:00,106.661,106.706,106.542,106.566,6657.0
2019-03-28 21:00:00+00:00,106.566,106.577,106.464,106.511,6412.0
2019-03-31 21:00:00+00:00,106.487,106.497,106.369,106.373,6032.0
2019-04-01 21:00:00+00:00,106.384,106.451,106.384,106.432,4662.0
2019-04-02 21:00:00+00:00,106.436,106.451,106.358,106.362,4717.0
2019-04-03 21:00:00+00:00,106.362,106.425,106.351,106.355,4040.0
2019-04-04 21:00:00+00:00,106.359,106.406,106.293,106.346,5240.0
2019-04-07 21:00:00+00:00,106.345,106.384,106.31,106.314,4449.0
2019-04-08 21:00:00+00:00,106.314,106.377,106.307,106.338,3516.0
2019-04-09 21:00:00+00:00,106.34,106.413,106.338,106.392,5312.0
2019-04-10 21:00:00+00:00,106.392,106.392,106.312,106.32,3396.0
2019-04-11 21:00:00+00:00,106.324,106.332,106.225,106.235,5265.0
2019-04-14 21:00:00+00:00,106.232,106.252,106.205,106.229,5502.0
2019-04-15 21:00:00+00:00,106.236,106.248,106.186,106.19,3935.0
2019-04-16 21:00:00+00:00,106.194,106.23,106.163,106.214,5362.0
2019-04-17 21:00:00+00:00,106.218,106.277,106.211,106.248,5771.0
2019-04-21 21:00:00+00:00,106.25,106.267,106.236,106.244,2887.0
2019-04-22 21:00:00+00:00,106.248,106.315,106.233,106.3,5021.0
2019-04-23 21:00:00+00:00,106.3,106.398,106.292,106.378,3868.0
2019-04-24 21:00:00+00:00,106.378,106.398,106.34,106.344,3170.0
2019-04-25 21:00:00+00:00,106.344,106.459,106.332,106.442,5461.0
2019-04-28 21:00:00+00:00,106.439,106.447,106.393,106.428,1817.0
2019-04-29 21:00:00+00:00,106.432,106.483,106.385,106.475,3146.0
2019-04-30 21:00:00+00:00,106.472,106.589,106.367,106.386,4525.0
2019-05-01 21:00:00+00:00,106.382,106.394,106.305,106.309,4592.0
2019-05-02 21:00:00+00:00,106.309,106.372,106.249,106.329,4567.0
2019-05-05 21:00:00+00:00,106.396,106.494,106.37,106.377,2831.0
2019-05-06 21:00:00+00:00,106.377,106.444,106.362,106.417,3638.0
2019-05-07 21:00:00+00:00,106.417,106.488,106.39,106.398,4451.0
2019-05-08 21:00:00+00:00,106.398,106.535,106.398,106.473,5046.0
2019-05-09 21:00:00+00:00,106.473,106.532,106.43,106.46,6186.0
2019-05-12 21:00:00+00:00,106.508,106.643,106.491,106.61,4173.0
2019-05-13 21:00:00+00:00,106.6,106.639,106.566,106.587,2384.0
2019-05-14 21:00:00+00:00,106.587,106.699,106.566,106.65,3835.0
2019-05-15 21:00:00+00:00,106.65,106.68,106.551,106.584,3076.0
2019-05-16 21:00:00+00:00,106.584,106.645,106.54,106.567,3580.0
2019-05-19 21:00:00+00:00,106.567,106.577,106.51,106.518,1908.0
2019-05-20 21:00:00+00:00,106.518,106.53,106.441,106.453,2558.0
2019-05-21 21:00:00+00:00,106.453,106.519,106.451,106.508,2682.0
2019-05-22 21:00:00+00:00,106.512,106.707,106.504,106.651,4408.0
2019-05-23 21:00:00+00:00,106.651,106.657,106.603,106.618,2519.0
2019-05-26 21:00:00+00:00,106.618,106.631,106.585,106.61,196.0
2019-05-27 21:00:00+00:00,106.612,106.703,106.593,106.691,5509.0
2019-05-28 21:00:00+00:00,106.691,106.805,106.687,106.713,9249.0
2019-05-29 21:00:00+00:00,106.715,106.812,106.676,106.8,5415.0
2019-05-30 21:00:00+00:00,106.804,107.095,106.796,107.079,12341.0
2019-06-02 21:00:00+00:00,107.059,107.322,107.059,107.269,9877.0
2019-06-03 21:00:00+00:00,107.275,107.312,107.076,107.166,6028.0
2019-06-04 21:00:00+00:00,107.163,107.406,107.139,107.212,8114.0
2019-06-05 21:00:00+00:00,107.231,107.295,107.123,107.159,4697.0
2019-06-06 21:00:00+00:00,107.159,107.375,107.13,107.205,6525.0
2019-06-09 21:00:00+00:00,107.069,107.172,107.065,107.091,4529.0
2019-06-10 21:00:00+00:00,107.096,107.123,107.026,107.05,3790.0
2019-06-11 21:00:00+00:00,107.05,107.173,107.05,107.146,4696.0
2019-06-12 21:00:00+00:00,107.152,107.281,107.127,107.243,4465.0
2019-06-13 21:00:00+00:00,107.243,107.329,107.15,107.225,5386.0
2019-06-16 21:00:00+00:00,107.225,107.227,107.149,107.166,3920.0
2019-06-17 21:00:00+00:00,107.166,107.304,107.156,107.17,6534.0
2019-06-18 21:00:00+00:00,107.177,107.435,107.088,107.428,8544.0
2019-06-19 21:00:00+00:00,107.428,107.515,107.305,107.352,9667.0
2019-06-20 21:00:00+00:00,107.352,107.402,107.279,107.364,5853.0
2019-06-23 21:00:00+00:00,107.379,107.474,107.352,107.449,4528.0
2019-06-24 21:00:00+00:00,107.453,107.519,107.391,107.455,6951.0
2019-06-25 21:00:00+00:00,107.461,107.461,107.308,107.327,5932.0
2019-06-26 21:00:00+00:00,107.327,107.388,107.25,107.363,4228.0
2019-06-27 21:00:00+00:00,107.365,107.392,107.327,107.346,4417.0
2019-06-30 21:00:00+00:00,107.265,107.357,107.243,107.279,4382.0
2019-07-01 21:00:00+00:00,107.281,107.36,107.275,107.328,3787.0
2019-07-02 21:00:00+00:00,107.328,107.405,107.32,107.336,3339.0
2019-07-03 21:00:00+00:00,107.34,107.372,107.333,107.334,583.0
2019-07-04 21:00:00+00:00,107.334,107.359,107.075,107.122,5518.0
2019-07-07 21:00:00+00:00,107.122,107.186,107.071,107.075,3336.0
2019-07-08 21:00:00+00:00,107.075,107.111,107.01,107.046,3536.0
2019-07-09 21:00:00+00:00,107.046,107.216,107.0,107.2,7370.0
2019-07-10 21:00:00+00:00,107.2,107.264,107.101,107.119,5791.0
2019-07-11 21:00:00+00:00,107.119,107.181,107.087,107.16,4948.0
2019-07-14 21:00:00+00:00,107.169,107.196,107.136,107.192,3249.0
2019-07-15 21:00:00+00:00,107.197,107.205,107.097,107.152,4918.0
2019-07-16 21:00:00+00:00,107.148,107.236,107.13,107.23,3695.0
2019-07-17 21:00:00+00:00,107.232,107.344,107.168,107.328,6678.0
2019-07-18 21:00:00+00:00,107.328,107.36,107.178,107.206,6292.0
2019-07-21 21:00:00+00:00,107.209,107.259,107.172,107.232,2929.0
2019-07-22 21:00:00+00:00,107.23,107.23,107.176,107.184,3100.0
2019-07-23 21:00:00+00:00,107.177,107.256,107.177,107.207,3699.0
2019-07-24 21:00:00+00:00,107.207,107.252,107.098,107.115,7293.0
2019-07-25 21:00:00+00:00,107.115,107.147,107.061,107.132,3924.0
2019-07-28 21:00:00+00:00,107.132,107.174,107.12,107.12,3364.0
2019-07-29 21:00:00+00:00,107.13,107.176,107.112,107.146,6889.0
2019-07-30 21:00:00+00:00,107.15,107.234,106.898,107.089,10499.0
2019-07-31 21:00:00+00:00,107.082,107.454,107.02,107.367,11248.0
2019-08-01 21:00:00+00:00,107.338,107.448,107.3,107.401,13590.0
2019-08-04 21:00:00+00:00,107.393,107.682,107.39,107.671,12033.0
2019-08-05 21:00:00+00:00,107.7,107.765,107.575,107.66,10117.0
2019-08-06 21:00:00+00:00,107.654,107.823,107.609,107.609,13857.0
2019-08-07 21:00:00+00:00,107.604,107.657,107.533,107.584,9280.0
2019-08-08 21:00:00+00:00,107.635,107.672,107.517,107.52,7237.0
2019-08-11 21:00:00+00:00,107.537,107.672,107.535,107.639,4068.0
2019-08-12 21:00:00+00:00,107.637,107.692,107.455,107.467,10212.0
2019-08-13 21:00:00+00:00,107.458,107.668,107.456,107.626,8450.0
2019-08-14 21:00:00+00:00,107.622,107.835,107.607,107.769,14088.0
2019-08-15 21:00:00+00:00,107.769,107.81,107.708,107.796,6057.0
2019-08-18 21:00:00+00:00,107.792,107.796,107.673,107.681,4592.0
2019-08-19 21:00:00+00:00,107.685,107.803,107.685,107.757,3092.0
2019-08-20 21:00:00+00:00,107.757,107.757,107.627,107.627,3594.0
2019-08-21 21:00:00+00:00,107.635,107.694,107.551,107.551,4888.0
2019-08-22 21:00:00+00:00,107.551,107.76,107.494,107.704,9113.0
2019-08-25 21:00:00+00:00,107.824,107.871,107.65,107.689,7018.0
2019-08-26 21:00:00+00:00,107.678,107.735,107.648,107.727,4806.0
2019-08-27 21:00:00+00:00,107.727,107.768,107.685,107.737,5495.0
2019-08-28 21:00:00+00:00,107.749,107.791,107.665,107.688,3597.0
2019-08-29 21:00:00+00:00,107.688,107.741,107.639,107.726,5742.0
2019-09-01 21:00:00+00:00,107.782,107.788,107.713,107.751,1018.0
2019-09-02 21:00:00+00:00,107.754,107.888,107.694,107.846,5641.0
2019-09-03 21:00:00+00:00,107.846,107.907,107.804,107.885,4112.0
2019-09-04 21:00:00+00:00,107.885,107.892,107.582,107.684,4974.0
2019-09-05 21:00:00+00:00,107.684,107.725,107.59,107.645,4668.0
2019-09-08 21:00:00+00:00,107.674,107.678,107.546,107.55,2102.0
2019-09-09 21:00:00+00:00,107.554,107.571,107.35,107.37,2771.0
2019-09-10 21:00:00+00:00,107.37,107.424,107.355,107.38,2236.0
2019-09-11 21:00:00+00:00,107.394,107.475,107.27,107.287,7724.0
2019-09-12 21:00:00+00:00,107.279,107.301,107.101,107.111,4290.0
2019-09-15 21:00:00+00:00,107.204,107.241,107.155,107.224,4439.0
2019-09-16 21:00:00+00:00,107.216,107.31,107.212,107.3,4324.0
2019-09-17 21:00:00+00:00,107.303,107.436,107.219,107.262,6762.0
2019-09-18 21:00:00+00:00,107.262,107.358,107.24,107.31,4619.0
2019-09-19 21:00:00+00:00,107.31,107.408,107.286,107.4,3797.0
2019-09-22 21:00:00+00:00,107.364,107.501,107.336,107.4,3044.0
2019-09-23 21:00:00+00:00,107.408,107.594,107.392,107.557,5042.0
2019-09-24 21:00:00+00:00,107.565,107.567,107.409,107.421,5066.0
2019-09-25 21:00:00+00:00,107.427,107.507,107.403,107.447,4353.0
2019-09-26 21:00:00+00:00,107.455,107.516,107.404,107.483,4558.0
2019-09-29 21:00:00+00:00,107.471,107.516,107.433,107.509,3777.0
2019-09-30 21:00:00+00:00,107.509,107.678,107.385,107.65,6821.0
2019-10-01 21:00:00+00:00,107.65,107.792,107.613,107.759,6018.0
2019-10-02 21:00:00+00:00,107.755,107.975,107.751,107.937,8957.0
2019-10-03 21:00:00+00:00,107.937,108.009,107.857,107.895,8309.0
2019-10-06 21:00:00+00:00,107.955,107.965,107.778,107.792,3920.0
2019-10-07 21:00:00+00:00,107.796,107.919,107.726,107.876,8034.0
2019-10-08 21:00:00+00:00,107.865,107.904,107.766,107.78,5841.0
2019-10-09 21:00:00+00:00,107.78,107.887,107.62,107.629,9005.0
2019-10-10 21:00:00+00:00,107.629,107.672,107.434,107.516,15210.0
2019-10-13 21:00:00+00:00,107.519,107.634,107.502,107.534,2169.0
2019-10-14 21:00:00+00:00,107.532,107.625,107.458,107.472,5650.0
2019-10-15 21:00:00+00:00,107.472,107.584,107.472,107.55,7563.0
2019-10-16 21:00:00+00:00,107.55,107.593,107.447,107.524,7105.0
2019-10-17 21:00:00+00:00,107.524,107.622,107.504,107.585,4514.0
2019-10-20 21:00:00+00:00,107.585,107.614,107.501,107.504,3262.0
2019-10-21 21:00:00+00:00,107.504,107.577,107.494,107.567,4089.0
2019-10-22 21:00:00+00:00,107.586,107.619,107.538,107.546,2636.0
2019-10-23 21:00:00+00:00,107.546,107.602,107.514,107.556,3830.0
2019-10-24 21:00:00+00:00,107.556,107.577,107.43,107.469,2999.0
2019-10-27 21:00:00+00:00,107.469,107.475,107.387,107.434,2988.0
2019-10-28 21:00:00+00:00,107.427,107.467,107.398,107.419,2914.0
2019-10-29 21:00:00+00:00,107.419,107.514,107.361,107.508,5411.0
2019-10-30 21:00:00+00:00,107.502,107.661,107.444,107.641,5365.0
2019-10-31 21:00:00+00:00,107.63,107.651,107.522,107.578,5948.0
2019-11-03 22:00:00+00:00,107.564,107.565,107.487,107.515,2553.0
2019-11-04 22:00:00+00:00,107.515,107.523,107.392,107.444,4390.0
2019-11-05 22:00:00+00:00,107.444,107.51,107.438,107.468,3628.0
2019-11-06 22:00:00+00:00,107.468,107.498,107.281,107.361,5953.0
2019-11-07 22:00:00+00:00,107.356,107.42,107.305,107.346,4492.0
2019-11-10 22:00:00+00:00,107.352,107.407,107.342,107.364,645.0
2019-11-11 22:00:00+00:00,107.347,107.416,107.324,107.382,5061.0
2019-11-12 22:00:00+00:00,107.379,107.469,107.377,107.432,5822.0
2019-11-13 22:00:00+00:00,107.435,107.561,107.423,107.526,5765.0
2019-11-14 22:00:00+00:00,107.52,107.535,107.47,107.502,3673.0
2019-11-17 22:00:00+00:00,107.509,107.559,107.466,107.529,3565.0
2019-11-18 22:00:00+00:00,107.529,107.553,107.487,107.526,4276.0
2019-11-19 22:00:00+00:00,107.532,107.602,107.528,107.569,8199.0
2019-11-20 22:00:00+00:00,107.597,107.636,107.521,107.525,7687.0
2019-11-21 22:00:00+00:00,107.525,107.562,107.477,107.485,5398.0
2019-11-24 22:00:00+00:00,107.485,107.528,107.453,107.52,3515.0
2019-11-25 22:00:00+00:00,107.524,107.554,107.486,107.531,3915.0
2019-11-26 22:00:00+00:00,107.531,107.543,107.446,107.454,5129.0
2019-11-27 22:00:00+00:00,107.454,107.494,107.449,107.452,921.0
2019-11-28 22:00:00+00:00,107.452,107.513,107.435,107.493,4878.0
2019-12-01 22:00:00+00:00,107.475,107.496,107.414,107.481,8959.0
2019-12-02 22:00:00+00:00,107.481,107.67,107.445,107.62,11255.0
2019-12-03 22:00:00+00:00,107.612,107.652,107.517,107.541,12980.0
2019-12-04 22:00:00+00:00,107.537,107.561,107.48,107.492,9143.0
2019-12-05 22:00:00+00:00,107.492,107.537,107.345,107.448,9805.0
2019-12-08 22:00:00+00:00,107.448,107.485,107.438,107.461,4377.0
2019-12-09 22:00:00+00:00,107.459,107.499,107.383,107.391,9595.0
2019-12-10 22:00:00+00:00,107.395,107.487,107.385,107.464,8690.0
2019-12-11 22:00:00+00:00,107.466,107.533,107.291,107.353,13976.0
2019-12-12 22:00:00+00:00,107.308,107.483,107.279,107.457,16861.0
2019-12-15 22:00:00+00:00,107.452,107.457,107.373,107.407,6153.0
2019-12-16 22:00:00+00:00,107.413,107.43,107.395,107.411,6214.0
2019-12-17 22:00:00+00:00,107.415,107.432,107.366,107.388,6470.0
2019-12-18 22:00:00+00:00,107.388,107.451,107.349,107.4,7550.0
2019-12-19 22:00:00+00:00,107.404,107.416,107.37,107.395,4644.0
2019-12-22 22:00:00+00:00,107.404,107.409,107.359,107.367,3247.0
2019-12-23 22:00:00+00:00,107.371,107.416,107.337,107.416,2022.0
2019-12-25 22:00:00+00:00,107.419,107.431,107.379,107.409,1735.0
2019-12-26 22:00:00+00:00,107.409,107.493,107.405,107.489,1817.0
2019-12-29 22:00:00+00:00,107.494,107.512,107.445,107.508,5124.0
2019-12-30 22:00:00+00:00,107.508,107.535,107.479,107.499,4524.0
2020-01-02 22:00:00+00:00,107.527,107.658,107.523,107.623,9400.0
2020-01-05 22:00:00+00:00,107.661,107.675,107.571,107.603,6747.0
2020-01-06 22:00:00+00:00,107.599,107.631,107.577,107.603,5108.0
2020-01-07 22:00:00+00:00,107.613,107.792,107.515,107.522,14742.0
2020-01-08 22:00:00+00:00,107.522,107.547,107.48,107.532,4639.0
2020-01-09 22:00:00+00:00,107.532,107.58,107.509,107.552,3297.0
2020-01-12 22:00:00+00:00,107.552,107.555,107.509,107.526,2515.0
2020-01-13 22:00:00+00:00,107.526,107.567,107.506,107.555,3640.0
2020-01-14 22:00:00+00:00,107.555,107.596,107.548,107.585,2969.0
2020-01-15 22:00:00+00:00,107.581,107.594,107.544,107.564,2628.0
2020-01-16 22:00:00+00:00,107.556,107.592,107.538,107.57,2387.0
2020-01-19 22:00:00+00:00,107.579,107.588,107.569,107.573,681.0
2020-01-20 22:00:00+00:00,107.573,107.654,107.573,107.638,3482.0
2020-01-21 22:00:00+00:00,107.638,107.663,107.611,107.644,2143.0
2020-01-22 22:00:00+00:00,107.656,107.736,107.648,107.686,3918.0
2020-01-23 22:00:00+00:00,107.678,107.766,107.644,107.731,4262.0
2020-01-26 22:00:00+00:00,107.808,107.87,107.799,107.836,6981.0
2020-01-27 22:00:00+00:00,107.84,107.899,107.772,107.776,4646.0
2020-01-28 22:00:00+00:00,107.783,107.891,107.768,107.879,4365.0
2020-01-29 22:00:00+00:00,107.879,107.975,107.87,107.87,7972.0
2020-01-30 22:00:00+00:00,107.862,108.067,107.859,108.063,4682.0
2020-02-02 22:00:00+00:00,108.084,108.084,107.929,107.981,5736.0
2020-02-03 22:00:00+00:00,107.989,108.004,107.842,107.87,3604.0
2020-02-04 22:00:00+00:00,107.866,107.918,107.77,107.814,9678.0
2020-02-05 22:00:00+00:00,107.814,107.839,107.76,107.808,4976.0
2020-02-06 22:00:00+00:00,107.809,107.912,107.789,107.897,6526.0
2020-02-09 22:00:00+00:00,107.917,107.97,107.875,107.915,5808.0
2020-02-10 22:00:00+00:00,107.912,107.924,107.862,107.867,3566.0
2020-02-11 22:00:00+00:00,107.859,107.867,107.817,107.823,2496.0
2020-02-12 22:00:00+00:00,107.831,107.925,107.821,107.825,5170.0
2020-02-13 22:00:00+00:00,107.825,107.889,107.822,107.851,2935.0
2020-02-16 22:00:00+00:00,107.852,107.861,107.833,107.849,538.0
2020-02-17 22:00:00+00:00,107.862,107.93,107.858,107.895,4218.0
2020-02-18 22:00:00+00:00,107.903,107.903,107.846,107.874,3813.0
2020-02-19 22:00:00+00:00,107.878,107.962,107.847,107.935,8023.0
2020-02-20 22:00:00+00:00,107.935,108.074,107.928,108.008,9202.0
2020-02-23 22:00:00+00:00,108.008,108.233,108.008,108.214,9132.0
2020-02-24 22:00:00+00:00,108.214,108.36,108.128,108.263,13350.0
2020-02-25 22:00:00+00:00,108.263,108.42,108.24,108.366,20100.0
2020-02-26 22:00:00+00:00,108.366,108.624,108.346,108.551,30560.0
2020-02-27 22:00:00+00:00,108.547,108.939,108.512,108.816,57649.0
2020-03-01 22:00:00+00:00,108.954,109.195,108.782,108.81,28615.0
2020-03-02 22:00:00+00:00,108.802,109.311,108.783,109.165,34349.0
2020-03-03 22:00:00+00:00,109.157,109.32,109.133,109.146,17455.0
2020-03-04 22:00:00+00:00,109.158,109.416,109.142,109.327,15372.0
2020-03-05 22:00:00+00:00,109.331,109.719,109.316,109.493,45722.0
2020-03-08 21:00:00+00:00,109.681,110.065,109.681,109.863,70884.0
2020-03-09 21:00:00+00:00,109.822,109.949,109.522,109.53,51902.0
2020-03-10 21:00:00+00:00,109.561,109.937,109.558,109.794,39331.0
2020-03-11 21:00:00+00:00,109.809,110.103,109.735,109.968,45971.0
2020-03-12 21:00:00+00:00,109.968,110.035,109.844,109.88,32573.0
2020-03-15 21:00:00+00:00,110.258,110.32,109.848,109.876,26013.0
2020-03-16 21:00:00+00:00,109.87,109.889,109.516,109.566,22563.0
2020-03-17 21:00:00+00:00,109.546,109.791,109.478,109.608,25960.0
2020-03-18 21:00:00+00:00,109.627,109.898,109.608,109.776,28091.0
2020-03-19 21:00:00+00:00,109.78,109.825,109.739,109.823,675.0
2020-03-22 21:00:00+00:00,109.823,110.072,109.823,109.982,15747.0
2020-03-23 21:00:00+00:00,109.981,110.021,109.789,109.837,12852.0
2020-03-24 21:00:00+00:00,109.829,109.936,109.817,109.882,12569.0
2020-03-25 21:00:00+00:00,109.882,109.989,109.874,109.904,12192.0
2020-03-26 21:00:00+00:00,109.914,109.972,109.902,109.957,11217.0
2020-03-29 21:00:00+00:00,109.974,109.999,109.913,109.98,9422.0
2020-03-30 21:00:00+00:00,109.98,110.013,109.927,109.931,6600.0
2020-03-31 21:00:00+00:00,109.947,110.016,109.94,110.008,9794.0
2020-04-01 21:00:00+00:00,110.0,110.028,109.962,109.981,22264.0
2020-04-02 21:00:00+00:00,109.975,110.016,109.938,109.958,6816.0
2020-04-05 21:00:00+00:00,109.963,109.975,109.895,109.907,4034.0
2020-04-06 21:00:00+00:00,109.907,109.907,109.827,109.886,6652.0
2020-04-07 21:00:00+00:00,109.886,109.95,109.848,109.904,9610.0
2020-04-08 21:00:00+00:00,109.91,110.007,109.896,109.965,17229.0
2020-04-12 21:00:00+00:00,109.966,109.999,109.943,109.947,2204.0
2020-04-13 21:00:00+00:00,109.951,110.004,109.928,109.996,4221.0
2020-04-14 21:00:00+00:00,110.008,110.061,109.993,110.049,4222.0
2020-04-15 21:00:00+00:00,110.05,110.071,110.017,110.017,3225.0
2020-04-16 21:00:00+00:00,109.994,110.062,109.978,110.027,4289.0
2020-04-19 21:00:00+00:00,110.044,110.053,110.015,110.023,2084.0
2020-04-20 21:00:00+00:00,110.025,110.071,110.016,110.035,1862.0
2020-04-21 21:00:00+00:00,110.039,110.053,110.007,110.02,1443.0
2020-04-22 21:00:00+00:00,110.024,110.035,109.998,110.006,2763.0
2020-04-23 21:00:00+00:00,110.018,110.032,109.993,110.005,1054.0
2020-04-26 21:00:00+00:00,110.011,110.023,109.98,109.998,2068.0
2020-04-27 21:00:00+00:00,110.004,110.049,109.999,110.02,1178.0
2020-04-28 21:00:00+00:00,110.026,110.064,110.02,110.044,1789.0
2020-04-29 21:00:00+00:00,110.05,110.086,110.038,110.048,2268.0
2020-04-30 21:00:00+00:00,110.062,110.079,110.025,110.049,2717.0
2020-05-03 21:00:00+00:00,110.056,110.083,110.048,110.068,2684.0
2020-05-04 21:00:00+00:00,110.068,110.082,110.046,110.063,2125.0
2020-05-05 21:00:00+00:00,110.063,110.092,110.04,110.077,2601.0
2020-05-06 21:00:00+00:00,110.081,110.188,110.077,110.173,1949.0
2020-05-07 21:00:00+00:00,110.169,110.241,110.117,110.117,4094.0
2020-05-10 21:00:00+00:00,110.137,110.17,110.092,110.104,2675.0
2020-05-11 21:00:00+00:00,110.105,110.134,110.079,110.134,3084.0
2020-05-12 21:00:00+00:00,110.134,110.175,110.12,110.136,5606.0
2020-05-13 21:00:00+00:00,110.14,110.177,110.13,110.17,6761.0
2020-05-14 21:00:00+00:00,110.17,110.195,110.155,110.173,4179.0
2020-05-17 21:00:00+00:00,110.187,110.201,110.105,110.117,2489.0
2020-05-18 21:00:00+00:00,110.117,110.151,110.111,110.151,2397.0
2020-05-19 21:00:00+00:00,110.149,110.18,110.125,110.157,2954.0
2020-05-20 21:00:00+00:00,110.157,110.174,110.155,110.16,1620.0
2020-05-21 21:00:00+00:00,110.16,110.185,110.16,110.166,1662.0
2020-05-24 21:00:00+00:00,110.166,110.181,110.163,110.181,298.0
2020-05-25 21:00:00+00:00,110.181,110.181,110.136,110.164,2902.0
2020-05-26 21:00:00+00:00,110.164,110.197,110.126,110.159,3292.0
2020-05-27 21:00:00+00:00,110.159,110.169,110.135,110.155,2980.0
2020-05-28 21:00:00+00:00,110.163,110.203,110.163,110.184,3536.0
2020-05-31 21:00:00+00:00,110.203,110.215,110.165,110.185,3188.0
2020-06-01 21:00:00+00:00,110.189,110.197,110.16,110.168,3324.0
2020-06-02 21:00:00+00:00,110.17,110.172,110.083,110.107,2666.0
2020-06-03 21:00:00+00:00,110.115,110.124,110.081,110.097,4286.0
2020-06-04 21:00:00+00:00,110.101,110.109,110.001,110.06,6335.0
2020-06-07 21:00:00+00:00,110.056,110.077,110.03,110.034,2320.0
2020-06-08 21:00:00+00:00,110.034,110.102,110.034,110.091,3759.0
2020-06-09 21:00:00+00:00,110.091,110.17,110.087,110.169,2951.0
2020-06-10 21:00:00+00:00,110.171,110.179,110.106,110.118,3477.0
2020-06-11 21:00:00+00:00,110.122,110.162,110.099,110.135,2826.0
2020-06-14 21:00:00+00:00,110.135,110.178,110.135,110.144,3582.0
2020-06-15 21:00:00+00:00,110.144,110.157,110.118,110.127,4279.0
2020-06-16 21:00:00+00:00,110.127,110.144,110.119,110.132,2767.0
2020-06-17 21:00:00+00:00,110.133,110.152,110.126,110.138,2957.0
2020-06-18 21:00:00+00:00,110.134,110.167,110.128,110.152,1403.0
2020-06-21 21:00:00+00:00,110.163,110.176,110.149,110.153,1087.0
2020-06-22 21:00:00+00:00,110.149,110.166,110.143,110.159,2044.0
2020-06-23 21:00:00+00:00,110.155,110.172,110.144,110.165,1424.0
2020-06-24 21:00:00+00:00,110.161,110.189,110.157,110.17,1878.0
2020-06-25 21:00:00+00:00,110.17,110.222,110.17,110.215,843.0
2020-06-28 21:00:00+00:00,110.215,110.256,110.215,110.248,1673.0
2020-06-29 21:00:00+00:00,110.248,110.265,110.241,110.246,1147.0
2020-06-30 21:00:00+00:00,110.248,110.255,110.208,110.22,1527.0
2020-07-01 21:00:00+00:00,110.22,110.245,110.198,110.243,2613.0
2020-07-02 21:00:00+00:00,110.242,110.25,110.238,110.247,354.0
2020-07-05 21:00:00+00:00,110.247,110.247,110.221,110.233,1680.0
2020-07-06 21:00:00+00:00,110.229,110.247,110.226,110.241,834.0
2020-07-07 21:00:00+00:00,110.241,110.256,110.231,110.241,1469.0
2020-07-08 21:00:00+00:00,110.241,110.285,110.241,110.258,1821.0
2020-07-09 21:00:00+00:00,110.262,110.302,110.252,110.254,2169.0
2020-07-12 21:00:00+00:00,110.254,110.276,110.238,110.257,974.0
2020-07-13 21:00:00+00:00,110.258,110.275,110.251,110.251,1439.0
2020-07-14 21:00:00+00:00,110.248,110.276,110.245,110.261,750.0
2020-07-15 21:00:00+00:00,110.261,110.29,110.261,110.279,743.0
2020-07-16 21:00:00+00:00,110.283,110.299,110.276,110.28,519.0
2020-07-19 21:00:00+00:00,110.284,110.297,110.278,110.286,563.0
2020-07-20 21:00:00+00:00,110.286,110.303,110.275,110.299,370.0
2020-07-21 21:00:00+00:00,110.299,110.312,110.286,110.286,628.0
2020-07-22 21:00:00+00:00,110.286,110.298,110.283,110.283,846.0
2020-07-23 21:00:00+00:00,110.284,110.304,110.284,110.293,294.0
2020-07-26 21:00:00+00:00,110.297,110.314,110.286,110.291,680.0
2020-07-27 21:00:00+00:00,110.287,110.316,110.287,110.312,526.0
2020-07-28 21:00:00+00:00,110.312,110.341,110.309,110.329,701.0
2020-07-29 21:00:00+00:00,110.337,110.362,110.33,110.355,811.0
2020-07-30 21:00:00+00:00,110.355,110.384,110.348,110.384,888.0
2020-08-02 21:00:00+00:00,110.391,110.395,110.369,110.374,609.0
2020-08-03 21:00:00+00:00,110.382,110.391,110.37,110.383,409.0
2020-08-04 21:00:00+00:00,110.387,110.388,110.357,110.365,987.0
2020-08-05 21:00:00+00:00,110.366,110.386,110.362,110.371,498.0
2020-08-06 21:00:00+00:00,110.375,110.38,110.345,110.346,631.0
2020-08-09 21:00:00+00:00,110.357,110.374,110.343,110.347,305.0
2020-08-10 21:00:00+00:00,110.347,110.351,110.286,110.306,750.0
2020-08-11 21:00:00+00:00,110.302,110.314,110.28,110.285,704.0
2020-08-12 21:00:00+00:00,110.285,110.305,110.278,110.282,502.0
2020-08-13 21:00:00+00:00,110.286,110.319,110.283,110.319,707.0
2020-08-16 21:00:00+00:00,110.323,110.332,110.309,110.313,628.0
2020-08-17 21:00:00+00:00,110.313,110.334,110.309,110.33,380.0
2020-08-18 21:00:00+00:00,110.335,110.343,110.328,110.332,892.0
2020-08-19 21:00:00+00:00,110.336,110.357,110.334,110.334,557.0
2020-08-20 21:00:00+00:00,110.33,110.355,110.33,110.34,1422.0
2020-08-23 21:00:00+00:00,110.344,110.348,110.322,110.326,328.0
2020-08-24 21:00:00+00:00,110.326,110.331,110.3,110.331,945.0
2020-08-25 21:00:00+00:00,110.328,110.333,110.305,110.329,1100.0
2020-08-26 21:00:00+00:00,110.333,110.358,110.307,110.308,1755.0
2020-08-27 21:00:00+00:00,110.308,110.403,110.304,110.403,803.0
2020-08-30 21:00:00+00:00,110.4,110.412,110.381,110.397,1116.0
2020-08-31 21:00:00+00:00,110.401,110.405,110.382,110.394,653.0
2020-09-01 21:00:00+00:00,110.394,110.398,110.375,110.39,792.0
2020-09-02 21:00:00+00:00,110.39,110.418,110.379,110.399,593.0
2020-09-03 21:00:00+00:00,110.395,110.407,110.353,110.368,683.0
2020-09-06 21:00:00+00:00,110.369,110.389,110.366,110.382,182.0
2020-09-07 21:00:00+00:00,110.378,110.398,110.37,110.378,962.0
2020-09-08 21:00:00+00:00,110.386,110.39,110.363,110.367,838.0
2020-09-09 21:00:00+00:00,110.367,110.383,110.36,110.383,408.0
2020-09-10 21:00:00+00:00,110.384,110.411,110.38,110.408,322.0
2020-09-13 21:00:00+00:00,110.409,110.409,110.39,110.39,255.0
2020-09-14 21:00:00+00:00,110.398,110.398,110.382,110.383,286.0
2020-09-15 21:00:00+00:00,110.383,110.399,110.375,110.383,267.0
2020-09-16 21:00:00+00:00,110.383,110.415,110.383,110.392,395.0
2020-09-17 21:00:00+00:00,110.396,110.408,110.381,110.384,185.0
2020-09-20 21:00:00+00:00,110.386,110.41,110.386,110.394,267.0
2020-09-21 21:00:00+00:00,110.394,110.41,110.39,110.402,290.0
2020-09-22 21:00:00+00:00,110.399,110.415,110.391,110.391,320.0
2020-09-23 21:00:00+00:00,110.395,110.408,110.391,110.404,429.0
2020-09-24 21:00:00+00:00,110.404,110.428,110.404,110.412,416.0
2020-09-27 21:00:00+00:00,110.417,110.422,110.406,110.422,142.0
2020-09-28 21:00:00+00:00,110.426,110.426,110.414,110.422,133.0
2020-09-29 21:00:00+00:00,110.426,110.434,110.411,110.415,246.0
2020-09-30 21:00:00+00:00,110.415,110.42,110.396,110.416,230.0
2020-10-01 21:00:00+00:00,110.416,110.432,110.397,110.405,280.0
2020-10-04 21:00:00+00:00,110.402,110.414,110.367,110.371,359.0
2020-10-05 21:00:00+00:00,110.371,110.387,110.367,110.372,358.0
2020-10-06 21:00:00+00:00,110.376,110.376,110.349,110.361,470.0
2020-10-07 21:00:00+00:00,110.365,110.377,110.361,110.365,141.0
2020-10-08 21:00:00+00:00,110.369,110.377,110.354,110.354,190.0
2020-10-11 21:00:00+00:00,110.355,110.364,110.355,110.364,88.0
2020-10-12 21:00:00+00:00,110.364,110.396,110.364,110.392,172.0
2020-10-13 21:00:00+00:00,110.392,110.396,110.384,110.388,129.0
2020-10-14 21:00:00+00:00,110.392,110.404,110.385,110.393,152.0
2020-10-15 21:00:00+00:00,110.397,110.405,110.374,110.382,213.0
2020-10-18 21:00:00+00:00,110.383,110.384,110.368,110.376,620.0
2020-10-19 21:00:00+00:00,110.38,110.388,110.372,110.384,284.0
2020-10-20 21:00:00+00:00,110.388,110.388,110.365,110.377,354.0
2020-10-21 21:00:00+00:00,110.377,110.385,110.362,110.366,337.0
2020-10-22 21:00:00+00:00,110.366,110.382,110.362,110.363,193.0
2020-10-25 21:00:00+00:00,110.368,110.388,110.368,110.376,163.0
2020-10-26 21:00:00+00:00,110.376,110.388,110.372,110.381,98.0
2020-10-27 21:00:00+00:00,110.383,110.393,110.381,110.385,656.0
2020-10-28 21:00:00+00:00,110.389,110.397,110.378,110.382,422.0
2020-10-29 21:00:00+00:00,110.382,110.39,110.378,110.379,450.0
2020-11-01 22:00:00+00:00,110.388,110.392,110.369,110.373,172.0
2020-11-02 22:00:00+00:00,110.373,110.373,110.342,110.346,189.0
2020-11-03 22:00:00+00:00,110.338,110.405,110.334,110.389,1337.0
2020-11-04 22:00:00+00:00,110.393,110.398,110.366,110.386,651.0
2020-11-05 22:00:00+00:00,110.39,110.394,110.367,110.371,510.0
2020-11-08 22:00:00+00:00,110.368,110.384,110.302,110.338,578.0
2020-11-09 22:00:00+00:00,110.338,110.342,110.315,110.319,476.0
2020-11-10 22:00:00+00:00,110.319,110.319,110.304,110.312,109.0
2020-11-11 22:00:00+00:00,110.312,110.34,110.312,110.328,355.0
2020-11-12 22:00:00+00:00,110.332,110.336,110.321,110.321,198.0
2020-11-15 22:00:00+00:00,110.322,110.338,110.322,110.326,296.0
2020-11-16 22:00:00+00:00,110.33,110.343,110.327,110.343,444.0
2020-11-17 22:00:00+00:00,110.343,110.347,110.331,110.339,555.0
2020-11-18 22:00:00+00:00,110.339,110.359,110.339,110.359,234.0
2020-11-19 22:00:00+00:00,110.356,110.372,110.356,110.368,102.0
2020-11-22 22:00:00+00:00,110.369,110.373,110.362,110.366,567.0
2020-11-23 22:00:00+00:00,110.366,110.378,110.366,110.37,423.0
2020-11-24 22:00:00+00:00,110.37,110.39,110.37,110.379,348.0
2020-11-25 22:00:00+00:00,110.379,110.4,110.379,110.4,11.0
2020-11-26 22:00:00+00:00,110.404,110.408,110.404,110.408,64.0
2020-11-29 22:00:00+00:00,110.404,110.436,110.4,110.424,779.0
2020-11-30 22:00:00+00:00,110.424,110.432,110.357,110.373,434.0
2020-12-01 22:00:00+00:00,110.373,110.389,110.365,110.385,551.0
2020-12-02 22:00:00+00:00,110.385,110.404,110.377,110.4,610.0
2020-12-03 22:00:00+00:00,110.4,110.408,110.385,110.4,372.0
2020-12-06 22:00:00+00:00,110.404,110.424,110.4,110.42,464.0
2020-12-07 22:00:00+00:00,110.422,110.428,110.404,110.404,296.0
2020-12-08 22:00:00+00:00,110.404,110.408,110.389,110.404,455.0
2020-12-09 22:00:00+00:00,110.412,110.436,110.408,110.432,461.0
2020-12-10 22:00:00+00:00,110.432,110.482,110.432,110.471,534.0
2020-12-13 22:00:00+00:00,110.471,110.479,110.451,110.475,292.0
2020-12-14 22:00:00+00:00,110.475,110.475,110.463,110.475,85.0
2020-12-15 22:00:00+00:00,110.471,110.475,110.451,110.471,347.0
2020-12-16 22:00:00+00:00,110.471,110.479,110.451,110.463,351.0
2020-12-17 22:00:00+00:00,110.463,110.475,110.463,110.467,186.0
2020-12-20 22:00:00+00:00,110.471,110.502,110.467,110.471,942.0
2020-12-21 22:00:00+00:00,110.471,110.482,110.467,110.482,203.0
2020-12-22 22:00:00+00:00,110.482,110.486,110.467,110.475,263.0
2020-12-23 22:00:00+00:00,110.475,110.482,110.475,110.482,200.0
2020-12-27 22:00:00+00:00,110.482,110.482,110.463,110.479,300.0
2020-12-28 22:00:00+00:00,110.479,110.482,110.475,110.479,166.0
2020-12-29 22:00:00+00:00,110.479,110.482,110.467,110.479,251.0
2020-12-30 22:00:00+00:00,110.479,110.49,110.479,110.482,366.0
2021-01-03 22:00:00+00:00,110.482,110.494,110.475,110.49,144.0
2021-01-04 22:00:00+00:00,110.49,110.498,110.475,110.475,178.0
2021-01-05 22:00:00+00:00,110.475,110.482,110.412,110.439,1037.0
2021-01-06 22:00:00+00:00,110.439,110.443,110.428,110.439,318.0
2021-01-07 22:00:00+00:00,110.439,110.459,110.436,110.447,536.0
2021-01-10 22:00:00+00:00,110.443,110.463,110.42,110.424,1082.0
2021-01-11 22:00:00+00:00,110.424,110.432,110.412,110.424,551.0
2021-01-12 22:00:00+00:00,110.424,110.436,110.416,110.428,514.0
2021-01-13 22:00:00+00:00,110.428,110.443,110.416,110.436,531.0
2021-01-14 22:00:00+00:00,110.439,110.455,110.432,110.451,361.0
2021-01-17 22:00:00+00:00,110.455,110.455,110.447,110.447,30.0
2021-01-18 22:00:00+00:00,110.447,110.459,110.436,110.455,312.0
2021-01-19 22:00:00+00:00,110.459,110.467,110.447,110.463,323.0
2021-01-20 22:00:00+00:00,110.463,110.475,110.459,110.471,245.0
2021-01-21 22:00:00+00:00,110.471,110.482,110.471,110.479,317.0
2021-01-24 22:00:00+00:00,110.479,110.486,110.475,110.482,125.0
2021-01-25 22:00:00+00:00,110.482,110.482,110.475,110.481,104.0
2021-01-26 22:00:00+00:00,110.482,110.498,110.479,110.486,172.0
2021-01-27 22:00:00+00:00,110.486,110.494,110.479,110.482,352.0
2021-01-28 22:00:00+00:00,110.482,110.502,110.479,110.502,178.0
2021-01-31 22:00:00+00:00,110.502,110.506,110.494,110.498,155.0
2021-02-01 22:00:00+00:00,110.498,110.502,110.486,110.49,132.0
2021-02-02 22:00:00+00:00,110.494,110.494,110.479,110.482,120.0
2021-02-03 22:00:00+00:00,110.482,110.49,110.479,110.486,92.0
2021-02-04 22:00:00+00:00,110.486,110.506,110.486,110.506,230.0
2021-02-07 22:00:00+00:00,110.506,110.506,110.486,110.49,221.0
2021-02-08 22:00:00+00:00,110.494,110.494,110.479,110.482,198.0
2021-02-09 22:00:00+00:00,110.479,110.498,110.479,110.498,80.0
2021-02-10 22:00:00+00:00,110.498,110.502,110.494,110.494,31.0
2021-02-11 22:00:00+00:00,110.494,110.502,110.49,110.494,68.0
2021-02-14 22:00:00+00:00,110.494,110.494,110.486,110.486,10.0
2021-02-15 22:00:00+00:00,110.486,110.49,110.471,110.475,255.0
2021-02-16 22:00:00+00:00,110.475,110.506,110.471,110.506,963.0
2021-02-17 22:00:00+00:00,110.506,110.51,110.494,110.506,70.0
2021-02-18 22:00:00+00:00,110.504,110.51,110.502,110.506,66.0
2021-02-21 22:00:00+00:00,110.506,110.506,110.49,110.494,256.0
2021-02-22 22:00:00+00:00,110.494,110.506,110.49,110.494,98.0
2021-02-23 22:00:00+00:00,110.498,110.502,110.463,110.497,423.0
2021-02-24 22:00:00+00:00,110.493,110.497,110.333,110.374,3229.0
2021-02-25 22:00:00+00:00,110.376,110.485,110.364,110.467,5577.0
2021-02-28 22:00:00+00:00,110.48,110.496,110.433,110.48,2634.0
2021-03-01 22:00:00+00:00,110.48,110.491,110.46,110.48,616.0
2021-03-02 22:00:00+00:00,110.483,110.487,110.436,110.44,646.0
2021-03-03 22:00:00+00:00,110.44,110.46,110.424,110.432,1065.0
2021-03-04 22:00:00+00:00,110.432,110.467,110.416,110.444,1257.0
2021-03-07 22:00:00+00:00,110.439,110.439,110.38,110.38,438.0
2021-03-08 22:00:00+00:00,110.38,110.403,110.368,110.392,639.0
2021-03-09 22:00:00+00:00,110.392,110.411,110.372,110.399,1007.0
2021-03-10 22:00:00+00:00,110.399,110.442,110.395,110.434,877.0
2021-03-11 22:00:00+00:00,110.434,110.442,110.391,110.414,916.0
2021-03-14 21:00:00+00:00,110.413,110.421,110.398,110.403,896.0
2021-03-15 21:00:00+00:00,110.403,110.421,110.393,110.409,450.0
2021-03-16 21:00:00+00:00,110.405,110.467,110.393,110.444,2038.0
2021-03-17 21:00:00+00:00,110.444,110.463,110.369,110.393,1875.0
2021-03-18 21:00:00+00:00,110.393,110.439,110.361,110.4,1950.0
2021-03-21 21:00:00+00:00,110.404,110.431,110.4,110.407,715.0
2021-03-22 21:00:00+00:00,110.411,110.43,110.407,110.42,1029.0
2021-03-23 21:00:00+00:00,110.419,110.434,110.414,110.424,1112.0
2021-03-24 21:00:00+00:00,110.426,110.457,110.418,110.441,933.0
2021-03-25 21:00:00+00:00,110.441,110.465,110.433,110.433,663.0
2021-03-28 21:00:00+00:00,110.433,110.448,110.421,110.425,1016.0
2021-03-29 21:00:00+00:00,110.424,110.428,110.393,110.416,874.0
2021-03-30 21:00:00+00:00,110.416,110.416,110.389,110.389,1391.0
2021-03-31 21:00:00+00:00,110.393,110.404,110.381,110.385,772.0
2021-04-01 21:00:00+00:00,110.388,110.388,110.322,110.33,837.0
2021-04-04 21:00:00+00:00,110.325,110.368,110.325,110.368,858.0
2021-04-05 21:00:00+00:00,110.368,110.387,110.36,110.387,605.0
2021-04-06 21:00:00+00:00,110.387,110.418,110.383,110.402,565.0
2021-04-07 21:00:00+00:00,110.402,110.418,110.398,110.406,634.0
2021-04-08 21:00:00+00:00,110.406,110.406,110.382,110.402,958.0
2021-04-11 21:00:00+00:00,110.397,110.401,110.366,110.373,691.0
2021-04-12 21:00:00+00:00,110.373,110.397,110.358,110.393,1007.0
2021-04-13 21:00:00+00:00,110.393,110.397,110.377,110.385,439.0
2021-04-14 21:00:00+00:00,110.385,110.404,110.381,110.392,1018.0
2021-04-15 21:00:00+00:00,110.392,110.396,110.372,110.384,930.0
2021-04-18 21:00:00+00:00,110.383,110.395,110.379,110.395,603.0
2021-04-19 21:00:00+00:00,110.391,110.414,110.387,110.414,520.0
2021-04-20 21:00:00+00:00,110.414,110.425,110.41,110.418,880.0
2021-04-21 21:00:00+00:00,110.418,110.425,110.406,110.417,594.0
2021-04-22 21:00:00+00:00,110.421,110.425,110.401,110.401,574.0
2021-04-25 21:00:00+00:00,110.401,110.405,110.381,110.381,644.0
2021-04-26 21:00:00+00:00,110.385,110.385,110.365,110.369,556.0
2021-04-27 21:00:00+00:00,110.369,110.4,110.365,110.396,915.0
2021-04-28 21:00:00+00:00,110.396,110.4,110.376,110.396,750.0
2021-04-29 21:00:00+00:00,110.396,110.403,110.388,110.403,630.0
2021-05-02 21:00:00+00:00,110.399,110.406,110.391,110.398,821.0
2021-05-03 21:00:00+00:00,110.398,110.41,110.39,110.406,642.0
2021-05-04 21:00:00+00:00,110.402,110.417,110.394,110.417,329.0
2021-05-05 21:00:00+00:00,110.417,110.421,110.405,110.409,569.0
2021-05-06 21:00:00+00:00,110.409,110.46,110.405,110.432,4080.0
2021-05-09 21:00:00+00:00,110.432,110.443,110.416,110.42,613.0
2021-05-10 21:00:00+00:00,110.42,110.424,110.404,110.408,972.0
2021-05-11 21:00:00+00:00,110.404,110.415,110.376,110.392,610.0
2021-05-12 21:00:00+00:00,110.392,110.415,110.388,110.411,465.0
2021-05-13 21:00:00+00:00,110.411,110.422,110.407,110.422,610.0
2021-05-16 21:00:00+00:00,110.422,110.433,110.41,110.41,204.0
2021-05-17 21:00:00+00:00,110.41,110.421,110.41,110.421,99.0
2021-05-18 21:00:00+00:00,110.421,110.437,110.401,110.405,678.0
2021-05-19 21:00:00+00:00,110.405,110.428,110.405,110.428,313.0
2021-05-20 21:00:00+00:00,110.428,110.428,110.412,110.416,83.0
2021-05-23 21:00:00+00:00,110.416,110.431,110.412,110.427,77.0
2021-05-24 21:00:00+00:00,110.427,110.443,110.423,110.443,121.0
2021-05-25 21:00:00+00:00,110.442,110.45,110.434,110.434,106.0
2021-05-26 21:00:00+00:00,110.434,110.442,110.426,110.434,608.0
2021-05-27 21:00:00+00:00,110.433,110.453,110.421,110.441,1551.0
2021-05-30 21:00:00+00:00,110.439,110.439,110.435,110.439,42.0
2021-05-31 21:00:00+00:00,110.439,110.439,110.423,110.431,358.0
2021-06-01 21:00:00+00:00,110.43,110.438,110.426,110.43,260.0
2021-06-02 21:00:00+00:00,110.43,110.43,110.398,110.398,140.0
2021-06-03 21:00:00+00:00,110.398,110.433,110.39,110.421,527.0
2021-06-06 21:00:00+00:00,110.416,110.416,110.399,110.399,92.0
2021-06-07 21:00:00+00:00,110.396,110.415,110.396,110.407,356.0
2021-06-08 21:00:00+00:00,110.407,110.434,110.407,110.41,339.0
2021-06-09 21:00:00+00:00,110.41,110.425,110.39,110.421,1141.0
2021-06-10 21:00:00+00:00,110.421,110.429,110.409,110.417,200.0
2021-06-13 21:00:00+00:00,110.419,110.419,110.388,110.391,117.0
2021-06-14 21:00:00+00:00,110.391,110.399,110.379,110.383,200.0
2021-06-15 21:00:00+00:00,110.379,110.39,110.277,110.289,2159.0
2021-06-16 21:00:00+00:00,110.289,110.3,110.264,110.272,847.0
2021-06-17 21:00:00+00:00,110.268,110.288,110.116,110.186,6248.0
2021-06-20 21:00:00+00:00,110.181,110.192,110.129,110.176,1996.0
2021-06-21 21:00:00+00:00,110.176,110.234,110.172,110.23,889.0
2021-06-22 21:00:00+00:00,110.23,110.242,110.183,110.19,1496.0
2021-06-23 21:00:00+00:00,110.19,110.21,110.171,110.178,1110.0
2021-06-24 21:00:00+00:00,110.178,110.197,110.166,110.178,1216.0
2021-06-27 21:00:00+00:00,110.176,110.203,110.176,110.203,792.0
2021-06-28 21:00:00+00:00,110.203,110.21,110.191,110.206,316.0
2021-06-29 21:00:00+00:00,110.206,110.226,110.202,110.214,595.0
2021-06-30 21:00:00+00:00,110.214,110.218,110.197,110.201,240.0
2021-07-01 21:00:00+00:00,110.201,110.244,110.17,110.244,2466.0
2021-07-04 21:00:00+00:00,110.242,110.25,110.234,110.25,26.0
2021-07-05 21:00:00+00:00,110.25,110.284,110.23,110.28,1907.0
2021-07-06 21:00:00+00:00,110.28,110.295,110.261,110.291,1423.0
2021-07-07 21:00:00+00:00,110.288,110.346,110.284,110.33,3127.0
2021-07-08 21:00:00+00:00,110.33,110.33,110.29,110.294,1754.0
2021-07-11 21:00:00+00:00,110.293,110.312,110.246,110.265,998.0
2021-07-12 21:00:00+00:00,110.265,110.269,110.179,110.208,2099.0
2021-07-13 21:00:00+00:00,110.21,110.276,110.202,110.264,1172.0
2021-07-14 21:00:00+00:00,110.264,110.283,110.252,110.267,1694.0
2021-07-15 21:00:00+00:00,110.267,110.278,110.228,110.27,1389.0
2021-07-18 21:00:00+00:00,110.269,110.343,110.269,110.288,2710.0
2021-07-19 21:00:00+00:00,110.288,110.346,110.284,110.323,3095.0
2021-07-20 21:00:00+00:00,110.323,110.338,110.299,110.303,3596.0
2021-07-21 21:00:00+00:00,110.302,110.325,110.275,110.314,3351.0
2021-07-22 21:00:00+00:00,110.314,110.333,110.309,110.317,1902.0
2021-07-25 21:00:00+00:00,110.32,110.339,110.311,110.323,2016.0
2021-07-26 21:00:00+00:00,110.323,110.346,110.319,110.334,1830.0
2021-07-27 21:00:00+00:00,110.334,110.349,110.298,110.341,3031.0
2021-07-28 21:00:00+00:00,110.341,110.349,110.314,110.329,1898.0
2021-07-29 21:00:00+00:00,110.333,110.375,110.333,110.375,703.0
2021-08-01 21:00:00+00:00,110.374,110.401,110.374,110.393,1419.0
2021-08-02 21:00:00+00:00,110.393,110.408,110.377,110.396,2073.0
2021-08-03 21:00:00+00:00,110.396,110.419,110.349,110.368,2795.0
2021-08-04 21:00:00+00:00,110.372,110.372,110.313,110.333,1635.0
2021-08-05 21:00:00+00:00,110.333,110.333,110.281,110.308,2973.0
2021-08-08 21:00:00+00:00,110.307,110.334,110.279,110.283,1370.0
2021-08-09 21:00:00+00:00,110.283,110.287,110.244,110.247,1477.0
2021-08-10 21:00:00+00:00,110.247,110.294,110.228,110.282,2320.0
2021-08-11 21:00:00+00:00,110.282,110.29,110.262,110.27,1643.0
2021-08-12 21:00:00+00:00,110.27,110.296,110.262,110.296,847.0
2021-08-15 21:00:00+00:00,110.295,110.322,110.291,110.295,1453.0
2021-08-16 21:00:00+00:00,110.291,110.318,110.282,110.286,1363.0
2021-08-17 21:00:00+00:00,110.286,110.297,110.258,110.29,1332.0
2021-08-18 21:00:00+00:00,110.289,110.317,110.277,110.285,1364.0
2021-08-19 21:00:00+00:00,110.285,110.296,110.277,110.277,764.0
2021-08-22 21:00:00+00:00,110.275,110.283,110.259,110.279,471.0
2021-08-23 21:00:00+00:00,110.279,110.279,110.259,110.274,406.0
2021-08-24 21:00:00+00:00,110.27,110.281,110.258,110.278,512.0
2021-08-25 21:00:00+00:00,110.277,110.297,110.261,110.271,650.0
2021-08-26 21:00:00+00:00,110.271,110.34,110.266,110.329,999.0
2021-08-29 21:00:00+00:00,110.326,110.355,110.325,110.355,130.0
2021-08-30 21:00:00+00:00,110.355,110.367,110.342,110.342,460.0
2021-08-31 21:00:00+00:00,110.342,110.361,110.33,110.341,725.0
2021-09-01 21:00:00+00:00,110.341,110.351,110.336,110.347,281.0
2021-09-02 21:00:00+00:00,110.347,110.373,110.334,110.35,1153.0
2021-09-05 21:00:00+00:00,110.346,110.357,110.346,110.357,21.0
2021-09-06 21:00:00+00:00,110.357,110.357,110.316,110.316,266.0
2021-09-07 21:00:00+00:00,110.316,110.327,110.315,110.318,495.0
2021-09-08 21:00:00+00:00,110.318,110.333,110.309,110.325,363.0
2021-09-09 21:00:00+00:00,110.325,110.328,110.308,110.323,306.0
2021-09-12 21:00:00+00:00,110.32,110.331,110.304,110.323,286.0
2021-09-13 21:00:00+00:00,110.323,110.345,110.306,110.329,1279.0
2021-09-14 21:00:00+00:00,110.329,110.333,110.312,110.323,799.0
2021-09-15 21:00:00+00:00,110.323,110.323,110.291,110.298,609.0
2021-09-16 21:00:00+00:00,110.298,110.302,110.274,110.285,431.0
2021-09-19 21:00:00+00:00,110.282,110.309,110.282,110.3,316.0
2021-09-20 21:00:00+00:00,110.3,110.323,110.292,110.306,170.0
2021-09-21 21:00:00+00:00,110.306,110.31,110.239,110.25,2166.0
2021-09-22 21:00:00+00:00,110.25,110.25,110.194,110.194,1039.0
2021-09-23 21:00:00+00:00,110.194,110.217,110.161,110.169,521.0
2021-09-26 21:00:00+00:00,110.162,110.173,110.126,110.137,1230.0
2021-09-27 21:00:00+00:00,110.137,110.141,110.105,110.136,1385.0
2021-09-28 21:00:00+00:00,110.136,110.161,110.128,110.161,715.0
2021-09-29 21:00:00+00:00,110.161,110.191,110.141,110.191,806.0
2021-09-30 21:00:00+00:00,110.191,110.221,110.179,110.217,1540.0
2021-10-03 21:00:00+00:00,110.214,110.226,110.174,110.185,945.0
2021-10-04 21:00:00+00:00,110.185,110.189,110.164,110.172,364.0
2021-10-05 21:00:00+00:00,110.172,110.172,110.132,110.147,914.0
2021-10-06 21:00:00+00:00,110.147,110.147,110.114,110.114,345.0
2021-10-07 21:00:00+00:00,110.114,110.144,110.082,110.089,1779.0
2021-10-10 21:00:00+00:00,110.082,110.082,110.007,110.007,105.0
2021-10-11 21:00:00+00:00,110.006,110.041,109.993,110.017,1562.0
2021-10-12 21:00:00+00:00,110.017,110.024,109.879,109.964,3355.0
2021-10-13 21:00:00+00:00,109.968,110.002,109.222,109.959,3980.0
2021-10-14 21:00:00+00:00,109.955,109.978,109.872,109.879,2654.0
2021-10-17 21:00:00+00:00,109.872,109.872,109.754,109.804,7929.0
2021-10-18 21:00:00+00:00,109.804,109.886,109.802,109.854,3615.0
2021-10-19 21:00:00+00:00,109.854,109.907,109.814,109.852,4762.0
2021-10-20 21:00:00+00:00,109.856,109.856,109.722,109.726,6334.0
2021-10-21 21:00:00+00:00,109.729,109.768,109.666,109.746,11173.0
2021-10-24 21:00:00+00:00,109.744,109.814,109.728,109.794,3411.0
2021-10-25 21:00:00+00:00,109.79,109.801,109.75,109.781,2552.0
2021-10-26 21:00:00+00:00,109.784,109.791,109.662,109.717,9007.0
2021-10-27 21:00:00+00:00,109.713,109.782,109.587,109.746,10291.0
2021-10-28 21:00:00+00:00,109.746,109.801,109.605,109.71,6986.0
2021-10-31 21:00:00+00:00,109.699,109.721,109.642,109.715,6137.0
2021-11-01 21:00:00+00:00,109.717,109.833,109.689,109.813,4874.0
2021-11-02 21:00:00+00:00,109.809,109.828,109.683,109.772,7267.0
2021-11-03 21:00:00+00:00,109.772,109.94,109.757,109.865,5495.0
2021-11-04 21:00:00+00:00,109.865,109.946,109.809,109.91,8479.0
2021-11-07 22:00:00+00:00,109.899,109.907,109.816,109.829,2932.0
2021-11-08 22:00:00+00:00,109.827,109.909,109.827,109.873,3936.0
2021-11-09 22:00:00+00:00,109.873,109.877,109.664,109.68,7783.0
2021-11-10 22:00:00+00:00,109.686,109.688,109.608,109.622,1203.0
2021-11-11 22:00:00+00:00,109.622,109.708,109.615,109.677,3920.0
2021-11-14 22:00:00+00:00,109.666,109.704,109.622,109.661,2522.0
2021-11-15 22:00:00+00:00,109.661,109.692,109.617,109.655,3391.0
2021-11-16 22:00:00+00:00,109.651,109.712,109.631,109.704,2205.0
2021-11-17 22:00:00+00:00,109.7,109.735,109.688,109.713,2580.0
2021-11-18 22:00:00+00:00,109.711,109.839,109.691,109.711,5283.0
2021-11-21 22:00:00+00:00,109.681,109.69,109.556,109.572,4826.0
2021-11-22 22:00:00+00:00,109.572,109.629,109.544,109.602,5189.0
2021-11-23 22:00:00+00:00,109.606,109.66,109.515,109.53,4975.0
2021-11-24 22:00:00+00:00,109.53,109.538,109.509,109.521,447.0
2021-11-25 22:00:00+00:00,109.54,109.836,109.536,109.742,9910.0
2021-11-28 22:00:00+00:00,109.715,109.825,109.676,109.825,5284.0
2021-11-29 22:00:00+00:00,109.821,109.924,109.63,109.649,12701.0
2021-11-30 22:00:00+00:00,109.614,109.681,109.53,109.666,7275.0
2021-12-01 22:00:00+00:00,109.666,109.666,109.495,109.526,5620.0
2021-12-02 22:00:00+00:00,109.525,109.613,109.449,109.597,8428.0
2021-12-05 22:00:00+00:00,109.567,109.567,109.487,109.498,3867.0
2021-12-06 22:00:00+00:00,109.506,109.517,109.366,109.373,3483.0
2021-12-07 22:00:00+00:00,109.377,109.435,109.32,109.382,4104.0
2021-12-08 22:00:00+00:00,109.384,109.415,109.352,109.356,4188.0
2021-12-09 22:00:00+00:00,109.352,109.487,109.288,109.439,5360.0
2021-12-12 22:00:00+00:00,109.429,109.5,109.392,109.485,2136.0
2021-12-13 22:00:00+00:00,109.485,109.489,109.412,109.427,1932.0
2021-12-14 22:00:00+00:00,109.431,109.452,109.295,109.404,6895.0
2021-12-15 22:00:00+00:00,109.406,109.523,109.369,109.515,5728.0
2021-12-16 22:00:00+00:00,109.515,109.56,109.43,109.473,3572.0
2021-12-19 22:00:00+00:00,109.482,109.583,109.482,109.487,4106.0
2021-12-20 22:00:00+00:00,109.487,109.517,109.395,109.42,2167.0
2021-12-21 22:00:00+00:00,109.425,109.449,109.38,109.415,2065.0
2021-12-22 22:00:00+00:00,109.415,109.43,109.361,109.369,1093.0
2021-12-26 22:00:00+00:00,109.358,109.363,109.298,109.329,1491.0
2021-12-27 22:00:00+00:00,109.329,109.347,109.311,109.322,1306.0
2021-12-28 22:00:00+00:00,109.33,109.353,109.296,109.315,1291.0
2021-12-29 22:00:00+00:00,109.317,109.359,109.313,109.352,1615.0
2021-12-30 22:00:00+00:00,109.352,109.377,109.325,109.333,882.0
2022-01-02 22:00:00+00:00,109.315,109.331,109.207,109.269,2094.0
2022-01-03 22:00:00+00:00,109.265,109.305,109.212,109.286,2739.0
2022-01-04 22:00:00+00:00,109.297,109.3,109.126,109.134,3612.0
2022-01-05 22:00:00+00:00,109.13,109.161,109.018,109.053,4413.0
2022-01-06 22:00:00+00:00,109.053,109.08,108.968,109.059,4987.0
2022-01-09 22:00:00+00:00,109.032,109.062,108.967,108.986,3016.0
2022-01-10 22:00:00+00:00,108.982,109.022,108.89,109.016,4509.0
2022-01-11 22:00:00+00:00,109.016,109.024,108.929,108.939,3053.0
2022-01-12 22:00:00+00:00,108.933,109.008,108.921,108.993,2351.0
2022-01-13 22:00:00+00:00,108.992,108.992,108.841,108.849,4600.0
2022-01-16 22:00:00+00:00,108.839,108.839,108.739,108.746,1617.0
2022-01-17 22:00:00+00:00,108.75,108.783,108.655,108.688,6080.0
2022-01-18 22:00:00+00:00,108.688,108.78,108.629,108.665,4922.0
2022-01-19 22:00:00+00:00,108.65,108.746,108.65,108.729,4181.0
2022-01-20 22:00:00+00:00,108.729,108.821,108.723,108.785,4582.0
2022-01-23 22:00:00+00:00,108.755,108.925,108.715,108.846,11890.0
2022-01-24 22:00:00+00:00,108.846,108.895,108.785,108.82,9439.0
2022-01-25 22:00:00+00:00,108.822,108.833,108.516,108.535,9227.0
2022-01-26 22:00:00+00:00,108.537,108.547,108.424,108.462,7887.0
2022-01-27 22:00:00+00:00,108.458,108.526,108.382,108.513,5296.0
2022-01-30 22:00:00+00:00,108.457,108.517,108.398,108.473,5665.0
2022-01-31 22:00:00+00:00,108.473,108.565,108.409,108.498,5389.0
2022-02-01 22:00:00+00:00,108.474,108.566,108.47,108.522,3886.0
2022-02-02 22:00:00+00:00,108.526,108.573,108.406,108.433,6981.0
2022-02-03 22:00:00+00:00,108.437,108.441,108.188,108.213,9958.0
2022-02-06 22:00:00+00:00,108.185,108.261,108.162,108.253,6145.0
2022-02-07 22:00:00+00:00,108.253,108.261,108.148,108.152,6262.0
2022-02-08 22:00:00+00:00,108.133,108.217,108.11,108.12,7409.0
2022-02-09 22:00:00+00:00,108.114,108.175,107.571,107.689,15255.0
2022-02-10 22:00:00+00:00,107.694,107.935,107.531,107.84,23840.0
2022-02-13 22:00:00+00:00,107.862,107.879,107.605,107.685,24304.0
2022-02-14 22:00:00+00:00,107.683,107.731,107.621,107.678,16200.0
2022-02-15 22:00:00+00:00,107.674,107.847,107.641,107.786,11699.0
2022-02-16 22:00:00+00:00,107.78,107.909,107.776,107.879,14013.0
2022-02-17 22:00:00+00:00,107.887,107.957,107.819,107.911,11469.0
2022-02-20 22:00:00+00:00,107.919,107.96,107.861,107.954,5001.0
2022-02-21 22:00:00+00:00,107.973,107.985,107.716,107.739,17755.0
2022-02-22 22:00:00+00:00,107.739,107.768,107.636,107.693,11613.0
2022-02-23 22:00:00+00:00,107.705,107.979,107.699,107.727,33843.0
2022-02-24 22:00:00+00:00,107.739,107.79,107.623,107.726,16889.0
2022-02-27 22:00:00+00:00,107.905,108.074,107.852,108.035,22550.0
2022-02-28 22:00:00+00:00,108.027,108.413,107.94,108.222,38590.0
2022-03-01 22:00:00+00:00,108.208,108.387,107.84,107.883,26824.0
2022-03-02 22:00:00+00:00,107.92,108.004,107.778,107.834,21387.0
2022-03-03 22:00:00+00:00,107.836,108.106,107.789,107.968,31720.0
2022-03-06 22:00:00+00:00,107.951,108.095,107.787,107.802,28598.0
2022-03-07 22:00:00+00:00,107.802,107.818,107.615,107.701,23103.0
2022-03-08 22:00:00+00:00,107.708,107.732,107.529,107.532,16378.0
2022-03-09 22:00:00+00:00,107.536,107.594,107.413,107.474,16859.0
2022-03-10 22:00:00+00:00,107.486,107.548,107.346,107.369,11746.0
2022-03-13 21:00:00+00:00,107.369,107.385,107.107,107.119,11604.0
2022-03-14 21:00:00+00:00,107.123,107.27,107.052,107.123,11948.0
2022-03-15 21:00:00+00:00,107.113,107.169,106.818,106.926,17320.0
2022-03-16 21:00:00+00:00,106.922,107.041,106.883,106.964,13081.0
2022-03-17 21:00:00+00:00,106.963,107.02,106.862,106.919,9778.0
2022-03-20 21:00:00+00:00,106.878,106.89,106.507,106.542,10173.0
2022-03-21 21:00:00+00:00,106.526,106.549,106.382,106.44,11478.0
2022-03-22 21:00:00+00:00,106.456,106.586,106.389,106.57,9808.0
2022-03-23 21:00:00+00:00,106.568,106.574,106.423,106.457,10517.0
2022-03-24 21:00:00+00:00,106.461,106.503,106.117,106.24,15037.0
2022-03-27 21:00:00+00:00,106.225,106.242,105.955,106.102,18607.0
2022-03-28 21:00:00+00:00,106.102,106.197,105.935,106.108,20258.0
2022-03-29 21:00:00+00:00,106.126,106.257,106.086,106.236,14399.0
2022-03-30 21:00:00+00:00,106.244,106.328,106.17,106.174,13235.0
2022-03-31 21:00:00+00:00,106.152,106.183,105.909,105.927,14955.0
2022-04-03 21:00:00+00:00,105.912,106.044,105.85,105.995,13419.0
2022-04-04 21:00:00+00:00,105.993,106.05,105.776,105.8,12248.0
2022-04-05 21:00:00+00:00,105.79,105.961,105.638,105.902,21391.0
2022-04-06 21:00:00+00:00,105.906,106.043,105.89,105.922,16465.0
2022-04-07 21:00:00+00:00,105.914,105.965,105.764,105.811,12758.0
2022-04-10 21:00:00+00:00,105.763,105.89,105.656,105.857,15636.0
2022-04-11 21:00:00+00:00,105.859,106.148,105.758,106.065,21365.0
2022-04-12 21:00:00+00:00,106.071,106.345,106.005,106.185,19552.0
2022-04-13 21:00:00+00:00,106.165,106.31,105.934,105.984,20356.0
2022-04-17 21:00:00+00:00,105.919,106.025,105.859,105.994,9744.0
2022-04-18 21:00:00+00:00,105.986,106.043,105.697,105.722,12157.0
2022-04-19 21:00:00+00:00,105.72,105.832,105.661,105.759,14736.0
2022-04-20 21:00:00+00:00,105.742,105.783,105.463,105.556,15819.0
2022-04-21 21:00:00+00:00,105.558,105.612,105.378,105.61,17789.0
2022-04-24 21:00:00+00:00,105.554,105.915,105.524,105.695,19628.0
2022-04-25 21:00:00+00:00,105.648,105.97,105.616,105.962,17136.0
2022-04-26 21:00:00+00:00,105.962,105.991,105.786,105.821,22780.0
2022-04-27 21:00:00+00:00,105.817,105.898,105.65,105.773,21510.0
2022-04-28 21:00:00+00:00,105.806,105.806,105.502,105.576,18964.0
2022-05-01 21:00:00+00:00,105.561,105.641,105.517,105.552,12365.0
2022-05-02 21:00:00+00:00,105.544,105.629,105.456,105.464,12337.0
2022-05-03 21:00:00+00:00,105.458,105.789,105.339,105.725,17848.0
2022-05-04 21:00:00+00:00,105.734,105.781,105.532,105.588,21367.0
2022-05-05 21:00:00+00:00,105.57,105.744,105.507,105.559,21136.0
2022-05-08 21:00:00+00:00,105.574,105.878,105.501,105.83,19401.0
2022-05-09 21:00:00+00:00,105.83,105.926,105.753,105.8,20273.0
2022-05-10 21:00:00+00:00,105.803,105.892,105.562,105.743,21564.0
2022-05-11 21:00:00+00:00,105.733,106.0,105.694,105.902,21646.0
2022-05-12 21:00:00+00:00,105.908,105.921,105.782,105.877,15833.0
2022-05-15 21:00:00+00:00,105.877,105.944,105.805,105.892,12099.0
2022-05-16 21:00:00+00:00,105.912,105.935,105.638,105.658,14470.0
2022-05-17 21:00:00+00:00,105.644,105.772,105.609,105.733,15945.0
2022-05-18 21:00:00+00:00,105.748,105.918,105.708,105.843,18186.0
2022-05-19 21:00:00+00:00,105.854,105.961,105.786,105.904,12574.0
2022-05-22 21:00:00+00:00,105.881,105.896,105.784,105.829,10934.0
2022-05-23 21:00:00+00:00,105.862,106.155,105.824,106.099,15432.0
2022-05-24 21:00:00+00:00,106.083,106.187,106.067,106.146,13665.0
2022-05-25 21:00:00+00:00,106.134,106.281,106.095,106.183,11375.0
2022-05-26 21:00:00+00:00,106.179,106.246,106.134,106.161,7927.0
2022-05-29 21:00:00+00:00,106.153,106.165,105.965,105.973,3435.0
2022-05-30 21:00:00+00:00,105.994,106.073,105.94,106.027,11651.0
2022-05-31 21:00:00+00:00,106.023,106.025,105.776,105.839,11025.0
2022-06-01 21:00:00+00:00,105.848,105.883,105.789,105.858,9695.0
2022-06-02 21:00:00+00:00,105.858,105.899,105.765,105.827,8344.0
2022-06-05 21:00:00+00:00,105.795,105.834,105.654,105.665,6210.0
2022-06-06 21:00:00+00:00,105.657,105.737,105.601,105.657,7446.0
2022-06-07 21:00:00+00:00,105.661,105.661,105.54,105.551,5299.0
2022-06-08 21:00:00+00:00,105.533,105.573,105.407,105.453,9704.0
2022-06-09 21:00:00+00:00,105.465,105.471,104.923,104.935,13344.0
2022-06-12 21:00:00+00:00,104.911,104.911,104.198,104.35,34518.0
2022-06-13 21:00:00+00:00,104.289,104.619,104.205,104.254,25626.0
2022-06-14 21:00:00+00:00,104.242,104.776,104.242,104.735,18586.0
2022-06-15 21:00:00+00:00,104.721,104.888,104.332,104.856,18572.0
2022-06-16 21:00:00+00:00,104.832,104.904,104.618,104.725,13522.0
2022-06-19 21:00:00+00:00,104.652,104.714,104.59,104.592,3000.0
2022-06-20 21:00:00+00:00,104.587,104.742,104.553,104.722,7287.0
2022-06-21 21:00:00+00:00,104.722,105.087,104.702,105.044,9554.0
2022-06-22 21:00:00+00:00,105.044,105.46,104.979,105.148,14387.0
2022-06-23 21:00:00+00:00,105.161,105.316,105.045,105.095,10852.0
2022-06-26 21:00:00+00:00,105.122,105.137,104.942,105.0,7843.0
2022-06-27 21:00:00+00:00,104.976,105.042,104.896,104.996,8204.0
2022-06-28 21:00:00+00:00,104.984,105.129,104.938,105.121,10385.0
2022-06-29 21:00:00+00:00,105.121,105.388,105.097,105.309,10840.0
2022-06-30 21:00:00+00:00,105.323,105.812,105.262,105.598,16055.0
2022-07-03 21:00:00+00:00,105.585,105.626,105.42,105.457,2712.0
2022-07-04 21:00:00+00:00,105.468,105.708,105.32,105.603,13098.0
2022-07-05 21:00:00+00:00,105.589,105.749,105.254,105.258,13072.0
2022-07-06 21:00:00+00:00,105.262,105.351,105.149,105.222,8826.0
2022-07-07 21:00:00+00:00,105.222,105.286,104.977,105.03,9523.0
2022-07-10 21:00:00+00:00,104.991,105.231,104.978,105.12,6762.0
2022-07-11 21:00:00+00:00,105.116,105.312,105.116,105.175,9194.0
2022-07-12 21:00:00+00:00,105.183,105.216,104.847,104.987,14932.0
2022-07-13 21:00:00+00:00,105.008,105.066,104.768,105.006,14328.0
2022-07-14 21:00:00+00:00,105.014,105.189,104.937,105.045,12457.0
2022-07-17 21:00:00+00:00,105.015,105.083,104.913,104.945,7172.0
2022-07-18 21:00:00+00:00,104.949,105.022,104.798,104.81,7708.0
2022-07-19 21:00:00+00:00,104.806,104.972,104.79,104.841,7257.0
2022-07-20 21:00:00+00:00,104.841,105.147,104.772,105.127,11009.0
2022-07-21 21:00:00+00:00,105.15,105.52,105.032,105.366,12577.0
2022-07-24 21:00:00+00:00,105.348,105.358,105.236,105.275,7520.0
2022-07-25 21:00:00+00:00,105.283,105.366,105.193,105.209,6881.0
2022-07-26 21:00:00+00:00,105.216,105.393,105.13,105.299,12367.0
2022-07-27 21:00:00+00:00,105.312,105.666,105.258,105.557,12766.0
2022-07-28 21:00:00+00:00,105.545,105.63,105.374,105.506,10509.0
2022-07-31 21:00:00+00:00,105.472,105.517,105.406,105.513,8114.0
2022-08-01 21:00:00+00:00,105.525,105.626,105.118,105.184,10869.0
2022-08-02 21:00:00+00:00,105.17,105.261,104.884,105.145,11493.0
2022-08-03 21:00:00+00:00,105.141,105.255,105.041,105.188,8987.0
2022-08-04 21:00:00+00:00,105.197,105.223,104.77,104.839,9238.0
2022-08-07 21:00:00+00:00,104.77,104.906,104.756,104.882,5590.0
2022-08-08 21:00:00+00:00,104.886,104.923,104.738,104.78,4915.0
2022-08-09 21:00:00+00:00,104.766,105.161,104.733,104.894,9517.0
2022-08-10 21:00:00+00:00,104.905,105.063,104.835,104.874,7149.0
2022-08-11 21:00:00+00:00,104.872,104.973,104.805,104.829,6316.0
2022-08-14 21:00:00+00:00,104.801,104.949,104.766,104.94,4587.0
2022-08-15 21:00:00+00:00,104.952,104.97,104.768,104.787,5103.0
2022-08-16 21:00:00+00:00,104.777,104.798,104.566,104.709,7936.0
2022-08-17 21:00:00+00:00,104.709,104.854,104.637,104.854,8124.0
2022-08-18 21:00:00+00:00,104.869,104.871,104.722,104.818,5110.0
2022-08-21 21:00:00+00:00,104.81,104.814,104.611,104.677,4697.0
2022-08-22 21:00:00+00:00,104.673,104.85,104.616,104.716,7174.0
2022-08-23 21:00:00+00:00,104.732,104.816,104.571,104.607,5613.0
2022-08-24 21:00:00+00:00,104.606,104.685,104.564,104.591,6093.0
2022-08-25 21:00:00+00:00,104.598,104.627,104.428,104.516,9447.0
2022-08-28 21:00:00+00:00,104.516,104.516,104.343,104.443,5311.0
2022-08-29 21:00:00+00:00,104.445,104.505,104.289,104.394,5898.0
2022-08-30 21:00:00+00:00,104.381,104.409,104.271,104.279,5614.0
2022-08-31 21:00:00+00:00,104.287,104.333,104.16,104.258,7359.0
2022-09-01 21:00:00+00:00,104.242,104.515,104.234,104.491,6398.0
2022-09-04 21:00:00+00:00,104.503,104.558,104.353,104.367,2194.0
2022-09-05 21:00:00+00:00,104.357,104.419,104.218,104.222,7292.0
2022-09-06 21:00:00+00:00,104.228,104.373,104.204,104.369,6117.0
2022-09-07 21:00:00+00:00,104.361,104.434,104.207,104.218,7505.0
2022-09-08 21:00:00+00:00,104.222,104.335,104.1,104.121,6826.0
2022-09-11 21:00:00+00:00,104.092,104.224,104.083,104.114,4662.0
2022-09-12 21:00:00+00:00,104.122,104.257,103.69,103.768,8940.0
2022-09-13 21:00:00+00:00,103.766,103.81,103.591,103.676,7623.0
2022-09-14 21:00:00+00:00,103.668,103.711,103.481,103.51,6114.0
2022-09-15 21:00:00+00:00,103.512,103.591,103.431,103.543,4491.0
2022-09-18 21:00:00+00:00,103.526,103.544,103.343,103.415,3463.0
2022-09-19 21:00:00+00:00,103.421,103.428,103.314,103.333,5661.0
2022-09-20 21:00:00+00:00,103.345,103.446,103.023,103.14,11824.0
2022-09-21 21:00:00+00:00,103.126,103.152,102.919,102.946,12188.0
2022-09-22 21:00:00+00:00,102.954,103.01,102.699,102.792,12058.0
2022-09-25 21:00:00+00:00,102.793,102.811,102.514,102.548,13582.0
2022-09-26 21:00:00+00:00,102.54,102.837,102.54,102.68,14068.0
2022-09-27 21:00:00+00:00,102.687,103.093,102.613,102.971,19433.0
2022-09-28 21:00:00+00:00,102.977,102.983,102.778,102.868,15106.0
2022-09-29 21:00:00+00:00,102.844,102.992,102.702,102.71,13172.0
2022-10-02 21:00:00+00:00,102.72,103.198,102.718,103.037,9485.0
2022-10-03 21:00:00+00:00,103.029,103.285,103.024,103.067,11729.0
2022-10-04 21:00:00+00:00,103.053,103.123,102.862,102.96,7800.0
2022-10-05 21:00:00+00:00,102.983,103.002,102.747,102.751,7886.0
2022-10-06 21:00:00+00:00,102.743,102.77,102.592,102.643,6434.0
2022-10-09 21:00:00+00:00,102.648,102.717,102.564,102.63,3627.0
2022-10-10 21:00:00+00:00,102.63,102.739,102.563,102.662,6971.0
2022-10-11 21:00:00+00:00,102.662,102.751,102.62,102.686,8914.0
2022-10-12 21:00:00+00:00,102.699,102.759,102.211,102.336,12520.0
2022-10-13 21:00:00+00:00,102.328,102.491,102.26,102.301,9545.0
2022-10-16 21:00:00+00:00,102.276,102.494,102.256,102.411,5931.0
2022-10-17 21:00:00+00:00,102.403,102.504,102.361,102.425,6608.0
2022-10-18 21:00:00+00:00,102.414,102.441,102.16,102.166,5572.0
2022-10-19 21:00:00+00:00,102.173,102.189,102.019,102.035,6264.0
2022-10-20 21:00:00+00:00,102.044,102.391,102.007,102.338,9712.0
2022-10-23 21:00:00+00:00,102.364,102.492,102.259,102.302,9099.0
2022-10-24 21:00:00+00:00,102.286,102.535,102.282,102.394,6378.0
2022-10-25 21:00:00+00:00,102.404,102.58,102.37,102.513,7186.0
2022-10-26 21:00:00+00:00,102.5,102.754,102.407,102.735,9260.0
2022-10-27 21:00:00+00:00,102.758,102.77,102.428,102.452,9759.0
2022-10-30 21:00:00+00:00,102.428,102.428,102.251,102.317,5265.0
2022-10-31 21:00:00+00:00,102.325,102.473,102.155,102.171,7235.0
2022-11-01 21:00:00+00:00,102.175,102.387,102.001,102.021,9731.0
2022-11-02 21:00:00+00:00,102.03,102.03,101.789,101.839,7455.0
2022-11-03 21:00:00+00:00,101.849,101.979,101.666,101.931,7873.0
2022-11-06 22:00:00+00:00,101.957,101.961,101.789,101.801,4122.0
2022-11-07 22:00:00+00:00,101.797,101.952,101.77,101.952,3706.0
2022-11-08 22:00:00+00:00,101.948,102.095,101.884,102.07,4283.0
2022-11-09 22:00:00+00:00,102.091,102.622,101.989,102.547,8565.0
2022-11-10 22:00:00+00:00,102.562,102.577,102.442,102.528,2722.0
2022-11-13 22:00:00+00:00,102.463,102.471,102.361,102.446,3877.0
2022-11-14 22:00:00+00:00,102.442,102.57,102.41,102.542,6873.0
2022-11-15 22:00:00+00:00,102.529,102.589,102.424,102.513,5859.0
2022-11-16 22:00:00+00:00,102.513,102.536,102.285,102.336,4593.0
2022-11-17 22:00:00+00:00,102.33,102.358,102.182,102.185,3234.0
2022-11-20 22:00:00+00:00,102.198,102.256,102.13,102.141,3007.0
2022-11-21 22:00:00+00:00,102.133,102.23,102.128,102.155,2798.0
2022-11-22 22:00:00+00:00,102.157,102.253,102.056,102.222,5836.0
2022-11-23 22:00:00+00:00,102.232,102.371,102.222,102.325,1945.0
2022-11-24 22:00:00+00:00,102.321,102.341,102.136,102.243,3025.0
2022-11-27 22:00:00+00:00,102.265,102.351,102.227,102.317,4696.0
2022-11-28 22:00:00+00:00,102.3,102.385,102.21,102.234,4451.0
2022-11-29 22:00:00+00:00,102.226,102.581,102.091,102.571,7061.0
2022-11-30 22:00:00+00:00,102.565,102.76,102.468,102.756,6625.0
2022-12-01 22:00:00+00:00,102.748,102.87,102.414,102.672,7635.0
2022-12-04 22:00:00+00:00,102.616,102.635,102.386,102.436,5903.0
2022-12-05 22:00:00+00:00,102.433,102.54,102.387,102.47,4549.0
2022-12-06 22:00:00+00:00,102.477,102.752,102.45,102.698,5961.0
2022-12-07 22:00:00+00:00,102.69,102.694,102.571,102.594,4548.0
2022-12-08 22:00:00+00:00,102.596,102.713,102.514,102.522,4916.0
2022-12-11 22:00:00+00:00,102.507,102.594,102.415,102.483,4016.0
2022-12-12 22:00:00+00:00,102.485,102.986,102.466,102.811,7842.0
2022-12-13 22:00:00+00:00,102.809,102.96,102.653,102.84,8288.0
2022-12-14 22:00:00+00:00,102.825,102.869,102.701,102.768,6281.0
2022-12-15 22:00:00+00:00,102.77,102.926,102.656,102.869,4701.0
2022-12-18 22:00:00+00:00,102.86,102.892,102.717,102.733,2628.0
2022-12-19 22:00:00+00:00,102.741,102.768,102.625,102.735,4758.0
2022-12-20 22:00:00+00:00,102.733,102.857,102.692,102.803,3356.0
2022-12-21 22:00:00+00:00,102.819,102.859,102.696,102.708,2632.0
2022-12-22 22:00:00+00:00,102.692,102.73,102.604,102.634,2802.0
2022-12-26 22:00:00+00:00,102.641,102.641,102.397,102.491,2326.0
2022-12-27 22:00:00+00:00,102.491,102.528,102.442,102.466,2555.0
2022-12-28 22:00:00+00:00,102.466,102.506,102.413,102.443,2835.0
2022-12-29 22:00:00+00:00,102.437,102.445,102.29,102.353,3430.0
2023-01-02 22:00:00+00:00,102.431,102.512,102.36,102.439,4912.0
2023-01-03 22:00:00+00:00,102.431,102.571,102.419,102.495,5529.0
2023-01-04 22:00:00+00:00,102.488,102.488,102.22,102.291,5039.0
2023-01-05 22:00:00+00:00,102.298,102.706,102.189,102.688,8318.0
2023-01-08 22:00:00+00:00,102.679,102.831,102.613,102.782,4952.0
2023-01-09 22:00:00+00:00,102.786,102.802,102.649,102.702,4803.0
2023-01-10 22:00:00+00:00,102.708,102.789,102.668,102.759,4057.0
2023-01-11 22:00:00+00:00,102.767,102.982,102.518,102.901,9627.0
2023-01-12 22:00:00+00:00,102.893,102.976,102.727,102.743,5564.0
2023-01-15 22:00:00+00:00,102.743,102.795,102.721,102.735,1089.0
2023-01-16 22:00:00+00:00,102.737,102.864,102.688,102.8,5814.0
2023-01-17 22:00:00+00:00,102.806,103.057,102.786,103.03,9091.0
2023-01-18 22:00:00+00:00,103.036,103.124,102.926,102.958,6924.0
2023-01-19 22:00:00+00:00,102.958,102.97,102.823,102.878,4232.0
2023-01-22 22:00:00+00:00,102.872,102.91,102.747,102.771,3432.0
2023-01-23 22:00:00+00:00,102.775,102.835,102.733,102.816,4131.0
2023-01-24 22:00:00+00:00,102.816,102.903,102.785,102.864,4331.0
2023-01-25 22:00:00+00:00,102.872,102.88,102.741,102.761,4403.0
2023-01-26 22:00:00+00:00,102.757,102.765,102.679,102.72,2538.0
2023-01-29 22:00:00+00:00,102.718,102.74,102.593,102.66,3612.0
2023-01-30 22:00:00+00:00,102.667,102.775,102.636,102.732,4420.0
2023-01-31 22:00:00+00:00,102.736,102.96,102.62,102.909,7250.0
2023-02-01 22:00:00+00:00,102.902,103.043,102.887,102.915,6441.0
2023-02-02 22:00:00+00:00,102.915,102.955,102.519,102.566,7795.0
2023-02-05 22:00:00+00:00,102.543,102.554,102.193,102.225,5613.0
2023-02-06 22:00:00+00:00,102.23,102.388,102.215,102.242,6619.0
2023-02-07 22:00:00+00:00,102.238,102.333,102.203,102.31,4422.0
2023-02-08 22:00:00+00:00,102.316,102.343,102.133,102.188,4031.0
2023-02-09 22:00:00+00:00,102.186,102.2,102.092,102.108,4618.0
2023-02-12 22:00:00+00:00,102.098,102.147,102.043,102.117,2634.0
2023-02-13 22:00:00+00:00,102.119,102.314,101.869,101.909,8285.0
2023-02-14 22:00:00+00:00,101.916,101.96,101.758,101.883,5690.0
2023-02-15 22:00:00+00:00,101.879,101.978,101.81,101.866,4986.0
2023-02-16 22:00:00+00:00,101.864,101.934,101.738,101.922,4314.0
2023-02-19 22:00:00+00:00,101.907,101.916,101.857,101.859,558.0
2023-02-20 22:00:00+00:00,101.854,101.882,101.711,101.731,4262.0
2023-02-21 22:00:00+00:00,101.727,101.83,101.715,101.741,4676.0
2023-02-22 22:00:00+00:00,101.741,101.769,101.676,101.735,4102.0
2023-02-23 22:00:00+00:00,101.739,101.771,101.494,101.534,6085.0
2023-02-26 22:00:00+00:00,101.539,101.626,101.452,101.611,5012.0
2023-02-27 22:00:00+00:00,101.621,101.623,101.515,101.559,3777.0
2023-02-28 22:00:00+00:00,101.561,101.563,101.374,101.405,5430.0
2023-03-01 22:00:00+00:00,101.399,101.43,101.282,101.39,5681.0
2023-03-02 22:00:00+00:00,101.392,101.495,101.343,101.451,4768.0
2023-03-05 22:00:00+00:00,101.443,101.532,101.385,101.405,3879.0
2023-03-06 22:00:00+00:00,101.405,101.484,101.157,101.177,6676.0
2023-03-07 22:00:00+00:00,101.173,101.253,101.037,101.053,8325.0
2023-03-08 22:00:00+00:00,101.057,101.493,101.055,101.476,6903.0
2023-03-09 22:00:00+00:00,101.47,102.084,101.458,102.047,21771.0
2023-03-12 21:00:00+00:00,102.123,103.361,102.123,103.263,52017.0
2023-03-13 21:00:00+00:00,103.24,103.576,102.42,102.704,35943.0
2023-03-14 21:00:00+00:00,102.712,103.807,102.386,103.449,45554.0
2023-03-15 21:00:00+00:00,103.416,103.601,102.802,102.9,43077.0
2023-03-16 21:00:00+00:00,102.917,103.635,102.733,103.561,28714.0
2023-03-19 21:00:00+00:00,103.37,104.001,103.188,103.269,38015.0
2023-03-20 21:00:00+00:00,103.26,103.455,102.841,102.876,17157.0
2023-03-21 21:00:00+00:00,102.888,103.385,102.706,103.342,25897.0
2023-03-22 21:00:00+00:00,103.323,103.72,103.203,103.559,22263.0
2023-03-23 21:00:00+00:00,103.553,104.125,103.481,103.682,29472.0
2023-03-26 21:00:00+00:00,103.685,103.694,103.186,103.248,15430.0
2023-03-27 21:00:00+00:00,103.248,103.352,102.993,102.993,13946.0
2023-03-28 21:00:00+00:00,102.993,103.154,102.878,102.968,11221.0
2023-03-29 21:00:00+00:00,102.964,103.094,102.825,102.896,12678.0
2023-03-30 21:00:00+00:00,102.889,103.105,102.796,103.094,11437.0
2023-04-02 21:00:00+00:00,103.03,103.213,102.872,103.209,11292.0
2023-04-03 21:00:00+00:00,103.227,103.512,103.072,103.492,11477.0
2023-04-04 21:00:00+00:00,103.496,103.876,103.353,103.565,12121.0
2023-04-05 21:00:00+00:00,103.579,103.796,103.462,103.466,8995.0
2023-04-06 21:00:00+00:00,103.485,103.494,103.194,103.206,2826.0
2023-04-09 21:00:00+00:00,103.215,103.31,103.1,103.132,4744.0
2023-04-10 21:00:00+00:00,103.136,103.238,103.001,103.118,6221.0
2023-04-11 21:00:00+00:00,103.115,103.408,103.003,103.234,11537.0
2023-04-12 21:00:00+00:00,103.259,103.376,103.169,103.216,8616.0
2023-04-13 21:00:00+00:00,103.228,103.268,102.902,102.959,10018.0
2023-04-16 21:00:00+00:00,102.966,102.978,102.769,102.789,5500.0
2023-04-17 21:00:00+00:00,102.797,102.876,102.716,102.775,5266.0
2023-04-18 21:00:00+00:00,102.777,102.779,102.609,102.672,6205.0
2023-04-19 21:00:00+00:00,102.668,102.885,102.657,102.873,5466.0
2023-04-20 21:00:00+00:00,102.87,102.98,102.774,102.811,5321.0
2023-04-23 21:00:00+00:00,102.814,103.001,102.806,102.999,3234.0
2023-04-24 21:00:00+00:00,103.002,103.372,102.984,103.269,6623.0
2023-04-25 21:00:00+00:00,103.281,103.331,103.078,103.164,10505.0
2023-04-26 21:00:00+00:00,103.172,103.215,102.862,102.94,7512.0
2023-04-27 21:00:00+00:00,102.95,103.059,102.869,103.055,11479.0
2023-04-30 21:00:00+00:00,103.04,103.04,102.753,102.797,4563.0
2023-05-01 21:00:00+00:00,102.797,103.204,102.778,103.123,9517.0
2023-05-02 21:00:00+00:00,103.109,103.453,103.073,103.449,11344.0
2023-05-03 21:00:00+00:00,103.523,103.743,103.283,103.481,17618.0
2023-05-04 21:00:00+00:00,103.477,103.49,103.176,103.221,8088.0
2023-05-07 21:00:00+00:00,103.226,103.242,103.047,103.066,4912.0
2023-05-08 21:00:00+00:00,103.066,103.137,102.943,103.024,4803.0
2023-05-09 21:00:00+00:00,103.024,103.308,102.949,103.235,8718.0
2023-05-10 21:00:00+00:00,103.246,103.42,103.181,103.245,8368.0
2023-05-11 21:00:00+00:00,103.253,103.286,103.044,103.071,5369.0
2023-05-14 21:00:00+00:00,103.06,103.128,102.999,103.043,5014.0
2023-05-15 21:00:00+00:00,103.043,103.138,102.838,102.897,7571.0
2023-05-16 21:00:00+00:00,102.909,102.96,102.719,102.755,5945.0
2023-05-17 21:00:00+00:00,102.763,102.806,102.519,102.57,6615.0
2023-05-18 21:00:00+00:00,102.578,102.685,102.396,102.549,9771.0
2023-05-21 21:00:00+00:00,102.577,102.632,102.399,102.45,6607.0
2023-05-22 21:00:00+00:00,102.454,102.466,102.28,102.44,7749.0
2023-05-23 21:00:00+00:00,102.441,102.474,102.204,102.24,8450.0
2023-05-24 21:00:00+00:00,102.24,102.291,101.96,101.969,9981.0
2023-05-25 21:00:00+00:00,101.973,102.078,101.771,101.888,7245.0
2023-05-28 21:00:00+00:00,101.84,101.902,101.757,101.848,1767.0
2023-05-29 21:00:00+00:00,101.849,102.169,101.838,102.142,7388.0
2023-05-30 21:00:00+00:00,102.13,102.326,102.115,102.246,9397.0
2023-05-31 21:00:00+00:00,102.252,102.438,102.13,102.381,6228.0
2023-06-01 21:00:00+00:00,102.383,102.398,101.998,102.049,6639.0
2023-06-04 21:00:00+00:00,102.019,102.205,101.911,102.123,6642.0
2023-06-05 21:00:00+00:00,102.129,102.193,101.96,102.066,5969.0
2023-06-06 21:00:00+00:00,102.066,102.075,101.822,101.92,6308.0
2023-06-07 21:00:00+00:00,101.926,102.079,101.85,101.987,6115.0
2023-06-08 21:00:00+00:00,101.994,102.0,101.802,101.83,4636.0
2023-06-11 21:00:00+00:00,101.804,101.925,101.769,101.884,5197.0
2023-06-12 21:00:00+00:00,101.877,102.045,101.613,101.68,9738.0
2023-06-13 21:00:00+00:00,101.684,101.816,101.417,101.631,11287.0
2023-06-14 21:00:00+00:00,101.616,101.763,101.448,101.71,9051.0
2023-06-15 21:00:00+00:00,101.699,101.722,101.442,101.579,8119.0
2023-06-18 21:00:00+00:00,101.578,101.627,101.505,101.513,1560.0
2023-06-19 21:00:00+00:00,101.512,101.716,101.506,101.659,5700.0
2023-06-20 21:00:00+00:00,101.671,101.683,101.546,101.61,6806.0
2023-06-21 21:00:00+00:00,101.602,101.673,101.431,101.459,7496.0
2023-06-22 21:00:00+00:00,101.46,101.665,101.427,101.554,8649.0
2023-06-25 21:00:00+00:00,101.584,101.673,101.553,101.578,5349.0
2023-06-26 21:00:00+00:00,101.59,101.636,101.404,101.435,7375.0
2023-06-27 21:00:00+00:00,101.432,101.538,101.4,101.522,7164.0
2023-06-28 21:00:00+00:00,101.522,101.528,101.172,101.22,7533.0
2023-06-29 21:00:00+00:00,101.228,101.282,101.091,101.156,7080.0
2023-07-02 21:00:00+00:00,101.161,101.275,101.04,101.101,5306.0
2023-07-03 21:00:00+00:00,101.106,101.179,101.088,101.156,929.0
2023-07-04 21:00:00+00:00,101.158,101.211,101.065,101.081,4018.0
2023-07-05 21:00:00+00:00,101.087,101.097,100.717,101.002,9359.0
2023-07-06 21:00:00+00:00,101.012,101.228,100.924,101.064,9316.0
2023-07-09 21:00:00+00:00,101.065,101.258,101.063,101.239,4842.0
2023-07-10 21:00:00+00:00,101.236,101.312,101.174,101.214,4770.0
2023-07-11 21:00:00+00:00,101.214,101.536,101.208,101.483,7826.0
2023-07-12 21:00:00+00:00,101.48,101.764,101.48,101.703,7278.0
2023-07-13 21:00:00+00:00,101.707,101.735,101.451,101.455,5424.0
2023-07-16 21:00:00+00:00,101.47,101.585,101.465,101.521,4045.0
2023-07-17 21:00:00+00:00,101.526,101.69,101.476,101.476,6356.0
2023-07-18 21:00:00+00:00,101.476,101.618,101.449,101.481,5996.0
2023-07-19 21:00:00+00:00,101.476,101.5,101.267,101.339,5343.0
2023-07-20 21:00:00+00:00,101.343,101.384,101.292,101.344,4345.0
2023-07-23 21:00:00+00:00,101.357,101.413,101.22,101.231,5202.0
2023-07-24 21:00:00+00:00,101.23,101.273,101.146,101.209,5136.0
2023-07-25 21:00:00+00:00,101.208,101.308,101.109,101.25,7590.0
2023-07-26 21:00:00+00:00,101.25,101.334,101.056,101.092,9800.0
2023-07-27 21:00:00+00:00,101.092,101.278,101.066,101.188,10567.0
2023-07-30 21:00:00+00:00,101.201,101.26,101.129,101.206,4809.0
2023-07-31 21:00:00+00:00,101.198,101.251,101.125,101.149,4569.0
2023-08-01 21:00:00+00:00,101.149,101.257,101.102,101.209,5950.0
2023-08-02 21:00:00+00:00,101.201,101.243,101.123,101.206,6778.0
2023-08-03 21:00:00+00:00,101.208,101.418,101.034,101.402,7634.0
2023-08-06 21:00:00+00:00,101.398,101.445,101.268,101.418,3872.0
2023-08-07 21:00:00+00:00,101.414,101.511,101.388,101.457,4466.0
2023-08-08 21:00:00+00:00,101.453,101.479,101.355,101.362,3208.0
2023-08-09 21:00:00+00:00,101.37,101.522,101.29,101.309,6612.0
2023-08-10 21:00:00+00:00,101.31,101.381,101.184,101.215,5019.0
2023-08-13 21:00:00+00:00,101.189,101.243,101.081,101.093,3482.0
2023-08-14 21:00:00+00:00,101.101,101.206,100.991,101.117,5184.0
2023-08-15 21:00:00+00:00,101.122,101.219,101.054,101.101,4822.0
2023-08-16 21:00:00+00:00,101.103,101.185,101.035,101.177,5058.0
2023-08-17 21:00:00+00:00,101.179,101.235,101.143,101.153,3574.0
2023-08-20 21:00:00+00:00,101.173,101.18,101.055,101.059,3129.0
2023-08-21 21:00:00+00:00,101.067,101.105,100.983,100.987,3358.0
2023-08-22 21:00:00+00:00,100.991,101.211,100.987,101.144,4375.0
2023-08-23 21:00:00+00:00,101.146,101.166,101.04,101.052,4100.0
2023-08-24 21:00:00+00:00,101.056,101.083,100.923,100.954,5574.0
2023-08-27 21:00:00+00:00,100.976,101.067,100.915,101.044,3129.0
2023-08-28 21:00:00+00:00,101.05,101.312,100.984,101.266,4197.0
2023-08-29 21:00:00+00:00,101.266,101.385,101.194,101.294,4869.0
2023-08-30 21:00:00+00:00,101.29,101.36,101.235,101.326,4578.0
2023-08-31 21:00:00+00:00,101.326,101.525,101.267,101.292,5855.0
2023-09-03 21:00:00+00:00,101.293,101.307,101.239,101.239,755.0
2023-09-04 21:00:00+00:00,101.244,101.27,101.112,101.136,3462.0
2023-09-05 21:00:00+00:00,101.14,101.188,100.98,101.008,4042.0
2023-09-06 21:00:00+00:00,101.012,101.168,100.98,101.149,3133.0
2023-09-07 21:00:00+00:00,101.145,101.223,101.072,101.076,2731.0
2023-09-10 21:00:00+00:00,101.072,101.12,101.055,101.09,2594.0
2023-09-11 21:00:00+00:00,101.09,101.107,101.017,101.025,2087.0
2023-09-12 21:00:00+00:00,101.025,101.153,100.872,101.127,4414.0
2023-09-13 21:00:00+00:00,101.129,101.172,101.005,101.042,4983.0
2023-09-14 21:00:00+00:00,101.044,101.078,100.963,101.0,3877.0
2023-09-17 21:00:00+00:00,101.008,101.033,100.923,100.975,2625.0
2023-09-18 21:00:00+00:00,100.991,101.0,100.863,100.898,3210.0
2023-09-19 21:00:00+00:00,100.91,100.996,100.734,100.736,5287.0
2023-09-20 21:00:00+00:00,100.74,100.848,100.694,100.795,4292.0
2023-09-21 21:00:00+00:00,100.791,100.919,100.791,100.862,2633.0
2023-09-24 21:00:00+00:00,100.873,100.906,100.829,100.853,2321.0
2023-09-25 21:00:00+00:00,100.859,100.887,100.802,100.865,2951.0
2023-09-26 21:00:00+00:00,100.869,100.906,100.698,100.737,3446.0
2023-09-27 21:00:00+00:00,100.749,100.901,100.702,100.894,5305.0
2023-09-28 21:00:00+00:00,100.894,100.986,100.864,100.934,4386.0
2023-10-01 21:00:00+00:00,100.9,100.9,100.791,100.821,3558.0
2023-10-02 21:00:00+00:00,100.831,100.869,100.731,100.734,4828.0
2023-10-03 21:00:00+00:00,100.744,100.949,100.686,100.922,5222.0
2023-10-04 21:00:00+00:00,100.926,101.011,100.894,101.001,3440.0
2023-10-05 21:00:00+00:00,100.997,100.997,100.758,100.877,5101.0
2023-10-08 21:00:00+00:00,100.976,101.194,100.976,101.171,3695.0
2023-10-09 21:00:00+00:00,101.171,101.191,101.022,101.11,4437.0
2023-10-10 21:00:00+00:00,101.1,101.155,101.012,101.081,5257.0
2023-10-11 21:00:00+00:00,101.082,101.118,100.903,100.928,5315.0
2023-10-12 21:00:00+00:00,100.936,101.044,100.925,100.966,3726.0
2023-10-15 21:00:00+00:00,100.958,100.985,100.885,100.889,3923.0
2023-10-16 21:00:00+00:00,100.885,100.901,100.632,100.687,3880.0
2023-10-17 21:00:00+00:00,100.683,100.768,100.629,100.669,3917.0
2023-10-18 21:00:00+00:00,100.669,100.809,100.601,100.794,5614.0
2023-10-19 21:00:00+00:00,100.786,100.979,100.775,100.95,4289.0
2023-10-22 21:00:00+00:00,100.921,101.031,100.852,101.019,3702.0
2023-10-23 21:00:00+00:00,101.015,101.019,100.871,100.903,4312.0
2023-10-24 21:00:00+00:00,100.907,100.947,100.817,100.83,3533.0
2023-10-25 21:00:00+00:00,100.83,101.017,100.786,100.986,5270.0
2023-10-26 21:00:00+00:00,100.977,101.053,100.946,101.046,3064.0
2023-10-29 21:00:00+00:00,101.045,101.045,100.934,100.97,3011.0
2023-10-30 21:00:00+00:00,100.974,101.043,100.909,100.909,3966.0
2023-10-31 21:00:00+00:00,100.909,101.205,100.905,101.17,6957.0
2023-11-01 21:00:00+00:00,101.178,101.236,101.073,101.089,4362.0
2023-11-02 21:00:00+00:00,101.097,101.44,101.06,101.371,6719.0
2023-11-05 22:00:00+00:00,101.377,101.377,101.19,101.21,3072.0
2023-11-06 22:00:00+00:00,101.21,101.307,101.176,101.246,2873.0
2023-11-07 22:00:00+00:00,101.254,101.27,101.178,101.219,2892.0
2023-11-08 22:00:00+00:00,101.217,101.247,101.029,101.068,4212.0
2023-11-09 22:00:00+00:00,101.076,101.153,100.975,100.981,3153.0
2023-11-12 22:00:00+00:00,100.997,101.067,100.969,101.04,1684.0
2023-11-13 22:00:00+00:00,101.044,101.469,101.021,101.419,5484.0
2023-11-14 22:00:00+00:00,101.423,101.449,101.226,101.276,4224.0
2023-11-15 22:00:00+00:00,101.268,101.451,101.268,101.417,2882.0
2023-11-16 22:00:00+00:00,101.407,101.491,101.28,101.328,2954.0
2023-11-19 22:00:00+00:00,101.306,101.354,101.273,101.295,2545.0
2023-11-20 22:00:00+00:00,101.299,101.396,101.284,101.366,3255.0
2023-11-21 22:00:00+00:00,101.363,101.428,101.253,101.324,3081.0
2023-11-22 22:00:00+00:00,101.324,101.338,101.265,101.275,919.0
2023-11-23 22:00:00+00:00,101.278,101.287,101.235,101.247,1491.0
2023-11-26 22:00:00+00:00,101.238,101.427,101.199,101.412,3348.0
2023-11-27 22:00:00+00:00,101.41,101.661,101.335,101.646,4786.0
2023-11-28 22:00:00+00:00,101.644,101.917,101.634,101.835,6685.0
2023-11-29 22:00:00+00:00,101.835,101.902,101.666,101.767,5773.0
2023-11-30 22:00:00+00:00,101.762,102.049,101.7,102.048,7140.0
2023-12-03 22:00:00+00:00,102.028,102.041,101.804,101.859,4052.0
2023-12-04 22:00:00+00:00,101.859,102.018,101.848,101.984,5575.0
2023-12-05 22:00:00+00:00,101.99,101.992,101.893,101.942,4594.0
2023-12-06 22:00:00+00:00,101.942,102.004,101.854,101.938,5240.0
2023-12-07 22:00:00+00:00,101.942,101.95,101.647,101.682,6115.0
2023-12-10 22:00:00+00:00,101.684,101.715,101.585,101.713,3101.0
2023-12-11 22:00:00+00:00,101.715,101.87,101.64,101.665,4641.0
2023-12-12 22:00:00+00:00,101.669,102.282,101.659,102.267,7780.0
2023-12-13 22:00:00+00:00,102.263,102.568,102.261,102.347,11035.0
2023-12-14 22:00:00+00:00,102.339,102.407,102.155,102.239,6892.0
2023-12-17 22:00:00+00:00,102.228,102.316,102.201,102.233,2887.0
2023-12-18 22:00:00+00:00,102.241,102.309,102.203,102.253,3154.0
2023-12-19 22:00:00+00:00,102.245,102.475,102.245,102.463,4179.0
2023-12-20 22:00:00+00:00,102.471,102.536,102.356,102.439,5760.0
2023-12-21 22:00:00+00:00,102.433,102.506,102.377,102.492,4014.0
2023-12-25 22:00:00+00:00,102.478,102.486,102.392,102.424,1807.0
2023-12-26 22:00:00+00:00,102.432,102.58,102.417,102.557,2707.0
2023-12-27 22:00:00+00:00,102.56,102.56,102.46,102.487,3003.0
2023-12-28 22:00:00+00:00,102.491,102.558,102.42,102.53,3312.0
2024-01-01 22:00:00+00:00,102.546,102.572,102.365,102.417,4698.0
2024-01-02 22:00:00+00:00,102.422,102.44,102.3,102.405,5847.0
2024-01-03 22:00:00+00:00,102.41,102.466,102.266,102.289,4504.0
2024-01-04 22:00:00+00:00,102.286,102.433,102.082,102.29,9232.0
2024-01-07 22:00:00+00:00,102.289,102.466,102.209,102.319,5778.0
2024-01-08 22:00:00+00:00,102.323,102.365,102.286,102.339,3203.0
2024-01-09 22:00:00+00:00,102.343,102.416,102.316,102.347,3205.0
2024-01-10 22:00:00+00:00,102.343,102.578,102.284,102.57,9343.0
2024-01-11 22:00:00+00:00,102.57,102.806,102.482,102.758,6959.0
2024-01-14 22:00:00+00:00,102.72,102.735,102.656,102.7,1440.0
2024-01-15 22:00:00+00:00,102.693,102.751,102.549,102.623,6900.0
2024-01-16 22:00:00+00:00,102.627,102.655,102.32,102.348,7094.0
2024-01-17 22:00:00+00:00,102.352,102.444,102.312,102.368,4455.0
2024-01-18 22:00:00+00:00,102.375,102.387,102.235,102.298,5120.0
2024-01-21 22:00:00+00:00,102.302,102.346,102.251,102.296,2695.0
2024-01-22 22:00:00+00:00,102.296,102.346,102.253,102.344,2540.0
2024-01-23 22:00:00+00:00,102.344,102.436,102.25,102.262,4755.0
2024-01-24 22:00:00+00:00,102.263,102.426,102.202,102.426,5930.0
2024-01-25 22:00:00+00:00,102.423,102.456,102.29,102.322,3572.0
2024-01-28 22:00:00+00:00,102.356,102.428,102.33,102.393,2178.0
2024-01-29 22:00:00+00:00,102.398,102.451,102.265,102.367,3936.0
2024-01-30 22:00:00+00:00,102.371,102.662,102.359,102.605,13985.0
2024-01-31 22:00:00+00:00,102.597,102.745,102.51,102.605,8434.0
2024-02-01 22:00:00+00:00,102.602,102.614,102.212,102.287,8710.0
2024-02-04 22:00:00+00:00,102.277,102.277,102.084,102.102,9279.0
2024-02-05 22:00:00+00:00,102.106,102.281,102.1,102.239,6880.0
2024-02-06 22:00:00+00:00,102.246,102.316,102.184,102.188,4862.0
2024-02-07 22:00:00+00:00,102.189,102.22,102.119,102.134,3340.0
2024-02-08 22:00:00+00:00,102.138,102.196,102.052,102.077,3898.0
2024-02-11 22:00:00+00:00,102.086,102.143,102.066,102.086,1976.0
2024-02-12 22:00:00+00:00,102.09,102.194,101.7,101.724,7583.0
2024-02-13 22:00:00+00:00,101.724,101.915,101.709,101.872,4378.0
2024-02-14 22:00:00+00:00,101.873,102.02,101.864,101.897,4832.0
2024-02-15 22:00:00+00:00,101.899,101.909,101.634,101.784,4152.0
2024-02-18 22:00:00+00:00,101.796,101.798,101.755,101.777,460.0
2024-02-19 22:00:00+00:00,101.782,101.937,101.766,101.868,2562.0
2024-02-20 22:00:00+00:00,101.872,101.93,101.771,101.772,3529.0
2024-02-21 22:00:00+00:00,101.774,101.812,101.661,101.678,4640.0
2024-02-22 22:00:00+00:00,101.694,101.764,101.61,101.722,3607.0
2024-02-25 22:00:00+00:00,101.723,101.787,101.645,101.676,3147.0
2024-02-26 22:00:00+00:00,101.676,101.734,101.63,101.675,3611.0
2024-02-27 22:00:00+00:00,101.663,101.781,101.663,101.781,3496.0
2024-02-28 22:00:00+00:00,101.784,101.847,101.66,101.817,4847.0
2024-02-29 22:00:00+00:00,101.817,102.016,101.754,101.993,6561.0
2024-03-03 22:00:00+00:00,101.995,101.999,101.836,101.853,2247.0
2024-03-04 22:00:00+00:00,101.853,102.012,101.834,101.947,3589.0
2024-03-05 22:00:00+00:00,101.944,102.048,101.921,101.948,5038.0
2024-03-06 22:00:00+00:00,101.956,102.062,101.914,102.058,4312.0
2024-03-07 22:00:00+00:00,102.056,102.251,101.923,102.114,6782.0
2024-03-10 21:00:00+00:00,102.108,102.129,101.992,102.008,2385.0
2024-03-11 21:00:00+00:00,102.005,102.054,101.833,101.896,6044.0
2024-03-12 21:00:00+00:00,101.896,101.906,101.793,101.797,2475.0
2024-03-13 21:00:00+00:00,101.793,101.823,101.668,101.685,4032.0
2024-03-14 21:00:00+00:00,101.681,101.695,101.581,101.589,2741.0
2024-03-17 21:00:00+00:00,101.588,101.64,101.556,101.596,1657.0
2024-03-18 21:00:00+00:00,101.596,101.686,101.583,101.686,2676.0
2024-03-19 21:00:00+00:00,101.68,101.863,101.679,101.859,5083.0
2024-03-20 21:00:00+00:00,101.867,101.947,101.782,101.79,3215.0
2024-03-21 21:00:00+00:00,101.79,101.895,101.786,101.893,1531.0
2024-03-24 21:00:00+00:00,101.907,101.911,101.805,101.834,1544.0
2024-03-25 21:00:00+00:00,101.838,101.862,101.779,101.831,1489.0
2024-03-26 21:00:00+00:00,101.827,101.905,101.81,101.875,1460.0
2024-03-27 21:00:00+00:00,101.836,101.879,101.745,101.755,2584.0
2024-03-31 21:00:00+00:00,101.808,101.84,101.591,101.624,1800.0
2024-04-01 21:00:00+00:00,101.624,101.668,101.584,101.664,2265.0
2024-04-02 21:00:00+00:00,101.668,101.712,101.57,101.704,2956.0
2024-04-03 21:00:00+00:00,101.716,101.782,101.657,101.756,2376.0
2024-04-04 21:00:00+00:00,101.756,101.775,101.554,101.558,4526.0
2024-04-07 21:00:00+00:00,101.537,101.56,101.49,101.492,2062.0
2024-04-08 21:00:00+00:00,101.501,101.617,101.481,101.582,2499.0
2024-04-09 21:00:00+00:00,101.578,101.636,101.108,101.128,8569.0
2024-04-10 21:00:00+00:00,101.134,101.236,101.018,101.152,7398.0
2024-04-11 21:00:00+00:00,101.16,101.346,101.16,101.266,4109.0
2024-04-14 21:00:00+00:00,101.306,101.316,101.089,101.25,7976.0
2024-04-15 21:00:00+00:00,101.256,101.263,101.083,101.126,6797.0
2024-04-16 21:00:00+00:00,101.135,101.267,101.101,101.237,3708.0
2024-04-17 21:00:00+00:00,101.231,101.277,101.117,101.136,4897.0
2024-04-18 21:00:00+00:00,101.141,101.338,101.132,101.137,8326.0
2024-04-21 21:00:00+00:00,101.105,101.226,101.102,101.184,3188.0
2024-04-22 21:00:00+00:00,101.193,101.301,101.136,101.255,4253.0
2024-04-23 21:00:00+00:00,101.263,101.264,101.184,101.233,3358.0
2024-04-24 21:00:00+00:00,101.237,101.31,101.057,101.101,6263.0
2024-04-25 21:00:00+00:00,101.102,101.213,101.076,101.11,5639.0
2024-04-28 21:00:00+00:00,101.121,101.18,101.109,101.16,2205.0
2024-04-29 21:00:00+00:00,101.164,101.18,101.03,101.045,4598.0
2024-04-30 21:00:00+00:00,101.047,101.26,101.018,101.186,8067.0
2024-05-01 21:00:00+00:00,101.188,101.347,101.163,101.343,4143.0
2024-05-02 21:00:00+00:00,101.337,101.654,101.314,101.448,9156.0
2024-05-05 21:00:00+00:00,101.475,101.528,101.44,101.448,2048.0
2024-05-06 21:00:00+00:00,101.453,101.503,101.433,101.45,2476.0
2024-05-07 21:00:00+00:00,101.45,101.472,101.424,101.439,1652.0
2024-05-08 21:00:00+00:00,101.439,101.509,101.406,101.482,2386.0
2024-05-09 21:00:00+00:00,101.483,101.493,101.383,101.391,1616.0
2024-05-12 21:00:00+00:00,101.405,101.474,101.401,101.414,1332.0
2024-05-13 21:00:00+00:00,101.414,101.504,101.346,101.5,3482.0
2024-05-14 21:00:00+00:00,101.501,101.702,101.481,101.669,4710.0
2024-05-15 21:00:00+00:00,101.665,101.709,101.533,101.541,2661.0
2024-05-16 21:00:00+00:00,101.55,101.582,101.483,101.488,1219.0
2024-05-19 21:00:00+00:00,101.502,101.522,101.456,101.456,776.0
2024-05-20 21:00:00+00:00,101.46,101.518,101.452,101.5,1492.0
2024-05-21 21:00:00+00:00,101.5,101.504,101.407,101.423,1791.0
2024-05-22 21:00:00+00:00,101.423,101.449,101.275,101.311,3239.0
2024-05-23 21:00:00+00:00,101.315,101.34,101.267,101.297,1711.0
2024-05-26 21:00:00+00:00,101.307,101.342,101.295,101.318,335.0
2024-05-27 21:00:00+00:00,101.32,101.397,101.261,101.266,2099.0
2024-05-28 21:00:00+00:00,101.274,101.285,101.176,101.227,3242.0
2024-05-29 21:00:00+00:00,101.224,101.324,101.205,101.309,2084.0
2024-05-30 21:00:00+00:00,101.313,101.437,101.252,101.418,2789.0
2024-06-02 21:00:00+00:00,101.437,101.55,101.404,101.546,2357.0
2024-06-03 21:00:00+00:00,101.551,101.678,101.516,101.636,2351.0
2024-06-04 21:00:00+00:00,101.636,101.744,101.591,101.74,3493.0
2024-06-05 21:00:00+00:00,101.741,101.76,101.685,101.744,2630.0
2024-06-06 21:00:00+00:00,101.74,101.796,101.43,101.43,3898.0
2024-06-09 21:00:00+00:00,101.43,101.477,101.411,101.449,1968.0
2024-06-10 21:00:00+00:00,101.449,101.561,101.446,101.543,2353.0
2024-06-11 21:00:00+00:00,101.543,101.88,101.528,101.718,6902.0
2024-06-12 21:00:00+00:00,101.721,101.899,101.687,101.842,3621.0
2024-06-13 21:00:00+00:00,101.842,101.93,101.789,101.838,5087.0
2024-06-16 21:00:00+00:00,101.816,101.848,101.713,101.713,2974.0
2024-06-17 21:00:00+00:00,101.722,101.872,101.688,101.822,3546.0
2024-06-18 21:00:00+00:00,101.826,101.847,101.794,101.818,538.0
2024-06-19 21:00:00+00:00,101.815,101.844,101.748,101.78,2615.0
2024-06-20 21:00:00+00:00,101.78,101.864,101.761,101.784,2847.0
2024-06-23 21:00:00+00:00,101.792,101.822,101.762,101.814,1732.0
2024-06-24 21:00:00+00:00,101.815,101.837,101.759,101.772,2134.0
2024-06-25 21:00:00+00:00,101.78,101.788,101.67,101.679,2019.0
2024-06-26 21:00:00+00:00,101.681,101.782,101.657,101.752,2550.0
2024-06-27 21:00:00+00:00,101.747,101.853,101.671,101.671,4331.0
2024-06-30 21:00:00+00:00,101.677,101.734,101.608,101.663,3854.0
2024-07-01 21:00:00+00:00,101.666,101.763,101.661,101.698,2609.0
2024-07-02 21:00:00+00:00,101.706,101.849,101.642,101.772,3099.0
2024-07-03 21:00:00+00:00,101.778,101.796,101.76,101.76,444.0
2024-07-04 21:00:00+00:00,101.76,101.99,101.682,101.971,4070.0
2024-07-07 21:00:00+00:00,101.986,101.998,101.922,101.94,2209.0
2024-07-08 21:00:00+00:00,101.94,101.978,101.9,101.951,2115.0
2024-07-09 21:00:00+00:00,101.948,101.996,101.929,101.959,1998.0
2024-07-10 21:00:00+00:00,101.959,102.215,101.91,102.162,5165.0
2024-07-11 21:00:00+00:00,102.156,102.286,102.114,102.279,2638.0
2024-07-14 21:00:00+00:00,102.22,102.363,102.216,102.286,3154.0
2024-07-15 21:00:00+00:00,102.29,102.379,102.25,102.352,3094.0
2024-07-16 21:00:00+00:00,102.356,102.356,102.246,102.321,2352.0
2024-07-17 21:00:00+00:00,102.319,102.34,102.243,102.247,2173.0
2024-07-18 21:00:00+00:00,102.257,102.28,102.168,102.173,2176.0
2024-07-21 21:00:00+00:00,102.208,102.21,102.125,102.169,1455.0
2024-07-22 21:00:00+00:00,102.169,102.254,102.16,102.22,1668.0
2024-07-23 21:00:00+00:00,102.208,102.372,102.205,102.259,3497.0
2024-07-24 21:00:00+00:00,102.267,102.436,102.224,102.26,5285.0
2024-07-25 21:00:00+00:00,102.252,102.367,102.205,102.348,3148.0
2024-07-28 21:00:00+00:00,102.352,102.405,102.321,102.325,1630.0
2024-07-29 21:00:00+00:00,102.325,102.426,102.309,102.404,2789.0
2024-07-30 21:00:00+00:00,102.402,102.602,102.341,102.594,6740.0
2024-07-31 21:00:00+00:00,102.601,102.836,102.519,102.815,8609.0
2024-08-01 21:00:00+00:00,102.819,103.396,102.782,103.326,18085.0
2024-08-04 21:00:00+00:00,103.318,103.758,103.214,103.261,33652.0
2024-08-05 21:00:00+00:00,103.281,103.304,103.061,103.152,16226.0
2024-08-06 21:00:00+00:00,103.174,103.193,103.025,103.168,10136.0
2024-08-07 21:00:00+00:00,103.164,103.273,102.94,103.023,10420.0
2024-08-08 21:00:00+00:00,103.023,103.085,102.973,102.981,5578.0
2024-08-11 21:00:00+00:00,102.953,103.093,102.94,103.059,4999.0
2024-08-12 21:00:00+00:00,103.051,103.219,103.038,103.219,5439.0
2024-08-13 21:00:00+00:00,103.21,103.374,103.096,103.168,8075.0
2024-08-14 21:00:00+00:00,103.165,103.194,102.868,102.907,7182.0
2024-08-15 21:00:00+00:00,102.911,103.03,102.883,102.985,6238.0
2024-08-18 21:00:00+00:00,102.942,103.026,102.927,102.962,3437.0
2024-08-19 21:00:00+00:00,102.962,103.106,102.95,103.106,3538.0
2024-08-20 21:00:00+00:00,103.107,103.282,103.062,103.203,8412.0
2024-08-21 21:00:00+00:00,103.196,103.225,103.024,103.059,5296.0
2024-08-22 21:00:00+00:00,103.064,103.239,103.027,103.219,6887.0
2024-08-25 21:00:00+00:00,103.225,103.298,103.188,103.188,4025.0
2024-08-26 21:00:00+00:00,103.192,103.266,103.147,103.262,3193.0
2024-08-27 21:00:00+00:00,103.257,103.285,103.227,103.235,3264.0
2024-08-28 21:00:00+00:00,103.235,103.282,103.172,103.175,4796.0
2024-08-29 21:00:00+00:00,103.181,103.183,103.094,103.138,3477.0
2024-09-01 21:00:00+00:00,103.129,103.149,103.1,103.118,761.0
2024-09-02 21:00:00+00:00,103.111,103.309,103.094,103.245,4847.0
2024-09-03 21:00:00+00:00,103.229,103.475,103.221,103.471,6487.0
2024-09-04 21:00:00+00:00,103.468,103.56,103.397,103.492,5834.0
2024-09-05 21:00:00+00:00,103.496,103.791,103.292,103.691,15217.0
2024-09-08 21:00:00+00:00,103.675,103.71,103.576,103.668,4246.0
2024-09-09 21:00:00+00:00,103.665,103.818,103.605,103.81,4531.0
2024-09-10 21:00:00+00:00,103.798,103.9,103.624,103.714,9784.0
2024-09-11 21:00:00+00:00,103.711,103.776,103.594,103.705,7692.0
2024-09-12 21:00:00+00:00,103.709,103.855,103.709,103.803,5587.0
2024-09-15 21:00:00+00:00,103.853,103.918,103.818,103.873,3961.0
2024-09-16 21:00:00+00:00,103.863,103.896,103.746,103.758,5154.0
2024-09-17 21:00:00+00:00,103.763,103.876,103.646,103.706,9900.0
2024-09-18 21:00:00+00:00,103.71,103.798,103.633,103.785,6974.0
2024-09-19 21:00:00+00:00,103.787,103.819,103.653,103.76,5039.0
2024-09-22 21:00:00+00:00,103.767,103.835,103.712,103.787,5683.0
2024-09-23 21:00:00+00:00,103.787,103.901,103.727,103.89,6088.0
2024-09-24 21:00:00+00:00,103.89,103.89,103.782,103.79,4579.0
2024-09-25 21:00:00+00:00,103.794,103.86,103.656,103.658,5128.0
2024-09-26 21:00:00+00:00,103.664,103.812,103.63,103.798,5029.0
2024-09-29 21:00:00+00:00,103.793,103.814,103.591,103.642,5873.0
2024-09-30 21:00:00+00:00,103.643,103.786,103.633,103.714,7267.0
2024-10-01 21:00:00+00:00,103.706,103.734,103.613,103.645,4125.0
2024-10-02 21:00:00+00:00,103.646,103.65,103.498,103.51,4955.0
2024-10-03 21:00:00+00:00,103.517,103.539,103.057,103.073,8048.0
2024-10-06 21:00:00+00:00,103.014,103.065,102.892,102.952,6701.0
2024-10-07 21:00:00+00:00,102.961,103.056,102.944,103.017,4471.0
2024-10-08 21:00:00+00:00,103.013,103.049,102.881,102.885,4081.0
2024-10-09 21:00:00+00:00,102.894,103.029,102.71,103.011,11022.0
2024-10-10 21:00:00+00:00,103.012,103.055,102.945,103.013,4028.0
2024-10-13 21:00:00+00:00,103.013,103.03,102.91,102.982,1447.0
2024-10-14 21:00:00+00:00,102.982,103.087,102.978,103.05,3585.0
2024-10-15 21:00:00+00:00,103.05,103.112,103.043,103.07,2608.0
2024-10-16 21:00:00+00:00,103.072,103.079,102.93,103.004,4622.0
2024-10-17 21:00:00+00:00,103.006,103.062,102.978,103.05,2638.0
2024-10-20 21:00:00+00:00,103.054,103.066,102.888,102.888,3169.0
2024-10-21 21:00:00+00:00,102.892,102.923,102.83,102.865,3598.0
2024-10-22 21:00:00+00:00,102.87,102.874,102.773,102.785,3206.0
2024-10-23 21:00:00+00:00,102.778,102.887,102.774,102.806,4184.0
2024-10-24 21:00:00+00:00,102.815,102.9,102.738,102.749,3780.0
2024-10-27 21:00:00+00:00,102.729,102.791,102.671,102.691,3828.0
2024-10-28 21:00:00+00:00,102.699,102.778,102.629,102.774,4082.0
2024-10-29 21:00:00+00:00,102.775,102.824,102.612,102.616,5331.0
2024-10-30 21:00:00+00:00,102.62,102.68,102.55,102.629,6186.0
2024-10-31 21:00:00+00:00,102.634,102.831,102.51,102.557,7167.0
2024-11-03 22:00:00+00:00,102.697,102.723,102.615,102.659,3972.0
2024-11-04 22:00:00+00:00,102.655,102.663,102.507,102.614,3887.0
2024-11-05 22:00:00+00:00,102.583,102.634,102.373,102.451,22352.0
2024-11-06 22:00:00+00:00,102.452,102.593,102.421,102.577,8547.0
2024-11-07 22:00:00+00:00,102.574,102.627,102.458,102.482,4351.0
2024-11-10 22:00:00+00:00,102.481,102.485,102.382,102.431,1440.0
2024-11-11 22:00:00+00:00,102.429,102.456,102.288,102.332,5001.0
2024-11-12 22:00:00+00:00,102.324,102.511,102.28,102.431,6878.0
2024-11-13 22:00:00+00:00,102.434,102.516,102.283,102.326,6432.0
2024-11-14 22:00:00+00:00,102.323,102.464,102.268,102.391,6587.0
2024-11-17 22:00:00+00:00,102.416,102.457,102.358,102.445,4002.0
2024-11-18 22:00:00+00:00,102.45,102.585,102.442,102.447,5128.0
2024-11-19 22:00:00+00:00,102.451,102.475,102.386,102.389,3787.0
2024-11-20 22:00:00+00:00,102.401,102.455,102.333,102.345,5206.0
2024-11-21 22:00:00+00:00,102.349,102.402,102.291,102.303,4123.0
2024-11-24 22:00:00+00:00,102.38,102.531,102.34,102.515,4966.0
2024-11-25 22:00:00+00:00,102.513,102.549,102.428,102.503,4152.0
2024-11-26 22:00:00+00:00,102.512,102.634,102.499,102.56,4520.0
2024-11-27 22:00:00+00:00,102.553,102.59,102.549,102.571,810.0
2024-11-28 22:00:00+00:00,102.581,102.686,102.563,102.671,2857.0
2024-12-01 22:00:00+00:00,102.678,102.693,102.556,102.665,4156.0
2024-12-02 22:00:00+00:00,102.669,102.745,102.644,102.668,3261.0
2024-12-03 22:00:00+00:00,102.668,102.812,102.616,102.781,4323.0
2024-12-04 22:00:00+00:00,102.781,102.781,102.685,102.748,3065.0
2024-12-05 22:00:00+00:00,102.748,102.901,102.65,102.83,5291.0
2024-12-08 22:00:00+00:00,102.847,102.851,102.78,102.792,2144.0
2024-12-09 22:00:00+00:00,102.797,102.82,102.705,102.741,2826.0
2024-12-10 22:00:00+00:00,102.745,102.845,102.688,102.721,5008.0
2024-12-11 22:00:00+00:00,102.724,102.762,102.634,102.645,4090.0
2024-12-12 22:00:00+00:00,102.645,102.659,102.532,102.532,2399.0
2024-12-15 22:00:00+00:00,102.55,102.595,102.525,102.526,2260.0
2024-12-16 22:00:00+00:00,102.53,102.564,102.463,102.536,2860.0
2024-12-17 22:00:00+00:00,102.548,102.613,102.286,102.302,6424.0
2024-12-18 22:00:00+00:00,102.294,102.441,102.294,102.368,5915.0
2024-12-19 22:00:00+00:00,102.372,102.517,102.368,102.402,3641.0
2024-12-22 22:00:00+00:00,102.42,102.42,102.337,102.352,2212.0
2024-12-23 22:00:00+00:00,102.364,102.37,102.308,102.357,1596.0
2024-12-25 22:00:00+00:00,102.363,102.385,102.307,102.373,1485.0
2024-12-26 22:00:00+00:00,102.378,102.427,102.356,102.373,1485.0
2024-12-29 22:00:00+00:00,102.387,102.553,102.383,102.549,1479.0
2024-12-30 22:00:00+00:00,102.545,102.602,102.513,102.536,1849.0
2025-01-01 22:00:00+00:00,102.54,102.62,102.496,102.544,3397.0
2025-01-02 22:00:00+00:00,102.544,102.577,102.468,102.476,2244.0
2025-01-05 22:00:00+00:00,102.466,102.551,102.443,102.493,4244.0
2025-01-06 22:00:00+00:00,102.489,102.529,102.406,102.461,3602.0
2025-01-07 22:00:00+00:00,102.461,102.525,102.42,102.483,3524.0
2025-01-08 22:00:00+00:00,102.487,102.552,102.485,102.525,1838.0
2025-01-09 22:00:00+00:00,102.533,102.553,102.26,102.295,5528.0
2025-01-12 22:00:00+00:00,102.272,102.3,102.217,102.296,2817.0
2025-01-13 22:00:00+00:00,102.304,102.357,102.263,102.319,3531.0
2025-01-14 22:00:00+00:00,102.323,102.54,102.311,102.513,4261.0
2025-01-15 22:00:00+00:00,102.509,102.597,102.423,102.583,4341.0
2025-01-16 22:00:00+00:00,102.575,102.612,102.488,102.488,2513.0
2025-01-19 22:00:00+00:00,102.487,102.566,102.475,102.552,1472.0
2025-01-20 22:00:00+00:00,102.567,102.626,102.48,102.524,3762.0
2025-01-21 22:00:00+00:00,102.528,102.558,102.472,102.484,2894.0
2025-01-22 22:00:00+00:00,102.484,102.533,102.471,102.507,2806.0
2025-01-23 22:00:00+00:00,102.511,102.607,102.511,102.557,2878.0
2025-01-26 22:00:00+00:00,102.571,102.759,102.563,102.699,5128.0
2025-01-27 22:00:00+00:00,102.699,102.713,102.641,102.709,2578.0
2025-01-28 22:00:00+00:00,102.709,102.734,102.591,102.673,3597.0
2025-01-29 22:00:00+00:00,102.677,102.726,102.655,102.68,2888.0
2025-01-30 22:00:00+00:00,102.68,102.721,102.629,102.699,3777.0
2025-02-02 22:00:00+00:00,102.596,102.692,102.55,102.611,8155.0
2025-02-03 22:00:00+00:00,102.596,102.687,102.566,102.677,3783.0
2025-02-04 22:00:00+00:00,102.665,102.776,102.649,102.73,3148.0
2025-02-05 22:00:00+00:00,102.734,102.734,102.67,102.679,3081.0
2025-02-06 22:00:00+00:00,102.679,102.784,102.533,102.537,5235.0
2025-02-09 22:00:00+00:00,102.539,102.623,102.534,102.576,1983.0
2025-02-10 22:00:00+00:00,102.578,102.602,102.534,102.553,2289.0
2025-02-11 22:00:00+00:00,102.546,102.6,102.371,102.432,4437.0
2025-02-12 22:00:00+00:00,102.432,102.54,102.422,102.521,3663.0
2025-02-13 22:00:00+00:00,102.525,102.652,102.513,102.61,2391.0
2025-02-16 22:00:00+00:00,102.616,102.638,102.601,102.63,339.0
2025-02-17 22:00:00+00:00,102.635,102.637,102.544,102.548,1362.0
2025-02-18 22:00:00+00:00,102.544,102.621,102.54,102.617,2011.0
2025-02-19 22:00:00+00:00,102.617,102.666,102.609,102.62,1789.0
2025-02-20 22:00:00+00:00,102.616,102.78,102.612,102.752,3149.0
2025-02-23 22:00:00+00:00,102.746,102.835,102.721,102.814,2561.0
2025-02-24 22:00:00+00:00,102.816,102.998,102.809,102.966,3634.0
2025-02-25 22:00:00+00:00,102.962,103.042,102.897,103.023,3269.0
2025-02-26 22:00:00+00:00,103.023,103.069,102.935,103.057,4068.0
2025-02-27 22:00:00+00:00,103.053,103.2,103.019,103.18,5672.0
2025-03-02 22:00:00+00:00,103.134,103.289,103.09,103.258,5412.0
2025-03-03 22:00:00+00:00,103.269,103.485,103.186,103.194,10181.0
2025-03-04 22:00:00+00:00,103.178,103.383,103.154,103.158,10553.0
2025-03-05 22:00:00+00:00,103.166,103.343,103.084,103.242,10736.0
2025-03-06 22:00:00+00:00,103.242,103.38,103.124,103.167,10808.0
2025-03-09 21:00:00+00:00,103.234,103.419,103.199,103.408,7267.0
2025-03-10 21:00:00+00:00,103.42,103.526,103.271,103.282,10747.0
2025-03-11 21:00:00+00:00,103.282,103.37,103.163,103.195,7030.0
2025-03-12 21:00:00+00:00,103.198,103.314,103.146,103.262,6029.0
2025-03-13 21:00:00+00:00,103.268,103.272,103.125,103.138,4060.0
2025-03-16 21:00:00+00:00,103.147,103.19,103.055,103.09,4993.0
2025-03-17 21:00:00+00:00,103.076,103.136,103.057,103.097,3940.0
2025-03-18 21:00:00+00:00,103.101,103.244,103.01,103.236,4151.0
2025-03-19 21:00:00+00:00,103.232,103.344,103.198,103.259,3822.0
2025-03-20 21:00:00+00:00,103.255,103.361,103.235,103.292,3499.0
2025-03-23 21:00:00+00:00,103.277,103.281,103.116,103.128,2360.0
2025-03-24 21:00:00+00:00,103.132,103.208,103.087,103.166,2429.0
2025-03-25 21:00:00+00:00,103.158,103.172,103.113,103.125,2764.0
2025-03-26 21:00:00+00:00,103.143,103.209,103.092,103.179,4025.0
2025-03-27 21:00:00+00:00,103.183,103.361,103.167,103.349,4613.0
2025-03-30 21:00:00+00:00,103.401,103.496,103.329,103.403,5379.0
2025-03-31 21:00:00+00:00,103.387,103.483,103.384,103.41,4968.0
2025-04-01 21:00:00+00:00,103.402,103.509,103.256,103.439,8902.0
2025-04-02 21:00:00+00:00,103.576,103.804,103.526,103.804,18863.0
2025-04-03 21:00:00+00:00,103.793,104.247,103.771,103.874,43649.0
2025-04-06 21:00:00+00:00,104.44,104.488,103.439,103.671,75274.0
2025-04-07 21:00:00+00:00,103.659,103.86,103.478,103.755,33382.0
2025-04-08 21:00:00+00:00,103.72,103.899,103.126,103.375,66558.0
2025-04-09 21:00:00+00:00,103.363,103.619,103.314,103.452,31174.0
2025-04-10 21:00:00+00:00,103.448,103.59,103.248,103.272,27127.0
2025-04-13 21:00:00+00:00,103.204,103.544,103.204,103.497,9834.0
2025-04-14 21:00:00+00:00,103.505,103.574,103.436,103.499,5996.0
2025-04-15 21:00:00+00:00,103.515,103.659,103.515,103.651,7278.0
2025-04-16 21:00:00+00:00,103.651,103.675,103.554,103.626,6416.0
2025-04-20 21:00:00+00:00,103.626,103.772,103.62,103.671,4301.0
2025-04-21 21:00:00+00:00,103.676,103.695,103.56,103.564,4623.0
2025-04-22 21:00:00+00:00,103.444,103.652,103.43,103.43,10550.0
2025-04-23 21:00:00+00:00,103.448,103.6,103.444,103.573,4355.0
2025-04-24 21:00:00+00:00,103.569,103.662,103.531,103.662,3662.0
2025-04-27 21:00:00+00:00,103.659,103.81,103.61,103.775,3038.0
2025-04-28 21:00:00+00:00,103.778,103.866,103.74,103.856,3310.0
2025-04-29 21:00:00+00:00,103.852,103.979,103.806,103.936,5694.0
2025-04-30 21:00:00+00:00,103.916,104.032,103.712,103.751,4860.0
2025-05-01 21:00:00+00:00,103.744,103.776,103.476,103.512,6462.0
2025-05-04 21:00:00+00:00,103.533,103.588,103.457,103.5,3703.0
2025-05-05 21:00:00+00:00,103.512,103.612,103.477,103.6,3182.0
2025-05-06 21:00:00+00:00,103.6,103.649,103.519,103.606,5358.0
2025-05-07 21:00:00+00:00,103.603,103.611,103.363,103.433,4228.0
2025-05-08 21:00:00+00:00,103.426,103.506,103.388,103.392,3211.0
2025-05-11 21:00:00+00:00,103.328,103.364,103.162,103.179,4660.0
2025-05-12 21:00:00+00:00,103.183,103.285,103.153,103.192,3098.0
2025-05-13 21:00:00+00:00,103.192,103.222,103.078,103.094,3317.0
2025-05-14 21:00:00+00:00,103.094,103.276,103.091,103.26,3539.0
2025-05-15 21:00:00+00:00,103.26,103.327,103.173,103.173,2962.0
2025-05-18 21:00:00+00:00,103.198,103.258,103.131,103.236,3835.0
2025-05-19 21:00:00+00:00,103.236,103.281,103.202,103.253,2602.0
2025-05-20 21:00:00+00:00,103.253,103.296,103.162,103.167,2751.0
2025-05-21 21:00:00+00:00,103.17,103.25,103.163,103.216,3321.0
2025-05-22 21:00:00+00:00,103.227,103.378,103.202,103.222,5109.0
2025-05-25 21:00:00+00:00,103.231,103.234,103.165,103.232,734.0
2025-05-26 21:00:00+00:00,103.233,103.297,103.225,103.263,2772.0
2025-05-27 21:00:00+00:00,103.267,103.284,103.187,103.212,1806.0
2025-05-28 21:00:00+00:00,103.208,103.331,103.09,103.319,4394.0
2025-05-29 21:00:00+00:00,103.323,103.419,103.296,103.396,3796.0
2025-06-01 21:00:00+00:00,103.409,103.414,103.306,103.322,2447.0
2025-06-02 21:00:00+00:00,103.319,103.371,103.251,103.286,2193.0
2025-06-03 21:00:00+00:00,103.287,103.48,103.253,103.469,3430.0
2025-06-04 21:00:00+00:00,103.457,103.544,103.331,103.358,4446.0
2025-06-05 21:00:00+00:00,103.358,103.387,103.108,103.115,4500.0
2025-06-08 21:00:00+00:00,103.133,103.225,103.133,103.199,1723.0
2025-06-09 21:00:00+00:00,103.199,103.243,103.159,103.162,1776.0
2025-06-10 21:00:00+00:00,103.166,103.332,103.084,103.303,3592.0
2025-06-11 21:00:00+00:00,103.313,103.458,103.313,103.398,3196.0
2025-06-12 21:00:00+00:00,103.402,103.504,103.256,103.319,5974.0
2025-06-15 21:00:00+00:00,103.29,103.335,103.232,103.276,3046.0
2025-06-16 21:00:00+00:00,103.276,103.401,103.268,103.322,3879.0
2025-06-17 21:00:00+00:00,103.33,103.469,103.308,103.345,4634.0
2025-06-18 21:00:00+00:00,103.341,103.394,103.325,103.378,832.0
2025-06-19 21:00:00+00:00,103.383,103.451,103.303,103.42,2386.0
2025-06-22 21:00:00+00:00,103.412,103.619,103.376,103.519,4011.0
2025-06-23 21:00:00+00:00,103.511,103.634,103.499,103.595,3870.0
2025-06-24 21:00:00+00:00,103.599,103.661,103.554,103.629,2275.0
2025-06-25 21:00:00+00:00,103.633,103.78,103.629,103.752,2590.0
2025-06-26 21:00:00+00:00,103.75,103.755,103.673,103.697,2141.0
2025-06-29 21:00:00+00:00,103.703,103.768,103.699,103.749,2450.0
2025-06-30 21:00:00+00:00,103.753,103.801,103.623,103.642,3064.0
2025-07-01 21:00:00+00:00,103.642,103.707,103.594,103.618,2982.0
2025-07-02 21:00:00+00:00,103.63,103.678,103.358,103.445,4482.0
2025-07-03 21:00:00+00:00,103.451,103.515,103.438,103.475,633.0
2025-07-06 21:00:00+00:00,103.47,103.505,103.409,103.422,2027.0
2025-07-07 21:00:00+00:00,103.426,103.442,103.381,103.432,2254.0
2025-07-08 21:00:00+00:00,103.428,103.521,103.403,103.517,2091.0
2025-07-09 21:00:00+00:00,103.521,103.533,103.433,103.461,1769.0
2025-07-10 21:00:00+00:00,103.465,103.481,103.382,103.429,1844.0
2025-07-13 21:00:00+00:00,103.443,103.464,103.398,103.41,1663.0
2025-07-14 21:00:00+00:00,103.415,103.447,103.3,103.335,3353.0
2025-07-15 21:00:00+00:00,103.328,103.501,103.309,103.432,5393.0
2025-07-16 21:00:00+00:00,103.439,103.449,103.34,103.407,2567.0
2025-07-17 21:00:00+00:00,103.407,103.495,103.403,103.469,1873.0
2025-07-20 21:00:00+00:00,103.466,103.534,103.45,103.5,1464.0
2025-07-21 21:00:00+00:00,103.5,103.572,103.479,103.554,1573.0
2025-07-22 21:00:00+00:00,103.55,103.554,103.448,103.463,1805.0
2025-07-23 21:00:00+00:00,103.459,103.471,103.37,103.4,2028.0
2025-07-24 21:00:00+00:00,103.396,103.414,103.37,103.379,1579.0
2025-07-27 21:00:00+00:00,103.369,103.422,103.354,103.38,1510.0
2025-07-28 21:00:00+00:00,103.38,103.484,103.37,103.48,1983.0
2025-07-29 21:00:00+00:00,103.476,103.498,103.331,103.343,3773.0
2025-07-30 21:00:00+00:00,103.339,103.388,103.299,103.31,2248.0
2025-07-31 21:00:00+00:00,103.306,103.859,103.299,103.824,6912.0
2025-08-03 21:00:00+00:00,103.881,103.896,103.749,103.852,3999.0
2025-08-04 21:00:00+00:00,103.844,103.876,103.745,103.753,2864.0
2025-08-05 21:00:00+00:00,103.757,103.811,103.72,103.776,2069.0
2025-08-06 21:00:00+00:00,103.776,103.803,103.732,103.747,2638.0
2025-08-07 21:00:00+00:00,103.747,103.759,103.675,103.68,1100.0
2025-08-10 21:00:00+00:00,103.682,103.722,103.672,103.676,1113.0
2025-08-11 21:00:00+00:00,103.677,103.815,103.662,103.746,3463.0
2025-08-12 21:00:00+00:00,103.746,103.865,103.727,103.85,1812.0
2025-08-13 21:00:00+00:00,103.85,103.891,103.717,103.74,2700.0
2025-08-14 21:00:00+00:00,103.732,103.781,103.684,103.696,2580.0
2025-08-17 21:00:00+00:00,103.69,103.734,103.661,103.681,1288.0
2025-08-18 21:00:00+00:00,103.685,103.73,103.662,103.707,1042.0
2025-08-19 21:00:00+00:00,103.711,103.78,103.685,103.718,1909.0
2025-08-20 21:00:00+00:00,103.718,103.736,103.614,103.635,2172.0
2025-08-21 21:00:00+00:00,103.647,103.852,103.614,103.81,4110.0
2025-08-24 21:00:00+00:00,103.815,103.816,103.744,103.763,1317.0
2025-08-25 21:00:00+00:00,103.763,103.843,103.752,103.83,2979.0
2025-08-26 21:00:00+00:00,103.832,103.908,103.797,103.908,1427.0
2025-08-27 21:00:00+00:00,103.908,103.912,103.829,103.869,1511.0
2025-08-28 21:00:00+00:00,103.865,103.918,103.84,103.895,1404.0
2025-08-31 21:00:00+00:00,103.897,103.901,103.852,103.869,277.0
2025-09-01 21:00:00+00:00,103.877,103.878,103.782,103.845,1531.0
2025-09-02 21:00:00+00:00,103.844,103.934,103.808,103.891,1655.0
2025-09-03 21:00:00+00:00,103.892,103.973,103.892,103.96,2436.0
2025-09-04 21:00:00+00:00,103.956,104.2,103.949,104.104,4531.0
2025-09-07 21:00:00+00:00,104.102,104.17,104.076,104.16,1701.0
2025-09-08 21:00:00+00:00,104.16,104.169,104.019,104.023,2169.0
2025-09-09 21:00:00+00:00,104.007,104.115,104.007,104.046,2364.0
2025-09-10 21:00:00+00:00,104.046,104.195,103.981,104.052,3785.0
2025-09-11 21:00:00+00:00,104.048,104.064,103.989,104.012,1562.0
2025-09-14 21:00:00+00:00,103.996,104.084,103.992,104.058,1217.0
2025-09-15 21:00:00+00:00,104.062,104.126,104.04,104.126,1652.0
2025-09-16 21:00:00+00:00,104.131,104.199,104.024,104.032,4373.0
2025-09-17 21:00:00+00:00,104.032,104.1,103.964,104.008,2335.0
2025-09-18 21:00:00+00:00,104.008,104.014,103.955,103.988,1440.0
2025-09-21 21:00:00+00:00,104.002,104.016,103.927,103.935,1413.0
2025-09-22 21:00:00+00:00,103.943,103.981,103.921,103.965,1554.0
2025-09-23 21:00:00+00:00,103.977,103.978,103.89,103.894,1374.0
2025-09-24 21:00:00+00:00,103.894,103.911,103.772,103.797,2204.0
2025-09-25 21:00:00+00:00,103.797,103.834,103.775,103.815,1839.0
2025-09-28 21:00:00+00:00,103.829,103.875,103.823,103.875,813.0
2025-09-29 21:00:00+00:00,103.867,103.936,103.867,103.894,1767.0
2025-09-30 21:00:00+00:00,103.89,104.041,103.879,104.041,2214.0
2025-10-01 21:00:00+00:00,104.037,104.049,103.965,104.029,1180.0
2025-10-02 21:00:00+00:00,104.032,104.034,103.957,103.957,1164.0
2025-10-05 21:00:00+00:00,103.956,103.977,103.927,103.944,1405.0
2025-10-06 21:00:00+00:00,103.944,104.001,103.915,103.99,1293.0
2025-10-07 21:00:00+00:00,103.99,104.011,103.934,103.958,1153.0
2025-10-08 21:00:00+00:00,103.958,103.974,103.921,103.937,1254.0
2025-10-09 21:00:00+00:00,103.945,104.116,103.934,104.108,3035.0
2025-10-12 21:00:00+00:00,104.067,104.137,104.045,104.129,907.0
2025-10-13 21:00:00+00:00,104.118,104.197,104.099,104.167,3012.0
2025-10-14 21:00:00+00:00,104.152,104.2,104.108,104.136,1637.0
2025-10-15 21:00:00+00:00,104.132,104.306,104.103,104.275,3872.0
2025-10-16 21:00:00+00:00,104.276,104.366,104.184,104.208,4613.0
2025-10-19 21:00:00+00:00,104.183,104.228,104.172,104.217,1464.0
2025-10-20 21:00:00+00:00,104.214,104.254,104.195,104.224,1623.0
2025-10-21 21:00:00+00:00,104.228,104.262,104.208,104.243,2011.0
2025-10-22 21:00:00+00:00,104.252,104.26,104.147,104.157,1465.0
2025-10-23 21:00:00+00:00,104.157,104.261,104.128,104.164,2733.0
2025-10-26 21:00:00+00:00,104.135,104.157,104.106,104.153,1787.0
2025-10-27 21:00:00+00:00,104.157,104.163,104.106,104.149,1512.0
2025-10-28 21:00:00+00:00,104.146,104.157,103.93,103.953,3836.0
2025-10-29 21:00:00+00:00,103.953,103.99,103.885,103.933,2588.0
2025-10-30 21:00:00+00:00,103.937,103.991,103.912,103.987,1919.0
2025-11-02 22:00:00+00:00,103.99,104.002,103.929,103.946,1426.0
2025-11-03 22:00:00+00:00,103.946,104.021,103.94,104.0,1479.0
2025-11-04 22:00:00+00:00,104.004,104.054,103.885,103.893,2258.0
2025-11-05 22:00:00+00:00,103.897,104.056,103.897,104.041,2019.0
2025-11-06 22:00:00+00:00,104.041,104.09,103.992,104.028,2750.0
2025-11-09 22:00:00+00:00,103.984,104.018,103.958,103.984,1555.0
2025-11-10 22:00:00+00:00,103.98,104.064,103.976,104.057,536.0
2025-11-11 22:00:00+00:00,104.045,104.061,104.008,104.021,1562.0
2025-11-12 22:00:00+00:00,104.025,104.03,103.952,103.985,2093.0
2025-11-13 22:00:00+00:00,103.977,104.077,103.929,103.945,2522.0
2025-11-16 22:00:00+00:00,103.952,103.984,103.934,103.955,1381.0
2025-11-17 22:00:00+00:00,103.959,104.078,103.947,104.024,2740.0
2025-11-18 22:00:00+00:00,104.02,104.058,103.972,103.984,2047.0
2025-11-19 22:00:00+00:00,103.984,104.103,103.9,104.097,3870.0
2025-11-20 22:00:00+00:00,104.093,104.192,104.054,104.146,3515.0
2025-11-23 22:00:00+00:00,104.137,104.167,104.112,104.163,1301.0
2025-11-24 22:00:00+00:00,104.164,104.209,104.13,104.202,2760.0
2025-11-25 22:00:00+00:00,104.191,104.197,104.122,104.172,2401.0
2025-11-26 22:00:00+00:00,104.168,104.176,104.142,104.166,526.0
2025-11-27 22:00:00+00:00,104.166,104.216,104.126,104.138,2709.0
2025-11-30 22:00:00+00:00,104.13,104.18,104.056,104.072,1379.0
2025-12-01 22:00:00+00:00,104.073,104.113,104.05,104.11,857.0
2025-12-02 22:00:00+00:00,104.106,104.189,104.106,104.155,1315.0
2025-12-03 22:00:00+00:00,104.151,104.151,104.055,104.079,922.0
2025-12-04 22:00:00+00:00,104.079,104.091,103.987,104.0,1187.0
2025-12-07 22:00:00+00:00,103.992,104.016,103.908,103.979,977.0
2025-12-08 22:00:00+00:00,103.983,104.0,103.888,103.892,1490.0
2025-12-09 22:00:00+00:00,103.892,104.058,103.874,104.038,3006.0
2025-12-10 22:00:00+00:00,104.042,104.114,104.028,104.032,1710.0
2025-12-11 22:00:00+00:00,104.041,104.073,104.011,104.063,1321.0
2025-12-14 22:00:00+00:00,104.063,104.143,104.055,104.112,899.0
2025-12-15 22:00:00+00:00,104.115,104.223,104.098,104.142,2270.0
2025-12-16 22:00:00+00:00,104.142,104.16,104.1,104.152,749.0
2025-12-17 22:00:00+00:00,104.156,104.295,104.156,104.201,1695.0
2025-12-18 22:00:00+00:00,104.189,104.194,104.136,104.156,775.0
2025-12-21 22:00:00+00:00,104.161,104.161,104.108,104.12,362.0
2025-12-22 22:00:00+00:00,104.124,104.141,104.012,104.056,847.0
2025-12-23 22:00:00+00:00,104.056,104.117,104.05,104.113,562.0
2025-12-25 22:00:00+00:00,104.123,104.187,104.104,104.164,709.0
2025-12-28 22:00:00+00:00,104.149,104.222,104.149,104.218,564.0
2025-12-29 22:00:00+00:00,104.214,104.239,104.188,104.228,438.0
2025-12-30 22:00:00+00:00,104.229,104.249,104.168,104.192,758.0
2026-01-01 22:00:00+00:00,104.182,104.198,104.144,104.168,631.0
2026-01-04 22:00:00+00:00,104.169,104.234,104.161,104.218,1220.0
2026-01-05 22:00:00+00:00,104.214,104.227,104.154,104.197,1062.0
2026-01-06 22:00:00+00:00,104.19,104.234,104.167,104.18,1585.0
2026-01-07 22:00:00+00:00,104.176,104.22,104.13,104.147,1122.0
2026-01-08 22:00:00+00:00,104.151,104.152,104.051,104.068,2516.0
2026-01-11 22:00:00+00:00,104.048,104.127,104.039,104.074,1606.0
2026-01-12 22:00:00+00:00,104.067,104.154,104.036,104.073,1877.0
2026-01-13 22:00:00+00:00,104.077,104.133,104.073,104.118,1282.0
2026-01-14 22:00:00+00:00,104.118,104.118,104.007,104.011,1198.0
2026-01-15 22:00:00+00:00,104.011,104.031,103.927,103.975,1288.0
2026-01-18 22:00:00+00:00,104.008,104.026,103.977,103.981,944.0
2026-01-19 22:00:00+00:00,103.982,104.018,103.944,103.964,2248.0
2026-01-20 22:00:00+00:00,103.968,104.02,103.958,103.982,1840.0
2026-01-21 22:00:00+00:00,103.978,103.993,103.917,103.937,1363.0
2026-01-22 22:00:00+00:00,103.942,103.971,103.923,103.971,1171.0
2026-01-25 22:00:00+00:00,103.983,104.003,103.961,103.986,1271.0
2026-01-26 22:00:00+00:00,103.986,104.034,103.97,104.015,1102.0
2026-01-27 22:00:00+00:00,104.019,104.043,103.974,104.021,1573.0
2026-01-28 22:00:00+00:00,104.021,104.082,103.999,104.047,2197.0
2026-01-29 22:00:00+00:00,104.047,104.115,104.016,104.107,2822.0
2026-02-01 22:00:00+00:00,104.112,104.164,104.02,104.032,2500.0
2026-02-02 22:00:00+00:00,104.029,104.054,103.991,104.039,1370.0
2026-02-03 22:00:00+00:00,104.039,104.079,104.005,104.068,1905.0
2026-02-04 22:00:00+00:00,104.068,104.262,104.053,104.258,3683.0
2026-02-05 22:00:00+00:00,104.266,104.309,104.147,104.17,2242.0
2026-02-08 22:00:00+00:00,104.144,104.22,104.13,104.197,2184.0
2026-02-09 22:00:00+00:00,104.197,104.277,104.195,104.257,1505.0
2026-02-10 22:00:00+00:00,104.262,104.283,104.076,104.151,3108.0
2026-02-11 22:00:00+00:00,104.155,104.258,104.143,104.25,1552.0
2026-02-12 22:00:00+00:00,104.254,104.357,104.208,104.334,3867.0
2026-02-15 22:00:00+00:00,104.324,104.364,104.301,104.342,503.0
2026-02-16 22:00:00+00:00,104.345,104.389,104.281,104.293,2433.0
2026-02-17 22:00:00+00:00,104.293,104.302,104.232,104.245,1317.0
2026-02-18 22:00:00+00:00,104.249,104.255,104.203,104.243,1537.0
2026-02-19 22:00:00+00:00,104.243,104.264,104.175,104.206,3090.0
2026-02-22 22:00:00+00:00,104.207,104.283,104.196,104.272,1353.0
2026-02-23 22:00:00+00:00,104.275,104.283,104.219,104.234,1388.0
2026-02-24 22:00:00+00:00,104.236,104.251,104.19,104.226,1161.0
2026-02-25 22:00:00+00:00,104.229,104.317,104.211,104.317,1612.0
2026-02-26 22:00:00+00:00,104.325,104.432,104.325,104.42,1967.0
2026-03-01 22:00:00+00:00,104.463,104.467,104.175,104.223,4759.0
2026-03-02 22:00:00+00:00,104.219,104.238,103.982,104.158,6887.0
2026-03-03 22:00:00+00:00,104.147,104.174,104.062,104.066,5380.0
2026-03-04 22:00:00+00:00,104.07,104.078,103.958,103.997,4243.0
2026-03-05 22:00:00+00:00,104.009,104.123,103.898,104.03,8536.0
2026-03-08 21:00:00+00:00,103.952,104.098,103.89,104.098,8266.0
2026-03-09 21:00:00+00:00,104.094,104.111,103.979,103.983,5068.0
2026-03-10 21:00:00+00:00,103.983,104.026,103.852,103.852,3382.0
2026-03-11 21:00:00+00:00,103.856,103.892,103.639,103.686,5646.0
2026-03-12 21:00:00+00:00,103.678,103.8,103.652,103.734,4226.0
2026-03-15 21:00:00+00:00,103.734,103.837,103.707,103.833,2996.0
2026-03-16 21:00:00+00:00,103.827,103.87,103.791,103.823,2292.0
2026-03-17 21:00:00+00:00,103.819,103.871,103.598,103.622,3593.0
2026-03-18 21:00:00+00:00,103.634,103.663,103.268,103.581,10957.0
2026-03-19 21:00:00+00:00,103.589,103.612,103.286,103.337,7224.0
2026-03-22 21:00:00+00:00,103.255,103.575,103.115,103.459,25560.0
2026-03-23 21:00:00+00:00,103.467,103.49,103.25,103.379,10772.0
2026-03-24 21:00:00+00:00,103.379,103.478,103.376,103.407,7080.0
2026-03-25 21:00:00+00:00,103.403,103.404,103.183,103.218,5255.0
2026-03-26 21:00:00+00:00,103.218,103.384,103.137,103.36,5088.0
2026-03-29 21:00:00+00:00,103.352,103.564,103.352,103.518,5036.0
2026-03-30 21:00:00+00:00,103.53,103.66,103.498,103.577,8122.0
2026-03-31 21:00:00+00:00,103.589,103.696,103.54,103.556,5068.0
2026-04-01 21:00:00+00:00,103.564,103.604,103.444,103.57,5449.0
2026-04-02 21:00:00+00:00,103.562,103.594,103.399,103.481,1336.0
2026-04-05 21:00:00+00:00,103.481,103.513,103.427,103.479,2549.0
2026-04-06 21:00:00+00:00,103.475,103.597,103.425,103.597,5364.0
2026-04-07 21:00:00+00:00,103.621,103.773,103.584,103.595,8276.0
2026-04-08 21:00:00+00:00,103.595,103.694,103.576,103.636,3391.0
2026-04-09 21:00:00+00:00,103.636,103.694,103.555,103.583,2925.0
2026-04-12 21:00:00+00:00,103.509,103.642,103.481,103.635,2927.0
2026-04-13 21:00:00+00:00,103.635,103.699,103.601,103.691,2496.0
2026-04-14 21:00:00+00:00,103.699,103.711,103.63,103.662,2128.0
2026-04-15 21:00:00+00:00,103.67,103.705,103.62,103.637,1959.0
2026-04-16 21:00:00+00:00,103.633,103.825,103.629,103.774,3593.0
2026-04-19 21:00:00+00:00,103.692,103.768,103.692,103.744,2810.0
2026-04-20 21:00:00+00:00,103.744,103.757,103.59,103.633,3301.0
2026-04-21 21:00:00+00:00,103.637,103.689,103.587,103.6,2731.0
2026-04-22 21:00:00+00:00,103.604,103.628,103.515,103.539,5223.0
2026-04-23 21:00:00+00:00,103.539,103.665,103.52,103.65,4644.0
2026-04-26 21:00:00+00:00,103.626,103.647,103.588,103.62,2524.0
