datetime,open,high,low,close,volume
2006-04-24 21:00:00+00:00,104.284,104.331,103.83,103.955,948.0
2006-04-25 21:00:00+00:00,103.939,103.986,103.751,103.767,785.0
2006-04-26 21:00:00+00:00,103.783,104.157,103.657,104.079,1240.0
2006-04-27 21:00:00+00:00,104.063,104.235,103.969,104.219,912.0
2006-04-30 21:00:00+00:00,104.218,104.249,103.78,103.811,665.0
2006-05-01 21:00:00+00:00,103.827,104.014,103.749,103.952,632.0
2006-05-02 21:00:00+00:00,103.936,103.967,103.732,103.826,648.0
2006-05-03 21:00:00+00:00,103.842,103.857,103.669,103.732,575.0
2006-05-04 21:00:00+00:00,103.747,104.06,103.716,103.966,851.0
2006-05-07 21:00:00+00:00,103.902,103.949,103.792,103.855,342.0
2006-05-08 21:00:00+00:00,103.839,103.87,103.729,103.807,518.0
2006-05-09 21:00:00+00:00,103.823,104.073,103.463,103.776,1249.0
2006-05-10 21:00:00+00:00,103.791,103.853,103.635,103.744,661.0
2006-05-11 21:00:00+00:00,103.759,103.806,103.54,103.556,783.0
2006-05-14 21:00:00+00:00,103.555,103.82,103.523,103.742,591.0
2006-05-15 21:00:00+00:00,103.726,103.96,103.663,103.96,695.0
2006-05-16 21:00:00+00:00,103.944,103.96,103.616,103.835,793.0
2006-05-17 21:00:00+00:00,103.85,104.178,103.772,104.131,971.0
2006-05-18 21:00:00+00:00,104.147,104.209,103.959,104.037,625.0
2006-05-21 21:00:00+00:00,104.036,104.317,104.036,104.129,696.0
2006-05-22 21:00:00+00:00,104.145,104.222,103.972,104.207,727.0
2006-05-23 21:00:00+00:00,104.222,104.425,104.097,104.144,1157.0
2006-05-24 21:00:00+00:00,104.159,104.206,103.971,104.018,726.0
2006-05-25 21:00:00+00:00,104.034,104.143,103.893,104.08,678.0
2006-05-29 21:00:00+00:00,104.047,104.094,103.891,103.922,532.0
2006-05-30 21:00:00+00:00,103.906,104.031,103.531,103.656,920.0
2006-05-31 21:00:00+00:00,103.64,103.765,103.562,103.749,761.0
2006-06-01 21:00:00+00:00,103.733,104.311,103.718,104.28,1247.0
2006-06-04 21:00:00+00:00,104.263,104.31,104.028,104.044,683.0
2006-06-05 21:00:00+00:00,104.06,104.153,103.934,104.09,640.0
2006-06-06 21:00:00+00:00,104.075,104.153,103.902,103.996,619.0
2006-06-07 21:00:00+00:00,104.012,104.308,103.98,104.105,1040.0
2006-06-08 21:00:00+00:00,104.089,104.23,104.011,104.136,866.0
2006-06-11 21:00:00+00:00,104.134,104.15,104.009,104.072,555.0
2006-06-12 21:00:00+00:00,104.087,104.275,104.056,104.149,928.0
2006-06-13 21:00:00+00:00,104.134,104.18,103.68,103.695,1274.0
2006-06-14 21:00:00+00:00,103.711,103.742,103.492,103.554,955.0
2006-06-15 21:00:00+00:00,103.538,103.679,103.429,103.444,618.0
2006-06-18 21:00:00+00:00,103.443,103.459,103.318,103.38,600.0
2006-06-19 21:00:00+00:00,103.364,103.458,103.255,103.301,701.0
2006-06-20 21:00:00+00:00,103.317,103.364,103.254,103.27,611.0
2006-06-21 21:00:00+00:00,103.285,103.316,103.035,103.05,725.0
2006-06-22 21:00:00+00:00,103.066,103.222,102.956,103.019,806.0
2006-06-25 21:00:00+00:00,102.986,103.064,102.955,102.986,482.0
2006-06-26 21:00:00+00:00,103.001,103.204,103.001,103.11,725.0
2006-06-27 21:00:00+00:00,103.095,103.157,102.907,102.922,642.0
2006-06-28 21:00:00+00:00,102.938,103.266,102.922,103.25,874.0
2006-06-29 21:00:00+00:00,103.266,103.468,103.125,103.453,912.0
2006-07-02 21:00:00+00:00,103.452,103.452,103.295,103.42,414.0
2006-07-04 21:00:00+00:00,103.435,103.513,103.028,103.106,710.0
2006-07-05 21:00:00+00:00,103.122,103.247,103.075,103.231,561.0
2006-07-06 21:00:00+00:00,103.215,104.075,103.199,103.433,967.0
2006-07-09 21:00:00+00:00,103.448,103.464,103.338,103.463,520.0
2006-07-10 21:00:00+00:00,103.479,103.635,103.416,103.556,538.0
2006-07-11 21:00:00+00:00,103.541,103.572,103.369,103.54,489.0
2006-07-12 21:00:00+00:00,103.525,103.727,103.493,103.727,604.0
2006-07-13 21:00:00+00:00,103.743,103.868,103.68,103.758,586.0
2006-07-16 21:00:00+00:00,103.82,103.851,103.6,103.725,657.0
2006-07-17 21:00:00+00:00,103.741,103.741,103.397,103.428,653.0
2006-07-18 21:00:00+00:00,103.412,103.834,103.193,103.787,1292.0
2006-07-19 21:00:00+00:00,103.802,104.021,103.661,103.958,701.0
2006-07-20 21:00:00+00:00,103.974,104.114,103.864,103.911,685.0
2006-07-23 21:00:00+00:00,103.879,103.972,103.8,103.909,470.0
2006-07-24 21:00:00+00:00,103.894,104.003,103.768,103.799,499.0
2006-07-25 21:00:00+00:00,103.815,104.049,103.721,103.955,546.0
2006-07-26 21:00:00+00:00,103.971,104.08,103.877,103.955,698.0
2006-07-27 21:00:00+00:00,103.97,104.22,103.876,104.204,747.0
2006-07-30 21:00:00+00:00,104.188,104.281,104.093,104.281,571.0
2006-07-31 21:00:00+00:00,104.265,104.312,104.093,104.28,694.0
2006-08-01 21:00:00+00:00,104.265,104.389,104.186,104.327,633.0
2006-08-02 21:00:00+00:00,104.342,104.389,104.154,104.248,574.0
2006-08-03 21:00:00+00:00,104.264,104.654,104.201,104.56,998.0
2006-08-06 21:00:00+00:00,104.575,104.59,104.371,104.418,652.0
2006-08-07 21:00:00+00:00,104.433,104.589,104.324,104.542,803.0
2006-08-08 21:00:00+00:00,104.527,104.558,104.401,104.479,534.0
2006-08-09 21:00:00+00:00,104.495,104.604,104.307,104.416,696.0
2006-08-10 21:00:00+00:00,104.432,104.479,104.213,104.244,627.0
2006-08-13 21:00:00+00:00,104.227,104.227,104.055,104.07,506.0
2006-08-14 21:00:00+00:00,104.086,104.429,104.039,104.351,716.0
2006-08-15 21:00:00+00:00,104.367,104.695,104.335,104.648,744.0
2006-08-16 21:00:00+00:00,104.632,104.772,104.553,104.6,585.0
2006-08-17 21:00:00+00:00,104.585,104.74,104.538,104.694,445.0
2006-08-20 21:00:00+00:00,104.708,104.802,104.677,104.786,364.0
2006-08-21 21:00:00+00:00,104.801,104.863,104.707,104.785,606.0
2006-08-22 21:00:00+00:00,104.77,104.785,104.613,104.753,548.0
2006-08-23 21:00:00+00:00,104.769,104.831,104.675,104.737,498.0
2006-08-24 21:00:00+00:00,104.722,104.862,104.69,104.831,612.0
2006-08-27 21:00:00+00:00,104.829,104.829,104.673,104.751,334.0
2006-08-28 21:00:00+00:00,104.735,104.797,104.344,104.782,826.0
2006-08-29 21:00:00+00:00,104.797,104.922,104.719,104.922,511.0
2006-08-30 21:00:00+00:00,104.906,105.063,104.86,105.063,565.0
2006-08-31 21:00:00+00:00,105.047,105.126,104.829,105.095,827.0
2006-09-04 21:00:00+00:00,105.081,105.081,104.863,104.879,460.0
2006-09-05 21:00:00+00:00,104.895,104.926,104.676,104.833,683.0
2006-09-06 21:00:00+00:00,104.817,104.911,104.693,104.849,549.0
2006-09-07 21:00:00+00:00,104.833,105.006,104.787,104.896,542.0
2006-09-10 21:00:00+00:00,104.882,104.945,104.726,104.82,562.0
2006-09-11 21:00:00+00:00,104.789,104.946,104.696,104.915,712.0
2006-09-12 21:00:00+00:00,104.93,105.056,104.883,104.993,635.0
2006-09-13 21:00:00+00:00,104.978,105.166,104.791,104.822,814.0
2006-09-14 21:00:00+00:00,104.838,104.994,104.729,104.776,949.0
2006-09-17 21:00:00+00:00,104.777,104.793,104.497,104.7,659.0
2006-09-18 21:00:00+00:00,104.684,105.06,104.591,105.044,854.0
2006-09-19 21:00:00+00:00,105.028,105.154,104.966,104.998,620.0
2006-09-20 21:00:00+00:00,105.014,105.514,104.951,105.483,899.0
2006-09-21 21:00:00+00:00,105.514,105.764,105.467,105.671,723.0
2006-09-24 21:00:00+00:00,105.656,105.907,105.641,105.844,903.0
2006-09-25 21:00:00+00:00,105.829,105.876,105.564,105.595,815.0
2006-09-26 21:00:00+00:00,105.611,105.845,105.533,105.596,747.0
2006-09-27 21:00:00+00:00,105.611,105.643,105.471,105.565,644.0
2006-09-28 21:00:00+00:00,105.581,105.659,105.331,105.472,891.0
2006-10-01 21:00:00+00:00,105.458,105.677,105.349,105.615,726.0
2006-10-02 21:00:00+00:00,105.599,105.677,105.475,105.553,515.0
2006-10-03 21:00:00+00:00,105.537,105.897,105.491,105.85,744.0
2006-10-04 21:00:00+00:00,105.866,105.866,105.554,105.601,708.0
2006-10-05 21:00:00+00:00,105.617,105.867,105.149,105.18,1048.0
2006-10-08 21:00:00+00:00,105.182,105.182,105.182,105.182,1.0
2006-10-09 21:00:00+00:00,105.198,105.198,104.886,104.901,724.0
2006-10-10 21:00:00+00:00,104.886,105.089,104.699,104.777,906.0
2006-10-11 21:00:00+00:00,104.762,104.95,104.762,104.809,675.0
2006-10-12 21:00:00+00:00,104.825,104.981,104.638,104.716,878.0
2006-10-15 21:00:00+00:00,104.686,104.812,104.655,104.796,484.0
2006-10-16 21:00:00+00:00,104.812,105.062,104.734,104.844,818.0
2006-10-17 21:00:00+00:00,104.828,104.906,104.672,104.891,724.0
2006-10-18 21:00:00+00:00,104.875,104.907,104.673,104.782,649.0
2006-10-19 21:00:00+00:00,104.798,104.861,104.72,104.736,431.0
2006-10-22 21:00:00+00:00,104.753,104.753,104.488,104.566,554.0
2006-10-23 21:00:00+00:00,104.582,104.614,104.535,104.567,426.0
2006-10-24 21:00:00+00:00,104.583,104.833,104.489,104.802,665.0
2006-10-25 21:00:00+00:00,104.818,105.084,104.787,105.052,824.0
2006-10-26 21:00:00+00:00,105.037,105.287,104.99,105.24,683.0
2006-10-29 22:00:00+00:00,105.226,105.32,105.164,105.242,510.0
2006-10-30 22:00:00+00:00,105.227,105.555,105.18,105.555,835.0
2006-10-31 22:00:00+00:00,105.524,105.79,105.431,105.744,768.0
2006-11-01 22:00:00+00:00,105.728,105.744,105.541,105.604,626.0
2006-11-02 22:00:00+00:00,105.619,105.713,104.964,104.995,1229.0
2006-11-05 22:00:00+00:00,104.996,105.091,104.903,105.091,651.0
2006-11-06 22:00:00+00:00,105.075,105.404,105.044,105.279,686.0
2006-11-07 22:00:00+00:00,105.263,105.467,105.232,105.373,676.0
2006-11-08 22:00:00+00:00,105.389,105.452,105.295,105.436,578.0
2006-11-09 22:00:00+00:00,105.421,105.609,105.39,105.546,545.0
2006-11-12 22:00:00+00:00,105.532,105.642,105.298,105.408,630.0
2006-11-13 22:00:00+00:00,105.392,105.721,105.283,105.549,884.0
2006-11-14 22:00:00+00:00,105.565,105.627,105.237,105.268,810.0
2006-11-15 22:00:00+00:00,105.253,105.597,105.035,105.05,1076.0
2006-11-16 22:00:00+00:00,105.066,105.504,105.05,105.41,831.0
2006-11-19 22:00:00+00:00,105.427,105.49,105.318,105.397,451.0
2006-11-20 22:00:00+00:00,105.412,105.507,105.303,105.491,496.0
2006-11-21 22:00:00+00:00,105.507,105.585,105.444,105.523,432.0
2006-11-23 22:00:00+00:00,105.508,105.727,105.477,105.571,360.0
2006-11-26 22:00:00+00:00,105.557,105.698,105.37,105.667,652.0
2006-11-27 22:00:00+00:00,105.682,105.902,105.573,105.808,781.0
2006-11-28 22:00:00+00:00,105.824,105.902,105.683,105.715,546.0
2006-11-29 22:00:00+00:00,105.734,106.047,105.719,106.016,824.0
2006-11-30 22:00:00+00:00,106.048,106.439,105.923,106.298,1163.0
2006-12-03 22:00:00+00:00,106.332,106.349,106.192,106.349,612.0
2006-12-04 22:00:00+00:00,106.364,106.49,106.178,106.287,719.0
2006-12-05 22:00:00+00:00,106.272,106.304,106.023,106.039,666.0
2006-12-06 22:00:00+00:00,106.023,106.18,105.946,106.071,574.0
2006-12-07 22:00:00+00:00,106.056,106.072,105.651,105.698,1098.0
2006-12-10 22:00:00+00:00,105.7,105.873,105.654,105.826,585.0
2006-12-11 22:00:00+00:00,105.811,106.077,105.78,106.03,769.0
2006-12-12 22:00:00+00:00,106.015,106.125,105.579,105.595,1081.0
2006-12-13 22:00:00+00:00,105.579,105.704,105.47,105.486,820.0
2006-12-14 22:00:00+00:00,105.502,105.955,105.425,105.534,1064.0
2006-12-17 22:00:00+00:00,105.521,105.615,105.46,105.554,584.0
2006-12-18 22:00:00+00:00,105.569,105.694,105.305,105.539,898.0
2006-12-19 22:00:00+00:00,105.555,105.618,105.477,105.509,362.0
2006-12-20 22:00:00+00:00,105.525,105.807,105.463,105.776,608.0
2006-12-21 22:00:00+00:00,105.76,105.776,105.371,105.402,704.0
2006-12-25 22:00:00+00:00,105.406,105.562,105.375,105.469,362.0
2006-12-26 22:00:00+00:00,105.485,105.501,105.142,105.205,495.0
2006-12-27 22:00:00+00:00,105.189,105.299,104.862,105.034,799.0
2006-12-28 22:00:00+00:00,105.019,105.129,104.879,104.973,553.0
2007-01-01 22:00:00+00:00,104.961,105.196,104.946,105.04,421.0
2007-01-02 22:00:00+00:00,105.056,105.322,105.01,105.151,924.0
2007-01-03 22:00:00+00:00,105.166,105.433,105.136,105.417,638.0
2007-01-04 22:00:00+00:00,105.402,105.543,104.934,105.2,1001.0
2007-01-07 22:00:00+00:00,105.187,105.218,105.047,105.156,559.0
2007-01-08 22:00:00+00:00,105.141,105.204,105.048,105.142,451.0
2007-01-09 22:00:00+00:00,105.126,105.205,104.955,105.049,612.0
2007-01-10 22:00:00+00:00,105.034,105.066,104.738,104.832,799.0
2007-01-11 22:00:00+00:00,104.817,104.864,104.63,104.677,583.0
2007-01-15 22:00:00+00:00,104.696,104.869,104.681,104.807,539.0
2007-01-16 22:00:00+00:00,104.822,104.885,104.605,104.636,661.0
2007-01-17 22:00:00+00:00,104.62,104.762,104.434,104.762,979.0
2007-01-18 22:00:00+00:00,104.731,104.809,104.576,104.607,587.0
2007-01-21 22:00:00+00:00,104.594,104.751,104.563,104.689,439.0
2007-01-22 22:00:00+00:00,104.673,104.736,104.487,104.487,550.0
2007-01-23 22:00:00+00:00,104.502,104.597,104.472,104.519,433.0
2007-01-24 22:00:00+00:00,104.504,104.567,104.223,104.239,748.0
2007-01-25 22:00:00+00:00,104.224,104.381,104.115,104.272,817.0
2007-01-28 22:00:00+00:00,104.258,104.337,104.166,104.197,535.0
2007-01-29 22:00:00+00:00,104.213,104.307,104.182,104.292,449.0
2007-01-30 22:00:00+00:00,104.276,104.558,104.168,104.543,985.0
2007-01-31 22:00:00+00:00,104.512,104.747,104.357,104.372,984.0
2007-02-01 22:00:00+00:00,104.388,104.607,104.31,104.467,921.0
2007-02-04 22:00:00+00:00,104.469,104.595,104.438,104.549,416.0
2007-02-05 22:00:00+00:00,104.564,104.753,104.456,104.722,690.0
2007-02-06 22:00:00+00:00,104.706,104.879,104.66,104.848,683.0
2007-02-07 22:00:00+00:00,104.832,104.911,104.723,104.818,695.0
2007-02-08 22:00:00+00:00,104.802,104.833,104.569,104.647,734.0
2007-02-11 22:00:00+00:00,104.665,104.681,104.51,104.541,539.0
2007-02-12 22:00:00+00:00,104.526,104.635,104.464,104.527,483.0
2007-02-13 22:00:00+00:00,104.511,104.934,104.495,104.871,1000.0
2007-02-14 22:00:00+00:00,104.856,105.106,104.793,104.982,953.0
2007-02-15 22:00:00+00:00,104.997,105.232,104.966,105.061,668.0
2007-02-19 22:00:00+00:00,105.049,105.113,104.925,105.113,556.0
2007-02-20 22:00:00+00:00,105.097,105.176,104.91,105.036,690.0
2007-02-21 22:00:00+00:00,105.02,105.02,104.818,104.865,697.0
2007-02-22 22:00:00+00:00,104.849,105.194,104.818,105.132,773.0
2007-02-25 22:00:00+00:00,105.118,105.307,105.118,105.276,587.0
2007-02-26 22:00:00+00:00,105.291,106.151,105.26,105.886,1075.0
2007-02-27 22:00:00+00:00,105.922,105.938,105.58,105.705,1085.0
2007-02-28 22:00:00+00:00,105.674,106.096,105.643,105.769,1248.0
2007-03-01 22:00:00+00:00,105.753,106.067,105.707,106.067,946.0
2007-03-04 22:00:00+00:00,106.07,106.351,105.899,106.025,916.0
2007-03-05 22:00:00+00:00,106.04,106.04,105.776,105.839,744.0
2007-03-06 22:00:00+00:00,105.823,106.074,105.792,106.059,687.0
2007-03-07 22:00:00+00:00,106.043,106.075,105.826,105.967,632.0
2007-03-08 22:00:00+00:00,105.998,105.998,105.5,105.547,1067.0
2007-03-11 21:00:00+00:00,105.55,105.848,105.488,105.77,596.0
2007-03-12 21:00:00+00:00,105.739,106.193,105.739,106.193,820.0
2007-03-13 21:00:00+00:00,106.209,106.319,105.976,105.992,983.0
2007-03-14 21:00:00+00:00,105.976,106.039,105.821,105.946,707.0
2007-03-15 21:00:00+00:00,105.931,106.009,105.745,105.917,768.0
2007-03-18 21:00:00+00:00,105.905,105.905,105.734,105.796,444.0
2007-03-19 21:00:00+00:00,105.781,105.985,105.75,105.892,529.0
2007-03-20 21:00:00+00:00,105.876,106.189,105.628,106.08,1176.0
2007-03-21 21:00:00+00:00,106.096,106.143,105.816,105.879,870.0
2007-03-22 21:00:00+00:00,105.864,106.005,105.709,105.74,769.0
2007-03-25 21:00:00+00:00,105.759,106.01,105.651,105.807,734.0
2007-03-26 21:00:00+00:00,105.823,105.917,105.761,105.856,519.0
2007-03-27 21:00:00+00:00,105.84,106.138,105.779,105.826,925.0
2007-03-28 21:00:00+00:00,105.842,105.858,105.624,105.625,826.0
2007-03-29 21:00:00+00:00,105.64,106.031,105.423,105.657,1821.0
2007-04-01 21:00:00+00:00,105.661,105.77,105.615,105.662,628.0
2007-04-02 21:00:00+00:00,105.678,105.694,105.523,105.539,555.0
2007-04-03 21:00:00+00:00,105.523,105.758,105.492,105.634,689.0
2007-04-04 21:00:00+00:00,105.618,105.666,105.495,105.51,484.0
2007-04-05 21:00:00+00:00,105.526,105.527,105.075,105.106,474.0
2007-04-08 21:00:00+00:00,105.109,105.188,105.078,105.142,373.0
2007-04-09 21:00:00+00:00,105.158,105.346,105.158,105.284,443.0
2007-04-10 21:00:00+00:00,105.269,105.394,105.129,105.192,603.0
2007-04-11 21:00:00+00:00,105.176,105.302,105.131,105.131,501.0
2007-04-12 21:00:00+00:00,105.116,105.257,104.992,105.008,636.0
2007-04-15 21:00:00+00:00,104.995,105.121,104.918,105.09,678.0
2007-04-16 21:00:00+00:00,105.106,105.404,104.997,105.388,785.0
2007-04-17 21:00:00+00:00,105.404,105.577,105.342,105.562,514.0
2007-04-18 21:00:00+00:00,105.546,105.703,105.469,105.516,585.0
2007-04-19 21:00:00+00:00,105.532,105.58,105.408,105.518,362.0
2007-04-22 21:00:00+00:00,105.49,105.678,105.444,105.647,408.0
2007-04-23 21:00:00+00:00,105.663,105.836,105.633,105.758,601.0
2007-04-24 21:00:00+00:00,105.774,105.806,105.587,105.604,529.0
2007-04-25 21:00:00+00:00,105.619,105.636,105.371,105.371,503.0
2007-04-26 21:00:00+00:00,105.387,105.622,105.387,105.435,585.0
2007-04-29 21:00:00+00:00,105.438,105.783,105.438,105.752,501.0
2007-04-30 21:00:00+00:00,105.768,105.831,105.503,105.628,874.0
2007-05-01 21:00:00+00:00,105.644,105.692,105.535,105.583,457.0
2007-05-02 21:00:00+00:00,105.568,105.803,105.335,105.397,955.0
2007-05-03 21:00:00+00:00,105.382,105.633,105.18,105.555,895.0
2007-05-06 21:00:00+00:00,105.558,105.622,105.481,105.591,347.0
2007-05-07 21:00:00+00:00,105.575,105.686,105.545,105.577,582.0
2007-05-08 21:00:00+00:00,105.592,105.64,105.36,105.391,640.0
2007-05-09 21:00:00+00:00,105.375,105.564,105.329,105.549,553.0
2007-05-10 21:00:00+00:00,105.533,105.784,105.378,105.394,891.0
2007-05-13 21:00:00+00:00,105.397,105.445,105.274,105.289,590.0
2007-05-14 21:00:00+00:00,105.274,105.4,105.134,105.26,738.0
2007-05-15 21:00:00+00:00,105.244,105.37,105.167,105.214,576.0
2007-05-16 21:00:00+00:00,105.23,105.278,104.981,105.013,630.0
2007-05-17 21:00:00+00:00,104.997,105.092,104.749,104.827,687.0
2007-05-20 21:00:00+00:00,104.814,104.894,104.737,104.894,570.0
2007-05-21 21:00:00+00:00,104.878,104.91,104.677,104.708,530.0
2007-05-22 21:00:00+00:00,104.693,104.756,104.538,104.663,650.0
2007-05-23 21:00:00+00:00,104.678,104.742,104.43,104.649,799.0
2007-05-24 21:00:00+00:00,104.633,104.712,104.509,104.556,440.0
2007-05-28 21:00:00+00:00,104.546,104.578,104.375,104.406,485.0
2007-05-29 21:00:00+00:00,104.391,104.595,104.361,104.423,536.0
2007-05-30 21:00:00+00:00,104.469,104.469,104.173,104.298,669.0
2007-05-31 21:00:00+00:00,104.283,104.408,103.956,104.003,841.0
2007-06-03 21:00:00+00:00,104.02,104.099,103.974,104.052,681.0
2007-06-04 21:00:00+00:00,104.037,104.1,103.788,103.804,779.0
2007-06-05 21:00:00+00:00,103.819,104.008,103.788,103.992,627.0
2007-06-06 21:00:00+00:00,103.977,104.023,103.369,103.4,947.0
2007-06-07 21:00:00+00:00,103.384,103.557,103.073,103.495,1320.0
2007-06-10 21:00:00+00:00,103.434,103.513,103.341,103.373,637.0
2007-06-11 21:00:00+00:00,103.357,103.42,102.843,102.859,1018.0
2007-06-12 21:00:00+00:00,102.843,103.188,102.703,103.11,1565.0
2007-06-13 21:00:00+00:00,103.094,103.204,102.923,103.001,967.0
2007-06-14 21:00:00+00:00,103.033,103.393,102.939,103.33,1129.0
2007-06-17 21:00:00+00:00,103.332,103.458,103.192,103.458,780.0
2007-06-18 21:00:00+00:00,103.443,103.787,103.38,103.74,745.0
2007-06-19 21:00:00+00:00,103.725,103.803,103.429,103.491,875.0
2007-06-20 21:00:00+00:00,103.507,103.633,103.321,103.383,855.0
2007-06-21 21:00:00+00:00,103.368,103.665,103.306,103.65,774.0
2007-06-24 21:00:00+00:00,103.652,103.933,103.636,103.856,860.0
2007-06-25 21:00:00+00:00,103.84,103.965,103.7,103.857,700.0
2007-06-26 21:00:00+00:00,103.872,104.154,103.779,103.858,824.0
2007-06-27 21:00:00+00:00,103.842,103.874,103.64,103.671,883.0
2007-06-28 21:00:00+00:00,103.687,104.063,103.64,104.016,825.0
2007-07-01 21:00:00+00:00,103.987,104.206,103.971,104.191,701.0
2007-07-02 21:00:00+00:00,104.159,104.238,103.926,104.004,464.0
2007-07-04 21:00:00+00:00,103.849,103.912,103.522,103.538,719.0
2007-07-05 21:00:00+00:00,103.569,103.663,103.32,103.414,728.0
2007-07-08 21:00:00+00:00,103.385,103.589,103.354,103.573,457.0
2007-07-09 21:00:00+00:00,103.589,104.121,103.542,104.105,1000.0
2007-07-10 21:00:00+00:00,104.121,104.309,103.825,103.856,1203.0
2007-07-11 21:00:00+00:00,103.841,104.06,103.608,103.623,875.0
2007-07-12 21:00:00+00:00,103.639,103.827,103.561,103.734,835.0
2007-07-15 21:00:00+00:00,103.751,104.018,103.721,104.002,757.0
2007-07-16 21:00:00+00:00,103.987,104.018,103.737,103.925,723.0
2007-07-17 21:00:00+00:00,103.941,104.269,103.848,104.051,987.0
2007-07-18 21:00:00+00:00,104.035,104.13,103.88,104.083,696.0
2007-07-19 21:00:00+00:00,104.099,104.552,104.052,104.412,1083.0
2007-07-22 21:00:00+00:00,104.446,104.524,104.275,104.4,653.0
2007-07-23 21:00:00+00:00,104.415,104.65,104.307,104.65,580.0
2007-07-24 21:00:00+00:00,104.635,104.761,104.479,104.714,812.0
2007-07-25 21:00:00+00:00,104.683,105.511,104.62,105.418,1609.0
2007-07-26 21:00:00+00:00,105.402,105.746,105.2,105.559,1801.0
2007-07-29 21:00:00+00:00,105.546,105.625,105.188,105.25,997.0
2007-07-30 21:00:00+00:00,105.266,105.579,104.938,105.532,1283.0
2007-07-31 21:00:00+00:00,105.579,105.814,105.205,105.221,1615.0
2007-08-01 21:00:00+00:00,105.252,105.424,105.128,105.3,1092.0
2007-08-02 21:00:00+00:00,105.269,105.91,105.176,105.832,1378.0
2007-08-05 21:00:00+00:00,105.897,105.975,105.429,105.492,1338.0
2007-08-06 21:00:00+00:00,105.507,105.821,105.212,105.352,1247.0
2007-08-07 21:00:00+00:00,105.321,105.352,104.775,104.822,1139.0
2007-08-08 21:00:00+00:00,104.807,105.619,104.791,105.495,1941.0
2007-08-09 21:00:00+00:00,105.479,105.855,105.262,105.34,1814.0
2007-08-12 21:00:00+00:00,105.295,105.593,105.108,105.577,1018.0
2007-08-13 21:00:00+00:00,105.562,105.797,105.234,105.75,1198.0
2007-08-14 21:00:00+00:00,105.797,106.173,105.704,106.001,1770.0
2007-08-15 21:00:00+00:00,106.079,107.064,106.017,106.361,2836.0
2007-08-16 21:00:00+00:00,106.346,106.768,106.128,106.347,2736.0
2007-08-19 21:00:00+00:00,106.364,106.74,106.271,106.646,1210.0
2007-08-20 21:00:00+00:00,106.631,107.022,106.46,106.726,1440.0
2007-08-21 21:00:00+00:00,106.71,106.741,106.164,106.258,1406.0
2007-08-22 21:00:00+00:00,106.243,106.4,105.853,106.134,1515.0
2007-08-23 21:00:00+00:00,106.119,106.416,105.963,106.12,1201.0
2007-08-26 21:00:00+00:00,106.091,106.529,105.919,106.498,784.0
2007-08-27 21:00:00+00:00,106.482,107.03,106.42,107.014,1166.0
2007-08-28 21:00:00+00:00,106.983,107.155,106.562,106.625,1348.0
2007-08-29 21:00:00+00:00,106.64,107.001,106.594,106.923,1227.0
2007-08-30 21:00:00+00:00,106.953,106.953,106.406,106.828,1310.0
2007-09-03 21:00:00+00:00,106.749,107.093,106.671,106.796,1021.0
2007-09-04 21:00:00+00:00,106.765,107.312,106.702,107.234,1150.0
2007-09-05 21:00:00+00:00,107.265,107.281,106.952,106.952,1038.0
2007-09-06 21:00:00+00:00,106.937,107.812,106.937,107.671,1733.0
2007-09-09 21:00:00+00:00,107.718,108.03,107.608,107.858,1071.0
2007-09-10 21:00:00+00:00,107.874,107.874,107.499,107.514,929.0
2007-09-11 21:00:00+00:00,107.545,107.764,107.327,107.358,1003.0
2007-09-12 21:00:00+00:00,107.373,107.498,106.936,107.108,1041.0
2007-09-13 21:00:00+00:00,107.139,107.436,106.92,107.154,1365.0
2007-09-16 21:00:00+00:00,107.17,107.263,106.92,107.045,736.0
2007-09-17 21:00:00+00:00,107.06,107.435,106.81,107.326,1767.0
2007-09-18 21:00:00+00:00,107.294,107.326,106.888,107.044,1209.0
2007-09-19 21:00:00+00:00,107.06,107.122,106.341,106.372,1585.0
2007-09-20 21:00:00+00:00,106.388,106.763,106.357,106.716,1076.0
2007-09-23 21:00:00+00:00,106.684,106.731,106.481,106.669,842.0
2007-09-24 21:00:00+00:00,106.637,107.106,106.622,106.825,946.0
2007-09-25 21:00:00+00:00,106.809,106.95,106.622,106.872,993.0
2007-09-26 21:00:00+00:00,106.887,107.09,106.7,107.043,1082.0
2007-09-27 21:00:00+00:00,107.059,107.293,106.918,106.949,1072.0
2007-09-30 21:00:00+00:00,106.934,107.183,106.887,107.012,973.0
2007-10-01 21:00:00+00:00,107.043,107.308,106.824,107.152,983.0
2007-10-02 21:00:00+00:00,107.168,107.308,106.855,106.918,1038.0
2007-10-03 21:00:00+00:00,106.902,107.183,106.839,107.167,823.0
2007-10-04 21:00:00+00:00,107.152,107.183,106.527,106.605,1193.0
2007-10-08 21:00:00+00:00,106.557,106.667,106.339,106.401,969.0
2007-10-09 21:00:00+00:00,106.37,106.604,106.26,106.448,861.0
2007-10-10 21:00:00+00:00,106.432,106.604,106.198,106.588,888.0
2007-10-11 21:00:00+00:00,106.604,106.62,106.244,106.291,1367.0
2007-10-14 21:00:00+00:00,106.244,106.416,106.057,106.338,935.0
2007-10-15 21:00:00+00:00,106.322,106.666,106.244,106.619,938.0
2007-10-16 21:00:00+00:00,106.588,107.26,106.541,107.15,1256.0
2007-10-17 21:00:00+00:00,107.135,107.478,107.025,107.416,1116.0
2007-10-18 21:00:00+00:00,107.4,107.978,107.384,107.884,1322.0
2007-10-21 21:00:00+00:00,107.947,108.087,107.556,107.634,1399.0
2007-10-22 21:00:00+00:00,107.681,107.884,107.493,107.774,1064.0
2007-10-23 21:00:00+00:00,107.806,108.306,107.79,108.087,1355.0
2007-10-24 21:00:00+00:00,108.102,108.196,107.884,107.899,1267.0
2007-10-25 21:00:00+00:00,107.915,108.102,107.727,107.852,975.0
2007-10-28 21:00:00+00:00,107.883,107.961,107.68,107.836,665.0
2007-10-29 21:00:00+00:00,107.852,107.883,107.695,107.867,713.0
2007-10-30 21:00:00+00:00,107.852,107.867,107.336,107.336,1489.0
2007-10-31 21:00:00+00:00,107.32,108.101,107.164,108.008,1485.0
2007-11-01 21:00:00+00:00,107.961,108.492,107.711,108.242,2482.0
2007-11-04 22:00:00+00:00,108.289,108.507,108.132,108.21,1158.0
2007-11-05 22:00:00+00:00,108.226,108.398,108.023,108.085,962.0
2007-11-06 22:00:00+00:00,108.07,108.601,108.038,108.601,1431.0
2007-11-07 22:00:00+00:00,108.616,108.944,108.476,108.804,1634.0
2007-11-08 22:00:00+00:00,108.788,109.116,108.647,109.022,1212.0
2007-11-12 22:00:00+00:00,109.131,109.194,108.616,108.616,1081.0
2007-11-13 22:00:00+00:00,108.6,108.756,108.381,108.756,1071.0
2007-11-14 22:00:00+00:00,108.74,109.365,108.615,109.365,1242.0
2007-11-15 22:00:00+00:00,109.35,109.412,109.053,109.209,1367.0
2007-11-18 22:00:00+00:00,109.131,110.005,109.099,109.802,1321.0
2007-11-19 22:00:00+00:00,109.787,109.958,109.443,109.615,1821.0
2007-11-20 22:00:00+00:00,109.63,110.412,109.615,110.083,1453.0
2007-11-22 22:00:00+00:00,110.036,110.193,109.849,110.083,795.0
2007-11-25 22:00:00+00:00,109.973,111.083,109.708,110.989,1625.0
2007-11-26 22:00:00+00:00,110.973,110.973,110.004,110.317,2444.0
2007-11-27 22:00:00+00:00,110.286,110.442,109.817,109.926,1884.0
2007-11-28 22:00:00+00:00,109.942,110.567,109.786,110.426,1767.0
2007-11-29 22:00:00+00:00,110.422,110.484,109.873,110.467,1780.0
2007-12-02 22:00:00+00:00,110.432,111.01,110.353,110.994,1422.0
2007-12-03 22:00:00+00:00,110.963,111.165,110.695,110.867,1425.0
2007-12-04 22:00:00+00:00,110.851,111.038,110.506,110.662,1901.0
2007-12-05 22:00:00+00:00,110.646,110.77,110.331,110.472,1493.0
2007-12-06 22:00:00+00:00,110.488,110.628,109.86,110.001,2099.0
2007-12-09 22:00:00+00:00,110.013,110.263,109.698,109.698,1348.0
2007-12-10 22:00:00+00:00,109.714,110.933,109.714,110.792,2211.0
2007-12-11 22:00:00+00:00,110.807,110.807,109.429,110.101,3156.0
2007-12-12 22:00:00+00:00,110.133,110.336,109.614,109.63,2774.0
2007-12-13 22:00:00+00:00,109.599,109.786,109.3,109.409,1415.0
2007-12-16 22:00:00+00:00,109.359,109.983,109.312,109.936,1032.0
2007-12-17 22:00:00+00:00,109.92,110.185,109.716,110.028,1321.0
2007-12-18 22:00:00+00:00,109.997,110.574,109.745,110.402,1947.0
2007-12-19 22:00:00+00:00,110.386,110.651,110.166,110.338,1472.0
2007-12-20 22:00:00+00:00,110.322,110.368,109.679,109.741,1168.0
2007-12-23 22:00:00+00:00,109.706,109.753,109.47,109.501,458.0
2007-12-25 22:00:00+00:00,109.498,109.623,109.122,109.2,551.0
2007-12-26 22:00:00+00:00,109.153,109.684,109.153,109.652,835.0
2007-12-27 22:00:00+00:00,109.636,110.402,109.636,110.245,1224.0
2007-12-30 22:00:00+00:00,110.226,110.537,110.179,110.459,492.0
2008-01-01 22:00:00+00:00,110.504,111.301,110.221,111.159,1672.0
2008-01-02 22:00:00+00:00,111.175,111.424,110.97,111.251,1405.0
2008-01-03 22:00:00+00:00,111.236,111.907,111.141,111.61,1904.0
2008-01-06 22:00:00+00:00,111.606,111.839,111.464,111.698,1351.0
2008-01-07 22:00:00+00:00,111.682,112.103,111.399,112.025,1358.0
2008-01-08 22:00:00+00:00,112.04,112.227,111.757,111.82,1394.0
2008-01-09 22:00:00+00:00,111.851,112.022,111.646,111.693,1973.0
2008-01-10 22:00:00+00:00,111.724,112.301,111.708,112.285,1702.0
2008-01-13 22:00:00+00:00,112.219,112.375,112.03,112.217,1217.0
2008-01-14 22:00:00+00:00,112.17,112.716,112.154,112.685,1466.0
2008-01-15 22:00:00+00:00,112.669,112.935,112.371,112.48,2216.0
2008-01-16 22:00:00+00:00,112.464,112.9,112.322,112.9,216.0
2008-01-17 22:00:00+00:00,112.852,113.165,112.774,113.118,1111.0
2008-01-21 22:00:00+00:00,113.565,114.519,113.47,114.268,4177.0
2008-01-22 22:00:00+00:00,114.283,114.97,113.265,113.405,4124.0
2008-01-23 22:00:00+00:00,113.468,114.015,112.668,112.762,3494.0
2008-01-24 22:00:00+00:00,112.731,113.449,112.323,113.339,3139.0
2008-01-27 22:00:00+00:00,113.335,113.616,113.021,113.209,1996.0
2008-01-28 22:00:00+00:00,113.162,113.318,112.675,112.8,1789.0
2008-01-29 22:00:00+00:00,112.784,113.159,112.548,113.095,2803.0
2008-01-30 22:00:00+00:00,113.236,113.657,113.047,113.406,2740.0
2008-01-31 22:00:00+00:00,113.312,113.749,112.999,113.467,3014.0
2008-02-03 22:00:00+00:00,113.448,113.479,113.165,113.352,1149.0
2008-02-04 22:00:00+00:00,113.368,114.039,113.32,113.913,1954.0
2008-02-05 22:00:00+00:00,113.929,114.085,113.615,113.88,1402.0
2008-02-06 22:00:00+00:00,113.911,114.207,112.909,113.143,2818.0
2008-02-07 22:00:00+00:00,113.206,113.752,113.175,113.72,2185.0
2008-02-10 22:00:00+00:00,113.701,114.059,113.496,113.887,1360.0
2008-02-11 22:00:00+00:00,113.902,113.949,113.338,113.713,1773.0
2008-02-12 22:00:00+00:00,113.728,113.946,113.415,113.57,1791.0
2008-02-13 22:00:00+00:00,113.601,113.772,113.241,113.428,2014.0
2008-02-14 22:00:00+00:00,113.412,113.739,113.302,113.426,1407.0
2008-02-17 22:00:00+00:00,113.406,113.422,112.983,113.014,289.0
2008-02-18 22:00:00+00:00,113.029,113.357,112.621,112.668,1879.0
2008-02-19 22:00:00+00:00,112.715,113.058,112.432,112.604,2743.0
2008-02-20 22:00:00+00:00,112.588,113.54,112.368,113.43,2597.0
2008-02-21 22:00:00+00:00,113.415,113.664,113.132,113.288,2069.0
2008-02-24 22:00:00+00:00,113.206,113.269,112.626,112.688,1801.0
2008-02-25 22:00:00+00:00,112.735,113.234,112.5,113.14,1778.0
2008-02-26 22:00:00+00:00,113.155,113.686,113.076,113.076,72.0
2008-02-27 22:00:00+00:00,113.184,114.152,113.184,114.121,1549.0
2008-02-28 22:00:00+00:00,114.062,114.953,114.062,114.953,1968.0
2008-03-02 22:00:00+00:00,114.936,115.021,114.445,114.688,4530.0
2008-03-03 22:00:00+00:00,114.68,115.115,114.408,114.447,5617.0
2008-03-04 22:00:00+00:00,114.455,114.813,114.09,114.294,6793.0
2008-03-05 22:00:00+00:00,114.309,114.791,114.243,114.673,7134.0
2008-03-06 22:00:00+00:00,114.705,115.079,114.348,114.904,8657.0
2008-03-09 21:00:00+00:00,114.91,115.244,114.711,114.969,5730.0
2008-03-10 21:00:00+00:00,114.976,115.078,113.81,113.998,8524.0
2008-03-11 21:00:00+00:00,114.006,114.842,113.808,114.669,5599.0
2008-03-12 21:00:00+00:00,114.676,115.231,114.358,114.468,7907.0
2008-03-13 21:00:00+00:00,114.46,115.634,114.42,115.13,12376.0
2008-03-16 21:00:00+00:00,115.183,116.053,115.112,115.791,8501.0
2008-03-17 21:00:00+00:00,115.759,115.814,114.664,114.672,7515.0
2008-03-18 21:00:00+00:00,114.679,115.287,114.37,115.255,6877.0
2008-03-19 21:00:00+00:00,115.263,115.318,114.757,114.992,4166.0
2008-03-23 21:00:00+00:00,114.969,114.969,113.647,113.749,2753.0
2008-03-24 21:00:00+00:00,113.756,114.122,113.707,113.948,3975.0
2008-03-25 21:00:00+00:00,113.956,114.485,113.9,114.469,3956.0
2008-03-26 21:00:00+00:00,114.476,114.508,113.995,114.252,4710.0
2008-03-27 21:00:00+00:00,114.268,114.601,113.999,114.569,3320.0
2008-03-30 21:00:00+00:00,114.552,114.862,114.431,114.79,3787.0
2008-03-31 21:00:00+00:00,114.798,114.828,113.712,113.766,4402.0
2008-04-01 21:00:00+00:00,113.758,113.961,113.237,113.424,4780.0
2008-04-02 21:00:00+00:00,113.432,113.844,113.258,113.553,3783.0
2008-04-03 21:00:00+00:00,113.56,114.098,113.489,114.042,4563.0
2008-04-06 21:00:00+00:00,114.017,114.017,113.096,113.471,3401.0
2008-04-07 21:00:00+00:00,113.479,113.711,113.382,113.498,2837.0
2008-04-08 21:00:00+00:00,113.451,114.356,113.294,114.167,4022.0
2008-04-09 21:00:00+00:00,114.191,114.439,113.794,113.818,3853.0
2008-04-10 21:00:00+00:00,113.849,114.434,113.753,114.362,3472.0
2008-04-13 21:00:00+00:00,114.36,114.624,114.175,114.206,3387.0
2008-04-14 21:00:00+00:00,114.198,114.439,113.708,113.724,3887.0
2008-04-15 21:00:00+00:00,113.739,113.948,113.116,113.202,4799.0
2008-04-16 21:00:00+00:00,113.209,113.311,112.579,112.821,5889.0
2008-04-17 21:00:00+00:00,112.828,113.023,111.987,112.769,4852.0
2008-04-20 21:00:00+00:00,112.728,112.914,112.396,112.591,3621.0
2008-04-21 21:00:00+00:00,112.598,112.715,112.306,112.563,3815.0
2008-04-22 21:00:00+00:00,112.539,112.724,112.326,112.48,3414.0
2008-04-23 21:00:00+00:00,112.581,112.618,111.645,111.793,6036.0
2008-04-24 21:00:00+00:00,111.785,111.884,111.29,111.616,4943.0
2008-04-27 21:00:00+00:00,111.568,111.9,111.549,111.861,2746.0
2008-04-28 21:00:00+00:00,111.837,112.147,111.758,111.903,3076.0
2008-04-29 21:00:00+00:00,111.911,112.392,111.649,112.376,5327.0
2008-04-30 21:00:00+00:00,112.337,112.6,112.019,112.066,3920.0
2008-05-01 21:00:00+00:00,112.058,112.4,111.421,111.654,6446.0
2008-05-04 21:00:00+00:00,111.668,112.106,111.462,111.711,3338.0
2008-05-05 21:00:00+00:00,111.773,112.146,111.584,111.691,3385.0
2008-05-06 21:00:00+00:00,111.73,112.164,111.572,112.101,3270.0
2008-05-07 21:00:00+00:00,112.093,112.66,112.036,112.598,4236.0
2008-05-08 21:00:00+00:00,112.589,112.869,112.547,112.624,3382.0
2008-05-11 21:00:00+00:00,112.669,112.807,112.407,112.43,2889.0
2008-05-12 21:00:00+00:00,112.438,112.592,111.627,111.682,5102.0
2008-05-13 21:00:00+00:00,111.674,111.898,111.233,111.536,5554.0
2008-05-14 21:00:00+00:00,111.544,112.072,111.26,112.048,4821.0
2008-05-15 21:00:00+00:00,112.04,112.264,111.576,111.965,5055.0
2008-05-18 21:00:00+00:00,111.956,112.163,111.78,112.092,3194.0
2008-05-19 21:00:00+00:00,112.076,112.511,111.972,112.471,4134.0
2008-05-20 21:00:00+00:00,112.487,112.548,112.099,112.161,4212.0
2008-05-21 21:00:00+00:00,112.177,112.27,111.32,111.531,4760.0
2008-05-22 21:00:00+00:00,111.538,112.075,111.302,112.019,3698.0
2008-05-25 21:00:00+00:00,112.041,112.056,111.826,111.826,191.0
2008-05-26 21:00:00+00:00,111.848,111.948,111.492,111.586,3310.0
2008-05-27 21:00:00+00:00,111.593,111.709,110.995,111.057,3811.0
2008-05-28 21:00:00+00:00,111.072,111.135,110.412,110.802,4464.0
2008-05-29 21:00:00+00:00,110.656,110.983,110.648,110.729,3135.0
2008-06-01 21:00:00+00:00,110.714,111.528,110.683,111.432,4458.0
2008-06-02 21:00:00+00:00,111.384,111.961,111.104,111.874,6082.0
2008-06-03 21:00:00+00:00,111.881,112.097,111.426,111.497,6594.0
2008-06-04 21:00:00+00:00,111.488,111.673,111.122,111.246,5454.0
2008-06-05 21:00:00+00:00,111.293,112.05,110.927,111.971,7511.0
2008-06-08 21:00:00+00:00,111.98,112.103,110.723,110.919,8338.0
2008-06-09 21:00:00+00:00,110.903,110.934,110.094,110.102,7403.0
2008-06-10 21:00:00+00:00,110.109,110.852,109.983,110.52,6827.0
2008-06-11 21:00:00+00:00,110.527,110.605,109.412,109.514,6316.0
2008-06-12 21:00:00+00:00,109.545,109.988,109.219,109.365,7688.0
2008-06-15 21:00:00+00:00,109.406,109.599,109.211,109.219,4743.0
2008-06-16 21:00:00+00:00,109.227,109.844,109.227,109.684,5831.0
2008-06-17 21:00:00+00:00,109.692,110.173,109.531,110.125,4436.0
2008-06-18 21:00:00+00:00,110.117,110.264,109.569,109.663,5789.0
2008-06-19 21:00:00+00:00,109.749,110.207,109.709,110.01,4266.0
2008-06-22 21:00:00+00:00,109.972,110.14,109.769,109.871,3149.0
2008-06-23 21:00:00+00:00,109.886,110.423,109.774,110.344,4408.0
2008-06-24 21:00:00+00:00,110.327,110.4,109.724,110.376,5076.0
2008-06-25 21:00:00+00:00,110.368,111.069,110.248,110.998,5411.0
2008-06-26 21:00:00+00:00,110.99,111.306,110.86,111.219,5679.0
2008-06-29 21:00:00+00:00,111.189,111.398,110.933,111.214,4870.0
2008-06-30 21:00:00+00:00,112.007,112.007,110.991,111.073,7003.0
2008-07-01 21:00:00+00:00,111.081,111.461,110.959,111.341,5322.0
2008-07-02 21:00:00+00:00,111.357,111.698,111.242,111.491,5143.0
2008-07-03 21:00:00+00:00,111.499,111.777,111.496,111.635,190.0
2008-07-06 21:00:00+00:00,111.627,112.14,111.284,111.888,5950.0
2008-07-07 21:00:00+00:00,111.809,112.104,111.679,111.928,4751.0
2008-07-08 21:00:00+00:00,111.904,112.455,111.688,112.392,4366.0
2008-07-09 21:00:00+00:00,112.384,112.521,112.15,112.369,5401.0
2008-07-10 21:00:00+00:00,112.338,112.42,111.319,111.412,8399.0
2008-07-13 21:00:00+00:00,111.343,112.225,111.068,111.996,6904.0
2008-07-14 21:00:00+00:00,111.972,112.776,111.924,112.381,7386.0
2008-07-15 21:00:00+00:00,112.373,112.589,111.81,111.935,5381.0
2008-07-16 21:00:00+00:00,111.958,112.019,111.183,111.567,5238.0
2008-07-17 21:00:00+00:00,111.574,111.69,110.799,110.924,5837.0
2008-07-20 21:00:00+00:00,110.949,111.209,110.615,111.162,3945.0
2008-07-21 21:00:00+00:00,111.154,111.417,110.568,110.669,4478.0
2008-07-22 21:00:00+00:00,110.661,110.676,110.264,110.552,4898.0
2008-07-23 21:00:00+00:00,110.56,111.393,110.465,111.393,4993.0
2008-07-24 21:00:00+00:00,111.345,111.554,110.845,110.915,5261.0
2008-07-27 21:00:00+00:00,110.877,111.57,110.853,111.537,3524.0
2008-07-28 21:00:00+00:00,111.553,111.588,110.998,111.256,3615.0
2008-07-29 21:00:00+00:00,111.302,111.454,110.882,111.288,4354.0
2008-07-30 21:00:00+00:00,111.303,111.956,111.207,111.901,5311.0
2008-07-31 21:00:00+00:00,111.885,112.108,111.653,112.003,5042.0
2008-08-03 21:00:00+00:00,111.958,112.086,111.756,111.841,3263.0
2008-08-04 21:00:00+00:00,111.825,111.925,111.584,111.615,3706.0
2008-08-05 21:00:00+00:00,111.607,111.862,111.209,111.443,3651.0
2008-08-06 21:00:00+00:00,111.459,112.315,111.459,112.267,4911.0
2008-08-07 21:00:00+00:00,112.235,112.365,111.909,112.049,3733.0
2008-08-10 21:00:00+00:00,112.026,112.188,111.496,111.761,2848.0
2008-08-11 21:00:00+00:00,111.737,112.303,111.722,112.295,3028.0
2008-08-12 21:00:00+00:00,112.287,112.424,111.889,112.061,3603.0
2008-08-13 21:00:00+00:00,112.052,112.36,111.852,112.289,3137.0
2008-08-14 21:00:00+00:00,112.296,112.761,112.183,112.509,2989.0
2008-08-17 21:00:00+00:00,112.51,112.7,112.365,112.637,2335.0
2008-08-18 21:00:00+00:00,112.628,112.882,112.56,112.684,2851.0
2008-08-19 21:00:00+00:00,112.692,113.023,112.486,112.873,3239.0
2008-08-20 21:00:00+00:00,112.857,113.051,112.531,112.639,4168.0
2008-08-21 21:00:00+00:00,112.623,112.724,112.148,112.334,3673.0
2008-08-24 21:00:00+00:00,112.336,112.879,112.289,112.775,3399.0
2008-08-25 21:00:00+00:00,112.791,112.929,112.567,112.761,2922.0
2008-08-26 21:00:00+00:00,112.752,112.895,112.372,112.855,3552.0
2008-08-27 21:00:00+00:00,112.847,112.855,112.466,112.715,3065.0
2008-08-28 21:00:00+00:00,112.484,112.584,112.011,112.34,3558.0
2008-08-31 21:00:00+00:00,112.386,112.595,112.386,112.58,327.0
2008-09-01 21:00:00+00:00,112.563,112.936,112.083,112.936,5381.0
2008-09-02 21:00:00+00:00,112.889,113.16,112.786,113.057,3519.0
2008-09-03 21:00:00+00:00,113.065,113.493,112.891,113.477,3755.0
2008-09-04 21:00:00+00:00,113.532,114.008,112.767,112.846,6240.0
2008-09-07 21:00:00+00:00,112.571,113.023,111.638,112.85,8911.0
2008-09-08 21:00:00+00:00,112.857,113.45,112.495,113.45,6224.0
2008-09-09 21:00:00+00:00,113.434,113.51,112.843,113.211,7486.0
2008-09-10 21:00:00+00:00,113.187,113.671,113.065,113.089,6793.0
2008-09-11 21:00:00+00:00,113.12,113.416,112.694,112.944,7727.0
2008-09-14 21:00:00+00:00,113.626,114.798,113.626,114.767,10623.0
2008-09-15 21:00:00+00:00,114.775,115.423,113.548,114.253,15278.0
2008-09-16 21:00:00+00:00,114.261,115.027,113.547,114.751,14432.0
2008-09-17 21:00:00+00:00,114.759,115.344,113.979,114.198,15891.0
2008-09-18 21:00:00+00:00,114.167,114.206,111.961,112.305,13567.0
2008-09-21 21:00:00+00:00,112.391,112.665,111.847,112.309,6403.0
2008-09-22 21:00:00+00:00,112.395,112.706,112.149,112.399,8507.0
2008-09-23 21:00:00+00:00,112.274,112.882,112.038,112.591,7136.0
2008-09-24 21:00:00+00:00,112.599,112.685,111.89,112.078,8443.0
2008-09-25 21:00:00+00:00,112.086,112.702,112.007,112.294,6115.0
2008-09-28 21:00:00+00:00,112.262,114.524,112.16,113.998,12537.0
2008-09-29 21:00:00+00:00,113.99,114.146,112.474,112.717,8668.0
2008-09-30 21:00:00+00:00,112.748,113.655,112.622,113.222,8373.0
2008-10-01 21:00:00+00:00,113.097,114.01,112.963,113.892,7234.0
2008-10-02 21:00:00+00:00,113.884,114.251,113.192,114.1,12185.0
2008-10-05 21:00:00+00:00,114.296,115.154,114.285,114.88,10839.0
2008-10-06 21:00:00+00:00,114.809,114.995,114.234,114.648,11923.0
2008-10-07 21:00:00+00:00,114.656,115.148,112.914,113.908,18141.0
2008-10-08 21:00:00+00:00,113.923,114.002,112.854,113.45,10439.0
2008-10-09 21:00:00+00:00,113.473,114.052,112.381,112.655,12257.0
2008-10-12 21:00:00+00:00,112.748,112.833,111.664,111.726,2249.0
2008-10-13 21:00:00+00:00,111.702,112.272,111.538,111.934,8020.0
2008-10-14 21:00:00+00:00,111.988,112.588,111.845,112.564,7321.0
2008-10-15 21:00:00+00:00,112.596,113.055,111.927,112.709,9752.0
2008-10-16 21:00:00+00:00,112.701,113.192,112.455,112.87,7127.0
2008-10-19 21:00:00+00:00,112.878,113.054,112.445,113.054,5608.0
2008-10-20 21:00:00+00:00,113.03,114.069,112.912,113.724,5941.0
2008-10-21 21:00:00+00:00,113.716,114.205,113.653,114.182,5609.0
2008-10-22 21:00:00+00:00,114.135,114.429,113.529,113.786,9220.0
2008-10-23 21:00:00+00:00,113.825,114.864,113.809,114.166,11571.0
2008-10-26 21:00:00+00:00,114.228,114.641,113.889,114.209,8663.0
2008-10-27 21:00:00+00:00,114.193,114.318,113.534,113.665,7418.0
2008-10-28 21:00:00+00:00,113.657,114.358,113.615,113.919,7793.0
2008-10-29 21:00:00+00:00,113.989,114.005,113.298,113.649,6675.0
2008-10-30 21:00:00+00:00,113.633,114.382,113.364,113.543,7699.0
2008-11-02 22:00:00+00:00,113.512,114.533,113.292,114.533,4512.0
2008-11-03 22:00:00+00:00,114.471,115.5,114.273,115.398,4983.0
2008-11-04 22:00:00+00:00,115.375,115.85,115.107,115.645,5811.0
2008-11-05 22:00:00+00:00,115.652,116.081,115.329,115.938,5587.0
2008-11-06 22:00:00+00:00,115.922,116.218,115.504,115.543,5939.0
2008-11-09 22:00:00+00:00,115.456,116.087,115.243,115.868,3927.0
2008-11-10 22:00:00+00:00,115.883,116.186,115.84,116.02,2011.0
2008-11-11 22:00:00+00:00,115.965,116.822,115.902,116.791,4711.0
2008-11-12 22:00:00+00:00,116.798,117.022,116.216,116.302,7516.0
2008-11-13 22:00:00+00:00,116.309,117.089,116.309,116.837,5534.0
2008-11-16 22:00:00+00:00,116.915,117.233,116.726,117.17,4708.0
2008-11-17 22:00:00+00:00,117.115,117.604,117.081,117.455,4446.0
2008-11-18 22:00:00+00:00,117.463,118.085,117.218,118.046,5836.0
2008-11-19 22:00:00+00:00,118.03,118.934,117.896,118.832,9960.0
2008-11-20 22:00:00+00:00,118.745,118.831,118.039,118.413,9753.0
2008-11-23 22:00:00+00:00,118.318,118.427,117.509,117.65,4912.0
2008-11-24 22:00:00+00:00,117.642,118.898,117.61,118.545,6924.0
2008-11-25 22:00:00+00:00,118.576,119.067,118.425,118.862,5589.0
2008-11-26 22:00:00+00:00,118.838,118.947,118.588,118.725,263.0
2008-11-27 22:00:00+00:00,118.586,119.384,118.552,119.296,1986.0
2008-11-30 22:00:00+00:00,119.066,120.501,119.066,120.243,5958.0
2008-12-01 22:00:00+00:00,120.242,120.641,120.101,120.438,5319.0
2008-12-02 22:00:00+00:00,120.444,120.88,119.999,120.815,6079.0
2008-12-03 22:00:00+00:00,120.814,121.242,120.312,121.161,6183.0
2008-12-04 22:00:00+00:00,121.159,121.267,120.031,120.127,8553.0
2008-12-07 22:00:00+00:00,120.251,120.251,119.334,120.047,5823.0
2008-12-08 22:00:00+00:00,120.062,120.555,119.606,120.425,5079.0
2008-12-09 22:00:00+00:00,120.431,120.476,119.677,120.372,6379.0
2008-12-10 22:00:00+00:00,120.37,120.772,120.043,120.605,6858.0
2008-12-11 22:00:00+00:00,120.604,121.235,119.719,120.735,8457.0
2008-12-14 22:00:00+00:00,120.524,121.263,120.266,121.125,4545.0
2008-12-15 22:00:00+00:00,121.124,122.235,120.726,122.162,6916.0
2008-12-16 22:00:00+00:00,122.153,122.823,121.745,121.91,6656.0
2008-12-17 22:00:00+00:00,121.885,122.562,121.751,122.239,4898.0
2008-12-18 22:00:00+00:00,122.245,122.309,121.548,121.78,4956.0
2008-12-21 22:00:00+00:00,121.672,121.916,121.191,121.254,3073.0
2008-12-22 22:00:00+00:00,121.253,121.513,121.118,121.297,2918.0
2008-12-23 22:00:00+00:00,121.287,121.603,121.183,121.271,568.0
2008-12-25 22:00:00+00:00,121.52,121.775,121.244,121.423,802.0
2008-12-28 22:00:00+00:00,121.435,122.124,121.252,121.756,2155.0
2008-12-29 22:00:00+00:00,121.755,121.946,121.288,121.624,2576.0
2008-12-30 22:00:00+00:00,121.622,121.797,120.694,120.897,2488.0
2009-01-01 22:00:00+00:00,120.815,121.44,119.958,120.345,3859.0
2009-01-04 22:00:00+00:00,120.088,120.544,119.814,120.488,4913.0
2009-01-05 22:00:00+00:00,120.479,120.737,119.886,120.665,4415.0
2009-01-06 22:00:00+00:00,120.664,120.743,120.274,120.588,3929.0
2009-01-07 22:00:00+00:00,120.579,121.213,120.523,121.043,5060.0
2009-01-08 22:00:00+00:00,121.041,121.674,120.823,121.449,6191.0
2009-01-11 22:00:00+00:00,121.302,121.656,121.084,121.623,3440.0
2009-01-12 22:00:00+00:00,121.622,121.729,121.237,121.681,4135.0
2009-01-13 22:00:00+00:00,121.671,122.306,121.402,122.126,5309.0
2009-01-14 22:00:00+00:00,122.117,122.353,121.817,121.946,5333.0
2009-01-15 22:00:00+00:00,121.906,121.945,121.238,121.617,6034.0
2009-01-18 22:00:00+00:00,121.43,121.43,120.419,120.599,1203.0
2009-01-19 22:00:00+00:00,120.578,121.517,120.578,121.293,6529.0
2009-01-20 22:00:00+00:00,121.292,121.324,120.592,120.592,5363.0
2009-01-21 22:00:00+00:00,120.591,120.934,120.337,120.618,6828.0
2009-01-22 22:00:00+00:00,120.617,120.851,120.023,120.368,6314.0
2009-01-25 22:00:00+00:00,120.364,120.485,120.007,120.265,5965.0
2009-01-26 22:00:00+00:00,120.263,120.735,120.108,120.646,4224.0
2009-01-27 22:00:00+00:00,120.645,120.737,119.993,120.017,5982.0
2009-01-28 22:00:00+00:00,120.016,120.106,119.27,119.38,5741.0
2009-01-29 22:00:00+00:00,119.371,119.958,119.331,119.414,6453.0
2009-02-01 22:00:00+00:00,119.489,120.095,119.394,120.03,4781.0
2009-02-02 22:00:00+00:00,120.021,120.084,119.046,119.07,4981.0
2009-02-03 22:00:00+00:00,119.069,119.364,118.747,118.883,5290.0
2009-02-04 22:00:00+00:00,118.874,119.294,118.85,119.036,4659.0
2009-02-05 22:00:00+00:00,119.019,119.322,118.726,118.763,5512.0
2009-02-08 22:00:00+00:00,118.743,118.942,118.459,118.668,3402.0
2009-02-09 22:00:00+00:00,118.675,119.711,118.627,119.664,5869.0
2009-02-10 22:00:00+00:00,119.663,119.836,119.438,119.627,4211.0
2009-02-11 22:00:00+00:00,119.626,119.998,119.421,119.543,5334.0
2009-02-12 22:00:00+00:00,119.534,119.65,118.935,119.105,4375.0
2009-02-15 22:00:00+00:00,119.109,119.621,119.009,119.573,1092.0
2009-02-16 22:00:00+00:00,119.552,120.005,119.275,119.91,5188.0
2009-02-17 22:00:00+00:00,119.917,120.034,119.051,119.252,6508.0
2009-02-18 22:00:00+00:00,119.251,119.413,118.702,118.908,6323.0
2009-02-19 22:00:00+00:00,118.907,119.724,118.907,119.147,7005.0
2009-02-22 22:00:00+00:00,119.103,119.252,118.635,119.139,5897.0
2009-02-23 22:00:00+00:00,119.145,119.328,118.75,118.835,5441.0
2009-02-24 22:00:00+00:00,118.834,118.98,118.148,118.319,5740.0
2009-02-25 22:00:00+00:00,118.239,118.412,117.893,118.039,5298.0
2009-02-26 22:00:00+00:00,117.359,117.772,117.181,117.754,5730.0
2009-03-01 22:00:00+00:00,117.643,118.543,117.635,118.47,5555.0
2009-03-02 22:00:00+00:00,118.454,118.469,117.96,118.296,6106.0
2009-03-03 22:00:00+00:00,118.312,118.312,117.471,117.753,5977.0
2009-03-04 22:00:00+00:00,117.745,118.525,117.631,118.383,6408.0
2009-03-05 22:00:00+00:00,118.374,118.708,117.926,117.934,8522.0
2009-03-08 21:00:00+00:00,118.051,118.18,117.628,117.941,5851.0
2009-03-09 21:00:00+00:00,117.957,117.957,117.234,117.288,5064.0
2009-03-10 21:00:00+00:00,117.28,117.682,117.069,117.508,4326.0
2009-03-11 21:00:00+00:00,117.523,118.202,117.401,117.933,6353.0
2009-03-12 21:00:00+00:00,117.909,118.328,117.495,118.185,6034.0
2009-03-15 21:00:00+00:00,118.215,118.357,117.801,117.956,3982.0
2009-03-16 21:00:00+00:00,117.971,118.076,117.509,117.602,4658.0
2009-03-17 21:00:00+00:00,117.562,120.325,117.538,119.577,12128.0
2009-03-18 21:00:00+00:00,119.647,119.917,119.214,119.238,6446.0
2009-03-19 21:00:00+00:00,119.214,119.534,119.214,119.403,3932.0
2009-03-22 21:00:00+00:00,119.378,119.402,119.101,119.166,2777.0
2009-03-23 21:00:00+00:00,119.158,119.214,118.821,118.977,5065.0
2009-03-24 21:00:00+00:00,118.985,119.094,118.475,118.631,5221.0
2009-03-25 21:00:00+00:00,118.638,119.096,118.493,118.961,4132.0
2009-03-26 21:00:00+00:00,118.898,119.154,118.758,118.906,3307.0
2009-03-29 21:00:00+00:00,119.007,119.295,118.873,119.275,3130.0
2009-03-30 21:00:00+00:00,119.266,119.581,119.113,119.549,3209.0
2009-03-31 21:00:00+00:00,119.58,119.654,119.388,119.573,3155.0
2009-04-01 21:00:00+00:00,119.541,119.609,118.938,118.959,4316.0
2009-04-02 21:00:00+00:00,118.967,119.021,118.19,118.37,5596.0
2009-04-05 21:00:00+00:00,118.337,118.442,118.043,118.149,3044.0
2009-04-06 21:00:00+00:00,118.133,118.427,118.117,118.369,2636.0
2009-04-07 21:00:00+00:00,118.321,118.593,118.181,118.416,3475.0
2009-04-08 21:00:00+00:00,118.423,118.423,117.985,118.109,3175.0
2009-04-12 21:00:00+00:00,118.1,118.762,118.064,118.627,2779.0
2009-04-13 21:00:00+00:00,118.634,119.028,118.52,118.901,3229.0
2009-04-14 21:00:00+00:00,118.917,119.063,118.714,118.933,3332.0
2009-04-15 21:00:00+00:00,118.94,118.987,118.548,118.595,3137.0
2009-04-16 21:00:00+00:00,118.602,118.677,117.873,117.974,4250.0
2009-04-19 21:00:00+00:00,117.981,118.524,117.926,118.492,3112.0
2009-04-20 21:00:00+00:00,118.499,118.714,118.155,118.209,3869.0
2009-04-21 21:00:00+00:00,118.224,118.33,117.873,118.044,3806.0
2009-04-22 21:00:00+00:00,118.036,118.139,117.803,118.13,3781.0
2009-04-23 21:00:00+00:00,118.122,118.175,117.754,117.824,3210.0
2009-04-26 21:00:00+00:00,117.894,118.35,117.878,118.318,4205.0
2009-04-27 21:00:00+00:00,118.286,118.532,117.785,117.894,4643.0
2009-04-28 21:00:00+00:00,117.878,118.148,116.898,117.556,5207.0
2009-04-29 21:00:00+00:00,117.548,117.721,117.325,117.619,3805.0
2009-04-30 21:00:00+00:00,117.65,117.718,117.401,117.634,2388.0
2009-05-03 21:00:00+00:00,117.571,117.731,117.426,117.548,2570.0
2009-05-04 21:00:00+00:00,117.516,117.66,117.29,117.438,2914.0
2009-05-05 21:00:00+00:00,117.461,117.76,117.307,117.469,3586.0
2009-05-06 21:00:00+00:00,117.453,117.507,116.866,116.92,5122.0
2009-05-07 21:00:00+00:00,116.911,117.235,116.688,117.108,3734.0
2009-05-10 21:00:00+00:00,117.139,117.696,117.091,117.625,2737.0
2009-05-11 21:00:00+00:00,117.601,117.822,117.401,117.727,3226.0
2009-05-12 21:00:00+00:00,117.71,118.112,117.543,117.969,3275.0
2009-05-13 21:00:00+00:00,117.985,118.215,117.932,118.087,2559.0
2009-05-14 21:00:00+00:00,118.102,118.138,117.838,117.899,2436.0
2009-05-17 21:00:00+00:00,117.937,118.038,117.326,117.373,2835.0
2009-05-18 21:00:00+00:00,117.365,117.453,117.179,117.404,3274.0
2009-05-19 21:00:00+00:00,117.388,117.859,117.275,117.749,3430.0
2009-05-20 21:00:00+00:00,117.733,117.9,117.092,117.255,5008.0
2009-05-21 21:00:00+00:00,117.239,117.43,116.943,117.044,3429.0
2009-05-24 21:00:00+00:00,117.027,117.107,116.891,117.06,350.0
2009-05-25 21:00:00+00:00,117.042,117.243,116.479,116.502,4023.0
2009-05-26 21:00:00+00:00,116.51,116.746,116.033,116.15,5654.0
2009-05-27 21:00:00+00:00,116.142,116.442,115.861,116.307,5427.0
2009-05-28 21:00:00+00:00,116.047,116.513,115.932,116.434,4309.0
2009-05-31 21:00:00+00:00,116.355,116.37,115.395,115.56,5306.0
2009-06-01 21:00:00+00:00,115.575,115.815,115.42,115.702,5711.0
2009-06-02 21:00:00+00:00,115.709,116.089,115.596,115.946,4709.0
2009-06-03 21:00:00+00:00,115.954,115.954,115.168,115.183,4234.0
2009-06-04 21:00:00+00:00,115.198,115.323,113.837,113.9,8992.0
2009-06-07 21:00:00+00:00,113.892,113.935,113.24,113.428,5680.0
2009-06-08 21:00:00+00:00,113.42,113.966,113.396,113.814,4520.0
2009-06-09 21:00:00+00:00,113.822,113.864,113.344,113.571,4930.0
2009-06-10 21:00:00+00:00,113.578,114.163,113.235,113.949,6256.0
2009-06-11 21:00:00+00:00,113.956,114.375,113.928,114.248,4095.0
2009-06-14 21:00:00+00:00,114.209,114.558,114.178,114.43,3275.0
2009-06-15 21:00:00+00:00,114.438,114.785,114.103,114.737,4188.0
2009-06-16 21:00:00+00:00,114.753,115.093,114.435,114.73,4317.0
2009-06-17 21:00:00+00:00,114.753,114.806,113.842,113.975,6124.0
2009-06-18 21:00:00+00:00,114.037,114.283,113.805,114.18,5019.0
2009-06-21 21:00:00+00:00,114.227,114.693,114.1,114.676,3058.0
2009-06-22 21:00:00+00:00,114.668,114.859,114.419,114.779,3964.0
2009-06-23 21:00:00+00:00,114.762,115.212,114.499,114.574,6314.0
2009-06-24 21:00:00+00:00,114.582,115.424,114.422,115.345,4461.0
2009-06-25 21:00:00+00:00,115.361,115.669,115.113,115.463,4118.0
2009-06-28 21:00:00+00:00,115.511,115.742,115.344,115.566,3265.0
2009-06-29 21:00:00+00:00,115.574,115.615,115.168,115.394,5338.0
2009-06-30 21:00:00+00:00,115.464,115.701,115.2,115.677,4765.0
2009-07-01 21:00:00+00:00,115.684,116.244,115.546,116.149,4794.0
2009-07-02 21:00:00+00:00,116.18,116.245,116.059,116.229,783.0
2009-07-05 21:00:00+00:00,116.211,116.331,116.065,116.267,3549.0
2009-07-06 21:00:00+00:00,116.243,116.504,116.105,116.44,3507.0
2009-07-07 21:00:00+00:00,116.448,117.211,116.448,117.053,4542.0
2009-07-08 21:00:00+00:00,117.068,117.084,116.512,116.637,4502.0
2009-07-09 21:00:00+00:00,116.644,117.314,116.628,117.116,4059.0
2009-07-12 21:00:00+00:00,117.132,117.348,116.85,116.904,3089.0
2009-07-13 21:00:00+00:00,116.912,117.029,116.441,116.481,4724.0
2009-07-14 21:00:00+00:00,116.472,116.58,115.633,115.75,5135.0
2009-07-15 21:00:00+00:00,115.742,116.357,115.742,116.057,5362.0
2009-07-16 21:00:00+00:00,116.08,116.264,115.682,115.829,4618.0
2009-07-19 21:00:00+00:00,115.719,116.215,115.404,116.042,3843.0
2009-07-20 21:00:00+00:00,116.049,116.805,115.778,116.529,5219.0
2009-07-21 21:00:00+00:00,116.544,116.696,116.208,116.293,4537.0
2009-07-22 21:00:00+00:00,116.324,116.378,115.423,115.658,5941.0
2009-07-23 21:00:00+00:00,115.65,115.704,115.386,115.658,4020.0
2009-07-26 21:00:00+00:00,115.619,115.642,115.136,115.4,4228.0
2009-07-27 21:00:00+00:00,115.407,115.856,115.22,115.369,5625.0
2009-07-28 21:00:00+00:00,115.352,115.617,114.813,115.228,5787.0
2009-07-29 21:00:00+00:00,115.219,115.4,114.853,115.385,5576.0
2009-07-30 21:00:00+00:00,115.361,116.013,115.082,115.887,6429.0
2009-08-02 21:00:00+00:00,115.84,115.879,114.878,115.19,5400.0
2009-08-03 21:00:00+00:00,115.197,115.435,114.893,115.056,4648.0
2009-08-04 21:00:00+00:00,115.025,115.451,114.691,114.955,6479.0
2009-08-05 21:00:00+00:00,114.923,115.178,114.769,115.01,5045.0
2009-08-06 21:00:00+00:00,114.986,115.154,114.236,114.485,6248.0
2009-08-09 21:00:00+00:00,114.273,114.949,114.258,114.807,3433.0
2009-08-10 21:00:00+00:00,114.814,115.24,114.694,115.176,4926.0
2009-08-11 21:00:00+00:00,115.159,115.392,114.73,115.16,6223.0
2009-08-12 21:00:00+00:00,115.152,115.781,114.92,115.67,5831.0
2009-08-13 21:00:00+00:00,115.654,116.275,115.606,115.905,4509.0
2009-08-16 21:00:00+00:00,115.913,116.417,115.905,116.352,4189.0
2009-08-17 21:00:00+00:00,116.383,116.383,116.095,116.164,3581.0
2009-08-18 21:00:00+00:00,116.195,116.661,116.14,116.415,4393.0
2009-08-19 21:00:00+00:00,116.407,116.478,116.099,116.415,3804.0
2009-08-20 21:00:00+00:00,116.423,116.68,115.679,115.687,5015.0
2009-08-23 21:00:00+00:00,115.726,116.158,115.557,116.11,3973.0
2009-08-24 21:00:00+00:00,116.102,116.314,115.909,116.299,3972.0
2009-08-25 21:00:00+00:00,116.29,116.387,116.154,116.322,3508.0
2009-08-26 21:00:00+00:00,116.306,116.543,116.035,116.361,4148.0
2009-08-27 21:00:00+00:00,116.377,116.528,116.082,116.463,2784.0
2009-08-30 21:00:00+00:00,116.211,116.565,116.155,116.533,2953.0
2009-08-31 21:00:00+00:00,116.509,116.966,116.312,116.917,4164.0
2009-09-01 21:00:00+00:00,116.901,117.232,116.769,117.144,3887.0
2009-09-02 21:00:00+00:00,117.159,117.175,116.878,116.944,2659.0
2009-09-03 21:00:00+00:00,116.998,117.095,116.65,116.736,4072.0
2009-09-06 21:00:00+00:00,116.77,116.928,116.624,116.84,530.0
2009-09-07 21:00:00+00:00,116.822,116.901,116.544,116.544,2839.0
2009-09-08 21:00:00+00:00,116.559,116.729,116.362,116.676,3089.0
2009-09-09 21:00:00+00:00,116.667,117.156,116.561,117.036,3941.0
2009-09-10 21:00:00+00:00,117.043,117.351,116.947,117.01,3331.0
2009-09-13 21:00:00+00:00,116.988,117.134,116.623,116.623,2587.0
2009-09-14 21:00:00+00:00,116.662,116.745,116.34,116.51,3653.0
2009-09-15 21:00:00+00:00,116.549,116.851,116.14,116.303,5115.0
2009-09-16 21:00:00+00:00,116.31,116.688,116.074,116.647,4374.0
2009-09-17 21:00:00+00:00,116.607,116.753,116.157,116.25,3034.0
2009-09-20 21:00:00+00:00,116.252,116.545,116.146,116.227,2956.0
2009-09-21 21:00:00+00:00,116.25,116.47,116.041,116.406,2955.0
2009-09-22 21:00:00+00:00,116.389,116.703,116.152,116.647,4587.0
2009-09-23 21:00:00+00:00,116.655,116.914,116.522,116.842,4237.0
2009-09-24 21:00:00+00:00,116.873,116.938,116.613,116.831,3761.0
2009-09-27 21:00:00+00:00,116.865,116.982,116.725,116.95,2407.0
2009-09-28 21:00:00+00:00,116.973,116.988,116.627,116.939,3486.0
2009-09-29 21:00:00+00:00,116.923,117.094,116.705,117.055,4225.0
2009-09-30 21:00:00+00:00,117.07,117.731,117.014,117.698,4906.0
2009-10-01 21:00:00+00:00,117.737,118.03,117.522,117.585,5557.0
2009-10-04 21:00:00+00:00,117.579,117.793,117.499,117.538,3063.0
2009-10-05 21:00:00+00:00,117.576,117.583,117.293,117.385,3026.0
2009-10-06 21:00:00+00:00,117.353,117.808,117.337,117.729,2738.0
2009-10-07 21:00:00+00:00,117.768,117.838,117.397,117.474,3225.0
2009-10-08 21:00:00+00:00,117.45,117.489,116.789,116.842,5333.0
2009-10-11 21:00:00+00:00,116.789,117.174,116.706,117.031,1531.0
2009-10-12 21:00:00+00:00,117.022,117.344,116.949,117.139,2819.0
2009-10-13 21:00:00+00:00,117.099,117.169,116.754,116.955,3769.0
2009-10-14 21:00:00+00:00,116.931,117.01,116.623,116.685,4207.0
2009-10-15 21:00:00+00:00,116.668,116.85,116.497,116.792,4003.0
2009-10-18 21:00:00+00:00,116.7,116.874,116.537,116.808,2809.0
2009-10-19 21:00:00+00:00,116.776,117.209,116.697,117.081,3175.0
2009-10-20 21:00:00+00:00,117.064,117.149,116.623,116.756,3630.0
2009-10-21 21:00:00+00:00,116.771,116.829,116.489,116.674,3630.0
2009-10-22 21:00:00+00:00,116.682,116.682,116.255,116.271,3935.0
2009-10-25 21:00:00+00:00,116.249,116.314,115.936,116.027,3617.0
2009-10-26 21:00:00+00:00,116.019,116.677,116.003,116.654,3833.0
2009-10-27 21:00:00+00:00,116.645,116.974,116.533,116.863,3414.0
2009-10-28 21:00:00+00:00,116.855,116.948,116.344,116.515,4624.0
2009-10-29 21:00:00+00:00,116.506,117.156,116.475,117.149,4255.0
2009-11-01 22:00:00+00:00,117.158,117.205,116.876,117.03,3465.0
2009-11-02 22:00:00+00:00,117.045,117.26,116.801,116.91,2946.0
2009-11-03 22:00:00+00:00,116.901,116.948,116.555,116.813,4385.0
2009-11-04 22:00:00+00:00,116.82,117.072,116.796,117.022,3215.0
2009-11-05 22:00:00+00:00,116.99,117.424,116.956,117.255,4560.0
2009-11-08 22:00:00+00:00,117.218,117.351,117.111,117.247,2265.0
2009-11-09 22:00:00+00:00,117.239,117.452,117.191,117.292,2426.0
2009-11-10 22:00:00+00:00,117.307,117.543,117.208,117.43,1510.0
2009-11-11 22:00:00+00:00,117.422,117.515,117.076,117.42,3745.0
2009-11-12 22:00:00+00:00,117.403,117.496,117.279,117.48,2317.0
2009-11-15 22:00:00+00:00,117.45,117.849,117.368,117.77,3010.0
2009-11-16 22:00:00+00:00,117.777,117.918,117.598,117.861,2818.0
2009-11-17 22:00:00+00:00,117.868,117.932,117.697,117.78,2460.0
2009-11-18 22:00:00+00:00,117.787,118.133,117.72,118.044,2964.0
2009-11-19 22:00:00+00:00,118.051,118.264,117.884,117.9,2548.0
2009-11-22 22:00:00+00:00,117.917,117.946,117.667,117.915,2500.0
2009-11-23 22:00:00+00:00,117.907,118.297,117.883,118.273,2577.0
2009-11-24 22:00:00+00:00,118.257,118.366,118.092,118.302,2841.0
2009-11-25 22:00:00+00:00,118.309,118.74,118.308,118.716,945.0
2009-11-26 22:00:00+00:00,118.706,119.023,118.455,118.603,3097.0
2009-11-29 22:00:00+00:00,118.242,118.565,118.144,118.517,2158.0
2009-11-30 22:00:00+00:00,118.556,118.577,118.341,118.357,2316.0
2009-12-01 22:00:00+00:00,118.372,118.429,118.087,118.141,2715.0
2009-12-02 22:00:00+00:00,118.148,118.156,117.645,117.949,3767.0
2009-12-03 22:00:00+00:00,117.941,118.063,117.034,117.284,5754.0
2009-12-06 22:00:00+00:00,117.231,117.672,117.073,117.648,2731.0
2009-12-07 22:00:00+00:00,117.608,118.123,117.56,117.977,3404.0
2009-12-08 22:00:00+00:00,117.984,118.065,117.762,117.762,2847.0
2009-12-09 22:00:00+00:00,117.785,117.845,117.303,117.562,3230.0
2009-12-10 22:00:00+00:00,117.569,117.608,117.089,117.284,3246.0
2009-12-13 22:00:00+00:00,117.271,117.458,116.955,117.001,2667.0
2009-12-14 22:00:00+00:00,117.008,117.114,116.637,116.794,3511.0
2009-12-15 22:00:00+00:00,116.801,117.03,116.645,116.768,3822.0
2009-12-16 22:00:00+00:00,116.743,117.39,116.743,117.341,3197.0
2009-12-17 22:00:00+00:00,117.332,117.419,116.993,117.039,2575.0
2009-12-20 22:00:00+00:00,117.026,117.073,116.347,116.441,2632.0
2009-12-21 22:00:00+00:00,116.456,116.472,116.1,116.14,3422.0
2009-12-22 22:00:00+00:00,116.123,116.321,115.933,115.996,2605.0
2009-12-23 22:00:00+00:00,115.979,116.101,115.711,115.743,979.0
2009-12-27 22:00:00+00:00,115.695,115.726,115.406,115.449,1972.0
2009-12-28 22:00:00+00:00,115.441,115.59,115.269,115.573,2046.0
2009-12-29 22:00:00+00:00,115.557,115.669,115.431,115.555,1530.0
2009-12-30 22:00:00+00:00,115.562,115.578,114.886,115.175,2528.0
2010-01-03 22:00:00+00:00,115.113,115.492,114.921,115.458,3269.0
2010-01-04 22:00:00+00:00,115.465,115.858,115.449,115.731,3235.0
2010-01-05 22:00:00+00:00,115.738,115.769,115.479,115.65,3120.0
2010-01-06 22:00:00+00:00,115.657,115.761,115.408,115.561,2729.0
2010-01-07 22:00:00+00:00,115.569,116.019,115.375,115.685,3836.0
2010-01-10 22:00:00+00:00,115.688,115.918,115.625,115.797,2056.0
2010-01-11 22:00:00+00:00,115.812,116.252,115.812,116.18,2501.0
2010-01-12 22:00:00+00:00,116.195,116.234,115.849,115.879,2917.0
2010-01-13 22:00:00+00:00,115.894,116.303,115.861,116.144,2782.0
2010-01-14 22:00:00+00:00,116.159,116.577,116.151,116.472,2670.0
2010-01-17 22:00:00+00:00,116.475,116.577,116.451,116.546,438.0
2010-01-18 22:00:00+00:00,116.535,116.61,116.246,116.329,2509.0
2010-01-19 22:00:00+00:00,116.345,116.597,116.297,116.484,2186.0
2010-01-20 22:00:00+00:00,116.46,116.837,116.305,116.82,3470.0
2010-01-21 22:00:00+00:00,116.827,116.928,116.711,116.873,3245.0
2010-01-24 22:00:00+00:00,116.797,116.869,116.673,116.772,2205.0
2010-01-25 22:00:00+00:00,116.779,117.073,116.715,116.856,2576.0
2010-01-26 22:00:00+00:00,116.847,117.108,116.595,116.61,4012.0
2010-01-27 22:00:00+00:00,116.554,116.939,116.388,116.883,3633.0
2010-01-28 22:00:00+00:00,116.898,117.218,116.515,117.195,3783.0
2010-01-31 22:00:00+00:00,117.119,117.127,116.806,116.905,2764.0
2010-02-01 22:00:00+00:00,116.897,117.016,116.782,116.95,1640.0
2010-02-02 22:00:00+00:00,116.981,116.981,116.706,116.743,3252.0
2010-02-03 22:00:00+00:00,116.751,117.332,116.732,117.22,3188.0
2010-02-04 22:00:00+00:00,117.227,117.729,117.111,117.532,4888.0
2010-02-07 22:00:00+00:00,117.526,117.572,117.303,117.556,2896.0
2010-02-08 22:00:00+00:00,117.547,117.563,117.115,117.169,3653.0
2010-02-09 22:00:00+00:00,117.176,117.343,116.823,116.931,3543.0
2010-02-10 22:00:00+00:00,116.923,117.012,116.688,116.929,3063.0
2010-02-11 22:00:00+00:00,116.921,117.189,116.897,117.068,2345.0
2010-02-14 22:00:00+00:00,117.031,117.09,116.929,117.055,507.0
2010-02-15 22:00:00+00:00,117.045,117.264,116.882,117.208,2203.0
2010-02-16 22:00:00+00:00,117.199,117.199,116.681,116.766,2519.0
2010-02-17 22:00:00+00:00,116.774,116.916,116.309,116.364,3620.0
2010-02-18 22:00:00+00:00,116.317,116.538,116.192,116.417,3814.0
2010-02-21 22:00:00+00:00,116.365,116.491,116.313,116.441,2721.0
2010-02-22 22:00:00+00:00,116.409,116.95,116.382,116.886,3512.0
2010-02-23 22:00:00+00:00,116.893,117.035,116.746,116.86,2734.0
2010-02-24 22:00:00+00:00,116.844,117.245,116.82,117.187,2538.0
2010-02-25 22:00:00+00:00,116.844,117.12,116.768,116.985,2186.0
2010-02-28 22:00:00+00:00,116.918,117.108,116.852,117.043,1955.0
2010-03-01 22:00:00+00:00,117.035,117.152,116.864,117.145,2004.0
2010-03-02 22:00:00+00:00,117.128,117.178,116.941,117.104,1993.0
2010-03-03 22:00:00+00:00,117.095,117.259,116.837,117.047,2858.0
2010-03-04 22:00:00+00:00,117.038,117.09,116.559,116.738,3598.0
2010-03-07 22:00:00+00:00,116.726,116.726,116.508,116.568,1643.0
2010-03-08 22:00:00+00:00,116.559,116.806,116.559,116.724,1750.0
2010-03-09 22:00:00+00:00,116.708,116.754,116.424,116.47,2588.0
2010-03-10 22:00:00+00:00,116.478,116.523,116.241,116.272,2758.0
2010-03-11 22:00:00+00:00,116.287,116.438,115.911,116.325,3005.0
2010-03-14 21:00:00+00:00,116.307,116.397,116.182,116.337,1687.0
2010-03-15 21:00:00+00:00,116.344,116.675,116.221,116.58,2629.0
2010-03-16 21:00:00+00:00,116.572,116.613,116.414,116.484,2219.0
2010-03-17 21:00:00+00:00,116.491,116.591,116.215,116.223,2556.0
2010-03-18 21:00:00+00:00,116.23,116.299,116.001,116.001,2413.0
2010-03-21 21:00:00+00:00,116.058,116.306,115.986,116.256,2100.0
2010-03-22 21:00:00+00:00,116.24,116.39,116.176,116.2,1611.0
2010-03-23 21:00:00+00:00,116.191,116.238,115.325,115.403,5179.0
2010-03-24 21:00:00+00:00,115.418,115.548,115.119,115.386,4302.0
2010-03-25 21:00:00+00:00,115.409,115.605,115.23,115.597,2952.0
2010-03-28 21:00:00+00:00,115.523,115.635,115.371,115.498,2308.0
2010-03-29 21:00:00+00:00,115.505,115.572,115.334,115.481,3129.0
2010-03-30 21:00:00+00:00,115.465,115.727,115.373,115.668,3504.0
2010-03-31 21:00:00+00:00,115.66,115.718,115.473,115.525,3276.0
2010-04-01 21:00:00+00:00,115.509,115.7,115.078,115.078,1836.0
2010-04-04 21:00:00+00:00,115.041,115.119,114.663,114.733,2448.0
2010-04-05 21:00:00+00:00,114.756,115.018,114.756,114.968,2534.0
2010-04-06 21:00:00+00:00,114.959,115.423,114.936,115.423,2736.0
2010-04-07 21:00:00+00:00,115.398,115.55,115.234,115.272,2878.0
2010-04-08 21:00:00+00:00,115.279,115.345,115.069,115.302,2317.0
2010-04-11 21:00:00+00:00,115.188,115.558,115.043,115.478,2377.0
2010-04-12 21:00:00+00:00,115.486,115.716,115.401,115.524,2581.0
2010-04-13 21:00:00+00:00,115.516,115.628,115.39,115.413,2399.0
2010-04-14 21:00:00+00:00,115.42,115.694,115.359,115.686,2334.0
2010-04-15 21:00:00+00:00,115.678,116.19,115.677,116.094,4055.0
2010-04-18 21:00:00+00:00,116.137,116.302,115.807,115.822,3126.0
2010-04-19 21:00:00+00:00,115.829,115.891,115.595,115.695,2350.0
2010-04-20 21:00:00+00:00,115.734,115.938,115.612,115.914,2390.0
2010-04-21 21:00:00+00:00,115.929,116.143,115.669,115.708,3456.0
2010-04-22 21:00:00+00:00,115.731,115.814,115.371,115.494,2914.0
2010-04-25 21:00:00+00:00,115.475,115.666,115.338,115.569,2493.0
2010-04-26 21:00:00+00:00,115.576,116.315,115.552,116.227,4837.0
2010-04-27 21:00:00+00:00,116.234,116.434,115.74,115.872,5447.0
2010-04-28 21:00:00+00:00,115.864,116.115,115.725,116.106,2621.0
2010-04-29 21:00:00+00:00,116.113,116.483,116.006,116.45,3219.0
2010-05-02 21:00:00+00:00,116.376,116.376,116.093,116.187,2682.0
2010-05-03 21:00:00+00:00,116.178,116.627,116.139,116.538,3548.0
2010-05-04 21:00:00+00:00,116.514,117.207,116.464,116.913,5962.0
2010-05-05 21:00:00+00:00,116.897,118.043,116.712,117.406,13955.0
2010-05-06 21:00:00+00:00,117.461,117.941,116.765,117.389,13686.0
2010-05-09 21:00:00+00:00,117.009,117.181,116.479,117.008,6463.0
2010-05-10 21:00:00+00:00,116.999,117.441,116.906,117.147,4226.0
2010-05-11 21:00:00+00:00,117.155,117.348,116.942,116.981,3074.0
2010-05-12 21:00:00+00:00,116.973,117.163,116.816,117.144,3604.0
2010-05-13 21:00:00+00:00,117.152,117.811,117.094,117.613,4608.0
2010-05-16 21:00:00+00:00,117.57,117.913,117.366,117.389,4741.0
2010-05-17 21:00:00+00:00,117.38,117.991,117.289,117.967,4100.0
2010-05-18 21:00:00+00:00,117.975,118.162,117.66,117.668,6556.0
2010-05-19 21:00:00+00:00,117.644,118.428,117.636,118.301,6544.0
2010-05-20 21:00:00+00:00,118.308,118.726,118.072,118.088,7422.0
2010-05-23 21:00:00+00:00,118.061,118.36,118.021,118.201,5009.0
2010-05-24 21:00:00+00:00,118.223,118.83,118.137,118.207,6459.0
2010-05-25 21:00:00+00:00,118.151,118.236,117.588,117.978,6023.0
2010-05-26 21:00:00+00:00,117.985,118.024,117.263,117.295,4939.0
2010-05-27 21:00:00+00:00,116.977,117.514,116.953,117.435,3976.0
2010-05-30 21:00:00+00:00,117.391,117.414,117.24,117.315,762.0
2010-05-31 21:00:00+00:00,117.314,117.798,117.298,117.599,4423.0
2010-06-01 21:00:00+00:00,117.622,117.643,117.153,117.199,3634.0
2010-06-02 21:00:00+00:00,117.215,117.281,116.787,117.115,3878.0
2010-06-03 21:00:00+00:00,117.098,117.997,117.064,117.926,5422.0
2010-06-06 21:00:00+00:00,118.141,118.175,117.737,118.127,4164.0
2010-06-07 21:00:00+00:00,118.135,118.164,117.858,117.925,3844.0
2010-06-08 21:00:00+00:00,117.916,118.025,117.715,118.013,3678.0
2010-06-09 21:00:00+00:00,118.028,118.043,117.323,117.339,3767.0
2010-06-10 21:00:00+00:00,117.346,117.844,117.338,117.757,3468.0
2010-06-13 21:00:00+00:00,117.673,117.77,117.323,117.746,3278.0
2010-06-14 21:00:00+00:00,117.714,117.877,117.418,117.496,3332.0
2010-06-15 21:00:00+00:00,117.504,117.846,117.448,117.655,3073.0
2010-06-16 21:00:00+00:00,117.678,118.059,117.534,117.947,3683.0
2010-06-17 21:00:00+00:00,117.97,118.007,117.746,117.815,2637.0
2010-06-20 21:00:00+00:00,117.575,117.789,117.36,117.75,4064.0
2010-06-21 21:00:00+00:00,117.726,118.121,117.631,118.065,3242.0
2010-06-22 21:00:00+00:00,118.057,118.383,117.983,118.279,4115.0
2010-06-23 21:00:00+00:00,118.294,118.605,118.242,118.296,3476.0
2010-06-24 21:00:00+00:00,118.312,118.653,118.229,118.502,3478.0
2010-06-27 21:00:00+00:00,118.544,118.87,118.456,118.837,2830.0
2010-06-28 21:00:00+00:00,118.844,119.132,118.765,119.074,3823.0
2010-06-29 21:00:00+00:00,119.066,119.175,118.723,119.013,3935.0
2010-06-30 21:00:00+00:00,119.004,119.157,118.818,118.865,3749.0
2010-07-01 21:00:00+00:00,118.857,119.057,118.657,118.875,4196.0
2010-07-04 21:00:00+00:00,118.909,119.179,118.829,119.069,748.0
2010-07-05 21:00:00+00:00,119.083,119.187,118.82,119.148,4082.0
2010-07-06 21:00:00+00:00,119.163,119.269,119.016,119.047,2887.0
2010-07-07 21:00:00+00:00,119.031,119.098,118.752,118.9,3115.0
2010-07-08 21:00:00+00:00,118.907,118.969,118.754,118.815,2203.0
2010-07-11 21:00:00+00:00,118.818,119.003,118.773,118.78,2852.0
2010-07-12 21:00:00+00:00,118.788,118.974,118.422,118.492,3061.0
2010-07-13 21:00:00+00:00,118.499,119.02,118.42,118.972,3488.0
2010-07-14 21:00:00+00:00,118.964,119.39,118.803,119.224,4153.0
2010-07-15 21:00:00+00:00,119.208,119.674,119.181,119.657,4163.0
2010-07-18 21:00:00+00:00,119.691,119.691,119.406,119.489,3205.0
2010-07-19 21:00:00+00:00,119.505,119.814,119.409,119.585,3125.0
2010-07-20 21:00:00+00:00,119.592,119.885,119.513,119.798,3108.0
2010-07-21 21:00:00+00:00,119.79,119.883,119.472,119.659,2932.0
2010-07-22 21:00:00+00:00,119.65,119.758,119.37,119.394,3694.0
2010-07-25 21:00:00+00:00,119.388,119.457,119.172,119.406,2896.0
2010-07-26 21:00:00+00:00,119.414,119.467,119.071,119.094,2735.0
2010-07-27 21:00:00+00:00,119.102,119.59,119.067,119.566,3360.0
2010-07-28 21:00:00+00:00,119.558,119.976,119.477,119.897,3696.0
2010-07-29 21:00:00+00:00,119.904,120.251,119.896,120.235,3754.0
2010-08-01 21:00:00+00:00,120.191,120.214,119.973,120.02,3602.0
2010-08-02 21:00:00+00:00,120.012,120.54,119.996,120.437,2863.0
2010-08-03 21:00:00+00:00,120.445,120.576,120.033,120.164,3002.0
2010-08-04 21:00:00+00:00,120.156,120.41,120.02,120.362,2335.0
2010-08-05 21:00:00+00:00,120.369,120.764,120.25,120.637,3635.0
2010-08-08 21:00:00+00:00,120.632,120.739,120.47,120.501,2068.0
2010-08-09 21:00:00+00:00,120.508,120.847,120.237,120.808,4136.0
2010-08-10 21:00:00+00:00,120.792,121.047,120.755,120.856,3357.0
2010-08-11 21:00:00+00:00,120.879,120.919,120.568,120.599,3228.0
2010-08-12 21:00:00+00:00,120.591,120.807,120.542,120.742,2148.0
2010-08-15 21:00:00+00:00,120.721,121.115,120.679,121.099,2797.0
2010-08-16 21:00:00+00:00,121.09,121.09,120.709,120.818,2651.0
2010-08-17 21:00:00+00:00,120.81,120.978,120.718,120.804,2149.0
2010-08-18 21:00:00+00:00,120.796,121.112,120.558,120.954,3210.0
2010-08-19 21:00:00+00:00,120.977,121.201,120.643,120.697,3115.0
2010-08-22 21:00:00+00:00,120.684,120.899,120.618,120.889,2224.0
2010-08-23 21:00:00+00:00,120.873,121.394,120.858,121.282,3266.0
2010-08-24 21:00:00+00:00,121.274,121.45,120.869,120.963,4391.0
2010-08-25 21:00:00+00:00,120.947,121.225,120.926,121.105,2837.0
2010-08-26 21:00:00+00:00,121.097,121.171,120.403,120.52,5509.0
2010-08-29 21:00:00+00:00,120.491,121.073,120.295,121.017,3598.0
2010-08-30 21:00:00+00:00,120.82,121.098,120.78,121.074,2976.0
2010-08-31 21:00:00+00:00,121.066,121.066,120.417,120.683,4747.0
2010-09-01 21:00:00+00:00,120.675,120.76,120.49,120.638,2889.0
2010-09-02 21:00:00+00:00,120.629,120.87,120.076,120.318,4458.0
2010-09-05 21:00:00+00:00,120.274,120.465,120.162,120.442,615.0
2010-09-06 21:00:00+00:00,120.425,120.781,120.361,120.765,2700.0
2010-09-07 21:00:00+00:00,120.772,120.897,120.391,120.445,3074.0
2010-09-08 21:00:00+00:00,120.452,120.607,119.842,119.857,4033.0
2010-09-09 21:00:00+00:00,119.873,120.027,119.68,119.836,3523.0
2010-09-12 21:00:00+00:00,119.776,120.25,119.577,120.148,3396.0
2010-09-13 21:00:00+00:00,120.132,120.637,120.099,120.511,3646.0
2010-09-14 21:00:00+00:00,120.518,120.766,120.381,120.497,4155.0
2010-09-15 21:00:00+00:00,120.52,120.705,120.265,120.381,4162.0
2010-09-16 21:00:00+00:00,120.365,120.652,120.174,120.556,2997.0
2010-09-19 21:00:00+00:00,120.528,120.64,120.398,120.601,2366.0
2010-09-20 21:00:00+00:00,120.608,121.176,120.564,121.144,4089.0
2010-09-21 21:00:00+00:00,121.152,121.339,121.036,121.068,3646.0
2010-09-22 21:00:00+00:00,121.114,121.378,121.011,121.093,3168.0
2010-09-23 21:00:00+00:00,121.085,121.192,120.892,120.961,3117.0
2010-09-26 21:00:00+00:00,120.941,121.337,120.941,121.249,2474.0
2010-09-27 21:00:00+00:00,121.241,121.566,121.159,121.51,4039.0
2010-09-28 21:00:00+00:00,121.518,121.533,121.34,121.402,2352.0
2010-09-29 21:00:00+00:00,121.394,121.525,120.911,121.451,4421.0
2010-09-30 21:00:00+00:00,121.459,121.528,121.18,121.492,4272.0
2010-10-03 21:00:00+00:00,121.503,121.736,121.487,121.623,2090.0
2010-10-04 21:00:00+00:00,121.615,121.801,121.606,121.758,2817.0
2010-10-05 21:00:00+00:00,121.75,122.107,121.726,121.87,3155.0
2010-10-06 21:00:00+00:00,121.885,122.078,121.813,122.052,2815.0
2010-10-07 21:00:00+00:00,122.044,122.314,121.852,122.156,3733.0
2010-10-10 21:00:00+00:00,122.144,122.228,122.109,122.122,960.0
2010-10-11 21:00:00+00:00,122.13,122.276,121.936,121.959,2503.0
2010-10-12 21:00:00+00:00,121.967,122.11,121.821,122.094,3332.0
2010-10-13 21:00:00+00:00,122.086,122.116,121.658,121.759,3887.0
2010-10-14 21:00:00+00:00,121.766,122.124,121.714,121.769,4810.0
2010-10-17 21:00:00+00:00,121.764,122.16,121.764,122.064,2394.0
2010-10-18 21:00:00+00:00,122.079,122.302,121.888,122.144,3323.0
2010-10-19 21:00:00+00:00,122.152,122.304,122.038,122.177,2122.0
2010-10-20 21:00:00+00:00,122.185,122.208,122.0,122.038,2557.0
2010-10-21 21:00:00+00:00,122.045,122.122,121.924,122.001,2011.0
2010-10-24 21:00:00+00:00,121.996,122.196,121.779,121.802,4426.0
2010-10-25 21:00:00+00:00,121.81,121.864,121.413,121.443,4032.0
2010-10-26 21:00:00+00:00,121.459,121.52,121.142,121.179,4018.0
2010-10-27 21:00:00+00:00,121.17,121.777,121.147,121.69,3870.0
2010-10-28 21:00:00+00:00,121.697,122.022,121.623,122.005,3411.0
2010-10-31 21:00:00+00:00,121.946,122.107,121.836,121.995,3711.0
2010-11-01 21:00:00+00:00,121.987,122.116,121.954,122.044,2515.0
2010-11-02 21:00:00+00:00,122.028,122.375,121.443,122.265,6910.0
2010-11-03 21:00:00+00:00,122.327,122.707,122.311,122.564,5081.0
2010-11-04 21:00:00+00:00,122.572,122.608,122.192,122.253,4657.0
2010-11-07 22:00:00+00:00,122.248,122.388,122.07,122.109,2724.0
2010-11-08 22:00:00+00:00,122.116,122.279,121.398,121.515,5203.0
2010-11-09 22:00:00+00:00,121.523,121.791,121.001,121.776,6673.0
2010-11-10 22:00:00+00:00,121.783,121.908,121.269,121.456,2523.0
2010-11-11 22:00:00+00:00,121.472,121.752,120.88,120.957,6314.0
2010-11-14 22:00:00+00:00,121.007,121.062,120.174,120.258,7968.0
2010-11-15 22:00:00+00:00,120.273,120.63,120.136,120.502,7137.0
2010-11-16 22:00:00+00:00,120.486,120.764,120.343,120.551,4474.0
2010-11-17 22:00:00+00:00,120.543,120.598,120.124,120.42,4228.0
2010-11-18 22:00:00+00:00,120.427,120.606,120.291,120.328,2994.0
2010-11-21 22:00:00+00:00,120.284,120.827,120.165,120.811,3832.0
2010-11-22 22:00:00+00:00,120.795,121.135,120.745,120.938,5223.0
2010-11-23 22:00:00+00:00,120.93,120.998,120.221,120.321,5927.0
2010-11-24 22:00:00+00:00,120.337,120.56,120.232,120.41,1053.0
2010-11-25 22:00:00+00:00,120.425,120.75,120.219,120.529,3403.0
2010-11-28 22:00:00+00:00,120.477,120.715,120.31,120.597,3330.0
2010-11-29 22:00:00+00:00,120.406,120.826,120.383,120.613,4199.0
2010-11-30 22:00:00+00:00,120.604,120.626,119.679,119.749,6302.0
2010-12-01 22:00:00+00:00,119.764,119.917,119.407,119.585,6080.0
2010-12-02 22:00:00+00:00,119.616,120.352,119.322,119.933,7364.0
2010-12-05 22:00:00+00:00,119.912,120.464,119.912,120.44,3623.0
2010-12-06 22:00:00+00:00,120.432,120.44,119.287,119.436,6053.0
2010-12-07 22:00:00+00:00,119.467,119.498,118.44,118.612,8561.0
2010-12-08 22:00:00+00:00,118.635,118.917,118.426,118.535,7829.0
2010-12-09 22:00:00+00:00,118.558,118.76,118.065,118.135,4351.0
2010-12-12 22:00:00+00:00,118.154,118.643,117.594,118.635,5605.0
2010-12-13 22:00:00+00:00,118.627,118.663,117.67,117.733,8237.0
2010-12-14 22:00:00+00:00,117.717,118.129,117.413,117.467,7020.0
2010-12-15 22:00:00+00:00,117.514,117.932,117.282,117.925,7122.0
2010-12-16 22:00:00+00:00,117.932,118.359,117.842,118.24,4651.0
2010-12-19 22:00:00+00:00,118.188,118.584,118.149,118.269,3931.0
2010-12-20 22:00:00+00:00,118.26,118.437,118.012,118.278,4115.0
2010-12-21 22:00:00+00:00,118.285,118.321,117.911,118.036,3091.0
2010-12-22 22:00:00+00:00,118.02,118.028,117.708,117.763,2671.0
2010-12-26 22:00:00+00:00,117.712,118.005,117.379,117.965,2809.0
2010-12-27 22:00:00+00:00,117.957,118.08,117.362,117.417,3748.0
2010-12-28 22:00:00+00:00,117.425,118.267,117.405,118.165,3714.0
2010-12-29 22:00:00+00:00,118.133,118.225,117.704,118.001,3752.0
2010-12-30 22:00:00+00:00,118.04,118.326,117.918,118.2,1913.0
2011-01-02 22:00:00+00:00,118.162,118.298,117.743,118.282,4524.0
2011-01-03 22:00:00+00:00,118.274,118.567,118.091,118.268,4212.0
2011-01-04 22:00:00+00:00,118.26,118.46,117.509,117.634,5644.0
2011-01-05 22:00:00+00:00,117.665,118.021,117.625,117.91,4204.0
2011-01-06 22:00:00+00:00,117.902,118.666,117.678,118.477,6496.0
2011-01-09 22:00:00+00:00,118.565,118.693,118.452,118.677,4217.0
2011-01-10 22:00:00+00:00,118.669,118.815,118.39,118.443,4184.0
2011-01-11 22:00:00+00:00,118.459,118.528,118.077,118.39,4178.0
2011-01-12 22:00:00+00:00,118.397,118.792,118.315,118.752,5013.0
2011-01-13 22:00:00+00:00,118.736,118.983,118.513,118.683,5606.0
2011-01-16 22:00:00+00:00,118.654,118.918,118.63,118.822,893.0
2011-01-17 22:00:00+00:00,118.821,118.888,118.283,118.54,4778.0
2011-01-18 22:00:00+00:00,118.548,118.715,118.38,118.659,3435.0
2011-01-19 22:00:00+00:00,118.651,118.752,118.042,118.096,5090.0
2011-01-20 22:00:00+00:00,118.111,118.321,117.998,118.294,3902.0
2011-01-23 22:00:00+00:00,118.241,118.433,118.075,118.306,2529.0
2011-01-24 22:00:00+00:00,118.298,118.779,118.199,118.598,4819.0
2011-01-25 22:00:00+00:00,118.605,118.605,118.24,118.442,4336.0
2011-01-26 22:00:00+00:00,118.434,118.695,118.156,118.648,4621.0
2011-01-27 22:00:00+00:00,118.639,119.074,118.385,118.947,4906.0
2011-01-30 22:00:00+00:00,119.02,119.13,118.694,118.818,4038.0
2011-01-31 22:00:00+00:00,118.834,118.857,118.32,118.483,3973.0
2011-02-01 22:00:00+00:00,118.49,118.612,117.984,118.045,4591.0
2011-02-02 22:00:00+00:00,118.037,118.09,117.579,117.655,5595.0
2011-02-03 22:00:00+00:00,117.67,117.847,117.055,117.265,7899.0
2011-02-06 22:00:00+00:00,117.205,117.244,116.897,117.223,4047.0
2011-02-07 22:00:00+00:00,117.214,117.275,116.574,116.605,4863.0
2011-02-08 22:00:00+00:00,116.621,117.078,116.502,116.92,5419.0
2011-02-09 22:00:00+00:00,116.896,117.089,116.57,116.64,4759.0
2011-02-10 22:00:00+00:00,116.655,117.066,116.632,116.782,3905.0
2011-02-13 22:00:00+00:00,116.738,116.882,116.641,116.764,2235.0
2011-02-14 22:00:00+00:00,116.748,116.953,116.486,116.93,3367.0
2011-02-15 22:00:00+00:00,116.914,117.059,116.635,116.798,4480.0
2011-02-16 22:00:00+00:00,116.806,117.31,116.766,117.215,4327.0
2011-02-17 22:00:00+00:00,117.183,117.304,116.944,117.248,3466.0
2011-02-20 22:00:00+00:00,117.235,117.443,117.203,117.34,1105.0
2011-02-21 22:00:00+00:00,117.393,117.928,117.377,117.872,5117.0
2011-02-22 22:00:00+00:00,117.856,118.016,117.634,117.702,4585.0
2011-02-23 22:00:00+00:00,117.693,118.051,117.678,117.758,3515.0
2011-02-24 22:00:00+00:00,117.75,117.94,117.668,117.924,2321.0
2011-02-27 22:00:00+00:00,117.711,117.878,117.659,117.814,2996.0
2011-02-28 22:00:00+00:00,117.782,118.012,117.456,118.004,3760.0
2011-03-01 22:00:00+00:00,118.011,118.095,117.619,117.626,3597.0
2011-03-02 22:00:00+00:00,117.634,117.663,116.959,117.044,5369.0
2011-03-03 22:00:00+00:00,117.068,117.707,116.749,117.604,6172.0
2011-03-06 22:00:00+00:00,117.589,117.772,117.356,117.487,3811.0
2011-03-07 22:00:00+00:00,117.511,117.648,117.3,117.409,3433.0
2011-03-08 22:00:00+00:00,117.432,117.906,117.383,117.764,3537.0
2011-03-09 22:00:00+00:00,117.755,118.386,117.712,118.378,5616.0
2011-03-10 22:00:00+00:00,118.37,118.587,118.167,118.253,5509.0
2011-03-13 21:00:00+00:00,118.387,118.925,118.265,118.632,4662.0
2011-03-14 21:00:00+00:00,118.639,119.527,118.585,118.687,8113.0
2011-03-15 21:00:00+00:00,118.758,119.57,118.503,119.286,10252.0
2011-03-16 21:00:00+00:00,119.411,119.529,118.729,118.948,6706.0
2011-03-17 21:00:00+00:00,118.932,119.125,118.664,118.87,5974.0
2011-03-20 21:00:00+00:00,118.839,118.878,118.252,118.352,4504.0
2011-03-21 21:00:00+00:00,118.344,118.42,118.08,118.274,3644.0
2011-03-22 21:00:00+00:00,118.289,118.538,118.188,118.204,3479.0
2011-03-23 21:00:00+00:00,118.219,118.389,117.851,117.866,3371.0
2011-03-24 21:00:00+00:00,117.858,118.057,117.522,117.639,4322.0
2011-03-27 21:00:00+00:00,117.521,117.642,117.322,117.538,3875.0
2011-03-28 21:00:00+00:00,117.545,117.631,117.21,117.295,3392.0
2011-03-29 21:00:00+00:00,117.31,117.594,117.19,117.578,2822.0
2011-03-30 21:00:00+00:00,117.57,117.699,117.21,117.257,4297.0
2011-03-31 21:00:00+00:00,117.225,117.36,116.804,117.336,5770.0
2011-04-03 21:00:00+00:00,117.305,117.692,117.278,117.597,2793.0
2011-04-04 21:00:00+00:00,117.588,117.663,117.134,117.204,4464.0
2011-04-05 21:00:00+00:00,117.212,117.256,116.93,116.954,3000.0
2011-04-06 21:00:00+00:00,116.969,117.286,116.839,117.174,4954.0
2011-04-07 21:00:00+00:00,117.166,117.181,116.808,117.025,3093.0
2011-04-10 21:00:00+00:00,116.979,117.154,116.835,116.964,2458.0
2011-04-11 21:00:00+00:00,116.948,117.625,116.94,117.554,3970.0
2011-04-12 21:00:00+00:00,117.53,117.728,117.313,117.703,3251.0
2011-04-13 21:00:00+00:00,117.687,117.934,117.421,117.421,4335.0
2011-04-14 21:00:00+00:00,117.429,118.011,117.413,117.963,3686.0
2011-04-17 21:00:00+00:00,117.956,118.327,117.85,118.216,6801.0
2011-04-18 21:00:00+00:00,118.239,118.328,118.007,118.24,3239.0
2011-04-19 21:00:00+00:00,118.224,118.232,117.945,117.974,2720.0
2011-04-20 21:00:00+00:00,117.965,118.157,117.891,118.013,2697.0
2011-04-24 21:00:00+00:00,118.022,118.275,117.967,118.243,1883.0
2011-04-25 21:00:00+00:00,118.234,118.534,118.169,118.518,3303.0
2011-04-26 21:00:00+00:00,118.525,118.558,118.065,118.518,4124.0
2011-04-27 21:00:00+00:00,118.494,118.921,118.486,118.785,3688.0
2011-04-28 21:00:00+00:00,118.777,118.974,118.702,118.927,3210.0
2011-05-01 21:00:00+00:00,118.904,119.11,118.743,118.936,2732.0
2011-05-02 21:00:00+00:00,118.928,119.08,118.877,119.023,2719.0
2011-05-03 21:00:00+00:00,119.014,119.182,118.822,119.054,3461.0
2011-05-04 21:00:00+00:00,119.07,119.377,118.99,119.337,3768.0
2011-05-05 21:00:00+00:00,119.313,119.582,118.956,119.447,5880.0
2011-05-08 21:00:00+00:00,119.369,119.599,119.257,119.527,2946.0
2011-05-09 21:00:00+00:00,119.518,119.548,119.19,119.206,2746.0
2011-05-10 21:00:00+00:00,119.198,119.568,119.06,119.504,3755.0
2011-05-11 21:00:00+00:00,119.511,119.649,119.263,119.418,3416.0
2011-05-12 21:00:00+00:00,119.41,119.835,119.304,119.599,3448.0
2011-05-15 21:00:00+00:00,119.591,119.78,119.516,119.757,2222.0
2011-05-16 21:00:00+00:00,119.764,119.986,119.604,119.843,3449.0
2011-05-17 21:00:00+00:00,119.835,119.925,119.483,119.514,3006.0
2011-05-18 21:00:00+00:00,119.522,119.688,119.173,119.656,3985.0
2011-05-19 21:00:00+00:00,119.64,119.854,119.624,119.821,2589.0
2011-05-22 21:00:00+00:00,119.813,120.108,119.783,119.837,3139.0
2011-05-23 21:00:00+00:00,119.829,119.907,119.644,119.885,3255.0
2011-05-24 21:00:00+00:00,119.869,120.03,119.825,119.971,3262.0
2011-05-25 21:00:00+00:00,119.979,120.379,119.835,120.347,3133.0
2011-05-26 21:00:00+00:00,120.339,120.489,120.194,120.473,2828.0
2011-05-29 21:00:00+00:00,120.434,120.512,120.418,120.483,278.0
2011-05-30 21:00:00+00:00,120.25,120.329,119.931,120.202,2653.0
2011-05-31 21:00:00+00:00,120.193,120.745,120.114,120.729,3328.0
2011-06-01 21:00:00+00:00,120.72,120.746,120.389,120.436,3774.0
2011-06-02 21:00:00+00:00,120.443,120.997,120.419,120.702,4103.0
2011-06-05 21:00:00+00:00,120.691,120.754,120.504,120.722,2554.0
2011-06-06 21:00:00+00:00,120.713,120.91,120.47,120.854,2605.0
2011-06-07 21:00:00+00:00,120.846,121.232,120.764,121.192,2936.0
2011-06-08 21:00:00+00:00,121.168,121.225,120.664,120.725,5118.0
2011-06-09 21:00:00+00:00,120.733,121.033,120.685,120.874,2315.0
2011-06-12 21:00:00+00:00,120.847,120.981,120.549,120.806,2509.0
2011-06-13 21:00:00+00:00,120.79,120.829,120.199,120.214,3210.0
2011-06-14 21:00:00+00:00,120.237,120.994,120.221,120.922,5023.0
2011-06-15 21:00:00+00:00,120.905,121.412,120.81,120.975,6587.0
2011-06-16 21:00:00+00:00,120.983,121.085,120.741,120.982,3340.0
2011-06-19 21:00:00+00:00,120.962,121.194,120.798,120.93,3236.0
2011-06-20 21:00:00+00:00,120.914,120.986,120.75,120.889,2850.0
2011-06-21 21:00:00+00:00,120.873,121.181,120.794,120.88,3333.0
2011-06-22 21:00:00+00:00,120.919,121.493,120.91,121.343,4023.0
2011-06-23 21:00:00+00:00,121.311,121.783,121.197,121.774,4934.0
2011-06-26 21:00:00+00:00,121.716,121.855,121.291,121.329,4355.0
2011-06-27 21:00:00+00:00,121.336,121.444,120.51,120.69,5948.0
2011-06-28 21:00:00+00:00,120.674,120.697,120.163,120.374,6562.0
2011-06-29 21:00:00+00:00,120.389,120.533,119.714,120.003,6619.0
2011-06-30 21:00:00+00:00,119.987,120.146,119.595,119.837,4925.0
2011-07-03 21:00:00+00:00,119.801,120.066,119.762,119.999,961.0
2011-07-04 21:00:00+00:00,119.981,120.381,119.909,120.358,3610.0
2011-07-05 21:00:00+00:00,120.326,120.681,120.173,120.451,3897.0
2011-07-06 21:00:00+00:00,120.474,120.482,119.947,120.095,4398.0
2011-07-07 21:00:00+00:00,120.087,121.063,119.885,120.88,7046.0
2011-07-10 21:00:00+00:00,121.018,121.413,120.844,121.348,4234.0
2011-07-11 21:00:00+00:00,121.323,121.854,121.136,121.511,7535.0
2011-07-12 21:00:00+00:00,121.518,121.542,121.073,121.525,5621.0
2011-07-13 21:00:00+00:00,121.454,121.577,121.194,121.217,5883.0
2011-07-14 21:00:00+00:00,121.225,121.555,121.153,121.507,4989.0
2011-07-17 21:00:00+00:00,121.519,121.68,121.432,121.486,3831.0
2011-07-18 21:00:00+00:00,121.494,121.62,121.221,121.509,4409.0
2011-07-19 21:00:00+00:00,121.516,121.516,121.236,121.334,3203.0
2011-07-20 21:00:00+00:00,121.326,121.431,120.792,120.956,6452.0
2011-07-21 21:00:00+00:00,120.979,121.271,120.963,121.158,3226.0
2011-07-24 21:00:00+00:00,121.037,121.321,120.898,121.06,4776.0
2011-07-25 21:00:00+00:00,121.067,121.381,120.82,121.294,4620.0
2011-07-26 21:00:00+00:00,121.317,121.414,120.995,121.096,5248.0
2011-07-27 21:00:00+00:00,121.111,121.419,121.103,121.299,4877.0
2011-07-28 21:00:00+00:00,121.274,122.177,121.164,122.098,6333.0
2011-07-31 21:00:00+00:00,121.867,122.457,121.779,122.179,6173.0
2011-08-01 21:00:00+00:00,122.14,122.705,122.124,122.633,4947.0
2011-08-02 21:00:00+00:00,122.648,122.802,122.42,122.435,5692.0
2011-08-03 21:00:00+00:00,122.427,123.242,122.314,123.218,6866.0
2011-08-04 21:00:00+00:00,123.186,123.317,122.19,122.487,12744.0
2011-08-07 21:00:00+00:00,122.507,123.356,122.491,123.118,9559.0
2011-08-08 21:00:00+00:00,123.133,124.435,122.596,123.579,14659.0
2011-08-09 21:00:00+00:00,123.641,124.16,123.498,123.899,10563.0
2011-08-10 21:00:00+00:00,123.859,124.01,123.42,123.442,10886.0
2011-08-11 21:00:00+00:00,123.457,123.835,123.442,123.731,5141.0
2011-08-14 21:00:00+00:00,123.719,123.814,123.526,123.577,3632.0
2011-08-15 21:00:00+00:00,123.568,123.921,123.528,123.818,4502.0
2011-08-16 21:00:00+00:00,123.802,123.958,123.701,123.895,3223.0
2011-08-17 21:00:00+00:00,123.886,124.444,123.83,123.971,5827.0
2011-08-18 21:00:00+00:00,124.002,124.126,123.699,123.922,5997.0
2011-08-21 21:00:00+00:00,123.958,123.973,123.615,123.784,3966.0
2011-08-22 21:00:00+00:00,123.807,123.995,123.551,123.673,5211.0
2011-08-23 21:00:00+00:00,123.688,123.848,123.342,123.373,4644.0
2011-08-24 21:00:00+00:00,123.388,123.891,123.367,123.646,4960.0
2011-08-25 21:00:00+00:00,123.653,124.133,123.619,123.856,4692.0
2011-08-28 21:00:00+00:00,123.812,123.828,123.392,123.631,3352.0
2011-08-29 21:00:00+00:00,123.638,124.032,123.619,123.88,2877.0
2011-08-30 21:00:00+00:00,123.586,123.731,123.321,123.429,4380.0
2011-08-31 21:00:00+00:00,123.397,123.777,123.243,123.713,5486.0
2011-09-01 21:00:00+00:00,123.705,124.062,123.401,123.8,5345.0
2011-09-04 21:00:00+00:00,123.768,123.936,123.702,123.912,956.0
2011-09-05 21:00:00+00:00,123.918,123.996,123.616,123.722,4685.0
2011-09-06 21:00:00+00:00,123.714,123.724,123.475,123.581,3508.0
2011-09-07 21:00:00+00:00,123.572,123.851,123.572,123.786,3825.0
2011-09-08 21:00:00+00:00,123.761,124.165,123.678,124.1,3943.0
2011-09-11 21:00:00+00:00,124.14,124.203,123.677,123.739,4118.0
2011-09-12 21:00:00+00:00,123.731,123.917,123.576,123.661,3578.0
2011-09-13 21:00:00+00:00,123.621,123.907,123.505,123.646,4819.0
2011-09-14 21:00:00+00:00,123.653,123.699,123.137,123.386,5368.0
2011-09-15 21:00:00+00:00,123.394,123.544,123.255,123.544,3048.0
2011-09-18 21:00:00+00:00,123.56,123.994,123.557,123.851,3355.0
2011-09-19 21:00:00+00:00,123.882,124.0,123.673,123.828,3637.0
2011-09-20 21:00:00+00:00,123.835,124.018,123.294,123.75,5781.0
2011-09-21 21:00:00+00:00,123.741,124.106,123.718,124.001,5202.0
2011-09-22 21:00:00+00:00,123.993,124.122,123.561,123.569,5343.0
2011-09-25 21:00:00+00:00,123.546,123.7,123.32,123.389,5101.0
2011-09-26 21:00:00+00:00,123.381,123.483,123.068,123.193,3801.0
2011-09-27 21:00:00+00:00,123.208,123.309,122.912,123.256,4485.0
2011-09-28 21:00:00+00:00,123.264,123.31,122.991,123.068,4598.0
2011-09-29 21:00:00+00:00,123.06,123.385,123.044,123.241,4336.0
2011-10-02 21:00:00+00:00,123.171,123.714,123.158,123.682,4829.0
2011-10-03 21:00:00+00:00,123.674,123.732,123.338,123.431,5102.0
2011-10-04 21:00:00+00:00,123.438,123.469,123.117,123.235,4044.0
2011-10-05 21:00:00+00:00,123.227,123.295,122.913,122.968,4021.0
2011-10-06 21:00:00+00:00,122.976,123.029,122.492,122.576,5321.0
2011-10-09 21:00:00+00:00,122.56,122.599,121.982,122.09,2359.0
2011-10-10 21:00:00+00:00,122.066,122.416,122.058,122.271,3911.0
2011-10-11 21:00:00+00:00,122.263,122.395,121.911,122.216,4079.0
2011-10-12 21:00:00+00:00,122.224,122.712,121.982,122.413,4034.0
2011-10-13 21:00:00+00:00,122.42,122.566,122.243,122.444,4058.0
2011-10-16 21:00:00+00:00,122.429,122.713,122.206,122.657,3674.0
2011-10-17 21:00:00+00:00,122.673,122.929,122.58,122.681,4845.0
2011-10-18 21:00:00+00:00,122.689,122.894,122.551,122.776,4153.0
2011-10-19 21:00:00+00:00,122.767,122.989,122.566,122.69,6558.0
2011-10-20 21:00:00+00:00,122.697,122.824,122.464,122.698,3773.0
2011-10-23 21:00:00+00:00,122.824,122.886,122.496,122.557,3291.0
2011-10-24 21:00:00+00:00,122.549,123.084,122.412,123.06,4899.0
2011-10-25 21:00:00+00:00,123.036,123.044,122.622,122.684,5260.0
2011-10-26 21:00:00+00:00,122.699,122.792,122.057,122.166,5923.0
2011-10-27 21:00:00+00:00,122.142,122.599,122.111,122.465,4531.0
2011-10-30 21:00:00+00:00,122.426,123.297,122.41,123.297,4341.0
2011-10-31 21:00:00+00:00,123.257,123.637,123.128,123.501,6413.0
2011-11-01 21:00:00+00:00,123.508,123.618,123.286,123.595,5091.0
2011-11-02 21:00:00+00:00,123.587,123.758,123.323,123.392,4793.0
2011-11-03 21:00:00+00:00,123.399,123.645,123.238,123.588,4557.0
2011-11-06 22:00:00+00:00,123.541,123.739,123.434,123.455,3231.0
2011-11-07 22:00:00+00:00,123.447,123.624,123.314,123.338,3181.0
2011-11-08 22:00:00+00:00,123.345,123.708,123.321,123.565,4320.0
2011-11-09 22:00:00+00:00,123.573,123.601,123.222,123.401,4146.0
2011-11-10 22:00:00+00:00,123.416,123.424,123.12,123.229,1392.0
2011-11-13 22:00:00+00:00,123.174,123.513,123.096,123.386,3240.0
2011-11-14 22:00:00+00:00,123.394,123.57,123.293,123.371,3239.0
2011-11-15 22:00:00+00:00,123.378,123.532,123.312,123.473,3252.0
2011-11-16 22:00:00+00:00,123.48,123.563,123.201,123.536,5486.0
2011-11-17 22:00:00+00:00,123.528,123.596,123.193,123.246,3444.0
2011-11-20 22:00:00+00:00,123.254,123.422,123.254,123.357,2800.0
2011-11-21 22:00:00+00:00,123.348,123.475,123.225,123.459,4277.0
2011-11-22 22:00:00+00:00,123.45,123.598,123.312,123.537,4048.0
2011-11-23 22:00:00+00:00,123.529,123.537,123.283,123.398,696.0
2011-11-24 22:00:00+00:00,123.396,123.486,123.274,123.327,2096.0
2011-11-27 22:00:00+00:00,123.225,123.422,122.971,123.327,4227.0
2011-11-28 22:00:00+00:00,123.335,123.406,123.087,123.327,3261.0
2011-11-29 22:00:00+00:00,123.094,123.186,122.661,122.981,6298.0
2011-11-30 22:00:00+00:00,122.973,123.089,122.807,122.908,4433.0
2011-12-01 22:00:00+00:00,122.916,123.172,122.608,123.171,4035.0
2011-12-04 22:00:00+00:00,123.126,123.126,122.843,123.037,3338.0
2011-12-05 22:00:00+00:00,123.006,123.122,122.91,123.019,2789.0
2011-12-06 22:00:00+00:00,123.027,123.4,122.931,123.298,3547.0
2011-12-07 22:00:00+00:00,123.29,123.57,123.092,123.538,3780.0
2011-12-08 22:00:00+00:00,123.53,123.6,123.292,123.3,2880.0
2011-12-11 22:00:00+00:00,123.318,123.535,123.247,123.424,1862.0
2011-12-12 22:00:00+00:00,123.409,123.547,123.273,123.429,3085.0
2011-12-13 22:00:00+00:00,123.461,123.49,123.342,123.426,3309.0
2011-12-14 22:00:00+00:00,123.418,123.519,123.307,123.431,2848.0
2011-12-15 22:00:00+00:00,123.423,123.695,123.36,123.679,2703.0
2011-12-18 22:00:00+00:00,123.65,123.696,123.507,123.639,2248.0
2011-12-19 22:00:00+00:00,123.623,123.623,123.261,123.401,2693.0
2011-12-20 22:00:00+00:00,123.393,123.509,123.18,123.234,2848.0
2011-12-21 22:00:00+00:00,123.242,123.365,123.161,123.215,1985.0
2011-12-22 22:00:00+00:00,123.207,123.254,122.806,122.899,1899.0
2011-12-26 22:00:00+00:00,122.865,123.006,122.795,122.935,1198.0
2011-12-27 22:00:00+00:00,122.927,123.245,122.903,123.159,1608.0
2011-12-28 22:00:00+00:00,123.167,123.368,123.095,123.305,1530.0
2011-12-29 22:00:00+00:00,123.297,123.576,123.195,123.521,1505.0
2012-01-02 22:00:00+00:00,123.401,123.432,123.283,123.329,2044.0
2012-01-03 22:00:00+00:00,123.337,123.406,123.249,123.358,2123.0
2012-01-04 22:00:00+00:00,123.35,123.497,123.207,123.339,3147.0
2012-01-05 22:00:00+00:00,123.347,123.509,123.063,123.462,3121.0
2012-01-08 22:00:00+00:00,123.44,123.626,123.368,123.515,1784.0
2012-01-09 22:00:00+00:00,123.508,123.552,123.365,123.466,2036.0
2012-01-10 22:00:00+00:00,123.473,123.69,123.472,123.619,2264.0
2012-01-11 22:00:00+00:00,123.627,123.696,123.539,123.577,2271.0
2012-01-12 22:00:00+00:00,123.569,123.896,123.537,123.778,2936.0
2012-01-15 22:00:00+00:00,123.795,123.889,123.762,123.785,475.0
2012-01-16 22:00:00+00:00,123.792,123.845,123.642,123.79,2027.0
2012-01-17 22:00:00+00:00,123.813,123.866,123.67,123.701,1908.0
2012-01-18 22:00:00+00:00,123.708,123.762,123.401,123.479,3576.0
2012-01-19 22:00:00+00:00,123.471,123.571,123.304,123.351,2289.0
2012-01-22 22:00:00+00:00,123.352,123.461,123.178,123.271,2646.0
2012-01-23 22:00:00+00:00,123.279,123.333,123.207,123.308,2284.0
2012-01-24 22:00:00+00:00,123.3,123.986,123.252,123.829,5124.0
2012-01-25 22:00:00+00:00,123.837,124.116,123.813,124.022,3410.0
2012-01-26 22:00:00+00:00,124.006,124.136,123.942,124.074,2786.0
2012-01-29 22:00:00+00:00,124.06,124.23,124.06,124.112,2646.0
2012-01-30 22:00:00+00:00,124.135,124.265,124.008,124.234,2639.0
2012-01-31 22:00:00+00:00,124.226,124.234,124.092,124.168,2195.0
2012-02-01 22:00:00+00:00,124.161,124.244,124.106,124.212,1844.0
2012-02-02 22:00:00+00:00,124.205,124.281,123.858,123.944,3815.0
2012-02-05 22:00:00+00:00,123.953,124.06,123.897,124.005,2167.0
2012-02-06 22:00:00+00:00,123.989,124.004,123.69,123.736,2641.0
2012-02-07 22:00:00+00:00,123.728,123.806,123.657,123.671,2218.0
2012-02-08 22:00:00+00:00,123.686,123.779,123.457,123.551,2610.0
2012-02-09 22:00:00+00:00,123.558,123.814,123.551,123.689,2368.0
2012-02-12 22:00:00+00:00,123.651,123.759,123.555,123.57,2066.0
2012-02-13 22:00:00+00:00,123.594,123.701,123.538,123.638,2242.0
2012-02-14 22:00:00+00:00,123.646,123.839,123.558,123.776,2491.0
2012-02-15 22:00:00+00:00,123.783,123.845,123.335,123.429,3583.0
2012-02-16 22:00:00+00:00,123.421,123.475,123.216,123.426,2377.0
2012-02-19 22:00:00+00:00,123.373,123.373,123.207,123.238,605.0
2012-02-20 22:00:00+00:00,123.261,123.368,123.133,123.219,2346.0
2012-02-21 22:00:00+00:00,123.211,123.466,123.139,123.419,2650.0
2012-02-22 22:00:00+00:00,123.411,123.479,123.276,123.385,2509.0
2012-02-23 22:00:00+00:00,123.369,123.453,123.304,123.359,1724.0
2012-02-26 22:00:00+00:00,123.345,123.624,123.306,123.577,2339.0
2012-02-27 22:00:00+00:00,123.569,123.684,123.521,123.55,2054.0
2012-02-28 22:00:00+00:00,123.461,123.523,123.148,123.366,3815.0
2012-02-29 22:00:00+00:00,123.358,123.358,123.037,123.233,3195.0
2012-03-01 22:00:00+00:00,123.225,123.545,123.177,123.513,2732.0
2012-03-04 22:00:00+00:00,123.488,123.558,123.284,123.292,2166.0
2012-03-05 22:00:00+00:00,123.284,123.588,123.276,123.557,2547.0
2012-03-06 22:00:00+00:00,123.565,123.565,123.368,123.376,2022.0
2012-03-07 22:00:00+00:00,123.368,123.415,123.188,123.227,2320.0
2012-03-08 22:00:00+00:00,123.235,123.266,122.874,123.14,3062.0
2012-03-11 21:00:00+00:00,123.099,123.278,123.051,123.067,1944.0
2012-03-12 21:00:00+00:00,123.075,123.098,122.668,122.683,2721.0
2012-03-13 21:00:00+00:00,122.707,122.738,121.94,122.065,4439.0
2012-03-14 21:00:00+00:00,122.057,122.275,121.721,122.158,4930.0
2012-03-15 21:00:00+00:00,122.15,122.204,121.797,122.047,3707.0
2012-03-18 21:00:00+00:00,122.054,122.241,121.638,121.67,3564.0
2012-03-19 21:00:00+00:00,121.662,121.935,121.505,121.661,3429.0
2012-03-20 21:00:00+00:00,121.7,121.981,121.614,121.942,3099.0
2012-03-21 21:00:00+00:00,121.926,122.199,121.848,122.035,3215.0
2012-03-22 21:00:00+00:00,122.027,122.331,121.972,122.198,2454.0
2012-03-25 21:00:00+00:00,122.181,122.328,121.993,122.266,3138.0
2012-03-26 21:00:00+00:00,122.274,122.633,122.203,122.578,2693.0
2012-03-27 21:00:00+00:00,122.57,122.694,122.444,122.499,3123.0
2012-03-28 21:00:00+00:00,122.514,122.756,122.467,122.725,2846.0
2012-03-29 21:00:00+00:00,122.732,122.857,122.435,122.607,3019.0
2012-04-01 21:00:00+00:00,122.574,122.831,122.417,122.768,2583.0
2012-04-02 21:00:00+00:00,122.753,122.877,122.236,122.244,3332.0
2012-04-03 21:00:00+00:00,122.251,122.642,122.22,122.626,3176.0
2012-04-04 21:00:00+00:00,122.618,122.969,122.563,122.774,3229.0
2012-04-05 21:00:00+00:00,122.766,123.289,122.687,123.273,2549.0
2012-04-08 21:00:00+00:00,123.318,123.357,123.185,123.216,2214.0
2012-04-09 21:00:00+00:00,123.208,123.551,123.169,123.504,3223.0
2012-04-10 21:00:00+00:00,123.496,123.52,123.285,123.37,2894.0
2012-04-11 21:00:00+00:00,123.378,123.487,123.299,123.37,2598.0
2012-04-12 21:00:00+00:00,123.362,123.603,123.354,123.564,2116.0
2012-04-15 21:00:00+00:00,123.562,123.702,123.484,123.569,2300.0
2012-04-16 21:00:00+00:00,123.577,123.647,123.436,123.514,2516.0
2012-04-17 21:00:00+00:00,123.522,123.615,123.451,123.568,1785.0
2012-04-18 21:00:00+00:00,123.56,123.669,123.497,123.567,2297.0
2012-04-19 21:00:00+00:00,123.575,123.637,123.48,123.59,1773.0
2012-04-22 21:00:00+00:00,123.596,123.767,123.58,123.712,2049.0
2012-04-23 21:00:00+00:00,123.704,123.774,123.563,123.571,1919.0
2012-04-24 21:00:00+00:00,123.578,123.664,123.374,123.632,3407.0
2012-04-25 21:00:00+00:00,123.64,123.835,123.601,123.827,2235.0
2012-04-26 21:00:00+00:00,123.819,124.022,123.74,123.803,2308.0
2012-04-29 21:00:00+00:00,123.824,123.886,123.777,123.855,1981.0
2012-04-30 21:00:00+00:00,123.847,123.917,123.721,123.776,1986.0
2012-05-01 21:00:00+00:00,123.791,123.908,123.689,123.783,1794.0
2012-05-02 21:00:00+00:00,123.775,123.86,123.681,123.813,1934.0
2012-05-03 21:00:00+00:00,123.821,124.063,123.703,123.984,3386.0
2012-05-06 21:00:00+00:00,123.998,124.146,123.974,124.005,1621.0
2012-05-07 21:00:00+00:00,123.997,124.184,123.958,124.09,1873.0
2012-05-08 21:00:00+00:00,124.082,124.246,124.067,124.121,1813.0
2012-05-09 21:00:00+00:00,124.113,124.167,123.964,124.128,2388.0
2012-05-10 21:00:00+00:00,124.159,124.229,124.111,124.166,1518.0
2012-05-13 21:00:00+00:00,124.164,124.351,124.164,124.312,2058.0
2012-05-14 21:00:00+00:00,124.304,124.351,124.163,124.217,2128.0
2012-05-15 21:00:00+00:00,124.225,124.264,124.014,124.131,2533.0
2012-05-16 21:00:00+00:00,124.138,124.216,124.021,124.13,2791.0
2012-05-17 21:00:00+00:00,124.137,124.2,124.012,124.035,2282.0
2012-05-20 21:00:00+00:00,124.041,124.142,123.916,124.103,2178.0
2012-05-21 21:00:00+00:00,124.095,124.111,123.907,124.008,2354.0
2012-05-22 21:00:00+00:00,124.032,124.211,123.891,124.132,3068.0
2012-05-23 21:00:00+00:00,124.109,124.195,123.928,123.975,2888.0
2012-05-24 21:00:00+00:00,123.983,124.092,123.928,124.037,1440.0
2012-05-27 21:00:00+00:00,124.027,124.035,123.918,124.003,496.0
2012-05-28 21:00:00+00:00,124.011,124.151,123.948,123.948,2023.0
2012-05-29 21:00:00+00:00,123.955,124.385,123.94,124.361,2042.0
2012-05-30 21:00:00+00:00,124.336,124.601,124.202,124.452,3151.0
2012-05-31 21:00:00+00:00,124.444,124.811,124.389,124.607,4110.0
2012-06-03 21:00:00+00:00,124.627,124.666,124.273,124.312,2743.0
2012-06-04 21:00:00+00:00,124.304,124.436,124.17,124.287,2702.0
2012-06-05 21:00:00+00:00,124.295,124.388,123.989,124.012,3647.0
2012-06-06 21:00:00+00:00,123.996,124.144,123.973,124.127,3209.0
2012-06-07 21:00:00+00:00,124.12,124.393,124.079,124.095,2625.0
2012-06-10 21:00:00+00:00,124.036,124.293,123.442,124.238,3332.0
2012-06-11 21:00:00+00:00,124.23,124.285,123.893,123.947,2678.0
2012-06-12 21:00:00+00:00,123.955,124.181,123.852,124.149,2954.0
2012-06-13 21:00:00+00:00,124.141,124.234,123.968,123.991,2584.0
2012-06-14 21:00:00+00:00,123.983,124.357,123.983,124.341,3055.0
2012-06-17 21:00:00+00:00,124.135,124.384,124.08,124.29,2390.0
2012-06-18 21:00:00+00:00,124.282,124.367,124.085,124.155,2128.0
2012-06-19 21:00:00+00:00,124.147,124.217,123.723,123.88,4754.0
2012-06-20 21:00:00+00:00,123.887,124.136,123.879,124.042,2645.0
2012-06-21 21:00:00+00:00,124.019,124.073,123.885,123.923,1831.0
2012-06-24 21:00:00+00:00,123.92,124.193,123.904,124.169,2160.0
2012-06-25 21:00:00+00:00,124.161,124.192,124.011,124.112,2505.0
2012-06-26 21:00:00+00:00,124.105,124.174,124.041,124.134,2364.0
2012-06-27 21:00:00+00:00,124.126,124.391,124.103,124.344,2769.0
2012-06-28 21:00:00+00:00,124.336,124.383,123.967,124.162,3567.0
2012-07-01 21:00:00+00:00,124.136,124.502,124.104,124.369,3610.0
2012-07-02 21:00:00+00:00,124.384,124.446,124.218,124.25,2188.0
2012-07-03 21:00:00+00:00,124.242,124.374,124.226,124.342,1034.0
2012-07-04 21:00:00+00:00,124.35,124.442,124.31,124.364,2280.0
2012-07-05 21:00:00+00:00,124.356,124.605,124.34,124.519,2614.0
2012-07-08 21:00:00+00:00,124.547,124.647,124.538,124.592,1831.0
2012-07-09 21:00:00+00:00,124.576,124.638,124.544,124.622,1443.0
2012-07-10 21:00:00+00:00,124.629,124.714,124.511,124.526,1943.0
2012-07-11 21:00:00+00:00,124.518,124.658,124.518,124.603,1987.0
2012-07-12 21:00:00+00:00,124.61,124.657,124.5,124.64,1979.0
2012-07-15 21:00:00+00:00,124.645,124.87,124.613,124.768,1793.0
2012-07-16 21:00:00+00:00,124.76,124.83,124.634,124.642,2689.0
2012-07-17 21:00:00+00:00,124.649,124.812,124.594,124.749,1425.0
2012-07-18 21:00:00+00:00,124.757,124.842,124.701,124.756,1779.0
2012-07-19 21:00:00+00:00,124.74,124.934,124.732,124.903,1116.0
2012-07-22 21:00:00+00:00,124.884,125.047,124.884,124.991,2184.0
2012-07-23 21:00:00+00:00,124.984,125.084,124.873,125.06,1836.0
2012-07-24 21:00:00+00:00,125.052,125.107,124.918,125.043,1588.0
2012-07-25 21:00:00+00:00,125.027,125.058,124.885,124.893,1837.0
2012-07-26 21:00:00+00:00,124.901,124.916,124.469,124.61,3176.0
2012-07-29 21:00:00+00:00,124.622,124.839,124.551,124.824,2508.0
2012-07-30 21:00:00+00:00,124.808,124.979,124.776,124.947,3244.0
2012-07-31 21:00:00+00:00,124.955,124.969,124.625,124.68,2753.0
2012-08-01 21:00:00+00:00,124.672,124.952,124.569,124.78,3165.0
2012-08-02 21:00:00+00:00,124.772,124.819,124.442,124.505,2765.0
2012-08-05 21:00:00+00:00,124.493,124.68,124.439,124.578,1916.0
2012-08-06 21:00:00+00:00,124.57,124.608,124.287,124.349,2293.0
2012-08-07 21:00:00+00:00,124.342,124.45,124.207,124.246,2129.0
2012-08-08 21:00:00+00:00,124.231,124.315,124.112,124.245,2262.0
2012-08-09 21:00:00+00:00,124.237,124.447,124.237,124.352,1973.0
2012-08-12 21:00:00+00:00,124.357,124.481,124.286,124.371,1605.0
2012-08-13 21:00:00+00:00,124.379,124.402,124.151,124.151,2045.0
2012-08-14 21:00:00+00:00,124.158,124.205,123.922,123.938,2353.0
2012-08-15 21:00:00+00:00,123.93,123.999,123.765,123.858,2730.0
2012-08-16 21:00:00+00:00,123.881,124.021,123.865,123.958,1597.0
2012-08-19 21:00:00+00:00,123.955,124.04,123.798,124.008,1398.0
2012-08-20 21:00:00+00:00,124.016,124.078,123.85,124.006,1864.0
2012-08-21 21:00:00+00:00,124.03,124.474,124.022,124.466,2840.0
2012-08-22 21:00:00+00:00,124.458,124.598,124.372,124.441,3075.0
2012-08-23 21:00:00+00:00,124.433,124.573,124.402,124.408,2253.0
2012-08-26 21:00:00+00:00,124.42,124.567,124.373,124.497,1854.0
2012-08-27 21:00:00+00:00,124.505,124.621,124.489,124.55,1675.0
2012-08-28 21:00:00+00:00,124.542,124.588,124.439,124.548,1846.0
2012-08-29 21:00:00+00:00,124.556,124.742,124.532,124.695,1308.0
2012-08-30 21:00:00+00:00,124.648,124.999,124.498,124.991,3104.0
2012-09-02 21:00:00+00:00,125.002,125.009,124.852,124.976,846.0
2012-09-03 21:00:00+00:00,124.984,125.007,124.778,124.84,2529.0
2012-09-04 21:00:00+00:00,124.832,124.957,124.783,124.799,1962.0
2012-09-05 21:00:00+00:00,124.807,124.838,124.468,124.491,2981.0
2012-09-06 21:00:00+00:00,124.475,124.897,124.271,124.669,4179.0
2012-09-09 21:00:00+00:00,124.664,124.789,124.584,124.685,2374.0
2012-09-10 21:00:00+00:00,124.677,124.731,124.574,124.581,1368.0
2012-09-11 21:00:00+00:00,124.589,124.636,124.407,124.454,2340.0
2012-09-12 21:00:00+00:00,124.461,124.788,124.201,124.694,5198.0
2012-09-13 21:00:00+00:00,124.686,124.694,124.324,124.363,3438.0
2012-09-16 21:00:00+00:00,124.35,124.482,124.311,124.316,2328.0
2012-09-17 21:00:00+00:00,124.324,124.558,124.293,124.408,2071.0
2012-09-18 21:00:00+00:00,124.416,124.54,124.376,124.492,1981.0
2012-09-19 21:00:00+00:00,124.484,124.647,124.435,124.474,2671.0
2012-09-20 21:00:00+00:00,124.458,124.628,124.402,124.573,1815.0
2012-09-23 21:00:00+00:00,124.553,124.7,124.545,124.668,1661.0
2012-09-24 21:00:00+00:00,124.66,124.706,124.525,124.697,1905.0
2012-09-25 21:00:00+00:00,124.689,124.883,124.649,124.851,2195.0
2012-09-26 21:00:00+00:00,124.835,124.857,124.756,124.794,2153.0
2012-09-27 21:00:00+00:00,124.817,124.973,124.786,124.862,2542.0
2012-09-30 21:00:00+00:00,124.842,124.935,124.778,124.871,2038.0
2012-10-01 21:00:00+00:00,124.878,124.923,124.814,124.907,1885.0
2012-10-02 21:00:00+00:00,124.915,124.984,124.874,124.975,1412.0
2012-10-03 21:00:00+00:00,124.983,124.983,124.817,124.824,1384.0
2012-10-04 21:00:00+00:00,124.832,124.871,124.627,124.673,3048.0
2012-10-07 21:00:00+00:00,124.661,124.878,124.653,124.831,1929.0
2012-10-08 21:00:00+00:00,124.823,124.845,124.633,124.672,2368.0
2012-10-09 21:00:00+00:00,124.664,124.74,124.56,124.724,1623.0
2012-10-10 21:00:00+00:00,124.732,124.754,124.519,124.667,2138.0
2012-10-11 21:00:00+00:00,124.675,124.751,124.619,124.68,1298.0
2012-10-14 21:00:00+00:00,124.675,124.707,124.572,124.681,1174.0
2012-10-15 21:00:00+00:00,124.689,124.697,124.483,124.522,1570.0
2012-10-16 21:00:00+00:00,124.499,124.514,124.082,124.09,2291.0
2012-10-17 21:00:00+00:00,124.074,124.19,124.009,124.017,2450.0
2012-10-18 21:00:00+00:00,124.025,124.21,124.017,124.179,1767.0
2012-10-21 21:00:00+00:00,124.135,124.166,123.968,123.976,2004.0
2012-10-22 21:00:00+00:00,123.968,124.17,123.968,124.138,1744.0
2012-10-23 21:00:00+00:00,124.146,124.238,124.051,124.151,1993.0
2012-10-24 21:00:00+00:00,124.143,124.159,123.86,123.899,2834.0
2012-10-25 21:00:00+00:00,123.906,124.241,123.852,124.194,2106.0
2012-10-28 21:00:00+00:00,124.244,124.312,124.18,124.281,1136.0
2012-10-29 21:00:00+00:00,124.273,124.358,124.06,124.153,1358.0
2012-10-30 21:00:00+00:00,124.145,124.409,124.073,124.37,2122.0
2012-10-31 21:00:00+00:00,124.362,124.415,124.266,124.312,1856.0
2012-11-01 21:00:00+00:00,124.305,124.42,124.069,124.412,2155.0
2012-11-04 22:00:00+00:00,124.407,124.562,124.375,124.483,1697.0
2012-11-05 22:00:00+00:00,124.475,124.513,124.199,124.207,2298.0
2012-11-06 22:00:00+00:00,124.215,124.753,124.215,124.603,2637.0
2012-11-07 22:00:00+00:00,124.611,124.805,124.587,124.773,2276.0
2012-11-08 22:00:00+00:00,124.781,124.873,124.701,124.771,1901.0
2012-11-11 22:00:00+00:00,124.774,124.85,124.725,124.818,953.0
2012-11-12 22:00:00+00:00,124.81,124.895,124.756,124.847,1654.0
2012-11-13 22:00:00+00:00,124.839,124.9,124.729,124.86,1684.0
2012-11-14 22:00:00+00:00,124.845,124.921,124.812,124.858,1634.0
2012-11-15 22:00:00+00:00,124.874,124.989,124.834,124.934,2153.0
2012-11-18 22:00:00+00:00,124.921,124.929,124.787,124.825,1333.0
2012-11-19 22:00:00+00:00,124.856,124.871,124.659,124.666,2148.0
2012-11-20 22:00:00+00:00,124.674,124.736,124.547,124.578,1983.0
2012-11-21 22:00:00+00:00,124.555,124.616,124.523,124.576,403.0
2012-11-22 22:00:00+00:00,124.568,124.622,124.519,124.527,940.0
2012-11-25 22:00:00+00:00,124.53,124.7,124.498,124.637,1881.0
2012-11-26 22:00:00+00:00,124.629,124.736,124.558,124.72,1814.0
2012-11-27 22:00:00+00:00,124.712,124.843,124.704,124.781,3217.0
2012-11-28 22:00:00+00:00,124.788,124.857,124.732,124.849,898.0
2012-11-29 22:00:00+00:00,124.841,124.921,124.789,124.897,1665.0
2012-12-02 22:00:00+00:00,124.897,124.92,124.766,124.855,2659.0
2012-12-03 22:00:00+00:00,124.858,124.92,124.797,124.864,2419.0
2012-12-04 22:00:00+00:00,124.868,124.98,124.824,124.936,2414.0
2012-12-05 22:00:00+00:00,124.932,125.0,124.9,124.941,2835.0
2012-12-06 22:00:00+00:00,124.945,124.991,124.795,124.869,2532.0
2012-12-07 22:00:00+00:00,124.869,124.869,124.869,124.869,1.0
2012-12-09 22:00:00+00:00,124.869,124.972,124.839,124.866,1629.0
2012-12-10 22:00:00+00:00,124.865,124.897,124.708,124.781,1722.0
2012-12-11 22:00:00+00:00,124.781,125.057,124.689,124.744,2658.0
2012-12-12 22:00:00+00:00,124.763,124.828,124.534,124.542,3163.0
2012-12-13 22:00:00+00:00,124.542,124.638,124.487,124.579,4373.0
2012-12-16 22:00:00+00:00,124.535,124.569,124.365,124.384,2400.0
2012-12-17 22:00:00+00:00,124.38,124.403,124.171,124.229,2810.0
2012-12-18 22:00:00+00:00,124.022,124.388,122.639,124.309,2081.0
2012-12-19 22:00:00+00:00,124.319,124.413,124.279,124.279,2054.0
2012-12-20 22:00:00+00:00,124.27,124.497,124.244,124.37,3298.0
2012-12-23 22:00:00+00:00,124.36,124.436,124.301,124.332,715.0
2012-12-25 22:00:00+00:00,124.332,124.43,124.301,124.383,591.0
2012-12-26 22:00:00+00:00,124.383,124.6,124.295,124.482,3207.0
2012-12-27 22:00:00+00:00,124.482,124.645,124.474,124.629,2417.0
2012-12-30 22:00:00+00:00,124.597,124.647,124.494,124.615,1747.0
2013-01-01 22:00:00+00:00,124.243,124.415,124.212,124.344,2215.0
2013-01-02 22:00:00+00:00,124.356,124.414,124.06,124.072,2560.0
2013-01-03 22:00:00+00:00,124.056,124.113,123.879,124.105,3523.0
2013-01-04 22:00:00+00:00,124.105,124.105,124.105,124.105,1.0
2013-01-06 22:00:00+00:00,124.071,124.17,124.048,124.095,2402.0
2013-01-07 22:00:00+00:00,124.102,124.23,124.058,124.19,2567.0
2013-01-08 22:00:00+00:00,124.194,124.353,124.142,124.298,2930.0
2013-01-09 22:00:00+00:00,124.286,124.298,124.147,124.163,3220.0
2013-01-10 22:00:00+00:00,124.163,124.27,124.059,124.231,3448.0
2013-01-11 22:00:00+00:00,124.231,124.231,124.231,124.231,1.0
2013-01-13 22:00:00+00:00,124.223,124.358,124.219,124.318,3103.0
2013-01-14 22:00:00+00:00,124.312,124.458,124.279,124.379,3482.0
2013-01-15 22:00:00+00:00,124.39,124.487,124.371,124.431,2769.0
2013-01-16 22:00:00+00:00,124.431,124.485,124.132,124.148,3681.0
2013-01-17 22:00:00+00:00,124.159,124.334,124.076,124.302,2690.0
2013-01-18 22:00:00+00:00,124.302,124.302,124.302,124.302,3.0
2013-01-20 22:00:00+00:00,124.278,124.305,124.21,124.216,670.0
2013-01-21 22:00:00+00:00,124.221,124.403,124.178,124.332,2824.0
2013-01-22 22:00:00+00:00,124.332,124.448,124.317,124.385,2656.0
2013-01-23 22:00:00+00:00,124.402,124.454,124.204,124.285,3705.0
2013-01-24 22:00:00+00:00,124.279,124.297,123.849,123.88,4735.0
2013-01-27 22:00:00+00:00,123.86,123.898,123.64,123.803,2718.0
2013-01-28 22:00:00+00:00,123.784,123.864,123.709,123.747,3654.0
2013-01-29 22:00:00+00:00,123.75,123.902,123.652,123.885,5968.0
2013-01-30 22:00:00+00:00,123.856,123.993,123.805,123.836,4236.0
2013-01-31 22:00:00+00:00,123.817,124.163,123.749,123.857,7082.0
2013-02-01 22:00:00+00:00,123.857,123.857,123.857,123.857,1.0
2013-02-03 22:00:00+00:00,123.818,124.141,123.688,124.078,4814.0
2013-02-04 22:00:00+00:00,124.066,124.078,123.85,123.929,3955.0
2013-02-05 22:00:00+00:00,123.915,124.089,123.896,124.074,4463.0
2013-02-06 22:00:00+00:00,124.062,124.181,123.955,124.095,5312.0
2013-02-07 22:00:00+00:00,124.087,124.18,123.96,124.102,2995.0
2013-02-08 22:00:00+00:00,124.102,124.102,124.102,124.102,1.0
2013-02-10 22:00:00+00:00,124.085,124.111,123.97,123.985,2682.0
2013-02-11 22:00:00+00:00,123.998,124.046,123.881,123.92,3085.0
2013-02-12 22:00:00+00:00,123.914,123.935,123.699,123.722,4290.0
2013-02-13 22:00:00+00:00,123.728,123.978,123.698,123.97,4531.0
2013-02-14 22:00:00+00:00,123.951,124.024,123.805,123.894,3705.0
2013-02-15 22:00:00+00:00,123.894,123.894,123.894,123.894,2.0
2013-02-17 22:00:00+00:00,123.89,123.916,123.839,123.884,636.0
2013-02-18 22:00:00+00:00,123.872,123.968,123.811,123.811,3499.0
2013-02-19 22:00:00+00:00,123.815,123.942,123.763,123.934,4649.0
2013-02-20 22:00:00+00:00,123.938,124.136,123.895,124.026,4248.0
2013-02-21 22:00:00+00:00,124.039,124.11,123.97,124.094,3701.0
2013-02-24 22:00:00+00:00,124.035,124.432,123.987,124.408,6356.0
2013-02-25 22:00:00+00:00,124.385,124.509,124.336,124.39,6037.0
2013-02-27 22:00:00+00:00,124.374,124.513,124.374,124.465,4350.0
2013-02-28 22:00:00+00:00,124.47,124.595,124.432,124.571,4422.0
2013-03-01 22:00:00+00:00,124.571,124.571,124.571,124.571,1.0
2013-03-03 22:00:00+00:00,124.571,124.624,124.457,124.457,3422.0
2013-03-04 22:00:00+00:00,124.466,124.496,124.336,124.359,2942.0
2013-03-05 22:00:00+00:00,124.368,124.382,124.206,124.229,2398.0
2013-03-06 22:00:00+00:00,124.229,124.274,123.959,123.959,3961.0
2013-03-07 22:00:00+00:00,123.965,123.994,123.627,123.814,5674.0
2013-03-08 22:00:00+00:00,123.814,123.814,123.814,123.814,1.0
2013-03-10 21:00:00+00:00,123.814,123.835,123.703,123.763,2608.0
2013-03-11 21:00:00+00:00,123.767,123.909,123.692,123.893,2738.0
2013-03-12 21:00:00+00:00,123.881,123.953,123.764,123.842,3055.0
2013-03-13 21:00:00+00:00,123.842,123.885,123.682,123.851,4094.0
2013-03-14 21:00:00+00:00,123.857,124.109,123.788,124.061,3708.0
2013-03-15 21:00:00+00:00,124.061,124.061,124.061,124.061,1.0
2013-03-17 21:00:00+00:00,124.21,124.39,124.128,124.191,5434.0
2013-03-18 21:00:00+00:00,124.175,124.383,124.127,124.296,5828.0
2013-03-19 21:00:00+00:00,124.306,124.37,124.137,124.159,5270.0
2013-03-20 21:00:00+00:00,124.175,124.29,124.158,124.265,4739.0
2013-03-21 21:00:00+00:00,124.269,124.326,124.152,124.222,3984.0
2013-03-24 21:00:00+00:00,124.212,124.328,124.047,124.257,4877.0
2013-03-25 21:00:00+00:00,124.238,124.34,124.137,124.324,4638.0
2013-03-26 21:00:00+00:00,124.339,124.58,124.299,124.524,5631.0
2013-03-27 21:00:00+00:00,124.531,124.631,124.394,124.402,5353.0
2013-03-31 21:00:00+00:00,124.312,124.576,124.304,124.528,3295.0
2013-04-01 21:00:00+00:00,124.531,124.558,124.392,124.437,3112.0
2013-04-02 21:00:00+00:00,124.441,124.691,124.364,124.653,5370.0
2013-04-03 21:00:00+00:00,124.664,124.846,124.604,124.774,6247.0
2013-04-04 21:00:00+00:00,124.774,124.96,124.694,124.778,6473.0
2013-04-07 21:00:00+00:00,124.77,124.832,124.704,124.712,5020.0
2013-04-08 21:00:00+00:00,124.719,124.818,124.678,124.747,3822.0
2013-04-09 21:00:00+00:00,124.77,124.778,124.547,124.586,4726.0
2013-04-10 21:00:00+00:00,124.578,124.677,124.531,124.621,4360.0
2013-04-11 21:00:00+00:00,124.613,124.813,124.613,124.805,4225.0
2013-04-12 21:00:00+00:00,124.805,124.805,124.805,124.805,2.0
2013-04-14 21:00:00+00:00,124.792,124.88,124.733,124.848,5606.0
2013-04-15 21:00:00+00:00,124.833,124.864,124.681,124.727,6602.0
2013-04-16 21:00:00+00:00,124.727,124.833,124.694,124.731,6109.0
2013-04-17 21:00:00+00:00,124.746,124.791,124.681,124.719,4868.0
2013-04-18 21:00:00+00:00,124.703,124.725,124.638,124.657,3984.0
2013-04-21 21:00:00+00:00,124.637,124.775,124.58,124.743,3736.0
2013-04-22 21:00:00+00:00,124.727,124.912,124.676,124.676,6212.0
2013-04-23 21:00:00+00:00,124.684,124.767,124.635,124.711,4796.0
2013-04-24 21:00:00+00:00,124.727,124.749,124.654,124.723,2547.0
2013-04-25 21:00:00+00:00,124.723,124.884,124.715,124.86,2293.0
2013-04-28 21:00:00+00:00,124.844,124.898,124.826,124.88,2864.0
2013-04-29 21:00:00+00:00,124.864,125.01,124.856,124.86,4777.0
2013-04-30 21:00:00+00:00,124.875,125.06,124.828,124.989,3375.0
2013-05-01 21:00:00+00:00,124.981,125.033,124.908,124.993,4635.0
2013-05-02 21:00:00+00:00,124.995,125.016,124.583,124.637,8636.0
2013-05-05 21:00:00+00:00,124.668,124.668,124.524,124.586,2975.0
2013-05-06 21:00:00+00:00,124.594,124.616,124.482,124.512,3660.0
2013-05-07 21:00:00+00:00,124.519,124.579,124.447,124.547,3206.0
2013-05-08 21:00:00+00:00,124.547,124.623,124.488,124.5,6008.0
2013-05-09 21:00:00+00:00,124.488,124.504,124.11,124.187,8949.0
2013-05-12 21:00:00+00:00,124.109,124.232,124.046,124.136,5792.0
2013-05-13 21:00:00+00:00,124.148,124.22,123.944,123.968,5708.0
2013-05-14 21:00:00+00:00,123.976,124.161,123.928,124.105,7196.0
2013-05-15 21:00:00+00:00,124.101,124.375,124.047,124.257,9352.0
2013-05-16 21:00:00+00:00,124.257,124.349,124.027,124.085,6955.0
2013-05-19 21:00:00+00:00,124.081,124.188,123.984,124.046,6860.0
2013-05-20 21:00:00+00:00,124.062,124.152,123.934,124.12,10113.0
2013-05-21 21:00:00+00:00,124.12,124.321,123.741,123.741,36798.0
2013-05-22 21:00:00+00:00,123.749,123.974,123.608,123.761,30702.0
2013-05-23 21:00:00+00:00,123.753,123.883,123.721,123.757,13380.0
2013-05-26 21:00:00+00:00,123.747,123.795,123.621,123.652,1322.0
2013-05-27 21:00:00+00:00,123.667,123.706,123.131,123.147,14856.0
2013-05-28 21:00:00+00:00,123.17,123.276,122.817,123.26,20699.0
2013-05-29 21:00:00+00:00,123.252,123.343,123.086,123.272,13472.0
2013-05-30 21:00:00+00:00,123.266,123.465,122.901,123.213,11863.0
2013-06-02 21:00:00+00:00,123.147,123.406,122.937,123.198,16035.0
2013-06-03 21:00:00+00:00,123.247,123.269,123.026,123.034,10680.0
2013-06-04 21:00:00+00:00,123.063,123.289,123.021,123.202,9832.0
2013-06-05 21:00:00+00:00,123.206,123.578,123.078,123.225,11837.0
2013-06-06 21:00:00+00:00,123.208,123.412,122.839,122.854,14540.0
2013-06-09 21:00:00+00:00,122.866,122.943,122.624,122.698,5273.0
2013-06-10 21:00:00+00:00,122.709,122.816,122.336,122.76,12996.0
2013-06-11 21:00:00+00:00,122.782,122.834,122.569,122.592,7953.0
2013-06-12 21:00:00+00:00,122.604,123.054,122.565,123.007,9702.0
2013-06-13 21:00:00+00:00,123.001,123.273,122.993,123.155,7146.0
2013-06-16 21:00:00+00:00,123.136,123.283,123.015,123.015,11383.0
2013-06-17 21:00:00+00:00,123.017,123.112,122.893,123.017,18209.0
2013-06-18 21:00:00+00:00,123.027,123.139,121.933,122.078,35113.0
2013-06-19 21:00:00+00:00,122.103,122.132,121.564,121.805,48265.0
2013-06-20 21:00:00+00:00,121.797,121.951,121.101,121.168,58586.0
2013-06-23 21:00:00+00:00,121.239,121.25,120.53,121.077,95289.0
2013-06-24 21:00:00+00:00,121.088,121.411,120.852,120.86,64688.0
2013-06-25 21:00:00+00:00,120.883,121.397,120.765,121.254,55530.0
2013-06-26 21:00:00+00:00,121.254,121.611,121.183,121.571,52323.0
2013-06-27 21:00:00+00:00,121.566,121.756,121.19,121.494,55963.0
2013-06-30 21:00:00+00:00,121.45,121.604,121.214,121.554,21381.0
2013-07-01 21:00:00+00:00,121.548,121.664,121.443,121.567,21318.0
2013-07-02 21:00:00+00:00,121.572,121.839,121.256,121.298,33170.0
2013-07-03 21:00:00+00:00,121.278,121.604,121.247,121.333,5200.0
2013-07-04 21:00:00+00:00,121.314,121.343,120.429,120.429,37027.0
2013-07-07 21:00:00+00:00,120.449,120.993,120.315,120.961,19780.0
2013-07-08 21:00:00+00:00,120.969,121.105,120.856,121.018,19106.0
2013-07-09 21:00:00+00:00,121.018,121.187,120.848,121.18,37581.0
2013-07-10 21:00:00+00:00,121.354,121.609,121.35,121.541,32410.0
2013-07-11 21:00:00+00:00,121.519,121.764,121.316,121.39,26177.0
2013-07-14 21:00:00+00:00,121.338,121.597,121.184,121.597,20658.0
2013-07-15 21:00:00+00:00,121.581,121.696,121.501,121.607,18779.0
2013-07-16 21:00:00+00:00,121.607,122.074,121.518,121.917,32526.0
2013-07-17 21:00:00+00:00,121.892,122.053,121.745,121.847,19304.0
2013-07-18 21:00:00+00:00,121.847,122.007,121.765,121.983,12463.0
2013-07-21 21:00:00+00:00,121.966,122.095,121.881,121.966,10651.0
2013-07-22 21:00:00+00:00,121.982,121.982,121.767,121.906,14059.0
2013-07-23 21:00:00+00:00,121.917,121.921,121.486,121.595,13970.0
2013-07-24 21:00:00+00:00,121.618,121.817,121.449,121.777,21852.0
2013-07-25 21:00:00+00:00,121.761,121.875,121.696,121.819,17752.0
2013-07-28 21:00:00+00:00,121.81,121.902,121.678,121.716,15725.0
2013-07-29 21:00:00+00:00,121.724,121.824,121.656,121.679,11675.0
2013-07-30 21:00:00+00:00,121.701,121.784,121.221,121.729,29943.0
2013-07-31 21:00:00+00:00,121.705,121.757,121.167,121.234,20428.0
2013-08-01 21:00:00+00:00,121.234,121.883,121.054,121.851,30741.0
2013-08-04 21:00:00+00:00,121.834,121.863,121.616,121.717,11180.0
2013-08-05 21:00:00+00:00,121.724,121.77,121.61,121.664,16340.0
2013-08-06 21:00:00+00:00,121.678,121.84,121.672,121.772,14730.0
2013-08-07 21:00:00+00:00,121.755,121.899,121.726,121.802,44581.0
2013-08-08 21:00:00+00:00,121.796,121.862,121.728,121.828,10120.0
2013-08-11 21:00:00+00:00,121.807,121.915,121.663,121.67,37127.0
2013-08-12 21:00:00+00:00,121.676,121.678,121.196,121.234,23958.0
2013-08-13 21:00:00+00:00,121.25,121.388,121.209,121.252,11722.0
2013-08-14 21:00:00+00:00,121.279,121.344,120.756,121.028,29733.0
2013-08-15 21:00:00+00:00,121.051,121.082,120.639,120.866,27678.0
2013-08-18 21:00:00+00:00,120.862,120.862,120.584,120.646,20823.0
2013-08-19 21:00:00+00:00,120.671,120.987,120.668,120.93,20136.0
2013-08-20 21:00:00+00:00,120.916,120.96,120.455,120.463,27905.0
2013-08-21 21:00:00+00:00,120.478,120.509,120.153,120.262,32580.0
2013-08-22 21:00:00+00:00,120.269,120.586,120.031,120.507,28298.0
2013-08-25 21:00:00+00:00,120.501,120.688,120.404,120.647,14979.0
2013-08-26 21:00:00+00:00,120.623,120.994,120.56,120.954,16694.0
2013-08-27 21:00:00+00:00,120.915,120.954,120.593,120.722,14439.0
2013-08-28 21:00:00+00:00,120.714,120.811,120.429,120.709,16572.0
2013-08-29 21:00:00+00:00,120.722,120.814,120.555,120.555,11868.0
2013-09-01 21:00:00+00:00,120.495,120.499,120.289,120.332,6899.0
2013-09-02 21:00:00+00:00,120.313,120.472,120.08,120.349,10919.0
2013-09-03 21:00:00+00:00,120.362,120.396,119.961,120.003,7348.0
2013-09-04 21:00:00+00:00,119.999,120.007,119.419,119.431,12078.0
2013-09-05 21:00:00+00:00,119.427,120.479,119.374,119.895,12324.0
2013-09-08 21:00:00+00:00,119.86,120.218,119.84,120.113,8003.0
2013-09-09 21:00:00+00:00,120.089,120.132,119.843,119.885,5033.0
2013-09-10 21:00:00+00:00,119.875,120.224,119.849,120.184,7137.0
2013-09-11 21:00:00+00:00,120.186,120.414,120.138,120.148,6372.0
2013-09-12 21:00:00+00:00,120.134,120.316,119.874,120.232,5244.0
2013-09-15 21:00:00+00:00,120.647,121.218,120.513,120.595,8314.0
2013-09-16 21:00:00+00:00,120.565,120.743,120.555,120.632,5971.0
2013-09-17 21:00:00+00:00,120.613,122.125,119.596,121.463,16985.0
2013-09-18 21:00:00+00:00,121.438,121.684,121.151,121.167,15933.0
2013-09-19 21:00:00+00:00,121.151,121.368,121.067,121.221,10891.0
2013-09-22 21:00:00+00:00,121.212,121.401,121.074,121.362,9925.0
2013-09-23 21:00:00+00:00,121.357,121.59,121.327,121.448,10482.0
2013-09-24 21:00:00+00:00,121.432,121.7,121.421,121.628,13846.0
2013-09-25 21:00:00+00:00,121.628,121.671,121.495,121.573,10697.0
2013-09-26 21:00:00+00:00,121.57,121.841,121.492,121.745,11254.0
2013-09-27 21:00:00+00:00,121.745,121.745,121.745,121.745,1.0
2013-09-29 21:00:00+00:00,121.852,121.948,121.627,121.83,13994.0
2013-09-30 21:00:00+00:00,121.824,121.84,121.594,121.602,14633.0
2013-10-01 21:00:00+00:00,121.57,121.926,121.54,121.841,12417.0
2013-10-02 21:00:00+00:00,121.845,122.043,121.683,121.962,12101.0
2013-10-03 21:00:00+00:00,121.952,121.962,121.641,121.679,6928.0
2013-10-06 21:00:00+00:00,121.721,121.877,121.655,121.685,5028.0
2013-10-07 21:00:00+00:00,121.683,121.778,121.498,121.543,7761.0
2013-10-08 21:00:00+00:00,121.559,121.755,121.465,121.57,9412.0
2013-10-09 21:00:00+00:00,121.55,121.621,121.342,121.598,14391.0
2013-10-10 21:00:00+00:00,121.601,121.788,121.546,121.66,9775.0
2013-10-13 21:00:00+00:00,121.759,121.761,121.408,121.454,4137.0
2013-10-14 21:00:00+00:00,121.44,121.637,121.406,121.548,9613.0
2013-10-15 21:00:00+00:00,121.554,121.768,121.338,121.752,12074.0
2013-10-16 21:00:00+00:00,121.751,122.105,121.743,122.01,9446.0
2013-10-17 21:00:00+00:00,121.996,122.21,121.972,122.01,9290.0
2013-10-20 21:00:00+00:00,121.973,122.021,121.829,121.899,5421.0
2013-10-21 21:00:00+00:00,121.888,122.246,121.862,122.228,7138.0
2013-10-22 21:00:00+00:00,122.227,122.355,122.164,122.172,9166.0
2013-10-23 21:00:00+00:00,122.18,122.292,122.102,122.133,7547.0
2013-10-24 21:00:00+00:00,122.138,122.276,122.101,122.226,5243.0
2013-10-27 21:00:00+00:00,122.223,122.258,122.104,122.17,4123.0
2013-10-28 21:00:00+00:00,122.191,122.303,122.16,122.287,8595.0
2013-10-29 21:00:00+00:00,122.292,122.476,122.075,122.153,11591.0
2013-10-30 21:00:00+00:00,122.174,122.344,122.021,122.113,8082.0
2013-10-31 21:00:00+00:00,122.127,122.144,121.894,121.94,10496.0
2013-11-03 22:00:00+00:00,121.907,122.066,121.866,121.993,4961.0
2013-11-04 22:00:00+00:00,121.985,122.047,121.775,121.883,7933.0
2013-11-05 22:00:00+00:00,121.89,122.229,121.881,122.11,8190.0
2013-11-06 22:00:00+00:00,122.117,122.426,122.105,122.243,15026.0
2013-11-07 22:00:00+00:00,122.238,122.578,121.619,121.772,13855.0
2013-11-10 22:00:00+00:00,121.753,121.838,121.676,121.676,5828.0
2013-11-11 22:00:00+00:00,121.682,121.729,121.505,121.534,6955.0
2013-11-12 22:00:00+00:00,121.558,122.083,121.557,122.018,8545.0
2013-11-13 22:00:00+00:00,122.051,122.161,121.904,122.129,16843.0
2013-11-14 22:00:00+00:00,122.129,122.148,121.967,122.082,10685.0
2013-11-17 22:00:00+00:00,122.018,122.237,122.0,122.19,6857.0
2013-11-18 22:00:00+00:00,122.182,122.212,121.963,121.986,6028.0
2013-11-19 22:00:00+00:00,121.969,122.207,121.86,121.914,16363.0
2013-11-20 22:00:00+00:00,121.93,122.08,121.752,121.977,13303.0
2013-11-21 22:00:00+00:00,121.992,122.039,121.893,122.031,8619.0
2013-11-24 22:00:00+00:00,122.0,122.069,121.886,122.069,5953.0
2013-11-25 22:00:00+00:00,122.06,122.241,121.985,122.186,7396.0
2013-11-26 22:00:00+00:00,122.193,122.201,121.913,122.099,8054.0
2013-11-27 22:00:00+00:00,122.087,122.091,121.969,122.041,997.0
2013-11-28 22:00:00+00:00,122.033,122.084,121.907,122.013,6914.0
2013-12-01 22:00:00+00:00,121.985,122.033,121.706,121.799,23499.0
2013-12-02 22:00:00+00:00,121.816,121.965,121.75,121.885,5426.0
2013-12-03 22:00:00+00:00,121.916,121.916,121.563,121.639,10748.0
2013-12-04 22:00:00+00:00,121.662,121.698,121.393,121.4,12154.0
2013-12-05 22:00:00+00:00,121.408,121.489,121.087,121.359,15189.0
2013-12-08 22:00:00+00:00,121.304,121.444,121.253,121.378,6860.0
2013-12-09 22:00:00+00:00,121.378,121.575,121.345,121.522,6643.0
2013-12-10 22:00:00+00:00,121.488,121.526,121.264,121.28,10351.0
2013-12-11 22:00:00+00:00,121.28,121.331,121.052,121.091,11645.0
2013-12-12 22:00:00+00:00,121.091,121.178,121.005,121.096,7374.0
2013-12-15 22:00:00+00:00,121.088,121.188,121.045,121.067,8850.0
2013-12-16 22:00:00+00:00,121.059,121.287,121.059,121.27,6854.0
2013-12-17 22:00:00+00:00,121.258,121.443,120.768,121.056,16362.0
2013-12-18 22:00:00+00:00,121.044,121.087,120.53,120.751,13742.0
2013-12-19 22:00:00+00:00,120.733,120.745,120.363,120.549,8716.0
2013-12-22 22:00:00+00:00,120.521,120.555,120.329,120.402,7854.0
2013-12-23 22:00:00+00:00,120.408,120.495,120.143,120.174,3642.0
2013-12-25 22:00:00+00:00,120.174,120.188,120.1,120.138,1573.0
2013-12-26 22:00:00+00:00,120.138,120.307,120.076,120.168,3965.0
2013-12-29 22:00:00+00:00,120.156,120.297,120.074,120.289,5691.0
2013-12-30 22:00:00+00:00,120.288,120.295,120.108,120.155,3442.0
2014-01-01 22:00:00+00:00,120.084,120.271,120.075,120.221,6420.0
2014-01-02 22:00:00+00:00,120.197,120.311,120.109,120.125,5604.0
2014-01-05 22:00:00+00:00,120.096,120.366,119.995,120.317,6218.0
2014-01-06 22:00:00+00:00,120.317,120.403,120.271,120.359,4382.0
2014-01-07 22:00:00+00:00,120.339,120.346,119.874,119.921,7760.0
2014-01-08 22:00:00+00:00,119.93,120.072,119.842,119.966,9172.0
2014-01-09 22:00:00+00:00,119.966,120.642,119.95,120.609,13115.0
2014-01-12 22:00:00+00:00,120.561,120.786,120.547,120.722,4351.0
2014-01-13 22:00:00+00:00,120.722,120.737,120.438,120.446,5084.0
2014-01-14 22:00:00+00:00,120.453,120.518,120.187,120.31,6451.0
2014-01-15 22:00:00+00:00,120.31,120.508,120.275,120.458,4861.0
2014-01-16 22:00:00+00:00,120.466,120.601,120.404,120.539,4966.0
2014-01-19 22:00:00+00:00,120.524,120.596,120.495,120.571,1259.0
2014-01-20 22:00:00+00:00,120.561,120.561,120.244,120.387,3742.0
2014-01-21 22:00:00+00:00,120.383,120.41,120.113,120.127,5515.0
2014-01-22 22:00:00+00:00,120.127,120.794,120.094,120.628,7794.0
2014-01-23 22:00:00+00:00,120.635,121.227,120.594,120.936,12465.0
2014-01-26 22:00:00+00:00,120.907,120.944,120.656,120.762,10632.0
2014-01-27 22:00:00+00:00,120.758,120.897,120.546,120.824,7934.0
2014-01-28 22:00:00+00:00,120.69,121.208,120.611,121.079,21481.0
2014-01-29 22:00:00+00:00,121.047,121.103,120.869,121.04,18710.0
2014-01-30 22:00:00+00:00,121.04,121.301,120.992,121.268,17916.0
2014-02-02 22:00:00+00:00,121.192,121.528,121.115,121.481,13180.0
2014-02-03 22:00:00+00:00,121.465,121.509,121.339,121.359,18561.0
2014-02-04 22:00:00+00:00,121.355,121.614,121.229,121.256,18460.0
2014-02-05 22:00:00+00:00,121.257,121.303,121.086,121.13,12012.0
2014-02-06 22:00:00+00:00,121.138,121.548,120.983,121.364,17292.0
2014-02-09 22:00:00+00:00,121.335,121.465,121.289,121.312,6275.0
2014-02-10 22:00:00+00:00,121.302,121.322,120.999,121.012,9462.0
2014-02-11 22:00:00+00:00,121.004,121.064,120.784,120.871,6805.0
2014-02-12 22:00:00+00:00,120.883,121.19,120.877,121.164,7871.0
2014-02-13 22:00:00+00:00,121.165,121.273,121.018,121.09,7258.0
2014-02-16 22:00:00+00:00,121.056,121.097,120.96,121.041,1240.0
2014-02-17 22:00:00+00:00,121.031,121.308,120.992,121.259,7567.0
2014-02-18 22:00:00+00:00,121.245,121.41,121.046,121.052,9472.0
2014-02-19 22:00:00+00:00,121.059,121.277,120.827,120.94,10931.0
2014-02-20 22:00:00+00:00,120.944,121.004,120.795,120.97,9859.0
2014-02-23 22:00:00+00:00,120.959,121.045,120.804,120.904,6179.0
2014-02-24 22:00:00+00:00,120.914,121.116,120.892,121.059,5622.0
2014-02-25 22:00:00+00:00,121.059,121.262,120.983,121.254,8262.0
2014-02-26 22:00:00+00:00,121.251,121.413,121.211,121.314,11789.0
2014-02-27 22:00:00+00:00,121.314,121.343,120.979,121.227,8998.0
2014-03-02 22:00:00+00:00,121.561,121.565,121.185,121.386,10169.0
2014-03-03 22:00:00+00:00,121.382,121.384,121.009,121.03,7934.0
2014-03-04 22:00:00+00:00,121.035,121.103,120.876,120.981,8955.0
2014-03-05 22:00:00+00:00,121.0,121.893,120.812,120.884,7910.0
2014-03-06 22:00:00+00:00,120.901,120.94,120.41,120.555,10278.0
2014-03-09 21:00:00+00:00,120.548,120.634,120.45,120.598,4268.0
2014-03-10 21:00:00+00:00,120.582,120.685,120.514,120.627,4499.0
2014-03-11 21:00:00+00:00,120.623,120.879,120.607,120.755,5703.0
2014-03-12 21:00:00+00:00,120.748,121.131,120.566,121.074,8455.0
2014-03-13 21:00:00+00:00,121.034,121.246,120.92,120.986,9939.0
2014-03-16 21:00:00+00:00,120.974,121.03,120.773,120.811,5293.0
2014-03-17 21:00:00+00:00,120.809,120.942,120.764,120.878,5387.0
2014-03-18 21:00:00+00:00,120.92,120.945,119.882,120.063,12016.0
2014-03-19 21:00:00+00:00,120.09,120.134,119.922,120.09,13739.0
2014-03-20 21:00:00+00:00,120.095,120.123,119.916,120.039,5189.0
2014-03-23 21:00:00+00:00,119.977,119.977,119.661,119.872,8020.0
2014-03-24 21:00:00+00:00,119.861,120.025,119.807,119.887,8971.0
2014-03-25 21:00:00+00:00,119.873,120.234,119.857,120.17,7391.0
2014-03-26 21:00:00+00:00,120.161,120.196,119.957,120.061,10329.0
2014-03-27 21:00:00+00:00,120.047,120.129,119.894,119.894,6266.0
2014-03-30 21:00:00+00:00,119.862,120.064,119.713,120.048,9048.0
2014-03-31 21:00:00+00:00,120.04,120.048,119.898,119.964,5861.0
2014-04-01 21:00:00+00:00,119.963,119.973,119.624,119.655,6878.0
2014-04-02 21:00:00+00:00,119.646,119.741,119.604,119.604,8835.0
2014-04-03 21:00:00+00:00,119.609,120.106,119.486,120.081,13736.0
2014-04-06 21:00:00+00:00,120.047,120.268,120.029,120.148,6736.0
2014-04-07 21:00:00+00:00,120.126,120.24,120.07,120.199,8060.0
2014-04-08 21:00:00+00:00,120.183,120.441,119.985,120.432,10096.0
2014-04-09 21:00:00+00:00,120.418,120.816,120.399,120.588,9961.0
2014-04-10 21:00:00+00:00,120.588,120.791,120.517,120.645,10127.0
2014-04-13 21:00:00+00:00,120.694,120.983,120.421,120.429,6177.0
2014-04-14 21:00:00+00:00,120.432,120.569,120.31,120.399,9698.0
2014-04-15 21:00:00+00:00,120.399,120.439,120.187,120.258,10172.0
2014-04-16 21:00:00+00:00,120.247,120.346,119.829,119.874,6237.0
2014-04-20 21:00:00+00:00,119.821,119.965,119.738,119.875,2984.0
2014-04-21 21:00:00+00:00,119.875,119.949,119.732,119.808,4429.0
2014-04-22 21:00:00+00:00,119.808,120.059,119.795,119.854,5832.0
2014-04-23 21:00:00+00:00,119.836,120.001,119.718,119.919,8096.0
2014-04-24 21:00:00+00:00,119.924,120.13,119.894,119.956,7573.0
2014-04-27 21:00:00+00:00,119.915,120.016,119.758,119.872,7085.0
2014-04-28 21:00:00+00:00,119.874,119.903,119.739,119.894,7428.0
2014-04-29 21:00:00+00:00,119.9,120.172,119.79,120.163,14297.0
2014-04-30 21:00:00+00:00,120.147,120.342,120.077,120.238,5767.0
2014-05-01 21:00:00+00:00,120.222,120.34,119.696,120.195,20926.0
2014-05-04 21:00:00+00:00,120.162,120.282,120.069,120.105,4770.0
2014-05-05 21:00:00+00:00,120.105,120.16,120.005,120.086,7466.0
2014-05-06 21:00:00+00:00,120.077,120.312,119.968,120.215,14302.0
2014-05-07 21:00:00+00:00,120.215,120.418,120.153,120.361,13038.0
2014-05-08 21:00:00+00:00,120.376,120.448,120.298,120.351,9100.0
2014-05-11 21:00:00+00:00,120.325,120.333,120.16,120.181,5134.0
2014-05-12 21:00:00+00:00,120.181,120.421,120.126,120.413,7310.0
2014-05-13 21:00:00+00:00,120.404,120.793,120.362,120.63,8960.0
2014-05-14 21:00:00+00:00,120.604,120.918,120.456,120.821,16483.0
2014-05-15 21:00:00+00:00,120.789,120.827,120.655,120.67,8488.0
2014-05-18 21:00:00+00:00,120.658,120.879,120.636,120.701,5663.0
2014-05-19 21:00:00+00:00,120.695,120.937,120.659,120.856,7792.0
2014-05-20 21:00:00+00:00,120.856,120.961,120.65,120.772,8204.0
2014-05-21 21:00:00+00:00,120.77,120.811,120.616,120.684,8833.0
2014-05-22 21:00:00+00:00,120.684,120.824,120.658,120.757,4073.0
2014-05-25 21:00:00+00:00,120.727,120.758,120.674,120.733,1010.0
2014-05-26 21:00:00+00:00,120.727,120.752,120.605,120.727,5743.0
2014-05-27 21:00:00+00:00,120.727,121.046,120.718,120.951,9865.0
2014-05-28 21:00:00+00:00,120.951,121.153,120.822,120.845,8863.0
2014-05-29 21:00:00+00:00,120.852,120.898,120.696,120.784,4279.0
2014-06-01 21:00:00+00:00,120.762,120.781,120.431,120.483,7582.0
2014-06-02 21:00:00+00:00,120.484,120.514,120.254,120.264,5130.0
2014-06-03 21:00:00+00:00,120.257,120.395,120.182,120.266,5435.0
2014-06-04 21:00:00+00:00,120.285,120.462,120.119,120.348,7967.0
2014-06-05 21:00:00+00:00,120.355,120.544,120.173,120.213,7705.0
2014-06-08 21:00:00+00:00,120.191,120.199,119.948,120.025,4014.0
2014-06-09 21:00:00+00:00,120.035,120.071,119.839,119.861,6547.0
2014-06-10 21:00:00+00:00,119.857,120.011,119.764,119.924,7553.0
2014-06-11 21:00:00+00:00,119.927,120.179,119.833,119.987,8737.0
2014-06-12 21:00:00+00:00,119.954,119.993,119.718,119.944,11764.0
2014-06-15 21:00:00+00:00,119.926,119.969,119.8,119.866,5951.0
2014-06-16 21:00:00+00:00,119.867,119.9,119.59,119.594,6855.0
2014-06-17 21:00:00+00:00,119.596,120.034,119.515,119.948,24645.0
2014-06-18 21:00:00+00:00,119.958,120.095,119.766,119.917,14732.0
2014-06-19 21:00:00+00:00,119.926,119.97,119.723,119.903,6893.0
2014-06-22 21:00:00+00:00,119.882,119.911,119.74,119.746,6766.0
2014-06-23 21:00:00+00:00,119.784,119.911,119.692,119.895,7417.0
2014-06-24 21:00:00+00:00,119.895,120.203,119.852,120.004,6428.0
2014-06-25 21:00:00+00:00,119.988,120.249,119.927,120.176,6591.0
2014-06-26 21:00:00+00:00,120.167,120.337,120.16,120.23,4829.0
2014-06-29 21:00:00+00:00,120.223,120.29,120.135,120.234,4382.0
2014-06-30 21:00:00+00:00,120.242,120.272,120.069,120.084,3928.0
2014-07-01 21:00:00+00:00,120.091,120.127,119.801,119.815,5584.0
2014-07-02 21:00:00+00:00,119.837,119.865,119.417,119.651,10649.0
2014-07-03 21:00:00+00:00,119.649,119.651,119.548,119.585,1282.0
2014-07-06 21:00:00+00:00,119.555,119.639,119.446,119.614,3261.0
2014-07-07 21:00:00+00:00,119.613,119.882,119.571,119.817,5154.0
2014-07-08 21:00:00+00:00,119.801,119.927,119.503,119.913,5485.0
2014-07-09 21:00:00+00:00,119.902,120.267,119.883,120.012,7342.0
2014-07-10 21:00:00+00:00,120.012,120.169,119.929,120.074,4163.0
2014-07-13 21:00:00+00:00,120.059,120.063,119.86,119.899,2477.0
2014-07-14 21:00:00+00:00,119.897,120.064,119.702,119.763,9076.0
2014-07-15 21:00:00+00:00,119.762,119.838,119.639,119.73,4961.0
2014-07-16 21:00:00+00:00,119.73,120.114,119.73,120.075,8258.0
2014-07-17 21:00:00+00:00,120.067,120.153,119.792,119.823,7669.0
2014-07-20 21:00:00+00:00,119.789,119.9,119.718,119.757,4219.0
2014-07-21 21:00:00+00:00,119.747,119.892,119.649,119.871,5668.0
2014-07-22 21:00:00+00:00,119.871,119.954,119.822,119.902,3143.0
2014-07-23 21:00:00+00:00,119.907,119.931,119.59,119.667,6565.0
2014-07-24 21:00:00+00:00,119.675,119.777,119.561,119.762,4818.0
2014-07-27 21:00:00+00:00,119.719,119.728,119.562,119.6,5162.0
2014-07-28 21:00:00+00:00,119.6,119.734,119.55,119.676,5852.0
2014-07-29 21:00:00+00:00,119.681,119.693,119.16,119.357,13184.0
2014-07-30 21:00:00+00:00,119.362,119.426,119.161,119.401,9755.0
2014-07-31 21:00:00+00:00,119.401,119.935,119.301,119.861,16351.0
2014-08-03 21:00:00+00:00,119.798,119.964,119.763,119.915,3805.0
2014-08-04 21:00:00+00:00,119.907,119.959,119.681,119.82,5856.0
2014-08-05 21:00:00+00:00,119.811,120.034,119.769,119.897,7218.0
2014-08-06 21:00:00+00:00,119.904,120.171,119.836,120.129,7798.0
2014-08-07 21:00:00+00:00,120.123,120.457,120.007,120.007,13070.0
2014-08-10 21:00:00+00:00,119.986,120.081,119.913,120.017,5946.0
2014-08-11 21:00:00+00:00,120.009,120.097,119.969,120.018,5678.0
2014-08-12 21:00:00+00:00,120.031,120.259,119.894,120.211,7403.0
2014-08-13 21:00:00+00:00,120.211,120.385,120.17,120.218,9674.0
2014-08-14 21:00:00+00:00,120.219,120.634,120.199,120.407,17302.0
2014-08-17 21:00:00+00:00,120.371,120.379,120.193,120.208,5678.0
2014-08-18 21:00:00+00:00,120.237,120.374,120.166,120.197,6471.0
2014-08-19 21:00:00+00:00,120.204,120.212,119.875,119.914,10193.0
2014-08-20 21:00:00+00:00,119.929,120.025,119.862,119.907,6678.0
2014-08-21 21:00:00+00:00,119.928,120.049,119.655,119.765,11212.0
2014-08-24 21:00:00+00:00,119.731,119.81,119.651,119.712,3946.0
2014-08-25 21:00:00+00:00,119.704,119.833,119.703,119.749,5407.0
2014-08-26 21:00:00+00:00,119.758,119.94,119.758,119.885,5547.0
2014-08-27 21:00:00+00:00,119.898,120.058,119.889,119.991,6983.0
2014-08-28 21:00:00+00:00,119.983,120.046,119.907,119.998,4067.0
2014-08-31 21:00:00+00:00,119.968,119.968,119.905,119.945,849.0
2014-09-01 21:00:00+00:00,119.954,119.954,119.681,119.69,2929.0
2014-09-02 21:00:00+00:00,119.708,119.762,119.438,119.76,5117.0
2014-09-03 21:00:00+00:00,119.754,119.889,119.516,119.567,7367.0
2014-09-04 21:00:00+00:00,119.586,120.009,119.462,119.687,27374.0
2014-09-07 21:00:00+00:00,119.672,119.829,119.518,119.524,3303.0
2014-09-08 21:00:00+00:00,119.5,119.523,119.27,119.316,5681.0
2014-09-09 21:00:00+00:00,119.314,119.358,119.178,119.186,6813.0
2014-09-10 21:00:00+00:00,119.198,119.395,119.167,119.188,8474.0
2014-09-11 21:00:00+00:00,119.202,119.22,119.047,119.109,7342.0
2014-09-14 21:00:00+00:00,119.102,119.24,119.044,119.23,7337.0
2014-09-15 21:00:00+00:00,119.214,119.374,119.199,119.277,7027.0
2014-09-16 21:00:00+00:00,119.266,119.663,118.986,118.988,17549.0
2014-09-17 21:00:00+00:00,118.956,119.022,118.773,118.939,7465.0
2014-09-18 21:00:00+00:00,118.939,119.055,118.748,119.025,341.0
2014-09-21 21:00:00+00:00,118.992,119.236,118.992,119.196,273.0
2014-09-22 21:00:00+00:00,119.196,119.304,119.18,119.304,187.0
2014-09-23 21:00:00+00:00,119.293,119.296,119.12,119.142,184.0
2014-09-24 21:00:00+00:00,119.127,119.44,119.118,119.44,208.0
2014-09-25 21:00:00+00:00,119.424,119.482,119.112,119.201,339.0
2014-09-28 21:00:00+00:00,119.171,119.361,119.115,119.346,215.0
2014-09-29 21:00:00+00:00,119.334,119.336,119.146,119.324,230.0
2014-09-30 21:00:00+00:00,119.343,119.77,119.26,119.77,397.0
2014-10-01 21:00:00+00:00,119.758,119.88,119.615,119.691,477.0
2014-10-02 21:00:00+00:00,119.704,119.704,119.268,119.493,493.0
2014-10-05 21:00:00+00:00,119.444,119.727,119.387,119.631,266.0
2014-10-06 21:00:00+00:00,119.631,119.999,119.588,119.982,313.0
2014-10-07 21:00:00+00:00,119.982,120.428,119.836,120.357,675.0
2014-10-08 21:00:00+00:00,120.333,120.567,120.223,120.311,650.0
2014-10-09 21:00:00+00:00,120.299,120.454,120.104,120.454,496.0
2014-10-12 21:00:00+00:00,120.408,120.862,120.408,120.862,334.0
2014-10-13 21:00:00+00:00,120.862,121.013,120.614,120.883,751.0
2014-10-14 21:00:00+00:00,120.871,122.527,120.717,121.407,3999.0
2014-10-15 21:00:00+00:00,121.395,122.097,121.099,121.184,3445.0
2014-10-16 21:00:00+00:00,121.168,121.396,120.92,121.008,1567.0
2014-10-19 21:00:00+00:00,120.982,121.174,120.855,121.055,910.0
2014-10-20 21:00:00+00:00,121.055,121.333,120.907,120.95,819.0
2014-10-21 21:00:00+00:00,120.976,121.156,120.777,120.97,690.0
2014-10-22 21:00:00+00:00,120.97,121.055,120.537,120.661,642.0
2014-10-23 21:00:00+00:00,120.661,120.875,120.638,120.666,792.0
2014-10-26 21:00:00+00:00,120.599,120.777,120.512,120.685,467.0
2014-10-27 21:00:00+00:00,120.685,120.74,120.541,120.545,406.0
2014-10-28 21:00:00+00:00,120.56,120.626,120.008,120.153,785.0
2014-10-29 21:00:00+00:00,120.18,120.298,120.034,120.264,576.0
2014-10-30 21:00:00+00:00,120.264,120.34,119.982,120.092,624.0
2014-11-02 22:00:00+00:00,120.082,120.175,119.783,119.962,415.0
2014-11-03 22:00:00+00:00,119.977,120.1,119.904,119.974,345.0
2014-11-04 22:00:00+00:00,119.95,119.977,119.795,119.937,400.0
2014-11-05 22:00:00+00:00,119.946,120.023,119.702,119.722,449.0
2014-11-06 22:00:00+00:00,119.733,120.18,119.632,120.17,724.0
2014-11-09 22:00:00+00:00,120.115,120.324,119.856,119.868,330.0
2014-11-10 22:00:00+00:00,119.879,119.909,119.745,119.798,90.0
2014-11-11 22:00:00+00:00,119.798,120.03,119.766,119.823,325.0
2014-11-12 22:00:00+00:00,119.823,119.99,119.783,119.973,291.0
2014-11-13 22:00:00+00:00,119.988,120.11,119.746,120.055,294.0
2014-11-16 22:00:00+00:00,120.009,120.225,119.91,119.95,311.0
2014-11-17 22:00:00+00:00,119.961,120.084,119.948,120.03,285.0
2014-11-18 22:00:00+00:00,120.03,120.059,119.775,119.862,368.0
2014-11-19 22:00:00+00:00,119.862,120.149,119.862,119.961,405.0
2014-11-20 22:00:00+00:00,119.961,120.092,119.873,120.068,242.0
2014-11-23 22:00:00+00:00,120.054,120.14,119.927,120.107,142.0
2014-11-24 22:00:00+00:00,120.107,120.263,120.005,120.253,278.0
2014-11-25 22:00:00+00:00,120.244,120.397,120.228,120.336,351.0
2014-11-26 22:00:00+00:00,120.363,120.493,120.351,120.488,94.0
2014-11-27 22:00:00+00:00,120.488,120.599,120.428,120.599,130.0
2014-11-30 22:00:00+00:00,120.618,120.824,120.385,120.414,337.0
2014-12-01 22:00:00+00:00,120.414,120.433,120.139,120.139,238.0
2014-12-02 22:00:00+00:00,120.139,120.179,119.993,120.058,303.0
2014-12-03 22:00:00+00:00,120.087,120.212,119.988,120.202,378.0
2014-12-04 22:00:00+00:00,120.211,120.211,119.568,119.606,633.0
2014-12-07 22:00:00+00:00,119.557,119.767,119.363,119.668,276.0
2014-12-08 22:00:00+00:00,119.668,120.02,119.61,119.896,451.0
2014-12-09 22:00:00+00:00,119.896,120.201,119.813,120.177,463.0
2014-12-10 22:00:00+00:00,120.167,120.945,119.757,119.961,854.0
2014-12-11 22:00:00+00:00,119.961,120.489,119.931,120.373,805.0
2014-12-14 22:00:00+00:00,120.31,120.437,120.031,120.091,887.0
2014-12-15 22:00:00+00:00,120.104,120.798,120.104,120.318,1650.0
2014-12-16 22:00:00+00:00,120.335,120.41,119.73,119.784,1899.0
2014-12-17 22:00:00+00:00,119.75,119.94,119.448,119.532,739.0
2014-12-18 22:00:00+00:00,119.552,119.711,119.491,119.591,464.0
2014-12-21 22:00:00+00:00,119.574,119.66,119.452,119.517,257.0
2014-12-22 22:00:00+00:00,119.517,119.573,119.108,119.128,301.0
2014-12-23 22:00:00+00:00,119.163,119.282,119.008,119.161,173.0
2014-12-25 22:00:00+00:00,119.161,119.217,119.099,119.13,97.0
2014-12-28 22:00:00+00:00,119.118,119.405,119.089,119.368,258.0
2014-12-29 22:00:00+00:00,119.356,119.581,119.356,119.502,196.0
2014-12-30 22:00:00+00:00,119.511,119.633,119.456,119.619,162.0
2015-01-01 22:00:00+00:00,119.509,119.867,119.356,119.826,632.0
2015-01-04 22:00:00+00:00,119.773,120.002,119.667,119.985,406.0
2015-01-05 22:00:00+00:00,119.95,120.768,119.95,120.396,988.0
2015-01-06 22:00:00+00:00,120.425,120.527,120.2,120.402,1064.0
2015-01-07 22:00:00+00:00,120.378,120.412,120.238,120.351,421.0
2015-01-08 22:00:00+00:00,120.362,120.824,120.263,120.739,1138.0
2015-01-11 22:00:00+00:00,120.739,120.924,120.61,120.912,379.0
2015-01-12 22:00:00+00:00,120.912,121.148,120.765,120.983,668.0
2015-01-13 22:00:00+00:00,121.006,121.629,120.976,121.234,937.0
2015-01-14 22:00:00+00:00,121.234,122.066,120.992,122.023,1715.0
2015-01-15 22:00:00+00:00,121.96,122.057,121.328,121.371,1403.0
2015-01-18 22:00:00+00:00,121.371,121.575,121.323,121.525,256.0
2015-01-19 22:00:00+00:00,121.489,121.583,121.218,121.336,721.0
2015-01-20 22:00:00+00:00,121.312,121.432,121.018,121.03,1049.0
2015-01-21 22:00:00+00:00,121.049,121.293,120.75,120.959,1859.0
2015-01-22 22:00:00+00:00,120.959,121.363,120.939,121.228,1105.0
2015-01-25 22:00:00+00:00,121.278,121.366,120.941,121.061,726.0
2015-01-26 22:00:00+00:00,121.045,121.385,121.008,121.045,789.0
2015-01-27 22:00:00+00:00,121.054,121.618,120.993,121.533,1249.0
2015-01-28 22:00:00+00:00,121.515,121.556,121.203,121.378,715.0
2015-01-29 22:00:00+00:00,121.39,121.99,121.346,121.974,852.0
2015-02-01 22:00:00+00:00,121.911,121.956,121.639,121.817,769.0
2015-02-02 22:00:00+00:00,121.817,121.889,121.26,121.301,4283.0
2015-02-03 22:00:00+00:00,121.301,121.57,121.055,121.484,9163.0
2015-02-04 22:00:00+00:00,121.53,121.638,121.11,121.233,6814.0
2015-02-05 22:00:00+00:00,121.217,121.514,120.245,120.308,8966.0
2015-02-08 22:00:00+00:00,120.329,120.607,120.12,120.122,12555.0
2015-02-09 22:00:00+00:00,120.153,120.246,119.976,120.112,9028.0
2015-02-10 22:00:00+00:00,120.143,120.265,119.934,119.981,6321.0
2015-02-11 22:00:00+00:00,120.002,120.325,119.88,120.251,11973.0
2015-02-12 22:00:00+00:00,120.251,120.279,120.076,120.098,5848.0
2015-02-15 22:00:00+00:00,120.055,120.158,119.935,120.158,1881.0
2015-02-16 22:00:00+00:00,120.174,120.244,119.543,119.691,8649.0
2015-02-17 22:00:00+00:00,119.7,120.269,119.512,120.141,12824.0
2015-02-18 22:00:00+00:00,120.158,120.304,119.817,119.851,9711.0
2015-02-19 22:00:00+00:00,119.851,120.23,119.684,119.826,11820.0
2015-02-22 22:00:00+00:00,119.766,120.051,119.717,120.018,3758.0
2015-02-23 22:00:00+00:00,120.018,120.488,119.738,120.443,6221.0
2015-02-24 22:00:00+00:00,120.443,120.515,120.309,120.441,5218.0
2015-02-25 22:00:00+00:00,120.436,120.598,120.026,120.088,5948.0
2015-02-26 22:00:00+00:00,120.104,120.301,119.991,120.257,7215.0
2015-03-01 22:00:00+00:00,120.244,120.271,119.854,119.885,6661.0
2015-03-02 22:00:00+00:00,119.892,119.944,119.678,119.732,6617.0
2015-03-03 22:00:00+00:00,119.74,119.887,119.675,119.846,7360.0
2015-03-04 22:00:00+00:00,119.854,120.003,119.747,119.944,9106.0
2015-03-05 22:00:00+00:00,119.948,120.244,119.277,119.349,13708.0
2015-03-08 21:00:00+00:00,119.356,119.58,119.278,119.561,7028.0
2015-03-09 21:00:00+00:00,119.572,119.888,119.461,119.736,10042.0
2015-03-10 21:00:00+00:00,119.732,119.858,119.552,119.752,9213.0
2015-03-11 21:00:00+00:00,119.752,120.13,119.706,119.784,11037.0
2015-03-12 21:00:00+00:00,120.108,120.189,119.654,119.858,10471.0
2015-03-15 21:00:00+00:00,119.838,120.072,119.814,119.972,8888.0
2015-03-16 21:00:00+00:00,120.77,120.77,119.928,119.972,7007.0
2015-03-17 21:00:00+00:00,119.964,120.906,119.944,120.78,12645.0
2015-03-18 21:00:00+00:00,120.757,122.996,120.296,120.402,9070.0
2015-03-19 21:00:00+00:00,120.393,120.721,120.382,120.682,4538.0
2015-03-22 21:00:00+00:00,120.674,120.816,120.621,120.785,4738.0
2015-03-23 21:00:00+00:00,120.785,120.997,120.701,120.966,6238.0
2015-03-24 21:00:00+00:00,120.965,121.071,120.675,120.691,5169.0
2015-03-25 21:00:00+00:00,120.683,120.868,120.417,120.526,7474.0
2015-03-26 21:00:00+00:00,120.565,120.767,120.49,120.636,5603.0
2015-03-29 21:00:00+00:00,120.672,120.828,120.594,120.769,7440.0
2015-03-30 21:00:00+00:00,120.786,120.92,120.71,120.904,7442.0
2015-03-31 21:00:00+00:00,120.89,121.19,120.767,121.136,9631.0
2015-04-01 21:00:00+00:00,121.124,121.301,121.007,121.015,6913.0
2015-04-02 21:00:00+00:00,121.03,121.613,121.022,121.504,6465.0
2015-04-05 21:00:00+00:00,121.491,121.56,121.205,121.244,4459.0
2015-04-06 21:00:00+00:00,121.255,121.259,121.002,121.134,3681.0
2015-04-07 21:00:00+00:00,121.126,121.209,120.923,121.024,5782.0
2015-04-08 21:00:00+00:00,121.036,121.161,120.75,120.761,5712.0
2015-04-09 21:00:00+00:00,120.789,120.925,120.727,120.781,5183.0
2015-04-12 21:00:00+00:00,120.758,120.924,120.605,120.908,4385.0
2015-04-13 21:00:00+00:00,120.931,121.232,120.856,121.041,5741.0
2015-04-14 21:00:00+00:00,121.057,121.208,121.005,121.159,5129.0
2015-04-15 21:00:00+00:00,121.155,121.325,121.02,121.246,5215.0
2015-04-16 21:00:00+00:00,121.238,121.461,121.059,121.191,6958.0
2015-04-19 21:00:00+00:00,121.168,121.281,121.06,121.121,3930.0
2015-04-20 21:00:00+00:00,121.129,121.218,120.99,121.066,3798.0
2015-04-21 21:00:00+00:00,121.066,121.126,120.718,120.761,4349.0
2015-04-22 21:00:00+00:00,120.784,121.004,120.739,120.902,5378.0
2015-04-23 21:00:00+00:00,120.925,121.193,120.836,121.193,4637.0
2015-04-26 21:00:00+00:00,121.165,121.206,120.944,121.06,3103.0
2015-04-27 21:00:00+00:00,121.083,121.087,120.754,120.762,5054.0
2015-04-28 21:00:00+00:00,120.758,120.898,120.376,120.723,9956.0
2015-04-29 21:00:00+00:00,120.715,120.784,120.286,120.67,11279.0
2015-04-30 21:00:00+00:00,120.652,120.66,120.27,120.316,4974.0
2015-05-03 21:00:00+00:00,120.328,120.444,120.155,120.285,3021.0
2015-05-04 21:00:00+00:00,120.293,120.421,120.005,120.05,5960.0
2015-05-05 21:00:00+00:00,120.058,120.147,119.839,119.886,8271.0
2015-05-06 21:00:00+00:00,119.878,120.109,119.584,119.98,11448.0
2015-05-07 21:00:00+00:00,119.956,120.541,119.889,120.369,14103.0
2015-05-10 21:00:00+00:00,120.326,120.426,119.833,119.84,7795.0
2015-05-11 21:00:00+00:00,119.828,120.076,119.515,120.029,15478.0
2015-05-12 21:00:00+00:00,120.02,120.369,119.965,120.056,11017.0
2015-05-13 21:00:00+00:00,120.042,120.382,120.011,120.351,11586.0
2015-05-14 21:00:00+00:00,120.342,120.626,120.334,120.541,8865.0
2015-05-17 21:00:00+00:00,120.508,120.578,120.14,120.156,5101.0
2015-05-18 21:00:00+00:00,120.148,120.387,119.804,119.819,8119.0
2015-05-19 21:00:00+00:00,119.834,120.164,119.829,120.088,8229.0
2015-05-20 21:00:00+00:00,120.1,120.322,120.036,120.312,6500.0
2015-05-21 21:00:00+00:00,120.312,120.416,119.875,120.071,5821.0
2015-05-24 21:00:00+00:00,120.048,120.08,119.962,120.008,711.0
2015-05-25 21:00:00+00:00,120.008,120.272,119.873,120.248,6369.0
2015-05-26 21:00:00+00:00,120.254,120.259,120.015,120.202,4577.0
2015-05-27 21:00:00+00:00,120.198,120.401,120.175,120.321,6219.0
2015-05-28 21:00:00+00:00,120.344,120.582,120.309,120.479,5888.0
2015-05-31 21:00:00+00:00,120.479,120.548,120.066,120.132,6312.0
2015-06-01 21:00:00+00:00,120.152,120.157,119.769,119.846,6997.0
2015-06-02 21:00:00+00:00,119.838,119.869,119.377,119.454,10025.0
2015-06-03 21:00:00+00:00,119.462,119.74,119.238,119.668,11628.0
2015-06-04 21:00:00+00:00,119.683,119.699,118.916,119.181,13530.0
2015-06-07 21:00:00+00:00,119.159,119.399,119.088,119.357,7018.0
2015-06-08 21:00:00+00:00,119.334,119.496,119.054,119.13,7866.0
2015-06-09 21:00:00+00:00,119.13,119.161,118.943,119.014,11826.0
2015-06-10 21:00:00+00:00,119.039,119.302,118.874,119.274,13506.0
2015-06-11 21:00:00+00:00,119.266,119.458,119.12,119.205,11553.0
2015-06-14 21:00:00+00:00,119.285,119.629,119.277,119.381,8012.0
2015-06-15 21:00:00+00:00,119.381,119.611,119.373,119.594,6687.0
2015-06-16 21:00:00+00:00,119.586,119.882,119.103,119.807,10421.0
2015-06-17 21:00:00+00:00,119.791,120.049,119.55,119.785,9957.0
2015-06-18 21:00:00+00:00,119.785,120.133,119.777,120.092,5656.0
2015-06-21 21:00:00+00:00,120.004,120.004,119.601,119.608,12224.0
2015-06-22 21:00:00+00:00,119.616,119.65,119.392,119.466,10309.0
2015-06-23 21:00:00+00:00,119.47,119.682,119.392,119.642,11414.0
2015-06-24 21:00:00+00:00,119.634,119.665,119.37,119.51,12503.0
2015-06-25 21:00:00+00:00,119.533,119.602,119.229,119.291,6378.0
2015-06-28 21:00:00+00:00,119.992,120.227,119.579,119.938,15541.0
2015-06-29 21:00:00+00:00,119.93,119.995,119.682,119.776,11607.0
2015-06-30 21:00:00+00:00,119.765,119.811,119.4,119.455,8799.0
2015-07-01 21:00:00+00:00,119.473,119.919,119.323,119.831,7255.0
2015-07-02 21:00:00+00:00,119.843,120.046,119.775,120.022,2085.0
2015-07-05 21:00:00+00:00,120.49,120.494,119.947,120.191,9172.0
2015-07-06 21:00:00+00:00,120.165,120.623,120.084,120.26,8737.0
2015-07-07 21:00:00+00:00,120.26,120.611,120.236,120.56,10366.0
2015-07-08 21:00:00+00:00,120.56,120.621,120.129,120.131,7847.0
2015-07-09 21:00:00+00:00,120.113,120.121,119.621,119.777,7877.0
2015-07-12 21:00:00+00:00,119.971,119.971,119.414,119.439,9202.0
2015-07-13 21:00:00+00:00,119.464,119.799,119.423,119.75,6117.0
2015-07-14 21:00:00+00:00,119.781,119.963,119.494,119.892,5672.0
2015-07-15 21:00:00+00:00,119.876,119.9,119.581,119.72,5636.0
2015-07-16 21:00:00+00:00,119.72,119.765,119.512,119.667,4913.0
2015-07-19 21:00:00+00:00,119.629,119.645,119.35,119.434,3601.0
2015-07-20 21:00:00+00:00,119.473,119.727,119.391,119.722,3408.0
2015-07-21 21:00:00+00:00,119.722,119.776,119.59,119.601,2907.0
2015-07-22 21:00:00+00:00,119.601,119.822,119.501,119.791,4310.0
2015-07-23 21:00:00+00:00,119.767,119.991,119.74,119.901,4114.0
2015-07-26 21:00:00+00:00,119.888,120.212,119.888,120.163,4233.0
2015-07-27 21:00:00+00:00,120.163,120.163,119.939,120.039,4711.0
2015-07-28 21:00:00+00:00,120.023,120.072,119.846,119.915,5088.0
2015-07-29 21:00:00+00:00,119.915,119.934,119.628,119.9,6477.0
2015-07-30 21:00:00+00:00,119.904,120.358,119.749,120.328,7465.0
2015-08-02 21:00:00+00:00,120.295,120.454,120.143,120.355,4857.0
2015-08-03 21:00:00+00:00,120.351,120.389,119.851,119.882,3907.0
2015-08-04 21:00:00+00:00,119.873,119.952,119.542,119.695,6849.0
2015-08-05 21:00:00+00:00,119.71,119.917,119.682,119.831,3776.0
2015-08-06 21:00:00+00:00,119.831,120.083,119.644,120.018,6924.0
2015-08-09 21:00:00+00:00,119.988,120.0,119.756,119.837,3143.0
2015-08-10 21:00:00+00:00,119.848,120.407,119.817,120.257,6386.0
2015-08-11 21:00:00+00:00,120.249,120.732,120.193,120.282,9154.0
2015-08-12 21:00:00+00:00,120.305,120.508,119.986,120.024,8229.0
2015-08-13 21:00:00+00:00,120.016,120.14,119.831,119.908,7238.0
2015-08-16 21:00:00+00:00,119.917,120.164,119.893,120.036,5921.0
2015-08-17 21:00:00+00:00,120.02,120.197,119.914,119.99,6415.0
2015-08-18 21:00:00+00:00,119.982,120.454,119.813,120.375,11061.0
2015-08-19 21:00:00+00:00,120.367,120.525,120.347,120.509,9428.0
2015-08-20 21:00:00+00:00,120.517,120.785,120.469,120.729,12425.0
2015-08-23 21:00:00+00:00,120.768,121.4,120.743,121.022,36208.0
2015-08-24 21:00:00+00:00,120.967,121.005,120.46,120.772,28911.0
2015-08-25 21:00:00+00:00,120.749,120.897,120.322,120.421,26545.0
2015-08-26 21:00:00+00:00,120.436,120.56,120.221,120.346,16164.0
2015-08-27 21:00:00+00:00,120.367,120.582,120.149,120.262,15328.0
2015-08-30 21:00:00+00:00,120.061,120.372,119.963,120.001,10290.0
2015-08-31 21:00:00+00:00,120.017,120.32,119.977,120.264,13391.0
2015-09-01 21:00:00+00:00,120.279,120.356,120.064,120.172,12288.0
2015-09-02 21:00:00+00:00,120.15,120.397,120.115,120.309,8733.0
2015-09-03 21:00:00+00:00,120.309,120.698,120.164,120.398,15614.0
2015-09-06 21:00:00+00:00,120.398,120.398,120.197,120.311,2422.0
2015-09-07 21:00:00+00:00,120.293,120.405,120.08,120.135,6068.0
2015-09-08 21:00:00+00:00,120.135,120.193,119.841,120.091,8115.0
2015-09-09 21:00:00+00:00,120.114,120.223,119.954,120.017,10412.0
2015-09-10 21:00:00+00:00,120.038,120.301,120.009,120.238,6172.0
2015-09-13 21:00:00+00:00,120.251,120.342,120.157,120.262,5902.0
2015-09-14 21:00:00+00:00,120.27,120.369,119.677,119.716,6230.0
2015-09-15 21:00:00+00:00,119.747,119.947,119.681,119.738,8583.0
2015-09-16 21:00:00+00:00,119.75,120.451,119.715,120.414,14631.0
2015-09-17 21:00:00+00:00,120.384,120.684,120.38,120.595,9722.0
2015-09-20 21:00:00+00:00,120.566,120.566,120.283,120.329,7404.0
2015-09-21 21:00:00+00:00,120.314,120.733,120.313,120.646,7084.0
2015-09-22 21:00:00+00:00,120.646,120.794,120.494,120.531,6703.0
2015-09-23 21:00:00+00:00,120.555,120.897,120.49,120.674,12777.0
2015-09-24 21:00:00+00:00,120.505,120.585,120.241,120.551,9782.0
2015-09-27 21:00:00+00:00,120.535,120.813,120.493,120.795,7554.0
2015-09-28 21:00:00+00:00,120.781,121.043,120.692,120.957,10929.0
2015-09-29 21:00:00+00:00,120.949,121.073,120.718,121.038,8686.0
2015-09-30 21:00:00+00:00,121.036,121.121,120.871,120.976,9790.0
2015-10-01 21:00:00+00:00,120.976,121.784,120.873,121.363,14650.0
2015-10-04 21:00:00+00:00,121.331,121.447,121.068,121.099,7783.0
2015-10-05 21:00:00+00:00,121.099,121.228,121.033,121.186,7592.0
2015-10-06 21:00:00+00:00,121.186,121.212,120.903,120.97,8085.0
2015-10-07 21:00:00+00:00,120.948,121.158,120.748,120.843,9597.0
2015-10-08 21:00:00+00:00,120.865,120.974,120.666,120.838,8048.0
2015-10-11 21:00:00+00:00,120.838,120.963,120.757,120.949,1771.0
2015-10-12 21:00:00+00:00,120.949,121.083,120.865,121.042,6638.0
2015-10-13 21:00:00+00:00,121.042,121.482,121.029,121.476,9846.0
2015-10-14 21:00:00+00:00,121.476,121.483,121.101,121.126,8440.0
2015-10-15 21:00:00+00:00,121.112,121.227,121.006,121.015,5676.0
2015-10-18 21:00:00+00:00,121.005,121.112,120.921,121.083,6347.0
2015-10-19 21:00:00+00:00,121.098,121.116,120.77,120.823,8221.0
2015-10-20 21:00:00+00:00,120.823,121.028,120.805,120.965,7654.0
2015-10-21 21:00:00+00:00,120.957,121.078,120.828,120.966,9620.0
2015-10-22 21:00:00+00:00,120.966,120.975,120.595,120.636,8399.0
2015-10-25 21:00:00+00:00,120.647,120.785,120.584,120.731,6117.0
2015-10-26 21:00:00+00:00,120.744,121.014,120.722,120.884,8565.0
2015-10-27 21:00:00+00:00,120.904,120.911,120.32,120.35,14275.0
2015-10-28 21:00:00+00:00,120.358,120.42,120.064,120.064,10983.0
2015-10-29 21:00:00+00:00,120.103,120.2,119.927,120.137,14967.0
2015-11-01 22:00:00+00:00,120.136,120.156,119.856,119.926,9490.0
2015-11-02 22:00:00+00:00,119.949,119.949,119.671,119.729,6451.0
2015-11-03 22:00:00+00:00,119.729,119.769,119.385,119.494,9495.0
2015-11-04 22:00:00+00:00,119.48,119.585,119.325,119.504,8834.0
2015-11-05 22:00:00+00:00,119.496,119.548,118.745,118.998,10369.0
2015-11-08 22:00:00+00:00,118.992,118.996,118.75,118.921,7647.0
2015-11-09 22:00:00+00:00,118.921,119.19,118.905,119.049,4356.0
2015-11-10 22:00:00+00:00,119.072,119.157,118.998,119.075,1422.0
2015-11-11 22:00:00+00:00,119.067,119.197,119.002,119.09,4903.0
2015-11-12 22:00:00+00:00,119.09,119.387,119.03,119.377,4957.0
2015-11-15 22:00:00+00:00,119.541,119.561,119.343,119.372,5845.0
2015-11-16 22:00:00+00:00,119.364,119.42,119.102,119.351,5692.0
2015-11-17 22:00:00+00:00,119.347,119.374,119.128,119.213,5146.0
2015-11-18 22:00:00+00:00,119.229,119.382,119.163,119.279,4904.0
2015-11-19 22:00:00+00:00,119.279,119.385,119.206,119.227,3743.0
2015-11-22 22:00:00+00:00,119.201,119.322,119.003,119.314,3876.0
2015-11-23 22:00:00+00:00,119.304,119.507,119.252,119.356,5379.0
2015-11-24 22:00:00+00:00,119.364,119.425,119.243,119.32,3922.0
2015-11-25 22:00:00+00:00,119.32,119.42,119.312,119.394,926.0
2015-11-26 22:00:00+00:00,119.405,119.474,119.338,119.389,2278.0
2015-11-29 22:00:00+00:00,119.39,119.433,119.22,119.395,2537.0
2015-11-30 22:00:00+00:00,119.404,119.733,119.246,119.674,5025.0
2015-12-01 22:00:00+00:00,119.648,119.65,119.341,119.442,7511.0
2015-12-02 22:00:00+00:00,119.424,119.725,118.796,118.99,11114.0
2015-12-03 22:00:00+00:00,118.998,119.222,118.793,119.104,12986.0
2015-12-06 22:00:00+00:00,119.054,119.336,118.988,119.265,7857.0
2015-12-07 22:00:00+00:00,119.268,119.399,119.178,119.352,5961.0
2015-12-08 22:00:00+00:00,119.358,119.573,119.221,119.455,6975.0
2015-12-09 22:00:00+00:00,119.45,119.647,119.29,119.317,5488.0
2015-12-10 22:00:00+00:00,119.298,119.91,119.278,119.894,10260.0
2015-12-13 22:00:00+00:00,119.802,119.832,119.392,119.409,9987.0
2015-12-14 22:00:00+00:00,119.418,119.51,119.126,119.214,7343.0
2015-12-15 22:00:00+00:00,119.218,119.272,118.788,118.936,10358.0
2015-12-16 22:00:00+00:00,118.942,119.126,118.928,119.112,7233.0
2015-12-17 22:00:00+00:00,119.112,119.329,119.072,119.231,6243.0
2015-12-20 22:00:00+00:00,119.211,119.366,119.118,119.256,4952.0
2015-12-21 22:00:00+00:00,119.224,119.326,119.056,119.067,4319.0
2015-12-22 22:00:00+00:00,119.087,119.091,118.949,119.003,3741.0
2015-12-23 22:00:00+00:00,119.011,119.065,118.952,119.045,1390.0
2015-12-27 22:00:00+00:00,118.988,119.118,118.927,119.024,2864.0
2015-12-28 22:00:00+00:00,119.024,119.053,118.609,118.664,4277.0
2015-12-29 22:00:00+00:00,118.685,118.748,118.558,118.713,5165.0
2015-12-30 22:00:00+00:00,118.725,118.908,118.664,118.889,3787.0
2016-01-03 22:00:00+00:00,118.83,119.166,118.753,118.96,5516.0
2016-01-04 22:00:00+00:00,118.944,119.136,118.857,119.068,5160.0
2016-01-05 22:00:00+00:00,119.08,119.436,119.032,119.42,7080.0
2016-01-06 22:00:00+00:00,119.404,119.715,119.301,119.677,8170.0
2016-01-07 22:00:00+00:00,119.633,119.911,119.284,119.879,10822.0
2016-01-10 22:00:00+00:00,119.879,120.016,119.621,119.715,8111.0
2016-01-11 22:00:00+00:00,119.737,120.116,119.576,119.966,8058.0
2016-01-12 22:00:00+00:00,119.935,120.259,119.748,120.049,7814.0
2016-01-13 22:00:00+00:00,120.039,120.284,119.972,120.144,9931.0
2016-01-14 22:00:00+00:00,120.144,120.783,120.088,120.444,11996.0
2016-01-17 22:00:00+00:00,120.475,120.53,120.328,120.502,2693.0
2016-01-18 22:00:00+00:00,120.503,120.503,120.188,120.298,8908.0
2016-01-19 22:00:00+00:00,120.319,120.871,120.319,120.647,14364.0
2016-01-20 22:00:00+00:00,120.647,120.819,120.474,120.528,15950.0
2016-01-21 22:00:00+00:00,120.52,120.605,120.21,120.334,7828.0
2016-01-24 22:00:00+00:00,120.321,120.49,120.25,120.476,7766.0
2016-01-25 22:00:00+00:00,120.476,120.699,120.376,120.531,7138.0
2016-01-26 22:00:00+00:00,120.54,120.627,120.22,120.619,8028.0
2016-01-27 22:00:00+00:00,120.623,120.741,120.427,120.692,11024.0
2016-01-28 22:00:00+00:00,120.708,121.064,120.628,121.047,9689.0
2016-01-31 22:00:00+00:00,121.02,121.112,120.733,120.826,7008.0
2016-02-01 22:00:00+00:00,120.81,121.322,120.81,121.314,7950.0
2016-02-02 22:00:00+00:00,121.322,121.678,121.107,121.277,11884.0
2016-02-03 22:00:00+00:00,121.283,121.499,121.211,121.499,12911.0
2016-02-04 22:00:00+00:00,121.483,121.624,121.127,121.391,15440.0
2016-02-07 22:00:00+00:00,121.339,121.853,121.23,121.774,12907.0
2016-02-08 22:00:00+00:00,121.783,122.078,121.732,121.815,16603.0
2016-02-09 22:00:00+00:00,121.815,121.989,121.545,121.989,15288.0
2016-02-10 22:00:00+00:00,122.005,122.777,121.913,121.96,27146.0
2016-02-11 22:00:00+00:00,121.94,122.046,121.5,121.506,15911.0
2016-02-14 22:00:00+00:00,121.473,121.629,121.375,121.39,3621.0
2016-02-15 22:00:00+00:00,121.383,121.567,121.287,121.478,12301.0
2016-02-16 22:00:00+00:00,121.509,121.656,121.105,121.237,11591.0
2016-02-17 22:00:00+00:00,121.268,121.584,121.171,121.56,8653.0
2016-02-18 22:00:00+00:00,121.576,121.693,121.244,121.359,9942.0
2016-02-21 22:00:00+00:00,121.332,121.371,121.116,121.28,8324.0
2016-02-22 22:00:00+00:00,121.295,121.485,121.041,121.454,10582.0
2016-02-23 22:00:00+00:00,121.458,121.818,121.331,121.37,10464.0
2016-02-24 22:00:00+00:00,121.378,121.741,121.315,121.529,12140.0
2016-02-25 22:00:00+00:00,121.529,121.538,121.059,121.192,9358.0
2016-02-28 22:00:00+00:00,121.18,121.338,121.076,121.31,10512.0
2016-02-29 22:00:00+00:00,121.31,121.467,120.76,120.783,9446.0
2016-03-01 22:00:00+00:00,120.791,120.893,120.555,120.671,9778.0
2016-03-02 22:00:00+00:00,120.687,120.763,120.552,120.614,7429.0
2016-03-03 22:00:00+00:00,120.63,120.738,120.299,120.424,10592.0
2016-03-06 22:00:00+00:00,120.458,120.458,120.147,120.229,5597.0
2016-03-07 22:00:00+00:00,120.229,120.673,120.189,120.6,7986.0
2016-03-08 22:00:00+00:00,120.586,120.626,120.318,120.412,7317.0
2016-03-09 22:00:00+00:00,120.428,120.575,119.987,120.096,17070.0
2016-03-10 22:00:00+00:00,120.104,120.182,119.805,119.843,8502.0
2016-03-13 21:00:00+00:00,119.878,120.001,119.807,119.899,4733.0
2016-03-14 21:00:00+00:00,119.899,120.117,119.787,119.818,6217.0
2016-03-15 21:00:00+00:00,119.803,120.435,119.598,120.427,9737.0
2016-03-16 21:00:00+00:00,120.411,120.746,120.323,120.448,7531.0
2016-03-17 21:00:00+00:00,120.432,120.712,120.432,120.673,6203.0
2016-03-20 21:00:00+00:00,120.673,120.714,120.423,120.442,3529.0
2016-03-21 21:00:00+00:00,120.43,120.641,120.24,120.272,5442.0
2016-03-22 21:00:00+00:00,120.248,120.594,120.201,120.567,4426.0
2016-03-23 21:00:00+00:00,120.551,120.62,120.353,120.486,4015.0
2016-03-27 21:00:00+00:00,120.436,120.602,120.331,120.522,2307.0
2016-03-28 21:00:00+00:00,120.508,121.061,120.476,121.03,5784.0
2016-03-29 21:00:00+00:00,121.03,121.208,120.927,121.192,5563.0
2016-03-30 21:00:00+00:00,121.211,121.479,121.12,121.456,4640.0
2016-03-31 21:00:00+00:00,121.44,121.451,121.141,121.359,7764.0
2016-04-03 21:00:00+00:00,121.37,121.448,121.243,121.407,4352.0
2016-04-04 21:00:00+00:00,121.407,121.617,121.391,121.569,4632.0
2016-04-05 21:00:00+00:00,121.553,121.583,121.336,121.476,4898.0
2016-04-06 21:00:00+00:00,121.472,121.799,121.409,121.775,5450.0
2016-04-07 21:00:00+00:00,121.76,121.783,121.57,121.72,5074.0
2016-04-10 21:00:00+00:00,121.698,121.783,121.547,121.664,4965.0
2016-04-11 21:00:00+00:00,121.64,121.672,121.372,121.409,4639.0
2016-04-12 21:00:00+00:00,121.39,121.464,121.253,121.364,5641.0
2016-04-13 21:00:00+00:00,121.364,121.416,121.156,121.203,5232.0
2016-04-14 21:00:00+00:00,121.226,121.484,121.179,121.404,3267.0
2016-04-17 21:00:00+00:00,121.524,121.555,121.272,121.313,3638.0
2016-04-18 21:00:00+00:00,121.313,121.313,121.129,121.183,3694.0
2016-04-19 21:00:00+00:00,121.167,121.331,120.79,120.866,4709.0
2016-04-20 21:00:00+00:00,120.852,120.899,120.678,120.787,6075.0
2016-04-21 21:00:00+00:00,120.803,120.872,120.621,120.66,5030.0
2016-04-24 21:00:00+00:00,120.67,120.79,120.57,120.572,4375.0
2016-04-25 21:00:00+00:00,120.572,120.675,120.439,120.486,4698.0
2016-04-26 21:00:00+00:00,120.494,120.867,120.472,120.867,6342.0
2016-04-27 21:00:00+00:00,120.861,121.07,120.756,121.013,6749.0
2016-04-28 21:00:00+00:00,121.021,121.105,120.816,120.987,5030.0
2016-05-01 21:00:00+00:00,120.979,121.122,120.816,120.831,4270.0
2016-05-02 21:00:00+00:00,120.835,121.291,120.831,121.205,4740.0
2016-05-03 21:00:00+00:00,121.205,121.336,121.093,121.296,5868.0
2016-05-04 21:00:00+00:00,121.304,121.505,121.146,121.45,4230.0
2016-05-05 21:00:00+00:00,121.434,121.707,121.276,121.338,8982.0
2016-05-08 21:00:00+00:00,121.325,121.534,121.278,121.503,4131.0
2016-05-09 21:00:00+00:00,121.526,121.534,121.369,121.43,4098.0
2016-05-10 21:00:00+00:00,121.446,121.592,121.397,121.451,4294.0
2016-05-11 21:00:00+00:00,121.459,121.493,121.199,121.267,4681.0
2016-05-12 21:00:00+00:00,121.253,121.423,121.166,121.407,5766.0
2016-05-15 21:00:00+00:00,121.442,121.473,121.119,121.119,3316.0
2016-05-16 21:00:00+00:00,121.123,121.189,120.921,120.921,4447.0
2016-05-17 21:00:00+00:00,120.913,120.952,120.348,120.481,7569.0
2016-05-18 21:00:00+00:00,120.461,120.62,120.315,120.535,5991.0
2016-05-19 21:00:00+00:00,120.531,120.609,120.438,120.597,3177.0
2016-05-22 21:00:00+00:00,120.569,120.666,120.461,120.547,1993.0
2016-05-23 21:00:00+00:00,120.562,120.601,120.318,120.386,2909.0
2016-05-24 21:00:00+00:00,120.386,120.433,120.285,120.401,2707.0
2016-05-25 21:00:00+00:00,120.386,120.681,120.386,120.651,3122.0
2016-05-26 21:00:00+00:00,120.651,120.679,120.295,120.336,2627.0
2016-05-29 21:00:00+00:00,120.344,120.344,120.215,120.247,876.0
2016-05-30 21:00:00+00:00,120.247,120.603,120.238,120.501,3101.0
2016-05-31 21:00:00+00:00,120.509,120.694,120.411,120.458,3645.0
2016-06-01 21:00:00+00:00,120.467,120.674,120.424,120.615,3295.0
2016-06-02 21:00:00+00:00,120.618,121.377,120.563,121.287,7072.0
2016-06-05 21:00:00+00:00,121.265,121.304,121.058,121.181,3988.0
2016-06-06 21:00:00+00:00,121.189,121.376,121.149,121.273,2171.0
2016-06-07 21:00:00+00:00,121.281,121.368,121.231,121.297,2197.0
2016-06-08 21:00:00+00:00,121.308,121.463,121.284,121.336,2741.0
2016-06-09 21:00:00+00:00,121.336,121.693,121.336,121.63,3092.0
2016-06-12 21:00:00+00:00,121.733,121.877,121.682,121.822,2729.0
2016-06-13 21:00:00+00:00,121.822,122.086,121.755,121.794,4561.0
2016-06-14 21:00:00+00:00,121.81,122.23,121.674,122.139,6864.0
2016-06-15 21:00:00+00:00,122.133,122.383,122.022,122.06,5409.0
2016-06-16 21:00:00+00:00,122.076,122.097,121.893,121.947,3986.0
2016-06-19 21:00:00+00:00,121.739,121.788,121.601,121.601,3776.0
2016-06-20 21:00:00+00:00,121.617,121.746,121.5,121.509,4236.0
2016-06-21 21:00:00+00:00,121.525,121.668,121.512,121.629,3840.0
2016-06-22 21:00:00+00:00,121.585,121.585,121.278,121.303,7306.0
2016-06-23 21:00:00+00:00,121.242,123.285,121.209,122.303,59665.0
2016-06-26 21:00:00+00:00,122.34,122.739,122.33,122.69,11070.0
2016-06-27 21:00:00+00:00,122.69,122.776,122.429,122.537,6610.0
2016-06-28 21:00:00+00:00,122.537,122.599,122.267,122.275,5710.0
2016-06-29 21:00:00+00:00,122.267,122.585,122.14,122.568,7760.0
2016-06-30 21:00:00+00:00,122.568,122.958,122.493,122.564,8271.0
2016-07-03 21:00:00+00:00,122.599,122.616,122.445,122.608,1875.0
2016-07-04 21:00:00+00:00,122.607,122.923,122.564,122.838,5148.0
2016-07-05 21:00:00+00:00,122.83,123.032,122.649,122.777,7812.0
2016-07-06 21:00:00+00:00,122.801,122.838,122.518,122.689,5716.0
2016-07-07 21:00:00+00:00,122.681,122.876,122.311,122.742,8759.0
2016-07-10 21:00:00+00:00,122.742,122.755,122.336,122.352,4531.0
2016-07-11 21:00:00+00:00,122.344,122.414,121.965,122.035,6638.0
2016-07-12 21:00:00+00:00,122.025,122.29,122.019,122.148,5529.0
2016-07-13 21:00:00+00:00,122.14,122.241,121.855,121.94,6964.0
2016-07-14 21:00:00+00:00,121.969,122.065,121.631,121.881,8319.0
2016-07-17 21:00:00+00:00,121.717,121.879,121.591,121.748,4309.0
2016-07-18 21:00:00+00:00,121.775,121.961,121.756,121.818,4639.0
2016-07-19 21:00:00+00:00,121.838,121.873,121.596,121.672,4503.0
2016-07-20 21:00:00+00:00,121.672,121.92,121.522,121.897,7733.0
2016-07-21 21:00:00+00:00,121.893,122.021,121.667,121.775,4455.0
2016-07-24 21:00:00+00:00,121.763,121.78,121.593,121.638,4684.0
2016-07-25 21:00:00+00:00,121.642,121.793,121.541,121.689,6173.0
2016-07-26 21:00:00+00:00,121.712,121.99,121.523,121.99,7418.0
2016-07-27 21:00:00+00:00,121.974,122.034,121.823,122.002,5855.0
2016-07-28 21:00:00+00:00,122.023,122.327,121.695,122.311,10558.0
2016-07-31 21:00:00+00:00,122.303,122.31,122.048,122.056,5047.0
2016-08-01 21:00:00+00:00,122.056,122.155,121.873,122.005,7470.0
2016-08-02 21:00:00+00:00,122.013,122.134,121.924,122.087,6280.0
2016-08-03 21:00:00+00:00,122.107,122.374,122.046,122.287,7227.0
2016-08-04 21:00:00+00:00,122.318,122.331,121.719,121.719,7239.0
2016-08-07 21:00:00+00:00,121.691,121.764,121.575,121.674,3735.0
2016-08-08 21:00:00+00:00,121.684,121.884,121.65,121.836,3417.0
2016-08-09 21:00:00+00:00,121.836,122.083,121.836,122.036,4192.0
2016-08-10 21:00:00+00:00,122.032,122.074,121.609,121.654,4687.0
2016-08-11 21:00:00+00:00,121.613,122.131,121.593,121.895,5235.0
2016-08-14 21:00:00+00:00,121.879,121.971,121.695,121.71,3353.0
2016-08-15 21:00:00+00:00,121.726,121.999,121.504,121.566,5241.0
2016-08-16 21:00:00+00:00,121.566,121.807,121.46,121.691,6387.0
2016-08-17 21:00:00+00:00,121.683,121.863,121.63,121.824,4543.0
2016-08-18 21:00:00+00:00,121.835,121.835,121.476,121.546,3566.0
2016-08-21 21:00:00+00:00,121.499,121.707,121.357,121.682,4095.0
2016-08-22 21:00:00+00:00,121.671,121.742,121.547,121.653,4459.0
2016-08-23 21:00:00+00:00,121.663,121.707,121.574,121.612,3910.0
2016-08-24 21:00:00+00:00,121.604,121.657,121.459,121.465,4215.0
2016-08-25 21:00:00+00:00,121.475,121.683,121.057,121.115,9335.0
2016-08-28 21:00:00+00:00,121.072,121.397,121.04,121.389,4008.0
2016-08-29 21:00:00+00:00,121.389,121.417,121.199,121.369,4148.0
2016-08-30 21:00:00+00:00,121.377,121.468,121.253,121.273,3913.0
2016-08-31 21:00:00+00:00,121.283,121.432,121.104,121.361,7477.0
2016-09-01 21:00:00+00:00,121.356,121.68,121.186,121.316,9721.0
2016-09-04 21:00:00+00:00,121.32,121.334,121.229,121.248,1357.0
2016-09-05 21:00:00+00:00,121.269,121.725,121.259,121.703,5919.0
2016-09-06 21:00:00+00:00,121.714,121.768,121.63,121.662,3596.0
2016-09-07 21:00:00+00:00,121.668,121.726,121.294,121.372,8438.0
2016-09-08 21:00:00+00:00,121.366,121.41,121.123,121.171,6105.0
2016-09-11 21:00:00+00:00,121.14,121.351,121.066,121.315,6433.0
2016-09-12 21:00:00+00:00,121.315,121.472,120.931,121.06,7144.0
2016-09-13 21:00:00+00:00,121.064,121.37,121.048,121.282,5378.0
2016-09-14 21:00:00+00:00,121.282,121.641,121.203,121.438,7869.0
2016-09-15 21:00:00+00:00,121.438,121.57,121.261,121.311,5616.0
2016-09-18 21:00:00+00:00,121.333,121.403,121.195,121.199,3298.0
2016-09-19 21:00:00+00:00,121.222,121.402,121.191,121.302,3687.0
2016-09-20 21:00:00+00:00,121.315,121.416,120.986,121.361,11087.0
2016-09-21 21:00:00+00:00,121.361,121.556,121.314,121.446,3445.0
2016-09-22 21:00:00+00:00,121.454,121.563,121.414,121.523,2841.0
2016-09-25 21:00:00+00:00,121.562,121.788,121.529,121.747,3047.0
2016-09-26 21:00:00+00:00,121.747,121.903,121.606,121.777,4823.0
2016-09-27 21:00:00+00:00,121.793,121.872,121.699,121.722,4140.0
2016-09-28 21:00:00+00:00,121.726,121.873,121.604,121.807,6473.0
2016-09-29 21:00:00+00:00,121.799,121.931,121.571,121.634,6143.0
2016-10-02 21:00:00+00:00,121.634,121.639,121.404,121.451,3309.0
2016-10-03 21:00:00+00:00,121.435,121.466,121.184,121.208,5777.0
2016-10-04 21:00:00+00:00,121.208,121.278,120.98,121.099,4426.0
2016-10-05 21:00:00+00:00,121.076,121.143,120.877,120.903,4596.0
2016-10-06 21:00:00+00:00,120.903,121.049,120.771,121.001,8927.0
2016-10-09 21:00:00+00:00,120.98,120.999,120.701,120.766,1374.0
2016-10-10 21:00:00+00:00,120.768,120.888,120.724,120.81,3315.0
2016-10-11 21:00:00+00:00,120.802,120.833,120.637,120.824,4999.0
2016-10-12 21:00:00+00:00,120.824,121.035,120.824,120.964,4661.0
2016-10-13 21:00:00+00:00,120.956,121.088,120.823,120.885,6219.0
2016-10-16 21:00:00+00:00,120.885,121.097,120.836,121.046,4233.0
2016-10-17 21:00:00+00:00,121.046,121.194,120.975,121.186,4211.0
2016-10-18 21:00:00+00:00,121.186,121.24,121.044,121.175,3951.0
2016-10-19 21:00:00+00:00,121.175,121.223,121.043,121.051,5112.0
2016-10-20 21:00:00+00:00,121.043,121.144,121.003,121.126,3011.0
2016-10-23 21:00:00+00:00,121.134,121.196,120.969,120.992,3037.0
2016-10-24 21:00:00+00:00,120.992,121.093,120.89,121.011,3486.0
2016-10-25 21:00:00+00:00,121.022,121.065,120.858,120.887,4567.0
2016-10-26 21:00:00+00:00,120.887,120.888,120.606,120.653,5911.0
2016-10-27 21:00:00+00:00,120.653,120.856,120.551,120.801,5901.0
2016-10-30 21:00:00+00:00,120.826,120.907,120.767,120.891,3505.0
2016-10-31 21:00:00+00:00,120.884,121.031,120.656,120.945,4525.0
2016-11-01 21:00:00+00:00,120.945,121.241,120.937,121.101,6504.0
2016-11-02 21:00:00+00:00,121.101,121.327,121.014,121.115,5921.0
2016-11-03 21:00:00+00:00,121.115,121.318,121.044,121.286,5244.0
2016-11-06 22:00:00+00:00,121.022,121.057,120.893,120.986,3123.0
2016-11-07 22:00:00+00:00,120.994,121.033,120.68,120.798,3523.0
2016-11-08 22:00:00+00:00,120.774,121.72,119.953,120.093,56304.0
2016-11-09 22:00:00+00:00,120.093,120.374,119.67,119.68,16600.0
2016-11-10 22:00:00+00:00,119.69,119.837,119.509,119.603,5988.0
2016-11-13 22:00:00+00:00,119.573,119.573,118.869,119.062,19017.0
2016-11-14 22:00:00+00:00,119.08,119.385,118.978,119.134,12994.0
2016-11-15 22:00:00+00:00,119.138,119.188,118.781,119.062,10537.0
2016-11-16 22:00:00+00:00,119.055,119.242,118.733,118.749,9471.0
2016-11-17 22:00:00+00:00,118.741,118.944,118.506,118.529,11984.0
2016-11-20 22:00:00+00:00,118.523,118.761,118.464,118.698,8979.0
2016-11-21 22:00:00+00:00,118.729,118.822,118.534,118.689,8318.0
2016-11-22 22:00:00+00:00,118.681,118.759,118.157,118.38,10441.0
2016-11-23 22:00:00+00:00,118.376,118.391,118.219,118.219,2360.0
2016-11-24 22:00:00+00:00,118.234,118.397,118.015,118.382,9486.0
2016-11-27 22:00:00+00:00,118.43,118.623,118.387,118.615,5484.0
2016-11-28 22:00:00+00:00,118.591,118.658,118.384,118.646,4820.0
2016-11-29 22:00:00+00:00,118.638,118.65,118.192,118.293,9608.0
2016-11-30 22:00:00+00:00,118.293,118.315,117.873,118.029,10429.0
2016-12-01 22:00:00+00:00,118.045,118.482,118.045,118.433,9198.0
2016-12-04 22:00:00+00:00,118.597,118.707,118.092,118.295,10271.0
2016-12-05 22:00:00+00:00,118.303,118.41,118.271,118.362,6294.0
2016-12-06 22:00:00+00:00,118.362,118.593,118.314,118.585,5094.0
2016-12-07 22:00:00+00:00,118.589,118.589,118.245,118.353,13419.0
2016-12-08 22:00:00+00:00,118.353,118.483,118.106,118.129,8653.0
2016-12-11 22:00:00+00:00,118.085,118.26,117.915,118.172,7201.0
2016-12-12 22:00:00+00:00,118.195,118.302,118.011,118.042,7564.0
2016-12-13 22:00:00+00:00,118.042,118.254,117.344,117.353,14393.0
2016-12-14 22:00:00+00:00,117.353,117.41,116.992,117.116,14688.0
2016-12-15 22:00:00+00:00,117.092,117.403,117.081,117.208,11128.0
2016-12-18 22:00:00+00:00,117.205,117.524,117.205,117.468,8322.0
2016-12-19 22:00:00+00:00,117.46,117.507,117.222,117.401,6720.0
2016-12-20 22:00:00+00:00,117.416,117.516,117.314,117.499,5295.0
2016-12-21 22:00:00+00:00,117.485,117.525,117.3,117.424,4282.0
2016-12-22 22:00:00+00:00,117.42,117.532,117.366,117.502,1810.0
2016-12-26 22:00:00+00:00,117.464,117.47,117.333,117.364,2231.0
2016-12-27 22:00:00+00:00,117.346,117.658,117.314,117.65,3614.0
2016-12-28 22:00:00+00:00,117.649,117.952,117.641,117.89,4798.0
2016-12-29 22:00:00+00:00,117.89,118.065,117.808,117.955,4700.0
2017-01-02 22:00:00+00:00,117.926,118.011,117.618,117.93,7715.0
2017-01-03 22:00:00+00:00,117.934,118.004,117.764,117.949,6376.0
2017-01-04 22:00:00+00:00,117.953,118.456,117.908,118.384,8553.0
2017-01-05 22:00:00+00:00,118.392,118.574,117.949,117.972,8909.0
2017-01-08 22:00:00+00:00,117.964,118.227,117.884,118.211,5135.0
2017-01-09 22:00:00+00:00,118.205,118.278,118.098,118.198,4406.0
2017-01-10 22:00:00+00:00,118.208,118.453,118.062,118.136,8741.0
2017-01-11 22:00:00+00:00,118.163,118.506,118.147,118.245,7358.0
2017-01-12 22:00:00+00:00,118.229,118.512,117.897,118.092,8079.0
2017-01-15 22:00:00+00:00,118.107,118.309,118.107,118.182,1977.0
2017-01-16 22:00:00+00:00,118.189,118.562,118.173,118.473,9188.0
2017-01-17 22:00:00+00:00,118.472,118.482,117.883,117.887,7127.0
2017-01-18 22:00:00+00:00,117.871,117.968,117.668,117.793,8638.0
2017-01-19 22:00:00+00:00,117.808,118.024,117.642,117.968,9233.0
2017-01-22 22:00:00+00:00,117.952,118.419,117.942,118.324,8676.0
2017-01-23 22:00:00+00:00,118.332,118.362,117.952,117.967,6261.0
2017-01-24 22:00:00+00:00,118.002,118.053,117.705,117.805,7507.0
2017-01-25 22:00:00+00:00,117.808,117.912,117.639,117.881,6961.0
2017-01-26 22:00:00+00:00,117.863,117.995,117.761,117.97,5947.0
2017-01-29 22:00:00+00:00,117.983,118.092,117.905,117.934,6303.0
2017-01-30 22:00:00+00:00,117.958,118.221,117.928,118.079,7036.0
2017-01-31 22:00:00+00:00,118.094,118.102,117.731,118.01,7679.0
2017-02-01 22:00:00+00:00,118.004,118.228,117.965,118.031,6731.0
2017-02-02 22:00:00+00:00,118.039,118.334,117.833,118.098,9286.0
2017-02-05 22:00:00+00:00,118.073,118.43,118.058,118.406,5299.0
2017-02-06 22:00:00+00:00,118.398,118.551,118.262,118.386,5818.0
2017-02-07 22:00:00+00:00,118.386,118.657,118.353,118.609,6498.0
2017-02-08 22:00:00+00:00,118.616,118.624,118.253,118.299,6322.0
2017-02-09 22:00:00+00:00,118.299,118.299,118.132,118.201,4987.0
2017-02-12 22:00:00+00:00,118.15,118.153,117.986,118.056,3638.0
2017-02-13 22:00:00+00:00,118.048,118.093,117.681,117.801,5111.0
2017-02-14 22:00:00+00:00,117.801,117.831,117.524,117.668,5475.0
2017-02-15 22:00:00+00:00,117.66,117.989,117.632,117.949,4566.0
2017-02-16 22:00:00+00:00,117.91,118.204,117.878,118.125,3377.0
2017-02-19 22:00:00+00:00,118.073,118.108,118.013,118.082,1071.0
2017-02-20 22:00:00+00:00,118.102,118.119,117.883,118.047,4254.0
2017-02-21 22:00:00+00:00,118.035,118.209,117.863,118.106,6483.0
2017-02-22 22:00:00+00:00,118.105,118.366,118.065,118.361,4302.0
2017-02-23 22:00:00+00:00,118.352,118.663,118.321,118.635,2713.0
2017-02-26 22:00:00+00:00,118.654,118.654,118.274,118.305,2753.0
2017-02-27 22:00:00+00:00,118.328,118.396,117.838,117.94,7279.0
2017-02-28 22:00:00+00:00,117.94,117.945,117.568,117.638,8151.0
2017-03-01 22:00:00+00:00,117.645,117.683,117.336,117.492,5732.0
2017-03-02 22:00:00+00:00,117.486,117.551,117.293,117.543,7437.0
2017-03-05 22:00:00+00:00,117.464,117.659,117.449,117.484,3906.0
2017-03-06 22:00:00+00:00,117.484,117.554,117.346,117.346,3717.0
2017-03-07 22:00:00+00:00,117.354,117.408,117.03,117.154,6240.0
2017-03-08 22:00:00+00:00,117.15,117.214,116.977,116.977,6086.0
2017-03-09 22:00:00+00:00,116.977,117.228,116.945,117.169,8564.0
2017-03-12 21:00:00+00:00,117.169,117.261,116.969,116.977,2604.0
2017-03-13 21:00:00+00:00,116.961,117.131,116.944,117.02,3243.0
2017-03-14 21:00:00+00:00,117.028,117.653,117.018,117.635,8522.0
2017-03-15 21:00:00+00:00,117.651,117.69,117.404,117.412,4133.0
2017-03-16 21:00:00+00:00,117.38,117.657,117.372,117.569,3097.0
2017-03-19 21:00:00+00:00,117.548,117.748,117.522,117.74,2774.0
2017-03-20 21:00:00+00:00,117.74,117.979,117.569,117.956,5201.0
2017-03-21 21:00:00+00:00,117.956,118.141,117.907,117.999,5387.0
2017-03-22 21:00:00+00:00,117.999,118.114,117.846,117.948,6305.0
2017-03-23 21:00:00+00:00,117.924,118.109,117.844,117.975,5203.0
2017-03-26 21:00:00+00:00,118.0,118.286,118.0,118.119,4151.0
2017-03-27 21:00:00+00:00,118.119,118.211,117.864,117.876,4088.0
2017-03-28 21:00:00+00:00,117.872,118.12,117.84,118.095,3920.0
2017-03-29 21:00:00+00:00,118.087,118.116,117.872,117.911,4065.0
2017-03-30 21:00:00+00:00,117.922,118.123,117.878,118.119,5375.0
2017-04-02 21:00:00+00:00,118.102,118.459,118.038,118.451,4518.0
2017-04-03 21:00:00+00:00,118.443,118.511,118.259,118.259,5711.0
2017-04-04 21:00:00+00:00,118.282,118.545,118.191,118.451,6408.0
2017-04-05 21:00:00+00:00,118.46,118.52,118.306,118.407,4389.0
2017-04-06 21:00:00+00:00,118.407,118.81,118.098,118.105,10103.0
2017-04-09 21:00:00+00:00,118.105,118.313,118.034,118.219,3393.0
2017-04-10 21:00:00+00:00,118.219,118.646,118.219,118.589,4929.0
2017-04-11 21:00:00+00:00,118.589,118.908,118.499,118.892,6211.0
2017-04-12 21:00:00+00:00,118.892,119.023,118.748,118.903,6168.0
2017-04-16 21:00:00+00:00,119.085,119.165,118.817,118.859,4604.0
2017-04-17 21:00:00+00:00,118.863,119.259,118.816,119.22,6031.0
2017-04-18 21:00:00+00:00,119.243,119.251,118.982,119.043,4534.0
2017-04-19 21:00:00+00:00,119.066,119.125,118.836,118.929,6568.0
2017-04-20 21:00:00+00:00,118.937,119.083,118.873,118.917,4579.0
2017-04-23 21:00:00+00:00,118.545,118.795,118.357,118.733,7362.0
2017-04-24 21:00:00+00:00,118.756,118.779,118.439,118.47,5241.0
2017-04-25 21:00:00+00:00,118.493,118.623,118.389,118.599,7809.0
2017-04-26 21:00:00+00:00,118.599,118.721,118.519,118.642,5131.0
2017-04-27 21:00:00+00:00,118.667,118.711,118.424,118.657,6218.0
2017-04-30 21:00:00+00:00,118.653,118.708,118.438,118.534,4580.0
2017-05-01 21:00:00+00:00,118.555,118.723,118.436,118.7,4047.0
2017-05-02 21:00:00+00:00,118.7,118.705,118.437,118.469,5997.0
2017-05-03 21:00:00+00:00,118.48,118.484,118.239,118.308,4370.0
2017-05-04 21:00:00+00:00,118.3,118.432,118.125,118.343,6719.0
2017-05-07 21:00:00+00:00,118.225,118.426,118.159,118.197,4375.0
2017-05-08 21:00:00+00:00,118.197,118.244,118.045,118.131,3703.0
2017-05-09 21:00:00+00:00,118.123,118.293,118.049,118.056,4734.0
2017-05-10 21:00:00+00:00,118.064,118.193,117.995,118.177,4912.0
2017-05-11 21:00:00+00:00,118.177,118.558,118.169,118.523,5866.0
2017-05-14 21:00:00+00:00,118.517,118.579,118.42,118.443,4054.0
2017-05-15 21:00:00+00:00,118.474,118.612,118.377,118.501,4939.0
2017-05-16 21:00:00+00:00,118.516,119.022,118.501,118.962,8723.0
2017-05-17 21:00:00+00:00,118.995,119.175,118.816,118.876,10601.0
2017-05-18 21:00:00+00:00,118.868,118.899,118.74,118.849,4615.0
2017-05-21 21:00:00+00:00,118.832,118.853,118.721,118.766,3559.0
2017-05-22 21:00:00+00:00,118.758,118.897,118.582,118.621,4975.0
2017-05-23 21:00:00+00:00,118.613,118.86,118.555,118.829,3588.0
2017-05-24 21:00:00+00:00,118.832,118.858,118.745,118.745,1971.0
2017-05-25 21:00:00+00:00,118.752,118.899,118.752,118.787,1184.0
2017-05-28 21:00:00+00:00,118.76,118.828,118.688,118.826,272.0
2017-05-29 21:00:00+00:00,118.81,118.931,118.743,118.922,2378.0
2017-05-30 21:00:00+00:00,118.91,118.973,118.802,118.933,2962.0
2017-05-31 21:00:00+00:00,118.924,118.924,118.756,118.896,3976.0
2017-06-01 21:00:00+00:00,118.896,119.214,118.839,119.087,4567.0
2017-06-04 21:00:00+00:00,119.107,119.123,118.955,118.976,3132.0
2017-06-05 21:00:00+00:00,119.0,119.24,118.976,119.128,3890.0
2017-06-06 21:00:00+00:00,119.136,119.153,118.958,118.997,3681.0
2017-06-07 21:00:00+00:00,118.989,118.997,118.797,118.937,5848.0
2017-06-08 21:00:00+00:00,119.007,119.069,118.737,118.861,3932.0
2017-06-11 21:00:00+00:00,118.842,118.916,118.736,118.782,3076.0
2017-06-12 21:00:00+00:00,118.782,118.825,118.715,118.776,2067.0
2017-06-13 21:00:00+00:00,118.784,119.345,118.768,119.085,8016.0
2017-06-14 21:00:00+00:00,119.085,119.14,118.822,118.848,3516.0
2017-06-15 21:00:00+00:00,118.848,118.997,118.747,118.964,2083.0
2017-06-18 21:00:00+00:00,118.973,119.021,118.69,118.721,2182.0
2017-06-19 21:00:00+00:00,118.721,118.873,118.662,118.841,2209.0
2017-06-20 21:00:00+00:00,118.825,118.893,118.735,118.806,2006.0
2017-06-21 21:00:00+00:00,118.806,118.95,118.8,118.862,1862.0
2017-06-22 21:00:00+00:00,118.867,118.905,118.814,118.896,1526.0
2017-06-25 21:00:00+00:00,118.865,118.952,118.774,118.887,1556.0
2017-06-26 21:00:00+00:00,118.887,118.924,118.569,118.607,2563.0
2017-06-27 21:00:00+00:00,118.623,118.706,118.463,118.649,4819.0
2017-06-28 21:00:00+00:00,118.649,118.68,118.34,118.494,5234.0
2017-06-29 21:00:00+00:00,118.502,118.573,118.278,118.301,4803.0
2017-07-02 21:00:00+00:00,118.301,118.357,118.015,118.065,3266.0
2017-07-03 21:00:00+00:00,118.081,118.275,118.014,118.022,1077.0
2017-07-04 21:00:00+00:00,118.036,118.165,117.986,118.133,3661.0
2017-07-05 21:00:00+00:00,118.133,118.175,117.871,118.026,3789.0
2017-07-06 21:00:00+00:00,118.026,118.116,117.916,117.989,4316.0
2017-07-09 21:00:00+00:00,117.97,118.108,117.953,118.028,1622.0
2017-07-10 21:00:00+00:00,118.02,118.137,117.939,118.109,2052.0
2017-07-11 21:00:00+00:00,118.109,118.466,118.093,118.311,4230.0
2017-07-12 21:00:00+00:00,118.311,118.369,118.154,118.231,2506.0
2017-07-13 21:00:00+00:00,118.239,118.596,118.191,118.348,4004.0
2017-07-16 21:00:00+00:00,118.348,118.452,118.323,118.375,1549.0
2017-07-17 21:00:00+00:00,118.375,118.59,118.357,118.557,2777.0
2017-07-18 21:00:00+00:00,118.541,118.569,118.452,118.501,1821.0
2017-07-19 21:00:00+00:00,118.505,118.634,118.471,118.543,2884.0
2017-07-20 21:00:00+00:00,118.523,118.668,118.491,118.62,1575.0
2017-07-23 21:00:00+00:00,118.609,118.655,118.471,118.51,1300.0
2017-07-24 21:00:00+00:00,118.51,118.539,118.175,118.183,2340.0
2017-07-25 21:00:00+00:00,118.183,118.57,118.182,118.491,3690.0
2017-07-26 21:00:00+00:00,118.507,118.537,118.338,118.392,5226.0
2017-07-27 21:00:00+00:00,118.417,118.521,118.279,118.473,4300.0
2017-07-30 21:00:00+00:00,118.489,118.524,118.419,118.441,2118.0
2017-07-31 21:00:00+00:00,118.441,118.616,118.351,118.592,2964.0
2017-08-01 21:00:00+00:00,118.592,118.604,118.448,118.469,3433.0
2017-08-02 21:00:00+00:00,118.477,118.707,118.477,118.66,3015.0
2017-08-03 21:00:00+00:00,118.66,118.675,118.413,118.521,3874.0
2017-08-06 21:00:00+00:00,118.502,118.561,118.398,118.537,2342.0
2017-08-07 21:00:00+00:00,118.537,118.549,118.391,118.515,2561.0
2017-08-08 21:00:00+00:00,118.523,118.763,118.523,118.573,4430.0
2017-08-09 21:00:00+00:00,118.588,118.757,118.54,118.732,4029.0
2017-08-10 21:00:00+00:00,118.732,118.946,118.689,118.883,4512.0
2017-08-13 21:00:00+00:00,118.864,118.88,118.688,118.742,2733.0
2017-08-14 21:00:00+00:00,118.742,118.742,118.441,118.47,2997.0
2017-08-15 21:00:00+00:00,118.478,118.722,118.42,118.668,3259.0
2017-08-16 21:00:00+00:00,118.668,118.827,118.556,118.81,4198.0
2017-08-17 21:00:00+00:00,118.81,118.933,118.666,118.767,4277.0
2017-08-20 21:00:00+00:00,118.737,118.847,118.685,118.814,3327.0
2017-08-21 21:00:00+00:00,118.814,118.819,118.629,118.652,2623.0
2017-08-22 21:00:00+00:00,118.644,118.835,118.617,118.826,2778.0
2017-08-23 21:00:00+00:00,118.826,118.826,118.672,118.672,3215.0
2017-08-24 21:00:00+00:00,118.672,118.785,118.606,118.749,3870.0
2017-08-27 21:00:00+00:00,118.749,118.847,118.695,118.831,1870.0
2017-08-28 21:00:00+00:00,118.854,119.165,118.854,118.953,6847.0
2017-08-29 21:00:00+00:00,118.953,118.965,118.792,118.877,1974.0
2017-08-30 21:00:00+00:00,118.885,118.945,118.782,118.936,3370.0
2017-08-31 21:00:00+00:00,118.928,119.091,118.711,118.759,4098.0
2017-09-03 21:00:00+00:00,118.926,118.948,118.863,118.892,1212.0
2017-09-04 21:00:00+00:00,118.9,119.245,118.828,119.219,4133.0
2017-09-05 21:00:00+00:00,119.232,119.287,119.01,119.017,3439.0
2017-09-06 21:00:00+00:00,119.025,119.36,119.017,119.312,3867.0
2017-09-07 21:00:00+00:00,119.304,119.444,119.16,119.254,3919.0
2017-09-10 21:00:00+00:00,119.088,119.12,118.851,118.875,2406.0
2017-09-11 21:00:00+00:00,118.89,118.921,118.652,118.722,2737.0
2017-09-12 21:00:00+00:00,118.722,118.784,118.556,118.601,2169.0
2017-09-13 21:00:00+00:00,118.609,118.638,118.379,118.535,3730.0
2017-09-14 21:00:00+00:00,118.551,118.598,118.368,118.391,2802.0
2017-09-17 21:00:00+00:00,118.372,118.376,118.263,118.278,1404.0
2017-09-18 21:00:00+00:00,118.286,118.378,118.228,118.236,1700.0
2017-09-19 21:00:00+00:00,118.236,118.367,117.937,118.021,3470.0
2017-09-20 21:00:00+00:00,118.013,118.104,117.931,117.954,2098.0
2017-09-21 21:00:00+00:00,117.946,118.14,117.946,118.076,1915.0
2017-09-24 21:00:00+00:00,118.046,118.255,117.999,118.191,2013.0
2017-09-25 21:00:00+00:00,118.183,118.229,118.04,118.094,1763.0
2017-09-26 21:00:00+00:00,118.109,118.117,117.794,117.887,2899.0
2017-09-27 21:00:00+00:00,117.879,117.993,117.705,117.985,3261.0
2017-09-28 21:00:00+00:00,117.977,118.02,117.739,117.749,2607.0
2017-10-01 21:00:00+00:00,117.749,117.831,117.589,117.744,2600.0
2017-10-02 21:00:00+00:00,117.736,117.851,117.666,117.827,1664.0
2017-10-03 21:00:00+00:00,117.827,117.954,117.723,117.831,1823.0
2017-10-04 21:00:00+00:00,117.831,117.853,117.648,117.702,1666.0
2017-10-05 21:00:00+00:00,117.694,117.718,117.414,117.636,3254.0
2017-10-06 21:00:00+00:00,117.636,117.636,117.636,117.636,1.0
2017-10-08 21:00:00+00:00,117.59,117.642,117.571,117.618,443.0
2017-10-09 21:00:00+00:00,117.626,117.77,117.563,117.607,1541.0
2017-10-10 21:00:00+00:00,117.607,117.714,117.575,117.592,1672.0
2017-10-11 21:00:00+00:00,117.588,117.735,117.572,117.692,1448.0
2017-10-12 21:00:00+00:00,117.692,117.911,117.606,117.878,1982.0
2017-10-15 21:00:00+00:00,117.832,117.832,117.581,117.621,1675.0
2017-10-16 21:00:00+00:00,117.621,117.666,117.498,117.583,1258.0
2017-10-17 21:00:00+00:00,117.583,117.59,117.411,117.423,1239.0
2017-10-18 21:00:00+00:00,117.423,117.671,117.423,117.615,2146.0
2017-10-19 21:00:00+00:00,117.623,117.65,117.306,117.336,2389.0
2017-10-20 21:00:00+00:00,117.336,117.336,117.336,117.336,1.0
2017-10-22 21:00:00+00:00,117.321,117.446,117.282,117.433,1454.0
2017-10-23 21:00:00+00:00,117.433,117.448,117.214,117.246,1750.0
2017-10-24 21:00:00+00:00,117.246,117.292,117.055,117.219,2739.0
2017-10-25 21:00:00+00:00,117.234,117.343,117.067,117.074,3366.0
2017-10-26 21:00:00+00:00,117.074,117.314,117.01,117.314,3263.0
2017-10-29 21:00:00+00:00,117.299,117.484,117.298,117.46,2007.0
2017-10-30 21:00:00+00:00,117.452,117.506,117.351,117.351,2353.0
2017-10-31 21:00:00+00:00,117.351,117.453,117.257,117.343,2472.0
2017-11-01 21:00:00+00:00,117.374,117.513,117.326,117.416,2788.0
2017-11-02 21:00:00+00:00,117.416,117.565,117.314,117.442,2502.0
2017-11-05 22:00:00+00:00,117.423,117.508,117.36,117.459,1465.0
2017-11-06 22:00:00+00:00,117.467,117.495,117.363,117.424,1778.0
2017-11-07 22:00:00+00:00,117.432,117.471,117.311,117.319,1352.0
2017-11-08 22:00:00+00:00,117.319,117.434,117.254,117.335,1989.0
2017-11-09 22:00:00+00:00,117.347,117.37,117.156,117.164,2372.0
2017-11-12 22:00:00+00:00,117.149,117.237,117.02,117.038,1667.0
2017-11-13 22:00:00+00:00,117.038,117.135,116.955,117.117,1712.0
2017-11-14 22:00:00+00:00,117.118,117.316,117.11,117.209,2455.0
2017-11-15 22:00:00+00:00,117.217,117.217,117.027,117.049,1867.0
2017-11-16 22:00:00+00:00,117.065,117.172,117.047,117.093,1527.0
2017-11-19 22:00:00+00:00,117.101,117.187,116.902,116.91,1639.0
2017-11-20 22:00:00+00:00,116.91,116.941,116.774,116.829,1761.0
2017-11-21 22:00:00+00:00,116.829,117.119,116.803,117.115,1629.0
2017-11-22 22:00:00+00:00,117.107,117.107,117.064,117.079,315.0
2017-11-23 22:00:00+00:00,117.08,117.086,116.975,117.02,1292.0
2017-11-26 22:00:00+00:00,117.02,117.123,116.936,117.1,1265.0
2017-11-27 22:00:00+00:00,117.1,117.192,117.027,117.081,1566.0
2017-11-28 22:00:00+00:00,117.081,117.097,116.798,116.86,1940.0
2017-11-29 22:00:00+00:00,116.852,116.883,116.591,116.677,2186.0
2017-11-30 22:00:00+00:00,116.677,117.02,116.51,116.764,8838.0
2017-12-03 22:00:00+00:00,116.552,116.66,116.505,116.61,2714.0
2017-12-04 22:00:00+00:00,116.61,116.642,116.461,116.594,2551.0
2017-12-05 22:00:00+00:00,116.594,116.819,116.562,116.685,2160.0
2017-12-06 22:00:00+00:00,116.701,116.781,116.632,116.667,1990.0
2017-12-07 22:00:00+00:00,116.659,116.782,116.563,116.68,2942.0
2017-12-10 22:00:00+00:00,116.651,116.781,116.57,116.578,1275.0
2017-12-11 22:00:00+00:00,116.586,116.624,116.451,116.517,1627.0
2017-12-12 22:00:00+00:00,116.517,116.855,116.378,116.855,3287.0
2017-12-13 22:00:00+00:00,116.855,116.863,116.567,116.67,2414.0
2017-12-14 22:00:00+00:00,116.67,116.696,116.486,116.599,1384.0
2017-12-17 22:00:00+00:00,116.563,116.62,116.475,116.553,1146.0
2017-12-18 22:00:00+00:00,116.537,116.544,116.261,116.299,1917.0
2017-12-19 22:00:00+00:00,116.323,116.376,116.18,116.219,1866.0
2017-12-20 22:00:00+00:00,116.211,116.296,116.138,116.177,1222.0
2017-12-21 22:00:00+00:00,116.161,116.2,116.12,116.159,498.0
2017-12-25 22:00:00+00:00,116.135,116.204,116.087,116.176,787.0
2017-12-26 22:00:00+00:00,116.176,116.397,116.148,116.381,1136.0
2017-12-27 22:00:00+00:00,116.357,116.373,116.261,116.29,912.0
2017-12-28 22:00:00+00:00,116.29,116.431,116.276,116.378,820.0
2018-01-01 22:00:00+00:00,116.378,116.378,116.123,116.201,872.0
2018-01-02 22:00:00+00:00,116.209,116.301,116.16,116.204,999.0
2018-01-03 22:00:00+00:00,116.191,116.191,115.974,116.075,1118.0
2018-01-04 22:00:00+00:00,116.086,116.222,115.99,115.99,1483.0
2018-01-07 22:00:00+00:00,115.99,116.062,115.949,115.99,560.0
2018-01-08 22:00:00+00:00,115.998,116.028,115.792,115.792,916.0
2018-01-09 22:00:00+00:00,115.8,115.86,115.681,115.811,2053.0
2018-01-10 22:00:00+00:00,115.811,115.891,115.761,115.834,1824.0
2018-01-11 22:00:00+00:00,115.795,115.826,115.558,115.726,2141.0
2018-01-14 22:00:00+00:00,115.717,115.762,115.691,115.699,212.0
2018-01-15 22:00:00+00:00,115.691,115.815,115.622,115.7,1228.0
2018-01-16 22:00:00+00:00,115.688,115.725,115.443,115.443,1322.0
2018-01-17 22:00:00+00:00,115.435,115.475,115.371,115.394,1691.0
2018-01-18 22:00:00+00:00,115.409,115.455,115.242,115.254,2322.0
2018-01-21 22:00:00+00:00,115.284,115.337,115.175,115.243,1603.0
2018-01-22 22:00:00+00:00,115.243,115.428,115.219,115.422,1461.0
2018-01-23 22:00:00+00:00,115.422,115.459,115.269,115.316,2299.0
2018-01-24 22:00:00+00:00,115.308,115.401,115.134,115.352,2361.0
2018-01-25 22:00:00+00:00,115.36,115.36,115.061,115.115,2269.0
2018-01-28 22:00:00+00:00,115.102,115.141,114.835,115.041,4059.0
2018-01-29 22:00:00+00:00,115.041,115.114,114.875,114.968,3854.0
2018-01-30 22:00:00+00:00,114.98,115.088,114.739,114.88,6018.0
2018-01-31 22:00:00+00:00,114.88,114.88,114.631,114.635,4711.0
2018-02-01 22:00:00+00:00,114.635,114.715,114.433,114.583,5572.0
2018-02-04 22:00:00+00:00,114.583,115.366,114.513,115.313,17283.0
2018-02-05 22:00:00+00:00,115.293,115.794,114.79,114.812,47396.0
2018-02-06 22:00:00+00:00,114.812,115.024,114.614,114.731,11506.0
2018-02-07 22:00:00+00:00,114.749,114.883,114.497,114.836,15572.0
2018-02-08 22:00:00+00:00,114.793,115.237,114.671,114.812,17134.0
2018-02-11 22:00:00+00:00,114.785,114.799,114.597,114.717,7764.0
2018-02-12 22:00:00+00:00,114.717,114.86,114.703,114.779,5428.0
2018-02-13 22:00:00+00:00,114.761,114.882,114.266,114.33,10170.0
2018-02-14 22:00:00+00:00,114.34,114.408,114.089,114.279,7808.0
2018-02-15 22:00:00+00:00,114.279,114.484,114.251,114.394,4993.0
2018-02-18 22:00:00+00:00,114.394,114.42,114.258,114.267,977.0
2018-02-19 22:00:00+00:00,114.267,114.341,114.1,114.323,3698.0
2018-02-20 22:00:00+00:00,114.309,114.378,114.104,114.141,3564.0
2018-02-21 22:00:00+00:00,114.141,114.336,114.113,114.297,4725.0
2018-02-22 22:00:00+00:00,114.297,114.529,114.234,114.441,3390.0
2018-02-25 22:00:00+00:00,114.416,114.614,114.393,114.496,3793.0
2018-02-26 22:00:00+00:00,114.496,114.542,114.144,114.23,4581.0
2018-02-27 22:00:00+00:00,114.243,114.342,114.101,114.342,4473.0
2018-02-28 22:00:00+00:00,114.334,114.745,114.271,114.643,9515.0
2018-03-01 22:00:00+00:00,114.629,114.761,114.392,114.426,6451.0
2018-03-04 22:00:00+00:00,114.412,114.713,114.296,114.35,6033.0
2018-03-05 22:00:00+00:00,114.342,114.458,114.231,114.304,4365.0
2018-03-06 22:00:00+00:00,114.423,114.611,114.307,114.33,7399.0
2018-03-07 22:00:00+00:00,114.32,114.475,114.295,114.415,6413.0
2018-03-08 22:00:00+00:00,114.403,114.425,114.207,114.326,5315.0
2018-03-11 21:00:00+00:00,114.298,114.413,114.237,114.385,3332.0
2018-03-12 21:00:00+00:00,114.385,114.569,114.327,114.472,6385.0
2018-03-13 21:00:00+00:00,114.472,114.605,114.331,114.506,4469.0
2018-03-14 21:00:00+00:00,114.506,114.619,114.408,114.439,4463.0
2018-03-15 21:00:00+00:00,114.439,114.505,114.316,114.351,3750.0
2018-03-18 21:00:00+00:00,114.337,114.448,114.186,114.277,3615.0
2018-03-19 21:00:00+00:00,114.291,114.312,114.078,114.094,3927.0
2018-03-20 21:00:00+00:00,114.094,114.238,113.911,114.208,8031.0
2018-03-21 21:00:00+00:00,114.19,114.572,114.167,114.44,7899.0
2018-03-22 21:00:00+00:00,114.438,114.641,114.377,114.558,9393.0
2018-03-25 21:00:00+00:00,114.53,114.562,114.333,114.365,4671.0
2018-03-26 21:00:00+00:00,114.347,114.744,114.323,114.712,6201.0
2018-03-27 21:00:00+00:00,114.728,114.905,114.553,114.621,10086.0
2018-03-28 21:00:00+00:00,114.607,114.785,114.591,114.7,4834.0
2018-04-01 21:00:00+00:00,114.667,114.925,114.601,114.831,5209.0
2018-04-02 21:00:00+00:00,114.831,114.842,114.55,114.618,5458.0
2018-04-03 21:00:00+00:00,114.628,114.767,114.476,114.489,7470.0
2018-04-04 21:00:00+00:00,114.489,114.503,114.394,114.408,3520.0
2018-04-05 21:00:00+00:00,114.425,114.705,114.404,114.663,8578.0
2018-04-08 21:00:00+00:00,114.643,114.651,114.469,114.587,4943.0
2018-04-09 21:00:00+00:00,114.577,114.616,114.412,114.455,7750.0
2018-04-10 21:00:00+00:00,114.431,114.666,114.42,114.511,5963.0
2018-04-11 21:00:00+00:00,114.511,114.554,114.196,114.216,3639.0
2018-04-12 21:00:00+00:00,114.239,114.33,114.135,114.221,3686.0
2018-04-15 21:00:00+00:00,114.181,114.196,114.046,114.164,3574.0
2018-04-16 21:00:00+00:00,114.145,114.201,114.069,114.151,2629.0
2018-04-17 21:00:00+00:00,114.151,114.167,113.923,113.935,2635.0
2018-04-18 21:00:00+00:00,113.954,113.993,113.768,113.836,5333.0
2018-04-19 21:00:00+00:00,113.818,113.88,113.619,113.625,4408.0
2018-04-22 21:00:00+00:00,113.625,113.627,113.49,113.522,3858.0
2018-04-23 21:00:00+00:00,113.524,113.605,113.424,113.505,4042.0
2018-04-24 21:00:00+00:00,113.505,113.55,113.394,113.473,4780.0
2018-04-25 21:00:00+00:00,113.488,113.649,113.47,113.581,3067.0
2018-04-26 21:00:00+00:00,113.573,113.669,113.528,113.633,3080.0
2018-04-29 21:00:00+00:00,113.619,113.698,113.566,113.637,3040.0
2018-04-30 21:00:00+00:00,113.649,113.664,113.531,113.564,1645.0
2018-05-01 21:00:00+00:00,113.577,113.645,113.482,113.637,2599.0
2018-05-02 21:00:00+00:00,113.641,113.807,113.62,113.712,2939.0
2018-05-03 21:00:00+00:00,113.72,113.896,113.633,113.681,2725.0
2018-05-06 21:00:00+00:00,113.656,113.722,113.611,113.655,1122.0
2018-05-07 21:00:00+00:00,113.637,113.678,113.501,113.54,1956.0
2018-05-08 21:00:00+00:00,113.532,113.547,113.412,113.412,1954.0
2018-05-09 21:00:00+00:00,113.404,113.691,113.396,113.467,3676.0
2018-05-10 21:00:00+00:00,113.455,113.509,113.406,113.431,1695.0
2018-05-13 21:00:00+00:00,113.415,113.48,113.328,113.334,1924.0
2018-05-14 21:00:00+00:00,113.334,113.357,113.01,113.078,4137.0
2018-05-15 21:00:00+00:00,113.096,113.165,112.968,112.987,3179.0
2018-05-16 21:00:00+00:00,112.987,113.083,112.921,113.006,3169.0
2018-05-17 21:00:00+00:00,113.006,113.236,112.968,113.219,2632.0
2018-05-20 21:00:00+00:00,113.119,113.208,113.086,113.171,2456.0
2018-05-21 21:00:00+00:00,113.163,113.217,113.093,113.187,2600.0
2018-05-22 21:00:00+00:00,113.187,113.517,113.172,113.497,4521.0
2018-05-23 21:00:00+00:00,113.517,113.694,113.437,113.555,4754.0
2018-05-24 21:00:00+00:00,113.555,113.855,113.492,113.851,4791.0
2018-05-27 21:00:00+00:00,113.772,114.053,113.675,114.053,1464.0
2018-05-28 21:00:00+00:00,114.05,114.71,113.923,114.591,19549.0
2018-05-29 21:00:00+00:00,114.657,114.788,114.061,114.164,22589.0
2018-05-30 21:00:00+00:00,114.179,114.257,113.989,114.082,16359.0
2018-05-31 21:00:00+00:00,114.137,114.137,113.712,113.798,12030.0
2018-06-03 21:00:00+00:00,113.798,113.831,113.578,113.589,3792.0
2018-06-04 21:00:00+00:00,113.589,113.857,113.585,113.708,4811.0
2018-06-05 21:00:00+00:00,113.72,113.731,113.471,113.511,4398.0
2018-06-06 21:00:00+00:00,113.511,113.946,113.429,113.728,6262.0
2018-06-07 21:00:00+00:00,113.741,113.905,113.6,113.641,5653.0
2018-06-10 21:00:00+00:00,113.668,113.684,113.527,113.584,3210.0
2018-06-11 21:00:00+00:00,113.584,113.628,113.439,113.508,3474.0
2018-06-12 21:00:00+00:00,113.5,113.545,113.21,113.392,4955.0
2018-06-13 21:00:00+00:00,113.392,113.551,113.339,113.481,4217.0
2018-06-14 21:00:00+00:00,113.481,113.681,113.471,113.535,3902.0
2018-06-17 21:00:00+00:00,113.547,113.634,113.523,113.548,2013.0
2018-06-18 21:00:00+00:00,113.585,113.903,113.57,113.661,3833.0
2018-06-19 21:00:00+00:00,113.653,113.751,113.486,113.494,3189.0
2018-06-20 21:00:00+00:00,113.478,113.734,113.438,113.685,4412.0
2018-06-21 21:00:00+00:00,113.694,113.724,113.568,113.69,1568.0
2018-06-24 21:00:00+00:00,113.686,113.839,113.678,113.748,3965.0
2018-06-25 21:00:00+00:00,113.748,113.846,113.674,113.784,3052.0
2018-06-26 21:00:00+00:00,113.774,114.023,113.76,114.012,4032.0
2018-06-27 21:00:00+00:00,114.003,114.052,113.871,113.943,2548.0
2018-06-28 21:00:00+00:00,113.933,113.956,113.782,113.809,2901.0
2018-07-01 21:00:00+00:00,113.807,113.994,113.719,113.726,3157.0
2018-07-02 21:00:00+00:00,113.718,113.902,113.654,113.898,3009.0
2018-07-03 21:00:00+00:00,113.888,113.896,113.815,113.821,516.0
2018-07-04 21:00:00+00:00,113.83,113.907,113.739,113.841,3076.0
2018-07-05 21:00:00+00:00,113.851,114.041,113.78,113.895,3614.0
2018-07-08 21:00:00+00:00,113.882,113.889,113.715,113.738,1448.0
2018-07-09 21:00:00+00:00,113.754,113.754,113.626,113.727,1205.0
2018-07-10 21:00:00+00:00,113.79,113.868,113.655,113.732,5046.0
2018-07-11 21:00:00+00:00,113.724,113.771,113.615,113.747,2129.0
2018-07-12 21:00:00+00:00,113.747,113.866,113.697,113.852,1621.0
2018-07-15 21:00:00+00:00,113.844,113.846,113.625,113.709,1138.0
2018-07-16 21:00:00+00:00,113.728,113.748,113.645,113.663,1152.0
2018-07-17 21:00:00+00:00,113.653,113.737,113.603,113.648,964.0
2018-07-18 21:00:00+00:00,113.658,113.859,113.516,113.81,2206.0
2018-07-19 21:00:00+00:00,113.81,113.825,113.645,113.676,2747.0
2018-07-22 21:00:00+00:00,113.686,113.732,113.363,113.407,2388.0
2018-07-23 21:00:00+00:00,113.417,113.47,113.325,113.389,2333.0
2018-07-24 21:00:00+00:00,113.389,113.449,113.255,113.269,3128.0
2018-07-25 21:00:00+00:00,113.292,113.384,113.215,113.244,2808.0
2018-07-26 21:00:00+00:00,113.244,113.344,113.205,113.328,2230.0
2018-07-29 21:00:00+00:00,113.318,113.329,113.207,113.286,1694.0
2018-07-30 21:00:00+00:00,113.294,113.428,113.259,113.277,4471.0
2018-07-31 21:00:00+00:00,113.262,113.361,113.119,113.165,3027.0
2018-08-01 21:00:00+00:00,113.173,113.296,113.149,113.256,2441.0
2018-08-02 21:00:00+00:00,113.248,113.457,113.224,113.451,2327.0
2018-08-05 21:00:00+00:00,113.451,113.543,113.38,113.48,977.0
2018-08-06 21:00:00+00:00,113.48,113.485,113.289,113.301,768.0
2018-08-07 21:00:00+00:00,113.313,113.381,113.279,113.345,1009.0
2018-08-08 21:00:00+00:00,113.345,113.48,113.324,113.461,1375.0
2018-08-09 21:00:00+00:00,113.461,113.856,113.447,113.752,4297.0
2018-08-12 21:00:00+00:00,113.83,113.907,113.688,113.722,4512.0
2018-08-13 21:00:00+00:00,113.71,113.739,113.6,113.62,2446.0
2018-08-14 21:00:00+00:00,113.62,113.924,113.615,113.783,3496.0
2018-08-15 21:00:00+00:00,113.783,113.822,113.64,113.737,2105.0
2018-08-16 21:00:00+00:00,113.737,113.849,113.692,113.75,2011.0
2018-08-19 21:00:00+00:00,113.717,113.957,113.711,113.939,882.0
2018-08-20 21:00:00+00:00,113.939,113.941,113.774,113.86,1103.0
2018-08-21 21:00:00+00:00,113.879,113.968,113.835,113.9,1330.0
2018-08-22 21:00:00+00:00,113.9,113.927,113.792,113.798,1177.0
2018-08-23 21:00:00+00:00,113.788,113.844,113.696,113.84,1133.0
2018-08-26 21:00:00+00:00,113.807,113.845,113.672,113.707,894.0
2018-08-27 21:00:00+00:00,113.687,113.713,113.536,113.551,1092.0
2018-08-28 21:00:00+00:00,113.551,113.62,113.437,113.456,856.0
2018-08-29 21:00:00+00:00,113.454,113.63,113.452,113.612,1364.0
2018-08-30 21:00:00+00:00,113.618,113.738,113.601,113.672,1101.0
2018-09-02 21:00:00+00:00,113.657,113.715,113.629,113.667,135.0
2018-09-03 21:00:00+00:00,113.655,113.705,113.492,113.512,1147.0
2018-09-04 21:00:00+00:00,113.523,113.6,113.459,113.523,1172.0
2018-09-05 21:00:00+00:00,113.523,113.675,113.503,113.646,1381.0
2018-09-06 21:00:00+00:00,113.667,113.683,113.242,113.275,2838.0
2018-09-09 21:00:00+00:00,113.252,113.314,113.228,113.258,859.0
2018-09-10 21:00:00+00:00,113.242,113.257,113.02,113.044,1547.0
2018-09-11 21:00:00+00:00,113.044,113.128,113.036,113.065,1488.0
2018-09-12 21:00:00+00:00,113.08,113.157,112.959,113.015,2109.0
2018-09-13 21:00:00+00:00,113.015,113.054,112.864,112.88,1794.0
2018-09-16 21:00:00+00:00,112.873,112.951,112.803,112.935,925.0
2018-09-17 21:00:00+00:00,112.935,113.005,112.684,112.696,1483.0
2018-09-18 21:00:00+00:00,112.696,112.759,112.59,112.679,1323.0
2018-09-19 21:00:00+00:00,112.703,112.711,112.537,112.648,1307.0
2018-09-20 21:00:00+00:00,112.638,112.683,112.558,112.671,1166.0
2018-09-23 21:00:00+00:00,112.671,112.684,112.543,112.587,1249.0
2018-09-24 21:00:00+00:00,112.573,112.594,112.493,112.534,1580.0
2018-09-25 21:00:00+00:00,112.534,112.746,112.525,112.744,1758.0
2018-09-26 21:00:00+00:00,112.744,112.818,112.613,112.668,1613.0
2018-09-27 21:00:00+00:00,112.665,112.805,112.659,112.681,1432.0
2018-09-30 21:00:00+00:00,112.644,112.705,112.565,112.658,1668.0
2018-10-01 21:00:00+00:00,112.642,112.813,112.642,112.698,2052.0
2018-10-02 21:00:00+00:00,112.698,112.78,112.269,112.277,3339.0
2018-10-03 21:00:00+00:00,112.292,112.328,112.104,112.275,5585.0
2018-10-04 21:00:00+00:00,112.267,112.308,112.069,112.162,4190.0
2018-10-07 21:00:00+00:00,112.15,112.266,112.04,112.218,600.0
2018-10-08 21:00:00+00:00,112.194,112.263,112.115,112.207,2844.0
2018-10-09 21:00:00+00:00,112.207,112.479,112.088,112.463,4050.0
2018-10-10 21:00:00+00:00,112.494,112.572,112.305,112.453,12064.0
2018-10-11 21:00:00+00:00,112.437,112.568,112.311,112.404,5404.0
2018-10-14 21:00:00+00:00,112.414,112.511,112.396,112.427,3295.0
2018-10-15 21:00:00+00:00,112.435,112.443,112.328,112.378,2403.0
2018-10-16 21:00:00+00:00,112.362,112.462,112.203,112.211,2578.0
2018-10-17 21:00:00+00:00,112.203,112.459,112.147,112.357,3790.0
2018-10-18 21:00:00+00:00,112.342,112.396,112.222,112.261,3911.0
2018-10-21 21:00:00+00:00,112.261,112.325,112.208,112.252,3372.0
2018-10-22 21:00:00+00:00,112.252,112.651,112.252,112.416,5946.0
2018-10-23 21:00:00+00:00,112.431,112.812,112.404,112.757,6020.0
2018-10-24 21:00:00+00:00,112.757,112.812,112.536,112.673,6340.0
2018-10-25 21:00:00+00:00,112.673,113.043,112.673,112.917,8066.0
2018-10-28 21:00:00+00:00,112.927,112.989,112.714,112.839,5014.0
2018-10-29 21:00:00+00:00,112.839,112.87,112.679,112.68,5302.0
2018-10-30 21:00:00+00:00,112.672,112.68,112.489,112.576,3040.0
2018-10-31 21:00:00+00:00,112.568,112.667,112.496,112.652,3203.0
2018-11-01 21:00:00+00:00,112.683,112.691,112.266,112.321,5839.0
2018-11-04 22:00:00+00:00,112.315,112.408,112.3,112.329,2643.0
2018-11-05 22:00:00+00:00,112.321,112.382,112.178,112.193,2563.0
2018-11-06 22:00:00+00:00,112.185,112.364,112.042,112.081,7996.0
2018-11-07 22:00:00+00:00,112.066,112.166,112.001,112.032,2436.0
2018-11-08 22:00:00+00:00,112.032,112.296,112.032,112.28,2700.0
2018-11-11 22:00:00+00:00,112.28,112.476,112.258,112.444,1161.0
2018-11-12 22:00:00+00:00,112.444,112.536,112.342,112.497,4805.0
2018-11-13 22:00:00+00:00,112.489,112.805,112.421,112.627,4670.0
2018-11-14 22:00:00+00:00,112.619,112.876,112.576,112.711,6629.0
2018-11-15 22:00:00+00:00,112.695,112.998,112.663,112.99,4173.0
2018-11-18 22:00:00+00:00,113.0,113.1,112.866,113.006,3713.0
2018-11-19 22:00:00+00:00,113.021,113.106,112.925,112.925,5554.0
2018-11-20 22:00:00+00:00,112.949,112.972,112.791,112.907,4293.0
2018-11-21 22:00:00+00:00,112.915,112.969,112.874,112.905,866.0
2018-11-22 22:00:00+00:00,112.905,113.051,112.872,112.988,2334.0
2018-11-25 22:00:00+00:00,112.999,113.01,112.825,112.926,2824.0
2018-11-26 22:00:00+00:00,112.926,112.986,112.846,112.9,4187.0
2018-11-27 22:00:00+00:00,112.908,113.062,112.836,112.991,4707.0
2018-11-28 22:00:00+00:00,112.987,113.248,112.969,113.023,5784.0
2018-11-29 22:00:00+00:00,113.031,113.171,112.999,113.171,2765.0
2018-12-02 22:00:00+00:00,112.963,113.154,112.841,113.128,3370.0
2018-12-03 22:00:00+00:00,113.154,113.37,113.067,113.28,5417.0
2018-12-04 22:00:00+00:00,113.28,113.282,113.28,113.282,8.0
2018-12-05 22:00:00+00:00,113.254,113.817,113.209,113.468,8602.0
2018-12-06 22:00:00+00:00,113.496,113.784,113.409,113.784,7307.0
2018-12-09 22:00:00+00:00,113.814,113.893,113.665,113.681,7277.0
2018-12-10 22:00:00+00:00,113.689,113.767,113.507,113.571,5587.0
2018-12-11 22:00:00+00:00,113.571,113.602,113.414,113.445,5575.0
2018-12-12 22:00:00+00:00,113.445,113.546,113.422,113.499,4924.0
2018-12-13 22:00:00+00:00,113.491,113.739,113.491,113.608,4831.0
2018-12-16 22:00:00+00:00,113.619,113.825,113.575,113.77,673.0
2018-12-17 22:00:00+00:00,113.778,113.973,113.747,113.973,4887.0
2018-12-18 22:00:00+00:00,113.981,114.215,113.758,114.07,11864.0
2018-12-19 22:00:00+00:00,114.047,114.089,113.878,113.894,12169.0
2018-12-20 22:00:00+00:00,113.864,114.112,113.849,114.065,6771.0
2018-12-23 22:00:00+00:00,114.103,114.413,114.071,114.391,5596.0
2018-12-25 22:00:00+00:00,114.389,114.477,114.007,114.046,8283.0
2018-12-26 22:00:00+00:00,114.054,114.452,114.038,114.296,7661.0
2018-12-27 22:00:00+00:00,114.306,114.584,114.249,114.553,8159.0
2018-12-30 22:00:00+00:00,114.493,114.809,114.45,114.637,4463.0
2019-01-01 22:00:00+00:00,114.629,114.956,114.597,114.949,5858.0
2019-01-02 22:00:00+00:00,115.044,115.433,114.766,115.401,8570.0
2019-01-03 22:00:00+00:00,115.401,115.417,114.697,114.728,10859.0
2019-01-06 22:00:00+00:00,114.727,114.922,114.531,114.539,5819.0
2019-01-07 22:00:00+00:00,114.553,114.617,114.312,114.335,4548.0
2019-01-08 22:00:00+00:00,114.343,114.53,114.264,114.491,5472.0
2019-01-09 22:00:00+00:00,114.475,114.702,114.365,114.381,6012.0
2019-01-10 22:00:00+00:00,114.387,114.664,114.387,114.575,3951.0
2019-01-13 22:00:00+00:00,114.574,114.793,114.541,114.581,3939.0
2019-01-14 22:00:00+00:00,114.581,114.753,114.503,114.534,5196.0
2019-01-15 22:00:00+00:00,114.534,114.573,114.401,114.506,3177.0
2019-01-16 22:00:00+00:00,114.508,114.627,114.267,114.337,4851.0
2019-01-17 22:00:00+00:00,114.337,114.369,114.032,114.067,4700.0
2019-01-20 22:00:00+00:00,114.085,114.187,114.085,114.171,550.0
2019-01-21 22:00:00+00:00,114.165,114.366,114.139,114.272,4721.0
2019-01-22 22:00:00+00:00,114.287,114.326,114.131,114.279,4136.0
2019-01-23 22:00:00+00:00,114.287,114.493,114.247,114.419,3705.0
2019-01-24 22:00:00+00:00,114.427,114.438,114.168,114.168,3123.0
2019-01-27 22:00:00+00:00,114.186,114.334,114.127,114.252,4192.0
2019-01-28 22:00:00+00:00,114.26,114.447,114.252,114.416,3345.0
2019-01-29 22:00:00+00:00,114.408,114.728,114.314,114.696,4622.0
2019-01-30 22:00:00+00:00,114.696,114.969,114.657,114.899,4312.0
2019-01-31 22:00:00+00:00,114.891,114.93,114.508,114.578,4829.0
2019-02-03 22:00:00+00:00,114.577,114.585,114.389,114.428,2922.0
2019-02-04 22:00:00+00:00,114.428,114.581,114.365,114.521,3216.0
2019-02-05 22:00:00+00:00,114.529,114.669,114.505,114.559,3392.0
2019-02-06 22:00:00+00:00,114.559,114.785,114.551,114.738,4090.0
2019-02-07 22:00:00+00:00,114.73,114.91,114.723,114.816,3047.0
2019-02-10 22:00:00+00:00,114.807,114.846,114.634,114.705,2524.0
2019-02-11 22:00:00+00:00,114.705,114.72,114.54,114.587,2529.0
2019-02-12 22:00:00+00:00,114.587,114.602,114.383,114.445,2511.0
2019-02-13 22:00:00+00:00,114.453,114.765,114.398,114.664,4041.0
2019-02-14 22:00:00+00:00,114.664,114.702,114.515,114.577,3371.0
2019-02-17 22:00:00+00:00,114.568,114.583,114.513,114.544,551.0
2019-02-18 22:00:00+00:00,114.552,114.739,114.536,114.731,2613.0
2019-02-19 22:00:00+00:00,114.731,114.762,114.644,114.668,2278.0
2019-02-20 22:00:00+00:00,114.683,114.699,114.441,114.464,3624.0
2019-02-21 22:00:00+00:00,114.472,114.752,114.463,114.67,2772.0
2019-02-24 22:00:00+00:00,114.634,114.657,114.532,114.633,2241.0
2019-02-25 22:00:00+00:00,114.641,114.781,114.617,114.75,3629.0
2019-02-26 22:00:00+00:00,114.75,114.789,114.538,114.593,2903.0
2019-02-27 22:00:00+00:00,114.609,114.718,114.381,114.479,5586.0
2019-02-28 22:00:00+00:00,114.485,114.491,114.224,114.26,7259.0
2019-03-03 22:00:00+00:00,114.215,114.434,114.188,114.421,9027.0
2019-03-04 22:00:00+00:00,114.413,114.434,114.257,114.405,2555.0
2019-03-05 22:00:00+00:00,114.421,114.617,114.398,114.546,3163.0
2019-03-06 22:00:00+00:00,114.585,114.851,114.554,114.797,6410.0
2019-03-07 22:00:00+00:00,114.812,115.039,114.781,114.859,5402.0
2019-03-10 21:00:00+00:00,114.868,114.907,114.782,114.806,2227.0
2019-03-11 21:00:00+00:00,114.806,115.017,114.673,114.962,3580.0
2019-03-12 21:00:00+00:00,114.962,114.984,114.853,114.869,2599.0
2019-03-13 21:00:00+00:00,114.869,114.978,114.806,114.869,2309.0
2019-03-14 21:00:00+00:00,114.877,115.111,114.848,115.041,2514.0
2019-03-17 21:00:00+00:00,115.026,115.081,114.948,114.964,1514.0
2019-03-18 21:00:00+00:00,114.972,115.027,114.855,114.894,1952.0
2019-03-19 21:00:00+00:00,114.894,115.433,114.886,115.355,4247.0
2019-03-20 21:00:00+00:00,115.355,115.496,115.26,115.301,2809.0
2019-03-21 21:00:00+00:00,115.301,115.863,115.301,115.785,5005.0
2019-03-24 21:00:00+00:00,115.739,116.19,115.646,116.083,6497.0
2019-03-25 21:00:00+00:00,116.091,116.099,115.794,115.958,5855.0
2019-03-26 21:00:00+00:00,115.958,116.412,115.935,116.185,10102.0
2019-03-27 21:00:00+00:00,116.193,116.326,115.92,115.944,7166.0
2019-03-28 21:00:00+00:00,115.936,115.983,115.717,115.834,7179.0
2019-03-31 21:00:00+00:00,115.749,115.812,115.406,115.425,6001.0
2019-04-01 21:00:00+00:00,115.468,115.64,115.468,115.601,3487.0
2019-04-02 21:00:00+00:00,115.609,115.641,115.375,115.406,5040.0
2019-04-03 21:00:00+00:00,115.406,115.586,115.406,115.442,3233.0
2019-04-04 21:00:00+00:00,115.446,115.524,115.282,115.47,5463.0
2019-04-07 21:00:00+00:00,115.462,115.548,115.377,115.385,2873.0
2019-04-08 21:00:00+00:00,115.385,115.564,115.361,115.479,3275.0
2019-04-09 21:00:00+00:00,115.471,115.69,115.44,115.651,5174.0
2019-04-10 21:00:00+00:00,115.643,115.643,115.417,115.452,3199.0
2019-04-11 21:00:00+00:00,115.452,115.487,115.12,115.136,4682.0
2019-04-14 21:00:00+00:00,115.136,115.193,115.066,115.168,2821.0
2019-04-15 21:00:00+00:00,115.176,115.207,114.989,115.012,3904.0
2019-04-16 21:00:00+00:00,115.02,115.091,114.903,115.026,3973.0
2019-04-17 21:00:00+00:00,115.036,115.247,115.028,115.177,4650.0
2019-04-21 21:00:00+00:00,115.177,115.209,115.092,115.1,2114.0
2019-04-22 21:00:00+00:00,115.116,115.288,115.085,115.233,3663.0
2019-04-23 21:00:00+00:00,115.233,115.507,115.233,115.46,3888.0
2019-04-24 21:00:00+00:00,115.452,115.491,115.366,115.382,2752.0
2019-04-25 21:00:00+00:00,115.39,115.64,115.32,115.586,5659.0
2019-04-28 21:00:00+00:00,115.586,115.602,115.438,115.493,2774.0
2019-04-29 21:00:00+00:00,115.508,115.642,115.368,115.634,4176.0
2019-04-30 21:00:00+00:00,115.634,115.939,115.423,115.493,7815.0
2019-05-01 21:00:00+00:00,115.478,115.509,115.244,115.275,4516.0
2019-05-02 21:00:00+00:00,115.283,115.455,115.088,115.369,4930.0
2019-05-05 21:00:00+00:00,115.549,115.831,115.495,115.515,3051.0
2019-05-06 21:00:00+00:00,115.682,115.722,115.487,115.652,3213.0
2019-05-07 21:00:00+00:00,115.652,115.808,115.503,115.546,4200.0
2019-05-08 21:00:00+00:00,115.546,115.894,115.543,115.73,4074.0
2019-05-09 21:00:00+00:00,115.73,115.865,115.613,115.645,5741.0
2019-05-12 21:00:00+00:00,115.645,116.106,115.645,116.026,3448.0
2019-05-13 21:00:00+00:00,116.026,116.083,115.904,115.994,2028.0
2019-05-14 21:00:00+00:00,115.994,116.295,115.943,116.177,3058.0
2019-05-15 21:00:00+00:00,116.177,116.269,115.936,116.072,2071.0
2019-05-16 21:00:00+00:00,116.072,116.233,115.953,116.03,2322.0
2019-05-19 21:00:00+00:00,116.03,116.085,115.882,115.898,2043.0
2019-05-20 21:00:00+00:00,115.898,115.937,115.734,115.791,1780.0
2019-05-21 21:00:00+00:00,115.791,116.012,115.777,116.006,1725.0
2019-05-22 21:00:00+00:00,116.006,116.469,115.984,116.305,3422.0
2019-05-23 21:00:00+00:00,116.305,116.348,116.219,116.29,1661.0
2019-05-26 21:00:00+00:00,116.29,116.33,116.228,116.302,173.0
2019-05-27 21:00:00+00:00,116.291,116.545,116.24,116.51,5891.0
2019-05-28 21:00:00+00:00,116.51,116.783,116.463,116.487,8585.0
2019-05-29 21:00:00+00:00,116.487,116.78,116.37,116.745,5472.0
2019-05-30 21:00:00+00:00,116.745,117.308,116.73,117.269,11742.0
2019-06-02 21:00:00+00:00,117.229,117.757,117.217,117.655,11622.0
2019-06-03 21:00:00+00:00,117.679,117.733,117.235,117.368,9987.0
2019-06-04 21:00:00+00:00,117.368,117.864,117.313,117.478,7565.0
2019-06-05 21:00:00+00:00,117.514,117.69,117.347,117.419,3972.0
2019-06-06 21:00:00+00:00,117.419,117.879,117.347,117.559,4403.0
2019-06-09 21:00:00+00:00,117.244,117.469,117.244,117.255,2411.0
2019-06-10 21:00:00+00:00,117.267,117.322,117.127,117.254,2206.0
2019-06-11 21:00:00+00:00,117.254,117.534,117.254,117.468,2581.0
2019-06-12 21:00:00+00:00,117.468,117.738,117.431,117.637,2330.0
2019-06-13 21:00:00+00:00,117.637,117.848,117.497,117.646,3134.0
2019-06-16 21:00:00+00:00,117.646,117.646,117.458,117.533,1537.0
2019-06-17 21:00:00+00:00,117.549,117.924,117.51,117.632,5230.0
2019-06-18 21:00:00+00:00,117.648,118.019,117.418,118.012,6015.0
2019-06-19 21:00:00+00:00,118.012,118.247,117.802,117.904,5369.0
2019-06-20 21:00:00+00:00,117.919,118.037,117.717,117.868,3968.0
2019-06-23 21:00:00+00:00,117.894,118.104,117.814,118.077,2151.0
2019-06-24 21:00:00+00:00,118.077,118.277,118.005,118.179,4302.0
2019-06-25 21:00:00+00:00,118.191,118.191,117.818,117.853,3466.0
2019-06-26 21:00:00+00:00,117.853,118.053,117.685,117.989,3247.0
2019-06-27 21:00:00+00:00,117.989,118.062,117.898,117.988,2966.0
2019-06-30 21:00:00+00:00,117.79,118.03,117.745,117.875,3104.0
2019-07-01 21:00:00+00:00,117.863,118.122,117.863,118.091,2415.0
2019-07-02 21:00:00+00:00,118.101,118.263,118.06,118.108,2370.0
2019-07-03 21:00:00+00:00,118.1,118.202,118.1,118.12,382.0
2019-07-04 21:00:00+00:00,118.12,118.172,117.482,117.611,4599.0
2019-07-07 21:00:00+00:00,117.578,117.747,117.474,117.482,2478.0
2019-07-08 21:00:00+00:00,117.482,117.576,117.342,117.39,2061.0
2019-07-09 21:00:00+00:00,117.39,117.711,117.207,117.648,4725.0
2019-07-10 21:00:00+00:00,117.648,117.758,117.275,117.33,4565.0
2019-07-11 21:00:00+00:00,117.341,117.51,117.307,117.43,2805.0
2019-07-14 21:00:00+00:00,117.43,117.553,117.354,117.542,1999.0
2019-07-15 21:00:00+00:00,117.557,117.569,117.266,117.43,2685.0
2019-07-16 21:00:00+00:00,117.43,117.72,117.391,117.706,1666.0
2019-07-17 21:00:00+00:00,117.706,117.924,117.557,117.907,3415.0
2019-07-18 21:00:00+00:00,117.905,117.955,117.613,117.664,2851.0
2019-07-21 21:00:00+00:00,117.67,117.804,117.585,117.722,1871.0
2019-07-22 21:00:00+00:00,117.722,117.759,117.587,117.587,1786.0
2019-07-23 21:00:00+00:00,117.587,117.799,117.579,117.686,2609.0
2019-07-24 21:00:00+00:00,117.686,117.855,117.418,117.473,3976.0
2019-07-25 21:00:00+00:00,117.473,117.555,117.333,117.517,1994.0
2019-07-28 21:00:00+00:00,117.517,117.626,117.517,117.525,1688.0
2019-07-29 21:00:00+00:00,117.546,117.658,117.483,117.538,3979.0
2019-07-30 21:00:00+00:00,117.545,117.714,117.182,117.56,7132.0
2019-07-31 21:00:00+00:00,117.535,118.403,117.348,118.258,8650.0
2019-08-01 21:00:00+00:00,118.208,118.493,118.091,118.373,8935.0
2019-08-04 21:00:00+00:00,118.333,119.025,118.325,119.019,8820.0
2019-08-05 21:00:00+00:00,119.111,119.244,118.736,119.048,7638.0
2019-08-06 21:00:00+00:00,119.018,119.535,118.879,118.885,11239.0
2019-08-07 21:00:00+00:00,118.885,119.02,118.664,118.896,7046.0
2019-08-08 21:00:00+00:00,119.025,119.136,118.702,118.722,5442.0
2019-08-11 21:00:00+00:00,118.744,119.198,118.736,119.104,3514.0
2019-08-12 21:00:00+00:00,119.093,119.245,118.605,118.641,8342.0
2019-08-13 21:00:00+00:00,118.633,119.18,118.631,119.044,7494.0
2019-08-14 21:00:00+00:00,119.025,119.561,118.943,119.358,11652.0
2019-08-15 21:00:00+00:00,119.358,119.469,119.14,119.416,5785.0
2019-08-18 21:00:00+00:00,119.393,119.401,119.121,119.137,3676.0
2019-08-19 21:00:00+00:00,119.16,119.458,119.16,119.333,2899.0
2019-08-20 21:00:00+00:00,119.345,119.347,119.108,119.114,3139.0
2019-08-21 21:00:00+00:00,119.124,119.265,118.937,118.969,3893.0
2019-08-22 21:00:00+00:00,118.969,119.517,118.782,119.369,8446.0
2019-08-25 21:00:00+00:00,119.704,119.801,119.279,119.372,6501.0
2019-08-26 21:00:00+00:00,119.353,119.561,119.342,119.546,3799.0
2019-08-27 21:00:00+00:00,119.546,119.687,119.46,119.562,3497.0
2019-08-28 21:00:00+00:00,119.586,119.711,119.306,119.446,4669.0
2019-08-29 21:00:00+00:00,119.446,119.536,119.27,119.501,4430.0
2019-09-01 21:00:00+00:00,119.631,119.645,119.414,119.578,767.0
2019-09-02 21:00:00+00:00,119.564,119.917,119.393,119.816,4733.0
2019-09-03 21:00:00+00:00,119.801,119.94,119.679,119.883,2976.0
2019-09-04 21:00:00+00:00,119.875,119.891,119.16,119.318,4645.0
2019-09-05 21:00:00+00:00,119.318,119.446,119.076,119.291,4299.0
2019-09-08 21:00:00+00:00,119.338,119.356,118.96,118.968,2557.0
2019-09-09 21:00:00+00:00,118.976,119.056,118.447,118.489,3113.0
2019-09-10 21:00:00+00:00,118.499,118.612,118.445,118.489,2699.0
2019-09-11 21:00:00+00:00,118.517,118.784,118.201,118.287,6654.0
2019-09-12 21:00:00+00:00,118.256,118.327,117.668,117.709,3947.0
2019-09-15 21:00:00+00:00,117.933,118.053,117.824,118.022,3814.0
2019-09-16 21:00:00+00:00,118.001,118.236,117.971,118.217,3831.0
2019-09-17 21:00:00+00:00,118.217,118.541,118.092,118.143,4377.0
2019-09-18 21:00:00+00:00,118.143,118.394,118.062,118.244,3983.0
2019-09-19 21:00:00+00:00,118.244,118.513,118.192,118.482,2826.0
2019-09-22 21:00:00+00:00,118.388,118.781,118.296,118.493,3268.0
2019-09-23 21:00:00+00:00,118.513,119.027,118.486,118.91,4294.0
2019-09-24 21:00:00+00:00,118.93,118.989,118.514,118.519,4754.0
2019-09-25 21:00:00+00:00,118.532,118.793,118.525,118.669,3665.0
2019-09-26 21:00:00+00:00,118.682,118.828,118.523,118.743,3776.0
2019-09-29 21:00:00+00:00,118.7,118.817,118.613,118.809,3173.0
2019-09-30 21:00:00+00:00,118.821,119.201,118.421,119.097,5636.0
2019-10-01 21:00:00+00:00,119.097,119.47,118.97,119.385,4592.0
2019-10-02 21:00:00+00:00,119.379,119.949,119.362,119.802,5799.0
2019-10-03 21:00:00+00:00,119.802,119.974,119.625,119.759,4761.0
2019-10-06 21:00:00+00:00,119.909,119.916,119.506,119.553,2498.0
2019-10-07 21:00:00+00:00,119.561,119.86,119.39,119.744,5295.0
2019-10-08 21:00:00+00:00,119.717,119.787,119.453,119.487,3896.0
2019-10-09 21:00:00+00:00,119.506,119.764,119.066,119.07,6099.0
2019-10-10 21:00:00+00:00,119.082,119.185,118.555,118.75,7574.0
2019-10-13 21:00:00+00:00,118.757,119.064,118.696,118.813,2071.0
2019-10-14 21:00:00+00:00,118.809,119.022,118.518,118.559,4405.0
2019-10-15 21:00:00+00:00,118.575,118.848,118.548,118.731,4987.0
2019-10-16 21:00:00+00:00,118.747,118.841,118.447,118.653,4979.0
2019-10-17 21:00:00+00:00,118.669,118.855,118.589,118.739,2648.0
2019-10-20 21:00:00+00:00,118.739,118.825,118.517,118.528,2365.0
2019-10-21 21:00:00+00:00,118.528,118.691,118.458,118.647,2721.0
2019-10-22 21:00:00+00:00,118.692,118.831,118.61,118.634,2230.0
2019-10-23 21:00:00+00:00,118.634,118.781,118.557,118.653,3057.0
2019-10-24 21:00:00+00:00,118.653,118.724,118.352,118.46,2204.0
2019-10-27 21:00:00+00:00,118.474,118.478,118.184,118.294,2465.0
2019-10-28 21:00:00+00:00,118.283,118.375,118.199,118.289,2519.0
2019-10-29 21:00:00+00:00,118.289,118.567,118.2,118.554,3737.0
2019-10-30 21:00:00+00:00,118.554,119.023,118.42,118.984,3998.0
2019-10-31 21:00:00+00:00,118.984,119.081,118.691,118.832,3769.0
2019-11-03 22:00:00+00:00,118.802,118.802,118.539,118.61,1840.0
2019-11-04 22:00:00+00:00,118.61,118.618,118.192,118.287,3419.0
2019-11-05 22:00:00+00:00,118.267,118.493,118.267,118.431,2697.0
2019-11-06 22:00:00+00:00,118.419,118.51,117.709,117.963,4988.0
2019-11-07 22:00:00+00:00,117.963,118.129,117.79,117.881,3443.0
2019-11-10 22:00:00+00:00,117.893,118.05,117.87,117.943,1248.0
2019-11-11 22:00:00+00:00,117.897,118.052,117.789,117.932,7076.0
2019-11-12 22:00:00+00:00,117.932,118.261,117.924,118.166,8344.0
2019-11-13 22:00:00+00:00,118.158,118.567,118.131,118.486,6713.0
2019-11-14 22:00:00+00:00,118.47,118.486,118.331,118.38,4842.0
2019-11-17 22:00:00+00:00,118.4,118.57,118.289,118.458,3806.0
2019-11-18 22:00:00+00:00,118.458,118.567,118.386,118.521,5350.0
2019-11-19 22:00:00+00:00,118.54,118.774,118.54,118.681,7875.0
2019-11-20 22:00:00+00:00,118.769,118.876,118.52,118.552,11394.0
2019-11-21 22:00:00+00:00,118.56,118.679,118.483,118.517,7253.0
2019-11-24 22:00:00+00:00,118.509,118.622,118.402,118.595,4900.0
2019-11-25 22:00:00+00:00,118.603,118.719,118.49,118.673,4634.0
2019-11-26 22:00:00+00:00,118.673,118.682,118.431,118.447,2847.0
2019-11-27 22:00:00+00:00,118.447,118.55,118.411,118.427,740.0
2019-11-28 22:00:00+00:00,118.435,118.509,118.36,118.485,4121.0
2019-12-01 22:00:00+00:00,118.412,118.432,118.161,118.373,5712.0
2019-12-02 22:00:00+00:00,118.365,119.006,118.246,118.852,7649.0
2019-12-03 22:00:00+00:00,118.836,118.939,118.518,118.56,8016.0
2019-12-04 22:00:00+00:00,118.568,118.647,118.337,118.393,5483.0
2019-12-05 22:00:00+00:00,118.393,118.549,118.076,118.233,6859.0
2019-12-08 22:00:00+00:00,118.233,118.368,118.218,118.291,3304.0
2019-12-09 22:00:00+00:00,118.291,118.403,118.131,118.151,5768.0
2019-12-10 22:00:00+00:00,118.151,118.416,118.132,118.369,5854.0
2019-12-11 22:00:00+00:00,118.377,118.527,117.789,117.937,11814.0
2019-12-12 22:00:00+00:00,117.766,118.338,117.688,118.299,14805.0
2019-12-15 22:00:00+00:00,118.26,118.284,117.999,118.085,5712.0
2019-12-16 22:00:00+00:00,118.093,118.172,118.026,118.065,3837.0
2019-12-17 22:00:00+00:00,118.089,118.145,117.858,117.945,4209.0
2019-12-18 22:00:00+00:00,117.953,118.088,117.799,117.956,6128.0
2019-12-19 22:00:00+00:00,117.972,118.004,117.849,117.96,3096.0
2019-12-22 22:00:00+00:00,117.968,118.041,117.847,117.878,2830.0
2019-12-23 22:00:00+00:00,117.894,118.061,117.803,118.061,2802.0
2019-12-25 22:00:00+00:00,118.069,118.106,117.967,118.069,2349.0
2019-12-26 22:00:00+00:00,118.069,118.291,118.062,118.276,2127.0
2019-12-29 22:00:00+00:00,118.284,118.315,118.052,118.303,4219.0
2019-12-30 22:00:00+00:00,118.295,118.305,118.15,118.159,3277.0
2020-01-02 22:00:00+00:00,118.346,118.762,118.33,118.694,7760.0
2020-01-05 22:00:00+00:00,118.824,118.872,118.571,118.634,6921.0
2020-01-06 22:00:00+00:00,118.642,118.716,118.581,118.622,5297.0
2020-01-07 22:00:00+00:00,118.661,119.191,118.361,118.369,16519.0
2020-01-08 22:00:00+00:00,118.381,118.458,118.239,118.412,5096.0
2020-01-09 22:00:00+00:00,118.408,118.571,118.343,118.517,4826.0
2020-01-12 22:00:00+00:00,118.517,118.526,118.384,118.459,1478.0
2020-01-13 22:00:00+00:00,118.459,118.618,118.381,118.595,2933.0
2020-01-14 22:00:00+00:00,118.58,118.722,118.557,118.685,2294.0
2020-01-15 22:00:00+00:00,118.685,118.726,118.524,118.564,2290.0
2020-01-16 22:00:00+00:00,118.548,118.636,118.457,118.591,2964.0
2020-01-19 22:00:00+00:00,118.599,118.639,118.587,118.602,859.0
2020-01-20 22:00:00+00:00,118.603,118.864,118.603,118.833,2913.0
2020-01-21 22:00:00+00:00,118.825,118.882,118.732,118.844,2888.0
2020-01-22 22:00:00+00:00,118.86,119.105,118.845,118.989,2983.0
2020-01-23 22:00:00+00:00,118.95,119.273,118.854,119.195,3779.0
2020-01-26 22:00:00+00:00,119.422,119.611,119.384,119.495,5749.0
2020-01-27 22:00:00+00:00,119.511,119.723,119.324,119.343,4805.0
2020-01-28 22:00:00+00:00,119.359,119.721,119.305,119.698,3882.0
2020-01-29 22:00:00+00:00,119.691,119.959,119.655,119.671,6132.0
2020-01-30 22:00:00+00:00,119.663,120.174,119.625,120.15,4165.0
2020-02-02 22:00:00+00:00,120.15,120.213,119.771,119.983,6344.0
2020-02-03 22:00:00+00:00,120.022,120.061,119.534,119.644,3791.0
2020-02-04 22:00:00+00:00,119.628,119.762,119.311,119.429,5995.0
2020-02-05 22:00:00+00:00,119.429,119.494,119.259,119.425,3988.0
2020-02-06 22:00:00+00:00,119.418,119.74,119.409,119.702,4770.0
2020-02-09 22:00:00+00:00,119.742,119.916,119.626,119.777,4670.0
2020-02-10 22:00:00+00:00,119.769,119.793,119.622,119.632,2419.0
2020-02-11 22:00:00+00:00,119.625,119.641,119.472,119.48,2512.0
2020-02-12 22:00:00+00:00,119.496,119.802,119.496,119.515,3798.0
2020-02-13 22:00:00+00:00,119.523,119.737,119.523,119.652,2301.0
2020-02-16 22:00:00+00:00,119.644,119.678,119.576,119.651,679.0
2020-02-17 22:00:00+00:00,119.687,119.892,119.664,119.761,2554.0
2020-02-18 22:00:00+00:00,119.769,119.802,119.623,119.703,2717.0
2020-02-19 22:00:00+00:00,119.711,119.979,119.617,119.91,5751.0
2020-02-20 22:00:00+00:00,119.917,120.31,119.887,120.093,6097.0
2020-02-23 22:00:00+00:00,120.093,120.767,120.093,120.674,10475.0
2020-02-24 22:00:00+00:00,120.674,121.092,120.449,120.811,12491.0
2020-02-25 22:00:00+00:00,120.811,121.173,120.734,121.002,14886.0
2020-02-26 22:00:00+00:00,120.944,121.557,120.932,121.395,24465.0
2020-02-27 22:00:00+00:00,121.395,122.302,121.279,122.076,30718.0
2020-03-01 22:00:00+00:00,122.381,122.864,121.985,122.028,29766.0
2020-03-02 22:00:00+00:00,122.009,123.44,121.943,123.005,32777.0
2020-03-03 22:00:00+00:00,122.978,123.281,122.706,122.722,20462.0
2020-03-04 22:00:00+00:00,122.746,123.426,122.699,123.279,17208.0
2020-03-05 22:00:00+00:00,123.295,124.247,123.24,123.68,48402.0
2020-03-08 21:00:00+00:00,124.219,125.349,124.215,124.449,80444.0
2020-03-09 21:00:00+00:00,124.402,124.667,123.326,123.415,62989.0
2020-03-10 21:00:00+00:00,123.466,124.22,123.458,123.719,48548.0
2020-03-11 21:00:00+00:00,123.797,124.757,123.549,124.35,61087.0
2020-03-12 21:00:00+00:00,124.366,124.557,123.456,123.647,56283.0
2020-03-15 21:00:00+00:00,124.424,124.899,124.084,124.342,48696.0
2020-03-16 21:00:00+00:00,124.322,124.389,122.97,123.055,42781.0
2020-03-17 21:00:00+00:00,123.076,123.58,122.762,122.982,48583.0
2020-03-18 21:00:00+00:00,122.982,123.959,122.777,123.478,52151.0
2020-03-19 21:00:00+00:00,123.419,124.571,123.345,124.51,32171.0
2020-03-22 21:00:00+00:00,124.76,124.997,124.483,124.843,39099.0
2020-03-23 21:00:00+00:00,124.828,124.925,124.185,124.248,26713.0
2020-03-24 21:00:00+00:00,124.248,124.416,124.118,124.206,21864.0
2020-03-25 21:00:00+00:00,124.222,124.658,124.214,124.273,18115.0
2020-03-26 21:00:00+00:00,124.289,124.9,124.277,124.834,16273.0
2020-03-29 21:00:00+00:00,124.926,125.108,124.751,124.775,13729.0
2020-03-30 21:00:00+00:00,124.791,125.137,124.737,124.912,12914.0
2020-03-31 21:00:00+00:00,124.912,125.202,124.885,125.041,13565.0
2020-04-01 21:00:00+00:00,125.03,125.127,124.828,124.945,9528.0
2020-04-02 21:00:00+00:00,124.898,125.097,124.833,124.872,7322.0
2020-04-05 21:00:00+00:00,124.854,124.897,124.567,124.59,5824.0
2020-04-06 21:00:00+00:00,124.598,124.606,124.236,124.509,8128.0
2020-04-07 21:00:00+00:00,124.506,124.654,124.365,124.464,8390.0
2020-04-08 21:00:00+00:00,124.475,124.861,124.437,124.784,8277.0
2020-04-12 21:00:00+00:00,124.724,124.876,124.6,124.616,3792.0
2020-04-13 21:00:00+00:00,124.639,124.908,124.571,124.784,5105.0
2020-04-14 21:00:00+00:00,124.82,125.255,124.8,125.179,6683.0
2020-04-15 21:00:00+00:00,125.171,125.315,125.074,125.078,5077.0
2020-04-16 21:00:00+00:00,124.973,125.28,124.842,125.079,6038.0
2020-04-19 21:00:00+00:00,125.104,125.193,125.05,125.164,1203.0
2020-04-20 21:00:00+00:00,125.148,125.393,125.116,125.205,356.0
2020-04-21 21:00:00+00:00,125.231,125.271,124.978,125.041,307.0
2020-04-22 21:00:00+00:00,125.049,125.105,124.958,125.014,409.0
2020-04-23 21:00:00+00:00,125.054,125.112,124.979,125.0,245.0
2020-04-26 21:00:00+00:00,125.025,125.039,124.869,124.878,214.0
2020-04-27 21:00:00+00:00,124.893,125.119,124.867,125.042,176.0
2020-04-28 21:00:00+00:00,125.058,125.217,125.035,125.09,339.0
2020-04-29 21:00:00+00:00,125.09,125.292,125.068,125.102,304.0
2020-04-30 21:00:00+00:00,125.157,125.266,125.05,125.144,229.0
2020-05-03 21:00:00+00:00,125.177,125.248,125.089,125.122,229.0
2020-05-04 21:00:00+00:00,125.106,125.172,124.991,125.068,198.0
2020-05-05 21:00:00+00:00,125.088,125.131,124.937,125.087,270.0
2020-05-06 21:00:00+00:00,125.1,125.517,125.071,125.456,261.0
2020-05-07 21:00:00+00:00,125.448,125.64,125.316,125.316,340.0
2020-05-10 21:00:00+00:00,125.351,125.45,125.209,125.245,6910.0
2020-05-11 21:00:00+00:00,125.241,125.407,125.143,125.39,6828.0
2020-05-12 21:00:00+00:00,125.402,125.515,125.365,125.426,10669.0
2020-05-13 21:00:00+00:00,125.438,125.582,125.422,125.505,7700.0
2020-05-14 21:00:00+00:00,125.513,125.633,125.46,125.494,6628.0
2020-05-17 21:00:00+00:00,125.535,125.584,125.165,125.206,6089.0
2020-05-18 21:00:00+00:00,125.22,125.428,125.197,125.418,7019.0
2020-05-19 21:00:00+00:00,125.42,125.494,125.298,125.407,6977.0
2020-05-20 21:00:00+00:00,125.394,125.481,125.373,125.416,5720.0
2020-05-21 21:00:00+00:00,125.416,125.564,125.414,125.444,4872.0
2020-05-24 21:00:00+00:00,125.467,125.485,125.425,125.471,891.0
2020-05-25 21:00:00+00:00,125.472,125.488,125.288,125.414,5776.0
2020-05-26 21:00:00+00:00,125.422,125.571,125.254,125.439,7350.0
2020-05-27 21:00:00+00:00,125.431,125.539,125.391,125.463,7963.0
2020-05-28 21:00:00+00:00,125.484,125.691,125.484,125.66,5766.0
2020-05-31 21:00:00+00:00,125.702,125.753,125.561,125.647,3605.0
2020-06-01 21:00:00+00:00,125.647,125.706,125.53,125.545,2754.0
2020-06-02 21:00:00+00:00,125.561,125.576,125.209,125.31,4198.0
2020-06-03 21:00:00+00:00,125.318,125.365,125.091,125.115,4832.0
2020-06-04 21:00:00+00:00,125.13,125.208,124.606,124.825,7971.0
2020-06-07 21:00:00+00:00,124.787,125.02,124.746,124.918,5044.0
2020-06-08 21:00:00+00:00,124.918,125.207,124.902,125.164,7595.0
2020-06-09 21:00:00+00:00,125.168,125.611,125.136,125.599,7190.0
2020-06-10 21:00:00+00:00,125.597,125.675,125.526,125.534,7247.0
2020-06-11 21:00:00+00:00,125.565,125.61,125.448,125.518,7510.0
2020-06-14 21:00:00+00:00,125.557,125.689,125.431,125.446,7363.0
2020-06-15 21:00:00+00:00,125.455,125.533,125.345,125.47,9241.0
2020-06-16 21:00:00+00:00,125.439,125.532,125.399,125.438,7400.0
2020-06-17 21:00:00+00:00,125.442,125.563,125.438,125.475,6399.0
2020-06-18 21:00:00+00:00,125.467,125.578,125.375,125.516,4737.0
2020-06-21 21:00:00+00:00,125.562,125.593,125.452,125.456,4478.0
2020-06-22 21:00:00+00:00,125.444,125.554,125.421,125.512,5573.0
2020-06-23 21:00:00+00:00,125.507,125.577,125.42,125.54,4390.0
2020-06-24 21:00:00+00:00,125.54,125.637,125.53,125.545,3979.0
2020-06-25 21:00:00+00:00,125.551,125.74,125.545,125.697,3131.0
2020-06-28 21:00:00+00:00,125.724,125.844,125.677,125.825,3582.0
2020-06-29 21:00:00+00:00,125.833,125.88,125.739,125.778,3087.0
2020-06-30 21:00:00+00:00,125.77,125.778,125.605,125.65,4532.0
2020-07-01 21:00:00+00:00,125.645,125.777,125.558,125.775,4185.0
2020-07-02 21:00:00+00:00,125.761,125.792,125.753,125.79,1350.0
2020-07-05 21:00:00+00:00,125.768,125.768,125.612,125.696,2943.0
2020-07-06 21:00:00+00:00,125.69,125.783,125.666,125.758,2761.0
2020-07-07 21:00:00+00:00,125.76,125.767,125.666,125.697,2357.0
2020-07-08 21:00:00+00:00,125.705,125.861,125.697,125.786,3101.0
2020-07-09 21:00:00+00:00,125.796,125.923,125.688,125.696,3226.0
2020-07-12 21:00:00+00:00,125.711,125.781,125.648,125.769,2864.0
2020-07-13 21:00:00+00:00,125.758,125.851,125.72,125.753,3604.0
2020-07-14 21:00:00+00:00,125.695,125.825,125.671,125.763,2805.0
2020-07-15 21:00:00+00:00,125.765,125.872,125.749,125.819,2745.0
2020-07-16 21:00:00+00:00,125.819,125.872,125.756,125.797,2188.0
2020-07-19 21:00:00+00:00,125.771,125.865,125.755,125.788,1944.0
2020-07-20 21:00:00+00:00,125.81,125.872,125.739,125.852,1529.0
2020-07-21 21:00:00+00:00,125.864,125.895,125.801,125.801,2019.0
2020-07-22 21:00:00+00:00,125.809,125.872,125.801,125.817,2039.0
2020-07-23 21:00:00+00:00,125.817,125.887,125.801,125.81,2344.0
2020-07-26 21:00:00+00:00,125.808,125.901,125.753,125.761,2460.0
2020-07-27 21:00:00+00:00,125.761,125.909,125.735,125.881,1999.0
2020-07-28 21:00:00+00:00,125.877,125.99,125.84,125.947,1971.0
2020-07-29 21:00:00+00:00,125.971,126.088,125.949,126.051,1993.0
2020-07-30 21:00:00+00:00,126.056,126.181,126.017,126.175,2886.0
2020-08-02 21:00:00+00:00,126.188,126.192,126.079,126.112,3699.0
2020-08-03 21:00:00+00:00,126.141,126.258,126.102,126.246,2257.0
2020-08-04 21:00:00+00:00,126.246,126.25,126.086,126.086,947.0
2020-08-05 21:00:00+00:00,126.078,126.242,126.07,126.132,1000.0
2020-08-06 21:00:00+00:00,126.14,126.187,126.03,126.038,1162.0
2020-08-09 21:00:00+00:00,126.061,126.154,126.014,126.021,829.0
2020-08-10 21:00:00+00:00,126.021,126.053,125.74,125.818,1454.0
2020-08-11 21:00:00+00:00,125.818,125.865,125.669,125.7,1966.0
2020-08-12 21:00:00+00:00,125.7,125.818,125.606,125.614,1396.0
2020-08-13 21:00:00+00:00,125.614,125.778,125.614,125.762,1344.0
2020-08-16 21:00:00+00:00,125.762,125.855,125.746,125.785,1190.0
2020-08-17 21:00:00+00:00,125.785,125.87,125.769,125.839,916.0
2020-08-18 21:00:00+00:00,125.855,125.901,125.792,125.807,1112.0
2020-08-19 21:00:00+00:00,125.815,125.944,125.815,125.862,1122.0
2020-08-20 21:00:00+00:00,125.862,125.971,125.834,125.893,1060.0
2020-08-23 21:00:00+00:00,125.872,125.907,125.782,125.79,952.0
2020-08-24 21:00:00+00:00,125.79,125.798,125.63,125.743,1516.0
2020-08-25 21:00:00+00:00,125.751,125.774,125.633,125.774,1325.0
2020-08-26 21:00:00+00:00,125.766,125.906,125.648,125.648,3531.0
2020-08-27 21:00:00+00:00,125.656,125.926,125.586,125.926,2317.0
2020-08-30 21:00:00+00:00,125.919,125.971,125.841,125.928,1048.0
2020-08-31 21:00:00+00:00,125.935,125.991,125.842,125.967,967.0
2020-09-01 21:00:00+00:00,125.975,125.999,125.913,125.976,938.0
2020-09-02 21:00:00+00:00,125.984,126.117,125.922,126.016,1217.0
2020-09-03 21:00:00+00:00,126.008,126.047,125.72,125.766,1635.0
2020-09-06 21:00:00+00:00,125.768,125.854,125.76,125.807,435.0
2020-09-07 21:00:00+00:00,125.808,125.949,125.8,125.902,676.0
2020-09-08 21:00:00+00:00,125.949,125.98,125.832,125.856,1170.0
2020-09-09 21:00:00+00:00,125.864,125.95,125.813,125.919,836.0
2020-09-10 21:00:00+00:00,125.911,126.021,125.88,126.005,750.0
2020-09-13 21:00:00+00:00,126.015,126.031,125.945,125.953,684.0
2020-09-14 21:00:00+00:00,125.969,125.969,125.907,125.915,584.0
2020-09-15 21:00:00+00:00,125.922,125.985,125.849,125.861,789.0
2020-09-16 21:00:00+00:00,125.876,126.041,125.876,125.885,758.0
2020-09-17 21:00:00+00:00,125.908,125.971,125.87,125.885,655.0
2020-09-20 21:00:00+00:00,125.887,126.02,125.879,125.934,792.0
2020-09-21 21:00:00+00:00,125.934,126.005,125.919,125.958,620.0
2020-09-22 21:00:00+00:00,125.958,126.021,125.904,125.92,575.0
2020-09-23 21:00:00+00:00,125.936,125.983,125.928,125.952,390.0
2020-09-24 21:00:00+00:00,125.952,126.046,125.929,125.992,261.0
2020-09-27 21:00:00+00:00,126.001,126.041,125.954,126.041,179.0
2020-09-28 21:00:00+00:00,126.033,126.073,126.01,126.041,221.0
2020-09-29 21:00:00+00:00,126.049,126.073,125.913,125.941,493.0
2020-09-30 21:00:00+00:00,125.933,125.996,125.816,125.941,558.0
2020-10-01 21:00:00+00:00,125.949,126.051,125.864,125.879,1166.0
2020-10-04 21:00:00+00:00,125.881,125.928,125.643,125.647,603.0
2020-10-05 21:00:00+00:00,125.639,125.796,125.639,125.757,915.0
2020-10-06 21:00:00+00:00,125.757,125.765,125.57,125.617,634.0
2020-10-07 21:00:00+00:00,125.625,125.712,125.618,125.649,528.0
2020-10-08 21:00:00+00:00,125.649,125.72,125.603,125.642,604.0
2020-10-11 21:00:00+00:00,125.651,125.683,125.644,125.683,40.0
2020-10-12 21:00:00+00:00,125.687,125.84,125.683,125.809,431.0
2020-10-13 21:00:00+00:00,125.817,125.872,125.794,125.825,439.0
2020-10-14 21:00:00+00:00,125.825,125.912,125.771,125.779,424.0
2020-10-15 21:00:00+00:00,125.803,125.842,125.733,125.741,452.0
2020-10-18 21:00:00+00:00,125.754,125.758,125.645,125.673,591.0
2020-10-19 21:00:00+00:00,125.68,125.72,125.634,125.689,607.0
2020-10-20 21:00:00+00:00,125.697,125.697,125.549,125.596,900.0
2020-10-21 21:00:00+00:00,125.611,125.651,125.471,125.511,670.0
2020-10-22 21:00:00+00:00,125.511,125.589,125.472,125.496,652.0
2020-10-25 21:00:00+00:00,125.536,125.669,125.536,125.615,595.0
2020-10-26 21:00:00+00:00,125.623,125.725,125.607,125.717,532.0
2020-10-27 21:00:00+00:00,125.733,125.803,125.709,125.718,778.0
2020-10-28 21:00:00+00:00,125.726,125.765,125.578,125.601,1296.0
2020-10-29 21:00:00+00:00,125.609,125.672,125.532,125.539,1354.0
2020-11-01 22:00:00+00:00,125.568,125.659,125.542,125.557,1272.0
2020-11-02 22:00:00+00:00,125.573,125.581,125.417,125.464,923.0
2020-11-03 22:00:00+00:00,125.417,125.84,125.347,125.785,12945.0
2020-11-04 22:00:00+00:00,125.809,125.887,125.692,125.778,2567.0
2020-11-05 22:00:00+00:00,125.786,125.809,125.556,125.615,2125.0
2020-11-08 22:00:00+00:00,125.6,125.71,125.156,125.328,4083.0
2020-11-09 22:00:00+00:00,125.328,125.367,125.164,125.211,2342.0
2020-11-10 22:00:00+00:00,125.203,125.251,125.118,125.228,483.0
2020-11-11 22:00:00+00:00,125.235,125.494,125.235,125.47,1238.0
2020-11-12 22:00:00+00:00,125.486,125.525,125.416,125.416,1088.0
2020-11-15 22:00:00+00:00,125.433,125.504,125.356,125.411,1831.0
2020-11-16 22:00:00+00:00,125.426,125.536,125.395,125.528,1186.0
2020-11-17 22:00:00+00:00,125.536,125.576,125.427,125.474,1108.0
2020-11-18 22:00:00+00:00,125.474,125.577,125.474,125.577,1141.0
2020-11-19 22:00:00+00:00,125.577,125.608,125.53,125.581,881.0
2020-11-22 22:00:00+00:00,125.587,125.595,125.493,125.548,1061.0
2020-11-23 22:00:00+00:00,125.54,125.564,125.501,125.51,1098.0
2020-11-24 22:00:00+00:00,125.518,125.612,125.486,125.526,1209.0
2020-11-25 22:00:00+00:00,125.534,125.604,125.534,125.589,215.0
2020-11-26 22:00:00+00:00,125.594,125.654,125.575,125.647,1011.0
2020-11-29 22:00:00+00:00,125.645,125.717,125.608,125.687,1122.0
2020-11-30 22:00:00+00:00,125.687,125.719,125.323,125.393,1800.0
2020-12-01 22:00:00+00:00,125.393,125.465,125.317,125.419,1841.0
2020-12-02 22:00:00+00:00,125.427,125.554,125.389,125.547,1163.0
2020-12-03 22:00:00+00:00,125.547,125.576,125.354,125.433,2203.0
2020-12-06 22:00:00+00:00,125.423,125.596,125.407,125.589,1290.0
2020-12-07 22:00:00+00:00,125.601,125.677,125.547,125.561,1070.0
2020-12-08 22:00:00+00:00,125.561,125.561,125.453,125.524,1074.0
2020-12-09 22:00:00+00:00,125.548,125.656,125.534,125.628,1984.0
2020-12-10 22:00:00+00:00,125.628,125.833,125.628,125.756,1214.0
2020-12-13 22:00:00+00:00,125.761,125.818,125.646,125.795,1356.0
2020-12-14 22:00:00+00:00,125.795,125.812,125.704,125.767,1059.0
2020-12-15 22:00:00+00:00,125.767,125.799,125.636,125.762,2221.0
2020-12-16 22:00:00+00:00,125.777,125.842,125.655,125.71,1903.0
2020-12-17 22:00:00+00:00,125.71,125.774,125.689,125.689,1311.0
2020-12-20 22:00:00+00:00,125.711,125.915,125.682,125.705,1479.0
2020-12-21 22:00:00+00:00,125.706,125.809,125.699,125.794,1063.0
2020-12-22 22:00:00+00:00,125.794,125.841,125.679,125.765,1297.0
2020-12-23 22:00:00+00:00,125.758,125.814,125.743,125.803,720.0
2020-12-27 22:00:00+00:00,125.816,125.849,125.716,125.842,1093.0
2020-12-28 22:00:00+00:00,125.85,125.852,125.788,125.821,738.0
2020-12-29 22:00:00+00:00,125.821,125.878,125.768,125.863,973.0
2020-12-30 22:00:00+00:00,125.863,125.935,125.855,125.904,692.0
2021-01-03 22:00:00+00:00,125.897,125.986,125.835,125.978,1262.0
2021-01-04 22:00:00+00:00,125.978,125.98,125.824,125.848,928.0
2021-01-05 22:00:00+00:00,125.856,125.895,125.507,125.59,2976.0
2021-01-06 22:00:00+00:00,125.57,125.609,125.44,125.44,1180.0
2021-01-07 22:00:00+00:00,125.448,125.473,125.302,125.342,1765.0
2021-01-10 22:00:00+00:00,125.324,125.426,125.249,125.256,1425.0
2021-01-11 22:00:00+00:00,125.264,125.306,125.134,125.275,2117.0
2021-01-12 22:00:00+00:00,125.275,125.433,125.245,125.41,2447.0
2021-01-13 22:00:00+00:00,125.418,125.498,125.309,125.366,2496.0
2021-01-14 22:00:00+00:00,125.389,125.54,125.382,125.532,1251.0
2021-01-17 22:00:00+00:00,125.542,125.554,125.493,125.517,282.0
2021-01-18 22:00:00+00:00,125.521,125.59,125.417,125.575,1105.0
2021-01-19 22:00:00+00:00,125.575,125.616,125.506,125.601,1094.0
2021-01-20 22:00:00+00:00,125.585,125.611,125.486,125.588,1050.0
2021-01-21 22:00:00+00:00,125.588,125.684,125.573,125.677,859.0
2021-01-24 22:00:00+00:00,125.674,125.817,125.636,125.806,1098.0
2021-01-25 22:00:00+00:00,125.802,125.819,125.749,125.773,814.0
2021-01-26 22:00:00+00:00,125.773,125.9,125.751,125.831,1204.0
2021-01-27 22:00:00+00:00,125.839,125.855,125.7,125.763,1556.0
2021-01-28 22:00:00+00:00,125.756,125.828,125.648,125.828,2031.0
2021-01-31 22:00:00+00:00,125.83,125.86,125.781,125.806,1194.0
2021-02-01 22:00:00+00:00,125.806,125.829,125.706,125.738,1090.0
2021-02-02 22:00:00+00:00,125.738,125.738,125.62,125.639,843.0
2021-02-03 22:00:00+00:00,125.632,125.681,125.587,125.665,784.0
2021-02-04 22:00:00+00:00,125.658,125.745,125.558,125.66,1807.0
2021-02-07 22:00:00+00:00,125.658,125.666,125.567,125.591,941.0
2021-02-08 22:00:00+00:00,125.591,125.647,125.568,125.609,809.0
2021-02-09 22:00:00+00:00,125.609,125.74,125.564,125.729,1180.0
2021-02-10 22:00:00+00:00,125.737,125.77,125.685,125.693,844.0
2021-02-11 22:00:00+00:00,125.7,125.748,125.57,125.574,1031.0
2021-02-14 22:00:00+00:00,125.568,125.576,125.429,125.453,328.0
2021-02-15 22:00:00+00:00,125.47,125.537,125.222,125.222,1946.0
2021-02-16 22:00:00+00:00,125.215,125.366,125.115,125.358,3342.0
2021-02-17 22:00:00+00:00,125.366,125.415,125.258,125.353,1474.0
2021-02-18 22:00:00+00:00,125.353,125.385,125.191,125.262,1866.0
2021-02-21 22:00:00+00:00,125.244,125.285,125.081,125.161,4574.0
2021-02-22 22:00:00+00:00,125.169,125.327,125.154,125.312,3045.0
2021-02-23 22:00:00+00:00,125.32,125.39,125.033,125.129,4378.0
2021-02-24 22:00:00+00:00,125.121,125.137,123.812,124.023,14333.0
2021-02-25 22:00:00+00:00,124.082,124.617,123.945,124.483,24904.0
2021-02-28 22:00:00+00:00,124.464,124.714,124.464,124.665,10807.0
2021-03-01 22:00:00+00:00,124.657,124.851,124.57,124.835,3201.0
2021-03-02 22:00:00+00:00,124.835,124.835,124.411,124.473,4447.0
2021-03-03 22:00:00+00:00,124.481,124.613,124.189,124.197,4418.0
2021-03-04 22:00:00+00:00,124.213,124.321,123.922,124.14,6225.0
2021-03-07 22:00:00+00:00,124.062,124.097,123.79,123.829,4036.0
2021-03-08 22:00:00+00:00,123.821,124.077,123.821,124.07,4775.0
2021-03-09 22:00:00+00:00,124.069,124.224,123.959,124.177,3110.0
2021-03-10 22:00:00+00:00,124.177,124.45,124.105,124.183,5583.0
2021-03-11 22:00:00+00:00,124.167,124.23,123.837,123.938,4812.0
2021-03-14 21:00:00+00:00,123.934,124.011,123.855,123.987,2392.0
2021-03-15 21:00:00+00:00,123.987,124.103,123.947,123.969,2475.0
2021-03-16 21:00:00+00:00,123.961,124.359,123.827,124.179,4901.0
2021-03-17 21:00:00+00:00,124.171,124.264,123.653,123.856,5023.0
2021-03-18 21:00:00+00:00,123.855,124.011,123.674,123.771,5778.0
2021-03-21 21:00:00+00:00,123.787,124.036,123.771,123.863,3384.0
2021-03-22 21:00:00+00:00,123.879,124.112,123.855,124.08,2688.0
2021-03-23 21:00:00+00:00,124.076,124.205,124.001,124.133,2691.0
2021-03-24 21:00:00+00:00,124.141,124.249,124.047,124.127,3171.0
2021-03-25 21:00:00+00:00,124.131,124.232,123.988,123.996,2295.0
2021-03-28 21:00:00+00:00,124.003,124.132,123.818,123.857,1956.0
2021-03-29 21:00:00+00:00,123.857,123.88,123.551,123.8,2875.0
2021-03-30 21:00:00+00:00,123.78,123.784,123.567,123.579,3025.0
2021-03-31 21:00:00+00:00,123.618,123.835,123.555,123.765,1878.0
2021-04-01 21:00:00+00:00,123.78,123.788,123.364,123.395,2218.0
2021-04-04 21:00:00+00:00,123.359,123.647,123.311,123.639,1710.0
2021-04-05 21:00:00+00:00,123.647,123.927,123.575,123.887,1759.0
2021-04-06 21:00:00+00:00,123.879,124.042,123.84,123.901,1705.0
2021-04-07 21:00:00+00:00,123.901,124.079,123.901,124.063,1357.0
2021-04-08 21:00:00+00:00,124.063,124.079,123.733,123.913,2262.0
2021-04-11 21:00:00+00:00,123.889,123.962,123.735,123.82,1489.0
2021-04-12 21:00:00+00:00,123.82,124.045,123.671,124.03,2828.0
2021-04-13 21:00:00+00:00,124.029,124.053,123.84,123.941,1558.0
2021-04-14 21:00:00+00:00,123.934,124.276,123.894,124.127,2758.0
2021-04-15 21:00:00+00:00,124.135,124.182,124.031,124.063,1979.0
2021-04-18 21:00:00+00:00,124.074,124.191,123.948,124.096,1606.0
2021-04-19 21:00:00+00:00,124.095,124.289,123.993,124.277,2136.0
2021-04-20 21:00:00+00:00,124.266,124.319,124.178,124.256,1476.0
2021-04-21 21:00:00+00:00,124.256,124.341,124.106,124.285,2129.0
2021-04-22 21:00:00+00:00,124.285,124.323,124.119,124.15,1690.0
2021-04-25 21:00:00+00:00,124.13,124.168,124.02,124.089,2466.0
2021-04-26 21:00:00+00:00,124.089,124.097,123.915,123.931,2424.0
2021-04-27 21:00:00+00:00,123.938,124.093,123.827,124.085,3855.0
2021-04-28 21:00:00+00:00,124.085,124.085,123.826,124.028,2533.0
2021-04-29 21:00:00+00:00,124.02,124.12,123.95,124.112,2476.0
2021-05-02 21:00:00+00:00,124.061,124.263,123.974,124.216,2355.0
2021-05-03 21:00:00+00:00,124.204,124.378,124.105,124.237,3045.0
2021-05-04 21:00:00+00:00,124.237,124.376,124.118,124.36,3337.0
2021-05-05 21:00:00+00:00,124.352,124.414,124.303,124.303,3068.0
2021-05-06 21:00:00+00:00,124.303,124.755,124.295,124.489,6716.0
2021-05-09 21:00:00+00:00,124.485,124.577,124.428,124.436,3354.0
2021-05-10 21:00:00+00:00,124.459,124.506,124.325,124.356,3426.0
2021-05-11 21:00:00+00:00,124.356,124.394,124.01,124.056,4423.0
2021-05-12 21:00:00+00:00,124.072,124.274,124.047,124.242,3500.0
2021-05-13 21:00:00+00:00,124.242,124.374,124.217,124.295,2272.0
2021-05-16 21:00:00+00:00,124.295,124.407,124.187,124.191,1904.0
2021-05-17 21:00:00+00:00,124.195,124.295,124.195,124.279,1483.0
2021-05-18 21:00:00+00:00,124.287,124.387,124.027,124.089,3397.0
2021-05-19 21:00:00+00:00,124.073,124.337,124.073,124.329,1982.0
2021-05-20 21:00:00+00:00,124.314,124.359,124.219,124.288,2075.0
2021-05-23 21:00:00+00:00,124.3,124.392,124.268,124.368,2144.0
2021-05-24 21:00:00+00:00,124.376,124.542,124.36,124.522,2626.0
2021-05-25 21:00:00+00:00,124.522,124.544,124.428,124.435,2735.0
2021-05-26 21:00:00+00:00,124.435,124.489,124.306,124.352,3039.0
2021-05-27 21:00:00+00:00,124.368,124.513,124.286,124.402,2186.0
2021-05-30 21:00:00+00:00,124.393,124.42,124.344,124.405,228.0
2021-05-31 21:00:00+00:00,124.388,124.411,124.291,124.383,2184.0
2021-06-01 21:00:00+00:00,124.383,124.474,124.343,124.434,1462.0
2021-06-02 21:00:00+00:00,124.441,124.449,124.178,124.193,1779.0
2021-06-03 21:00:00+00:00,124.193,124.518,124.159,124.502,2753.0
2021-06-06 21:00:00+00:00,124.493,124.493,124.38,124.418,652.0
2021-06-07 21:00:00+00:00,124.433,124.618,124.424,124.538,1376.0
2021-06-08 21:00:00+00:00,124.538,124.786,124.522,124.651,1416.0
2021-06-09 21:00:00+00:00,124.643,124.827,124.405,124.819,3219.0
2021-06-10 21:00:00+00:00,124.819,124.872,124.634,124.681,1866.0
2021-06-13 21:00:00+00:00,124.655,124.671,124.432,124.455,965.0
2021-06-14 21:00:00+00:00,124.462,124.515,124.419,124.45,1620.0
2021-06-15 21:00:00+00:00,124.45,124.501,123.732,123.833,4933.0
2021-06-16 21:00:00+00:00,123.817,123.931,123.731,123.868,3957.0
2021-06-17 21:00:00+00:00,123.868,124.038,123.355,123.832,6250.0
2021-06-20 21:00:00+00:00,123.818,123.966,123.576,123.778,5408.0
2021-06-21 21:00:00+00:00,123.778,123.97,123.706,123.938,3160.0
2021-06-22 21:00:00+00:00,123.946,124.0,123.777,123.792,2614.0
2021-06-23 21:00:00+00:00,123.784,123.883,123.717,123.725,3457.0
2021-06-24 21:00:00+00:00,123.732,123.808,123.619,123.681,3073.0
2021-06-27 21:00:00+00:00,123.663,123.816,123.655,123.776,1839.0
2021-06-28 21:00:00+00:00,123.776,123.811,123.664,123.795,1713.0
2021-06-29 21:00:00+00:00,123.803,123.902,123.77,123.787,2260.0
2021-06-30 21:00:00+00:00,123.79,123.834,123.677,123.762,1817.0
2021-07-01 21:00:00+00:00,123.754,123.969,123.591,123.969,4309.0
2021-07-04 21:00:00+00:00,123.944,123.959,123.912,123.94,282.0
2021-07-05 21:00:00+00:00,123.939,124.296,123.867,124.24,3031.0
2021-07-06 21:00:00+00:00,124.224,124.331,124.135,124.322,5020.0
2021-07-07 21:00:00+00:00,124.306,124.632,124.266,124.536,4791.0
2021-07-08 21:00:00+00:00,124.52,124.536,124.305,124.32,2484.0
2021-07-11 21:00:00+00:00,124.31,124.426,124.177,124.266,2611.0
2021-07-12 21:00:00+00:00,124.274,124.334,123.934,123.98,5782.0
2021-07-13 21:00:00+00:00,123.979,124.253,123.955,124.241,3378.0
2021-07-14 21:00:00+00:00,124.233,124.364,124.144,124.291,3651.0
2021-07-15 21:00:00+00:00,124.307,124.319,124.084,124.302,2452.0
2021-07-18 21:00:00+00:00,124.3,124.869,124.292,124.64,4442.0
2021-07-19 21:00:00+00:00,124.648,125.037,124.593,124.761,6760.0
2021-07-20 21:00:00+00:00,124.769,124.9,124.498,124.513,5300.0
2021-07-21 21:00:00+00:00,124.529,124.729,124.409,124.603,4008.0
2021-07-22 21:00:00+00:00,124.618,124.685,124.525,124.641,2368.0
2021-07-25 21:00:00+00:00,124.635,124.806,124.56,124.583,3884.0
2021-07-26 21:00:00+00:00,124.583,124.776,124.574,124.692,3459.0
2021-07-27 21:00:00+00:00,124.68,124.762,124.441,124.707,6313.0
2021-07-28 21:00:00+00:00,124.707,124.722,124.532,124.577,4396.0
2021-07-29 21:00:00+00:00,124.577,124.807,124.577,124.799,2746.0
2021-08-01 21:00:00+00:00,124.782,125.052,124.766,124.957,3765.0
2021-08-02 21:00:00+00:00,124.957,125.087,124.877,124.992,3234.0
2021-08-03 21:00:00+00:00,124.984,125.215,124.738,124.83,4200.0
2021-08-04 21:00:00+00:00,124.834,124.853,124.537,124.575,3394.0
2021-08-05 21:00:00+00:00,124.583,124.583,124.329,124.359,4736.0
2021-08-08 21:00:00+00:00,124.333,124.487,124.18,124.204,2605.0
2021-08-09 21:00:00+00:00,124.196,124.265,124.027,124.042,2884.0
2021-08-10 21:00:00+00:00,124.042,124.265,123.926,124.147,4728.0
2021-08-11 21:00:00+00:00,124.147,124.217,124.025,124.048,2669.0
2021-08-12 21:00:00+00:00,124.056,124.31,124.036,124.31,1998.0
2021-08-15 21:00:00+00:00,124.308,124.532,124.28,124.35,2935.0
2021-08-16 21:00:00+00:00,124.35,124.539,124.292,124.306,2749.0
2021-08-17 21:00:00+00:00,124.314,124.365,124.13,124.317,3888.0
2021-08-18 21:00:00+00:00,124.286,124.463,124.266,124.289,2793.0
2021-08-19 21:00:00+00:00,124.304,124.368,124.187,124.222,2270.0
2021-08-22 21:00:00+00:00,124.212,124.294,124.116,124.286,1472.0
2021-08-23 21:00:00+00:00,124.278,124.285,124.14,124.148,1617.0
2021-08-24 21:00:00+00:00,124.148,124.209,123.979,124.034,2607.0
2021-08-25 21:00:00+00:00,124.026,124.056,123.889,123.945,3534.0
2021-08-26 21:00:00+00:00,123.945,124.231,123.863,124.199,3081.0
2021-08-29 21:00:00+00:00,124.196,124.372,124.183,124.356,1235.0
2021-08-30 21:00:00+00:00,124.356,124.426,124.274,124.32,2968.0
2021-08-31 21:00:00+00:00,124.312,124.411,124.216,124.315,2852.0
2021-09-01 21:00:00+00:00,124.315,124.406,124.291,124.365,1064.0
2021-09-02 21:00:00+00:00,124.357,124.542,124.259,124.297,2480.0
2021-09-05 21:00:00+00:00,124.286,124.286,124.244,124.259,174.0
2021-09-06 21:00:00+00:00,124.266,124.273,124.05,124.072,1353.0
2021-09-07 21:00:00+00:00,124.096,124.201,124.061,124.13,1767.0
2021-09-08 21:00:00+00:00,124.13,124.322,124.087,124.235,2278.0
2021-09-09 21:00:00+00:00,124.219,124.265,124.054,124.112,1511.0
2021-09-12 21:00:00+00:00,124.109,124.216,124.045,124.136,1101.0
2021-09-13 21:00:00+00:00,124.136,124.336,124.046,124.225,2806.0
2021-09-14 21:00:00+00:00,124.217,124.277,124.103,124.173,2083.0
2021-09-15 21:00:00+00:00,124.18,124.18,123.91,123.94,1848.0
2021-09-16 21:00:00+00:00,123.956,123.977,123.74,123.849,1400.0
2021-09-19 21:00:00+00:00,123.838,124.077,123.799,123.998,1416.0
2021-09-20 21:00:00+00:00,123.998,124.097,123.87,123.977,1519.0
2021-09-21 21:00:00+00:00,123.985,124.036,123.73,123.847,4297.0
2021-09-22 21:00:00+00:00,123.854,123.854,123.348,123.363,2814.0
2021-09-23 21:00:00+00:00,123.371,123.517,123.288,123.358,2118.0
2021-09-26 21:00:00+00:00,123.332,123.401,123.125,123.17,3171.0
2021-09-27 21:00:00+00:00,123.182,123.224,122.956,123.071,3800.0
2021-09-28 21:00:00+00:00,123.063,123.249,123.008,123.215,3222.0
2021-09-29 21:00:00+00:00,123.223,123.343,123.039,123.336,2738.0
2021-09-30 21:00:00+00:00,123.32,123.542,123.271,123.527,3336.0
2021-10-03 21:00:00+00:00,123.532,123.586,123.34,123.425,2267.0
2021-10-04 21:00:00+00:00,123.433,123.44,123.21,123.291,1945.0
2021-10-05 21:00:00+00:00,123.287,123.287,123.103,123.235,2837.0
2021-10-06 21:00:00+00:00,123.234,123.248,123.01,123.034,1957.0
2021-10-07 21:00:00+00:00,123.034,123.179,122.829,122.84,4422.0
2021-10-10 21:00:00+00:00,122.81,122.814,122.614,122.629,1410.0
2021-10-11 21:00:00+00:00,122.645,122.814,122.621,122.726,3246.0
2021-10-12 21:00:00+00:00,122.718,122.816,122.409,122.69,4426.0
2021-10-13 21:00:00+00:00,122.69,122.858,122.634,122.787,2923.0
2021-10-14 21:00:00+00:00,122.771,122.801,122.421,122.429,2540.0
2021-10-17 21:00:00+00:00,122.403,122.403,122.04,122.171,5237.0
2021-10-18 21:00:00+00:00,122.171,122.396,122.167,122.236,2990.0
2021-10-19 21:00:00+00:00,122.236,122.405,122.079,122.224,3615.0
2021-10-20 21:00:00+00:00,122.231,122.269,121.803,121.803,4131.0
2021-10-21 21:00:00+00:00,121.85,122.05,121.752,122.025,5224.0
2021-10-24 21:00:00+00:00,122.0,122.192,121.919,122.151,2778.0
2021-10-25 21:00:00+00:00,122.151,122.188,121.968,122.123,2295.0
2021-10-26 21:00:00+00:00,122.115,122.299,121.873,122.181,6651.0
2021-10-27 21:00:00+00:00,122.157,122.31,121.883,122.082,10181.0
2021-10-28 21:00:00+00:00,122.081,122.175,121.71,122.061,7926.0
2021-10-31 21:00:00+00:00,121.988,122.101,121.852,122.077,4609.0
2021-11-01 21:00:00+00:00,122.061,122.394,121.99,122.252,4134.0
2021-11-02 21:00:00+00:00,122.221,122.351,121.872,122.059,7676.0
2021-11-03 21:00:00+00:00,122.059,122.58,122.027,122.462,5338.0
2021-11-04 21:00:00+00:00,122.446,122.801,122.27,122.715,5919.0
2021-11-07 22:00:00+00:00,122.646,122.728,122.347,122.379,3327.0
2021-11-08 22:00:00+00:00,122.386,122.681,122.386,122.554,4466.0
2021-11-09 22:00:00+00:00,122.553,122.565,121.766,121.828,7743.0
2021-11-10 22:00:00+00:00,121.836,121.852,121.55,121.612,1636.0
2021-11-11 22:00:00+00:00,121.596,121.878,121.58,121.791,3706.0
2021-11-14 22:00:00+00:00,121.745,121.884,121.6,121.631,3861.0
2021-11-15 22:00:00+00:00,121.631,121.76,121.479,121.563,5019.0
2021-11-16 22:00:00+00:00,121.548,121.746,121.492,121.715,3356.0
2021-11-17 22:00:00+00:00,121.699,121.817,121.61,121.765,3272.0
2021-11-18 22:00:00+00:00,121.749,122.161,121.669,121.728,5861.0
2021-11-21 22:00:00+00:00,121.655,121.725,121.205,121.236,5866.0
2021-11-22 22:00:00+00:00,121.252,121.336,121.061,121.231,5923.0
2021-11-23 22:00:00+00:00,121.231,121.425,121.044,121.164,6657.0
2021-11-24 22:00:00+00:00,121.171,121.179,121.092,121.14,941.0
2021-11-25 22:00:00+00:00,121.198,122.142,121.198,121.98,11500.0
2021-11-28 22:00:00+00:00,121.84,122.18,121.675,122.173,7176.0
2021-11-29 22:00:00+00:00,122.16,122.594,121.759,122.041,13181.0
2021-11-30 22:00:00+00:00,121.993,122.184,121.621,122.137,7759.0
2021-12-01 22:00:00+00:00,122.129,122.145,121.653,121.754,7069.0
2021-12-02 22:00:00+00:00,121.753,122.227,121.628,122.141,8926.0
2021-12-05 22:00:00+00:00,122.034,122.034,121.73,121.777,4063.0
2021-12-06 22:00:00+00:00,121.8,121.831,121.457,121.492,3868.0
2021-12-07 22:00:00+00:00,121.496,121.705,121.315,121.388,5680.0
2021-12-08 22:00:00+00:00,121.399,121.619,121.324,121.397,4821.0
2021-12-09 22:00:00+00:00,121.389,121.691,121.205,121.509,4924.0
2021-12-12 22:00:00+00:00,121.485,121.783,121.386,121.743,3056.0
2021-12-13 22:00:00+00:00,121.735,121.748,121.495,121.556,3746.0
2021-12-14 22:00:00+00:00,121.548,121.656,121.221,121.495,7082.0
2021-12-15 22:00:00+00:00,121.503,121.929,121.384,121.929,7131.0
2021-12-16 22:00:00+00:00,121.913,122.043,121.774,121.86,4672.0
2021-12-19 22:00:00+00:00,121.911,122.183,121.889,121.913,5201.0
2021-12-20 22:00:00+00:00,121.905,121.983,121.562,121.655,2657.0
2021-12-21 22:00:00+00:00,121.655,121.741,121.514,121.642,2398.0
2021-12-22 22:00:00+00:00,121.645,121.68,121.51,121.541,2097.0
2021-12-26 22:00:00+00:00,121.523,121.531,121.387,121.478,1243.0
2021-12-27 22:00:00+00:00,121.478,121.545,121.435,121.488,1060.0
2021-12-28 22:00:00+00:00,121.507,121.589,121.271,121.325,2166.0
2021-12-29 22:00:00+00:00,121.333,121.515,121.324,121.492,1737.0
2021-12-30 22:00:00+00:00,121.476,121.566,121.4,121.407,1552.0
2022-01-02 22:00:00+00:00,121.383,121.403,120.942,121.02,2550.0
2022-01-03 22:00:00+00:00,121.016,121.059,120.836,121.007,4153.0
2022-01-04 22:00:00+00:00,121.014,121.044,120.593,120.64,4186.0
2022-01-05 22:00:00+00:00,120.632,120.725,120.345,120.395,4181.0
2022-01-06 22:00:00+00:00,120.39,120.476,120.119,120.251,4511.0
2022-01-09 22:00:00+00:00,120.184,120.205,119.961,120.108,3733.0
2022-01-10 22:00:00+00:00,120.092,120.212,119.884,120.196,4222.0
2022-01-11 22:00:00+00:00,120.204,120.334,120.06,120.081,3866.0
2022-01-12 22:00:00+00:00,120.072,120.389,120.033,120.333,2593.0
2022-01-13 22:00:00+00:00,120.325,120.365,119.904,119.912,4230.0
2022-01-16 22:00:00+00:00,119.876,119.888,119.613,119.644,1678.0
2022-01-17 22:00:00+00:00,119.651,119.721,119.363,119.387,4849.0
2022-01-18 22:00:00+00:00,119.386,119.664,119.212,119.42,4487.0
2022-01-19 22:00:00+00:00,119.337,119.751,119.333,119.727,4112.0
2022-01-20 22:00:00+00:00,119.719,120.045,119.704,119.886,5354.0
2022-01-23 22:00:00+00:00,119.788,120.222,119.701,119.963,7310.0
2022-01-24 22:00:00+00:00,119.962,120.107,119.818,119.91,6785.0
2022-01-25 22:00:00+00:00,119.925,119.968,119.214,119.269,8648.0
2022-01-26 22:00:00+00:00,119.284,119.484,119.171,119.334,7657.0
2022-01-27 22:00:00+00:00,119.318,119.578,119.134,119.571,5799.0
2022-01-30 22:00:00+00:00,119.41,119.593,119.347,119.561,5177.0
2022-01-31 22:00:00+00:00,119.576,119.777,119.345,119.516,5060.0
2022-02-01 22:00:00+00:00,119.453,119.714,119.445,119.572,4014.0
2022-02-02 22:00:00+00:00,119.58,119.697,119.214,119.261,7300.0
2022-02-03 22:00:00+00:00,119.284,119.328,118.645,118.73,7652.0
2022-02-06 22:00:00+00:00,118.664,118.815,118.593,118.752,3919.0
2022-02-07 22:00:00+00:00,118.767,118.783,118.468,118.495,4064.0
2022-02-08 22:00:00+00:00,118.472,118.712,118.427,118.458,4670.0
2022-02-09 22:00:00+00:00,118.45,118.619,117.556,117.74,9785.0
2022-02-10 22:00:00+00:00,117.747,118.369,117.542,118.165,13511.0
2022-02-13 22:00:00+00:00,118.243,118.362,117.667,117.842,13912.0
2022-02-14 22:00:00+00:00,117.842,117.959,117.62,117.711,8879.0
2022-02-15 22:00:00+00:00,117.711,118.019,117.668,117.846,10433.0
2022-02-16 22:00:00+00:00,117.83,118.247,117.822,118.239,12040.0
2022-02-17 22:00:00+00:00,118.286,118.427,118.073,118.351,7511.0
2022-02-20 22:00:00+00:00,118.366,118.5,118.196,118.452,4650.0
2022-02-21 22:00:00+00:00,118.556,118.621,118.04,118.085,11073.0
2022-02-22 22:00:00+00:00,118.093,118.138,117.84,117.915,7001.0
2022-02-23 22:00:00+00:00,117.962,118.679,117.938,118.074,27663.0
2022-02-24 22:00:00+00:00,118.094,118.214,117.777,118.043,12076.0
2022-02-27 22:00:00+00:00,118.505,118.886,118.34,118.815,17292.0
2022-02-28 22:00:00+00:00,118.783,119.847,118.602,119.493,25526.0
2022-03-01 22:00:00+00:00,119.469,119.821,118.508,118.634,21741.0
2022-03-02 22:00:00+00:00,118.704,118.9,118.474,118.731,17158.0
2022-03-03 22:00:00+00:00,118.716,119.523,118.606,119.229,30312.0
2022-03-06 22:00:00+00:00,119.283,119.663,118.81,118.832,23503.0
2022-03-07 22:00:00+00:00,118.832,118.91,118.287,118.491,18697.0
2022-03-08 22:00:00+00:00,118.502,118.576,117.945,117.953,15767.0
2022-03-09 22:00:00+00:00,117.961,118.163,117.589,117.721,16503.0
2022-03-10 22:00:00+00:00,117.737,117.917,117.475,117.58,10952.0
2022-03-13 21:00:00+00:00,117.579,117.611,116.811,116.874,12125.0
2022-03-14 21:00:00+00:00,116.873,117.216,116.669,116.791,7592.0
2022-03-15 21:00:00+00:00,116.775,116.892,116.121,116.379,13556.0
2022-03-16 21:00:00+00:00,116.379,116.733,116.285,116.547,11334.0
2022-03-17 21:00:00+00:00,116.563,116.741,116.419,116.551,7885.0
2022-03-20 21:00:00+00:00,116.476,116.503,115.52,115.606,7117.0
2022-03-21 21:00:00+00:00,115.582,115.64,115.217,115.233,7762.0
2022-03-22 21:00:00+00:00,115.256,115.684,115.091,115.644,8598.0
2022-03-23 21:00:00+00:00,115.632,115.644,115.148,115.233,9205.0
2022-03-24 21:00:00+00:00,115.248,115.357,114.335,114.523,13586.0
2022-03-27 21:00:00+00:00,114.464,114.672,113.878,114.401,14220.0
2022-03-28 21:00:00+00:00,114.393,114.798,113.967,114.671,16481.0
2022-03-29 21:00:00+00:00,114.695,115.054,114.574,114.973,13612.0
2022-03-30 21:00:00+00:00,114.996,115.238,114.812,114.843,12926.0
2022-03-31 21:00:00+00:00,114.808,114.843,114.213,114.314,13547.0
2022-04-03 21:00:00+00:00,114.251,114.531,114.109,114.388,9752.0
2022-04-04 21:00:00+00:00,114.38,114.529,113.625,113.718,9164.0
2022-04-05 21:00:00+00:00,113.686,113.981,113.246,113.824,14748.0
2022-04-06 21:00:00+00:00,113.816,114.137,113.726,113.749,13614.0
2022-04-07 21:00:00+00:00,113.741,113.921,113.37,113.533,12394.0
2022-04-10 21:00:00+00:00,113.439,113.493,113.148,113.42,11998.0
2022-04-11 21:00:00+00:00,113.427,114.207,113.167,113.948,16527.0
2022-04-12 21:00:00+00:00,113.968,114.564,113.696,114.132,16963.0
2022-04-13 21:00:00+00:00,114.093,114.521,113.486,113.58,16355.0
2022-04-17 21:00:00+00:00,113.434,113.651,113.245,113.509,8786.0
2022-04-18 21:00:00+00:00,113.485,113.625,112.823,112.87,12898.0
2022-04-19 21:00:00+00:00,112.874,113.22,112.697,113.117,14791.0
2022-04-20 21:00:00+00:00,113.078,113.164,112.401,112.58,14772.0
2022-04-21 21:00:00+00:00,112.592,112.851,112.266,112.799,15586.0
2022-04-24 21:00:00+00:00,112.713,113.591,112.662,113.12,13649.0
2022-04-25 21:00:00+00:00,113.038,113.782,112.868,113.782,15277.0
2022-04-26 21:00:00+00:00,113.766,113.859,113.269,113.347,15507.0
2022-04-27 21:00:00+00:00,113.331,113.565,112.952,113.273,15653.0
2022-04-28 21:00:00+00:00,113.327,113.327,112.659,112.728,13283.0
2022-05-01 21:00:00+00:00,112.68,112.863,112.419,112.489,10243.0
2022-05-02 21:00:00+00:00,112.477,112.8,112.315,112.415,10474.0
2022-05-03 21:00:00+00:00,112.399,113.131,112.255,112.998,11489.0
2022-05-04 21:00:00+00:00,112.998,113.177,112.345,112.548,13094.0
2022-05-05 21:00:00+00:00,112.516,112.733,112.238,112.262,16907.0
2022-05-08 21:00:00+00:00,112.324,113.017,112.136,112.899,14914.0
2022-05-09 21:00:00+00:00,112.907,113.312,112.749,113.021,17947.0
2022-05-10 21:00:00+00:00,113.028,113.363,112.517,113.064,19178.0
2022-05-11 21:00:00+00:00,113.048,113.639,113.048,113.404,20016.0
2022-05-12 21:00:00+00:00,113.419,113.443,113.025,113.243,13817.0
2022-05-15 21:00:00+00:00,113.188,113.561,113.066,113.427,13215.0
2022-05-16 21:00:00+00:00,113.482,113.525,112.73,112.758,14067.0
2022-05-17 21:00:00+00:00,112.742,113.161,112.614,113.059,13783.0
2022-05-18 21:00:00+00:00,113.098,113.62,112.933,113.313,16784.0
2022-05-19 21:00:00+00:00,113.36,113.599,113.162,113.497,11474.0
2022-05-22 21:00:00+00:00,113.442,113.473,113.086,113.156,10413.0
2022-05-23 21:00:00+00:00,113.226,113.889,113.108,113.778,13255.0
2022-05-24 21:00:00+00:00,113.731,114.049,113.676,113.954,11366.0
2022-05-25 21:00:00+00:00,113.946,114.194,113.805,113.994,11625.0
2022-05-26 21:00:00+00:00,113.99,114.071,113.849,113.927,5867.0
2022-05-29 21:00:00+00:00,113.91,113.942,113.459,113.479,3465.0
2022-05-30 21:00:00+00:00,113.537,113.653,113.291,113.458,10133.0
2022-05-31 21:00:00+00:00,113.462,113.47,112.764,112.94,9000.0
2022-06-01 21:00:00+00:00,112.959,113.023,112.757,112.959,7798.0
2022-06-02 21:00:00+00:00,112.959,113.005,112.65,112.845,7996.0
2022-06-05 21:00:00+00:00,112.773,112.867,112.338,112.361,6097.0
2022-06-06 21:00:00+00:00,112.361,112.711,112.226,112.592,6908.0
2022-06-07 21:00:00+00:00,112.6,112.616,112.307,112.4,6022.0
2022-06-08 21:00:00+00:00,112.376,112.484,112.114,112.223,10147.0
2022-06-09 21:00:00+00:00,112.246,112.299,111.261,111.285,13041.0
2022-06-12 21:00:00+00:00,111.233,111.233,109.774,110.26,24365.0
2022-06-13 21:00:00+00:00,110.162,110.878,109.636,109.777,18135.0
2022-06-14 21:00:00+00:00,109.734,110.848,109.734,110.808,16417.0
2022-06-15 21:00:00+00:00,110.8,111.263,109.786,111.188,13219.0
2022-06-16 21:00:00+00:00,111.126,111.225,110.534,110.894,10537.0
2022-06-19 21:00:00+00:00,110.76,110.955,110.595,110.709,3164.0
2022-06-20 21:00:00+00:00,110.708,110.91,110.559,110.846,6167.0
2022-06-21 21:00:00+00:00,110.822,111.65,110.798,111.504,7549.0
2022-06-22 21:00:00+00:00,111.492,112.485,111.443,111.911,10992.0
2022-06-23 21:00:00+00:00,111.954,112.286,111.721,111.782,9699.0
2022-06-26 21:00:00+00:00,111.828,111.866,111.315,111.455,6449.0
2022-06-27 21:00:00+00:00,111.424,111.619,111.202,111.553,6839.0
2022-06-28 21:00:00+00:00,111.521,112.003,111.464,111.98,8030.0
2022-06-29 21:00:00+00:00,111.98,112.666,111.916,112.489,7957.0
2022-06-30 21:00:00+00:00,112.512,113.783,112.438,113.375,10797.0
2022-07-03 21:00:00+00:00,113.323,113.459,113.159,113.205,2861.0
2022-07-04 21:00:00+00:00,113.232,113.813,112.878,113.569,9932.0
2022-07-05 21:00:00+00:00,113.529,113.981,112.765,112.773,11162.0
2022-07-06 21:00:00+00:00,112.788,112.984,112.377,112.518,8407.0
2022-07-07 21:00:00+00:00,112.525,112.705,111.935,112.082,7725.0
2022-07-10 21:00:00+00:00,112.007,112.603,111.956,112.367,5287.0
2022-07-11 21:00:00+00:00,112.367,112.866,112.367,112.559,6784.0
2022-07-12 21:00:00+00:00,112.555,112.798,111.913,112.46,10594.0
2022-07-13 21:00:00+00:00,112.507,112.558,111.87,112.284,9998.0
2022-07-14 21:00:00+00:00,112.276,112.7,112.195,112.413,8691.0
2022-07-17 21:00:00+00:00,112.345,112.521,111.981,112.118,5144.0
2022-07-18 21:00:00+00:00,112.125,112.288,111.839,111.87,5795.0
2022-07-19 21:00:00+00:00,111.859,112.283,111.757,111.835,5759.0
2022-07-20 21:00:00+00:00,111.827,112.763,111.652,112.692,8402.0
2022-07-21 21:00:00+00:00,112.739,113.582,112.558,113.377,9558.0
2022-07-24 21:00:00+00:00,113.314,113.317,113.052,113.223,5803.0
2022-07-25 21:00:00+00:00,113.211,113.612,113.078,113.086,5683.0
2022-07-26 21:00:00+00:00,113.109,113.63,113.015,113.352,9520.0
2022-07-27 21:00:00+00:00,113.371,114.261,113.166,114.025,10457.0
2022-07-28 21:00:00+00:00,113.993,114.18,113.662,114.099,9034.0
2022-07-31 21:00:00+00:00,114.015,114.251,113.876,114.223,7206.0
2022-08-01 21:00:00+00:00,114.211,114.496,113.079,113.149,10469.0
2022-08-02 21:00:00+00:00,113.137,113.399,112.551,113.255,9320.0
2022-08-03 21:00:00+00:00,113.251,113.619,113.041,113.415,7941.0
2022-08-04 21:00:00+00:00,113.458,113.524,112.441,112.616,8583.0
2022-08-07 21:00:00+00:00,112.462,112.889,112.439,112.802,5197.0
2022-08-08 21:00:00+00:00,112.818,112.871,112.416,112.532,4494.0
2022-08-09 21:00:00+00:00,112.508,113.382,112.365,112.755,8157.0
2022-08-10 21:00:00+00:00,112.786,113.135,112.437,112.516,6668.0
2022-08-11 21:00:00+00:00,112.5,112.771,112.421,112.593,6585.0
2022-08-14 21:00:00+00:00,112.518,112.942,112.414,112.827,4790.0
2022-08-15 21:00:00+00:00,112.862,112.905,112.433,112.525,5170.0
2022-08-16 21:00:00+00:00,112.486,112.524,111.923,112.098,7246.0
2022-08-17 21:00:00+00:00,112.094,112.467,111.94,112.211,6882.0
2022-08-18 21:00:00+00:00,112.25,112.266,111.77,111.941,5286.0
2022-08-21 21:00:00+00:00,111.936,112.025,111.479,111.596,4665.0
2022-08-22 21:00:00+00:00,111.592,111.909,111.385,111.58,6095.0
2022-08-23 21:00:00+00:00,111.611,111.742,111.216,111.313,4889.0
2022-08-24 21:00:00+00:00,111.325,111.556,111.264,111.524,4915.0
2022-08-25 21:00:00+00:00,111.54,111.623,111.185,111.262,7958.0
2022-08-28 21:00:00+00:00,111.262,111.262,110.826,111.061,5665.0
2022-08-29 21:00:00+00:00,111.053,111.288,110.763,110.982,5323.0
2022-08-30 21:00:00+00:00,110.963,111.052,110.614,110.618,5750.0
2022-08-31 21:00:00+00:00,110.641,110.77,110.23,110.433,6991.0
2022-09-01 21:00:00+00:00,110.409,111.07,110.386,110.94,6490.0
2022-09-04 21:00:00+00:00,110.938,111.064,110.613,110.699,3006.0
2022-09-05 21:00:00+00:00,110.687,110.82,110.178,110.225,6964.0
2022-09-06 21:00:00+00:00,110.241,110.686,110.147,110.654,5211.0
2022-09-07 21:00:00+00:00,110.639,110.986,110.325,110.36,7603.0
2022-09-08 21:00:00+00:00,110.364,110.715,110.222,110.289,6108.0
2022-09-11 21:00:00+00:00,110.228,110.548,110.158,110.243,4569.0
2022-09-12 21:00:00+00:00,110.251,110.579,109.445,109.609,7545.0
2022-09-13 21:00:00+00:00,109.624,109.698,109.276,109.491,6286.0
2022-09-14 21:00:00+00:00,109.479,109.53,109.099,109.193,5452.0
2022-09-15 21:00:00+00:00,109.204,109.458,109.036,109.364,4859.0
2022-09-18 21:00:00+00:00,109.327,109.409,108.97,109.103,2937.0
2022-09-19 21:00:00+00:00,109.119,109.165,108.707,108.813,4944.0
2022-09-20 21:00:00+00:00,108.821,109.07,108.265,108.679,8750.0
2022-09-21 21:00:00+00:00,108.648,108.679,107.873,107.92,10144.0
2022-09-22 21:00:00+00:00,107.951,108.068,107.258,107.676,10721.0
2022-09-25 21:00:00+00:00,107.667,107.69,106.728,106.751,12784.0
2022-09-26 21:00:00+00:00,106.759,107.439,106.625,106.868,12986.0
2022-09-27 21:00:00+00:00,106.867,108.188,106.625,107.977,17552.0
2022-09-28 21:00:00+00:00,107.977,107.985,107.335,107.671,14228.0
2022-09-29 21:00:00+00:00,107.628,108.097,107.311,107.326,12059.0
2022-10-02 21:00:00+00:00,107.363,108.715,107.363,108.277,11014.0
2022-10-03 21:00:00+00:00,108.262,108.801,108.249,108.37,11386.0
2022-10-04 21:00:00+00:00,108.355,108.534,107.713,107.873,7776.0
2022-10-05 21:00:00+00:00,107.916,108.01,107.391,107.407,8298.0
2022-10-06 21:00:00+00:00,107.407,107.454,106.953,107.078,6581.0
2022-10-09 21:00:00+00:00,107.091,107.279,106.739,106.966,3880.0
2022-10-10 21:00:00+00:00,106.962,107.332,106.723,106.98,7364.0
2022-10-11 21:00:00+00:00,106.996,107.331,106.882,107.194,9062.0
2022-10-12 21:00:00+00:00,107.23,107.479,106.166,106.775,12133.0
2022-10-13 21:00:00+00:00,106.752,107.189,106.376,106.47,10205.0
2022-10-16 21:00:00+00:00,106.507,107.061,106.476,106.655,7119.0
2022-10-17 21:00:00+00:00,106.623,106.935,106.505,106.693,7090.0
2022-10-18 21:00:00+00:00,106.685,106.755,106.09,106.106,6073.0
2022-10-19 21:00:00+00:00,106.137,106.246,105.667,105.73,6999.0
2022-10-20 21:00:00+00:00,105.757,106.409,105.526,106.252,11264.0
2022-10-23 21:00:00+00:00,106.321,106.688,106.015,106.195,9606.0
2022-10-24 21:00:00+00:00,106.156,106.929,106.156,106.612,6262.0
2022-10-25 21:00:00+00:00,106.64,107.053,106.561,106.951,7617.0
2022-10-26 21:00:00+00:00,106.936,107.599,106.627,107.521,10176.0
2022-10-27 21:00:00+00:00,107.584,107.623,106.833,106.954,10041.0
2022-10-30 21:00:00+00:00,106.885,106.893,106.509,106.752,5573.0
2022-10-31 21:00:00+00:00,106.752,107.29,106.493,106.524,6633.0
2022-11-01 21:00:00+00:00,106.524,107.078,106.277,106.328,8897.0
2022-11-02 21:00:00+00:00,106.363,106.363,105.741,106.042,6867.0
2022-11-03 21:00:00+00:00,106.085,106.401,105.635,106.217,8630.0
2022-11-06 22:00:00+00:00,106.289,106.305,105.925,105.964,4840.0
2022-11-07 22:00:00+00:00,105.94,106.369,105.839,106.369,4518.0
2022-11-08 22:00:00+00:00,106.354,106.697,106.181,106.619,5974.0
2022-11-09 22:00:00+00:00,106.662,108.033,106.454,107.97,10049.0
2022-11-10 22:00:00+00:00,107.974,108.009,107.676,107.875,2985.0
2022-11-13 22:00:00+00:00,107.752,107.811,107.545,107.74,4064.0
2022-11-14 22:00:00+00:00,107.732,108.317,107.673,108.169,8204.0
2022-11-15 22:00:00+00:00,108.114,108.434,107.848,108.308,6928.0
2022-11-16 22:00:00+00:00,108.312,108.394,107.792,107.909,6142.0
2022-11-17 22:00:00+00:00,107.917,108.014,107.596,107.596,4528.0
2022-11-20 22:00:00+00:00,107.629,107.89,107.491,107.511,4577.0
2022-11-21 22:00:00+00:00,107.511,107.78,107.511,107.701,4077.0
2022-11-22 22:00:00+00:00,107.701,107.971,107.431,107.916,6560.0
2022-11-23 22:00:00+00:00,107.92,108.245,107.901,108.168,2340.0
2022-11-24 22:00:00+00:00,108.149,108.192,107.64,107.96,4155.0
2022-11-27 22:00:00+00:00,108.013,108.232,107.866,107.968,4337.0
2022-11-28 22:00:00+00:00,107.945,108.16,107.714,107.768,5479.0
2022-11-29 22:00:00+00:00,107.769,108.667,107.451,108.651,7901.0
2022-11-30 22:00:00+00:00,108.632,109.043,108.427,109.005,6473.0
2022-12-01 22:00:00+00:00,108.997,109.139,108.255,109.015,7707.0
2022-12-04 22:00:00+00:00,108.896,108.931,108.31,108.447,5813.0
2022-12-05 22:00:00+00:00,108.423,108.687,108.327,108.558,4747.0
2022-12-06 22:00:00+00:00,108.586,109.219,108.496,109.13,6724.0
2022-12-07 22:00:00+00:00,109.099,109.114,108.696,108.774,4903.0
2022-12-08 22:00:00+00:00,108.774,109.002,108.473,108.504,5487.0
2022-12-11 22:00:00+00:00,108.478,108.745,108.309,108.426,4454.0
2022-12-12 22:00:00+00:00,108.442,109.535,108.388,109.068,9118.0
2022-12-13 22:00:00+00:00,109.068,109.331,108.774,109.254,8212.0
2022-12-14 22:00:00+00:00,109.211,109.31,108.948,109.19,6462.0
2022-12-15 22:00:00+00:00,109.186,109.333,108.756,109.192,4725.0
2022-12-18 22:00:00+00:00,109.159,109.192,108.748,108.788,2398.0
2022-12-19 22:00:00+00:00,108.823,108.843,108.338,108.494,5212.0
2022-12-20 22:00:00+00:00,108.495,108.847,108.394,108.575,3849.0
2022-12-21 22:00:00+00:00,108.606,108.755,108.422,108.445,2883.0
2022-12-22 22:00:00+00:00,108.418,108.485,108.128,108.241,3319.0
2022-12-26 22:00:00+00:00,108.238,108.238,107.702,107.835,2077.0
2022-12-27 22:00:00+00:00,107.843,107.961,107.643,107.713,2743.0
2022-12-28 22:00:00+00:00,107.713,107.878,107.66,107.833,2884.0
2022-12-29 22:00:00+00:00,107.794,107.825,107.421,107.656,3309.0
2023-01-02 22:00:00+00:00,107.851,108.141,107.736,107.986,4961.0
2023-01-03 22:00:00+00:00,107.963,108.347,107.92,108.215,5608.0
2023-01-04 22:00:00+00:00,108.192,108.207,107.601,107.882,4723.0
2023-01-05 22:00:00+00:00,107.89,108.871,107.674,108.856,7205.0
2023-01-08 22:00:00+00:00,108.818,109.148,108.675,108.973,4273.0
2023-01-09 22:00:00+00:00,108.985,109.063,108.609,108.753,4608.0
2023-01-10 22:00:00+00:00,108.769,109.107,108.75,109.06,3801.0
2023-01-11 22:00:00+00:00,109.072,109.687,108.656,109.577,9073.0
2023-01-12 22:00:00+00:00,109.566,109.746,109.217,109.225,5154.0
2023-01-15 22:00:00+00:00,109.243,109.361,109.135,109.206,1599.0
2023-01-16 22:00:00+00:00,109.198,109.434,109.005,109.232,4530.0
2023-01-17 22:00:00+00:00,109.248,110.101,109.194,110.038,7232.0
2023-01-18 22:00:00+00:00,110.062,110.293,109.729,109.846,5422.0
2023-01-19 22:00:00+00:00,109.83,109.839,109.349,109.49,3599.0
2023-01-22 22:00:00+00:00,109.48,109.597,109.178,109.225,2777.0
2023-01-23 22:00:00+00:00,109.241,109.454,109.048,109.407,3425.0
2023-01-24 22:00:00+00:00,109.431,109.666,109.322,109.527,3306.0
2023-01-25 22:00:00+00:00,109.55,109.574,109.193,109.264,3465.0
2023-01-26 22:00:00+00:00,109.276,109.296,109.013,109.189,2349.0
2023-01-29 22:00:00+00:00,109.171,109.234,108.83,108.963,2786.0
2023-01-30 22:00:00+00:00,108.986,109.309,108.909,109.184,3873.0
2023-01-31 22:00:00+00:00,109.2,109.811,109.018,109.639,6074.0
2023-02-01 22:00:00+00:00,109.632,110.117,109.613,109.751,6170.0
2023-02-02 22:00:00+00:00,109.751,109.869,108.888,108.958,6306.0
2023-02-05 22:00:00+00:00,108.901,108.913,108.1,108.186,4734.0
2023-02-06 22:00:00+00:00,108.194,108.594,108.103,108.165,5860.0
2023-02-07 22:00:00+00:00,108.142,108.408,108.113,108.359,3611.0
2023-02-08 22:00:00+00:00,108.379,108.462,107.925,108.046,4168.0
2023-02-09 22:00:00+00:00,108.038,108.078,107.721,107.76,4355.0
2023-02-12 22:00:00+00:00,107.722,107.828,107.626,107.791,2588.0
2023-02-13 22:00:00+00:00,107.783,108.288,107.208,107.349,7161.0
2023-02-14 22:00:00+00:00,107.376,107.51,107.046,107.203,5074.0
2023-02-15 22:00:00+00:00,107.172,107.439,106.971,107.073,4809.0
2023-02-16 22:00:00+00:00,107.058,107.286,106.743,107.248,4005.0
2023-02-19 22:00:00+00:00,107.218,107.245,107.075,107.079,770.0
2023-02-20 22:00:00+00:00,107.068,107.128,106.61,106.657,3886.0
2023-02-21 22:00:00+00:00,106.649,106.925,106.603,106.738,4473.0
2023-02-22 22:00:00+00:00,106.722,106.916,106.497,106.818,4042.0
2023-02-23 22:00:00+00:00,106.83,106.929,106.227,106.386,5536.0
2023-02-26 22:00:00+00:00,106.386,106.668,106.24,106.603,4291.0
2023-02-27 22:00:00+00:00,106.631,106.65,106.345,106.526,3510.0
2023-02-28 22:00:00+00:00,106.53,106.551,106.093,106.21,4451.0
2023-03-01 22:00:00+00:00,106.211,106.242,105.824,105.981,4586.0
2023-03-02 22:00:00+00:00,105.989,106.294,105.927,106.249,4043.0
2023-03-05 22:00:00+00:00,106.206,106.485,106.12,106.214,3323.0
2023-03-06 22:00:00+00:00,106.214,106.395,105.882,105.945,5762.0
2023-03-07 22:00:00+00:00,105.938,106.205,105.65,105.77,6697.0
2023-03-08 22:00:00+00:00,105.77,106.552,105.757,106.513,5437.0
2023-03-09 22:00:00+00:00,106.509,107.706,106.49,107.528,17211.0
2023-03-12 21:00:00+00:00,107.688,109.496,107.388,108.793,37599.0
2023-03-13 21:00:00+00:00,108.773,109.475,107.842,108.057,27536.0
2023-03-14 21:00:00+00:00,108.053,110.013,107.783,109.454,30657.0
2023-03-15 21:00:00+00:00,109.411,109.877,108.512,108.563,30321.0
2023-03-16 21:00:00+00:00,108.602,109.882,108.377,109.621,19671.0
2023-03-19 21:00:00+00:00,109.423,110.557,109.027,109.24,23339.0
2023-03-20 21:00:00+00:00,109.217,109.576,108.457,108.497,11569.0
2023-03-21 21:00:00+00:00,108.512,109.66,108.277,109.575,15565.0
2023-03-22 21:00:00+00:00,109.528,110.248,109.324,109.945,13925.0
2023-03-23 21:00:00+00:00,109.96,110.912,109.828,110.096,18252.0
2023-03-26 21:00:00+00:00,110.104,110.152,109.181,109.267,10237.0
2023-03-27 21:00:00+00:00,109.279,109.463,108.862,108.894,8426.0
2023-03-28 21:00:00+00:00,108.89,109.164,108.651,108.847,7258.0
2023-03-29 21:00:00+00:00,108.831,109.035,108.631,108.82,7371.0
2023-03-30 21:00:00+00:00,108.827,109.322,108.673,109.322,7288.0
2023-04-02 21:00:00+00:00,109.19,109.683,108.934,109.653,7220.0
2023-04-03 21:00:00+00:00,109.676,110.241,109.332,110.202,6658.0
2023-04-04 21:00:00+00:00,110.194,110.832,109.955,110.276,7054.0
2023-04-05 21:00:00+00:00,110.295,110.746,110.233,110.256,4718.0
2023-04-06 21:00:00+00:00,110.272,110.306,109.745,109.753,1996.0
2023-04-09 21:00:00+00:00,109.77,109.92,109.531,109.602,2537.0
2023-04-10 21:00:00+00:00,109.602,109.807,109.348,109.567,3980.0
2023-04-11 21:00:00+00:00,109.552,110.173,109.398,109.867,7221.0
2023-04-12 21:00:00+00:00,109.926,110.107,109.621,109.7,4722.0
2023-04-13 21:00:00+00:00,109.704,109.834,109.063,109.174,6041.0
2023-04-16 21:00:00+00:00,109.17,109.234,108.749,108.772,2779.0
2023-04-17 21:00:00+00:00,108.796,109.009,108.74,108.862,2991.0
2023-04-18 21:00:00+00:00,108.87,108.878,108.513,108.733,3475.0
2023-04-19 21:00:00+00:00,108.726,109.149,108.695,109.096,3471.0
2023-04-20 21:00:00+00:00,109.088,109.317,108.896,108.944,2880.0
2023-04-23 21:00:00+00:00,108.959,109.384,108.944,109.38,1942.0
2023-04-24 21:00:00+00:00,109.384,110.093,109.377,109.949,3434.0
2023-04-25 21:00:00+00:00,109.965,110.084,109.633,109.743,5759.0
2023-04-26 21:00:00+00:00,109.754,109.86,109.162,109.259,4495.0
2023-04-27 21:00:00+00:00,109.283,109.75,109.108,109.743,7086.0
2023-04-30 21:00:00+00:00,109.704,109.704,109.006,109.092,2930.0
2023-05-01 21:00:00+00:00,109.107,109.968,109.081,109.899,6288.0
2023-05-02 21:00:00+00:00,109.875,110.628,109.837,110.62,7132.0
2023-05-03 21:00:00+00:00,110.749,111.13,110.264,110.515,11117.0
2023-05-04 21:00:00+00:00,110.538,110.589,109.98,110.097,5469.0
2023-05-07 21:00:00+00:00,110.109,110.141,109.695,109.743,2770.0
2023-05-08 21:00:00+00:00,109.735,109.901,109.559,109.7,3378.0
2023-05-09 21:00:00+00:00,109.692,110.335,109.584,110.195,5468.0
2023-05-10 21:00:00+00:00,110.219,110.658,110.135,110.3,6038.0
2023-05-11 21:00:00+00:00,110.316,110.395,109.852,109.867,3750.0
2023-05-14 21:00:00+00:00,109.84,109.964,109.714,109.817,3400.0
2023-05-15 21:00:00+00:00,109.809,110.056,109.43,109.556,4483.0
2023-05-16 21:00:00+00:00,109.548,109.655,109.208,109.271,3804.0
2023-05-17 21:00:00+00:00,109.287,109.357,108.736,108.83,4634.0
2023-05-18 21:00:00+00:00,108.838,108.945,108.357,108.6,6359.0
2023-05-21 21:00:00+00:00,108.658,108.824,108.361,108.471,4466.0
2023-05-22 21:00:00+00:00,108.479,108.576,108.174,108.561,6308.0
2023-05-23 21:00:00+00:00,108.577,108.64,108.197,108.221,5612.0
2023-05-24 21:00:00+00:00,108.221,108.362,107.593,107.609,7011.0
2023-05-25 21:00:00+00:00,107.621,107.814,107.261,107.503,5046.0
2023-05-28 21:00:00+00:00,107.364,107.596,107.22,107.519,1478.0
2023-05-29 21:00:00+00:00,107.521,108.131,107.502,108.077,4854.0
2023-05-30 21:00:00+00:00,108.034,108.471,108.008,108.308,5955.0
2023-05-31 21:00:00+00:00,108.316,108.752,108.063,108.57,4559.0
2023-06-01 21:00:00+00:00,108.575,108.578,107.846,107.912,4268.0
2023-06-04 21:00:00+00:00,107.839,108.173,107.575,108.043,4430.0
2023-06-05 21:00:00+00:00,108.051,108.216,107.752,108.049,3683.0
2023-06-06 21:00:00+00:00,108.049,108.074,107.402,107.511,3865.0
2023-06-07 21:00:00+00:00,107.527,107.928,107.382,107.836,4122.0
2023-06-08 21:00:00+00:00,107.844,107.859,107.479,107.585,3263.0
2023-06-11 21:00:00+00:00,107.504,107.772,107.423,107.673,3303.0
2023-06-12 21:00:00+00:00,107.658,108.034,107.088,107.236,5990.0
2023-06-13 21:00:00+00:00,107.244,107.504,106.76,107.211,6450.0
2023-06-14 21:00:00+00:00,107.188,107.597,106.834,107.535,5687.0
2023-06-15 21:00:00+00:00,107.512,107.551,106.957,107.195,5205.0
2023-06-18 21:00:00+00:00,107.18,107.307,106.998,107.029,1159.0
2023-06-19 21:00:00+00:00,107.015,107.509,106.992,107.363,3633.0
2023-06-20 21:00:00+00:00,107.394,107.473,107.103,107.361,4493.0
2023-06-21 21:00:00+00:00,107.338,107.497,106.938,106.97,5394.0
2023-06-22 21:00:00+00:00,106.978,107.507,106.942,107.209,5347.0
2023-06-25 21:00:00+00:00,107.248,107.512,107.229,107.305,3952.0
2023-06-26 21:00:00+00:00,107.332,107.441,106.975,107.031,4268.0
2023-06-27 21:00:00+00:00,107.035,107.336,106.996,107.309,4070.0
2023-06-28 21:00:00+00:00,107.309,107.321,106.489,106.607,5079.0
2023-06-29 21:00:00+00:00,106.631,106.72,106.307,106.457,4811.0
2023-07-02 21:00:00+00:00,106.458,106.761,106.278,106.343,3628.0
2023-07-03 21:00:00+00:00,106.343,106.464,106.268,106.394,728.0
2023-07-04 21:00:00+00:00,106.403,106.507,106.059,106.09,3129.0
2023-07-05 21:00:00+00:00,106.106,106.122,105.188,105.723,6423.0
2023-07-06 21:00:00+00:00,105.746,106.069,105.5,105.674,7063.0
2023-07-09 21:00:00+00:00,105.697,106.266,105.656,106.228,3937.0
2023-07-10 21:00:00+00:00,106.22,106.418,106.123,106.234,3639.0
2023-07-11 21:00:00+00:00,106.25,107.009,106.234,106.932,5676.0
2023-07-12 21:00:00+00:00,106.917,107.575,106.917,107.482,5474.0
2023-07-13 21:00:00+00:00,107.483,107.531,107.029,107.037,4141.0
2023-07-16 21:00:00+00:00,107.053,107.344,107.045,107.187,2751.0
2023-07-17 21:00:00+00:00,107.203,107.642,107.187,107.216,4440.0
2023-07-18 21:00:00+00:00,107.216,107.577,107.19,107.3,4528.0
2023-07-19 21:00:00+00:00,107.284,107.34,106.694,106.808,3893.0
2023-07-20 21:00:00+00:00,106.8,106.952,106.744,106.837,2924.0
2023-07-23 21:00:00+00:00,106.857,107.047,106.566,106.59,3680.0
2023-07-24 21:00:00+00:00,106.59,106.68,106.368,106.525,3525.0
2023-07-25 21:00:00+00:00,106.53,106.862,106.433,106.703,5245.0
2023-07-26 21:00:00+00:00,106.695,106.907,106.12,106.187,6678.0
2023-07-27 21:00:00+00:00,106.191,106.615,106.052,106.469,7135.0
2023-07-30 21:00:00+00:00,106.481,106.606,106.261,106.483,3756.0
2023-07-31 21:00:00+00:00,106.475,106.555,106.168,106.294,3498.0
2023-08-01 21:00:00+00:00,106.294,106.48,106.026,106.261,4733.0
2023-08-02 21:00:00+00:00,106.249,106.28,105.945,106.056,5796.0
2023-08-03 21:00:00+00:00,106.064,106.7,105.721,106.685,5848.0
2023-08-06 21:00:00+00:00,106.654,106.694,106.318,106.586,2807.0
2023-08-07 21:00:00+00:00,106.594,106.955,106.555,106.81,3770.0
2023-08-08 21:00:00+00:00,106.81,106.912,106.664,106.683,2986.0
2023-08-09 21:00:00+00:00,106.691,107.068,106.295,106.323,5331.0
2023-08-10 21:00:00+00:00,106.315,106.494,105.97,106.025,4194.0
2023-08-13 21:00:00+00:00,105.908,106.087,105.705,105.769,2889.0
2023-08-14 21:00:00+00:00,105.785,106.023,105.415,105.728,4184.0
2023-08-15 21:00:00+00:00,105.729,105.997,105.523,105.61,3783.0
2023-08-16 21:00:00+00:00,105.602,105.68,105.38,105.623,3937.0
2023-08-17 21:00:00+00:00,105.631,105.863,105.601,105.676,2964.0
2023-08-20 21:00:00+00:00,105.726,105.746,105.325,105.35,2582.0
2023-08-21 21:00:00+00:00,105.374,105.493,105.229,105.247,2483.0
2023-08-22 21:00:00+00:00,105.259,105.852,105.247,105.728,3915.0
2023-08-23 21:00:00+00:00,105.72,105.801,105.514,105.523,3499.0
2023-08-24 21:00:00+00:00,105.539,105.621,105.223,105.424,4048.0
2023-08-27 21:00:00+00:00,105.451,105.619,105.341,105.584,2304.0
2023-08-28 21:00:00+00:00,105.596,106.136,105.429,106.059,3723.0
2023-08-29 21:00:00+00:00,106.06,106.281,105.883,106.104,3575.0
2023-08-30 21:00:00+00:00,106.104,106.265,106.023,106.187,3235.0
2023-08-31 21:00:00+00:00,106.18,106.591,105.913,106.007,4502.0
2023-09-03 21:00:00+00:00,105.988,106.027,105.875,105.875,425.0
2023-09-04 21:00:00+00:00,105.885,105.917,105.638,105.681,2449.0
2023-09-05 21:00:00+00:00,105.681,105.799,105.344,105.438,3488.0
2023-09-06 21:00:00+00:00,105.438,105.7,105.341,105.661,2388.0
2023-09-07 21:00:00+00:00,105.669,105.858,105.535,105.543,2046.0
2023-09-10 21:00:00+00:00,105.508,105.59,105.424,105.529,2037.0
2023-09-11 21:00:00+00:00,105.537,105.571,105.426,105.434,1541.0
2023-09-12 21:00:00+00:00,105.434,105.719,105.026,105.642,3479.0
2023-09-13 21:00:00+00:00,105.642,105.793,105.436,105.5,3655.0
2023-09-14 21:00:00+00:00,105.496,105.587,105.278,105.304,2950.0
2023-09-17 21:00:00+00:00,105.323,105.374,105.175,105.356,1788.0
2023-09-18 21:00:00+00:00,105.376,105.4,105.047,105.101,2517.0
2023-09-19 21:00:00+00:00,105.125,105.347,104.781,104.785,4531.0
2023-09-20 21:00:00+00:00,104.797,104.815,104.513,104.662,3571.0
2023-09-21 21:00:00+00:00,104.663,105.001,104.64,104.924,2578.0
2023-09-24 21:00:00+00:00,104.944,104.991,104.716,104.747,1947.0
2023-09-25 21:00:00+00:00,104.755,104.922,104.64,104.784,2809.0
2023-09-26 21:00:00+00:00,104.788,104.92,104.323,104.44,2852.0
2023-09-27 21:00:00+00:00,104.479,104.753,104.219,104.733,4770.0
2023-09-28 21:00:00+00:00,104.726,105.041,104.645,104.817,3676.0
2023-10-01 21:00:00+00:00,104.704,104.724,104.355,104.438,2717.0
2023-10-02 21:00:00+00:00,104.446,104.487,104.031,104.062,4097.0
2023-10-03 21:00:00+00:00,104.078,104.457,103.777,104.387,4624.0
2023-10-04 21:00:00+00:00,104.387,104.64,104.321,104.571,3057.0
2023-10-05 21:00:00+00:00,104.556,104.581,103.899,104.274,4573.0
2023-10-08 21:00:00+00:00,104.523,105.115,104.519,105.045,2452.0
2023-10-09 21:00:00+00:00,105.038,105.101,104.668,104.88,3972.0
2023-10-10 21:00:00+00:00,104.857,105.155,104.773,104.995,4873.0
2023-10-11 21:00:00+00:00,104.995,105.158,104.455,104.526,4789.0
2023-10-12 21:00:00+00:00,104.534,104.927,104.511,104.734,3575.0
2023-10-15 21:00:00+00:00,104.684,104.691,104.436,104.463,3632.0
2023-10-16 21:00:00+00:00,104.448,104.48,103.721,103.823,3822.0
2023-10-17 21:00:00+00:00,103.816,104.013,103.559,103.58,3505.0
2023-10-18 21:00:00+00:00,103.572,103.728,103.338,103.547,5564.0
2023-10-19 21:00:00+00:00,103.539,104.065,103.524,103.949,4227.0
2023-10-22 21:00:00+00:00,103.856,104.243,103.637,104.208,3609.0
2023-10-23 21:00:00+00:00,104.208,104.342,103.939,104.089,4081.0
2023-10-24 21:00:00+00:00,104.108,104.199,103.697,103.729,3148.0
2023-10-25 21:00:00+00:00,103.725,104.247,103.647,104.201,4930.0
2023-10-26 21:00:00+00:00,104.17,104.401,104.087,104.355,3283.0
2023-10-29 21:00:00+00:00,104.335,104.343,104.051,104.139,2822.0
2023-10-30 21:00:00+00:00,104.139,104.43,104.004,104.012,3694.0
2023-10-31 21:00:00+00:00,104.02,104.82,104.009,104.812,5485.0
2023-11-01 21:00:00+00:00,104.812,105.151,104.737,104.841,4028.0
2023-11-02 21:00:00+00:00,104.853,105.671,104.752,105.407,5504.0
2023-11-05 22:00:00+00:00,105.404,105.404,104.957,105.059,2228.0
2023-11-06 22:00:00+00:00,105.059,105.368,105.007,105.259,2585.0
2023-11-07 22:00:00+00:00,105.256,105.366,105.075,105.335,2736.0
2023-11-08 22:00:00+00:00,105.332,105.391,104.749,104.823,3848.0
2023-11-09 22:00:00+00:00,104.85,105.072,104.614,104.618,3041.0
2023-11-12 22:00:00+00:00,104.673,104.787,104.49,104.725,1810.0
2023-11-13 22:00:00+00:00,104.718,105.798,104.671,105.674,4734.0
2023-11-14 22:00:00+00:00,105.666,105.783,105.211,105.337,3745.0
2023-11-15 22:00:00+00:00,105.337,105.785,105.329,105.756,2687.0
2023-11-16 22:00:00+00:00,105.729,105.969,105.495,105.617,2817.0
2023-11-19 22:00:00+00:00,105.555,105.684,105.441,105.631,2397.0
2023-11-20 22:00:00+00:00,105.639,105.842,105.572,105.785,2331.0
2023-11-21 22:00:00+00:00,105.785,105.929,105.493,105.658,2384.0
2023-11-22 22:00:00+00:00,105.658,105.707,105.443,105.475,838.0
2023-11-23 22:00:00+00:00,105.488,105.516,105.348,105.446,1276.0
2023-11-26 22:00:00+00:00,105.404,105.822,105.276,105.791,2686.0
2023-11-27 22:00:00+00:00,105.776,106.317,105.663,106.294,3436.0
2023-11-28 22:00:00+00:00,106.294,106.717,106.278,106.594,4788.0
2023-11-29 22:00:00+00:00,106.587,106.667,106.156,106.359,4134.0
2023-11-30 22:00:00+00:00,106.335,106.985,106.215,106.985,5129.0
2023-12-03 22:00:00+00:00,106.918,106.949,106.448,106.628,3084.0
2023-12-04 22:00:00+00:00,106.605,106.985,106.575,106.929,3935.0
2023-12-05 22:00:00+00:00,106.917,107.043,106.729,107.035,3220.0
2023-12-06 22:00:00+00:00,107.035,107.109,106.734,106.908,4064.0
2023-12-07 22:00:00+00:00,106.916,106.939,106.251,106.432,4047.0
2023-12-10 22:00:00+00:00,106.427,106.439,106.19,106.424,2119.0
2023-12-11 22:00:00+00:00,106.432,106.835,106.35,106.538,3954.0
2023-12-12 22:00:00+00:00,106.538,107.685,106.493,107.647,5280.0
2023-12-13 22:00:00+00:00,107.655,108.201,107.639,107.901,8107.0
2023-12-14 22:00:00+00:00,107.882,108.067,107.593,107.875,4698.0
2023-12-17 22:00:00+00:00,107.859,108.013,107.703,107.782,2458.0
2023-12-18 22:00:00+00:00,107.806,107.949,107.698,107.772,2101.0
2023-12-19 22:00:00+00:00,107.749,108.185,107.749,108.166,2210.0
2023-12-20 22:00:00+00:00,108.174,108.345,107.966,108.062,2991.0
2023-12-21 22:00:00+00:00,108.039,108.198,107.954,108.114,2007.0
2023-12-25 22:00:00+00:00,108.068,108.124,107.971,108.027,1080.0
2023-12-26 22:00:00+00:00,108.039,108.483,108.004,108.429,1700.0
2023-12-27 22:00:00+00:00,108.421,108.429,108.146,108.224,1484.0
2023-12-28 22:00:00+00:00,108.224,108.314,108.022,108.183,1785.0
2024-01-01 22:00:00+00:00,108.215,108.277,107.786,107.909,2776.0
2024-01-02 22:00:00+00:00,107.917,108.053,107.609,107.968,3331.0
2024-01-03 22:00:00+00:00,107.961,108.079,107.607,107.631,2361.0
2024-01-04 22:00:00+00:00,107.624,107.908,107.114,107.52,4944.0
2024-01-07 22:00:00+00:00,107.531,107.931,107.376,107.622,2282.0
2024-01-08 22:00:00+00:00,107.63,107.773,107.554,107.705,2143.0
2024-01-09 22:00:00+00:00,107.72,107.872,107.64,107.702,1799.0
2024-01-10 22:00:00+00:00,107.694,108.128,107.526,108.128,5255.0
2024-01-11 22:00:00+00:00,108.12,108.489,107.929,108.351,3374.0
2024-01-14 22:00:00+00:00,108.284,108.309,108.116,108.234,804.0
2024-01-15 22:00:00+00:00,108.196,108.247,107.796,107.944,3636.0
2024-01-16 22:00:00+00:00,107.944,108.039,107.427,107.498,4034.0
2024-01-17 22:00:00+00:00,107.506,107.695,107.386,107.43,2738.0
2024-01-18 22:00:00+00:00,107.449,107.473,107.148,107.384,3018.0
2024-01-21 22:00:00+00:00,107.372,107.601,107.319,107.478,1992.0
2024-01-22 22:00:00+00:00,107.494,107.565,107.334,107.452,1534.0
2024-01-23 22:00:00+00:00,107.452,107.674,107.224,107.239,2888.0
2024-01-24 22:00:00+00:00,107.255,107.587,107.122,107.587,3728.0
2024-01-25 22:00:00+00:00,107.579,107.682,107.296,107.413,2375.0
2024-01-28 22:00:00+00:00,107.483,107.717,107.41,107.647,1498.0
2024-01-29 22:00:00+00:00,107.648,107.79,107.425,107.676,2362.0
2024-01-30 22:00:00+00:00,107.684,108.289,107.653,108.273,7057.0
2024-01-31 22:00:00+00:00,108.243,108.628,108.05,108.333,4668.0
2024-02-01 22:00:00+00:00,108.334,108.373,107.426,107.583,4549.0
2024-02-04 22:00:00+00:00,107.539,107.539,106.974,107.045,5237.0
2024-02-05 22:00:00+00:00,107.053,107.44,107.001,107.355,4304.0
2024-02-06 22:00:00+00:00,107.378,107.553,107.243,107.25,2779.0
2024-02-07 22:00:00+00:00,107.258,107.338,107.006,107.038,1783.0
2024-02-08 22:00:00+00:00,107.061,107.189,106.839,106.942,2134.0
2024-02-11 22:00:00+00:00,106.952,107.112,106.909,106.965,1210.0
2024-02-12 22:00:00+00:00,106.982,107.234,106.12,106.179,4215.0
2024-02-13 22:00:00+00:00,106.176,106.586,106.129,106.508,2326.0
2024-02-14 22:00:00+00:00,106.508,106.847,106.493,106.607,2246.0
2024-02-15 22:00:00+00:00,106.615,106.63,106.05,106.34,2173.0
2024-02-18 22:00:00+00:00,106.354,106.358,106.253,106.261,319.0
2024-02-19 22:00:00+00:00,106.274,106.616,106.238,106.478,1593.0
2024-02-20 22:00:00+00:00,106.478,106.589,106.225,106.241,2038.0
2024-02-21 22:00:00+00:00,106.241,106.336,106.01,106.114,3109.0
2024-02-22 22:00:00+00:00,106.145,106.344,105.952,106.298,1586.0
2024-02-25 22:00:00+00:00,106.281,106.443,106.095,106.196,2403.0
2024-02-26 22:00:00+00:00,106.197,106.318,106.068,106.131,2630.0
2024-02-27 22:00:00+00:00,106.113,106.362,106.113,106.362,1900.0
2024-02-28 22:00:00+00:00,106.37,106.513,106.077,106.42,2827.0
2024-02-29 22:00:00+00:00,106.428,106.844,106.26,106.806,3535.0
2024-03-03 22:00:00+00:00,106.804,106.815,106.547,106.602,1086.0
2024-03-04 22:00:00+00:00,106.602,107.018,106.571,106.863,2147.0
2024-03-05 22:00:00+00:00,106.849,107.162,106.788,106.954,2824.0
2024-03-06 22:00:00+00:00,106.986,107.198,106.869,107.153,2701.0
2024-03-07 22:00:00+00:00,107.145,107.529,106.861,107.282,3450.0
2024-03-10 21:00:00+00:00,107.252,107.347,107.054,107.101,1297.0
2024-03-11 21:00:00+00:00,107.098,107.222,106.762,106.834,3391.0
2024-03-12 21:00:00+00:00,106.842,106.898,106.625,106.629,1774.0
2024-03-13 21:00:00+00:00,106.621,106.663,106.196,106.236,1992.0
2024-03-14 21:00:00+00:00,106.23,106.278,106.016,106.047,1601.0
2024-03-17 21:00:00+00:00,106.033,106.121,105.897,105.999,1112.0
2024-03-18 21:00:00+00:00,105.999,106.206,105.954,106.198,1815.0
2024-03-19 21:00:00+00:00,106.182,106.548,106.17,106.436,2467.0
2024-03-20 21:00:00+00:00,106.468,106.715,106.338,106.409,2240.0
2024-03-21 21:00:00+00:00,106.41,106.694,106.41,106.694,1425.0
2024-03-24 21:00:00+00:00,106.703,106.736,106.45,106.505,871.0
2024-03-25 21:00:00+00:00,106.522,106.616,106.392,106.549,1460.0
2024-03-26 21:00:00+00:00,106.542,106.763,106.498,106.694,899.0
2024-03-27 21:00:00+00:00,106.601,106.694,106.444,106.519,1329.0
2024-03-31 21:00:00+00:00,106.619,106.692,106.024,106.118,1349.0
2024-04-01 21:00:00+00:00,106.118,106.175,105.849,106.069,1491.0
2024-04-02 21:00:00+00:00,106.084,106.127,105.776,106.112,2378.0
2024-04-03 21:00:00+00:00,106.147,106.303,105.983,106.256,1277.0
2024-04-04 21:00:00+00:00,106.25,106.296,105.826,105.834,2929.0
2024-04-07 21:00:00+00:00,105.749,105.812,105.589,105.66,1619.0
2024-04-08 21:00:00+00:00,105.676,105.952,105.63,105.883,1565.0
2024-04-09 21:00:00+00:00,105.883,106.015,104.836,104.883,5043.0
2024-04-10 21:00:00+00:00,104.899,105.089,104.61,104.802,3471.0
2024-04-11 21:00:00+00:00,104.818,105.288,104.818,105.095,2333.0
2024-04-14 21:00:00+00:00,105.178,105.182,104.554,104.898,4324.0
2024-04-15 21:00:00+00:00,104.91,104.938,104.459,104.56,3268.0
2024-04-16 21:00:00+00:00,104.568,104.978,104.512,104.915,2551.0
2024-04-17 21:00:00+00:00,104.9,105.018,104.592,104.648,2439.0
2024-04-18 21:00:00+00:00,104.652,105.24,104.635,104.667,4518.0
2024-04-21 21:00:00+00:00,104.56,104.813,104.538,104.767,1768.0
2024-04-22 21:00:00+00:00,104.783,104.997,104.598,104.873,2171.0
2024-04-23 21:00:00+00:00,104.873,104.89,104.658,104.776,2885.0
2024-04-24 21:00:00+00:00,104.792,104.943,104.343,104.492,3509.0
2024-04-25 21:00:00+00:00,104.493,104.792,104.462,104.591,3284.0
2024-04-28 21:00:00+00:00,104.608,104.83,104.593,104.784,1415.0
2024-04-29 21:00:00+00:00,104.792,104.832,104.453,104.5,2322.0
2024-04-30 21:00:00+00:00,104.5,105.01,104.453,104.777,4397.0
2024-05-01 21:00:00+00:00,104.789,105.147,104.747,105.117,2946.0
2024-05-02 21:00:00+00:00,105.101,105.837,105.056,105.418,4990.0
2024-05-05 21:00:00+00:00,105.45,105.61,105.412,105.479,1496.0
2024-05-06 21:00:00+00:00,105.486,105.669,105.44,105.522,1273.0
2024-05-07 21:00:00+00:00,105.506,105.554,105.4,105.417,1046.0
2024-05-08 21:00:00+00:00,105.417,105.609,105.31,105.562,1152.0
2024-05-09 21:00:00+00:00,105.555,105.603,105.348,105.364,1268.0
2024-05-12 21:00:00+00:00,105.39,105.556,105.374,105.409,811.0
2024-05-13 21:00:00+00:00,105.417,105.632,105.226,105.632,1980.0
2024-05-14 21:00:00+00:00,105.633,106.134,105.586,106.097,2291.0
2024-05-15 21:00:00+00:00,106.081,106.219,105.828,105.86,1630.0
2024-05-16 21:00:00+00:00,105.868,105.931,105.662,105.669,837.0
2024-05-19 21:00:00+00:00,105.695,105.746,105.565,105.582,621.0
2024-05-20 21:00:00+00:00,105.59,105.772,105.583,105.712,732.0
2024-05-21 21:00:00+00:00,105.716,105.728,105.496,105.583,1113.0
2024-05-22 21:00:00+00:00,105.584,105.648,105.2,105.308,1924.0
2024-05-23 21:00:00+00:00,105.316,105.37,105.186,105.32,1038.0
2024-05-26 21:00:00+00:00,105.33,105.402,105.292,105.348,134.0
2024-05-27 21:00:00+00:00,105.349,105.469,105.077,105.081,1425.0
2024-05-28 21:00:00+00:00,105.096,105.104,104.778,104.872,1932.0
2024-05-29 21:00:00+00:00,104.868,105.171,104.834,105.141,1282.0
2024-05-30 21:00:00+00:00,105.148,105.471,105.018,105.402,1061.0
2024-06-02 21:00:00+00:00,105.449,105.818,105.388,105.81,1412.0
2024-06-03 21:00:00+00:00,105.826,106.171,105.726,106.079,1725.0
2024-06-04 21:00:00+00:00,106.079,106.316,105.956,106.316,2068.0
2024-06-05 21:00:00+00:00,106.3,106.35,106.155,106.304,1336.0
2024-06-06 21:00:00+00:00,106.281,106.454,105.593,105.593,1916.0
2024-06-09 21:00:00+00:00,105.57,105.612,105.488,105.535,1066.0
2024-06-10 21:00:00+00:00,105.543,105.842,105.543,105.796,920.0
2024-06-11 21:00:00+00:00,105.796,106.57,105.773,106.228,3790.0
2024-06-12 21:00:00+00:00,106.244,106.682,106.183,106.551,2092.0
2024-06-13 21:00:00+00:00,106.551,106.755,106.397,106.563,2206.0
2024-06-16 21:00:00+00:00,106.501,106.565,106.279,106.279,1106.0
2024-06-17 21:00:00+00:00,106.287,106.648,106.195,106.532,1626.0
2024-06-18 21:00:00+00:00,106.54,106.596,106.465,106.512,506.0
2024-06-19 21:00:00+00:00,106.498,106.555,106.29,106.4,1115.0
2024-06-20 21:00:00+00:00,106.393,106.613,106.349,106.412,1245.0
2024-06-23 21:00:00+00:00,106.412,106.518,106.354,106.494,745.0
2024-06-24 21:00:00+00:00,106.494,106.567,106.358,106.397,1214.0
2024-06-25 21:00:00+00:00,106.428,106.444,106.113,106.121,1042.0
2024-06-26 21:00:00+00:00,106.122,106.365,106.046,106.297,1495.0
2024-06-27 21:00:00+00:00,106.289,106.517,105.974,105.997,2103.0
2024-06-30 21:00:00+00:00,105.974,106.092,105.682,105.799,2006.0
2024-07-01 21:00:00+00:00,105.799,106.035,105.799,105.928,1550.0
2024-07-02 21:00:00+00:00,105.944,106.351,105.844,106.204,1184.0
2024-07-03 21:00:00+00:00,106.22,106.251,106.172,106.176,262.0
2024-07-04 21:00:00+00:00,106.169,106.694,105.977,106.64,2521.0
2024-07-07 21:00:00+00:00,106.672,106.704,106.504,106.583,1231.0
2024-07-08 21:00:00+00:00,106.583,106.648,106.446,106.579,1142.0
2024-07-09 21:00:00+00:00,106.571,106.706,106.518,106.606,792.0
2024-07-10 21:00:00+00:00,106.614,107.209,106.546,107.031,2655.0
2024-07-11 21:00:00+00:00,107.024,107.238,106.878,107.214,1527.0
2024-07-14 21:00:00+00:00,107.012,107.281,106.974,107.118,1705.0
2024-07-15 21:00:00+00:00,107.126,107.378,107.105,107.355,1594.0
2024-07-16 21:00:00+00:00,107.356,107.367,107.14,107.329,1153.0
2024-07-17 21:00:00+00:00,107.321,107.347,107.153,107.169,1663.0
2024-07-18 21:00:00+00:00,107.184,107.225,106.946,106.947,975.0
2024-07-21 21:00:00+00:00,107.03,107.066,106.818,106.928,1104.0
2024-07-22 21:00:00+00:00,106.929,107.11,106.906,106.986,1162.0
2024-07-23 21:00:00+00:00,106.956,107.286,106.948,106.975,1729.0
2024-07-24 21:00:00+00:00,106.992,107.36,106.984,107.088,2614.0
2024-07-25 21:00:00+00:00,107.066,107.341,106.974,107.319,2085.0
2024-07-28 21:00:00+00:00,107.327,107.485,107.299,107.323,1121.0
2024-07-29 21:00:00+00:00,107.323,107.553,107.271,107.507,1151.0
2024-07-30 21:00:00+00:00,107.499,108.01,107.425,107.994,3150.0
2024-07-31 21:00:00+00:00,108.018,108.364,107.818,108.356,3908.0
2024-08-01 21:00:00+00:00,108.356,109.513,108.287,109.32,7624.0
2024-08-04 21:00:00+00:00,109.282,110.087,109.059,109.2,14518.0
2024-08-05 21:00:00+00:00,109.223,109.262,108.72,108.83,8284.0
2024-08-06 21:00:00+00:00,108.892,108.931,108.49,108.732,5246.0
2024-08-07 21:00:00+00:00,108.725,108.966,108.314,108.44,5076.0
2024-08-08 21:00:00+00:00,108.44,108.693,108.44,108.53,2523.0
2024-08-11 21:00:00+00:00,108.477,108.784,108.423,108.745,2052.0
2024-08-12 21:00:00+00:00,108.753,109.062,108.67,109.062,2663.0
2024-08-13 21:00:00+00:00,109.038,109.349,108.838,109.011,3055.0
2024-08-14 21:00:00+00:00,109.011,109.038,108.403,108.493,2727.0
2024-08-15 21:00:00+00:00,108.5,108.741,108.418,108.622,2044.0
2024-08-18 21:00:00+00:00,108.521,108.718,108.49,108.619,1740.0
2024-08-19 21:00:00+00:00,108.611,108.903,108.558,108.903,1533.0
2024-08-20 21:00:00+00:00,108.904,109.235,108.806,109.056,2772.0
2024-08-21 21:00:00+00:00,109.049,109.112,108.677,108.772,2196.0
2024-08-22 21:00:00+00:00,108.772,109.117,108.727,109.065,3038.0
2024-08-25 21:00:00+00:00,109.08,109.229,108.975,108.983,2034.0
2024-08-26 21:00:00+00:00,108.992,109.088,108.838,109.081,1333.0
2024-08-27 21:00:00+00:00,109.066,109.138,108.999,109.019,1387.0
2024-08-28 21:00:00+00:00,109.031,109.111,108.8,108.894,2720.0
2024-08-29 21:00:00+00:00,108.894,108.912,108.651,108.752,1616.0
2024-09-01 21:00:00+00:00,108.71,108.764,108.634,108.682,445.0
2024-09-02 21:00:00+00:00,108.668,109.145,108.653,109.039,1946.0
2024-09-03 21:00:00+00:00,108.992,109.444,108.984,109.44,2773.0
2024-09-04 21:00:00+00:00,109.432,109.623,109.312,109.5,2290.0
2024-09-05 21:00:00+00:00,109.508,109.986,109.123,109.746,6464.0
2024-09-08 21:00:00+00:00,109.693,109.794,109.489,109.756,1851.0
2024-09-09 21:00:00+00:00,109.756,110.08,109.63,110.065,1531.0
2024-09-10 21:00:00+00:00,110.05,110.254,109.75,109.954,3806.0
2024-09-11 21:00:00+00:00,109.946,110.09,109.71,109.858,3192.0
2024-09-12 21:00:00+00:00,109.874,110.118,109.866,110.004,2245.0
2024-09-15 21:00:00+00:00,110.055,110.19,109.981,110.122,1696.0
2024-09-16 21:00:00+00:00,110.099,110.171,109.871,109.926,2220.0
2024-09-17 21:00:00+00:00,109.926,110.102,109.66,109.729,4714.0
2024-09-18 21:00:00+00:00,109.738,109.842,109.493,109.751,2893.0
2024-09-19 21:00:00+00:00,109.751,109.814,109.491,109.663,2117.0
2024-09-22 21:00:00+00:00,109.652,109.759,109.454,109.658,2072.0
2024-09-23 21:00:00+00:00,109.666,109.841,109.458,109.834,2208.0
2024-09-24 21:00:00+00:00,109.842,109.842,109.575,109.583,1430.0
2024-09-25 21:00:00+00:00,109.606,109.75,109.37,109.402,2152.0
2024-09-26 21:00:00+00:00,109.418,109.718,109.35,109.695,2059.0
2024-09-29 21:00:00+00:00,109.68,109.715,109.332,109.433,1854.0
2024-09-30 21:00:00+00:00,109.441,109.834,109.412,109.656,3454.0
2024-10-01 21:00:00+00:00,109.641,109.697,109.334,109.452,1653.0
2024-10-02 21:00:00+00:00,109.452,109.468,109.1,109.138,2300.0
2024-10-03 21:00:00+00:00,109.146,109.195,108.258,108.297,3616.0
2024-10-06 21:00:00+00:00,108.168,108.279,107.954,108.057,2268.0
2024-10-07 21:00:00+00:00,108.081,108.252,107.983,108.148,1858.0
2024-10-08 21:00:00+00:00,108.14,108.204,107.835,107.843,1298.0
2024-10-09 21:00:00+00:00,107.85,108.056,107.512,108.004,4324.0
2024-10-10 21:00:00+00:00,108.004,108.066,107.836,107.94,1850.0
2024-10-13 21:00:00+00:00,107.927,107.969,107.745,107.871,658.0
2024-10-14 21:00:00+00:00,107.878,108.159,107.867,108.126,1598.0
2024-10-15 21:00:00+00:00,108.118,108.285,108.103,108.17,1075.0
2024-10-16 21:00:00+00:00,108.17,108.178,107.862,107.95,2160.0
2024-10-17 21:00:00+00:00,107.958,108.086,107.874,108.033,1119.0
2024-10-20 21:00:00+00:00,108.026,108.046,107.599,107.599,1305.0
2024-10-21 21:00:00+00:00,107.607,107.696,107.471,107.51,1550.0
2024-10-22 21:00:00+00:00,107.523,107.535,107.258,107.291,1557.0
2024-10-23 21:00:00+00:00,107.275,107.548,107.26,107.366,1824.0
2024-10-24 21:00:00+00:00,107.397,107.557,107.216,107.239,1580.0
2024-10-27 21:00:00+00:00,107.154,107.309,107.006,107.062,2183.0
2024-10-28 21:00:00+00:00,107.07,107.231,106.847,107.216,2465.0
2024-10-29 21:00:00+00:00,107.223,107.375,106.855,106.855,2780.0
2024-10-30 21:00:00+00:00,106.871,106.984,106.672,106.876,4010.0
2024-10-31 21:00:00+00:00,106.876,107.276,106.601,106.608,4403.0
2024-11-03 22:00:00+00:00,106.971,107.076,106.788,106.937,2124.0
2024-11-04 22:00:00+00:00,106.93,106.939,106.56,106.92,2691.0
2024-11-05 22:00:00+00:00,106.857,106.986,106.18,106.411,16940.0
2024-11-06 22:00:00+00:00,106.419,106.899,106.357,106.821,4866.0
2024-11-07 22:00:00+00:00,106.814,106.965,106.663,106.702,2533.0
2024-11-10 22:00:00+00:00,106.691,106.698,106.39,106.532,755.0
2024-11-11 22:00:00+00:00,106.525,106.618,106.151,106.234,2342.0
2024-11-12 22:00:00+00:00,106.203,106.596,106.128,106.278,3933.0
2024-11-13 22:00:00+00:00,106.286,106.497,106.087,106.175,3534.0
2024-11-14 22:00:00+00:00,106.167,106.46,105.952,106.273,3662.0
2024-11-17 22:00:00+00:00,106.339,106.454,106.156,106.431,1923.0
2024-11-18 22:00:00+00:00,106.431,106.754,106.415,106.483,2896.0
2024-11-19 22:00:00+00:00,106.498,106.546,106.354,106.418,2400.0
2024-11-20 22:00:00+00:00,106.434,106.577,106.275,106.3,2982.0
2024-11-21 22:00:00+00:00,106.315,106.481,106.266,106.312,2900.0
2024-11-24 22:00:00+00:00,106.53,106.871,106.42,106.841,3714.0
2024-11-25 22:00:00+00:00,106.841,106.889,106.633,106.758,2746.0
2024-11-26 22:00:00+00:00,106.774,107.112,106.746,106.949,3036.0
2024-11-27 22:00:00+00:00,106.941,107.037,106.925,107.005,533.0
2024-11-28 22:00:00+00:00,107.022,107.243,106.967,107.212,1628.0
2024-12-01 22:00:00+00:00,107.203,107.232,106.913,107.159,1801.0
2024-12-02 22:00:00+00:00,107.175,107.294,107.038,107.062,1909.0
2024-12-03 22:00:00+00:00,107.054,107.321,106.861,107.259,1897.0
2024-12-04 22:00:00+00:00,107.243,107.262,107.043,107.224,1469.0
2024-12-05 22:00:00+00:00,107.208,107.529,107.042,107.405,2784.0
2024-12-08 22:00:00+00:00,107.428,107.46,107.244,107.251,1117.0
2024-12-09 22:00:00+00:00,107.275,107.33,107.059,107.138,1602.0
2024-12-10 22:00:00+00:00,107.154,107.336,106.962,106.986,2687.0
2024-12-11 22:00:00+00:00,107.002,107.082,106.756,106.779,2311.0
2024-12-12 22:00:00+00:00,106.787,106.842,106.486,106.502,1261.0
2024-12-15 22:00:00+00:00,106.539,106.65,106.472,106.473,1293.0
2024-12-16 22:00:00+00:00,106.48,106.568,106.303,106.468,1528.0
2024-12-17 22:00:00+00:00,106.484,106.603,105.832,105.848,3460.0
2024-12-18 22:00:00+00:00,105.84,105.967,105.742,105.82,2968.0
2024-12-19 22:00:00+00:00,105.835,106.203,105.827,106.002,1966.0
2024-12-22 22:00:00+00:00,106.04,106.047,105.747,105.786,974.0
2024-12-23 22:00:00+00:00,105.809,105.825,105.617,105.765,626.0
2024-12-25 22:00:00+00:00,105.777,105.842,105.584,105.811,735.0
2024-12-26 22:00:00+00:00,105.827,105.899,105.697,105.705,1009.0
2024-12-29 22:00:00+00:00,105.728,106.143,105.72,106.136,825.0
2024-12-30 22:00:00+00:00,106.136,106.224,105.99,106.037,946.0
2025-01-01 22:00:00+00:00,106.04,106.277,105.94,106.106,1631.0
2025-01-02 22:00:00+00:00,106.102,106.194,105.907,105.922,1301.0
2025-01-05 22:00:00+00:00,105.897,106.063,105.796,105.87,1961.0
2025-01-06 22:00:00+00:00,105.878,105.964,105.645,105.74,1553.0
2025-01-07 22:00:00+00:00,105.748,105.86,105.601,105.774,2086.0
2025-01-08 22:00:00+00:00,105.782,105.925,105.782,105.808,1147.0
2025-01-09 22:00:00+00:00,105.832,105.871,105.196,105.266,3282.0
2025-01-12 22:00:00+00:00,105.249,105.267,105.087,105.198,1464.0
2025-01-13 22:00:00+00:00,105.214,105.356,105.138,105.194,1419.0
2025-01-14 22:00:00+00:00,105.209,105.866,105.194,105.813,3075.0
2025-01-15 22:00:00+00:00,105.797,106.088,105.612,106.018,2886.0
2025-01-16 22:00:00+00:00,106.002,106.137,105.866,105.866,1495.0
2025-01-19 22:00:00+00:00,105.856,106.065,105.788,106.038,813.0
2025-01-20 22:00:00+00:00,106.086,106.265,105.948,106.01,1918.0
2025-01-21 22:00:00+00:00,106.01,106.075,105.842,105.858,1456.0
2025-01-22 22:00:00+00:00,105.858,105.937,105.728,105.83,1296.0
2025-01-23 22:00:00+00:00,105.83,106.047,105.808,105.95,1314.0
2025-01-26 22:00:00+00:00,105.972,106.488,105.965,106.311,2240.0
2025-01-27 22:00:00+00:00,106.318,106.376,106.156,106.361,1650.0
2025-01-28 22:00:00+00:00,106.345,106.436,106.074,106.324,2342.0
2025-01-29 22:00:00+00:00,106.332,106.514,106.279,106.374,1614.0
2025-01-30 22:00:00+00:00,106.368,106.456,106.191,106.355,2059.0
2025-02-02 22:00:00+00:00,106.143,106.55,106.05,106.201,4740.0
2025-02-03 22:00:00+00:00,106.17,106.414,106.062,106.375,2072.0
2025-02-04 22:00:00+00:00,106.352,106.776,106.325,106.667,2374.0
2025-02-05 22:00:00+00:00,106.675,106.691,106.482,106.538,1859.0
2025-02-06 22:00:00+00:00,106.538,106.82,106.182,106.228,2893.0
2025-02-09 22:00:00+00:00,106.243,106.437,106.205,106.293,1147.0
2025-02-10 22:00:00+00:00,106.301,106.356,106.131,106.171,842.0
2025-02-11 22:00:00+00:00,106.164,106.278,105.666,105.777,2608.0
2025-02-12 22:00:00+00:00,105.777,106.154,105.769,106.092,2277.0
2025-02-13 22:00:00+00:00,106.092,106.462,106.053,106.353,1480.0
2025-02-16 22:00:00+00:00,106.367,106.406,106.295,106.361,289.0
2025-02-17 22:00:00+00:00,106.37,106.37,106.062,106.085,925.0
2025-02-18 22:00:00+00:00,106.085,106.268,106.056,106.26,701.0
2025-02-19 22:00:00+00:00,106.26,106.402,106.252,106.333,751.0
2025-02-20 22:00:00+00:00,106.325,106.734,106.318,106.633,1248.0
2025-02-23 22:00:00+00:00,106.616,106.845,106.547,106.798,1104.0
2025-02-24 22:00:00+00:00,106.798,107.308,106.782,107.231,1723.0
2025-02-25 22:00:00+00:00,107.212,107.46,107.041,107.405,2106.0
2025-02-26 22:00:00+00:00,107.397,107.462,107.18,107.454,1486.0
2025-02-27 22:00:00+00:00,107.446,107.775,107.408,107.705,3201.0
2025-03-02 22:00:00+00:00,107.577,108.008,107.5,107.957,3450.0
2025-03-03 22:00:00+00:00,107.969,108.349,107.605,107.628,4973.0
2025-03-04 22:00:00+00:00,107.581,107.995,107.435,107.474,5725.0
2025-03-05 22:00:00+00:00,107.49,107.709,107.272,107.578,5768.0
2025-03-06 22:00:00+00:00,107.578,107.946,107.33,107.454,3829.0
2025-03-09 21:00:00+00:00,107.63,108.014,107.506,107.983,1742.0
2025-03-10 21:00:00+00:00,107.998,108.268,107.65,107.689,6112.0
2025-03-11 21:00:00+00:00,107.681,107.894,107.418,107.523,4878.0
2025-03-12 21:00:00+00:00,107.538,107.81,107.357,107.716,3448.0
2025-03-13 21:00:00+00:00,107.724,107.724,107.422,107.43,1185.0
2025-03-16 21:00:00+00:00,107.458,107.615,107.292,107.413,1425.0
2025-03-17 21:00:00+00:00,107.39,107.586,107.306,107.485,1729.0
2025-03-18 21:00:00+00:00,107.485,107.752,107.261,107.744,2299.0
2025-03-19 21:00:00+00:00,107.737,108.034,107.676,107.777,1740.0
2025-03-20 21:00:00+00:00,107.778,108.009,107.708,107.818,2454.0
2025-03-23 21:00:00+00:00,107.784,107.784,107.404,107.427,925.0
2025-03-24 21:00:00+00:00,107.435,107.616,107.312,107.538,1066.0
2025-03-25 21:00:00+00:00,107.523,107.551,107.368,107.424,1593.0
2025-03-26 21:00:00+00:00,107.486,107.564,107.3,107.503,1728.0
2025-03-27 21:00:00+00:00,107.512,108.021,107.496,107.99,2177.0
2025-03-30 21:00:00+00:00,108.119,108.322,107.91,108.105,2864.0
2025-03-31 21:00:00+00:00,108.066,108.403,108.066,108.201,1907.0
2025-04-01 21:00:00+00:00,108.185,108.483,107.828,108.366,5434.0
2025-04-02 21:00:00+00:00,108.717,109.21,108.578,109.093,8673.0
2025-04-03 21:00:00+00:00,109.062,110.015,109.016,109.158,20809.0
2025-04-06 21:00:00+00:00,110.184,110.254,108.154,108.502,43279.0
2025-04-07 21:00:00+00:00,108.478,108.787,108.051,108.355,17508.0
2025-04-08 21:00:00+00:00,108.304,108.598,107.21,107.726,46879.0
2025-04-09 21:00:00+00:00,107.718,108.219,107.593,107.626,17953.0
2025-04-10 21:00:00+00:00,107.61,107.877,106.98,107.238,15860.0
2025-04-13 21:00:00+00:00,107.125,107.954,107.102,107.868,6471.0
2025-04-14 21:00:00+00:00,107.892,108.174,107.736,107.98,3205.0
2025-04-15 21:00:00+00:00,108.023,108.434,108.019,108.364,3843.0
2025-04-16 21:00:00+00:00,108.38,108.436,108.108,108.288,3017.0
2025-04-20 21:00:00+00:00,108.271,108.491,108.1,108.132,2056.0
2025-04-21 21:00:00+00:00,108.148,108.228,107.962,108.041,2345.0
2025-04-22 21:00:00+00:00,107.909,108.471,107.87,107.887,5334.0
2025-04-23 21:00:00+00:00,107.93,108.318,107.919,108.271,2012.0
2025-04-24 21:00:00+00:00,108.271,108.578,108.202,108.574,1810.0
2025-04-27 21:00:00+00:00,108.566,108.818,108.388,108.787,1292.0
2025-04-28 21:00:00+00:00,108.787,108.999,108.64,108.976,2014.0
2025-04-29 21:00:00+00:00,108.969,109.266,108.814,109.182,3260.0
2025-04-30 21:00:00+00:00,109.135,109.378,108.715,108.816,2112.0
2025-05-01 21:00:00+00:00,108.801,108.887,108.187,108.304,3377.0
2025-05-04 21:00:00+00:00,108.37,108.457,108.13,108.224,1665.0
2025-05-05 21:00:00+00:00,108.24,108.445,108.123,108.421,2052.0
2025-05-06 21:00:00+00:00,108.421,108.603,108.242,108.517,2572.0
2025-05-07 21:00:00+00:00,108.509,108.525,107.902,108.02,1699.0
2025-05-08 21:00:00+00:00,107.989,108.208,107.905,107.905,2003.0
2025-05-11 21:00:00+00:00,107.76,107.824,107.387,107.418,1982.0
2025-05-12 21:00:00+00:00,107.426,107.716,107.374,107.475,2284.0
2025-05-13 21:00:00+00:00,107.492,107.582,107.166,107.181,1148.0
2025-05-14 21:00:00+00:00,107.189,107.682,107.166,107.667,1103.0
2025-05-15 21:00:00+00:00,107.659,107.848,107.451,107.459,1752.0
2025-05-18 21:00:00+00:00,107.49,107.684,107.276,107.637,2812.0
2025-05-19 21:00:00+00:00,107.644,107.762,107.474,107.615,1534.0
2025-05-20 21:00:00+00:00,107.615,107.725,107.227,107.258,1901.0
2025-05-21 21:00:00+00:00,107.274,107.564,107.234,107.533,2287.0
2025-05-22 21:00:00+00:00,107.549,107.948,107.503,107.598,3385.0
2025-05-25 21:00:00+00:00,107.602,107.624,107.422,107.62,786.0
2025-05-26 21:00:00+00:00,107.604,107.886,107.589,107.816,1730.0
2025-05-27 21:00:00+00:00,107.804,107.84,107.599,107.677,1649.0
2025-05-28 21:00:00+00:00,107.67,107.99,107.397,107.936,2841.0
2025-05-29 21:00:00+00:00,107.944,108.17,107.881,108.108,1659.0
2025-06-01 21:00:00+00:00,108.134,108.134,107.854,107.94,1366.0
2025-06-02 21:00:00+00:00,107.924,108.066,107.777,107.84,1076.0
2025-06-03 21:00:00+00:00,107.848,108.309,107.762,108.278,1446.0
2025-06-04 21:00:00+00:00,108.247,108.455,107.921,107.968,2034.0
2025-06-05 21:00:00+00:00,107.96,108.038,107.36,107.399,1931.0
2025-06-08 21:00:00+00:00,107.401,107.605,107.39,107.566,1074.0
2025-06-09 21:00:00+00:00,107.574,107.716,107.504,107.544,1204.0
2025-06-10 21:00:00+00:00,107.552,107.92,107.338,107.85,1584.0
2025-06-11 21:00:00+00:00,107.873,108.24,107.873,108.085,1904.0
2025-06-12 21:00:00+00:00,108.085,108.35,107.742,107.922,3675.0
2025-06-15 21:00:00+00:00,107.847,107.949,107.683,107.809,1563.0
2025-06-16 21:00:00+00:00,107.809,108.117,107.802,107.982,2257.0
2025-06-17 21:00:00+00:00,107.997,108.303,107.923,107.982,2513.0
2025-06-18 21:00:00+00:00,107.959,108.108,107.921,108.062,662.0
2025-06-19 21:00:00+00:00,108.062,108.203,107.828,108.125,1471.0
2025-06-22 21:00:00+00:00,108.136,108.585,108.019,108.348,2471.0
2025-06-23 21:00:00+00:00,108.324,108.629,108.293,108.544,2236.0
2025-06-24 21:00:00+00:00,108.552,108.678,108.412,108.616,1120.0
2025-06-25 21:00:00+00:00,108.631,108.921,108.631,108.898,1916.0
2025-06-26 21:00:00+00:00,108.882,108.883,108.664,108.735,851.0
2025-06-29 21:00:00+00:00,108.706,108.925,108.694,108.878,690.0
2025-06-30 21:00:00+00:00,108.878,109.043,108.584,108.685,2215.0
2025-07-01 21:00:00+00:00,108.693,108.756,108.506,108.561,949.0
2025-07-02 21:00:00+00:00,108.592,108.687,108.031,108.274,3027.0
2025-07-03 21:00:00+00:00,108.282,108.438,108.262,108.338,403.0
2025-07-06 21:00:00+00:00,108.316,108.386,108.122,108.161,693.0
2025-07-07 21:00:00+00:00,108.177,108.185,107.998,108.1,1672.0
2025-07-08 21:00:00+00:00,108.092,108.375,108.022,108.359,886.0
2025-07-09 21:00:00+00:00,108.375,108.398,108.165,108.251,899.0
2025-07-10 21:00:00+00:00,108.251,108.298,107.998,108.08,1162.0
2025-07-13 21:00:00+00:00,108.122,108.149,107.982,108.014,1138.0
2025-07-14 21:00:00+00:00,108.029,108.14,107.741,107.796,2255.0
2025-07-15 21:00:00+00:00,107.78,108.086,107.742,107.992,3549.0
2025-07-16 21:00:00+00:00,108.023,108.102,107.798,108.001,1282.0
2025-07-17 21:00:00+00:00,108.009,108.221,108.009,108.182,1149.0
2025-07-20 21:00:00+00:00,108.161,108.412,108.114,108.31,980.0
2025-07-21 21:00:00+00:00,108.31,108.507,108.241,108.452,434.0
2025-07-22 21:00:00+00:00,108.436,108.444,108.211,108.242,1279.0
2025-07-23 21:00:00+00:00,108.234,108.259,107.978,108.112,1507.0
2025-07-24 21:00:00+00:00,108.104,108.19,108.015,108.12,1032.0
2025-07-27 21:00:00+00:00,108.075,108.217,108.037,108.092,978.0
2025-07-28 21:00:00+00:00,108.084,108.39,108.046,108.39,1404.0
2025-07-29 21:00:00+00:00,108.382,108.422,108.072,108.111,1994.0
2025-07-30 21:00:00+00:00,108.087,108.268,108.026,108.057,1277.0
2025-07-31 21:00:00+00:00,108.049,109.057,107.968,109.011,3323.0
2025-08-03 21:00:00+00:00,109.076,109.124,108.849,109.084,1547.0
2025-08-04 21:00:00+00:00,109.076,109.139,108.906,108.906,1568.0
2025-08-05 21:00:00+00:00,108.921,109.0,108.782,108.923,1118.0
2025-08-06 21:00:00+00:00,108.923,108.994,108.823,108.838,1252.0
2025-08-07 21:00:00+00:00,108.854,108.87,108.66,108.66,746.0
2025-08-10 21:00:00+00:00,108.655,108.764,108.632,108.632,554.0
2025-08-11 21:00:00+00:00,108.64,108.918,108.601,108.719,1597.0
2025-08-12 21:00:00+00:00,108.712,109.033,108.665,108.978,700.0
2025-08-13 21:00:00+00:00,108.978,109.128,108.698,108.737,1121.0
2025-08-14 21:00:00+00:00,108.721,108.824,108.605,108.66,1123.0
2025-08-17 21:00:00+00:00,108.647,108.757,108.531,108.609,445.0
2025-08-18 21:00:00+00:00,108.617,108.727,108.562,108.688,936.0
2025-08-19 21:00:00+00:00,108.696,108.857,108.635,108.76,1051.0
2025-08-20 21:00:00+00:00,108.752,108.768,108.511,108.551,956.0
2025-08-21 21:00:00+00:00,108.582,109.051,108.52,108.981,1832.0
2025-08-24 21:00:00+00:00,108.983,108.984,108.808,108.859,705.0
2025-08-25 21:00:00+00:00,108.875,109.119,108.814,109.095,1305.0
2025-08-26 21:00:00+00:00,109.095,109.299,109.026,109.292,1490.0
2025-08-27 21:00:00+00:00,109.292,109.332,109.153,109.294,810.0
2025-08-28 21:00:00+00:00,109.286,109.373,109.177,109.296,1096.0
2025-08-31 21:00:00+00:00,109.291,109.291,109.189,109.229,190.0
2025-09-01 21:00:00+00:00,109.245,109.246,108.973,109.169,1055.0
2025-09-02 21:00:00+00:00,109.145,109.373,109.014,109.279,791.0
2025-09-03 21:00:00+00:00,109.279,109.499,109.264,109.475,1588.0
2025-09-04 21:00:00+00:00,109.468,109.975,109.46,109.742,2032.0
2025-09-07 21:00:00+00:00,109.706,109.856,109.64,109.848,676.0
2025-09-08 21:00:00+00:00,109.833,109.889,109.593,109.593,1109.0
2025-09-09 21:00:00+00:00,109.562,109.781,109.554,109.664,1143.0
2025-09-10 21:00:00+00:00,109.664,109.984,109.54,109.657,2005.0
2025-09-11 21:00:00+00:00,109.643,109.666,109.456,109.48,787.0
2025-09-14 21:00:00+00:00,109.436,109.663,109.428,109.624,656.0
2025-09-15 21:00:00+00:00,109.617,109.743,109.548,109.712,841.0
2025-09-16 21:00:00+00:00,109.72,109.869,109.402,109.402,1993.0
2025-09-17 21:00:00+00:00,109.394,109.601,109.238,109.371,1504.0
2025-09-18 21:00:00+00:00,109.379,109.388,109.209,109.303,610.0
2025-09-21 21:00:00+00:00,109.314,109.37,109.198,109.199,1004.0
2025-09-22 21:00:00+00:00,109.222,109.34,109.2,109.332,974.0
2025-09-23 21:00:00+00:00,109.364,109.372,109.124,109.131,858.0
2025-09-24 21:00:00+00:00,109.131,109.17,108.828,108.922,962.0
2025-09-25 21:00:00+00:00,108.907,109.008,108.838,108.916,762.0
2025-09-28 21:00:00+00:00,108.926,109.06,108.926,109.029,493.0
2025-09-29 21:00:00+00:00,109.021,109.202,108.984,109.008,1124.0
2025-09-30 21:00:00+00:00,109.012,109.371,108.984,109.329,1285.0
2025-10-01 21:00:00+00:00,109.329,109.368,109.174,109.322,723.0
2025-10-02 21:00:00+00:00,109.322,109.331,109.113,109.121,671.0
2025-10-05 21:00:00+00:00,109.077,109.125,108.984,109.048,655.0
2025-10-06 21:00:00+00:00,109.032,109.228,108.955,109.182,610.0
2025-10-07 21:00:00+00:00,109.182,109.261,109.066,109.129,642.0
2025-10-08 21:00:00+00:00,109.129,109.184,108.997,109.036,664.0
2025-10-09 21:00:00+00:00,109.068,109.529,109.036,109.506,1496.0
2025-10-12 21:00:00+00:00,109.353,109.511,109.318,109.511,455.0
2025-10-13 21:00:00+00:00,109.488,109.706,109.437,109.614,1671.0
2025-10-14 21:00:00+00:00,109.567,109.7,109.497,109.553,441.0
2025-10-15 21:00:00+00:00,109.561,109.913,109.484,109.874,2281.0
2025-10-16 21:00:00+00:00,109.882,110.085,109.649,109.665,1215.0
2025-10-19 21:00:00+00:00,109.606,109.755,109.59,109.748,1040.0
2025-10-20 21:00:00+00:00,109.732,109.874,109.685,109.78,389.0
2025-10-21 21:00:00+00:00,109.788,109.886,109.727,109.813,1485.0
2025-10-22 21:00:00+00:00,109.829,109.848,109.565,109.581,455.0
2025-10-23 21:00:00+00:00,109.588,109.819,109.519,109.597,1960.0
2025-10-26 21:00:00+00:00,109.491,109.618,109.437,109.618,485.0
2025-10-27 21:00:00+00:00,109.61,109.649,109.486,109.596,878.0
2025-10-28 21:00:00+00:00,109.58,109.603,109.117,109.152,1640.0
2025-10-29 21:00:00+00:00,109.152,109.23,108.989,109.115,1534.0
2025-10-30 21:00:00+00:00,109.123,109.249,109.045,109.233,599.0
2025-11-02 22:00:00+00:00,109.228,109.253,109.081,109.106,741.0
2025-11-03 22:00:00+00:00,109.098,109.266,109.09,109.208,372.0
2025-11-04 22:00:00+00:00,109.216,109.364,108.905,108.913,1533.0
2025-11-05 22:00:00+00:00,108.921,109.312,108.921,109.281,750.0
2025-11-06 22:00:00+00:00,109.281,109.423,109.181,109.267,1359.0
2025-11-09 22:00:00+00:00,109.146,109.24,109.06,109.139,623.0
2025-11-10 22:00:00+00:00,109.131,109.39,109.127,109.374,324.0
2025-11-11 22:00:00+00:00,109.351,109.376,109.25,109.322,798.0
2025-11-12 22:00:00+00:00,109.314,109.334,109.127,109.166,599.0
2025-11-13 22:00:00+00:00,109.167,109.448,109.028,109.059,852.0
2025-11-16 22:00:00+00:00,109.062,109.172,109.05,109.072,452.0
2025-11-17 22:00:00+00:00,109.08,109.392,109.056,109.26,1438.0
2025-11-18 22:00:00+00:00,109.252,109.339,109.144,109.152,1209.0
2025-11-19 22:00:00+00:00,109.153,109.443,108.958,109.427,2019.0
2025-11-20 22:00:00+00:00,109.435,109.678,109.349,109.538,2096.0
2025-11-23 22:00:00+00:00,109.51,109.636,109.487,109.629,461.0
2025-11-24 22:00:00+00:00,109.652,109.833,109.554,109.786,2052.0
2025-11-25 22:00:00+00:00,109.747,109.779,109.576,109.745,1579.0
2025-11-26 22:00:00+00:00,109.729,109.749,109.651,109.707,301.0
2025-11-27 22:00:00+00:00,109.699,109.743,109.563,109.606,1654.0
2025-11-30 22:00:00+00:00,109.575,109.669,109.318,109.357,1123.0
2025-12-01 22:00:00+00:00,109.349,109.428,109.256,109.389,199.0
2025-12-02 22:00:00+00:00,109.389,109.609,109.389,109.507,809.0
2025-12-03 22:00:00+00:00,109.507,109.507,109.25,109.321,640.0
2025-12-04 22:00:00+00:00,109.321,109.36,109.103,109.126,295.0
2025-12-07 22:00:00+00:00,109.097,109.175,108.848,108.981,513.0
2025-12-08 22:00:00+00:00,108.989,109.067,108.794,108.794,892.0
2025-12-09 22:00:00+00:00,108.794,109.116,108.718,109.053,2342.0
2025-12-10 22:00:00+00:00,109.069,109.296,109.039,109.054,1226.0
2025-12-11 22:00:00+00:00,109.07,109.125,108.953,109.016,338.0
2025-12-14 22:00:00+00:00,109.01,109.206,108.998,109.112,243.0
2025-12-15 22:00:00+00:00,109.12,109.374,109.058,109.238,1656.0
2025-12-16 22:00:00+00:00,109.246,109.247,109.114,109.231,737.0
2025-12-17 22:00:00+00:00,109.231,109.598,109.231,109.388,1521.0
2025-12-18 22:00:00+00:00,109.357,109.373,109.224,109.241,188.0
2025-12-21 22:00:00+00:00,109.234,109.25,109.118,109.157,235.0
2025-12-22 22:00:00+00:00,109.149,109.228,108.924,109.049,583.0
2025-12-23 22:00:00+00:00,109.056,109.198,109.034,109.198,464.0
2025-12-25 22:00:00+00:00,109.199,109.34,109.129,109.278,468.0
2025-12-28 22:00:00+00:00,109.234,109.398,109.234,109.382,194.0
2025-12-29 22:00:00+00:00,109.375,109.422,109.274,109.352,380.0
2025-12-30 22:00:00+00:00,109.352,109.423,109.126,109.15,517.0
2026-01-01 22:00:00+00:00,109.127,109.214,109.05,109.066,500.0
2026-01-04 22:00:00+00:00,109.075,109.28,109.068,109.233,789.0
2026-01-05 22:00:00+00:00,109.217,109.249,109.089,109.194,835.0
2026-01-06 22:00:00+00:00,109.187,109.359,109.187,109.227,1190.0
2026-01-07 22:00:00+00:00,109.219,109.328,109.063,109.111,504.0
2026-01-08 22:00:00+00:00,109.126,109.134,108.861,108.994,1888.0
2026-01-11 22:00:00+00:00,108.956,109.105,108.864,108.989,1074.0
2026-01-12 22:00:00+00:00,108.981,109.173,108.888,109.013,1368.0
2026-01-13 22:00:00+00:00,109.005,109.209,108.998,109.17,514.0
2026-01-14 22:00:00+00:00,109.178,109.178,108.906,108.914,720.0
2026-01-15 22:00:00+00:00,108.914,108.96,108.657,108.704,521.0
2026-01-18 22:00:00+00:00,108.792,108.815,108.644,108.66,529.0
2026-01-19 22:00:00+00:00,108.652,108.691,108.496,108.544,956.0
2026-01-20 22:00:00+00:00,108.567,108.693,108.559,108.693,569.0
2026-01-21 22:00:00+00:00,108.685,108.724,108.513,108.584,1204.0
2026-01-22 22:00:00+00:00,108.6,108.67,108.522,108.67,511.0
2026-01-25 22:00:00+00:00,108.712,108.783,108.642,108.705,757.0
2026-01-26 22:00:00+00:00,108.697,108.8,108.628,108.698,550.0
2026-01-27 22:00:00+00:00,108.698,108.776,108.578,108.714,989.0
2026-01-28 22:00:00+00:00,108.722,108.863,108.629,108.778,1205.0
2026-01-29 22:00:00+00:00,108.778,108.895,108.669,108.895,1333.0
2026-02-01 22:00:00+00:00,108.882,109.046,108.672,108.687,1137.0
2026-02-02 22:00:00+00:00,108.687,108.734,108.587,108.712,635.0
2026-02-03 22:00:00+00:00,108.712,108.791,108.611,108.72,1471.0
2026-02-04 22:00:00+00:00,108.72,109.206,108.697,109.198,1602.0
2026-02-05 22:00:00+00:00,109.226,109.331,108.972,109.035,1105.0
2026-02-08 22:00:00+00:00,108.943,109.115,108.885,109.092,1008.0
2026-02-09 22:00:00+00:00,109.084,109.335,109.084,109.265,665.0
2026-02-10 22:00:00+00:00,109.272,109.336,108.891,109.062,1668.0
2026-02-11 22:00:00+00:00,109.086,109.446,109.062,109.423,900.0
2026-02-12 22:00:00+00:00,109.431,109.682,109.314,109.65,1527.0
2026-02-15 22:00:00+00:00,109.606,109.738,109.582,109.676,248.0
2026-02-16 22:00:00+00:00,109.684,109.81,109.56,109.583,1132.0
2026-02-17 22:00:00+00:00,109.583,109.614,109.428,109.451,904.0
2026-02-18 22:00:00+00:00,109.467,109.53,109.351,109.499,761.0
2026-02-19 22:00:00+00:00,109.491,109.57,109.336,109.461,1848.0
2026-02-22 22:00:00+00:00,109.463,109.792,109.432,109.722,926.0
2026-02-23 22:00:00+00:00,109.738,109.745,109.605,109.676,668.0
2026-02-24 22:00:00+00:00,109.676,109.7,109.543,109.562,955.0
2026-02-25 22:00:00+00:00,109.57,109.797,109.562,109.797,915.0
2026-02-26 22:00:00+00:00,109.813,110.102,109.813,110.094,894.0
2026-03-01 22:00:00+00:00,110.208,110.208,109.455,109.596,2589.0
2026-03-02 22:00:00+00:00,109.596,109.643,109.105,109.472,2662.0
2026-03-03 22:00:00+00:00,109.456,109.527,109.253,109.254,1811.0
2026-03-04 22:00:00+00:00,109.27,109.293,108.989,109.059,2547.0
2026-03-05 22:00:00+00:00,109.09,109.286,108.826,109.06,4215.0
2026-03-08 21:00:00+00:00,108.881,109.272,108.717,109.272,3810.0
2026-03-09 21:00:00+00:00,109.268,109.328,109.007,109.007,3018.0
2026-03-10 21:00:00+00:00,109.023,109.124,108.727,108.727,1885.0
2026-03-11 21:00:00+00:00,108.735,108.828,108.33,108.408,3093.0
2026-03-12 21:00:00+00:00,108.4,108.634,108.337,108.478,1630.0
2026-03-15 21:00:00+00:00,108.472,108.754,108.41,108.754,1533.0
2026-03-16 21:00:00+00:00,108.738,108.878,108.621,108.77,1122.0
2026-03-17 21:00:00+00:00,108.762,108.918,108.332,108.372,1383.0
2026-03-18 21:00:00+00:00,108.387,108.443,107.849,108.334,5868.0
2026-03-19 21:00:00+00:00,108.349,108.388,107.663,107.756,3679.0
2026-03-22 21:00:00+00:00,107.562,108.156,107.313,107.954,9370.0
2026-03-23 21:00:00+00:00,107.95,108.016,107.501,107.813,5690.0
2026-03-24 21:00:00+00:00,107.813,108.079,107.813,107.916,3594.0
2026-03-25 21:00:00+00:00,107.908,107.908,107.37,107.448,2151.0
2026-03-26 21:00:00+00:00,107.456,107.643,107.221,107.581,1755.0
2026-03-29 21:00:00+00:00,107.566,108.09,107.566,107.958,2286.0
2026-03-30 21:00:00+00:00,107.973,108.325,107.919,108.114,4165.0
2026-03-31 21:00:00+00:00,108.138,108.403,108.021,108.084,2167.0
2026-04-01 21:00:00+00:00,108.092,108.216,107.787,108.092,1984.0
2026-04-02 21:00:00+00:00,108.076,108.155,107.757,107.897,971.0
2026-04-05 21:00:00+00:00,107.906,108.012,107.774,107.923,1497.0
2026-04-06 21:00:00+00:00,107.915,108.157,107.759,108.157,3085.0
2026-04-07 21:00:00+00:00,108.227,108.518,108.174,108.197,4330.0
2026-04-08 21:00:00+00:00,108.213,108.4,108.119,108.306,2144.0
2026-04-09 21:00:00+00:00,108.314,108.413,108.096,108.12,1654.0
2026-04-12 21:00:00+00:00,107.941,108.294,107.902,108.266,1755.0
2026-04-13 21:00:00+00:00,108.27,108.481,108.212,108.466,1583.0
2026-04-14 21:00:00+00:00,108.474,108.501,108.264,108.334,1011.0
2026-04-15 21:00:00+00:00,108.35,108.443,108.226,108.233,1208.0
2026-04-16 21:00:00+00:00,108.233,108.686,108.21,108.562,1901.0
2026-04-19 21:00:00+00:00,108.375,108.571,108.371,108.509,1143.0
2026-04-20 21:00:00+00:00,108.509,108.564,108.15,108.26,1570.0
2026-04-21 21:00:00+00:00,108.268,108.408,108.166,108.19,1419.0
2026-04-22 21:00:00+00:00,108.197,108.261,107.952,108.034,2927.0
2026-04-23 21:00:00+00:00,108.034,108.276,107.972,108.253,2815.0
2026-04-26 21:00:00+00:00,108.177,108.239,108.068,108.13,1308.0
2026-04-27 21:00:00+00:00,108.13,108.161,107.912,108.006,1821.0
2026-04-28 21:00:00+00:00,107.982,108.037,107.53,107.562,2603.0
2026-04-29 21:00:00+00:00,107.554,107.898,107.546,107.866,2431.0
2026-04-30 21:00:00+00:00,107.858,108.015,107.727,107.82,1832.0
2026-05-03 21:00:00+00:00,107.9,107.931,107.376,107.526,2640.0
2026-05-04 21:00:00+00:00,107.526,107.674,107.502,107.541,985.0
2026-05-05 21:00:00+00:00,107.557,108.002,107.541,107.894,1825.0
2026-05-06 21:00:00+00:00,107.91,108.112,107.667,107.714,1596.0
2026-05-07 21:00:00+00:00,107.683,107.918,107.645,107.864,1843.0
2026-05-10 21:00:00+00:00,107.763,107.763,107.569,107.569,476.0
2026-05-11 21:00:00+00:00,107.584,107.584,107.342,107.35,1987.0
2026-05-12 21:00:00+00:00,107.35,107.414,107.202,107.374,1442.0
2026-05-13 21:00:00+00:00,107.39,107.523,107.21,107.211,1354.0
2026-05-14 21:00:00+00:00,107.204,107.227,106.766,106.79,1254.0
2026-05-17 21:00:00+00:00,106.751,106.963,106.659,106.893,3401.0
2026-05-18 21:00:00+00:00,106.924,106.928,106.393,106.511,2514.0
2026-05-19 21:00:00+00:00,106.527,107.027,106.464,106.863,2878.0
2026-05-20 21:00:00+00:00,106.886,106.965,106.606,106.864,3676.0
2026-05-21 21:00:00+00:00,106.872,107.028,106.684,106.84,2405.0
2026-05-24 21:00:00+00:00,107.013,107.217,107.013,107.217,544.0
2026-05-25 21:00:00+00:00,107.202,107.202,106.991,107.164,1428.0
2026-05-26 21:00:00+00:00,107.164,107.328,107.105,107.148,3292.0
2026-05-27 21:00:00+00:00,107.148,107.371,106.917,107.257,2633.0
2026-05-28 21:00:00+00:00,107.264,107.405,107.202,107.319,2078.0
2026-05-31 21:00:00+00:00,107.231,107.255,106.919,107.2,2202.0
2026-06-01 21:00:00+00:00,107.208,107.34,107.129,107.176,1570.0
2026-06-02 21:00:00+00:00,107.176,107.176,106.926,106.964,1629.0
2026-06-03 21:00:00+00:00,106.957,107.237,106.949,107.112,916.0
2026-06-04 21:00:00+00:00,107.104,107.221,106.595,106.72,1821.0
2026-06-07 21:00:00+00:00,106.602,106.829,106.469,106.632,2268.0
2026-06-08 21:00:00+00:00,106.64,106.859,106.578,106.836,1424.0
2026-06-09 21:00:00+00:00,106.812,106.898,106.663,106.678,1799.0
2026-06-10 21:00:00+00:00,106.67,107.202,106.569,107.108,3085.0
2026-06-11 21:00:00+00:00,107.132,107.256,106.912,106.99,2140.0
2026-06-14 21:00:00+00:00,107.215,107.317,107.075,107.082,865.0
2026-06-15 21:00:00+00:00,107.082,107.3,107.059,107.191,864.0
2026-06-16 21:00:00+00:00,107.199,107.261,106.651,106.76,3781.0
2026-06-17 21:00:00+00:00,106.752,107.065,106.713,106.885,1974.0
